eid,f,m,layer,t_start,t_end,long,start_year,end_year
0,941,9,s,-1,0.0,False,1980.0,1980.0
1,732,781,s,-1,1.0,False,1980.0,1980.25
2,207,694,s,-1,5.0,False,1980.0,1981.25
3,732,750,s,-1,14.0,False,1980.0,1983.5
4,301,267,s,-1,0.0,False,1980.0,1980.0
5,512,201,s,-1,7.0,False,1980.0,1981.75
6,589,404,s,-1,4.0,False,1980.0,1981.0
7,949,538,s,-1,0.0,False,1980.0,1980.0
8,541,391,s,-1,0.0,False,1980.0,1980.0
9,44,982,s,-1,0.0,False,1980.0,1980.0
10,206,338,s,-1,0.0,False,1980.0,1980.0
11,670,665,s,-1,7.0,False,1980.0,1981.75
12,111,244,s,-1,3.0,False,1980.0,1980.75
13,804,314,s,-1,0.0,False,1980.0,1980.0
14,107,680,s,-1,4.0,False,1980.0,1981.0
15,194,257,s,-1,0.0,False,1980.0,1980.0
16,573,358,s,-1,2.0,False,1980.0,1980.5
17,731,985,s,-1,11.0,False,1980.0,1982.75
18,215,887,s,-1,1.0,False,1980.0,1980.25
19,328,493,s,-1,9.0,False,1980.0,1982.25
20,430,775,s,-1,0.0,False,1980.0,1980.0
21,437,217,s,-1,0.0,False,1980.0,1980.0
22,486,400,s,-1,0.0,False,1980.0,1980.0
23,832,136,s,-1,0.0,False,1980.0,1980.0
24,44,125,s,-1,0.0,False,1980.0,1980.0
25,93,86,s,-1,2.0,False,1980.0,1980.5
26,803,124,s,-1,0.0,False,1980.0,1980.0
27,846,319,s,-1,0.0,False,1980.0,1980.0
28,970,83,s,-1,1.0,False,1980.0,1980.25
29,731,499,s,-1,1.0,False,1980.0,1980.25
30,953,302,s,-1,21.0,False,1980.0,1985.25
31,977,9,s,-1,3.0,False,1980.0,1980.75
32,292,156,s,-1,2.0,False,1980.0,1980.5
33,804,288,s,-1,0.0,False,1980.0,1980.0
34,859,392,s,-1,1.0,False,1980.0,1980.25
35,107,202,s,-1,4.0,False,1980.0,1981.0
36,227,284,s,-1,0.0,False,1980.0,1980.0
37,917,932,s,-1,3.0,False,1980.0,1980.75
38,264,344,s,-1,0.0,False,1980.0,1980.0
39,674,145,s,-1,0.0,False,1980.0,1980.0
40,62,491,s,-1,0.0,False,1980.0,1980.0
41,463,136,s,-1,0.0,False,1980.0,1980.0
42,526,131,s,-1,0.0,False,1980.0,1980.0
43,862,367,s,-1,0.0,False,1980.0,1980.0
44,880,650,s,-1,8.0,False,1980.0,1982.0
45,949,617,s,-1,0.0,False,1980.0,1980.0
46,363,405,s,-1,1.0,False,1980.0,1980.25
47,732,665,s,-1,1.0,False,1980.0,1980.25
48,770,408,s,-1,0.0,False,1980.0,1980.0
49,862,49,s,-1,0.0,False,1980.0,1980.0
50,466,499,s,-1,1.0,False,1980.0,1980.25
51,479,493,s,-1,0.0,False,1980.0,1980.0
52,520,405,s,-1,0.0,False,1980.0,1980.0
53,725,384,s,-1,0.0,False,1980.0,1980.0
54,885,22,s,-1,0.0,False,1980.0,1980.0
55,62,37,s,-1,4.0,False,1980.0,1981.0
56,102,961,s,-1,0.0,False,1980.0,1980.0
57,157,391,s,-1,0.0,False,1980.0,1980.0
58,977,325,s,-1,2.0,False,1980.0,1980.5
59,301,538,s,-1,2.0,False,1980.0,1980.5
60,376,37,s,-1,3.0,False,1980.0,1980.75
61,570,404,s,-1,2.0,False,1980.0,1980.5
62,753,86,s,-1,0.0,False,1980.0,1980.0
63,774,755,s,-1,4.0,False,1980.0,1981.0
64,355,4,s,-1,0.0,False,1980.0,1980.0
65,434,491,s,-1,0.0,False,1980.0,1980.0
66,494,750,s,-1,13.0,False,1980.0,1983.25
67,518,50,s,-1,3.0,False,1980.0,1980.75
68,674,125,s,-1,0.0,False,1980.0,1980.0
69,949,537,s,-1,0.0,False,1980.0,1980.0
70,525,956,s,-1,6.0,False,1980.0,1981.5
71,623,369,s,-1,0.0,False,1980.0,1980.0
72,917,202,s,-1,1.0,False,1980.0,1980.25
73,11,35,s,-1,0.0,False,1980.0,1980.0
74,112,369,s,-1,4.0,False,1980.0,1981.0
75,316,493,s,-1,15.0,False,1980.0,1983.75
76,573,898,s,-1,1.0,False,1980.0,1980.25
77,639,331,s,-1,0.0,False,1980.0,1980.0
78,936,628,s,-1,12.0,False,1980.0,1983.0
79,581,51,s,-1,0.0,False,1980.0,1980.0
80,804,83,s,-1,0.0,False,1980.0,1980.0
81,804,162,s,-1,0.0,False,1980.0,1980.0
82,916,564,s,-1,5.0,False,1980.0,1981.25
83,437,693,s,-1,0.0,False,1980.0,1980.0
84,513,538,s,-1,0.0,False,1980.0,1980.0
85,639,538,s,-1,0.0,False,1980.0,1980.0
86,736,90,s,-1,7.0,False,1980.0,1981.75
87,855,88,s,-1,5.0,False,1980.0,1981.25
88,882,90,s,-1,0.0,False,1980.0,1980.0
89,957,750,s,-1,0.0,False,1980.0,1980.0
90,988,217,s,-1,0.0,False,1980.0,1980.0
91,381,405,s,-1,5.0,False,1980.0,1981.25
92,486,665,s,-1,6.0,False,1980.0,1981.5
93,660,890,s,-1,3.0,False,1980.0,1980.75
94,764,433,s,-1,13.0,False,1980.0,1983.25
95,792,435,s,-1,0.0,False,1980.0,1980.0
96,388,839,s,-1,0.0,False,1980.0,1980.0
97,560,199,s,-1,0.0,False,1980.0,1980.0
98,566,633,s,-1,1.0,False,1980.0,1980.25
99,832,282,s,-1,0.0,False,1980.0,1980.0
100,893,811,s,-1,0.0,False,1980.0,1980.0
101,39,405,s,-1,0.0,False,1980.0,1980.0
102,68,114,s,-1,0.0,False,1980.0,1980.0
103,119,685,s,-1,4.0,False,1980.0,1981.0
104,232,50,s,-1,1.0,False,1980.0,1980.25
105,355,470,s,-1,0.0,False,1980.0,1980.0
106,460,396,s,-1,0.0,False,1980.0,1980.0
107,512,162,s,-1,9.0,False,1980.0,1982.25
108,804,156,s,-1,0.0,False,1980.0,1980.0
109,869,499,s,-1,1.0,False,1980.0,1980.25
110,11,408,s,-1,0.0,False,1980.0,1980.0
111,62,162,s,-1,11.0,False,1980.0,1982.75
112,264,538,s,-1,5.0,False,1980.0,1981.25
113,301,145,s,-1,3.0,False,1980.0,1980.75
114,355,811,s,-1,4.0,False,1980.0,1981.0
115,666,50,s,-1,0.0,False,1980.0,1980.0
116,711,945,s,-1,5.0,False,1980.0,1981.25
117,756,391,s,-1,0.0,False,1980.0,1980.0
118,848,389,s,-1,0.0,False,1980.0,1980.0
119,881,620,s,-1,3.0,False,1980.0,1980.75
120,62,29,s,-1,4.0,False,1980.0,1981.0
121,62,294,s,-1,9.0,False,1980.0,1982.25
122,133,131,s,-1,0.0,False,1980.0,1980.0
123,141,985,s,-1,2.0,False,1980.0,1980.5
124,226,491,s,-1,0.0,False,1980.0,1980.0
125,337,284,s,-1,0.0,False,1980.0,1980.0
126,473,948,s,-1,2.0,False,1980.0,1980.5
127,804,318,s,-1,0.0,False,1980.0,1980.0
128,840,616,s,-1,0.0,False,1980.0,1980.0
129,875,124,s,-1,0.0,False,1980.0,1980.0
130,881,176,s,-1,2.0,False,1980.0,1980.5
131,936,167,s,-1,3.0,False,1980.0,1980.75
132,143,160,s,-1,0.0,False,1980.0,1980.0
133,155,602,s,-1,0.0,False,1980.0,1980.0
134,157,124,s,-1,3.0,False,1980.0,1980.75
135,207,656,s,-1,0.0,False,1980.0,1980.0
136,361,114,s,-1,4.0,False,1980.0,1981.0
137,434,830,s,-1,0.0,False,1980.0,1980.0
138,472,189,s,-1,4.0,False,1980.0,1981.0
139,581,338,s,-1,0.0,False,1980.0,1980.0
140,726,136,s,-1,0.0,False,1980.0,1980.0
141,803,632,s,-1,0.0,False,1980.0,1980.0
142,958,519,s,-1,0.0,False,1980.0,1980.0
143,970,491,s,-1,0.0,False,1980.0,1980.0
144,66,943,s,-1,2.0,False,1980.0,1980.5
145,207,405,s,-1,22.0,False,1980.0,1985.5
146,292,5,s,-1,6.0,False,1980.0,1981.5
147,472,713,s,-1,0.0,False,1980.0,1980.0
148,647,985,s,-1,11.0,False,1980.0,1982.75
149,718,656,s,-1,0.0,False,1980.0,1980.0
150,732,371,s,-1,5.0,False,1980.0,1981.25
151,849,751,s,-1,4.0,False,1980.0,1981.0
152,916,294,s,-1,10.0,False,1980.0,1982.5
153,919,78,s,-1,4.0,False,1980.0,1981.0
154,944,391,s,-1,2.0,False,1980.0,1980.5
155,42,136,l,-1,0.0,True,1980.0,1980.0
156,68,100,l,-1,68.0,True,1980.0,1997.0
157,93,84,l,-1,16.0,True,1980.0,1984.0
158,140,568,l,-1,88.0,True,1980.0,2002.0
159,355,692,l,-1,49.0,True,1980.0,1992.25
160,365,694,l,-1,13.0,True,1980.0,1983.25
161,422,632,l,-1,45.0,True,1980.0,1991.25
162,497,499,l,-1,148.0,True,1980.0,2017.0
163,511,671,l,-1,0.0,True,1980.0,1980.0
164,560,29,l,-1,4.0,True,1980.0,1981.0
165,581,187,l,-1,0.0,True,1980.0,1980.0
166,638,153,l,-1,9.0,True,1980.0,1982.25
167,699,491,l,-1,0.0,True,1980.0,1980.0
168,804,712,l,-1,0.0,True,1980.0,1980.0
169,804,972,l,-1,0.0,True,1980.0,1980.0
170,916,493,l,-1,77.0,True,1980.0,1999.25
171,926,86,l,-1,0.0,True,1980.0,1980.0
172,958,627,l,-1,4.0,True,1980.0,1981.0
173,988,724,l,-1,1.0,True,1980.0,1980.25
174,66,209,l,-1,10.0,True,1980.0,1982.5
175,776,325,l,-1,16.0,True,1980.0,1984.0
176,73,820,l,-1,29.0,True,1980.0,1987.25
177,732,288,l,-1,5.0,True,1980.0,1981.25
178,788,665,l,-1,25.0,True,1980.0,1986.25
179,803,125,l,-1,0.0,True,1980.0,1980.0
180,508,945,l,-1,23.0,True,1980.0,1985.75
181,988,552,l,-1,0.0,True,1980.0,1980.0
182,463,244,l,-1,4.0,True,1980.0,1981.0
183,977,81,l,-1,4.0,True,1980.0,1981.0
184,44,650,l,-1,129.0,True,1980.0,2012.25
185,725,602,l,-1,92.0,True,1980.0,2003.0
186,372,747,l,-1,44.0,True,1980.0,1991.0
187,803,202,l,-1,0.0,True,1980.0,1980.0
188,926,686,l,-1,0.0,True,1980.0,1980.0
189,112,405,l,-1,6.0,True,1980.0,1981.5
190,560,810,l,-1,0.0,True,1980.0,1980.0
191,928,338,l,-1,1.0,True,1980.0,1980.25
192,736,956,l,-1,36.0,True,1980.0,1989.0
193,512,979,l,-1,0.0,True,1980.0,1980.0
194,922,58,l,-1,37.0,True,1980.0,1989.25
195,66,675,l,-1,104.0,True,1980.0,2006.0
196,301,536,l,-1,0.0,True,1980.0,1980.0
197,863,499,l,-1,11.0,True,1980.0,1982.75
198,276,969,l,-1,0.0,True,1980.0,1980.0
199,807,733,l,-1,36.0,True,1980.0,1989.0
200,363,844,l,-1,14.0,True,1980.0,1983.5
201,511,158,l,-1,0.0,True,1980.0,1980.0
202,141,890,l,-1,143.0,True,1980.0,2015.75
203,896,686,l,-1,0.0,True,1980.0,1980.0
204,316,371,l,-1,112.0,True,1980.0,2008.0
205,476,489,l,-1,50.0,True,1980.0,1992.5
206,804,900,l,-1,0.0,True,1980.0,1980.0
207,277,368,l,-1,12.0,True,1980.0,1983.0
208,917,396,l,-1,0.0,True,1980.0,1980.0
209,917,786,l,-1,156.0,True,1980.0,2019.0
210,832,985,l,-1,12.0,True,1980.0,1983.0
211,916,891,l,-1,0.0,True,1980.0,1980.0
212,896,728,l,-1,0.0,True,1980.0,1980.0
213,501,665,l,-1,54.0,True,1980.0,1993.5
214,512,125,l,-1,4.0,True,1980.0,1981.0
215,666,961,l,-1,0.0,True,1980.0,1980.0
216,859,767,l,-1,2.0,True,1980.0,1980.5
217,119,996,l,-1,64.0,True,1980.0,1996.0
218,936,763,l,-1,3.0,True,1980.0,1980.75
219,955,290,l,-1,16.0,True,1980.0,1984.0
220,511,90,l,-1,97.0,True,1980.0,2004.25
221,776,41,l,-1,8.0,True,1980.0,1982.0
222,140,240,l,-1,0.0,True,1980.0,1980.0
223,917,557,l,-1,3.0,True,1980.0,1980.75
224,479,499,l,-1,0.0,True,1980.0,1980.0
225,474,451,l,-1,8.0,True,1980.0,1982.0
226,575,217,l,-1,33.0,True,1980.0,1988.25
227,581,996,l,-1,0.0,True,1980.0,1980.0
228,194,88,l,-1,0.0,True,1980.0,1980.0
229,553,86,l,-1,76.0,True,1980.0,1999.0
230,289,502,l,-1,21.0,True,1980.0,1985.25
231,226,125,l,-1,4.0,True,1980.0,1981.0
232,529,90,l,-1,112.0,True,1980.0,2008.0
233,666,282,l,-1,0.0,True,1980.0,1980.0
234,379,80,l,-1,0.0,True,1980.0,1980.0
235,612,421,l,-1,0.0,True,1980.0,1980.0
236,978,347,l,-1,4.0,True,1980.0,1981.0
237,949,994,l,-1,0.0,True,1980.0,1980.0
238,884,668,l,-1,0.0,True,1980.0,1980.0
239,339,877,l,-1,0.0,True,1980.0,1980.0
240,541,29,l,-1,4.0,True,1980.0,1981.0
241,361,488,l,-1,4.0,True,1980.0,1981.0
242,792,80,l,-1,0.0,True,1980.0,1980.0
243,944,284,l,-1,0.0,True,1980.0,1980.0
244,458,546,l,-1,0.0,True,1980.0,1980.0
245,885,693,l,-1,153.0,True,1980.0,2018.25
246,264,656,l,-1,0.0,True,1980.0,1980.0
247,135,898,l,-1,148.0,True,1980.0,2017.0
248,848,945,l,-1,8.0,True,1980.0,1982.0
249,490,956,l,-1,64.0,True,1980.0,1996.0
250,872,694,l,-1,134.0,True,1980.0,2013.5
251,699,713,l,-1,0.0,True,1980.0,1980.0
252,804,448,l,-1,0.0,True,1980.0,1980.0
253,437,396,l,-1,0.0,True,1980.0,1980.0
254,941,694,l,-1,0.0,True,1980.0,1980.0
255,366,145,l,-1,14.0,True,1980.0,1983.5
256,494,822,l,-1,13.0,True,1980.0,1983.25
257,597,29,l,-1,4.0,True,1980.0,1981.0
258,953,158,l,-1,0.0,True,1980.0,1980.0
259,232,685,l,-1,48.0,True,1980.0,1992.0
260,881,628,l,-1,90.0,True,1980.0,2002.5
261,833,713,l,-1,0.0,True,1980.0,1980.0
262,12,187,l,-1,0.0,True,1980.0,1980.0
263,12,996,l,-1,0.0,True,1980.0,1980.0
264,699,244,l,-1,4.0,True,1980.0,1981.0
265,94,358,l,-1,4.0,True,1980.0,1981.0
266,674,456,l,-1,15.0,True,1980.0,1983.75
267,980,861,l,-1,16.0,True,1980.0,1984.0
268,953,189,l,-1,63.0,True,1980.0,1995.75
269,851,536,l,-1,0.0,True,1980.0,1980.0
270,872,110,l,-1,48.0,True,1980.0,1992.0
271,756,932,l,-1,122.0,True,1980.0,2010.5
272,875,898,l,-1,44.0,True,1980.0,1991.0
273,591,669,l,-1,8.0,True,1980.0,1982.0
274,849,123,l,-1,56.0,True,1980.0,1994.0
275,869,891,l,-1,9.0,True,1980.0,1982.25
276,372,669,l,-1,8.0,True,1980.0,1982.0
277,732,124,l,-1,58.0,True,1980.0,1994.5
278,803,620,l,-1,0.0,True,1980.0,1980.0
279,434,288,l,-1,0.0,True,1980.0,1980.0
280,492,669,l,-1,4.0,True,1980.0,1981.0
281,804,579,l,-1,0.0,True,1980.0,1980.0
282,40,371,l,-1,5.0,True,1980.0,1981.25
283,955,973,l,-1,8.0,True,1980.0,1982.0
284,609,125,l,-1,4.0,True,1980.0,1981.0
285,718,876,l,-1,63.0,True,1980.0,1995.75
286,863,110,l,-1,48.0,True,1980.0,1992.0
287,936,90,l,-1,5.0,True,1980.0,1981.25
288,111,563,l,-1,0.0,True,1980.0,1980.0
289,355,424,l,-1,26.0,True,1980.0,1986.5
290,652,493,l,-1,88.0,True,1980.0,2002.0
291,926,100,l,-1,0.0,True,1980.0,1980.0
292,135,405,l,-1,22.0,True,1980.0,1985.5
293,163,752,l,-1,72.0,True,1980.0,1998.0
294,565,900,l,-1,0.0,True,1980.0,1980.0
295,151,83,l,-1,1.0,True,1980.0,1980.25
296,305,199,l,-1,0.0,True,1980.0,1980.0
297,194,136,l,-1,0.0,True,1980.0,1980.0
298,232,751,l,-1,38.0,True,1980.0,1989.5
299,764,746,l,-1,44.0,True,1980.0,1991.0
300,96,282,l,-1,32.0,True,1980.0,1988.0
301,895,41,l,-1,8.0,True,1980.0,1982.0
302,434,22,l,-1,0.0,True,1980.0,1980.0
303,73,88,l,-1,8.0,True,1980.0,1982.0
304,472,314,l,-1,4.0,True,1980.0,1981.0
305,508,371,l,-1,95.0,True,1980.0,2003.75
306,194,314,l,-1,0.0,True,1980.0,1980.0
307,623,712,l,-1,0.0,True,1980.0,1980.0
308,919,495,l,-1,23.0,True,1980.0,1985.75
309,556,628,l,-1,11.0,True,1980.0,1982.75
310,511,257,l,-1,0.0,True,1980.0,1980.0
311,875,131,l,-1,0.0,True,1980.0,1980.0
312,949,380,l,-1,0.0,True,1980.0,1980.0
313,235,713,l,-1,0.0,True,1980.0,1980.0
314,532,656,l,-1,0.0,True,1980.0,1980.0
315,732,189,l,-1,64.0,True,1980.0,1996.0
316,623,114,l,-1,0.0,True,1980.0,1980.0
317,48,585,l,-1,123.0,True,1980.0,2010.75
318,917,158,l,-1,0.0,True,1980.0,1980.0
319,941,347,l,-1,0.0,True,1980.0,1980.0
320,732,890,l,-1,63.0,True,1980.0,1995.75
321,573,32,l,-1,28.0,True,1980.0,1987.0
322,437,284,l,-1,0.0,True,1980.0,1980.0
323,846,367,l,-1,0.0,True,1980.0,1980.0
324,44,900,l,-1,0.0,True,1980.0,1980.0
325,206,187,l,-1,0.0,True,1980.0,1980.0
326,508,762,l,-1,177.0,True,1980.0,2024.25
327,264,314,l,-1,19.0,True,1980.0,1984.75
328,832,948,l,-1,22.0,True,1980.0,1985.5
329,777,890,l,-1,49.0,True,1980.0,1992.25
330,623,782,l,-1,0.0,True,1980.0,1980.0
331,226,25,l,-1,20.0,True,1980.0,1985.0
332,246,749,l,-1,2.0,True,1980.0,1980.5
333,514,100,l,-1,0.0,True,1980.0,1980.0
334,105,680,l,-1,4.0,True,1980.0,1981.0
335,736,86,l,-1,4.0,True,1980.0,1981.0
336,770,131,l,-1,0.0,True,1980.0,1980.0
337,919,176,l,-1,128.0,True,1980.0,2012.0
338,137,131,l,-1,0.0,True,1980.0,1980.0
339,472,50,l,-1,4.0,True,1980.0,1981.0
340,936,964,l,-1,52.0,True,1980.0,1993.0
341,476,257,l,-1,0.0,True,1980.0,1980.0
342,93,308,l,-1,37.0,True,1980.0,1989.25
343,289,338,l,-1,53.0,True,1980.0,1993.25
344,914,265,l,-1,0.0,True,1980.0,1980.0
345,479,985,l,-1,13.0,True,1980.0,1983.25
346,515,887,l,-1,16.0,True,1980.0,1984.0
347,48,78,l,-1,14.0,True,1980.0,1983.5
348,339,32,l,-1,0.0,True,1980.0,1980.0
349,434,790,l,-1,0.0,True,1980.0,1980.0
350,68,779,s,0,6.0,False,1980.0,1981.5
351,68,1053,s,0,27.0,False,1980.0,1986.75
352,515,125,s,0,4.0,False,1980.0,1981.0
353,529,217,s,0,10.0,False,1980.0,1982.5
354,638,86,s,0,1.0,False,1980.0,1980.25
355,859,124,s,0,0.0,False,1980.0,1980.0
356,988,85,s,0,1.0,False,1980.0,1980.25
357,991,202,s,0,8.0,False,1980.0,1982.0
358,1136,568,s,0,5.0,False,1980.0,1981.25
359,28,100,s,0,7.0,False,1980.0,1981.75
360,112,370,s,0,4.0,False,1980.0,1981.0
361,141,41,s,0,2.0,False,1980.0,1980.5
362,292,602,s,0,10.0,False,1980.0,1982.5
363,511,371,s,0,2.0,False,1980.0,1980.5
364,529,750,s,0,2.0,False,1980.0,1980.5
365,542,1048,s,0,1.0,False,1980.0,1980.25
366,594,302,s,0,5.0,False,1980.0,1981.25
367,638,820,s,0,4.0,False,1980.0,1981.0
368,884,144,s,0,2.0,False,1980.0,1980.5
369,966,730,s,0,6.0,False,1980.0,1981.5
370,967,830,s,0,2.0,False,1980.0,1980.5
371,1122,686,s,0,3.0,False,1980.0,1980.75
372,1126,1065,s,0,4.0,False,1980.0,1981.0
373,3,593,s,0,9.0,False,1980.0,1982.25
374,226,22,s,0,4.0,False,1980.0,1981.0
375,355,408,s,0,3.0,False,1980.0,1980.75
376,355,633,s,0,2.0,False,1980.0,1980.5
377,472,41,s,0,1.0,False,1980.0,1980.25
378,529,1032,s,0,9.0,False,1980.0,1982.25
379,667,189,s,0,1.0,False,1980.0,1980.25
380,776,1047,s,0,3.0,False,1980.0,1980.75
381,818,31,s,0,5.0,False,1980.0,1981.25
382,872,408,s,0,1.0,False,1980.0,1980.25
383,881,347,s,0,2.0,False,1980.0,1980.5
384,889,7,s,0,3.0,False,1980.0,1980.75
385,889,887,s,0,5.0,False,1980.0,1981.25
386,917,49,s,0,1.0,False,1980.0,1980.25
387,924,628,s,0,7.0,False,1980.0,1981.75
388,1094,358,s,0,3.0,False,1980.0,1980.75
389,1094,730,s,0,3.0,False,1980.0,1980.75
390,1134,568,s,0,5.0,False,1980.0,1981.25
391,735,876,l,0,51.0,True,1980.0,1992.75
392,379,138,l,0,26.0,True,1980.0,1986.5
393,439,964,l,0,11.0,True,1980.0,1982.75
394,674,972,l,0,33.0,True,1980.0,1988.25
395,736,820,l,0,2.0,True,1980.0,1980.5
396,511,78,l,0,20.0,True,1980.0,1985.0
397,840,58,l,0,1.0,True,1980.0,1980.25
398,988,9,l,0,16.0,True,1980.0,1984.0
399,223,1069,s,1,3.0,False,1980.25,1980.75
400,432,844,s,1,2.0,False,1980.25,1980.5
401,467,730,s,1,3.0,False,1980.25,1980.75
402,473,1067,s,1,3.0,False,1980.25,1980.75
403,501,767,s,1,2.0,False,1980.25,1980.5
404,512,1050,s,1,7.0,False,1980.25,1981.75
405,674,939,s,1,1.0,False,1980.25,1980.25
406,919,901,s,1,11.0,False,1980.25,1982.75
407,944,790,s,1,1.0,False,1980.25,1980.25
408,1143,878,s,1,3.0,False,1980.25,1980.75
409,446,114,s,1,3.0,False,1980.25,1980.75
410,472,751,s,1,1.0,False,1980.25,1980.25
411,512,354,s,1,16.0,False,1980.25,1984.0
412,577,114,s,1,1.0,False,1980.25,1980.25
413,718,1026,s,1,1.0,False,1980.25,1980.25
414,1109,887,s,1,6.0,False,1980.25,1981.5
415,1114,1069,s,1,3.0,False,1980.25,1980.75
416,1124,961,s,1,1.0,False,1980.25,1980.25
417,1128,675,s,1,4.0,False,1980.25,1981.0
418,28,999,s,1,2.0,False,1980.25,1980.5
419,274,90,s,1,10.0,False,1980.25,1982.5
420,329,694,s,1,7.0,False,1980.25,1981.75
421,430,9,s,1,3.0,False,1980.25,1980.75
422,573,517,s,1,2.0,False,1980.25,1980.5
423,618,692,s,1,5.0,False,1980.25,1981.25
424,674,1056,s,1,6.0,False,1980.25,1981.5
425,726,675,s,1,7.0,False,1980.25,1981.75
426,880,408,s,1,13.0,False,1980.25,1983.25
427,934,564,s,1,8.0,False,1980.25,1982.0
428,512,100,l,1,10.0,True,1980.25,1982.5
429,621,1046,l,1,24.0,True,1980.25,1986.0
430,736,1038,l,1,92.0,True,1980.25,2003.0
431,832,499,l,1,3.0,True,1980.25,1980.75
432,918,35,l,1,13.0,True,1980.25,1983.25
433,938,124,l,1,135.0,True,1980.25,2013.75
434,269,325,l,1,16.0,True,1980.25,1984.0
435,647,496,l,1,51.0,True,1980.25,1992.75
436,792,680,l,1,25.0,True,1980.25,1986.25
437,105,1039,s,2,2.0,False,1980.5,1980.5
438,264,58,s,2,13.0,False,1980.5,1983.25
439,292,669,s,2,4.0,False,1980.5,1981.0
440,436,170,s,2,8.0,False,1980.5,1982.0
441,459,1057,s,2,4.0,False,1980.5,1981.0
442,494,844,s,2,10.0,False,1980.5,1982.5
443,553,81,s,2,6.0,False,1980.5,1981.5
444,575,371,s,2,11.0,False,1980.5,1982.75
445,647,499,s,2,5.0,False,1980.5,1981.25
446,670,749,s,2,9.0,False,1980.5,1982.25
447,863,724,s,2,6.0,False,1980.5,1981.5
448,881,354,s,2,6.0,False,1980.5,1981.5
449,885,593,s,2,9.0,False,1980.5,1982.25
450,893,680,s,2,7.0,False,1980.5,1981.75
451,919,1032,s,2,2.0,False,1980.5,1980.5
452,944,694,s,2,3.0,False,1980.5,1980.75
453,993,692,s,2,4.0,False,1980.5,1981.0
454,1123,1069,s,2,4.0,False,1980.5,1981.0
455,151,648,s,2,4.0,False,1980.5,1981.0
456,185,481,s,2,4.0,False,1980.5,1981.0
457,355,973,s,2,8.0,False,1980.5,1982.0
458,419,1050,s,2,5.0,False,1980.5,1981.25
459,479,548,s,2,6.0,False,1980.5,1981.5
460,560,537,s,2,14.0,False,1980.5,1983.5
461,575,405,s,2,8.0,False,1980.5,1982.0
462,967,100,s,2,2.0,False,1980.5,1980.5
463,978,822,s,2,5.0,False,1980.5,1981.25
464,1132,602,s,2,7.0,False,1980.5,1981.75
465,62,1036,s,2,9.0,False,1980.5,1982.25
466,223,568,s,2,7.0,False,1980.5,1981.75
467,379,389,s,2,14.0,False,1980.5,1983.5
468,413,302,s,2,15.0,False,1980.5,1983.75
469,497,29,s,2,4.0,False,1980.5,1981.0
470,541,747,s,2,7.0,False,1980.5,1981.75
471,718,189,s,2,6.0,False,1980.5,1981.5
472,736,371,s,2,10.0,False,1980.5,1982.5
473,796,290,s,2,5.0,False,1980.5,1981.25
474,863,693,s,2,4.0,False,1980.5,1981.0
475,978,964,s,2,7.0,False,1980.5,1981.75
476,1091,391,s,2,4.0,False,1980.5,1981.0
477,1093,1039,s,2,8.0,False,1980.5,1982.0
478,1126,923,s,2,3.0,False,1980.5,1980.75
479,120,1048,l,2,16.0,True,1980.5,1984.0
480,1125,1069,l,2,52.0,True,1980.5,1993.0
481,40,90,l,2,22.0,True,1980.5,1985.5
482,1126,1057,l,2,12.0,True,1980.5,1983.0
483,501,481,l,2,56.0,True,1980.5,1994.0
484,560,761,l,2,11.0,True,1980.5,1982.75
485,565,640,l,2,4.0,True,1980.5,1981.0
486,674,331,l,2,27.0,True,1980.5,1986.75
487,1107,110,l,2,48.0,True,1980.5,1992.0
488,30,557,s,3,4.0,False,1980.75,1981.0
489,42,973,s,3,5.0,False,1980.75,1981.25
490,42,1045,s,3,4.0,False,1980.75,1981.0
491,68,602,s,3,12.0,False,1980.75,1983.0
492,335,537,s,3,6.0,False,1980.75,1981.5
493,766,836,s,3,7.0,False,1980.75,1981.75
494,847,408,s,3,4.0,False,1980.75,1981.0
495,848,820,s,3,8.0,False,1980.75,1982.0
496,885,812,s,3,11.0,False,1980.75,1982.75
497,960,9,s,3,5.0,False,1980.75,1981.25
498,1107,370,s,3,4.0,False,1980.75,1981.0
499,30,947,s,3,3.0,False,1980.75,1980.75
500,151,156,s,3,4.0,False,1980.75,1981.0
501,222,371,s,3,4.0,False,1980.75,1981.0
502,264,628,s,3,5.0,False,1980.75,1981.25
503,289,367,s,3,4.0,False,1980.75,1981.0
504,329,290,s,3,5.0,False,1980.75,1981.25
505,674,195,s,3,3.0,False,1980.75,1980.75
506,674,959,s,3,3.0,False,1980.75,1980.75
507,769,602,s,3,7.0,False,1980.75,1981.75
508,792,943,s,3,4.0,False,1980.75,1981.0
509,872,1044,s,3,9.0,False,1980.75,1982.25
510,928,1048,s,3,10.0,False,1980.75,1982.5
511,1091,41,s,3,4.0,False,1980.75,1981.0
512,1124,811,s,3,4.0,False,1980.75,1981.0
513,93,195,s,3,6.0,False,1980.75,1981.5
514,230,945,s,3,5.0,False,1980.75,1981.25
515,317,499,s,3,8.0,False,1980.75,1982.0
516,379,189,s,3,4.0,False,1980.75,1981.0
517,459,1059,s,3,7.0,False,1980.75,1981.75
518,670,822,s,3,4.0,False,1980.75,1981.0
519,735,124,s,3,9.0,False,1980.75,1982.25
520,769,1070,s,3,7.0,False,1980.75,1981.75
521,1110,543,s,3,15.0,False,1980.75,1983.75
522,1136,438,s,3,6.0,False,1980.75,1981.5
523,274,290,l,3,141.0,True,1980.75,2015.25
524,621,943,l,3,4.0,True,1980.75,1981.0
525,818,537,l,3,29.0,True,1980.75,1987.25
526,847,167,l,3,64.0,True,1980.75,1996.0
527,130,91,s,4,9.0,False,1981.0,1982.25
528,355,602,s,4,8.0,False,1981.0,1982.0
529,494,891,s,4,11.0,False,1981.0,1982.75
530,511,347,s,4,8.0,False,1981.0,1982.0
531,512,546,s,4,5.0,False,1981.0,1981.25
532,532,81,s,4,5.0,False,1981.0,1981.25
533,556,1030,s,4,6.0,False,1981.0,1981.5
534,699,685,s,4,8.0,False,1981.0,1982.0
535,735,338,s,4,13.0,False,1981.0,1983.25
536,880,1053,s,4,4.0,False,1981.0,1981.0
537,944,606,s,4,5.0,False,1981.0,1981.25
538,944,1045,s,4,6.0,False,1981.0,1981.5
539,978,354,s,4,4.0,False,1981.0,1981.0
540,978,1022,s,4,6.0,False,1981.0,1981.5
541,1114,685,s,4,15.0,False,1981.0,1983.75
542,1127,1065,s,4,13.0,False,1981.0,1983.25
543,119,220,s,4,9.0,False,1981.0,1982.25
544,141,898,s,4,4.0,False,1981.0,1981.0
545,151,546,s,4,12.0,False,1981.0,1983.0
546,223,1069,s,4,20.0,False,1981.0,1985.0
547,264,22,s,4,6.0,False,1981.0,1981.5
548,274,996,s,4,11.0,False,1981.0,1982.75
549,301,174,s,4,5.0,False,1981.0,1981.25
550,301,334,s,4,12.0,False,1981.0,1983.0
551,459,755,s,4,6.0,False,1981.0,1981.5
552,818,712,s,4,5.0,False,1981.0,1981.25
553,832,712,s,4,7.0,False,1981.0,1981.75
554,867,495,s,4,4.0,False,1981.0,1981.0
555,881,1022,s,4,12.0,False,1981.0,1983.0
556,918,1058,s,4,7.0,False,1981.0,1981.75
557,1110,424,s,4,9.0,False,1981.0,1982.25
558,1111,145,s,4,12.0,False,1981.0,1983.0
559,1133,314,s,4,6.0,False,1981.0,1981.5
560,1134,1067,s,4,6.0,False,1981.0,1981.5
561,1177,37,s,4,10.0,False,1981.0,1982.5
562,119,32,s,4,10.0,False,1981.0,1982.5
563,157,964,s,4,12.0,False,1981.0,1983.0
564,223,1063,s,4,5.0,False,1981.0,1981.25
565,254,755,s,4,5.0,False,1981.0,1981.25
566,301,162,s,4,8.0,False,1981.0,1982.0
567,335,523,s,4,5.0,False,1981.0,1981.25
568,355,1042,s,4,5.0,False,1981.0,1981.25
569,479,36,s,4,5.0,False,1981.0,1981.25
570,711,58,s,4,6.0,False,1981.0,1981.5
571,769,201,s,4,8.0,False,1981.0,1982.0
572,848,956,s,4,6.0,False,1981.0,1981.5
573,880,86,s,4,5.0,False,1981.0,1981.25
574,944,58,s,4,13.0,False,1981.0,1983.25
575,1090,907,s,4,7.0,False,1981.0,1981.75
576,1118,162,s,4,6.0,False,1981.0,1981.5
577,541,564,l,4,14.0,True,1981.0,1983.5
578,229,36,l,4,61.0,True,1981.0,1995.25
579,463,546,l,4,44.0,True,1981.0,1991.0
580,511,354,l,4,19.0,True,1981.0,1984.75
581,853,288,l,4,16.0,True,1981.0,1984.0
582,1099,189,l,4,15.0,True,1981.0,1983.75
583,1121,331,l,4,9.0,True,1981.0,1982.25
584,68,314,s,5,10.0,False,1981.25,1982.5
585,529,578,s,5,9.0,False,1981.25,1982.25
586,553,956,s,5,9.0,False,1981.25,1982.25
587,598,58,s,5,12.0,False,1981.25,1983.0
588,813,755,s,5,5.0,False,1981.25,1981.25
589,832,617,s,5,6.0,False,1981.25,1981.5
590,833,50,s,5,6.0,False,1981.25,1981.5
591,849,1051,s,5,9.0,False,1981.25,1982.25
592,936,498,s,5,19.0,False,1981.25,1984.75
593,1114,747,s,5,6.0,False,1981.25,1981.5
594,1123,100,s,5,12.0,False,1981.25,1983.0
595,1175,1043,s,5,12.0,False,1981.25,1983.0
596,151,712,s,5,10.0,False,1981.25,1982.5
597,155,828,s,5,5.0,False,1981.25,1981.25
598,222,701,s,5,14.0,False,1981.25,1983.5
599,239,145,s,5,5.0,False,1981.25,1981.25
600,316,189,s,5,12.0,False,1981.25,1983.0
601,463,720,s,5,7.0,False,1981.25,1981.75
602,518,288,s,5,7.0,False,1981.25,1981.75
603,598,898,s,5,6.0,False,1981.25,1981.5
604,670,493,s,5,10.0,False,1981.25,1982.5
605,718,407,s,5,8.0,False,1981.25,1982.0
606,759,347,s,5,6.0,False,1981.25,1981.5
607,776,564,s,5,7.0,False,1981.25,1981.75
608,958,331,s,5,15.0,False,1981.25,1983.75
609,978,407,s,5,14.0,False,1981.25,1983.5
610,980,905,s,5,13.0,False,1981.25,1983.25
611,39,948,s,5,6.0,False,1981.25,1981.5
612,54,564,s,5,8.0,False,1981.25,1982.0
613,223,712,s,5,9.0,False,1981.25,1982.25
614,515,1053,s,5,7.0,False,1981.25,1981.75
615,518,1057,s,5,10.0,False,1981.25,1982.5
616,521,750,s,5,10.0,False,1981.25,1982.5
617,532,325,s,5,10.0,False,1981.25,1982.5
618,573,493,s,5,10.0,False,1981.25,1982.5
619,594,945,s,5,18.0,False,1981.25,1984.5
620,681,945,s,5,10.0,False,1981.25,1982.5
621,681,964,s,5,6.0,False,1981.25,1981.5
622,849,71,s,5,7.0,False,1981.25,1981.75
623,853,835,s,5,7.0,False,1981.25,1981.75
624,880,50,s,5,9.0,False,1981.25,1982.25
625,882,1042,s,5,8.0,False,1981.25,1982.0
626,916,1048,s,5,6.0,False,1981.25,1981.5
627,1093,493,s,5,17.0,False,1981.25,1984.25
628,1110,405,s,5,6.0,False,1981.25,1981.5
629,1118,470,s,5,8.0,False,1981.25,1982.0
630,264,499,l,5,7.0,True,1981.25,1981.75
631,711,405,l,5,25.0,True,1981.25,1986.25
632,1114,37,l,5,20.0,True,1981.25,1985.0
633,353,123,l,5,56.0,True,1981.25,1994.0
634,796,899,l,5,85.0,True,1981.25,2001.25
635,473,123,l,5,56.0,True,1981.25,1994.0
636,1096,325,l,5,16.0,True,1981.25,1984.0
637,66,182,s,6,8.0,False,1981.5,1982.0
638,130,1049,s,6,16.0,False,1981.5,1984.0
639,301,537,s,6,6.0,False,1981.5,1981.5
640,304,1033,s,6,8.0,False,1981.5,1982.0
641,350,405,s,6,12.0,False,1981.5,1983.0
642,356,64,s,6,6.0,False,1981.5,1981.5
643,363,354,s,6,11.0,False,1981.5,1982.75
644,549,898,s,6,7.0,False,1981.5,1981.75
645,759,548,s,6,6.0,False,1981.5,1981.5
646,774,1069,s,6,8.0,False,1981.5,1982.0
647,840,217,s,6,11.0,False,1981.5,1982.75
648,853,747,s,6,16.0,False,1981.5,1984.0
649,880,1048,s,6,7.0,False,1981.5,1981.75
650,953,391,s,6,9.0,False,1981.5,1982.25
651,1091,694,s,6,11.0,False,1981.5,1982.75
652,1094,692,s,6,8.0,False,1981.5,1982.0
653,42,327,s,6,10.0,False,1981.5,1982.5
654,68,948,s,6,7.0,False,1981.5,1981.75
655,111,1069,s,6,7.0,False,1981.5,1981.75
656,117,90,s,6,14.0,False,1981.5,1983.5
657,264,694,s,6,10.0,False,1981.5,1982.5
658,381,605,s,6,8.0,False,1981.5,1982.0
659,512,939,s,6,10.0,False,1981.5,1982.5
660,880,378,s,6,11.0,False,1981.5,1982.75
661,893,1032,s,6,6.0,False,1981.5,1981.5
662,916,41,s,6,8.0,False,1981.5,1982.0
663,917,347,s,6,7.0,False,1981.5,1981.75
664,936,605,s,6,6.0,False,1981.5,1981.5
665,1096,956,s,6,20.0,False,1981.5,1985.0
666,1104,820,s,6,12.0,False,1981.5,1983.0
667,301,523,s,6,15.0,False,1981.5,1983.75
668,573,557,s,6,11.0,False,1981.5,1982.75
669,597,22,s,6,17.0,False,1981.5,1984.25
670,735,537,s,6,15.0,False,1981.5,1983.75
671,759,124,s,6,20.0,False,1981.5,1985.0
672,792,202,s,6,14.0,False,1981.5,1983.5
673,1099,1040,s,6,10.0,False,1981.5,1982.5
674,1114,25,s,6,12.0,False,1981.5,1983.0
675,920,489,l,6,80.0,True,1981.5,2000.0
676,3,411,l,6,69.0,True,1981.5,1997.25
677,120,123,l,6,16.0,True,1981.5,1984.0
678,934,358,l,6,114.0,True,1981.5,2008.5
679,459,568,l,6,44.0,True,1981.5,1991.0
680,711,145,l,6,7.0,True,1981.5,1981.75
681,163,1063,s,7,13.0,False,1981.75,1983.25
682,355,669,s,7,7.0,False,1981.75,1981.75
683,518,138,s,7,11.0,False,1981.75,1982.75
684,575,531,s,7,9.0,False,1981.75,1982.25
685,598,1033,s,7,18.0,False,1981.75,1984.5
686,626,145,s,7,7.0,False,1981.75,1981.75
687,638,1051,s,7,8.0,False,1981.75,1982.0
688,674,1062,s,7,11.0,False,1981.75,1982.75
689,970,181,s,7,9.0,False,1981.75,1982.25
690,1107,1053,s,7,9.0,False,1981.75,1982.25
691,1181,905,s,7,7.0,False,1981.75,1981.75
692,96,1166,s,7,12.0,False,1981.75,1983.0
693,208,499,s,7,10.0,False,1981.75,1982.5
694,350,1057,s,7,15.0,False,1981.75,1983.75
695,361,70,s,7,13.0,False,1981.75,1983.25
696,549,1022,s,7,11.0,False,1981.75,1982.75
697,696,58,s,7,12.0,False,1981.75,1983.0
698,936,90,s,7,15.0,False,1981.75,1983.75
699,1105,996,s,7,11.0,False,1981.75,1982.75
700,1177,554,s,7,11.0,False,1981.75,1982.75
701,119,1050,s,7,14.0,False,1981.75,1983.5
702,141,633,s,7,8.0,False,1981.75,1982.0
703,177,20,s,7,12.0,False,1981.75,1983.0
704,178,879,s,7,9.0,False,1981.75,1982.25
705,777,129,s,7,19.0,False,1981.75,1984.75
706,863,50,s,7,12.0,False,1981.75,1983.0
707,918,719,s,7,17.0,False,1981.75,1984.25
708,1096,86,s,7,8.0,False,1981.75,1982.0
709,1103,167,s,7,13.0,False,1981.75,1983.25
710,1125,1052,s,7,25.0,False,1981.75,1986.25
711,1171,90,s,7,12.0,False,1981.75,1983.0
712,207,499,l,7,12.0,True,1981.75,1983.0
713,207,730,l,7,74.0,True,1981.75,1998.5
714,732,1032,l,7,107.0,True,1981.75,2006.75
715,301,124,l,7,12.0,True,1981.75,1983.0
716,18,1044,s,8,15.0,False,1982.0,1983.75
717,207,898,s,8,19.0,False,1982.0,1984.75
718,216,129,s,8,10.0,False,1982.0,1982.5
719,497,693,s,8,8.0,False,1982.0,1982.0
720,609,367,s,8,13.0,False,1982.0,1983.25
721,670,1167,s,8,15.0,False,1982.0,1983.75
722,699,1064,s,8,14.0,False,1982.0,1983.5
723,881,822,s,8,8.0,False,1982.0,1982.0
724,884,220,s,8,12.0,False,1982.0,1983.0
725,897,1035,s,8,10.0,False,1982.0,1982.5
726,916,749,s,8,10.0,False,1982.0,1982.5
727,917,495,s,8,10.0,False,1982.0,1982.5
728,958,327,s,8,9.0,False,1982.0,1982.25
729,1110,156,s,8,10.0,False,1982.0,1982.5
730,1121,751,s,8,11.0,False,1982.0,1982.75
731,107,181,s,8,32.0,False,1982.0,1988.0
732,147,103,s,8,10.0,False,1982.0,1982.5
733,264,1061,s,8,9.0,False,1982.0,1982.25
734,301,604,s,8,12.0,False,1982.0,1983.0
735,363,127,s,8,12.0,False,1982.0,1983.0
736,432,302,s,8,13.0,False,1982.0,1983.25
737,511,1035,s,8,9.0,False,1982.0,1982.25
738,541,202,s,8,13.0,False,1982.0,1983.25
739,672,1050,s,8,10.0,False,1982.0,1982.5
740,737,167,s,8,12.0,False,1982.0,1983.0
741,881,704,s,8,12.0,False,1982.0,1983.0
742,918,220,s,8,11.0,False,1982.0,1982.75
743,978,450,s,8,14.0,False,1982.0,1983.5
744,984,640,s,8,12.0,False,1982.0,1983.0
745,1124,156,s,8,10.0,False,1982.0,1982.5
746,1125,1067,s,8,9.0,False,1982.0,1982.25
747,1171,733,s,8,10.0,False,1982.0,1982.5
748,1175,25,s,8,10.0,False,1982.0,1982.5
749,18,37,s,8,20.0,False,1982.0,1985.0
750,134,367,s,8,11.0,False,1982.0,1982.75
751,208,1029,s,8,10.0,False,1982.0,1982.5
752,216,354,s,8,12.0,False,1982.0,1983.0
753,274,693,s,8,13.0,False,1982.0,1983.25
754,335,314,s,8,12.0,False,1982.0,1983.0
755,508,405,s,8,12.0,False,1982.0,1983.0
756,744,36,s,8,9.0,False,1982.0,1982.25
757,918,1044,s,8,10.0,False,1982.0,1982.5
758,1083,531,s,8,10.0,False,1982.0,1982.5
759,1086,1037,s,8,10.0,False,1982.0,1982.5
760,1123,963,s,8,11.0,False,1982.0,1982.75
761,57,750,l,8,19.0,True,1982.0,1984.75
762,419,751,l,8,44.0,True,1982.0,1991.0
763,882,985,l,8,19.0,True,1982.0,1984.75
764,1094,694,l,8,92.0,True,1982.0,2003.0
765,42,1061,s,9,9.0,False,1982.25,1982.25
766,185,1067,s,9,12.0,False,1982.25,1983.0
767,264,124,s,9,10.0,False,1982.25,1982.5
768,560,921,s,9,13.0,False,1982.25,1983.25
769,731,58,s,9,9.0,False,1982.25,1982.25
770,818,751,s,9,15.0,False,1982.25,1983.75
771,978,763,s,9,9.0,False,1982.25,1982.25
772,1105,32,s,9,20.0,False,1982.25,1985.0
773,1123,314,s,9,11.0,False,1982.25,1982.75
774,1132,854,s,9,17.0,False,1982.25,1984.25
775,216,108,s,9,13.0,False,1982.25,1983.25
776,235,633,s,9,11.0,False,1982.25,1982.75
777,292,1061,s,9,10.0,False,1982.25,1982.5
778,337,493,s,9,9.0,False,1982.25,1982.25
779,356,392,s,9,20.0,False,1982.25,1985.0
780,485,801,s,9,11.0,False,1982.25,1982.75
781,559,959,s,9,9.0,False,1982.25,1982.25
782,681,202,s,9,17.0,False,1982.25,1984.25
783,718,90,s,9,10.0,False,1982.25,1982.5
784,833,354,s,9,12.0,False,1982.25,1983.0
785,853,985,s,9,10.0,False,1982.25,1982.5
786,884,1170,s,9,11.0,False,1982.25,1982.75
787,893,523,s,9,23.0,False,1982.25,1985.75
788,916,750,s,9,12.0,False,1982.25,1983.0
789,1178,692,s,9,16.0,False,1982.25,1984.0
790,57,898,s,9,10.0,False,1982.25,1982.5
791,133,701,s,9,19.0,False,1982.25,1984.75
792,172,325,s,9,16.0,False,1982.25,1984.0
793,223,408,s,9,12.0,False,1982.25,1983.0
794,264,391,s,9,10.0,False,1982.25,1982.5
795,476,369,s,9,13.0,False,1982.25,1983.25
796,549,1047,s,9,23.0,False,1982.25,1985.75
797,744,201,s,9,13.0,False,1982.25,1983.25
798,871,585,s,9,14.0,False,1982.25,1983.5
799,917,679,s,9,12.0,False,1982.25,1983.0
800,1175,174,s,9,18.0,False,1982.25,1984.5
801,832,602,l,9,35.0,True,1982.25,1988.75
802,889,828,l,9,29.0,True,1982.25,1987.25
803,18,36,l,9,75.0,True,1982.25,1998.75
804,185,391,l,9,110.0,True,1982.25,2007.5
805,696,391,l,9,82.0,True,1982.25,2000.5
806,1104,1168,l,9,22.0,True,1982.25,1985.5
807,521,633,s,10,12.0,False,1982.5,1983.0
808,526,749,s,10,10.0,False,1982.5,1982.5
809,566,369,s,10,10.0,False,1982.5,1982.5
810,732,49,s,10,16.0,False,1982.5,1984.0
811,736,323,s,10,15.0,False,1982.5,1983.75
812,881,578,s,10,10.0,False,1982.5,1982.5
813,917,85,s,10,12.0,False,1982.5,1983.0
814,936,694,s,10,11.0,False,1982.5,1982.75
815,944,1168,s,10,14.0,False,1982.5,1983.5
816,1107,730,s,10,11.0,False,1982.5,1982.75
817,1110,809,s,10,13.0,False,1982.5,1983.25
818,1178,162,s,10,11.0,False,1982.5,1982.75
819,44,1047,s,10,11.0,False,1982.5,1982.75
820,222,945,s,10,12.0,False,1982.5,1983.0
821,381,124,s,10,13.0,False,1982.5,1983.25
822,467,704,s,10,11.0,False,1982.5,1982.75
823,515,499,s,10,30.0,False,1982.5,1987.5
824,622,50,s,10,27.0,False,1982.5,1986.75
825,622,961,s,10,12.0,False,1982.5,1983.0
826,918,604,s,10,12.0,False,1982.5,1983.0
827,976,85,s,10,11.0,False,1982.5,1982.75
828,1125,1058,s,10,12.0,False,1982.5,1983.0
829,1175,749,s,10,11.0,False,1982.5,1982.75
830,120,1069,s,10,12.0,False,1982.5,1983.0
831,264,749,s,10,23.0,False,1982.5,1985.75
832,473,523,s,10,12.0,False,1982.5,1983.0
833,711,85,s,10,13.0,False,1982.5,1983.25
834,832,424,s,10,15.0,False,1982.5,1983.75
835,1120,675,s,10,26.0,False,1982.5,1986.5
836,1180,144,s,10,16.0,False,1982.5,1984.0
837,859,633,l,10,72.0,True,1982.5,1998.0
838,203,167,s,11,16.0,False,1982.75,1984.0
839,521,585,s,11,12.0,False,1982.75,1983.0
840,529,325,s,11,16.0,False,1982.75,1984.0
841,533,733,s,11,15.0,False,1982.75,1983.75
842,681,730,s,11,15.0,False,1982.75,1983.75
843,736,86,s,11,18.0,False,1982.75,1984.5
844,859,844,s,11,14.0,False,1982.75,1983.5
845,1128,1052,s,11,13.0,False,1982.75,1983.25
846,1171,108,s,11,12.0,False,1982.75,1983.0
847,93,153,s,11,18.0,False,1982.75,1984.5
848,119,338,s,11,16.0,False,1982.75,1984.0
849,178,1067,s,11,14.0,False,1982.75,1983.5
850,223,948,s,11,22.0,False,1982.75,1985.5
851,264,408,s,11,13.0,False,1982.75,1983.25
852,385,448,s,11,14.0,False,1982.75,1983.5
853,518,650,s,11,15.0,False,1982.75,1983.75
854,529,124,s,11,13.0,False,1982.75,1983.25
855,638,1030,s,11,12.0,False,1982.75,1983.0
856,654,1064,s,11,14.0,False,1982.75,1983.5
857,796,302,s,11,13.0,False,1982.75,1983.25
858,886,201,s,11,20.0,False,1982.75,1985.0
859,893,496,s,11,21.0,False,1982.75,1985.25
860,936,202,s,11,15.0,False,1982.75,1983.75
861,68,828,s,11,16.0,False,1982.75,1984.0
862,155,404,s,11,13.0,False,1982.75,1983.25
863,479,692,s,11,12.0,False,1982.75,1983.0
864,501,1026,s,11,12.0,False,1982.75,1983.0
865,508,767,s,11,24.0,False,1982.75,1986.0
866,677,985,s,11,13.0,False,1982.75,1983.25
867,731,733,s,11,12.0,False,1982.75,1983.0
868,736,325,s,11,16.0,False,1982.75,1984.0
869,754,750,s,11,13.0,False,1982.75,1983.25
870,938,411,s,11,16.0,False,1982.75,1984.0
871,993,499,s,11,15.0,False,1982.75,1983.75
872,1122,1197,s,11,12.0,False,1982.75,1983.0
873,1175,1040,s,11,15.0,False,1982.75,1983.75
874,1175,1070,s,11,13.0,False,1982.75,1983.25
875,301,174,l,11,49.0,True,1982.75,1992.25
876,355,1058,l,11,114.0,True,1982.75,2008.5
877,622,685,l,11,56.0,True,1982.75,1994.0
878,936,1026,l,11,96.0,True,1982.75,2004.0
879,976,1042,l,11,156.0,True,1982.75,2019.0
880,895,665,l,11,54.0,True,1982.75,1993.5
881,54,90,s,12,17.0,False,1983.0,1984.25
882,135,887,s,12,14.0,False,1983.0,1983.5
883,559,806,s,12,18.0,False,1983.0,1984.5
884,681,371,s,12,13.0,False,1983.0,1983.25
885,731,679,s,12,18.0,False,1983.0,1984.5
886,818,35,s,12,15.0,False,1983.0,1983.75
887,818,424,s,12,16.0,False,1983.0,1984.0
888,840,890,s,12,14.0,False,1983.0,1983.5
889,938,288,s,12,13.0,False,1983.0,1983.25
890,998,1026,s,12,13.0,False,1983.0,1983.25
891,1124,887,s,12,12.0,False,1983.0,1983.0
892,1175,326,s,12,12.0,False,1983.0,1983.0
893,28,585,s,12,12.0,False,1983.0,1983.0
894,119,1036,s,12,14.0,False,1983.0,1983.5
895,232,945,s,12,17.0,False,1983.0,1984.25
896,379,1044,s,12,23.0,False,1983.0,1985.75
897,383,1038,s,12,18.0,False,1983.0,1984.5
898,414,124,s,12,13.0,False,1983.0,1983.25
899,541,22,s,12,13.0,False,1983.0,1983.25
900,553,325,s,12,14.0,False,1983.0,1983.5
901,647,1056,s,12,14.0,False,1983.0,1983.5
902,681,295,s,12,13.0,False,1983.0,1983.25
903,815,176,s,12,13.0,False,1983.0,1983.25
904,818,675,s,12,14.0,False,1983.0,1983.5
905,1090,665,s,12,15.0,False,1983.0,1983.75
906,1094,213,s,12,18.0,False,1983.0,1984.5
907,1133,523,s,12,14.0,False,1983.0,1983.5
908,66,162,s,12,15.0,False,1983.0,1983.75
909,157,1032,s,12,19.0,False,1983.0,1984.75
910,415,653,s,12,14.0,False,1983.0,1983.5
911,415,932,s,12,19.0,False,1983.0,1984.75
912,594,481,s,12,13.0,False,1983.0,1983.25
913,621,720,s,12,22.0,False,1983.0,1985.5
914,677,750,s,12,18.0,False,1983.0,1984.5
915,711,617,s,12,16.0,False,1983.0,1984.0
916,792,1049,s,12,14.0,False,1983.0,1983.5
917,815,416,s,12,17.0,False,1983.0,1984.25
918,880,1197,s,12,18.0,False,1983.0,1984.5
919,881,124,s,12,15.0,False,1983.0,1983.75
920,882,1031,s,12,16.0,False,1983.0,1984.0
921,924,1032,s,12,14.0,False,1983.0,1983.5
922,988,213,s,12,13.0,False,1983.0,1983.25
923,1124,380,s,12,13.0,False,1983.0,1983.25
924,196,898,l,12,49.0,True,1983.0,1992.25
925,638,956,l,12,12.0,True,1983.0,1983.0
926,1083,90,l,12,142.0,True,1983.0,2015.5
927,1094,367,l,12,32.0,True,1983.0,1988.0
928,1114,433,l,12,39.0,True,1983.0,1989.75
929,113,963,l,12,61.0,True,1983.0,1995.25
930,379,189,l,12,45.0,True,1983.0,1991.25
931,1104,932,l,12,52.0,True,1983.0,1993.0
932,355,124,l,12,29.0,True,1983.0,1987.25
933,840,907,l,12,41.0,True,1983.0,1990.25
934,936,651,l,12,18.0,True,1983.0,1984.5
935,57,224,s,13,15.0,False,1983.25,1983.75
936,135,50,s,13,18.0,False,1983.25,1984.5
937,356,1032,s,13,13.0,False,1983.25,1983.25
938,479,585,s,13,16.0,False,1983.25,1984.0
939,518,367,s,13,13.0,False,1983.25,1983.25
940,549,628,s,13,15.0,False,1983.25,1983.75
941,597,499,s,13,18.0,False,1983.25,1984.5
942,832,523,s,13,13.0,False,1983.25,1983.25
943,893,302,s,13,17.0,False,1983.25,1984.25
944,895,1169,s,13,14.0,False,1983.25,1983.5
945,1132,747,s,13,14.0,False,1983.25,1983.5
946,40,175,s,13,16.0,False,1983.25,1984.0
947,130,167,s,13,14.0,False,1983.25,1983.5
948,135,1039,s,13,19.0,False,1983.25,1984.75
949,208,391,s,13,15.0,False,1983.25,1983.75
950,216,898,s,13,15.0,False,1983.25,1983.75
951,264,281,s,13,13.0,False,1983.25,1983.25
952,467,534,s,13,19.0,False,1983.25,1984.75
953,497,213,s,13,13.0,False,1983.25,1983.25
954,634,153,s,13,20.0,False,1983.25,1985.0
955,859,704,s,13,15.0,False,1983.25,1983.75
956,872,1038,s,13,18.0,False,1983.25,1984.5
957,893,50,s,13,27.0,False,1983.25,1986.75
958,1095,706,s,13,15.0,False,1983.25,1983.75
959,1110,1054,s,13,14.0,False,1983.25,1983.5
960,18,648,s,13,15.0,False,1983.25,1983.75
961,113,90,s,13,18.0,False,1983.25,1984.5
962,172,86,s,13,24.0,False,1983.25,1986.0
963,208,1031,s,13,14.0,False,1983.25,1983.5
964,445,237,s,13,21.0,False,1983.25,1985.25
965,485,411,s,13,20.0,False,1983.25,1985.0
966,497,578,s,13,15.0,False,1983.25,1983.75
967,508,585,s,13,14.0,False,1983.25,1983.5
968,512,83,s,13,20.0,False,1983.25,1985.0
969,573,650,s,13,15.0,False,1983.25,1983.75
970,575,391,s,13,21.0,False,1983.25,1985.25
971,594,496,s,13,15.0,False,1983.25,1983.75
972,736,706,s,13,15.0,False,1983.25,1983.75
973,736,1028,s,13,14.0,False,1983.25,1983.5
974,895,1045,s,13,20.0,False,1983.25,1985.0
975,916,90,s,13,22.0,False,1983.25,1985.5
976,998,302,s,13,19.0,False,1983.25,1984.75
977,1086,464,s,13,15.0,False,1983.25,1983.75
978,1119,1061,s,13,15.0,False,1983.25,1983.75
979,133,85,l,13,45.0,True,1983.25,1991.25
980,415,167,l,13,52.0,True,1983.25,1993.0
981,889,805,l,13,21.0,True,1983.25,1985.25
982,1116,1047,l,13,28.0,True,1983.25,1987.0
983,68,1197,l,13,36.0,True,1983.25,1989.0
984,1100,593,l,13,92.0,True,1983.25,2003.0
985,1173,538,l,13,28.0,True,1983.25,1987.0
986,919,763,l,13,52.0,True,1983.25,1993.0
987,225,752,s,14,21.0,False,1983.5,1985.25
988,350,314,s,14,20.0,False,1983.5,1985.0
989,363,633,s,14,18.0,False,1983.5,1984.5
990,365,367,s,14,22.0,False,1983.5,1985.5
991,699,1198,s,14,15.0,False,1983.5,1983.75
992,815,1166,s,14,19.0,False,1983.5,1984.75
993,832,25,s,14,26.0,False,1983.5,1986.5
994,916,290,s,14,26.0,False,1983.5,1986.5
995,1174,81,s,14,16.0,False,1983.5,1984.0
996,39,5,s,14,23.0,False,1983.5,1985.75
997,432,85,s,14,18.0,False,1983.5,1984.5
998,754,392,s,14,16.0,False,1983.5,1984.0
999,754,585,s,14,16.0,False,1983.5,1984.0
1000,832,694,s,14,16.0,False,1983.5,1984.0
1001,832,1069,s,14,19.0,False,1983.5,1984.75
1002,885,354,s,14,15.0,False,1983.5,1983.75
1003,919,898,s,14,23.0,False,1983.5,1985.75
1004,1099,1053,s,14,25.0,False,1983.5,1986.25
1005,1121,314,s,14,17.0,False,1983.5,1984.25
1006,1171,632,s,14,14.0,False,1983.5,1983.5
1007,1171,866,s,14,15.0,False,1983.5,1983.75
1008,1175,288,s,14,19.0,False,1983.5,1984.75
1009,18,805,s,14,17.0,False,1983.5,1984.25
1010,222,358,s,14,15.0,False,1983.5,1983.75
1011,359,401,s,14,17.0,False,1983.5,1984.25
1012,647,801,s,14,26.0,False,1983.5,1986.5
1013,847,724,s,14,21.0,False,1983.5,1985.25
1014,871,907,s,14,18.0,False,1983.5,1984.5
1015,916,632,s,14,17.0,False,1983.5,1984.25
1016,917,224,s,14,17.0,False,1983.5,1984.25
1017,991,665,s,14,18.0,False,1983.5,1984.5
1018,993,85,s,14,16.0,False,1983.5,1984.0
1019,1094,405,s,14,16.0,False,1983.5,1984.0
1020,1118,801,s,14,24.0,False,1983.5,1986.0
1021,1177,1058,s,14,23.0,False,1983.5,1985.75
1022,1179,1067,s,14,19.0,False,1983.5,1984.75
1023,3,706,l,14,29.0,True,1983.5,1987.25
1024,512,369,l,14,103.0,True,1983.5,2005.75
1025,1110,153,l,14,105.0,True,1983.5,2006.25
1026,385,344,l,14,20.0,True,1983.5,1985.0
1027,415,176,l,14,153.0,True,1983.5,2018.25
1028,117,197,s,15,26.0,False,1983.75,1986.5
1029,134,58,s,15,17.0,False,1983.75,1984.25
1030,301,1051,s,15,15.0,False,1983.75,1983.75
1031,316,124,s,15,16.0,False,1983.75,1984.0
1032,420,905,s,15,18.0,False,1983.75,1984.5
1033,884,543,s,15,23.0,False,1983.75,1985.75
1034,1114,144,s,15,16.0,False,1983.75,1984.0
1035,1122,1067,s,15,15.0,False,1983.75,1983.75
1036,1133,712,s,15,24.0,False,1983.75,1986.0
1037,191,824,s,15,19.0,False,1983.75,1984.75
1038,208,217,s,15,20.0,False,1983.75,1985.0
1039,264,1049,s,15,17.0,False,1983.75,1984.25
1040,292,1069,s,15,16.0,False,1983.75,1984.0
1041,346,170,s,15,16.0,False,1983.75,1984.0
1042,379,358,s,15,20.0,False,1983.75,1985.0
1043,718,354,s,15,19.0,False,1983.75,1984.75
1044,869,71,s,15,16.0,False,1983.75,1984.0
1045,881,238,s,15,19.0,False,1983.75,1984.75
1046,918,1067,s,15,15.0,False,1983.75,1983.75
1047,1089,762,s,15,16.0,False,1983.75,1984.0
1048,62,489,s,15,17.0,False,1983.75,1984.25
1049,169,534,s,15,17.0,False,1983.75,1984.25
1050,191,124,s,15,17.0,False,1983.75,1984.25
1051,216,280,s,15,20.0,False,1983.75,1985.0
1052,223,675,s,15,23.0,False,1983.75,1985.75
1053,234,701,s,15,28.0,False,1983.75,1987.0
1054,239,538,s,15,20.0,False,1983.75,1985.0
1055,415,653,s,15,16.0,False,1983.75,1984.0
1056,430,375,s,15,21.0,False,1983.75,1985.25
1057,467,108,s,15,18.0,False,1983.75,1984.5
1058,594,440,s,15,25.0,False,1983.75,1986.25
1059,696,9,s,15,18.0,False,1983.75,1984.5
1060,773,64,s,15,27.0,False,1983.75,1986.75
1061,937,197,s,15,20.0,False,1983.75,1985.0
1062,1083,293,s,15,21.0,False,1983.75,1985.25
1063,1098,315,s,15,17.0,False,1983.75,1984.25
1064,490,124,l,15,23.0,True,1983.75,1985.75
1065,239,1032,l,15,67.0,True,1983.75,1996.75
1066,560,1053,l,15,38.0,True,1983.75,1989.5
1067,1119,1051,l,15,96.0,True,1983.75,2004.0
1068,44,564,l,15,16.0,True,1983.75,1984.0
1069,1084,95,l,15,63.0,True,1983.75,1995.75
1070,264,32,s,16,27.0,False,1984.0,1986.75
1071,274,932,s,16,19.0,False,1984.0,1984.75
1072,292,523,s,16,17.0,False,1984.0,1984.25
1073,337,71,s,16,17.0,False,1984.0,1984.25
1074,515,123,s,16,16.0,False,1984.0,1984.0
1075,560,37,s,16,26.0,False,1984.0,1986.5
1076,681,585,s,16,16.0,False,1984.0,1984.0
1077,838,167,s,16,21.0,False,1984.0,1985.25
1078,871,110,s,16,17.0,False,1984.0,1984.25
1079,920,985,s,16,24.0,False,1984.0,1986.0
1080,924,213,s,16,20.0,False,1984.0,1985.0
1081,1118,712,s,16,23.0,False,1984.0,1985.75
1082,1171,775,s,16,17.0,False,1984.0,1984.25
1083,1177,153,s,16,22.0,False,1984.0,1985.5
1084,3,302,s,16,23.0,False,1984.0,1985.75
1085,62,1044,s,16,19.0,False,1984.0,1984.75
1086,157,632,s,16,34.0,False,1984.0,1988.5
1087,172,901,s,16,18.0,False,1984.0,1984.5
1088,301,369,s,16,18.0,False,1984.0,1984.5
1089,365,1168,s,16,22.0,False,1984.0,1985.5
1090,525,956,s,16,25.0,False,1984.0,1986.25
1091,594,898,s,16,17.0,False,1984.0,1984.25
1092,621,36,s,16,18.0,False,1984.0,1984.5
1093,647,939,s,16,17.0,False,1984.0,1984.25
1094,674,543,s,16,18.0,False,1984.0,1984.5
1095,924,1054,s,16,23.0,False,1984.0,1985.75
1096,1104,633,s,16,17.0,False,1984.0,1984.25
1097,1105,651,s,16,18.0,False,1984.0,1984.5
1098,10,326,s,16,20.0,False,1984.0,1985.0
1099,207,197,s,16,20.0,False,1984.0,1985.0
1100,248,704,s,16,18.0,False,1984.0,1984.5
1101,278,985,s,16,24.0,False,1984.0,1986.0
1102,383,127,s,16,17.0,False,1984.0,1984.25
1103,485,564,s,16,20.0,False,1984.0,1985.0
1104,917,464,s,16,20.0,False,1984.0,1985.0
1105,919,371,s,16,17.0,False,1984.0,1984.25
1106,1085,704,s,16,17.0,False,1984.0,1984.25
1107,1174,153,s,16,20.0,False,1984.0,1985.0
1108,1232,282,s,16,29.0,False,1984.0,1987.25
1109,239,58,l,16,29.0,True,1984.0,1987.25
1110,726,898,l,16,64.0,True,1984.0,1996.0
1111,113,665,l,16,47.0,True,1984.0,1991.75
1112,1106,314,l,16,68.0,True,1984.0,1997.0
1113,379,947,l,16,103.0,True,1984.0,2005.75
1114,699,1056,l,16,28.0,True,1984.0,1987.0
1115,28,391,s,17,18.0,False,1984.25,1984.5
1116,191,315,s,17,17.0,False,1984.25,1984.25
1117,230,440,s,17,21.0,False,1984.25,1985.25
1118,419,582,s,17,18.0,False,1984.25,1984.5
1119,511,694,s,17,17.0,False,1984.25,1984.25
1120,515,617,s,17,24.0,False,1984.25,1986.0
1121,542,124,s,17,17.0,False,1984.25,1984.25
1122,769,369,s,17,21.0,False,1984.25,1985.25
1123,937,1165,s,17,22.0,False,1984.25,1985.5
1124,944,665,s,17,17.0,False,1984.25,1984.25
1125,966,1029,s,17,34.0,False,1984.25,1988.5
1126,211,392,s,17,21.0,False,1984.25,1985.25
1127,264,1050,s,17,20.0,False,1984.25,1985.0
1128,792,9,s,17,26.0,False,1984.25,1986.5
1129,832,1064,s,17,23.0,False,1984.25,1985.75
1130,918,1197,s,17,21.0,False,1984.25,1985.25
1131,1091,288,s,17,20.0,False,1984.25,1985.0
1132,1121,712,s,17,18.0,False,1984.25,1984.5
1133,1172,22,s,17,26.0,False,1984.25,1986.5
1134,44,602,s,17,20.0,False,1984.25,1985.0
1135,185,730,s,17,19.0,False,1984.25,1984.75
1136,594,1040,s,17,18.0,False,1984.25,1984.5
1137,832,749,s,17,24.0,False,1984.25,1986.0
1138,874,90,s,17,19.0,False,1984.25,1984.75
1139,928,338,s,17,25.0,False,1984.25,1986.25
1140,1094,294,s,17,26.0,False,1984.25,1986.5
1141,485,110,l,17,40.0,True,1984.25,1990.0
1142,575,108,l,17,135.0,True,1984.25,2013.75
1143,594,763,l,17,50.0,True,1984.25,1992.5
1144,739,1028,l,17,121.0,True,1984.25,2010.25
1145,355,963,l,17,46.0,True,1984.25,1991.5
1146,515,369,l,17,120.0,True,1984.25,2010.0
1147,634,994,l,17,28.0,True,1984.25,1987.0
1148,62,354,s,18,24.0,False,1984.5,1986.0
1149,223,201,s,18,22.0,False,1984.5,1985.5
1150,329,108,s,18,19.0,False,1984.5,1984.75
1151,520,628,s,18,21.0,False,1984.5,1985.25
1152,934,124,s,18,20.0,False,1984.5,1985.0
1153,1123,369,s,18,23.0,False,1984.5,1985.75
1154,62,405,s,18,22.0,False,1984.5,1985.5
1155,248,929,s,18,24.0,False,1984.5,1986.0
1156,508,392,s,18,18.0,False,1984.5,1984.5
1157,511,694,s,18,23.0,False,1984.5,1985.75
1158,549,750,s,18,27.0,False,1984.5,1986.75
1159,759,389,s,18,27.0,False,1984.5,1986.75
1160,934,499,s,18,18.0,False,1984.5,1984.5
1161,172,81,s,18,21.0,False,1984.5,1985.25
1162,196,975,s,18,19.0,False,1984.5,1984.75
1163,264,5,s,18,19.0,False,1984.5,1984.75
1164,264,1042,s,18,19.0,False,1984.5,1984.75
1165,479,730,s,18,19.0,False,1984.5,1984.75
1166,486,665,s,18,21.0,False,1984.5,1985.25
1167,521,1030,s,18,24.0,False,1984.5,1986.0
1168,759,302,s,18,23.0,False,1984.5,1985.75
1169,832,100,s,18,27.0,False,1984.5,1986.75
1170,883,1069,s,18,22.0,False,1984.5,1985.5
1171,970,1053,s,18,21.0,False,1984.5,1985.25
1172,278,50,l,18,55.0,True,1984.5,1993.75
1173,113,663,l,18,167.0,True,1984.5,2021.75
1174,1171,495,l,18,61.0,True,1984.5,1995.25
1175,518,1197,l,18,36.0,True,1984.5,1989.0
1176,93,86,s,19,21.0,False,1984.75,1985.25
1177,203,108,s,19,28.0,False,1984.75,1987.0
1178,264,675,s,19,20.0,False,1984.75,1985.0
1179,355,408,s,19,20.0,False,1984.75,1985.0
1180,355,685,s,19,19.0,False,1984.75,1984.75
1181,518,749,s,19,24.0,False,1984.75,1986.0
1182,715,663,s,19,22.0,False,1984.75,1985.5
1183,732,9,s,19,20.0,False,1984.75,1985.0
1184,955,493,s,19,28.0,False,1984.75,1987.0
1185,1084,1032,s,19,19.0,False,1984.75,1984.75
1186,1086,108,s,19,19.0,False,1984.75,1984.75
1187,1125,939,s,19,20.0,False,1984.75,1985.0
1188,1199,861,s,19,20.0,False,1984.75,1985.0
1189,44,961,s,19,23.0,False,1984.75,1985.75
1190,230,202,s,19,26.0,False,1984.75,1986.5
1191,230,704,s,19,21.0,False,1984.75,1985.25
1192,638,86,s,19,25.0,False,1984.75,1986.25
1193,832,493,s,19,23.0,False,1984.75,1985.75
1194,883,996,s,19,20.0,False,1984.75,1985.0
1195,893,110,s,19,24.0,False,1984.75,1986.0
1196,934,679,s,19,20.0,False,1984.75,1985.0
1197,1100,85,s,19,23.0,False,1984.75,1985.75
1198,39,767,s,19,20.0,False,1984.75,1985.0
1199,117,1037,s,19,20.0,False,1984.75,1985.0
1200,152,499,s,19,24.0,False,1984.75,1986.0
1201,269,108,s,19,24.0,False,1984.75,1986.0
1202,321,108,s,19,21.0,False,1984.75,1985.25
1203,337,367,s,19,29.0,False,1984.75,1987.25
1204,362,706,s,19,32.0,False,1984.75,1988.0
1205,508,124,s,19,20.0,False,1984.75,1985.0
1206,549,1031,s,19,20.0,False,1984.75,1985.0
1207,553,367,s,19,20.0,False,1984.75,1985.0
1208,731,644,s,19,24.0,False,1984.75,1986.0
1209,840,315,s,19,21.0,False,1984.75,1985.25
1210,863,714,s,19,20.0,False,1984.75,1985.0
1211,871,820,s,19,20.0,False,1984.75,1985.0
1212,885,898,s,19,22.0,False,1984.75,1985.5
1213,1083,701,s,19,23.0,False,1984.75,1985.75
1214,1089,167,s,19,20.0,False,1984.75,1985.0
1215,529,963,l,19,23.0,True,1984.75,1985.75
1216,1118,1044,l,19,64.0,True,1984.75,1996.0
1217,776,704,l,19,31.0,True,1984.75,1987.75
1218,944,899,l,19,52.0,True,1984.75,1993.0
1219,18,1035,s,20,20.0,False,1985.0,1985.0
1220,348,1041,s,20,27.0,False,1985.0,1986.75
1221,350,602,s,20,20.0,False,1985.0,1985.0
1222,374,704,s,20,20.0,False,1985.0,1985.0
1223,476,433,s,20,28.0,False,1985.0,1987.0
1224,479,354,s,20,22.0,False,1985.0,1985.5
1225,556,347,s,20,30.0,False,1985.0,1987.5
1226,647,675,s,20,20.0,False,1985.0,1985.0
1227,647,1042,s,20,24.0,False,1985.0,1986.0
1228,792,767,s,20,20.0,False,1985.0,1985.0
1229,924,701,s,20,22.0,False,1985.0,1985.5
1230,1118,1066,s,20,32.0,False,1985.0,1988.0
1231,117,546,s,20,24.0,False,1985.0,1986.0
1232,222,213,s,20,22.0,False,1985.0,1985.5
1233,223,1072,s,20,24.0,False,1985.0,1986.0
1234,229,543,s,20,21.0,False,1985.0,1985.25
1235,335,675,s,20,23.0,False,1985.0,1985.75
1236,363,22,s,20,25.0,False,1985.0,1986.25
1237,365,898,s,20,26.0,False,1985.0,1986.5
1238,529,124,s,20,25.0,False,1985.0,1986.25
1239,736,729,s,20,20.0,False,1985.0,1985.0
1240,737,1035,s,20,21.0,False,1985.0,1985.25
1241,769,783,s,20,35.0,False,1985.0,1988.75
1242,840,202,s,20,21.0,False,1985.0,1985.25
1243,871,662,s,20,34.0,False,1985.0,1988.5
1244,893,91,s,20,23.0,False,1985.0,1985.75
1245,113,1036,s,20,23.0,False,1985.0,1985.75
1246,432,704,s,20,24.0,False,1985.0,1986.0
1247,459,755,s,20,30.0,False,1985.0,1987.5
1248,494,921,s,20,24.0,False,1985.0,1986.0
1249,815,371,s,20,26.0,False,1985.0,1986.5
1250,871,197,s,20,33.0,False,1985.0,1988.25
1251,988,701,s,20,24.0,False,1985.0,1986.0
1252,1110,1228,s,20,27.0,False,1985.0,1986.75
1253,1171,176,s,20,21.0,False,1985.0,1985.25
1254,1171,866,s,20,26.0,False,1985.0,1986.5
1255,1177,879,s,20,30.0,False,1985.0,1987.5
1256,178,282,l,20,32.0,True,1985.0,1988.0
1257,1171,632,l,20,75.0,True,1985.0,1998.75
1258,18,617,l,20,43.0,True,1985.0,1990.75
1259,381,392,l,20,84.0,True,1985.0,2001.0
1260,474,519,l,20,22.0,True,1985.0,1985.5
1261,696,189,l,20,98.0,True,1985.0,2004.5
1262,1175,1069,l,20,52.0,True,1985.0,1993.0
1263,30,704,s,21,29.0,False,1985.25,1987.25
1264,112,801,s,21,22.0,False,1985.25,1985.5
1265,222,585,s,21,21.0,False,1985.25,1985.25
1266,222,1026,s,21,23.0,False,1985.25,1985.75
1267,321,517,s,21,23.0,False,1985.25,1985.75
1268,355,25,s,21,29.0,False,1985.25,1987.25
1269,372,100,s,21,28.0,False,1985.25,1987.0
1270,432,371,s,21,23.0,False,1985.25,1985.75
1271,485,985,s,21,29.0,False,1985.25,1987.25
1272,580,578,s,21,31.0,False,1985.25,1987.75
1273,594,585,s,21,27.0,False,1985.25,1986.75
1274,739,64,s,21,23.0,False,1985.25,1985.75
1275,791,202,s,21,26.0,False,1985.25,1986.5
1276,872,440,s,21,22.0,False,1985.25,1985.5
1277,875,499,s,21,22.0,False,1985.25,1985.5
1278,880,201,s,21,27.0,False,1985.25,1986.75
1279,881,665,s,21,21.0,False,1985.25,1985.25
1280,882,5,s,21,44.0,False,1985.25,1991.0
1281,976,1026,s,21,25.0,False,1985.25,1986.25
1282,978,90,s,21,22.0,False,1985.25,1985.5
1283,45,568,s,21,22.0,False,1985.25,1985.5
1284,191,704,s,21,23.0,False,1985.25,1985.75
1285,191,866,s,21,30.0,False,1985.25,1987.5
1286,216,302,s,21,26.0,False,1985.25,1986.5
1287,230,464,s,21,22.0,False,1985.25,1985.5
1288,231,320,s,21,25.0,False,1985.25,1986.25
1289,374,295,s,21,24.0,False,1985.25,1986.0
1290,452,399,s,21,23.0,False,1985.25,1985.75
1291,652,217,s,21,27.0,False,1985.25,1986.75
1292,718,49,s,21,24.0,False,1985.25,1986.0
1293,863,929,s,21,22.0,False,1985.25,1985.5
1294,993,1026,s,21,23.0,False,1985.25,1985.75
1295,998,724,s,21,25.0,False,1985.25,1986.25
1296,3,202,s,21,24.0,False,1985.25,1986.0
1297,57,653,s,21,28.0,False,1985.25,1987.0
1298,111,369,s,21,22.0,False,1985.25,1985.5
1299,117,340,s,21,23.0,False,1985.25,1985.75
1300,196,749,s,21,22.0,False,1985.25,1985.5
1301,230,499,s,21,22.0,False,1985.25,1985.5
1302,274,898,s,21,26.0,False,1985.25,1986.5
1303,430,1024,s,21,24.0,False,1985.25,1986.0
1304,476,123,s,21,23.0,False,1985.25,1985.75
1305,476,282,s,21,23.0,False,1985.25,1985.75
1306,497,606,s,21,33.0,False,1985.25,1988.25
1307,511,124,s,21,23.0,False,1985.25,1985.75
1308,575,302,s,21,29.0,False,1985.25,1987.25
1309,667,389,s,21,32.0,False,1985.25,1988.0
1310,818,675,s,21,27.0,False,1985.25,1986.75
1311,918,314,s,21,22.0,False,1985.25,1985.5
1312,928,996,s,21,22.0,False,1985.25,1985.5
1313,321,824,l,21,86.0,True,1985.25,2001.5
1314,556,701,l,21,76.0,True,1985.25,1999.0
1315,446,162,l,21,45.0,True,1985.25,1991.25
1316,1114,879,l,21,96.0,True,1985.25,2004.0
1317,274,90,l,21,213.0,True,1985.25,2033.25
1318,1109,617,l,21,24.0,True,1985.25,1986.0
1319,57,985,s,22,35.0,False,1985.5,1988.75
1320,73,762,s,22,22.0,False,1985.5,1985.5
1321,96,901,s,22,23.0,False,1985.5,1985.75
1322,169,866,s,22,26.0,False,1985.5,1986.5
1323,191,1022,s,22,24.0,False,1985.5,1986.0
1324,234,58,s,22,22.0,False,1985.5,1985.5
1325,264,685,s,22,25.0,False,1985.5,1986.25
1326,355,9,s,22,24.0,False,1985.5,1986.0
1327,383,617,s,22,25.0,False,1985.5,1986.25
1328,525,81,s,22,25.0,False,1985.5,1986.25
1329,696,498,s,22,23.0,False,1985.5,1985.75
1330,699,380,s,22,25.0,False,1985.5,1986.25
1331,754,371,s,22,28.0,False,1985.5,1987.0
1332,871,1031,s,22,23.0,False,1985.5,1985.75
1333,917,302,s,22,22.0,False,1985.5,1985.5
1334,936,1044,s,22,23.0,False,1985.5,1985.75
1335,1083,464,s,22,27.0,False,1985.5,1986.75
1336,1093,822,s,22,26.0,False,1985.5,1986.5
1337,1104,100,s,22,24.0,False,1985.5,1986.0
1338,1134,834,s,22,23.0,False,1985.5,1985.75
1339,1174,124,s,22,26.0,False,1985.5,1986.5
1340,113,213,s,22,31.0,False,1985.5,1987.75
1341,118,939,s,22,25.0,False,1985.5,1986.25
1342,157,1038,s,22,35.0,False,1985.5,1988.75
1343,229,1070,s,22,24.0,False,1985.5,1986.0
1344,355,801,s,22,23.0,False,1985.5,1985.75
1345,732,898,s,22,23.0,False,1985.5,1985.75
1346,736,323,s,22,23.0,False,1985.5,1985.75
1347,759,772,s,22,24.0,False,1985.5,1986.0
1348,875,391,s,22,23.0,False,1985.5,1985.75
1349,894,665,s,22,26.0,False,1985.5,1986.5
1350,917,58,s,22,25.0,False,1985.5,1986.25
1351,919,124,s,22,25.0,False,1985.5,1986.25
1352,919,907,s,22,42.0,False,1985.5,1990.5
1353,1113,1032,s,22,24.0,False,1985.5,1986.0
1354,1123,1053,s,22,23.0,False,1985.5,1985.75
1355,1135,404,s,22,38.0,False,1985.5,1989.5
1356,1171,371,s,22,27.0,False,1985.5,1986.75
1357,1172,100,s,22,28.0,False,1985.5,1987.0
1358,3,704,s,22,23.0,False,1985.5,1985.75
1359,172,1028,s,22,24.0,False,1985.5,1986.0
1360,191,665,s,22,27.0,False,1985.5,1986.75
1361,235,58,s,22,23.0,False,1985.5,1985.75
1362,381,899,s,22,23.0,False,1985.5,1985.75
1363,383,302,s,22,23.0,False,1985.5,1985.75
1364,383,1053,s,22,23.0,False,1985.5,1985.75
1365,485,124,s,22,27.0,False,1985.5,1986.75
1366,573,406,s,22,24.0,False,1985.5,1986.0
1367,573,898,s,22,28.0,False,1985.5,1987.0
1368,611,189,s,22,25.0,False,1985.5,1986.25
1369,696,399,s,22,24.0,False,1985.5,1986.0
1370,756,985,s,22,31.0,False,1985.5,1987.75
1371,838,499,s,22,29.0,False,1985.5,1987.25
1372,970,1170,s,22,24.0,False,1985.5,1986.0
1373,1171,710,s,22,32.0,False,1985.5,1988.0
1374,215,25,l,22,31.0,True,1985.5,1987.75
1375,203,763,l,22,68.0,True,1985.5,1997.0
1376,988,213,l,22,49.0,True,1985.5,1992.25
1377,638,956,l,22,80.0,True,1985.5,2000.0
1378,1175,602,l,22,68.0,True,1985.5,1997.0
1379,28,320,s,23,29.0,False,1985.75,1987.25
1380,152,375,s,23,24.0,False,1985.75,1986.0
1381,196,295,s,23,28.0,False,1985.75,1987.0
1382,207,557,s,23,28.0,False,1985.75,1987.0
1383,229,730,s,23,23.0,False,1985.75,1985.75
1384,260,90,s,23,24.0,False,1985.75,1986.0
1385,467,71,s,23,25.0,False,1985.75,1986.25
1386,486,585,s,23,25.0,False,1985.75,1986.25
1387,575,78,s,23,24.0,False,1985.75,1986.0
1388,815,665,s,23,24.0,False,1985.75,1986.0
1389,832,694,s,23,35.0,False,1985.75,1988.75
1390,895,9,s,23,23.0,False,1985.75,1985.75
1391,998,1031,s,23,26.0,False,1985.75,1986.5
1392,1098,315,s,23,25.0,False,1985.75,1986.25
1393,1114,617,s,23,26.0,False,1985.75,1986.5
1394,28,202,s,23,24.0,False,1985.75,1986.0
1395,107,1032,s,23,25.0,False,1985.75,1986.25
1396,134,170,s,23,24.0,False,1985.75,1986.0
1397,230,481,s,23,32.0,False,1985.75,1988.0
1398,415,898,s,23,31.0,False,1985.75,1987.75
1399,497,665,s,23,26.0,False,1985.75,1986.5
1400,575,945,s,23,29.0,False,1985.75,1987.25
1401,594,898,s,23,36.0,False,1985.75,1989.0
1402,863,1227,s,23,26.0,False,1985.75,1986.5
1403,976,730,s,23,38.0,False,1985.75,1989.5
1404,978,650,s,23,28.0,False,1985.75,1987.0
1405,991,389,s,23,26.0,False,1985.75,1986.5
1406,1123,783,s,23,25.0,False,1985.75,1986.25
1407,39,692,s,23,24.0,False,1985.75,1986.0
1408,113,9,s,23,26.0,False,1985.75,1986.5
1409,150,585,s,23,26.0,False,1985.75,1986.5
1410,372,1229,s,23,30.0,False,1985.75,1987.5
1411,383,822,s,23,24.0,False,1985.75,1986.0
1412,485,358,s,23,28.0,False,1985.75,1987.0
1413,818,468,s,23,24.0,False,1985.75,1986.0
1414,871,108,s,23,24.0,False,1985.75,1986.0
1415,883,996,s,23,25.0,False,1985.75,1986.25
1416,937,964,s,23,38.0,False,1985.75,1989.5
1417,1125,1050,s,23,24.0,False,1985.75,1986.0
1418,660,124,l,23,156.0,True,1985.75,2019.0
1419,880,170,l,23,131.0,True,1985.75,2012.75
1420,3,483,l,23,83.0,True,1985.75,2000.75
1421,321,189,l,23,114.0,True,1985.75,2008.5
1422,520,295,l,23,200.0,True,1985.75,2030.0
1423,573,679,l,23,34.0,True,1985.75,1988.5
1424,1173,424,l,23,73.0,True,1985.75,1998.25
1425,132,534,s,24,28.0,False,1986.0,1987.0
1426,169,645,s,24,30.0,False,1986.0,1987.5
1427,362,945,s,24,28.0,False,1986.0,1987.0
1428,379,294,s,24,30.0,False,1986.0,1987.5
1429,485,693,s,24,26.0,False,1986.0,1986.5
1430,511,763,s,24,24.0,False,1986.0,1986.0
1431,532,86,s,24,25.0,False,1986.0,1986.25
1432,754,866,s,24,24.0,False,1986.0,1986.0
1433,788,898,s,24,27.0,False,1986.0,1986.75
1434,815,964,s,24,26.0,False,1986.0,1986.5
1435,815,1026,s,24,28.0,False,1986.0,1987.0
1436,871,1032,s,24,25.0,False,1986.0,1986.25
1437,938,704,s,24,26.0,False,1986.0,1986.5
1438,978,407,s,24,29.0,False,1986.0,1987.25
1439,1086,440,s,24,28.0,False,1986.0,1987.0
1440,1104,326,s,24,25.0,False,1986.0,1986.25
1441,1174,956,s,24,26.0,False,1986.0,1986.5
1442,1177,456,s,24,28.0,False,1986.0,1987.0
1443,18,100,s,24,37.0,False,1986.0,1989.25
1444,191,484,s,24,25.0,False,1986.0,1986.25
1445,239,167,s,24,26.0,False,1986.0,1986.5
1446,372,1045,s,24,27.0,False,1986.0,1986.75
1447,383,695,s,24,27.0,False,1986.0,1986.75
1448,916,665,s,24,27.0,False,1986.0,1986.75
1449,1104,617,s,24,28.0,False,1986.0,1987.0
1450,1122,1061,s,24,25.0,False,1986.0,1986.25
1451,1231,1053,s,24,26.0,False,1986.0,1986.5
1452,117,1049,s,24,28.0,False,1986.0,1987.0
1453,232,694,s,24,27.0,False,1986.0,1986.75
1454,234,320,s,24,27.0,False,1986.0,1986.75
1455,264,835,s,24,26.0,False,1986.0,1986.5
1456,355,22,s,24,30.0,False,1986.0,1987.5
1457,773,375,s,24,25.0,False,1986.0,1986.25
1458,906,1022,s,24,26.0,False,1986.0,1986.5
1459,1093,407,s,24,28.0,False,1986.0,1987.0
1460,1093,1032,s,24,25.0,False,1986.0,1986.25
1461,1104,1044,s,24,26.0,False,1986.0,1986.5
1462,1106,747,s,24,29.0,False,1986.0,1987.25
1463,521,189,l,24,99.0,True,1986.0,2004.75
1464,849,701,l,24,104.0,True,1986.0,2006.0
1465,917,504,l,24,57.0,True,1986.0,1994.25
1466,264,181,l,24,105.0,True,1986.0,2006.25
1467,542,49,l,24,43.0,True,1986.0,1990.75
1468,566,956,l,24,55.0,True,1986.0,1993.75
1469,28,947,s,25,25.0,False,1986.25,1986.25
1470,229,1062,s,25,28.0,False,1986.25,1987.0
1471,247,90,s,25,27.0,False,1986.25,1986.75
1472,356,371,s,25,25.0,False,1986.25,1986.25
1473,479,405,s,25,29.0,False,1986.25,1987.25
1474,494,1165,s,25,26.0,False,1986.25,1986.5
1475,497,391,s,25,35.0,False,1986.25,1988.75
1476,511,996,s,25,26.0,False,1986.25,1986.5
1477,526,767,s,25,26.0,False,1986.25,1986.5
1478,622,730,s,25,28.0,False,1986.25,1987.0
1479,777,1048,s,25,25.0,False,1986.25,1986.25
1480,853,71,s,25,26.0,False,1986.25,1986.5
1481,869,213,s,25,30.0,False,1986.25,1987.5
1482,875,1032,s,25,26.0,False,1986.25,1986.5
1483,1122,523,s,25,25.0,False,1986.25,1986.25
1484,39,1049,s,25,29.0,False,1986.25,1987.25
1485,321,90,s,25,33.0,False,1986.25,1988.25
1486,430,416,s,25,32.0,False,1986.25,1988.0
1487,490,1028,s,25,25.0,False,1986.25,1986.25
1488,560,288,s,25,30.0,False,1986.25,1987.5
1489,681,124,s,25,25.0,False,1986.25,1986.25
1490,736,64,s,25,29.0,False,1986.25,1987.25
1491,818,546,s,25,32.0,False,1986.25,1988.0
1492,818,685,s,25,30.0,False,1986.25,1987.5
1493,832,5,s,25,44.0,False,1986.25,1991.0
1494,875,680,s,25,35.0,False,1986.25,1988.75
1495,885,367,s,25,26.0,False,1986.25,1986.5
1496,895,767,s,25,27.0,False,1986.25,1986.75
1497,978,932,s,25,30.0,False,1986.25,1987.5
1498,1097,64,s,25,36.0,False,1986.25,1989.0
1499,1123,1228,s,25,27.0,False,1986.25,1986.75
1500,1126,1057,s,25,25.0,False,1986.25,1986.25
1501,113,824,s,25,31.0,False,1986.25,1987.75
1502,172,176,s,25,34.0,False,1986.25,1988.5
1503,264,602,s,25,26.0,False,1986.25,1986.5
1504,415,444,s,25,26.0,False,1986.25,1986.5
1505,452,585,s,25,33.0,False,1986.25,1988.25
1506,553,1026,s,25,27.0,False,1986.25,1986.75
1507,776,1022,s,25,32.0,False,1986.25,1988.0
1508,955,1032,s,25,26.0,False,1986.25,1986.5
1509,1096,632,s,25,26.0,False,1986.25,1986.5
1510,10,546,l,25,44.0,True,1986.25,1991.0
1511,141,1024,l,25,91.0,True,1986.25,2002.75
1512,869,371,l,25,112.0,True,1986.25,2008.0
1513,178,114,l,25,63.0,True,1986.25,1995.75
1514,715,724,l,25,58.0,True,1986.25,1994.5
1515,886,1067,l,25,43.0,True,1986.25,1990.75
1516,207,1025,l,25,28.0,True,1986.25,1987.0
1517,832,1067,l,25,56.0,True,1986.25,1994.0
1518,1134,1073,l,25,36.0,True,1986.25,1989.0
1519,39,201,s,26,32.0,False,1986.5,1988.0
1520,48,371,s,26,28.0,False,1986.5,1987.0
1521,152,127,s,26,31.0,False,1986.5,1987.75
1522,155,648,s,26,29.0,False,1986.5,1987.25
1523,239,790,s,26,27.0,False,1986.5,1986.75
1524,305,693,s,26,27.0,False,1986.5,1986.75
1525,467,202,s,26,32.0,False,1986.5,1988.0
1526,532,956,s,26,35.0,False,1986.5,1988.75
1527,638,81,s,26,27.0,False,1986.5,1986.75
1528,681,724,s,26,30.0,False,1986.5,1987.5
1529,815,290,s,26,26.0,False,1986.5,1986.5
1530,883,538,s,26,27.0,False,1986.5,1986.75
1531,938,86,s,26,27.0,False,1986.5,1986.75
1532,967,1048,s,26,32.0,False,1986.5,1988.0
1533,1171,496,s,26,30.0,False,1986.5,1987.5
1534,1212,1168,s,26,28.0,False,1986.5,1987.0
1535,68,331,s,26,28.0,False,1986.5,1987.0
1536,68,1065,s,26,29.0,False,1986.5,1987.25
1537,112,181,s,26,35.0,False,1986.5,1988.75
1538,119,1038,s,26,27.0,False,1986.5,1986.75
1539,211,1032,s,26,27.0,False,1986.5,1986.75
1540,321,607,s,26,41.0,False,1986.5,1990.25
1541,479,1047,s,26,30.0,False,1986.5,1987.5
1542,485,899,s,26,29.0,False,1986.5,1987.25
1543,526,302,s,26,28.0,False,1986.5,1987.0
1544,647,891,s,26,34.0,False,1986.5,1988.5
1545,716,22,s,26,37.0,False,1986.5,1989.25
1546,739,464,s,26,28.0,False,1986.5,1987.0
1547,754,606,s,26,28.0,False,1986.5,1987.0
1548,928,338,s,26,27.0,False,1986.5,1986.75
1549,988,464,s,26,28.0,False,1986.5,1987.0
1550,1086,347,s,26,30.0,False,1986.5,1987.5
1551,1116,948,s,26,28.0,False,1986.5,1987.0
1552,1175,1057,s,26,38.0,False,1986.5,1989.5
1553,3,340,s,26,27.0,False,1986.5,1986.75
1554,207,632,s,26,29.0,False,1986.5,1987.25
1555,223,369,s,26,38.0,False,1986.5,1989.5
1556,274,824,s,26,28.0,False,1986.5,1987.0
1557,526,1227,s,26,34.0,False,1986.5,1988.5
1558,532,1057,s,26,27.0,False,1986.5,1986.75
1559,598,1031,s,26,31.0,False,1986.5,1987.75
1560,647,110,s,26,29.0,False,1986.5,1987.25
1561,735,1197,s,26,29.0,False,1986.5,1987.25
1562,773,1017,s,26,27.0,False,1986.5,1986.75
1563,880,543,s,26,29.0,False,1986.5,1987.25
1564,958,1067,s,26,28.0,False,1986.5,1987.0
1565,962,444,s,26,27.0,False,1986.5,1986.75
1566,962,733,s,26,33.0,False,1986.5,1988.25
1567,1114,25,s,26,27.0,False,1986.5,1986.75
1568,1171,1030,s,26,35.0,False,1986.5,1988.75
1569,169,901,l,26,69.0,True,1986.5,1997.25
1570,57,493,l,26,64.0,True,1986.5,1996.0
1571,485,763,l,26,152.0,True,1986.5,2018.0
1572,715,375,l,26,108.0,True,1986.5,2007.0
1573,54,324,s,27,28.0,False,1986.75,1987.0
1574,157,127,s,27,32.0,False,1986.75,1988.0
1575,191,704,s,27,27.0,False,1986.75,1986.75
1576,215,719,s,27,30.0,False,1986.75,1987.5
1577,292,1044,s,27,28.0,False,1986.75,1987.0
1578,355,694,s,27,28.0,False,1986.75,1987.0
1579,560,830,s,27,28.0,False,1986.75,1987.0
1580,601,371,s,27,28.0,False,1986.75,1987.0
1581,818,13,s,27,28.0,False,1986.75,1987.0
1582,832,499,s,27,27.0,False,1986.75,1986.75
1583,849,633,s,27,30.0,False,1986.75,1987.5
1584,871,110,s,27,32.0,False,1986.75,1988.0
1585,874,1165,s,27,29.0,False,1986.75,1987.25
1586,880,36,s,27,28.0,False,1986.75,1987.0
1587,960,202,s,27,35.0,False,1986.75,1988.75
1588,1097,58,s,27,28.0,False,1986.75,1987.0
1589,1102,1040,s,27,31.0,False,1986.75,1987.75
1590,62,694,s,27,29.0,False,1986.75,1987.25
1591,117,891,s,27,27.0,False,1986.75,1986.75
1592,212,338,s,27,28.0,False,1986.75,1987.0
1593,363,564,s,27,31.0,False,1986.75,1987.75
1594,372,83,s,27,28.0,False,1986.75,1987.0
1595,508,238,s,27,40.0,False,1986.75,1990.0
1596,520,1168,s,27,34.0,False,1986.75,1988.5
1597,622,1042,s,27,29.0,False,1986.75,1987.25
1598,696,95,s,27,29.0,False,1986.75,1987.25
1599,756,440,s,27,31.0,False,1986.75,1987.75
1600,917,58,s,27,37.0,False,1986.75,1989.25
1601,1109,1044,s,27,29.0,False,1986.75,1987.25
1602,119,790,s,27,28.0,False,1986.75,1987.0
1603,134,440,s,27,31.0,False,1986.75,1987.75
1604,356,202,s,27,36.0,False,1986.75,1989.0
1605,494,347,s,27,28.0,False,1986.75,1987.0
1606,501,367,s,27,30.0,False,1986.75,1987.5
1607,533,898,s,27,34.0,False,1986.75,1988.5
1608,597,824,s,27,28.0,False,1986.75,1987.0
1609,739,291,s,27,28.0,False,1986.75,1987.0
1610,743,315,s,27,30.0,False,1986.75,1987.5
1611,871,763,s,27,31.0,False,1986.75,1987.75
1612,889,300,s,27,29.0,False,1986.75,1987.25
1613,919,213,s,27,37.0,False,1986.75,1989.25
1614,934,224,s,27,33.0,False,1986.75,1988.25
1615,1099,531,s,27,33.0,False,1986.75,1988.25
1616,1105,996,s,27,34.0,False,1986.75,1988.5
1617,1107,220,s,27,29.0,False,1986.75,1987.25
1618,1115,35,s,27,45.0,False,1986.75,1991.25
1619,1116,985,s,27,29.0,False,1986.75,1987.25
1620,881,1034,l,27,30.0,True,1986.75,1987.5
1621,44,411,s,28,30.0,False,1987.0,1987.5
1622,211,341,s,28,29.0,False,1987.0,1987.25
1623,337,290,s,28,32.0,False,1987.0,1988.0
1624,355,371,s,28,29.0,False,1987.0,1987.25
1625,355,1048,s,28,32.0,False,1987.0,1988.0
1626,372,948,s,28,29.0,False,1987.0,1987.25
1627,476,1169,s,28,31.0,False,1987.0,1987.75
1628,520,665,s,28,28.0,False,1987.0,1987.0
1629,594,578,s,28,33.0,False,1987.0,1988.25
1630,773,291,s,28,33.0,False,1987.0,1988.25
1631,882,499,s,28,34.0,False,1987.0,1988.5
1632,883,1067,s,28,29.0,False,1987.0,1987.25
1633,936,9,s,28,30.0,False,1987.0,1987.5
1634,1172,921,s,28,29.0,False,1987.0,1987.25
1635,1176,86,s,28,30.0,False,1987.0,1987.5
1636,230,237,s,28,29.0,False,1987.0,1987.25
1637,365,295,s,28,30.0,False,1987.0,1987.5
1638,463,114,s,28,33.0,False,1987.0,1988.25
1639,618,192,s,28,39.0,False,1987.0,1989.75
1640,735,675,s,28,31.0,False,1987.0,1987.75
1641,776,124,s,28,34.0,False,1987.0,1988.5
1642,849,1023,s,28,32.0,False,1987.0,1988.0
1643,859,945,s,28,29.0,False,1987.0,1987.25
1644,918,176,s,28,37.0,False,1987.0,1989.25
1645,924,822,s,28,28.0,False,1987.0,1987.0
1646,938,358,s,28,36.0,False,1987.0,1989.0
1647,1091,58,s,28,36.0,False,1987.0,1989.0
1648,232,498,s,28,29.0,False,1987.0,1987.25
1649,242,315,s,28,40.0,False,1987.0,1990.0
1650,264,1037,s,28,38.0,False,1987.0,1989.5
1651,274,197,s,28,30.0,False,1987.0,1987.5
1652,277,433,s,28,30.0,False,1987.0,1987.5
1653,549,189,s,28,29.0,False,1987.0,1987.25
1654,549,392,s,28,31.0,False,1987.0,1987.75
1655,735,314,s,28,31.0,False,1987.0,1987.75
1656,739,64,s,28,30.0,False,1987.0,1987.5
1657,777,124,s,28,29.0,False,1987.0,1987.25
1658,880,730,s,28,31.0,False,1987.0,1987.75
1659,885,167,s,28,32.0,False,1987.0,1988.0
1660,918,537,s,28,30.0,False,1987.0,1987.5
1661,432,665,l,28,55.0,True,1987.0,1993.75
1662,1171,444,l,28,36.0,True,1987.0,1989.0
1663,222,947,l,28,55.0,True,1987.0,1993.75
1664,940,293,l,28,49.0,True,1987.0,1992.25
1665,264,1043,l,28,31.0,True,1987.0,1987.75
1666,520,22,l,28,59.0,True,1987.0,1994.75
1667,815,90,l,28,50.0,True,1987.0,1992.5
1668,39,123,s,29,33.0,False,1987.25,1988.25
1669,44,170,s,29,34.0,False,1987.25,1988.5
1670,119,338,s,29,34.0,False,1987.25,1988.5
1671,150,632,s,29,33.0,False,1987.25,1988.25
1672,638,320,s,29,33.0,False,1987.25,1988.25
1673,647,730,s,29,41.0,False,1987.25,1990.25
1674,815,890,s,29,30.0,False,1987.25,1987.5
1675,849,628,s,29,37.0,False,1987.25,1989.25
1676,864,617,s,29,34.0,False,1987.25,1988.5
1677,897,86,s,29,32.0,False,1987.25,1988.0
1678,909,750,s,29,30.0,False,1987.25,1987.5
1679,909,824,s,29,30.0,False,1987.25,1987.5
1680,928,1282,s,29,37.0,False,1987.25,1989.25
1681,936,631,s,29,34.0,False,1987.25,1988.5
1682,953,1227,s,29,29.0,False,1987.25,1987.25
1683,1081,898,s,29,30.0,False,1987.25,1987.5
1684,1090,405,s,29,30.0,False,1987.25,1987.5
1685,1108,5,s,29,42.0,False,1987.25,1990.5
1686,1108,890,s,29,29.0,False,1987.25,1987.25
1687,1178,468,s,29,35.0,False,1987.25,1988.75
1688,62,1042,s,29,34.0,False,1987.25,1988.5
1689,93,820,s,29,35.0,False,1987.25,1988.75
1690,112,408,s,29,30.0,False,1987.25,1987.5
1691,117,290,s,29,32.0,False,1987.25,1988.0
1692,203,644,s,29,29.0,False,1987.25,1987.25
1693,301,25,s,29,31.0,False,1987.25,1987.75
1694,301,202,s,29,29.0,False,1987.25,1987.25
1695,381,1039,s,29,30.0,False,1987.25,1987.5
1696,432,399,s,29,29.0,False,1987.25,1987.25
1697,490,1028,s,29,31.0,False,1987.25,1987.75
1698,580,450,s,29,33.0,False,1987.25,1988.25
1699,732,320,s,29,31.0,False,1987.25,1987.75
1700,893,367,s,29,31.0,False,1987.25,1987.75
1701,169,942,s,29,30.0,False,1987.25,1987.5
1702,172,64,s,29,34.0,False,1987.25,1988.5
1703,191,444,s,29,31.0,False,1987.25,1987.75
1704,815,835,s,29,33.0,False,1987.25,1988.25
1705,1133,1069,s,29,37.0,False,1987.25,1989.25
1706,1171,85,s,29,35.0,False,1987.25,1988.75
1707,33,110,l,29,48.0,True,1987.25,1992.0
1708,359,795,l,29,40.0,True,1987.25,1990.0
1709,191,22,l,29,69.0,True,1987.25,1997.25
1710,944,822,l,29,216.0,True,1987.25,2034.0
1711,1178,369,l,29,48.0,True,1987.25,1992.0
1712,172,180,s,30,30.0,False,1987.5,1987.5
1713,229,1197,s,30,31.0,False,1987.5,1987.75
1714,486,733,s,30,32.0,False,1987.5,1988.0
1715,796,367,s,30,33.0,False,1987.5,1988.25
1716,796,1167,s,30,31.0,False,1987.5,1987.75
1717,1085,464,s,30,39.0,False,1987.5,1989.75
1718,1094,665,s,30,32.0,False,1987.5,1988.0
1719,113,340,s,30,31.0,False,1987.5,1987.75
1720,150,90,s,30,36.0,False,1987.5,1989.0
1721,211,192,s,30,30.0,False,1987.5,1987.5
1722,218,389,s,30,31.0,False,1987.5,1987.75
1723,479,663,s,30,31.0,False,1987.5,1987.75
1724,512,537,s,30,31.0,False,1987.5,1987.75
1725,518,282,s,30,32.0,False,1987.5,1988.0
1726,769,1247,s,30,36.0,False,1987.5,1989.0
1727,967,424,s,30,35.0,False,1987.5,1988.75
1728,978,189,s,30,35.0,False,1987.5,1988.75
1729,1105,719,s,30,31.0,False,1987.5,1987.75
1730,1110,36,s,30,43.0,False,1987.5,1990.75
1731,1173,1049,s,30,31.0,False,1987.5,1987.75
1732,137,1059,s,30,33.0,False,1987.5,1988.25
1733,203,293,s,30,32.0,False,1987.5,1988.0
1734,274,387,s,30,35.0,False,1987.5,1988.75
1735,274,1032,s,30,31.0,False,1987.5,1987.75
1736,359,779,s,30,32.0,False,1987.5,1988.0
1737,711,1043,s,30,33.0,False,1987.5,1988.25
1738,1104,720,s,30,31.0,False,1987.5,1987.75
1739,1111,948,s,30,31.0,False,1987.5,1987.75
1740,1115,1065,s,30,39.0,False,1987.5,1989.75
1741,1124,685,s,30,31.0,False,1987.5,1987.75
1742,796,947,l,30,51.0,True,1987.5,1992.75
1743,460,371,l,30,72.0,True,1987.5,1998.0
1744,832,1197,l,30,36.0,True,1987.5,1989.0
1745,880,538,l,30,132.0,True,1987.5,2013.0
1746,885,620,l,30,92.0,True,1987.5,2003.0
1747,902,1020,l,30,34.0,True,1987.5,1988.5
1748,1103,564,l,30,78.0,True,1987.5,1999.5
1749,57,90,s,31,31.0,False,1987.75,1987.75
1750,112,1055,s,31,35.0,False,1987.75,1988.75
1751,117,504,s,31,36.0,False,1987.75,1989.0
1752,172,213,s,31,32.0,False,1987.75,1988.0
1753,260,947,s,31,31.0,False,1987.75,1987.75
1754,277,282,s,31,31.0,False,1987.75,1987.75
1755,350,367,s,31,37.0,False,1987.75,1989.25
1756,479,1050,s,31,41.0,False,1987.75,1990.25
1757,597,32,s,31,31.0,False,1987.75,1987.75
1758,715,1032,s,31,34.0,False,1987.75,1988.5
1759,944,730,s,31,31.0,False,1987.75,1987.75
1760,998,557,s,31,31.0,False,1987.75,1987.75
1761,1102,1035,s,31,31.0,False,1987.75,1987.75
1762,1105,1227,s,31,37.0,False,1987.75,1989.25
1763,1172,890,s,31,35.0,False,1987.75,1988.75
1764,40,724,s,31,33.0,False,1987.75,1988.25
1765,316,628,s,31,40.0,False,1987.75,1990.0
1766,430,576,s,31,39.0,False,1987.75,1989.75
1767,452,108,s,31,36.0,False,1987.75,1989.0
1768,476,1051,s,31,40.0,False,1987.75,1990.0
1769,515,37,s,31,32.0,False,1987.75,1988.0
1770,520,1037,s,31,33.0,False,1987.75,1988.25
1771,731,706,s,31,38.0,False,1987.75,1989.5
1772,776,86,s,31,32.0,False,1987.75,1988.0
1773,917,665,s,31,32.0,False,1987.75,1988.0
1774,918,1282,s,31,35.0,False,1987.75,1988.75
1775,962,61,s,31,36.0,False,1987.75,1989.0
1776,962,704,s,31,32.0,False,1987.75,1988.0
1777,1091,399,s,31,47.0,False,1987.75,1991.75
1778,1107,1170,s,31,33.0,False,1987.75,1988.25
1779,1110,1050,s,31,33.0,False,1987.75,1988.25
1780,1123,162,s,31,33.0,False,1987.75,1988.25
1781,1134,948,s,31,34.0,False,1987.75,1988.5
1782,69,407,s,31,38.0,False,1987.75,1989.5
1783,117,499,s,31,45.0,False,1987.75,1991.25
1784,248,890,s,31,36.0,False,1987.75,1989.0
1785,353,750,s,31,47.0,False,1987.75,1991.75
1786,383,531,s,31,33.0,False,1987.75,1988.25
1787,460,693,s,31,34.0,False,1987.75,1988.5
1788,485,36,s,31,33.0,False,1987.75,1988.25
1789,485,145,s,31,35.0,False,1987.75,1988.75
1790,494,1029,s,31,45.0,False,1987.75,1991.25
1791,560,391,s,31,33.0,False,1987.75,1988.25
1792,647,202,s,31,34.0,False,1987.75,1988.5
1793,715,295,s,31,34.0,False,1987.75,1988.5
1794,756,406,s,31,38.0,False,1987.75,1989.5
1795,937,1030,s,31,32.0,False,1987.75,1988.0
1796,938,606,s,31,34.0,False,1987.75,1988.5
1797,953,499,s,31,36.0,False,1987.75,1989.0
1798,1083,399,s,31,33.0,False,1987.75,1988.25
1799,1171,750,s,31,37.0,False,1987.75,1989.25
1800,1171,945,s,31,33.0,False,1987.75,1988.25
1801,1174,961,s,31,32.0,False,1987.75,1988.0
1802,944,751,l,31,32.0,True,1987.75,1988.0
1803,882,812,l,31,57.0,True,1987.75,1994.25
1804,69,929,s,32,38.0,False,1988.0,1989.5
1805,113,189,s,32,33.0,False,1988.0,1988.25
1806,117,694,s,32,49.0,False,1988.0,1992.25
1807,172,729,s,32,37.0,False,1988.0,1989.25
1808,196,631,s,32,35.0,False,1988.0,1988.75
1809,222,750,s,32,44.0,False,1988.0,1991.0
1810,301,1067,s,32,33.0,False,1988.0,1988.25
1811,520,354,s,32,32.0,False,1988.0,1988.0
1812,560,124,s,32,32.0,False,1988.0,1988.0
1813,716,932,s,32,41.0,False,1988.0,1990.25
1814,840,557,s,32,40.0,False,1988.0,1990.0
1815,867,701,s,32,32.0,False,1988.0,1988.0
1816,881,58,s,32,33.0,False,1988.0,1988.25
1817,1094,167,s,32,33.0,False,1988.0,1988.25
1818,96,367,s,32,35.0,False,1988.0,1988.75
1819,107,499,s,32,45.0,False,1988.0,1991.25
1820,112,314,s,32,35.0,False,1988.0,1988.75
1821,223,939,s,32,34.0,False,1988.0,1988.5
1822,321,576,s,32,33.0,False,1988.0,1988.25
1823,494,901,s,32,33.0,False,1988.0,1988.25
1824,512,308,s,32,33.0,False,1988.0,1988.25
1825,518,327,s,32,33.0,False,1988.0,1988.25
1826,737,464,s,32,38.0,False,1988.0,1989.5
1827,875,124,s,32,32.0,False,1988.0,1988.0
1828,1083,108,s,32,33.0,False,1988.0,1988.25
1829,1096,86,s,32,36.0,False,1988.0,1989.0
1830,1114,1299,s,32,36.0,False,1988.0,1989.0
1831,1173,985,s,32,40.0,False,1988.0,1990.0
1832,1174,153,s,32,35.0,False,1988.0,1988.75
1833,96,593,s,32,33.0,False,1988.0,1988.25
1834,186,1168,s,32,39.0,False,1988.0,1989.75
1835,264,1298,s,32,35.0,False,1988.0,1988.75
1836,278,499,s,32,35.0,False,1988.0,1988.75
1837,355,1053,s,32,37.0,False,1988.0,1989.25
1838,376,1066,s,32,36.0,False,1988.0,1989.0
1839,497,628,s,32,35.0,False,1988.0,1988.75
1840,508,129,s,32,38.0,False,1988.0,1989.5
1841,520,290,s,32,35.0,False,1988.0,1988.75
1842,525,180,s,32,33.0,False,1988.0,1988.25
1843,532,323,s,32,37.0,False,1988.0,1989.25
1844,638,323,s,32,36.0,False,1988.0,1989.0
1845,739,180,s,32,43.0,False,1988.0,1990.75
1846,928,338,s,32,35.0,False,1988.0,1988.75
1847,937,192,s,32,34.0,False,1988.0,1988.5
1848,937,1018,s,32,41.0,False,1988.0,1990.25
1849,1080,663,s,32,36.0,False,1988.0,1989.0
1850,1101,176,s,32,36.0,False,1988.0,1989.0
1851,1114,1062,s,32,33.0,False,1988.0,1988.25
1852,1116,1230,s,32,36.0,False,1988.0,1989.0
1853,1121,314,s,32,33.0,False,1988.0,1988.25
1854,130,288,l,32,94.0,True,1988.0,2003.5
1855,376,344,l,32,36.0,True,1988.0,1989.0
1856,520,1166,l,32,88.0,True,1988.0,2002.0
1857,57,9,s,33,36.0,False,1988.25,1989.0
1858,87,964,s,33,38.0,False,1988.25,1989.5
1859,229,602,s,33,36.0,False,1988.25,1989.0
1860,229,1068,s,33,33.0,False,1988.25,1988.25
1861,305,1032,s,33,36.0,False,1988.25,1989.0
1862,328,898,s,33,44.0,False,1988.25,1991.0
1863,792,408,s,33,35.0,False,1988.25,1988.75
1864,818,281,s,33,36.0,False,1988.25,1989.0
1865,1110,1058,s,33,35.0,False,1988.25,1988.75
1866,1110,1281,s,33,34.0,False,1988.25,1988.5
1867,1177,408,s,33,33.0,False,1988.25,1988.25
1868,28,407,s,33,37.0,False,1988.25,1989.25
1869,117,354,s,33,35.0,False,1988.25,1988.75
1870,121,108,s,33,35.0,False,1988.25,1988.75
1871,264,1034,s,33,33.0,False,1988.25,1988.25
1872,301,201,s,33,34.0,False,1988.25,1988.5
1873,520,110,s,33,34.0,False,1988.25,1988.5
1874,525,367,s,33,34.0,False,1988.25,1988.5
1875,647,605,s,33,41.0,False,1988.25,1990.25
1876,670,572,s,33,42.0,False,1988.25,1990.5
1877,715,572,s,33,41.0,False,1988.25,1990.25
1878,737,730,s,33,34.0,False,1988.25,1988.5
1879,871,464,s,33,34.0,False,1988.25,1988.5
1880,902,498,s,33,33.0,False,1988.25,1988.25
1881,953,628,s,33,35.0,False,1988.25,1988.75
1882,1174,86,s,33,33.0,False,1988.25,1988.25
1883,1232,1067,s,33,33.0,False,1988.25,1988.25
1884,28,985,s,33,38.0,False,1988.25,1989.5
1885,45,5,s,33,37.0,False,1988.25,1989.25
1886,150,85,s,33,35.0,False,1988.25,1988.75
1887,230,605,s,33,37.0,False,1988.25,1989.25
1888,510,1021,s,33,34.0,False,1988.25,1988.5
1889,512,1052,s,33,36.0,False,1988.25,1989.0
1890,553,1028,s,33,36.0,False,1988.25,1989.0
1891,573,293,s,33,34.0,False,1988.25,1988.5
1892,737,59,s,33,35.0,False,1988.25,1988.75
1893,776,22,s,33,37.0,False,1988.25,1989.25
1894,871,856,s,33,35.0,False,1988.25,1988.75
1895,872,391,s,33,35.0,False,1988.25,1988.75
1896,906,399,s,33,34.0,False,1988.25,1988.5
1897,1132,795,s,33,35.0,False,1988.25,1988.75
1898,1178,408,s,33,38.0,False,1988.25,1989.5
1899,1250,548,s,33,40.0,False,1988.25,1990.0
1900,715,345,l,33,119.0,True,1988.25,2009.75
1901,30,1031,l,33,70.0,True,1988.25,1997.5
1902,121,49,l,33,43.0,True,1988.25,1990.75
1903,132,399,l,33,37.0,True,1988.25,1989.25
1904,366,100,l,33,66.0,True,1988.25,1996.5
1905,573,302,l,33,166.0,True,1988.25,2021.5
1906,73,665,s,34,35.0,False,1988.5,1988.75
1907,157,805,s,34,40.0,False,1988.5,1990.0
1908,231,964,s,34,34.0,False,1988.5,1988.5
1909,239,1050,s,34,35.0,False,1988.5,1988.75
1910,269,64,s,34,36.0,False,1988.5,1989.0
1911,655,108,s,34,34.0,False,1988.5,1988.5
1912,769,1042,s,34,36.0,False,1988.5,1989.0
1913,773,291,s,34,38.0,False,1988.5,1989.5
1914,881,58,s,34,38.0,False,1988.5,1989.5
1915,934,1042,s,34,36.0,False,1988.5,1989.0
1916,937,49,s,34,51.0,False,1988.5,1992.75
1917,970,1056,s,34,34.0,False,1988.5,1988.5
1918,1084,295,s,34,35.0,False,1988.5,1988.75
1919,1174,86,s,34,34.0,False,1988.5,1988.5
1920,117,124,s,34,57.0,False,1988.5,1994.25
1921,169,49,s,34,44.0,False,1988.5,1991.0
1922,383,1049,s,34,37.0,False,1988.5,1989.25
1923,476,354,s,34,35.0,False,1988.5,1988.75
1924,715,531,s,34,34.0,False,1988.5,1988.5
1925,875,499,s,34,39.0,False,1988.5,1989.75
1926,888,90,s,34,36.0,False,1988.5,1989.0
1927,1103,1032,s,34,36.0,False,1988.5,1989.0
1928,1171,294,s,34,43.0,False,1988.5,1990.75
1929,239,932,s,34,38.0,False,1988.5,1989.5
1930,242,1043,s,34,39.0,False,1988.5,1989.75
1931,432,963,s,34,38.0,False,1988.5,1989.5
1932,511,663,s,34,42.0,False,1988.5,1990.5
1933,541,110,s,34,35.0,False,1988.5,1988.75
1934,541,424,s,34,37.0,False,1988.5,1989.25
1935,594,1031,s,34,36.0,False,1988.5,1989.0
1936,702,302,s,34,43.0,False,1988.5,1990.75
1937,849,127,s,34,37.0,False,1988.5,1989.25
1938,886,50,s,34,35.0,False,1988.5,1988.75
1939,1084,61,s,34,36.0,False,1988.5,1989.0
1940,1100,763,s,34,35.0,False,1988.5,1988.75
1941,1110,1228,s,34,36.0,False,1988.5,1989.0
1942,1171,1032,s,34,40.0,False,1988.5,1990.0
1943,1251,1298,s,34,41.0,False,1988.5,1990.25
1944,152,224,l,34,141.0,True,1988.5,2015.25
1945,337,945,l,34,103.0,True,1988.5,2005.75
1946,880,694,l,34,106.0,True,1988.5,2006.5
1947,937,108,l,34,82.0,True,1988.5,2000.5
1948,1097,354,l,34,36.0,True,1988.5,1989.0
1949,597,1031,l,34,104.0,True,1988.5,2006.0
1950,490,81,l,34,180.0,True,1988.5,2025.0
1951,515,308,l,34,60.0,True,1988.5,1995.0
1952,711,405,l,34,44.0,True,1988.5,1991.0
1953,57,288,s,35,39.0,False,1988.75,1989.75
1954,117,1032,s,35,36.0,False,1988.75,1989.0
1955,264,100,s,35,41.0,False,1988.75,1990.25
1956,355,557,s,35,41.0,False,1988.75,1990.25
1957,520,371,s,35,37.0,False,1988.75,1989.25
1958,647,1047,s,35,35.0,False,1988.75,1988.75
1959,735,124,s,35,51.0,False,1988.75,1992.75
1960,759,945,s,35,35.0,False,1988.75,1988.75
1961,1114,845,s,35,37.0,False,1988.75,1989.25
1962,1133,827,s,35,36.0,False,1988.75,1989.0
1963,239,956,s,35,36.0,False,1988.75,1989.0
1964,374,124,s,35,36.0,False,1988.75,1989.0
1965,376,1061,s,35,36.0,False,1988.75,1989.0
1966,696,645,s,35,35.0,False,1988.75,1988.75
1967,715,440,s,35,39.0,False,1988.75,1989.75
1968,715,898,s,35,36.0,False,1988.75,1989.0
1969,958,344,s,35,36.0,False,1988.75,1989.0
1970,971,824,s,35,37.0,False,1988.75,1989.25
1971,1086,701,s,35,36.0,False,1988.75,1989.0
1972,18,369,s,35,36.0,False,1988.75,1989.0
1973,152,146,s,35,36.0,False,1988.75,1989.0
1974,222,320,s,35,37.0,False,1988.75,1989.25
1975,321,572,s,35,41.0,False,1988.75,1990.25
1976,432,628,s,35,36.0,False,1988.75,1989.0
1977,463,25,s,35,46.0,False,1988.75,1991.5
1978,479,90,s,35,36.0,False,1988.75,1989.0
1979,501,632,s,35,37.0,False,1988.75,1989.25
1980,511,606,s,35,39.0,False,1988.75,1989.75
1981,520,548,s,35,39.0,False,1988.75,1989.75
1982,739,347,s,35,37.0,False,1988.75,1989.25
1983,754,952,s,35,42.0,False,1988.75,1990.5
1984,776,824,s,35,36.0,False,1988.75,1989.0
1985,840,898,s,35,46.0,False,1988.75,1991.5
1986,858,296,s,35,36.0,False,1988.75,1989.0
1987,988,965,s,35,39.0,False,1988.75,1989.75
1988,356,653,l,35,46.0,True,1988.75,1991.5
1989,754,499,l,35,148.0,True,1988.75,2017.0
1990,884,50,l,35,88.0,True,1988.75,2002.0
1991,993,411,l,35,54.0,True,1988.75,1993.5
1992,1251,747,l,35,47.0,True,1988.75,1991.75
1993,26,942,l,35,59.0,True,1988.75,1994.75
1994,121,1168,l,35,75.0,True,1988.75,1998.75
1995,229,424,s,36,38.0,False,1989.0,1989.5
1996,234,1022,s,36,36.0,False,1989.0,1989.0
1997,621,1281,s,36,36.0,False,1989.0,1989.0
1998,807,90,s,36,47.0,False,1989.0,1991.75
1999,882,302,s,36,40.0,False,1989.0,1990.0
2000,908,61,s,36,39.0,False,1989.0,1989.75
2001,944,585,s,36,37.0,False,1989.0,1989.25
2002,962,320,s,36,38.0,False,1989.0,1989.5
2003,988,129,s,36,38.0,False,1989.0,1989.5
2004,1328,192,s,36,46.0,False,1989.0,1991.5
2005,69,108,s,36,37.0,False,1989.0,1989.25
2006,133,606,s,36,39.0,False,1989.0,1989.75
2007,335,1067,s,36,38.0,False,1989.0,1989.5
2008,381,347,s,36,45.0,False,1989.0,1991.25
2009,485,822,s,36,57.0,False,1989.0,1994.25
2010,573,399,s,36,39.0,False,1989.0,1989.75
2011,601,964,s,36,36.0,False,1989.0,1989.0
2012,667,389,s,36,37.0,False,1989.0,1989.25
2013,726,58,s,36,39.0,False,1989.0,1989.75
2014,735,424,s,36,44.0,False,1989.0,1991.0
2015,739,1017,s,36,42.0,False,1989.0,1990.5
2016,796,679,s,36,42.0,False,1989.0,1990.5
2017,832,100,s,36,39.0,False,1989.0,1989.75
2018,849,9,s,36,39.0,False,1989.0,1989.75
2019,863,665,s,36,41.0,False,1989.0,1990.25
2020,936,367,s,36,47.0,False,1989.0,1991.75
2021,937,192,s,36,41.0,False,1989.0,1990.25
2022,28,499,s,36,42.0,False,1989.0,1990.5
2023,73,90,s,36,37.0,False,1989.0,1989.25
2024,239,1053,s,36,39.0,False,1989.0,1989.75
2025,355,1051,s,36,40.0,False,1989.0,1990.0
2026,365,302,s,36,42.0,False,1989.0,1990.5
2027,533,898,s,36,40.0,False,1989.0,1990.0
2028,573,49,s,36,42.0,False,1989.0,1990.5
2029,715,704,s,36,37.0,False,1989.0,1989.25
2030,754,1027,s,36,39.0,False,1989.0,1989.75
2031,855,675,s,36,39.0,False,1989.0,1989.75
2032,881,261,s,36,38.0,False,1989.0,1989.5
2033,881,632,s,36,47.0,False,1989.0,1991.75
2034,940,964,s,36,45.0,False,1989.0,1991.25
2035,993,340,s,36,38.0,False,1989.0,1989.5
2036,998,295,s,36,38.0,False,1989.0,1989.5
2037,1171,582,s,36,37.0,False,1989.0,1989.25
2038,1176,1057,s,36,40.0,False,1989.0,1990.0
2039,1251,83,s,36,43.0,False,1989.0,1990.75
2040,1328,495,s,36,64.0,False,1989.0,1996.0
2041,216,391,l,36,148.0,True,1989.0,2017.0
2042,924,496,l,36,153.0,True,1989.0,2018.25
2043,1328,945,l,36,185.0,True,1989.0,2026.25
2044,594,898,l,36,116.0,True,1989.0,2009.0
2045,944,578,l,36,53.0,True,1989.0,1993.25
2046,3,340,s,37,38.0,False,1989.25,1989.5
2047,28,498,s,37,38.0,False,1989.25,1989.5
2048,113,733,s,37,38.0,False,1989.25,1989.5
2049,191,704,s,37,38.0,False,1989.25,1989.5
2050,482,704,s,37,44.0,False,1989.25,1991.0
2051,512,1055,s,37,40.0,False,1989.25,1990.0
2052,630,192,s,37,47.0,False,1989.25,1991.75
2053,736,956,s,37,39.0,False,1989.25,1989.75
2054,737,50,s,37,38.0,False,1989.25,1989.5
2055,909,1022,s,37,38.0,False,1989.25,1989.5
2056,928,424,s,37,37.0,False,1989.25,1989.25
2057,960,945,s,37,40.0,False,1989.25,1990.0
2058,1085,1023,s,37,40.0,False,1989.25,1990.0
2059,1114,617,s,37,39.0,False,1989.25,1989.75
2060,1173,124,s,37,38.0,False,1989.25,1989.5
2061,1231,100,s,37,41.0,False,1989.25,1990.25
2062,62,1320,s,37,38.0,False,1989.25,1989.5
2063,117,389,s,37,41.0,False,1989.25,1990.25
2064,264,538,s,37,40.0,False,1989.25,1990.0
2065,278,956,s,37,42.0,False,1989.25,1990.5
2066,418,706,s,37,41.0,False,1989.25,1990.25
2067,745,347,s,37,41.0,False,1989.25,1990.25
2068,754,898,s,37,38.0,False,1989.25,1989.5
2069,832,1298,s,37,39.0,False,1989.25,1989.75
2070,858,202,s,37,38.0,False,1989.25,1989.5
2071,953,615,s,37,46.0,False,1989.25,1991.5
2072,1084,824,s,37,44.0,False,1989.25,1991.0
2073,169,213,s,37,38.0,False,1989.25,1989.5
2074,212,338,s,37,39.0,False,1989.25,1989.75
2075,216,302,s,37,38.0,False,1989.25,1989.5
2076,264,1061,s,37,41.0,False,1989.25,1990.25
2077,518,288,s,37,41.0,False,1989.25,1990.25
2078,745,950,s,37,42.0,False,1989.25,1990.5
2079,784,90,s,37,43.0,False,1989.25,1990.75
2080,867,499,s,37,41.0,False,1989.25,1990.25
2081,917,585,s,37,38.0,False,1989.25,1989.5
2082,1090,358,s,37,38.0,False,1989.25,1989.5
2083,1133,752,s,37,50.0,False,1989.25,1992.5
2084,1171,367,s,37,41.0,False,1989.25,1990.25
2085,172,399,l,37,47.0,True,1989.25,1991.75
2086,239,110,l,37,48.0,True,1989.25,1992.0
2087,301,1321,l,37,144.0,True,1989.25,2016.0
2088,1085,146,l,37,55.0,True,1989.25,1993.75
2089,988,261,l,37,57.0,True,1989.25,1994.25
2090,242,947,s,38,39.0,False,1989.5,1989.75
2091,278,1042,s,38,51.0,False,1989.5,1992.75
2092,418,701,s,38,38.0,False,1989.5,1989.5
2093,485,694,s,38,40.0,False,1989.5,1990.0
2094,508,975,s,38,40.0,False,1989.5,1990.0
2095,598,665,s,38,42.0,False,1989.5,1990.5
2096,734,49,s,38,39.0,False,1989.5,1989.75
2097,841,606,s,38,38.0,False,1989.5,1989.5
2098,937,302,s,38,44.0,False,1989.5,1991.0
2099,1100,167,s,38,52.0,False,1989.5,1993.0
2100,1103,35,s,38,41.0,False,1989.5,1990.25
2101,1175,1056,s,38,39.0,False,1989.5,1989.75
2102,1176,675,s,38,44.0,False,1989.5,1991.0
2103,1328,407,s,38,44.0,False,1989.5,1991.0
2104,1328,767,s,38,38.0,False,1989.5,1989.5
2105,67,649,s,38,41.0,False,1989.5,1990.25
2106,172,291,s,38,43.0,False,1989.5,1990.75
2107,235,1032,s,38,44.0,False,1989.5,1991.0
2108,264,25,s,38,39.0,False,1989.5,1989.75
2109,346,71,s,38,41.0,False,1989.5,1990.25
2110,520,898,s,38,42.0,False,1989.5,1990.5
2111,542,367,s,38,40.0,False,1989.5,1990.0
2112,715,302,s,38,44.0,False,1989.5,1991.0
2113,715,391,s,38,38.0,False,1989.5,1989.5
2114,784,1026,s,38,42.0,False,1989.5,1990.5
2115,902,24,s,38,38.0,False,1989.5,1989.5
2116,1121,162,s,38,44.0,False,1989.5,1991.0
2117,1251,604,s,38,43.0,False,1989.5,1990.75
2118,26,693,s,38,46.0,False,1989.5,1991.5
2119,178,675,s,38,41.0,False,1989.5,1990.25
2120,239,496,s,38,56.0,False,1989.5,1994.0
2121,239,578,s,38,40.0,False,1989.5,1990.0
2122,260,706,s,38,40.0,False,1989.5,1990.0
2123,350,961,s,38,39.0,False,1989.5,1989.75
2124,494,964,s,38,40.0,False,1989.5,1990.0
2125,769,1056,s,38,45.0,False,1989.5,1991.25
2126,853,408,s,38,43.0,False,1989.5,1990.75
2127,1114,314,s,38,62.0,False,1989.5,1995.5
2128,112,593,l,38,64.0,True,1989.5,1996.0
2129,509,347,l,38,65.0,True,1989.5,1996.25
2130,497,371,l,38,62.0,True,1989.5,1995.5
2131,909,311,l,38,70.0,True,1989.5,1997.5
2132,26,427,s,39,47.0,False,1989.75,1991.75
2133,87,399,s,39,42.0,False,1989.75,1990.5
2134,150,772,s,39,47.0,False,1989.75,1991.75
2135,242,406,s,39,39.0,False,1989.75,1989.75
2136,316,407,s,39,41.0,False,1989.75,1990.25
2137,476,162,s,39,39.0,False,1989.75,1989.75
2138,494,1320,s,39,40.0,False,1989.75,1990.0
2139,521,1029,s,39,43.0,False,1989.75,1990.75
2140,526,36,s,39,40.0,False,1989.75,1990.0
2141,580,259,s,39,41.0,False,1989.75,1990.25
2142,916,650,s,39,46.0,False,1989.75,1991.5
2143,988,947,s,39,39.0,False,1989.75,1989.75
2144,1081,952,s,39,39.0,False,1989.75,1989.75
2145,1176,537,s,39,42.0,False,1989.75,1990.5
2146,1250,675,s,39,45.0,False,1989.75,1991.25
2147,169,311,s,39,40.0,False,1989.75,1990.0
2148,191,49,s,39,43.0,False,1989.75,1990.75
2149,223,1066,s,39,44.0,False,1989.75,1991.0
2150,231,176,s,39,39.0,False,1989.75,1989.75
2151,289,202,s,39,45.0,False,1989.75,1991.25
2152,321,387,s,39,40.0,False,1989.75,1990.0
2153,485,899,s,39,40.0,False,1989.75,1990.0
2154,497,90,s,39,46.0,False,1989.75,1991.5
2155,529,108,s,39,43.0,False,1989.75,1990.75
2156,541,834,s,39,41.0,False,1989.75,1990.25
2157,560,1298,s,39,46.0,False,1989.75,1991.5
2158,687,1040,s,39,41.0,False,1989.75,1990.25
2159,737,578,s,39,45.0,False,1989.75,1991.25
2160,1096,367,s,39,51.0,False,1989.75,1992.75
2161,1100,378,s,39,44.0,False,1989.75,1991.0
2162,1175,538,s,39,39.0,False,1989.75,1989.75
2163,1251,844,s,39,41.0,False,1989.75,1990.25
2164,172,1028,s,39,41.0,False,1989.75,1990.25
2165,223,489,s,39,41.0,False,1989.75,1990.25
2166,494,1045,s,39,40.0,False,1989.75,1990.0
2167,573,1023,s,39,41.0,False,1989.75,1990.25
2168,626,1056,s,39,50.0,False,1989.75,1992.5
2169,634,1169,s,39,40.0,False,1989.75,1990.0
2170,736,291,s,39,43.0,False,1989.75,1990.75
2171,759,295,s,39,43.0,False,1989.75,1990.75
2172,769,1061,s,39,42.0,False,1989.75,1990.5
2173,902,280,s,39,43.0,False,1989.75,1990.75
2174,909,82,s,39,47.0,False,1989.75,1991.75
2175,962,704,s,39,40.0,False,1989.75,1990.0
2176,976,50,s,39,44.0,False,1989.75,1991.0
2177,1093,399,s,39,46.0,False,1989.75,1991.5
2178,1328,347,s,39,41.0,False,1989.75,1990.25
2179,494,633,l,39,66.0,True,1989.75,1996.5
2180,715,775,l,39,172.0,True,1989.75,2023.0
2181,739,124,l,39,136.0,True,1989.75,2014.0
2182,630,689,l,39,107.0,True,1989.75,2006.75
2183,1251,369,l,39,81.0,True,1989.75,2000.25
2184,744,124,l,39,90.0,True,1989.75,2002.5
2185,1095,291,l,39,64.0,True,1989.75,1996.0
2186,130,37,s,40,42.0,False,1990.0,1990.5
2187,185,408,s,40,46.0,False,1990.0,1991.5
2188,196,1026,s,40,48.0,False,1990.0,1992.0
2189,355,170,s,40,43.0,False,1990.0,1990.75
2190,379,405,s,40,44.0,False,1990.0,1991.0
2191,518,1045,s,40,49.0,False,1990.0,1992.25
2192,573,389,s,40,41.0,False,1990.0,1990.25
2193,647,424,s,40,45.0,False,1990.0,1991.25
2194,647,1051,s,40,41.0,False,1990.0,1990.25
2195,732,371,s,40,41.0,False,1990.0,1990.25
2196,739,64,s,40,42.0,False,1990.0,1990.5
2197,754,407,s,40,44.0,False,1990.0,1991.0
2198,756,176,s,40,40.0,False,1990.0,1990.0
2199,777,176,s,40,44.0,False,1990.0,1991.0
2200,917,945,s,40,56.0,False,1990.0,1994.0
2201,1084,311,s,40,43.0,False,1990.0,1990.75
2202,1100,749,s,40,45.0,False,1990.0,1991.25
2203,1107,36,s,40,44.0,False,1990.0,1991.0
2204,1110,314,s,40,42.0,False,1990.0,1990.5
2205,141,375,s,40,45.0,False,1990.0,1991.25
2206,141,1032,s,40,40.0,False,1990.0,1990.0
2207,418,1018,s,40,42.0,False,1990.0,1990.5
2208,518,369,s,40,43.0,False,1990.0,1990.75
2209,518,489,s,40,45.0,False,1990.0,1991.25
2210,597,499,s,40,44.0,False,1990.0,1991.0
2211,938,483,s,40,42.0,False,1990.0,1990.5
2212,1121,31,s,40,43.0,False,1990.0,1990.75
2213,1178,602,s,40,42.0,False,1990.0,1990.5
2214,1329,407,s,40,43.0,False,1990.0,1990.75
2215,40,947,s,40,42.0,False,1990.0,1990.5
2216,73,604,s,40,43.0,False,1990.0,1990.75
2217,96,1051,s,40,43.0,False,1990.0,1990.75
2218,289,996,s,40,50.0,False,1990.0,1992.5
2219,715,665,s,40,43.0,False,1990.0,1990.75
2220,732,964,s,40,42.0,False,1990.0,1990.5
2221,739,628,s,40,45.0,False,1990.0,1991.25
2222,832,424,s,40,41.0,False,1990.0,1990.25
2223,906,241,s,40,43.0,False,1990.0,1990.75
2224,1074,653,s,40,49.0,False,1990.0,1992.25
2225,1109,983,s,40,54.0,False,1990.0,1993.5
2226,1171,775,s,40,41.0,False,1990.0,1990.25
2227,1329,898,s,40,41.0,False,1990.0,1990.25
2228,161,367,l,40,76.0,True,1990.0,1999.0
2229,739,323,l,40,79.0,True,1990.0,1999.75
2230,365,392,l,40,47.0,True,1990.0,1991.75
2231,264,1043,l,40,94.0,True,1990.0,2003.5
2232,533,180,l,40,88.0,True,1990.0,2002.0
2233,630,1029,l,40,89.0,True,1990.0,2002.25
2234,754,176,l,40,111.0,True,1990.0,2007.75
2235,971,1166,l,40,62.0,True,1990.0,1995.5
2236,69,493,s,41,42.0,False,1990.25,1990.5
2237,69,932,s,41,42.0,False,1990.25,1990.5
2238,121,213,s,41,43.0,False,1990.25,1990.75
2239,152,901,s,41,47.0,False,1990.25,1991.75
2240,172,81,s,41,51.0,False,1990.25,1992.75
2241,208,411,s,41,46.0,False,1990.25,1991.5
2242,234,1166,s,41,43.0,False,1990.25,1990.75
2243,264,1050,s,41,41.0,False,1990.25,1990.25
2244,379,749,s,41,44.0,False,1990.25,1991.0
2245,598,695,s,41,45.0,False,1990.25,1991.25
2246,711,108,s,41,47.0,False,1990.25,1991.75
2247,732,450,s,41,48.0,False,1990.25,1992.0
2248,916,1023,s,41,46.0,False,1990.25,1991.5
2249,944,898,s,41,52.0,False,1990.25,1993.0
2250,1094,772,s,41,44.0,False,1990.25,1991.0
2251,1103,36,s,41,46.0,False,1990.25,1991.5
2252,1171,192,s,41,43.0,False,1990.25,1990.75
2253,1172,1348,s,41,42.0,False,1990.25,1990.5
2254,132,293,s,41,51.0,False,1990.25,1992.75
2255,212,578,s,41,43.0,False,1990.25,1990.75
2256,321,1022,s,41,46.0,False,1990.25,1991.5
2257,381,411,s,41,45.0,False,1990.25,1991.25
2258,383,110,s,41,42.0,False,1990.25,1990.5
2259,485,371,s,41,44.0,False,1990.25,1991.0
2260,792,685,s,41,45.0,False,1990.25,1991.25
2261,831,653,s,41,42.0,False,1990.25,1990.5
2262,832,25,s,41,48.0,False,1990.25,1992.0
2263,832,123,s,41,43.0,False,1990.25,1990.75
2264,840,1025,s,41,43.0,False,1990.25,1990.75
2265,859,1165,s,41,43.0,False,1990.25,1990.75
2266,937,1226,s,41,45.0,False,1990.25,1991.25
2267,1084,192,s,41,42.0,False,1990.25,1990.5
2268,1094,341,s,41,44.0,False,1990.25,1991.0
2269,1094,693,s,41,43.0,False,1990.25,1990.75
2270,1109,1348,s,41,44.0,False,1990.25,1991.0
2271,1116,1052,s,41,42.0,False,1990.25,1990.5
2272,1172,947,s,41,43.0,False,1990.25,1990.75
2273,44,90,s,41,43.0,False,1990.25,1990.75
2274,57,259,s,41,42.0,False,1990.25,1990.5
2275,130,202,s,41,47.0,False,1990.25,1991.75
2276,264,830,s,41,48.0,False,1990.25,1992.0
2277,379,110,s,41,44.0,False,1990.25,1991.0
2278,501,367,s,41,47.0,False,1990.25,1991.75
2279,520,9,s,41,57.0,False,1990.25,1994.25
2280,525,81,s,41,61.0,False,1990.25,1995.25
2281,594,347,s,41,43.0,False,1990.25,1990.75
2282,687,1053,s,41,45.0,False,1990.25,1991.25
2283,916,440,s,41,43.0,False,1990.25,1990.75
2284,922,202,s,41,43.0,False,1990.25,1990.75
2285,937,701,s,41,42.0,False,1990.25,1990.5
2286,962,261,s,41,51.0,False,1990.25,1992.75
2287,967,752,s,41,44.0,False,1990.25,1991.0
2288,988,320,s,41,55.0,False,1990.25,1993.75
2289,1100,685,s,41,50.0,False,1990.25,1992.5
2290,178,1051,l,41,43.0,True,1990.25,1990.75
2291,515,1318,l,41,66.0,True,1990.25,1996.5
2292,1079,59,l,41,58.0,True,1990.25,1994.5
2293,1121,1069,l,41,52.0,True,1990.25,1993.0
2294,172,180,l,41,91.0,True,1990.25,2002.75
2295,647,604,l,41,180.0,True,1990.25,2025.0
2296,863,481,l,41,56.0,True,1990.25,1994.0
2297,432,607,l,41,104.0,True,1990.25,2006.0
2298,998,576,l,41,59.0,True,1990.25,1994.75
2299,28,202,s,42,47.0,False,1990.5,1991.75
2300,111,31,s,42,46.0,False,1990.5,1991.5
2301,112,1319,s,42,43.0,False,1990.5,1990.75
2302,239,124,s,42,53.0,False,1990.5,1993.25
2303,490,1028,s,42,47.0,False,1990.5,1991.75
2304,497,498,s,42,43.0,False,1990.5,1990.75
2305,529,290,s,42,43.0,False,1990.5,1990.75
2306,541,1348,s,42,45.0,False,1990.5,1991.25
2307,647,25,s,42,44.0,False,1990.5,1991.0
2308,716,898,s,42,47.0,False,1990.5,1991.75
2309,736,729,s,42,42.0,False,1990.5,1990.5
2310,754,534,s,42,44.0,False,1990.5,1991.0
2311,858,313,s,42,43.0,False,1990.5,1990.75
2312,882,835,s,42,49.0,False,1990.5,1992.25
2313,916,704,s,42,56.0,False,1990.5,1994.0
2314,211,280,s,42,45.0,False,1990.5,1991.25
2315,289,749,s,42,42.0,False,1990.5,1990.5
2316,479,1027,s,42,44.0,False,1990.5,1991.0
2317,549,416,s,42,51.0,False,1990.5,1992.75
2318,871,302,s,42,43.0,False,1990.5,1990.75
2319,871,358,s,42,45.0,False,1990.5,1991.25
2320,882,58,s,42,46.0,False,1990.5,1991.5
2321,895,90,s,42,46.0,False,1990.5,1991.5
2322,895,578,s,42,46.0,False,1990.5,1991.5
2323,1081,167,s,42,43.0,False,1990.5,1990.75
2324,1082,823,s,42,43.0,False,1990.5,1990.75
2325,355,145,s,42,47.0,False,1990.5,1991.75
2326,436,302,s,42,44.0,False,1990.5,1991.0
2327,515,391,s,42,43.0,False,1990.5,1990.75
2328,529,679,s,42,43.0,False,1990.5,1990.75
2329,754,898,s,42,43.0,False,1990.5,1990.75
2330,840,693,s,42,48.0,False,1990.5,1992.0
2331,886,1058,s,42,43.0,False,1990.5,1990.75
2332,944,129,s,42,43.0,False,1990.5,1990.75
2333,976,947,s,42,45.0,False,1990.5,1991.25
2334,1109,685,s,42,45.0,False,1990.5,1991.25
2335,784,24,l,42,80.0,True,1990.5,2000.0
2336,234,90,l,42,126.0,True,1990.5,2011.5
2337,1097,291,l,42,178.0,True,1990.5,2024.5
2338,30,607,s,43,43.0,False,1990.75,1990.75
2339,68,308,s,43,44.0,False,1990.75,1991.0
2340,113,293,s,43,53.0,False,1990.75,1993.25
2341,346,602,s,43,44.0,False,1990.75,1991.0
2342,419,391,s,43,44.0,False,1990.75,1991.0
2343,485,801,s,43,55.0,False,1990.75,1993.75
2344,736,405,s,43,44.0,False,1990.75,1991.0
2345,738,1032,s,43,43.0,False,1990.75,1990.75
2346,815,1347,s,43,44.0,False,1990.75,1991.0
2347,869,291,s,43,45.0,False,1990.75,1991.25
2348,1171,392,s,43,49.0,False,1990.75,1992.25
2349,117,170,s,43,46.0,False,1990.75,1991.5
2350,321,399,s,43,43.0,False,1990.75,1990.75
2351,365,213,s,43,44.0,False,1990.75,1991.0
2352,549,750,s,43,43.0,False,1990.75,1990.75
2353,594,907,s,43,45.0,False,1990.75,1991.25
2354,696,708,s,43,50.0,False,1990.75,1992.5
2355,731,945,s,43,45.0,False,1990.75,1991.25
2356,895,110,s,43,47.0,False,1990.75,1991.75
2357,988,576,s,43,44.0,False,1990.75,1991.0
2358,1084,689,s,43,47.0,False,1990.75,1991.75
2359,1084,750,s,43,44.0,False,1990.75,1991.0
2360,1103,371,s,43,53.0,False,1990.75,1993.25
2361,379,391,s,43,45.0,False,1990.75,1991.25
2362,715,108,s,43,49.0,False,1990.75,1992.25
2363,716,1023,s,43,45.0,False,1990.75,1991.25
2364,869,1165,s,43,45.0,False,1990.75,1991.25
2365,893,1167,s,43,45.0,False,1990.75,1991.25
2366,924,750,s,43,44.0,False,1990.75,1991.0
2367,937,293,s,43,51.0,False,1990.75,1992.75
2368,937,701,s,43,44.0,False,1990.75,1991.0
2369,1098,1026,s,43,46.0,False,1990.75,1991.5
2370,1173,1069,s,43,44.0,False,1990.75,1991.0
2371,1251,153,s,43,49.0,False,1990.75,1992.25
2372,260,320,l,43,,True,1990.75,
2373,355,694,l,43,96.0,True,1990.75,2004.0
2374,906,1031,l,43,58.0,True,1990.75,1994.5
2375,1112,100,l,43,58.0,True,1990.75,1994.5
2376,1083,375,l,43,121.0,True,1990.75,2010.25
2377,73,665,s,44,46.0,False,1991.0,1991.5
2378,87,302,s,44,47.0,False,1991.0,1991.75
2379,107,890,s,44,60.0,False,1991.0,1995.0
2380,169,311,s,44,54.0,False,1991.0,1993.5
2381,172,411,s,44,44.0,False,1991.0,1991.0
2382,485,22,s,44,46.0,False,1991.0,1991.5
2383,508,24,s,44,45.0,False,1991.0,1991.25
2384,551,392,s,44,45.0,False,1991.0,1991.25
2385,637,534,s,44,46.0,False,1991.0,1991.5
2386,759,358,s,44,54.0,False,1991.0,1993.5
2387,849,582,s,44,49.0,False,1991.0,1992.25
2388,1103,110,s,44,45.0,False,1991.0,1991.25
2389,1231,408,s,44,54.0,False,1991.0,1993.5
2390,67,375,s,44,44.0,False,1991.0,1991.0
2391,107,129,s,44,50.0,False,1991.0,1992.5
2392,117,578,s,44,45.0,False,1991.0,1991.25
2393,234,24,s,44,49.0,False,1991.0,1992.25
2394,346,481,s,44,48.0,False,1991.0,1992.0
2395,379,9,s,44,52.0,False,1991.0,1993.0
2396,383,564,s,44,47.0,False,1991.0,1991.75
2397,485,167,s,44,48.0,False,1991.0,1992.0
2398,518,1170,s,44,48.0,False,1991.0,1992.0
2399,715,498,s,44,55.0,False,1991.0,1993.75
2400,788,632,s,44,70.0,False,1991.0,1997.5
2401,885,189,s,44,52.0,False,1991.0,1993.0
2402,1074,266,s,44,45.0,False,1991.0,1991.25
2403,117,288,s,44,52.0,False,1991.0,1993.0
2404,207,36,s,44,52.0,False,1991.0,1993.0
2405,229,1230,s,44,46.0,False,1991.0,1991.5
2406,355,1050,s,44,53.0,False,1991.0,1993.25
2407,379,620,s,44,45.0,False,1991.0,1991.25
2408,737,124,s,44,47.0,False,1991.0,1991.75
2409,759,295,s,44,46.0,False,1991.0,1991.5
2410,792,890,s,44,50.0,False,1991.0,1992.5
2411,882,1052,s,44,51.0,False,1991.0,1992.75
2412,909,108,s,44,45.0,False,1991.0,1991.25
2413,944,653,s,44,49.0,False,1991.0,1992.25
2414,1085,733,s,44,47.0,False,1991.0,1991.75
2415,1103,202,s,44,52.0,False,1991.0,1993.0
2416,1103,1042,s,44,47.0,False,1991.0,1991.75
2417,379,1227,l,44,64.0,True,1991.0,1996.0
2418,652,64,l,44,64.0,True,1991.0,1996.0
2419,776,496,l,44,80.0,True,1991.0,2000.0
2420,57,947,l,44,48.0,True,1991.0,1992.0
2421,248,224,l,44,68.0,True,1991.0,1997.0
2422,988,302,l,44,69.0,True,1991.0,1997.25
2423,988,311,l,44,54.0,True,1991.0,1993.5
2424,113,259,s,45,45.0,False,1991.25,1991.25
2425,222,371,s,45,47.0,False,1991.25,1991.75
2426,239,22,s,45,45.0,False,1991.25,1991.25
2427,355,985,s,45,48.0,False,1991.25,1992.0
2428,356,367,s,45,49.0,False,1991.25,1992.25
2429,482,500,s,45,52.0,False,1991.25,1993.0
2430,529,60,s,45,46.0,False,1991.25,1991.5
2431,594,663,s,45,47.0,False,1991.25,1991.75
2432,647,378,s,45,49.0,False,1991.25,1992.25
2433,743,1025,s,45,50.0,False,1991.25,1992.5
2434,864,347,s,45,54.0,False,1991.25,1993.5
2435,871,90,s,45,46.0,False,1991.25,1991.5
2436,967,1365,s,45,53.0,False,1991.25,1993.25
2437,1103,391,s,45,45.0,False,1991.25,1991.25
2438,1110,1050,s,45,51.0,False,1991.25,1992.75
2439,57,108,s,45,50.0,False,1991.25,1992.5
2440,150,176,s,45,49.0,False,1991.25,1992.25
2441,152,1022,s,45,47.0,False,1991.25,1991.75
2442,274,607,s,45,55.0,False,1991.25,1993.75
2443,362,347,s,45,47.0,False,1991.25,1991.75
2444,418,653,s,45,47.0,False,1991.25,1991.75
2445,494,493,s,45,47.0,False,1991.25,1991.75
2446,518,675,s,45,47.0,False,1991.25,1991.75
2447,520,189,s,45,49.0,False,1991.25,1992.25
2448,541,1051,s,45,46.0,False,1991.25,1991.5
2449,670,665,s,45,45.0,False,1991.25,1991.25
2450,885,1026,s,45,46.0,False,1991.25,1991.5
2451,909,628,s,45,46.0,False,1991.25,1991.5
2452,1110,1299,s,45,46.0,False,1991.25,1991.5
2453,33,1227,s,45,49.0,False,1991.25,1992.25
2454,93,1038,s,45,46.0,False,1991.25,1991.5
2455,152,345,s,45,46.0,False,1991.25,1991.5
2456,230,90,s,45,48.0,False,1991.25,1992.0
2457,232,578,s,45,48.0,False,1991.25,1992.0
2458,278,1299,s,45,47.0,False,1991.25,1991.75
2459,316,217,s,45,48.0,False,1991.25,1992.0
2460,515,537,s,45,53.0,False,1991.25,1993.25
2461,715,1022,s,45,46.0,False,1991.25,1991.5
2462,1078,793,s,45,54.0,False,1991.25,1993.5
2463,1082,481,s,45,52.0,False,1991.25,1993.0
2464,1091,302,s,45,46.0,False,1991.25,1991.5
2465,1329,578,s,45,50.0,False,1991.25,1992.5
2466,366,751,l,45,96.0,True,1991.25,2004.0
2467,264,288,l,45,76.0,True,1991.25,1999.0
2468,831,665,l,45,63.0,True,1991.25,1995.75
2469,62,1052,s,46,54.0,False,1991.5,1993.5
2470,152,392,s,46,46.0,False,1991.5,1991.5
2471,152,714,s,46,49.0,False,1991.5,1992.25
2472,203,55,s,46,58.0,False,1991.5,1994.5
2473,203,576,s,46,53.0,False,1991.5,1993.25
2474,494,367,s,46,50.0,False,1991.5,1992.5
2475,494,663,s,46,48.0,False,1991.5,1992.0
2476,497,202,s,46,48.0,False,1991.5,1992.0
2477,609,1020,s,46,49.0,False,1991.5,1992.25
2478,737,578,s,46,46.0,False,1991.5,1991.5
2479,840,481,s,46,53.0,False,1991.5,1993.25
2480,916,693,s,46,48.0,False,1991.5,1992.0
2481,944,963,s,46,48.0,False,1991.5,1992.0
2482,1080,750,s,46,48.0,False,1991.5,1992.0
2483,73,340,s,46,53.0,False,1991.5,1993.25
2484,242,90,s,46,49.0,False,1991.5,1992.25
2485,383,985,s,46,48.0,False,1991.5,1992.0
2486,551,701,s,46,50.0,False,1991.5,1992.5
2487,561,484,s,46,65.0,False,1991.5,1996.25
2488,594,367,s,46,51.0,False,1991.5,1992.75
2489,629,1028,s,46,48.0,False,1991.5,1992.0
2490,739,64,s,46,49.0,False,1991.5,1992.25
2491,788,387,s,46,48.0,False,1991.5,1992.0
2492,988,108,s,46,51.0,False,1991.5,1992.75
2493,1251,1318,s,46,48.0,False,1991.5,1992.0
2494,1329,585,s,46,54.0,False,1991.5,1993.5
2495,28,440,s,46,48.0,False,1991.5,1992.0
2496,208,124,s,46,52.0,False,1991.5,1993.0
2497,278,1043,s,46,51.0,False,1991.5,1992.75
2498,353,1026,s,46,50.0,False,1991.5,1992.5
2499,418,1021,s,46,52.0,False,1991.5,1993.0
2500,432,371,s,46,50.0,False,1991.5,1992.5
2501,630,46,s,46,49.0,False,1991.5,1992.25
2502,715,295,s,46,51.0,False,1991.5,1992.75
2503,869,167,s,46,53.0,False,1991.5,1993.25
2504,893,593,s,46,53.0,False,1991.5,1993.25
2505,922,302,s,46,48.0,False,1991.5,1992.0
2506,967,408,s,46,48.0,False,1991.5,1992.0
2507,971,296,s,46,49.0,False,1991.5,1992.25
2508,1078,90,s,46,47.0,False,1991.5,1991.75
2509,1093,605,s,46,51.0,False,1991.5,1992.75
2510,1107,1067,s,46,56.0,False,1991.5,1994.0
2511,1174,424,s,46,47.0,False,1991.5,1991.75
2512,497,1165,l,46,171.0,True,1991.5,2022.75
2513,518,1064,l,46,100.0,True,1991.5,2005.0
2514,1231,1318,l,46,48.0,True,1991.5,1992.0
2515,222,767,l,46,109.0,True,1991.5,2007.25
2516,897,288,l,46,68.0,True,1991.5,1997.0
2517,208,90,s,47,58.0,False,1991.75,1994.5
2518,231,585,s,47,47.0,False,1991.75,1991.75
2519,274,217,s,47,52.0,False,1991.75,1993.0
2520,317,1165,s,47,47.0,False,1991.75,1991.75
2521,486,202,s,47,67.0,False,1991.75,1996.75
2522,509,954,s,47,50.0,False,1991.75,1992.5
2523,630,775,s,47,48.0,False,1991.75,1992.0
2524,667,557,s,47,49.0,False,1991.75,1992.25
2525,681,964,s,47,47.0,False,1991.75,1991.75
2526,711,25,s,47,50.0,False,1991.75,1992.5
2527,711,405,s,47,54.0,False,1991.75,1993.5
2528,871,750,s,47,60.0,False,1991.75,1995.0
2529,917,531,s,47,53.0,False,1991.75,1993.25
2530,1104,37,s,47,47.0,False,1991.75,1991.75
2531,1178,1365,s,47,47.0,False,1991.75,1991.75
2532,1326,358,s,47,47.0,False,1991.75,1991.75
2533,1329,496,s,47,49.0,False,1991.75,1992.25
2534,28,294,s,47,48.0,False,1991.75,1992.0
2535,57,607,s,47,47.0,False,1991.75,1991.75
2536,130,100,s,47,55.0,False,1991.75,1993.75
2537,231,90,s,47,49.0,False,1991.75,1992.25
2538,234,704,s,47,52.0,False,1991.75,1993.0
2539,321,392,s,47,48.0,False,1991.75,1992.0
2540,412,95,s,47,49.0,False,1991.75,1992.25
2541,445,407,s,47,47.0,False,1991.75,1991.75
2542,542,195,s,47,57.0,False,1991.75,1994.25
2543,681,371,s,47,50.0,False,1991.75,1992.5
2544,832,685,s,47,50.0,False,1991.75,1992.5
2545,875,110,s,47,48.0,False,1991.75,1992.0
2546,922,367,s,47,50.0,False,1991.75,1992.5
2547,1124,1228,s,47,49.0,False,1991.75,1992.25
2548,1251,538,s,47,48.0,False,1991.75,1992.0
2549,44,1043,s,47,51.0,False,1991.75,1992.75
2550,107,1057,s,47,52.0,False,1991.75,1993.0
2551,152,302,s,47,48.0,False,1991.75,1992.0
2552,185,1041,s,47,49.0,False,1991.75,1992.25
2553,355,1298,s,47,50.0,False,1991.75,1992.5
2554,754,493,s,47,48.0,False,1991.75,1992.0
2555,885,789,s,47,50.0,False,1991.75,1992.5
2556,1096,291,s,47,52.0,False,1991.75,1993.0
2557,222,9,l,47,86.0,True,1991.75,2001.5
2558,383,665,l,47,91.0,True,1991.75,2002.75
2559,28,290,l,47,48.0,True,1991.75,1992.0
2560,203,46,l,47,75.0,True,1991.75,1998.75
2561,1105,1053,l,47,90.0,True,1991.75,2002.5
2562,62,294,s,48,56.0,False,1992.0,1994.0
2563,75,684,s,48,49.0,False,1992.0,1992.25
2564,135,90,s,48,50.0,False,1992.0,1992.5
2565,152,63,s,48,49.0,False,1992.0,1992.25
2566,152,733,s,48,52.0,False,1992.0,1993.0
2567,185,999,s,48,50.0,False,1992.0,1992.5
2568,355,685,s,48,51.0,False,1992.0,1992.75
2569,479,241,s,48,51.0,False,1992.0,1992.75
2570,507,416,s,48,58.0,False,1992.0,1994.5
2571,647,1298,s,48,49.0,False,1992.0,1992.25
2572,908,224,s,48,52.0,False,1992.0,1993.0
2573,1328,375,s,48,55.0,False,1992.0,1993.75
2574,191,108,s,48,59.0,False,1992.0,1994.75
2575,328,9,s,48,61.0,False,1992.0,1995.25
2576,681,695,s,48,54.0,False,1992.0,1993.5
2577,715,367,s,48,50.0,False,1992.0,1992.5
2578,726,1035,s,48,55.0,False,1992.0,1993.75
2579,858,61,s,48,49.0,False,1992.0,1992.25
2580,919,706,s,48,52.0,False,1992.0,1993.0
2581,1105,389,s,48,50.0,False,1992.0,1992.5
2582,1108,1043,s,48,48.0,False,1992.0,1992.0
2583,1171,90,s,48,53.0,False,1992.0,1993.25
2584,1172,489,s,48,60.0,False,1992.0,1995.0
2585,130,124,s,48,54.0,False,1992.0,1993.5
2586,137,124,s,48,57.0,False,1992.0,1994.25
2587,630,1023,s,48,49.0,False,1992.0,1992.25
2588,773,291,s,48,50.0,False,1992.0,1992.5
2589,840,391,s,48,50.0,False,1992.0,1992.5
2590,853,538,s,48,55.0,False,1992.0,1993.75
2591,863,689,s,48,49.0,False,1992.0,1992.25
2592,1087,387,s,48,49.0,False,1992.0,1992.25
2593,1103,1298,s,48,60.0,False,1992.0,1995.0
2594,1104,145,s,48,56.0,False,1992.0,1994.0
2595,1327,823,s,48,57.0,False,1992.0,1994.25
2596,67,108,l,48,111.0,True,1992.0,2007.75
2597,73,391,l,48,88.0,True,1992.0,2002.0
2598,316,662,l,48,49.0,True,1992.0,1992.25
2599,858,367,l,48,62.0,True,1992.0,1995.5
2600,69,453,s,49,51.0,False,1992.25,1992.75
2601,92,360,s,49,62.0,False,1992.25,1995.5
2602,178,489,s,49,55.0,False,1992.25,1993.75
2603,414,585,s,49,50.0,False,1992.25,1992.5
2604,419,411,s,49,51.0,False,1992.25,1992.75
2605,556,945,s,49,52.0,False,1992.25,1993.0
2606,637,302,s,49,55.0,False,1992.25,1993.75
2607,687,358,s,49,54.0,False,1992.25,1993.5
2608,840,85,s,49,49.0,False,1992.25,1992.25
2609,858,345,s,49,50.0,False,1992.25,1992.5
2610,875,495,s,49,53.0,False,1992.25,1993.25
2611,881,950,s,49,49.0,False,1992.25,1992.25
2612,917,306,s,49,53.0,False,1992.25,1993.25
2613,934,294,s,49,52.0,False,1992.25,1993.0
2614,936,90,s,49,50.0,False,1992.25,1992.5
2615,1094,489,s,49,54.0,False,1992.25,1993.5
2616,1095,324,s,49,53.0,False,1992.25,1993.25
2617,1099,1168,s,49,49.0,False,1992.25,1992.25
2618,1105,1227,s,49,53.0,False,1992.25,1993.25
2619,1326,387,s,49,49.0,False,1992.25,1992.25
2620,1328,767,s,49,56.0,False,1992.25,1994.0
2621,356,399,s,49,56.0,False,1992.25,1994.0
2622,383,217,s,49,50.0,False,1992.25,1992.5
2623,412,61,s,49,53.0,False,1992.25,1993.25
2624,520,32,s,49,54.0,False,1992.25,1993.5
2625,560,751,s,49,50.0,False,1992.25,1992.5
2626,573,462,s,49,50.0,False,1992.25,1992.5
2627,611,24,s,49,55.0,False,1992.25,1993.75
2628,647,489,s,49,54.0,False,1992.25,1993.5
2629,918,537,s,49,53.0,False,1992.25,1993.25
2630,1076,24,s,49,55.0,False,1992.25,1993.75
2631,1104,617,s,49,55.0,False,1992.25,1993.75
2632,264,369,s,49,50.0,False,1992.25,1992.5
2633,305,628,s,49,50.0,False,1992.25,1992.5
2634,529,985,s,49,59.0,False,1992.25,1994.75
2635,696,24,s,49,55.0,False,1992.25,1993.75
2636,715,733,s,49,50.0,False,1992.25,1992.5
2637,849,891,s,49,50.0,False,1992.25,1992.5
2638,871,49,s,49,50.0,False,1992.25,1992.5
2639,918,83,s,49,53.0,False,1992.25,1993.25
2640,934,367,s,49,51.0,False,1992.25,1992.75
2641,1080,259,s,49,55.0,False,1992.25,1993.75
2642,1094,628,s,49,53.0,False,1992.25,1993.25
2643,1100,531,s,49,57.0,False,1992.25,1994.25
2644,485,1042,l,49,152.0,True,1992.25,2018.0
2645,509,750,l,49,70.0,True,1992.25,1997.5
2646,372,314,l,49,56.0,True,1992.25,1994.0
2647,1085,1022,l,49,136.0,True,1992.25,2014.0
2648,232,898,l,49,118.0,True,1992.25,2009.5
2649,418,1032,l,49,61.0,True,1992.25,1995.25
2650,73,685,s,50,50.0,False,1992.5,1992.5
2651,117,1037,s,50,54.0,False,1992.5,1993.5
2652,121,213,s,50,50.0,False,1992.5,1992.5
2653,186,749,s,50,54.0,False,1992.5,1993.5
2654,510,407,s,50,51.0,False,1992.5,1992.75
2655,521,266,s,50,52.0,False,1992.5,1993.0
2656,652,945,s,50,52.0,False,1992.5,1993.0
2657,776,704,s,50,59.0,False,1992.5,1994.75
2658,777,1051,s,50,58.0,False,1992.5,1994.5
2659,906,306,s,50,51.0,False,1992.5,1992.75
2660,931,898,s,50,55.0,False,1992.5,1993.75
2661,944,901,s,50,51.0,False,1992.5,1992.75
2662,993,371,s,50,56.0,False,1992.5,1994.0
2663,1086,606,s,50,50.0,False,1992.5,1992.5
2664,1090,399,s,50,58.0,False,1992.5,1994.5
2665,1109,83,s,50,52.0,False,1992.5,1993.0
2666,1212,291,s,50,52.0,False,1992.5,1993.0
2667,1212,1031,s,50,50.0,False,1992.5,1992.5
2668,1326,371,s,50,53.0,False,1992.5,1993.25
2669,1326,842,s,50,50.0,False,1992.5,1992.5
2670,112,49,s,50,50.0,False,1992.5,1992.5
2671,152,663,s,50,50.0,False,1992.5,1992.5
2672,179,545,s,50,55.0,False,1992.5,1993.75
2673,239,947,s,50,58.0,False,1992.5,1994.5
2674,383,50,s,50,56.0,False,1992.5,1994.0
2675,526,371,s,50,52.0,False,1992.5,1993.0
2676,566,628,s,50,58.0,False,1992.5,1994.5
2677,917,1033,s,50,52.0,False,1992.5,1993.0
2678,944,176,s,50,51.0,False,1992.5,1992.75
2679,993,124,s,50,52.0,False,1992.5,1993.0
2680,1102,195,s,50,51.0,False,1992.5,1992.75
2681,1103,408,s,50,50.0,False,1992.5,1992.5
2682,1104,405,s,50,52.0,False,1992.5,1993.0
2683,135,49,s,50,53.0,False,1992.5,1993.25
2684,150,673,s,50,59.0,False,1992.5,1994.75
2685,157,358,s,50,52.0,False,1992.5,1993.0
2686,172,729,s,50,51.0,False,1992.5,1992.75
2687,264,35,s,50,51.0,False,1992.5,1992.75
2688,419,1281,s,50,55.0,False,1992.5,1993.75
2689,622,408,s,50,52.0,False,1992.5,1993.0
2690,647,37,s,50,62.0,False,1992.5,1995.5
2691,917,387,s,50,51.0,False,1992.5,1992.75
2692,936,320,s,50,65.0,False,1992.5,1996.25
2693,988,954,s,50,51.0,False,1992.5,1992.75
2694,1086,224,s,50,51.0,False,1992.5,1992.75
2695,1102,1228,s,50,51.0,False,1992.5,1992.75
2696,1103,84,s,50,51.0,False,1992.5,1992.75
2697,1105,338,s,50,51.0,False,1992.5,1992.75
2698,1174,81,s,50,59.0,False,1992.5,1994.75
2699,1253,380,s,50,54.0,False,1992.5,1993.5
2700,1329,901,s,50,52.0,False,1992.5,1993.0
2701,792,124,l,50,65.0,True,1992.5,1996.25
2702,869,898,l,50,101.0,True,1992.5,2005.25
2703,1140,861,l,50,80.0,True,1992.5,2000.0
2704,1105,751,l,50,148.0,True,1992.5,2017.0
2705,69,280,s,51,61.0,False,1992.75,1995.25
2706,117,217,s,51,51.0,False,1992.75,1992.75
2707,169,371,s,51,53.0,False,1992.75,1993.25
2708,255,440,s,51,52.0,False,1992.75,1993.0
2709,445,650,s,51,59.0,False,1992.75,1994.75
2710,520,378,s,51,57.0,False,1992.75,1994.25
2711,541,25,s,51,54.0,False,1992.75,1993.5
2712,739,1017,s,51,55.0,False,1992.75,1993.75
2713,776,411,s,51,52.0,False,1992.75,1993.0
2714,788,392,s,51,52.0,False,1992.75,1993.0
2715,831,443,s,51,51.0,False,1992.75,1992.75
2716,869,1166,s,51,54.0,False,1992.75,1993.5
2717,872,294,s,51,53.0,False,1992.75,1993.25
2718,1076,1022,s,51,54.0,False,1992.75,1993.5
2719,1079,842,s,51,64.0,False,1992.75,1996.0
2720,1083,293,s,51,56.0,False,1992.75,1994.0
2721,1085,772,s,51,61.0,False,1992.75,1995.25
2722,1098,1227,s,51,55.0,False,1992.75,1993.75
2723,1104,898,s,51,52.0,False,1992.75,1993.0
2724,1114,489,s,51,60.0,False,1992.75,1995.0
2725,69,60,s,51,52.0,False,1992.75,1993.0
2726,69,933,s,51,59.0,False,1992.75,1994.75
2727,234,750,s,51,53.0,False,1992.75,1993.25
2728,337,238,s,51,61.0,False,1992.75,1995.25
2729,467,108,s,51,55.0,False,1992.75,1993.75
2730,521,585,s,51,54.0,False,1992.75,1993.5
2731,542,369,s,51,57.0,False,1992.75,1994.25
2732,629,180,s,51,52.0,False,1992.75,1993.0
2733,754,1032,s,51,52.0,False,1992.75,1993.0
2734,69,375,s,51,53.0,False,1992.75,1993.25
2735,157,50,s,51,55.0,False,1992.75,1993.75
2736,172,901,s,51,63.0,False,1992.75,1995.75
2737,230,320,s,51,57.0,False,1992.75,1994.25
2738,248,856,s,51,52.0,False,1992.75,1993.0
2739,264,1049,s,51,55.0,False,1992.75,1993.75
2740,507,684,s,51,60.0,False,1992.75,1995.0
2741,532,1057,s,51,53.0,False,1992.75,1993.25
2742,549,367,s,51,54.0,False,1992.75,1993.5
2743,560,1299,s,51,61.0,False,1992.75,1995.25
2744,647,538,s,51,55.0,False,1992.75,1993.75
2745,647,857,s,51,52.0,False,1992.75,1993.0
2746,756,706,s,51,54.0,False,1992.75,1993.5
2747,882,898,s,51,62.0,False,1992.75,1995.5
2748,924,763,s,51,63.0,False,1992.75,1995.75
2749,1081,82,s,51,58.0,False,1992.75,1994.5
2750,1114,1055,s,51,56.0,False,1992.75,1994.0
2751,1173,1280,s,51,55.0,False,1992.75,1993.75
2752,191,954,l,51,124.0,True,1992.75,2011.0
2753,621,408,l,51,76.0,True,1992.75,1999.0
2754,1098,338,l,51,60.0,True,1992.75,1995.0
2755,1327,280,l,51,121.0,True,1992.75,2010.25
2756,494,1047,l,51,112.0,True,1992.75,2008.0
2757,738,481,l,51,58.0,True,1992.75,1994.5
2758,68,1067,s,52,54.0,False,1993.0,1993.5
2759,172,291,s,52,55.0,False,1993.0,1993.75
2760,208,694,s,52,55.0,False,1993.0,1993.75
2761,230,217,s,52,52.0,False,1993.0,1993.0
2762,381,954,s,52,58.0,False,1993.0,1994.5
2763,501,1166,s,52,52.0,False,1993.0,1993.0
2764,512,712,s,52,57.0,False,1993.0,1994.25
2765,715,557,s,52,52.0,False,1993.0,1993.0
2766,815,945,s,52,55.0,False,1993.0,1993.75
2767,922,856,s,52,52.0,False,1993.0,1993.0
2768,1085,1030,s,52,58.0,False,1993.0,1994.5
2769,1102,620,s,52,52.0,False,1993.0,1993.0
2770,113,464,s,52,54.0,False,1993.0,1993.5
2771,157,1298,s,52,59.0,False,1993.0,1994.75
2772,208,367,s,52,64.0,False,1993.0,1996.0
2773,239,665,s,52,57.0,False,1993.0,1994.25
2774,486,24,s,52,54.0,False,1993.0,1993.5
2775,647,424,s,52,54.0,False,1993.0,1993.5
2776,647,1055,s,52,57.0,False,1993.0,1994.25
2777,736,585,s,52,55.0,False,1993.0,1993.75
2778,869,679,s,52,56.0,False,1993.0,1994.0
2779,871,345,s,52,62.0,False,1993.0,1995.5
2780,934,24,s,52,54.0,False,1993.0,1993.5
2781,976,628,s,52,54.0,False,1993.0,1993.5
2782,1083,498,s,52,57.0,False,1993.0,1994.25
2783,1105,749,s,52,54.0,False,1993.0,1993.5
2784,1171,280,s,52,54.0,False,1993.0,1993.5
2785,1212,90,s,52,54.0,False,1993.0,1993.5
2786,107,663,s,52,68.0,False,1993.0,1997.0
2787,316,633,s,52,54.0,False,1993.0,1993.5
2788,485,294,s,52,54.0,False,1993.0,1993.5
2789,520,90,s,52,56.0,False,1993.0,1994.0
2790,638,820,s,52,55.0,False,1993.0,1993.75
2791,831,63,s,52,57.0,False,1993.0,1994.25
2792,940,347,s,52,54.0,False,1993.0,1993.5
2793,1085,495,s,52,54.0,False,1993.0,1993.5
2794,30,706,l,52,83.0,True,1993.0,2000.75
2795,520,582,l,52,128.0,True,1993.0,2012.0
2796,553,64,l,52,177.0,True,1993.0,2024.25
2797,726,170,l,52,76.0,True,1993.0,1999.0
2798,872,323,l,52,69.0,True,1993.0,1997.25
2799,232,58,l,52,128.0,True,1993.0,2012.0
2800,776,108,l,52,67.0,True,1993.0,1996.75
2801,737,750,l,52,56.0,True,1993.0,1994.0
2802,40,391,s,53,64.0,False,1993.25,1996.0
2803,172,933,s,53,53.0,False,1993.25,1993.25
2804,196,399,s,53,56.0,False,1993.25,1994.0
2805,269,291,s,53,58.0,False,1993.25,1994.5
2806,510,1017,s,53,53.0,False,1993.25,1993.25
2807,895,405,s,53,54.0,False,1993.25,1993.5
2808,916,360,s,53,54.0,False,1993.25,1993.5
2809,919,202,s,53,54.0,False,1993.25,1993.5
2810,993,294,s,53,53.0,False,1993.25,1993.25
2811,1082,189,s,53,53.0,False,1993.25,1993.25
2812,1097,952,s,53,56.0,False,1993.25,1994.0
2813,57,1032,s,53,55.0,False,1993.25,1993.75
2814,191,890,s,53,54.0,False,1993.25,1993.5
2815,264,100,s,53,63.0,False,1993.25,1995.75
2816,264,1053,s,53,57.0,False,1993.25,1994.25
2817,321,1022,s,53,61.0,False,1993.25,1995.25
2818,353,320,s,53,55.0,False,1993.25,1993.75
2819,479,649,s,53,58.0,False,1993.25,1994.5
2820,715,192,s,53,57.0,False,1993.25,1994.25
2821,916,24,s,53,53.0,False,1993.25,1993.25
2822,917,498,s,53,55.0,False,1993.25,1993.75
2823,1081,440,s,53,59.0,False,1993.25,1994.75
2824,1093,812,s,53,56.0,False,1993.25,1994.0
2825,1098,585,s,53,56.0,False,1993.25,1994.0
2826,1102,1045,s,53,54.0,False,1993.25,1993.5
2827,1103,83,s,53,53.0,False,1993.25,1993.25
2828,1108,1280,s,53,71.0,False,1993.25,1997.75
2829,1326,427,s,53,54.0,False,1993.25,1993.5
2830,208,557,s,53,62.0,False,1993.25,1995.5
2831,239,378,s,53,55.0,False,1993.25,1993.75
2832,260,1019,s,53,60.0,False,1993.25,1995.0
2833,351,407,s,53,55.0,False,1993.25,1993.75
2834,356,733,s,53,59.0,False,1993.25,1994.75
2835,419,499,s,53,60.0,False,1993.25,1995.0
2836,518,602,s,53,55.0,False,1993.25,1993.75
2837,561,586,s,53,60.0,False,1993.25,1995.0
2838,566,947,s,53,54.0,False,1993.25,1993.5
2839,573,842,s,53,59.0,False,1993.25,1994.75
2840,621,538,s,53,62.0,False,1993.25,1995.5
2841,726,983,s,53,62.0,False,1993.25,1995.5
2842,1076,607,s,53,54.0,False,1993.25,1993.5
2843,1171,290,s,53,55.0,False,1993.25,1993.75
2844,1231,1299,s,53,57.0,False,1993.25,1994.25
2845,1328,704,s,53,55.0,False,1993.25,1993.75
2846,1367,695,s,53,64.0,False,1993.25,1996.0
2847,549,572,l,53,180.0,True,1993.25,2025.0
2848,637,192,l,53,101.0,True,1993.25,2005.25
2849,1079,313,l,53,83.0,True,1993.25,2000.75
2850,211,146,l,53,77.0,True,1993.25,1999.25
2851,575,585,l,53,168.0,True,1993.25,2022.0
2852,976,932,l,53,120.0,True,1993.25,2010.0
2853,507,61,s,54,54.0,False,1993.5,1993.5
2854,705,1019,s,54,54.0,False,1993.5,1993.5
2855,773,64,s,54,54.0,False,1993.5,1993.5
2856,797,202,s,54,55.0,False,1993.5,1993.75
2857,882,1042,s,54,55.0,False,1993.5,1993.75
2858,1081,684,s,54,54.0,False,1993.5,1993.5
2859,1081,793,s,54,55.0,False,1993.5,1993.75
2860,1089,288,s,54,76.0,False,1993.5,1999.0
2861,1171,663,s,54,56.0,False,1993.5,1994.0
2862,1251,685,s,54,57.0,False,1993.5,1994.25
2863,1326,46,s,54,54.0,False,1993.5,1993.5
2864,3,9,s,54,57.0,False,1993.5,1994.25
2865,117,1041,s,54,55.0,False,1993.5,1993.75
2866,119,389,s,54,58.0,False,1993.5,1994.5
2867,132,704,s,54,55.0,False,1993.5,1993.75
2868,225,1067,s,54,56.0,False,1993.5,1994.0
2869,439,901,s,54,63.0,False,1993.5,1995.75
2870,490,1028,s,54,56.0,False,1993.5,1994.0
2871,647,1056,s,54,64.0,False,1993.5,1996.0
2872,715,266,s,54,58.0,False,1993.5,1994.5
2873,882,706,s,54,57.0,False,1993.5,1994.25
2874,920,1169,s,54,67.0,False,1993.5,1996.75
2875,1076,341,s,54,58.0,False,1993.5,1994.5
2876,1078,933,s,54,56.0,False,1993.5,1994.0
2877,1099,632,s,54,56.0,False,1993.5,1994.0
2878,1114,138,s,54,64.0,False,1993.5,1996.0
2879,1329,259,s,54,54.0,False,1993.5,1993.5
2880,1385,1047,s,54,56.0,False,1993.5,1994.0
2881,18,537,s,54,61.0,False,1993.5,1995.25
2882,33,338,s,54,57.0,False,1993.5,1994.25
2883,223,1400,s,54,60.0,False,1993.5,1995.0
2884,350,835,s,54,60.0,False,1993.5,1995.0
2885,418,954,s,54,57.0,False,1993.5,1994.25
2886,501,1030,s,54,56.0,False,1993.5,1994.0
2887,518,367,s,54,60.0,False,1993.5,1995.0
2888,520,812,s,54,56.0,False,1993.5,1994.0
2889,637,306,s,54,62.0,False,1993.5,1995.5
2890,726,747,s,54,57.0,False,1993.5,1994.25
2891,864,1301,s,54,58.0,False,1993.5,1994.5
2892,913,1022,s,54,59.0,False,1993.5,1994.75
2893,936,945,s,54,58.0,False,1993.5,1994.5
2894,1081,933,s,54,55.0,False,1993.5,1993.75
2895,1107,830,s,54,55.0,False,1993.5,1993.75
2896,1173,294,s,54,64.0,False,1993.5,1996.0
2897,1173,749,s,54,72.0,False,1993.5,1998.0
2898,1251,314,s,54,55.0,False,1993.5,1993.75
2899,1251,424,s,54,58.0,False,1993.5,1994.5
2900,1251,1298,s,54,55.0,False,1993.5,1993.75
2901,1328,1347,s,54,55.0,False,1993.5,1993.75
2902,264,548,l,54,116.0,True,1993.5,2009.0
2903,304,64,l,54,142.0,True,1993.5,2015.5
2904,575,238,l,54,56.0,True,1993.5,1994.0
2905,756,90,l,54,99.0,True,1993.5,2004.75
2906,872,324,l,54,127.0,True,1993.5,2011.75
2907,69,306,s,55,57.0,False,1993.75,1994.25
2908,185,1045,s,55,67.0,False,1993.75,1996.75
2909,350,828,s,55,59.0,False,1993.75,1994.75
2910,362,71,s,55,62.0,False,1993.75,1995.5
2911,486,407,s,55,59.0,False,1993.75,1994.75
2912,736,1028,s,55,55.0,False,1993.75,1993.75
2913,777,95,s,55,65.0,False,1993.75,1996.25
2914,792,1046,s,55,56.0,False,1993.75,1994.0
2915,936,416,s,55,69.0,False,1993.75,1997.25
2916,1076,842,s,55,56.0,False,1993.75,1994.0
2917,1081,495,s,55,58.0,False,1993.75,1994.5
2918,1171,1347,s,55,66.0,False,1993.75,1996.5
2919,121,733,s,55,62.0,False,1993.75,1995.5
2920,150,1025,s,55,71.0,False,1993.75,1997.75
2921,234,375,s,55,55.0,False,1993.75,1993.75
2922,343,341,s,55,56.0,False,1993.75,1994.0
2923,362,202,s,55,55.0,False,1993.75,1993.75
2924,551,443,s,55,71.0,False,1993.75,1997.75
2925,634,1322,s,55,56.0,False,1993.75,1994.0
2926,711,288,s,55,56.0,False,1993.75,1994.0
2927,872,22,s,55,57.0,False,1993.75,1994.25
2928,1076,453,s,55,58.0,False,1993.75,1994.5
2929,1077,60,s,55,56.0,False,1993.75,1994.0
2930,1171,775,s,55,68.0,False,1993.75,1997.0
2931,1366,63,s,55,55.0,False,1993.75,1993.75
2932,191,952,s,55,56.0,False,1993.75,1994.0
2933,316,793,s,55,56.0,False,1993.75,1994.0
2934,494,665,s,55,56.0,False,1993.75,1994.0
2935,518,408,s,55,57.0,False,1993.75,1994.25
2936,647,679,s,55,61.0,False,1993.75,1995.25
2937,681,176,s,55,58.0,False,1993.75,1994.5
2938,715,706,s,55,56.0,False,1993.75,1994.0
2939,962,416,s,55,73.0,False,1993.75,1998.25
2940,1096,323,s,55,68.0,False,1993.75,1997.0
2941,1103,369,s,55,58.0,False,1993.75,1994.5
2942,1171,945,s,55,65.0,False,1993.75,1996.25
2943,1251,695,s,55,56.0,False,1993.75,1994.0
2944,1329,90,s,55,56.0,False,1993.75,1994.0
2945,321,261,l,55,128.0,True,1993.75,2012.0
2946,418,484,l,55,161.0,True,1993.75,2020.25
2947,739,733,l,55,68.0,True,1993.75,1997.0
2948,1116,1365,l,55,80.0,True,1993.75,2000.0
2949,638,84,l,55,92.0,True,1993.75,2003.0
2950,638,86,l,55,62.0,True,1993.75,1995.5
2951,677,1042,l,55,56.0,True,1993.75,1994.0
2952,1326,63,l,55,81.0,True,1993.75,2000.25
2953,48,371,s,56,58.0,False,1994.0,1994.5
2954,53,296,s,56,57.0,False,1994.0,1994.25
2955,135,679,s,56,57.0,False,1994.0,1994.25
2956,152,1025,s,56,56.0,False,1994.0,1994.0
2957,178,1045,s,56,57.0,False,1994.0,1994.25
2958,229,1298,s,56,60.0,False,1994.0,1995.0
2959,249,578,s,56,70.0,False,1994.0,1997.5
2960,264,604,s,56,59.0,False,1994.0,1994.75
2961,507,464,s,56,68.0,False,1994.0,1997.0
2962,508,202,s,56,68.0,False,1994.0,1997.0
2963,594,689,s,56,59.0,False,1994.0,1994.75
2964,647,1050,s,56,60.0,False,1994.0,1995.0
2965,732,108,s,56,56.0,False,1994.0,1994.0
2966,832,1049,s,56,56.0,False,1994.0,1994.0
2967,1090,82,s,56,56.0,False,1994.0,1994.0
2968,1110,499,s,56,64.0,False,1994.0,1996.0
2969,69,295,s,56,59.0,False,1994.0,1994.75
2970,207,1347,s,56,59.0,False,1994.0,1994.75
2971,229,1070,s,56,58.0,False,1994.0,1994.5
2972,494,49,s,56,56.0,False,1994.0,1994.0
2973,494,729,s,56,58.0,False,1994.0,1994.5
2974,521,202,s,56,56.0,False,1994.0,1994.0
2975,560,83,s,56,56.0,False,1994.0,1994.0
2976,609,464,s,56,56.0,False,1994.0,1994.0
2977,863,822,s,56,64.0,False,1994.0,1996.0
2978,264,694,s,56,58.0,False,1994.0,1994.5
2979,274,950,s,56,66.0,False,1994.0,1996.5
2980,355,1282,s,56,67.0,False,1994.0,1996.75
2981,445,842,s,56,57.0,False,1994.0,1994.25
2982,622,371,s,56,60.0,False,1994.0,1995.0
2983,634,1057,s,56,58.0,False,1994.0,1994.5
2984,715,534,s,56,64.0,False,1994.0,1996.0
2985,928,310,s,56,60.0,False,1994.0,1995.0
2986,962,706,s,56,67.0,False,1994.0,1996.75
2987,1367,1035,s,56,58.0,False,1994.0,1994.5
2988,1421,1057,s,56,57.0,False,1994.0,1994.25
2989,466,61,l,56,204.0,True,1994.0,2031.0
2990,482,1026,l,56,70.0,True,1994.0,1997.5
2991,485,347,l,56,59.0,True,1994.0,1994.75
2992,777,367,l,56,76.0,True,1994.0,1999.0
2993,216,371,l,56,112.0,True,1994.0,2008.0
2994,551,1018,l,56,69.0,True,1994.0,1997.25
2995,560,391,l,56,119.0,True,1994.0,2009.75
2996,702,453,l,56,85.0,True,1994.0,2001.25
2997,67,399,l,56,100.0,True,1994.0,2005.0
2998,321,750,l,56,135.0,True,1994.0,2013.75
2999,40,1031,s,57,57.0,False,1994.25,1994.25
3000,130,405,s,57,59.0,False,1994.25,1994.75
3001,638,153,s,57,60.0,False,1994.25,1995.0
3002,677,694,s,57,60.0,False,1994.25,1995.0
3003,988,224,s,57,59.0,False,1994.25,1994.75
3004,988,704,s,57,60.0,False,1994.25,1995.0
3005,1076,295,s,57,58.0,False,1994.25,1994.5
3006,1083,175,s,57,59.0,False,1994.25,1994.75
3007,1093,1280,s,57,60.0,False,1994.25,1995.0
3008,1094,578,s,57,59.0,False,1994.25,1994.75
3009,1099,899,s,57,60.0,False,1994.25,1995.0
3010,1174,84,s,57,61.0,False,1994.25,1995.25
3011,1421,1055,s,57,59.0,False,1994.25,1994.75
3012,73,25,s,57,58.0,False,1994.25,1994.5
3013,381,108,s,57,64.0,False,1994.25,1996.0
3014,418,407,s,57,58.0,False,1994.25,1994.5
3015,630,576,s,57,57.0,False,1994.25,1994.25
3016,840,46,s,57,57.0,False,1994.25,1994.25
3017,849,585,s,57,57.0,False,1994.25,1994.25
3018,937,964,s,57,58.0,False,1994.25,1994.5
3019,960,49,s,57,58.0,False,1994.25,1994.5
3020,54,585,s,57,70.0,False,1994.25,1997.5
3021,96,1043,s,57,59.0,False,1994.25,1994.75
3022,107,391,s,57,64.0,False,1994.25,1996.0
3023,419,83,s,57,64.0,False,1994.25,1996.0
3024,520,983,s,57,63.0,False,1994.25,1995.75
3025,551,628,s,57,64.0,False,1994.25,1996.0
3026,756,167,s,57,63.0,False,1994.25,1995.75
3027,815,55,s,57,59.0,False,1994.25,1994.75
3028,871,90,s,57,65.0,False,1994.25,1996.25
3029,872,554,s,57,67.0,False,1994.25,1996.75
3030,875,606,s,57,59.0,False,1994.25,1994.75
3031,888,176,s,57,60.0,False,1994.25,1995.0
3032,895,898,s,57,65.0,False,1994.25,1996.25
3033,988,176,s,57,61.0,False,1994.25,1995.25
3034,1094,750,s,57,60.0,False,1994.25,1995.0
3035,1326,653,s,57,61.0,False,1994.25,1995.25
3036,1329,189,s,57,58.0,False,1994.25,1994.5
3037,1386,602,s,57,58.0,False,1994.25,1994.5
3038,1421,86,s,57,67.0,False,1994.25,1996.75
3039,934,58,l,57,70.0,True,1994.25,1997.5
3040,211,213,l,57,61.0,True,1994.25,1995.25
3041,776,266,l,57,65.0,True,1994.25,1996.25
3042,1078,375,l,57,60.0,True,1994.25,1995.0
3043,551,213,l,57,120.0,True,1994.25,2010.0
3044,885,290,l,57,133.0,True,1994.25,2013.25
3045,33,585,s,58,58.0,False,1994.5,1994.5
3046,157,407,s,58,58.0,False,1994.5,1994.5
3047,362,890,s,58,61.0,False,1994.5,1995.25
3048,379,564,s,58,60.0,False,1994.5,1995.0
3049,507,842,s,58,61.0,False,1994.5,1995.25
3050,556,750,s,58,60.0,False,1994.5,1995.0
3051,702,606,s,58,62.0,False,1994.5,1995.5
3052,735,462,s,58,73.0,False,1994.5,1998.25
3053,776,701,s,58,58.0,False,1994.5,1994.5
3054,797,1027,s,58,59.0,False,1994.5,1994.75
3055,924,1047,s,58,59.0,False,1994.5,1994.75
3056,1079,464,s,58,66.0,False,1994.5,1996.5
3057,1093,405,s,58,63.0,False,1994.5,1995.75
3058,1175,685,s,58,62.0,False,1994.5,1995.5
3059,1327,586,s,58,58.0,False,1994.5,1994.5
3060,497,24,s,58,60.0,False,1994.5,1995.0
3061,532,294,s,58,60.0,False,1994.5,1995.0
3062,739,291,s,58,61.0,False,1994.5,1995.25
3063,906,167,s,58,60.0,False,1994.5,1995.0
3064,971,124,s,58,59.0,False,1994.5,1994.75
3065,1095,822,s,58,61.0,False,1994.5,1995.25
3066,1096,180,s,58,59.0,False,1994.5,1994.75
3067,1105,49,s,58,61.0,False,1994.5,1995.25
3068,1421,37,s,58,61.0,False,1994.5,1995.25
3069,542,1042,s,58,61.0,False,1994.5,1995.25
3070,580,775,s,58,59.0,False,1994.5,1994.75
3071,832,1282,s,58,72.0,False,1994.5,1998.0
3072,849,9,s,58,61.0,False,1994.5,1995.25
3073,858,481,s,58,59.0,False,1994.5,1994.75
3074,882,901,s,58,62.0,False,1994.5,1995.5
3075,937,192,s,58,65.0,False,1994.5,1996.25
3076,1089,146,s,58,60.0,False,1994.5,1995.0
3077,1101,124,s,58,60.0,False,1994.5,1995.0
3078,1367,311,s,58,62.0,False,1994.5,1995.5
3079,96,820,l,58,68.0,True,1994.5,1997.0
3080,260,464,l,58,84.0,True,1994.5,2001.0
3081,738,545,l,58,65.0,True,1994.5,1996.25
3082,894,1032,l,58,76.0,True,1994.5,1999.0
3083,208,891,l,58,80.0,True,1994.5,2000.0
3084,15,180,s,59,61.0,False,1994.75,1995.25
3085,418,740,s,59,70.0,False,1994.75,1997.5
3086,515,633,s,59,61.0,False,1994.75,1995.25
3087,560,750,s,59,73.0,False,1994.75,1998.25
3088,759,375,s,59,68.0,False,1994.75,1997.0
3089,776,407,s,59,60.0,False,1994.75,1995.0
3090,776,954,s,59,63.0,False,1994.75,1995.75
3091,919,90,s,59,60.0,False,1994.75,1995.0
3092,1097,108,s,59,64.0,False,1994.75,1996.0
3093,1171,238,s,59,61.0,False,1994.75,1995.25
3094,3,730,s,59,68.0,False,1994.75,1997.0
3095,44,891,s,59,62.0,False,1994.75,1995.5
3096,54,481,s,59,60.0,False,1994.75,1995.0
3097,112,879,s,59,61.0,False,1994.75,1995.25
3098,207,371,s,59,61.0,False,1994.75,1995.25
3099,239,1052,s,59,67.0,False,1994.75,1996.75
3100,381,481,s,59,60.0,False,1994.75,1995.0
3101,560,1032,s,59,61.0,False,1994.75,1995.25
3102,655,443,s,59,63.0,False,1994.75,1995.75
3103,687,1044,s,59,65.0,False,1994.75,1996.25
3104,711,693,s,59,61.0,False,1994.75,1995.25
3105,734,295,s,59,63.0,False,1994.75,1995.75
3106,777,708,s,59,60.0,False,1994.75,1995.0
3107,867,347,s,59,60.0,False,1994.75,1995.0
3108,934,288,s,59,62.0,False,1994.75,1995.5
3109,934,407,s,59,60.0,False,1994.75,1995.0
3110,993,90,s,59,64.0,False,1994.75,1996.0
3111,993,704,s,59,59.0,False,1994.75,1994.75
3112,1076,1346,s,59,64.0,False,1994.75,1996.0
3113,1077,192,s,59,63.0,False,1994.75,1995.75
3114,1079,1018,s,59,60.0,False,1994.75,1995.0
3115,93,956,s,59,61.0,False,1994.75,1995.25
3116,130,499,s,59,60.0,False,1994.75,1995.0
3117,317,391,s,59,61.0,False,1994.75,1995.25
3118,321,387,s,59,60.0,False,1994.75,1995.0
3119,542,724,s,59,61.0,False,1994.75,1995.25
3120,647,22,s,59,63.0,False,1994.75,1995.75
3121,660,985,s,59,67.0,False,1994.75,1996.75
3122,702,464,s,59,60.0,False,1994.75,1995.0
3123,784,704,s,59,62.0,False,1994.75,1995.5
3124,837,1008,s,59,75.0,False,1994.75,1998.75
3125,837,1018,s,59,60.0,False,1994.75,1995.0
3126,869,557,s,59,62.0,False,1994.75,1995.5
3127,937,952,s,59,72.0,False,1994.75,1998.0
3128,944,391,s,59,62.0,False,1994.75,1995.5
3129,1086,192,s,59,61.0,False,1994.75,1995.25
3130,107,405,l,59,144.0,True,1994.75,2016.0
3131,494,504,l,59,91.0,True,1994.75,2002.75
3132,553,84,l,59,110.0,True,1994.75,2007.5
3133,3,124,l,59,141.0,True,1994.75,2015.25
3134,15,481,l,59,141.0,True,1994.75,2015.25
3135,57,63,l,59,144.0,True,1994.75,2016.0
3136,711,358,l,59,170.0,True,1994.75,2022.5
3137,702,85,l,59,113.0,True,1994.75,2008.25
3138,15,823,s,60,88.0,False,1995.0,2002.0
3139,93,1050,s,60,61.0,False,1995.0,1995.25
3140,186,1029,s,60,72.0,False,1995.0,1998.0
3141,191,295,s,60,63.0,False,1995.0,1995.75
3142,452,1027,s,60,60.0,False,1995.0,1995.0
3143,490,787,s,60,64.0,False,1995.0,1996.0
3144,518,124,s,60,61.0,False,1995.0,1995.25
3145,652,689,s,60,65.0,False,1995.0,1996.25
3146,773,1028,s,60,60.0,False,1995.0,1995.0
3147,837,933,s,60,66.0,False,1995.0,1996.5
3148,872,704,s,60,60.0,False,1995.0,1995.0
3149,875,704,s,60,61.0,False,1995.0,1995.25
3150,940,952,s,60,65.0,False,1995.0,1996.25
3151,1078,24,s,60,60.0,False,1995.0,1995.0
3152,1078,701,s,60,63.0,False,1995.0,1995.75
3153,1079,296,s,60,66.0,False,1995.0,1996.5
3154,1084,701,s,60,68.0,False,1995.0,1997.0
3155,1090,607,s,60,67.0,False,1995.0,1996.75
3156,1093,1047,s,60,66.0,False,1995.0,1996.5
3157,15,63,s,60,67.0,False,1995.0,1996.75
3158,45,950,s,60,69.0,False,1995.0,1997.25
3159,117,1031,s,60,63.0,False,1995.0,1995.75
3160,186,340,s,60,76.0,False,1995.0,1999.0
3161,196,763,s,60,60.0,False,1995.0,1995.0
3162,796,585,s,60,61.0,False,1995.0,1995.25
3163,922,767,s,60,66.0,False,1995.0,1996.5
3164,1100,290,s,60,67.0,False,1995.0,1996.75
3165,1172,1030,s,60,61.0,False,1995.0,1995.25
3166,15,704,s,60,63.0,False,1995.0,1995.75
3167,117,371,s,60,65.0,False,1995.0,1996.25
3168,346,695,s,60,64.0,False,1995.0,1996.0
3169,792,1318,s,60,62.0,False,1995.0,1995.5
3170,934,291,s,60,62.0,False,1995.0,1995.5
3171,1093,85,s,60,64.0,False,1995.0,1996.0
3172,1251,1050,s,60,63.0,False,1995.0,1995.75
3173,172,64,l,60,67.0,True,1995.0,1996.75
3174,239,985,l,60,72.0,True,1995.0,1998.0
3175,573,548,l,60,82.0,True,1995.0,2000.5
3176,43,1017,l,60,75.0,True,1995.0,1998.75
3177,511,606,l,60,80.0,True,1995.0,2000.0
3178,1440,498,l,60,61.0,True,1995.0,1995.25
3179,15,942,s,61,64.0,False,1995.25,1996.0
3180,26,197,s,61,64.0,False,1995.25,1996.0
3181,264,1045,s,61,61.0,False,1995.25,1995.25
3182,316,548,s,61,63.0,False,1995.25,1995.75
3183,343,1017,s,61,63.0,False,1995.25,1995.75
3184,647,694,s,61,61.0,False,1995.25,1995.25
3185,681,261,s,61,63.0,False,1995.25,1995.75
3186,745,793,s,61,66.0,False,1995.25,1996.5
3187,832,685,s,61,61.0,False,1995.25,1995.25
3188,934,427,s,61,69.0,False,1995.25,1997.25
3189,1080,952,s,61,62.0,False,1995.25,1995.5
3190,1085,1031,s,61,63.0,False,1995.25,1995.75
3191,1086,1029,s,61,63.0,False,1995.25,1995.75
3192,1090,694,s,61,63.0,False,1995.25,1995.75
3193,1111,281,s,61,61.0,False,1995.25,1995.25
3194,107,1044,s,61,76.0,False,1995.25,1999.0
3195,112,91,s,61,64.0,False,1995.25,1996.0
3196,117,548,s,61,63.0,False,1995.25,1995.75
3197,239,692,s,61,68.0,False,1995.25,1997.0
3198,264,1035,s,61,61.0,False,1995.25,1995.25
3199,476,1053,s,61,62.0,False,1995.25,1995.5
3200,560,404,s,61,62.0,False,1995.25,1995.5
3201,777,898,s,61,74.0,False,1995.25,1998.5
3202,895,406,s,61,62.0,False,1995.25,1995.5
3203,916,724,s,61,61.0,False,1995.25,1995.25
3204,1077,24,s,61,77.0,False,1995.25,1999.25
3205,1083,371,s,61,68.0,False,1995.25,1997.0
3206,1085,704,s,61,72.0,False,1995.25,1998.0
3207,1133,1198,s,61,63.0,False,1995.25,1995.75
3208,1421,956,s,61,67.0,False,1995.25,1996.75
3209,15,663,s,61,66.0,False,1995.25,1996.5
3210,57,481,s,61,62.0,False,1995.25,1995.5
3211,135,578,s,61,63.0,False,1995.25,1995.75
3212,178,830,s,61,63.0,False,1995.25,1995.75
3213,179,1025,s,61,63.0,False,1995.25,1995.75
3214,521,192,s,61,62.0,False,1995.25,1995.5
3215,541,1168,s,61,64.0,False,1995.25,1996.0
3216,561,295,s,61,71.0,False,1995.25,1997.75
3217,609,954,s,61,62.0,False,1995.25,1995.5
3218,630,217,s,61,66.0,False,1995.25,1996.5
3219,630,823,s,61,62.0,False,1995.25,1995.5
3220,711,71,s,61,63.0,False,1995.25,1995.75
3221,759,371,s,61,71.0,False,1995.25,1997.75
3222,874,1027,s,61,62.0,False,1995.25,1995.5
3223,895,694,s,61,73.0,False,1995.25,1998.25
3224,931,241,s,61,65.0,False,1995.25,1996.25
3225,1089,663,s,61,71.0,False,1995.25,1997.75
3226,1094,1026,s,61,65.0,False,1995.25,1996.25
3227,1110,956,s,61,65.0,False,1995.25,1996.25
3228,1326,942,s,61,62.0,False,1995.25,1995.5
3229,1077,205,l,61,96.0,True,1995.25,2004.0
3230,1173,1281,l,61,62.0,True,1995.25,1995.5
3231,3,762,l,61,108.0,True,1995.25,2007.0
3232,744,762,l,61,62.0,True,1995.25,1995.5
3233,756,578,l,61,81.0,True,1995.25,2000.25
3234,971,46,l,61,78.0,True,1995.25,1999.5
3235,1326,1021,l,61,127.0,True,1995.25,2011.75
3236,343,291,s,62,64.0,False,1995.5,1996.0
3237,575,71,s,62,66.0,False,1995.5,1996.5
3238,909,1016,s,62,62.0,False,1995.5,1995.5
3239,978,24,s,62,63.0,False,1995.5,1995.75
3240,15,1166,s,62,68.0,False,1995.5,1997.0
3241,18,1438,s,62,65.0,False,1995.5,1996.25
3242,216,302,s,62,70.0,False,1995.5,1997.5
3243,230,416,s,62,64.0,False,1995.5,1996.0
3244,355,1042,s,62,62.0,False,1995.5,1995.5
3245,479,945,s,62,73.0,False,1995.5,1998.25
3246,515,170,s,62,67.0,False,1995.5,1996.75
3247,610,320,s,62,66.0,False,1995.5,1996.5
3248,629,484,s,62,67.0,False,1995.5,1996.75
3249,711,693,s,62,62.0,False,1995.5,1995.5
3250,726,138,s,62,75.0,False,1995.5,1998.75
3251,792,461,s,62,66.0,False,1995.5,1996.5
3252,894,876,s,62,67.0,False,1995.5,1996.75
3253,913,903,s,62,68.0,False,1995.5,1997.0
3254,916,824,s,62,64.0,False,1995.5,1996.0
3255,920,956,s,62,75.0,False,1995.5,1998.75
3256,924,392,s,62,79.0,False,1995.5,1999.75
3257,938,392,s,62,78.0,False,1995.5,1999.5
3258,1384,749,s,62,70.0,False,1995.5,1997.5
3259,1386,1436,s,62,67.0,False,1995.5,1996.75
3260,54,704,s,62,63.0,False,1995.5,1995.75
3261,69,740,s,62,68.0,False,1995.5,1997.0
3262,112,1168,s,62,63.0,False,1995.5,1995.75
3263,527,1437,s,62,66.0,False,1995.5,1996.5
3264,551,1015,s,62,63.0,False,1995.5,1995.75
3265,621,499,s,62,76.0,False,1995.5,1999.0
3266,655,261,s,62,65.0,False,1995.5,1996.25
3267,853,1228,s,62,71.0,False,1995.5,1997.75
3268,880,685,s,62,72.0,False,1995.5,1998.0
3269,895,347,s,62,80.0,False,1995.5,2000.0
3270,936,280,s,62,74.0,False,1995.5,1998.5
3271,962,942,s,62,78.0,False,1995.5,1999.5
3272,1091,407,s,62,64.0,False,1995.5,1996.0
3273,1177,114,s,62,64.0,False,1995.5,1996.0
3274,1326,295,s,62,66.0,False,1995.5,1996.5
3275,1386,145,s,62,66.0,False,1995.5,1996.5
3276,203,628,l,62,154.0,True,1995.5,2018.5
3277,452,1026,l,62,236.0,True,1995.5,2039.0
3278,792,406,l,62,123.0,True,1995.5,2010.75
3279,1105,338,l,62,79.0,True,1995.5,1999.75
3280,1327,180,l,62,75.0,True,1995.5,1998.75
3281,212,1227,l,62,120.0,True,1995.5,2010.0
3282,739,81,l,62,180.0,True,1995.5,2025.0
3283,1081,933,l,62,97.0,True,1995.5,2004.25
3284,107,730,s,63,67.0,False,1995.75,1996.75
3285,135,499,s,63,65.0,False,1995.75,1996.25
3286,316,662,s,63,67.0,False,1995.75,1996.75
3287,321,358,s,63,64.0,False,1995.75,1996.0
3288,412,628,s,63,63.0,False,1995.75,1995.75
3289,525,1028,s,63,64.0,False,1995.75,1996.0
3290,677,1032,s,63,66.0,False,1995.75,1996.5
3291,776,1027,s,63,65.0,False,1995.75,1996.25
3292,784,302,s,63,70.0,False,1995.75,1997.5
3293,893,202,s,63,67.0,False,1995.75,1996.75
3294,944,213,s,63,70.0,False,1995.75,1997.5
3295,970,948,s,63,64.0,False,1995.75,1996.0
3296,976,1033,s,63,64.0,False,1995.75,1996.0
3297,1003,772,s,63,71.0,False,1995.75,1997.75
3298,1004,59,s,63,65.0,False,1995.75,1996.25
3299,1079,673,s,63,68.0,False,1995.75,1997.0
3300,1212,81,s,63,69.0,False,1995.75,1997.25
3301,1421,81,s,63,65.0,False,1995.75,1996.25
3302,15,306,s,63,66.0,False,1995.75,1996.5
3303,179,704,s,63,64.0,False,1995.75,1996.0
3304,479,367,s,63,70.0,False,1995.75,1997.5
3305,507,416,s,63,66.0,False,1995.75,1996.5
3306,526,464,s,63,68.0,False,1995.75,1997.0
3307,621,1168,s,63,72.0,False,1995.75,1998.0
3308,702,704,s,63,65.0,False,1995.75,1996.25
3309,726,50,s,63,64.0,False,1995.75,1996.0
3310,738,500,s,63,65.0,False,1995.75,1996.25
3311,776,543,s,63,65.0,False,1995.75,1996.25
3312,776,1021,s,63,67.0,False,1995.75,1996.75
3313,788,585,s,63,65.0,False,1995.75,1996.25
3314,917,1025,s,63,69.0,False,1995.75,1997.25
3315,934,898,s,63,68.0,False,1995.75,1997.0
3316,1102,1042,s,63,64.0,False,1995.75,1996.0
3317,15,443,s,63,65.0,False,1995.75,1996.25
3318,130,499,s,63,69.0,False,1995.75,1997.25
3319,264,685,s,63,73.0,False,1995.75,1998.25
3320,415,1021,s,63,64.0,False,1995.75,1996.0
3321,594,367,s,63,76.0,False,1995.75,1999.0
3322,718,495,s,63,71.0,False,1995.75,1997.75
3323,745,108,s,63,66.0,False,1995.75,1996.5
3324,847,399,s,63,69.0,False,1995.75,1997.25
3325,895,1318,s,63,71.0,False,1995.75,1997.75
3326,944,217,s,63,66.0,False,1995.75,1996.5
3327,1081,586,s,63,64.0,False,1995.75,1996.0
3328,1094,341,s,63,66.0,False,1995.75,1996.5
3329,1327,789,s,63,64.0,False,1995.75,1996.0
3330,1328,24,s,63,71.0,False,1995.75,1997.75
3331,702,530,l,63,132.0,True,1995.75,2013.0
3332,792,288,l,63,68.0,True,1995.75,1997.0
3333,1074,399,l,63,90.0,True,1995.75,2002.5
3334,1080,371,l,63,112.0,True,1995.75,2008.0
3335,1082,898,l,63,189.0,True,1995.75,2027.25
3336,479,324,l,63,106.0,True,1995.75,2006.5
3337,1326,823,l,63,,True,1995.75,
3338,432,772,s,64,69.0,False,1996.0,1997.25
3339,507,714,s,64,65.0,False,1996.0,1996.25
3340,702,192,s,64,70.0,False,1996.0,1997.5
3341,715,1023,s,64,64.0,False,1996.0,1996.0
3342,881,427,s,64,65.0,False,1996.0,1996.25
3343,916,606,s,64,65.0,False,1996.0,1996.25
3344,26,1014,s,64,68.0,False,1996.0,1997.0
3345,113,124,s,64,65.0,False,1996.0,1996.25
3346,381,578,s,64,71.0,False,1996.0,1997.75
3347,415,498,s,64,64.0,False,1996.0,1996.0
3348,494,985,s,64,66.0,False,1996.0,1996.5
3349,501,391,s,64,72.0,False,1996.0,1998.0
3350,840,291,s,64,67.0,False,1996.0,1996.75
3351,916,406,s,64,67.0,False,1996.0,1996.75
3352,918,91,s,64,80.0,False,1996.0,2000.0
3353,919,60,s,64,64.0,False,1996.0,1996.0
3354,953,202,s,64,66.0,False,1996.0,1996.5
3355,1078,1029,s,64,65.0,False,1996.0,1996.25
3356,1326,697,s,64,70.0,False,1996.0,1997.5
3357,113,665,s,64,70.0,False,1996.0,1997.5
3358,351,1021,s,64,65.0,False,1996.0,1996.25
3359,412,947,s,64,68.0,False,1996.0,1997.0
3360,482,266,s,64,66.0,False,1996.0,1996.5
3361,677,213,s,64,70.0,False,1996.0,1997.5
3362,913,898,s,64,68.0,False,1996.0,1997.0
3363,944,189,s,64,71.0,False,1996.0,1997.75
3364,1367,217,s,64,75.0,False,1996.0,1998.75
3365,157,1041,l,64,148.0,True,1996.0,2017.0
3366,869,302,l,64,71.0,True,1996.0,1997.75
3367,99,823,l,64,66.0,True,1996.0,1996.5
3368,476,391,s,65,66.0,False,1996.25,1996.5
3369,479,371,s,65,73.0,False,1996.25,1998.25
3370,511,296,s,65,65.0,False,1996.25,1996.25
3371,549,493,s,65,68.0,False,1996.25,1997.0
3372,840,947,s,65,65.0,False,1996.25,1996.25
3373,875,1028,s,65,71.0,False,1996.25,1997.75
3374,885,58,s,65,66.0,False,1996.25,1996.5
3375,893,1051,s,65,65.0,False,1996.25,1996.25
3376,960,192,s,65,66.0,False,1996.25,1996.5
3377,53,1026,s,65,74.0,False,1996.25,1998.5
3378,69,82,s,65,75.0,False,1996.25,1998.75
3379,317,1051,s,65,76.0,False,1996.25,1999.0
3380,518,538,s,65,77.0,False,1996.25,1999.25
3381,521,932,s,65,67.0,False,1996.25,1996.75
3382,542,593,s,65,69.0,False,1996.25,1997.25
3383,715,90,s,65,66.0,False,1996.25,1996.5
3384,855,499,s,65,66.0,False,1996.25,1996.5
3385,916,484,s,65,75.0,False,1996.25,1998.75
3386,924,167,s,65,66.0,False,1996.25,1996.5
3387,934,1047,s,65,67.0,False,1996.25,1996.75
3388,971,572,s,65,68.0,False,1996.25,1997.0
3389,976,189,s,65,72.0,False,1996.25,1998.0
3390,976,730,s,65,66.0,False,1996.25,1996.5
3391,993,693,s,65,68.0,False,1996.25,1997.0
3392,1153,238,s,65,66.0,False,1996.25,1996.5
3393,1178,1419,s,65,72.0,False,1996.25,1998.0
3394,15,60,s,65,88.0,False,1996.25,2002.0
3395,113,898,s,65,69.0,False,1996.25,1997.25
3396,186,1032,s,65,66.0,False,1996.25,1996.5
3397,208,176,s,65,70.0,False,1996.25,1997.5
3398,317,1170,s,65,67.0,False,1996.25,1996.75
3399,366,181,s,65,66.0,False,1996.25,1996.5
3400,379,167,s,65,67.0,False,1996.25,1996.75
3401,422,224,s,65,66.0,False,1996.25,1996.5
3402,485,391,s,65,66.0,False,1996.25,1996.5
3403,737,585,s,65,66.0,False,1996.25,1996.5
3404,916,662,s,65,71.0,False,1996.25,1997.75
3405,1003,498,s,65,68.0,False,1996.25,1997.0
3406,1116,1282,s,65,67.0,False,1996.25,1996.75
3407,715,585,l,65,71.0,True,1996.25,1997.75
3408,1110,405,l,65,70.0,True,1996.25,1997.5
3409,1231,1046,l,65,92.0,True,1996.25,2003.0
3410,715,108,l,65,95.0,True,1996.25,2003.75
3411,859,22,l,65,76.0,True,1996.25,1999.0
3412,107,1047,s,66,67.0,False,1996.5,1996.75
3413,135,9,s,66,70.0,False,1996.5,1997.5
3414,157,302,s,66,66.0,False,1996.5,1996.5
3415,207,78,s,66,78.0,False,1996.5,1999.5
3416,208,901,s,66,67.0,False,1996.5,1996.75
3417,303,108,s,66,66.0,False,1996.5,1996.5
3418,352,775,s,66,73.0,False,1996.5,1998.25
3419,446,1418,s,66,69.0,False,1996.5,1997.25
3420,507,261,s,66,68.0,False,1996.5,1997.0
3421,533,1014,s,66,68.0,False,1996.5,1997.0
3422,575,952,s,66,67.0,False,1996.5,1996.75
3423,784,192,s,66,70.0,False,1996.5,1997.5
3424,895,1032,s,66,67.0,False,1996.5,1996.75
3425,934,217,s,66,70.0,False,1996.5,1997.5
3426,1079,697,s,66,68.0,False,1996.5,1997.0
3427,1109,1299,s,66,66.0,False,1996.5,1996.5
3428,26,793,s,66,72.0,False,1996.5,1998.0
3429,172,614,s,66,86.0,False,1996.5,2001.5
3430,511,787,s,66,68.0,False,1996.5,1997.0
3431,560,25,s,66,72.0,False,1996.5,1998.0
3432,560,617,s,66,67.0,False,1996.5,1996.75
3433,647,499,s,66,68.0,False,1996.5,1997.0
3434,647,1042,s,66,70.0,False,1996.5,1997.5
3435,672,632,s,66,68.0,False,1996.5,1997.0
3436,726,602,s,66,69.0,False,1996.5,1997.25
3437,1082,824,s,66,66.0,False,1996.5,1996.5
3438,1148,1018,s,66,70.0,False,1996.5,1997.5
3439,69,704,s,66,69.0,False,1996.5,1997.25
3440,264,1318,s,66,67.0,False,1996.5,1996.75
3441,479,399,s,66,70.0,False,1996.5,1997.5
3442,553,81,s,66,68.0,False,1996.5,1997.0
3443,638,820,s,66,74.0,False,1996.5,1998.5
3444,776,706,s,66,68.0,False,1996.5,1997.0
3445,777,617,s,66,73.0,False,1996.5,1998.25
3446,832,1299,s,66,70.0,False,1996.5,1997.5
3447,895,399,s,66,69.0,False,1996.5,1997.25
3448,917,399,s,66,69.0,False,1996.5,1997.25
3449,15,733,l,66,141.0,True,1996.5,2015.25
3450,482,898,l,66,167.0,True,1996.5,2021.75
3451,922,665,l,66,116.0,True,1996.5,2009.0
3452,1078,192,l,66,204.0,True,1996.5,2031.0
3453,507,399,l,66,131.0,True,1996.5,2012.75
3454,526,898,l,66,149.0,True,1996.5,2017.25
3455,672,1052,l,66,87.0,True,1996.5,2001.75
3456,362,1032,l,66,87.0,True,1996.5,2001.75
3457,788,407,l,66,100.0,True,1996.5,2005.0
3458,44,22,s,67,81.0,False,1996.75,2000.25
3459,179,1016,s,67,67.0,False,1996.75,1996.75
3460,365,1023,s,67,67.0,False,1996.75,1996.75
3461,379,347,s,67,68.0,False,1996.75,1997.0
3462,383,294,s,67,67.0,False,1996.75,1996.75
3463,422,898,s,67,75.0,False,1996.75,1998.75
3464,439,90,s,67,70.0,False,1996.75,1997.5
3465,467,192,s,67,68.0,False,1996.75,1997.0
3466,553,956,s,67,68.0,False,1996.75,1997.0
3467,716,453,s,67,68.0,False,1996.75,1997.0
3468,871,46,s,67,74.0,False,1996.75,1998.5
3469,916,171,s,67,69.0,False,1996.75,1997.25
3470,931,1029,s,67,68.0,False,1996.75,1997.0
3471,936,1023,s,67,67.0,False,1996.75,1996.75
3472,993,302,s,67,69.0,False,1996.75,1997.25
3473,1077,126,s,67,68.0,False,1996.75,1997.0
3474,1077,678,s,67,69.0,False,1996.75,1997.25
3475,1080,347,s,67,69.0,False,1996.75,1997.25
3476,1085,954,s,67,70.0,False,1996.75,1997.5
3477,43,545,s,67,72.0,False,1996.75,1998.0
3478,113,371,s,67,70.0,False,1996.75,1997.5
3479,366,1321,s,67,68.0,False,1996.75,1997.0
3480,482,389,s,67,68.0,False,1996.75,1997.0
3481,494,733,s,67,69.0,False,1996.75,1997.25
3482,501,964,s,67,67.0,False,1996.75,1996.75
3483,610,406,s,67,71.0,False,1996.75,1997.75
3484,739,291,s,67,73.0,False,1996.75,1998.25
3485,885,823,s,67,76.0,False,1996.75,1999.0
3486,916,85,s,67,75.0,False,1996.75,1998.75
3487,150,684,s,67,69.0,False,1996.75,1997.25
3488,222,189,s,67,73.0,False,1996.75,1998.25
3489,479,306,s,67,78.0,False,1996.75,1999.5
3490,486,443,s,67,73.0,False,1996.75,1998.25
3491,494,50,s,67,74.0,False,1996.75,1998.5
3492,736,46,s,67,69.0,False,1996.75,1997.25
3493,788,694,s,67,82.0,False,1996.75,2000.5
3494,924,898,s,67,68.0,False,1996.75,1997.0
3495,1097,347,s,67,75.0,False,1996.75,1998.75
3496,1159,171,s,67,72.0,False,1996.75,1998.0
3497,363,498,l,67,93.0,True,1996.75,2003.25
3498,872,90,l,67,68.0,True,1996.75,1997.0
3499,264,496,l,67,148.0,True,1996.75,2017.0
3500,1003,60,l,67,116.0,True,1996.75,2009.0
3501,363,1031,l,67,70.0,True,1996.75,1997.5
3502,509,772,l,67,112.0,True,1996.75,2008.0
3503,53,663,s,68,68.0,False,1997.0,1997.0
3504,212,338,s,68,68.0,False,1997.0,1997.0
3505,383,891,s,68,69.0,False,1997.0,1997.25
3506,394,740,s,68,68.0,False,1997.0,1997.0
3507,510,108,s,68,71.0,False,1997.0,1997.75
3508,677,192,s,68,68.0,False,1997.0,1997.0
3509,738,1022,s,68,73.0,False,1997.0,1998.25
3510,872,1168,s,68,68.0,False,1997.0,1997.0
3511,893,945,s,68,68.0,False,1997.0,1997.0
3512,895,693,s,68,76.0,False,1997.0,1999.0
3513,953,407,s,68,70.0,False,1997.0,1997.5
3514,993,663,s,68,68.0,False,1997.0,1997.0
3515,998,392,s,68,68.0,False,1997.0,1997.0
3516,1326,296,s,68,72.0,False,1997.0,1998.0
3517,1327,704,s,68,73.0,False,1997.0,1998.25
3518,383,1169,s,68,69.0,False,1997.0,1997.25
3519,509,898,s,68,76.0,False,1997.0,1999.0
3520,754,320,s,68,79.0,False,1997.0,1999.75
3521,773,1017,s,68,72.0,False,1997.0,1998.0
3522,853,1047,s,68,69.0,False,1997.0,1997.25
3523,858,241,s,68,78.0,False,1997.0,1999.5
3524,909,1020,s,68,70.0,False,1997.0,1997.5
3525,924,71,s,68,70.0,False,1997.0,1997.5
3526,1074,268,s,68,70.0,False,1997.0,1997.5
3527,1082,192,s,68,69.0,False,1997.0,1997.25
3528,1097,399,s,68,68.0,False,1997.0,1997.0
3529,1327,530,s,68,69.0,False,1997.0,1997.25
3530,234,61,s,68,72.0,False,1997.0,1998.0
3531,242,1032,s,68,70.0,False,1997.0,1997.5
3532,269,462,s,68,70.0,False,1997.0,1997.5
3533,490,167,s,68,69.0,False,1997.0,1997.25
3534,560,496,s,68,71.0,False,1997.0,1997.75
3535,777,749,s,68,75.0,False,1997.0,1998.75
3536,792,578,s,68,76.0,False,1997.0,1999.0
3537,872,167,s,68,72.0,False,1997.0,1998.0
3538,902,464,s,68,83.0,False,1997.0,2000.75
3539,1090,901,s,68,76.0,False,1997.0,1999.0
3540,1103,692,s,68,70.0,False,1997.0,1997.5
3541,1108,730,s,68,75.0,False,1997.0,1998.75
3542,1171,495,s,68,70.0,False,1997.0,1997.5
3543,1177,1419,s,68,82.0,False,1997.0,2000.5
3544,1384,85,s,68,69.0,False,1997.0,1997.25
3545,718,767,l,68,80.0,True,1997.0,2000.0
3546,3,347,l,68,156.0,True,1997.0,2019.0
3547,1077,498,l,68,,True,1997.0,
3548,264,835,l,68,118.0,True,1997.0,2009.5
3549,924,1050,l,68,93.0,True,1997.0,2003.25
3550,135,367,s,69,69.0,False,1997.25,1997.25
3551,212,25,s,69,73.0,False,1997.25,1998.25
3552,262,443,s,69,70.0,False,1997.25,1997.5
3553,264,83,s,69,76.0,False,1997.25,1999.0
3554,497,108,s,69,69.0,False,1997.25,1997.25
3555,759,628,s,69,75.0,False,1997.25,1998.75
3556,841,24,s,69,79.0,False,1997.25,1999.75
3557,893,405,s,69,71.0,False,1997.25,1997.75
3558,931,586,s,69,74.0,False,1997.25,1998.5
3559,1083,443,s,69,71.0,False,1997.25,1997.75
3560,1092,217,s,69,70.0,False,1997.25,1997.5
3561,18,939,s,69,73.0,False,1997.25,1998.25
3562,152,824,s,69,75.0,False,1997.25,1998.75
3563,186,1042,s,69,73.0,False,1997.25,1998.25
3564,216,49,s,69,78.0,False,1997.25,1999.5
3565,229,201,s,69,71.0,False,1997.25,1997.75
3566,233,708,s,69,82.0,False,1997.25,2000.5
3567,412,793,s,69,98.0,False,1997.25,2004.5
3568,419,693,s,69,69.0,False,1997.25,1997.25
3569,520,729,s,69,71.0,False,1997.25,1997.75
3570,638,1038,s,69,71.0,False,1997.25,1997.75
3571,655,628,s,69,70.0,False,1997.25,1997.5
3572,677,392,s,69,73.0,False,1997.25,1998.25
3573,732,812,s,69,71.0,False,1997.25,1997.75
3574,776,493,s,69,69.0,False,1997.25,1997.25
3575,924,891,s,69,72.0,False,1997.25,1998.0
3576,934,749,s,69,70.0,False,1997.25,1997.5
3577,955,952,s,69,73.0,False,1997.25,1998.25
3578,1093,450,s,69,70.0,False,1997.25,1997.5
3579,1103,5,s,69,75.0,False,1997.25,1998.75
3580,1109,604,s,69,71.0,False,1997.25,1997.75
3581,1171,189,s,69,76.0,False,1997.25,1999.0
3582,1326,347,s,69,74.0,False,1997.25,1998.5
3583,93,153,s,69,89.0,False,1997.25,2002.25
3584,362,633,s,69,71.0,False,1997.25,1997.75
3585,379,367,s,69,72.0,False,1997.25,1998.0
3586,507,9,s,69,73.0,False,1997.25,1998.25
3587,508,823,s,69,72.0,False,1997.25,1998.0
3588,638,153,s,69,76.0,False,1997.25,1999.0
3589,647,606,s,69,70.0,False,1997.25,1997.5
3590,754,1027,s,69,72.0,False,1997.25,1998.0
3591,792,1043,s,69,72.0,False,1997.25,1998.0
3592,871,192,s,69,71.0,False,1997.25,1997.75
3593,917,443,s,69,73.0,False,1997.25,1998.25
3594,976,985,s,69,71.0,False,1997.25,1997.75
3595,1159,733,s,69,74.0,False,1997.25,1998.5
3596,1367,578,s,69,75.0,False,1997.25,1998.75
3597,356,347,l,69,118.0,True,1997.25,2009.5
3598,731,772,l,69,116.0,True,1997.25,2009.0
3599,172,952,l,69,160.0,True,1997.25,2020.0
3600,849,898,l,69,92.0,True,1997.25,2003.0
3601,117,371,s,70,84.0,False,1997.5,2001.0
3602,379,1042,s,70,72.0,False,1997.5,1998.0
3603,383,557,s,70,92.0,False,1997.5,2003.0
3604,479,405,s,70,72.0,False,1997.5,1998.0
3605,525,945,s,70,70.0,False,1997.5,1997.5
3606,594,628,s,70,73.0,False,1997.5,1998.25
3607,745,1020,s,70,72.0,False,1997.5,1998.0
3608,777,49,s,70,71.0,False,1997.5,1997.75
3609,993,985,s,70,71.0,False,1997.5,1997.75
3610,1093,945,s,70,70.0,False,1997.5,1997.5
3611,1171,63,s,70,76.0,False,1997.5,1999.0
3612,3,367,s,70,71.0,False,1997.5,1997.75
3613,75,296,s,70,71.0,False,1997.5,1997.75
3614,96,290,s,70,72.0,False,1997.5,1998.0
3615,191,192,s,70,72.0,False,1997.5,1998.0
3616,262,823,s,70,70.0,False,1997.5,1997.5
3617,269,86,s,70,72.0,False,1997.5,1998.0
3618,330,1018,s,70,71.0,False,1997.5,1997.75
3619,381,1032,s,70,72.0,False,1997.5,1998.0
3620,497,367,s,70,73.0,False,1997.5,1998.25
3621,521,224,s,70,74.0,False,1997.5,1998.5
3622,840,90,s,70,73.0,False,1997.5,1998.25
3623,978,704,s,70,75.0,False,1997.5,1998.75
3624,1080,480,s,70,76.0,False,1997.5,1999.0
3625,1093,750,s,70,72.0,False,1997.5,1998.0
3626,321,46,s,70,73.0,False,1997.5,1998.25
3627,383,604,s,70,73.0,False,1997.5,1998.25
3628,515,1056,s,70,74.0,False,1997.5,1998.5
3629,556,534,s,70,86.0,False,1997.5,2001.5
3630,777,1023,s,70,73.0,False,1997.5,1998.25
3631,840,127,s,70,82.0,False,1997.5,2000.5
3632,922,108,s,70,71.0,False,1997.5,1997.75
3633,422,890,l,70,78.0,True,1997.5,1999.5
3634,1106,36,l,70,97.0,True,1997.5,2004.25
3635,1074,528,l,70,93.0,True,1997.5,2003.25
3636,711,405,l,70,144.0,True,1997.5,2016.0
3637,1082,392,l,70,113.0,True,1997.5,2008.25
3638,1440,108,l,70,116.0,True,1997.5,2009.0
3639,73,617,s,71,71.0,False,1997.75,1997.75
3640,731,898,s,71,71.0,False,1997.75,1997.75
3641,732,1026,s,71,79.0,False,1997.75,1999.75
3642,875,493,s,71,73.0,False,1997.75,1998.25
3643,906,1032,s,71,74.0,False,1997.75,1998.5
3644,916,341,s,71,77.0,False,1997.75,1999.25
3645,966,124,s,71,73.0,False,1997.75,1998.25
3646,317,665,s,71,77.0,False,1997.75,1999.25
3647,381,49,s,71,74.0,False,1997.75,1998.5
3648,580,1032,s,71,75.0,False,1997.75,1998.75
3649,739,371,s,71,71.0,False,1997.75,1997.75
3650,917,49,s,71,73.0,False,1997.75,1998.25
3651,1078,213,s,71,72.0,False,1997.75,1998.0
3652,1112,1419,s,71,71.0,False,1997.75,1997.75
3653,3,1039,s,71,88.0,False,1997.75,2002.0
3654,134,679,s,71,77.0,False,1997.75,1999.25
3655,432,213,s,71,76.0,False,1997.75,1999.0
3656,485,1039,s,71,73.0,False,1997.75,1998.25
3657,647,36,s,71,74.0,False,1997.75,1998.5
3658,711,857,s,71,75.0,False,1997.75,1998.75
3659,716,952,s,71,81.0,False,1997.75,2000.25
3660,754,662,s,71,72.0,False,1997.75,1998.0
3661,788,620,s,71,73.0,False,1997.75,1998.25
3662,909,1030,s,71,87.0,False,1997.75,2001.75
3663,1076,952,s,71,72.0,False,1997.75,1998.0
3664,1081,189,s,71,72.0,False,1997.75,1998.0
3665,1106,543,s,71,72.0,False,1997.75,1998.0
3666,1148,1316,s,71,72.0,False,1997.75,1998.0
3667,522,586,l,71,143.0,True,1997.75,2015.75
3668,618,340,l,71,76.0,True,1997.75,1999.0
3669,18,1436,s,72,72.0,False,1998.0,1998.0
3670,67,192,s,72,82.0,False,1998.0,2000.5
3671,150,942,s,72,75.0,False,1998.0,1998.75
3672,365,192,s,72,84.0,False,1998.0,2001.0
3673,482,954,s,72,74.0,False,1998.0,1998.5
3674,497,954,s,72,74.0,False,1998.0,1998.5
3675,745,824,s,72,81.0,False,1998.0,2000.25
3676,894,1044,s,72,75.0,False,1998.0,1998.75
3677,919,367,s,72,76.0,False,1998.0,1999.0
3678,924,49,s,72,73.0,False,1998.0,1998.25
3679,962,824,s,72,76.0,False,1998.0,1999.0
3680,1077,295,s,72,80.0,False,1998.0,2000.0
3681,1079,409,s,72,78.0,False,1998.0,1999.5
3682,1094,1030,s,72,79.0,False,1998.0,1999.75
3683,1491,528,s,72,73.0,False,1998.0,1998.25
3684,40,701,s,72,77.0,False,1998.0,1999.25
3685,99,261,s,72,81.0,False,1998.0,2000.25
3686,117,633,s,72,74.0,False,1998.0,1998.5
3687,178,961,s,72,72.0,False,1998.0,1998.0
3688,179,24,s,72,73.0,False,1998.0,1998.25
3689,520,901,s,72,72.0,False,1998.0,1998.0
3690,541,693,s,72,76.0,False,1998.0,1999.0
3691,541,1053,s,72,73.0,False,1998.0,1998.25
3692,556,64,s,72,77.0,False,1998.0,1999.25
3693,597,952,s,72,80.0,False,1998.0,2000.0
3694,670,241,s,72,77.0,False,1998.0,1999.25
3695,869,576,s,72,73.0,False,1998.0,1998.25
3696,1004,224,s,72,77.0,False,1998.0,1999.25
3697,1075,545,s,72,74.0,False,1998.0,1998.5
3698,1079,704,s,72,78.0,False,1998.0,1999.5
3699,1184,291,s,72,81.0,False,1998.0,2000.25
3700,1208,1316,s,72,75.0,False,1998.0,1998.75
3701,43,480,s,72,90.0,False,1998.0,2002.5
3702,57,1026,s,72,75.0,False,1998.0,1998.75
3703,69,662,s,72,76.0,False,1998.0,1999.0
3704,73,1042,s,72,77.0,False,1998.0,1999.25
3705,234,268,s,72,79.0,False,1998.0,1999.75
3706,482,180,s,72,76.0,False,1998.0,1999.0
3707,560,170,s,72,73.0,False,1998.0,1998.25
3708,777,176,s,72,73.0,False,1998.0,1998.25
3709,864,499,s,72,79.0,False,1998.0,1999.75
3710,869,360,s,72,75.0,False,1998.0,1998.75
3711,871,945,s,72,88.0,False,1998.0,2002.0
3712,1004,793,s,72,74.0,False,1998.0,1998.5
3713,1091,665,s,72,77.0,False,1998.0,1999.25
3714,1091,762,s,72,74.0,False,1998.0,1998.5
3715,1092,704,s,72,77.0,False,1998.0,1999.25
3716,1095,665,s,72,78.0,False,1998.0,1999.5
3717,1326,678,s,72,74.0,False,1998.0,1998.5
3718,362,1033,l,72,192.0,True,1998.0,2028.0
3719,476,890,l,72,85.0,True,1998.0,2001.25
3720,490,1028,l,72,82.0,True,1998.0,2000.5
3721,681,1025,l,72,197.0,True,1998.0,2029.25
3722,39,548,s,73,78.0,False,1998.25,1999.5
3723,383,58,s,73,76.0,False,1998.25,1999.0
3724,494,58,s,73,73.0,False,1998.25,1998.25
3725,507,1201,s,73,78.0,False,1998.25,1999.5
3726,655,750,s,73,76.0,False,1998.25,1999.0
3727,734,890,s,73,75.0,False,1998.25,1998.75
3728,791,740,s,73,75.0,False,1998.25,1998.75
3729,832,404,s,73,75.0,False,1998.25,1998.75
3730,922,108,s,73,74.0,False,1998.25,1998.5
3731,944,129,s,73,73.0,False,1998.25,1998.25
3732,1103,633,s,73,77.0,False,1998.25,1999.25
3733,150,1015,s,73,74.0,False,1998.25,1998.5
3734,264,665,s,73,79.0,False,1998.25,1999.75
3735,269,86,s,73,76.0,False,1998.25,1999.0
3736,287,340,s,73,79.0,False,1998.25,1999.75
3737,363,1019,s,73,78.0,False,1998.25,1999.5
3738,383,71,s,73,74.0,False,1998.25,1998.5
3739,776,90,s,73,87.0,False,1998.25,2001.75
3740,875,108,s,73,74.0,False,1998.25,1998.5
3741,908,614,s,73,74.0,False,1998.25,1998.5
3742,1090,358,s,73,74.0,False,1998.25,1998.5
3743,1148,60,s,73,80.0,False,1998.25,2000.0
3744,1185,295,s,73,82.0,False,1998.25,2000.5
3745,1421,81,s,73,83.0,False,1998.25,2000.75
3746,113,192,s,73,77.0,False,1998.25,1999.25
3747,232,375,s,73,74.0,False,1998.25,1998.5
3748,262,1162,s,73,74.0,False,1998.25,1998.5
3749,350,170,s,73,76.0,False,1998.25,1999.0
3750,630,1021,s,73,74.0,False,1998.25,1998.5
3751,672,685,s,73,75.0,False,1998.25,1998.75
3752,734,564,s,73,76.0,False,1998.25,1999.0
3753,840,964,s,73,74.0,False,1998.25,1998.5
3754,872,391,s,73,77.0,False,1998.25,1999.25
3755,882,694,s,73,80.0,False,1998.25,2000.0
3756,953,392,s,73,74.0,False,1998.25,1998.5
3757,1078,531,s,73,74.0,False,1998.25,1998.5
3758,1081,662,s,73,80.0,False,1998.25,2000.0
3759,1086,689,s,73,80.0,False,1998.25,2000.0
3760,26,950,l,73,224.0,True,1998.25,2036.0
3761,204,1001,l,73,150.0,True,1998.25,2017.5
3762,316,170,l,73,164.0,True,1998.25,2021.0
3763,509,60,l,73,109.0,True,1998.25,2007.25
3764,759,706,l,73,76.0,True,1998.25,1999.0
3765,57,241,l,73,83.0,True,1998.25,2000.75
3766,1204,740,l,73,84.0,True,1998.25,2001.0
3767,485,564,l,73,105.0,True,1998.25,2006.25
3768,57,399,s,74,79.0,False,1998.5,1999.75
3769,113,391,s,74,79.0,False,1998.5,1999.75
3770,235,90,s,74,77.0,False,1998.5,1999.25
3771,351,530,s,74,76.0,False,1998.5,1999.0
3772,494,585,s,74,75.0,False,1998.5,1998.75
3773,507,1022,s,74,76.0,False,1998.5,1999.0
3774,518,36,s,74,74.0,False,1998.5,1998.5
3775,630,572,s,74,74.0,False,1998.5,1998.5
3776,737,898,s,74,75.0,False,1998.5,1998.75
3777,885,1018,s,74,79.0,False,1998.5,1999.75
3778,931,409,s,74,77.0,False,1998.5,1999.25
3779,1093,22,s,74,74.0,False,1998.5,1998.5
3780,1148,1201,s,74,79.0,False,1998.5,1999.75
3781,53,929,s,74,74.0,False,1998.5,1998.5
3782,264,1049,s,74,75.0,False,1998.5,1998.75
3783,283,443,s,74,77.0,False,1998.5,1999.25
3784,365,963,s,74,76.0,False,1998.5,1999.0
3785,432,302,s,74,86.0,False,1998.5,2001.5
3786,436,1031,s,74,77.0,False,1998.5,1999.25
3787,594,175,s,74,75.0,False,1998.5,1998.75
3788,726,124,s,74,77.0,False,1998.5,1999.25
3789,993,391,s,74,75.0,False,1998.5,1998.75
3790,1096,1028,s,74,77.0,False,1998.5,1999.25
3791,1208,586,s,74,74.0,False,1998.5,1998.5
3792,33,32,s,74,76.0,False,1998.5,1999.0
3793,316,704,s,74,81.0,False,1998.5,2000.25
3794,335,523,s,74,77.0,False,1998.5,1999.25
3795,379,145,s,74,75.0,False,1998.5,1998.75
3796,383,1027,s,74,89.0,False,1998.5,2002.25
3797,415,1032,s,74,83.0,False,1998.5,2000.75
3798,419,405,s,74,77.0,False,1998.5,1999.25
3799,479,49,s,74,79.0,False,1998.5,1999.75
3800,479,684,s,74,76.0,False,1998.5,1999.0
3801,532,153,s,74,84.0,False,1998.5,2001.0
3802,541,408,s,74,76.0,False,1998.5,1999.0
3803,541,557,s,74,82.0,False,1998.5,2000.5
3804,739,64,s,74,75.0,False,1998.5,1998.75
3805,869,1032,s,74,75.0,False,1998.5,1998.75
3806,882,585,s,74,75.0,False,1998.5,1998.75
3807,937,324,s,74,79.0,False,1998.5,1999.75
3808,955,294,s,74,86.0,False,1998.5,2001.5
3809,966,407,s,74,78.0,False,1998.5,1999.5
3810,1074,1201,s,74,76.0,False,1998.5,1999.0
3811,1094,90,s,74,76.0,False,1998.5,1999.0
3812,1172,288,s,74,75.0,False,1998.5,1998.75
3813,1491,816,s,74,77.0,False,1998.5,1999.25
3814,466,964,l,74,181.0,True,1998.5,2025.25
3815,1124,1489,l,74,84.0,True,1998.5,2001.0
3816,383,578,l,74,95.0,True,1998.5,2003.75
3817,594,763,l,74,78.0,True,1998.5,1999.5
3818,919,95,l,74,105.0,True,1998.5,2006.25
3819,419,499,s,75,76.0,False,1998.75,1999.0
3820,497,399,s,75,76.0,False,1998.75,1999.0
3821,587,306,s,75,78.0,False,1998.75,1999.5
3822,638,1053,s,75,77.0,False,1998.75,1999.25
3823,924,36,s,75,77.0,False,1998.75,1999.25
3824,1076,1029,s,75,78.0,False,1998.75,1999.5
3825,1079,202,s,75,77.0,False,1998.75,1999.25
3826,1097,730,s,75,75.0,False,1998.75,1998.75
3827,185,628,s,75,79.0,False,1998.75,1999.75
3828,269,956,s,75,76.0,False,1998.75,1999.0
3829,321,213,s,75,76.0,False,1998.75,1999.0
3830,497,46,s,75,81.0,False,1998.75,2000.25
3831,510,453,s,75,81.0,False,1998.75,2000.25
3832,529,531,s,75,77.0,False,1998.75,1999.25
3833,638,86,s,75,79.0,False,1998.75,1999.75
3834,715,1022,s,75,77.0,False,1998.75,1999.25
3835,867,197,s,75,78.0,False,1998.75,1999.5
3836,875,1051,s,75,82.0,False,1998.75,2000.5
3837,916,464,s,75,75.0,False,1998.75,1998.75
3838,934,1032,s,75,81.0,False,1998.75,2000.25
3839,1079,176,s,75,79.0,False,1998.75,1999.75
3840,1079,1158,s,75,76.0,False,1998.75,1999.0
3841,1094,302,s,75,78.0,False,1998.75,1999.5
3842,1107,1055,s,75,88.0,False,1998.75,2002.0
3843,1171,545,s,75,77.0,False,1998.75,1999.25
3844,1212,1017,s,75,76.0,False,1998.75,1999.0
3845,1329,1029,s,75,79.0,False,1998.75,1999.75
3846,269,1038,s,75,82.0,False,1998.75,2000.5
3847,321,192,s,75,76.0,False,1998.75,1999.0
3848,346,391,s,75,79.0,False,1998.75,1999.75
3849,394,375,s,75,76.0,False,1998.75,1999.0
3850,520,633,s,75,76.0,False,1998.75,1999.0
3851,597,124,s,75,80.0,False,1998.75,2000.0
3852,726,314,s,75,80.0,False,1998.75,2000.0
3853,745,296,s,75,76.0,False,1998.75,1999.0
3854,759,399,s,75,76.0,False,1998.75,1999.0
3855,875,679,s,75,83.0,False,1998.75,2000.75
3856,1074,704,s,75,78.0,False,1998.75,1999.5
3857,1086,341,s,75,85.0,False,1998.75,2001.25
3858,1099,176,s,75,77.0,False,1998.75,1999.25
3859,1156,704,s,75,79.0,False,1998.75,1999.75
3860,1421,820,s,75,90.0,False,1998.75,2002.5
3861,117,170,l,75,160.0,True,1998.75,2020.0
3862,239,496,l,75,106.0,True,1998.75,2006.5
3863,872,1347,l,75,143.0,True,1998.75,2015.75
3864,976,890,l,75,119.0,True,1998.75,2009.75
3865,44,1042,l,75,84.0,True,1998.75,2001.0
3866,287,531,l,75,128.0,True,1998.75,2012.0
3867,529,816,l,75,76.0,True,1998.75,1999.0
3868,739,180,l,75,127.0,True,1998.75,2011.75
3869,133,767,s,76,76.0,False,1999.0,1999.0
3870,179,534,s,76,85.0,False,1999.0,2001.25
3871,222,197,s,76,79.0,False,1999.0,1999.75
3872,264,217,s,76,78.0,False,1999.0,1999.5
3873,346,71,s,76,78.0,False,1999.0,1999.5
3874,840,124,s,76,83.0,False,1999.0,2000.75
3875,869,964,s,76,86.0,False,1999.0,2001.5
3876,906,176,s,76,80.0,False,1999.0,2000.0
3877,1151,1316,s,76,79.0,False,1999.0,1999.75
3878,1329,63,s,76,76.0,False,1999.0,1999.0
3879,69,192,s,76,79.0,False,1999.0,1999.75
3880,283,950,s,76,81.0,False,1999.0,2000.25
3881,383,964,s,76,80.0,False,1999.0,2000.0
3882,415,793,s,76,79.0,False,1999.0,1999.75
3883,501,572,s,76,79.0,False,1999.0,1999.75
3884,754,1022,s,76,79.0,False,1999.0,1999.75
3885,847,933,s,76,77.0,False,1999.0,1999.25
3886,1007,1016,s,76,86.0,False,1999.0,2001.5
3887,1079,291,s,76,77.0,False,1999.0,1999.25
3888,1212,586,s,76,81.0,False,1999.0,2000.25
3889,1326,824,s,76,76.0,False,1999.0,1999.0
3890,15,85,s,76,78.0,False,1999.0,1999.5
3891,40,464,s,76,77.0,False,1999.0,1999.25
3892,44,124,s,76,80.0,False,1999.0,2000.0
3893,73,844,s,76,81.0,False,1999.0,2000.25
3894,303,453,s,76,79.0,False,1999.0,1999.75
3895,353,1472,s,76,85.0,False,1999.0,2001.25
3896,362,564,s,76,77.0,False,1999.0,1999.25
3897,497,49,s,76,79.0,False,1999.0,1999.75
3898,501,1347,s,76,79.0,False,1999.0,1999.75
3899,526,302,s,76,79.0,False,1999.0,1999.75
3900,597,901,s,76,77.0,False,1999.0,1999.25
3901,732,405,s,76,77.0,False,1999.0,1999.25
3902,1087,171,s,76,77.0,False,1999.0,1999.25
3903,15,1316,s,77,79.0,False,1999.25,1999.75
3904,172,800,s,77,81.0,False,1999.25,2000.25
3905,549,55,s,77,83.0,False,1999.25,2000.75
3906,637,46,s,77,81.0,False,1999.25,2000.25
3907,647,805,s,77,88.0,False,1999.25,2002.0
3908,731,1025,s,77,78.0,False,1999.25,1999.5
3909,840,495,s,77,89.0,False,1999.25,2002.25
3910,840,628,s,77,87.0,False,1999.25,2001.75
3911,858,1022,s,77,79.0,False,1999.25,1999.75
3912,924,358,s,77,79.0,False,1999.25,1999.75
3913,944,932,s,77,77.0,False,1999.25,1999.25
3914,976,124,s,77,78.0,False,1999.25,1999.5
3915,1100,170,s,77,78.0,False,1999.25,1999.5
3916,1103,91,s,77,79.0,False,1999.25,1999.75
3917,1171,704,s,77,82.0,False,1999.25,2000.5
3918,1208,390,s,77,79.0,False,1999.25,1999.75
3919,1217,673,s,77,77.0,False,1999.25,1999.25
3920,207,91,s,77,80.0,False,1999.25,2000.0
3921,541,1041,s,77,81.0,False,1999.25,2000.25
3922,597,1053,s,77,84.0,False,1999.25,2001.0
3923,652,684,s,77,79.0,False,1999.25,1999.75
3924,788,824,s,77,81.0,False,1999.25,2000.25
3925,916,71,s,77,87.0,False,1999.25,2001.75
3926,916,628,s,77,84.0,False,1999.25,2001.0
3927,953,261,s,77,77.0,False,1999.25,1999.25
3928,1007,673,s,77,86.0,False,1999.25,2001.5
3929,1080,295,s,77,79.0,False,1999.25,1999.75
3930,1102,891,s,77,79.0,False,1999.25,1999.75
3931,117,504,s,77,79.0,False,1999.25,1999.75
3932,169,192,s,77,91.0,False,1999.25,2002.75
3933,322,268,s,77,80.0,False,1999.25,2000.0
3934,365,375,s,77,86.0,False,1999.25,2001.5
3935,510,241,s,77,79.0,False,1999.25,1999.75
3936,598,1347,s,77,90.0,False,1999.25,2002.5
3937,647,201,s,77,78.0,False,1999.25,1999.5
3938,777,1029,s,77,78.0,False,1999.25,1999.5
3939,821,1001,s,77,93.0,False,1999.25,2003.25
3940,849,90,s,77,78.0,False,1999.25,1999.5
3941,875,730,s,77,80.0,False,1999.25,2000.0
3942,924,1488,s,77,83.0,False,1999.25,2000.75
3943,934,504,s,77,78.0,False,1999.25,1999.5
3944,1093,197,s,77,81.0,False,1999.25,2000.25
3945,1326,268,s,77,78.0,False,1999.25,1999.5
3946,1329,628,s,77,79.0,False,1999.25,1999.75
3947,1491,293,s,77,79.0,False,1999.25,1999.75
3948,1010,1026,l,77,90.0,True,1999.25,2002.5
3949,1171,929,l,77,142.0,True,1999.25,2015.5
3950,3,890,s,78,85.0,False,1999.5,2001.25
3951,121,306,s,78,78.0,False,1999.5,1999.5
3952,239,685,s,78,82.0,False,1999.5,2000.5
3953,350,891,s,78,84.0,False,1999.5,2001.0
3954,353,1032,s,78,83.0,False,1999.5,2000.75
3955,467,46,s,78,84.0,False,1999.5,2001.0
3956,507,213,s,78,85.0,False,1999.5,2001.25
3957,521,1020,s,78,80.0,False,1999.5,2000.0
3958,532,86,s,78,80.0,False,1999.5,2000.0
3959,573,60,s,78,84.0,False,1999.5,2001.0
3960,598,933,s,78,84.0,False,1999.5,2001.0
3961,610,1280,s,78,81.0,False,1999.5,2000.25
3962,638,153,s,78,86.0,False,1999.5,2001.5
3963,716,685,s,78,79.0,False,1999.5,1999.75
3964,716,1031,s,78,81.0,False,1999.5,2000.25
3965,736,291,s,78,83.0,False,1999.5,2000.75
3966,872,1472,s,78,81.0,False,1999.5,2000.25
3967,1081,1020,s,78,83.0,False,1999.5,2000.75
3968,1093,898,s,78,80.0,False,1999.5,2000.0
3969,1148,46,s,78,83.0,False,1999.5,2000.75
3970,1440,71,s,78,85.0,False,1999.5,2001.25
3971,39,1055,s,78,80.0,False,1999.5,2000.0
3972,117,1044,s,78,81.0,False,1999.5,2000.25
3973,383,358,s,78,96.0,False,1999.5,2004.0
3974,415,498,s,78,83.0,False,1999.5,2000.75
3975,485,314,s,78,85.0,False,1999.5,2001.25
3976,553,369,s,78,82.0,False,1999.5,2000.5
3977,560,124,s,78,84.0,False,1999.5,2001.0
3978,638,291,s,78,93.0,False,1999.5,2003.25
3979,906,1023,s,78,79.0,False,1999.5,1999.75
3980,913,296,s,78,80.0,False,1999.5,2000.0
3981,916,1042,s,78,82.0,False,1999.5,2000.5
3982,962,614,s,78,86.0,False,1999.5,2001.5
3983,1174,153,s,78,85.0,False,1999.5,2001.25
3984,1185,697,s,78,81.0,False,1999.5,2000.25
3985,1200,933,s,78,81.0,False,1999.5,2000.25
3986,26,311,s,78,84.0,False,1999.5,2001.0
3987,351,1346,s,78,80.0,False,1999.5,2000.0
3988,383,58,s,78,79.0,False,1999.5,1999.75
3989,412,241,s,78,80.0,False,1999.5,2000.0
3990,553,86,s,78,82.0,False,1999.5,2000.5
3991,869,585,s,78,81.0,False,1999.5,2000.25
3992,895,213,s,78,81.0,False,1999.5,2000.25
3993,936,129,s,78,80.0,False,1999.5,2000.0
3994,356,399,l,78,147.0,True,1999.5,2016.75
3995,525,291,l,78,98.0,True,1999.5,2004.5
3996,526,391,l,78,130.0,True,1999.5,2012.5
3997,993,440,l,78,157.0,True,1999.5,2019.25
3998,216,46,l,78,98.0,True,1999.5,2004.5
3999,337,450,l,78,116.0,True,1999.5,2009.0
4000,1081,1025,l,78,212.0,True,1999.5,2033.0
4001,134,899,s,79,81.0,False,1999.75,2000.25
4002,269,86,s,79,84.0,False,1999.75,2001.0
4003,479,785,s,79,81.0,False,1999.75,2000.25
4004,509,650,s,79,83.0,False,1999.75,2000.75
4005,737,202,s,79,80.0,False,1999.75,2000.0
4006,913,97,s,79,83.0,False,1999.75,2000.75
4007,993,484,s,79,82.0,False,1999.75,2000.5
4008,1171,85,s,79,84.0,False,1999.75,2001.0
4009,1172,288,s,79,84.0,False,1999.75,2001.0
4010,1208,697,s,79,81.0,False,1999.75,2000.25
4011,1510,1280,s,79,81.0,False,1999.75,2000.25
4012,67,159,s,79,88.0,False,1999.75,2002.0
4013,121,1029,s,79,85.0,False,1999.75,2001.25
4014,264,1044,s,79,81.0,False,1999.75,2000.25
4015,520,347,s,79,79.0,False,1999.75,1999.75
4016,525,842,s,79,79.0,False,1999.75,1999.75
4017,541,694,s,79,93.0,False,1999.75,2003.25
4018,715,704,s,79,80.0,False,1999.75,2000.0
4019,731,952,s,79,82.0,False,1999.75,2000.5
4020,978,704,s,79,82.0,False,1999.75,2000.5
4021,1079,1030,s,79,84.0,False,1999.75,2001.0
4022,1093,323,s,79,81.0,False,1999.75,2000.25
4023,1327,823,s,79,81.0,False,1999.75,2000.25
4024,207,217,s,79,88.0,False,1999.75,2002.0
4025,233,481,s,79,81.0,False,1999.75,2000.25
4026,248,293,s,79,81.0,False,1999.75,2000.25
4027,264,358,s,79,83.0,False,1999.75,2000.75
4028,264,1051,s,79,81.0,False,1999.75,2000.25
4029,274,729,s,79,82.0,False,1999.75,2000.5
4030,365,1166,s,79,84.0,False,1999.75,2001.0
4031,422,1029,s,79,81.0,False,1999.75,2000.25
4032,432,399,s,79,80.0,False,1999.75,2000.0
4033,432,1030,s,79,89.0,False,1999.75,2002.25
4034,466,484,s,79,82.0,False,1999.75,2000.5
4035,494,747,s,79,87.0,False,1999.75,2001.75
4036,647,25,s,79,84.0,False,1999.75,2001.0
4037,716,947,s,79,87.0,False,1999.75,2001.75
4038,737,189,s,79,81.0,False,1999.75,2000.25
4039,821,416,s,79,84.0,False,1999.75,2001.0
4040,978,903,s,79,82.0,False,1999.75,2000.5
4041,1184,800,s,79,82.0,False,1999.75,2000.5
4042,1384,464,s,79,81.0,False,1999.75,2000.25
4043,849,129,l,79,83.0,True,1999.75,2000.75
4044,67,291,s,80,92.0,False,2000.0,2003.0
4045,69,63,s,80,82.0,False,2000.0,2000.5
4046,383,692,s,80,82.0,False,2000.0,2000.5
4047,647,1058,s,80,89.0,False,2000.0,2002.25
4048,821,241,s,80,82.0,False,2000.0,2000.5
4049,840,750,s,80,86.0,False,2000.0,2001.5
4050,919,614,s,80,85.0,False,2000.0,2001.25
4051,944,534,s,80,83.0,False,2000.0,2000.75
4052,1074,268,s,80,84.0,False,2000.0,2001.0
4053,1076,293,s,80,81.0,False,2000.0,2000.25
4054,1097,1488,s,80,83.0,False,2000.0,2000.75
4055,1099,371,s,80,82.0,False,2000.0,2000.5
4056,1105,1057,s,80,82.0,False,2000.0,2000.5
4057,1231,675,s,80,89.0,False,2000.0,2002.25
4058,137,685,s,80,91.0,False,2000.0,2002.75
4059,161,704,s,80,83.0,False,2000.0,2000.75
4060,235,842,s,80,82.0,False,2000.0,2000.5
4061,343,586,s,80,84.0,False,2000.0,2001.0
4062,520,899,s,80,87.0,False,2000.0,2001.75
4063,638,86,s,80,82.0,False,2000.0,2000.5
4064,672,694,s,80,92.0,False,2000.0,2003.0
4065,759,704,s,80,87.0,False,2000.0,2001.75
4066,792,36,s,80,96.0,False,2000.0,2004.0
4067,837,197,s,80,81.0,False,2000.0,2000.25
4068,849,124,s,80,85.0,False,2000.0,2001.25
4069,924,964,s,80,83.0,False,2000.0,2000.75
4070,978,763,s,80,90.0,False,2000.0,2002.5
4071,1076,416,s,80,83.0,False,2000.0,2000.75
4072,1090,1042,s,80,81.0,False,2000.0,2000.25
4073,1093,680,s,80,85.0,False,2000.0,2001.25
4074,1421,751,s,80,84.0,False,2000.0,2001.0
4075,486,1032,s,80,81.0,False,2000.0,2000.25
4076,509,90,s,80,81.0,False,2000.0,2000.25
4077,553,1038,s,80,81.0,False,2000.0,2000.25
4078,788,90,s,80,82.0,False,2000.0,2000.5
4079,924,499,s,80,83.0,False,2000.0,2000.75
4080,998,213,s,80,93.0,False,2000.0,2003.25
4081,1096,81,s,80,82.0,False,2000.0,2000.5
4082,15,586,l,80,108.0,True,2000.0,2007.0
4083,211,340,l,80,196.0,True,2000.0,2029.0
4084,316,224,l,80,104.0,True,2000.0,2006.0
4085,212,1033,l,80,120.0,True,2000.0,2010.0
4086,511,306,l,80,161.0,True,2000.0,2020.25
4087,895,1488,l,80,136.0,True,2000.0,2014.0
4088,1367,1318,l,80,89.0,True,2000.0,2002.25
4089,566,724,l,80,160.0,True,2000.0,2020.0
4090,715,481,l,80,107.0,True,2000.0,2006.75
4091,15,296,s,81,85.0,False,2000.25,2001.25
4092,57,390,s,81,102.0,False,2000.25,2005.5
4093,96,1042,s,81,89.0,False,2000.25,2002.25
4094,172,291,s,81,81.0,False,2000.25,2000.25
4095,204,1158,s,81,83.0,False,2000.25,2000.75
4096,207,259,s,81,82.0,False,2000.25,2000.5
4097,222,733,s,81,83.0,False,2000.25,2000.75
4098,262,842,s,81,95.0,False,2000.25,2003.75
4099,485,58,s,81,81.0,False,2000.25,2000.25
4100,702,296,s,81,84.0,False,2000.25,2001.0
4101,815,320,s,81,81.0,False,2000.25,2000.25
4102,849,1318,s,81,83.0,False,2000.25,2000.75
4103,937,192,s,81,83.0,False,2000.25,2000.75
4104,993,464,s,81,81.0,False,2000.25,2000.25
4105,1109,369,s,81,90.0,False,2000.25,2002.5
4106,1326,360,s,81,84.0,False,2000.25,2001.0
4107,1384,901,s,81,82.0,False,2000.25,2000.5
4108,15,205,s,81,89.0,False,2000.25,2002.25
4109,207,58,s,81,93.0,False,2000.25,2003.25
4110,303,464,s,81,83.0,False,2000.25,2000.75
4111,486,607,s,81,85.0,False,2000.25,2001.25
4112,494,564,s,81,81.0,False,2000.25,2000.25
4113,529,302,s,81,84.0,False,2000.25,2001.0
4114,529,1030,s,81,98.0,False,2000.25,2004.5
4115,863,1168,s,81,84.0,False,2000.25,2001.0
4116,922,302,s,81,84.0,False,2000.25,2001.0
4117,955,9,s,81,87.0,False,2000.25,2001.75
4118,1103,1035,s,81,83.0,False,2000.25,2000.75
4119,1171,775,s,81,83.0,False,2000.25,2000.75
4120,1204,320,s,81,84.0,False,2000.25,2001.0
4121,117,1042,s,81,82.0,False,2000.25,2000.5
4122,130,124,s,81,88.0,False,2000.25,2002.0
4123,132,586,s,81,83.0,False,2000.25,2000.75
4124,141,704,s,81,83.0,False,2000.25,2000.75
4125,518,557,s,81,89.0,False,2000.25,2002.25
4126,647,391,s,81,99.0,False,2000.25,2004.75
4127,711,1488,s,81,89.0,False,2000.25,2002.25
4128,731,689,s,81,92.0,False,2000.25,2003.0
4129,917,706,s,81,89.0,False,2000.25,2002.25
4130,1079,662,s,81,84.0,False,2000.25,2001.0
4131,1092,129,s,81,87.0,False,2000.25,2001.75
4132,1096,323,s,81,83.0,False,2000.25,2000.75
4133,1103,650,s,81,82.0,False,2000.25,2000.5
4134,1235,197,s,81,90.0,False,2000.25,2002.5
4135,34,1346,l,81,121.0,True,2000.25,2010.25
4136,394,63,l,81,87.0,True,2000.25,2001.75
4137,906,697,l,81,99.0,True,2000.25,2004.75
4138,1079,1508,l,81,208.0,True,2000.25,2032.0
4139,229,861,l,81,84.0,True,2000.25,2001.0
4140,777,695,l,81,128.0,True,2000.25,2012.0
4141,107,1038,s,82,82.0,False,2000.5,2000.5
4142,172,81,s,82,91.0,False,2000.5,2002.75
4143,418,97,s,82,83.0,False,2000.5,2000.75
4144,715,1030,s,82,82.0,False,2000.5,2000.5
4145,776,71,s,82,88.0,False,2000.5,2002.0
4146,916,405,s,82,84.0,False,2000.5,2001.0
4147,916,842,s,82,82.0,False,2000.5,2000.5
4148,1076,1201,s,82,82.0,False,2000.5,2000.5
4149,1109,314,s,82,84.0,False,2000.5,2001.0
4150,1192,793,s,82,82.0,False,2000.5,2000.5
4151,1208,534,s,82,82.0,False,2000.5,2000.5
4152,44,1348,s,82,84.0,False,2000.5,2001.0
4153,262,213,s,82,86.0,False,2000.5,2001.5
4154,264,1039,s,82,83.0,False,2000.5,2000.75
4155,274,306,s,82,86.0,False,2000.5,2001.5
4156,274,1022,s,82,83.0,False,2000.5,2000.75
4157,518,49,s,82,102.0,False,2000.5,2005.5
4158,575,192,s,82,82.0,False,2000.5,2000.5
4159,732,238,s,82,83.0,False,2000.5,2000.75
4160,739,64,s,82,84.0,False,2000.5,2001.0
4161,776,708,s,82,83.0,False,2000.5,2000.75
4162,869,311,s,82,90.0,False,2000.5,2002.5
4163,976,564,s,82,100.0,False,2000.5,2005.0
4164,15,268,s,82,85.0,False,2000.5,2001.25
4165,34,480,s,82,84.0,False,2000.5,2001.0
4166,157,1167,s,82,87.0,False,2000.5,2001.75
4167,234,320,s,82,84.0,False,2000.5,2001.0
4168,329,653,s,82,84.0,False,2000.5,2001.0
4169,549,545,s,82,85.0,False,2000.5,2001.25
4170,677,1023,s,82,83.0,False,2000.5,2000.75
4171,832,201,s,82,84.0,False,2000.5,2001.0
4172,895,628,s,82,83.0,False,2000.5,2000.75
4173,916,416,s,82,85.0,False,2000.5,2001.25
4174,1078,1013,s,82,87.0,False,2000.5,2001.75
4175,1102,685,s,82,85.0,False,2000.5,2001.25
4176,1329,929,s,82,86.0,False,2000.5,2001.5
4177,1491,345,s,82,85.0,False,2000.5,2001.25
4178,716,534,l,82,109.0,True,2000.5,2007.25
4179,1093,964,l,82,88.0,True,2000.5,2002.0
4180,353,1280,l,82,204.0,True,2000.5,2031.0
4181,518,602,l,82,83.0,True,2000.5,2000.75
4182,711,932,l,82,116.0,True,2000.5,2009.0
4183,1204,97,l,82,115.0,True,2000.5,2008.75
4184,1384,899,l,82,105.0,True,2000.5,2006.25
4185,15,192,s,83,85.0,False,2000.75,2001.25
4186,44,543,s,83,86.0,False,2000.75,2001.5
4187,69,90,s,83,84.0,False,2000.75,2001.0
4188,161,932,s,83,84.0,False,2000.75,2001.0
4189,230,701,s,83,83.0,False,2000.75,2000.75
4190,355,1228,s,83,83.0,False,2000.75,2000.75
4191,422,714,s,83,86.0,False,2000.75,2001.5
4192,526,1032,s,83,84.0,False,2000.75,2001.0
4193,556,1016,s,83,88.0,False,2000.75,2002.0
4194,754,1347,s,83,87.0,False,2000.75,2001.75
4195,776,704,s,83,84.0,False,2000.75,2001.0
4196,882,747,s,83,95.0,False,2000.75,2003.75
4197,1081,1196,s,83,86.0,False,2000.75,2001.5
4198,222,416,s,83,86.0,False,2000.75,2001.5
4199,222,572,s,83,85.0,False,2000.75,2001.25
4200,239,1046,s,83,86.0,False,2000.75,2001.5
4201,287,295,s,83,84.0,False,2000.75,2001.0
4202,494,411,s,83,87.0,False,2000.75,2001.75
4203,630,1346,s,83,89.0,False,2000.75,2002.25
4204,732,1525,s,83,84.0,False,2000.75,2001.0
4205,745,628,s,83,84.0,False,2000.75,2001.0
4206,769,1400,s,83,86.0,False,2000.75,2001.5
4207,796,306,s,83,84.0,False,2000.75,2001.0
4208,895,751,s,83,85.0,False,2000.75,2001.25
4209,1105,1227,s,83,86.0,False,2000.75,2001.5
4210,1152,1012,s,83,88.0,False,2000.75,2002.0
4211,1153,97,s,83,84.0,False,2000.75,2001.0
4212,15,371,s,83,84.0,False,2000.75,2001.0
4213,113,899,s,83,84.0,False,2000.75,2001.0
4214,157,749,s,83,85.0,False,2000.75,2001.25
4215,172,1017,s,83,84.0,False,2000.75,2001.0
4216,321,293,s,83,84.0,False,2000.75,2001.0
4217,379,762,s,83,84.0,False,2000.75,2001.0
4218,497,399,s,83,88.0,False,2000.75,2002.0
4219,638,81,s,83,88.0,False,2000.75,2002.0
4220,754,324,s,83,85.0,False,2000.75,2001.25
4221,869,259,s,83,84.0,False,2000.75,2001.0
4222,869,704,s,83,85.0,False,2000.75,2001.25
4223,934,46,s,83,87.0,False,2000.75,2001.75
4224,953,710,s,83,85.0,False,2000.75,2001.25
4225,1093,956,s,83,92.0,False,2000.75,2003.0
4226,1148,345,s,83,84.0,False,2000.75,2001.0
4227,1151,708,s,83,85.0,False,2000.75,2001.25
4228,1204,1316,s,83,85.0,False,2000.75,2001.25
4229,1326,399,s,83,84.0,False,2000.75,2001.0
4230,222,649,l,83,121.0,True,2000.75,2010.25
4231,938,793,l,83,117.0,True,2000.75,2009.25
4232,1090,578,l,83,131.0,True,2000.75,2012.75
4233,1349,673,l,83,179.0,True,2000.75,2024.75
4234,1095,347,l,83,180.0,True,2000.75,2025.0
4235,3,375,s,84,85.0,False,2001.0,2001.25
4236,57,576,s,84,84.0,False,2001.0,2001.0
4237,96,170,s,84,86.0,False,2001.0,2001.5
4238,132,205,s,84,93.0,False,2001.0,2003.25
4239,316,302,s,84,88.0,False,2001.0,2002.0
4240,363,481,s,84,91.0,False,2001.0,2002.75
4241,363,620,s,84,86.0,False,2001.0,2001.5
4242,479,464,s,84,85.0,False,2001.0,2001.25
4243,508,585,s,84,85.0,False,2001.0,2001.25
4244,553,956,s,84,89.0,False,2001.0,2002.25
4245,722,1201,s,84,108.0,False,2001.0,2007.0
4246,736,180,s,84,86.0,False,2001.0,2001.5
4247,737,749,s,84,99.0,False,2001.0,2004.75
4248,756,901,s,84,84.0,False,2001.0,2001.0
4249,776,775,s,84,93.0,False,2001.0,2003.25
4250,916,392,s,84,85.0,False,2001.0,2001.25
4251,1003,61,s,84,89.0,False,2001.0,2002.25
4252,1091,224,s,84,89.0,False,2001.0,2002.25
4253,1097,693,s,84,86.0,False,2001.0,2001.5
4254,1237,614,s,84,88.0,False,2001.0,2002.0
4255,33,996,s,84,90.0,False,2001.0,2002.5
4256,172,772,s,84,84.0,False,2001.0,2001.0
4257,207,81,s,84,87.0,False,2001.0,2001.75
4258,274,1165,s,84,87.0,False,2001.0,2001.75
4259,343,291,s,84,97.0,False,2001.0,2004.25
4260,363,302,s,84,89.0,False,2001.0,2002.25
4261,379,1472,s,84,85.0,False,2001.0,2001.25
4262,479,1026,s,84,88.0,False,2001.0,2002.0
4263,520,192,s,84,87.0,False,2001.0,2001.75
4264,660,901,s,84,86.0,False,2001.0,2001.5
4265,715,392,s,84,86.0,False,2001.0,2001.5
4266,871,371,s,84,87.0,False,2001.0,2001.75
4267,916,371,s,84,94.0,False,2001.0,2003.5
4268,1076,302,s,84,89.0,False,2001.0,2002.25
4269,1094,22,s,84,89.0,False,2001.0,2002.25
4270,1102,58,s,84,86.0,False,2001.0,2001.5
4271,1152,1161,s,84,86.0,False,2001.0,2001.5
4272,1384,694,s,84,87.0,False,2001.0,2001.75
4273,1545,961,s,84,88.0,False,2001.0,2002.0
4274,69,704,s,84,90.0,False,2001.0,2002.5
4275,222,534,s,84,90.0,False,2001.0,2002.5
4276,222,823,s,84,86.0,False,2001.0,2001.5
4277,329,392,s,84,86.0,False,2001.0,2001.5
4278,383,1168,s,84,86.0,False,2001.0,2001.5
4279,466,706,s,84,90.0,False,2001.0,2002.5
4280,486,823,s,84,90.0,False,2001.0,2002.5
4281,597,306,s,84,87.0,False,2001.0,2001.75
4282,735,747,s,84,89.0,False,2001.0,2002.25
4283,754,320,s,84,86.0,False,2001.0,2001.5
4284,858,615,s,84,85.0,False,2001.0,2001.25
4285,858,1164,s,84,89.0,False,2001.0,2002.25
4286,872,405,s,84,86.0,False,2001.0,2001.5
4287,895,399,s,84,87.0,False,2001.0,2001.75
4288,944,499,s,84,86.0,False,2001.0,2001.5
4289,1077,108,s,84,92.0,False,2001.0,2003.0
4290,1510,557,s,84,86.0,False,2001.0,2001.5
4291,351,545,l,84,180.0,True,2001.0,2025.0
4292,132,306,l,84,162.0,True,2001.0,2020.5
4293,916,679,l,84,102.0,True,2001.0,2005.5
4294,351,159,l,84,114.0,True,2001.0,2008.5
4295,652,61,l,84,168.0,True,2001.0,2022.0
4296,1083,952,l,84,112.0,True,2001.0,2008.0
4297,15,180,s,85,85.0,False,2001.25,2001.25
4298,117,22,s,85,85.0,False,2001.25,2001.25
4299,211,213,s,85,94.0,False,2001.25,2003.5
4300,303,345,s,85,87.0,False,2001.25,2001.75
4301,343,180,s,85,85.0,False,2001.25,2001.25
4302,432,55,s,85,86.0,False,2001.25,2001.5
4303,518,1042,s,85,88.0,False,2001.25,2002.0
4304,622,751,s,85,86.0,False,2001.25,2001.5
4305,670,302,s,85,87.0,False,2001.25,2001.75
4306,677,1318,s,85,87.0,False,2001.25,2001.75
4307,737,1168,s,85,89.0,False,2001.25,2002.25
4308,739,1017,s,85,86.0,False,2001.25,2001.5
4309,777,572,s,85,87.0,False,2001.25,2001.75
4310,944,708,s,85,86.0,False,2001.25,2001.5
4311,1096,1038,s,85,86.0,False,2001.25,2001.5
4312,1101,22,s,85,85.0,False,2001.25,2001.25
4313,1159,1346,s,85,91.0,False,2001.25,2002.75
4314,1200,1021,s,85,88.0,False,2001.25,2002.0
4315,1217,1012,s,85,95.0,False,2001.25,2003.75
4316,1256,684,s,85,93.0,False,2001.25,2003.25
4317,1473,684,s,85,86.0,False,2001.25,2001.5
4318,1528,217,s,85,93.0,False,2001.25,2003.25
4319,1544,678,s,85,87.0,False,2001.25,2001.75
4320,54,585,s,85,89.0,False,2001.25,2002.25
4321,96,857,s,85,85.0,False,2001.25,2001.25
4322,207,1472,s,85,89.0,False,2001.25,2002.25
4323,264,391,s,85,86.0,False,2001.25,2001.5
4324,289,996,s,85,91.0,False,2001.25,2002.75
4325,542,693,s,85,94.0,False,2001.25,2003.5
4326,874,63,s,85,87.0,False,2001.25,2001.75
4327,893,499,s,85,89.0,False,2001.25,2002.25
4328,916,665,s,85,88.0,False,2001.25,2002.0
4329,916,673,s,85,101.0,False,2001.25,2005.25
4330,924,493,s,85,98.0,False,2001.25,2004.5
4331,1090,202,s,85,86.0,False,2001.25,2001.5
4332,1171,824,s,85,87.0,False,2001.25,2001.75
4333,1173,1043,s,85,90.0,False,2001.25,2002.5
4334,3,202,s,85,88.0,False,2001.25,2002.0
4335,381,710,s,85,94.0,False,2001.25,2003.5
4336,418,268,s,85,92.0,False,2001.25,2003.0
4337,419,602,s,85,86.0,False,2001.25,2001.5
4338,598,572,s,85,90.0,False,2001.25,2002.5
4339,737,58,s,85,86.0,False,2001.25,2001.5
4340,872,202,s,85,86.0,False,2001.25,2001.5
4341,872,733,s,85,87.0,False,2001.25,2001.75
4342,902,607,s,85,95.0,False,2001.25,2003.75
4343,988,772,s,85,86.0,False,2001.25,2001.5
4344,1156,197,s,85,86.0,False,2001.25,2001.5
4345,1156,243,s,85,87.0,False,2001.25,2001.75
4346,1087,585,l,85,234.0,True,2001.25,2038.5
4347,1171,197,l,85,97.0,True,2001.25,2004.25
4348,1212,1017,l,85,161.0,True,2001.25,2020.25
4349,1090,1167,l,85,184.0,True,2001.25,2026.0
4350,1184,291,l,85,87.0,True,2001.25,2001.75
4351,1224,678,l,85,101.0,True,2001.25,2005.25
4352,172,607,s,86,88.0,False,2001.5,2002.0
4353,211,628,s,86,89.0,False,2001.5,2002.25
4354,222,990,s,86,91.0,False,2001.5,2002.75
4355,232,775,s,86,88.0,False,2001.5,2002.0
4356,233,1161,s,86,90.0,False,2001.5,2002.5
4357,234,1031,s,86,87.0,False,2001.5,2001.75
4358,264,499,s,86,88.0,False,2001.5,2002.0
4359,542,1418,s,86,92.0,False,2001.5,2003.0
4360,618,108,s,86,86.0,False,2001.5,2001.5
4361,647,81,s,86,87.0,False,2001.5,2001.75
4362,893,730,s,86,88.0,False,2001.5,2002.0
4363,955,324,s,86,88.0,False,2001.5,2002.0
4364,1094,371,s,86,89.0,False,2001.5,2002.25
4365,1109,404,s,86,88.0,False,2001.5,2002.0
4366,1255,1507,s,86,91.0,False,2001.5,2002.75
4367,137,424,s,86,88.0,False,2001.5,2002.0
4368,264,288,s,86,87.0,False,2001.5,2001.75
4369,362,1045,s,86,91.0,False,2001.5,2002.75
4370,439,217,s,86,87.0,False,2001.5,2001.75
4371,869,83,s,86,92.0,False,2001.5,2003.0
4372,944,241,s,86,88.0,False,2001.5,2002.0
4373,1005,108,s,86,89.0,False,2001.5,2002.25
4374,1103,1053,s,86,86.0,False,2001.5,2001.5
4375,1108,1055,s,86,87.0,False,2001.5,2001.75
4376,1156,205,s,86,92.0,False,2001.5,2003.0
4377,316,360,s,86,90.0,False,2001.5,2002.5
4378,362,85,s,86,92.0,False,2001.5,2003.0
4379,381,124,s,86,87.0,False,2001.5,2001.75
4380,422,954,s,86,88.0,False,2001.5,2002.0
4381,541,25,s,86,89.0,False,2001.5,2002.25
4382,573,371,s,86,90.0,False,2001.5,2002.5
4383,722,1238,s,86,87.0,False,2001.5,2001.75
4384,792,360,s,86,92.0,False,2001.5,2003.0
4385,872,628,s,86,88.0,False,2001.5,2002.0
4386,937,55,s,86,94.0,False,2001.5,2003.5
4387,1007,108,s,86,100.0,False,2001.5,2005.0
4388,1007,571,s,86,91.0,False,2001.5,2002.75
4389,1074,684,s,86,103.0,False,2001.5,2005.75
4390,777,816,l,86,111.0,True,2001.5,2007.75
4391,859,1318,l,86,124.0,True,2001.5,2011.0
4392,1010,24,l,86,142.0,True,2001.5,2015.5
4393,875,405,l,86,144.0,True,2001.5,2016.0
4394,73,202,s,87,89.0,False,2001.75,2002.25
4395,415,417,s,87,94.0,False,2001.75,2003.5
4396,739,704,s,87,88.0,False,2001.75,2002.0
4397,840,302,s,87,95.0,False,2001.75,2003.75
4398,934,371,s,87,88.0,False,2001.75,2002.0
4399,1003,1158,s,87,89.0,False,2001.75,2002.25
4400,1076,213,s,87,93.0,False,2001.75,2003.25
4401,1421,36,s,87,87.0,False,2001.75,2001.75
4402,93,1057,s,87,96.0,False,2001.75,2004.0
4403,350,633,s,87,99.0,False,2001.75,2004.75
4404,374,59,s,87,88.0,False,2001.75,2002.0
4405,379,891,s,87,88.0,False,2001.75,2002.0
4406,521,24,s,87,88.0,False,2001.75,2002.0
4407,526,84,s,87,88.0,False,2001.75,2002.0
4408,598,704,s,87,91.0,False,2001.75,2002.75
4409,711,1168,s,87,88.0,False,2001.75,2002.0
4410,715,1032,s,87,87.0,False,2001.75,2001.75
4411,716,945,s,87,103.0,False,2001.75,2005.75
4412,732,302,s,87,90.0,False,2001.75,2002.5
4413,875,202,s,87,89.0,False,2001.75,2002.25
4414,882,58,s,87,91.0,False,2001.75,2002.75
4415,885,1015,s,87,93.0,False,2001.75,2003.25
4416,916,192,s,87,90.0,False,2001.75,2002.5
4417,940,785,s,87,93.0,False,2001.75,2003.25
4418,955,793,s,87,91.0,False,2001.75,2002.75
4419,995,60,s,87,91.0,False,2001.75,2002.75
4420,1094,295,s,87,92.0,False,2001.75,2003.0
4421,1148,1019,s,87,88.0,False,2001.75,2002.0
4422,57,345,s,87,89.0,False,2001.75,2002.25
4423,233,1001,s,87,90.0,False,2001.75,2002.5
4424,465,453,s,87,90.0,False,2001.75,2002.5
4425,467,347,s,87,90.0,False,2001.75,2002.5
4426,507,689,s,87,88.0,False,2001.75,2002.0
4427,875,633,s,87,88.0,False,2001.75,2002.0
4428,917,964,s,87,95.0,False,2001.75,2003.75
4429,944,950,s,87,89.0,False,2001.75,2002.25
4430,1148,1162,s,87,102.0,False,2001.75,2005.5
4431,1171,213,s,87,88.0,False,2001.75,2002.0
4432,1231,338,s,87,88.0,False,2001.75,2002.0
4433,15,407,l,87,113.0,True,2001.75,2008.25
4434,776,890,l,87,152.0,True,2001.75,2018.0
4435,1256,1164,l,87,100.0,True,2001.75,2005.0
4436,1102,202,l,87,111.0,True,2001.75,2007.75
4437,379,405,l,87,104.0,True,2001.75,2006.0
4438,976,695,l,87,160.0,True,2001.75,2020.0
4439,1528,963,l,87,91.0,True,2001.75,2002.75
4440,107,1541,s,88,111.0,False,2002.0,2007.75
4441,242,762,s,88,89.0,False,2002.0,2002.25
4442,255,933,s,88,89.0,False,2002.0,2002.25
4443,269,86,s,88,91.0,False,2002.0,2002.75
4444,346,50,s,88,90.0,False,2002.0,2002.5
4445,383,956,s,88,90.0,False,2002.0,2002.5
4446,560,679,s,88,91.0,False,2002.0,2002.75
4447,598,399,s,88,91.0,False,2002.0,2002.75
4448,696,146,s,88,90.0,False,2002.0,2002.5
4449,784,710,s,88,90.0,False,2002.0,2002.5
4450,849,585,s,88,89.0,False,2002.0,2002.25
4451,849,1021,s,88,90.0,False,2002.0,2002.5
4452,1097,295,s,88,89.0,False,2002.0,2002.25
4453,1100,237,s,88,99.0,False,2002.0,2004.75
4454,1190,427,s,88,93.0,False,2002.0,2003.25
4455,1190,1161,s,88,94.0,False,2002.0,2003.5
4456,1367,1056,s,88,93.0,False,2002.0,2003.25
4457,1545,498,s,88,93.0,False,2002.0,2003.25
4458,69,159,s,88,92.0,False,2002.0,2003.0
4459,379,389,s,88,90.0,False,2002.0,2002.5
4460,549,63,s,88,105.0,False,2002.0,2006.25
4461,722,16,s,88,94.0,False,2002.0,2003.5
4462,745,733,s,88,89.0,False,2002.0,2002.25
4463,777,834,s,88,89.0,False,2002.0,2002.25
4464,788,416,s,88,99.0,False,2002.0,2004.75
4465,849,392,s,88,91.0,False,2002.0,2002.75
4466,863,224,s,88,91.0,False,2002.0,2002.75
4467,917,495,s,88,90.0,False,2002.0,2002.5
4468,1156,1015,s,88,91.0,False,2002.0,2002.75
4469,1212,693,s,88,100.0,False,2002.0,2005.0
4470,1473,205,s,88,98.0,False,2002.0,2004.5
4471,1544,942,s,88,91.0,False,2002.0,2002.75
4472,239,548,s,88,89.0,False,2002.0,2002.25
4473,485,1318,s,88,99.0,False,2002.0,2004.75
4474,497,60,s,88,91.0,False,2002.0,2002.75
4475,497,730,s,88,99.0,False,2002.0,2004.75
4476,553,86,s,88,93.0,False,2002.0,2003.25
4477,738,714,s,88,97.0,False,2002.0,2004.25
4478,745,60,s,88,99.0,False,2002.0,2004.75
4479,776,724,s,88,97.0,False,2002.0,2004.25
4480,792,1525,s,88,89.0,False,2002.0,2002.25
4481,840,964,s,88,95.0,False,2002.0,2003.75
4482,882,557,s,88,99.0,False,2002.0,2004.75
4483,1185,1193,s,88,93.0,False,2002.0,2003.25
4484,1192,1244,s,88,93.0,False,2002.0,2003.25
4485,1279,1219,s,88,94.0,False,2002.0,2003.5
4486,172,291,l,88,160.0,True,2002.0,2020.0
4487,882,124,l,88,156.0,True,2002.0,2019.0
4488,1172,360,l,88,128.0,True,2002.0,2012.0
4489,1192,1316,l,88,148.0,True,2002.0,2017.0
4490,1191,678,l,88,,True,2002.0,
4491,346,22,l,88,102.0,True,2002.0,2005.5
4492,575,673,l,88,121.0,True,2002.0,2010.25
4493,955,945,l,88,,True,2002.0,
4494,99,1012,s,89,90.0,False,2002.25,2002.5
4495,137,557,s,89,97.0,False,2002.25,2004.25
4496,204,24,s,89,89.0,False,2002.25,2002.25
4497,204,417,s,89,90.0,False,2002.25,2002.5
4498,232,1042,s,89,90.0,False,2002.25,2002.5
4499,355,1169,s,89,93.0,False,2002.25,2003.25
4500,501,856,s,89,93.0,False,2002.25,2003.25
4501,597,704,s,89,102.0,False,2002.25,2005.5
4502,807,498,s,89,98.0,False,2002.25,2004.5
4503,840,750,s,89,92.0,False,2002.25,2003.0
4504,1078,390,s,89,96.0,False,2002.25,2004.0
4505,1094,1022,s,89,92.0,False,2002.25,2003.0
4506,1100,124,s,89,93.0,False,2002.25,2003.25
4507,1171,82,s,89,97.0,False,2002.25,2004.25
4508,1217,1013,s,89,89.0,False,2002.25,2002.25
4509,1384,557,s,89,92.0,False,2002.25,2003.0
4510,40,1346,s,89,91.0,False,2002.25,2002.75
4511,132,375,s,89,92.0,False,2002.25,2003.0
4512,179,933,s,89,91.0,False,2002.25,2002.75
4513,191,701,s,89,90.0,False,2002.25,2002.5
4514,232,665,s,89,89.0,False,2002.25,2002.25
4515,234,498,s,89,90.0,False,2002.25,2002.5
4516,264,538,s,89,90.0,False,2002.25,2002.5
4517,526,548,s,89,91.0,False,2002.25,2002.75
4518,551,1540,s,89,99.0,False,2002.25,2004.75
4519,560,1168,s,89,92.0,False,2002.25,2003.0
4520,622,693,s,89,91.0,False,2002.25,2002.75
4521,681,606,s,89,94.0,False,2002.25,2003.5
4522,711,762,s,89,94.0,False,2002.25,2003.5
4523,715,295,s,89,90.0,False,2002.25,2002.5
4524,732,665,s,89,91.0,False,2002.25,2002.75
4525,777,952,s,89,91.0,False,2002.25,2002.75
4526,1010,1189,s,89,90.0,False,2002.25,2002.5
4527,1083,399,s,89,91.0,False,2002.25,2002.75
4528,1096,733,s,89,109.0,False,2002.25,2007.25
4529,1156,416,s,89,92.0,False,2002.25,2003.0
4530,1191,524,s,89,89.0,False,2002.25,2002.25
4531,1208,1196,s,89,90.0,False,2002.25,2002.5
4532,117,680,s,89,107.0,False,2002.25,2006.75
4533,239,762,s,89,91.0,False,2002.25,2002.75
4534,629,399,s,89,92.0,False,2002.25,2003.0
4535,754,1189,s,89,90.0,False,2002.25,2002.5
4536,831,585,s,89,92.0,False,2002.25,2003.0
4537,893,582,s,89,92.0,False,2002.25,2003.0
4538,895,504,s,89,90.0,False,2002.25,2002.5
4539,993,730,s,89,92.0,False,2002.25,2003.0
4540,1091,391,s,89,91.0,False,2002.25,2002.75
4541,1100,176,s,89,90.0,False,2002.25,2002.5
4542,1105,32,s,89,90.0,False,2002.25,2002.5
4543,1172,50,s,89,92.0,False,2002.25,2003.0
4544,1212,1018,s,89,90.0,False,2002.25,2002.5
4545,736,323,l,89,125.0,True,2002.25,2011.25
4546,1159,1347,l,89,135.0,True,2002.25,2013.75
4547,1191,90,l,89,165.0,True,2002.25,2021.25
4548,647,124,l,89,135.0,True,2002.25,2013.75
4549,1007,90,l,89,114.0,True,2002.25,2008.5
4550,1212,291,l,89,94.0,True,2002.25,2003.5
4551,75,572,s,90,95.0,False,2002.5,2003.75
4552,381,898,s,90,93.0,False,2002.5,2003.25
4553,482,1540,s,90,92.0,False,2002.5,2003.0
4554,511,663,s,90,92.0,False,2002.5,2003.0
4555,573,907,s,90,93.0,False,2002.5,2003.25
4556,660,189,s,90,93.0,False,2002.5,2003.25
4557,777,1027,s,90,90.0,False,2002.5,2002.5
4558,792,25,s,90,93.0,False,2002.5,2003.25
4559,875,842,s,90,95.0,False,2002.5,2003.75
4560,976,71,s,90,91.0,False,2002.5,2002.75
4561,1212,180,s,90,92.0,False,2002.5,2003.0
4562,169,60,s,90,99.0,False,2002.5,2004.75
4563,239,1050,s,90,92.0,False,2002.5,2003.0
4564,374,823,s,90,90.0,False,2002.5,2002.5
4565,520,679,s,90,91.0,False,2002.5,2002.75
4566,529,733,s,90,96.0,False,2002.5,2004.0
4567,541,50,s,90,93.0,False,2002.5,2003.25
4568,667,306,s,90,93.0,False,2002.5,2003.25
4569,895,679,s,90,91.0,False,2002.5,2002.75
4570,934,1525,s,90,97.0,False,2002.5,2004.25
4571,1156,530,s,90,91.0,False,2002.5,2002.75
4572,1208,942,s,90,92.0,False,2002.5,2003.0
4573,1223,1316,s,90,99.0,False,2002.5,2004.75
4574,1251,36,s,90,95.0,False,2002.5,2003.75
4575,1258,903,s,90,94.0,False,2002.5,2003.5
4576,1528,499,s,90,90.0,False,2002.5,2002.5
4577,73,694,s,90,95.0,False,2002.5,2003.75
4578,207,733,s,90,102.0,False,2002.5,2005.5
4579,366,1064,s,90,92.0,False,2002.5,2003.0
4580,381,1032,s,90,95.0,False,2002.5,2003.75
4581,467,697,s,90,97.0,False,2002.5,2004.25
4582,494,749,s,90,104.0,False,2002.5,2006.0
4583,507,740,s,90,93.0,False,2002.5,2003.25
4584,529,945,s,90,91.0,False,2002.5,2002.75
4585,696,90,s,90,95.0,False,2002.5,2003.75
4586,754,443,s,90,94.0,False,2002.5,2003.5
4587,754,933,s,90,91.0,False,2002.5,2002.75
4588,1079,261,s,90,92.0,False,2002.5,2003.0
4589,1097,499,s,90,92.0,False,2002.5,2003.0
4590,479,405,l,90,144.0,True,2002.5,2016.0
4591,638,86,l,90,152.0,True,2002.5,2018.0
4592,157,296,l,90,157.0,True,2002.5,2019.25
4593,69,586,s,91,92.0,False,2002.75,2003.0
4594,283,1201,s,91,101.0,False,2002.75,2005.25
4595,316,213,s,91,95.0,False,2002.75,2003.75
4596,379,1298,s,91,97.0,False,2002.75,2004.25
4597,436,689,s,91,91.0,False,2002.75,2002.75
4598,520,288,s,91,97.0,False,2002.75,2004.25
4599,529,785,s,91,91.0,False,2002.75,2002.75
4600,625,369,s,91,91.0,False,2002.75,2002.75
4601,667,606,s,91,93.0,False,2002.75,2003.25
4602,736,708,s,91,91.0,False,2002.75,2002.75
4603,1084,614,s,91,95.0,False,2002.75,2003.75
4604,1152,241,s,91,102.0,False,2002.75,2005.5
4605,1208,46,s,91,91.0,False,2002.75,2002.75
4606,1211,345,s,91,95.0,False,2002.75,2003.75
4607,15,416,s,91,93.0,False,2002.75,2003.25
4608,141,61,s,91,94.0,False,2002.75,2003.5
4609,230,192,s,91,94.0,False,2002.75,2003.5
4610,501,295,s,91,92.0,False,2002.75,2003.0
4611,560,9,s,91,93.0,False,2002.75,2003.25
4612,655,1016,s,91,92.0,False,2002.75,2003.0
4613,731,498,s,91,102.0,False,2002.75,2005.5
4614,743,399,s,91,93.0,False,2002.75,2003.25
4615,777,290,s,91,99.0,False,2002.75,2004.75
4616,938,416,s,91,99.0,False,2002.75,2004.75
4617,966,290,s,91,91.0,False,2002.75,2002.75
4618,1080,697,s,91,94.0,False,2002.75,2003.5
4619,1276,1240,s,91,92.0,False,2002.75,2003.0
4620,141,375,s,91,100.0,False,2002.75,2005.0
4621,172,942,s,91,93.0,False,2002.75,2003.25
4622,497,495,s,91,93.0,False,2002.75,2003.25
4623,508,192,s,91,94.0,False,2002.75,2003.5
4624,511,1017,s,91,93.0,False,2002.75,2003.25
4625,541,340,s,91,95.0,False,2002.75,2003.75
4626,541,685,s,91,104.0,False,2002.75,2006.0
4627,944,775,s,91,95.0,False,2002.75,2003.75
4628,1256,268,s,91,92.0,False,2002.75,2003.0
4629,1349,1158,s,91,97.0,False,2002.75,2004.25
4630,1384,964,s,91,94.0,False,2002.75,2003.5
4631,594,1166,l,91,130.0,True,2002.75,2012.5
4632,674,1282,l,91,96.0,True,2002.75,2004.0
4633,1086,701,l,91,96.0,True,2002.75,2004.0
4634,1094,320,l,91,92.0,True,2002.75,2003.0
4635,57,585,l,91,105.0,True,2002.75,2006.25
4636,1074,942,l,91,156.0,True,2002.75,2019.0
4637,207,750,s,92,99.0,False,2003.0,2004.75
4638,362,22,s,92,97.0,False,2003.0,2004.25
4639,379,202,s,92,93.0,False,2003.0,2003.25
4640,439,531,s,92,93.0,False,2003.0,2003.25
4641,479,371,s,92,100.0,False,2003.0,2005.0
4642,497,907,s,92,93.0,False,2003.0,2003.25
4643,776,1021,s,92,97.0,False,2003.0,2004.25
4644,869,632,s,92,98.0,False,2003.0,2004.5
4645,1172,898,s,92,93.0,False,2003.0,2003.25
4646,1195,1008,s,92,92.0,False,2003.0,2003.0
4647,1223,697,s,92,93.0,False,2003.0,2003.25
4648,207,146,s,92,93.0,False,2003.0,2003.25
4649,232,999,s,92,103.0,False,2003.0,2005.75
4650,362,898,s,92,93.0,False,2003.0,2003.25
4651,497,1030,s,92,93.0,False,2003.0,2003.25
4652,529,680,s,92,96.0,False,2003.0,2004.0
4653,638,391,s,92,92.0,False,2003.0,2003.0
4654,711,170,s,92,95.0,False,2003.0,2003.75
4655,732,534,s,92,99.0,False,2003.0,2004.75
4656,944,217,s,92,93.0,False,2003.0,2003.25
4657,1191,1012,s,92,95.0,False,2003.0,2003.75
4658,1192,842,s,92,101.0,False,2003.0,2005.25
4659,242,411,s,92,96.0,False,2003.0,2004.0
4660,374,689,s,92,95.0,False,2003.0,2003.75
4661,383,189,s,92,95.0,False,2003.0,2003.75
4662,422,213,s,92,105.0,False,2003.0,2006.25
4663,722,427,s,92,104.0,False,2003.0,2006.0
4664,840,528,s,92,102.0,False,2003.0,2005.5
4665,867,213,s,92,95.0,False,2003.0,2003.75
4666,895,701,s,92,95.0,False,2003.0,2003.75
4667,922,1044,s,92,93.0,False,2003.0,2003.25
4668,1093,241,s,92,99.0,False,2003.0,2004.75
4669,1258,296,s,92,95.0,False,2003.0,2003.75
4670,1263,1272,s,92,103.0,False,2003.0,2005.75
4671,1473,740,s,92,97.0,False,2003.0,2004.25
4672,511,945,l,92,95.0,True,2003.0,2003.75
4673,919,498,l,92,120.0,True,2003.0,2010.0
4674,1148,375,l,92,226.0,True,2003.0,2036.5
4675,1577,95,l,92,101.0,True,2003.0,2005.25
4676,744,692,l,92,95.0,True,2003.0,2003.75
4677,1151,740,l,92,123.0,True,2003.0,2010.75
4678,1211,684,l,92,158.0,True,2003.0,2019.5
4679,150,1161,s,93,93.0,False,2003.25,2003.25
4680,172,528,s,93,96.0,False,2003.25,2004.0
4681,207,217,s,93,94.0,False,2003.25,2003.5
4682,343,159,s,93,106.0,False,2003.25,2006.5
4683,363,192,s,93,97.0,False,2003.25,2004.25
4684,479,9,s,93,97.0,False,2003.25,2004.25
4685,597,202,s,93,94.0,False,2003.25,2003.5
4686,622,1488,s,93,96.0,False,2003.25,2004.0
4687,630,823,s,93,95.0,False,2003.25,2003.75
4688,736,309,s,93,93.0,False,2003.25,2003.25
4689,859,704,s,93,95.0,False,2003.25,2003.75
4690,934,1347,s,93,98.0,False,2003.25,2004.5
4691,1097,90,s,93,98.0,False,2003.25,2004.5
4692,1152,443,s,93,96.0,False,2003.25,2004.0
4693,15,704,s,93,100.0,False,2003.25,2005.0
4694,152,942,s,93,93.0,False,2003.25,2003.25
4695,169,213,s,93,102.0,False,2003.25,2005.5
4696,329,295,s,93,94.0,False,2003.25,2003.5
4697,379,71,s,93,93.0,False,2003.25,2003.25
4698,460,793,s,93,97.0,False,2003.25,2004.25
4699,511,789,s,93,96.0,False,2003.25,2004.0
4700,532,153,s,93,93.0,False,2003.25,2003.25
4701,573,416,s,93,94.0,False,2003.25,2003.5
4702,743,684,s,93,96.0,False,2003.25,2004.0
4703,754,531,s,93,94.0,False,2003.25,2003.5
4704,869,724,s,93,95.0,False,2003.25,2003.75
4705,875,416,s,93,95.0,False,2003.25,2003.75
4706,919,534,s,93,101.0,False,2003.25,2005.25
4707,976,633,s,93,94.0,False,2003.25,2003.5
4708,1007,306,s,93,96.0,False,2003.25,2004.0
4709,1082,714,s,93,94.0,False,2003.25,2003.5
4710,1093,628,s,93,99.0,False,2003.25,2004.75
4711,1212,1028,s,93,93.0,False,2003.25,2003.25
4712,1297,399,s,93,94.0,False,2003.25,2003.5
4713,26,1540,s,93,95.0,False,2003.25,2003.75
4714,363,789,s,93,110.0,False,2003.25,2007.5
4715,414,63,s,93,109.0,False,2003.25,2007.25
4716,696,1226,s,93,99.0,False,2003.25,2004.75
4717,737,90,s,93,98.0,False,2003.25,2004.5
4718,754,545,s,93,94.0,False,2003.25,2003.5
4719,776,399,s,93,94.0,False,2003.25,2003.5
4720,840,296,s,93,108.0,False,2003.25,2007.0
4721,893,124,s,93,95.0,False,2003.25,2003.75
4722,916,202,s,93,94.0,False,2003.25,2003.5
4723,916,1015,s,93,101.0,False,2003.25,2005.25
4724,944,124,s,93,96.0,False,2003.25,2004.0
4725,944,197,s,93,101.0,False,2003.25,2005.25
4726,953,842,s,93,95.0,False,2003.25,2003.75
4727,1090,898,s,93,99.0,False,2003.25,2004.75
4728,379,1045,l,93,104.0,True,2003.25,2006.0
4729,731,1540,l,93,124.0,True,2003.25,2011.0
4730,130,405,l,93,144.0,True,2003.25,2016.0
4731,732,126,l,93,175.0,True,2003.25,2023.75
4732,1105,1033,l,93,147.0,True,2003.25,2016.75
4733,1258,586,l,93,123.0,True,2003.25,2010.75
4734,40,347,s,94,98.0,False,2003.5,2004.5
4735,53,1001,s,94,94.0,False,2003.5,2003.5
4736,232,392,s,94,99.0,False,2003.5,2004.75
4737,365,679,s,94,100.0,False,2003.5,2005.0
4738,560,405,s,94,96.0,False,2003.5,2004.0
4739,573,823,s,94,98.0,False,2003.5,2004.5
4740,597,493,s,94,95.0,False,2003.5,2003.75
4741,734,1023,s,94,98.0,False,2003.5,2004.5
4742,1003,950,s,94,98.0,False,2003.5,2004.5
4743,1102,822,s,94,95.0,False,2003.5,2003.75
4744,1152,417,s,94,95.0,False,2003.5,2003.75
4745,1200,345,s,94,95.0,False,2003.5,2003.75
4746,1384,375,s,94,96.0,False,2003.5,2004.0
4747,232,37,s,94,102.0,False,2003.5,2005.5
4748,422,607,s,94,99.0,False,2003.5,2004.75
4749,432,950,s,94,99.0,False,2003.5,2004.75
4750,556,901,s,94,95.0,False,2003.5,2003.75
4751,849,371,s,94,96.0,False,2003.5,2004.0
4752,919,1044,s,94,95.0,False,2003.5,2003.75
4753,1084,534,s,94,95.0,False,2003.5,2003.75
4754,1085,371,s,94,112.0,False,2003.5,2008.0
4755,1095,389,s,94,95.0,False,2003.5,2003.75
4756,1148,708,s,94,94.0,False,2003.5,2003.5
4757,1210,1193,s,94,102.0,False,2003.5,2005.5
4758,1287,942,s,94,95.0,False,2003.5,2003.75
4759,1384,238,s,94,95.0,False,2003.5,2003.75
4760,1510,1050,s,94,102.0,False,2003.5,2005.5
4761,1577,823,s,94,94.0,False,2003.5,2003.5
4762,92,416,s,94,97.0,False,2003.5,2004.25
4763,222,697,s,94,95.0,False,2003.5,2003.75
4764,365,557,s,94,97.0,False,2003.5,2004.25
4765,745,614,s,94,96.0,False,2003.5,2004.0
4766,776,24,s,94,97.0,False,2003.5,2004.25
4767,919,347,s,94,95.0,False,2003.5,2003.75
4768,1004,427,s,94,95.0,False,2003.5,2003.75
4769,1097,665,s,94,96.0,False,2003.5,2004.0
4770,1151,1022,s,94,103.0,False,2003.5,2005.75
4771,1152,1295,s,94,97.0,False,2003.5,2004.25
4772,1195,1238,s,94,96.0,False,2003.5,2004.0
4773,1326,146,s,94,106.0,False,2003.5,2006.5
4774,157,1198,l,94,104.0,True,2003.5,2006.0
4775,44,36,l,94,133.0,True,2003.5,2013.25
4776,511,1022,l,94,141.0,True,2003.5,2015.25
4777,1223,1001,l,94,194.0,True,2003.5,2028.5
4778,573,268,l,94,165.0,True,2003.5,2021.25
4779,667,389,l,94,104.0,True,2003.5,2006.0
4780,1088,704,l,94,176.0,True,2003.5,2024.0
4781,1258,16,l,94,168.0,True,2003.5,2022.0
4782,130,1488,s,95,97.0,False,2003.75,2004.25
4783,418,649,s,95,101.0,False,2003.75,2005.25
4784,467,578,s,95,97.0,False,2003.75,2004.25
4785,501,290,s,95,97.0,False,2003.75,2004.25
4786,507,1008,s,95,99.0,False,2003.75,2004.75
4787,736,800,s,95,97.0,False,2003.75,2004.25
4788,739,323,s,95,96.0,False,2003.75,2004.0
4789,745,586,s,95,104.0,False,2003.75,2006.0
4790,916,320,s,95,96.0,False,2003.75,2004.0
4791,993,295,s,95,96.0,False,2003.75,2004.0
4792,1156,1201,s,95,102.0,False,2003.75,2005.5
4793,1220,205,s,95,95.0,False,2003.75,2003.75
4794,1256,571,s,95,96.0,False,2003.75,2004.0
4795,1326,399,s,95,101.0,False,2003.75,2005.25
4796,3,86,s,95,96.0,False,2003.75,2004.0
4797,44,83,s,95,96.0,False,2003.75,2004.0
4798,191,90,s,95,96.0,False,2003.75,2004.0
4799,247,689,s,95,97.0,False,2003.75,2004.25
4800,350,1298,s,95,96.0,False,2003.75,2004.0
4801,507,824,s,95,104.0,False,2003.75,2006.0
4802,509,693,s,95,99.0,False,2003.75,2004.75
4803,518,36,s,95,97.0,False,2003.75,2004.25
4804,670,46,s,95,99.0,False,2003.75,2004.75
4805,739,291,s,95,95.0,False,2003.75,2003.75
4806,916,1042,s,95,98.0,False,2003.75,2004.5
4807,936,572,s,95,96.0,False,2003.75,2004.0
4808,993,761,s,95,95.0,False,2003.75,2003.75
4809,1093,280,s,95,100.0,False,2003.75,2005.0
4810,121,750,s,95,102.0,False,2003.75,2005.5
4811,133,706,s,95,98.0,False,2003.75,2004.5
4812,329,689,s,95,96.0,False,2003.75,2004.0
4813,346,202,s,95,103.0,False,2003.75,2005.75
4814,520,202,s,95,96.0,False,2003.75,2004.0
4815,681,61,s,95,97.0,False,2003.75,2004.25
4816,792,499,s,95,96.0,False,2003.75,2004.0
4817,1005,306,s,95,96.0,False,2003.75,2004.0
4818,1208,295,s,95,103.0,False,2003.75,2005.75
4819,1326,545,s,95,96.0,False,2003.75,2004.0
4820,1329,306,s,95,99.0,False,2003.75,2004.75
4821,1528,440,s,95,111.0,False,2003.75,2007.75
4822,521,24,l,95,114.0,True,2003.75,2008.5
4823,521,291,l,95,118.0,True,2003.75,2009.5
4824,1152,1507,l,95,124.0,True,2003.75,2011.0
4825,1097,750,l,95,117.0,True,2003.75,2009.25
4826,343,1294,l,95,199.0,True,2003.75,2029.75
4827,1190,46,l,95,112.0,True,2003.75,2008.0
4828,99,399,s,96,102.0,False,2004.0,2005.5
4829,150,585,s,96,96.0,False,2004.0,2004.0
4830,362,1488,s,96,98.0,False,2004.0,2004.5
4831,497,750,s,96,96.0,False,2004.0,2004.0
4832,788,295,s,96,100.0,False,2004.0,2005.0
4833,1086,1219,s,96,97.0,False,2004.0,2004.25
4834,1184,180,s,96,101.0,False,2004.0,2005.25
4835,1217,375,s,96,102.0,False,2004.0,2005.5
4836,1217,1541,s,96,97.0,False,2004.0,2004.25
4837,1223,678,s,96,96.0,False,2004.0,2004.0
4838,99,375,s,96,98.0,False,2004.0,2004.5
4839,157,604,s,96,98.0,False,2004.0,2004.5
4840,207,898,s,96,101.0,False,2004.0,2005.25
4841,479,58,s,96,101.0,False,2004.0,2005.25
4842,479,1037,s,96,97.0,False,2004.0,2004.25
4843,647,314,s,96,108.0,False,2004.0,2007.0
4844,869,63,s,96,101.0,False,2004.0,2005.25
4845,885,663,s,96,97.0,False,2004.0,2004.25
4846,924,665,s,96,97.0,False,2004.0,2004.25
4847,934,347,s,96,97.0,False,2004.0,2004.25
4848,938,484,s,96,97.0,False,2004.0,2004.25
4849,993,375,s,96,102.0,False,2004.0,2005.5
4850,1190,1593,s,96,99.0,False,2004.0,2004.75
4851,1223,606,s,96,99.0,False,2004.0,2004.75
4852,1256,1593,s,96,115.0,False,2004.0,2008.75
4853,1258,1594,s,96,100.0,False,2004.0,2005.0
4854,30,842,s,96,105.0,False,2004.0,2006.25
4855,216,1044,s,96,108.0,False,2004.0,2007.0
4856,269,86,s,96,97.0,False,2004.0,2004.25
4857,479,606,s,96,100.0,False,2004.0,2005.0
4858,482,1196,s,96,98.0,False,2004.0,2004.5
4859,486,952,s,96,97.0,False,2004.0,2004.25
4860,629,789,s,96,100.0,False,2004.0,2005.0
4861,737,963,s,96,102.0,False,2004.0,2005.5
4862,744,1042,s,96,97.0,False,2004.0,2004.25
4863,919,933,s,96,97.0,False,2004.0,2004.25
4864,1074,793,s,96,105.0,False,2004.0,2006.25
4865,1097,290,s,96,104.0,False,2004.0,2006.0
4866,1156,306,s,96,98.0,False,2004.0,2004.5
4867,1192,95,s,96,103.0,False,2004.0,2005.75
4868,1210,793,s,96,107.0,False,2004.0,2006.75
4869,1595,1346,s,96,98.0,False,2004.0,2004.5
4870,840,108,l,96,128.0,True,2004.0,2012.0
4871,849,504,l,96,125.0,True,2004.0,2011.25
4872,916,614,l,96,122.0,True,2004.0,2010.5
4873,53,789,s,97,99.0,False,2004.25,2004.75
4874,179,740,s,97,99.0,False,2004.25,2004.75
4875,351,360,s,97,98.0,False,2004.25,2004.5
4876,363,399,s,97,111.0,False,2004.25,2007.75
4877,418,933,s,97,100.0,False,2004.25,2005.0
4878,452,1194,s,97,101.0,False,2004.25,2005.25
4879,638,81,s,97,100.0,False,2004.25,2005.0
4880,638,1057,s,97,116.0,False,2004.25,2009.0
4881,652,530,s,97,99.0,False,2004.25,2004.75
4882,696,320,s,97,101.0,False,2004.25,2005.25
4883,705,1019,s,97,100.0,False,2004.25,2005.0
4884,715,85,s,97,104.0,False,2004.25,2006.0
4885,917,907,s,97,99.0,False,2004.25,2004.75
4886,1086,607,s,97,104.0,False,2004.25,2006.0
4887,1095,898,s,97,97.0,False,2004.25,2004.25
4888,1190,530,s,97,104.0,False,2004.25,2006.0
4889,1195,689,s,97,97.0,False,2004.25,2004.25
4890,1270,1294,s,97,121.0,False,2004.25,2010.25
4891,15,942,s,97,97.0,False,2004.25,2004.25
4892,26,306,s,97,97.0,False,2004.25,2004.25
4893,381,890,s,97,97.0,False,2004.25,2004.25
4894,507,24,s,97,101.0,False,2004.25,2005.25
4895,549,302,s,97,99.0,False,2004.25,2004.75
4896,837,306,s,97,100.0,False,2004.25,2005.0
4897,849,375,s,97,97.0,False,2004.25,2004.25
4898,1079,63,s,97,101.0,False,2004.25,2005.25
4899,1079,192,s,97,98.0,False,2004.25,2004.5
4900,1089,295,s,97,98.0,False,2004.25,2004.5
4901,1093,665,s,97,100.0,False,2004.25,2005.0
4902,1148,1225,s,97,109.0,False,2004.25,2007.25
4903,1152,399,s,97,98.0,False,2004.25,2004.5
4904,1184,800,s,97,99.0,False,2004.25,2004.75
4905,1248,1161,s,97,98.0,False,2004.25,2004.5
4906,1311,1001,s,97,98.0,False,2004.25,2004.5
4907,230,1016,s,97,98.0,False,2004.25,2004.5
4908,430,740,s,97,120.0,False,2004.25,2010.0
4909,622,747,s,97,98.0,False,2004.25,2004.5
4910,872,391,s,97,100.0,False,2004.25,2005.0
4911,875,1025,s,97,98.0,False,2004.25,2004.5
4912,919,954,s,97,103.0,False,2004.25,2005.75
4913,1576,345,s,97,107.0,False,2004.25,2006.75
4914,1156,614,l,97,170.0,True,2004.25,2022.5
4915,1384,1572,l,97,154.0,True,2004.25,2018.5
4916,1159,990,l,97,109.0,True,2004.25,2007.25
4917,1215,614,l,97,,True,2004.25,
4918,1367,49,l,97,146.0,True,2004.25,2016.5
4919,53,1018,l,97,,True,2004.25,
4920,107,822,s,98,104.0,False,2004.5,2006.0
4921,494,1056,s,98,125.0,False,2004.5,2011.25
4922,734,1021,s,98,101.0,False,2004.5,2005.25
4923,754,197,s,98,119.0,False,2004.5,2009.75
4924,777,256,s,98,98.0,False,2004.5,2004.5
4925,863,261,s,98,104.0,False,2004.5,2006.0
4926,881,213,s,98,99.0,False,2004.5,2004.75
4927,934,360,s,98,99.0,False,2004.5,2004.75
4928,944,679,s,98,98.0,False,2004.5,2004.5
4929,953,443,s,98,115.0,False,2004.5,2008.75
4930,955,124,s,98,98.0,False,2004.5,2004.5
4931,993,243,s,98,102.0,False,2004.5,2005.5
4932,48,1029,s,98,100.0,False,2004.5,2005.0
4933,249,124,s,98,103.0,False,2004.5,2005.75
4934,322,1026,s,98,100.0,False,2004.5,2005.0
4935,330,392,s,98,99.0,False,2004.5,2004.75
4936,353,632,s,98,100.0,False,2004.5,2005.0
4937,381,294,s,98,112.0,False,2004.5,2008.0
4938,381,945,s,98,99.0,False,2004.5,2004.75
4939,497,46,s,98,99.0,False,2004.5,2004.75
4940,526,90,s,98,100.0,False,2004.5,2005.0
4941,529,213,s,98,104.0,False,2004.5,2006.0
4942,529,606,s,98,103.0,False,2004.5,2005.75
4943,541,538,s,98,108.0,False,2004.5,2007.0
4944,777,46,s,98,100.0,False,2004.5,2005.0
4945,863,175,s,98,102.0,False,2004.5,2005.5
4946,919,416,s,98,98.0,False,2004.5,2004.5
4947,1082,399,s,98,105.0,False,2004.5,2006.25
4948,1172,947,s,98,110.0,False,2004.5,2007.5
4949,30,176,s,98,99.0,False,2004.5,2004.75
4950,75,1540,s,98,99.0,False,2004.5,2004.75
4951,269,291,s,98,100.0,False,2004.5,2005.0
4952,321,302,s,98,103.0,False,2004.5,2005.75
4953,479,90,s,98,108.0,False,2004.5,2007.0
4954,520,493,s,98,100.0,False,2004.5,2005.0
4955,796,347,s,98,100.0,False,2004.5,2005.0
4956,872,898,s,98,100.0,False,2004.5,2005.0
4957,895,585,s,98,113.0,False,2004.5,2008.25
4958,944,167,s,98,100.0,False,2004.5,2005.0
4959,1084,772,s,98,100.0,False,2004.5,2005.0
4960,1151,586,s,98,99.0,False,2004.5,2004.75
4961,1159,1291,s,98,104.0,False,2004.5,2006.0
4962,1293,1016,s,98,102.0,False,2004.5,2005.5
4963,1473,740,s,98,100.0,False,2004.5,2005.0
4964,739,291,l,98,114.0,True,2004.5,2008.5
4965,916,371,l,98,112.0,True,2004.5,2008.0
4966,1217,614,l,98,134.0,True,2004.5,2013.5
4967,232,213,l,98,229.0,True,2004.5,2037.25
4968,316,929,l,98,171.0,True,2004.5,2022.75
4969,353,499,l,98,106.0,True,2004.5,2006.5
4970,374,59,l,98,162.0,True,2004.5,2020.5
4971,869,964,l,98,100.0,True,2004.5,2005.0
4972,560,822,l,98,106.0,True,2004.5,2006.5
4973,792,462,l,98,176.0,True,2004.5,2024.0
4974,1172,954,l,98,128.0,True,2004.5,2012.0
4975,191,416,s,99,99.0,False,2004.75,2004.75
4976,204,586,s,99,100.0,False,2004.75,2005.0
4977,207,391,s,99,102.0,False,2004.75,2005.5
4978,573,684,s,99,99.0,False,2004.75,2004.75
4979,597,945,s,99,99.0,False,2004.75,2004.75
4980,630,205,s,99,106.0,False,2004.75,2006.5
4981,670,90,s,99,113.0,False,2004.75,2008.25
4982,737,1026,s,99,105.0,False,2004.75,2006.25
4983,776,90,s,99,104.0,False,2004.75,2006.0
4984,869,564,s,99,104.0,False,2004.75,2006.0
4985,885,1167,s,99,110.0,False,2004.75,2007.5
4986,916,320,s,99,99.0,False,2004.75,2004.75
4987,924,347,s,99,100.0,False,2004.75,2005.0
4988,1093,81,s,99,104.0,False,2004.75,2006.0
4989,1156,740,s,99,100.0,False,2004.75,2005.0
4990,1239,586,s,99,101.0,False,2004.75,2005.25
4991,1473,61,s,99,110.0,False,2004.75,2007.5
4992,73,189,s,99,101.0,False,2004.75,2005.25
4993,121,1030,s,99,103.0,False,2004.75,2005.75
4994,157,71,s,99,99.0,False,2004.75,2004.75
4995,211,108,s,99,104.0,False,2004.75,2006.0
4996,222,108,s,99,105.0,False,2004.75,2006.25
4997,235,1488,s,99,110.0,False,2004.75,2007.5
4998,351,213,s,99,118.0,False,2004.75,2009.5
4999,573,528,s,99,104.0,False,2004.75,2006.0
5000,893,692,s,99,101.0,False,2004.75,2005.25
5001,944,213,s,99,104.0,False,2004.75,2006.0
5002,1095,266,s,99,101.0,False,2004.75,2005.25
5003,1103,692,s,99,103.0,False,2004.75,2005.75
5004,1237,1260,s,99,105.0,False,2004.75,2006.25
5005,1287,1189,s,99,105.0,False,2004.75,2006.25
5006,212,1348,s,99,108.0,False,2004.75,2007.0
5007,274,1023,s,99,101.0,False,2004.75,2005.25
5008,337,375,s,99,109.0,False,2004.75,2007.25
5009,670,649,s,99,102.0,False,2004.75,2005.5
5010,739,64,s,99,101.0,False,2004.75,2005.25
5011,815,1209,s,99,104.0,False,2004.75,2006.0
5012,840,704,s,99,102.0,False,2004.75,2005.5
5013,944,1347,s,99,102.0,False,2004.75,2005.5
5014,1005,1225,s,99,100.0,False,2004.75,2005.0
5015,1091,440,s,99,100.0,False,2004.75,2005.0
5016,1103,1525,s,99,100.0,False,2004.75,2005.0
5017,1204,296,s,99,105.0,False,2004.75,2006.25
5018,1211,159,s,99,107.0,False,2004.75,2006.75
5019,1326,1022,s,99,108.0,False,2004.75,2007.0
5020,365,295,l,99,100.0,True,2004.75,2005.0
5021,518,153,l,99,114.0,True,2004.75,2008.5
5022,1156,1244,l,99,198.0,True,2004.75,2029.5
5023,1190,1284,l,99,186.0,True,2004.75,2026.5
5024,222,1022,l,99,141.0,True,2004.75,2015.25
5025,1077,1024,l,99,123.0,True,2004.75,2010.75
5026,1148,1272,l,99,106.0,True,2004.75,2006.5
5027,1384,504,l,99,130.0,True,2004.75,2012.5
5028,526,1228,l,99,132.0,True,2004.75,2013.0
5029,3,202,s,100,100.0,False,2005.0,2005.0
5030,509,1044,s,100,100.0,False,2005.0,2005.0
5031,522,1221,s,100,100.0,False,2005.0,2005.0
5032,566,1043,s,100,107.0,False,2005.0,2006.75
5033,594,1029,s,100,103.0,False,2005.0,2005.75
5034,609,213,s,100,100.0,False,2005.0,2005.0
5035,739,800,s,100,101.0,False,2005.0,2005.25
5036,807,730,s,100,102.0,False,2005.0,2005.5
5037,875,945,s,100,104.0,False,2005.0,2006.0
5038,913,534,s,100,100.0,False,2005.0,2005.0
5039,924,749,s,100,106.0,False,2005.0,2006.5
5040,955,266,s,100,104.0,False,2005.0,2006.0
5041,1007,457,s,100,101.0,False,2005.0,2005.25
5042,1076,534,s,100,106.0,False,2005.0,2006.5
5043,1092,653,s,100,100.0,False,2005.0,2005.0
5044,1093,464,s,100,108.0,False,2005.0,2007.0
5045,1097,898,s,100,106.0,False,2005.0,2006.5
5046,1210,1201,s,100,105.0,False,2005.0,2006.25
5047,337,399,s,100,101.0,False,2005.0,2005.25
5048,363,189,s,100,101.0,False,2005.0,2005.25
5049,525,180,s,100,110.0,False,2005.0,2007.5
5050,553,81,s,100,103.0,False,2005.0,2005.75
5051,597,633,s,100,106.0,False,2005.0,2006.5
5052,715,1612,s,100,111.0,False,2005.0,2007.75
5053,885,392,s,100,106.0,False,2005.0,2006.5
5054,895,481,s,100,104.0,False,2005.0,2006.0
5055,1212,81,s,100,103.0,False,2005.0,2005.75
5056,1258,1262,s,100,115.0,False,2005.0,2008.75
5057,1491,1225,s,100,106.0,False,2005.0,2006.5
5058,117,650,s,100,103.0,False,2005.0,2005.75
5059,415,1163,s,100,101.0,False,2005.0,2005.25
5060,466,295,s,100,102.0,False,2005.0,2005.5
5061,479,213,s,100,107.0,False,2005.0,2006.75
5062,485,822,s,100,106.0,False,2005.0,2006.5
5063,575,146,s,100,101.0,False,2005.0,2005.25
5064,756,1021,s,100,102.0,False,2005.0,2005.5
5065,916,585,s,100,102.0,False,2005.0,2005.5
5066,937,417,s,100,103.0,False,2005.0,2005.75
5067,1152,824,s,100,116.0,False,2005.0,2009.0
5068,1190,1015,s,100,108.0,False,2005.0,2007.0
5069,1192,443,s,100,102.0,False,2005.0,2005.5
5070,1239,942,s,100,102.0,False,2005.0,2005.5
5071,1440,176,s,100,108.0,False,2005.0,2007.0
5072,353,358,l,100,216.0,True,2005.0,2034.0
5073,920,1169,l,100,110.0,True,2005.0,2007.5
5074,1326,345,l,100,179.0,True,2005.0,2024.75
5075,1440,528,l,100,160.0,True,2005.0,2020.0
5076,1618,750,l,100,158.0,True,2005.0,2019.5
5077,916,502,l,100,118.0,True,2005.0,2009.5
5078,931,1161,l,100,140.0,True,2005.0,2015.0
5079,938,312,l,100,109.0,True,2005.0,2007.25
5080,1152,1163,l,100,145.0,True,2005.0,2016.25
5081,233,1346,l,100,234.0,True,2005.0,2038.5
5082,526,202,l,100,138.0,True,2005.0,2014.5
5083,737,496,l,100,196.0,True,2005.0,2029.0
5084,1190,673,l,100,137.0,True,2005.0,2014.25
5085,73,947,s,101,105.0,False,2005.25,2006.25
5086,113,842,s,101,106.0,False,2005.25,2006.5
5087,191,530,s,101,104.0,False,2005.25,2006.0
5088,231,571,s,101,104.0,False,2005.25,2006.0
5089,235,694,s,101,103.0,False,2005.25,2005.75
5090,485,58,s,101,102.0,False,2005.25,2005.5
5091,485,100,s,101,102.0,False,2005.25,2005.5
5092,485,391,s,101,102.0,False,2005.25,2005.5
5093,549,763,s,101,101.0,False,2005.25,2005.25
5094,922,238,s,101,102.0,False,2005.25,2005.5
5095,993,693,s,101,101.0,False,2005.25,2005.25
5096,995,793,s,101,102.0,False,2005.25,2005.5
5097,1079,268,s,101,104.0,False,2005.25,2006.0
5098,1096,291,s,101,102.0,False,2005.25,2005.5
5099,1152,312,s,101,101.0,False,2005.25,2005.25
5100,1211,1316,s,101,101.0,False,2005.25,2005.25
5101,1223,1189,s,101,103.0,False,2005.25,2005.75
5102,1279,1193,s,101,102.0,False,2005.25,2005.5
5103,1326,1295,s,101,104.0,False,2005.25,2006.0
5104,44,128,s,101,104.0,False,2005.25,2006.0
5105,157,891,s,101,110.0,False,2005.25,2007.5
5106,172,1017,s,101,107.0,False,2005.25,2006.75
5107,239,1045,s,101,101.0,False,2005.25,2005.25
5108,260,295,s,101,105.0,False,2005.25,2006.25
5109,497,407,s,101,103.0,False,2005.25,2005.75
5110,529,701,s,101,102.0,False,2005.25,2005.5
5111,776,857,s,101,102.0,False,2005.25,2005.5
5112,821,1027,s,101,108.0,False,2005.25,2007.0
5113,908,1244,s,101,101.0,False,2005.25,2005.25
5114,916,392,s,101,107.0,False,2005.25,2006.75
5115,924,543,s,101,103.0,False,2005.25,2005.75
5116,1082,213,s,101,104.0,False,2005.25,2006.0
5117,1544,1012,s,101,105.0,False,2005.25,2006.25
5118,15,295,s,101,103.0,False,2005.25,2005.75
5119,134,90,s,101,102.0,False,2005.25,2005.5
5120,432,1012,s,101,107.0,False,2005.25,2006.75
5121,660,1023,s,101,109.0,False,2005.25,2007.25
5122,736,1316,s,101,103.0,False,2005.25,2005.75
5123,976,528,s,101,109.0,False,2005.25,2007.25
5124,1100,108,s,101,103.0,False,2005.25,2005.75
5125,1212,180,s,101,103.0,False,2005.25,2005.75
5126,1578,929,s,101,102.0,False,2005.25,2005.5
5127,439,294,l,101,,True,2005.25,
5128,1171,409,l,101,101.0,True,2005.25,2005.25
5129,1184,1207,l,101,153.0,True,2005.25,2018.25
5130,45,50,l,101,120.0,True,2005.25,2010.0
5131,863,614,l,101,150.0,True,2005.25,2017.5
5132,40,197,s,102,114.0,False,2005.5,2008.5
5133,117,1488,s,102,103.0,False,2005.5,2005.75
5134,191,1008,s,102,107.0,False,2005.5,2006.75
5135,287,1030,s,102,102.0,False,2005.5,2005.5
5136,776,693,s,102,102.0,False,2005.5,2005.5
5137,1081,97,s,102,110.0,False,2005.5,2007.5
5138,1151,1306,s,102,103.0,False,2005.5,2005.75
5139,1156,689,s,102,111.0,False,2005.5,2007.75
5140,1156,1346,s,102,102.0,False,2005.5,2005.5
5141,1195,1306,s,102,105.0,False,2005.5,2006.25
5142,1258,684,s,102,105.0,False,2005.5,2006.25
5143,1510,504,s,102,103.0,False,2005.5,2005.75
5144,150,952,s,102,103.0,False,2005.5,2005.75
5145,630,1243,s,102,103.0,False,2005.5,2005.75
5146,696,189,s,102,112.0,False,2005.5,2008.0
5147,859,628,s,102,113.0,False,2005.5,2008.25
5148,869,898,s,102,105.0,False,2005.5,2006.25
5149,885,375,s,102,105.0,False,2005.5,2006.25
5150,934,1347,s,102,110.0,False,2005.5,2007.5
5151,937,628,s,102,113.0,False,2005.5,2008.25
5152,1086,708,s,102,110.0,False,2005.5,2007.5
5153,1097,963,s,102,104.0,False,2005.5,2006.0
5154,1156,1262,s,102,107.0,False,2005.5,2006.75
5155,1248,800,s,102,107.0,False,2005.5,2006.75
5156,113,46,s,102,103.0,False,2005.5,2005.75
5157,207,767,s,102,113.0,False,2005.5,2008.25
5158,216,261,s,102,103.0,False,2005.5,2005.75
5159,329,606,s,102,103.0,False,2005.5,2005.75
5160,831,1189,s,102,106.0,False,2005.5,2006.5
5161,1192,1334,s,102,104.0,False,2005.5,2006.0
5162,1237,1540,s,102,103.0,False,2005.5,2005.75
5163,1279,586,s,102,105.0,False,2005.5,2006.25
5164,1384,557,s,102,104.0,False,2005.5,2006.0
5165,1578,907,s,102,107.0,False,2005.5,2006.75
5166,1367,724,l,102,111.0,True,2005.5,2007.75
5167,521,464,l,102,222.0,True,2005.5,2035.5
5168,1088,772,l,102,120.0,True,2005.5,2010.0
5169,553,153,l,102,127.0,True,2005.5,2011.75
5170,3,775,s,103,118.0,False,2005.75,2009.5
5171,15,1225,s,103,105.0,False,2005.75,2006.25
5172,117,1044,s,103,109.0,False,2005.75,2007.25
5173,222,146,s,103,108.0,False,2005.75,2007.0
5174,418,1612,s,103,105.0,False,2005.75,2006.25
5175,439,295,s,103,108.0,False,2005.75,2007.0
5176,872,890,s,103,108.0,False,2005.75,2007.0
5177,1077,480,s,103,104.0,False,2005.75,2006.0
5178,1156,261,s,103,105.0,False,2005.75,2006.25
5179,1159,740,s,103,103.0,False,2005.75,2005.75
5180,1171,1201,s,103,108.0,False,2005.75,2007.0
5181,1212,392,s,103,110.0,False,2005.75,2007.5
5182,1257,1309,s,103,109.0,False,2005.75,2007.25
5183,1328,531,s,103,108.0,False,2005.75,2007.0
5184,26,704,s,103,105.0,False,2005.75,2006.25
5185,191,1240,s,103,105.0,False,2005.75,2006.25
5186,330,684,s,103,103.0,False,2005.75,2005.75
5187,467,1012,s,103,107.0,False,2005.75,2006.75
5188,497,302,s,103,109.0,False,2005.75,2007.25
5189,497,585,s,103,110.0,False,2005.75,2007.5
5190,660,81,s,103,109.0,False,2005.75,2007.25
5191,792,694,s,103,104.0,False,2005.75,2006.0
5192,840,192,s,103,104.0,False,2005.75,2006.0
5193,1084,345,s,103,105.0,False,2005.75,2006.25
5194,1151,268,s,103,110.0,False,2005.75,2007.5
5195,1171,1023,s,103,110.0,False,2005.75,2007.5
5196,1254,126,s,103,109.0,False,2005.75,2007.25
5197,1384,1023,s,103,104.0,False,2005.75,2006.0
5198,1578,585,s,103,113.0,False,2005.75,2008.25
5199,1617,1613,s,103,107.0,False,2005.75,2006.75
5200,15,653,s,103,112.0,False,2005.75,2008.0
5201,69,933,s,103,104.0,False,2005.75,2006.0
5202,230,295,s,103,107.0,False,2005.75,2006.75
5203,234,280,s,103,104.0,False,2005.75,2006.0
5204,316,954,s,103,104.0,False,2005.75,2006.0
5205,363,947,s,103,104.0,False,2005.75,2006.0
5206,485,189,s,103,107.0,False,2005.75,2006.75
5207,529,320,s,103,105.0,False,2005.75,2006.25
5208,541,334,s,103,117.0,False,2005.75,2009.25
5209,573,375,s,103,107.0,False,2005.75,2006.75
5210,670,55,s,103,111.0,False,2005.75,2007.75
5211,737,1488,s,103,113.0,False,2005.75,2008.25
5212,871,85,s,103,108.0,False,2005.75,2007.0
5213,871,1593,s,103,109.0,False,2005.75,2007.25
5214,917,990,s,103,114.0,False,2005.75,2008.5
5215,944,392,s,103,111.0,False,2005.75,2007.75
5216,1084,649,s,103,108.0,False,2005.75,2007.0
5217,1095,1166,s,103,105.0,False,2005.75,2006.25
5218,1148,1613,s,103,110.0,False,2005.75,2007.5
5219,1190,453,s,103,106.0,False,2005.75,2006.5
5220,1191,740,s,103,108.0,False,2005.75,2007.0
5221,1223,793,s,103,108.0,False,2005.75,2007.0
5222,1237,1201,s,103,106.0,False,2005.75,2006.5
5223,520,606,l,103,114.0,True,2005.75,2008.5
5224,869,730,l,103,176.0,True,2005.75,2024.0
5225,337,856,l,103,149.0,True,2005.75,2017.25
5226,422,340,l,103,135.0,True,2005.75,2013.75
5227,485,1166,l,103,131.0,True,2005.75,2012.75
5228,881,947,l,103,145.0,True,2005.75,2016.25
5229,1097,907,l,103,115.0,True,2005.75,2008.75
5230,321,375,s,104,104.0,False,2006.0,2006.0
5231,321,663,s,104,106.0,False,2006.0,2006.5
5232,351,1613,s,104,113.0,False,2006.0,2008.25
5233,383,1525,s,104,113.0,False,2006.0,2008.25
5234,418,649,s,104,105.0,False,2006.0,2006.25
5235,497,440,s,104,104.0,False,2006.0,2006.0
5236,594,1222,s,104,109.0,False,2006.0,2007.25
5237,736,291,s,104,110.0,False,2006.0,2007.5
5238,737,767,s,104,107.0,False,2006.0,2006.75
5239,831,1018,s,104,104.0,False,2006.0,2006.0
5240,847,842,s,104,105.0,False,2006.0,2006.25
5241,881,171,s,104,105.0,False,2006.0,2006.25
5242,919,697,s,104,121.0,False,2006.0,2010.25
5243,1190,1593,s,104,109.0,False,2006.0,2007.25
5244,107,1037,s,104,108.0,False,2006.0,2007.0
5245,169,823,s,104,104.0,False,2006.0,2006.0
5246,234,824,s,104,104.0,False,2006.0,2006.0
5247,264,1042,s,104,116.0,False,2006.0,2009.0
5248,381,557,s,104,105.0,False,2006.0,2006.25
5249,511,1016,s,104,108.0,False,2006.0,2007.0
5250,549,1023,s,104,109.0,False,2006.0,2007.25
5251,677,679,s,104,105.0,False,2006.0,2006.25
5252,916,1165,s,104,108.0,False,2006.0,2007.0
5253,1093,1318,s,104,107.0,False,2006.0,2006.75
5254,1148,1316,s,104,108.0,False,2006.0,2007.0
5255,1185,293,s,104,111.0,False,2006.0,2007.75
5256,1192,1225,s,104,104.0,False,2006.0,2006.0
5257,1211,1345,s,104,105.0,False,2006.0,2006.25
5258,1223,1259,s,104,109.0,False,2006.0,2007.25
5259,1257,1193,s,104,108.0,False,2006.0,2007.0
5260,1575,1262,s,104,106.0,False,2006.0,2006.5
5261,45,1043,s,104,118.0,False,2006.0,2009.5
5262,191,1219,s,104,110.0,False,2006.0,2007.5
5263,859,213,s,104,107.0,False,2006.0,2006.75
5264,859,1347,s,104,110.0,False,2006.0,2007.5
5265,869,202,s,104,111.0,False,2006.0,2007.75
5266,936,1194,s,104,106.0,False,2006.0,2006.5
5267,1184,291,s,104,108.0,False,2006.0,2007.0
5268,1217,1265,s,104,112.0,False,2006.0,2008.0
5269,1237,1015,s,104,112.0,False,2006.0,2008.0
5270,1256,1259,s,104,106.0,False,2006.0,2006.5
5271,1256,1612,s,104,105.0,False,2006.0,2006.25
5272,1257,1189,s,104,105.0,False,2006.0,2006.25
5273,69,824,l,104,185.0,True,2006.0,2026.25
5274,497,775,l,104,132.0,True,2006.0,2013.0
5275,776,405,l,104,144.0,True,2006.0,2016.0
5276,1473,126,l,104,151.0,True,2006.0,2017.75
5277,452,586,l,104,113.0,True,2006.0,2008.25
5278,1258,689,l,104,199.0,True,2006.0,2029.75
5279,255,1016,s,105,109.0,False,2006.25,2007.25
5280,355,805,s,105,105.0,False,2006.25,2006.25
5281,363,302,s,105,110.0,False,2006.25,2007.5
5282,525,64,s,105,105.0,False,2006.25,2006.25
5283,609,347,s,105,108.0,False,2006.25,2007.0
5284,670,238,s,105,106.0,False,2006.25,2006.5
5285,716,176,s,105,115.0,False,2006.25,2008.75
5286,792,405,s,105,105.0,False,2006.25,2006.25
5287,859,453,s,105,111.0,False,2006.25,2007.75
5288,872,462,s,105,115.0,False,2006.25,2008.75
5289,875,1525,s,105,109.0,False,2006.25,2007.25
5290,882,58,s,105,108.0,False,2006.25,2007.0
5291,936,1347,s,105,106.0,False,2006.25,2006.5
5292,1093,793,s,105,105.0,False,2006.25,2006.25
5293,1148,585,s,105,111.0,False,2006.25,2007.75
5294,1195,1615,s,105,109.0,False,2006.25,2007.25
5295,1326,61,s,105,106.0,False,2006.25,2006.5
5296,1421,153,s,105,105.0,False,2006.25,2006.25
5297,1440,371,s,105,111.0,False,2006.25,2007.75
5298,204,192,s,105,108.0,False,2006.25,2007.0
5299,328,440,s,105,105.0,False,2006.25,2006.25
5300,351,1158,s,105,116.0,False,2006.25,2009.0
5301,479,124,s,105,108.0,False,2006.25,2007.0
5302,660,775,s,105,120.0,False,2006.25,2010.0
5303,796,1015,s,105,106.0,False,2006.25,2006.5
5304,922,1030,s,105,105.0,False,2006.25,2006.25
5305,944,55,s,105,108.0,False,2006.25,2007.0
5306,1093,288,s,105,106.0,False,2006.25,2006.5
5307,1190,180,s,105,108.0,False,2006.25,2007.0
5308,1237,1613,s,105,110.0,False,2006.25,2007.5
5309,1473,1507,s,105,112.0,False,2006.25,2008.0
5310,1491,689,s,105,108.0,False,2006.25,2007.0
5311,497,340,s,105,106.0,False,2006.25,2006.5
5312,718,24,s,105,108.0,False,2006.25,2007.0
5313,796,1026,s,105,106.0,False,2006.25,2006.5
5314,872,628,s,105,115.0,False,2006.25,2008.75
5315,944,192,s,105,110.0,False,2006.25,2007.5
5316,978,628,s,105,108.0,False,2006.25,2007.0
5317,1007,1020,s,105,106.0,False,2006.25,2006.5
5318,1079,1163,s,105,107.0,False,2006.25,2006.75
5319,1097,1026,s,105,107.0,False,2006.25,2006.75
5320,1217,1244,s,105,124.0,False,2006.25,2011.0
5321,1235,524,s,105,108.0,False,2006.25,2007.0
5322,1249,1507,s,105,106.0,False,2006.25,2006.5
5323,1491,733,s,105,106.0,False,2006.25,2006.5
5324,121,391,l,105,188.0,True,2006.25,2027.0
5325,172,793,s,106,113.0,False,2006.5,2008.25
5326,269,1028,s,106,111.0,False,2006.5,2007.75
5327,317,405,s,106,106.0,False,2006.5,2006.5
5328,346,371,s,106,109.0,False,2006.5,2007.25
5329,362,665,s,106,106.0,False,2006.5,2006.5
5330,479,899,s,106,108.0,False,2006.5,2007.0
5331,509,290,s,106,109.0,False,2006.5,2007.25
5332,520,95,s,106,107.0,False,2006.5,2006.75
5333,667,347,s,106,107.0,False,2006.5,2006.75
5334,677,405,s,106,106.0,False,2006.5,2006.5
5335,715,390,s,106,106.0,False,2006.5,2006.5
5336,792,176,s,106,107.0,False,2006.5,2006.75
5337,902,280,s,106,108.0,False,2006.5,2007.0
5338,944,213,s,106,113.0,False,2006.5,2008.25
5339,1159,708,s,106,112.0,False,2006.5,2008.0
5340,1185,1288,s,106,110.0,False,2006.5,2007.5
5341,67,1316,s,106,107.0,False,2006.5,2006.75
5342,381,1019,s,106,111.0,False,2006.5,2007.75
5343,418,205,s,106,110.0,False,2006.5,2007.5
5344,533,572,s,106,115.0,False,2006.5,2008.75
5345,553,81,s,106,106.0,False,2006.5,2006.5
5346,696,628,s,106,117.0,False,2006.5,2009.25
5347,702,268,s,106,119.0,False,2006.5,2009.75
5348,711,898,s,106,112.0,False,2006.5,2008.0
5349,776,347,s,106,107.0,False,2006.5,2006.75
5350,840,693,s,106,112.0,False,2006.5,2008.0
5351,874,823,s,106,109.0,False,2006.5,2007.25
5352,944,202,s,106,113.0,False,2006.5,2008.25
5353,1003,126,s,106,106.0,False,2006.5,2006.5
5354,1156,1291,s,106,112.0,False,2006.5,2008.0
5355,1159,1315,s,106,121.0,False,2006.5,2010.25
5356,1254,1015,s,106,109.0,False,2006.5,2007.25
5357,1618,628,s,106,108.0,False,2006.5,2007.0
5358,73,693,s,106,120.0,False,2006.5,2010.0
5359,316,695,s,106,111.0,False,2006.5,2007.75
5360,316,1022,s,106,110.0,False,2006.5,2007.5
5361,381,481,s,106,107.0,False,2006.5,2006.75
5362,466,724,s,106,107.0,False,2006.5,2006.75
5363,521,61,s,106,112.0,False,2006.5,2008.0
5364,732,288,s,106,112.0,False,2006.5,2008.0
5365,745,586,s,106,108.0,False,2006.5,2007.0
5366,759,1012,s,106,112.0,False,2006.5,2008.0
5367,875,628,s,106,108.0,False,2006.5,2007.0
5368,955,824,s,106,108.0,False,2006.5,2007.0
5369,1096,1028,s,106,125.0,False,2006.5,2011.25
5370,1148,241,s,106,116.0,False,2006.5,2009.0
5371,1148,1025,s,106,113.0,False,2006.5,2008.25
5372,1159,524,s,106,113.0,False,2006.5,2008.25
5373,1195,1209,s,106,112.0,False,2006.5,2008.0
5374,1254,1613,s,106,107.0,False,2006.5,2006.75
5375,1311,524,s,106,110.0,False,2006.5,2007.5
5376,1329,724,s,106,113.0,False,2006.5,2008.25
5377,418,1023,l,106,148.0,True,2006.5,2017.0
5378,736,180,l,106,,True,2006.5,
5379,1005,793,l,106,125.0,True,2006.5,2011.25
5380,1095,952,l,106,110.0,True,2006.5,2007.5
5381,179,816,s,107,107.0,False,2006.75,2006.75
5382,191,1163,s,107,117.0,False,2006.75,2009.25
5383,232,1227,s,107,108.0,False,2006.75,2007.0
5384,316,127,s,107,120.0,False,2006.75,2010.0
5385,352,956,s,107,124.0,False,2006.75,2011.0
5386,509,1056,s,107,122.0,False,2006.75,2010.5
5387,529,952,s,107,107.0,False,2006.75,2006.75
5388,609,440,s,107,120.0,False,2006.75,2010.0
5389,610,295,s,107,108.0,False,2006.75,2007.0
5390,716,189,s,107,107.0,False,2006.75,2006.75
5391,849,49,s,107,107.0,False,2006.75,2006.75
5392,882,481,s,107,110.0,False,2006.75,2007.5
5393,913,146,s,107,107.0,False,2006.75,2006.75
5394,936,495,s,107,108.0,False,2006.75,2007.0
5395,1083,740,s,107,117.0,False,2006.75,2009.25
5396,1152,375,s,107,113.0,False,2006.75,2008.25
5397,1159,1012,s,107,107.0,False,2006.75,2006.75
5398,1217,1219,s,107,110.0,False,2006.75,2007.5
5399,1237,933,s,107,116.0,False,2006.75,2009.0
5400,1239,1161,s,107,109.0,False,2006.75,2007.25
5401,1263,1001,s,107,118.0,False,2006.75,2009.5
5402,1287,1593,s,107,107.0,False,2006.75,2006.75
5403,242,899,s,107,113.0,False,2006.75,2008.25
5404,418,407,s,107,111.0,False,2006.75,2007.75
5405,494,548,s,107,111.0,False,2006.75,2007.75
5406,511,290,s,107,115.0,False,2006.75,2008.75
5407,575,704,s,107,113.0,False,2006.75,2008.25
5408,777,176,s,107,109.0,False,2006.75,2007.25
5409,1084,360,s,107,110.0,False,2006.75,2007.5
5410,1092,407,s,107,113.0,False,2006.75,2008.25
5411,1151,785,s,107,112.0,False,2006.75,2008.0
5412,1171,1012,s,107,116.0,False,2006.75,2009.0
5413,1239,1288,s,107,110.0,False,2006.75,2007.5
5414,1270,1356,s,107,112.0,False,2006.75,2008.0
5415,1617,691,s,107,112.0,False,2006.75,2008.0
5416,40,192,s,107,116.0,False,2006.75,2009.0
5417,48,498,s,107,110.0,False,2006.75,2007.5
5418,141,708,s,107,116.0,False,2006.75,2009.0
5419,230,684,s,107,113.0,False,2006.75,2008.25
5420,467,498,s,107,108.0,False,2006.75,2007.0
5421,601,97,s,107,113.0,False,2006.75,2008.25
5422,859,823,s,107,111.0,False,2006.75,2007.75
5423,916,576,s,107,108.0,False,2006.75,2007.0
5424,953,691,s,107,112.0,False,2006.75,2008.0
5425,1007,375,s,107,113.0,False,2006.75,2008.25
5426,1195,823,s,107,109.0,False,2006.75,2007.25
5427,1200,1015,s,107,110.0,False,2006.75,2007.5
5428,1223,1206,s,107,115.0,False,2006.75,2008.75
5429,1491,108,l,107,107.0,True,2006.75,2006.75
5430,869,176,l,107,131.0,True,2006.75,2012.75
5431,346,665,l,107,118.0,True,2006.75,2009.5
5432,594,295,l,107,203.0,True,2006.75,2030.75
5433,1093,498,l,107,153.0,True,2006.75,2018.25
5434,135,86,s,108,112.0,False,2007.0,2008.0
5435,172,427,s,108,114.0,False,2007.0,2008.5
5436,234,176,s,108,112.0,False,2007.0,2008.0
5437,351,175,s,108,110.0,False,2007.0,2007.5
5438,413,24,s,108,113.0,False,2007.0,2008.25
5439,859,46,s,108,112.0,False,2007.0,2008.0
5440,1096,956,s,108,120.0,False,2007.0,2010.0
5441,1097,704,s,108,111.0,False,2007.0,2007.75
5442,1195,545,s,108,121.0,False,2007.0,2010.25
5443,1208,1161,s,108,109.0,False,2007.0,2007.25
5444,1307,1260,s,108,110.0,False,2007.0,2007.5
5445,1342,1611,s,108,110.0,False,2007.0,2007.5
5446,1577,197,s,108,110.0,False,2007.0,2007.5
5447,507,55,s,108,112.0,False,2007.0,2008.0
5448,580,824,s,108,109.0,False,2007.0,2007.25
5449,594,306,s,108,109.0,False,2007.0,2007.25
5450,630,399,s,108,109.0,False,2007.0,2007.25
5451,658,302,s,108,110.0,False,2007.0,2007.5
5452,893,1050,s,108,114.0,False,2007.0,2008.5
5453,976,694,s,108,108.0,False,2007.0,2007.0
5454,1092,763,s,108,118.0,False,2007.0,2009.5
5455,1093,302,s,108,110.0,False,2007.0,2007.5
5456,1184,1294,s,108,108.0,False,2007.0,2007.0
5457,1256,1259,s,108,119.0,False,2007.0,2009.75
5458,1297,571,s,108,114.0,False,2007.0,2008.5
5459,67,146,s,108,110.0,False,2007.0,2007.5
5460,87,375,s,108,119.0,False,2007.0,2009.75
5461,121,1026,s,108,111.0,False,2007.0,2007.75
5462,230,313,s,108,114.0,False,2007.0,2008.5
5463,230,704,s,108,109.0,False,2007.0,2007.25
5464,249,405,s,108,110.0,False,2007.0,2007.5
5465,792,680,s,108,110.0,False,2007.0,2007.5
5466,1152,1196,s,108,112.0,False,2007.0,2008.0
5467,1217,192,s,108,116.0,False,2007.0,2009.0
5468,1473,1219,s,108,110.0,False,2007.0,2007.5
5469,1510,1658,s,108,112.0,False,2007.0,2008.0
5470,1617,1222,s,108,109.0,False,2007.0,2007.25
5471,1618,947,s,108,122.0,False,2007.0,2010.5
5472,152,392,l,108,153.0,True,2007.0,2018.25
5473,1190,416,l,108,114.0,True,2007.0,2008.5
5474,1215,1260,l,108,133.0,True,2007.0,2013.25
5475,1172,9,l,108,128.0,True,2007.0,2012.0
5476,383,25,s,109,112.0,False,2007.25,2008.0
5477,467,306,s,109,112.0,False,2007.25,2008.0
5478,630,311,s,109,111.0,False,2007.25,2007.75
5479,737,633,s,109,113.0,False,2007.25,2008.25
5480,776,763,s,109,117.0,False,2007.25,2009.25
5481,976,898,s,109,118.0,False,2007.25,2009.5
5482,978,704,s,109,111.0,False,2007.25,2007.75
5483,1095,767,s,109,119.0,False,2007.25,2009.75
5484,1156,708,s,109,109.0,False,2007.25,2007.25
5485,1159,942,s,109,114.0,False,2007.25,2008.5
5486,1192,1593,s,109,114.0,False,2007.25,2008.5
5487,1210,61,s,109,111.0,False,2007.25,2007.75
5488,1440,202,s,109,109.0,False,2007.25,2007.25
5489,1440,302,s,109,114.0,False,2007.25,2008.5
5490,573,812,s,109,112.0,False,2007.25,2008.0
5491,660,24,s,109,111.0,False,2007.25,2007.75
5492,736,64,s,109,110.0,False,2007.25,2007.5
5493,960,1167,s,109,128.0,False,2007.25,2012.0
5494,988,407,s,109,111.0,False,2007.25,2007.75
5495,1185,740,s,109,112.0,False,2007.25,2008.0
5496,1237,1016,s,109,110.0,False,2007.25,2007.5
5497,1239,1260,s,109,115.0,False,2007.25,2008.75
5498,1248,1274,s,109,111.0,False,2007.25,2007.75
5499,67,85,s,109,121.0,False,2007.25,2010.25
5500,67,1001,s,109,118.0,False,2007.25,2009.5
5501,269,81,s,109,113.0,False,2007.25,2008.25
5502,304,730,s,109,113.0,False,2007.25,2008.25
5503,840,189,s,109,118.0,False,2007.25,2009.5
5504,872,706,s,109,111.0,False,2007.25,2007.75
5505,919,192,s,109,110.0,False,2007.25,2007.5
5506,953,663,s,109,110.0,False,2007.25,2007.5
5507,993,176,s,109,112.0,False,2007.25,2008.0
5508,1083,1346,s,109,115.0,False,2007.25,2008.75
5509,1148,576,s,109,117.0,False,2007.25,2009.25
5510,1156,1615,s,109,112.0,False,2007.25,2008.0
5511,1211,1163,s,109,112.0,False,2007.25,2008.0
5512,1257,1262,s,109,110.0,False,2007.25,2007.5
5513,1286,1202,s,109,111.0,False,2007.25,2007.75
5514,1307,1222,s,109,110.0,False,2007.25,2007.5
5515,1378,789,s,109,112.0,False,2007.25,2008.0
5516,1638,1225,s,109,125.0,False,2007.25,2011.25
5517,1292,416,l,109,233.0,True,2007.25,2038.25
5518,1329,1347,l,109,196.0,True,2007.25,2029.0
5519,1097,302,l,109,192.0,True,2007.25,2028.0
5520,172,1028,s,110,113.0,False,2007.5,2008.25
5521,207,557,s,110,111.0,False,2007.5,2007.75
5522,262,108,s,110,111.0,False,2007.5,2007.75
5523,776,585,s,110,111.0,False,2007.5,2007.75
5524,849,90,s,110,119.0,False,2007.5,2009.75
5525,881,60,s,110,112.0,False,2007.5,2008.0
5526,893,1318,s,110,116.0,False,2007.5,2009.0
5527,944,1026,s,110,114.0,False,2007.5,2008.5
5528,1090,371,s,110,110.0,False,2007.5,2007.5
5529,1096,180,s,110,113.0,False,2007.5,2008.25
5530,1192,309,s,110,111.0,False,2007.5,2007.75
5531,1239,530,s,110,116.0,False,2007.5,2009.0
5532,1263,1158,s,110,111.0,False,2007.5,2007.75
5533,1297,586,s,110,113.0,False,2007.5,2008.25
5534,1378,1446,s,110,112.0,False,2007.5,2008.0
5535,1473,1346,s,110,113.0,False,2007.5,2008.25
5536,113,823,s,110,124.0,False,2007.5,2011.0
5537,207,238,s,110,112.0,False,2007.5,2008.0
5538,353,347,s,110,110.0,False,2007.5,2007.5
5539,509,375,s,110,119.0,False,2007.5,2009.75
5540,529,167,s,110,112.0,False,2007.5,2008.0
5541,696,484,s,110,112.0,False,2007.5,2008.0
5542,715,55,s,110,116.0,False,2007.5,2009.0
5543,722,740,s,110,114.0,False,2007.5,2008.5
5544,745,1259,s,110,115.0,False,2007.5,2008.75
5545,840,320,s,110,114.0,False,2007.5,2008.5
5546,875,9,s,110,119.0,False,2007.5,2009.75
5547,934,898,s,110,113.0,False,2007.5,2008.25
5548,944,585,s,110,113.0,False,2007.5,2008.25
5549,1079,1163,s,110,113.0,False,2007.5,2008.25
5550,1079,1611,s,110,112.0,False,2007.5,2008.0
5551,1096,323,s,110,111.0,False,2007.5,2007.75
5552,1156,524,s,110,111.0,False,2007.5,2007.75
5553,1156,1594,s,110,119.0,False,2007.5,2009.75
5554,1223,291,s,110,119.0,False,2007.5,2009.75
5555,1256,823,s,110,111.0,False,2007.5,2007.75
5556,521,375,s,110,113.0,False,2007.5,2008.25
5557,611,202,s,110,120.0,False,2007.5,2010.0
5558,916,1614,s,110,112.0,False,2007.5,2008.0
5559,917,564,s,110,120.0,False,2007.5,2010.0
5560,988,1193,s,110,119.0,False,2007.5,2009.75
5561,1007,524,s,110,114.0,False,2007.5,2008.5
5562,1093,684,s,110,118.0,False,2007.5,2009.5
5563,1200,241,s,110,113.0,False,2007.5,2008.25
5564,1286,1289,s,110,117.0,False,2007.5,2009.25
5565,1329,192,s,110,115.0,False,2007.5,2008.75
5566,381,371,l,110,112.0,True,2007.5,2008.0
5567,937,392,l,110,127.0,True,2007.5,2011.75
5568,1213,268,l,110,,True,2007.5,
5569,1269,16,l,110,152.0,True,2007.5,2018.0
5570,1380,375,l,110,142.0,True,2007.5,2015.5
5571,169,763,s,111,116.0,False,2007.75,2009.0
5572,235,691,s,111,121.0,False,2007.75,2010.25
5573,849,534,s,111,112.0,False,2007.75,2008.0
5574,919,534,s,111,112.0,False,2007.75,2008.0
5575,944,1022,s,111,116.0,False,2007.75,2009.0
5576,1076,457,s,111,112.0,False,2007.75,2008.0
5577,1159,1613,s,111,117.0,False,2007.75,2009.25
5578,1258,1221,s,111,116.0,False,2007.75,2009.0
5579,1577,268,s,111,112.0,False,2007.75,2008.0
5580,1618,167,s,111,112.0,False,2007.75,2008.0
5581,316,60,s,111,114.0,False,2007.75,2008.5
5582,343,1201,s,111,112.0,False,2007.75,2008.0
5583,381,127,s,111,113.0,False,2007.75,2008.25
5584,479,1018,s,111,116.0,False,2007.75,2009.0
5585,479,1019,s,111,114.0,False,2007.75,2008.5
5586,566,1525,s,111,112.0,False,2007.75,2008.0
5587,849,1025,s,111,113.0,False,2007.75,2008.25
5588,872,90,s,111,123.0,False,2007.75,2010.75
5589,916,952,s,111,112.0,False,2007.75,2008.0
5590,988,1160,s,111,117.0,False,2007.75,2009.25
5591,1074,842,s,111,112.0,False,2007.75,2008.0
5592,1097,1031,s,111,126.0,False,2007.75,2011.5
5593,1191,55,s,111,115.0,False,2007.75,2008.75
5594,1211,1194,s,111,112.0,False,2007.75,2008.0
5595,1237,261,s,111,113.0,False,2007.75,2008.25
5596,1258,1219,s,111,112.0,False,2007.75,2008.0
5597,1344,1314,s,111,113.0,False,2007.75,2008.25
5598,40,706,s,111,118.0,False,2007.75,2009.5
5599,48,1196,s,111,122.0,False,2007.75,2010.5
5600,141,586,s,111,112.0,False,2007.75,2008.0
5601,207,762,s,111,116.0,False,2007.75,2009.0
5602,234,213,s,111,115.0,False,2007.75,2008.75
5603,234,1541,s,111,115.0,False,2007.75,2008.75
5604,497,762,s,111,117.0,False,2007.75,2009.25
5605,575,375,s,111,114.0,False,2007.75,2008.5
5606,875,628,s,111,127.0,False,2007.75,2011.75
5607,875,1488,s,111,113.0,False,2007.75,2008.25
5608,953,1346,s,111,112.0,False,2007.75,2008.0
5609,1257,171,s,111,112.0,False,2007.75,2008.0
5610,1257,678,s,111,116.0,False,2007.75,2009.0
5611,1263,1289,s,111,118.0,False,2007.75,2009.5
5612,1618,49,s,111,117.0,False,2007.75,2009.25
5613,1659,586,s,111,112.0,False,2007.75,2008.0
5614,490,1017,l,111,228.0,True,2007.75,2037.0
5615,736,291,l,111,,True,2007.75,
5616,953,684,l,111,204.0,True,2007.75,2031.0
5617,1380,1334,l,111,125.0,True,2007.75,2011.25
5618,1421,86,l,111,117.0,True,2007.75,2009.25
5619,191,192,s,112,117.0,False,2008.0,2009.25
5620,231,1294,s,112,114.0,False,2008.0,2008.5
5621,422,898,s,112,113.0,False,2008.0,2008.25
5622,467,952,s,112,112.0,False,2008.0,2008.0
5623,509,405,s,112,113.0,False,2008.0,2008.25
5624,575,345,s,112,113.0,False,2008.0,2008.25
5625,670,679,s,112,122.0,False,2008.0,2010.5
5626,731,692,s,112,115.0,False,2008.0,2008.75
5627,847,450,s,112,116.0,False,2008.0,2009.0
5628,937,399,s,112,119.0,False,2008.0,2009.75
5629,1084,416,s,112,118.0,False,2008.0,2009.5
5630,1190,55,s,112,112.0,False,2008.0,2008.0
5631,1192,1277,s,112,116.0,False,2008.0,2009.0
5632,1208,416,s,112,116.0,False,2008.0,2009.0
5633,1257,1409,s,112,141.0,False,2008.0,2015.25
5634,1279,1160,s,112,116.0,False,2008.0,2009.0
5635,1353,1446,s,112,118.0,False,2008.0,2009.5
5636,1366,789,s,112,115.0,False,2008.0,2008.75
5637,509,653,s,112,116.0,False,2008.0,2009.0
5638,521,189,s,112,125.0,False,2008.0,2011.25
5639,521,793,s,112,114.0,False,2008.0,2008.5
5640,630,306,s,112,121.0,False,2008.0,2010.25
5641,660,1635,s,112,119.0,False,2008.0,2009.75
5642,869,1347,s,112,130.0,False,2008.0,2012.5
5643,872,964,s,112,113.0,False,2008.0,2008.25
5644,882,22,s,112,113.0,False,2008.0,2008.25
5645,885,1018,s,112,120.0,False,2008.0,2010.0
5646,916,945,s,112,116.0,False,2008.0,2009.0
5647,1097,605,s,112,125.0,False,2008.0,2011.25
5648,1099,481,s,112,122.0,False,2008.0,2010.5
5649,1184,291,s,112,129.0,False,2008.0,2012.25
5650,1380,1259,s,112,114.0,False,2008.0,2008.5
5651,234,268,s,112,122.0,False,2008.0,2010.5
5652,466,192,s,112,117.0,False,2008.0,2009.25
5653,551,545,s,112,117.0,False,2008.0,2009.25
5654,553,947,s,112,119.0,False,2008.0,2009.75
5655,575,614,s,112,122.0,False,2008.0,2010.5
5656,888,1018,s,112,114.0,False,2008.0,2008.5
5657,938,1488,s,112,127.0,False,2008.0,2011.75
5658,1097,586,s,112,118.0,False,2008.0,2009.5
5659,1156,375,s,112,115.0,False,2008.0,2008.75
5660,1257,427,s,112,115.0,False,2008.0,2008.75
5661,1329,416,s,112,114.0,False,2008.0,2008.5
5662,681,407,l,112,114.0,True,2008.0,2008.5
5663,919,1025,l,112,128.0,True,2008.0,2012.0
5664,940,407,l,112,208.0,True,2008.0,2032.0
5665,875,1167,l,112,137.0,True,2008.0,2014.25
5666,1185,417,l,112,175.0,True,2008.0,2023.75
5667,15,63,s,113,118.0,False,2008.25,2009.5
5668,172,1294,s,113,119.0,False,2008.25,2009.75
5669,274,498,s,113,113.0,False,2008.25,2008.25
5670,317,411,s,113,119.0,False,2008.25,2009.75
5671,351,97,s,113,114.0,False,2008.25,2008.5
5672,601,704,s,113,121.0,False,2008.25,2010.25
5673,715,1260,s,113,123.0,False,2008.25,2010.75
5674,875,898,s,113,114.0,False,2008.25,2008.5
5675,993,481,s,113,114.0,False,2008.25,2008.5
5676,1076,1613,s,113,114.0,False,2008.25,2008.5
5677,1095,197,s,113,122.0,False,2008.25,2010.5
5678,1097,964,s,113,113.0,False,2008.25,2008.25
5679,1223,1593,s,113,117.0,False,2008.25,2009.25
5680,1380,740,s,113,114.0,False,2008.25,2008.5
5681,287,391,s,113,116.0,False,2008.25,2009.0
5682,511,767,s,113,116.0,False,2008.25,2009.0
5683,526,71,s,113,114.0,False,2008.25,2008.5
5684,573,586,s,113,115.0,False,2008.25,2008.75
5685,575,1347,s,113,117.0,False,2008.25,2009.25
5686,776,724,s,113,114.0,False,2008.25,2008.5
5687,1079,1295,s,113,125.0,False,2008.25,2011.25
5688,1090,302,s,113,117.0,False,2008.25,2009.25
5689,1151,1022,s,113,114.0,False,2008.25,2008.5
5690,1213,545,s,113,113.0,False,2008.25,2008.25
5691,1224,1188,s,113,113.0,False,2008.25,2008.25
5692,1224,1336,s,113,115.0,False,2008.25,2008.75
5693,1311,1016,s,113,117.0,False,2008.25,2009.25
5694,1344,1381,s,113,115.0,False,2008.25,2008.75
5695,1380,1409,s,113,125.0,False,2008.25,2011.25
5696,48,708,s,113,114.0,False,2008.25,2008.5
5697,207,1026,s,113,118.0,False,2008.25,2009.5
5698,556,360,s,113,114.0,False,2008.25,2008.5
5699,561,1219,s,113,118.0,False,2008.25,2009.5
5700,573,750,s,113,114.0,False,2008.25,2008.5
5701,796,302,s,113,119.0,False,2008.25,2009.75
5702,869,85,s,113,114.0,False,2008.25,2008.5
5703,1087,192,s,113,115.0,False,2008.25,2008.75
5704,1099,294,s,113,115.0,False,2008.25,2008.75
5705,1152,1158,s,113,118.0,False,2008.25,2009.5
5706,1249,1018,s,113,117.0,False,2008.25,2009.25
5707,736,1017,l,113,,True,2008.25,
5708,872,288,l,113,197.0,True,2008.25,2029.25
5709,944,464,l,113,233.0,True,2008.25,2038.25
5710,1096,81,l,113,132.0,True,2008.25,2013.0
5711,1192,16,l,113,127.0,True,2008.25,2011.75
5712,529,1226,l,113,120.0,True,2008.25,2010.0
5713,1237,1314,l,113,198.0,True,2008.25,2029.5
5714,1237,1364,l,113,,True,2008.25,
5715,230,933,l,113,198.0,True,2008.25,2029.5
5716,1086,1540,l,113,115.0,True,2008.25,2008.75
5717,3,170,s,114,116.0,False,2008.5,2009.0
5718,191,952,s,114,123.0,False,2008.5,2010.75
5719,211,1032,s,114,115.0,False,2008.5,2008.75
5720,494,499,s,114,116.0,False,2008.5,2009.0
5721,575,545,s,114,120.0,False,2008.5,2010.0
5722,732,341,s,114,116.0,False,2008.5,2009.0
5723,895,665,s,114,116.0,False,2008.5,2009.0
5724,938,347,s,114,116.0,False,2008.5,2009.0
5725,1148,159,s,114,114.0,False,2008.5,2008.5
5726,1200,1594,s,114,118.0,False,2008.5,2009.5
5727,1273,1507,s,114,124.0,False,2008.5,2011.0
5728,1473,268,s,114,115.0,False,2008.5,2008.75
5729,1473,390,s,114,114.0,False,2008.5,2008.5
5730,1575,1262,s,114,119.0,False,2008.5,2009.75
5731,117,730,s,114,117.0,False,2008.5,2009.25
5732,479,1472,s,114,120.0,False,2008.5,2010.0
5733,486,176,s,114,117.0,False,2008.5,2009.25
5734,797,964,s,114,139.0,False,2008.5,2014.75
5735,872,392,s,114,123.0,False,2008.5,2010.75
5736,909,528,s,114,116.0,False,2008.5,2009.0
5737,936,60,s,114,114.0,False,2008.5,2008.5
5738,1079,306,s,114,115.0,False,2008.5,2008.75
5739,1171,146,s,114,123.0,False,2008.5,2010.75
5740,1192,1209,s,114,116.0,False,2008.5,2009.0
5741,1195,159,s,114,123.0,False,2008.5,2010.75
5742,1210,1243,s,114,116.0,False,2008.5,2009.0
5743,1258,409,s,114,120.0,False,2008.5,2010.0
5744,1326,1277,s,114,115.0,False,2008.5,2008.75
5745,1392,1294,s,114,120.0,False,2008.5,2010.0
5746,1392,1466,s,114,123.0,False,2008.5,2010.75
5747,107,124,s,114,125.0,False,2008.5,2011.25
5748,133,856,s,114,120.0,False,2008.5,2010.0
5749,549,800,s,114,115.0,False,2008.5,2008.75
5750,731,108,s,114,115.0,False,2008.5,2008.75
5751,736,1016,s,114,115.0,False,2008.5,2008.75
5752,792,1383,s,114,116.0,False,2008.5,2009.0
5753,916,1026,s,114,115.0,False,2008.5,2008.75
5754,944,898,s,114,121.0,False,2008.5,2010.25
5755,978,1316,s,114,116.0,False,2008.5,2009.0
5756,1084,457,s,114,115.0,False,2008.5,2008.75
5757,1148,1214,s,114,117.0,False,2008.5,2009.25
5758,1152,1295,s,114,115.0,False,2008.5,2008.75
5759,1190,952,s,114,117.0,False,2008.5,2009.25
5760,1191,530,s,114,118.0,False,2008.5,2009.5
5761,1211,268,s,114,121.0,False,2008.5,2010.25
5762,1331,417,s,114,119.0,False,2008.5,2009.75
5763,1618,890,s,114,117.0,False,2008.5,2009.25
5764,222,306,l,114,234.0,True,2008.5,2038.5
5765,262,823,l,114,114.0,True,2008.5,2008.5
5766,510,704,l,114,141.0,True,2008.5,2015.25
5767,561,61,l,114,210.0,True,2008.5,2032.5
5768,756,61,l,114,243.0,True,2008.5,2040.75
5769,955,202,l,114,178.0,True,2008.5,2024.5
5770,1084,268,l,114,153.0,True,2008.5,2018.25
5771,1257,571,l,114,145.0,True,2008.5,2016.25
5772,1392,1186,l,114,177.0,True,2008.5,2024.25
5773,490,450,l,114,216.0,True,2008.5,2034.0
5774,204,1016,s,115,121.0,False,2008.75,2010.25
5775,353,192,s,115,115.0,False,2008.75,2008.75
5776,521,171,s,115,126.0,False,2008.75,2011.5
5777,553,956,s,115,117.0,False,2008.75,2009.25
5778,575,60,s,115,122.0,False,2008.75,2010.5
5779,594,901,s,115,117.0,False,2008.75,2009.25
5780,597,1027,s,115,123.0,False,2008.75,2010.75
5781,731,192,s,115,119.0,False,2008.75,2009.75
5782,732,704,s,115,118.0,False,2008.75,2009.5
5783,869,499,s,115,128.0,False,2008.75,2012.0
5784,869,665,s,115,118.0,False,2008.75,2009.5
5785,885,360,s,115,117.0,False,2008.75,2009.25
5786,895,9,s,115,122.0,False,2008.75,2010.5
5787,902,545,s,115,119.0,False,2008.75,2009.75
5788,993,1016,s,115,118.0,False,2008.75,2009.5
5789,1258,1240,s,115,123.0,False,2008.75,2010.75
5790,1258,1337,s,115,116.0,False,2008.75,2009.0
5791,321,1219,s,115,116.0,False,2008.75,2009.0
5792,432,390,s,115,115.0,False,2008.75,2008.75
5793,575,375,s,115,142.0,False,2008.75,2015.5
5794,715,530,s,115,117.0,False,2008.75,2009.25
5795,739,1207,s,115,123.0,False,2008.75,2010.75
5796,936,311,s,115,119.0,False,2008.75,2009.75
5797,1249,1316,s,115,120.0,False,2008.75,2010.0
5798,1329,85,s,115,117.0,False,2008.75,2009.25
5799,117,605,s,115,130.0,False,2008.75,2012.5
5800,511,1612,s,115,127.0,False,2008.75,2011.75
5801,594,409,s,115,120.0,False,2008.75,2010.0
5802,895,767,s,115,121.0,False,2008.75,2010.25
5803,1090,375,s,115,119.0,False,2008.75,2009.75
5804,1184,942,s,115,123.0,False,2008.75,2010.75
5805,1192,1613,s,115,118.0,False,2008.75,2009.5
5806,1355,1295,s,115,122.0,False,2008.75,2010.5
5807,1473,261,s,115,117.0,False,2008.75,2009.25
5808,113,571,l,115,139.0,True,2008.75,2014.75
5809,609,290,l,115,150.0,True,2008.75,2017.5
5810,681,59,l,115,179.0,True,2008.75,2024.75
5811,1084,750,l,115,200.0,True,2008.75,2030.0
5812,1093,407,l,115,193.0,True,2008.75,2028.25
5813,172,323,l,115,143.0,True,2008.75,2015.75
5814,885,1027,l,115,158.0,True,2008.75,2019.5
5815,1638,823,l,115,,True,2008.75,
5816,76,793,s,116,118.0,False,2009.0,2009.5
5817,152,706,s,116,117.0,False,2009.0,2009.25
5818,422,312,s,116,120.0,False,2009.0,2010.0
5819,497,952,s,116,121.0,False,2009.0,2010.25
5820,655,1219,s,116,116.0,False,2009.0,2009.0
5821,858,1030,s,116,127.0,False,2009.0,2011.75
5822,872,499,s,116,120.0,False,2009.0,2010.0
5823,934,64,s,116,117.0,False,2009.0,2009.25
5824,1093,347,s,116,119.0,False,2009.0,2009.75
5825,1156,1314,s,116,123.0,False,2009.0,2010.75
5826,1362,1222,s,116,119.0,False,2009.0,2009.75
5827,1405,1294,s,116,116.0,False,2009.0,2009.0
5828,1575,1315,s,116,119.0,False,2009.0,2009.75
5829,87,1196,s,116,121.0,False,2009.0,2010.25
5830,191,1166,s,116,127.0,False,2009.0,2011.75
5831,216,1165,s,116,117.0,False,2009.0,2009.25
5832,466,898,s,116,119.0,False,2009.0,2009.75
5833,490,1614,s,116,117.0,False,2009.0,2009.25
5834,497,288,s,116,118.0,False,2009.0,2009.5
5835,529,1541,s,116,127.0,False,2009.0,2011.75
5836,601,504,s,116,119.0,False,2009.0,2009.75
5837,731,750,s,116,117.0,False,2009.0,2009.25
5838,731,1541,s,116,122.0,False,2009.0,2010.5
5839,840,224,s,116,120.0,False,2009.0,2010.0
5840,863,816,s,116,119.0,False,2009.0,2009.75
5841,869,407,s,116,116.0,False,2009.0,2009.0
5842,916,763,s,116,119.0,False,2009.0,2009.75
5843,955,375,s,116,117.0,False,2009.0,2009.25
5844,1078,241,s,116,117.0,False,2009.0,2009.25
5845,1273,1340,s,116,123.0,False,2009.0,2010.75
5846,3,1472,s,116,117.0,False,2009.0,2009.25
5847,30,952,s,116,118.0,False,2009.0,2009.5
5848,113,417,s,116,120.0,False,2009.0,2010.0
5849,274,1316,s,116,136.0,False,2009.0,2014.0
5850,383,694,s,116,122.0,False,2009.0,2010.5
5851,466,390,s,116,117.0,False,2009.0,2009.25
5852,953,407,s,116,118.0,False,2009.0,2009.5
5853,993,730,s,116,120.0,False,2009.0,2010.0
5854,1003,1611,s,116,120.0,False,2009.0,2010.0
5855,1005,443,s,116,118.0,False,2009.0,2009.5
5856,1090,60,s,116,117.0,False,2009.0,2009.25
5857,1332,823,s,116,128.0,False,2009.0,2012.0
5858,573,1026,l,116,149.0,True,2009.0,2017.25
5859,1190,268,l,116,119.0,True,2009.0,2009.75
5860,863,59,l,116,226.0,True,2009.0,2036.5
5861,96,692,s,117,118.0,False,2009.25,2009.5
5862,141,1615,s,117,118.0,False,2009.25,2009.5
5863,216,785,s,117,117.0,False,2009.25,2009.25
5864,374,1219,s,117,119.0,False,2009.25,2009.75
5865,381,389,s,117,118.0,False,2009.25,2009.5
5866,525,180,s,117,119.0,False,2009.25,2009.75
5867,551,823,s,117,121.0,False,2009.25,2010.25
5868,566,391,s,117,120.0,False,2009.25,2010.0
5869,681,90,s,117,118.0,False,2009.25,2009.5
5870,739,800,s,117,117.0,False,2009.25,2009.25
5871,796,706,s,117,122.0,False,2009.25,2010.5
5872,936,585,s,117,121.0,False,2009.25,2010.25
5873,1087,1615,s,117,123.0,False,2009.25,2010.75
5874,1089,663,s,117,118.0,False,2009.25,2009.5
5875,1091,347,s,117,120.0,False,2009.25,2010.0
5876,1184,1262,s,117,120.0,False,2009.25,2010.0
5877,1224,1316,s,117,124.0,False,2009.25,2011.0
5878,1286,1262,s,117,119.0,False,2009.25,2009.75
5879,1326,1540,s,117,121.0,False,2009.25,2010.25
5880,57,480,s,117,118.0,False,2009.25,2009.5
5881,132,1025,s,117,120.0,False,2009.25,2010.0
5882,207,496,s,117,122.0,False,2009.25,2010.5
5883,248,1594,s,117,120.0,False,2009.25,2010.0
5884,374,55,s,117,126.0,False,2009.25,2011.5
5885,509,189,s,117,117.0,False,2009.25,2009.25
5886,529,1346,s,117,125.0,False,2009.25,2011.25
5887,638,956,s,117,123.0,False,2009.25,2010.75
5888,732,952,s,117,118.0,False,2009.25,2009.5
5889,743,1186,s,117,118.0,False,2009.25,2009.5
5890,754,205,s,117,120.0,False,2009.25,2010.0
5891,955,347,s,117,122.0,False,2009.25,2010.5
5892,1342,1222,s,117,118.0,False,2009.25,2009.5
5893,1617,534,s,117,120.0,False,2009.25,2010.0
5894,15,842,s,117,119.0,False,2009.25,2009.75
5895,216,823,s,117,119.0,False,2009.25,2009.75
5896,362,557,s,117,118.0,False,2009.25,2009.5
5897,479,387,s,117,118.0,False,2009.25,2009.5
5898,509,733,s,117,128.0,False,2009.25,2012.0
5899,529,302,s,117,118.0,False,2009.25,2009.5
5900,715,1594,s,117,123.0,False,2009.25,2010.75
5901,731,1346,s,117,119.0,False,2009.25,2009.75
5902,882,1488,s,117,129.0,False,2009.25,2012.25
5903,934,306,s,117,123.0,False,2009.25,2010.75
5904,937,1016,s,117,118.0,False,2009.25,2009.5
5905,1080,481,s,117,119.0,False,2009.25,2009.75
5906,1097,1488,s,117,129.0,False,2009.25,2012.25
5907,1156,399,s,117,119.0,False,2009.25,2009.75
5908,1191,990,s,117,120.0,False,2009.25,2010.0
5909,1208,261,s,117,125.0,False,2009.25,2011.25
5910,1544,530,s,117,119.0,False,2009.25,2009.75
5911,1699,891,s,117,119.0,False,2009.25,2009.75
5912,479,749,l,117,192.0,True,2009.25,2028.0
5913,316,891,l,117,152.0,True,2009.25,2018.0
5914,561,1193,l,117,205.0,True,2009.25,2031.25
5915,655,933,l,117,182.0,True,2009.25,2025.5
5916,1091,965,l,117,180.0,True,2009.25,2025.0
5917,529,1695,l,117,159.0,True,2009.25,2019.75
5918,711,1488,l,117,122.0,True,2009.25,2010.5
5919,815,213,l,117,131.0,True,2009.25,2012.75
5920,1192,1015,l,117,179.0,True,2009.25,2024.75
5921,48,268,s,118,118.0,False,2009.5,2009.5
5922,222,1016,s,118,119.0,False,2009.5,2009.75
5923,287,392,s,118,118.0,False,2009.5,2009.5
5924,507,1540,s,118,122.0,False,2009.5,2010.5
5925,702,306,s,118,118.0,False,2009.5,2009.5
5926,784,427,s,118,123.0,False,2009.5,2010.75
5927,853,1047,s,118,118.0,False,2009.5,2009.5
5928,1083,1508,s,118,127.0,False,2009.5,2011.75
5929,1223,1189,s,118,118.0,False,2009.5,2009.5
5930,1329,90,s,118,121.0,False,2009.5,2010.25
5931,57,1613,s,118,118.0,False,2009.5,2009.5
5932,216,129,s,118,124.0,False,2009.5,2011.0
5933,381,632,s,118,127.0,False,2009.5,2011.75
5934,494,294,s,118,126.0,False,2009.5,2011.5
5935,497,564,s,118,138.0,False,2009.5,2014.5
5936,501,1021,s,118,121.0,False,2009.5,2010.25
5937,508,213,s,118,122.0,False,2009.5,2010.5
5938,638,1060,s,118,123.0,False,2009.5,2010.75
5939,759,763,s,118,122.0,False,2009.5,2010.5
5940,840,1022,s,118,120.0,False,2009.5,2010.0
5941,916,1026,s,118,119.0,False,2009.5,2009.75
5942,1079,495,s,118,134.0,False,2009.5,2013.5
5943,1325,1209,s,118,122.0,False,2009.5,2010.5
5944,1378,1593,s,118,119.0,False,2009.5,2009.75
5945,216,306,s,118,121.0,False,2009.5,2010.25
5946,418,789,s,118,119.0,False,2009.5,2009.75
5947,479,653,s,118,123.0,False,2009.5,2010.75
5948,716,706,s,118,125.0,False,2009.5,2011.25
5949,1079,545,s,118,119.0,False,2009.5,2009.75
5950,1090,650,s,118,124.0,False,2009.5,2011.0
5951,1190,793,s,118,141.0,False,2009.5,2015.25
5952,1329,942,s,118,121.0,False,2009.5,2010.25
5953,1384,324,s,118,119.0,False,2009.5,2009.75
5954,1397,1193,s,118,120.0,False,2009.5,2010.0
5955,553,86,l,118,121.0,True,2009.5,2010.25
5956,1151,704,l,118,123.0,True,2009.5,2010.75
5957,1254,1336,l,118,145.0,True,2009.5,2016.25
5958,1405,1294,l,118,201.0,True,2009.5,2030.25
5959,509,90,l,118,141.0,True,2009.5,2015.25
5960,135,1572,s,119,120.0,False,2009.75,2010.0
5961,274,1656,s,119,125.0,False,2009.75,2011.25
5962,316,701,s,119,120.0,False,2009.75,2010.0
5963,415,586,s,119,119.0,False,2009.75,2009.75
5964,696,942,s,119,120.0,False,2009.75,2010.0
5965,998,108,s,119,123.0,False,2009.75,2010.75
5966,1093,942,s,119,129.0,False,2009.75,2012.25
5967,1217,1016,s,119,120.0,False,2009.75,2010.0
5968,1380,1163,s,119,126.0,False,2009.75,2011.5
5969,1386,1061,s,119,132.0,False,2009.75,2013.0
5970,418,823,s,119,122.0,False,2009.75,2010.5
5971,776,293,s,119,124.0,False,2009.75,2011.0
5972,831,1021,s,119,121.0,False,2009.75,2010.25
5973,859,192,s,119,124.0,False,2009.75,2011.0
5974,885,324,s,119,121.0,False,2009.75,2010.25
5975,938,694,s,119,120.0,False,2009.75,2010.0
5976,953,903,s,119,121.0,False,2009.75,2010.25
5977,1074,1540,s,119,122.0,False,2009.75,2010.5
5978,1097,763,s,119,124.0,False,2009.75,2011.0
5979,1148,1161,s,119,120.0,False,2009.75,2010.0
5980,1200,345,s,119,120.0,False,2009.75,2010.0
5981,169,481,s,119,131.0,False,2009.75,2012.75
5982,207,932,s,119,125.0,False,2009.75,2011.25
5983,216,493,s,119,121.0,False,2009.75,2010.25
5984,242,90,s,119,123.0,False,2009.75,2010.75
5985,715,1189,s,119,120.0,False,2009.75,2010.0
5986,716,593,s,119,122.0,False,2009.75,2010.5
5987,745,108,s,119,120.0,False,2009.75,2010.0
5988,745,1288,s,119,120.0,False,2009.75,2010.0
5989,863,933,s,119,121.0,False,2009.75,2010.25
5990,916,407,s,119,128.0,False,2009.75,2012.0
5991,955,22,s,119,121.0,False,2009.75,2010.25
5992,998,1016,s,119,122.0,False,2009.75,2010.5
5993,1074,697,s,119,124.0,False,2009.75,2011.0
5994,1192,1288,s,119,128.0,False,2009.75,2012.0
5995,1208,409,s,119,120.0,False,2009.75,2010.0
5996,1210,530,s,119,133.0,False,2009.75,2013.25
5997,1249,1360,s,119,120.0,False,2009.75,2010.0
5998,1258,1193,s,119,123.0,False,2009.75,2010.75
5999,1327,793,s,119,121.0,False,2009.75,2010.25
6000,1329,695,s,119,128.0,False,2009.75,2012.0
6001,1491,417,s,119,125.0,False,2009.75,2011.25
6002,3,440,l,119,119.0,True,2009.75,2009.75
6003,494,767,l,119,140.0,True,2009.75,2015.0
6004,1394,1337,l,119,,True,2009.75,
6005,1256,1295,l,119,132.0,True,2009.75,2013.0
6006,1257,649,l,119,208.0,True,2009.75,2032.0
6007,594,480,l,119,210.0,True,2009.75,2032.5
6008,414,1158,s,120,130.0,False,2010.0,2012.5
6009,509,762,s,120,127.0,False,2010.0,2011.75
6010,736,64,s,120,126.0,False,2010.0,2011.5
6011,869,405,s,120,138.0,False,2010.0,2014.5
6012,934,1488,s,120,128.0,False,2010.0,2012.0
6013,1087,628,s,120,121.0,False,2010.0,2010.25
6014,1148,1314,s,120,128.0,False,2010.0,2012.0
6015,1191,1012,s,120,120.0,False,2010.0,2010.0
6016,1329,684,s,120,122.0,False,2010.0,2010.5
6017,1491,311,s,120,121.0,False,2010.0,2010.25
6018,15,572,s,120,121.0,False,2010.0,2010.25
6019,230,708,s,120,133.0,False,2010.0,2013.25
6020,232,632,s,120,127.0,False,2010.0,2011.75
6021,321,60,s,120,127.0,False,2010.0,2011.75
6022,353,124,s,120,121.0,False,2010.0,2010.25
6023,490,409,s,120,126.0,False,2010.0,2011.5
6024,609,585,s,120,120.0,False,2010.0,2010.0
6025,731,632,s,120,122.0,False,2010.0,2010.5
6026,840,202,s,120,126.0,False,2010.0,2011.5
6027,847,762,s,120,124.0,False,2010.0,2011.0
6028,847,907,s,120,125.0,False,2010.0,2011.25
6029,871,176,s,120,123.0,False,2010.0,2010.75
6030,895,680,s,120,124.0,False,2010.0,2011.0
6031,917,824,s,120,121.0,False,2010.0,2010.25
6032,1085,1334,s,120,127.0,False,2010.0,2011.75
6033,1184,1294,s,120,124.0,False,2010.0,2011.0
6034,1208,453,s,120,122.0,False,2010.0,2010.5
6035,1212,291,s,120,125.0,False,2010.0,2011.25
6036,1223,1234,s,120,122.0,False,2010.0,2010.5
6037,1258,524,s,120,124.0,False,2010.0,2011.0
6038,1350,1497,s,120,122.0,False,2010.0,2010.5
6039,113,733,s,120,121.0,False,2010.0,2010.25
6040,117,650,s,120,127.0,False,2010.0,2011.75
6041,222,192,s,120,127.0,False,2010.0,2011.75
6042,467,689,s,120,140.0,False,2010.0,2015.0
6043,629,387,s,120,132.0,False,2010.0,2013.0
6044,702,793,s,120,124.0,False,2010.0,2011.0
6045,732,90,s,120,121.0,False,2010.0,2010.25
6046,736,1029,s,120,122.0,False,2010.0,2010.5
6047,776,767,s,120,125.0,False,2010.0,2011.25
6048,863,1012,s,120,121.0,False,2010.0,2010.25
6049,875,632,s,120,122.0,False,2010.0,2010.5
6050,1256,1356,s,120,122.0,False,2010.0,2010.5
6051,1325,789,s,120,121.0,False,2010.0,2010.25
6052,1378,1466,s,120,122.0,False,2010.0,2010.5
6053,1595,1272,s,120,122.0,False,2010.0,2010.5
6054,1617,1507,s,120,121.0,False,2010.0,2010.25
6055,1293,1219,l,120,172.0,True,2010.0,2023.0
6056,556,816,l,120,167.0,True,2010.0,2021.75
6057,1248,1274,l,120,169.0,True,2010.0,2022.25
6058,15,793,s,121,122.0,False,2010.25,2010.5
6059,211,306,s,121,121.0,False,2010.25,2010.25
6060,234,1162,s,121,128.0,False,2010.25,2012.0
6061,287,772,s,121,123.0,False,2010.25,2010.75
6062,317,812,s,121,122.0,False,2010.25,2010.5
6063,486,898,s,121,123.0,False,2010.25,2010.75
6064,520,358,s,121,132.0,False,2010.25,2013.0
6065,777,585,s,121,124.0,False,2010.25,2011.0
6066,869,440,s,121,125.0,False,2010.25,2011.25
6067,869,578,s,121,129.0,False,2010.25,2012.25
6068,881,24,s,121,123.0,False,2010.25,2010.75
6069,916,399,s,121,125.0,False,2010.25,2011.25
6070,1103,1034,s,121,128.0,False,2010.25,2012.0
6071,1258,1016,s,121,123.0,False,2010.25,2010.75
6072,1392,1294,s,121,122.0,False,2010.25,2010.5
6073,1473,1161,s,121,121.0,False,2010.25,2010.25
6074,141,899,s,121,126.0,False,2010.25,2011.5
6075,233,800,s,121,124.0,False,2010.25,2011.0
6076,501,202,s,121,123.0,False,2010.25,2010.75
6077,520,1472,s,121,122.0,False,2010.25,2010.5
6078,573,762,s,121,128.0,False,2010.25,2012.0
6079,594,417,s,121,122.0,False,2010.25,2010.5
6080,738,823,s,121,122.0,False,2010.25,2010.5
6081,837,708,s,121,122.0,False,2010.25,2010.5
6082,1082,192,s,121,122.0,False,2010.25,2010.5
6083,1185,1008,s,121,124.0,False,2010.25,2011.0
6084,1266,1495,s,121,123.0,False,2010.25,2010.75
6085,1311,856,s,121,124.0,False,2010.25,2011.0
6086,1325,1337,s,121,122.0,False,2010.25,2010.5
6087,1333,903,s,121,124.0,False,2010.25,2011.0
6088,1344,1019,s,121,124.0,False,2010.25,2011.0
6089,1344,1341,s,121,132.0,False,2010.25,2013.0
6090,1425,530,s,121,124.0,False,2010.25,2011.0
6091,15,1314,s,121,126.0,False,2010.25,2011.5
6092,113,399,s,121,124.0,False,2010.25,2011.0
6093,316,450,s,121,124.0,False,2010.25,2011.0
6094,321,1194,s,121,124.0,False,2010.25,2011.0
6095,507,793,s,121,122.0,False,2010.25,2010.5
6096,594,1613,s,121,125.0,False,2010.25,2011.25
6097,731,1027,s,121,122.0,False,2010.25,2010.5
6098,754,340,s,121,123.0,False,2010.25,2010.75
6099,840,266,s,121,125.0,False,2010.25,2011.25
6100,934,1541,s,121,122.0,False,2010.25,2010.5
6101,993,217,s,121,122.0,False,2010.25,2010.5
6102,1171,1243,s,121,126.0,False,2010.25,2011.5
6103,1223,545,s,121,122.0,False,2010.25,2010.5
6104,1307,1214,s,121,124.0,False,2010.25,2011.0
6105,1325,990,s,121,134.0,False,2010.25,2013.5
6106,1329,504,s,121,123.0,False,2010.25,2010.75
6107,1358,205,s,121,122.0,False,2010.25,2010.5
6108,1390,1014,s,121,122.0,False,2010.25,2010.5
6109,1698,1221,s,121,126.0,False,2010.25,2011.5
6110,859,360,l,121,174.0,True,2010.25,2023.5
6111,1007,1316,l,121,,True,2010.25,
6112,1296,1259,l,121,143.0,True,2010.25,2015.75
6113,356,545,l,121,200.0,True,2010.25,2030.0
6114,418,55,l,121,190.0,True,2010.25,2027.5
6115,1213,530,l,121,158.0,True,2010.25,2019.5
6116,1296,1202,l,121,177.0,True,2010.25,2024.25
6117,15,61,s,122,131.0,False,2010.5,2012.75
6118,121,822,s,122,125.0,False,2010.5,2011.25
6119,249,85,s,122,123.0,False,2010.5,2010.75
6120,422,1472,s,122,124.0,False,2010.5,2011.0
6121,467,176,s,122,124.0,False,2010.5,2011.0
6122,508,1346,s,122,123.0,False,2010.5,2010.75
6123,731,578,s,122,129.0,False,2010.5,2012.25
6124,875,557,s,122,128.0,False,2010.5,2012.0
6125,1074,823,s,122,125.0,False,2010.5,2011.25
6126,1085,409,s,122,129.0,False,2010.5,2012.25
6127,1270,1294,s,122,127.0,False,2010.5,2011.75
6128,1296,1289,s,122,124.0,False,2010.5,2011.0
6129,1307,1188,s,122,124.0,False,2010.5,2011.0
6130,1639,1189,s,122,122.0,False,2010.5,2010.5
6131,1715,789,s,122,126.0,False,2010.5,2011.5
6132,179,545,s,122,122.0,False,2010.5,2010.5
6133,207,628,s,122,123.0,False,2010.5,2010.75
6134,230,823,s,122,124.0,False,2010.5,2011.0
6135,269,81,s,122,139.0,False,2010.5,2014.75
6136,330,1221,s,122,126.0,False,2010.5,2011.5
6137,374,108,s,122,126.0,False,2010.5,2011.5
6138,374,1540,s,122,123.0,False,2010.5,2010.75
6139,497,632,s,122,122.0,False,2010.5,2010.5
6140,520,1572,s,122,136.0,False,2010.5,2014.0
6141,521,302,s,122,124.0,False,2010.5,2011.0
6142,573,628,s,122,131.0,False,2010.5,2012.75
6143,696,192,s,122,123.0,False,2010.5,2010.75
6144,711,202,s,122,124.0,False,2010.5,2011.0
6145,715,824,s,122,132.0,False,2010.5,2013.0
6146,867,933,s,122,130.0,False,2010.5,2012.5
6147,885,1016,s,122,123.0,False,2010.5,2010.75
6148,917,1166,s,122,123.0,False,2010.5,2010.75
6149,936,1012,s,122,126.0,False,2010.5,2011.5
6150,1083,417,s,122,130.0,False,2010.5,2012.5
6151,1093,405,s,122,123.0,False,2010.5,2010.75
6152,1184,1341,s,122,126.0,False,2010.5,2011.5
6153,1212,323,s,122,124.0,False,2010.5,2011.0
6154,1354,1186,s,122,126.0,False,2010.5,2011.5
6155,1577,1277,s,122,127.0,False,2010.5,2011.75
6156,230,856,s,122,125.0,False,2010.5,2011.25
6157,529,1027,s,122,129.0,False,2010.5,2012.25
6158,556,576,s,122,129.0,False,2010.5,2012.25
6159,655,793,s,122,123.0,False,2010.5,2010.75
6160,739,1274,s,122,124.0,False,2010.5,2011.0
6161,849,320,s,122,125.0,False,2010.5,2011.25
6162,858,990,s,122,124.0,False,2010.5,2011.0
6163,859,945,s,122,124.0,False,2010.5,2011.0
6164,917,1472,s,122,123.0,False,2010.5,2010.75
6165,1151,241,s,122,126.0,False,2010.5,2011.5
6166,1171,224,s,122,130.0,False,2010.5,2012.5
6167,1273,1260,s,122,132.0,False,2010.5,2013.0
6168,1325,1615,s,122,128.0,False,2010.5,2012.0
6169,1327,375,s,122,125.0,False,2010.5,2011.25
6170,1617,1246,s,122,124.0,False,2010.5,2011.0
6171,1618,1166,s,122,125.0,False,2010.5,2011.25
6172,553,411,l,122,151.0,True,2010.5,2017.75
6173,1410,309,l,122,166.0,True,2010.5,2021.5
6174,917,268,l,122,135.0,True,2010.5,2013.75
6175,670,1488,l,122,127.0,True,2010.5,2011.75
6176,863,1022,l,122,187.0,True,2010.5,2026.75
6177,107,605,s,123,132.0,False,2010.75,2013.0
6178,172,180,s,123,134.0,False,2010.75,2013.5
6179,316,405,s,123,133.0,False,2010.75,2013.25
6180,356,1014,s,123,125.0,False,2010.75,2011.25
6181,356,1018,s,123,124.0,False,2010.75,2011.0
6182,415,295,s,123,124.0,False,2010.75,2011.0
6183,465,293,s,123,127.0,False,2010.75,2011.75
6184,490,740,s,123,124.0,False,2010.75,2011.0
6185,881,740,s,123,124.0,False,2010.75,2011.0
6186,938,942,s,123,124.0,False,2010.75,2011.0
6187,1090,891,s,123,126.0,False,2010.75,2011.5
6188,1271,689,s,123,125.0,False,2010.75,2011.25
6189,1328,1219,s,123,128.0,False,2010.75,2012.0
6190,179,1337,s,123,127.0,False,2010.75,2011.75
6191,191,1030,s,123,126.0,False,2010.75,2011.5
6192,211,409,s,123,130.0,False,2010.75,2012.5
6193,432,189,s,123,125.0,False,2010.75,2011.25
6194,756,63,s,123,123.0,False,2010.75,2010.75
6195,776,197,s,123,127.0,False,2010.75,2011.75
6196,962,416,s,123,124.0,False,2010.75,2011.0
6197,1082,416,s,123,144.0,False,2010.75,2016.0
6198,1171,90,s,123,124.0,False,2010.75,2011.0
6199,1200,942,s,123,127.0,False,2010.75,2011.75
6200,1273,545,s,123,124.0,False,2010.75,2011.0
6201,1273,1001,s,123,128.0,False,2010.75,2012.0
6202,1326,1243,s,123,125.0,False,2010.75,2011.25
6203,1413,1334,s,123,127.0,False,2010.75,2011.75
6204,1427,1264,s,123,130.0,False,2010.75,2012.5
6205,1699,954,s,123,129.0,False,2010.75,2012.25
6206,15,498,s,123,129.0,False,2010.75,2012.25
6207,113,628,s,123,128.0,False,2010.75,2012.0
6208,133,952,s,123,126.0,False,2010.75,2011.5
6209,222,1201,s,123,125.0,False,2010.75,2011.25
6210,353,964,s,123,127.0,False,2010.75,2011.75
6211,637,952,s,123,124.0,False,2010.75,2011.0
6212,902,345,s,123,133.0,False,2010.75,2013.25
6213,931,789,s,123,124.0,False,2010.75,2011.0
6214,1095,680,s,123,135.0,False,2010.75,2013.75
6215,1239,545,s,123,128.0,False,2010.75,2012.0
6216,1325,1188,s,123,126.0,False,2010.75,2011.5
6217,1378,1336,s,123,127.0,False,2010.75,2011.75
6218,1394,1267,s,123,129.0,False,2010.75,2012.25
6219,1394,1446,s,123,127.0,False,2010.75,2011.75
6220,1405,1377,s,123,124.0,False,2010.75,2011.0
6221,1413,586,s,123,126.0,False,2010.75,2011.5
6222,1413,1260,s,123,131.0,False,2010.75,2012.75
6223,57,1026,l,123,182.0,True,2010.75,2025.5
6224,859,202,l,123,195.0,True,2010.75,2028.75
6225,1079,689,l,123,154.0,True,2010.75,2018.5
6226,207,124,l,123,156.0,True,2010.75,2019.0
6227,670,268,l,123,186.0,True,2010.75,2026.5
6228,216,1161,s,124,130.0,False,2011.0,2012.5
6229,383,237,s,124,128.0,False,2011.0,2012.0
6230,507,268,s,124,127.0,False,2011.0,2011.75
6231,507,1219,s,124,126.0,False,2011.0,2011.5
6232,509,129,s,124,124.0,False,2011.0,2011.0
6233,594,375,s,124,125.0,False,2011.0,2011.25
6234,594,406,s,124,125.0,False,2011.0,2011.25
6235,715,1316,s,124,130.0,False,2011.0,2012.5
6236,902,176,s,124,126.0,False,2011.0,2011.5
6237,1090,375,s,124,125.0,False,2011.0,2011.25
6238,1091,9,s,124,129.0,False,2011.0,2012.25
6239,1101,5,s,124,125.0,False,2011.0,2011.25
6240,1152,740,s,124,131.0,False,2011.0,2012.75
6241,1215,990,s,124,125.0,False,2011.0,2011.25
6242,1286,1186,s,124,125.0,False,2011.0,2011.25
6243,1325,1291,s,124,137.0,False,2011.0,2014.25
6244,1328,1308,s,124,124.0,False,2011.0,2011.0
6245,1338,1615,s,124,125.0,False,2011.0,2011.25
6246,1352,1201,s,124,126.0,False,2011.0,2011.5
6247,1355,1446,s,124,124.0,False,2011.0,2011.0
6248,1366,990,s,124,134.0,False,2011.0,2013.5
6249,1499,1339,s,124,124.0,False,2011.0,2011.0
6250,501,55,s,124,132.0,False,2011.0,2013.0
6251,715,291,s,124,130.0,False,2011.0,2012.5
6252,732,531,s,124,128.0,False,2011.0,2012.0
6253,859,665,s,124,126.0,False,2011.0,2011.5
6254,859,704,s,124,129.0,False,2011.0,2012.25
6255,885,572,s,124,125.0,False,2011.0,2011.25
6256,1079,60,s,124,125.0,False,2011.0,2011.25
6257,1089,85,s,124,125.0,False,2011.0,2011.25
6258,1156,697,s,124,131.0,False,2011.0,2012.75
6259,1257,1593,s,124,127.0,False,2011.0,2011.75
6260,1368,1288,s,124,125.0,False,2011.0,2011.25
6261,1378,1244,s,124,129.0,False,2011.0,2012.25
6262,1378,1268,s,124,128.0,False,2011.0,2012.0
6263,1397,697,s,124,136.0,False,2011.0,2014.0
6264,1454,1268,s,124,125.0,False,2011.0,2011.25
6265,1699,241,s,124,128.0,False,2011.0,2012.0
6266,57,701,s,124,128.0,False,2011.0,2012.0
6267,152,1196,s,124,132.0,False,2011.0,2013.0
6268,249,224,s,124,125.0,False,2011.0,2011.25
6269,521,399,s,124,126.0,False,2011.0,2011.5
6270,575,1016,s,124,131.0,False,2011.0,2012.75
6271,715,427,s,124,140.0,False,2011.0,2015.0
6272,773,1294,s,124,128.0,False,2011.0,2012.0
6273,815,345,s,124,134.0,False,2011.0,2013.5
6274,1084,1693,s,124,126.0,False,2011.0,2011.5
6275,1212,956,s,124,128.0,False,2011.0,2012.0
6276,1392,1294,s,124,129.0,False,2011.0,2012.25
6277,1443,1364,s,124,125.0,False,2011.0,2011.25
6278,1578,898,s,124,129.0,False,2011.0,2012.25
6279,321,375,l,124,238.0,True,2011.0,2039.5
6280,418,1196,l,124,137.0,True,2011.0,2014.25
6281,352,729,l,124,152.0,True,2011.0,2018.0
6282,179,82,l,124,,True,2011.0,
6283,40,392,s,125,131.0,False,2011.25,2012.75
6284,57,903,s,125,133.0,False,2011.25,2013.25
6285,486,189,s,125,125.0,False,2011.25,2011.25
6286,521,824,s,125,125.0,False,2011.25,2011.25
6287,526,822,s,125,126.0,False,2011.25,2011.5
6288,597,167,s,125,126.0,False,2011.25,2011.5
6289,655,390,s,125,125.0,False,2011.25,2011.25
6290,895,1032,s,125,127.0,False,2011.25,2011.75
6291,1085,649,s,125,131.0,False,2011.25,2012.75
6292,1171,903,s,125,149.0,False,2011.25,2017.25
6293,1192,1219,s,125,126.0,False,2011.25,2011.5
6294,1286,1315,s,125,127.0,False,2011.25,2011.75
6295,1392,1207,s,125,126.0,False,2011.25,2011.5
6296,43,480,s,125,126.0,False,2011.25,2011.5
6297,57,530,s,125,128.0,False,2011.25,2012.0
6298,269,291,s,125,129.0,False,2011.25,2012.25
6299,381,952,s,125,130.0,False,2011.25,2012.5
6300,754,1260,s,125,125.0,False,2011.25,2011.25
6301,1076,952,s,125,125.0,False,2011.25,2011.25
6302,1171,557,s,125,127.0,False,2011.25,2011.75
6303,1224,409,s,125,127.0,False,2011.25,2011.75
6304,1239,443,s,125,126.0,False,2011.25,2011.5
6305,1335,1507,s,125,128.0,False,2011.25,2012.0
6306,1352,740,s,125,127.0,False,2011.25,2011.75
6307,1578,464,s,125,127.0,False,2011.25,2011.75
6308,15,399,s,125,127.0,False,2011.25,2011.75
6309,30,653,s,125,127.0,False,2011.25,2011.75
6310,191,197,s,125,131.0,False,2011.25,2012.75
6311,235,898,s,125,131.0,False,2011.25,2012.75
6312,486,1018,s,125,128.0,False,2011.25,2012.0
6313,521,1540,s,125,127.0,False,2011.25,2011.75
6314,573,964,s,125,130.0,False,2011.25,2012.5
6315,670,899,s,125,126.0,False,2011.25,2011.5
6316,681,697,s,125,130.0,False,2011.25,2012.5
6317,917,108,s,125,126.0,False,2011.25,2011.5
6318,1211,1260,s,125,136.0,False,2011.25,2014.0
6319,1293,1334,s,125,127.0,False,2011.25,2011.75
6320,1378,1291,s,125,127.0,False,2011.25,2011.75
6321,1491,1594,s,125,126.0,False,2011.25,2011.5
6322,1096,86,l,125,132.0,True,2011.25,2013.0
6323,207,898,s,126,130.0,False,2011.5,2012.5
6324,362,1735,s,126,128.0,False,2011.5,2012.0
6325,414,557,s,126,127.0,False,2011.5,2011.75
6326,479,347,s,126,127.0,False,2011.5,2011.75
6327,732,504,s,126,127.0,False,2011.5,2011.75
6328,776,653,s,126,129.0,False,2011.5,2012.25
6329,859,213,s,126,127.0,False,2011.5,2011.75
6330,869,124,s,126,127.0,False,2011.5,2011.75
6331,869,213,s,126,132.0,False,2011.5,2013.0
6332,871,823,s,126,126.0,False,2011.5,2011.5
6333,944,950,s,126,130.0,False,2011.5,2012.5
6334,1084,1158,s,126,138.0,False,2011.5,2014.5
6335,1266,1334,s,126,131.0,False,2011.5,2012.75
6336,1270,1369,s,126,135.0,False,2011.5,2013.75
6337,1271,1189,s,126,132.0,False,2011.5,2013.0
6338,1491,1012,s,126,130.0,False,2011.5,2012.5
6339,3,1026,s,126,128.0,False,2011.5,2012.0
6340,191,1163,s,126,146.0,False,2011.5,2016.5
6341,216,1023,s,126,126.0,False,2011.5,2011.5
6342,316,571,s,126,141.0,False,2011.5,2015.25
6343,756,266,s,126,144.0,False,2011.5,2016.0
6344,776,693,s,126,129.0,False,2011.5,2012.25
6345,807,1023,s,126,130.0,False,2011.5,2012.5
6346,831,1540,s,126,127.0,False,2011.5,2011.75
6347,840,898,s,126,128.0,False,2011.5,2012.0
6348,847,295,s,126,133.0,False,2011.5,2013.25
6349,875,835,s,126,126.0,False,2011.5,2011.5
6350,881,693,s,126,129.0,False,2011.5,2012.25
6351,936,345,s,126,133.0,False,2011.5,2013.25
6352,944,90,s,126,127.0,False,2011.5,2011.75
6353,944,898,s,126,127.0,False,2011.5,2011.75
6354,1007,1611,s,126,130.0,False,2011.5,2012.5
6355,1079,1260,s,126,126.0,False,2011.5,2011.5
6356,1087,965,s,126,138.0,False,2011.5,2014.5
6357,1093,710,s,126,129.0,False,2011.5,2012.25
6358,1095,1735,s,126,139.0,False,2011.5,2014.75
6359,1096,64,s,126,131.0,False,2011.5,2012.75
6360,1258,1334,s,126,128.0,False,2011.5,2012.0
6361,1296,1186,s,126,133.0,False,2011.5,2013.25
6362,1366,407,s,126,126.0,False,2011.5,2011.5
6363,1376,1391,s,126,127.0,False,2011.5,2011.75
6364,1378,1341,s,126,130.0,False,2011.5,2012.5
6365,15,793,s,126,128.0,False,2011.5,2012.0
6366,26,1289,s,126,127.0,False,2011.5,2011.75
6367,196,1540,s,126,127.0,False,2011.5,2011.75
6368,234,586,s,126,127.0,False,2011.5,2011.75
6369,520,85,s,126,129.0,False,2011.5,2012.25
6370,573,504,s,126,131.0,False,2011.5,2012.75
6371,630,375,s,126,128.0,False,2011.5,2012.0
6372,895,822,s,126,136.0,False,2011.5,2014.0
6373,934,347,s,126,140.0,False,2011.5,2015.0
6374,1080,213,s,126,129.0,False,2011.5,2012.25
6375,1096,217,s,126,132.0,False,2011.5,2013.0
6376,1100,898,s,126,139.0,False,2011.5,2014.75
6377,1184,1238,s,126,129.0,False,2011.5,2012.25
6378,1195,586,s,126,127.0,False,2011.5,2011.75
6379,1211,1317,s,126,127.0,False,2011.5,2011.75
6380,1256,1540,s,126,131.0,False,2011.5,2012.75
6381,1331,443,s,126,127.0,False,2011.5,2011.75
6382,1353,1364,s,126,140.0,False,2011.5,2015.0
6383,1420,1309,s,126,127.0,False,2011.5,2011.75
6384,1114,538,l,126,132.0,True,2011.5,2013.0
6385,1353,1158,l,126,216.0,True,2011.5,2034.0
6386,1378,1507,l,126,140.0,True,2011.5,2015.0
6387,328,302,l,126,154.0,True,2011.5,2018.5
6388,415,1221,l,126,130.0,True,2011.5,2012.5
6389,902,417,l,126,212.0,True,2011.5,2033.0
6390,1287,1363,l,126,139.0,True,2011.5,2014.75
6391,287,358,l,126,131.0,True,2011.5,2012.75
6392,715,990,l,126,218.0,True,2011.5,2034.5
6393,1325,1611,l,126,145.0,True,2011.5,2016.25
6394,133,375,s,127,127.0,False,2011.75,2011.75
6395,490,64,s,127,133.0,False,2011.75,2013.25
6396,696,1016,s,127,129.0,False,2011.75,2012.25
6397,745,701,s,127,128.0,False,2011.75,2012.0
6398,754,108,s,127,127.0,False,2011.75,2011.75
6399,754,952,s,127,133.0,False,2011.75,2013.25
6400,759,1022,s,127,127.0,False,2011.75,2011.75
6401,776,665,s,127,134.0,False,2011.75,2013.5
6402,881,1346,s,127,127.0,False,2011.75,2011.75
6403,916,213,s,127,127.0,False,2011.75,2011.75
6404,1003,990,s,127,127.0,False,2011.75,2011.75
6405,1258,571,s,127,131.0,False,2011.75,2012.75
6406,1354,1186,s,127,128.0,False,2011.75,2012.0
6407,1618,633,s,127,129.0,False,2011.75,2012.25
6408,328,1734,s,127,135.0,False,2011.75,2013.75
6409,381,302,s,127,129.0,False,2011.75,2012.25
6410,485,81,s,127,129.0,False,2011.75,2012.25
6411,716,1030,s,127,134.0,False,2011.75,2013.5
6412,840,824,s,127,128.0,False,2011.75,2012.0
6413,847,665,s,127,127.0,False,2011.75,2011.75
6414,853,538,s,127,128.0,False,2011.75,2012.0
6415,934,405,s,127,129.0,False,2011.75,2012.25
6416,1095,945,s,127,133.0,False,2011.75,2013.25
6417,1151,1014,s,127,148.0,False,2011.75,2017.0
6418,1184,1196,s,127,132.0,False,2011.75,2013.0
6419,1211,205,s,127,127.0,False,2011.75,2011.75
6420,1420,1294,s,127,129.0,False,2011.75,2012.25
6421,1425,1012,s,127,139.0,False,2011.75,2014.75
6422,1440,1032,s,127,128.0,False,2011.75,2012.0
6423,316,295,s,127,132.0,False,2011.75,2013.0
6424,353,557,s,127,131.0,False,2011.75,2012.75
6425,430,1201,s,127,165.0,False,2011.75,2021.25
6426,482,1360,s,127,134.0,False,2011.75,2013.5
6427,587,61,s,127,133.0,False,2011.75,2013.25
6428,655,464,s,127,131.0,False,2011.75,2012.75
6429,715,1015,s,127,129.0,False,2011.75,2012.25
6430,759,1026,s,127,134.0,False,2011.75,2013.5
6431,916,604,s,127,135.0,False,2011.75,2013.75
6432,917,176,s,127,128.0,False,2011.75,2012.0
6433,1114,153,s,127,130.0,False,2011.75,2012.5
6434,1184,1733,s,127,128.0,False,2011.75,2012.0
6435,1293,1356,s,127,129.0,False,2011.75,2012.25
6436,1296,1264,s,127,129.0,False,2011.75,2012.25
6437,1307,823,s,127,128.0,False,2011.75,2012.0
6438,1413,1225,s,127,135.0,False,2011.75,2013.75
6439,1425,1209,s,127,128.0,False,2011.75,2012.0
6440,1427,1345,s,127,129.0,False,2011.75,2012.25
6441,525,291,l,127,133.0,True,2011.75,2013.25
6442,629,1161,l,127,216.0,True,2011.75,2034.0
6443,1353,1206,l,127,137.0,True,2011.75,2014.25
6444,328,1225,l,127,144.0,True,2011.75,2016.0
6445,864,294,l,127,152.0,True,2011.75,2018.0
6446,934,1735,l,127,180.0,True,2011.75,2025.0
6447,976,347,l,127,146.0,True,2011.75,2016.5
6448,1331,1391,l,127,146.0,True,2011.75,2016.5
6449,1355,740,l,127,137.0,True,2011.75,2014.25
6450,1172,1166,l,127,128.0,True,2011.75,2012.0
6451,1195,1306,l,127,189.0,True,2011.75,2027.25
6452,316,302,s,128,139.0,False,2012.0,2014.75
6453,422,25,s,128,133.0,False,2012.0,2013.25
6454,486,628,s,128,132.0,False,2012.0,2013.0
6455,609,824,s,128,132.0,False,2012.0,2013.0
6456,718,1022,s,128,129.0,False,2012.0,2012.25
6457,917,606,s,128,128.0,False,2012.0,2012.0
6458,938,842,s,128,130.0,False,2012.0,2012.5
6459,1215,952,s,128,129.0,False,2012.0,2012.25
6460,1215,1012,s,128,132.0,False,2012.0,2013.0
6461,1223,793,s,128,129.0,False,2012.0,2012.25
6462,1248,1001,s,128,130.0,False,2012.0,2012.5
6463,1258,1395,s,128,130.0,False,2012.0,2012.5
6464,1405,1369,s,128,133.0,False,2012.0,2013.25
6465,1429,1206,s,128,128.0,False,2012.0,2012.0
6466,1473,296,s,128,132.0,False,2012.0,2013.0
6467,113,714,s,128,133.0,False,2012.0,2013.25
6468,207,391,s,128,142.0,False,2012.0,2015.5
6469,346,899,s,128,130.0,False,2012.0,2012.5
6470,412,1613,s,128,131.0,False,2012.0,2012.75
6471,415,898,s,128,132.0,False,2012.0,2013.0
6472,553,956,s,128,129.0,False,2012.0,2012.25
6473,718,751,s,128,129.0,False,2012.0,2012.25
6474,731,1541,s,128,128.0,False,2012.0,2012.0
6475,815,498,s,128,130.0,False,2012.0,2012.5
6476,944,24,s,128,130.0,False,2012.0,2012.5
6477,1208,1240,s,128,133.0,False,2012.0,2013.25
6478,1223,1507,s,128,129.0,False,2012.0,2012.25
6479,1258,842,s,128,136.0,False,2012.0,2014.0
6480,1286,1264,s,128,132.0,False,2012.0,2013.0
6481,1349,585,s,128,129.0,False,2012.0,2012.25
6482,1378,1612,s,128,137.0,False,2012.0,2014.25
6483,1380,1336,s,128,129.0,False,2012.0,2012.25
6484,1677,1507,s,128,130.0,False,2012.0,2012.5
6485,211,1267,s,128,132.0,False,2012.0,2013.0
6486,490,964,s,128,134.0,False,2012.0,2013.5
6487,520,1026,s,128,129.0,False,2012.0,2012.25
6488,553,124,s,128,129.0,False,2012.0,2012.25
6489,594,942,s,128,130.0,False,2012.0,2012.5
6490,681,302,s,128,131.0,False,2012.0,2012.75
6491,754,60,s,128,129.0,False,2012.0,2012.25
6492,756,293,s,128,131.0,False,2012.0,2012.75
6493,847,898,s,128,135.0,False,2012.0,2013.75
6494,871,1240,s,128,136.0,False,2012.0,2014.0
6495,893,983,s,128,132.0,False,2012.0,2013.0
6496,916,606,s,128,134.0,False,2012.0,2013.5
6497,1084,1196,s,128,130.0,False,2012.0,2012.5
6498,1085,1613,s,128,130.0,False,2012.0,2012.5
6499,1273,1274,s,128,132.0,False,2012.0,2013.0
6500,1273,1291,s,128,131.0,False,2012.0,2012.75
6501,1290,1288,s,128,129.0,False,2012.0,2012.25
6502,1454,1216,s,128,142.0,False,2012.0,2015.5
6503,1076,823,l,128,,True,2012.0,
6504,1270,1216,l,128,135.0,True,2012.0,2013.75
6505,1380,1201,l,128,134.0,True,2012.0,2013.5
6506,113,189,s,129,133.0,False,2012.25,2013.25
6507,173,1012,s,129,133.0,False,2012.25,2013.25
6508,381,775,s,129,140.0,False,2012.25,2015.0
6509,508,990,s,129,131.0,False,2012.25,2012.75
6510,556,390,s,129,129.0,False,2012.25,2012.25
6511,575,1026,s,129,141.0,False,2012.25,2015.25
6512,869,90,s,129,131.0,False,2012.25,2012.75
6513,1076,1219,s,129,132.0,False,2012.25,2013.0
6514,1086,1225,s,129,145.0,False,2012.25,2016.25
6515,1096,1028,s,129,129.0,False,2012.25,2012.25
6516,1440,578,s,129,131.0,False,2012.25,2012.75
6517,113,320,s,129,132.0,False,2012.25,2013.0
6518,113,1016,s,129,134.0,False,2012.25,2013.5
6519,233,390,s,129,131.0,False,2012.25,2012.75
6520,255,1314,s,129,139.0,False,2012.25,2014.75
6521,317,1061,s,129,132.0,False,2012.25,2013.0
6522,501,614,s,129,140.0,False,2012.25,2015.0
6523,739,180,s,129,134.0,False,2012.25,2013.5
6524,934,890,s,129,129.0,False,2012.25,2012.25
6525,1079,740,s,129,137.0,False,2012.25,2014.25
6526,1171,1259,s,129,140.0,False,2012.25,2015.0
6527,1211,1206,s,129,132.0,False,2012.25,2013.0
6528,1263,1162,s,129,131.0,False,2012.25,2012.75
6529,1312,1593,s,129,138.0,False,2012.25,2014.5
6530,1332,1363,s,129,133.0,False,2012.25,2013.25
6531,1394,1369,s,129,133.0,False,2012.25,2013.25
6532,34,1693,s,129,138.0,False,2012.25,2014.5
6533,216,127,s,129,130.0,False,2012.25,2012.5
6534,445,816,s,129,131.0,False,2012.25,2012.75
6535,507,268,s,129,136.0,False,2012.25,2014.0
6536,702,585,s,129,131.0,False,2012.25,2012.75
6537,953,266,s,129,140.0,False,2012.25,2015.0
6538,976,679,s,129,131.0,False,2012.25,2012.75
6539,1099,557,s,129,134.0,False,2012.25,2013.5
6540,1325,1308,s,129,130.0,False,2012.25,2012.5
6541,1332,1340,s,129,133.0,False,2012.25,2013.25
6542,1333,1336,s,129,130.0,False,2012.25,2012.5
6543,1344,1306,s,129,132.0,False,2012.25,2013.0
6544,1426,1466,s,129,130.0,False,2012.25,2012.5
6545,1617,1161,s,129,136.0,False,2012.25,2014.0
6546,1217,1214,l,129,184.0,True,2012.25,2026.0
6547,1224,1316,l,129,216.0,True,2012.25,2034.0
6548,1258,1201,l,129,,True,2012.25,
6549,467,192,l,129,199.0,True,2012.25,2029.75
6550,919,1594,l,129,134.0,True,2012.25,2013.5
6551,191,108,s,130,132.0,False,2012.5,2013.0
6552,222,108,s,130,133.0,False,2012.5,2013.25
6553,553,180,s,130,139.0,False,2012.5,2014.75
6554,1425,1381,s,130,131.0,False,2012.5,2012.75
6555,222,1615,s,130,135.0,False,2012.5,2013.75
6556,330,704,s,130,133.0,False,2012.5,2013.25
6557,381,481,s,130,134.0,False,2012.5,2013.5
6558,479,450,s,130,133.0,False,2012.5,2013.25
6559,507,1733,s,130,136.0,False,2012.5,2014.0
6560,525,1695,s,130,137.0,False,2012.5,2014.25
6561,638,153,s,130,135.0,False,2012.5,2013.75
6562,732,1032,s,130,131.0,False,2012.5,2012.75
6563,871,1186,s,130,130.0,False,2012.5,2012.5
6564,936,1613,s,130,136.0,False,2012.5,2014.0
6565,1082,1615,s,130,133.0,False,2012.5,2013.25
6566,1095,391,s,130,139.0,False,2012.5,2014.75
6567,1100,704,s,130,132.0,False,2012.5,2013.0
6568,1171,192,s,130,143.0,False,2012.5,2015.75
6569,1249,1360,s,130,131.0,False,2012.5,2012.75
6570,1311,1431,s,130,135.0,False,2012.5,2013.75
6571,1326,1615,s,130,138.0,False,2012.5,2014.5
6572,1376,1395,s,130,131.0,False,2012.5,2012.75
6573,133,127,s,130,132.0,False,2012.5,2013.0
6574,152,375,s,130,131.0,False,2012.5,2012.75
6575,239,100,s,130,140.0,False,2012.5,2015.0
6576,501,528,s,130,133.0,False,2012.5,2013.25
6577,511,1540,s,130,131.0,False,2012.5,2012.75
6578,660,1031,s,130,136.0,False,2012.5,2014.0
6579,776,950,s,130,141.0,False,2012.5,2015.25
6580,874,530,s,130,132.0,False,2012.5,2013.0
6581,919,127,s,130,131.0,False,2012.5,2012.75
6582,1004,740,s,130,132.0,False,2012.5,2013.0
6583,1152,990,s,130,135.0,False,2012.5,2013.75
6584,1223,571,s,130,141.0,False,2012.5,2015.25
6585,1256,1613,s,130,132.0,False,2012.5,2013.0
6586,1327,823,s,130,135.0,False,2012.5,2013.75
6587,1342,1016,s,130,132.0,False,2012.5,2013.0
6588,1454,1219,s,130,141.0,False,2012.5,2015.25
6589,1491,1288,s,130,134.0,False,2012.5,2013.5
6590,1279,1209,l,130,186.0,True,2012.5,2026.5
6591,121,290,l,130,188.0,True,2012.5,2027.0
6592,509,907,l,130,176.0,True,2012.5,2024.0
6593,916,571,l,130,146.0,True,2012.5,2016.5
6594,1099,202,l,130,150.0,True,2012.5,2017.5
6595,1384,1032,l,130,175.0,True,2012.5,2023.75
6596,152,1238,s,131,133.0,False,2012.75,2013.25
6597,343,1309,s,131,132.0,False,2012.75,2013.0
6598,573,290,s,131,133.0,False,2012.75,2013.25
6599,573,907,s,131,132.0,False,2012.75,2013.0
6600,696,653,s,131,147.0,False,2012.75,2016.75
6601,696,942,s,131,141.0,False,2012.75,2015.25
6602,917,750,s,131,132.0,False,2012.75,2013.0
6603,924,1695,s,131,134.0,False,2012.75,2013.5
6604,936,390,s,131,132.0,False,2012.75,2013.0
6605,962,1008,s,131,131.0,False,2012.75,2012.75
6606,1091,189,s,131,135.0,False,2012.75,2013.75
6607,1093,665,s,131,131.0,False,2012.75,2012.75
6608,1171,224,s,131,133.0,False,2012.75,2013.25
6609,1208,1593,s,131,131.0,False,2012.75,2012.75
6610,1350,1008,s,131,133.0,False,2012.75,2013.25
6611,1392,1336,s,131,134.0,False,2012.75,2013.5
6612,1430,1467,s,131,134.0,False,2012.75,2013.5
6613,54,417,s,131,134.0,False,2012.75,2013.5
6614,207,1023,s,131,138.0,False,2012.75,2014.5
6615,529,1030,s,131,136.0,False,2012.75,2014.0
6616,630,159,s,131,135.0,False,2012.75,2013.75
6617,754,945,s,131,136.0,False,2012.75,2014.0
6618,849,1488,s,131,133.0,False,2012.75,2013.25
6619,875,898,s,131,135.0,False,2012.75,2013.75
6620,976,1735,s,131,139.0,False,2012.75,2014.75
6621,1086,952,s,131,135.0,False,2012.75,2013.75
6622,1093,1027,s,131,148.0,False,2012.75,2017.0
6623,1255,1315,s,131,150.0,False,2012.75,2017.5
6624,1420,1294,s,131,134.0,False,2012.75,2013.5
6625,1544,586,s,131,134.0,False,2012.75,2013.5
6626,231,1022,s,131,132.0,False,2012.75,2013.0
6627,234,1029,s,131,143.0,False,2012.75,2015.75
6628,466,614,s,131,137.0,False,2012.75,2014.25
6629,573,1024,s,131,132.0,False,2012.75,2013.0
6630,917,49,s,131,134.0,False,2012.75,2013.5
6631,919,290,s,131,134.0,False,2012.75,2013.5
6632,976,176,s,131,132.0,False,2012.75,2013.0
6633,1085,545,s,131,133.0,False,2012.75,2013.25
6634,1085,933,s,131,135.0,False,2012.75,2013.75
6635,1171,205,s,131,134.0,False,2012.75,2013.5
6636,1223,1238,s,131,137.0,False,2012.75,2014.25
6637,509,899,l,131,188.0,True,2012.75,2027.0
6638,1007,1693,l,131,149.0,True,2012.75,2017.25
6639,1327,205,l,131,170.0,True,2012.75,2022.5
6640,609,1019,l,131,,True,2012.75,
6641,57,678,s,132,136.0,False,2013.0,2014.0
6642,69,1262,s,132,138.0,False,2013.0,2014.5
6643,179,614,s,132,140.0,False,2013.0,2015.0
6644,230,1012,s,132,132.0,False,2013.0,2013.0
6645,736,323,s,132,136.0,False,2013.0,2014.0
6646,776,1012,s,132,140.0,False,2013.0,2015.0
6647,1085,708,s,132,138.0,False,2013.0,2014.5
6648,1255,1186,s,132,132.0,False,2013.0,2013.0
6649,1354,1289,s,132,136.0,False,2013.0,2014.0
6650,1420,1306,s,132,136.0,False,2013.0,2014.0
6651,191,1289,s,132,134.0,False,2013.0,2013.5
6652,466,1168,s,132,154.0,False,2013.0,2018.5
6653,521,443,s,132,134.0,False,2013.0,2013.5
6654,594,823,s,132,135.0,False,2013.0,2013.75
6655,732,578,s,132,136.0,False,2013.0,2014.0
6656,754,823,s,132,135.0,False,2013.0,2013.75
6657,849,633,s,132,134.0,False,2013.0,2013.5
6658,906,443,s,132,134.0,False,2013.0,2013.5
6659,936,1032,s,132,135.0,False,2013.0,2013.75
6660,1190,1201,s,132,143.0,False,2013.0,2015.75
6661,1223,1593,s,132,133.0,False,2013.0,2013.25
6662,1617,159,s,132,135.0,False,2013.0,2013.75
6663,87,1593,s,132,133.0,False,2013.0,2013.25
6664,260,772,s,132,139.0,False,2013.0,2014.75
6665,501,907,s,132,144.0,False,2013.0,2016.0
6666,610,750,s,132,136.0,False,2013.0,2014.0
6667,796,464,s,132,145.0,False,2013.0,2016.25
6668,1083,1001,s,132,136.0,False,2013.0,2014.0
6669,1093,704,s,132,134.0,False,2013.0,2013.5
6670,1148,1594,s,132,133.0,False,2013.0,2013.25
6671,1258,1194,s,132,140.0,False,2013.0,2015.0
6672,1326,1219,s,132,154.0,False,2013.0,2018.5
6673,1425,1382,s,132,141.0,False,2013.0,2015.25
6674,1430,1393,s,132,135.0,False,2013.0,2013.75
6675,529,124,l,132,156.0,True,2013.0,2019.0
6676,1403,1267,l,132,183.0,True,2013.0,2025.75
6677,479,706,l,132,150.0,True,2013.0,2017.5
6678,667,585,l,132,155.0,True,2013.0,2018.75
6679,1084,1615,l,132,159.0,True,2013.0,2019.75
6680,211,785,s,133,136.0,False,2013.25,2014.0
6681,479,812,s,133,139.0,False,2013.25,2014.75
6682,610,375,s,133,142.0,False,2013.25,2015.5
6683,732,1540,s,133,133.0,False,2013.25,2013.25
6684,909,1268,s,133,137.0,False,2013.25,2014.25
6685,1171,268,s,133,139.0,False,2013.25,2014.75
6686,1257,1291,s,133,143.0,False,2013.25,2015.75
6687,1271,1265,s,133,139.0,False,2013.25,2014.75
6688,1380,1205,s,133,141.0,False,2013.25,2015.25
6689,1380,1417,s,133,136.0,False,2013.25,2014.0
6690,1394,1291,s,133,149.0,False,2013.25,2017.25
6691,1429,1412,s,133,137.0,False,2013.25,2014.25
6692,113,653,s,133,138.0,False,2013.25,2014.5
6693,196,126,s,133,134.0,False,2013.25,2013.5
6694,231,1346,s,133,135.0,False,2013.25,2013.75
6695,432,481,s,133,134.0,False,2013.25,2013.5
6696,490,1294,s,133,139.0,False,2013.25,2014.75
6697,871,268,s,133,134.0,False,2013.25,2013.5
6698,885,306,s,133,137.0,False,2013.25,2014.25
6699,1080,530,s,133,135.0,False,2013.25,2013.75
6700,1156,1001,s,133,136.0,False,2013.25,2014.0
6701,1159,1206,s,133,140.0,False,2013.25,2015.0
6702,1326,1364,s,133,135.0,False,2013.25,2013.75
6703,1410,1399,s,133,134.0,False,2013.25,2013.5
6704,1425,1534,s,133,135.0,False,2013.25,2013.75
6705,1639,990,s,133,140.0,False,2013.25,2015.0
6706,150,1259,s,133,134.0,False,2013.25,2013.5
6707,191,689,s,133,141.0,False,2013.25,2015.25
6708,216,653,s,133,134.0,False,2013.25,2013.5
6709,274,129,s,133,136.0,False,2013.25,2014.0
6710,432,49,s,133,134.0,False,2013.25,2013.5
6711,508,60,s,133,135.0,False,2013.25,2013.75
6712,711,633,s,133,134.0,False,2013.25,2013.5
6713,1257,1295,s,133,134.0,False,2013.25,2013.5
6714,1378,1391,s,133,135.0,False,2013.25,2013.75
6715,1426,1612,s,133,139.0,False,2013.25,2014.75
6716,1473,1011,s,133,147.0,False,2013.25,2016.75
6717,1618,481,s,133,138.0,False,2013.25,2014.5
6718,754,1020,l,133,232.0,True,2013.25,2038.0
6719,944,534,l,133,228.0,True,2013.25,2037.0
6720,1384,302,l,133,170.0,True,2013.25,2022.5
6721,452,964,l,133,173.0,True,2013.25,2023.25
6722,1086,1015,l,133,188.0,True,2013.25,2027.0
6723,1191,1013,l,133,,True,2013.25,
6724,1413,1209,l,133,231.0,True,2013.25,2037.75
6725,1577,1693,l,133,,True,2013.25,
6726,235,295,l,133,146.0,True,2013.25,2016.5
6727,715,614,l,133,193.0,True,2013.25,2028.25
6728,191,1162,s,134,135.0,False,2013.5,2013.75
6729,222,1189,s,134,136.0,False,2013.5,2014.0
6730,944,1166,s,134,140.0,False,2013.5,2015.0
6731,962,586,s,134,139.0,False,2013.5,2014.75
6732,1083,1016,s,134,136.0,False,2013.5,2014.0
6733,1171,171,s,134,142.0,False,2013.5,2015.5
6734,1171,399,s,134,134.0,False,2013.5,2013.5
6735,1223,740,s,134,138.0,False,2013.5,2014.5
6736,1329,296,s,134,141.0,False,2013.5,2015.25
6737,1333,1479,s,134,136.0,False,2013.5,2014.0
6738,1350,1428,s,134,135.0,False,2013.5,2013.75
6739,1355,1379,s,134,135.0,False,2013.5,2013.75
6740,1425,1016,s,134,137.0,False,2013.5,2014.25
6741,1425,1364,s,134,140.0,False,2013.5,2015.0
6742,1595,1341,s,134,135.0,False,2013.5,2013.75
6743,1761,950,s,134,137.0,False,2013.5,2014.25
6744,117,1168,s,134,140.0,False,2013.5,2015.0
6745,121,217,s,134,135.0,False,2013.5,2013.75
6746,133,942,s,134,136.0,False,2013.5,2014.0
6747,269,956,s,134,136.0,False,2013.5,2014.0
6748,715,409,s,134,135.0,False,2013.5,2013.75
6749,732,320,s,134,140.0,False,2013.5,2015.0
6750,993,749,s,134,135.0,False,2013.5,2013.75
6751,1211,1693,s,134,146.0,False,2013.5,2016.5
6752,1273,842,s,134,137.0,False,2013.5,2014.25
6753,1384,1022,s,134,136.0,False,2013.5,2014.0
6754,1413,1216,s,134,137.0,False,2013.5,2014.25
6755,1413,1261,s,134,136.0,False,2013.5,2014.0
6756,1413,1336,s,134,142.0,False,2013.5,2015.5
6757,1454,1481,s,134,141.0,False,2013.5,2015.25
6758,30,585,s,134,140.0,False,2013.5,2015.0
6759,69,586,s,134,153.0,False,2013.5,2018.25
6760,172,1274,s,134,137.0,False,2013.5,2014.25
6761,352,947,s,134,135.0,False,2013.5,2013.75
6762,432,704,s,134,135.0,False,2013.5,2013.75
6763,490,1028,s,134,135.0,False,2013.5,2013.75
6764,497,213,s,134,135.0,False,2013.5,2013.75
6765,885,341,s,134,140.0,False,2013.5,2015.0
6766,916,95,s,134,151.0,False,2013.5,2017.75
6767,917,990,s,134,135.0,False,2013.5,2013.75
6768,919,628,s,134,143.0,False,2013.5,2015.75
6769,937,708,s,134,138.0,False,2013.5,2014.5
6770,1076,16,s,134,136.0,False,2013.5,2014.0
6771,1083,933,s,134,137.0,False,2013.5,2014.25
6772,1152,268,s,134,139.0,False,2013.5,2014.75
6773,1171,63,s,134,136.0,False,2013.5,2014.0
6774,1171,680,s,134,135.0,False,2013.5,2013.75
6775,1276,1214,s,134,137.0,False,2013.5,2014.25
6776,1311,614,s,134,136.0,False,2013.5,2014.0
6777,1327,1316,s,134,154.0,False,2013.5,2018.5
6778,1355,708,s,134,146.0,False,2013.5,2016.5
6779,1380,1222,s,134,142.0,False,2013.5,2015.5
6780,1453,1272,s,134,136.0,False,2013.5,2014.0
6781,216,665,l,134,148.0,True,2013.5,2017.0
6782,15,1240,l,134,148.0,True,2013.5,2017.0
6783,222,464,l,134,168.0,True,2013.5,2022.0
6784,1082,407,l,134,137.0,True,2013.5,2014.25
6785,39,37,l,134,154.0,True,2013.5,2018.5
6786,549,296,l,134,184.0,True,2013.5,2026.0
6787,934,95,l,134,212.0,True,2013.5,2033.0
6788,1093,1028,l,134,200.0,True,2013.5,2030.0
6789,1152,1341,l,134,142.0,True,2013.5,2015.5
6790,211,1158,s,135,137.0,False,2013.75,2014.25
6791,242,504,s,135,146.0,False,2013.75,2016.5
6792,482,1289,s,135,139.0,False,2013.75,2014.75
6793,715,457,s,135,137.0,False,2013.75,2014.25
6794,796,704,s,135,147.0,False,2013.75,2016.75
6795,831,484,s,135,138.0,False,2013.75,2014.5
6796,953,347,s,135,137.0,False,2013.75,2014.25
6797,1074,528,s,135,153.0,False,2013.75,2018.25
6798,1208,1612,s,135,135.0,False,2013.75,2013.75
6799,1217,1395,s,135,147.0,False,2013.75,2016.75
6800,1462,524,s,135,137.0,False,2013.75,2014.25
6801,1544,1377,s,135,139.0,False,2013.75,2014.75
6802,1575,1262,s,135,146.0,False,2013.75,2016.5
6803,196,268,s,135,138.0,False,2013.75,2014.5
6804,260,189,s,135,142.0,False,2013.75,2015.5
6805,482,63,s,135,137.0,False,2013.75,2014.25
6806,551,280,s,135,143.0,False,2013.75,2015.75
6807,715,952,s,135,137.0,False,2013.75,2014.25
6808,722,1306,s,135,138.0,False,2013.75,2014.5
6809,732,1032,s,135,135.0,False,2013.75,2013.75
6810,869,295,s,135,136.0,False,2013.75,2014.0
6811,913,341,s,135,139.0,False,2013.75,2014.75
6812,1077,16,s,135,136.0,False,2013.75,2014.0
6813,1084,1022,s,135,148.0,False,2013.75,2017.0
6814,1093,90,s,135,142.0,False,2013.75,2015.5
6815,1258,1015,s,135,138.0,False,2013.75,2014.5
6816,1368,1487,s,135,139.0,False,2013.75,2014.75
6817,1760,1613,s,135,137.0,False,2013.75,2014.25
6818,40,945,s,135,139.0,False,2013.75,2014.75
6819,141,1022,s,135,149.0,False,2013.75,2017.25
6820,321,586,s,135,141.0,False,2013.75,2015.25
6821,549,261,s,135,150.0,False,2013.75,2017.5
6822,881,291,s,135,143.0,False,2013.75,2015.75
6823,1078,1201,s,135,137.0,False,2013.75,2014.25
6824,1089,375,s,135,141.0,False,2013.75,2015.25
6825,1090,320,s,135,137.0,False,2013.75,2014.25
6826,1105,338,s,135,136.0,False,2013.75,2014.0
6827,1266,1243,s,135,137.0,False,2013.75,2014.25
6828,1273,427,s,135,136.0,False,2013.75,2014.0
6829,1296,1262,s,135,138.0,False,2013.75,2014.5
6830,1349,90,s,135,153.0,False,2013.75,2018.25
6831,1470,1001,s,135,137.0,False,2013.75,2014.25
6832,321,1001,l,135,200.0,True,2013.75,2030.0
6833,507,823,l,135,172.0,True,2013.75,2023.0
6834,754,464,l,135,154.0,True,2013.75,2018.5
6835,216,192,s,136,137.0,False,2014.0,2014.25
6836,222,903,s,136,140.0,False,2014.0,2015.0
6837,234,586,s,136,147.0,False,2014.0,2016.75
6838,494,493,s,136,139.0,False,2014.0,2014.75
6839,601,823,s,136,138.0,False,2014.0,2014.5
6840,670,399,s,136,144.0,False,2014.0,2016.0
6841,796,1032,s,136,136.0,False,2014.0,2014.0
6842,938,392,s,136,141.0,False,2014.0,2015.25
6843,944,202,s,136,140.0,False,2014.0,2015.0
6844,1148,1012,s,136,140.0,False,2014.0,2015.0
6845,1273,1594,s,136,137.0,False,2014.0,2014.25
6846,1297,678,s,136,146.0,False,2014.0,2016.5
6847,1639,1001,s,136,136.0,False,2014.0,2014.0
6848,53,1302,s,136,137.0,False,2014.0,2014.25
6849,141,606,s,136,137.0,False,2014.0,2014.25
6850,351,823,s,136,137.0,False,2014.0,2014.25
6851,573,701,s,136,142.0,False,2014.0,2015.5
6852,670,1280,s,136,148.0,False,2014.0,2017.0
6853,916,399,s,136,139.0,False,2014.0,2014.75
6854,971,701,s,136,144.0,False,2014.0,2016.0
6855,998,1277,s,136,137.0,False,2014.0,2014.25
6856,1148,1206,s,136,138.0,False,2014.0,2014.5
6857,1192,1291,s,136,137.0,False,2014.0,2014.25
6858,1223,1016,s,136,137.0,False,2014.0,2014.25
6859,1405,1733,s,136,141.0,False,2014.0,2015.25
6860,1638,1295,s,136,139.0,False,2014.0,2014.75
6861,508,1023,s,136,142.0,False,2014.0,2015.5
6862,511,1020,s,136,137.0,False,2014.0,2014.25
6863,529,1022,s,136,137.0,False,2014.0,2014.25
6864,681,192,s,136,147.0,False,2014.0,2016.75
6865,754,293,s,136,137.0,False,2014.0,2014.25
6866,776,124,s,136,137.0,False,2014.0,2014.25
6867,863,108,s,136,149.0,False,2014.0,2017.25
6868,978,952,s,136,138.0,False,2014.0,2014.5
6869,998,1001,s,136,138.0,False,2014.0,2014.5
6870,1084,1507,s,136,141.0,False,2014.0,2015.25
6871,1091,241,s,136,143.0,False,2014.0,2015.75
6872,1195,1613,s,136,140.0,False,2014.0,2015.0
6873,1331,417,s,136,145.0,False,2014.0,2016.25
6874,1454,1334,s,136,142.0,False,2014.0,2015.5
6875,501,615,l,136,156.0,True,2014.0,2019.0
6876,745,1655,l,136,,True,2014.0,
6877,754,82,l,136,169.0,True,2014.0,2022.25
6878,953,1540,l,136,171.0,True,2014.0,2022.75
6879,87,1294,l,136,175.0,True,2014.0,2023.75
6880,269,64,l,136,184.0,True,2014.0,2026.0
6881,113,823,s,137,153.0,False,2014.25,2018.25
6882,172,800,s,137,143.0,False,2014.25,2015.75
6883,415,823,s,137,139.0,False,2014.25,2014.75
6884,529,750,s,137,155.0,False,2014.25,2018.75
6885,549,772,s,137,142.0,False,2014.25,2015.5
6886,739,1309,s,137,137.0,False,2014.25,2014.25
6887,759,530,s,137,146.0,False,2014.25,2016.5
6888,1204,1194,s,137,141.0,False,2014.25,2015.25
6889,15,1613,s,137,140.0,False,2014.25,2015.0
6890,191,268,s,137,138.0,False,2014.25,2014.5
6891,231,1008,s,137,144.0,False,2014.25,2016.0
6892,316,202,s,137,143.0,False,2014.25,2015.75
6893,363,129,s,137,138.0,False,2014.25,2014.5
6894,432,673,s,137,137.0,False,2014.25,2014.25
6895,732,416,s,137,137.0,False,2014.25,2014.25
6896,859,678,s,137,137.0,False,2014.25,2014.25
6897,871,324,s,137,138.0,False,2014.25,2014.5
6898,1090,290,s,137,138.0,False,2014.25,2014.5
6899,1151,1214,s,137,146.0,False,2014.25,2016.5
6900,1258,1314,s,137,140.0,False,2014.25,2015.0
6901,1311,1334,s,137,138.0,False,2014.25,2014.5
6902,1353,1613,s,137,138.0,False,2014.25,2014.5
6903,1392,1377,s,137,138.0,False,2014.25,2014.5
6904,1397,443,s,137,139.0,False,2014.25,2014.75
6905,1405,1505,s,137,147.0,False,2014.25,2016.75
6906,1410,1206,s,137,146.0,False,2014.25,2016.5
6907,1410,1445,s,137,141.0,False,2014.25,2015.25
6908,1473,708,s,137,138.0,False,2014.25,2014.5
6909,1575,1289,s,137,138.0,False,2014.25,2014.5
6910,15,1029,s,137,147.0,False,2014.25,2016.75
6911,92,942,s,137,143.0,False,2014.25,2015.75
6912,216,64,s,137,144.0,False,2014.25,2016.0
6913,248,126,s,137,138.0,False,2014.25,2014.5
6914,262,1334,s,137,138.0,False,2014.25,2014.5
6915,509,1032,s,137,139.0,False,2014.25,2014.75
6916,525,1028,s,137,139.0,False,2014.25,2014.75
6917,681,793,s,137,144.0,False,2014.25,2016.0
6918,754,1022,s,137,138.0,False,2014.25,2014.5
6919,815,417,s,137,140.0,False,2014.25,2015.0
6920,863,572,s,137,142.0,False,2014.25,2015.5
6921,885,530,s,137,138.0,False,2014.25,2014.5
6922,944,167,s,137,138.0,False,2014.25,2014.5
6923,1076,1288,s,137,141.0,False,2014.25,2015.25
6924,1171,24,s,137,151.0,False,2014.25,2017.75
6925,1380,1415,s,137,143.0,False,2014.25,2015.75
6926,1434,1336,s,137,142.0,False,2014.25,2015.5
6927,191,192,l,137,150.0,True,2014.25,2017.5
6928,346,360,l,137,180.0,True,2014.25,2025.0
6929,715,691,l,137,210.0,True,2014.25,2032.5
6930,521,159,l,137,229.0,True,2014.25,2037.25
6931,1090,701,l,137,205.0,True,2014.25,2031.25
6932,15,785,s,138,156.0,False,2014.5,2019.0
6933,53,942,s,138,140.0,False,2014.5,2015.0
6934,203,1346,s,138,139.0,False,2014.5,2014.75
6935,204,524,s,138,142.0,False,2014.5,2015.5
6936,497,90,s,138,139.0,False,2014.5,2014.75
6937,509,392,s,138,139.0,False,2014.5,2014.75
6938,597,816,s,138,141.0,False,2014.5,2015.25
6939,670,822,s,138,140.0,False,2014.5,2015.0
6940,754,1346,s,138,147.0,False,2014.5,2016.75
6941,1082,1310,s,138,147.0,False,2014.5,2016.75
6942,1085,1219,s,138,139.0,False,2014.5,2014.75
6943,1091,347,s,138,139.0,False,2014.5,2014.75
6944,1093,704,s,138,142.0,False,2014.5,2015.5
6945,1171,417,s,138,140.0,False,2014.5,2015.0
6946,1258,1291,s,138,139.0,False,2014.5,2014.75
6947,1273,1655,s,138,139.0,False,2014.5,2014.75
6948,1329,129,s,138,138.0,False,2014.5,2014.5
6949,1471,1341,s,138,142.0,False,2014.5,2015.5
6950,222,740,s,138,139.0,False,2014.5,2014.75
6951,317,693,s,138,143.0,False,2014.5,2015.75
6952,467,964,s,138,143.0,False,2014.5,2015.75
6953,556,360,s,138,144.0,False,2014.5,2016.0
6954,831,1360,s,138,141.0,False,2014.5,2015.25
6955,858,823,s,138,146.0,False,2014.5,2016.5
6956,1081,586,s,138,140.0,False,2014.5,2015.0
6957,1084,55,s,138,143.0,False,2014.5,2015.75
6958,1258,443,s,138,138.0,False,2014.5,2014.5
6959,1410,1447,s,138,138.0,False,2014.5,2014.5
6960,1491,1268,s,138,145.0,False,2014.5,2016.25
6961,1638,1201,s,138,140.0,False,2014.5,2015.0
6962,40,399,s,138,146.0,False,2014.5,2016.5
6963,191,180,s,138,142.0,False,2014.5,2015.5
6964,222,409,s,138,143.0,False,2014.5,2015.75
6965,222,678,s,138,146.0,False,2014.5,2016.5
6966,262,1189,s,138,140.0,False,2014.5,2015.0
6967,274,320,s,138,145.0,False,2014.5,2016.25
6968,304,898,s,138,147.0,False,2014.5,2016.75
6969,317,358,s,138,141.0,False,2014.5,2015.25
6970,415,632,s,138,142.0,False,2014.5,2015.5
6971,521,1023,s,138,159.0,False,2014.5,2019.75
6972,919,197,s,138,146.0,False,2014.5,2016.5
6973,937,1193,s,138,140.0,False,2014.5,2015.0
6974,937,1267,s,138,152.0,False,2014.5,2018.0
6975,1007,1206,s,138,142.0,False,2014.5,2015.5
6976,1093,59,s,138,146.0,False,2014.5,2016.5
6977,1212,1028,s,138,141.0,False,2014.5,2015.25
6978,1275,1363,s,138,144.0,False,2014.5,2016.0
6979,1354,1393,s,138,141.0,False,2014.5,2015.25
6980,1380,1336,s,138,140.0,False,2014.5,2015.0
6981,1394,1417,s,138,141.0,False,2014.5,2015.25
6982,1413,1412,s,138,146.0,False,2014.5,2016.5
6983,1454,1162,s,138,142.0,False,2014.5,2015.5
6984,1577,1391,s,138,141.0,False,2014.5,2015.25
6985,934,391,l,138,180.0,True,2014.5,2025.0
6986,1213,1016,l,138,180.0,True,2014.5,2025.0
6987,1491,673,l,138,,True,2014.5,
6988,756,345,l,138,151.0,True,2014.5,2017.75
6989,1329,1027,l,138,188.0,True,2014.5,2027.0
6990,57,159,s,139,139.0,False,2014.75,2014.75
6991,57,942,s,139,139.0,False,2014.75,2014.75
6992,69,1316,s,139,157.0,False,2014.75,2019.25
6993,204,1016,s,139,141.0,False,2014.75,2015.25
6994,497,427,s,139,141.0,False,2014.75,2015.25
6995,508,268,s,139,143.0,False,2014.75,2015.75
6996,597,1030,s,139,140.0,False,2014.75,2015.0
6997,754,416,s,139,143.0,False,2014.75,2015.75
6998,776,481,s,139,144.0,False,2014.75,2016.0
6999,1093,213,s,139,140.0,False,2014.75,2015.0
7000,1192,1161,s,139,143.0,False,2014.75,2015.75
7001,1311,1278,s,139,141.0,False,2014.75,2015.25
7002,1329,266,s,139,143.0,False,2014.75,2015.75
7003,1376,1304,s,139,140.0,False,2014.75,2015.0
7004,1440,189,s,139,151.0,False,2014.75,2017.75
7005,1638,1194,s,139,144.0,False,2014.75,2016.0
7006,230,97,s,139,145.0,False,2014.75,2016.25
7007,422,390,s,139,140.0,False,2014.75,2015.0
7008,501,167,s,139,140.0,False,2014.75,2015.0
7009,871,1693,s,139,142.0,False,2014.75,2015.5
7010,1090,678,s,139,141.0,False,2014.75,2015.25
7011,1325,1423,s,139,143.0,False,2014.75,2015.75
7012,1328,586,s,139,141.0,False,2014.75,2015.25
7013,1425,1291,s,139,142.0,False,2014.75,2015.5
7014,1781,1288,s,139,141.0,False,2014.75,2015.25
7015,179,1340,s,139,143.0,False,2014.75,2015.75
7016,316,347,s,139,142.0,False,2014.75,2015.5
7017,715,1314,s,139,152.0,False,2014.75,2018.0
7018,773,1336,s,139,144.0,False,2014.75,2016.0
7019,776,391,s,139,146.0,False,2014.75,2016.5
7020,837,1391,s,139,140.0,False,2014.75,2015.0
7021,1185,1295,s,139,143.0,False,2014.75,2015.75
7022,1358,1495,s,139,144.0,False,2014.75,2016.0
7023,1378,1304,s,139,141.0,False,2014.75,2015.25
7024,1443,1448,s,139,151.0,False,2014.75,2017.75
7025,1326,1277,l,139,207.0,True,2014.75,2031.75
7026,1342,1221,l,139,156.0,True,2014.75,2019.0
7027,1618,1022,l,139,184.0,True,2014.75,2026.0
7028,501,730,l,139,156.0,True,2014.75,2019.0
7029,875,295,l,139,150.0,True,2014.75,2017.5
7030,1156,1158,l,139,189.0,True,2014.75,2027.25
7031,191,571,s,140,141.0,False,2015.0,2015.25
7032,269,956,s,140,147.0,False,2015.0,2016.75
7033,287,585,s,140,141.0,False,2015.0,2015.25
7034,343,1369,s,140,143.0,False,2015.0,2015.75
7035,507,375,s,140,142.0,False,2015.0,2015.5
7036,566,890,s,140,146.0,False,2015.0,2016.5
7037,718,399,s,140,145.0,False,2015.0,2016.25
7038,732,947,s,140,141.0,False,2015.0,2015.25
7039,917,108,s,140,144.0,False,2015.0,2016.0
7040,1010,97,s,140,142.0,False,2015.0,2015.5
7041,1074,1288,s,140,141.0,False,2015.0,2015.25
7042,1081,1336,s,140,142.0,False,2015.0,2015.5
7043,1082,61,s,140,142.0,False,2015.0,2015.5
7044,1087,238,s,140,143.0,False,2015.0,2015.75
7045,1100,890,s,140,142.0,False,2015.0,2015.5
7046,1223,1216,s,140,140.0,False,2015.0,2015.0
7047,1258,1234,s,140,144.0,False,2015.0,2016.0
7048,1297,1246,s,140,154.0,False,2015.0,2018.5
7049,1344,697,s,140,142.0,False,2015.0,2015.5
7050,1453,1158,s,140,143.0,False,2015.0,2015.75
7051,1781,571,s,140,144.0,False,2015.0,2016.0
7052,57,1615,s,140,145.0,False,2015.0,2016.25
7053,69,360,s,140,141.0,False,2015.0,2015.25
7054,191,1026,s,140,142.0,False,2015.0,2015.5
7055,207,680,s,140,141.0,False,2015.0,2015.25
7056,321,545,s,140,146.0,False,2015.0,2016.5
7057,381,124,s,140,144.0,False,2015.0,2016.0
7058,415,1193,s,140,140.0,False,2015.0,2015.0
7059,497,901,s,140,151.0,False,2015.0,2017.75
7060,497,947,s,140,145.0,False,2015.0,2016.25
7061,670,49,s,140,147.0,False,2015.0,2016.75
7062,736,399,s,140,142.0,False,2015.0,2015.5
7063,919,90,s,140,142.0,False,2015.0,2015.5
7064,944,933,s,140,140.0,False,2015.0,2015.0
7065,1007,1340,s,140,150.0,False,2015.0,2017.5
7066,1086,129,s,140,145.0,False,2015.0,2016.25
7067,1095,1032,s,140,144.0,False,2015.0,2016.0
7068,1273,1160,s,140,141.0,False,2015.0,2015.25
7069,1328,1012,s,140,144.0,False,2015.0,2016.0
7070,1405,1377,s,140,140.0,False,2015.0,2015.0
7071,1427,1272,s,140,150.0,False,2015.0,2017.5
7072,1427,1364,s,140,145.0,False,2015.0,2016.25
7073,1430,1262,s,140,142.0,False,2015.0,2015.5
7074,1761,693,s,140,156.0,False,2015.0,2019.0
7075,57,954,s,140,143.0,False,2015.0,2015.75
7076,233,1615,s,140,148.0,False,2015.0,2017.0
7077,702,1395,s,140,141.0,False,2015.0,2015.25
7078,754,710,s,140,150.0,False,2015.0,2017.5
7079,796,399,s,140,153.0,False,2015.0,2018.25
7080,885,224,s,140,144.0,False,2015.0,2016.0
7081,1085,1022,s,140,141.0,False,2015.0,2015.25
7082,1287,1693,s,140,141.0,False,2015.0,2015.25
7083,1503,1225,s,140,149.0,False,2015.0,2017.25
7084,260,585,l,140,170.0,True,2015.0,2022.5
7085,745,399,l,140,193.0,True,2015.0,2028.25
7086,1368,1304,l,140,193.0,True,2015.0,2028.25
7087,1618,767,l,140,152.0,True,2015.0,2018.0
7088,1826,1209,l,140,198.0,True,2015.0,2029.5
7089,169,684,l,140,173.0,True,2015.0,2023.25
7090,739,1017,l,140,166.0,True,2015.0,2021.5
7091,885,665,l,140,154.0,True,2015.0,2018.5
7092,917,399,l,140,141.0,True,2015.0,2015.25
7093,988,61,l,140,192.0,True,2015.0,2028.0
7094,1269,1158,l,140,159.0,True,2015.0,2019.75
7095,1390,1364,l,140,144.0,True,2015.0,2016.0
7096,1392,1274,l,140,174.0,True,2015.0,2023.5
7097,69,1423,s,141,155.0,False,2015.25,2018.75
7098,321,97,s,141,141.0,False,2015.25,2015.25
7099,916,942,s,141,143.0,False,2015.25,2015.75
7100,1269,530,s,141,142.0,False,2015.25,2015.5
7101,1338,24,s,141,145.0,False,2015.25,2016.25
7102,1344,443,s,141,142.0,False,2015.25,2015.5
7103,1344,1219,s,141,141.0,False,2015.25,2015.25
7104,1370,1431,s,141,144.0,False,2015.25,2016.0
7105,1397,1306,s,141,144.0,False,2015.25,2016.0
7106,1406,1593,s,141,142.0,False,2015.25,2015.5
7107,1425,1219,s,141,144.0,False,2015.25,2016.0
7108,1638,740,s,141,142.0,False,2015.25,2015.5
7109,75,586,s,141,143.0,False,2015.25,2015.75
7110,179,1158,s,141,143.0,False,2015.25,2015.75
7111,351,1259,s,141,148.0,False,2015.25,2017.0
7112,647,593,s,141,141.0,False,2015.25,2015.25
7113,715,1023,s,141,141.0,False,2015.25,2015.25
7114,871,586,s,141,142.0,False,2015.25,2015.5
7115,916,1593,s,141,142.0,False,2015.25,2015.5
7116,1093,628,s,141,154.0,False,2015.25,2018.5
7117,1152,205,s,141,142.0,False,2015.25,2015.5
7118,1212,405,s,141,142.0,False,2015.25,2015.5
7119,1237,1196,s,141,142.0,False,2015.25,2015.5
7120,1239,1219,s,141,142.0,False,2015.25,2015.5
7121,1296,1264,s,141,142.0,False,2015.25,2015.5
7122,1303,268,s,141,146.0,False,2015.25,2016.5
7123,1380,1359,s,141,142.0,False,2015.25,2015.5
7124,1430,1467,s,141,141.0,False,2015.25,2015.25
7125,1618,701,s,141,141.0,False,2015.25,2015.25
7126,57,528,s,141,145.0,False,2015.25,2016.25
7127,57,585,s,141,146.0,False,2015.25,2016.5
7128,533,706,s,141,143.0,False,2015.25,2015.75
7129,776,1023,s,141,149.0,False,2015.25,2017.25
7130,919,689,s,141,162.0,False,2015.25,2020.5
7131,944,844,s,141,142.0,False,2015.25,2015.5
7132,960,1019,s,141,144.0,False,2015.25,2016.0
7133,1097,124,s,141,144.0,False,2015.25,2016.0
7134,1329,457,s,141,149.0,False,2015.25,2017.25
7135,1333,1341,s,141,146.0,False,2015.25,2016.5
7136,1349,710,s,141,149.0,False,2015.25,2017.25
7137,1378,1398,s,141,143.0,False,2015.25,2015.75
7138,1480,1016,s,141,145.0,False,2015.25,2016.25
7139,1517,1334,s,141,142.0,False,2015.25,2015.5
7140,1698,1478,s,141,144.0,False,2015.25,2016.0
7141,601,481,l,141,196.0,True,2015.25,2029.0
7142,916,197,l,141,,True,2015.25,
7143,955,390,l,141,191.0,True,2015.25,2027.75
7144,1639,586,l,141,234.0,True,2015.25,2038.5
7145,1427,1411,l,141,179.0,True,2015.25,2024.75
7146,179,740,l,141,166.0,True,2015.25,2021.5
7147,321,785,l,141,176.0,True,2015.25,2024.0
7148,934,176,l,141,150.0,True,2015.25,2017.5
7149,54,964,s,142,143.0,False,2015.5,2015.75
7150,57,90,s,142,143.0,False,2015.5,2015.75
7151,234,1613,s,142,147.0,False,2015.5,2016.75
7152,274,1012,s,142,147.0,False,2015.5,2016.75
7153,287,391,s,142,147.0,False,2015.5,2016.75
7154,597,124,s,142,143.0,False,2015.5,2015.75
7155,597,176,s,142,146.0,False,2015.5,2016.5
7156,670,945,s,142,155.0,False,2015.5,2018.75
7157,871,1240,s,142,148.0,False,2015.5,2017.0
7158,875,290,s,142,142.0,False,2015.5,2015.5
7159,916,952,s,142,145.0,False,2015.5,2016.25
7160,917,571,s,142,146.0,False,2015.5,2016.5
7161,937,309,s,142,149.0,False,2015.5,2017.25
7162,1077,1214,s,142,143.0,False,2015.5,2015.75
7163,1080,1540,s,142,159.0,False,2015.5,2019.75
7164,1192,1693,s,142,147.0,False,2015.5,2016.75
7165,1208,1363,s,142,144.0,False,2015.5,2016.0
7166,1325,480,s,142,142.0,False,2015.5,2015.5
7167,1358,1259,s,142,145.0,False,2015.5,2016.25
7168,1378,1196,s,142,142.0,False,2015.5,2015.5
7169,1473,1209,s,142,142.0,False,2015.5,2015.5
7170,1521,1334,s,142,143.0,False,2015.5,2015.75
7171,1544,1259,s,142,147.0,False,2015.5,2016.75
7172,1595,1289,s,142,143.0,False,2015.5,2015.75
7173,1807,1381,s,142,145.0,False,2015.5,2016.25
7174,222,399,s,142,145.0,False,2015.5,2016.25
7175,507,443,s,142,144.0,False,2015.5,2016.0
7176,511,945,s,142,143.0,False,2015.5,2015.75
7177,745,1314,s,142,143.0,False,2015.5,2015.75
7178,874,1219,s,142,153.0,False,2015.5,2018.25
7179,881,653,s,142,150.0,False,2015.5,2017.5
7180,888,1201,s,142,154.0,False,2015.5,2018.5
7181,1312,1158,s,142,147.0,False,2015.5,2016.75
7182,1426,1268,s,142,151.0,False,2015.5,2017.75
7183,1429,1288,s,142,143.0,False,2015.5,2015.75
7184,1490,1381,s,142,143.0,False,2015.5,2015.75
7185,1781,1306,s,142,154.0,False,2015.5,2018.5
7186,330,708,s,142,152.0,False,2015.5,2018.0
7187,511,213,s,142,143.0,False,2015.5,2015.75
7188,529,733,s,142,146.0,False,2015.5,2016.5
7189,715,1161,s,142,143.0,False,2015.5,2015.75
7190,718,1021,s,142,145.0,False,2015.5,2016.25
7191,756,189,s,142,155.0,False,2015.5,2018.75
7192,858,898,s,142,146.0,False,2015.5,2016.5
7193,953,793,s,142,149.0,False,2015.5,2017.25
7194,1085,740,s,142,146.0,False,2015.5,2016.5
7195,1097,1347,s,142,143.0,False,2015.5,2015.75
7196,1380,1219,s,142,144.0,False,2015.5,2016.0
7197,150,1259,l,142,159.0,True,2015.5,2019.75
7198,337,1541,l,142,177.0,True,2015.5,2024.25
7199,497,733,l,142,145.0,True,2015.5,2016.25
7200,917,1021,l,142,156.0,True,2015.5,2019.0
7201,497,493,l,142,168.0,True,2015.5,2022.0
7202,511,673,l,142,163.0,True,2015.5,2020.75
7203,1171,417,l,142,232.0,True,2015.5,2038.0
7204,1273,1219,l,142,172.0,True,2015.5,2023.0
7205,191,306,s,143,143.0,False,2015.75,2015.75
7206,207,440,s,143,150.0,False,2015.75,2017.5
7207,467,295,s,143,149.0,False,2015.75,2017.25
7208,715,192,s,143,148.0,False,2015.75,2017.0
7209,731,628,s,143,143.0,False,2015.75,2015.75
7210,859,1611,s,143,143.0,False,2015.75,2015.75
7211,881,1026,s,143,145.0,False,2015.75,2016.25
7212,1156,1414,s,143,147.0,False,2015.75,2016.75
7213,1171,740,s,143,157.0,False,2015.75,2019.25
7214,1258,1209,s,143,148.0,False,2015.75,2017.0
7215,1329,1058,s,143,143.0,False,2015.75,2015.75
7216,1491,586,s,143,144.0,False,2015.75,2016.0
7217,1677,1306,s,143,146.0,False,2015.75,2016.5
7218,216,586,s,143,147.0,False,2015.75,2016.75
7219,231,295,s,143,147.0,False,2015.75,2016.75
7220,715,1310,s,143,149.0,False,2015.75,2017.25
7221,796,24,s,143,147.0,False,2015.75,2016.75
7222,871,571,s,143,146.0,False,2015.75,2016.5
7223,906,663,s,143,146.0,False,2015.75,2016.5
7224,919,192,s,143,150.0,False,2015.75,2017.5
7225,934,189,s,143,146.0,False,2015.75,2016.5
7226,991,534,s,143,145.0,False,2015.75,2016.25
7227,1171,842,s,143,144.0,False,2015.75,2016.0
7228,1190,1161,s,143,145.0,False,2015.75,2016.25
7229,1190,1216,s,143,152.0,False,2015.75,2018.0
7230,1263,1615,s,143,147.0,False,2015.75,2016.75
7231,1273,1209,s,143,148.0,False,2015.75,2017.0
7232,57,108,s,143,144.0,False,2015.75,2016.0
7233,169,375,s,143,151.0,False,2015.75,2017.75
7234,356,1540,s,143,146.0,False,2015.75,2016.5
7235,831,95,s,143,145.0,False,2015.75,2016.25
7236,906,1243,s,143,144.0,False,2015.75,2016.0
7237,962,1611,s,143,145.0,False,2015.75,2016.25
7238,1190,1209,s,143,146.0,False,2015.75,2016.5
7239,1484,1445,s,143,144.0,False,2015.75,2016.0
7240,1499,1315,s,143,145.0,False,2015.75,2016.25
7241,1575,1186,s,143,150.0,False,2015.75,2017.5
7242,1082,990,l,143,148.0,True,2015.75,2017.0
7243,1297,1295,l,143,155.0,True,2015.75,2018.75
7244,1378,1206,l,143,151.0,True,2015.75,2017.75
7245,754,1023,l,143,168.0,True,2015.75,2022.0
7246,556,1693,l,143,181.0,True,2015.75,2025.25
7247,960,528,l,143,,True,2015.75,
7248,1208,16,l,143,196.0,True,2015.75,2029.0
7249,1235,1238,l,143,157.0,True,2015.75,2019.25
7250,1462,1464,l,143,,True,2015.75,
7251,216,95,s,144,145.0,False,2016.0,2016.25
7252,321,954,s,144,151.0,False,2016.0,2017.75
7253,415,1234,s,144,148.0,False,2016.0,2017.0
7254,611,1026,s,144,149.0,False,2016.0,2017.25
7255,732,708,s,144,146.0,False,2016.0,2016.5
7256,776,55,s,144,148.0,False,2016.0,2017.0
7257,888,1012,s,144,148.0,False,2016.0,2017.0
7258,953,241,s,144,145.0,False,2016.0,2016.25
7259,953,296,s,144,144.0,False,2016.0,2016.0
7260,971,1268,s,144,147.0,False,2016.0,2016.75
7261,978,176,s,144,150.0,False,2016.0,2017.5
7262,1085,689,s,144,150.0,False,2016.0,2017.5
7263,1093,824,s,144,146.0,False,2016.0,2016.5
7264,1425,1272,s,144,151.0,False,2016.0,2017.75
7265,1494,1294,s,144,161.0,False,2016.0,2020.25
7266,1543,1415,s,144,147.0,False,2016.0,2016.75
7267,1783,606,s,144,144.0,False,2016.0,2016.0
7268,1824,1337,s,144,148.0,False,2016.0,2017.0
7269,1853,1268,s,144,153.0,False,2016.0,2018.25
7270,439,585,s,144,148.0,False,2016.0,2017.0
7271,601,495,s,144,151.0,False,2016.0,2017.75
7272,660,340,s,144,144.0,False,2016.0,2016.0
7273,902,59,s,144,146.0,False,2016.0,2016.5
7274,916,180,s,144,146.0,False,2016.0,2016.5
7275,1074,1339,s,144,150.0,False,2016.0,2017.5
7276,1086,24,s,144,147.0,False,2016.0,2016.75
7277,1091,679,s,144,145.0,False,2016.0,2016.25
7278,1269,1334,s,144,146.0,False,2016.0,2016.5
7279,1273,1611,s,144,145.0,False,2016.0,2016.25
7280,1390,1206,s,144,146.0,False,2016.0,2016.5
7281,1394,1534,s,144,144.0,False,2016.0,2016.0
7282,1410,1375,s,144,151.0,False,2016.0,2017.75
7283,1501,1776,s,144,150.0,False,2016.0,2017.5
7284,1575,1201,s,144,151.0,False,2016.0,2017.75
7285,113,55,s,144,152.0,False,2016.0,2018.0
7286,141,945,s,144,161.0,False,2016.0,2020.25
7287,169,443,s,144,149.0,False,2016.0,2017.25
7288,191,1221,s,144,147.0,False,2016.0,2016.75
7289,203,1593,s,144,146.0,False,2016.0,2016.5
7290,216,293,s,144,147.0,False,2016.0,2016.75
7291,230,697,s,144,147.0,False,2016.0,2016.75
7292,430,347,s,144,147.0,False,2016.0,2016.75
7293,490,291,s,144,145.0,False,2016.0,2016.25
7294,566,557,s,144,147.0,False,2016.0,2016.75
7295,715,296,s,144,146.0,False,2016.0,2016.5
7296,731,268,s,144,145.0,False,2016.0,2016.25
7297,732,706,s,144,147.0,False,2016.0,2016.75
7298,737,1168,s,144,145.0,False,2016.0,2016.25
7299,756,1032,s,144,145.0,False,2016.0,2016.25
7300,859,290,s,144,146.0,False,2016.0,2016.5
7301,913,1214,s,144,150.0,False,2016.0,2017.5
7302,937,1259,s,144,147.0,False,2016.0,2016.75
7303,1434,1310,s,144,152.0,False,2016.0,2018.0
7304,1484,1415,s,144,148.0,False,2016.0,2017.0
7305,1494,1505,s,144,146.0,False,2016.0,2016.5
7306,1325,1466,l,144,157.0,True,2016.0,2019.25
7307,330,241,l,144,,True,2016.0,
7308,566,767,l,144,146.0,True,2016.0,2016.5
7309,1511,1389,l,144,175.0,True,2016.0,2023.75
7310,1545,572,l,144,196.0,True,2016.0,2029.0
7311,507,1288,l,144,150.0,True,2016.0,2017.5
7312,702,1433,l,144,215.0,True,2016.0,2033.75
7313,1434,586,l,144,184.0,True,2016.0,2026.0
7314,30,942,s,145,146.0,False,2016.25,2016.5
7315,40,954,s,145,153.0,False,2016.25,2018.25
7316,152,793,s,145,146.0,False,2016.25,2016.5
7317,230,417,s,145,153.0,False,2016.25,2018.25
7318,316,606,s,145,147.0,False,2016.25,2016.75
7319,482,1612,s,145,146.0,False,2016.25,2016.5
7320,756,585,s,145,150.0,False,2016.25,2017.5
7321,1327,933,s,145,151.0,False,2016.25,2017.75
7322,1331,1417,s,145,149.0,False,2016.25,2017.25
7323,1344,530,s,145,150.0,False,2016.25,2017.5
7324,1358,1519,s,145,162.0,False,2016.25,2020.5
7325,1425,1012,s,145,145.0,False,2016.25,2016.25
7326,1430,1201,s,145,145.0,False,2016.25,2016.25
7327,1444,1295,s,145,156.0,False,2016.25,2019.0
7328,1577,1186,s,145,146.0,False,2016.25,2016.5
7329,1595,1202,s,145,145.0,False,2016.25,2016.25
7330,511,952,s,145,146.0,False,2016.25,2016.5
7331,520,694,s,145,150.0,False,2016.25,2017.5
7332,521,572,s,145,146.0,False,2016.25,2016.5
7333,715,1214,s,145,151.0,False,2016.25,2017.75
7334,732,1804,s,145,147.0,False,2016.25,2016.75
7335,881,793,s,145,154.0,False,2016.25,2018.5
7336,998,464,s,145,157.0,False,2016.25,2019.25
7337,1293,1310,s,145,146.0,False,2016.25,2016.5
7338,1425,1306,s,145,145.0,False,2016.25,2016.25
7339,1454,1477,s,145,156.0,False,2016.25,2019.0
7340,1468,1334,s,145,153.0,False,2016.25,2018.25
7341,1782,704,s,145,146.0,False,2016.25,2016.5
7342,40,628,s,145,146.0,False,2016.25,2016.5
7343,231,464,s,145,153.0,False,2016.25,2018.25
7344,511,1026,s,145,149.0,False,2016.25,2017.25
7345,525,81,s,145,146.0,False,2016.25,2016.5
7346,745,1346,s,145,162.0,False,2016.25,2020.5
7347,1223,1316,s,145,156.0,False,2016.25,2019.0
7348,1258,1341,s,145,146.0,False,2016.25,2016.5
7349,1378,1395,s,145,148.0,False,2016.25,2017.0
7350,1420,1611,s,145,146.0,False,2016.25,2016.5
7351,551,1221,l,145,212.0,True,2016.25,2033.0
7352,1076,1008,l,145,,True,2016.25,
7353,1425,1302,l,145,170.0,True,2016.25,2022.5
7354,1471,1395,l,145,162.0,True,2016.25,2020.5
7355,432,375,l,145,169.0,True,2016.25,2022.25
7356,1152,1428,l,145,163.0,True,2016.25,2020.75
7357,99,1161,s,146,150.0,False,2016.5,2017.5
7358,432,903,s,146,146.0,False,2016.5,2016.5
7359,432,1015,s,146,147.0,False,2016.5,2016.75
7360,736,1186,s,146,146.0,False,2016.5,2016.5
7361,938,302,s,146,148.0,False,2016.5,2017.0
7362,944,498,s,146,146.0,False,2016.5,2016.5
7363,1075,417,s,146,152.0,False,2016.5,2018.0
7364,1156,1655,s,146,149.0,False,2016.5,2017.25
7365,1256,1225,s,146,147.0,False,2016.5,2016.75
7366,1270,1259,s,146,151.0,False,2016.5,2017.75
7367,1286,1186,s,146,148.0,False,2016.5,2017.0
7368,1366,1240,s,146,150.0,False,2016.5,2017.5
7369,1388,1535,s,146,149.0,False,2016.5,2017.25
7370,1427,1467,s,146,146.0,False,2016.5,2016.5
7371,1429,1340,s,146,150.0,False,2016.5,2017.5
7372,1462,1446,s,146,149.0,False,2016.5,2017.25
7373,1575,1315,s,146,148.0,False,2016.5,2017.0
7374,34,1186,s,146,146.0,False,2016.5,2016.5
7375,222,1614,s,146,149.0,False,2016.5,2017.25
7376,501,295,s,146,151.0,False,2016.5,2017.75
7377,511,1027,s,146,147.0,False,2016.5,2016.75
7378,594,1316,s,146,147.0,False,2016.5,2016.75
7379,916,189,s,146,148.0,False,2016.5,2017.0
7380,1279,1193,s,146,147.0,False,2016.5,2016.75
7381,1327,1240,s,146,147.0,False,2016.5,2016.75
7382,1511,1186,s,146,151.0,False,2016.5,2017.75
7383,1521,1435,s,146,150.0,False,2016.5,2017.5
7384,1521,1520,s,146,148.0,False,2016.5,2017.0
7385,1521,1535,s,146,147.0,False,2016.5,2016.75
7386,30,898,s,146,148.0,False,2016.5,2017.0
7387,113,950,s,146,147.0,False,2016.5,2016.75
7388,305,360,s,146,153.0,False,2016.5,2018.25
7389,759,5,s,146,149.0,False,2016.5,2017.25
7390,875,582,s,146,149.0,False,2016.5,2017.25
7391,902,416,s,146,147.0,False,2016.5,2016.75
7392,1010,933,s,146,155.0,False,2016.5,2018.75
7393,1081,990,s,146,147.0,False,2016.5,2016.75
7394,1089,1019,s,146,147.0,False,2016.5,2016.75
7395,1148,417,s,146,147.0,False,2016.5,2016.75
7396,1266,1013,s,146,148.0,False,2016.5,2017.0
7397,1325,1337,s,146,152.0,False,2016.5,2018.0
7398,1350,1594,s,146,156.0,False,2016.5,2019.0
7399,1353,1219,s,146,151.0,False,2016.5,2017.75
7400,1394,1391,s,146,150.0,False,2016.5,2017.5
7401,1427,1340,s,146,150.0,False,2016.5,2017.5
7402,57,295,l,146,189.0,True,2016.5,2027.25
7403,381,665,l,146,147.0,True,2016.5,2016.75
7404,745,1445,l,146,184.0,True,2016.5,2026.0
7405,1212,1026,l,146,169.0,True,2016.5,2022.25
7406,222,1008,l,146,203.0,True,2016.5,2030.75
7407,247,295,l,146,232.0,True,2016.5,2038.0
7408,374,1025,l,146,212.0,True,2016.5,2033.0
7409,1761,55,l,146,204.0,True,2016.5,2031.0
7410,1826,1393,l,146,190.0,True,2016.5,2027.5
7411,26,823,s,147,149.0,False,2016.75,2017.25
7412,262,309,s,147,152.0,False,2016.75,2018.0
7413,430,295,s,147,148.0,False,2016.75,2017.0
7414,490,528,s,147,149.0,False,2016.75,2017.25
7415,508,1615,s,147,149.0,False,2016.75,2017.25
7416,511,90,s,147,147.0,False,2016.75,2016.75
7417,670,1612,s,147,152.0,False,2016.75,2018.0
7418,670,1615,s,147,149.0,False,2016.75,2017.25
7419,971,1594,s,147,152.0,False,2016.75,2018.0
7420,1114,1044,s,147,152.0,False,2016.75,2018.0
7421,1353,1304,s,147,148.0,False,2016.75,2017.0
7422,1413,1306,s,147,151.0,False,2016.75,2017.75
7423,1504,1012,s,147,147.0,False,2016.75,2016.75
7424,1521,545,s,147,153.0,False,2016.75,2018.25
7425,40,823,s,147,149.0,False,2016.75,2017.25
7426,316,824,s,147,148.0,False,2016.75,2017.0
7427,329,842,s,147,152.0,False,2016.75,2018.0
7428,363,167,s,147,155.0,False,2016.75,2018.75
7429,508,942,s,147,148.0,False,2016.75,2017.0
7430,511,202,s,147,157.0,False,2016.75,2019.25
7431,715,823,s,147,156.0,False,2016.75,2019.0
7432,731,440,s,147,155.0,False,2016.75,2018.75
7433,732,898,s,147,157.0,False,2016.75,2019.25
7434,739,933,s,147,153.0,False,2016.75,2018.25
7435,916,261,s,147,153.0,False,2016.75,2018.25
7436,962,990,s,147,147.0,False,2016.75,2016.75
7437,1078,1243,s,147,148.0,False,2016.75,2017.0
7438,1083,673,s,147,158.0,False,2016.75,2019.5
7439,1087,678,s,147,150.0,False,2016.75,2017.5
7440,1276,1356,s,147,169.0,False,2016.75,2022.25
7441,1344,1222,s,147,151.0,False,2016.75,2017.75
7442,1376,1381,s,147,148.0,False,2016.75,2017.0
7443,1430,1452,s,147,149.0,False,2016.75,2017.25
7444,287,213,s,147,148.0,False,2016.75,2017.0
7445,381,628,s,147,149.0,False,2016.75,2017.25
7446,412,1016,s,147,156.0,False,2016.75,2019.0
7447,479,750,s,147,148.0,False,2016.75,2017.0
7448,507,1289,s,147,148.0,False,2016.75,2017.0
7449,597,1022,s,147,148.0,False,2016.75,2017.0
7450,681,375,s,147,150.0,False,2016.75,2017.5
7451,908,1205,s,147,149.0,False,2016.75,2017.25
7452,938,740,s,147,149.0,False,2016.75,2017.25
7453,944,306,s,147,148.0,False,2016.75,2017.0
7454,1080,390,s,147,159.0,False,2016.75,2019.75
7455,1114,604,s,147,152.0,False,2016.75,2018.0
7456,1263,1001,s,147,150.0,False,2016.75,2017.5
7457,1275,1310,s,147,148.0,False,2016.75,2017.0
7458,1293,1556,s,147,154.0,False,2016.75,2018.5
7459,1353,1593,s,147,148.0,False,2016.75,2017.0
7460,1405,800,s,147,152.0,False,2016.75,2018.0
7461,1429,1428,s,147,156.0,False,2016.75,2019.0
7462,1462,1432,s,147,149.0,False,2016.75,2017.25
7463,207,261,l,147,172.0,True,2016.75,2023.0
7464,962,1593,l,147,,True,2016.75,
7465,1521,1613,l,147,228.0,True,2016.75,2037.0
7466,587,1158,l,147,,True,2016.75,
7467,1521,1445,l,147,214.0,True,2016.75,2033.5
7468,57,197,s,148,149.0,False,2017.0,2017.25
7469,452,1261,s,148,153.0,False,2017.0,2018.25
7470,479,504,s,148,149.0,False,2017.0,2017.25
7471,525,347,s,148,151.0,False,2017.0,2017.75
7472,594,1734,s,148,149.0,False,2017.0,2017.25
7473,660,1848,s,148,149.0,False,2017.0,2017.25
7474,715,1017,s,148,149.0,False,2017.0,2017.25
7475,871,680,s,148,148.0,False,2017.0,2017.0
7476,1152,1412,s,148,158.0,False,2017.0,2019.5
7477,1184,1369,s,148,148.0,False,2017.0,2017.0
7478,1190,740,s,148,152.0,False,2017.0,2018.0
7479,1235,1189,s,148,148.0,False,2017.0,2017.0
7480,1390,1278,s,148,149.0,False,2017.0,2017.25
7481,1394,1334,s,148,157.0,False,2017.0,2019.25
7482,1406,1294,s,148,149.0,False,2017.0,2017.25
7483,1443,1339,s,148,150.0,False,2017.0,2017.5
7484,1490,1295,s,148,148.0,False,2017.0,2017.0
7485,1618,399,s,148,148.0,False,2017.0,2017.0
7486,15,1265,s,148,148.0,False,2017.0,2017.0
7487,34,1186,s,148,149.0,False,2017.0,2017.25
7488,40,306,s,148,150.0,False,2017.0,2017.5
7489,132,585,s,148,149.0,False,2017.0,2017.25
7490,172,1693,s,148,151.0,False,2017.0,2017.75
7491,304,1016,s,148,148.0,False,2017.0,2017.0
7492,305,1274,s,148,148.0,False,2017.0,2017.0
7493,479,24,s,148,148.0,False,2017.0,2017.0
7494,497,192,s,148,149.0,False,2017.0,2017.25
7495,715,673,s,148,149.0,False,2017.0,2017.25
7496,745,614,s,148,151.0,False,2017.0,2017.75
7497,913,1337,s,148,149.0,False,2017.0,2017.25
7498,937,1593,s,148,154.0,False,2017.0,2018.5
7499,1159,1193,s,148,151.0,False,2017.0,2017.75
7500,1258,1189,s,148,151.0,False,2017.0,2017.75
7501,1388,417,s,148,149.0,False,2017.0,2017.25
7502,1444,1412,s,148,151.0,False,2017.0,2017.75
7503,1824,1428,s,148,149.0,False,2017.0,2017.25
7504,234,409,s,148,149.0,False,2017.0,2017.25
7505,497,360,s,148,149.0,False,2017.0,2017.25
7506,508,1029,s,148,149.0,False,2017.0,2017.25
7507,575,543,s,148,153.0,False,2017.0,2018.25
7508,609,399,s,148,149.0,False,2017.0,2017.25
7509,715,399,s,148,156.0,False,2017.0,2019.0
7510,978,192,s,148,150.0,False,2017.0,2017.5
7511,1086,302,s,148,158.0,False,2017.0,2019.5
7512,1200,1398,s,148,152.0,False,2017.0,2018.0
7513,1325,1268,s,148,152.0,False,2017.0,2018.0
7514,1349,1029,s,148,150.0,False,2017.0,2017.5
7515,1420,1377,s,148,152.0,False,2017.0,2018.0
7516,1426,1428,s,148,152.0,False,2017.0,2018.0
7517,1471,417,s,148,155.0,False,2017.0,2018.75
7518,1595,1264,s,148,150.0,False,2017.0,2017.5
7519,1659,1593,s,148,151.0,False,2017.0,2017.75
7520,1007,1193,l,148,194.0,True,2017.0,2028.5
7521,497,462,l,148,236.0,True,2017.0,2039.0
7522,196,1219,s,149,150.0,False,2017.25,2017.5
7523,497,1167,s,149,158.0,False,2017.25,2019.5
7524,521,108,s,149,150.0,False,2017.25,2017.5
7525,736,1028,s,149,152.0,False,2017.25,2018.0
7526,773,1340,s,149,150.0,False,2017.25,2017.5
7527,784,1008,s,149,151.0,False,2017.25,2017.75
7528,938,347,s,149,158.0,False,2017.25,2019.5
7529,978,1847,s,149,149.0,False,2017.25,2017.25
7530,1007,1161,s,149,167.0,False,2017.25,2021.75
7531,1010,1612,s,149,158.0,False,2017.25,2019.5
7532,1078,159,s,149,151.0,False,2017.25,2017.75
7533,1080,1221,s,149,159.0,False,2017.25,2019.75
7534,1171,347,s,149,155.0,False,2017.25,2018.75
7535,1266,1278,s,149,152.0,False,2017.25,2018.0
7536,1329,495,s,149,152.0,False,2017.25,2018.0
7537,1329,498,s,149,151.0,False,2017.25,2017.75
7538,1376,1337,s,149,150.0,False,2017.25,2017.5
7539,1426,1162,s,149,150.0,False,2017.25,2017.5
7540,1490,1535,s,149,151.0,False,2017.25,2017.75
7541,1521,1477,s,149,150.0,False,2017.25,2017.5
7542,15,1341,s,149,149.0,False,2017.25,2017.25
7543,40,1615,s,149,156.0,False,2017.25,2019.0
7544,230,1030,s,149,150.0,False,2017.25,2017.5
7545,551,1693,s,149,150.0,False,2017.25,2017.5
7546,732,302,s,149,164.0,False,2017.25,2021.0
7547,871,740,s,149,154.0,False,2017.25,2018.5
7548,916,933,s,149,155.0,False,2017.25,2018.75
7549,1007,306,s,149,149.0,False,2017.25,2017.25
7550,1083,1001,s,149,151.0,False,2017.25,2017.75
7551,1171,387,s,149,151.0,False,2017.25,2017.75
7552,1190,1415,s,149,155.0,False,2017.25,2018.75
7553,1195,443,s,149,155.0,False,2017.25,2018.75
7554,1410,1407,s,149,153.0,False,2017.25,2018.25
7555,1547,1012,s,149,158.0,False,2017.25,2019.5
7556,191,392,s,149,150.0,False,2017.25,2017.5
7557,330,407,s,149,151.0,False,2017.25,2017.75
7558,525,1017,s,149,155.0,False,2017.25,2018.75
7559,549,347,s,149,151.0,False,2017.25,2017.75
7560,573,399,s,149,151.0,False,2017.25,2017.75
7561,629,345,s,149,153.0,False,2017.25,2018.25
7562,681,823,s,149,156.0,False,2017.25,2019.0
7563,759,224,s,149,155.0,False,2017.25,2018.75
7564,871,1216,s,149,151.0,False,2017.25,2017.75
7565,902,409,s,149,150.0,False,2017.25,2017.5
7566,916,416,s,149,150.0,False,2017.25,2017.5
7567,976,1695,s,149,151.0,False,2017.25,2017.75
7568,1076,59,s,149,153.0,False,2017.25,2018.25
7569,1089,302,s,149,152.0,False,2017.25,2018.0
7570,1184,291,s,149,150.0,False,2017.25,2017.5
7571,1212,1028,s,149,165.0,False,2017.25,2021.25
7572,1344,443,s,149,151.0,False,2017.25,2017.75
7573,1394,1487,s,149,161.0,False,2017.25,2020.25
7574,1430,1339,s,149,153.0,False,2017.25,2018.25
7575,1491,1445,s,149,152.0,False,2017.25,2018.0
7576,1504,1381,s,149,150.0,False,2017.25,2017.5
7577,1515,545,s,149,151.0,False,2017.25,2017.75
7578,1698,1246,s,149,150.0,False,2017.25,2017.5
7579,337,90,l,149,,True,2017.25,
7580,1088,108,l,149,154.0,True,2017.25,2018.5
7581,1088,1020,l,149,,True,2017.25,
7582,756,1023,l,149,168.0,True,2017.25,2022.0
7583,1380,545,l,149,163.0,True,2017.25,2020.75
7584,1413,1846,l,149,184.0,True,2017.25,2026.0
7585,15,268,l,149,,True,2017.25,
7586,40,205,l,149,,True,2017.25,
7587,1095,750,l,149,161.0,True,2017.25,2020.25
7588,1471,1381,l,149,206.0,True,2017.25,2031.5
7589,15,903,s,150,155.0,False,2017.5,2018.75
7590,34,1186,s,150,152.0,False,2017.5,2018.0
7591,99,97,s,150,155.0,False,2017.5,2018.75
7592,179,409,s,150,152.0,False,2017.5,2018.0
7593,234,528,s,150,153.0,False,2017.5,2018.25
7594,234,1163,s,150,157.0,False,2017.5,2019.25
7595,551,1012,s,150,150.0,False,2017.5,2017.5
7596,594,392,s,150,150.0,False,2017.5,2017.5
7597,696,1288,s,150,150.0,False,2017.5,2017.5
7598,937,1161,s,150,150.0,False,2017.5,2017.5
7599,1004,678,s,150,151.0,False,2017.5,2017.75
7600,1093,1850,s,150,151.0,False,2017.5,2017.75
7601,1185,1334,s,150,151.0,False,2017.5,2017.75
7602,1195,1201,s,150,151.0,False,2017.5,2017.75
7603,1326,60,s,150,155.0,False,2017.5,2018.75
7604,1326,1466,s,150,154.0,False,2017.5,2018.5
7605,1390,1459,s,150,151.0,False,2017.5,2017.75
7606,1413,1336,s,150,151.0,False,2017.5,2017.75
7607,1454,1238,s,150,155.0,False,2017.5,2018.75
7608,1503,1334,s,150,156.0,False,2017.5,2019.0
7609,15,1158,s,150,164.0,False,2017.5,2021.0
7610,57,390,s,150,150.0,False,2017.5,2017.5
7611,57,586,s,150,161.0,False,2017.5,2020.25
7612,113,701,s,150,151.0,False,2017.5,2017.75
7613,150,528,s,150,154.0,False,2017.5,2018.5
7614,230,296,s,150,169.0,False,2017.5,2022.25
7615,497,585,s,150,151.0,False,2017.5,2017.75
7616,696,823,s,150,151.0,False,2017.5,2017.75
7617,745,1306,s,150,150.0,False,2017.5,2017.5
7618,831,1336,s,150,152.0,False,2017.5,2018.0
7619,917,498,s,150,151.0,False,2017.5,2017.75
7620,938,189,s,150,156.0,False,2017.5,2019.0
7621,955,1029,s,150,162.0,False,2017.5,2020.5
7622,1074,1163,s,150,151.0,False,2017.5,2017.75
7623,1076,785,s,150,165.0,False,2017.5,2021.25
7624,1079,740,s,150,151.0,False,2017.5,2017.75
7625,1091,694,s,150,152.0,False,2017.5,2018.0
7626,1148,1161,s,150,155.0,False,2017.5,2018.75
7627,1237,1268,s,150,153.0,False,2017.5,2018.25
7628,1430,1364,s,150,152.0,False,2017.5,2018.0
7629,1444,1846,s,150,154.0,False,2017.5,2018.5
7630,1462,1387,s,150,151.0,False,2017.5,2017.75
7631,1783,1026,s,150,155.0,False,2017.5,2018.75
7632,247,1264,s,150,153.0,False,2017.5,2018.25
7633,274,701,s,150,152.0,False,2017.5,2018.0
7634,629,800,s,150,152.0,False,2017.5,2018.0
7635,660,347,s,150,156.0,False,2017.5,2019.0
7636,715,714,s,150,159.0,False,2017.5,2019.75
7637,743,1262,s,150,155.0,False,2017.5,2018.75
7638,745,1381,s,150,154.0,False,2017.5,2018.5
7639,936,708,s,150,154.0,False,2017.5,2018.5
7640,944,665,s,150,153.0,False,2017.5,2018.25
7641,1097,399,s,150,167.0,False,2017.5,2021.75
7642,1171,409,s,150,162.0,False,2017.5,2020.5
7643,1200,1259,s,150,154.0,False,2017.5,2018.5
7644,1353,1216,s,150,154.0,False,2017.5,2018.5
7645,1484,1535,s,150,151.0,False,2017.5,2017.75
7646,1490,1823,s,150,153.0,False,2017.5,2018.25
7647,466,1026,l,150,189.0,True,2017.5,2027.25
7648,222,606,l,150,237.0,True,2017.5,2039.25
7649,40,213,s,151,156.0,False,2017.75,2019.0
7650,67,1407,s,151,160.0,False,2017.75,2020.0
7651,196,464,s,151,154.0,False,2017.75,2018.5
7652,230,1021,s,151,159.0,False,2017.75,2019.75
7653,356,324,s,151,155.0,False,2017.75,2018.75
7654,432,202,s,151,157.0,False,2017.75,2019.25
7655,490,64,s,151,156.0,False,2017.75,2019.0
7656,508,241,s,151,154.0,False,2017.75,2018.5
7657,521,704,s,151,154.0,False,2017.75,2018.5
7658,594,192,s,151,155.0,False,2017.75,2018.75
7659,715,678,s,151,164.0,False,2017.75,2021.0
7660,1212,822,s,151,155.0,False,2017.75,2018.75
7661,1254,1013,s,151,154.0,False,2017.75,2018.5
7662,1307,1593,s,151,155.0,False,2017.75,2018.75
7663,1426,1336,s,151,151.0,False,2017.75,2017.75
7664,1465,1243,s,151,156.0,False,2017.75,2019.0
7665,1575,1219,s,151,152.0,False,2017.75,2018.0
7666,1783,217,s,151,151.0,False,2017.75,2017.75
7667,34,1315,s,151,156.0,False,2017.75,2019.0
7668,54,1193,s,151,158.0,False,2017.75,2019.5
7669,69,1158,s,151,173.0,False,2017.75,2023.25
7670,611,947,s,151,152.0,False,2017.75,2018.0
7671,732,261,s,151,158.0,False,2017.75,2019.5
7672,841,443,s,151,154.0,False,2017.75,2018.5
7673,871,416,s,151,152.0,False,2017.75,2018.0
7674,913,576,s,151,156.0,False,2017.75,2019.0
7675,1338,990,s,151,153.0,False,2017.75,2018.25
7676,1453,1846,s,151,156.0,False,2017.75,2019.0
7677,526,462,s,151,152.0,False,2017.75,2018.0
7678,1097,407,s,151,160.0,False,2017.75,2020.0
7679,1258,1268,s,151,154.0,False,2017.75,2018.5
7680,1543,1568,l,151,171.0,True,2017.75,2022.75
7681,549,710,l,151,161.0,True,2017.75,2020.25
7682,1171,1039,l,151,161.0,True,2017.75,2020.25
7683,1499,1655,l,151,168.0,True,2017.75,2022.0
7684,15,1291,s,152,162.0,False,2018.0,2020.5
7685,482,1507,s,152,152.0,False,2018.0,2018.0
7686,837,1310,s,152,155.0,False,2018.0,2018.75
7687,875,49,s,152,161.0,False,2018.0,2020.25
7688,917,268,s,152,156.0,False,2018.0,2019.0
7689,1076,24,s,152,155.0,False,2018.0,2018.75
7690,1276,1469,s,152,152.0,False,2018.0,2018.0
7691,1444,1310,s,152,155.0,False,2018.0,2018.75
7692,1517,1556,s,152,154.0,False,2018.0,2018.5
7693,15,528,s,152,161.0,False,2018.0,2020.25
7694,351,1294,s,152,153.0,False,2018.0,2018.25
7695,356,290,s,152,154.0,False,2018.0,2018.5
7696,374,443,s,152,162.0,False,2018.0,2020.5
7697,381,60,s,152,156.0,False,2018.0,2019.0
7698,501,241,s,152,156.0,False,2018.0,2019.0
7699,573,1022,s,152,155.0,False,2018.0,2018.75
7700,739,291,s,152,155.0,False,2018.0,2018.75
7701,743,714,s,152,155.0,False,2018.0,2018.75
7702,875,1032,s,152,157.0,False,2018.0,2019.25
7703,931,789,s,152,158.0,False,2018.0,2019.5
7704,1296,1264,s,152,154.0,False,2018.0,2018.5
7705,1327,1346,s,152,177.0,False,2018.0,2024.25
7706,1429,1381,s,152,153.0,False,2018.0,2018.25
7707,1444,1415,s,152,152.0,False,2018.0,2018.0
7708,34,1202,s,152,154.0,False,2018.0,2018.5
7709,113,952,s,152,157.0,False,2018.0,2019.25
7710,132,268,s,152,153.0,False,2018.0,2018.25
7711,670,197,s,152,160.0,False,2018.0,2020.0
7712,736,820,s,152,153.0,False,2018.0,2018.25
7713,978,302,s,152,155.0,False,2018.0,2018.75
7714,1079,740,s,152,156.0,False,2018.0,2019.0
7715,1090,61,s,152,155.0,False,2018.0,2018.75
7716,1148,1194,s,152,163.0,False,2018.0,2020.75
7717,1208,1205,s,152,156.0,False,2018.0,2019.0
7718,1258,1244,s,152,162.0,False,2018.0,2020.5
7719,1482,1519,s,152,153.0,False,2018.0,2018.25
7720,1491,1214,s,152,157.0,False,2018.0,2019.25
7721,1826,1304,s,152,154.0,False,2018.0,2018.5
7722,1877,1243,s,152,161.0,False,2018.0,2020.25
7723,1877,1274,s,152,154.0,False,2018.0,2018.5
7724,92,1302,l,152,,True,2018.0,
7725,234,1611,l,152,191.0,True,2018.0,2027.75
7726,1618,684,l,152,156.0,True,2018.0,2019.0
7727,657,480,l,152,204.0,True,2018.0,2031.0
7728,1521,1539,l,152,,True,2018.0,
7729,34,1289,s,153,154.0,False,2018.25,2018.5
7730,40,176,s,153,156.0,False,2018.25,2019.0
7731,57,950,s,153,158.0,False,2018.25,2019.5
7732,57,1734,s,153,154.0,False,2018.25,2018.5
7733,556,1216,s,153,157.0,False,2018.25,2019.25
7734,652,1291,s,153,154.0,False,2018.25,2018.5
7735,715,268,s,153,155.0,False,2018.25,2018.75
7736,736,84,s,153,159.0,False,2018.25,2019.75
7737,1078,740,s,153,154.0,False,2018.25,2018.5
7738,1171,60,s,153,157.0,False,2018.25,2019.25
7739,1190,1448,s,153,158.0,False,2018.25,2019.5
7740,1212,323,s,153,157.0,False,2018.25,2019.25
7741,1293,1214,s,153,161.0,False,2018.25,2020.25
7742,1368,1214,s,153,153.0,False,2018.25,2018.25
7743,1532,1500,s,153,154.0,False,2018.25,2018.5
7744,1552,1423,s,153,155.0,False,2018.25,2018.75
7745,1760,1593,s,153,164.0,False,2018.25,2021.0
7746,57,1022,s,153,157.0,False,2018.25,2019.25
7747,222,933,s,153,155.0,False,2018.25,2018.75
7748,508,1022,s,153,155.0,False,2018.25,2018.75
7749,573,614,s,153,154.0,False,2018.25,2018.5
7750,594,1540,s,153,163.0,False,2018.25,2020.75
7751,875,129,s,153,155.0,False,2018.25,2018.75
7752,938,947,s,153,157.0,False,2018.25,2019.25
7753,988,740,s,153,161.0,False,2018.25,2020.25
7754,998,1221,s,153,153.0,False,2018.25,2018.25
7755,1093,1029,s,153,161.0,False,2018.25,2020.25
7756,1156,1201,s,153,161.0,False,2018.25,2020.25
7757,1208,697,s,153,156.0,False,2018.25,2019.0
7758,1212,689,s,153,155.0,False,2018.25,2018.75
7759,1413,1391,s,153,164.0,False,2018.25,2021.0
7760,1430,1291,s,153,164.0,False,2018.25,2021.0
7761,1430,1356,s,153,167.0,False,2018.25,2021.75
7762,1503,1234,s,153,155.0,False,2018.25,2018.75
7763,1577,443,s,153,153.0,False,2018.25,2018.25
7764,1879,1424,s,153,157.0,False,2018.25,2019.25
7765,87,1261,s,153,154.0,False,2018.25,2018.5
7766,191,97,s,153,156.0,False,2018.25,2019.0
7767,191,306,s,153,157.0,False,2018.25,2019.25
7768,681,443,s,153,161.0,False,2018.25,2020.25
7769,702,1615,s,153,156.0,False,2018.25,2019.0
7770,998,842,s,153,156.0,False,2018.25,2019.0
7771,1184,1294,s,153,160.0,False,2018.25,2020.0
7772,1256,1008,s,153,158.0,False,2018.25,2019.5
7773,1366,1381,s,153,156.0,False,2018.25,2019.0
7774,1499,1219,s,153,155.0,False,2018.25,2018.75
7775,351,1314,l,153,175.0,True,2018.25,2023.75
7776,1826,480,l,153,182.0,True,2018.25,2025.5
7777,69,293,s,154,156.0,False,2018.5,2019.0
7778,69,586,s,154,160.0,False,2018.5,2020.0
7779,113,793,s,154,164.0,False,2018.5,2021.0
7780,172,180,s,154,160.0,False,2018.5,2020.0
7781,718,127,s,154,156.0,False,2018.5,2019.0
7782,731,1021,s,154,159.0,False,2018.5,2019.75
7783,815,1291,s,154,154.0,False,2018.5,2018.5
7784,831,823,s,154,154.0,False,2018.5,2018.5
7785,863,1615,s,154,154.0,False,2018.5,2018.5
7786,871,1001,s,154,159.0,False,2018.5,2019.75
7787,936,213,s,154,162.0,False,2018.5,2020.5
7788,937,1016,s,154,154.0,False,2018.5,2018.5
7789,1085,268,s,154,154.0,False,2018.5,2018.5
7790,1093,750,s,154,162.0,False,2018.5,2020.5
7791,1195,1206,s,154,157.0,False,2018.5,2019.25
7792,1200,1396,s,154,155.0,False,2018.5,2018.75
7793,1248,1202,s,154,154.0,False,2018.5,2018.5
7794,1427,1428,s,154,156.0,False,2018.5,2019.0
7795,1502,1314,s,154,155.0,False,2018.5,2018.75
7796,1515,1548,s,154,164.0,False,2018.5,2021.0
7797,1544,1431,s,154,160.0,False,2018.5,2020.0
7798,1824,1487,s,154,161.0,False,2018.5,2020.25
7799,467,706,s,154,155.0,False,2018.5,2018.75
7800,501,243,s,154,156.0,False,2018.5,2019.0
7801,509,793,s,154,154.0,False,2018.5,2018.5
7802,511,534,s,154,157.0,False,2018.5,2019.25
7803,594,823,s,154,157.0,False,2018.5,2019.25
7804,715,1022,s,154,155.0,False,2018.5,2018.75
7805,927,1246,s,154,154.0,False,2018.5,2018.5
7806,934,5,s,154,155.0,False,2018.5,2018.75
7807,936,345,s,154,156.0,False,2018.5,2019.0
7808,937,1847,s,154,154.0,False,2018.5,2018.5
7809,1171,1594,s,154,166.0,False,2018.5,2021.5
7810,1190,1693,s,154,160.0,False,2018.5,2020.0
7811,1266,1315,s,154,159.0,False,2018.5,2019.75
7812,1271,1310,s,154,156.0,False,2018.5,2019.0
7813,1454,1391,s,154,155.0,False,2018.5,2018.75
7814,1826,1289,s,154,163.0,False,2018.5,2020.75
7815,1853,1259,s,154,154.0,False,2018.5,2018.5
7816,1880,898,s,154,154.0,False,2018.5,2018.5
7817,92,530,s,154,155.0,False,2018.5,2018.75
7818,113,830,s,154,158.0,False,2018.5,2019.5
7819,152,606,s,154,158.0,False,2018.5,2019.5
7820,497,1028,s,154,160.0,False,2018.5,2020.0
7821,549,1032,s,154,156.0,False,2018.5,2019.0
7822,575,733,s,154,166.0,False,2018.5,2021.5
7823,594,704,s,154,162.0,False,2018.5,2020.5
7824,705,1360,s,154,159.0,False,2018.5,2019.75
7825,776,313,s,154,158.0,False,2018.5,2019.5
7826,776,750,s,154,162.0,False,2018.5,2020.5
7827,916,375,s,154,157.0,False,2018.5,2019.25
7828,953,16,s,154,155.0,False,2018.5,2018.75
7829,991,706,s,154,157.0,False,2018.5,2019.25
7830,1086,701,s,154,159.0,False,2018.5,2019.75
7831,1307,1398,s,154,158.0,False,2018.5,2019.5
7832,1378,1469,s,154,157.0,False,2018.5,2019.25
7833,1482,545,s,154,157.0,False,2018.5,2019.25
7834,1484,1288,s,154,156.0,False,2018.5,2019.0
7835,1575,1289,s,154,155.0,False,2018.5,2018.75
7836,1190,1291,l,154,166.0,True,2018.5,2021.5
7837,1781,1310,l,154,194.0,True,2018.5,2028.5
7838,150,689,l,154,154.0,True,2018.5,2018.5
7839,594,945,l,154,155.0,True,2018.5,2018.75
7840,885,585,l,154,158.0,True,2018.5,2019.5
7841,756,213,l,154,209.0,True,2018.5,2032.25
7842,859,124,l,154,156.0,True,2018.5,2019.0
7843,1258,1221,l,154,196.0,True,2018.5,2029.0
7844,15,1246,s,155,159.0,False,2018.75,2019.75
7845,211,392,s,155,156.0,False,2018.75,2019.0
7846,222,793,s,155,157.0,False,2018.75,2019.25
7847,234,1008,s,155,155.0,False,2018.75,2018.75
7848,283,1022,s,155,156.0,False,2018.75,2019.0
7849,418,740,s,155,156.0,False,2018.75,2019.0
7850,507,1340,s,155,157.0,False,2018.75,2019.25
7851,841,61,s,155,155.0,False,2018.75,2018.75
7852,902,942,s,155,164.0,False,2018.75,2021.0
7853,937,55,s,155,157.0,False,2018.75,2019.25
7854,1080,800,s,155,162.0,False,2018.75,2020.5
7855,1152,1015,s,155,168.0,False,2018.75,2022.0
7856,1269,1611,s,155,159.0,False,2018.75,2019.75
7857,1430,1447,s,155,160.0,False,2018.75,2020.0
7858,1877,1278,s,155,159.0,False,2018.75,2019.75
7859,203,1593,s,155,159.0,False,2018.75,2019.75
7860,549,293,s,155,156.0,False,2018.75,2019.0
7861,580,55,s,155,157.0,False,2018.75,2019.25
7862,872,1042,s,155,156.0,False,2018.75,2019.0
7863,881,391,s,155,158.0,False,2018.75,2019.5
7864,931,1194,s,155,157.0,False,2018.75,2019.25
7865,1010,1594,s,155,158.0,False,2018.75,2019.5
7866,1184,1161,s,155,162.0,False,2018.75,2020.5
7867,1332,1846,s,155,156.0,False,2018.75,2019.0
7868,1333,1478,s,155,164.0,False,2018.75,2021.0
7869,1456,1478,s,155,162.0,False,2018.75,2020.5
7870,1502,1407,s,155,155.0,False,2018.75,2018.75
7871,1639,1449,s,155,157.0,False,2018.75,2019.25
7872,255,1316,s,155,160.0,False,2018.75,2020.0
7873,418,268,s,155,159.0,False,2018.75,2019.75
7874,736,64,s,155,162.0,False,2018.75,2020.5
7875,916,399,s,155,156.0,False,2018.75,2019.0
7876,991,750,s,155,158.0,False,2018.75,2019.5
7877,1003,1481,s,155,176.0,False,2018.75,2024.0
7878,1007,1234,s,155,161.0,False,2018.75,2020.25
7879,1083,678,s,155,159.0,False,2018.75,2019.75
7880,1086,586,s,155,156.0,False,2018.75,2019.0
7881,1192,1304,s,155,169.0,False,2018.75,2022.25
7882,1292,1594,s,155,160.0,False,2018.75,2020.0
7883,1312,1268,s,155,158.0,False,2018.75,2019.5
7884,1333,1316,s,155,156.0,False,2018.75,2019.0
7885,1353,1243,s,155,157.0,False,2018.75,2019.25
7886,1410,1539,s,155,159.0,False,2018.75,2019.75
7887,1426,1612,s,155,170.0,False,2018.75,2022.5
7888,1444,1464,s,155,158.0,False,2018.75,2019.5
7889,1484,1193,s,155,156.0,False,2018.75,2019.0
7890,1517,1304,s,155,157.0,False,2018.75,2019.25
7891,1533,1409,s,155,156.0,False,2018.75,2019.0
7892,1759,1505,s,155,160.0,False,2018.75,2020.0
7893,1781,1219,s,155,156.0,False,2018.75,2019.0
7894,412,55,l,155,159.0,True,2018.75,2019.75
7895,1148,1216,l,155,,True,2018.75,
7896,1429,1219,l,155,172.0,True,2018.75,2023.0
7897,211,571,l,155,231.0,True,2018.75,2037.75
7898,233,823,s,156,157.0,False,2019.0,2019.25
7899,260,340,s,156,158.0,False,2019.0,2019.5
7900,739,800,s,156,159.0,False,2019.0,2019.75
7901,759,146,s,156,158.0,False,2019.0,2019.5
7902,784,268,s,156,167.0,False,2019.0,2021.75
7903,978,375,s,156,159.0,False,2019.0,2019.75
7904,978,740,s,156,165.0,False,2019.0,2021.25
7905,978,1012,s,156,170.0,False,2019.0,2022.5
7906,1085,942,s,156,162.0,False,2019.0,2020.5
7907,1344,1495,s,156,160.0,False,2019.0,2020.0
7908,1503,1481,s,156,157.0,False,2019.0,2019.25
7909,1577,1268,s,156,156.0,False,2019.0,2019.0
7910,1880,576,s,156,159.0,False,2019.0,2019.75
7911,1899,5,s,156,157.0,False,2019.0,2019.25
7912,57,213,s,156,166.0,False,2019.0,2021.5
7913,87,1415,s,156,171.0,False,2019.0,2022.75
7914,260,528,s,156,157.0,False,2019.0,2019.25
7915,356,964,s,156,161.0,False,2019.0,2020.25
7916,561,1356,s,156,157.0,False,2019.0,2019.25
7917,998,691,s,156,163.0,False,2019.0,2020.75
7918,1007,1611,s,156,157.0,False,2019.0,2019.25
7919,1075,1893,s,156,157.0,False,2019.0,2019.25
7920,1151,1310,s,156,158.0,False,2019.0,2019.5
7921,1171,704,s,156,157.0,False,2019.0,2019.25
7922,1366,1001,s,156,162.0,False,2019.0,2020.5
7923,1430,1433,s,156,159.0,False,2019.0,2019.75
7924,1463,1913,s,156,158.0,False,2019.0,2019.5
7925,1677,1466,s,156,162.0,False,2019.0,2020.5
7926,1824,1483,s,156,157.0,False,2019.0,2019.25
7927,57,545,s,156,158.0,False,2019.0,2019.5
7928,113,673,s,156,157.0,False,2019.0,2019.25
7929,525,291,s,156,157.0,False,2019.0,2019.25
7930,533,689,s,156,157.0,False,2019.0,2019.25
7931,556,704,s,156,166.0,False,2019.0,2021.5
7932,739,64,s,156,166.0,False,2019.0,2021.5
7933,871,1316,s,156,159.0,False,2019.0,2019.75
7934,916,606,s,156,157.0,False,2019.0,2019.25
7935,1326,1194,s,156,161.0,False,2019.0,2020.25
7936,1425,1536,s,156,157.0,False,2019.0,2019.25
7937,1760,1306,s,156,157.0,False,2019.0,2019.25
7938,1896,1535,s,156,161.0,False,2019.0,2020.25
7939,573,689,l,156,171.0,True,2019.0,2022.75
7940,1208,1407,l,156,,True,2019.0,
7941,931,740,l,156,158.0,True,2019.0,2019.5
7942,1416,1310,l,156,190.0,True,2019.0,2027.5
7943,150,952,s,157,163.0,False,2019.25,2020.75
7944,248,1221,s,157,158.0,False,2019.25,2019.5
7945,837,1288,s,157,158.0,False,2019.25,2019.5
7946,847,942,s,157,160.0,False,2019.25,2020.0
7947,859,1615,s,157,158.0,False,2019.25,2019.5
7948,962,1594,s,157,163.0,False,2019.25,2020.75
7949,1005,1162,s,157,159.0,False,2019.25,2019.75
7950,1010,1206,s,157,161.0,False,2019.25,2020.25
7951,1184,1505,s,157,162.0,False,2019.25,2020.5
7952,1190,1278,s,157,157.0,False,2019.25,2019.25
7953,1256,1507,s,157,162.0,False,2019.25,2020.5
7954,1392,1310,s,157,166.0,False,2019.25,2021.5
7955,1480,1238,s,157,178.0,False,2019.25,2024.5
7956,1550,1291,s,157,169.0,False,2019.25,2022.25
7957,1699,392,s,157,162.0,False,2019.25,2020.5
7958,1877,1483,s,157,164.0,False,2019.25,2021.0
7959,230,1016,s,157,158.0,False,2019.25,2019.5
7960,316,302,s,157,163.0,False,2019.25,2020.75
7961,629,697,s,157,159.0,False,2019.25,2019.75
7962,916,1735,s,157,159.0,False,2019.25,2019.75
7963,940,1023,s,157,157.0,False,2019.25,2019.25
7964,953,1615,s,157,165.0,False,2019.25,2021.25
7965,1405,1377,s,157,168.0,False,2019.25,2022.0
7966,1410,1530,s,157,166.0,False,2019.25,2021.5
7967,1485,1424,s,157,164.0,False,2019.25,2021.0
7968,1659,571,s,157,159.0,False,2019.25,2019.75
7969,1826,1202,s,157,161.0,False,2019.25,2020.25
7970,316,1541,s,157,164.0,False,2019.25,2021.0
7971,490,704,s,157,159.0,False,2019.25,2019.75
7972,580,360,s,157,161.0,False,2019.25,2020.25
7973,702,443,s,157,160.0,False,2019.25,2020.0
7974,745,1019,s,157,163.0,False,2019.25,2020.75
7975,962,1202,s,157,161.0,False,2019.25,2020.25
7976,1074,952,s,157,161.0,False,2019.25,2020.25
7977,1148,1225,s,157,158.0,False,2019.25,2019.5
7978,1258,1613,s,157,161.0,False,2019.25,2020.25
7979,1374,1381,s,157,158.0,False,2019.25,2019.5
7980,1877,1535,s,157,159.0,False,2019.25,2019.75
7981,630,1593,l,157,180.0,True,2019.25,2025.0
7982,1471,1539,l,157,196.0,True,2019.25,2029.0
7983,1825,1243,l,157,,True,2019.25,
7984,1898,1822,l,157,,True,2019.25,
7985,511,320,l,157,175.0,True,2019.25,2023.75
7986,1082,823,l,157,,True,2019.25,
7987,1853,1337,l,157,159.0,True,2019.25,2019.75
7988,1877,1277,l,157,238.0,True,2019.25,2039.5
7989,15,678,s,158,162.0,False,2019.5,2020.5
7990,113,464,s,158,160.0,False,2019.5,2020.0
7991,222,793,s,158,158.0,False,2019.5,2019.5
7992,222,1277,s,158,161.0,False,2019.5,2020.25
7993,230,673,s,158,164.0,False,2019.5,2021.0
7994,629,1412,s,158,177.0,False,2019.5,2024.25
7995,715,704,s,158,168.0,False,2019.5,2022.0
7996,739,1294,s,158,161.0,False,2019.5,2020.25
7997,745,1336,s,158,160.0,False,2019.5,2020.0
7998,815,341,s,158,160.0,False,2019.5,2020.0
7999,916,464,s,158,161.0,False,2019.5,2020.25
8000,971,97,s,158,164.0,False,2019.5,2021.0
8001,1256,1314,s,158,160.0,False,2019.5,2020.0
8002,1434,1568,s,158,164.0,False,2019.5,2021.0
8003,1543,1446,s,158,162.0,False,2019.5,2020.5
8004,1618,387,s,158,160.0,False,2019.5,2020.0
8005,1807,1206,s,158,164.0,False,2019.5,2021.0
8006,1920,1260,s,158,161.0,False,2019.5,2020.25
8007,191,842,s,158,159.0,False,2019.5,2019.75
8008,466,390,s,158,160.0,False,2019.5,2020.0
8009,525,64,s,158,179.0,False,2019.5,2024.75
8010,670,407,s,158,159.0,False,2019.5,2019.75
8011,1010,1219,s,158,158.0,False,2019.5,2019.5
8012,1184,1377,s,158,160.0,False,2019.5,2020.0
8013,1405,443,s,158,161.0,False,2019.5,2020.25
8014,1426,1469,s,158,158.0,False,2019.5,2019.5
8015,1443,1556,s,158,159.0,False,2019.5,2019.75
8016,1462,1913,s,158,163.0,False,2019.5,2020.75
8017,1853,1593,s,158,161.0,False,2019.5,2020.25
8018,191,697,s,158,159.0,False,2019.5,2019.75
8019,696,1593,s,158,161.0,False,2019.5,2020.25
8020,732,1022,s,158,164.0,False,2019.5,2021.0
8021,745,1219,s,158,159.0,False,2019.5,2019.75
8022,919,453,s,158,159.0,False,2019.5,2019.75
8023,936,945,s,158,159.0,False,2019.5,2019.75
8024,937,1540,s,158,162.0,False,2019.5,2020.5
8025,955,417,s,158,162.0,False,2019.5,2020.5
8026,1080,427,s,158,173.0,False,2019.5,2023.25
8027,1156,1477,s,158,166.0,False,2019.5,2021.5
8028,1171,293,s,158,159.0,False,2019.5,2019.75
8029,1434,1238,s,158,160.0,False,2019.5,2020.0
8030,874,824,l,158,,True,2019.5,
8031,1223,1593,l,158,,True,2019.5,
8032,1344,691,l,158,174.0,True,2019.5,2023.5
8033,1454,1530,l,158,214.0,True,2019.5,2033.5
8034,902,205,l,158,212.0,True,2019.5,2033.0
8035,57,268,s,159,160.0,False,2019.75,2020.0
8036,196,268,s,159,162.0,False,2019.75,2020.5
8037,305,545,s,159,161.0,False,2019.75,2020.25
8038,467,1541,s,159,166.0,False,2019.75,2021.5
8039,511,740,s,159,159.0,False,2019.75,2019.75
8040,521,1163,s,159,161.0,False,2019.75,2020.25
8041,618,844,s,159,161.0,False,2019.75,2020.25
8042,736,524,s,159,166.0,False,2019.75,2021.5
8043,962,409,s,159,159.0,False,2019.75,2019.75
8044,962,1162,s,159,160.0,False,2019.75,2020.0
8045,1083,823,s,159,159.0,False,2019.75,2019.75
8046,1286,1262,s,159,162.0,False,2019.75,2020.5
8047,1403,1914,s,159,161.0,False,2019.75,2020.25
8048,1405,1369,s,159,167.0,False,2019.75,2021.75
8049,1462,1548,s,159,165.0,False,2019.75,2021.25
8050,1515,1398,s,159,176.0,False,2019.75,2024.0
8051,15,1507,s,159,160.0,False,2019.75,2020.0
8052,169,97,s,159,162.0,False,2019.75,2020.5
8053,234,684,s,159,161.0,False,2019.75,2020.25
8054,316,197,s,159,160.0,False,2019.75,2020.0
8055,452,586,s,159,166.0,False,2019.75,2021.5
8056,594,416,s,159,163.0,False,2019.75,2020.75
8057,629,952,s,159,159.0,False,2019.75,2019.75
8058,702,1655,s,159,174.0,False,2019.75,2023.5
8059,916,90,s,159,161.0,False,2019.75,2020.25
8060,940,750,s,159,160.0,False,2019.75,2020.0
8061,960,793,s,159,161.0,False,2019.75,2020.25
8062,962,1823,s,159,159.0,False,2019.75,2019.75
8063,1080,1481,s,159,165.0,False,2019.75,2021.25
8064,1081,586,s,159,160.0,False,2019.75,2020.0
8065,1089,816,s,159,166.0,False,2019.75,2021.5
8066,1171,708,s,159,162.0,False,2019.75,2020.5
8067,1171,1757,s,159,170.0,False,2019.75,2022.5
8068,1403,586,s,159,160.0,False,2019.75,2020.0
8069,1443,1536,s,159,160.0,False,2019.75,2020.0
8070,1499,1524,s,159,163.0,False,2019.75,2020.75
8071,1517,1487,s,159,181.0,False,2019.75,2025.25
8072,1920,1306,s,159,166.0,False,2019.75,2021.5
8073,222,1023,s,159,163.0,False,2019.75,2020.75
8074,234,1264,s,159,162.0,False,2019.75,2020.5
8075,316,1735,s,159,160.0,False,2019.75,2020.0
8076,521,146,s,159,166.0,False,2019.75,2021.5
8077,560,1044,s,159,160.0,False,2019.75,2020.0
8078,732,606,s,159,164.0,False,2019.75,2021.0
8079,736,296,s,159,164.0,False,2019.75,2021.0
8080,743,1158,s,159,161.0,False,2019.75,2020.25
8081,791,1693,s,159,172.0,False,2019.75,2023.0
8082,867,345,s,159,163.0,False,2019.75,2020.75
8083,916,585,s,159,167.0,False,2019.75,2021.75
8084,937,842,s,159,161.0,False,2019.75,2020.25
8085,1085,689,s,159,161.0,False,2019.75,2020.25
8086,1171,159,s,159,163.0,False,2019.75,2020.75
8087,1220,1612,s,159,163.0,False,2019.75,2020.75
8088,1296,1315,s,159,163.0,False,2019.75,2020.75
8089,1326,1337,s,159,160.0,False,2019.75,2020.0
8090,1416,1694,s,159,170.0,False,2019.75,2022.5
8091,1511,1264,s,159,160.0,False,2019.75,2020.0
8092,1521,1481,s,159,162.0,False,2019.75,2020.5
8093,1577,571,s,159,164.0,False,2019.75,2021.0
8094,525,323,l,159,160.0,True,2019.75,2020.0
8095,1325,1611,l,159,,True,2019.75,
8096,1405,1505,l,159,180.0,True,2019.75,2025.0
8097,211,528,l,159,201.0,True,2019.75,2030.25
8098,715,306,l,159,189.0,True,2019.75,2027.25
8099,1338,1163,l,159,166.0,True,2019.75,2021.5
8100,875,90,l,159,176.0,True,2019.75,2024.0
8101,1353,990,l,159,163.0,True,2019.75,2020.75
8102,15,1020,s,160,162.0,False,2020.0,2020.5
8103,113,1050,s,160,168.0,False,2020.0,2022.0
8104,274,942,s,160,162.0,False,2020.0,2020.5
8105,507,1225,s,160,163.0,False,2020.0,2020.75
8106,522,1160,s,160,162.0,False,2020.0,2020.5
8107,718,653,s,160,161.0,False,2020.0,2020.25
8108,881,697,s,160,160.0,False,2020.0,2020.0
8109,1213,990,s,160,162.0,False,2020.0,2020.5
8110,1326,1285,s,160,162.0,False,2020.0,2020.5
8111,1471,1304,s,160,162.0,False,2020.0,2020.5
8112,1482,1478,s,160,161.0,False,2020.0,2020.25
8113,1504,1295,s,160,162.0,False,2020.0,2020.5
8114,1853,1381,s,160,163.0,False,2020.0,2020.75
8115,1853,1395,s,160,160.0,False,2020.0,2020.0
8116,15,1391,s,160,168.0,False,2020.0,2022.0
8117,57,192,s,160,182.0,False,2020.0,2025.5
8118,248,192,s,160,162.0,False,2020.0,2020.5
8119,696,1163,s,160,161.0,False,2020.0,2020.25
8120,756,375,s,160,161.0,False,2020.0,2020.25
8121,885,399,s,160,169.0,False,2020.0,2022.25
8122,888,824,s,160,163.0,False,2020.0,2020.75
8123,940,678,s,160,161.0,False,2020.0,2020.25
8124,1082,1613,s,160,170.0,False,2020.0,2022.5
8125,1217,1265,s,160,162.0,False,2020.0,2020.5
8126,1257,1306,s,160,162.0,False,2020.0,2020.5
8127,1263,1314,s,160,163.0,False,2020.0,2020.75
8128,1378,800,s,160,162.0,False,2020.0,2020.5
8129,1465,1447,s,160,167.0,False,2020.0,2021.75
8130,1504,1524,s,160,162.0,False,2020.0,2020.5
8131,1521,1334,s,160,161.0,False,2020.0,2020.25
8132,1537,1539,s,160,166.0,False,2020.0,2021.5
8133,1715,1201,s,160,162.0,False,2020.0,2020.5
8134,1880,268,s,160,164.0,False,2020.0,2021.0
8135,30,933,s,160,165.0,False,2020.0,2021.25
8136,337,306,s,160,161.0,False,2020.0,2020.25
8137,432,952,s,160,166.0,False,2020.0,2021.5
8138,580,952,s,160,163.0,False,2020.0,2020.75
8139,630,417,s,160,173.0,False,2020.0,2023.25
8140,859,261,s,160,166.0,False,2020.0,2021.5
8141,940,347,s,160,162.0,False,2020.0,2020.5
8142,998,302,s,160,167.0,False,2020.0,2021.75
8143,1085,16,s,160,161.0,False,2020.0,2020.25
8144,1430,1364,s,160,163.0,False,2020.0,2020.75
8145,1453,1539,s,160,166.0,False,2020.0,2021.5
8146,1462,457,s,160,164.0,False,2020.0,2021.0
8147,1485,1291,s,160,168.0,False,2020.0,2022.0
8148,1517,1306,s,160,170.0,False,2020.0,2022.5
8149,551,126,l,160,231.0,True,2020.0,2037.75
8150,1329,302,l,160,196.0,True,2020.0,2029.0
8151,15,443,s,161,162.0,False,2020.25,2020.5
8152,191,60,s,161,164.0,False,2020.25,2021.0
8153,222,453,s,161,162.0,False,2020.25,2020.5
8154,374,1023,s,161,164.0,False,2020.25,2021.0
8155,705,1612,s,161,165.0,False,2020.25,2021.25
8156,718,61,s,161,163.0,False,2020.25,2020.75
8157,991,606,s,161,167.0,False,2020.25,2021.75
8158,1083,1161,s,161,165.0,False,2020.25,2021.25
8159,1084,409,s,161,168.0,False,2020.25,2022.0
8160,1325,1464,s,161,162.0,False,2020.25,2020.5
8161,1327,1846,s,161,166.0,False,2020.25,2021.5
8162,1353,1261,s,161,165.0,False,2020.25,2021.25
8163,1473,417,s,161,161.0,False,2020.25,2020.25
8164,1480,1445,s,161,162.0,False,2020.25,2020.5
8165,1595,1244,s,161,169.0,False,2020.25,2022.25
8166,15,1259,s,161,165.0,False,2020.25,2021.25
8167,222,1221,s,161,162.0,False,2020.25,2020.5
8168,511,293,s,161,161.0,False,2020.25,2020.25
8169,580,1001,s,161,162.0,False,2020.25,2020.5
8170,745,586,s,161,173.0,False,2020.25,2023.25
8171,745,1268,s,161,166.0,False,2020.25,2021.5
8172,831,1693,s,161,162.0,False,2020.25,2020.5
8173,841,586,s,161,167.0,False,2020.25,2021.75
8174,909,1291,s,161,165.0,False,2020.25,2021.25
8175,1086,1021,s,161,162.0,False,2020.25,2020.5
8176,1204,1776,s,161,167.0,False,2020.25,2021.75
8177,1485,1464,s,161,166.0,False,2020.25,2021.5
8178,1543,1534,s,161,169.0,False,2020.25,2022.25
8179,1576,1194,s,161,163.0,False,2020.25,2020.75
8180,1617,708,s,161,165.0,False,2020.25,2021.25
8181,1878,1216,s,161,161.0,False,2020.25,2020.25
8182,191,192,s,161,169.0,False,2020.25,2022.25
8183,204,345,s,161,164.0,False,2020.25,2021.0
8184,467,1347,s,161,165.0,False,2020.25,2021.25
8185,511,663,s,161,163.0,False,2020.25,2020.75
8186,511,1023,s,161,164.0,False,2020.25,2021.0
8187,702,1693,s,161,163.0,False,2020.25,2020.75
8188,754,457,s,161,171.0,False,2020.25,2022.75
8189,754,823,s,161,162.0,False,2020.25,2020.5
8190,885,375,s,161,163.0,False,2020.25,2020.75
8191,1085,945,s,161,166.0,False,2020.25,2021.5
8192,1171,180,s,161,162.0,False,2020.25,2020.5
8193,1208,1498,s,161,163.0,False,2020.25,2020.75
8194,1325,1893,s,161,164.0,False,2020.25,2021.0
8195,1350,1360,s,161,163.0,False,2020.25,2020.75
8196,1482,1268,s,161,162.0,False,2020.25,2020.5
8197,1499,1461,s,161,167.0,False,2020.25,2021.75
8198,1591,1507,s,161,169.0,False,2020.25,2022.25
8199,507,1846,l,161,166.0,True,2020.25,2021.5
8200,657,1186,l,161,183.0,True,2020.25,2025.75
8201,885,606,l,161,193.0,True,2020.25,2028.25
8202,191,1029,l,161,175.0,True,2020.25,2023.75
8203,1191,1391,l,161,194.0,True,2020.25,2028.5
8204,1499,1409,l,161,223.0,True,2020.25,2035.75
8205,48,189,s,162,163.0,False,2020.5,2020.75
8206,53,1540,s,162,162.0,False,2020.5,2020.5
8207,76,954,s,162,164.0,False,2020.5,2021.0
8208,321,409,s,162,163.0,False,2020.5,2020.75
8209,511,1347,s,162,167.0,False,2020.5,2021.75
8210,511,1615,s,162,166.0,False,2020.5,2021.5
8211,556,390,s,162,166.0,False,2020.5,2021.5
8212,630,571,s,162,171.0,False,2020.5,2022.75
8213,630,1161,s,162,167.0,False,2020.5,2021.75
8214,637,24,s,162,163.0,False,2020.5,2020.75
8215,847,704,s,162,165.0,False,2020.5,2021.25
8216,998,1022,s,162,166.0,False,2020.5,2021.5
8217,1076,1206,s,162,162.0,False,2020.5,2020.5
8218,1171,1020,s,162,166.0,False,2020.5,2021.5
8219,1185,1593,s,162,164.0,False,2020.5,2021.0
8220,1255,1262,s,162,163.0,False,2020.5,2020.75
8221,1366,673,s,162,163.0,False,2020.5,2020.75
8222,1378,1364,s,162,171.0,False,2020.5,2022.75
8223,1444,1524,s,162,163.0,False,2020.5,2020.75
8224,1877,1291,s,162,169.0,False,2020.5,2022.25
8225,141,290,s,162,169.0,False,2020.5,2022.25
8226,482,416,s,162,175.0,False,2020.5,2023.75
8227,511,345,s,162,163.0,False,2020.5,2020.75
8228,610,1695,s,162,163.0,False,2020.5,2020.75
8229,739,180,s,162,165.0,False,2020.5,2021.25
8230,902,1615,s,162,167.0,False,2020.5,2021.75
8231,1010,1823,s,162,168.0,False,2020.5,2022.0
8232,1192,586,s,162,163.0,False,2020.5,2020.75
8233,1192,1593,s,162,165.0,False,2020.5,2021.25
8234,1293,1395,s,162,163.0,False,2020.5,2020.75
8235,1413,1295,s,162,163.0,False,2020.5,2020.75
8236,1462,1193,s,162,165.0,False,2020.5,2021.25
8237,1465,1219,s,162,163.0,False,2020.5,2020.75
8238,1490,1498,s,162,169.0,False,2020.5,2022.25
8239,1496,1556,s,162,165.0,False,2020.5,2021.25
8240,1511,1393,s,162,163.0,False,2020.5,2020.75
8241,1566,1158,s,162,163.0,False,2020.5,2020.75
8242,1595,1315,s,162,169.0,False,2020.5,2022.25
8243,1698,1534,s,162,166.0,False,2020.5,2021.5
8244,1825,1219,s,162,164.0,False,2020.5,2021.0
8245,1940,1221,s,162,163.0,False,2020.5,2020.75
8246,467,689,s,162,166.0,False,2020.5,2021.5
8247,962,375,s,162,163.0,False,2020.5,2020.75
8248,1087,856,s,162,170.0,False,2020.5,2022.5
8249,1171,1162,s,162,163.0,False,2020.5,2020.75
8250,1258,1483,s,162,164.0,False,2020.5,2021.0
8251,1297,1278,s,162,164.0,False,2020.5,2021.0
8252,1388,1487,s,162,166.0,False,2020.5,2021.5
8253,54,1593,l,162,191.0,True,2020.5,2027.75
8254,1326,1193,l,162,171.0,True,2020.5,2022.75
8255,48,1336,s,163,164.0,False,2020.75,2021.0
8256,53,1243,s,163,163.0,False,2020.75,2020.75
8257,179,1823,s,163,164.0,False,2020.75,2021.0
8258,230,615,s,163,164.0,False,2020.75,2021.0
8259,230,763,s,163,168.0,False,2020.75,2022.0
8260,274,653,s,163,166.0,False,2020.75,2021.5
8261,479,1804,s,163,168.0,False,2020.75,2022.0
8262,696,933,s,163,168.0,False,2020.75,2022.0
8263,1355,697,s,163,164.0,False,2020.75,2021.0
8264,1392,1294,s,163,166.0,False,2020.75,2021.5
8265,1405,1315,s,163,164.0,False,2020.75,2021.0
8266,1413,1483,s,163,165.0,False,2020.75,2021.25
8267,1429,1240,s,163,173.0,False,2020.75,2023.25
8268,1462,1476,s,163,163.0,False,2020.75,2020.75
8269,1465,1507,s,163,165.0,False,2020.75,2021.25
8270,1486,1459,s,163,166.0,False,2020.75,2021.5
8271,1638,1613,s,163,164.0,False,2020.75,2021.0
8272,1824,1417,s,163,173.0,False,2020.75,2023.25
8273,1898,1202,s,163,164.0,False,2020.75,2021.0
8274,43,1186,s,163,166.0,False,2020.75,2021.5
8275,179,1409,s,163,174.0,False,2020.75,2023.5
8276,204,673,s,163,168.0,False,2020.75,2022.0
8277,204,1513,s,163,164.0,False,2020.75,2021.0
8278,573,189,s,163,170.0,False,2020.75,2022.5
8279,702,1161,s,163,168.0,False,2020.75,2022.0
8280,754,417,s,163,164.0,False,2020.75,2021.0
8281,881,586,s,163,171.0,False,2020.75,2022.75
8282,1080,1407,s,163,168.0,False,2020.75,2022.0
8283,1088,407,s,163,165.0,False,2020.75,2021.25
8284,1204,1161,s,163,165.0,False,2020.75,2021.25
8285,1208,1225,s,163,164.0,False,2020.75,2021.0
8286,1223,1260,s,163,167.0,False,2020.75,2021.75
8287,1327,1693,s,163,172.0,False,2020.75,2023.0
8288,1430,1498,s,163,164.0,False,2020.75,2021.0
8289,1499,1314,s,163,167.0,False,2020.75,2021.75
8290,1499,1539,s,163,164.0,False,2020.75,2021.0
8291,1877,1314,s,163,174.0,False,2020.75,2023.5
8292,305,457,s,163,170.0,False,2020.75,2022.5
8293,337,205,s,163,167.0,False,2020.75,2021.75
8294,374,614,s,163,164.0,False,2020.75,2021.0
8295,432,1615,s,163,164.0,False,2020.75,2021.0
8296,594,653,s,163,166.0,False,2020.75,2021.5
8297,597,996,s,163,166.0,False,2020.75,2021.5
8298,696,524,s,163,164.0,False,2020.75,2021.0
8299,902,673,s,163,166.0,False,2020.75,2021.5
8300,916,824,s,163,170.0,False,2020.75,2022.5
8301,944,704,s,163,170.0,False,2020.75,2022.5
8302,1159,1513,s,163,169.0,False,2020.75,2022.25
8303,1292,1278,s,163,174.0,False,2020.75,2023.5
8304,1429,1415,s,163,165.0,False,2020.75,2021.25
8305,1465,1433,s,163,165.0,False,2020.75,2021.25
8306,1485,1568,s,163,166.0,False,2020.75,2021.5
8307,1591,1524,s,163,171.0,False,2020.75,2022.75
8308,1854,1259,s,163,166.0,False,2020.75,2021.5
8309,1877,1822,s,163,164.0,False,2020.75,2021.0
8310,1940,1391,s,163,168.0,False,2020.75,2022.0
8311,1156,1364,l,163,191.0,True,2020.75,2027.75
8312,482,653,l,163,,True,2020.75,
8313,575,708,l,163,223.0,True,2020.75,2035.75
8314,739,291,l,163,171.0,True,2020.75,2022.75
8315,1517,1846,l,163,235.0,True,2020.75,2038.75
8316,113,495,l,163,172.0,True,2020.75,2023.0
8317,1076,697,l,163,174.0,True,2020.75,2023.5
8318,594,90,s,164,169.0,False,2021.0,2022.25
8319,738,480,s,164,164.0,False,2021.0,2021.0
8320,1085,586,s,164,166.0,False,2021.0,2021.5
8321,1086,1847,s,164,168.0,False,2021.0,2022.0
8322,1248,1186,s,164,165.0,False,2021.0,2021.25
8323,1329,341,s,164,165.0,False,2021.0,2021.25
8324,1350,1225,s,164,165.0,False,2021.0,2021.25
8325,1410,1693,s,164,169.0,False,2021.0,2022.25
8326,1484,1225,s,164,166.0,False,2021.0,2021.5
8327,1515,1524,s,164,169.0,False,2021.0,2022.25
8328,1698,1001,s,164,164.0,False,2021.0,2021.0
8329,1920,1534,s,164,169.0,False,2021.0,2022.25
8330,15,1288,s,164,164.0,False,2021.0,2021.0
8331,196,586,s,164,166.0,False,2021.0,2021.5
8332,418,443,s,164,167.0,False,2021.0,2021.75
8333,432,1851,s,164,167.0,False,2021.0,2021.75
8334,871,697,s,164,185.0,False,2021.0,2026.25
8335,1084,545,s,164,165.0,False,2021.0,2021.25
8336,1237,1467,s,164,169.0,False,2021.0,2022.25
8337,1425,1534,s,164,165.0,False,2021.0,2021.25
8338,1482,1209,s,164,168.0,False,2021.0,2022.0
8339,1521,1363,s,164,173.0,False,2021.0,2023.25
8340,1626,1364,s,164,165.0,False,2021.0,2021.25
8341,1825,1246,s,164,167.0,False,2021.0,2021.75
8342,132,903,s,164,170.0,False,2021.0,2022.5
8343,222,189,s,164,168.0,False,2021.0,2022.0
8344,561,375,s,164,168.0,False,2021.0,2022.0
8345,1076,1823,s,164,166.0,False,2021.0,2021.5
8346,1148,1593,s,164,167.0,False,2021.0,2021.75
8347,1185,1243,s,164,169.0,False,2021.0,2022.25
8348,1217,1196,s,164,165.0,False,2021.0,2021.25
8349,1256,1364,s,164,167.0,False,2021.0,2021.75
8350,1326,1424,s,164,168.0,False,2021.0,2022.0
8351,1517,1219,s,164,172.0,False,2021.0,2023.0
8352,1595,1264,s,164,166.0,False,2021.0,2021.5
8353,260,1012,l,164,194.0,True,2021.0,2028.5
8354,738,1186,l,164,230.0,True,2021.0,2037.5
8355,791,678,l,164,231.0,True,2021.0,2037.75
8356,1171,528,l,164,176.0,True,2021.0,2024.0
8357,34,1262,l,164,200.0,True,2021.0,2030.0
8358,150,1346,l,164,181.0,True,2021.0,2025.25
8359,837,1615,l,164,178.0,True,2021.0,2024.5
8360,1429,1513,l,164,,True,2021.0,
8361,1453,1244,l,164,173.0,True,2021.0,2023.25
8362,1877,1913,l,164,176.0,True,2021.0,2024.0
8363,57,856,s,165,181.0,False,2021.25,2025.25
8364,87,1593,s,165,165.0,False,2021.25,2021.25
8365,113,1023,s,165,166.0,False,2021.25,2021.5
8366,191,1024,s,165,166.0,False,2021.25,2021.5
8367,222,545,s,165,177.0,False,2021.25,2024.25
8368,234,689,s,165,168.0,False,2021.25,2022.0
8369,521,701,s,165,174.0,False,2021.25,2023.5
8370,715,572,s,165,165.0,False,2021.25,2021.25
8371,732,1541,s,165,191.0,False,2021.25,2027.75
8372,754,61,s,165,168.0,False,2021.25,2022.0
8373,815,1016,s,165,166.0,False,2021.25,2021.5
8374,960,192,s,165,178.0,False,2021.25,2024.5
8375,1010,571,s,165,168.0,False,2021.25,2022.0
8376,1076,1186,s,165,169.0,False,2021.25,2022.25
8377,1413,1260,s,165,172.0,False,2021.25,2023.0
8378,1485,1340,s,165,166.0,False,2021.25,2021.5
8379,1517,1598,s,165,166.0,False,2021.25,2021.5
8380,1677,1268,s,165,173.0,False,2021.25,2023.25
8381,234,678,s,165,166.0,False,2021.25,2021.5
8382,234,704,s,165,169.0,False,2021.25,2022.25
8383,274,108,s,165,167.0,False,2021.25,2021.75
8384,508,241,s,165,166.0,False,2021.25,2021.5
8385,549,399,s,165,166.0,False,2021.25,2021.5
8386,587,704,s,165,166.0,False,2021.25,2021.5
8387,597,1027,s,165,171.0,False,2021.25,2022.75
8388,609,901,s,165,168.0,False,2021.25,2022.0
8389,738,1360,s,165,167.0,False,2021.25,2021.75
8390,739,224,s,165,166.0,False,2021.25,2021.5
8391,934,302,s,165,166.0,False,2021.25,2021.5
8392,988,704,s,165,172.0,False,2021.25,2023.0
8393,998,1594,s,165,169.0,False,2021.25,2022.25
8394,1376,1534,s,165,169.0,False,2021.25,2022.25
8395,1496,1539,s,165,170.0,False,2021.25,2022.5
8396,1637,1822,s,165,167.0,False,2021.25,2021.75
8397,1940,1025,s,165,173.0,False,2021.25,2023.25
8398,235,1050,s,165,167.0,False,2021.25,2021.75
8399,418,793,s,165,167.0,False,2021.25,2021.75
8400,509,90,s,165,167.0,False,2021.25,2021.75
8401,715,345,s,165,178.0,False,2021.25,2024.5
8402,745,1001,s,165,166.0,False,2021.25,2021.5
8403,754,576,s,165,175.0,False,2021.25,2023.75
8404,1076,1001,s,165,168.0,False,2021.25,2022.0
8405,1076,1445,s,165,176.0,False,2021.25,2024.0
8406,1082,296,s,165,169.0,False,2021.25,2022.25
8407,1204,1295,s,165,166.0,False,2021.25,2021.5
8408,1257,1186,s,165,170.0,False,2021.25,2022.5
8409,1258,1240,s,165,170.0,False,2021.25,2022.5
8410,1468,1479,s,165,166.0,False,2021.25,2021.5
8411,837,1345,l,165,206.0,True,2021.25,2031.5
8412,1543,1452,l,165,243.0,True,2021.25,2040.75
8413,40,192,s,166,171.0,False,2021.5,2022.75
8414,222,1540,s,166,168.0,False,2021.5,2022.0
8415,343,1733,s,166,168.0,False,2021.5,2022.0
8416,422,956,s,166,172.0,False,2021.5,2023.0
8417,978,1001,s,166,167.0,False,2021.5,2021.75
8418,995,1163,s,166,168.0,False,2021.5,2022.0
8419,1204,1246,s,166,169.0,False,2021.5,2022.25
8420,1327,24,s,166,166.0,False,2021.5,2021.5
8421,1380,1477,s,166,168.0,False,2021.5,2022.0
8422,1413,1513,s,166,167.0,False,2021.5,2021.75
8423,1444,1304,s,166,166.0,False,2021.5,2021.5
8424,1504,1381,s,166,166.0,False,2021.5,2021.5
8425,1545,1033,s,166,167.0,False,2021.5,2021.75
8426,1877,1498,s,166,166.0,False,2021.5,2021.5
8427,191,1196,s,166,167.0,False,2021.5,2021.75
8428,211,1163,s,166,168.0,False,2021.5,2022.0
8429,260,1614,s,166,167.0,False,2021.5,2021.75
8430,415,649,s,166,168.0,False,2021.5,2022.0
8431,529,956,s,166,170.0,False,2021.5,2022.5
8432,573,268,s,166,168.0,False,2021.5,2022.0
8433,681,907,s,166,171.0,False,2021.5,2022.75
8434,739,1207,s,166,170.0,False,2021.5,2022.5
8435,837,464,s,166,169.0,False,2021.5,2022.25
8436,875,340,s,166,166.0,False,2021.5,2021.5
8437,908,1201,s,166,173.0,False,2021.5,2023.25
8438,978,1277,s,166,167.0,False,2021.5,2021.75
8439,1079,1265,s,166,166.0,False,2021.5,2021.5
8440,1086,189,s,166,168.0,False,2021.5,2022.0
8441,1327,1310,s,166,166.0,False,2021.5,2021.5
8442,1370,1417,s,166,167.0,False,2021.5,2021.75
8443,1444,1295,s,166,171.0,False,2021.5,2022.75
8444,1503,1536,s,166,166.0,False,2021.5,2021.5
8445,1577,180,s,166,176.0,False,2021.5,2024.0
8446,1877,1530,s,166,167.0,False,2021.5,2021.75
8447,141,90,s,166,167.0,False,2021.5,2021.75
8448,913,1655,s,166,171.0,False,2021.5,2022.75
8449,938,306,s,166,168.0,False,2021.5,2022.0
8450,1473,1193,s,166,173.0,False,2021.5,2023.25
8451,1504,1481,s,166,170.0,False,2021.5,2022.5
8452,1515,1363,s,166,171.0,False,2021.5,2022.75
8453,1853,1225,s,166,171.0,False,2021.5,2022.75
8454,1200,1535,l,166,182.0,True,2021.5,2025.5
8455,1223,1234,l,166,198.0,True,2021.5,2029.5
8456,1552,1481,l,166,,True,2021.5,
8457,1581,1219,l,166,172.0,True,2021.5,2023.0
8458,1333,1310,l,166,190.0,True,2021.5,2027.5
8459,1463,1583,l,166,202.0,True,2021.5,2030.5
8460,113,899,l,166,188.0,True,2021.5,2027.0
8461,150,524,l,166,179.0,True,2021.5,2024.75
8462,15,409,s,167,171.0,False,2021.75,2022.75
8463,57,293,s,167,167.0,False,2021.75,2021.75
8464,196,1540,s,167,168.0,False,2021.75,2022.0
8465,211,295,s,167,181.0,False,2021.75,2025.25
8466,260,740,s,167,180.0,False,2021.75,2025.0
8467,381,1044,s,167,171.0,False,2021.75,2022.75
8468,594,689,s,167,174.0,False,2021.75,2023.5
8469,919,340,s,167,167.0,False,2021.75,2021.75
8470,955,952,s,167,169.0,False,2021.75,2022.25
8471,978,399,s,167,169.0,False,2021.75,2022.25
8472,1077,1158,s,167,169.0,False,2021.75,2022.25
8473,1152,1219,s,167,172.0,False,2021.75,2023.0
8474,1266,1446,s,167,167.0,False,2021.75,2021.75
8475,1293,1498,s,167,168.0,False,2021.75,2022.0
8476,1486,1559,s,167,171.0,False,2021.75,2022.75
8477,1496,1389,s,167,170.0,False,2021.75,2022.5
8478,1518,1207,s,167,168.0,False,2021.75,2022.0
8479,1824,1219,s,167,167.0,False,2021.75,2021.75
8480,1824,1334,s,167,174.0,False,2021.75,2023.5
8481,1940,171,s,167,176.0,False,2021.75,2024.0
8482,211,586,s,167,168.0,False,2021.75,2022.0
8483,242,1695,s,167,169.0,False,2021.75,2022.25
8484,303,1395,s,167,168.0,False,2021.75,2022.0
8485,807,49,s,167,172.0,False,2021.75,2023.0
8486,1077,1268,s,167,170.0,False,2021.75,2022.5
8487,1184,1302,s,167,169.0,False,2021.75,2022.25
8488,1258,1225,s,167,169.0,False,2021.75,2022.25
8489,1328,345,s,167,168.0,False,2021.75,2022.0
8490,1352,1534,s,167,173.0,False,2021.75,2023.25
8491,1376,309,s,167,175.0,False,2021.75,2023.75
8492,1388,1306,s,167,171.0,False,2021.75,2022.75
8493,1429,1267,s,167,170.0,False,2021.75,2022.5
8494,1484,1201,s,167,168.0,False,2021.75,2022.0
8495,57,1012,s,167,173.0,False,2021.75,2023.25
8496,150,614,s,167,168.0,False,2021.75,2022.0
8497,432,61,s,167,173.0,False,2021.75,2023.25
8498,594,1540,s,167,172.0,False,2021.75,2023.0
8499,736,950,s,167,176.0,False,2021.75,2024.0
8500,754,399,s,167,168.0,False,2021.75,2022.0
8501,754,407,s,167,170.0,False,2021.75,2022.5
8502,940,1316,s,167,178.0,False,2021.75,2024.5
8503,1312,1363,s,167,183.0,False,2021.75,2025.75
8504,1468,1487,s,167,175.0,False,2021.75,2023.75
8505,1578,481,s,167,168.0,False,2021.75,2022.0
8506,1588,1513,s,167,170.0,False,2021.75,2022.5
8507,1880,606,s,167,175.0,False,2021.75,2023.75
8508,718,1023,l,167,168.0,True,2021.75,2022.0
8509,936,498,l,167,206.0,True,2021.75,2031.5
8510,1275,1535,l,167,223.0,True,2021.75,2035.75
8511,1877,1479,l,167,168.0,True,2021.75,2022.0
8512,936,243,l,167,227.0,True,2021.75,2036.75
8513,15,793,s,168,174.0,False,2022.0,2023.5
8514,15,1272,s,168,168.0,False,2022.0,2022.0
8515,53,708,s,168,173.0,False,2022.0,2023.25
8516,203,942,s,168,172.0,False,2022.0,2023.0
8517,230,90,s,168,172.0,False,2022.0,2023.0
8518,482,1234,s,168,172.0,False,2022.0,2023.0
8519,482,1360,s,168,171.0,False,2022.0,2022.75
8520,1075,1015,s,168,174.0,False,2022.0,2023.5
8521,1171,898,s,168,170.0,False,2022.0,2022.5
8522,1256,1209,s,168,176.0,False,2022.0,2024.0
8523,1521,1345,s,168,172.0,False,2022.0,2023.0
8524,1532,1477,s,168,174.0,False,2022.0,2023.5
8525,1538,1529,s,168,171.0,False,2022.0,2022.75
8526,57,824,s,168,174.0,False,2022.0,2023.5
8527,211,302,s,168,171.0,False,2022.0,2022.75
8528,222,952,s,168,172.0,False,2022.0,2023.0
8529,670,192,s,168,169.0,False,2022.0,2022.25
8530,739,1017,s,168,169.0,False,2022.0,2022.25
8531,821,261,s,168,176.0,False,2022.0,2024.0
8532,916,1165,s,168,170.0,False,2022.0,2022.5
8533,936,464,s,168,174.0,False,2022.0,2023.5
8534,937,1150,s,168,169.0,False,2022.0,2022.25
8535,1080,903,s,168,177.0,False,2022.0,2024.25
8536,1087,1032,s,168,171.0,False,2022.0,2022.75
8537,1192,1339,s,168,170.0,False,2022.0,2022.5
8538,1426,1398,s,168,175.0,False,2022.0,2023.75
8539,1504,1363,s,168,174.0,False,2022.0,2023.5
8540,1521,1294,s,168,172.0,False,2022.0,2023.0
8541,1586,1549,s,168,169.0,False,2022.0,2022.25
8542,1824,1530,s,168,170.0,False,2022.0,2022.5
8543,150,929,s,168,170.0,False,2022.0,2022.5
8544,152,789,s,168,171.0,False,2022.0,2022.75
8545,152,1954,s,168,171.0,False,2022.0,2022.75
8546,432,1611,s,168,169.0,False,2022.0,2022.25
8547,482,241,s,168,169.0,False,2022.0,2022.25
8548,718,176,s,168,181.0,False,2022.0,2025.25
8549,815,1735,s,168,169.0,False,2022.0,2022.25
8550,859,824,s,168,169.0,False,2022.0,2022.25
8551,909,453,s,168,178.0,False,2022.0,2024.5
8552,944,947,s,168,169.0,False,2022.0,2022.25
8553,1080,524,s,168,172.0,False,2022.0,2023.0
8554,1087,708,s,168,176.0,False,2022.0,2024.0
8555,1151,1243,s,168,169.0,False,2022.0,2022.25
8556,1353,1356,s,168,170.0,False,2022.0,2022.5
8557,1420,1274,s,168,170.0,False,2022.0,2022.5
8558,1426,1483,s,168,170.0,False,2022.0,2022.5
8559,1453,1163,s,168,175.0,False,2022.0,2023.75
8560,1462,1150,s,168,176.0,False,2022.0,2024.0
8561,1518,1308,s,168,174.0,False,2022.0,2023.5
8562,1576,1477,s,168,174.0,False,2022.0,2023.5
8563,1898,1264,s,168,169.0,False,2022.0,2022.25
8564,1898,1315,s,168,175.0,False,2022.0,2023.75
8565,1982,1340,s,168,169.0,False,2022.0,2022.25
8566,1081,1508,l,168,218.0,True,2022.0,2034.5
8567,1853,1513,l,168,199.0,True,2022.0,2029.75
8568,1271,530,l,168,172.0,True,2022.0,2023.0
8569,736,64,l,168,169.0,True,2022.0,2022.25
8570,736,956,l,168,172.0,True,2022.0,2023.0
8571,69,1259,s,169,174.0,False,2022.25,2023.5
8572,222,706,s,169,171.0,False,2022.25,2022.75
8573,230,793,s,169,176.0,False,2022.25,2024.0
8574,233,1611,s,169,175.0,False,2022.25,2023.75
8575,497,358,s,169,171.0,False,2022.25,2022.75
8576,754,306,s,169,170.0,False,2022.25,2022.5
8577,885,60,s,169,191.0,False,2022.25,2027.75
8578,1083,964,s,169,170.0,False,2022.25,2022.5
8579,1084,586,s,169,173.0,False,2022.25,2023.25
8580,1258,1243,s,169,170.0,False,2022.25,2022.5
8581,1331,1612,s,169,175.0,False,2022.25,2023.75
8582,1547,1289,s,169,174.0,False,2022.25,2023.5
8583,351,1548,s,169,171.0,False,2022.25,2022.75
8584,759,375,s,169,169.0,False,2022.25,2022.25
8585,871,1194,s,169,172.0,False,2022.25,2023.0
8586,1085,1272,s,169,172.0,False,2022.25,2023.0
8587,1087,1025,s,169,179.0,False,2022.25,2024.75
8588,1184,1733,s,169,170.0,False,2022.25,2022.5
8589,1223,1288,s,169,171.0,False,2022.25,2022.75
8590,1224,1246,s,169,176.0,False,2022.25,2024.0
8591,1394,1221,s,169,176.0,False,2022.25,2024.0
8592,1485,1219,s,169,172.0,False,2022.25,2023.0
8593,1591,1977,s,169,172.0,False,2022.25,2023.0
8594,1625,1306,s,169,170.0,False,2022.25,2022.5
8595,1854,1221,s,169,169.0,False,2022.25,2022.25
8596,1921,159,s,169,170.0,False,2022.25,2022.5
8597,1982,1381,s,169,170.0,False,2022.25,2022.5
8598,69,1540,s,169,171.0,False,2022.25,2022.75
8599,191,457,s,169,179.0,False,2022.25,2024.75
8600,234,1268,s,169,176.0,False,2022.25,2024.0
8601,343,375,s,169,173.0,False,2022.25,2023.25
8602,343,1377,s,169,174.0,False,2022.25,2023.5
8603,415,295,s,169,176.0,False,2022.25,2024.0
8604,479,411,s,169,171.0,False,2022.25,2022.75
8605,507,1012,s,169,171.0,False,2022.25,2022.75
8606,573,1026,s,169,171.0,False,2022.25,2022.75
8607,715,60,s,169,171.0,False,2022.25,2022.75
8608,815,1196,s,169,170.0,False,2022.25,2022.5
8609,1077,171,s,169,170.0,False,2022.25,2022.5
8610,1086,585,s,169,185.0,False,2022.25,2026.25
8611,1258,1523,s,169,170.0,False,2022.25,2022.5
8612,1325,1310,s,169,179.0,False,2022.25,2024.75
8613,1325,1340,s,169,179.0,False,2022.25,2024.75
8614,1327,1012,s,169,171.0,False,2022.25,2022.75
8615,1366,1163,s,169,171.0,False,2022.25,2022.75
8616,1425,1196,s,169,170.0,False,2022.25,2022.5
8617,1443,1431,s,169,176.0,False,2022.25,2024.0
8618,1550,1580,s,169,175.0,False,2022.25,2023.75
8619,1552,1467,s,169,172.0,False,2022.25,2023.0
8620,971,261,l,169,220.0,True,2022.25,2035.0
8621,1499,1481,l,169,230.0,True,2022.25,2037.5
8622,944,358,l,169,,True,2022.25,
8623,15,1613,s,170,176.0,False,2022.5,2024.0
8624,507,1593,s,170,176.0,False,2022.5,2024.0
8625,594,90,s,170,173.0,False,2022.5,2023.25
8626,637,1613,s,170,172.0,False,2022.5,2023.0
8627,696,576,s,170,174.0,False,2022.5,2023.5
8628,732,1734,s,170,170.0,False,2022.5,2022.5
8629,871,1012,s,170,176.0,False,2022.5,2024.0
8630,906,1615,s,170,175.0,False,2022.5,2023.75
8631,937,1019,s,170,175.0,False,2022.5,2023.75
8632,953,708,s,170,173.0,False,2022.5,2023.25
8633,1086,1016,s,170,170.0,False,2022.5,2022.5
8634,1152,1469,s,170,171.0,False,2022.5,2022.75
8635,1258,1363,s,170,170.0,False,2022.5,2022.5
8636,1273,1414,s,170,177.0,False,2022.5,2024.25
8637,1326,1776,s,170,171.0,False,2022.5,2022.75
8638,1329,824,s,170,171.0,False,2022.5,2022.75
8639,1331,1310,s,170,173.0,False,2022.5,2023.25
8640,1380,1823,s,170,171.0,False,2022.5,2022.75
8641,1853,990,s,170,182.0,False,2022.5,2025.5
8642,1856,749,s,170,180.0,False,2022.5,2025.0
8643,1877,1875,s,170,174.0,False,2022.5,2023.5
8644,75,1206,s,170,175.0,False,2022.5,2023.75
8645,113,24,s,170,172.0,False,2022.5,2023.0
8646,152,528,s,170,171.0,False,2022.5,2022.75
8647,169,1201,s,170,174.0,False,2022.5,2023.5
8648,222,701,s,170,174.0,False,2022.5,2023.5
8649,274,1008,s,170,172.0,False,2022.5,2023.0
8650,356,684,s,170,176.0,False,2022.5,2024.0
8651,479,90,s,170,176.0,False,2022.5,2024.0
8652,509,578,s,170,172.0,False,2022.5,2023.0
8653,594,793,s,170,171.0,False,2022.5,2022.75
8654,739,1017,s,170,176.0,False,2022.5,2024.0
8655,754,197,s,170,174.0,False,2022.5,2023.5
8656,938,585,s,170,172.0,False,2022.5,2023.0
8657,1010,691,s,170,174.0,False,2022.5,2023.5
8658,1082,691,s,170,182.0,False,2022.5,2025.5
8659,1212,64,s,170,174.0,False,2022.5,2023.5
8660,1405,1240,s,170,171.0,False,2022.5,2022.75
8661,1430,1452,s,170,178.0,False,2022.5,2024.5
8662,1456,1225,s,170,178.0,False,2022.5,2024.5
8663,1503,1583,s,170,181.0,False,2022.5,2025.25
8664,1589,1466,s,170,172.0,False,2022.5,2023.0
8665,1782,898,s,170,173.0,False,2022.5,2023.25
8666,1878,1556,s,170,174.0,False,2022.5,2023.5
8667,511,586,s,170,171.0,False,2022.5,2022.75
8668,630,1875,s,170,171.0,False,2022.5,2022.75
8669,759,628,s,170,180.0,False,2022.5,2025.0
8670,871,586,s,170,174.0,False,2022.5,2023.5
8671,1084,952,s,170,171.0,False,2022.5,2022.75
8672,1093,1851,s,170,180.0,False,2022.5,2025.0
8673,1184,291,s,170,173.0,False,2022.5,2023.25
8674,1239,1244,s,170,171.0,False,2022.5,2022.75
8675,1380,1846,s,170,172.0,False,2022.5,2023.0
8676,1413,1364,s,170,179.0,False,2022.5,2024.75
8677,1454,1391,s,170,185.0,False,2022.5,2026.25
8678,1473,1530,s,170,175.0,False,2022.5,2023.75
8679,1485,1216,s,170,178.0,False,2022.5,2024.5
8680,1511,1360,s,170,176.0,False,2022.5,2024.0
8681,1920,1822,s,170,174.0,False,2022.5,2023.5
8682,1588,1447,l,170,219.0,True,2022.5,2034.75
8683,1877,1341,l,170,207.0,True,2022.5,2031.75
8684,233,1291,l,170,222.0,True,2022.5,2035.5
8685,150,1733,s,171,179.0,False,2022.75,2024.75
8686,508,202,s,171,173.0,False,2022.75,2023.25
8687,754,295,s,171,179.0,False,2022.75,2024.75
8688,863,689,s,171,174.0,False,2022.75,2023.5
8689,1151,1412,s,171,174.0,False,2022.75,2023.5
8690,1394,1306,s,171,173.0,False,2022.75,2023.25
8691,1425,1412,s,171,176.0,False,2022.75,2024.0
8692,1444,1334,s,171,176.0,False,2022.75,2024.0
8693,1546,1479,s,171,172.0,False,2022.75,2023.0
8694,1853,1310,s,171,171.0,False,2022.75,2022.75
8695,15,1161,s,171,173.0,False,2022.75,2023.25
8696,321,224,s,171,172.0,False,2022.75,2023.0
8697,467,1540,s,171,172.0,False,2022.75,2023.0
8698,784,545,s,171,173.0,False,2022.75,2023.25
8699,1192,1259,s,171,173.0,False,2022.75,2023.25
8700,1273,1693,s,171,176.0,False,2022.75,2024.0
8701,1443,1310,s,171,175.0,False,2022.75,2023.75
8702,1485,1487,s,171,182.0,False,2022.75,2025.5
8703,1494,1377,s,171,174.0,False,2022.75,2023.5
8704,1499,1288,s,171,178.0,False,2022.75,2024.5
8705,1515,1593,s,171,172.0,False,2022.75,2023.0
8706,1879,1268,s,171,176.0,False,2022.75,2024.0
8707,1920,1466,s,171,174.0,False,2022.75,2023.5
8708,26,524,s,171,175.0,False,2022.75,2023.75
8709,43,1186,s,171,173.0,False,2022.75,2023.25
8710,234,1016,s,171,174.0,False,2022.75,2023.5
8711,316,1805,s,171,177.0,False,2022.75,2024.25
8712,533,1016,s,171,172.0,False,2022.75,2023.0
8713,909,1334,s,171,172.0,False,2022.75,2023.0
8714,1007,1505,s,171,173.0,False,2022.75,2023.25
8715,1075,740,s,171,176.0,False,2022.75,2024.0
8716,1223,1611,s,171,173.0,False,2022.75,2023.25
8717,1249,1264,s,171,172.0,False,2022.75,2023.0
8718,1254,1548,s,171,178.0,False,2022.75,2024.5
8719,1344,1334,s,171,174.0,False,2022.75,2023.5
8720,1473,1261,s,171,172.0,False,2022.75,2023.0
8721,1517,1893,s,171,173.0,False,2022.75,2023.25
8722,1544,524,s,171,172.0,False,2022.75,2023.0
8723,1577,1655,s,171,173.0,False,2022.75,2023.25
8724,1626,1459,s,171,175.0,False,2022.75,2023.75
8725,1896,1260,s,171,173.0,False,2022.75,2023.25
8726,1085,175,l,171,206.0,True,2022.75,2031.5
8727,356,1316,l,171,178.0,True,2022.75,2024.5
8728,196,952,l,171,208.0,True,2022.75,2032.0
8729,1425,1693,l,171,234.0,True,2022.75,2038.5
8730,1444,1513,l,171,197.0,True,2022.75,2029.25
8731,15,1314,s,172,173.0,False,2023.0,2023.25
8732,113,704,s,172,176.0,False,2023.0,2024.0
8733,150,823,s,172,172.0,False,2023.0,2023.0
8734,196,224,s,172,178.0,False,2023.0,2024.5
8735,203,586,s,172,177.0,False,2023.0,2024.25
8736,230,205,s,172,179.0,False,2023.0,2024.75
8737,304,996,s,172,174.0,False,2023.0,2023.5
8738,490,1028,s,172,174.0,False,2023.0,2023.5
8739,754,1381,s,172,175.0,False,2023.0,2023.75
8740,821,1411,s,172,173.0,False,2023.0,2023.25
8741,881,268,s,172,173.0,False,2023.0,2023.25
8742,906,1209,s,172,176.0,False,2023.0,2024.0
8743,919,293,s,172,175.0,False,2023.0,2023.75
8744,938,947,s,172,173.0,False,2023.0,2023.25
8745,1083,302,s,172,172.0,False,2023.0,2023.0
8746,1344,1341,s,172,172.0,False,2023.0,2023.0
8747,1471,1360,s,172,172.0,False,2023.0,2023.0
8748,1491,740,s,172,175.0,False,2023.0,2023.75
8749,1491,1205,s,172,178.0,False,2023.0,2024.5
8750,1518,1580,s,172,172.0,False,2023.0,2023.0
8751,1575,1974,s,172,172.0,False,2023.0,2023.0
8752,1601,1304,s,172,172.0,False,2023.0,2023.0
8753,1626,1306,s,172,175.0,False,2023.0,2023.75
8754,30,1163,s,172,173.0,False,2023.0,2023.25
8755,152,1893,s,172,175.0,False,2023.0,2023.75
8756,356,1019,s,172,178.0,False,2023.0,2024.5
8757,507,457,s,172,174.0,False,2023.0,2023.5
8758,647,898,s,172,172.0,False,2023.0,2023.0
8759,696,1022,s,172,177.0,False,2023.0,2024.25
8760,736,1360,s,172,174.0,False,2023.0,2023.5
8761,739,291,s,172,179.0,False,2023.0,2024.75
8762,955,1027,s,172,173.0,False,2023.0,2023.25
8763,1077,1428,s,172,173.0,False,2023.0,2023.25
8764,1081,61,s,172,173.0,False,2023.0,2023.25
8765,1239,1466,s,172,175.0,False,2023.0,2023.75
8766,1286,1012,s,172,173.0,False,2023.0,2023.25
8767,1326,1375,s,172,187.0,False,2023.0,2026.75
8768,1390,1974,s,172,173.0,False,2023.0,2023.25
8769,1471,1334,s,172,176.0,False,2023.0,2024.0
8770,1544,457,s,172,175.0,False,2023.0,2023.75
8771,1552,1221,s,172,172.0,False,2023.0,2023.0
8772,1638,1291,s,172,179.0,False,2023.0,2024.75
8773,1760,1201,s,172,173.0,False,2023.0,2023.25
8774,173,390,s,172,177.0,False,2023.0,2024.25
8775,204,1693,s,172,176.0,False,2023.0,2024.0
8776,351,1375,s,172,173.0,False,2023.0,2023.25
8777,432,586,s,172,175.0,False,2023.0,2023.75
8778,630,1467,s,172,180.0,False,2023.0,2025.0
8779,715,740,s,172,177.0,False,2023.0,2024.25
8780,1256,823,s,172,173.0,False,2023.0,2023.25
8781,1443,1914,s,172,173.0,False,2023.0,2023.25
8782,1551,1345,s,172,175.0,False,2023.0,2023.75
8783,1552,1341,s,172,173.0,False,2023.0,2023.25
8784,1566,1530,s,172,173.0,False,2023.0,2023.25
8785,1584,1519,s,172,179.0,False,2023.0,2024.75
8786,1605,1483,s,172,173.0,False,2023.0,2023.25
8787,330,217,l,172,184.0,True,2023.0,2026.0
8788,521,733,l,172,186.0,True,2023.0,2026.5
8789,1086,175,l,172,178.0,True,2023.0,2024.5
8790,1496,1315,l,172,202.0,True,2023.0,2030.5
8791,57,942,s,173,174.0,False,2023.25,2023.5
8792,152,108,s,173,176.0,False,2023.25,2024.0
8793,479,730,s,173,175.0,False,2023.25,2023.75
8794,702,1025,s,173,177.0,False,2023.25,2024.25
8795,881,2006,s,173,175.0,False,2023.25,2023.75
8796,936,32,s,173,178.0,False,2023.25,2024.5
8797,1085,55,s,173,180.0,False,2023.25,2025.0
8798,1156,1534,s,173,180.0,False,2023.25,2025.0
8799,1275,1612,s,173,177.0,False,2023.25,2024.25
8800,1327,1259,s,173,177.0,False,2023.25,2024.25
8801,1413,1423,s,173,177.0,False,2023.25,2024.25
8802,1430,1487,s,173,175.0,False,2023.25,2023.75
8803,1473,1272,s,173,173.0,False,2023.25,2023.25
8804,1490,1446,s,173,174.0,False,2023.25,2023.5
8805,1491,1272,s,173,174.0,False,2023.25,2023.5
8806,1491,1291,s,173,178.0,False,2023.25,2024.5
8807,1499,1498,s,173,183.0,False,2023.25,2025.75
8808,1504,1467,s,173,176.0,False,2023.25,2024.0
8809,1504,1569,s,173,184.0,False,2023.25,2026.0
8810,1515,1310,s,173,175.0,False,2023.25,2023.75
8811,1515,1481,s,173,177.0,False,2023.25,2024.25
8812,1521,1823,s,173,174.0,False,2023.25,2023.5
8813,1550,1398,s,173,173.0,False,2023.25,2023.25
8814,1581,1539,s,173,176.0,False,2023.25,2024.0
8815,1589,1467,s,173,173.0,False,2023.25,2023.25
8816,1983,708,s,173,177.0,False,2023.25,2024.25
8817,173,1498,s,173,182.0,False,2023.25,2025.5
8818,260,1240,s,173,174.0,False,2023.25,2023.5
8819,321,1016,s,173,177.0,False,2023.25,2024.25
8820,573,1346,s,173,179.0,False,2023.25,2024.75
8821,629,345,s,173,178.0,False,2023.25,2024.5
8822,696,24,s,173,174.0,False,2023.25,2023.5
8823,696,704,s,173,175.0,False,2023.25,2023.75
8824,913,1613,s,173,176.0,False,2023.25,2024.0
8825,1093,1166,s,173,176.0,False,2023.25,2024.0
8826,1258,1507,s,173,184.0,False,2023.25,2026.0
8827,1271,1536,s,173,189.0,False,2023.25,2027.25
8828,1499,1913,s,173,177.0,False,2023.25,2024.25
8829,1552,1539,s,173,180.0,False,2023.25,2025.0
8830,1565,1481,s,173,179.0,False,2023.25,2024.75
8831,1877,1977,s,173,179.0,False,2023.25,2024.75
8832,191,345,s,173,180.0,False,2023.25,2025.0
8833,936,1316,s,173,176.0,False,2023.25,2024.0
8834,1081,708,s,173,174.0,False,2023.25,2023.5
8835,1085,1693,s,173,182.0,False,2023.25,2025.5
8836,1148,1193,s,173,178.0,False,2023.25,2024.5
8837,1171,545,s,173,176.0,False,2023.25,2024.0
8838,1171,952,s,173,174.0,False,2023.25,2023.5
8839,1271,1288,s,173,174.0,False,2023.25,2023.5
8840,1292,1363,s,173,174.0,False,2023.25,2023.5
8841,1328,1693,s,173,175.0,False,2023.25,2023.75
8842,1521,1310,s,173,180.0,False,2023.25,2025.0
8843,1537,1360,s,173,179.0,False,2023.25,2024.75
8844,1552,2003,s,173,175.0,False,2023.25,2023.75
8845,274,1260,l,173,,True,2023.25,
8846,629,171,l,173,,True,2023.25,
8847,40,189,l,173,,True,2023.25,
8848,637,1391,l,173,,True,2023.25,
8849,1350,1381,l,173,232.0,True,2023.25,2038.0
8850,1577,1206,l,173,204.0,True,2023.25,2031.0
8851,936,345,l,173,175.0,True,2023.25,2023.75
8852,1081,1593,l,173,189.0,True,2023.25,2027.25
8853,1350,1295,l,173,,True,2023.25,
8854,150,614,s,174,179.0,False,2023.5,2024.75
8855,191,952,s,174,176.0,False,2023.5,2024.0
8856,211,129,s,174,177.0,False,2023.5,2024.25
8857,343,1733,s,174,184.0,False,2023.5,2026.0
8858,533,704,s,174,176.0,False,2023.5,2024.0
8859,759,586,s,174,175.0,False,2023.5,2023.75
8860,888,689,s,174,189.0,False,2023.5,2027.25
8861,971,1612,s,174,177.0,False,2023.5,2024.25
8862,1004,1274,s,174,174.0,False,2023.5,2023.5
8863,1079,1201,s,174,190.0,False,2023.5,2027.5
8864,1148,1534,s,174,176.0,False,2023.5,2024.0
8865,1184,1294,s,174,186.0,False,2023.5,2026.5
8866,1312,1260,s,174,176.0,False,2023.5,2024.0
8867,1344,1514,s,174,180.0,False,2023.5,2025.0
8868,1410,1240,s,174,180.0,False,2023.5,2025.0
8869,1516,1539,s,174,177.0,False,2023.5,2024.25
8870,1517,1268,s,174,176.0,False,2023.5,2024.0
8871,1546,1264,s,174,175.0,False,2023.5,2023.75
8872,1665,1306,s,174,178.0,False,2023.5,2024.5
8873,1877,1340,s,174,175.0,False,2023.5,2023.75
8874,230,261,s,174,183.0,False,2023.5,2025.75
8875,234,224,s,174,175.0,False,2023.5,2023.75
8876,321,1314,s,174,179.0,False,2023.5,2024.75
8877,696,793,s,174,175.0,False,2023.5,2023.75
8878,732,816,s,174,174.0,False,2023.5,2023.5
8879,1076,1346,s,174,175.0,False,2023.5,2023.75
8880,1235,697,s,174,176.0,False,2023.5,2024.0
8881,1454,1209,s,174,175.0,False,2023.5,2023.75
8882,1465,1399,s,174,174.0,False,2023.5,2023.5
8883,1516,1613,s,174,175.0,False,2023.5,2023.75
8884,1552,1534,s,174,176.0,False,2023.5,2024.0
8885,1577,708,s,174,181.0,False,2023.5,2025.25
8886,1853,417,s,174,178.0,False,2023.5,2024.5
8887,34,1206,s,174,179.0,False,2023.5,2024.75
8888,69,1776,s,174,175.0,False,2023.5,2023.75
8889,87,673,s,174,179.0,False,2023.5,2024.75
8890,173,1398,s,174,176.0,False,2023.5,2024.0
8891,231,1274,s,174,178.0,False,2023.5,2024.5
8892,525,1028,s,174,178.0,False,2023.5,2024.5
8893,580,824,s,174,180.0,False,2023.5,2025.0
8894,722,1467,s,174,181.0,False,2023.5,2025.25
8895,754,453,s,174,180.0,False,2023.5,2025.0
8896,807,95,s,174,177.0,False,2023.5,2024.25
8897,909,586,s,174,178.0,False,2023.5,2024.5
8898,919,347,s,174,178.0,False,2023.5,2024.5
8899,998,1021,s,174,176.0,False,2023.5,2024.0
8900,1085,708,s,174,175.0,False,2023.5,2023.75
8901,1171,842,s,174,176.0,False,2023.5,2024.0
8902,1326,1334,s,174,178.0,False,2023.5,2024.5
8903,1326,1476,s,174,176.0,False,2023.5,2024.0
8904,1333,1356,s,174,176.0,False,2023.5,2024.0
8905,1350,1611,s,174,176.0,False,2023.5,2024.0
8906,1394,1593,s,174,176.0,False,2023.5,2024.0
8907,1413,1246,s,174,179.0,False,2023.5,2024.75
8908,1430,1513,s,174,180.0,False,2023.5,2025.0
8909,1543,1654,s,174,176.0,False,2023.5,2024.0
8910,1982,1435,s,174,185.0,False,2023.5,2026.25
8911,1085,1847,l,174,,True,2023.5,
8912,1273,1505,l,174,186.0,True,2023.5,2026.5
8913,937,1377,l,174,,True,2023.5,
8914,1087,49,l,174,180.0,True,2023.5,2025.0
8915,1824,1448,l,174,190.0,True,2023.5,2027.5
8916,113,740,s,175,176.0,False,2023.75,2024.0
8917,133,213,s,175,175.0,False,2023.75,2023.75
8918,222,903,s,175,177.0,False,2023.75,2024.25
8919,230,295,s,175,188.0,False,2023.75,2027.0
8920,414,710,s,175,180.0,False,2023.75,2025.0
8921,715,450,s,175,177.0,False,2023.75,2024.25
8922,881,197,s,175,176.0,False,2023.75,2024.0
8923,1156,306,s,175,181.0,False,2023.75,2025.25
8924,1171,464,s,175,178.0,False,2023.75,2024.5
8925,1184,1369,s,175,181.0,False,2023.75,2025.25
8926,1329,347,s,175,180.0,False,2023.75,2025.0
8927,1485,1395,s,175,178.0,False,2023.75,2024.5
8928,1501,1334,s,175,176.0,False,2023.75,2024.0
8929,1501,1524,s,175,186.0,False,2023.75,2026.5
8930,1638,1161,s,175,175.0,False,2023.75,2023.75
8931,1781,1464,s,175,175.0,False,2023.75,2023.75
8932,1878,1593,s,175,181.0,False,2023.75,2025.25
8933,374,399,s,175,179.0,False,2023.75,2024.75
8934,466,290,s,175,177.0,False,2023.75,2024.25
8935,490,1207,s,175,176.0,False,2023.75,2024.0
8936,511,291,s,175,176.0,False,2023.75,2024.0
8937,575,360,s,175,178.0,False,2023.75,2024.5
8938,629,1189,s,175,181.0,False,2023.75,2025.25
8939,702,306,s,175,195.0,False,2023.75,2028.75
8940,871,678,s,175,176.0,False,2023.75,2024.0
8941,908,701,s,175,188.0,False,2023.75,2027.0
8942,1200,1479,s,175,177.0,False,2023.75,2024.25
8943,1550,1363,s,175,178.0,False,2023.75,2024.5
8944,15,390,s,175,177.0,False,2023.75,2024.25
8945,69,1260,s,175,176.0,False,2023.75,2024.0
8946,231,530,s,175,176.0,False,2023.75,2024.0
8947,234,1615,s,175,181.0,False,2023.75,2025.25
8948,418,1304,s,175,182.0,False,2023.75,2025.5
8949,430,534,s,175,188.0,False,2023.75,2027.0
8950,508,2006,s,175,177.0,False,2023.75,2024.25
8951,587,1846,s,175,177.0,False,2023.75,2024.25
8952,815,399,s,175,183.0,False,2023.75,2025.75
8953,988,1206,s,175,179.0,False,2023.75,2024.75
8954,1077,1259,s,175,182.0,False,2023.75,2025.5
8955,1208,684,s,175,178.0,False,2023.75,2024.5
8956,1258,1268,s,175,182.0,False,2023.75,2025.5
8957,1325,1539,s,175,177.0,False,2023.75,2024.25
8958,1425,1431,s,175,177.0,False,2023.75,2024.25
8959,1444,1977,s,175,182.0,False,2023.75,2025.5
8960,1546,1412,s,175,178.0,False,2023.75,2024.5
8961,1546,1414,s,175,186.0,False,2023.75,2026.5
8962,1637,1356,s,175,183.0,False,2023.75,2025.75
8963,204,1594,l,175,236.0,True,2023.75,2039.0
8964,715,1221,l,175,,True,2023.75,
8965,1625,1539,l,175,204.0,True,2023.75,2031.0
8966,43,1262,l,175,243.0,True,2023.75,2040.75
8967,739,653,l,175,228.0,True,2023.75,2037.0
8968,1358,1216,l,175,,True,2023.75,
8969,1444,1875,l,175,231.0,True,2023.75,2037.75
8970,1538,1733,l,175,204.0,True,2023.75,2031.0
8971,739,1268,l,175,228.0,True,2023.75,2037.0
8972,754,205,l,175,232.0,True,2023.75,2038.0
8973,1760,443,l,175,239.0,True,2023.75,2039.75
8974,1940,614,l,175,225.0,True,2023.75,2036.25
8975,141,1022,s,176,177.0,False,2024.0,2024.25
8976,152,793,s,176,176.0,False,2024.0,2024.0
8977,191,2006,s,176,177.0,False,2024.0,2024.25
8978,234,785,s,176,181.0,False,2024.0,2025.25
8979,322,1206,s,176,181.0,False,2024.0,2025.25
8980,490,291,s,176,178.0,False,2024.0,2024.5
8981,1152,1534,s,176,176.0,False,2024.0,2024.0
8982,1204,1433,s,176,177.0,False,2024.0,2024.25
8983,1239,697,s,176,187.0,False,2024.0,2026.75
8984,1370,1498,s,176,178.0,False,2024.0,2024.5
8985,1434,1846,s,176,181.0,False,2024.0,2025.25
8986,1491,1162,s,176,177.0,False,2024.0,2024.25
8987,1577,793,s,176,178.0,False,2024.0,2024.5
8988,1604,1975,s,176,177.0,False,2024.0,2024.25
8989,1824,1539,s,176,185.0,False,2024.0,2026.25
8990,1877,1466,s,176,184.0,False,2024.0,2026.0
8991,1898,1289,s,176,177.0,False,2024.0,2024.25
8992,69,1288,s,176,179.0,False,2024.0,2024.75
8993,222,1310,s,176,183.0,False,2024.0,2025.75
8994,351,1238,s,176,182.0,False,2024.0,2025.5
8995,953,1615,s,176,177.0,False,2024.0,2024.25
8996,962,416,s,176,179.0,False,2024.0,2024.75
8997,988,268,s,176,181.0,False,2024.0,2025.25
8998,998,1262,s,176,177.0,False,2024.0,2024.25
8999,1082,95,s,176,199.0,False,2024.0,2029.75
9000,1376,1375,s,176,182.0,False,2024.0,2025.5
9001,1416,1339,s,176,177.0,False,2024.0,2024.25
9002,1589,1381,s,176,189.0,False,2024.0,2027.25
9003,1595,1262,s,176,178.0,False,2024.0,2024.5
9004,1854,1478,s,176,178.0,False,2024.0,2024.5
9005,1879,1364,s,176,180.0,False,2024.0,2025.0
9006,321,61,s,176,179.0,False,2024.0,2024.75
9007,356,750,s,176,185.0,False,2024.0,2026.25
9008,507,1306,s,176,178.0,False,2024.0,2024.5
9009,739,1377,s,176,185.0,False,2024.0,2026.25
9010,754,2021,s,176,177.0,False,2024.0,2024.25
9011,1074,1216,s,176,177.0,False,2024.0,2024.25
9012,1148,1225,s,176,177.0,False,2024.0,2024.25
9013,1224,1186,s,176,181.0,False,2024.0,2025.25
9014,1328,585,s,176,177.0,False,2024.0,2024.25
9015,1451,990,s,176,180.0,False,2024.0,2025.0
9016,1538,1377,s,176,190.0,False,2024.0,2027.5
9017,1544,1012,s,176,177.0,False,2024.0,2024.25
9018,1589,1583,s,176,177.0,False,2024.0,2024.25
9019,1629,1535,s,176,180.0,False,2024.0,2025.0
9020,1982,673,s,176,183.0,False,2024.0,2025.75
9021,191,192,l,176,177.0,True,2024.0,2024.25
9022,881,1346,l,176,194.0,True,2024.0,2028.5
9023,1007,1234,l,176,210.0,True,2024.0,2032.5
9024,1220,1407,l,176,198.0,True,2024.0,2029.5
9025,1546,1295,l,176,238.0,True,2024.0,2039.5
9026,1853,1150,l,176,219.0,True,2024.0,2034.75
9027,1982,1559,l,176,212.0,True,2024.0,2033.0
9028,815,55,l,176,,True,2024.0,
9029,1543,2002,l,176,,True,2024.0,
9030,15,1018,s,177,190.0,False,2024.25,2027.5
9031,113,237,s,177,179.0,False,2024.25,2024.75
9032,152,1194,s,177,178.0,False,2024.25,2024.5
9033,412,24,s,177,178.0,False,2024.25,2024.5
9034,841,701,s,177,180.0,False,2024.25,2025.0
9035,858,24,s,177,182.0,False,2024.25,2025.5
9036,859,340,s,177,186.0,False,2024.25,2026.5
9037,913,1593,s,177,181.0,False,2024.25,2025.25
9038,916,340,s,177,184.0,False,2024.25,2026.0
9039,1171,399,s,177,178.0,False,2024.25,2024.5
9040,1190,1158,s,177,177.0,False,2024.25,2024.25
9041,1237,1278,s,177,179.0,False,2024.25,2024.75
9042,1239,1291,s,177,181.0,False,2024.25,2025.25
9043,1293,1244,s,177,183.0,False,2024.25,2025.75
9044,1491,1507,s,177,178.0,False,2024.25,2024.5
9045,1547,1412,s,177,184.0,False,2024.25,2026.0
9046,1626,1423,s,177,179.0,False,2024.25,2024.75
9047,1715,1314,s,177,179.0,False,2024.25,2024.75
9048,1878,1655,s,177,184.0,False,2024.25,2026.0
9049,15,1341,s,177,184.0,False,2024.25,2026.0
9050,191,571,s,177,182.0,False,2024.25,2025.5
9051,222,789,s,177,191.0,False,2024.25,2027.75
9052,374,375,s,177,179.0,False,2024.25,2024.75
9053,609,1757,s,177,179.0,False,2024.25,2024.75
9054,736,1028,s,177,181.0,False,2024.25,2025.25
9055,885,126,s,177,179.0,False,2024.25,2024.75
9056,988,689,s,177,184.0,False,2024.25,2026.0
9057,1005,1015,s,177,181.0,False,2024.25,2025.25
9058,1078,1476,s,177,182.0,False,2024.25,2025.5
9059,1085,61,s,177,182.0,False,2024.25,2025.5
9060,1329,1540,s,177,177.0,False,2024.25,2024.25
9061,1626,1561,s,177,180.0,False,2024.25,2025.0
9062,1677,1201,s,177,180.0,False,2024.25,2025.0
9063,1759,1433,s,177,180.0,False,2024.25,2025.0
9064,87,1244,s,177,178.0,False,2024.25,2024.5
9065,191,842,s,177,192.0,False,2024.25,2028.0
9066,222,295,s,177,185.0,False,2024.25,2026.25
9067,321,1823,s,177,178.0,False,2024.25,2024.5
9068,445,90,s,177,181.0,False,2024.25,2025.25
9069,556,586,s,177,178.0,False,2024.25,2024.5
9070,715,1346,s,177,179.0,False,2024.25,2024.75
9071,739,399,s,177,181.0,False,2024.25,2025.25
9072,953,528,s,177,178.0,False,2024.25,2024.5
9073,1151,1259,s,177,181.0,False,2024.25,2025.25
9074,1275,1381,s,177,186.0,False,2024.25,2026.5
9075,1462,1428,s,177,193.0,False,2024.25,2028.25
9076,1485,1163,s,177,180.0,False,2024.25,2025.0
9077,1502,1309,s,177,180.0,False,2024.25,2025.0
9078,1511,1822,s,177,181.0,False,2024.25,2025.25
9079,1577,375,s,177,182.0,False,2024.25,2025.5
9080,1591,1295,s,177,178.0,False,2024.25,2024.5
9081,1625,1291,s,177,184.0,False,2024.25,2026.0
9082,1629,1580,s,177,183.0,False,2024.25,2025.75
9083,1716,1289,s,177,180.0,False,2024.25,2025.0
9084,1824,1560,s,177,218.0,False,2024.25,2034.5
9085,1826,1202,s,177,179.0,False,2024.25,2024.75
9086,1826,1395,s,177,184.0,False,2024.25,2026.0
9087,1877,1196,s,177,180.0,False,2024.25,2025.0
9088,150,306,l,177,200.0,True,2024.25,2030.0
9089,1482,1913,l,177,179.0,True,2024.25,2024.75
9090,1258,1310,l,177,188.0,True,2024.25,2027.0
9091,113,24,s,178,178.0,False,2024.5,2024.5
9092,150,1029,s,178,178.0,False,2024.5,2024.5
9093,381,1735,s,178,180.0,False,2024.5,2025.0
9094,573,1166,s,178,178.0,False,2024.5,2024.5
9095,909,1316,s,178,180.0,False,2024.5,2025.0
9096,936,898,s,178,179.0,False,2024.5,2024.75
9097,1152,586,s,178,180.0,False,2024.5,2025.0
9098,1156,1291,s,178,181.0,False,2024.5,2025.25
9099,1190,530,s,178,181.0,False,2024.5,2025.25
9100,1328,586,s,178,178.0,False,2024.5,2024.5
9101,1370,1395,s,178,181.0,False,2024.5,2025.25
9102,1521,1479,s,178,179.0,False,2024.5,2024.75
9103,1641,1514,s,178,181.0,False,2024.5,2025.25
9104,1920,1345,s,178,184.0,False,2024.5,2026.0
9105,40,615,s,178,179.0,False,2024.5,2024.75
9106,113,1026,s,178,179.0,False,2024.5,2024.75
9107,343,1377,s,178,178.0,False,2024.5,2024.5
9108,418,933,s,178,183.0,False,2024.5,2025.75
9109,508,545,s,178,180.0,False,2024.5,2025.0
9110,715,313,s,178,185.0,False,2024.5,2026.25
9111,754,399,s,178,182.0,False,2024.5,2025.5
9112,881,1540,s,178,179.0,False,2024.5,2024.75
9113,1081,1201,s,178,185.0,False,2024.5,2026.25
9114,1083,708,s,178,180.0,False,2024.5,2025.0
9115,1086,1304,s,178,182.0,False,2024.5,2025.5
9116,1086,1540,s,178,182.0,False,2024.5,2025.5
9117,1152,1411,s,178,189.0,False,2024.5,2027.25
9118,1258,740,s,178,184.0,False,2024.5,2026.0
9119,1454,1364,s,178,187.0,False,2024.5,2026.75
9120,1491,126,s,178,178.0,False,2024.5,2024.5
9121,1521,1337,s,178,179.0,False,2024.5,2024.75
9122,1550,1568,s,178,188.0,False,2024.5,2027.0
9123,1647,1375,s,178,187.0,False,2024.5,2026.75
9124,1759,1260,s,178,179.0,False,2024.5,2024.75
9125,1759,1558,s,178,180.0,False,2024.5,2025.0
9126,222,1030,s,178,183.0,False,2024.5,2025.75
9127,248,950,s,178,180.0,False,2024.5,2025.0
9128,394,1001,s,178,181.0,False,2024.5,2025.25
9129,575,534,s,178,179.0,False,2024.5,2024.75
9130,696,1613,s,178,179.0,False,2024.5,2024.75
9131,715,1018,s,178,179.0,False,2024.5,2024.75
9132,732,952,s,178,181.0,False,2024.5,2025.25
9133,743,1315,s,178,181.0,False,2024.5,2025.25
9134,791,306,s,178,181.0,False,2024.5,2025.25
9135,871,61,s,178,181.0,False,2024.5,2025.25
9136,953,295,s,178,180.0,False,2024.5,2025.0
9137,1087,1347,s,178,179.0,False,2024.5,2024.75
9138,1171,2021,s,178,179.0,False,2024.5,2024.75
9139,1208,1524,s,178,180.0,False,2024.5,2025.0
9140,1224,1464,s,178,180.0,False,2024.5,2025.0
9141,1286,1186,s,178,180.0,False,2024.5,2025.0
9142,1327,146,s,178,185.0,False,2024.5,2026.25
9143,1410,1445,s,178,179.0,False,2024.5,2024.75
9144,1410,1593,s,178,180.0,False,2024.5,2025.0
9145,1429,1417,s,178,191.0,False,2024.5,2027.75
9146,1543,1277,s,178,188.0,False,2024.5,2027.0
9147,1329,1979,l,178,196.0,True,2024.5,2029.0
9148,1595,1315,l,178,196.0,True,2024.5,2029.0
9149,863,1020,l,178,,True,2024.5,
9150,1079,1395,l,178,230.0,True,2024.5,2037.5
9151,1171,2004,l,178,229.0,True,2024.5,2037.25
9152,1429,1304,l,178,208.0,True,2024.5,2032.0
9153,15,1288,s,179,185.0,False,2024.75,2026.25
9154,573,1981,s,179,179.0,False,2024.75,2024.75
9155,715,1161,s,179,187.0,False,2024.75,2026.75
9156,784,1612,s,179,181.0,False,2024.75,2025.25
9157,837,990,s,179,190.0,False,2024.75,2027.5
9158,1081,740,s,179,182.0,False,2024.75,2025.5
9159,1190,1417,s,179,186.0,False,2024.75,2026.5
9160,1211,1693,s,179,181.0,False,2024.75,2025.25
9161,1224,1974,s,179,183.0,False,2024.75,2025.75
9162,1254,1655,s,179,185.0,False,2024.75,2026.25
9163,1325,1294,s,179,180.0,False,2024.75,2025.0
9164,1326,1216,s,179,185.0,False,2024.75,2026.25
9165,1517,1558,s,179,183.0,False,2024.75,2025.75
9166,1824,1524,s,179,181.0,False,2024.75,2025.25
9167,234,524,s,179,179.0,False,2024.75,2024.75
9168,415,653,s,179,182.0,False,2024.75,2025.5
9169,1003,1823,s,179,184.0,False,2024.75,2026.0
9170,1086,399,s,179,181.0,False,2024.75,2025.25
9171,1195,1364,s,179,180.0,False,2024.75,2025.0
9172,1270,1016,s,179,180.0,False,2024.75,2025.0
9173,1380,1381,s,179,182.0,False,2024.75,2025.5
9174,1426,1431,s,179,180.0,False,2024.75,2025.0
9175,1499,1414,s,179,181.0,False,2024.75,2025.25
9176,1502,1823,s,179,185.0,False,2024.75,2026.25
9177,1595,1393,s,179,180.0,False,2024.75,2025.0
9178,1604,1524,s,179,185.0,False,2024.75,2026.25
9179,1939,1341,s,179,180.0,False,2024.75,2025.0
9180,2026,1363,s,179,180.0,False,2024.75,2025.0
9181,15,1265,s,179,188.0,False,2024.75,2027.0
9182,152,1268,s,179,187.0,False,2024.75,2026.75
9183,211,665,s,179,180.0,False,2024.75,2025.0
9184,322,146,s,179,183.0,False,2024.75,2025.75
9185,508,1012,s,179,183.0,False,2024.75,2025.75
9186,556,416,s,179,181.0,False,2024.75,2025.25
9187,885,678,s,179,181.0,False,2024.75,2025.25
9188,1153,1261,s,179,192.0,False,2024.75,2028.0
9189,1331,1306,s,179,184.0,False,2024.75,2026.0
9190,1430,1341,s,179,185.0,False,2024.75,2026.25
9191,1443,1913,s,179,188.0,False,2024.75,2027.0
9192,1486,1487,s,179,180.0,False,2024.75,2025.0
9193,1521,1302,s,179,183.0,False,2024.75,2025.75
9194,1555,1294,s,179,187.0,False,2024.75,2026.75
9195,1562,1559,s,179,181.0,False,2024.75,2025.25
9196,1574,1467,s,179,183.0,False,2024.75,2025.75
9197,1637,1341,s,179,181.0,False,2024.75,2025.25
9198,1680,1709,s,179,193.0,False,2024.75,2028.25
9199,1877,1507,s,179,204.0,False,2024.75,2031.0
9200,1920,1240,s,179,194.0,False,2024.75,2028.5
9201,92,614,l,179,201.0,True,2024.75,2030.25
9202,191,1016,l,179,220.0,True,2024.75,2035.0
9203,561,309,l,179,210.0,True,2024.75,2032.5
9204,204,306,l,179,184.0,True,2024.75,2026.0
9205,507,1264,l,179,227.0,True,2024.75,2036.75
9206,1254,1506,l,179,186.0,True,2024.75,2026.5
9207,1425,1487,l,179,212.0,True,2024.75,2033.0
9208,497,1031,s,180,182.0,False,2025.0,2025.5
9209,902,1193,s,180,204.0,False,2025.0,2031.0
9210,937,296,s,180,183.0,False,2025.0,2025.75
9211,962,261,s,180,180.0,False,2025.0,2025.0
9212,1080,1615,s,180,180.0,False,2025.0,2025.0
9213,1087,360,s,180,192.0,False,2025.0,2028.0
9214,1151,1593,s,180,180.0,False,2025.0,2025.0
9215,1191,1875,s,180,180.0,False,2025.0,2025.0
9216,1254,1206,s,180,180.0,False,2025.0,2025.0
9217,1263,1530,s,180,190.0,False,2025.0,2027.5
9218,1484,1295,s,180,187.0,False,2025.0,2026.75
9219,1485,1556,s,180,181.0,False,2025.0,2025.25
9220,1608,1559,s,180,185.0,False,2025.0,2026.25
9221,1781,1412,s,180,182.0,False,2025.0,2025.5
9222,1940,16,s,180,180.0,False,2025.0,2025.0
9223,15,1214,s,180,180.0,False,2025.0,2025.0
9224,191,952,s,180,182.0,False,2025.0,2025.5
9225,328,842,s,180,185.0,False,2025.0,2026.25
9226,556,2021,s,180,181.0,False,2025.0,2025.25
9227,722,2020,s,180,187.0,False,2025.0,2026.75
9228,754,306,s,180,186.0,False,2025.0,2026.5
9229,871,1593,s,180,183.0,False,2025.0,2025.75
9230,971,2021,s,180,182.0,False,2025.0,2025.5
9231,1086,1306,s,180,182.0,False,2025.0,2025.5
9232,1171,167,s,180,181.0,False,2025.0,2025.25
9233,1366,108,s,180,183.0,False,2025.0,2025.75
9234,1444,1598,s,180,185.0,False,2025.0,2026.25
9235,1504,1381,s,180,182.0,False,2025.0,2025.5
9236,1589,1534,s,180,185.0,False,2025.0,2026.25
9237,132,1160,s,180,182.0,False,2025.0,2025.5
9238,234,1316,s,180,183.0,False,2025.0,2025.75
9239,525,1936,s,180,181.0,False,2025.0,2025.25
9240,885,701,s,180,183.0,False,2025.0,2025.75
9241,1010,1316,s,180,185.0,False,2025.0,2026.25
9242,1079,1655,s,180,185.0,False,2025.0,2026.25
9243,1086,1243,s,180,186.0,False,2025.0,2026.5
9244,1171,375,s,180,196.0,False,2025.0,2029.0
9245,1171,576,s,180,185.0,False,2025.0,2026.25
9246,1208,1560,s,180,191.0,False,2025.0,2027.75
9247,1296,1262,s,180,190.0,False,2025.0,2027.5
9248,1312,1469,s,180,215.0,False,2025.0,2033.75
9249,1484,1913,s,180,182.0,False,2025.0,2025.5
9250,1485,1507,s,180,181.0,False,2025.0,2025.25
9251,1533,1556,s,180,183.0,False,2025.0,2025.75
9252,1574,1314,s,180,184.0,False,2025.0,2026.0
9253,1595,480,s,180,195.0,False,2025.0,2028.75
9254,1639,1162,s,180,182.0,False,2025.0,2025.5
9255,1641,1460,s,180,184.0,False,2025.0,2026.0
9256,1670,1655,s,180,186.0,False,2025.0,2026.5
9257,1687,1513,s,180,181.0,False,2025.0,2025.25
9258,736,64,l,180,,True,2025.0,
9259,745,708,l,180,,True,2025.0,
9260,1451,2002,l,180,189.0,True,2025.0,2027.25
9261,1581,1391,l,180,189.0,True,2025.0,2027.25
9262,1879,1524,l,180,,True,2025.0,
9263,1237,1602,l,180,200.0,True,2025.0,2030.0
9264,1462,1653,l,180,,True,2025.0,
9265,1010,1524,s,181,181.0,False,2025.25,2025.25
9266,1080,1012,s,181,190.0,False,2025.25,2027.5
9267,1081,571,s,181,182.0,False,2025.25,2025.5
9268,1223,530,s,181,194.0,False,2025.25,2028.5
9269,1426,1341,s,181,185.0,False,2025.25,2026.25
9270,1546,1632,s,181,182.0,False,2025.25,2025.5
9271,1601,1294,s,181,183.0,False,2025.25,2025.75
9272,1698,1975,s,181,186.0,False,2025.25,2026.5
9273,1806,1534,s,181,185.0,False,2025.25,2026.25
9274,40,1615,s,181,186.0,False,2025.25,2026.5
9275,53,1611,s,181,183.0,False,2025.25,2025.75
9276,211,942,s,181,183.0,False,2025.25,2025.75
9277,351,1016,s,181,183.0,False,2025.25,2025.75
9278,351,1432,s,181,182.0,False,2025.25,2025.5
9279,508,197,s,181,183.0,False,2025.25,2025.75
9280,715,1015,s,181,187.0,False,2025.25,2026.75
9281,754,268,s,181,184.0,False,2025.25,2026.0
9282,791,1012,s,181,197.0,False,2025.25,2029.25
9283,797,293,s,181,188.0,False,2025.25,2027.0
9284,841,1012,s,181,182.0,False,2025.25,2025.5
9285,1171,291,s,181,188.0,False,2025.25,2027.0
9286,1293,1161,s,181,184.0,False,2025.25,2026.0
9287,1331,586,s,181,184.0,False,2025.25,2026.0
9288,1413,1364,s,181,182.0,False,2025.25,2025.5
9289,1413,1381,s,181,182.0,False,2025.25,2025.5
9290,1426,1534,s,181,182.0,False,2025.25,2025.5
9291,1444,1460,s,181,188.0,False,2025.25,2027.0
9292,1465,1310,s,181,188.0,False,2025.25,2027.0
9293,1470,1240,s,181,203.0,False,2025.25,2030.75
9294,1482,1875,s,181,188.0,False,2025.25,2027.0
9295,1496,1186,s,181,195.0,False,2025.25,2028.75
9296,1522,1467,s,181,182.0,False,2025.25,2025.5
9297,1629,1539,s,181,182.0,False,2025.25,2025.5
9298,1670,1559,s,181,187.0,False,2025.25,2026.75
9299,1920,1375,s,181,181.0,False,2025.25,2025.25
9300,15,1201,s,181,186.0,False,2025.25,2026.5
9301,15,2021,s,181,183.0,False,2025.25,2025.75
9302,152,2003,s,181,188.0,False,2025.25,2027.0
9303,262,684,s,181,192.0,False,2025.25,2028.0
9304,321,1316,s,181,186.0,False,2025.25,2026.5
9305,510,1337,s,181,186.0,False,2025.25,2026.5
9306,521,306,s,181,185.0,False,2025.25,2026.25
9307,556,706,s,181,182.0,False,2025.25,2025.5
9308,587,1913,s,181,186.0,False,2025.25,2026.5
9309,739,800,s,181,183.0,False,2025.25,2025.75
9310,1355,1289,s,181,183.0,False,2025.25,2025.75
9311,1394,1364,s,181,184.0,False,2025.25,2026.0
9312,1515,1534,s,181,187.0,False,2025.25,2026.75
9313,1577,1340,s,181,185.0,False,2025.25,2026.25
9314,1667,1371,s,181,183.0,False,2025.25,2025.75
9315,1677,1016,s,181,182.0,False,2025.25,2025.5
9316,1688,1539,s,181,182.0,False,2025.25,2025.5
9317,1940,1656,s,181,195.0,False,2025.25,2028.75
9318,553,891,l,181,200.0,True,2025.25,2030.0
9319,1588,1498,l,181,182.0,True,2025.25,2025.5
9320,1081,268,l,181,194.0,True,2025.25,2028.5
9321,234,740,l,181,182.0,True,2025.25,2025.5
9322,657,481,l,181,234.0,True,2025.25,2038.5
9323,30,572,s,182,187.0,False,2025.5,2026.75
9324,113,360,s,182,184.0,False,2025.5,2026.0
9325,203,689,s,182,185.0,False,2025.5,2026.25
9326,231,606,s,182,182.0,False,2025.5,2025.5
9327,937,205,s,182,183.0,False,2025.5,2025.75
9328,940,750,s,182,185.0,False,2025.5,2026.25
9329,1085,534,s,182,184.0,False,2025.5,2026.0
9330,1217,1395,s,182,187.0,False,2025.5,2026.75
9331,1269,1356,s,182,196.0,False,2025.5,2029.0
9332,1296,1315,s,182,200.0,False,2025.5,2030.0
9333,1349,942,s,182,185.0,False,2025.5,2026.25
9334,1353,1356,s,182,187.0,False,2025.5,2026.75
9335,1533,1407,s,182,182.0,False,2025.5,2025.5
9336,1546,1580,s,182,182.0,False,2025.5,2025.5
9337,1552,1412,s,182,199.0,False,2025.5,2029.75
9338,1687,1582,s,182,186.0,False,2025.5,2026.5
9339,1854,1259,s,182,188.0,False,2025.5,2027.0
9340,1879,1381,s,182,183.0,False,2025.5,2025.75
9341,2052,708,s,182,198.0,False,2025.5,2029.5
9342,87,1594,s,182,184.0,False,2025.5,2026.0
9343,113,375,s,182,184.0,False,2025.5,2026.0
9344,231,571,s,182,187.0,False,2025.5,2026.75
9345,410,1369,s,182,183.0,False,2025.5,2025.75
9346,696,443,s,182,182.0,False,2025.5,2025.5
9347,739,180,s,182,182.0,False,2025.5,2025.5
9348,739,1017,s,182,186.0,False,2025.5,2026.5
9349,937,1693,s,182,185.0,False,2025.5,2026.25
9350,1258,1340,s,182,188.0,False,2025.5,2027.0
9351,1325,409,s,182,184.0,False,2025.5,2026.0
9352,1425,1345,s,182,184.0,False,2025.5,2026.0
9353,1425,1395,s,182,185.0,False,2025.5,2026.25
9354,1443,1497,s,182,189.0,False,2025.5,2027.25
9355,1453,1582,s,182,193.0,False,2025.5,2028.25
9356,1482,1524,s,182,186.0,False,2025.5,2026.5
9357,1577,1613,s,182,185.0,False,2025.5,2026.25
9358,1608,1568,s,182,184.0,False,2025.5,2026.0
9359,113,126,s,182,190.0,False,2025.5,2027.5
9360,191,586,s,182,189.0,False,2025.5,2027.25
9361,274,824,s,182,192.0,False,2025.5,2028.0
9362,452,484,s,182,186.0,False,2025.5,2026.5
9363,510,1693,s,182,191.0,False,2025.5,2027.75
9364,953,636,s,182,187.0,False,2025.5,2026.75
9365,978,481,s,182,190.0,False,2025.5,2027.5
9366,1156,1613,s,182,185.0,False,2025.5,2026.25
9367,1329,585,s,182,183.0,False,2025.5,2025.75
9368,1470,1407,s,182,184.0,False,2025.5,2026.0
9369,1471,1534,s,182,184.0,False,2025.5,2026.0
9370,1629,1549,s,182,185.0,False,2025.5,2026.25
9371,1759,1974,s,182,184.0,False,2025.5,2026.0
9372,1392,1377,l,182,,True,2025.5,
9373,1626,1423,l,182,215.0,True,2025.5,2033.75
9374,87,1593,l,182,,True,2025.5,
9375,169,1954,l,182,,True,2025.5,
9376,580,261,l,182,192.0,True,2025.5,2028.0
9377,1007,1162,l,182,,True,2025.5,
9378,321,708,l,182,194.0,True,2025.5,2028.5
9379,1085,1540,l,182,,True,2025.5,
9380,1239,1520,l,182,185.0,True,2025.5,2026.25
9381,1390,1523,l,182,205.0,True,2025.5,2031.25
9382,191,2006,s,183,193.0,False,2025.75,2028.25
9383,305,1613,s,183,183.0,False,2025.75,2025.75
9384,702,268,s,183,188.0,False,2025.75,2027.0
9385,739,61,s,183,190.0,False,2025.75,2027.5
9386,858,586,s,183,183.0,False,2025.75,2025.75
9387,863,1026,s,183,192.0,False,2025.75,2028.0
9388,1152,524,s,183,183.0,False,2025.75,2025.75
9389,1192,1448,s,183,184.0,False,2025.75,2026.0
9390,1212,1028,s,183,183.0,False,2025.75,2025.75
9391,1353,1391,s,183,184.0,False,2025.75,2026.0
9392,1444,1291,s,183,188.0,False,2025.75,2027.0
9393,1499,1479,s,183,188.0,False,2025.75,2027.0
9394,1503,1913,s,183,184.0,False,2025.75,2026.0
9395,1521,1556,s,183,188.0,False,2025.75,2027.0
9396,1546,1558,s,183,183.0,False,2025.75,2025.75
9397,1589,1846,s,183,191.0,False,2025.75,2027.75
9398,1626,1690,s,183,184.0,False,2025.75,2026.0
9399,1641,1294,s,183,197.0,False,2025.75,2029.25
9400,1982,1234,s,183,184.0,False,2025.75,2026.0
9401,113,1025,s,183,186.0,False,2025.75,2026.5
9402,551,1243,s,183,192.0,False,2025.75,2028.0
9403,858,530,s,183,184.0,False,2025.75,2026.0
9404,909,1193,s,183,183.0,False,2025.75,2025.75
9405,940,1161,s,183,183.0,False,2025.75,2025.75
9406,1083,1018,s,183,201.0,False,2025.75,2030.25
9407,1211,1193,s,183,183.0,False,2025.75,2025.75
9408,1273,1539,s,183,188.0,False,2025.75,2027.0
9409,1405,1377,s,183,185.0,False,2025.75,2026.25
9410,1416,1381,s,183,187.0,False,2025.75,2026.75
9411,1430,1306,s,183,187.0,False,2025.75,2026.75
9412,1511,1607,s,183,185.0,False,2025.75,2026.25
9413,1537,1530,s,183,201.0,False,2025.75,2030.25
9414,1688,1875,s,183,184.0,False,2025.75,2026.0
9415,1760,1447,s,183,187.0,False,2025.75,2026.75
9416,1760,1497,s,183,188.0,False,2025.75,2027.0
9417,1853,1452,s,183,193.0,False,2025.75,2028.25
9418,26,1615,s,183,186.0,False,2025.75,2026.5
9419,69,1201,s,183,188.0,False,2025.75,2027.0
9420,196,306,s,183,186.0,False,2025.75,2026.5
9421,211,678,s,183,184.0,False,2025.75,2026.0
9422,321,192,s,183,188.0,False,2025.75,2027.0
9423,322,1412,s,183,185.0,False,2025.75,2026.25
9424,594,2006,s,183,185.0,False,2025.75,2026.25
9425,796,585,s,183,190.0,False,2025.75,2027.5
9426,909,812,s,183,186.0,False,2025.75,2026.5
9427,1079,1345,s,183,194.0,False,2025.75,2028.5
9428,1081,1507,s,183,194.0,False,2025.75,2028.5
9429,1085,1196,s,183,189.0,False,2025.75,2027.25
9430,1152,1201,s,183,190.0,False,2025.75,2027.5
9431,1462,1520,s,183,186.0,False,2025.75,2026.5
9432,1482,1423,s,183,188.0,False,2025.75,2027.0
9433,1574,1340,s,183,185.0,False,2025.75,2026.25
9434,1608,1755,s,183,212.0,False,2025.75,2033.0
9435,1670,1913,s,183,186.0,False,2025.75,2026.5
9436,1760,1225,s,183,186.0,False,2025.75,2026.5
9437,1898,1315,s,183,199.0,False,2025.75,2029.75
9438,1471,1467,l,183,,True,2025.75,
9439,1490,1214,l,183,184.0,True,2025.75,2026.0
9440,1898,1262,l,183,225.0,True,2025.75,2036.25
9441,1085,1294,l,183,,True,2025.75,
9442,1591,1632,l,183,,True,2025.75,
9443,330,678,l,183,239.0,True,2025.75,2039.75
9444,715,1346,l,183,216.0,True,2025.75,2034.0
9445,418,701,s,184,195.0,False,2026.0,2028.75
9446,525,750,s,184,188.0,False,2026.0,2027.0
9447,736,545,s,184,185.0,False,2026.0,2026.25
9448,821,1411,s,184,185.0,False,2026.0,2026.25
9449,1085,345,s,184,193.0,False,2026.0,2028.25
9450,1258,1161,s,184,185.0,False,2026.0,2026.25
9451,1271,1564,s,184,193.0,False,2026.0,2028.25
9452,1390,1310,s,184,186.0,False,2026.0,2026.5
9453,1588,1582,s,184,186.0,False,2026.0,2026.5
9454,1595,1289,s,184,191.0,False,2026.0,2027.75
9455,1629,1423,s,184,185.0,False,2026.0,2026.25
9456,1716,1369,s,184,192.0,False,2026.0,2028.0
9457,1720,1539,s,184,184.0,False,2026.0,2026.0
9458,1720,1634,s,184,194.0,False,2026.0,2028.5
9459,1826,684,s,184,184.0,False,2026.0,2026.0
9460,57,684,s,184,189.0,False,2026.0,2027.25
9461,113,1615,s,184,187.0,False,2026.0,2026.75
9462,234,345,s,184,185.0,False,2026.0,2026.25
9463,490,903,s,184,189.0,False,2026.0,2027.25
9464,629,1243,s,184,193.0,False,2026.0,2028.25
9465,944,901,s,184,192.0,False,2026.0,2028.0
9466,1171,1613,s,184,187.0,False,2026.0,2026.75
9467,1546,1381,s,184,185.0,False,2026.0,2026.25
9468,1547,1700,s,184,185.0,False,2026.0,2026.25
9469,1584,2002,s,184,187.0,False,2026.0,2026.75
9470,1608,1524,s,184,189.0,False,2026.0,2027.25
9471,1625,1476,s,184,189.0,False,2026.0,2027.25
9472,1825,1277,s,184,189.0,False,2026.0,2027.25
9473,1826,1262,s,184,188.0,False,2026.0,2027.0
9474,191,1025,s,184,193.0,False,2026.0,2028.25
9475,211,824,s,184,202.0,False,2026.0,2030.5
9476,321,856,s,184,188.0,False,2026.0,2027.0
9477,321,933,s,184,185.0,False,2026.0,2026.25
9478,418,1346,s,184,185.0,False,2026.0,2026.25
9479,858,585,s,184,187.0,False,2026.0,2026.75
9480,863,701,s,184,185.0,False,2026.0,2026.25
9481,937,306,s,184,193.0,False,2026.0,2028.25
9482,978,2006,s,184,187.0,False,2026.0,2026.75
9483,998,933,s,184,189.0,False,2026.0,2027.25
9484,1007,1498,s,184,186.0,False,2026.0,2026.5
9485,1081,171,s,184,185.0,False,2026.0,2026.25
9486,1331,1693,s,184,187.0,False,2026.0,2026.75
9487,1335,1216,s,184,185.0,False,2026.0,2026.25
9488,1344,1206,s,184,186.0,False,2026.0,2026.5
9489,1358,1846,s,184,186.0,False,2026.0,2026.5
9490,1434,1364,s,184,192.0,False,2026.0,2028.0
9491,1490,1548,s,184,186.0,False,2026.0,2026.5
9492,1552,1363,s,184,187.0,False,2026.0,2026.75
9493,1552,1536,s,184,185.0,False,2026.0,2026.25
9494,1566,1341,s,184,188.0,False,2026.0,2027.0
9495,1629,1700,s,184,185.0,False,2026.0,2026.25
9496,1683,1310,s,184,202.0,False,2026.0,2030.5
9497,510,952,l,184,221.0,True,2026.0,2035.25
9498,222,2006,l,184,233.0,True,2026.0,2038.25
9499,415,108,l,184,233.0,True,2026.0,2038.25
9500,655,1316,l,184,189.0,True,2026.0,2027.25
9501,681,576,l,184,219.0,True,2026.0,2034.75
9502,1642,1556,l,184,218.0,True,2026.0,2034.5
9503,30,1161,s,185,190.0,False,2026.25,2027.5
9504,260,689,s,185,186.0,False,2026.25,2026.5
9505,467,1164,s,185,187.0,False,2026.25,2026.75
9506,525,824,s,185,186.0,False,2026.25,2026.5
9507,580,1615,s,185,188.0,False,2026.25,2027.0
9508,902,586,s,185,186.0,False,2026.25,2026.5
9509,909,1594,s,185,192.0,False,2026.25,2028.0
9510,937,2067,s,185,192.0,False,2026.25,2028.0
9511,955,632,s,185,185.0,False,2026.25,2026.25
9512,1208,1189,s,185,186.0,False,2026.25,2026.5
9513,1258,1291,s,185,186.0,False,2026.25,2026.5
9514,1350,1268,s,185,189.0,False,2026.25,2027.25
9515,1366,1017,s,185,200.0,False,2026.25,2030.0
9516,1429,1505,s,185,189.0,False,2026.25,2027.25
9517,1465,1334,s,185,185.0,False,2026.25,2026.25
9518,1537,1445,s,185,190.0,False,2026.25,2027.5
9519,1537,1513,s,185,187.0,False,2026.25,2026.75
9520,1585,1446,s,185,186.0,False,2026.25,2026.5
9521,1588,1568,s,185,187.0,False,2026.25,2026.75
9522,1617,1505,s,185,187.0,False,2026.25,2026.75
9523,1671,1875,s,185,207.0,False,2026.25,2031.75
9524,1687,1559,s,185,186.0,False,2026.25,2026.5
9525,34,1186,s,185,189.0,False,2026.25,2027.25
9526,152,306,s,185,186.0,False,2026.25,2026.5
9527,152,649,s,185,189.0,False,2026.25,2027.25
9528,356,1027,s,185,186.0,False,2026.25,2026.5
9529,418,1161,s,185,186.0,False,2026.25,2026.5
9530,556,614,s,185,187.0,False,2026.25,2026.75
9531,715,82,s,185,192.0,False,2026.25,2028.0
9532,909,1160,s,185,186.0,False,2026.25,2026.5
9533,978,407,s,185,186.0,False,2026.25,2026.5
9534,988,684,s,185,191.0,False,2026.25,2027.75
9535,1007,268,s,185,198.0,False,2026.25,2029.5
9536,1076,697,s,185,189.0,False,2026.25,2027.25
9537,1191,1340,s,185,187.0,False,2026.25,2026.75
9538,1200,1498,s,185,191.0,False,2026.25,2027.75
9539,1203,1506,s,185,187.0,False,2026.25,2026.75
9540,1224,1407,s,185,185.0,False,2026.25,2026.25
9541,1249,1186,s,185,188.0,False,2026.25,2027.0
9542,1266,1445,s,185,187.0,False,2026.25,2026.75
9543,1451,1407,s,185,194.0,False,2026.25,2028.5
9544,1465,1554,s,185,185.0,False,2026.25,2026.25
9545,1465,1556,s,185,185.0,False,2026.25,2026.25
9546,1490,1201,s,185,188.0,False,2026.25,2027.0
9547,1491,1193,s,185,186.0,False,2026.25,2026.5
9548,69,1594,s,185,186.0,False,2026.25,2026.5
9549,465,1846,s,185,187.0,False,2026.25,2026.75
9550,739,291,s,185,188.0,False,2026.25,2027.0
9551,962,61,s,185,187.0,False,2026.25,2026.75
9552,1239,684,s,185,186.0,False,2026.25,2026.5
9553,1327,345,s,185,193.0,False,2026.25,2028.25
9554,1425,1309,s,185,191.0,False,2026.25,2027.75
9555,1499,1469,s,185,192.0,False,2026.25,2028.0
9556,15,1294,l,185,194.0,True,2026.25,2028.5
9557,467,1540,l,185,224.0,True,2026.25,2036.0
9558,1720,1913,l,185,198.0,True,2026.25,2029.5
9559,234,126,l,185,188.0,True,2026.25,2027.0
9560,1279,1534,l,185,,True,2026.25,
9561,57,324,s,186,188.0,False,2026.5,2027.0
9562,113,1978,s,186,194.0,False,2026.5,2028.5
9563,511,632,s,186,201.0,False,2026.5,2030.25
9564,732,189,s,186,187.0,False,2026.5,2026.75
9565,1081,417,s,186,188.0,False,2026.5,2027.0
9566,1148,1391,s,186,189.0,False,2026.5,2027.25
9567,1353,1520,s,186,187.0,False,2026.5,2026.75
9568,1355,1334,s,186,190.0,False,2026.5,2027.5
9569,1552,1724,s,186,196.0,False,2026.5,2029.0
9570,1563,1530,s,186,186.0,False,2026.5,2026.5
9571,1577,842,s,186,187.0,False,2026.5,2026.75
9572,1585,1534,s,186,186.0,False,2026.5,2026.5
9573,230,1615,s,186,187.0,False,2026.5,2026.75
9574,330,528,s,186,188.0,False,2026.5,2027.0
9575,415,1540,s,186,189.0,False,2026.5,2027.25
9576,490,180,s,186,191.0,False,2026.5,2027.75
9577,573,628,s,186,194.0,False,2026.5,2028.5
9578,745,1593,s,186,186.0,False,2026.5,2026.5
9579,1171,1346,s,186,190.0,False,2026.5,2027.5
9580,1332,1913,s,186,190.0,False,2026.5,2027.5
9581,1550,1582,s,186,194.0,False,2026.5,2028.5
9582,1566,1310,s,186,190.0,False,2026.5,2027.5
9583,1566,1417,s,186,192.0,False,2026.5,2028.0
9584,1575,1364,s,186,187.0,False,2026.5,2026.75
9585,1577,1334,s,186,194.0,False,2026.5,2028.5
9586,1586,1364,s,186,187.0,False,2026.5,2026.75
9587,1625,1534,s,186,186.0,False,2026.5,2026.5
9588,1720,1487,s,186,200.0,False,2026.5,2030.0
9589,2026,1415,s,186,190.0,False,2026.5,2027.5
9590,204,2004,s,186,187.0,False,2026.5,2026.75
9591,321,1243,s,186,189.0,False,2026.5,2027.25
9592,337,1979,s,186,191.0,False,2026.5,2027.75
9593,415,942,s,186,194.0,False,2026.5,2028.5
9594,432,1381,s,186,188.0,False,2026.5,2027.0
9595,927,1162,s,186,190.0,False,2026.5,2027.5
9596,931,545,s,186,187.0,False,2026.5,2026.75
9597,991,295,s,186,187.0,False,2026.5,2026.75
9598,1003,1534,s,186,194.0,False,2026.5,2028.5
9599,1235,1196,s,186,189.0,False,2026.5,2027.25
9600,1270,1634,s,186,187.0,False,2026.5,2026.75
9601,1307,1423,s,186,193.0,False,2026.5,2028.25
9602,1326,1262,s,186,187.0,False,2026.5,2026.75
9603,1380,1914,s,186,193.0,False,2026.5,2028.25
9604,1471,1634,s,186,187.0,False,2026.5,2026.75
9605,1879,1570,s,186,187.0,False,2026.5,2026.75
9606,2052,1693,s,186,190.0,False,2026.5,2027.5
9607,1328,1847,l,186,,True,2026.5,
9608,1223,1580,l,186,227.0,True,2026.5,2036.75
9609,1213,61,l,186,200.0,True,2026.5,2030.0
9610,1662,1708,l,186,188.0,True,2026.5,2027.0
9611,53,1240,s,187,188.0,False,2026.75,2027.0
9612,150,1186,s,187,189.0,False,2026.75,2027.25
9613,211,952,s,187,194.0,False,2026.75,2028.5
9614,222,1001,s,187,194.0,False,2026.75,2028.5
9615,231,192,s,187,187.0,False,2026.75,2026.75
9616,394,1612,s,187,188.0,False,2026.75,2027.0
9617,696,443,s,187,187.0,False,2026.75,2026.75
9618,888,586,s,187,195.0,False,2026.75,2028.75
9619,1005,1225,s,187,190.0,False,2026.75,2027.5
9620,1084,427,s,187,189.0,False,2026.75,2027.25
9621,1256,1316,s,187,194.0,False,2026.75,2028.5
9622,1392,1207,s,187,188.0,False,2026.75,2027.0
9623,1463,1445,s,187,194.0,False,2026.75,2028.5
9624,1485,1534,s,187,194.0,False,2026.75,2028.5
9625,1532,1476,s,187,190.0,False,2026.75,2027.5
9626,1638,1498,s,187,187.0,False,2026.75,2026.75
9627,1642,1459,s,187,189.0,False,2026.75,2027.25
9628,1826,1289,s,187,190.0,False,2026.75,2027.5
9629,1982,1359,s,187,190.0,False,2026.75,2027.5
9630,69,571,s,187,187.0,False,2026.75,2026.75
9631,69,1615,s,187,189.0,False,2026.75,2027.25
9632,99,1593,s,187,188.0,False,2026.75,2027.0
9633,191,1205,s,187,191.0,False,2026.75,2027.75
9634,204,1310,s,187,190.0,False,2026.75,2027.5
9635,841,1016,s,187,190.0,False,2026.75,2027.5
9636,909,1001,s,187,193.0,False,2026.75,2028.25
9637,978,706,s,187,189.0,False,2026.75,2027.25
9638,1728,1539,s,187,198.0,False,2026.75,2029.5
9639,2071,1708,s,187,195.0,False,2026.75,2028.75
9640,211,171,s,187,189.0,False,2026.75,2027.25
9641,507,268,s,187,192.0,False,2026.75,2028.0
9642,556,586,s,187,195.0,False,2026.75,2028.75
9643,594,823,s,187,192.0,False,2026.75,2028.0
9644,944,929,s,187,190.0,False,2026.75,2027.5
9645,1004,1294,s,187,206.0,False,2026.75,2031.5
9646,1077,708,s,187,188.0,False,2026.75,2027.0
9647,1171,1019,s,187,189.0,False,2026.75,2027.25
9648,1258,1539,s,187,194.0,False,2026.75,2028.5
9649,1327,1364,s,187,193.0,False,2026.75,2028.25
9650,1378,1445,s,187,188.0,False,2026.75,2027.0
9651,1425,1314,s,187,188.0,False,2026.75,2027.0
9652,1544,1345,s,187,191.0,False,2026.75,2027.75
9653,1552,1559,s,187,192.0,False,2026.75,2028.0
9654,1566,1513,s,187,189.0,False,2026.75,2027.25
9655,1631,1724,s,187,188.0,False,2026.75,2027.0
9656,1879,1448,s,187,200.0,False,2026.75,2030.0
9657,1940,498,s,187,199.0,False,2026.75,2029.75
9658,1208,1634,l,187,189.0,True,2026.75,2027.25
9659,1223,1536,l,187,,True,2026.75,
9660,1248,1262,l,187,,True,2026.75,
9661,1517,1272,l,187,228.0,True,2026.75,2037.0
9662,1223,1291,l,187,226.0,True,2026.75,2036.5
9663,875,411,l,187,224.0,True,2026.75,2036.0
9664,1257,1246,l,187,212.0,True,2026.75,2033.0
9665,1425,1846,l,187,236.0,True,2026.75,2039.0
9666,1608,1519,l,187,195.0,True,2026.75,2028.75
9667,150,1334,s,188,188.0,False,2027.0,2027.0
9668,412,1012,s,188,195.0,False,2027.0,2028.75
9669,573,585,s,188,189.0,False,2027.0,2027.25
9670,629,417,s,188,192.0,False,2027.0,2028.0
9671,655,443,s,188,190.0,False,2027.0,2027.5
9672,1326,1012,s,188,200.0,False,2027.0,2030.0
9673,1338,1467,s,188,209.0,False,2027.0,2032.25
9674,1566,1539,s,188,189.0,False,2027.0,2027.25
9675,1585,1700,s,188,188.0,False,2027.0,2027.0
9676,1595,1186,s,188,189.0,False,2027.0,2027.25
9677,1595,1202,s,188,196.0,False,2027.0,2029.0
9678,1650,1592,s,188,189.0,False,2027.0,2027.25
9679,75,1272,s,188,189.0,False,2027.0,2027.25
9680,152,740,s,188,188.0,False,2027.0,2027.0
9681,204,1913,s,188,189.0,False,2027.0,2027.25
9682,715,243,s,188,191.0,False,2027.0,2027.75
9683,739,180,s,188,189.0,False,2027.0,2027.25
9684,1151,1391,s,188,188.0,False,2027.0,2027.0
9685,1248,1315,s,188,190.0,False,2027.0,2027.5
9686,1376,1556,s,188,188.0,False,2027.0,2027.0
9687,1405,1977,s,188,189.0,False,2027.0,2027.25
9688,1502,1314,s,188,189.0,False,2027.0,2027.25
9689,1588,1310,s,188,192.0,False,2027.0,2028.0
9690,1698,1428,s,188,192.0,False,2027.0,2028.0
9691,30,2021,s,188,191.0,False,2027.0,2027.75
9692,233,1446,s,188,192.0,False,2027.0,2028.0
9693,629,1216,s,188,193.0,False,2027.0,2028.25
9694,754,498,s,188,190.0,False,2027.0,2027.5
9695,881,399,s,188,189.0,False,2027.0,2027.25
9696,1083,409,s,188,190.0,False,2027.0,2027.5
9697,1159,1225,s,188,190.0,False,2027.0,2027.5
9698,1192,1206,s,188,189.0,False,2027.0,2027.25
9699,1211,1221,s,188,189.0,False,2027.0,2027.25
9700,1332,1310,s,188,192.0,False,2027.0,2028.0
9701,1425,1304,s,188,193.0,False,2027.0,2028.25
9702,1485,1539,s,188,194.0,False,2027.0,2028.5
9703,1517,2002,s,188,191.0,False,2027.0,2027.75
9704,1581,1974,s,188,189.0,False,2027.0,2027.25
9705,1077,1189,l,188,,True,2027.0,
9706,1080,1693,l,188,197.0,True,2027.0,2029.25
9707,2025,1531,l,188,214.0,True,2027.0,2033.5
9708,1082,306,l,188,193.0,True,2027.0,2028.25
9709,1667,1530,l,188,216.0,True,2027.0,2034.0
9710,1982,1445,l,188,224.0,True,2027.0,2036.0
9711,48,440,s,189,193.0,False,2027.25,2028.25
9712,150,823,s,189,193.0,False,2027.25,2028.25
9713,283,2020,s,189,192.0,False,2027.25,2028.0
9714,739,291,s,189,215.0,False,2027.25,2033.75
9715,953,576,s,189,189.0,False,2027.25,2027.25
9716,1074,1364,s,189,191.0,False,2027.25,2027.75
9717,1078,213,s,189,189.0,False,2027.25,2027.25
9718,1083,653,s,189,192.0,False,2027.25,2028.0
9719,1083,1316,s,189,189.0,False,2027.25,2027.25
9720,1148,1431,s,189,190.0,False,2027.25,2027.5
9721,1237,1612,s,189,190.0,False,2027.25,2027.5
9722,1263,1013,s,189,201.0,False,2027.25,2030.25
9723,1532,1395,s,189,195.0,False,2027.25,2028.75
9724,1584,1481,s,189,205.0,False,2027.25,2031.25
9725,522,1209,s,189,200.0,False,2027.25,2030.0
9726,754,416,s,189,193.0,False,2027.25,2028.25
9727,784,375,s,189,195.0,False,2027.25,2028.75
9728,909,1207,s,189,190.0,False,2027.25,2027.5
9729,971,1593,s,189,191.0,False,2027.25,2027.75
9730,988,345,s,189,190.0,False,2027.25,2027.5
9731,988,1467,s,189,190.0,False,2027.25,2027.5
9732,1082,1160,s,189,190.0,False,2027.25,2027.5
9733,1190,1259,s,189,191.0,False,2027.25,2027.75
9734,1293,1498,s,189,190.0,False,2027.25,2027.5
9735,1378,1243,s,189,191.0,False,2027.25,2027.75
9736,1471,1387,s,189,194.0,False,2027.25,2028.5
9737,1504,1448,s,189,190.0,False,2027.25,2027.5
9738,1591,1747,s,189,198.0,False,2027.25,2029.5
9739,1760,1423,s,189,196.0,False,2027.25,2029.0
9740,1760,1507,s,189,190.0,False,2027.25,2027.5
9741,1853,1381,s,189,194.0,False,2027.25,2028.5
9742,255,1243,s,189,193.0,False,2027.25,2028.25
9743,262,1243,s,189,195.0,False,2027.25,2028.75
9744,739,1294,s,189,191.0,False,2027.25,2027.75
9745,1074,1221,s,189,191.0,False,2027.25,2027.75
9746,1079,1448,s,189,201.0,False,2027.25,2030.25
9747,1254,1260,s,189,193.0,False,2027.25,2028.25
9748,1263,1580,s,189,192.0,False,2027.25,2028.0
9749,1326,1216,s,189,194.0,False,2027.25,2028.5
9750,1515,1412,s,189,190.0,False,2027.25,2027.5
9751,1670,1310,s,189,191.0,False,2027.25,2027.75
9752,1425,1446,l,189,193.0,True,2027.25,2028.25
9753,759,1734,l,189,207.0,True,2027.25,2031.75
9754,283,1519,l,189,192.0,True,2027.25,2028.0
9755,1079,1415,l,189,,True,2027.25,
9756,283,1535,s,190,191.0,False,2027.5,2027.75
9757,351,1339,s,190,193.0,False,2027.5,2028.25
9758,415,1694,s,190,191.0,False,2027.5,2027.75
9759,432,498,s,190,191.0,False,2027.5,2027.75
9760,551,1194,s,190,194.0,False,2027.5,2028.5
9761,739,800,s,190,199.0,False,2027.5,2029.75
9762,739,1017,s,190,190.0,False,2027.5,2027.5
9763,940,824,s,190,205.0,False,2027.5,2031.25
9764,1156,1216,s,190,192.0,False,2027.5,2028.0
9765,1258,1524,s,190,193.0,False,2027.5,2028.25
9766,1394,1302,s,190,201.0,False,2027.5,2030.25
9767,1443,1624,s,190,202.0,False,2027.5,2030.5
9768,1502,1823,s,190,190.0,False,2027.5,2027.5
9769,1515,1399,s,190,191.0,False,2027.5,2027.75
9770,1555,1291,s,190,198.0,False,2027.5,2029.5
9771,1608,1690,s,190,191.0,False,2027.5,2027.75
9772,1721,1364,s,190,191.0,False,2027.5,2027.75
9773,1722,1539,s,190,190.0,False,2027.5,2027.5
9774,1760,1469,s,190,211.0,False,2027.5,2032.75
9775,15,1016,s,190,196.0,False,2027.5,2029.0
9776,152,1278,s,190,192.0,False,2027.5,2028.0
9777,580,545,s,190,192.0,False,2027.5,2028.0
9778,580,740,s,190,193.0,False,2027.5,2028.25
9779,759,701,s,190,192.0,False,2027.5,2028.0
9780,871,443,s,190,190.0,False,2027.5,2027.5
9781,1079,1507,s,190,192.0,False,2027.5,2028.0
9782,1190,1340,s,190,197.0,False,2027.5,2029.25
9783,1266,1875,s,190,197.0,False,2027.5,2029.25
9784,1312,1893,s,190,194.0,False,2027.5,2028.5
9785,1374,1221,s,190,194.0,False,2027.5,2028.5
9786,1515,1556,s,190,193.0,False,2027.5,2028.25
9787,1617,1445,s,190,192.0,False,2027.5,2028.0
9788,1720,1498,s,190,201.0,False,2027.5,2030.25
9789,1720,1569,s,190,191.0,False,2027.5,2027.75
9790,15,1284,s,190,193.0,False,2027.5,2028.25
9791,303,1240,s,190,191.0,False,2027.5,2027.75
9792,556,24,s,190,195.0,False,2027.5,2028.75
9793,1080,1222,s,190,199.0,False,2027.5,2029.75
9794,1081,320,s,190,191.0,False,2027.5,2027.75
9795,1152,1268,s,190,194.0,False,2027.5,2028.5
9796,1171,146,s,190,193.0,False,2027.5,2028.25
9797,1171,898,s,190,191.0,False,2027.5,2027.75
9798,1171,1196,s,190,193.0,False,2027.5,2028.25
9799,1191,1295,s,190,194.0,False,2027.5,2028.5
9800,1258,1913,s,190,191.0,False,2027.5,2027.75
9801,1538,1913,l,190,,True,2027.5,
9802,681,824,l,190,,True,2027.5,
9803,837,1613,l,190,214.0,True,2027.5,2033.5
9804,1366,942,l,190,196.0,True,2027.5,2029.0
9805,1585,1976,l,190,216.0,True,2027.5,2034.0
9806,1081,740,l,190,207.0,True,2027.5,2031.75
9807,1353,1570,l,190,,True,2027.5,
9808,1413,1345,l,190,,True,2027.5,
9809,150,1162,s,191,196.0,False,2027.75,2029.0
9810,316,2090,s,191,191.0,False,2027.75,2027.75
9811,351,1693,s,191,193.0,False,2027.75,2028.25
9812,874,416,s,191,192.0,False,2027.75,2028.0
9813,913,1209,s,191,193.0,False,2027.75,2028.25
9814,953,409,s,191,204.0,False,2027.75,2031.0
9815,1148,1291,s,191,192.0,False,2027.75,2028.0
9816,1171,407,s,191,193.0,False,2027.75,2028.25
9817,1237,1914,s,191,196.0,False,2027.75,2029.0
9818,1490,1534,s,191,192.0,False,2027.75,2028.0
9819,1537,1452,s,191,205.0,False,2027.75,2031.25
9820,1577,649,s,191,192.0,False,2027.75,2028.0
9821,1728,1692,s,191,191.0,False,2027.75,2027.75
9822,1752,1692,s,191,191.0,False,2027.75,2027.75
9823,1939,1395,s,191,192.0,False,2027.75,2028.0
9824,2071,1487,s,191,191.0,False,2027.75,2027.75
9825,15,457,s,191,199.0,False,2027.75,2029.75
9826,204,1539,s,191,192.0,False,2027.75,2028.0
9827,274,1612,s,191,201.0,False,2027.75,2030.25
9828,696,1508,s,191,194.0,False,2027.75,2028.5
9829,885,302,s,191,197.0,False,2027.75,2029.25
9830,1004,1520,s,191,193.0,False,2027.75,2028.25
9831,1005,1445,s,191,191.0,False,2027.75,2027.75
9832,1083,816,s,191,194.0,False,2027.75,2028.5
9833,1184,1294,s,191,194.0,False,2027.75,2028.5
9834,1195,1225,s,191,192.0,False,2027.75,2028.0
9835,1254,1409,s,191,194.0,False,2027.75,2028.5
9836,1420,1505,s,191,192.0,False,2027.75,2028.0
9837,1518,1448,s,191,199.0,False,2027.75,2029.75
9838,1585,1534,s,191,193.0,False,2027.75,2028.25
9839,1609,1560,s,191,198.0,False,2027.75,2029.5
9840,1876,1306,s,191,192.0,False,2027.75,2028.0
9841,15,1611,s,191,193.0,False,2027.75,2028.25
9842,233,1016,s,191,192.0,False,2027.75,2028.0
9843,260,942,s,191,194.0,False,2027.75,2028.5
9844,321,1294,s,191,194.0,False,2027.75,2028.5
9845,418,2021,s,191,195.0,False,2027.75,2028.75
9846,556,1611,s,191,193.0,False,2027.75,2028.25
9847,587,1361,s,191,199.0,False,2027.75,2029.75
9848,594,296,s,191,193.0,False,2027.75,2028.25
9849,738,1954,s,191,204.0,False,2027.75,2031.0
9850,841,740,s,191,192.0,False,2027.75,2028.0
9851,1076,2004,s,191,198.0,False,2027.75,2029.5
9852,1200,1477,s,191,194.0,False,2027.75,2028.5
9853,1485,1288,s,191,192.0,False,2027.75,2028.0
9854,1486,1530,s,191,192.0,False,2027.75,2028.0
9855,1491,1209,s,191,199.0,False,2027.75,2029.75
9856,1515,1448,s,191,194.0,False,2027.75,2028.5
9857,1552,1611,s,191,200.0,False,2027.75,2030.0
9858,1720,1310,s,191,193.0,False,2027.75,2028.25
9859,1720,1570,s,191,193.0,False,2027.75,2028.25
9860,1826,1289,s,191,192.0,False,2027.75,2028.0
9861,2029,202,s,191,195.0,False,2027.75,2028.75
9862,2052,1291,s,191,193.0,False,2027.75,2028.25
9863,743,1186,l,191,195.0,True,2027.75,2028.75
9864,1152,1291,l,191,193.0,True,2027.75,2028.25
9865,1544,1315,l,191,,True,2027.75,
9866,69,1246,l,191,198.0,True,2027.75,2029.5
9867,133,90,l,191,224.0,True,2027.75,2036.0
9868,191,1221,l,191,198.0,True,2027.75,2029.5
9869,40,167,s,192,199.0,False,2028.0,2029.75
9870,57,793,s,192,194.0,False,2028.0,2028.5
9871,203,1693,s,192,192.0,False,2028.0,2028.0
9872,222,649,s,192,201.0,False,2028.0,2030.25
9873,738,1822,s,192,193.0,False,2028.0,2028.25
9874,1237,1345,s,192,194.0,False,2028.0,2028.5
9875,1286,1264,s,192,199.0,False,2028.0,2029.75
9876,1292,691,s,192,193.0,False,2028.0,2028.25
9877,1353,1561,s,192,194.0,False,2028.0,2028.5
9878,1416,1914,s,192,198.0,False,2028.0,2029.5
9879,1485,1875,s,192,194.0,False,2028.0,2028.5
9880,1490,1477,s,192,194.0,False,2028.0,2028.5
9881,1595,1022,s,192,196.0,False,2028.0,2029.0
9882,1629,1700,s,192,201.0,False,2028.0,2030.25
9883,1679,1531,s,192,201.0,False,2028.0,2030.25
9884,1705,1700,s,192,201.0,False,2028.0,2030.25
9885,1720,1630,s,192,192.0,False,2028.0,2028.0
9886,1879,1846,s,192,211.0,False,2028.0,2032.75
9887,69,689,s,192,196.0,False,2028.0,2029.0
9888,152,345,s,192,196.0,False,2028.0,2029.0
9889,191,443,s,192,196.0,False,2028.0,2029.0
9890,374,793,s,192,193.0,False,2028.0,2028.25
9891,575,1613,s,192,196.0,False,2028.0,2029.0
9892,587,1613,s,192,194.0,False,2028.0,2028.5
9893,722,390,s,192,195.0,False,2028.0,2028.75
9894,902,464,s,192,201.0,False,2028.0,2030.25
9895,998,942,s,192,196.0,False,2028.0,2029.0
9896,1004,1262,s,192,195.0,False,2028.0,2028.75
9897,1269,571,s,192,196.0,False,2028.0,2029.0
9898,1394,1395,s,192,194.0,False,2028.0,2028.5
9899,1430,1423,s,192,194.0,False,2028.0,2028.5
9900,1586,1481,s,192,198.0,False,2028.0,2029.5
9901,1625,2111,s,192,197.0,False,2028.0,2029.25
9902,1629,2108,s,192,193.0,False,2028.0,2028.25
9903,1677,1548,s,192,194.0,False,2028.0,2028.5
9904,1679,1520,s,192,198.0,False,2028.0,2029.5
9905,1752,2111,s,192,193.0,False,2028.0,2028.25
9906,69,793,s,192,195.0,False,2028.0,2028.75
9907,745,1395,s,192,197.0,False,2028.0,2029.25
9908,784,1026,s,192,199.0,False,2028.0,2029.75
9909,902,1201,s,192,198.0,False,2028.0,2029.5
9910,940,1572,s,192,200.0,False,2028.0,2030.0
9911,1077,1268,s,192,193.0,False,2028.0,2028.25
9912,1079,1240,s,192,195.0,False,2028.0,2028.75
9913,1082,1611,s,192,195.0,False,2028.0,2028.75
9914,1211,1513,s,192,198.0,False,2028.0,2029.5
9915,1380,1974,s,192,194.0,False,2028.0,2028.5
9916,1544,1246,s,192,194.0,False,2028.0,2028.5
9917,1577,856,s,192,197.0,False,2028.0,2029.25
9918,1659,1381,s,192,194.0,False,2028.0,2028.5
9919,1781,1549,s,192,196.0,False,2028.0,2029.0
9920,1877,2089,s,192,195.0,False,2028.0,2028.75
9921,1920,1337,s,192,193.0,False,2028.0,2028.25
9922,2092,293,s,192,197.0,False,2028.0,2029.25
9923,2093,695,s,192,198.0,False,2028.0,2029.5
9924,629,1015,l,192,216.0,True,2028.0,2034.0
9925,1650,1654,l,192,196.0,True,2028.0,2029.0
9926,418,1216,l,192,202.0,True,2028.0,2030.5
9927,432,586,l,192,,True,2028.0,
9928,1760,1466,l,192,197.0,True,2028.0,2029.25
9929,1550,1569,l,192,,True,2028.0,
9930,1626,1452,l,192,,True,2028.0,
9931,1626,1675,l,192,,True,2028.0,
9932,1825,1593,l,192,233.0,True,2028.0,2038.25
9933,15,1222,s,193,194.0,False,2028.25,2028.5
9934,26,1395,s,193,204.0,False,2028.25,2031.0
9935,87,1356,s,193,194.0,False,2028.25,2028.5
9936,321,2005,s,193,195.0,False,2028.25,2028.75
9937,351,399,s,193,193.0,False,2028.25,2028.25
9938,432,345,s,193,194.0,False,2028.25,2028.5
9939,1329,1046,s,193,196.0,False,2028.25,2029.0
9940,1517,1506,s,193,193.0,False,2028.25,2028.25
9941,1546,1913,s,193,199.0,False,2028.25,2029.75
9942,1641,1633,s,193,195.0,False,2028.25,2028.75
9943,1677,586,s,193,193.0,False,2028.25,2028.25
9944,1770,1607,s,193,220.0,False,2028.25,2035.0
9945,1939,1481,s,193,200.0,False,2028.25,2030.0
9946,99,1201,s,193,197.0,False,2028.25,2029.25
9947,222,213,s,193,202.0,False,2028.25,2030.5
9948,234,108,s,193,197.0,False,2028.25,2029.25
9949,549,290,s,193,193.0,False,2028.25,2028.25
9950,718,1030,s,193,194.0,False,2028.25,2028.5
9951,739,1733,s,193,195.0,False,2028.25,2028.75
9952,858,952,s,193,196.0,False,2028.25,2029.0
9953,916,375,s,193,194.0,False,2028.25,2028.5
9954,1081,1289,s,193,196.0,False,2028.25,2029.0
9955,1372,1356,s,193,196.0,False,2028.25,2029.0
9956,1471,1341,s,193,196.0,False,2028.25,2029.0
9957,1537,1487,s,193,194.0,False,2028.25,2028.5
9958,1555,1363,s,193,197.0,False,2028.25,2029.25
9959,1650,1539,s,193,194.0,False,2028.25,2028.5
9960,1759,1624,s,193,194.0,False,2028.25,2028.5
9961,2052,1238,s,193,197.0,False,2028.25,2029.25
9962,2072,1559,s,193,195.0,False,2028.25,2028.75
9963,2093,528,s,193,195.0,False,2028.25,2028.75
9964,575,701,s,193,194.0,False,2028.25,2028.5
9965,902,1593,s,193,197.0,False,2028.25,2029.25
9966,953,2004,s,193,201.0,False,2028.25,2030.25
9967,962,1594,s,193,194.0,False,2028.25,2028.5
9968,1085,586,s,193,195.0,False,2028.25,2028.75
9969,1210,399,s,193,200.0,False,2028.25,2030.0
9970,1544,1975,s,193,195.0,False,2028.25,2028.75
9971,1608,2045,s,193,195.0,False,2028.25,2028.75
9972,2071,1548,s,193,199.0,False,2028.25,2029.75
9973,551,192,l,193,232.0,True,2028.25,2038.0
9974,874,192,l,193,,True,2028.25,
9975,1151,1246,l,193,212.0,True,2028.25,2033.0
9976,1344,1974,l,193,223.0,True,2028.25,2035.75
9977,248,2004,l,193,196.0,True,2028.25,2029.0
9978,330,309,l,193,194.0,True,2028.25,2028.5
9979,715,416,l,193,,True,2028.25,
9980,1591,1630,l,193,207.0,True,2028.25,2031.75
9981,57,453,s,194,195.0,False,2028.5,2028.75
9982,430,1022,s,194,194.0,False,2028.5,2028.5
9983,467,1029,s,194,195.0,False,2028.5,2028.75
9984,587,1346,s,194,196.0,False,2028.5,2029.0
9985,871,673,s,194,196.0,False,2028.5,2029.0
9986,919,1026,s,194,200.0,False,2028.5,2030.0
9987,1005,1341,s,194,195.0,False,2028.5,2028.75
9988,1078,1356,s,194,195.0,False,2028.5,2028.75
9989,1078,1846,s,194,196.0,False,2028.5,2029.0
9990,1151,1409,s,194,197.0,False,2028.5,2029.25
9991,1152,1823,s,194,198.0,False,2028.5,2029.5
9992,1153,1417,s,194,195.0,False,2028.5,2028.75
9993,1185,586,s,194,203.0,False,2028.5,2030.75
9994,1249,1377,s,194,196.0,False,2028.5,2029.0
9995,1517,1520,s,194,195.0,False,2028.5,2028.75
9996,1683,2002,s,194,198.0,False,2028.5,2029.5
9997,1688,1534,s,194,195.0,False,2028.5,2028.75
9998,1702,1708,s,194,195.0,False,2028.5,2028.75
9999,2071,1580,s,194,195.0,False,2028.5,2028.75
10000,233,1225,s,194,194.0,False,2028.5,2028.5
10001,233,1334,s,194,199.0,False,2028.5,2029.75
10002,715,1613,s,194,198.0,False,2028.5,2029.5
10003,902,309,s,194,196.0,False,2028.5,2029.0
10004,916,108,s,194,195.0,False,2028.5,2028.75
10005,937,740,s,194,202.0,False,2028.5,2030.5
10006,1010,1913,s,194,200.0,False,2028.5,2030.0
10007,1075,1823,s,194,195.0,False,2028.5,2028.75
10008,1159,1294,s,194,202.0,False,2028.5,2030.5
10009,1184,524,s,194,201.0,False,2028.5,2030.25
10010,1220,1498,s,194,202.0,False,2028.5,2030.5
10011,1224,1244,s,194,194.0,False,2028.5,2028.5
10012,1338,1193,s,194,198.0,False,2028.5,2029.5
10013,1473,1602,s,194,197.0,False,2028.5,2029.25
10014,1482,1431,s,194,203.0,False,2028.5,2030.75
10015,1521,1259,s,194,196.0,False,2028.5,2029.0
10016,1631,1363,s,194,208.0,False,2028.5,2032.0
10017,1713,1653,s,194,202.0,False,2028.5,2030.5
10018,69,1240,s,194,196.0,False,2028.5,2029.0
10019,204,1272,s,194,198.0,False,2028.5,2029.5
10020,222,24,s,194,195.0,False,2028.5,2028.75
10021,1084,1012,s,194,199.0,False,2028.5,2029.75
10022,1171,453,s,194,195.0,False,2028.5,2028.75
10023,1192,1655,s,194,196.0,False,2028.5,2029.0
10024,1256,1364,s,194,196.0,False,2028.5,2029.0
10025,1491,1615,s,194,201.0,False,2028.5,2030.25
10026,1546,1363,s,194,196.0,False,2028.5,2029.0
10027,1647,1534,s,194,204.0,False,2028.5,2031.0
10028,1670,1590,s,194,204.0,False,2028.5,2031.0
10029,255,1243,l,194,226.0,True,2028.5,2036.5
10030,1698,1375,l,194,203.0,True,2028.5,2030.75
10031,681,176,l,194,217.0,True,2028.5,2034.25
10032,715,268,l,194,221.0,True,2028.5,2035.25
10033,1720,1535,l,194,200.0,True,2028.5,2030.0
10034,69,1026,l,194,239.0,True,2028.5,2039.75
10035,1082,684,l,194,226.0,True,2028.5,2036.5
10036,1204,1893,l,194,,True,2028.5,
10037,15,1158,s,195,198.0,False,2028.75,2029.5
10038,211,1008,s,195,196.0,False,2028.75,2029.0
10039,702,345,s,195,198.0,False,2028.75,2029.5
10040,937,1201,s,195,202.0,False,2028.75,2030.5
10041,960,571,s,195,198.0,False,2028.75,2029.5
10042,962,1613,s,195,200.0,False,2028.75,2030.0
10043,1007,1977,s,195,197.0,False,2028.75,2029.25
10044,1078,1268,s,195,199.0,False,2028.75,2029.75
10045,1083,1209,s,195,203.0,False,2028.75,2030.75
10046,1152,1534,s,195,200.0,False,2028.75,2030.0
10047,1184,1505,s,195,198.0,False,2028.75,2029.5
10048,1296,1359,s,195,213.0,False,2028.75,2033.25
10049,1333,1535,s,195,207.0,False,2028.75,2031.75
10050,1394,1590,s,195,203.0,False,2028.75,2030.75
10051,1473,1514,s,195,202.0,False,2028.75,2030.5
10052,1494,1294,s,195,195.0,False,2028.75,2028.75
10053,1599,1431,s,195,202.0,False,2028.75,2030.5
10054,1609,1478,s,195,201.0,False,2028.75,2030.25
10055,1631,1587,s,195,207.0,False,2028.75,2031.75
10056,1641,1377,s,195,200.0,False,2028.75,2030.0
10057,1677,1513,s,195,197.0,False,2028.75,2029.25
10058,1879,1479,s,195,200.0,False,2028.75,2030.0
10059,191,399,s,195,196.0,False,2028.75,2029.0
10060,191,1423,s,195,204.0,False,2028.75,2031.0
10061,715,950,s,195,199.0,False,2028.75,2029.75
10062,715,1189,s,195,199.0,False,2028.75,2029.75
10063,881,399,s,195,200.0,False,2028.75,2030.0
10064,913,1201,s,195,196.0,False,2028.75,2029.0
10065,1081,1294,s,195,196.0,False,2028.75,2029.0
10066,1148,1477,s,195,199.0,False,2028.75,2029.75
10067,1184,1377,s,195,196.0,False,2028.75,2029.0
10068,1358,1356,s,195,197.0,False,2028.75,2029.25
10069,1366,1194,s,195,198.0,False,2028.75,2029.5
10070,1499,1633,s,195,195.0,False,2028.75,2028.75
10071,1521,1341,s,195,200.0,False,2028.75,2030.0
10072,1555,1487,s,195,197.0,False,2028.75,2029.25
10073,1555,1495,s,195,195.0,False,2028.75,2028.75
10074,1585,1476,s,195,202.0,False,2028.75,2030.5
10075,1591,1561,s,195,203.0,False,2028.75,2030.75
10076,1686,1428,s,195,195.0,False,2028.75,2028.75
10077,99,1310,s,195,196.0,False,2028.75,2029.0
10078,150,2021,s,195,197.0,False,2028.75,2029.25
10079,152,409,s,195,199.0,False,2028.75,2029.75
10080,152,1024,s,195,207.0,False,2028.75,2031.75
10081,521,453,s,195,198.0,False,2028.75,2029.5
10082,587,1415,s,195,196.0,False,2028.75,2029.0
10083,739,772,s,195,196.0,False,2028.75,2029.0
10084,916,606,s,195,200.0,False,2028.75,2030.0
10085,1007,1513,s,195,198.0,False,2028.75,2029.5
10086,1076,1314,s,195,197.0,False,2028.75,2029.25
10087,1148,1306,s,195,197.0,False,2028.75,2029.25
10088,1151,1460,s,195,200.0,False,2028.75,2030.0
10089,1156,2067,s,195,196.0,False,2028.75,2029.0
10090,1171,345,s,195,197.0,False,2028.75,2029.25
10091,1190,1423,s,195,197.0,False,2028.75,2029.25
10092,1327,793,s,195,196.0,False,2028.75,2029.0
10093,1342,1556,s,195,196.0,False,2028.75,2029.0
10094,1378,2004,s,195,200.0,False,2028.75,2030.0
10095,1517,1216,s,195,197.0,False,2028.75,2029.25
10096,1521,1755,s,195,198.0,False,2028.75,2029.5
10097,1577,345,s,195,196.0,False,2028.75,2029.0
10098,1625,1975,s,195,206.0,False,2028.75,2031.5
10099,1626,1743,s,195,199.0,False,2028.75,2029.75
10100,1631,1559,s,195,198.0,False,2028.75,2029.5
10101,1720,1506,s,195,198.0,False,2028.75,2029.5
10102,1728,1675,s,195,197.0,False,2028.75,2029.25
10103,1921,2006,s,195,197.0,False,2028.75,2029.25
10104,2025,1846,s,195,206.0,False,2028.75,2031.5
10105,54,708,l,195,209.0,True,2028.75,2032.25
10106,696,1029,l,195,229.0,True,2028.75,2037.25
10107,203,1194,l,195,220.0,True,2028.75,2035.0
10108,1082,933,l,195,198.0,True,2028.75,2029.5
10109,1075,1393,l,195,,True,2028.75,
10110,113,586,s,196,202.0,False,2029.0,2030.5
10111,521,1021,s,196,196.0,False,2029.0,2029.0
10112,715,1016,s,196,198.0,False,2029.0,2029.5
10113,821,1012,s,196,197.0,False,2029.0,2029.25
10114,1148,1304,s,196,197.0,False,2029.0,2029.25
10115,1256,1524,s,196,198.0,False,2029.0,2029.5
10116,1350,1207,s,196,199.0,False,2029.0,2029.75
10117,1426,1467,s,196,202.0,False,2029.0,2030.5
10118,1625,1360,s,196,198.0,False,2029.0,2029.5
10119,1686,1234,s,196,197.0,False,2029.0,2029.25
10120,1728,1660,s,196,206.0,False,2029.0,2031.5
10121,1728,1709,s,196,199.0,False,2029.0,2029.75
10122,1752,1634,s,196,198.0,False,2029.0,2029.5
10123,1825,1893,s,196,198.0,False,2029.0,2029.5
10124,230,60,s,196,198.0,False,2029.0,2029.5
10125,234,2067,s,196,201.0,False,2029.0,2030.25
10126,283,1341,s,196,206.0,False,2029.0,2031.5
10127,351,1234,s,196,198.0,False,2029.0,2029.5
10128,587,1310,s,196,200.0,False,2029.0,2030.0
10129,913,1291,s,196,202.0,False,2029.0,2030.5
10130,936,1001,s,196,202.0,False,2029.0,2030.5
10131,953,192,s,196,203.0,False,2029.0,2030.75
10132,1080,1295,s,196,198.0,False,2029.0,2029.5
10133,1184,800,s,196,197.0,False,2029.0,2029.25
10134,1248,1289,s,196,200.0,False,2029.0,2030.0
10135,1372,1337,s,196,207.0,False,2029.0,2031.75
10136,1388,1216,s,196,201.0,False,2029.0,2030.25
10137,1392,1369,s,196,198.0,False,2029.0,2029.5
10138,1585,1260,s,196,200.0,False,2029.0,2030.0
10139,1595,1186,s,196,196.0,False,2029.0,2029.0
10140,1683,1428,s,196,214.0,False,2029.0,2033.5
10141,718,399,s,196,197.0,False,2029.0,2029.25
10142,831,1398,s,196,197.0,False,2029.0,2029.25
10143,1007,1243,s,196,197.0,False,2029.0,2029.25
10144,1082,586,s,196,199.0,False,2029.0,2029.75
10145,1151,1459,s,196,197.0,False,2029.0,2029.25
10146,1190,241,s,196,204.0,False,2029.0,2031.0
10147,1258,97,s,196,201.0,False,2029.0,2030.25
10148,1276,990,s,196,197.0,False,2029.0,2029.25
10149,1326,1314,s,196,200.0,False,2029.0,2030.0
10150,1405,1377,s,196,203.0,False,2029.0,2030.75
10151,1410,1340,s,196,207.0,False,2029.0,2031.75
10152,1521,1524,s,196,202.0,False,2029.0,2030.5
10153,1626,1479,s,196,200.0,False,2029.0,2030.0
10154,1667,2127,s,196,201.0,False,2029.0,2030.25
10155,1790,1769,s,196,205.0,False,2029.0,2031.25
10156,1807,1291,s,196,199.0,False,2029.0,2029.75
10157,1824,1607,s,196,201.0,False,2029.0,2030.25
10158,1920,1755,s,196,202.0,False,2029.0,2030.5
10159,211,1611,l,196,,True,2029.0,
10160,482,823,l,196,199.0,True,2029.0,2029.75
10161,738,417,l,196,202.0,True,2029.0,2030.5
10162,1511,1262,l,196,,True,2029.0,
10163,1760,1314,l,196,237.0,True,2029.0,2039.25
10164,412,1693,l,196,198.0,True,2029.0,2029.5
10165,1079,586,l,196,,True,2029.0,
10166,1338,1691,l,196,209.0,True,2029.0,2032.25
10167,69,1334,s,197,198.0,False,2029.25,2029.5
10168,92,750,s,197,198.0,False,2029.25,2029.5
10169,179,1360,s,197,197.0,False,2029.25,2029.25
10170,351,417,s,197,197.0,False,2029.25,2029.25
10171,351,457,s,197,198.0,False,2029.25,2029.5
10172,507,1260,s,197,207.0,False,2029.25,2031.75
10173,837,1506,s,197,197.0,False,2029.25,2029.25
10174,858,572,s,197,209.0,False,2029.25,2032.25
10175,909,97,s,197,197.0,False,2029.25,2029.25
10176,1184,1369,s,197,208.0,False,2029.25,2032.0
10177,1220,1613,s,197,202.0,False,2029.25,2030.5
10178,1293,1529,s,197,206.0,False,2029.25,2031.5
10179,1465,1514,s,197,210.0,False,2029.25,2032.5
10180,1491,268,s,197,198.0,False,2029.25,2029.5
10181,1552,1395,s,197,203.0,False,2029.25,2030.75
10182,1552,1554,s,197,203.0,False,2029.25,2030.75
10183,1617,1194,s,197,199.0,False,2029.25,2029.75
10184,1774,1447,s,197,200.0,False,2029.25,2030.0
10185,1792,1630,s,197,205.0,False,2029.25,2031.25
10186,1824,1539,s,197,198.0,False,2029.25,2029.5
10187,15,1278,s,197,214.0,False,2029.25,2033.5
10188,152,1025,s,197,198.0,False,2029.25,2029.5
10189,179,2067,s,197,197.0,False,2029.25,2029.25
10190,490,800,s,197,199.0,False,2029.25,2029.75
10191,507,268,s,197,202.0,False,2029.25,2030.5
10192,902,1032,s,197,198.0,False,2029.25,2029.5
10193,1390,1450,s,197,207.0,False,2029.25,2031.75
10194,1491,24,s,197,198.0,False,2029.25,2029.5
10195,1499,1445,s,197,198.0,False,2029.25,2029.5
10196,1544,1415,s,197,198.0,False,2029.25,2029.5
10197,1608,1476,s,197,198.0,False,2029.25,2029.5
10198,1626,1524,s,197,205.0,False,2029.25,2031.25
10199,1698,1221,s,197,199.0,False,2029.25,2029.75
10200,1713,1682,s,197,206.0,False,2029.25,2031.5
10201,1877,1519,s,197,199.0,False,2029.25,2029.75
10202,1880,360,s,197,198.0,False,2029.25,2029.5
10203,30,528,s,197,204.0,False,2029.25,2031.0
10204,508,545,s,197,205.0,False,2029.25,2031.25
10205,510,1314,s,197,201.0,False,2029.25,2030.25
10206,715,1019,s,197,198.0,False,2029.25,2029.5
10207,953,2130,s,197,204.0,False,2029.25,2031.0
10208,1080,1016,s,197,199.0,False,2029.25,2029.75
10209,1082,1316,s,197,199.0,False,2029.25,2029.75
10210,1223,1238,s,197,198.0,False,2029.25,2029.5
10211,1239,1341,s,197,198.0,False,2029.25,2029.5
10212,1589,1260,s,197,198.0,False,2029.25,2029.5
10213,1629,1514,s,197,211.0,False,2029.25,2032.75
10214,1683,1602,s,197,198.0,False,2029.25,2029.5
10215,913,1294,l,197,212.0,True,2029.25,2033.0
10216,1605,1571,l,197,,True,2029.25,
10217,1826,1315,l,197,,True,2029.25,
10218,1543,2045,l,197,212.0,True,2029.25,2033.0
10219,1148,1423,l,197,,True,2029.25,
10220,1192,1590,l,197,218.0,True,2029.25,2034.5
10221,1473,1244,l,197,,True,2029.25,
10222,1595,1186,l,197,,True,2029.25,
10223,15,1914,s,198,201.0,False,2029.5,2030.25
10224,204,1975,s,198,203.0,False,2029.5,2030.75
10225,222,399,s,198,200.0,False,2029.5,2030.0
10226,230,192,s,198,205.0,False,2029.5,2031.25
10227,255,1593,s,198,210.0,False,2029.5,2032.5
10228,784,1291,s,198,203.0,False,2029.5,2030.75
10229,1007,524,s,198,199.0,False,2029.5,2029.75
10230,1084,306,s,198,198.0,False,2029.5,2029.5
10231,1331,1514,s,198,200.0,False,2029.5,2030.0
10232,1350,1369,s,198,214.0,False,2029.5,2033.5
10233,1485,1389,s,198,206.0,False,2029.5,2031.5
10234,1504,1529,s,198,199.0,False,2029.5,2029.75
10235,1521,1310,s,198,202.0,False,2029.5,2030.5
10236,1588,1534,s,198,202.0,False,2029.5,2030.5
10237,1591,1682,s,198,203.0,False,2029.5,2030.75
10238,1629,2111,s,198,208.0,False,2029.5,2032.0
10239,1638,1603,s,198,211.0,False,2029.5,2032.75
10240,1687,1799,s,198,201.0,False,2029.5,2030.25
10241,1751,2046,s,198,199.0,False,2029.5,2029.75
10242,1982,524,s,198,201.0,False,2029.5,2030.25
10243,2025,1291,s,198,201.0,False,2029.5,2030.25
10244,2072,1369,s,198,204.0,False,2029.5,2031.0
10245,191,614,s,198,198.0,False,2029.5,2029.5
10246,321,2005,s,198,201.0,False,2029.5,2030.25
10247,508,673,s,198,202.0,False,2029.5,2030.5
10248,743,1734,s,198,204.0,False,2029.5,2031.0
10249,745,1278,s,198,203.0,False,2029.5,2030.75
10250,919,585,s,198,203.0,False,2029.5,2030.75
10251,1007,691,s,198,203.0,False,2029.5,2030.75
10252,1085,409,s,198,200.0,False,2029.5,2030.0
10253,1085,443,s,198,209.0,False,2029.5,2032.25
10254,1085,2021,s,198,199.0,False,2029.5,2029.75
10255,1148,1310,s,198,212.0,False,2029.5,2033.0
10256,1210,1612,s,198,199.0,False,2029.5,2029.75
10257,1258,1446,s,198,200.0,False,2029.5,2030.0
10258,1413,1682,s,198,206.0,False,2029.5,2031.5
10259,1601,1799,s,198,199.0,False,2029.5,2029.75
10260,1629,1539,s,198,199.0,False,2029.5,2029.75
10261,1751,1711,s,198,201.0,False,2029.5,2030.25
10262,1806,1580,s,198,205.0,False,2029.5,2031.25
10263,1898,1186,s,198,206.0,False,2029.5,2031.5
10264,69,1847,s,198,202.0,False,2029.5,2030.5
10265,234,375,s,198,199.0,False,2029.5,2029.75
10266,414,1612,s,198,211.0,False,2029.5,2032.75
10267,575,528,s,198,202.0,False,2029.5,2030.5
10268,580,375,s,198,203.0,False,2029.5,2030.75
10269,705,427,s,198,203.0,False,2029.5,2030.75
10270,715,261,s,198,199.0,False,2029.5,2029.75
10271,909,1304,s,198,203.0,False,2029.5,2030.75
10272,1215,1369,s,198,210.0,False,2029.5,2032.5
10273,1366,1615,s,198,201.0,False,2029.5,2030.25
10274,1591,1558,s,198,200.0,False,2029.5,2030.0
10275,1641,1654,s,198,199.0,False,2029.5,2029.75
10276,1670,2110,s,198,204.0,False,2029.5,2031.0
10277,1728,1582,s,198,200.0,False,2029.5,2030.0
10278,1939,1446,s,198,200.0,False,2029.5,2030.0
10279,1982,1632,s,198,205.0,False,2029.5,2031.25
10280,1156,1291,l,198,,True,2029.5,
10281,1190,1278,l,198,237.0,True,2029.5,2039.25
10282,222,360,l,198,225.0,True,2029.5,2036.25
10283,321,572,l,198,,True,2029.5,
10284,412,1507,l,198,240.0,True,2029.5,2040.0
10285,553,1280,l,198,200.0,True,2029.5,2030.0
10286,69,1304,s,199,200.0,False,2029.75,2030.0
10287,152,534,s,199,215.0,False,2029.75,2033.75
10288,521,1165,s,199,199.0,False,2029.75,2029.75
10289,696,1150,s,199,200.0,False,2029.75,2030.0
10290,1076,1823,s,199,204.0,False,2029.75,2031.0
10291,1084,1015,s,199,204.0,False,2029.75,2031.0
10292,1211,1259,s,199,209.0,False,2029.75,2032.25
10293,1211,1583,s,199,200.0,False,2029.75,2030.0
10294,1270,1377,s,199,200.0,False,2029.75,2030.0
10295,1473,1337,s,199,199.0,False,2029.75,2029.75
10296,1503,1913,s,199,199.0,False,2029.75,2029.75
10297,1521,1277,s,199,204.0,False,2029.75,2031.0
10298,1521,1580,s,199,201.0,False,2029.75,2030.25
10299,1533,1412,s,199,205.0,False,2029.75,2031.25
10300,1720,1674,s,199,200.0,False,2029.75,2030.0
10301,1760,1467,s,199,212.0,False,2029.75,2033.0
10302,1982,1556,s,199,202.0,False,2029.75,2030.5
10303,191,697,s,199,199.0,False,2029.75,2029.75
10304,303,443,s,199,200.0,False,2029.75,2030.0
10305,351,2003,s,199,200.0,False,2029.75,2030.0
10306,507,740,s,199,204.0,False,2029.75,2031.0
10307,715,530,s,199,202.0,False,2029.75,2030.5
10308,1007,1846,s,199,202.0,False,2029.75,2030.5
10309,1010,1593,s,199,204.0,False,2029.75,2031.0
10310,1079,1243,s,199,205.0,False,2029.75,2031.25
10311,1156,1571,s,199,200.0,False,2029.75,2030.0
10312,1184,1381,s,199,200.0,False,2029.75,2030.0
10313,1190,1411,s,199,202.0,False,2029.75,2030.5
10314,1517,1513,s,199,199.0,False,2029.75,2029.75
10315,1552,1632,s,199,206.0,False,2029.75,2031.5
10316,1589,1534,s,199,204.0,False,2029.75,2031.0
10317,1643,2110,s,199,205.0,False,2029.75,2031.25
10318,1687,1754,s,199,201.0,False,2029.75,2030.25
10319,1702,1691,s,199,200.0,False,2029.75,2030.0
10320,1759,1423,s,199,204.0,False,2029.75,2031.0
10321,1878,1478,s,199,204.0,False,2029.75,2031.0
10322,150,1540,s,199,203.0,False,2029.75,2030.75
10323,533,678,s,199,209.0,False,2029.75,2032.25
10324,705,1360,s,199,202.0,False,2029.75,2030.5
10325,739,1017,s,199,200.0,False,2029.75,2030.0
10326,776,1165,s,199,205.0,False,2029.75,2031.25
10327,831,1346,s,199,203.0,False,2029.75,2030.75
10328,902,1694,s,199,202.0,False,2029.75,2030.5
10329,940,24,s,199,208.0,False,2029.75,2032.0
10330,1076,1260,s,199,202.0,False,2029.75,2030.5
10331,1223,1341,s,199,200.0,False,2029.75,2030.0
10332,1263,1655,s,199,200.0,False,2029.75,2030.0
10333,1326,933,s,199,203.0,False,2029.75,2030.75
10334,1326,1291,s,199,205.0,False,2029.75,2031.25
10335,1626,1476,s,199,204.0,False,2029.75,2031.0
10336,1702,1590,s,199,200.0,False,2029.75,2030.0
10337,1773,1556,s,199,203.0,False,2029.75,2030.75
10338,1983,1244,s,199,204.0,False,2029.75,2031.0
10339,113,1044,l,199,220.0,True,2029.75,2035.0
10340,1728,2127,l,199,216.0,True,2029.75,2034.0
10341,351,1015,l,199,,True,2029.75,
10342,356,64,l,199,217.0,True,2029.75,2034.25
10343,1007,1428,l,199,210.0,True,2029.75,2032.5
10344,1521,1632,l,199,222.0,True,2029.75,2035.5
10345,34,1289,s,200,206.0,False,2030.0,2031.5
10346,76,213,s,200,202.0,False,2030.0,2030.5
10347,87,1225,s,200,205.0,False,2030.0,2031.25
10348,211,2130,s,200,204.0,False,2030.0,2031.0
10349,321,649,s,200,206.0,False,2030.0,2031.5
10350,330,740,s,200,200.0,False,2030.0,2030.0
10351,1215,443,s,200,201.0,False,2030.0,2030.25
10352,1331,1684,s,200,208.0,False,2030.0,2032.0
10353,1416,1654,s,200,201.0,False,2030.0,2030.25
10354,1465,1524,s,200,203.0,False,2030.0,2030.75
10355,1577,823,s,200,200.0,False,2030.0,2030.0
10356,1628,1539,s,200,203.0,False,2030.0,2030.75
10357,1701,1447,s,200,213.0,False,2030.0,2033.25
10358,2071,1459,s,200,207.0,False,2030.0,2031.75
10359,204,1412,s,200,203.0,False,2030.0,2030.75
10360,551,1012,s,200,205.0,False,2030.0,2031.25
10361,702,528,s,200,201.0,False,2030.0,2030.25
10362,913,1846,s,200,203.0,False,2030.0,2030.75
10363,962,1262,s,200,204.0,False,2030.0,2031.0
10364,1075,990,s,200,202.0,False,2030.0,2030.5
10365,1204,1846,s,200,202.0,False,2030.0,2030.5
10366,1208,1288,s,200,205.0,False,2030.0,2031.25
10367,1263,1675,s,200,209.0,False,2030.0,2032.25
10368,1353,1708,s,200,206.0,False,2030.0,2031.5
10369,1405,1369,s,200,203.0,False,2030.0,2030.75
10370,1420,1369,s,200,204.0,False,2030.0,2031.0
10371,1434,1977,s,200,205.0,False,2030.0,2031.25
10372,1444,1479,s,200,208.0,False,2030.0,2032.0
10373,1538,1369,s,200,203.0,False,2030.0,2030.75
10374,1566,1295,s,200,207.0,False,2030.0,2031.75
10375,1677,1285,s,200,201.0,False,2030.0,2030.25
10376,2093,1016,s,200,206.0,False,2030.0,2031.5
10377,107,665,s,200,201.0,False,2030.0,2030.25
10378,204,1196,s,200,203.0,False,2030.0,2030.75
10379,303,1193,s,200,202.0,False,2030.0,2030.5
10380,637,823,s,200,205.0,False,2030.0,2031.25
10381,702,409,s,200,205.0,False,2030.0,2031.25
10382,702,1291,s,200,201.0,False,2030.0,2030.25
10383,715,241,s,200,205.0,False,2030.0,2031.25
10384,1159,1381,s,200,206.0,False,2030.0,2031.5
10385,1185,1469,s,200,207.0,False,2030.0,2031.75
10386,1211,708,s,200,202.0,False,2030.0,2030.5
10387,1491,293,s,200,206.0,False,2030.0,2031.5
10388,1551,1536,s,200,203.0,False,2030.0,2030.75
10389,1983,1498,s,200,202.0,False,2030.0,2030.5
10390,739,1207,l,200,228.0,True,2030.0,2037.0
10391,1780,1535,l,200,,True,2030.0,
10392,67,16,l,200,,True,2030.0,
10393,955,387,l,200,202.0,True,2030.0,2030.5
10394,57,224,s,201,203.0,False,2030.25,2030.75
10395,637,1495,s,201,201.0,False,2030.25,2030.25
10396,702,457,s,201,201.0,False,2030.25,2030.25
10397,1076,1308,s,201,204.0,False,2030.25,2031.0
10398,1076,2047,s,201,203.0,False,2030.25,2030.75
10399,1077,1334,s,201,202.0,False,2030.25,2030.5
10400,1079,1345,s,201,213.0,False,2030.25,2033.25
10401,1151,1593,s,201,210.0,False,2030.25,2032.5
10402,1190,1291,s,201,203.0,False,2030.25,2030.75
10403,1211,1391,s,201,202.0,False,2030.25,2030.5
10404,1217,2004,s,201,202.0,False,2030.25,2030.5
10405,1271,1399,s,201,209.0,False,2030.25,2032.25
10406,1326,1337,s,201,203.0,False,2030.25,2030.75
10407,1521,1514,s,201,201.0,False,2030.25,2030.25
10408,1544,1387,s,201,203.0,False,2030.25,2030.75
10409,1547,1974,s,201,208.0,False,2030.25,2032.0
10410,1566,2150,s,201,211.0,False,2030.25,2032.75
10411,1629,1487,s,201,222.0,False,2030.25,2035.5
10412,1639,1435,s,201,203.0,False,2030.25,2030.75
10413,1723,1448,s,201,203.0,False,2030.25,2030.75
10414,43,1289,s,201,209.0,False,2030.25,2032.25
10415,69,1540,s,201,217.0,False,2030.25,2034.25
10416,233,1244,s,201,212.0,False,2030.25,2033.0
10417,328,2151,s,201,203.0,False,2030.25,2030.75
10418,432,793,s,201,202.0,False,2030.25,2030.5
10419,858,1655,s,201,203.0,False,2030.25,2030.75
10420,962,1161,s,201,202.0,False,2030.25,2030.5
10421,1463,1531,s,201,204.0,False,2030.25,2031.0
10422,1465,1875,s,201,201.0,False,2030.25,2030.25
10423,1504,1520,s,201,202.0,False,2030.25,2030.5
10424,1551,1818,s,201,208.0,False,2030.25,2032.0
10425,1595,1289,s,201,202.0,False,2030.25,2030.5
10426,1629,1703,s,201,205.0,False,2030.25,2031.25
10427,1685,1654,s,201,202.0,False,2030.25,2030.5
10428,1720,1582,s,201,202.0,False,2030.25,2030.5
10429,1760,1278,s,201,203.0,False,2030.25,2030.75
10430,1760,1524,s,201,202.0,False,2030.25,2030.5
10431,2025,1524,s,201,206.0,False,2030.25,2031.5
10432,2158,1534,s,201,204.0,False,2030.25,2031.0
10433,15,1272,s,201,203.0,False,2030.25,2030.75
10434,34,1428,s,201,204.0,False,2030.25,2031.0
10435,132,572,s,201,202.0,False,2030.25,2030.5
10436,328,213,s,201,202.0,False,2030.25,2030.5
10437,412,24,s,201,205.0,False,2030.25,2031.25
10438,556,1216,s,201,209.0,False,2030.25,2032.25
10439,736,1936,s,201,210.0,False,2030.25,2032.5
10440,858,427,s,201,204.0,False,2030.25,2031.0
10441,902,1612,s,201,208.0,False,2030.25,2032.0
10442,913,571,s,201,206.0,False,2030.25,2031.5
10443,937,1337,s,201,205.0,False,2030.25,2031.25
10444,953,824,s,201,203.0,False,2030.25,2030.75
10445,1007,1507,s,201,202.0,False,2030.25,2030.5
10446,1076,1593,s,201,210.0,False,2030.25,2032.5
10447,1151,1268,s,201,212.0,False,2030.25,2033.0
10448,1211,1452,s,201,205.0,False,2030.25,2031.25
10449,1224,1445,s,201,203.0,False,2030.25,2030.75
10450,1258,1655,s,201,211.0,False,2030.25,2032.75
10451,1292,1289,s,201,208.0,False,2030.25,2032.0
10452,1325,1708,s,201,206.0,False,2030.25,2031.5
10453,1327,1008,s,201,203.0,False,2030.25,2030.75
10454,1353,1435,s,201,217.0,False,2030.25,2034.25
10455,1392,1369,s,201,204.0,False,2030.25,2031.0
10456,1544,290,s,201,202.0,False,2030.25,2030.5
10457,1547,1476,s,201,207.0,False,2030.25,2031.75
10458,1576,1431,s,201,203.0,False,2030.25,2030.75
10459,1679,1556,s,201,206.0,False,2030.25,2031.5
10460,1686,1675,s,201,205.0,False,2030.25,2031.25
10461,1687,1704,s,201,202.0,False,2030.25,2030.5
10462,1723,1711,s,201,202.0,False,2030.25,2030.5
10463,1744,1531,s,201,205.0,False,2030.25,2031.25
10464,1774,1709,s,201,202.0,False,2030.25,2030.5
10465,1533,1479,l,201,231.0,True,2030.25,2037.75
10466,1537,1382,l,201,,True,2030.25,
10467,1877,1495,l,201,214.0,True,2030.25,2033.5
10468,413,710,l,201,,True,2030.25,
10469,594,543,l,201,216.0,True,2030.25,2034.0
10470,1825,1954,l,201,204.0,True,2030.25,2031.0
10471,57,1240,s,202,205.0,False,2030.5,2031.25
10472,57,1346,s,202,203.0,False,2030.5,2030.75
10473,233,1016,s,202,203.0,False,2030.5,2030.75
10474,705,586,s,202,206.0,False,2030.5,2031.5
10475,739,1294,s,202,204.0,False,2030.5,2031.0
10476,1076,1776,s,202,203.0,False,2030.5,2030.75
10477,1156,1535,s,202,203.0,False,2030.5,2030.75
10478,1190,1558,s,202,203.0,False,2030.5,2030.75
10479,1211,1498,s,202,205.0,False,2030.5,2031.25
10480,1327,24,s,202,203.0,False,2030.5,2030.75
10481,1331,1291,s,202,205.0,False,2030.5,2031.25
10482,1366,571,s,202,220.0,False,2030.5,2035.0
10483,1406,1234,s,202,205.0,False,2030.5,2031.25
10484,1650,1452,s,202,204.0,False,2030.5,2031.0
10485,1721,1476,s,202,205.0,False,2030.5,2031.25
10486,1745,1703,s,202,210.0,False,2030.5,2032.5
10487,1797,1724,s,202,203.0,False,2030.5,2030.75
10488,34,1393,s,202,207.0,False,2030.5,2031.75
10489,353,440,s,202,207.0,False,2030.5,2031.75
10490,754,2006,s,202,204.0,False,2030.5,2031.0
10491,837,697,s,202,209.0,False,2030.5,2032.25
10492,1007,1262,s,202,207.0,False,2030.5,2031.75
10493,1078,61,s,202,205.0,False,2030.5,2031.25
10494,1079,545,s,202,205.0,False,2030.5,2031.25
10495,1156,1285,s,202,203.0,False,2030.5,2030.75
10496,1184,1733,s,202,216.0,False,2030.5,2034.0
10497,1211,1975,s,202,213.0,False,2030.5,2033.25
10498,1217,1244,s,202,205.0,False,2030.5,2031.25
10499,1217,1611,s,202,203.0,False,2030.5,2030.75
10500,1258,1341,s,202,209.0,False,2030.5,2032.25
10501,1271,1478,s,202,207.0,False,2030.5,2031.75
10502,1353,1534,s,202,209.0,False,2030.5,2032.25
10503,1537,1974,s,202,205.0,False,2030.5,2031.25
10504,1550,1602,s,202,208.0,False,2030.5,2032.0
10505,1687,1487,s,202,209.0,False,2030.5,2032.25
10506,152,1272,s,202,210.0,False,2030.5,2032.5
10507,211,816,s,202,204.0,False,2030.5,2031.0
10508,231,2151,s,202,204.0,False,2030.5,2031.0
10509,233,697,s,202,208.0,False,2030.5,2032.0
10510,507,1487,s,202,204.0,False,2030.5,2031.0
10511,521,294,s,202,204.0,False,2030.5,2031.0
10512,551,1540,s,202,213.0,False,2030.5,2033.25
10513,784,392,s,202,205.0,False,2030.5,2031.25
10514,881,213,s,202,209.0,False,2030.5,2032.25
10515,960,2151,s,202,207.0,False,2030.5,2031.75
10516,1076,1693,s,202,214.0,False,2030.5,2033.5
10517,1203,1304,s,202,207.0,False,2030.5,2031.75
10518,1331,1660,s,202,203.0,False,2030.5,2030.75
10519,1425,1560,s,202,205.0,False,2030.5,2031.25
10520,1444,2046,s,202,213.0,False,2030.5,2033.25
10521,1482,1495,s,202,203.0,False,2030.5,2030.75
10522,1546,1690,s,202,205.0,False,2030.5,2031.25
10523,1595,2129,s,202,204.0,False,2030.5,2031.0
10524,1605,1534,s,202,203.0,False,2030.5,2030.75
10525,1698,1692,s,202,205.0,False,2030.5,2031.25
10526,1705,1519,s,202,206.0,False,2030.5,2031.5
10527,1826,1186,s,202,207.0,False,2030.5,2031.75
10528,696,1847,l,202,,True,2030.5,
10529,1005,524,l,202,219.0,True,2030.5,2034.75
10530,203,1693,l,202,,True,2030.5,
10531,418,2151,l,202,221.0,True,2030.5,2035.25
10532,1707,1709,l,202,230.0,True,2030.5,2037.5
10533,637,678,l,202,207.0,True,2030.5,2031.75
10534,1082,1015,l,202,,True,2030.5,
10535,34,1264,s,203,206.0,False,2030.75,2031.5
10536,234,268,s,203,204.0,False,2030.75,2031.0
10537,412,443,s,203,204.0,False,2030.75,2031.0
10538,490,800,s,203,203.0,False,2030.75,2030.75
10539,705,1360,s,203,203.0,False,2030.75,2030.75
10540,738,1264,s,203,204.0,False,2030.75,2031.0
10541,739,1001,s,203,209.0,False,2030.75,2032.25
10542,871,1693,s,203,210.0,False,2030.75,2032.5
10543,1084,586,s,203,203.0,False,2030.75,2030.75
10544,1326,1412,s,203,204.0,False,2030.75,2031.0
10545,1331,697,s,203,216.0,False,2030.75,2034.0
10546,1344,1593,s,203,209.0,False,2030.75,2032.25
10547,1427,1823,s,203,206.0,False,2030.75,2031.5
10548,1647,1755,s,203,210.0,False,2030.75,2032.5
10549,1760,1446,s,203,210.0,False,2030.75,2032.5
10550,15,1593,s,203,203.0,False,2030.75,2030.75
10551,53,684,s,203,205.0,False,2030.75,2031.25
10552,69,585,s,203,206.0,False,2030.75,2031.5
10553,132,1260,s,203,208.0,False,2030.75,2032.0
10554,321,1158,s,203,205.0,False,2030.75,2031.25
10555,418,689,s,203,205.0,False,2030.75,2031.25
10556,511,1936,s,203,205.0,False,2030.75,2031.25
10557,521,1022,s,203,205.0,False,2030.75,2031.25
10558,587,192,s,203,207.0,False,2030.75,2031.75
10559,1191,1428,s,203,211.0,False,2030.75,2032.75
10560,1211,1395,s,203,204.0,False,2030.75,2031.0
10561,1217,1158,s,203,203.0,False,2030.75,2030.75
10562,1220,1306,s,203,205.0,False,2030.75,2031.25
10563,1271,1700,s,203,204.0,False,2030.75,2031.0
10564,1374,1487,s,203,214.0,False,2030.75,2033.5
10565,1595,571,s,203,206.0,False,2030.75,2031.5
10566,1609,1363,s,203,222.0,False,2030.75,2035.5
10567,1617,1655,s,203,205.0,False,2030.75,2031.25
10568,1701,1483,s,203,208.0,False,2030.75,2032.0
10569,1723,1535,s,203,215.0,False,2030.75,2033.75
10570,2155,2109,s,203,210.0,False,2030.75,2032.5
10571,15,952,s,203,207.0,False,2030.75,2031.75
10572,321,2130,s,203,205.0,False,2030.75,2031.25
10573,351,1315,s,203,205.0,False,2030.75,2031.25
10574,497,288,s,203,207.0,False,2030.75,2031.75
10575,551,1158,s,203,207.0,False,2030.75,2031.75
10576,696,1030,s,203,209.0,False,2030.75,2032.25
10577,702,1019,s,203,208.0,False,2030.75,2032.0
10578,743,1289,s,203,204.0,False,2030.75,2031.0
10579,960,733,s,203,204.0,False,2030.75,2031.0
10580,1076,1507,s,203,211.0,False,2030.75,2032.75
10581,1148,1415,s,203,217.0,False,2030.75,2034.25
10582,1331,1277,s,203,205.0,False,2030.75,2031.25
10583,1427,1682,s,203,204.0,False,2030.75,2031.0
10584,1499,1381,s,203,208.0,False,2030.75,2032.0
10585,1543,1446,s,203,206.0,False,2030.75,2031.5
10586,1589,1259,s,203,205.0,False,2030.75,2031.25
10587,1641,1799,s,203,209.0,False,2030.75,2032.25
10588,1647,2127,s,203,209.0,False,2030.75,2032.25
10589,1688,1674,s,203,206.0,False,2030.75,2031.5
10590,1853,1447,s,203,205.0,False,2030.75,2031.25
10591,204,933,l,203,203.0,True,2030.75,2030.75
10592,1266,1709,l,203,234.0,True,2030.75,2038.5
10593,1279,1913,l,203,220.0,True,2030.75,2035.0
10594,1326,1822,l,203,204.0,True,2030.75,2031.0
10595,1552,1262,l,203,,True,2030.75,
10596,1005,443,l,203,,True,2030.75,
10597,1566,1835,l,203,,True,2030.75,
10598,57,585,s,204,205.0,False,2031.0,2031.25
10599,152,1240,s,204,209.0,False,2031.0,2032.25
10600,343,1505,s,204,207.0,False,2031.0,2031.75
10601,418,2006,s,204,204.0,False,2031.0,2031.0
10602,452,1615,s,204,205.0,False,2031.0,2031.25
10603,913,1193,s,204,212.0,False,2031.0,2033.0
10604,1003,417,s,204,207.0,False,2031.0,2031.75
10605,1156,571,s,204,208.0,False,2031.0,2032.0
10606,1220,1913,s,204,214.0,False,2031.0,2033.5
10607,1258,1278,s,204,205.0,False,2031.0,2031.25
10608,1258,1446,s,204,204.0,False,2031.0,2031.0
10609,1504,1610,s,204,206.0,False,2031.0,2031.5
10610,1552,1560,s,204,205.0,False,2031.0,2031.25
10611,1581,1479,s,204,204.0,False,2031.0,2031.0
10612,1637,1399,s,204,207.0,False,2031.0,2031.75
10613,1680,1524,s,204,205.0,False,2031.0,2031.25
10614,1686,1711,s,204,205.0,False,2031.0,2031.25
10615,1720,1653,s,204,212.0,False,2031.0,2033.0
10616,1765,1692,s,204,208.0,False,2031.0,2032.0
10617,1824,1398,s,204,206.0,False,2031.0,2031.5
10618,2178,1691,s,204,205.0,False,2031.0,2031.25
10619,507,1954,s,204,206.0,False,2031.0,2031.5
10620,995,586,s,204,208.0,False,2031.0,2032.0
10621,1082,417,s,204,205.0,False,2031.0,2031.25
10622,1085,1160,s,204,213.0,False,2031.0,2033.25
10623,1148,1412,s,204,212.0,False,2031.0,2033.0
10624,1151,1161,s,204,205.0,False,2031.0,2031.25
10625,1333,1974,s,204,204.0,False,2031.0,2031.0
10626,1853,1382,s,204,206.0,False,2031.0,2031.5
10627,1854,1310,s,204,207.0,False,2031.0,2031.75
10628,2178,1754,s,204,208.0,False,2031.0,2032.0
10629,15,1846,s,204,208.0,False,2031.0,2032.0
10630,169,1268,s,204,210.0,False,2031.0,2032.5
10631,204,1026,s,204,206.0,False,2031.0,2031.5
10632,343,1294,s,204,206.0,False,2031.0,2031.5
10633,452,586,s,204,206.0,False,2031.0,2031.5
10634,871,1346,s,204,216.0,False,2031.0,2034.0
10635,1079,1291,s,204,213.0,False,2031.0,2033.25
10636,1079,1334,s,204,208.0,False,2031.0,2032.0
10637,1084,1612,s,204,226.0,False,2031.0,2036.5
10638,1156,2020,s,204,219.0,False,2031.0,2034.75
10639,1191,1536,s,204,211.0,False,2031.0,2032.75
10640,1195,1412,s,204,207.0,False,2031.0,2031.75
10641,1211,1893,s,204,210.0,False,2031.0,2032.5
10642,1213,1571,s,204,207.0,False,2031.0,2031.75
10643,1333,2127,s,204,209.0,False,2031.0,2032.25
10644,1410,1645,s,204,205.0,False,2031.0,2031.25
10645,1413,1613,s,204,207.0,False,2031.0,2031.75
10646,1482,1447,s,204,206.0,False,2031.0,2031.5
10647,1599,1481,s,204,208.0,False,2031.0,2032.0
10648,1685,1729,s,204,205.0,False,2031.0,2031.25
10649,1797,1660,s,204,209.0,False,2031.0,2032.25
10650,1817,1536,s,204,210.0,False,2031.0,2032.5
10651,1833,1692,s,204,211.0,False,2031.0,2032.75
10652,1983,1340,s,204,211.0,False,2031.0,2032.75
10653,15,689,l,204,232.0,True,2031.0,2038.0
10654,15,1507,l,204,240.0,True,2031.0,2040.0
10655,1325,1633,l,204,,True,2031.0,
10656,1721,1568,l,204,240.0,True,2031.0,2040.0
10657,1631,1272,l,204,236.0,True,2031.0,2039.0
10658,303,614,l,204,,True,2031.0,
10659,418,97,l,204,231.0,True,2031.0,2037.75
10660,1074,1022,l,204,,True,2031.0,
10661,1551,1272,l,204,,True,2031.0,
10662,1665,1535,l,204,,True,2031.0,
10663,1685,1675,l,204,237.0,True,2031.0,2039.25
10664,754,785,s,205,209.0,False,2031.25,2032.25
10665,831,1016,s,205,207.0,False,2031.25,2031.75
10666,1005,1360,s,205,206.0,False,2031.25,2031.5
10667,1081,842,s,205,207.0,False,2031.25,2031.75
10668,1184,1294,s,205,215.0,False,2031.25,2033.75
10669,1184,1431,s,205,205.0,False,2031.25,2031.25
10670,1195,1875,s,205,208.0,False,2031.25,2032.0
10671,1326,740,s,205,211.0,False,2031.25,2032.75
10672,1366,205,s,205,206.0,False,2031.25,2031.5
10673,1443,1913,s,205,208.0,False,2031.25,2032.0
10674,1473,1479,s,205,207.0,False,2031.25,2031.75
10675,1480,1477,s,205,205.0,False,2031.25,2031.25
10676,1575,1389,s,205,207.0,False,2031.25,2031.75
10677,1595,480,s,205,210.0,False,2031.25,2032.5
10678,1677,1008,s,205,208.0,False,2031.25,2032.0
10679,1686,1364,s,205,208.0,False,2031.25,2032.0
10680,1732,1531,s,205,210.0,False,2031.25,2032.5
10681,1742,1524,s,205,207.0,False,2031.25,2031.75
10682,1759,1549,s,205,208.0,False,2031.25,2032.0
10683,1792,1811,s,205,207.0,False,2031.25,2031.75
10684,1825,1569,s,205,205.0,False,2031.25,2031.25
10685,1830,1766,s,205,206.0,False,2031.25,2031.5
10686,1879,1209,s,205,208.0,False,2031.25,2032.0
10687,15,1291,s,205,209.0,False,2031.25,2032.25
10688,34,1846,s,205,208.0,False,2031.25,2032.0
10689,233,309,s,205,206.0,False,2031.25,2031.5
10690,414,443,s,205,206.0,False,2031.25,2031.5
10691,715,224,s,205,213.0,False,2031.25,2033.25
10692,1171,1026,s,205,211.0,False,2031.25,2032.75
10693,1190,1690,s,205,207.0,False,2031.25,2031.75
10694,1257,1399,s,205,207.0,False,2031.25,2031.75
10695,1311,1708,s,205,206.0,False,2031.25,2031.5
10696,1325,1428,s,205,207.0,False,2031.25,2031.75
10697,1434,1359,s,205,206.0,False,2031.25,2031.5
10698,1473,2125,s,205,211.0,False,2031.25,2032.75
10699,1608,1448,s,205,208.0,False,2031.25,2032.0
10700,1732,1582,s,205,206.0,False,2031.25,2031.5
10701,1790,1692,s,205,206.0,False,2031.25,2031.5
10702,1983,1776,s,205,217.0,False,2031.25,2034.25
10703,2052,1012,s,205,210.0,False,2031.25,2032.5
10704,2155,2126,s,205,207.0,False,2031.25,2031.75
10705,2178,1678,s,205,206.0,False,2031.25,2031.5
10706,2180,1558,s,205,205.0,False,2031.25,2031.25
10707,234,108,s,205,207.0,False,2031.25,2031.75
10708,321,1513,s,205,207.0,False,2031.25,2031.75
10709,412,823,s,205,211.0,False,2031.25,2032.75
10710,507,684,s,205,214.0,False,2031.25,2033.5
10711,696,416,s,205,206.0,False,2031.25,2031.5
10712,705,1360,s,205,206.0,False,2031.25,2031.5
10713,1171,1261,s,205,210.0,False,2031.25,2032.5
10714,1185,1160,s,205,213.0,False,2031.25,2033.25
10715,1195,1560,s,205,208.0,False,2031.25,2032.0
10716,1208,1222,s,205,208.0,False,2031.25,2032.0
10717,1210,2150,s,205,219.0,False,2031.25,2034.75
10718,1235,1495,s,205,210.0,False,2031.25,2032.5
10719,1326,293,s,205,211.0,False,2031.25,2032.75
10720,1328,1483,s,205,209.0,False,2031.25,2032.25
10721,1585,1974,s,205,215.0,False,2031.25,2033.75
10722,1806,2110,s,205,215.0,False,2031.25,2033.75
10723,2073,1314,s,205,208.0,False,2031.25,2032.0
10724,736,1733,l,205,236.0,True,2031.25,2039.0
10725,871,498,l,205,,True,2031.25,
10726,1617,1655,l,205,230.0,True,2031.25,2037.5
10727,1713,1660,l,205,206.0,True,2031.25,2031.5
10728,15,1594,l,205,236.0,True,2031.25,2039.0
10729,1003,1265,l,205,228.0,True,2031.25,2037.0
10730,1004,1495,l,205,,True,2031.25,
10731,321,1288,s,206,209.0,False,2031.5,2032.25
10732,322,1593,s,206,207.0,False,2031.5,2031.75
10733,507,1916,s,206,208.0,False,2031.5,2032.0
10734,715,189,s,206,211.0,False,2031.5,2032.75
10735,821,1612,s,206,210.0,False,2031.5,2032.5
10736,1171,689,s,206,206.0,False,2031.5,2031.5
10737,1191,1310,s,206,208.0,False,2031.5,2032.0
10738,1344,1001,s,206,208.0,False,2031.5,2032.0
10739,1355,1506,s,206,207.0,False,2031.5,2031.75
10740,1405,1207,s,206,207.0,False,2031.5,2031.75
10741,1473,1513,s,206,206.0,False,2031.5,2031.5
10742,1538,1505,s,206,210.0,False,2031.5,2032.5
10743,1625,1535,s,206,208.0,False,2031.5,2032.0
10744,1713,1559,s,206,215.0,False,2031.5,2033.75
10745,1807,1507,s,206,207.0,False,2031.5,2031.75
10746,1825,1316,s,206,206.0,False,2031.5,2031.5
10747,69,1221,s,206,213.0,False,2031.5,2033.25
10748,191,261,s,206,207.0,False,2031.5,2031.75
10749,230,205,s,206,215.0,False,2031.5,2033.75
10750,430,1615,s,206,208.0,False,2031.5,2032.0
10751,508,1016,s,206,207.0,False,2031.5,2031.75
10752,611,192,s,206,212.0,False,2031.5,2033.0
10753,715,95,s,206,216.0,False,2031.5,2034.0
10754,1080,1260,s,206,207.0,False,2031.5,2031.75
10755,1152,1479,s,206,210.0,False,2031.5,2032.5
10756,1224,1412,s,206,207.0,False,2031.5,2031.75
10757,1378,1308,s,206,207.0,False,2031.5,2031.75
10758,1405,1274,s,206,216.0,False,2031.5,2034.0
10759,1425,1371,s,206,211.0,False,2031.5,2032.75
10760,1454,1288,s,206,216.0,False,2031.5,2034.0
10761,1462,1412,s,206,224.0,False,2031.5,2036.0
10762,1601,1524,s,206,213.0,False,2031.5,2033.25
10763,1629,1634,s,206,209.0,False,2031.5,2032.25
10764,1698,1445,s,206,215.0,False,2031.5,2033.75
10765,1721,1460,s,206,207.0,False,2031.5,2031.75
10766,1920,1519,s,206,207.0,False,2031.5,2031.75
10767,2092,571,s,206,208.0,False,2031.5,2032.0
10768,2092,1278,s,206,209.0,False,2031.5,2032.25
10769,53,1268,s,206,207.0,False,2031.5,2031.75
10770,57,1161,s,206,209.0,False,2031.5,2032.25
10771,909,990,s,206,208.0,False,2031.5,2032.0
10772,936,1021,s,206,209.0,False,2031.5,2032.25
10773,962,1189,s,206,207.0,False,2031.5,2031.75
10774,998,159,s,206,207.0,False,2031.5,2031.75
10775,1004,1593,s,206,210.0,False,2031.5,2032.5
10776,1080,571,s,206,207.0,False,2031.5,2031.75
10777,1152,1193,s,206,209.0,False,2031.5,2032.25
10778,1192,1467,s,206,208.0,False,2031.5,2032.0
10779,1427,1634,s,206,212.0,False,2031.5,2033.0
10780,1687,1724,s,206,208.0,False,2031.5,2032.0
10781,1876,1690,s,206,211.0,False,2031.5,2032.75
10782,2155,1875,s,206,209.0,False,2031.5,2032.25
10783,234,320,l,206,224.0,True,2031.5,2036.0
10784,702,2130,l,206,234.0,True,2031.5,2038.5
10785,1617,1274,l,206,215.0,True,2031.5,2033.75
10786,1629,1507,l,206,225.0,True,2031.5,2036.25
10787,1790,2108,l,206,226.0,True,2031.5,2036.5
10788,1877,1524,l,206,207.0,True,2031.5,2031.75
10789,1266,2150,l,206,,True,2031.5,
10790,1413,1415,l,206,,True,2031.5,
10791,1601,1875,l,206,,True,2031.5,
10792,1650,1519,l,206,,True,2031.5,
10793,508,2129,l,206,,True,2031.5,
10794,169,793,s,207,227.0,False,2031.75,2036.75
10795,191,740,s,207,218.0,False,2031.75,2034.5
10796,541,822,s,207,208.0,False,2031.75,2032.0
10797,858,697,s,207,213.0,False,2031.75,2033.25
10798,871,793,s,207,208.0,False,2031.75,2032.0
10799,1005,1534,s,207,222.0,False,2031.75,2035.5
10800,1191,1893,s,207,210.0,False,2031.75,2032.5
10801,1208,1291,s,207,209.0,False,2031.75,2032.25
10802,1217,1539,s,207,210.0,False,2031.75,2032.5
10803,1547,1548,s,207,208.0,False,2031.75,2032.0
10804,1702,1719,s,207,210.0,False,2031.75,2032.5
10805,1879,1398,s,207,211.0,False,2031.75,2032.75
10806,15,1206,s,207,221.0,False,2031.75,2035.25
10807,15,1334,s,207,210.0,False,2031.75,2032.5
10808,150,2006,s,207,208.0,False,2031.75,2032.0
10809,204,1278,s,207,211.0,False,2031.75,2032.75
10810,418,1268,s,207,207.0,False,2031.75,2031.75
10811,629,427,s,207,207.0,False,2031.75,2031.75
10812,715,480,s,207,209.0,False,2031.75,2032.25
10813,739,907,s,207,214.0,False,2031.75,2033.5
10814,962,793,s,207,211.0,False,2031.75,2032.75
10815,1217,1534,s,207,208.0,False,2031.75,2032.0
10816,1258,1519,s,207,208.0,False,2031.75,2032.0
10817,1326,697,s,207,207.0,False,2031.75,2031.75
10818,1338,1371,s,207,209.0,False,2031.75,2032.25
10819,1444,1268,s,207,211.0,False,2031.75,2032.75
10820,1473,1278,s,207,216.0,False,2031.75,2034.0
10821,1575,1160,s,207,208.0,False,2031.75,2032.0
10822,1585,1479,s,207,218.0,False,2031.75,2034.5
10823,1629,1630,s,207,211.0,False,2031.75,2032.75
10824,1685,1568,s,207,209.0,False,2031.75,2032.25
10825,1701,1754,s,207,213.0,False,2031.75,2033.25
10826,1742,1646,s,207,209.0,False,2031.75,2032.25
10827,1792,1556,s,207,212.0,False,2031.75,2033.0
10828,1825,1520,s,207,215.0,False,2031.75,2033.75
10829,2030,663,s,207,211.0,False,2031.75,2032.75
10830,69,64,s,207,208.0,False,2031.75,2032.0
10831,150,524,s,207,215.0,False,2031.75,2033.75
10832,204,1398,s,207,209.0,False,2031.75,2032.25
10833,211,295,s,207,208.0,False,2031.75,2032.0
10834,321,1356,s,207,208.0,False,2031.75,2032.0
10835,754,108,s,207,209.0,False,2031.75,2032.25
10836,1079,1221,s,207,212.0,False,2031.75,2033.0
10837,1156,1189,s,207,216.0,False,2031.75,2034.0
10838,1171,1022,s,207,218.0,False,2031.75,2034.5
10839,1185,1523,s,207,208.0,False,2031.75,2032.0
10840,1192,1556,s,207,209.0,False,2031.75,2032.25
10841,1217,1356,s,207,211.0,False,2031.75,2032.75
10842,1257,416,s,207,208.0,False,2031.75,2032.0
10843,1328,302,s,207,224.0,False,2031.75,2036.0
10844,1468,1477,s,207,210.0,False,2031.75,2032.5
10845,1471,1703,s,207,210.0,False,2031.75,2032.5
10846,1686,1724,s,207,219.0,False,2031.75,2034.75
10847,1701,1559,s,207,220.0,False,2031.75,2035.0
10848,1720,1754,s,207,208.0,False,2031.75,2032.0
10849,1752,1731,s,207,212.0,False,2031.75,2033.0
10850,1837,1754,s,207,210.0,False,2031.75,2032.5
10851,2071,1513,s,207,229.0,False,2031.75,2037.25
10852,2178,1580,s,207,212.0,False,2031.75,2033.0
10853,2178,1768,s,207,213.0,False,2031.75,2033.25
10854,1331,1295,l,207,232.0,True,2031.75,2038.0
10855,69,1334,s,208,209.0,False,2032.0,2032.25
10856,356,1026,s,208,210.0,False,2032.0,2032.5
10857,549,481,s,208,213.0,False,2032.0,2033.25
10858,1007,1467,s,208,208.0,False,2032.0,2032.0
10859,1297,1913,s,208,211.0,False,2032.0,2032.75
10860,1326,1216,s,208,216.0,False,2032.0,2034.0
10861,1350,1506,s,208,208.0,False,2032.0,2032.0
10862,1491,481,s,208,209.0,False,2032.0,2032.25
10863,1544,1369,s,208,213.0,False,2032.0,2033.25
10864,1577,689,s,208,217.0,False,2032.0,2034.25
10865,1728,1692,s,208,209.0,False,2032.0,2032.25
10866,1750,1530,s,208,217.0,False,2032.0,2034.25
10867,92,793,s,208,208.0,False,2032.0,2032.0
10868,587,1244,s,208,210.0,False,2032.0,2032.5
10869,715,464,s,208,219.0,False,2032.0,2034.75
10870,831,1244,s,208,212.0,False,2032.0,2033.0
10871,937,524,s,208,211.0,False,2032.0,2032.75
10872,1148,990,s,208,209.0,False,2032.0,2032.25
10873,1171,1044,s,208,210.0,False,2032.0,2032.5
10874,1200,1272,s,208,209.0,False,2032.0,2032.25
10875,1327,1260,s,208,209.0,False,2032.0,2032.25
10876,1390,1446,s,208,220.0,False,2032.0,2035.0
10877,1595,1202,s,208,214.0,False,2032.0,2033.5
10878,1605,2127,s,208,213.0,False,2032.0,2033.25
10879,1686,1560,s,208,217.0,False,2032.0,2034.25
10880,1687,1423,s,208,210.0,False,2032.0,2032.5
10881,1713,1675,s,208,213.0,False,2032.0,2033.25
10882,1720,1598,s,208,215.0,False,2032.0,2033.75
10883,1749,1819,s,208,210.0,False,2032.0,2032.5
10884,1760,1733,s,208,221.0,False,2032.0,2035.25
10885,1806,1559,s,208,213.0,False,2032.0,2033.25
10886,2179,2044,s,208,212.0,False,2032.0,2033.0
10887,2182,740,s,208,215.0,False,2032.0,2033.75
10888,15,2198,s,208,218.0,False,2032.0,2034.5
10889,222,302,s,208,213.0,False,2032.0,2033.25
10890,702,1613,s,208,210.0,False,2032.0,2032.5
10891,1079,1407,s,208,214.0,False,2032.0,2033.5
10892,1148,1306,s,208,217.0,False,2032.0,2034.25
10893,1271,1306,s,208,210.0,False,2032.0,2032.5
10894,1275,1345,s,208,210.0,False,2032.0,2032.5
10895,1358,1294,s,208,214.0,False,2032.0,2033.5
10896,1410,1389,s,208,217.0,False,2032.0,2034.25
10897,1473,1446,s,208,211.0,False,2032.0,2032.75
10898,1485,1913,s,208,210.0,False,2032.0,2032.5
10899,1499,1747,s,208,226.0,False,2032.0,2036.5
10900,1537,1481,s,208,210.0,False,2032.0,2032.5
10901,1555,1467,s,208,213.0,False,2032.0,2033.25
10902,1639,1194,s,208,217.0,False,2032.0,2034.25
10903,1665,2108,s,208,209.0,False,2032.0,2032.25
10904,1751,1743,s,208,225.0,False,2032.0,2036.25
10905,1789,1691,s,208,229.0,False,2032.0,2037.25
10906,1824,1445,s,208,236.0,False,2032.0,2039.0
10907,1825,1583,s,208,217.0,False,2032.0,2034.25
10908,2178,1871,s,208,209.0,False,2032.0,2032.25
10909,2179,1630,s,208,210.0,False,2032.0,2032.5
10910,2182,1461,s,208,213.0,False,2032.0,2033.25
10911,739,528,l,208,228.0,True,2032.0,2037.0
10912,1152,1445,l,208,,True,2032.0,
10913,1156,1424,l,208,216.0,True,2032.0,2034.0
10914,1256,1216,l,208,,True,2032.0,
10915,1331,1708,l,208,225.0,True,2032.0,2036.25
10916,1702,1711,l,208,,True,2032.0,
10917,482,1360,l,208,232.0,True,2032.0,2038.0
10918,1085,407,l,208,216.0,True,2032.0,2034.0
10919,715,824,l,208,237.0,True,2032.0,2039.25
10920,962,1014,l,208,226.0,True,2032.0,2036.5
10921,1190,97,l,208,243.0,True,2032.0,2040.75
10922,1720,1446,l,208,216.0,True,2032.0,2034.0
10923,1751,1689,l,208,,True,2032.0,
10924,57,443,s,209,211.0,False,2032.25,2032.75
10925,69,1415,s,209,213.0,False,2032.25,2033.25
10926,87,1158,s,209,211.0,False,2032.25,2032.75
10927,150,530,s,209,210.0,False,2032.25,2032.5
10928,255,1012,s,209,211.0,False,2032.25,2032.75
10929,556,1615,s,209,211.0,False,2032.25,2032.75
10930,561,375,s,209,210.0,False,2032.25,2032.5
10931,913,740,s,209,211.0,False,2032.25,2032.75
10932,1005,1278,s,209,210.0,False,2032.25,2032.5
10933,1079,1216,s,209,209.0,False,2032.25,2032.25
10934,1151,1160,s,209,210.0,False,2032.25,2032.5
10935,1211,1285,s,209,214.0,False,2032.25,2033.5
10936,1263,1414,s,209,216.0,False,2032.25,2034.0
10937,1271,1314,s,209,212.0,False,2032.25,2033.0
10938,1353,1724,s,209,211.0,False,2032.25,2032.75
10939,1394,1274,s,209,211.0,False,2032.25,2032.75
10940,1410,1507,s,209,213.0,False,2032.25,2033.25
10941,1426,1556,s,209,219.0,False,2032.25,2034.75
10942,1434,1334,s,209,210.0,False,2032.25,2032.5
10943,1444,1692,s,209,210.0,False,2032.25,2032.5
10944,1471,1674,s,209,210.0,False,2032.25,2032.5
10945,1485,1495,s,209,209.0,False,2032.25,2032.25
10946,1491,1205,s,209,214.0,False,2032.25,2033.5
10947,1504,1387,s,209,215.0,False,2032.25,2033.75
10948,1511,1431,s,209,216.0,False,2032.25,2034.0
10949,1521,1487,s,209,211.0,False,2032.25,2032.75
10950,1566,1498,s,209,211.0,False,2032.25,2032.75
10951,1585,1654,s,209,215.0,False,2032.25,2033.75
10952,1641,1377,s,209,213.0,False,2032.25,2033.25
10953,1723,1962,s,209,219.0,False,2032.25,2034.75
10954,1789,1766,s,209,214.0,False,2032.25,2033.5
10955,1792,1755,s,209,211.0,False,2032.25,2032.75
10956,1833,1768,s,209,221.0,False,2032.25,2035.25
10957,1898,1556,s,209,215.0,False,2032.25,2033.75
10958,15,1234,s,209,212.0,False,2032.25,2033.0
10959,204,1407,s,209,211.0,False,2032.25,2032.75
10960,875,217,s,209,215.0,False,2032.25,2033.75
10961,1184,1594,s,209,212.0,False,2032.25,2033.0
10962,1273,1580,s,209,212.0,False,2032.25,2033.0
10963,1378,1692,s,209,218.0,False,2032.25,2034.5
10964,1392,1294,s,209,212.0,False,2032.25,2033.0
10965,1517,1414,s,209,213.0,False,2032.25,2033.25
10966,1608,1539,s,209,211.0,False,2032.25,2032.75
10967,1650,1497,s,209,215.0,False,2032.25,2033.75
10968,1686,2111,s,209,211.0,False,2032.25,2032.75
10969,1687,1703,s,209,210.0,False,2032.25,2032.5
10970,1726,2150,s,209,213.0,False,2032.25,2033.25
10971,1939,1846,s,209,211.0,False,2032.25,2032.75
10972,34,1393,s,209,222.0,False,2032.25,2035.5
10973,57,842,s,209,213.0,False,2032.25,2033.25
10974,169,1615,s,209,211.0,False,2032.25,2032.75
10975,414,409,s,209,211.0,False,2032.25,2032.75
10976,1085,1259,s,209,216.0,False,2032.25,2034.0
10977,1195,1428,s,209,211.0,False,2032.25,2032.75
10978,1239,1549,s,209,216.0,False,2032.25,2034.0
10979,1239,1974,s,209,218.0,False,2032.25,2034.5
10980,1344,1221,s,209,212.0,False,2032.25,2033.0
10981,1465,1308,s,209,211.0,False,2032.25,2032.75
10982,1750,2150,s,209,233.0,False,2032.25,2038.25
10983,756,32,l,209,216.0,True,2032.25,2034.0
10984,1732,1602,l,209,227.0,True,2032.25,2036.75
10985,1263,1467,l,209,229.0,True,2032.25,2037.25
10986,1807,2110,l,209,240.0,True,2032.25,2040.0
10987,351,1216,s,210,214.0,False,2032.5,2033.5
10988,482,1655,s,210,210.0,False,2032.5,2032.5
10989,597,1978,s,210,215.0,False,2032.5,2033.75
10990,1007,1913,s,210,217.0,False,2032.5,2034.25
10991,1152,1225,s,210,211.0,False,2032.5,2032.75
10992,1184,1291,s,210,213.0,False,2032.5,2033.25
10993,1190,1345,s,210,213.0,False,2032.5,2033.25
10994,1217,1534,s,210,212.0,False,2032.5,2033.0
10995,1258,1823,s,210,214.0,False,2032.5,2033.5
10996,1350,1194,s,210,210.0,False,2032.5,2032.5
10997,1413,1689,s,210,210.0,False,2032.5,2032.5
10998,1591,1539,s,210,212.0,False,2032.5,2033.0
10999,1629,1531,s,210,210.0,False,2032.5,2032.5
11000,1705,1556,s,210,211.0,False,2032.5,2032.75
11001,1720,1530,s,210,219.0,False,2032.5,2034.75
11002,1824,1660,s,210,210.0,False,2032.5,2032.5
11003,1920,1469,s,210,217.0,False,2032.5,2034.25
11004,248,241,s,210,213.0,False,2032.5,2033.25
11005,321,740,s,210,212.0,False,2032.5,2033.0
11006,597,633,s,210,210.0,False,2032.5,2032.5
11007,1007,1448,s,210,210.0,False,2032.5,2032.5
11008,1081,60,s,210,212.0,False,2032.5,2033.0
11009,1081,416,s,210,219.0,False,2032.5,2034.75
11010,1235,1549,s,210,211.0,False,2032.5,2032.75
11011,1258,1467,s,210,210.0,False,2032.5,2032.5
11012,1326,1733,s,210,211.0,False,2032.5,2032.75
11013,1392,1396,s,210,211.0,False,2032.5,2032.75
11014,1416,1407,s,210,210.0,False,2032.5,2032.5
11015,1499,1498,s,210,213.0,False,2032.5,2033.25
11016,1521,1913,s,210,213.0,False,2032.5,2033.25
11017,1544,268,s,210,212.0,False,2032.5,2033.0
11018,1639,1221,s,210,212.0,False,2032.5,2033.0
11019,1701,1428,s,210,213.0,False,2032.5,2033.25
11020,1713,1560,s,210,213.0,False,2032.5,2033.25
11021,1723,1398,s,210,213.0,False,2032.5,2033.25
11022,1723,1724,s,210,212.0,False,2032.5,2033.0
11023,1879,1291,s,210,210.0,False,2032.5,2032.5
11024,1920,1481,s,210,218.0,False,2032.5,2034.5
11025,2200,1709,s,210,217.0,False,2032.5,2034.25
11026,15,1310,s,210,214.0,False,2032.5,2033.5
11027,53,684,s,210,215.0,False,2032.5,2033.75
11028,57,1614,s,210,212.0,False,2032.5,2033.0
11029,479,1031,s,210,213.0,False,2032.5,2033.25
11030,754,1018,s,210,211.0,False,2032.5,2032.75
11031,1152,1246,s,210,212.0,False,2032.5,2033.0
11032,1191,1194,s,210,211.0,False,2032.5,2032.75
11033,1192,1278,s,210,221.0,False,2032.5,2035.25
11034,1215,2020,s,210,211.0,False,2032.5,2032.75
11035,1223,1534,s,210,215.0,False,2032.5,2033.75
11036,1271,1559,s,210,212.0,False,2032.5,2033.0
11037,1328,1240,s,210,214.0,False,2032.5,2033.5
11038,1397,1345,s,210,211.0,False,2032.5,2032.75
11039,1484,1974,s,210,213.0,False,2032.5,2033.25
11040,1544,1447,s,210,213.0,False,2032.5,2033.25
11041,1555,1476,s,210,211.0,False,2032.5,2032.75
11042,1577,1613,s,210,212.0,False,2032.5,2033.0
11043,1605,1445,s,210,231.0,False,2032.5,2037.75
11044,1680,1803,s,210,213.0,False,2032.5,2033.25
11045,1702,1479,s,210,216.0,False,2032.5,2034.0
11046,1715,1189,s,210,211.0,False,2032.5,2032.75
11047,1760,1234,s,210,211.0,False,2032.5,2032.75
11048,1897,1423,s,210,214.0,False,2032.5,2033.5
11049,87,1259,l,210,216.0,True,2032.5,2034.0
11050,1376,1974,l,210,,True,2032.5,
11051,1586,1582,l,210,,True,2032.5,
11052,510,387,l,210,,True,2032.5,
11053,150,427,l,210,,True,2032.5,
11054,343,1377,l,210,,True,2032.5,
11055,888,2198,s,211,217.0,False,2032.75,2034.25
11056,913,586,s,211,213.0,False,2032.75,2033.25
11057,937,530,s,211,215.0,False,2032.75,2033.75
11058,1007,97,s,211,211.0,False,2032.75,2032.75
11059,1010,1272,s,211,212.0,False,2032.75,2033.0
11060,1079,1593,s,211,211.0,False,2032.75,2032.75
11061,1082,789,s,211,216.0,False,2032.75,2034.0
11062,1392,1309,s,211,220.0,False,2032.75,2035.0
11063,1427,1448,s,211,215.0,False,2032.75,2033.75
11064,1626,1379,s,211,214.0,False,2032.75,2033.5
11065,1638,1278,s,211,218.0,False,2032.75,2034.5
11066,1686,1395,s,211,216.0,False,2032.75,2034.0
11067,1686,1571,s,211,213.0,False,2032.75,2033.25
11068,1686,1711,s,211,216.0,False,2032.75,2034.0
11069,1877,1411,s,211,214.0,False,2032.75,2033.5
11070,1879,1364,s,211,219.0,False,2032.75,2034.75
11071,2178,1803,s,211,214.0,False,2032.75,2033.5
11072,191,823,s,211,212.0,False,2032.75,2033.0
11073,776,945,s,211,213.0,False,2032.75,2033.25
11074,909,750,s,211,213.0,False,2032.75,2033.25
11075,960,824,s,211,225.0,False,2032.75,2036.25
11076,1010,1363,s,211,212.0,False,2032.75,2033.0
11077,1191,1310,s,211,213.0,False,2032.75,2033.25
11078,1200,1334,s,211,216.0,False,2032.75,2034.0
11079,1425,1448,s,211,213.0,False,2032.75,2033.25
11080,1471,1602,s,211,217.0,False,2032.75,2034.25
11081,1576,427,s,211,212.0,False,2032.75,2033.0
11082,1982,2045,s,211,219.0,False,2032.75,2034.75
11083,2200,1633,s,211,214.0,False,2032.75,2033.5
11084,150,1288,s,211,220.0,False,2032.75,2035.0
11085,196,1020,s,211,219.0,False,2032.75,2034.75
11086,321,213,s,211,216.0,False,2032.75,2034.0
11087,412,1846,s,211,224.0,False,2032.75,2036.0
11088,507,1209,s,211,212.0,False,2032.75,2033.0
11089,991,293,s,211,215.0,False,2032.75,2033.75
11090,1080,933,s,211,217.0,False,2032.75,2034.25
11091,1184,1369,s,211,213.0,False,2032.75,2033.25
11092,1190,1433,s,211,212.0,False,2032.75,2033.0
11093,1328,1030,s,211,213.0,False,2032.75,2033.25
11094,1370,1682,s,211,212.0,False,2032.75,2033.0
11095,1406,2125,s,211,213.0,False,2032.75,2033.25
11096,1482,1534,s,211,212.0,False,2032.75,2033.0
11097,1511,1644,s,211,213.0,False,2032.75,2033.25
11098,1638,1209,s,211,215.0,False,2032.75,2033.75
11099,1749,1975,s,211,215.0,False,2032.75,2033.75
11100,1780,2109,s,211,216.0,False,2032.75,2034.0
11101,1920,2045,s,211,212.0,False,2032.75,2033.0
11102,909,1776,l,211,,True,2032.75,
11103,2071,1592,l,211,228.0,True,2032.75,2037.0
11104,2182,1487,l,211,224.0,True,2032.75,2036.0
11105,507,1222,l,211,,True,2032.75,
11106,655,261,l,211,220.0,True,2032.75,2035.0
11107,1078,740,l,211,,True,2032.75,
11108,1327,2175,l,211,217.0,True,2032.75,2034.25
11109,1546,1423,l,211,227.0,True,2032.75,2036.75
11110,1586,1929,l,211,,True,2032.75,
11111,1595,480,l,211,221.0,True,2032.75,2035.25
11112,418,1026,s,212,213.0,False,2033.0,2033.25
11113,784,586,s,212,214.0,False,2033.0,2033.5
11114,937,1234,s,212,218.0,False,2033.0,2034.5
11115,1190,1398,s,212,212.0,False,2033.0,2033.0
11116,1208,1377,s,212,215.0,False,2033.0,2033.75
11117,1249,1875,s,212,217.0,False,2033.0,2034.25
11118,1279,1310,s,212,213.0,False,2033.0,2033.25
11119,1327,390,s,212,216.0,False,2033.0,2034.0
11120,1494,2127,s,212,213.0,False,2033.0,2033.25
11121,1511,1554,s,212,212.0,False,2033.0,2033.0
11122,1617,1364,s,212,212.0,False,2033.0,2033.0
11123,1629,1309,s,212,217.0,False,2033.0,2034.25
11124,1683,1819,s,212,213.0,False,2033.0,2033.25
11125,1686,1803,s,212,213.0,False,2033.0,2033.25
11126,1825,1341,s,212,212.0,False,2033.0,2033.0
11127,1830,1743,s,212,214.0,False,2033.0,2033.5
11128,1877,1974,s,212,219.0,False,2033.0,2034.75
11129,57,146,s,212,214.0,False,2033.0,2033.5
11130,132,1308,s,212,215.0,False,2033.0,2033.75
11131,274,1507,s,212,219.0,False,2033.0,2034.75
11132,418,1209,s,212,214.0,False,2033.0,2033.5
11133,759,842,s,212,223.0,False,2033.0,2035.75
11134,1159,1345,s,212,218.0,False,2033.0,2034.5
11135,1249,1554,s,212,216.0,False,2033.0,2034.0
11136,1327,1615,s,212,222.0,False,2033.0,2035.5
11137,1429,1535,s,212,216.0,False,2033.0,2034.0
11138,1471,1655,s,212,213.0,False,2033.0,2033.25
11139,1491,2198,s,212,212.0,False,2033.0,2033.0
11140,1502,1487,s,212,213.0,False,2033.0,2033.25
11141,1595,1262,s,212,217.0,False,2033.0,2034.25
11142,1662,1660,s,212,214.0,False,2033.0,2033.5
11143,1759,1600,s,212,217.0,False,2033.0,2034.25
11144,1807,1660,s,212,213.0,False,2033.0,2033.25
11145,2072,1417,s,212,221.0,False,2033.0,2035.25
11146,15,1209,s,212,215.0,False,2033.0,2033.75
11147,69,1483,s,212,216.0,False,2033.0,2034.0
11148,87,1008,s,212,216.0,False,2033.0,2034.0
11149,204,1534,s,212,222.0,False,2033.0,2035.5
11150,343,296,s,212,218.0,False,2033.0,2034.5
11151,871,1847,s,212,214.0,False,2033.0,2033.5
11152,1326,1381,s,212,214.0,False,2033.0,2033.5
11153,1344,1163,s,212,214.0,False,2033.0,2033.5
11154,1366,375,s,212,216.0,False,2033.0,2034.0
11155,1397,1225,s,212,213.0,False,2033.0,2033.25
11156,1463,1559,s,212,218.0,False,2033.0,2034.5
11157,1484,1467,s,212,222.0,False,2033.0,2035.5
11158,1491,1014,s,212,215.0,False,2033.0,2033.75
11159,1521,1731,s,212,213.0,False,2033.0,2033.25
11160,1617,530,s,212,213.0,False,2033.0,2033.25
11161,1720,1590,s,212,220.0,False,2033.0,2035.0
11162,1817,1674,s,212,218.0,False,2033.0,2034.5
11163,1833,1568,s,212,218.0,False,2033.0,2034.5
11164,2224,1572,s,212,216.0,False,2033.0,2034.0
11165,1081,1310,l,212,,True,2033.0,
11166,1156,524,l,212,,True,2033.0,
11167,696,1272,l,212,,True,2033.0,
11168,1577,740,l,212,226.0,True,2033.0,2036.5
11169,1410,1772,l,212,,True,2033.0,
11170,1626,1345,l,212,,True,2033.0,
11171,696,1221,s,213,214.0,False,2033.25,2033.5
11172,739,1274,s,213,217.0,False,2033.25,2034.25
11173,745,628,s,213,214.0,False,2033.25,2033.5
11174,815,793,s,213,218.0,False,2033.25,2034.5
11175,1007,1294,s,213,214.0,False,2033.25,2033.5
11176,1078,457,s,213,213.0,False,2033.25,2033.25
11177,1083,1615,s,213,215.0,False,2033.25,2033.75
11178,1223,1568,s,213,213.0,False,2033.25,2033.25
11179,1333,1530,s,213,213.0,False,2033.25,2033.25
11180,1354,1607,s,213,213.0,False,2033.25,2033.25
11181,1517,1548,s,213,215.0,False,2033.25,2033.75
11182,1576,1513,s,213,213.0,False,2033.25,2033.25
11183,1601,1582,s,213,216.0,False,2033.25,2034.0
11184,1858,1498,s,213,215.0,False,2033.25,2033.75
11185,1939,1602,s,213,217.0,False,2033.25,2034.25
11186,2179,1843,s,213,216.0,False,2033.25,2034.0
11187,2223,1431,s,213,220.0,False,2033.25,2035.0
11188,230,192,s,213,218.0,False,2033.25,2034.5
11189,629,1020,s,213,218.0,False,2033.25,2034.5
11190,738,1262,s,213,214.0,False,2033.25,2033.5
11191,1082,1216,s,213,214.0,False,2033.25,2033.5
11192,1266,1407,s,213,220.0,False,2033.25,2035.0
11193,1327,1847,s,213,216.0,False,2033.25,2034.0
11194,1471,1268,s,213,217.0,False,2033.25,2034.25
11195,1745,1634,s,213,216.0,False,2033.25,2034.0
11196,1752,1530,s,213,216.0,False,2033.25,2034.0
11197,1764,1632,s,213,221.0,False,2033.25,2035.25
11198,1797,2125,s,213,217.0,False,2033.25,2034.25
11199,1877,1654,s,213,216.0,False,2033.25,2034.0
11200,351,443,s,213,214.0,False,2033.25,2033.5
11201,858,1158,s,213,216.0,False,2033.25,2034.0
11202,1005,545,s,213,215.0,False,2033.25,2033.75
11203,1258,2150,s,213,219.0,False,2033.25,2034.75
11204,1273,1822,s,213,219.0,False,2033.25,2034.75
11205,1325,1423,s,213,216.0,False,2033.25,2034.0
11206,1413,1719,s,213,215.0,False,2033.25,2033.75
11207,1434,1423,s,213,220.0,False,2033.25,2035.0
11208,1444,1243,s,213,215.0,False,2033.25,2033.75
11209,1537,1913,s,213,219.0,False,2033.25,2034.75
11210,1631,1513,s,213,220.0,False,2033.25,2035.0
11211,1807,2109,s,213,217.0,False,2033.25,2034.25
11212,1982,1415,s,213,216.0,False,2033.25,2034.0
11213,2073,1447,s,213,214.0,False,2033.25,2033.5
11214,2092,1507,s,213,217.0,False,2033.25,2034.25
11215,1562,1913,l,213,,True,2033.25,
11216,230,296,l,213,225.0,True,2033.25,2036.25
11217,321,689,l,213,232.0,True,2033.25,2038.0
11218,1077,1733,l,213,236.0,True,2033.25,2039.0
11219,1190,1477,l,213,,True,2033.25,
11220,1192,1337,l,213,,True,2033.25,
11221,1521,1590,l,213,,True,2033.25,
11222,1184,1207,l,213,,True,2033.25,
11223,150,1277,s,214,214.0,False,2033.5,2033.5
11224,152,2004,s,214,224.0,False,2033.5,2036.0
11225,430,311,s,214,214.0,False,2033.5,2033.5
11226,549,628,s,214,220.0,False,2033.5,2035.0
11227,715,375,s,214,216.0,False,2033.5,2034.0
11228,745,480,s,214,221.0,False,2033.5,2035.25
11229,940,1277,s,214,223.0,False,2033.5,2035.75
11230,1078,1315,s,214,215.0,False,2033.5,2033.75
11231,1192,1519,s,214,222.0,False,2033.5,2035.5
11232,1258,1483,s,214,215.0,False,2033.5,2033.75
11233,1287,1481,s,214,217.0,False,2033.5,2034.25
11234,1326,1310,s,214,231.0,False,2033.5,2037.75
11235,1374,1569,s,214,215.0,False,2033.5,2033.75
11236,1454,1703,s,214,216.0,False,2033.5,2034.0
11237,1485,1340,s,214,218.0,False,2033.5,2034.5
11238,1485,1530,s,214,215.0,False,2033.5,2033.75
11239,1533,2127,s,214,214.0,False,2033.5,2033.5
11240,1547,1875,s,214,216.0,False,2033.5,2034.0
11241,1605,1337,s,214,217.0,False,2033.5,2034.25
11242,1606,1754,s,214,218.0,False,2033.5,2034.5
11243,1720,2046,s,214,216.0,False,2033.5,2034.0
11244,1774,1539,s,214,214.0,False,2033.5,2033.5
11245,1837,1660,s,214,217.0,False,2033.5,2034.25
11246,1982,1974,s,214,214.0,False,2033.5,2033.5
11247,2028,2176,s,214,215.0,False,2033.5,2033.75
11248,211,1016,s,214,218.0,False,2033.5,2034.5
11249,233,1975,s,214,222.0,False,2033.5,2035.5
11250,343,1202,s,214,215.0,False,2033.5,2033.75
11251,394,390,s,214,219.0,False,2033.5,2034.75
11252,815,1186,s,214,214.0,False,2033.5,2033.5
11253,1239,1466,s,214,220.0,False,2033.5,2035.0
11254,1521,1559,s,214,220.0,False,2033.5,2035.0
11255,1544,740,s,214,215.0,False,2033.5,2033.75
11256,1665,1395,s,214,214.0,False,2033.5,2033.5
11257,1677,409,s,214,216.0,False,2033.5,2034.0
11258,1679,1871,s,214,215.0,False,2033.5,2033.75
11259,1701,1633,s,214,215.0,False,2033.5,2033.75
11260,1720,1692,s,214,215.0,False,2033.5,2033.75
11261,1723,1872,s,214,216.0,False,2033.5,2034.0
11262,1732,1476,s,214,216.0,False,2033.5,2034.0
11263,1760,1359,s,214,216.0,False,2033.5,2034.0
11264,1820,1819,s,214,218.0,False,2033.5,2034.5
11265,1898,1289,s,214,216.0,False,2033.5,2034.0
11266,1898,1389,s,214,215.0,False,2033.5,2033.75
11267,2157,1822,s,214,215.0,False,2033.5,2033.75
11268,2178,1691,s,214,228.0,False,2033.5,2037.0
11269,113,450,s,214,216.0,False,2033.5,2034.0
11270,482,545,s,214,217.0,False,2033.5,2034.25
11271,696,464,s,214,219.0,False,2033.5,2034.75
11272,841,261,s,214,217.0,False,2033.5,2034.25
11273,871,530,s,214,220.0,False,2033.5,2035.0
11274,1087,407,s,214,215.0,False,2033.5,2033.75
11275,1210,1395,s,214,218.0,False,2033.5,2034.5
11276,1220,1262,s,214,221.0,False,2033.5,2035.25
11277,1223,1846,s,214,221.0,False,2033.5,2035.25
11278,1328,1346,s,214,217.0,False,2033.5,2034.25
11279,1344,1730,s,214,219.0,False,2033.5,2034.75
11280,1490,1467,s,214,219.0,False,2033.5,2034.75
11281,1521,1523,s,214,215.0,False,2033.5,2033.75
11282,1608,1711,s,214,219.0,False,2033.5,2034.75
11283,1639,1201,s,214,226.0,False,2033.5,2036.5
11284,1679,1872,s,214,217.0,False,2033.5,2034.25
11285,1685,1556,s,214,217.0,False,2033.5,2034.25
11286,1752,1810,s,214,223.0,False,2033.5,2035.75
11287,1830,1769,s,214,218.0,False,2033.5,2034.5
11288,998,484,l,214,225.0,True,2033.5,2036.25
11289,1601,1534,l,214,217.0,True,2033.5,2034.25
11290,1077,1022,l,214,,True,2033.5,
11291,1208,1531,l,214,228.0,True,2033.5,2037.0
11292,1491,1398,l,214,,True,2033.5,
11293,1797,2127,l,214,,True,2033.5,
11294,556,1196,s,215,217.0,False,2033.75,2034.25
11295,745,268,s,215,222.0,False,2033.75,2035.5
11296,1215,1913,s,215,220.0,False,2033.75,2035.0
11297,1327,1267,s,215,218.0,False,2033.75,2034.5
11298,1617,1431,s,215,218.0,False,2033.75,2034.5
11299,655,1012,s,215,216.0,False,2033.75,2034.0
11300,913,1594,s,215,226.0,False,2033.75,2036.5
11301,1156,1244,s,215,217.0,False,2033.75,2034.25
11302,1235,1234,s,215,218.0,False,2033.75,2034.5
11303,1327,55,s,215,215.0,False,2033.75,2033.75
11304,1465,2003,s,215,218.0,False,2033.75,2034.5
11305,1491,1012,s,215,223.0,False,2033.75,2035.75
11306,1589,1747,s,215,227.0,False,2033.75,2036.75
11307,1720,1632,s,215,215.0,False,2033.75,2033.75
11308,1742,1882,s,215,216.0,False,2033.75,2034.0
11309,1789,1684,s,215,216.0,False,2033.75,2034.0
11310,1825,1306,s,215,218.0,False,2033.75,2034.5
11311,1858,2126,s,215,219.0,False,2033.75,2034.75
11312,2182,2150,s,215,217.0,False,2033.75,2034.25
11313,43,1315,s,215,226.0,False,2033.75,2036.5
11314,150,1316,s,215,216.0,False,2033.75,2034.0
11315,179,1360,s,215,216.0,False,2033.75,2034.0
11316,262,268,s,215,219.0,False,2033.75,2034.75
11317,321,823,s,215,225.0,False,2033.75,2036.25
11318,773,306,s,215,217.0,False,2033.75,2034.25
11319,815,571,s,215,220.0,False,2033.75,2035.0
11320,837,1613,s,215,219.0,False,2033.75,2034.75
11321,1397,1583,s,215,221.0,False,2033.75,2035.25
11322,1429,1634,s,215,222.0,False,2033.75,2035.5
11323,1463,1741,s,215,216.0,False,2033.75,2034.0
11324,1555,1524,s,215,217.0,False,2033.75,2034.25
11325,1685,1600,s,215,220.0,False,2033.75,2035.0
11326,1685,2111,s,215,221.0,False,2033.75,2035.25
11327,2093,324,s,215,223.0,False,2033.75,2035.75
11328,2157,1700,s,215,219.0,False,2033.75,2034.75
11329,1184,1377,l,215,218.0,True,2033.75,2034.5
11330,1258,1377,l,215,230.0,True,2033.75,2037.5
11331,1270,1377,l,215,,True,2033.75,
11332,1380,1603,l,215,230.0,True,2033.75,2037.5
11333,1516,1477,l,215,,True,2033.75,
11334,1641,1377,l,215,,True,2033.75,
11335,1687,1334,l,215,222.0,True,2033.75,2035.5
11336,322,309,l,215,234.0,True,2033.75,2038.5
11337,587,1337,l,215,237.0,True,2033.75,2039.25
11338,15,1417,s,216,217.0,False,2034.0,2034.25
11339,204,2020,s,216,219.0,False,2034.0,2034.75
11340,909,789,s,216,217.0,False,2034.0,2034.25
11341,1077,1476,s,216,221.0,False,2034.0,2035.25
11342,1080,480,s,216,217.0,False,2034.0,2034.25
11343,1083,1162,s,216,224.0,False,2034.0,2036.0
11344,1152,1225,s,216,223.0,False,2034.0,2035.75
11345,1195,1316,s,216,223.0,False,2034.0,2035.75
11346,1239,524,s,216,220.0,False,2034.0,2035.0
11347,1255,1289,s,216,217.0,False,2034.0,2034.25
11348,1426,1731,s,216,216.0,False,2034.0,2034.0
11349,1471,2240,s,216,222.0,False,2034.0,2035.5
11350,1626,1913,s,216,220.0,False,2034.0,2035.0
11351,1670,1364,s,216,216.0,False,2034.0,2034.0
11352,1679,1556,s,216,217.0,False,2034.0,2034.25
11353,1789,2237,s,216,219.0,False,2034.0,2034.75
11354,1806,2108,s,216,220.0,False,2034.0,2035.0
11355,1807,1341,s,216,218.0,False,2034.0,2034.5
11356,1879,1548,s,216,216.0,False,2034.0,2034.0
11357,1939,1243,s,216,222.0,False,2034.0,2035.5
11358,418,1452,s,216,228.0,False,2034.0,2037.0
11359,1148,1396,s,216,222.0,False,2034.0,2035.5
11360,1184,1423,s,216,223.0,False,2034.0,2035.75
11361,1416,1660,s,216,220.0,False,2034.0,2035.0
11362,1453,1975,s,216,228.0,False,2034.0,2037.0
11363,1484,1709,s,216,221.0,False,2034.0,2035.25
11364,1499,1822,s,216,220.0,False,2034.0,2035.0
11365,1701,1590,s,216,217.0,False,2034.0,2034.25
11366,1722,1795,s,216,218.0,False,2034.0,2034.5
11367,1879,1398,s,216,216.0,False,2034.0,2034.0
11368,2025,1747,s,216,217.0,False,2034.0,2034.25
11369,2178,1481,s,216,220.0,False,2034.0,2035.0
11370,1079,947,s,216,221.0,False,2034.0,2035.25
11371,1152,1469,s,216,223.0,False,2034.0,2035.75
11372,1184,1369,s,216,225.0,False,2034.0,2036.25
11373,1258,1476,s,216,219.0,False,2034.0,2034.75
11374,1258,1507,s,216,217.0,False,2034.0,2034.25
11375,1366,498,s,216,220.0,False,2034.0,2035.0
11376,1485,1536,s,216,217.0,False,2034.0,2034.25
11377,1550,1433,s,216,220.0,False,2034.0,2035.0
11378,1686,1534,s,216,221.0,False,2034.0,2035.25
11379,1702,1690,s,216,222.0,False,2034.0,2035.5
11380,1750,1709,s,216,218.0,False,2034.0,2034.5
11381,1752,1633,s,216,220.0,False,2034.0,2035.0
11382,1752,1709,s,216,227.0,False,2034.0,2036.75
11383,1878,1487,s,216,217.0,False,2034.0,2034.25
11384,1918,1704,s,216,220.0,False,2034.0,2035.0
11385,1983,1304,s,216,217.0,False,2034.0,2034.25
11386,2178,1743,l,216,,True,2034.0,
11387,482,1272,l,216,,True,2034.0,
11388,1326,1018,l,216,,True,2034.0,
11389,1858,1724,l,216,,True,2034.0,
11390,1204,1234,l,216,,True,2034.0,
11391,1215,1391,l,216,,True,2034.0,
11392,15,1019,s,217,218.0,False,2034.25,2034.5
11393,15,1222,s,217,219.0,False,2034.25,2034.75
11394,561,1022,s,217,218.0,False,2034.25,2034.5
11395,962,294,s,217,217.0,False,2034.25,2034.25
11396,978,60,s,217,221.0,False,2034.25,2035.25
11397,1203,1476,s,217,220.0,False,2034.25,2035.0
11398,1303,1913,s,217,217.0,False,2034.25,2034.25
11399,1378,2108,s,217,219.0,False,2034.25,2034.75
11400,1546,1560,s,217,220.0,False,2034.25,2035.0
11401,1701,1672,s,217,221.0,False,2034.25,2035.25
11402,1852,1974,s,217,218.0,False,2034.25,2034.5
11403,1853,1748,s,217,218.0,False,2034.25,2034.5
11404,2179,1689,s,217,218.0,False,2034.25,2034.5
11405,739,823,s,217,222.0,False,2034.25,2035.5
11406,1077,1954,s,217,218.0,False,2034.25,2034.5
11407,1151,1395,s,217,222.0,False,2034.25,2035.5
11408,1266,1846,s,217,219.0,False,2034.25,2034.75
11409,1325,1692,s,217,226.0,False,2034.25,2036.5
11410,1376,2215,s,217,218.0,False,2034.25,2034.5
11411,1491,1260,s,217,218.0,False,2034.25,2034.5
11412,1502,2240,s,217,217.0,False,2034.25,2034.25
11413,1517,1913,s,217,222.0,False,2034.25,2035.5
11414,1563,1476,s,217,227.0,False,2034.25,2036.75
11415,1638,2150,s,217,220.0,False,2034.25,2035.0
11416,1639,684,s,217,225.0,False,2034.25,2036.25
11417,1650,1974,s,217,225.0,False,2034.25,2036.25
11418,1839,2108,s,217,219.0,False,2034.25,2034.75
11419,356,2113,s,217,218.0,False,2034.25,2034.5
11420,702,528,s,217,221.0,False,2034.25,2035.25
11421,962,530,s,217,221.0,False,2034.25,2035.25
11422,1004,1556,s,217,223.0,False,2034.25,2035.75
11423,1184,1274,s,217,230.0,False,2034.25,2037.5
11424,1223,1412,s,217,223.0,False,2034.25,2035.75
11425,1332,1802,s,217,225.0,False,2034.25,2036.25
11426,1352,2150,s,217,218.0,False,2034.25,2034.5
11427,1366,697,s,217,223.0,False,2034.25,2035.75
11428,1410,1340,s,217,220.0,False,2034.25,2035.0
11429,1444,1240,s,217,223.0,False,2034.25,2035.75
11430,1453,1802,s,217,224.0,False,2034.25,2036.0
11431,1550,1703,s,217,219.0,False,2034.25,2034.75
11432,1595,1289,s,217,227.0,False,2034.25,2036.75
11433,1665,1514,s,217,221.0,False,2034.25,2035.25
11434,1680,1766,s,217,223.0,False,2034.25,2035.75
11435,1806,1653,s,217,221.0,False,2034.25,2035.25
11436,1815,1660,s,217,218.0,False,2034.25,2034.5
11437,1833,1704,s,217,218.0,False,2034.25,2034.5
11438,1462,1261,l,217,,True,2034.25,
11439,150,786,l,217,237.0,True,2034.25,2039.25
11440,1877,1423,l,217,,True,2034.25,
11441,1325,1341,l,217,240.0,True,2034.25,2040.0
11442,34,1262,s,218,229.0,False,2034.5,2037.25
11443,34,1556,s,218,221.0,False,2034.5,2035.25
11444,754,576,s,218,219.0,False,2034.5,2034.75
11445,931,1194,s,218,219.0,False,2034.5,2034.75
11446,1004,1363,s,218,218.0,False,2034.5,2034.5
11447,1077,24,s,218,236.0,False,2034.5,2039.0
11448,1078,1381,s,218,222.0,False,2034.5,2035.5
11449,1148,1238,s,218,224.0,False,2034.5,2036.0
11450,1211,1823,s,218,219.0,False,2034.5,2034.75
11451,1223,1334,s,218,221.0,False,2034.5,2035.25
11452,1325,1875,s,218,219.0,False,2034.5,2034.75
11453,1410,1580,s,218,226.0,False,2034.5,2036.5
11454,1667,2108,s,218,219.0,False,2034.5,2034.75
11455,1720,1703,s,218,221.0,False,2034.5,2035.25
11456,1830,1741,s,218,227.0,False,2034.5,2036.75
11457,2025,1530,s,218,224.0,False,2034.5,2036.0
11458,2052,2198,s,218,218.0,False,2034.5,2034.5
11459,2158,1371,s,218,222.0,False,2034.5,2035.5
11460,2178,1766,s,218,226.0,False,2034.5,2036.5
11461,2179,2108,s,218,218.0,False,2034.5,2034.5
11462,705,1360,s,218,222.0,False,2034.5,2035.5
11463,881,1804,s,218,219.0,False,2034.5,2034.75
11464,909,1221,s,218,221.0,False,2034.5,2035.25
11465,1156,1469,s,218,222.0,False,2034.5,2035.5
11466,1200,1001,s,218,219.0,False,2034.5,2034.75
11467,1392,1610,s,218,227.0,False,2034.5,2036.75
11468,1550,1539,s,218,230.0,False,2034.5,2037.5
11469,1623,1535,s,218,221.0,False,2034.5,2035.25
11470,1666,1523,s,218,218.0,False,2034.5,2034.5
11471,1716,1272,s,218,223.0,False,2034.5,2035.75
11472,1723,2239,s,218,219.0,False,2034.5,2034.75
11473,1728,1531,s,218,219.0,False,2034.5,2034.75
11474,1728,1871,s,218,218.0,False,2034.5,2034.5
11475,1817,1747,s,218,220.0,False,2034.5,2035.0
11476,1920,1754,s,218,224.0,False,2034.5,2036.0
11477,173,933,s,218,224.0,False,2034.5,2036.0
11478,351,1593,s,218,228.0,False,2034.5,2037.0
11479,871,295,s,218,219.0,False,2034.5,2034.75
11480,909,1693,s,218,219.0,False,2034.5,2034.75
11481,1148,1193,s,218,227.0,False,2034.5,2036.75
11482,1152,1611,s,218,225.0,False,2034.5,2036.25
11483,1159,1398,s,218,220.0,False,2034.5,2035.0
11484,1191,524,s,218,219.0,False,2034.5,2034.75
11485,1195,1487,s,218,219.0,False,2034.5,2034.75
11486,1223,1381,s,218,223.0,False,2034.5,2035.75
11487,1328,192,s,218,224.0,False,2034.5,2036.0
11488,1328,673,s,218,223.0,False,2034.5,2035.75
11489,1425,1412,s,218,219.0,False,2034.5,2034.75
11490,1792,1495,s,218,220.0,False,2034.5,2035.0
11491,1837,2173,s,218,222.0,False,2034.5,2035.5
11492,1858,1974,s,218,222.0,False,2034.5,2035.5
11493,1869,1870,s,218,221.0,False,2034.5,2035.25
11494,2223,1225,s,218,224.0,False,2034.5,2036.0
11495,1333,1291,l,218,,True,2034.5,
11496,2200,1708,l,218,,True,2034.5,
11497,99,1288,l,218,,True,2034.5,
11498,1750,1467,l,218,233.0,True,2034.5,2038.25
11499,1858,1709,l,218,,True,2034.5,
11500,34,1822,s,219,223.0,False,2034.75,2035.75
11501,99,2004,s,219,219.0,False,2034.75,2034.75
11502,412,1409,s,219,221.0,False,2034.75,2035.25
11503,507,1186,s,219,223.0,False,2034.75,2035.75
11504,931,1014,s,219,221.0,False,2034.75,2035.25
11505,1081,1240,s,219,226.0,False,2034.75,2036.5
11506,1296,1607,s,219,223.0,False,2034.75,2035.75
11507,1413,1535,s,219,224.0,False,2034.75,2036.0
11508,1429,1724,s,219,222.0,False,2034.75,2035.5
11509,1504,1469,s,219,220.0,False,2034.75,2035.0
11510,1577,1612,s,219,223.0,False,2034.75,2035.75
11511,1588,1445,s,219,219.0,False,2034.75,2034.75
11512,1609,1513,s,219,221.0,False,2034.75,2035.25
11513,1648,1754,s,219,219.0,False,2034.75,2034.75
11514,1715,1334,s,219,224.0,False,2034.75,2036.0
11515,1751,1703,s,219,220.0,False,2034.75,2035.0
11516,1797,1810,s,219,221.0,False,2034.75,2035.25
11517,1877,1447,s,219,224.0,False,2034.75,2036.0
11518,1877,1469,s,219,221.0,False,2034.75,2035.25
11519,2091,1747,s,219,221.0,False,2034.75,2035.25
11520,745,1158,s,219,220.0,False,2034.75,2035.0
11521,871,933,s,219,221.0,False,2034.75,2035.25
11522,1151,1846,s,219,223.0,False,2034.75,2035.75
11523,1184,1954,s,219,220.0,False,2034.75,2035.0
11524,1190,1334,s,219,224.0,False,2034.75,2036.0
11525,1258,1452,s,219,220.0,False,2034.75,2035.0
11526,1307,1466,s,219,220.0,False,2034.75,2035.0
11527,1443,1531,s,219,229.0,False,2034.75,2037.25
11528,1484,1520,s,219,222.0,False,2034.75,2035.5
11529,1499,2216,s,219,226.0,False,2034.75,2036.5
11530,1585,1520,s,219,220.0,False,2034.75,2035.0
11531,1589,1660,s,219,220.0,False,2034.75,2035.0
11532,1595,545,s,219,225.0,False,2034.75,2036.25
11533,1679,1524,s,219,221.0,False,2034.75,2035.25
11534,1683,1395,s,219,221.0,False,2034.75,2035.25
11535,1765,1799,s,219,221.0,False,2034.75,2035.25
11536,1797,2237,s,219,221.0,False,2034.75,2035.25
11537,1817,1727,s,219,236.0,False,2034.75,2039.0
11538,2158,1477,s,219,219.0,False,2034.75,2034.75
11539,343,1225,s,219,222.0,False,2034.75,2035.5
11540,418,842,s,219,221.0,False,2034.75,2035.25
11541,715,708,s,219,222.0,False,2034.75,2035.5
11542,1152,2240,s,219,228.0,False,2034.75,2037.0
11543,1211,1395,s,219,226.0,False,2034.75,2036.5
11544,1307,1334,s,219,220.0,False,2034.75,2035.0
11545,1425,1531,s,219,220.0,False,2034.75,2035.0
11546,1482,1743,s,219,220.0,False,2034.75,2035.0
11547,1485,1495,s,219,222.0,False,2034.75,2035.5
11548,1491,1216,s,219,235.0,False,2034.75,2038.75
11549,1566,1754,s,219,223.0,False,2034.75,2035.75
11550,1812,1600,s,219,227.0,False,2034.75,2036.75
11551,1817,1704,s,219,226.0,False,2034.75,2036.5
11552,1919,1534,s,219,235.0,False,2034.75,2038.75
11553,1220,1364,l,219,224.0,True,2034.75,2036.0
11554,1605,1709,l,219,231.0,True,2034.75,2037.75
11555,1939,1267,l,219,,True,2034.75,
11556,2025,2215,l,219,,True,2034.75,
11557,1353,1682,l,219,,True,2034.75,
11558,1374,1549,l,219,,True,2034.75,
11559,2178,1539,l,219,241.0,True,2034.75,2040.25
11560,69,2198,s,220,227.0,False,2035.0,2036.75
11561,152,1594,s,220,220.0,False,2035.0,2035.0
11562,247,2129,s,220,233.0,False,2035.0,2038.25
11563,507,1776,s,220,223.0,False,2035.0,2035.75
11564,869,1030,s,220,224.0,False,2035.0,2036.0
11565,1208,1209,s,220,222.0,False,2035.0,2035.5
11566,1325,1356,s,220,228.0,False,2035.0,2037.0
11567,1350,1809,s,220,221.0,False,2035.0,2035.25
11568,1468,1477,s,220,222.0,False,2035.0,2035.5
11569,1726,1719,s,220,227.0,False,2035.0,2036.75
11570,1797,1660,s,220,236.0,False,2035.0,2039.0
11571,1807,1314,s,220,220.0,False,2035.0,2035.0
11572,1865,1769,s,220,221.0,False,2035.0,2035.25
11573,1982,1690,s,220,223.0,False,2035.0,2035.75
11574,2178,1684,s,220,222.0,False,2035.0,2035.5
11575,15,1334,s,220,224.0,False,2035.0,2036.0
11576,204,740,s,220,227.0,False,2035.0,2036.75
11577,913,1316,s,220,221.0,False,2035.0,2035.25
11578,1005,1259,s,220,221.0,False,2035.0,2035.25
11579,1195,1535,s,220,224.0,False,2035.0,2036.0
11580,1273,1974,s,220,223.0,False,2035.0,2035.75
11581,1429,1633,s,220,222.0,False,2035.0,2035.5
11582,1521,1306,s,220,223.0,False,2035.0,2035.75
11583,1544,1539,s,220,224.0,False,2035.0,2036.0
11584,1550,1536,s,220,222.0,False,2035.0,2035.5
11585,1826,1186,s,220,221.0,False,2035.0,2035.25
11586,1869,1692,s,220,224.0,False,2035.0,2036.0
11587,2092,1306,s,220,221.0,False,2035.0,2035.25
11588,507,1310,s,220,221.0,False,2035.0,2035.25
11589,580,291,s,220,224.0,False,2035.0,2036.0
11590,629,1243,s,220,222.0,False,2035.0,2035.5
11591,655,740,s,220,225.0,False,2035.0,2036.25
11592,1082,1346,s,220,225.0,False,2035.0,2036.25
11593,1307,1498,s,220,224.0,False,2035.0,2036.0
11594,1443,1467,s,220,229.0,False,2035.0,2037.25
11595,1465,1802,s,220,222.0,False,2035.0,2035.5
11596,1665,1746,s,220,224.0,False,2035.0,2036.0
11597,1687,1498,s,220,221.0,False,2035.0,2035.25
11598,1687,2111,s,220,239.0,False,2035.0,2039.75
11599,1722,1634,s,220,228.0,False,2035.0,2037.0
11600,1825,903,s,220,225.0,False,2035.0,2036.25
11601,1839,1703,s,220,222.0,False,2035.0,2035.5
11602,1939,1495,s,220,239.0,False,2035.0,2039.75
11603,2199,1810,s,220,222.0,False,2035.0,2035.5
11604,173,61,l,220,,True,2035.0,
11605,1434,1240,l,220,,True,2035.0,
11606,1723,1560,l,220,,True,2035.0,
11607,1248,1186,l,220,224.0,True,2035.0,2036.0
11608,1331,1513,l,220,,True,2035.0,
11609,1626,1709,l,220,,True,2035.0,
11610,26,159,s,221,221.0,False,2035.25,2035.25
11611,43,1393,s,221,222.0,False,2035.25,2035.5
11612,418,268,s,221,223.0,False,2035.25,2035.75
11613,681,1166,s,221,224.0,False,2035.25,2036.0
11614,696,740,s,221,228.0,False,2035.25,2037.0
11615,871,678,s,221,229.0,False,2035.25,2037.25
11616,1007,1611,s,221,225.0,False,2035.25,2036.25
11617,1084,1294,s,221,223.0,False,2035.25,2035.75
11618,1171,665,s,221,222.0,False,2035.25,2035.5
11619,1211,1267,s,221,222.0,False,2035.25,2035.5
11620,1223,1479,s,221,222.0,False,2035.25,2035.5
11621,1410,1412,s,221,226.0,False,2035.25,2036.5
11622,1465,1954,s,221,227.0,False,2035.25,2036.75
11623,1491,990,s,221,240.0,False,2035.25,2040.0
11624,1751,1947,s,221,224.0,False,2035.25,2036.0
11625,1833,1703,s,221,225.0,False,2035.25,2036.25
11626,1898,1530,s,221,226.0,False,2035.25,2036.5
11627,2155,1747,s,221,224.0,False,2035.25,2036.0
11628,2269,1513,s,221,221.0,False,2035.25,2035.25
11629,15,1163,s,221,227.0,False,2035.25,2036.75
11630,255,2005,s,221,225.0,False,2035.25,2036.25
11631,715,2198,s,221,221.0,False,2035.25,2035.25
11632,909,1395,s,221,222.0,False,2035.25,2035.5
11633,1338,1535,s,221,231.0,False,2035.25,2037.75
11634,1453,1487,s,221,224.0,False,2035.25,2036.0
11635,1463,1433,s,221,223.0,False,2035.25,2035.75
11636,1484,2150,s,221,223.0,False,2035.25,2035.75
11637,1502,1582,s,221,230.0,False,2035.25,2037.5
11638,1713,1592,s,221,222.0,False,2035.25,2035.5
11639,1789,2261,s,221,226.0,False,2035.25,2036.5
11640,1852,1935,s,221,222.0,False,2035.25,2035.5
11641,1879,1497,s,221,223.0,False,2035.25,2035.75
11642,2178,2216,s,221,223.0,False,2035.25,2035.75
11643,34,1186,s,221,228.0,False,2035.25,2037.0
11644,169,1611,s,221,222.0,False,2035.25,2035.5
11645,204,90,s,221,226.0,False,2035.25,2036.5
11646,351,1356,s,221,222.0,False,2035.25,2035.5
11647,351,1524,s,221,222.0,False,2035.25,2035.5
11648,745,1593,s,221,224.0,False,2035.25,2036.0
11649,962,313,s,221,226.0,False,2035.25,2036.5
11650,1077,1823,s,221,229.0,False,2035.25,2037.25
11651,1220,1433,s,221,224.0,False,2035.25,2036.0
11652,1220,1477,s,221,229.0,False,2035.25,2037.25
11653,1223,1304,s,221,226.0,False,2035.25,2036.5
11654,1249,1193,s,221,222.0,False,2035.25,2035.5
11655,1609,1582,s,221,225.0,False,2035.25,2036.25
11656,1639,390,s,221,231.0,False,2035.25,2037.75
11657,1687,1763,s,221,229.0,False,2035.25,2037.25
11658,1732,1935,s,221,223.0,False,2035.25,2035.75
11659,1744,1788,s,221,225.0,False,2035.25,2036.25
11660,1753,1795,s,221,224.0,False,2035.25,2036.0
11661,1940,697,s,221,228.0,False,2035.25,2037.0
11662,2071,1691,s,221,224.0,False,2035.25,2036.0
11663,1378,1506,l,221,,True,2035.25,
11664,1353,1345,l,221,239.0,True,2035.25,2039.75
11665,15,524,s,222,224.0,False,2035.5,2036.0
11666,15,1158,s,222,227.0,False,2035.5,2036.75
11667,92,793,s,222,235.0,False,2035.5,2038.75
11668,179,1314,s,222,222.0,False,2035.5,2035.5
11669,937,990,s,222,225.0,False,2035.5,2036.25
11670,1078,1310,s,222,223.0,False,2035.5,2035.75
11671,1218,1568,s,222,223.0,False,2035.5,2035.75
11672,1257,1729,s,222,223.0,False,2035.5,2035.75
11673,1293,1469,s,222,223.0,False,2035.5,2035.75
11674,1312,1409,s,222,226.0,False,2035.5,2036.5
11675,1394,1594,s,222,229.0,False,2035.5,2037.25
11676,1490,1291,s,222,227.0,False,2035.5,2036.75
11677,1499,1975,s,222,228.0,False,2035.5,2037.0
11678,1581,1582,s,222,232.0,False,2035.5,2038.0
11679,1585,1536,s,222,230.0,False,2035.5,2037.5
11680,1686,2127,s,222,227.0,False,2035.5,2036.75
11681,1720,1524,s,222,231.0,False,2035.5,2037.75
11682,1722,1836,s,222,232.0,False,2035.5,2038.0
11683,1722,1871,s,222,228.0,False,2035.5,2037.0
11684,1752,1703,s,222,224.0,False,2035.5,2036.0
11685,1807,1524,s,222,237.0,False,2035.5,2039.25
11686,1833,1466,s,222,223.0,False,2035.5,2035.75
11687,1932,2108,s,222,233.0,False,2035.5,2038.25
11688,497,290,s,222,224.0,False,2035.5,2036.0
11689,1007,1310,s,222,226.0,False,2035.5,2036.5
11690,1084,1216,s,222,224.0,False,2035.5,2036.0
11691,1208,1225,s,222,234.0,False,2035.5,2038.5
11692,1223,545,s,222,223.0,False,2035.5,2035.75
11693,1223,1435,s,222,241.0,False,2035.5,2040.25
11694,1223,1583,s,222,228.0,False,2035.5,2037.0
11695,1275,2150,s,222,223.0,False,2035.5,2035.75
11696,1353,1381,s,222,226.0,False,2035.5,2036.5
11697,1394,1467,s,222,226.0,False,2035.5,2036.5
11698,1617,1381,s,222,228.0,False,2035.5,2037.0
11699,1638,1194,s,222,224.0,False,2035.5,2036.0
11700,1670,1559,s,222,223.0,False,2035.5,2035.75
11701,1686,1531,s,222,234.0,False,2035.5,2038.5
11702,1707,1690,s,222,223.0,False,2035.5,2035.75
11703,1744,1524,s,222,228.0,False,2035.5,2037.0
11704,1830,1947,s,222,223.0,False,2035.5,2035.75
11705,1866,1799,s,222,223.0,False,2035.5,2035.75
11706,15,1341,s,222,226.0,False,2035.5,2036.5
11707,507,1163,s,222,234.0,False,2035.5,2038.5
11708,745,417,s,222,223.0,False,2035.5,2035.75
11709,784,1334,s,222,224.0,False,2035.5,2036.0
11710,1287,1395,s,222,224.0,False,2035.5,2036.0
11711,1296,1259,s,222,227.0,False,2035.5,2036.75
11712,1378,1846,s,222,229.0,False,2035.5,2037.25
11713,1490,1477,s,222,224.0,False,2035.5,2036.0
11714,1575,1607,s,222,235.0,False,2035.5,2038.75
11715,1728,1907,s,222,230.0,False,2035.5,2037.5
11716,1865,1703,s,222,229.0,False,2035.5,2037.25
11717,1869,2127,s,222,231.0,False,2035.5,2037.75
11718,1877,1549,s,222,225.0,False,2035.5,2036.25
11719,1939,1914,s,222,223.0,False,2035.5,2035.75
11720,2199,1481,s,222,224.0,False,2035.5,2036.0
11721,1650,1479,l,222,,True,2035.5,
11722,2182,2005,l,222,238.0,True,2035.5,2039.5
11723,1434,1158,l,222,,True,2035.5,
11724,1546,1556,l,222,225.0,True,2035.5,2036.25
11725,152,1847,s,223,223.0,False,2035.75,2035.75
11726,430,416,s,223,223.0,False,2035.75,2035.75
11727,507,1295,s,223,223.0,False,2035.75,2035.75
11728,913,2150,s,223,226.0,False,2035.75,2036.5
11729,1074,1295,s,223,223.0,False,2035.75,2035.75
11730,1077,293,s,223,233.0,False,2035.75,2038.25
11731,1077,1310,s,223,227.0,False,2035.75,2036.75
11732,1083,126,s,223,230.0,False,2035.75,2037.5
11733,1148,1411,s,223,227.0,False,2035.75,2036.75
11734,1223,1364,s,223,225.0,False,2035.75,2036.25
11735,1273,1539,s,223,223.0,False,2035.75,2035.75
11736,1297,1479,s,223,228.0,False,2035.75,2037.0
11737,1355,1556,s,223,224.0,False,2035.75,2036.0
11738,1397,1810,s,223,225.0,False,2035.75,2036.25
11739,1463,1483,s,223,226.0,False,2035.75,2036.5
11740,1562,1534,s,223,231.0,False,2035.75,2037.75
11741,1562,1535,s,223,223.0,False,2035.75,2035.75
11742,1662,1691,s,223,228.0,False,2035.75,2037.0
11743,1666,2108,s,223,229.0,False,2035.75,2037.25
11744,1752,1534,s,223,224.0,False,2035.75,2036.0
11745,1824,1678,s,223,225.0,False,2035.75,2036.25
11746,1833,1891,s,223,224.0,False,2035.75,2036.0
11747,1858,1513,s,223,226.0,False,2035.75,2036.5
11748,2052,1238,s,223,227.0,False,2035.75,2036.75
11749,2223,1487,s,223,225.0,False,2035.75,2036.25
11750,231,615,s,223,231.0,False,2035.75,2037.75
11751,255,1341,s,223,224.0,False,2035.75,2036.0
11752,1269,1607,s,223,225.0,False,2035.75,2036.25
11753,1270,1514,s,223,224.0,False,2035.75,2036.0
11754,1482,1364,s,223,225.0,False,2035.75,2036.25
11755,1485,1974,s,223,226.0,False,2035.75,2036.5
11756,1494,1377,s,223,224.0,False,2035.75,2036.0
11757,1521,1262,s,223,230.0,False,2035.75,2037.5
11758,1532,1691,s,223,224.0,False,2035.75,2036.0
11759,1595,1202,s,223,235.0,False,2035.75,2038.75
11760,1879,1466,s,223,224.0,False,2035.75,2036.0
11761,2073,1975,s,223,229.0,False,2035.75,2037.25
11762,2093,1316,s,223,228.0,False,2035.75,2037.0
11763,87,524,s,223,229.0,False,2035.75,2037.25
11764,715,898,s,223,224.0,False,2035.75,2036.0
11765,881,2152,s,223,226.0,False,2035.75,2036.5
11766,995,1206,s,223,226.0,False,2035.75,2036.5
11767,1273,1593,s,223,227.0,False,2035.75,2036.75
11768,1287,1610,s,223,232.0,False,2035.75,2038.0
11769,1490,1476,s,223,224.0,False,2035.75,2036.0
11770,1518,1291,s,223,231.0,False,2035.75,2037.75
11771,1707,1568,s,223,226.0,False,2035.75,2036.5
11772,1752,1583,s,223,226.0,False,2035.75,2036.5
11773,1774,1871,s,223,226.0,False,2035.75,2036.5
11774,1789,1539,s,223,224.0,False,2035.75,2036.0
11775,1789,2108,s,223,229.0,False,2035.75,2037.25
11776,2158,1693,s,223,229.0,False,2035.75,2037.25
11777,1833,2239,l,223,,True,2035.75,
11778,1865,1692,l,223,230.0,True,2035.75,2037.5
11779,1077,1221,l,223,,True,2035.75,
11780,1258,1534,l,223,,True,2035.75,
11781,1751,1559,l,223,,True,2035.75,
11782,1790,1927,l,223,234.0,True,2035.75,2038.5
11783,34,1393,s,224,225.0,False,2036.0,2036.25
11784,705,1360,s,224,230.0,False,2036.0,2037.5
11785,1007,1216,s,224,225.0,False,2036.0,2036.25
11786,1256,1364,s,224,224.0,False,2036.0,2036.0
11787,1463,1536,s,224,231.0,False,2036.0,2037.75
11788,1485,1341,s,224,227.0,False,2036.0,2036.75
11789,1577,268,s,224,224.0,False,2036.0,2036.0
11790,1629,1523,s,224,238.0,False,2036.0,2039.5
11791,1677,1520,s,224,224.0,False,2036.0,2036.0
11792,1687,2215,s,224,230.0,False,2036.0,2037.5
11793,1720,1802,s,224,228.0,False,2036.0,2037.0
11794,1723,1653,s,224,229.0,False,2036.0,2037.25
11795,179,1310,s,224,230.0,False,2036.0,2037.5
11796,247,1315,s,224,230.0,False,2036.0,2037.5
11797,745,1001,s,224,228.0,False,2036.0,2037.0
11798,1081,1693,s,224,230.0,False,2036.0,2037.5
11799,1083,1272,s,224,226.0,False,2036.0,2036.5
11800,1237,1189,s,224,227.0,False,2036.0,2036.75
11801,1248,1315,s,224,227.0,False,2036.0,2036.75
11802,1376,2002,s,224,230.0,False,2036.0,2037.5
11803,1517,1531,s,224,226.0,False,2036.0,2036.5
11804,1577,586,s,224,236.0,False,2036.0,2039.0
11805,1679,1445,s,224,227.0,False,2036.0,2036.75
11806,1751,1754,s,224,227.0,False,2036.0,2036.75
11807,1751,2125,s,224,229.0,False,2036.0,2037.25
11808,1817,1767,s,224,226.0,False,2036.0,2036.5
11809,2200,2263,s,224,225.0,False,2036.0,2036.25
11810,69,306,s,224,230.0,False,2036.0,2037.5
11811,412,545,s,224,228.0,False,2036.0,2037.0
11812,738,1315,s,224,235.0,False,2036.0,2038.75
11813,1235,1395,s,224,234.0,False,2036.0,2038.5
11814,1273,1524,s,224,226.0,False,2036.0,2036.5
11815,1296,1289,s,224,225.0,False,2036.0,2036.25
11816,1376,2109,s,224,227.0,False,2036.0,2036.75
11817,1465,1295,s,224,225.0,False,2036.0,2036.25
11818,1517,1558,s,224,234.0,False,2036.0,2038.5
11819,1546,1788,s,224,242.0,False,2036.0,2040.5
11820,1774,2237,s,224,225.0,False,2036.0,2036.25
11821,1774,2239,s,224,225.0,False,2036.0,2036.25
11822,1918,1719,s,224,226.0,False,2036.0,2036.5
11823,2158,1559,s,224,228.0,False,2036.0,2037.0
11824,2182,571,s,224,232.0,False,2036.0,2038.0
11825,913,1893,l,224,241.0,True,2036.0,2040.25
11826,1184,1733,l,224,236.0,True,2036.0,2039.0
11827,2200,1884,l,224,,True,2036.0,
11828,1732,2237,l,224,,True,2036.0,
11829,1830,1568,l,224,,True,2036.0,
11830,978,167,l,224,236.0,True,2036.0,2039.0
11831,1426,1415,l,224,,True,2036.0,
11832,1807,1561,l,224,,True,2036.0,
11833,2199,1602,l,224,,True,2036.0,
11834,230,2006,s,225,232.0,False,2036.25,2038.0
11835,962,1612,s,225,230.0,False,2036.25,2037.5
11836,1079,1201,s,225,228.0,False,2036.25,2037.0
11837,1152,176,s,225,227.0,False,2036.25,2036.75
11838,1195,1272,s,225,228.0,False,2036.25,2037.0
11839,1287,1913,s,225,225.0,False,2036.25,2036.25
11840,1350,1568,s,225,234.0,False,2036.25,2038.5
11841,1353,1396,s,225,231.0,False,2036.25,2037.75
11842,1416,1748,s,225,230.0,False,2036.25,2037.5
11843,1416,1809,s,225,226.0,False,2036.25,2036.5
11844,1425,1624,s,225,229.0,False,2036.25,2037.25
11845,1485,1483,s,225,228.0,False,2036.25,2037.0
11846,1533,1740,s,225,228.0,False,2036.25,2037.0
11847,1685,1582,s,225,226.0,False,2036.25,2036.5
11848,1797,1748,s,225,232.0,False,2036.25,2038.0
11849,1839,1814,s,225,229.0,False,2036.25,2037.25
11850,1863,1682,s,225,228.0,False,2036.25,2037.0
11851,2181,1748,s,225,235.0,False,2036.25,2038.75
11852,2245,1632,s,225,226.0,False,2036.25,2036.5
11853,222,481,s,225,225.0,False,2036.25,2036.25
11854,230,217,s,225,225.0,False,2036.25,2036.25
11855,343,1481,s,225,231.0,False,2036.25,2037.75
11856,508,1847,s,225,228.0,False,2036.25,2037.0
11857,1007,1012,s,225,238.0,False,2036.25,2039.5
11858,1082,1291,s,225,225.0,False,2036.25,2036.25
11859,1171,2151,s,225,229.0,False,2036.25,2037.25
11860,1185,1534,s,225,227.0,False,2036.25,2036.75
11861,1204,1433,s,225,229.0,False,2036.25,2037.25
11862,1273,740,s,225,226.0,False,2036.25,2036.5
11863,1312,409,s,225,226.0,False,2036.25,2036.5
11864,1327,345,s,225,227.0,False,2036.25,2036.75
11865,1370,1411,s,225,228.0,False,2036.25,2037.0
11866,1465,1835,s,225,226.0,False,2036.25,2036.5
11867,1482,1412,s,225,235.0,False,2036.25,2038.75
11868,1773,2110,s,225,233.0,False,2036.25,2038.25
11869,1796,1731,s,225,226.0,False,2036.25,2036.5
11870,1812,1675,s,225,226.0,False,2036.25,2036.5
11871,1837,2173,s,225,228.0,False,2036.25,2037.0
11872,1841,1871,s,225,238.0,False,2036.25,2039.5
11873,2073,1428,s,225,228.0,False,2036.25,2037.0
11874,179,1446,s,225,229.0,False,2036.25,2037.25
11875,262,1539,s,225,226.0,False,2036.25,2036.5
11876,561,697,s,225,232.0,False,2036.25,2038.0
11877,573,64,s,225,227.0,False,2036.25,2036.75
11878,784,171,s,225,226.0,False,2036.25,2036.5
11879,1078,1244,s,225,227.0,False,2036.25,2036.75
11880,1210,1445,s,225,227.0,False,2036.25,2036.75
11881,1211,1334,s,225,233.0,False,2036.25,2038.25
11882,1256,1568,s,225,229.0,False,2036.25,2037.25
11883,1331,1582,s,225,226.0,False,2036.25,2036.5
11884,1331,1795,s,225,226.0,False,2036.25,2036.5
11885,1390,1554,s,225,229.0,False,2036.25,2037.25
11886,1591,1709,s,225,227.0,False,2036.25,2036.75
11887,1721,1580,s,225,229.0,False,2036.25,2037.25
11888,1742,1691,s,225,232.0,False,2036.25,2038.0
11889,1752,1799,s,225,227.0,False,2036.25,2036.75
11890,1817,1534,s,225,227.0,False,2036.25,2036.75
11891,1817,2126,s,225,234.0,False,2036.25,2038.5
11892,1825,1409,s,225,235.0,False,2036.25,2038.75
11893,1833,1873,s,225,227.0,False,2036.25,2036.75
11894,2052,990,s,225,233.0,False,2036.25,2038.25
11895,1392,1708,l,225,,True,2036.25,
11896,1685,1872,l,225,,True,2036.25,
11897,2157,1393,l,225,,True,2036.25,
11898,2223,1846,l,225,,True,2036.25,
11899,837,1304,l,225,,True,2036.25,
11900,1919,1795,l,225,,True,2036.25,
11901,1930,1769,l,225,,True,2036.25,
11902,1156,1196,l,225,,True,2036.25,
11903,430,1018,s,226,228.0,False,2036.5,2037.0
11904,1079,1265,s,226,227.0,False,2036.5,2036.75
11905,1148,823,s,226,226.0,False,2036.5,2036.5
11906,1211,1260,s,226,227.0,False,2036.5,2036.75
11907,1358,1974,s,226,231.0,False,2036.5,2037.75
11908,1425,1564,s,226,228.0,False,2036.5,2037.0
11909,1486,1703,s,226,232.0,False,2036.5,2038.0
11910,1537,1467,s,226,229.0,False,2036.5,2037.25
11911,1538,1531,s,226,239.0,False,2036.5,2039.75
11912,1751,1871,s,226,233.0,False,2036.5,2038.25
11913,1833,1633,s,226,226.0,False,2036.5,2036.5
11914,1837,2150,s,226,230.0,False,2036.5,2037.5
11915,2071,1582,s,226,228.0,False,2036.5,2037.0
11916,15,1260,s,226,226.0,False,2036.5,2036.5
11917,1184,1294,s,226,228.0,False,2036.5,2037.0
11918,1184,1339,s,226,229.0,False,2036.5,2037.25
11919,1208,1539,s,226,230.0,False,2036.5,2037.5
11920,1215,1487,s,226,229.0,False,2036.5,2037.25
11921,1263,1259,s,226,228.0,False,2036.5,2037.0
11922,1266,1582,s,226,228.0,False,2036.5,2037.0
11923,1275,2127,s,226,232.0,False,2036.5,2038.0
11924,1325,1364,s,226,226.0,False,2036.5,2036.5
11925,1326,1012,s,226,232.0,False,2036.5,2038.0
11926,1344,1548,s,226,229.0,False,2036.5,2037.25
11927,1486,1690,s,226,226.0,False,2036.5,2036.5
11928,1486,2173,s,226,233.0,False,2036.5,2038.25
11929,1543,1483,s,226,233.0,False,2036.5,2038.25
11930,1720,1884,s,226,229.0,False,2036.5,2037.25
11931,2158,1539,s,226,229.0,False,2036.5,2037.25
11932,67,545,s,226,235.0,False,2036.5,2038.75
11933,248,192,s,226,228.0,False,2036.5,2037.0
11934,507,1244,s,226,231.0,False,2036.5,2037.75
11935,580,586,s,226,227.0,False,2036.5,2036.75
11936,705,1412,s,226,228.0,False,2036.5,2037.0
11937,1239,2240,s,226,227.0,False,2036.5,2036.75
11938,1257,1345,s,226,228.0,False,2036.5,2037.0
11939,1257,1914,s,226,230.0,False,2036.5,2037.5
11940,1297,1396,s,226,227.0,False,2036.5,2036.75
11941,1425,1524,s,226,229.0,False,2036.5,2037.25
11942,1499,1340,s,226,228.0,False,2036.5,2037.0
11943,1866,1788,s,226,239.0,False,2036.5,2039.75
11944,1877,1389,s,226,227.0,False,2036.5,2036.75
11945,1920,1692,s,226,227.0,False,2036.5,2036.75
11946,2179,1506,s,226,234.0,False,2036.5,2038.5
11947,1333,1590,l,226,,True,2036.5,
11948,1311,1243,l,226,,True,2036.5,
11949,1522,1561,l,226,,True,2036.5,
11950,1575,1818,l,226,228.0,True,2036.5,2037.0
11951,1562,1630,l,226,,True,2036.5,
11952,1879,1846,l,226,,True,2036.5,
11953,152,2004,s,227,227.0,False,2036.75,2036.75
11954,305,171,s,227,229.0,False,2036.75,2037.25
11955,575,543,s,227,235.0,False,2036.75,2038.75
11956,909,171,s,227,230.0,False,2036.75,2037.5
11957,937,1018,s,227,232.0,False,2036.75,2038.0
11958,1005,2020,s,227,229.0,False,2036.75,2037.25
11959,1171,60,s,227,228.0,False,2036.75,2037.0
11960,1287,2127,s,227,227.0,False,2036.75,2036.75
11961,1331,1700,s,227,230.0,False,2036.75,2037.5
11962,1544,409,s,227,233.0,False,2036.75,2038.25
11963,1562,1469,s,227,236.0,False,2036.75,2039.0
11964,1688,1731,s,227,231.0,False,2036.75,2037.75
11965,1749,1590,s,227,243.0,False,2036.75,2040.75
11966,1783,2284,s,227,229.0,False,2036.75,2037.25
11967,1825,1534,s,227,237.0,False,2036.75,2039.25
11968,1831,1947,s,227,227.0,False,2036.75,2036.75
11969,1869,1935,s,227,227.0,False,2036.75,2036.75
11970,1982,1725,s,227,239.0,False,2036.75,2039.75
11971,2071,1632,s,227,229.0,False,2036.75,2037.25
11972,2267,1748,s,227,231.0,False,2036.75,2037.75
11973,343,1733,s,227,231.0,False,2036.75,2037.75
11974,351,1539,s,227,228.0,False,2036.75,2037.0
11975,430,189,s,227,230.0,False,2036.75,2037.5
11976,561,312,s,227,235.0,False,2036.75,2038.75
11977,1005,1238,s,227,234.0,False,2036.75,2038.5
11978,1085,306,s,227,231.0,False,2036.75,2037.75
11979,1204,1272,s,227,231.0,False,2036.75,2037.75
11980,1211,1412,s,227,242.0,False,2036.75,2040.5
11981,1266,1464,s,227,236.0,False,2036.75,2039.0
11982,1331,1539,s,227,228.0,False,2036.75,2037.0
11983,1416,1632,s,227,228.0,False,2036.75,2037.0
11984,1720,1684,s,227,232.0,False,2036.75,2038.0
11985,1760,1014,s,227,228.0,False,2036.75,2037.0
11986,1865,1684,s,227,230.0,False,2036.75,2037.5
11987,1869,1600,s,227,230.0,False,2036.75,2037.5
11988,2269,2239,s,227,237.0,False,2036.75,2039.25
11989,69,1341,s,227,229.0,False,2036.75,2037.25
11990,971,524,s,227,235.0,False,2036.75,2038.75
11991,1249,1360,s,227,228.0,False,2036.75,2037.0
11992,1626,1513,s,227,228.0,False,2036.75,2037.0
11993,1713,1536,s,227,235.0,False,2036.75,2038.75
11994,1797,1654,s,227,230.0,False,2036.75,2037.5
11995,1831,1974,s,227,235.0,False,2036.75,2038.75
11996,1863,1845,s,227,230.0,False,2036.75,2037.5
11997,1919,1871,s,227,228.0,False,2036.75,2037.0
11998,34,1315,l,227,240.0,True,2036.75,2040.0
11999,1078,2048,l,227,231.0,True,2036.75,2037.75
12000,1156,793,l,227,,True,2036.75,
12001,1208,1412,l,227,228.0,True,2036.75,2037.0
12002,1254,708,l,227,,True,2036.75,
12003,1258,1234,l,227,,True,2036.75,
12004,1750,1769,l,227,,True,2036.75,
12005,204,1613,s,228,242.0,False,2037.0,2040.5
12006,343,1294,s,228,234.0,False,2037.0,2038.5
12007,837,1016,s,228,228.0,False,2037.0,2037.0
12008,1148,1893,s,228,229.0,False,2037.0,2037.25
12009,1152,1450,s,228,230.0,False,2037.0,2037.5
12010,1269,1412,s,228,229.0,False,2037.0,2037.25
12011,1462,1398,s,228,232.0,False,2037.0,2038.0
12012,1465,1819,s,228,230.0,False,2037.0,2037.5
12013,1484,1548,s,228,228.0,False,2037.0,2037.0
12014,1490,1483,s,228,228.0,False,2037.0,2037.0
12015,1544,1225,s,228,231.0,False,2037.0,2037.75
12016,1650,1913,s,228,228.0,False,2037.0,2037.0
12017,1732,1703,s,228,235.0,False,2037.0,2038.75
12018,1825,1655,s,228,231.0,False,2037.0,2037.75
12019,1959,1891,s,228,229.0,False,2037.0,2037.25
12020,1967,1871,s,228,229.0,False,2037.0,2037.25
12021,2073,1708,s,228,228.0,False,2037.0,2037.0
12022,418,224,s,228,229.0,False,2037.0,2037.25
12023,738,1202,s,228,232.0,False,2037.0,2038.0
12024,913,1240,s,228,232.0,False,2037.0,2038.0
12025,1211,1477,s,228,228.0,False,2037.0,2037.0
12026,1485,1536,s,228,234.0,False,2037.0,2038.5
12027,1982,1498,s,228,231.0,False,2037.0,2037.75
12028,173,1409,s,228,230.0,False,2037.0,2037.5
12029,821,1734,s,228,234.0,False,2037.0,2038.5
12030,1007,1196,s,228,236.0,False,2037.0,2039.0
12031,1152,1407,s,228,235.0,False,2037.0,2038.75
12032,1276,1556,s,228,233.0,False,2037.0,2038.25
12033,1331,1570,s,228,229.0,False,2037.0,2037.25
12034,1392,1360,s,228,230.0,False,2037.0,2037.5
12035,1639,375,s,228,239.0,False,2037.0,2039.75
12036,1720,1703,s,228,229.0,False,2037.0,2037.25
12037,1744,1391,s,228,231.0,False,2037.0,2037.75
12038,1852,2237,s,228,232.0,False,2037.0,2038.0
12039,1184,1377,l,228,,True,2037.0,
12040,1269,1395,l,228,,True,2037.0,
12041,1273,1309,l,228,,True,2037.0,
12042,1074,1268,l,228,,True,2037.0,
12043,1151,1409,l,228,237.0,True,2037.0,2039.25
12044,1184,1505,l,228,231.0,True,2037.0,2037.75
12045,1626,1433,l,228,,True,2037.0,
12046,1254,1529,l,228,,True,2037.0,
12047,1750,1602,l,228,,True,2037.0,
12048,1932,1810,l,228,,True,2037.0,
12049,15,1345,s,229,230.0,False,2037.25,2037.5
12050,1079,1186,s,229,231.0,False,2037.25,2037.75
12051,1151,1423,s,229,229.0,False,2037.25,2037.25
12052,1190,823,s,229,230.0,False,2037.25,2037.5
12053,1270,1369,s,229,229.0,False,2037.25,2037.25
12054,1688,1583,s,229,230.0,False,2037.25,2037.5
12055,1751,1433,s,229,230.0,False,2037.25,2037.5
12056,1833,1947,s,229,230.0,False,2037.25,2037.5
12057,1879,2003,s,229,231.0,False,2037.25,2037.75
12058,1930,2044,s,229,233.0,False,2037.25,2038.25
12059,2245,1672,s,229,230.0,False,2037.25,2037.5
12060,2310,1539,s,229,238.0,False,2037.25,2039.5
12061,173,1308,s,229,235.0,False,2037.25,2038.75
12062,858,2198,s,229,237.0,False,2037.25,2039.25
12063,913,990,s,229,235.0,False,2037.25,2038.75
12064,971,1294,s,229,230.0,False,2037.25,2037.5
12065,1081,772,s,229,231.0,False,2037.25,2037.75
12066,1148,1693,s,229,230.0,False,2037.25,2037.5
12067,1191,1272,s,229,239.0,False,2037.25,2039.75
12068,1195,345,s,229,238.0,False,2037.25,2039.5
12069,1215,1302,s,229,235.0,False,2037.25,2038.75
12070,1453,1446,s,229,231.0,False,2037.25,2037.75
12071,1491,1016,s,229,233.0,False,2037.25,2038.25
12072,1491,1615,s,229,237.0,False,2037.25,2039.25
12073,1537,1534,s,229,233.0,False,2037.25,2038.25
12074,1585,1481,s,229,230.0,False,2037.25,2037.5
12075,1686,1412,s,229,234.0,False,2037.25,2038.5
12076,1707,1582,s,229,230.0,False,2037.25,2037.5
12077,1878,1448,s,229,233.0,False,2037.25,2038.25
12078,1879,1259,s,229,234.0,False,2037.25,2038.5
12079,1883,1884,s,229,232.0,False,2037.25,2038.0
12080,1940,243,s,229,235.0,False,2037.25,2038.75
12081,1959,2173,s,229,239.0,False,2037.25,2039.75
12082,1972,1560,s,229,241.0,False,2037.25,2040.25
12083,2180,1634,s,229,230.0,False,2037.25,2037.5
12084,152,2309,s,229,231.0,False,2037.25,2037.75
12085,418,345,s,229,230.0,False,2037.25,2037.5
12086,745,2240,s,229,232.0,False,2037.25,2038.0
12087,837,1316,s,229,243.0,False,2037.25,2040.75
12088,1212,1936,s,229,236.0,False,2037.25,2039.0
12089,1258,1341,s,229,232.0,False,2037.25,2038.0
12090,1266,1415,s,229,230.0,False,2037.25,2037.5
12091,1325,1914,s,229,231.0,False,2037.25,2037.75
12092,1429,1709,s,229,234.0,False,2037.25,2038.5
12093,1468,2238,s,229,234.0,False,2037.25,2038.5
12094,1544,1954,s,229,230.0,False,2037.25,2037.5
12095,1601,1689,s,229,230.0,False,2037.25,2037.5
12096,1606,2150,s,229,230.0,False,2037.25,2037.5
12097,1639,1310,s,229,240.0,False,2037.25,2040.0
12098,1665,2238,s,229,230.0,False,2037.25,2037.5
12099,1677,1260,s,229,233.0,False,2037.25,2038.25
12100,1858,1700,s,229,235.0,False,2037.25,2038.75
12101,1877,1513,s,229,230.0,False,2037.25,2037.5
12102,1967,2041,s,229,230.0,False,2037.25,2037.5
12103,2052,409,s,229,233.0,False,2037.25,2038.25
12104,2092,684,s,229,238.0,False,2037.25,2039.5
12105,1790,1645,l,229,231.0,True,2037.25,2037.75
12106,1326,1893,l,229,,True,2037.25,
12107,1344,1445,l,229,,True,2037.25,
12108,1237,1310,l,229,,True,2037.25,
12109,1256,2003,l,229,,True,2037.25,
12110,15,1334,s,230,234.0,False,2037.5,2038.5
12111,351,1196,s,230,230.0,False,2037.5,2037.5
12112,418,571,s,230,231.0,False,2037.5,2037.75
12113,580,1243,s,230,230.0,False,2037.5,2037.5
12114,637,586,s,230,235.0,False,2037.5,2038.75
12115,909,1291,s,230,231.0,False,2037.5,2037.75
12116,1076,1016,s,230,232.0,False,2037.5,2038.0
12117,1077,1234,s,230,238.0,False,2037.5,2039.5
12118,1184,1294,s,230,231.0,False,2037.5,2037.75
12119,1191,1469,s,230,235.0,False,2037.5,2038.75
12120,1271,1412,s,230,242.0,False,2037.5,2040.5
12121,1333,1414,s,230,233.0,False,2037.5,2038.25
12122,1453,1556,s,230,232.0,False,2037.5,2038.0
12123,1453,1691,s,230,231.0,False,2037.5,2037.75
12124,1517,2126,s,230,231.0,False,2037.5,2037.75
12125,1544,1277,s,230,235.0,False,2037.5,2038.75
12126,1680,2239,s,230,231.0,False,2037.5,2037.75
12127,1713,1767,s,230,235.0,False,2037.5,2038.75
12128,1820,1580,s,230,231.0,False,2037.5,2037.75
12129,1879,1539,s,230,231.0,False,2037.5,2037.75
12130,2011,2239,s,230,238.0,False,2037.5,2039.5
12131,2073,2109,s,230,231.0,False,2037.5,2037.75
12132,233,1016,s,230,234.0,False,2037.5,2038.5
12133,351,545,s,230,233.0,False,2037.5,2038.25
12134,587,530,s,230,,False,2037.5,
12135,702,1654,s,230,231.0,False,2037.5,2037.75
12136,944,202,s,230,235.0,False,2037.5,2038.75
12137,1195,1467,s,230,233.0,False,2037.5,2038.25
12138,1210,1445,s,230,231.0,False,2037.5,2037.75
12139,1255,1391,s,230,232.0,False,2037.5,2038.0
12140,1296,1974,s,230,240.0,False,2037.5,2040.0
12141,1325,1651,s,230,238.0,False,2037.5,2039.5
12142,1517,1487,s,230,235.0,False,2037.5,2038.75
12143,1807,1520,s,230,232.0,False,2037.5,2038.0
12144,1885,1534,s,230,232.0,False,2037.5,2038.0
12145,1938,1536,s,230,235.0,False,2037.5,2038.75
12146,26,1615,s,230,,False,2037.5,
12147,69,697,s,230,233.0,False,2037.5,2038.25
12148,971,360,s,230,233.0,False,2037.5,2038.25
12149,1080,1202,s,230,236.0,False,2037.5,2039.0
12150,1085,823,s,230,236.0,False,2037.5,2039.0
12151,1148,1359,s,230,232.0,False,2037.5,2038.0
12152,1195,1479,s,230,236.0,False,2037.5,2039.0
12153,1208,1524,s,230,234.0,False,2037.5,2038.5
12154,1210,1341,s,230,236.0,False,2037.5,2039.0
12155,1269,1448,s,230,238.0,False,2037.5,2039.5
12156,1325,1913,s,230,233.0,False,2037.5,2038.25
12157,1454,1514,s,230,231.0,False,2037.5,2037.75
12158,1454,2044,s,230,234.0,False,2037.5,2038.5
12159,1662,1711,s,230,233.0,False,2037.5,2038.25
12160,1879,1409,s,230,232.0,False,2037.5,2038.0
12161,1890,1884,s,230,233.0,False,2037.5,2038.25
12162,1920,1411,s,230,237.0,False,2037.5,2039.25
12163,2181,1415,s,230,232.0,False,2037.5,2038.0
12164,2201,90,s,230,232.0,False,2037.5,2038.0
12165,1482,1870,l,230,,True,2037.5,
12166,1794,1810,l,230,238.0,True,2037.5,2039.5
12167,1271,1846,l,230,235.0,True,2037.5,2038.75
12168,1273,1389,l,230,,True,2037.5,
12169,1750,2045,l,230,,True,2037.5,
12170,1789,2125,l,230,,True,2037.5,
12171,1839,1943,l,230,,True,2037.5,
12172,1595,1407,l,230,,True,2037.5,
12173,1877,1291,l,230,231.0,True,2037.5,2037.75
12174,1982,1568,l,230,,True,2037.5,
12175,15,1234,s,231,238.0,False,2037.75,2039.5
12176,15,1310,s,231,233.0,False,2037.75,2038.25
12177,233,1337,s,231,232.0,False,2037.75,2038.0
12178,655,1008,s,231,235.0,False,2037.75,2038.75
12179,913,1243,s,231,232.0,False,2037.75,2038.0
12180,1148,1243,s,231,232.0,False,2037.75,2038.0
12181,1159,1548,s,231,238.0,False,2037.75,2039.5
12182,1223,1314,s,231,233.0,False,2037.75,2038.25
12183,1279,1371,s,231,238.0,False,2037.75,2039.5
12184,1353,1654,s,231,231.0,False,2037.75,2037.75
12185,1355,1221,s,231,232.0,False,2037.75,2038.0
12186,1380,1875,s,231,231.0,False,2037.75,2037.75
12187,1503,1399,s,231,235.0,False,2037.75,2038.75
12188,1521,1799,s,231,235.0,False,2037.75,2038.75
12189,1686,1395,s,231,233.0,False,2037.75,2038.25
12190,1687,1767,s,231,236.0,False,2037.75,2039.0
12191,1702,1660,s,231,239.0,False,2037.75,2039.75
12192,1830,1927,s,231,238.0,False,2037.75,2039.5
12193,1969,1724,s,231,232.0,False,2037.75,2038.0
12194,2158,1530,s,231,239.0,False,2037.75,2039.75
12195,15,24,s,231,232.0,False,2037.75,2038.0
12196,15,82,s,231,234.0,False,2037.75,2038.5
12197,34,1389,s,231,232.0,False,2037.75,2038.0
12198,465,615,s,231,240.0,False,2037.75,2040.0
12199,784,1016,s,231,236.0,False,2037.75,2039.0
12200,1152,1364,s,231,237.0,False,2037.75,2039.25
12201,1213,1398,s,231,235.0,False,2037.75,2038.75
12202,1223,1259,s,231,234.0,False,2037.75,2038.5
12203,1405,1836,s,231,232.0,False,2037.75,2038.0
12204,1546,1520,s,231,231.0,False,2037.75,2037.75
12205,1585,1561,s,231,242.0,False,2037.75,2040.5
12206,1625,1799,s,231,231.0,False,2037.75,2037.75
12207,1666,1747,s,231,233.0,False,2037.75,2038.25
12208,1686,1904,s,231,237.0,False,2037.75,2039.25
12209,1701,2238,s,231,235.0,False,2037.75,2038.75
12210,1815,1910,s,231,241.0,False,2037.75,2040.25
12211,1839,1479,s,231,235.0,False,2037.75,2038.75
12212,1879,1209,s,231,233.0,False,2037.75,2038.25
12213,2179,1423,s,231,234.0,False,2037.75,2038.5
12214,2179,1607,s,231,232.0,False,2037.75,2038.0
12215,2310,1664,s,231,236.0,False,2037.75,2039.0
12216,2310,1907,s,231,232.0,False,2037.75,2038.0
12217,15,1018,s,231,233.0,False,2037.75,2038.25
12218,351,224,s,231,232.0,False,2037.75,2038.0
12219,1079,443,s,231,234.0,False,2037.75,2038.5
12220,1210,1914,s,231,235.0,False,2037.75,2038.75
12221,1256,1954,s,231,236.0,False,2037.75,2039.0
12222,1326,1016,s,231,238.0,False,2037.75,2039.5
12223,1353,1476,s,231,232.0,False,2037.75,2038.0
12224,1453,2240,s,231,240.0,False,2037.75,2040.0
12225,1473,1448,s,231,,False,2037.75,
12226,1494,1836,s,231,233.0,False,2037.75,2038.25
12227,1666,1704,s,231,232.0,False,2037.75,2038.0
12228,1666,1730,s,231,236.0,False,2037.75,2039.0
12229,1720,1519,s,231,234.0,False,2037.75,2038.5
12230,1812,1845,s,231,239.0,False,2037.75,2039.75
12231,1877,1447,s,231,233.0,False,2037.75,2038.25
12232,1879,1954,s,231,232.0,False,2037.75,2038.0
12233,1903,1946,s,231,235.0,False,2037.75,2038.75
12234,1932,1801,s,231,236.0,False,2037.75,2039.0
12235,2155,1469,s,231,236.0,False,2037.75,2039.0
12236,2156,1975,s,231,235.0,False,2037.75,2038.75
12237,2286,750,s,231,232.0,False,2037.75,2038.0
12238,2310,1731,s,231,238.0,False,2037.75,2039.5
12239,1184,2067,l,231,,True,2037.75,
12240,1410,1654,l,231,,True,2037.75,
12241,1833,1709,l,231,,True,2037.75,
12242,510,1162,l,231,,True,2037.75,
12243,1406,1334,l,231,,True,2037.75,
12244,1865,1524,l,231,,True,2037.75,
12245,1003,1539,s,232,239.0,False,2038.0,2039.75
12246,1007,1393,s,232,238.0,False,2038.0,2039.5
12247,1151,1216,s,232,236.0,False,2038.0,2039.0
12248,1156,1479,s,232,238.0,False,2038.0,2039.5
12249,1211,417,s,232,236.0,False,2038.0,2039.0
12250,1254,1975,s,232,232.0,False,2038.0,2038.0
12251,1335,1536,s,232,233.0,False,2038.0,2038.25
12252,1378,1660,s,232,232.0,False,2038.0,2038.0
12253,1443,1302,s,232,232.0,False,2038.0,2038.0
12254,1462,1724,s,232,233.0,False,2038.0,2038.25
12255,1683,1669,s,232,239.0,False,2038.0,2039.75
12256,1686,1675,s,232,241.0,False,2038.0,2040.25
12257,1752,2127,s,232,233.0,False,2038.0,2038.25
12258,1833,1719,s,232,232.0,False,2038.0,2038.0
12259,2246,1364,s,232,234.0,False,2038.0,2038.5
12260,507,772,s,232,238.0,False,2038.0,2039.5
12261,745,1954,s,232,236.0,False,2038.0,2039.0
12262,1085,82,s,232,,False,2038.0,
12263,1249,1381,s,232,234.0,False,2038.0,2038.5
12264,1326,842,s,232,236.0,False,2038.0,2039.0
12265,1326,1193,s,232,233.0,False,2038.0,2038.25
12266,1376,1435,s,232,241.0,False,2038.0,2040.25
12267,1378,1409,s,232,234.0,False,2038.0,2038.5
12268,1543,1363,s,232,234.0,False,2038.0,2038.5
12269,1546,1535,s,232,232.0,False,2038.0,2038.0
12270,1576,823,s,232,233.0,False,2038.0,2038.25
12271,1720,1630,s,232,234.0,False,2038.0,2038.5
12272,1932,1943,s,232,233.0,False,2038.0,2038.25
12273,15,708,s,232,240.0,False,2038.0,2040.0
12274,87,306,s,232,236.0,False,2038.0,2039.0
12275,507,708,s,232,233.0,False,2038.0,2038.25
12276,871,1572,s,232,233.0,False,2038.0,2038.25
12277,1190,1363,s,232,233.0,False,2038.0,2038.25
12278,1190,2020,s,232,235.0,False,2038.0,2038.75
12279,1325,1513,s,232,233.0,False,2038.0,2038.25
12280,1333,1445,s,232,,False,2038.0,
12281,1376,1724,s,232,233.0,False,2038.0,2038.25
12282,1443,1483,s,232,236.0,False,2038.0,2039.0
12283,1589,1708,s,232,233.0,False,2038.0,2038.25
12284,1686,1549,s,232,238.0,False,2038.0,2039.5
12285,1728,1556,s,232,233.0,False,2038.0,2038.25
12286,1728,2126,s,232,238.0,False,2038.0,2039.5
12287,1751,2261,s,232,233.0,False,2038.0,2038.25
12288,1928,1602,s,232,234.0,False,2038.0,2038.5
12289,2026,1633,s,232,240.0,False,2038.0,2040.0
12290,2179,1810,s,232,234.0,False,2038.0,2038.5
12291,1350,1560,l,232,,True,2038.0,
12292,1551,1795,l,232,,True,2038.0,
12293,1720,1769,l,232,,True,2038.0,
12294,1839,1946,l,232,,True,2038.0,
12295,34,1289,l,232,243.0,True,2038.0,2040.75
12296,1192,2198,l,232,,True,2038.0,
12297,204,1209,s,233,235.0,False,2038.25,2038.75
12298,522,1507,s,233,240.0,False,2038.25,2040.0
12299,533,2176,s,233,235.0,False,2038.25,2038.75
12300,637,126,s,233,236.0,False,2038.25,2039.0
12301,831,1593,s,233,235.0,False,2038.25,2038.75
12302,1152,1391,s,233,237.0,False,2038.25,2039.25
12303,1192,1559,s,233,235.0,False,2038.25,2038.75
12304,1211,1975,s,233,,False,2038.25,
12305,1378,1582,s,233,237.0,False,2038.25,2039.25
12306,1504,1747,s,233,235.0,False,2038.25,2038.75
12307,1732,1633,s,233,234.0,False,2038.25,2038.5
12308,1751,2239,s,233,236.0,False,2038.25,2039.0
12309,1753,1872,s,233,233.0,False,2038.25,2038.25
12310,2100,2125,s,233,234.0,False,2038.25,2038.5
12311,2285,1024,s,233,238.0,False,2038.25,2039.5
12312,15,1611,s,233,,False,2038.25,
12313,351,1196,s,233,236.0,False,2038.25,2039.0
12314,1159,1334,s,233,233.0,False,2038.25,2038.25
12315,1223,1740,s,233,235.0,False,2038.25,2038.75
12316,1410,1630,s,233,236.0,False,2038.25,2039.0
12317,1443,1664,s,233,240.0,False,2038.25,2040.0
12318,1480,1295,s,233,236.0,False,2038.25,2039.0
12319,1491,1162,s,233,238.0,False,2038.25,2039.5
12320,1518,1560,s,233,238.0,False,2038.25,2039.5
12321,1683,1870,s,233,236.0,False,2038.25,2039.0
12322,1687,1692,s,233,,False,2038.25,
12323,1723,1459,s,233,234.0,False,2038.25,2038.5
12324,1751,1598,s,233,233.0,False,2038.25,2038.25
12325,1759,1754,s,233,235.0,False,2038.25,2038.75
12326,1760,1531,s,233,234.0,False,2038.25,2038.5
12327,1781,1539,s,233,237.0,False,2038.25,2039.25
12328,1854,1478,s,233,237.0,False,2038.25,2039.25
12329,1879,1285,s,233,234.0,False,2038.25,2038.5
12330,1903,2173,s,233,235.0,False,2038.25,2038.75
12331,2178,1769,s,233,237.0,False,2038.25,2039.25
12332,837,2217,s,233,,False,2038.25,
12333,1004,1672,s,233,237.0,False,2038.25,2039.25
12334,1007,1267,s,233,235.0,False,2038.25,2038.75
12335,1076,390,s,233,234.0,False,2038.25,2038.5
12336,1083,812,s,233,234.0,False,2038.25,2038.5
12337,1190,1914,s,233,235.0,False,2038.25,2038.75
12338,1263,427,s,233,234.0,False,2038.25,2038.5
12339,1358,1415,s,233,236.0,False,2038.25,2039.0
12340,1405,1294,s,233,235.0,False,2038.25,2038.75
12341,1521,2150,s,233,239.0,False,2038.25,2039.75
12342,1547,1558,s,233,235.0,False,2038.25,2038.75
12343,1685,1691,s,233,234.0,False,2038.25,2038.5
12344,1764,2215,s,233,235.0,False,2038.25,2038.75
12345,1797,1539,s,233,236.0,False,2038.25,2039.0
12346,1837,1775,s,233,235.0,False,2038.25,2038.75
12347,1990,2261,s,233,235.0,False,2038.25,2038.75
12348,2026,2215,s,233,235.0,False,2038.25,2038.75
12349,2155,1530,s,233,241.0,False,2038.25,2040.25
12350,1156,1481,l,233,,True,2038.25,
12351,1296,1315,l,233,,True,2038.25,
12352,1774,1913,l,233,,True,2038.25,
12353,1270,1294,l,233,,True,2038.25,
12354,1574,1417,l,233,,True,2038.25,
12355,381,2152,s,234,235.0,False,2038.5,2038.75
12356,394,1540,s,234,235.0,False,2038.5,2038.75
12357,1148,1304,s,234,237.0,False,2038.5,2039.25
12358,1256,1476,s,234,238.0,False,2038.5,2039.5
12359,1307,1682,s,234,238.0,False,2038.5,2039.5
12360,1499,1481,s,234,234.0,False,2038.5,2038.5
12361,1502,1632,s,234,237.0,False,2038.5,2039.25
12362,1555,1524,s,234,235.0,False,2038.5,2038.75
12363,1577,1613,s,234,236.0,False,2038.5,2039.0
12364,1585,1871,s,234,236.0,False,2038.5,2039.0
12365,1688,1729,s,234,238.0,False,2038.5,2039.5
12366,1815,1411,s,234,,False,2038.5,
12367,1815,1731,s,234,236.0,False,2038.5,2039.0
12368,1824,1727,s,234,234.0,False,2038.5,2038.5
12369,1839,1731,s,234,236.0,False,2038.5,2039.0
12370,1858,1882,s,234,242.0,False,2038.5,2040.5
12371,2073,1724,s,234,,False,2038.5,
12372,2158,2150,s,234,239.0,False,2038.5,2039.75
12373,2245,2306,s,234,236.0,False,2038.5,2039.0
12374,2310,1654,s,234,234.0,False,2038.5,2038.5
12375,507,1189,s,234,236.0,False,2038.5,2039.0
12376,1156,1593,s,234,238.0,False,2038.5,2039.5
12377,1200,1548,s,234,239.0,False,2038.5,2039.75
12378,1269,1476,s,234,235.0,False,2038.5,2038.75
12379,1271,1534,s,234,,False,2038.5,
12380,1326,1216,s,234,237.0,False,2038.5,2039.25
12381,1403,1531,s,234,236.0,False,2038.5,2039.0
12382,1490,1802,s,234,238.0,False,2038.5,2039.5
12383,1499,2237,s,234,239.0,False,2038.5,2039.75
12384,1517,2002,s,234,243.0,False,2038.5,2040.75
12385,1720,1539,s,234,236.0,False,2038.5,2039.0
12386,1732,2108,s,234,238.0,False,2038.5,2039.5
12387,1813,1748,s,234,237.0,False,2038.5,2039.25
12388,1837,1871,s,234,,False,2038.5,
12389,1866,1682,s,234,235.0,False,2038.5,2038.75
12390,2269,1478,s,234,238.0,False,2038.5,2039.5
12391,113,108,s,234,236.0,False,2038.5,2039.0
12392,507,1008,s,234,237.0,False,2038.5,2039.25
12393,507,1310,s,234,237.0,False,2038.5,2039.25
12394,937,697,s,234,242.0,False,2038.5,2040.5
12395,1208,673,s,234,240.0,False,2038.5,2040.0
12396,1210,1209,s,234,236.0,False,2038.5,2039.0
12397,1338,1558,s,234,236.0,False,2038.5,2039.0
12398,1374,2150,s,234,237.0,False,2038.5,2039.25
12399,1380,1446,s,234,237.0,False,2038.5,2039.25
12400,1406,1607,s,234,,False,2038.5,
12401,1604,2238,s,234,239.0,False,2038.5,2039.75
12402,1685,1724,s,234,239.0,False,2038.5,2039.75
12403,1686,1819,s,234,239.0,False,2038.5,2039.75
12404,1833,1874,s,234,236.0,False,2038.5,2039.0
12405,1897,1428,s,234,235.0,False,2038.5,2038.75
12406,1151,1306,l,234,,True,2038.5,
12407,1192,1445,l,234,,True,2038.5,
12408,1266,1428,l,234,,True,2038.5,
12409,1473,1340,l,234,,True,2038.5,
12410,1721,2046,l,234,,True,2038.5,
12411,1604,1580,l,234,,True,2038.5,
12412,1771,2264,l,234,,True,2038.5,
12413,2025,1513,l,234,,True,2038.5,
12414,2025,1548,l,234,,True,2038.5,
12415,1444,1481,l,234,,True,2038.5,
12416,1491,1954,l,234,,True,2038.5,
12417,2073,1371,l,234,,True,2038.5,
12418,2199,1766,l,234,239.0,True,2038.5,2039.75
12419,99,1445,s,235,,False,2038.75,
12420,248,1655,s,235,235.0,False,2038.75,2038.75
12421,927,1291,s,235,236.0,False,2038.75,2039.0
12422,1208,1222,s,235,241.0,False,2038.75,2040.25
12423,1208,1310,s,235,235.0,False,2038.75,2038.75
12424,1297,1535,s,235,240.0,False,2038.75,2040.0
12425,1326,1594,s,235,236.0,False,2038.75,2039.0
12426,1378,2239,s,235,241.0,False,2038.75,2040.25
12427,1390,545,s,235,237.0,False,2038.75,2039.25
12428,1413,1690,s,235,238.0,False,2038.75,2039.5
12429,1521,1530,s,235,239.0,False,2038.75,2039.75
12430,1565,2306,s,235,235.0,False,2038.75,2038.75
12431,1566,1598,s,235,236.0,False,2038.75,2039.0
12432,1683,2002,s,235,237.0,False,2038.75,2039.25
12433,1713,2261,s,235,238.0,False,2038.75,2039.5
12434,1750,2110,s,235,240.0,False,2038.75,2040.0
12435,1830,1947,s,235,237.0,False,2038.75,2039.25
12436,1865,1943,s,235,241.0,False,2038.75,2040.25
12437,1930,1672,s,235,,False,2038.75,
12438,2245,1871,s,235,237.0,False,2038.75,2039.25
12439,132,1345,s,235,236.0,False,2038.75,2039.0
12440,418,1507,s,235,240.0,False,2038.75,2040.0
12441,821,1201,s,235,,False,2038.75,
12442,1159,1415,s,235,,False,2038.75,
12443,1223,1675,s,235,237.0,False,2038.75,2039.25
12444,1269,1645,s,235,238.0,False,2038.75,2039.5
12445,1279,1363,s,235,237.0,False,2038.75,2039.25
12446,1413,1706,s,235,236.0,False,2038.75,2039.0
12447,1521,2240,s,235,240.0,False,2038.75,2040.0
12448,1589,1729,s,235,,False,2038.75,
12449,1715,1520,s,235,240.0,False,2038.75,2040.0
12450,1759,2237,s,235,240.0,False,2038.75,2040.0
12451,1789,1719,s,235,236.0,False,2038.75,2039.0
12452,1789,1845,s,235,238.0,False,2038.75,2039.5
12453,1858,1602,s,235,,False,2038.75,
12454,1932,2261,s,235,239.0,False,2038.75,2039.75
12455,2157,1823,s,235,238.0,False,2038.75,2039.5
12456,2180,1610,s,235,236.0,False,2038.75,2039.0
12457,1473,1216,s,235,238.0,False,2038.75,2039.5
12458,1552,1381,s,235,,False,2038.75,
12459,1852,1934,s,235,236.0,False,2038.75,2039.0
12460,2178,2127,s,235,236.0,False,2038.75,2039.0
12461,1325,1654,l,235,,True,2038.75,
12462,1405,2216,l,235,,True,2038.75,
12463,1533,1554,l,235,,True,2038.75,
12464,1816,1970,l,235,,True,2038.75,
12465,1919,2215,l,235,,True,2038.75,
12466,262,1412,s,236,241.0,False,2039.0,2040.25
12467,1080,2240,s,236,240.0,False,2039.0,2040.0
12468,1208,1913,s,236,240.0,False,2039.0,2040.0
12469,1444,1306,s,236,240.0,False,2039.0,2040.0
12470,1454,1802,s,236,239.0,False,2039.0,2039.75
12471,1473,1674,s,236,237.0,False,2039.0,2039.25
12472,1511,1554,s,236,239.0,False,2039.0,2039.75
12473,1605,1684,s,236,236.0,False,2039.0,2039.0
12474,1860,2001,s,236,241.0,False,2039.0,2040.25
12475,1990,2237,s,236,241.0,False,2039.0,2040.25
12476,2010,1873,s,236,237.0,False,2039.0,2039.25
12477,2051,1513,s,236,237.0,False,2039.0,2039.25
12478,2072,1505,s,236,237.0,False,2039.0,2039.25
12479,69,673,s,236,238.0,False,2039.0,2039.5
12480,629,90,s,236,238.0,False,2039.0,2039.5
12481,1007,1466,s,236,238.0,False,2039.0,2039.5
12482,1200,1356,s,236,240.0,False,2039.0,2040.0
12483,1292,1291,s,236,,False,2039.0,
12484,1397,1754,s,236,,False,2039.0,
12485,1552,1423,s,236,242.0,False,2039.0,2040.5
12486,1605,2150,s,236,,False,2039.0,
12487,1617,1008,s,236,239.0,False,2039.0,2039.75
12488,1631,1520,s,236,238.0,False,2039.0,2039.5
12489,1716,1535,s,236,,False,2039.0,
12490,1723,1600,s,236,240.0,False,2039.0,2040.0
12491,1759,1531,s,236,239.0,False,2039.0,2039.75
12492,1773,2111,s,236,238.0,False,2039.0,2039.5
12493,1806,1788,s,236,241.0,False,2039.0,2040.25
12494,1833,1660,s,236,239.0,False,2039.0,2039.75
12495,1860,1692,s,236,236.0,False,2039.0,2039.0
12496,1869,1891,s,236,236.0,False,2039.0,2039.0
12497,1879,2150,s,236,241.0,False,2039.0,2040.25
12498,1930,1600,s,236,243.0,False,2039.0,2040.75
12499,2051,1708,s,236,238.0,False,2039.0,2039.5
12500,2223,708,s,236,239.0,False,2039.0,2039.75
12501,2246,205,s,236,238.0,False,2039.0,2039.5
12502,351,1364,s,236,238.0,False,2039.0,2039.5
12503,696,2198,s,236,237.0,False,2039.0,2039.25
12504,821,1310,s,236,240.0,False,2039.0,2040.0
12505,1074,1613,s,236,242.0,False,2039.0,2040.5
12506,1081,2352,s,236,,False,2039.0,
12507,1148,1291,s,236,237.0,False,2039.0,2039.25
12508,1151,1360,s,236,237.0,False,2039.0,2039.25
12509,1204,2020,s,236,239.0,False,2039.0,2039.75
12510,1273,1633,s,236,,False,2039.0,
12511,1462,1568,s,236,243.0,False,2039.0,2040.75
12512,1629,1600,s,236,239.0,False,2039.0,2039.75
12513,1720,1731,s,236,,False,2039.0,
12514,1751,1743,s,236,238.0,False,2039.0,2039.5
12515,1797,1711,s,236,239.0,False,2039.0,2039.75
12516,1919,1872,s,236,243.0,False,2039.0,2040.75
12517,1972,1711,s,236,237.0,False,2039.0,2039.25
12518,1987,1908,s,236,237.0,False,2039.0,2039.25
12519,2010,1767,s,236,241.0,False,2039.0,2040.25
12520,2025,1536,s,236,238.0,False,2039.0,2039.5
12521,2245,1799,s,236,239.0,False,2039.0,2039.75
12522,1148,1611,l,236,,True,2039.0,
12523,1932,1891,l,236,,True,2039.0,
12524,908,241,l,236,,True,2039.0,
12525,1005,1221,l,236,,True,2039.0,
12526,1185,1295,l,236,,True,2039.0,
12527,1504,1870,l,236,,True,2039.0,
12528,1858,2350,l,236,,True,2039.0,
12529,2178,1519,l,236,,True,2039.0,
12530,418,295,s,237,,False,2039.25,
12531,705,1360,s,237,,False,2039.25,
12532,821,1893,s,237,,False,2039.25,
12533,962,740,s,237,,False,2039.25,
12534,1007,189,s,237,241.0,False,2039.25,2040.25
12535,1210,1476,s,237,241.0,False,2039.25,2040.25
12536,1394,1582,s,237,,False,2039.25,
12537,1410,1497,s,237,242.0,False,2039.25,2040.5
12538,1833,1632,s,237,,False,2039.25,
12539,1858,1911,s,237,239.0,False,2039.25,2039.75
12540,1865,2111,s,237,239.0,False,2039.25,2039.75
12541,1919,1970,s,237,,False,2039.25,
12542,1930,1811,s,237,239.0,False,2039.25,2039.75
12543,1950,1730,s,237,237.0,False,2039.25,2039.25
12544,2199,2000,s,237,240.0,False,2039.25,2040.0
12545,655,1692,s,237,,False,2039.25,
12546,1077,1225,s,237,,False,2039.25,
12547,1208,1012,s,237,239.0,False,2039.25,2039.75
12548,1256,1363,s,237,,False,2039.25,
12549,1279,1481,s,237,238.0,False,2039.25,2039.5
12550,1353,1291,s,237,,False,2039.25,
12551,1405,1703,s,237,,False,2039.25,
12552,1406,1469,s,237,239.0,False,2039.25,2039.75
12553,1473,1399,s,237,241.0,False,2039.25,2040.25
12554,1491,1222,s,237,240.0,False,2039.25,2040.0
12555,1491,1602,s,237,242.0,False,2039.25,2040.5
12556,1552,1513,s,237,237.0,False,2039.25,2039.25
12557,1575,1607,s,237,240.0,False,2039.25,2040.0
12558,1577,1189,s,237,238.0,False,2039.25,2039.5
12559,1702,1590,s,237,243.0,False,2039.25,2040.75
12560,1721,2059,s,237,239.0,False,2039.25,2039.75
12561,1750,2262,s,237,,False,2039.25,
12562,1807,1534,s,237,239.0,False,2039.25,2039.75
12563,1949,1730,s,237,,False,2039.25,
12564,1987,1870,s,237,239.0,False,2039.25,2039.75
12565,173,1359,s,237,,False,2039.25,
12566,233,1260,s,237,238.0,False,2039.25,2039.5
12567,248,684,s,237,239.0,False,2039.25,2039.75
12568,1184,1309,s,237,240.0,False,2039.25,2040.0
12569,1185,990,s,237,,False,2039.25,
12570,1190,1524,s,237,238.0,False,2039.25,2039.5
12571,1208,1382,s,237,238.0,False,2039.25,2039.5
12572,1211,290,s,237,,False,2039.25,
12573,1223,1381,s,237,,False,2039.25,
12574,1258,1194,s,237,238.0,False,2039.25,2039.5
12575,1326,903,s,237,240.0,False,2039.25,2040.0
12576,1344,1624,s,237,,False,2039.25,
12577,1426,1908,s,237,,False,2039.25,
12578,1473,1310,s,237,238.0,False,2039.25,2039.5
12579,1552,1843,s,237,239.0,False,2039.25,2039.75
12580,1629,1690,s,237,239.0,False,2039.25,2039.75
12581,1671,1675,s,237,,False,2039.25,
12582,1825,1304,s,237,239.0,False,2039.25,2039.75
12583,1878,1498,s,237,238.0,False,2039.25,2039.5
12584,2025,1558,s,237,,False,2039.25,
12585,2178,1974,s,237,240.0,False,2039.25,2040.0
12586,1352,1534,l,237,,True,2039.25,
12587,1358,1682,l,237,,True,2039.25,
12588,343,1423,l,237,,True,2039.25,
12589,507,1162,l,237,,True,2039.25,
12590,1328,1615,l,237,,True,2039.25,
12591,1687,1709,l,237,,True,2039.25,
12592,1949,1602,l,237,,True,2039.25,
12593,1982,1189,l,237,,True,2039.25,
12594,1005,1534,l,237,,True,2039.25,
12595,1220,1377,l,237,,True,2039.25,
12596,587,1316,s,238,,False,2039.5,
12597,909,740,s,238,238.0,False,2039.5,2039.5
12598,1007,1507,s,238,240.0,False,2039.5,2040.0
12599,1148,1523,s,238,,False,2039.5,
12600,1190,586,s,238,243.0,False,2039.5,2040.75
12601,1204,1334,s,238,,False,2039.5,
12602,1344,1571,s,238,240.0,False,2039.5,2040.0
12603,1352,1364,s,238,241.0,False,2039.5,2040.25
12604,1473,1743,s,238,240.0,False,2039.5,2040.0
12605,1485,1871,s,238,243.0,False,2039.5,2040.75
12606,1751,2261,s,238,239.0,False,2039.5,2039.75
12607,1792,1711,s,238,,False,2039.5,
12608,1807,1690,s,238,238.0,False,2039.5,2039.5
12609,1813,1582,s,238,239.0,False,2039.5,2039.75
12610,1858,1872,s,238,,False,2039.5,
12611,1866,1514,s,238,241.0,False,2039.5,2040.25
12612,1878,1495,s,238,238.0,False,2039.5,2039.5
12613,1930,2237,s,238,,False,2039.5,
12614,2010,1873,s,238,238.0,False,2039.5,2039.5
12615,2070,1929,s,238,240.0,False,2039.5,2040.0
12616,204,16,s,238,,False,2039.5,
12617,283,1334,s,238,,False,2039.5,
12618,303,268,s,238,,False,2039.5,
12619,1007,2150,s,238,239.0,False,2039.5,2039.75
12620,1266,1407,s,238,,False,2039.5,
12621,1269,1265,s,238,,False,2039.5,
12622,1327,1291,s,238,,False,2039.5,
12623,1350,1975,s,238,,False,2039.5,
12624,1380,2264,s,238,240.0,False,2039.5,2040.0
12625,1405,1369,s,238,242.0,False,2039.5,2040.5
12626,1425,1700,s,238,241.0,False,2039.5,2040.25
12627,1544,1216,s,238,242.0,False,2039.5,2040.5
12628,1595,1393,s,238,239.0,False,2039.5,2039.75
12629,1665,1654,s,238,,False,2039.5,
12630,1749,2108,s,238,242.0,False,2039.5,2040.5
12631,1945,2108,s,238,240.0,False,2039.5,2040.0
12632,2310,1598,s,238,242.0,False,2039.5,2040.5
12633,351,1893,s,238,240.0,False,2039.5,2040.0
12634,1148,1306,s,238,242.0,False,2039.5,2040.5
12635,1190,2003,s,238,240.0,False,2039.5,2040.0
12636,1269,1913,s,238,,False,2039.5,
12637,1287,1478,s,238,242.0,False,2039.5,2040.5
12638,1413,1507,s,238,240.0,False,2039.5,2040.0
12639,1511,1495,s,238,243.0,False,2039.5,2040.75
12640,1639,1954,s,238,242.0,False,2039.5,2040.5
12641,1833,2237,s,238,,False,2039.5,
12642,1877,1870,s,238,241.0,False,2039.5,2040.25
12643,1919,1835,s,238,241.0,False,2039.5,2040.25
12644,2010,1664,s,238,239.0,False,2039.5,2039.75
12645,2010,1946,s,238,243.0,False,2039.5,2040.75
12646,2199,2261,s,238,239.0,False,2039.5,2039.75
12647,1152,311,l,238,,True,2039.5,
12648,1275,1363,l,238,,True,2039.5,
12649,1546,1531,l,238,,True,2039.5,
12650,1648,1682,l,238,,True,2039.5,
12651,1720,1513,l,238,,True,2039.5,
12652,150,295,l,238,,True,2039.5,
12653,1353,1763,l,238,,True,2039.5,
12654,1480,1871,l,238,,True,2039.5,
12655,1702,1708,l,238,,True,2039.5,
12656,15,1022,s,239,241.0,False,2039.75,2040.25
12657,321,945,s,239,,False,2039.75,
12658,784,1225,s,239,239.0,False,2039.75,2039.75
12659,1007,2309,s,239,241.0,False,2039.75,2040.25
12660,1148,1291,s,239,240.0,False,2039.75,2040.0
12661,1215,1243,s,239,243.0,False,2039.75,2040.75
12662,1217,2150,s,239,241.0,False,2039.75,2040.25
12663,1254,1459,s,239,,False,2039.75,
12664,1254,1536,s,239,240.0,False,2039.75,2040.0
12665,1263,1417,s,239,,False,2039.75,
12666,1325,1445,s,239,,False,2039.75,
12667,1331,1754,s,239,,False,2039.75,
12668,1344,1602,s,239,,False,2039.75,
12669,1380,1743,s,239,,False,2039.75,
12670,1462,1775,s,239,,False,2039.75,
12671,1473,1295,s,239,,False,2039.75,
12672,1521,1908,s,239,242.0,False,2039.75,2040.5
12673,1547,1977,s,239,,False,2039.75,
12674,1550,1381,s,239,242.0,False,2039.75,2040.5
12675,1566,2108,s,239,241.0,False,2039.75,2040.25
12676,1601,1799,s,239,242.0,False,2039.75,2040.5
12677,1720,1730,s,239,,False,2039.75,
12678,1732,1801,s,239,239.0,False,2039.75,2039.75
12679,1774,1692,s,239,241.0,False,2039.75,2040.25
12680,1789,2350,s,239,,False,2039.75,
12681,1854,1568,s,239,241.0,False,2039.75,2040.25
12682,1869,1704,s,239,239.0,False,2039.75,2039.75
12683,1945,1539,s,239,240.0,False,2039.75,2040.0
12684,1950,1947,s,239,240.0,False,2039.75,2040.0
12685,2330,2237,s,239,,False,2039.75,
12686,2331,1598,s,239,240.0,False,2039.75,2040.0
12687,204,1615,s,239,239.0,False,2039.75,2039.75
12688,908,159,s,239,241.0,False,2039.75,2040.25
12689,1007,1549,s,239,243.0,False,2039.75,2040.75
12690,1076,1593,s,239,243.0,False,2039.75,2040.75
12691,1081,1337,s,239,241.0,False,2039.75,2040.25
12692,1223,1371,s,239,242.0,False,2039.75,2040.5
12693,1502,1539,s,239,241.0,False,2039.75,2040.25
12694,1713,1872,s,239,240.0,False,2039.75,2040.0
12695,1790,1819,s,239,,False,2039.75,
12696,1826,842,s,239,,False,2039.75,
12697,1869,1907,s,239,,False,2039.75,
12698,1879,545,s,239,242.0,False,2039.75,2040.5
12699,1920,1633,s,239,,False,2039.75,
12700,1939,1363,s,239,242.0,False,2039.75,2040.5
12701,1991,1868,s,239,242.0,False,2039.75,2040.5
12702,26,665,s,239,,False,2039.75,
12703,831,823,s,239,240.0,False,2039.75,2040.0
12704,871,2325,s,239,240.0,False,2039.75,2040.0
12705,1005,1244,s,239,,False,2039.75,
12706,1156,2109,s,239,243.0,False,2039.75,2040.75
12707,1286,1389,s,239,,False,2039.75,
12708,1331,1730,s,239,240.0,False,2039.75,2040.0
12709,1350,1559,s,239,240.0,False,2039.75,2040.0
12710,1378,1435,s,239,242.0,False,2039.75,2040.5
12711,1617,1914,s,239,,False,2039.75,
12712,1677,189,s,239,240.0,False,2039.75,2040.0
12713,1698,1603,s,239,,False,2039.75,
12714,1744,1689,s,239,,False,2039.75,
12715,1759,1520,s,239,241.0,False,2039.75,2040.25
12716,1865,2239,s,239,,False,2039.75,
12717,2026,1459,s,239,,False,2039.75,
12718,2051,1703,s,239,242.0,False,2039.75,2040.5
12719,1077,1163,l,239,,True,2039.75,
12720,1210,1334,l,239,,True,2039.75,
12721,1517,1913,l,239,,True,2039.75,
12722,1518,1872,l,239,,True,2039.75,
12723,1833,1539,l,239,,True,2039.75,
12724,1898,1289,l,239,,True,2039.75,
12725,1909,1689,l,239,,True,2039.75,
12726,1148,1487,l,239,,True,2039.75,
12727,1235,1382,l,239,,True,2039.75,
12728,1877,1660,l,239,,True,2039.75,
12729,1148,1234,l,239,,True,2039.75,
12730,1326,1395,l,239,,True,2039.75,
12731,15,2352,s,240,,False,2040.0,
12732,351,1268,s,240,,False,2040.0,
12733,944,2326,s,240,240.0,False,2040.0,2040.0
12734,1074,614,s,240,241.0,False,2040.0,2040.25
12735,1156,1341,s,240,240.0,False,2040.0,2040.0
12736,1192,1536,s,240,,False,2040.0,
12737,1223,2353,s,240,243.0,False,2040.0,2040.75
12738,1257,1291,s,240,243.0,False,2040.0,2040.75
12739,1258,1703,s,240,241.0,False,2040.0,2040.25
12740,1331,1424,s,240,242.0,False,2040.0,2040.5
12741,1344,2127,s,240,242.0,False,2040.0,2040.5
12742,1378,1445,s,240,242.0,False,2040.0,2040.5
12743,1426,2238,s,240,,False,2040.0,
12744,1471,1763,s,240,,False,2040.0,
12745,1518,2173,s,240,241.0,False,2040.0,2040.25
12746,1716,1364,s,240,241.0,False,2040.0,2040.25
12747,1854,1407,s,240,,False,2040.0,
12748,1858,1766,s,240,240.0,False,2040.0,2040.0
12749,1858,1775,s,240,,False,2040.0,
12750,1898,1315,s,240,241.0,False,2040.0,2040.25
12751,2179,1539,s,240,,False,2040.0,
12752,69,530,s,240,242.0,False,2040.0,2040.5
12753,222,90,s,240,243.0,False,2040.0,2040.75
12754,913,1272,s,240,,False,2040.0,
12755,1152,1893,s,240,,False,2040.0,
12756,1156,1523,s,240,,False,2040.0,
12757,1223,1613,s,240,243.0,False,2040.0,2040.75
12758,1273,1593,s,240,,False,2040.0,
12759,1350,1539,s,240,,False,2040.0,
12760,1444,1673,s,240,241.0,False,2040.0,2040.25
12761,1444,1719,s,240,240.0,False,2040.0,2040.0
12762,1537,2150,s,240,,False,2040.0,
12763,1551,1534,s,240,241.0,False,2040.0,2040.25
12764,1638,1846,s,240,243.0,False,2040.0,2040.75
12765,1721,1748,s,240,,False,2040.0,
12766,1826,1264,s,240,242.0,False,2040.0,2040.5
12767,1833,2044,s,240,,False,2040.0,
12768,1839,1690,s,240,,False,2040.0,
12769,1865,2306,s,240,241.0,False,2040.0,2040.25
12770,1879,1337,s,240,242.0,False,2040.0,2040.5
12771,1945,2044,s,240,,False,2040.0,
12772,2180,1706,s,240,243.0,False,2040.0,2040.75
12773,15,171,s,240,,False,2040.0,
12774,248,564,s,240,242.0,False,2040.0,2040.5
12775,1210,572,s,240,,False,2040.0,
12776,1378,1498,s,240,241.0,False,2040.0,2040.25
12777,1380,1487,s,240,,False,2040.0,
12778,1425,1602,s,240,243.0,False,2040.0,2040.75
12779,1465,1339,s,240,,False,2040.0,
12780,1722,1633,s,240,242.0,False,2040.0,2040.5
12781,1742,2127,s,240,241.0,False,2040.0,2040.25
12782,1750,1904,s,240,,False,2040.0,
12783,1839,1871,s,240,243.0,False,2040.0,2040.75
12784,1865,2173,s,240,242.0,False,2040.0,2040.5
12785,1989,1872,s,240,,False,2040.0,
12786,2158,1337,s,240,,False,2040.0,
12787,1159,1412,l,240,,True,2040.0,
12788,1837,1630,l,240,,True,2040.0,
12789,2311,1632,l,240,,True,2040.0,
12790,715,409,l,240,,True,2040.0,
12791,1258,1448,l,240,,True,2040.0,
12792,1344,1314,l,240,,True,2040.0,
12793,15,1655,s,241,,False,2040.25,
12794,1074,1364,s,241,,False,2040.25,
12795,1156,1001,s,241,242.0,False,2040.25,2040.5
12796,1184,1363,s,241,242.0,False,2040.25,2040.5
12797,1266,1445,s,241,242.0,False,2040.25,2040.5
12798,1279,1409,s,241,,False,2040.25,
12799,1325,1520,s,241,241.0,False,2040.25,2040.25
12800,1425,1634,s,241,242.0,False,2040.25,2040.5
12801,1434,1536,s,241,242.0,False,2040.25,2040.5
12802,1608,1691,s,241,243.0,False,2040.25,2040.75
12803,1638,1012,s,241,241.0,False,2040.25,2040.25
12804,1830,1711,s,241,,False,2040.25,
12805,1833,1768,s,241,,False,2040.25,
12806,1865,1870,s,241,,False,2040.25,
12807,1959,2348,s,241,242.0,False,2040.25,2040.5
12808,34,1186,s,241,242.0,False,2040.25,2040.5
12809,87,545,s,241,242.0,False,2040.25,2040.5
12810,507,1196,s,241,243.0,False,2040.25,2040.75
12811,962,457,s,241,,False,2040.25,
12812,1076,1209,s,241,,False,2040.25,
12813,1148,1893,s,241,243.0,False,2040.25,2040.75
12814,1184,1369,s,241,242.0,False,2040.25,2040.5
12815,1192,1395,s,241,,False,2040.25,
12816,1208,990,s,241,,False,2040.25,
12817,1218,1202,s,241,,False,2040.25,
12818,1271,1600,s,241,,False,2040.25,
12819,1376,1819,s,241,,False,2040.25,
12820,1518,1569,s,241,242.0,False,2040.25,2040.5
12821,1575,1711,s,241,242.0,False,2040.25,2040.5
12822,1605,1691,s,241,,False,2040.25,
12823,1617,1415,s,241,243.0,False,2040.25,2040.75
12824,1939,1381,s,241,,False,2040.25,
12825,1991,2044,s,241,242.0,False,2040.25,2040.5
12826,2010,1689,s,241,,False,2040.25,
12827,2157,2240,s,241,,False,2040.25,
12828,2200,1531,s,241,243.0,False,2040.25,2040.75
12829,322,1524,s,241,,False,2040.25,
12830,1080,586,s,241,242.0,False,2040.25,2040.5
12831,1082,585,s,241,243.0,False,2040.25,2040.75
12832,1159,1356,s,241,,False,2040.25,
12833,1208,1304,s,241,,False,2040.25,
12834,1248,1315,s,241,242.0,False,2040.25,2040.5
12835,1258,1272,s,241,,False,2040.25,
12836,1293,1582,s,241,243.0,False,2040.25,2040.75
12837,1392,1505,s,241,,False,2040.25,
12838,1550,2306,s,241,,False,2040.25,
12839,1698,1673,s,241,242.0,False,2040.25,2040.5
12840,1860,1801,s,241,,False,2040.25,
12841,1865,1908,s,241,,False,2040.25,
12842,1865,2377,s,241,243.0,False,2040.25,2040.75
12843,1939,1448,s,241,,False,2040.25,
12844,1959,1704,s,241,243.0,False,2040.25,2040.75
12845,1990,1904,s,241,,False,2040.25,
12846,2010,1630,s,241,243.0,False,2040.25,2040.75
12847,2034,1772,s,241,,False,2040.25,
12848,2092,1611,s,241,242.0,False,2040.25,2040.5
12849,1076,268,l,241,,True,2040.25,
12850,1394,1308,l,241,,True,2040.25,
12851,1425,2111,l,241,,True,2040.25,
12852,1473,1316,l,241,,True,2040.25,
12853,1518,1706,l,241,,True,2040.25,
12854,1837,2261,l,241,,True,2040.25,
12855,715,90,l,241,,True,2040.25,
12856,2332,1799,l,241,,True,2040.25,
12857,53,1435,s,242,243.0,False,2040.5,2040.75
12858,69,740,s,242,,False,2040.5,
12859,1191,1977,s,242,,False,2040.5,
12860,1220,1341,s,242,242.0,False,2040.5,2040.5
12861,1239,2020,s,242,243.0,False,2040.5,2040.75
12862,1331,1558,s,242,243.0,False,2040.5,2040.75
12863,1413,1914,s,242,,False,2040.5,
12864,1471,1730,s,242,243.0,False,2040.5,2040.75
12865,1501,1389,s,242,,False,2040.5,
12866,1639,1310,s,242,,False,2040.5,
12867,1701,1845,s,242,,False,2040.5,
12868,1765,1607,s,242,242.0,False,2040.5,2040.5
12869,1790,1727,s,242,,False,2040.5,
12870,1797,1801,s,242,,False,2040.5,
12871,1807,1268,s,242,243.0,False,2040.5,2040.75
12872,1813,1539,s,242,,False,2040.5,
12873,1837,1933,s,242,,False,2040.5,
12874,1852,2045,s,242,243.0,False,2040.5,2040.75
12875,1854,530,s,242,,False,2040.5,
12876,1878,1561,s,242,,False,2040.5,
12877,1945,2108,s,242,,False,2040.5,
12878,2010,1947,s,242,,False,2040.5,
12879,2379,1724,s,242,,False,2040.5,
12880,2379,1819,s,242,,False,2040.5,
12881,510,1508,s,242,,False,2040.5,
12882,1208,1310,s,242,,False,2040.5,
12883,1211,1278,s,242,243.0,False,2040.5,2040.75
12884,1333,1692,s,242,243.0,False,2040.5,2040.75
12885,1378,1731,s,242,243.0,False,2040.5,2040.75
12886,1443,1277,s,242,242.0,False,2040.5,2040.5
12887,1532,1556,s,242,,False,2040.5,
12888,1544,268,s,242,,False,2040.5,
12889,1639,1160,s,242,243.0,False,2040.5,2040.75
12890,1647,2215,s,242,,False,2040.5,
12891,1666,1704,s,242,,False,2040.5,
12892,1720,1818,s,242,,False,2040.5,
12893,1830,2009,s,242,,False,2040.5,
12894,1831,2108,s,242,242.0,False,2040.5,2040.5
12895,1865,1904,s,242,243.0,False,2040.5,2040.75
12896,1877,1531,s,242,,False,2040.5,
12897,1879,2150,s,242,,False,2040.5,
12898,1939,1974,s,242,243.0,False,2040.5,2040.75
12899,1949,1929,s,242,,False,2040.5,
12900,2178,1514,s,242,,False,2040.5,
12901,2379,2108,s,242,243.0,False,2040.5,2040.75
12902,418,61,s,242,,False,2040.5,
12903,702,1360,s,242,,False,2040.5,
12904,837,933,s,242,,False,2040.5,
12905,1007,1013,s,242,,False,2040.5,
12906,1148,1001,s,242,243.0,False,2040.5,2040.75
12907,1151,1346,s,242,,False,2040.5,
12908,1190,1381,s,242,243.0,False,2040.5,2040.75
12909,1200,1216,s,242,,False,2040.5,
12910,1223,1435,s,242,,False,2040.5,
12911,1239,2067,s,242,243.0,False,2040.5,2040.75
12912,1249,1360,s,242,,False,2040.5,
12913,1258,1582,s,242,,False,2040.5,
12914,1332,1294,s,242,,False,2040.5,
12915,1380,1536,s,242,,False,2040.5,
12916,1410,1412,s,242,,False,2040.5,
12917,1444,1740,s,242,243.0,False,2040.5,2040.75
12918,1566,1477,s,242,,False,2040.5,
12919,1720,1934,s,242,,False,2040.5,
12920,1781,1447,s,242,,False,2040.5,
12921,1852,1498,s,242,,False,2040.5,
12922,1898,1262,s,242,,False,2040.5,
12923,2039,1872,s,242,,False,2040.5,
12924,2155,2239,s,242,,False,2040.5,
12925,2379,1810,s,242,,False,2040.5,
12926,1200,1479,l,242,,True,2040.5,
12927,1426,1536,l,242,,True,2040.5,
12928,1192,586,l,242,,True,2040.5,
12929,1211,1363,l,242,,True,2040.5,
12930,1405,1799,l,242,,True,2040.5,
12931,1517,1381,l,242,,True,2040.5,
12932,1987,2239,l,242,,True,2040.5,
12933,2157,2127,l,242,,True,2040.5,
12934,2180,1564,l,242,,True,2040.5,
12935,1328,392,l,242,,True,2040.5,
12936,587,1415,s,243,,False,2040.75,
12937,745,697,s,243,243.0,False,2040.75,2040.75
12938,1005,1008,s,243,,False,2040.75,
12939,1007,1016,s,243,,False,2040.75,
12940,1208,1556,s,243,,False,2040.75,
12941,1258,1675,s,243,,False,2040.75,
12942,1258,1914,s,243,,False,2040.75,
12943,1344,1556,s,243,,False,2040.75,
12944,1350,1524,s,243,,False,2040.75,
12945,1350,1818,s,243,,False,2040.75,
12946,1429,1446,s,243,243.0,False,2040.75,2040.75
12947,1484,1495,s,243,243.0,False,2040.75,2040.75
12948,1552,1913,s,243,,False,2040.75,
12949,1585,1675,s,243,243.0,False,2040.75,2040.75
12950,1780,1633,s,243,243.0,False,2040.75,2040.75
12951,1837,2237,s,243,,False,2040.75,
12952,1939,1447,s,243,,False,2040.75,
12953,1982,1364,s,243,,False,2040.75,
12954,2178,2239,s,243,,False,2040.75,
12955,2223,1196,s,243,,False,2040.75,
12956,53,1823,s,243,,False,2040.75,
12957,931,586,s,243,,False,2040.75,
12958,1148,1846,s,243,,False,2040.75,
12959,1152,1341,s,243,,False,2040.75,
12960,1212,24,s,243,,False,2040.75,
12961,1223,2003,s,243,243.0,False,2040.75,2040.75
12962,1406,1530,s,243,243.0,False,2040.75,2040.75
12963,1473,443,s,243,,False,2040.75,
12964,1473,1692,s,243,,False,2040.75,
12965,1574,1556,s,243,,False,2040.75,
12966,1728,1708,s,243,,False,2040.75,
12967,1792,2237,s,243,,False,2040.75,
12968,1877,1700,s,243,,False,2040.75,
12969,1945,1943,s,243,,False,2040.75,
12970,2025,1539,s,243,,False,2040.75,
12971,2091,1929,s,243,243.0,False,2040.75,2040.75
12972,745,1615,s,243,,False,2040.75,
12973,1156,1464,s,243,,False,2040.75,
12974,1217,2150,s,243,,False,2040.75,
12975,1338,1294,s,243,,False,2040.75,
12976,1344,2111,s,243,,False,2040.75,
12977,1416,1424,s,243,,False,2040.75,
12978,1425,1893,s,243,,False,2040.75,
12979,1427,2239,s,243,,False,2040.75,
12980,1650,1708,s,243,,False,2040.75,
12981,1665,1708,s,243,,False,2040.75,
12982,1713,1535,s,243,,False,2040.75,
12983,1732,1724,s,243,,False,2040.75,
12984,1760,1524,s,243,,False,2040.75,
12985,1780,1769,s,243,,False,2040.75,
12986,1825,1387,s,243,,False,2040.75,
12987,1830,1548,s,243,,False,2040.75,
12988,1338,1582,l,243,,True,2040.75,
12989,1722,1891,l,243,,True,2040.75,
12990,2356,1946,l,243,,True,2040.75,
12991,351,1611,l,243,,True,2040.75,
12992,962,1162,l,243,,True,2040.75,
12993,1390,1727,l,243,,True,2040.75,
12994,1429,1664,l,243,,True,2040.75,
12995,1760,1285,l,243,,True,2040.75,
12996,1773,2125,l,243,,True,2040.75,
12997,1932,1906,l,243,,True,2040.75,
12998,1266,1630,l,243,,True,2040.75,
12999,1854,1334,l,243,,True,2040.75,
13000,1860,1559,l,243,,True,2040.75,
13001,1920,1556,l,243,,True,2040.75,
