eid,f,m,layer,t_start,t_end,long,start_year,end_year
0,245,110,s,-1,0.0,False,1980.0,1980.0
1,42,215,s,-1,0.0,False,1980.0,1980.0
2,223,102,s,-1,0.0,False,1980.0,1980.0
3,36,102,s,-1,0.0,False,1980.0,1980.0
4,223,114,s,-1,0.0,False,1980.0,1980.0
5,23,114,s,-1,2.0,False,1980.0,1980.5
6,239,71,s,-1,1.0,False,1980.0,1980.25
7,6,242,s,-1,0.0,False,1980.0,1980.0
8,196,110,s,-1,2.0,False,1980.0,1980.5
9,240,102,s,-1,0.0,False,1980.0,1980.0
10,25,71,s,-1,5.0,False,1980.0,1981.25
11,25,168,s,-1,0.0,False,1980.0,1980.0
12,85,59,s,-1,0.0,False,1980.0,1980.0
13,182,148,s,-1,0.0,False,1980.0,1980.0
14,23,45,s,-1,0.0,False,1980.0,1980.0
15,23,88,s,-1,5.0,False,1980.0,1981.25
16,42,148,s,-1,0.0,False,1980.0,1980.0
17,48,51,s,-1,4.0,False,1980.0,1981.0
18,134,124,s,-1,0.0,False,1980.0,1980.0
19,48,110,s,-1,1.0,False,1980.0,1980.25
20,235,157,s,-1,4.0,False,1980.0,1981.0
21,219,119,s,-1,0.0,False,1980.0,1980.0
22,31,242,s,-1,0.0,False,1980.0,1980.0
23,156,114,s,-1,1.0,False,1980.0,1980.25
24,31,102,s,-1,4.0,False,1980.0,1981.0
25,36,168,s,-1,0.0,False,1980.0,1980.0
26,42,168,s,-1,0.0,False,1980.0,1980.0
27,123,74,s,-1,6.0,False,1980.0,1981.5
28,240,215,s,-1,1.0,False,1980.0,1980.25
29,31,114,s,-1,0.0,False,1980.0,1980.0
30,236,157,s,-1,2.0,False,1980.0,1980.5
31,37,168,s,-1,0.0,False,1980.0,1980.0
32,91,202,s,-1,8.0,False,1980.0,1982.0
33,219,102,s,-1,7.0,False,1980.0,1981.75
34,235,33,s,-1,0.0,False,1980.0,1980.0
35,23,33,s,-1,0.0,False,1980.0,1980.0
36,68,119,s,-1,1.0,False,1980.0,1980.25
37,91,110,l,-1,0.0,True,1980.0,1980.0
38,91,119,l,-1,36.0,True,1980.0,1989.0
39,120,74,l,-1,72.0,True,1980.0,1998.0
40,142,26,l,-1,0.0,True,1980.0,1980.0
41,142,33,l,-1,0.0,True,1980.0,1980.0
42,156,117,l,-1,20.0,True,1980.0,1985.0
43,212,157,l,-1,40.0,True,1980.0,1990.0
44,176,49,l,-1,9.0,True,1980.0,1982.25
45,156,45,l,-1,2.0,True,1980.0,1980.5
46,142,195,l,-1,0.0,True,1980.0,1980.0
47,85,190,l,-1,0.0,True,1980.0,1980.0
48,226,187,l,-1,0.0,True,1980.0,1980.0
49,240,168,l,-1,0.0,True,1980.0,1980.0
50,176,9,l,-1,102.0,True,1980.0,2005.5
51,91,1,l,-1,76.0,True,1980.0,1999.0
52,91,102,l,-1,44.0,True,1980.0,1991.0
53,91,58,l,-1,43.0,True,1980.0,1990.75
54,133,26,l,-1,0.0,True,1980.0,1980.0
55,142,131,l,-1,0.0,True,1980.0,1980.0
56,142,51,l,-1,1.0,True,1980.0,1980.25
57,196,124,l,-1,0.0,True,1980.0,1980.0
58,235,110,l,-1,4.0,True,1980.0,1981.0
59,50,102,l,-1,0.0,True,1980.0,1980.0
60,104,51,l,-1,4.0,True,1980.0,1981.0
61,91,33,l,-1,0.0,True,1980.0,1980.0
62,223,144,l,-1,0.0,True,1980.0,1980.0
63,50,216,l,-1,0.0,True,1980.0,1980.0
64,91,138,l,-1,23.0,True,1980.0,1985.75
65,212,131,l,-1,0.0,True,1980.0,1980.0
66,245,71,l,-1,27.0,True,1980.0,1986.75
67,62,131,l,-1,0.0,True,1980.0,1980.0
68,212,51,l,-1,4.0,True,1980.0,1981.0
69,50,131,l,-1,0.0,True,1980.0,1980.0
70,31,88,l,-1,45.0,True,1980.0,1991.25
71,240,114,l,-1,14.0,True,1980.0,1983.5
72,31,74,l,-1,72.0,True,1980.0,1998.0
73,212,102,l,-1,1.0,True,1980.0,1980.25
74,111,144,l,-1,36.0,True,1980.0,1989.0
75,104,242,l,-1,101.0,True,1980.0,2005.25
76,156,102,l,-1,44.0,True,1980.0,1991.0
77,212,58,l,-1,77.0,True,1980.0,1999.25
78,235,242,l,-1,40.0,True,1980.0,1990.0
79,219,88,l,-1,84.0,True,1980.0,2001.0
80,182,157,l,-1,40.0,True,1980.0,1990.0
81,222,9,l,-1,40.0,True,1980.0,1990.0
82,48,58,l,-1,77.0,True,1980.0,1999.25
83,85,28,l,-1,0.0,True,1980.0,1980.0
84,156,144,l,-1,35.0,True,1980.0,1988.75
85,65,71,l,-1,17.0,True,1980.0,1984.25
86,222,33,l,-1,0.0,True,1980.0,1980.0
87,23,74,s,0,10.0,False,1980.0,1982.5
88,120,102,s,0,14.0,False,1980.0,1983.5
89,176,190,s,0,0.0,False,1980.0,1980.0
90,219,157,s,0,3.0,False,1980.0,1980.75
91,291,215,s,0,3.0,False,1980.0,1980.75
92,295,114,s,0,1.0,False,1980.0,1980.25
93,182,9,s,0,13.0,False,1980.0,1983.25
94,212,242,s,0,4.0,False,1980.0,1981.0
95,42,265,s,0,1.0,False,1980.0,1980.25
96,65,246,s,0,9.0,False,1980.0,1982.25
97,68,102,s,0,1.0,False,1980.0,1980.25
98,120,73,s,0,3.0,False,1980.0,1980.75
99,23,102,s,1,21.0,False,1980.25,1985.25
100,31,114,s,1,2.0,False,1980.25,1980.5
101,141,110,s,1,4.0,False,1980.25,1981.0
102,196,190,s,1,4.0,False,1980.25,1981.0
103,288,45,s,1,1.0,False,1980.25,1980.25
104,42,157,s,1,15.0,False,1980.25,1983.75
105,91,96,s,1,19.0,False,1980.25,1984.75
106,121,190,s,1,8.0,False,1980.25,1982.0
107,142,71,s,1,3.0,False,1980.25,1980.75
108,212,267,s,1,2.0,False,1980.25,1980.5
109,245,110,s,1,4.0,False,1980.25,1981.0
110,156,119,s,1,2.0,False,1980.25,1980.5
111,25,110,l,1,4.0,True,1980.25,1981.0
112,104,28,s,2,3.0,False,1980.5,1980.75
113,104,59,s,2,3.0,False,1980.5,1980.75
114,212,167,s,2,5.0,False,1980.5,1981.25
115,222,113,s,2,4.0,False,1980.5,1981.0
116,295,209,s,2,8.0,False,1980.5,1982.0
117,212,88,s,2,9.0,False,1980.5,1982.25
118,280,157,s,2,6.0,False,1980.5,1981.5
119,89,13,s,2,3.0,False,1980.5,1980.75
120,240,102,s,2,15.0,False,1980.5,1983.75
121,285,102,s,2,8.0,False,1980.5,1982.0
122,31,114,s,3,5.0,False,1980.75,1981.25
123,91,11,s,3,3.0,False,1980.75,1980.75
124,156,119,s,3,5.0,False,1980.75,1981.25
125,212,119,s,3,4.0,False,1980.75,1981.0
126,231,167,s,3,19.0,False,1980.75,1984.75
127,280,113,s,3,4.0,False,1980.75,1981.0
128,25,49,s,3,5.0,False,1980.75,1981.25
129,219,119,s,3,11.0,False,1980.75,1982.75
130,284,28,s,3,13.0,False,1980.75,1983.25
131,25,242,s,3,7.0,False,1980.75,1981.75
132,107,157,s,3,4.0,False,1980.75,1981.0
133,156,114,s,3,4.0,False,1980.75,1981.0
134,91,157,l,3,40.0,True,1980.75,1990.0
135,142,265,s,4,5.0,False,1981.0,1981.25
136,300,58,s,4,5.0,False,1981.0,1981.25
137,91,215,s,4,7.0,False,1981.0,1981.75
138,212,102,s,4,7.0,False,1981.0,1981.75
139,219,267,s,4,9.0,False,1981.0,1982.25
140,291,114,s,4,9.0,False,1981.0,1982.25
141,182,237,s,4,16.0,False,1981.0,1984.0
142,300,267,s,4,8.0,False,1981.0,1982.0
143,291,7,l,4,84.0,True,1981.0,2001.0
144,68,114,s,5,7.0,False,1981.25,1981.75
145,111,74,s,5,11.0,False,1981.25,1982.75
146,133,117,s,5,23.0,False,1981.25,1985.75
147,219,157,s,5,7.0,False,1981.25,1981.75
148,291,269,s,5,15.0,False,1981.25,1983.75
149,68,119,s,5,7.0,False,1981.25,1981.75
150,212,119,s,5,15.0,False,1981.25,1983.75
151,290,119,s,5,8.0,False,1981.25,1982.0
152,23,119,s,5,8.0,False,1981.25,1982.0
153,23,144,s,5,7.0,False,1981.25,1981.75
154,23,157,s,5,11.0,False,1981.25,1982.75
155,91,265,s,5,6.0,False,1981.25,1981.5
156,231,216,s,5,6.0,False,1981.25,1981.5
157,245,246,l,5,69.0,True,1981.25,1997.25
158,91,267,s,6,7.0,False,1981.5,1981.75
159,135,157,s,6,6.0,False,1981.5,1981.5
160,176,58,s,6,7.0,False,1981.5,1981.75
161,23,116,s,6,11.0,False,1981.5,1982.75
162,42,119,s,6,13.0,False,1981.5,1983.25
163,91,264,s,6,7.0,False,1981.5,1981.75
164,284,242,s,6,7.0,False,1981.5,1981.75
165,121,264,s,6,7.0,False,1981.5,1981.75
166,219,265,s,6,7.0,False,1981.5,1981.75
167,91,242,l,6,38.0,True,1981.5,1989.5
168,201,119,s,7,12.0,False,1981.75,1983.0
169,238,71,s,7,16.0,False,1981.75,1984.0
170,91,114,s,7,11.0,False,1981.75,1982.75
171,91,218,s,7,12.0,False,1981.75,1983.0
172,142,157,s,7,17.0,False,1981.75,1984.25
173,23,10,s,7,8.0,False,1981.75,1982.0
174,65,167,s,7,10.0,False,1981.75,1982.5
175,90,58,s,7,16.0,False,1981.75,1984.0
176,91,265,s,7,9.0,False,1981.75,1982.25
177,212,265,s,7,10.0,False,1981.75,1982.5
178,219,114,s,7,10.0,False,1981.75,1982.5
179,226,119,s,7,8.0,False,1981.75,1982.0
180,286,102,s,7,10.0,False,1981.75,1982.5
181,287,102,s,7,8.0,False,1981.75,1982.0
182,300,119,l,7,36.0,True,1981.75,1989.0
183,291,102,l,7,44.0,True,1981.75,1991.0
184,31,102,s,8,9.0,False,1982.0,1982.25
185,212,102,s,8,9.0,False,1982.0,1982.25
186,231,216,s,8,10.0,False,1982.0,1982.5
187,276,265,s,8,8.0,False,1982.0,1982.0
188,25,304,s,8,9.0,False,1982.0,1982.25
189,91,88,s,8,18.0,False,1982.0,1984.5
190,212,161,s,8,10.0,False,1982.0,1982.5
191,245,9,s,8,10.0,False,1982.0,1982.5
192,300,161,s,8,12.0,False,1982.0,1983.0
193,42,28,l,8,38.0,True,1982.0,1989.5
194,17,114,s,9,10.0,False,1982.25,1982.5
195,23,45,s,9,10.0,False,1982.25,1982.5
196,25,267,s,9,10.0,False,1982.25,1982.5
197,111,102,s,9,10.0,False,1982.25,1982.5
198,182,117,s,9,10.0,False,1982.25,1982.5
199,219,102,s,9,10.0,False,1982.25,1982.5
200,226,265,s,9,13.0,False,1982.25,1983.25
201,23,114,s,9,18.0,False,1982.25,1984.5
202,156,114,s,9,12.0,False,1982.25,1983.0
203,156,119,s,9,17.0,False,1982.25,1984.25
204,212,96,s,9,14.0,False,1982.25,1983.5
205,212,267,l,9,17.0,True,1982.25,1984.25
206,31,267,s,10,16.0,False,1982.5,1984.0
207,300,96,s,10,12.0,False,1982.5,1983.0
208,23,138,s,10,16.0,False,1982.5,1984.0
209,212,102,s,10,16.0,False,1982.5,1984.0
210,300,45,s,10,12.0,False,1982.5,1983.0
211,23,100,s,10,15.0,False,1982.5,1983.75
212,62,185,s,10,11.0,False,1982.5,1982.75
213,104,88,s,10,29.0,False,1982.5,1987.25
214,300,117,s,10,20.0,False,1982.5,1985.0
215,68,114,l,10,20.0,True,1982.5,1985.0
216,300,5,l,10,32.0,True,1982.5,1988.0
217,94,9,s,11,11.0,False,1982.75,1982.75
218,156,215,s,11,19.0,False,1982.75,1984.75
219,23,83,s,11,13.0,False,1982.75,1983.25
220,23,119,s,11,12.0,False,1982.75,1983.0
221,133,264,s,11,19.0,False,1982.75,1984.75
222,290,242,s,11,12.0,False,1982.75,1983.0
223,120,267,s,11,24.0,False,1982.75,1986.0
224,201,88,s,11,12.0,False,1982.75,1983.0
225,219,215,s,11,14.0,False,1982.75,1983.5
226,300,157,s,11,12.0,False,1982.75,1983.0
227,300,102,l,11,44.0,True,1982.75,1991.0
228,300,144,l,11,19.0,True,1982.75,1984.75
229,40,242,s,12,14.0,False,1983.0,1983.5
230,104,152,s,12,14.0,False,1983.0,1983.5
231,23,157,s,12,14.0,False,1983.0,1983.5
232,219,114,s,12,21.0,False,1983.0,1985.25
233,277,152,s,12,14.0,False,1983.0,1983.5
234,42,44,s,12,20.0,False,1983.0,1985.0
235,91,117,l,12,46.0,True,1983.0,1991.5
236,212,117,l,12,34.0,True,1983.0,1988.5
237,300,190,s,13,23.0,False,1983.25,1985.75
238,23,119,s,13,16.0,False,1983.25,1984.0
239,31,102,s,13,24.0,False,1983.25,1986.0
240,91,265,s,13,23.0,False,1983.25,1985.75
241,91,267,s,13,14.0,False,1983.25,1983.5
242,42,114,s,13,20.0,False,1983.25,1985.0
243,219,102,s,13,22.0,False,1983.25,1985.5
244,91,71,l,13,63.0,True,1983.25,1995.75
245,300,138,l,13,59.0,True,1983.25,1994.75
246,23,271,s,14,14.0,False,1983.5,1983.5
247,212,218,s,14,17.0,False,1983.5,1984.25
248,91,100,s,14,18.0,False,1983.5,1984.5
249,91,161,s,14,22.0,False,1983.5,1985.5
250,291,144,s,14,16.0,False,1983.5,1984.0
251,68,102,s,14,21.0,False,1983.5,1985.25
252,91,144,s,14,15.0,False,1983.5,1983.75
253,91,304,s,14,16.0,False,1983.5,1984.0
254,300,157,s,14,21.0,False,1983.5,1985.25
255,287,102,l,14,44.0,True,1983.5,1991.0
256,90,216,l,14,127.0,True,1983.5,2011.75
257,212,265,s,15,15.0,False,1983.75,1983.75
258,226,246,s,15,17.0,False,1983.75,1984.25
259,300,167,s,15,16.0,False,1983.75,1984.0
260,300,242,s,15,16.0,False,1983.75,1984.0
261,300,246,s,15,18.0,False,1983.75,1984.5
262,308,102,s,15,16.0,False,1983.75,1984.0
263,90,167,s,15,19.0,False,1983.75,1984.75
264,222,113,s,15,16.0,False,1983.75,1984.0
265,286,119,s,16,17.0,False,1984.0,1984.25
266,300,96,s,16,20.0,False,1984.0,1985.0
267,42,157,s,17,21.0,False,1984.25,1985.25
268,287,44,s,17,21.0,False,1984.25,1985.25
269,176,49,s,17,21.0,False,1984.25,1985.25
270,300,265,s,17,27.0,False,1984.25,1986.75
271,219,5,s,17,28.0,False,1984.25,1987.0
272,212,242,l,17,43.0,True,1984.25,1990.75
273,300,71,l,17,100.0,True,1984.25,2005.0
274,25,83,s,18,18.0,False,1984.5,1984.5
275,123,157,s,18,20.0,False,1984.5,1985.0
276,284,246,s,18,22.0,False,1984.5,1985.5
277,31,265,s,18,19.0,False,1984.5,1984.75
278,120,102,s,18,21.0,False,1984.5,1985.25
279,201,102,s,18,19.0,False,1984.5,1984.75
280,212,265,s,18,19.0,False,1984.5,1984.75
281,300,242,s,18,43.0,False,1984.5,1990.75
282,231,172,s,18,21.0,False,1984.5,1985.25
283,68,267,s,19,22.0,False,1984.75,1985.5
284,91,74,s,19,22.0,False,1984.75,1985.5
285,91,100,s,19,20.0,False,1984.75,1985.0
286,156,45,s,19,20.0,False,1984.75,1985.0
287,156,119,s,19,19.0,False,1984.75,1984.75
288,308,102,s,19,25.0,False,1984.75,1986.25
289,42,102,s,19,26.0,False,1984.75,1986.5
290,91,44,s,19,25.0,False,1984.75,1986.25
291,180,59,s,19,20.0,False,1984.75,1985.0
292,222,152,s,19,22.0,False,1984.75,1985.5
293,23,100,s,19,28.0,False,1984.75,1987.0
294,65,71,s,19,21.0,False,1984.75,1985.25
295,104,71,s,19,21.0,False,1984.75,1985.25
296,245,9,s,19,20.0,False,1984.75,1985.0
297,286,102,s,19,22.0,False,1984.75,1985.5
298,212,102,l,19,44.0,True,1984.75,1991.0
299,17,102,l,19,39.0,True,1984.75,1989.75
300,238,71,l,19,25.0,True,1984.75,1986.25
301,219,215,s,20,21.0,False,1985.0,1985.25
302,226,304,s,20,22.0,False,1985.0,1985.5
303,317,114,s,20,25.0,False,1985.0,1986.25
304,25,119,s,20,25.0,False,1985.0,1986.25
305,239,117,s,20,23.0,False,1985.0,1985.75
306,308,5,s,20,34.0,False,1985.0,1988.5
307,23,265,s,20,37.0,False,1985.0,1989.25
308,25,267,s,20,26.0,False,1985.0,1986.5
309,25,304,s,20,22.0,False,1985.0,1985.5
310,212,119,s,20,25.0,False,1985.0,1986.25
311,23,157,s,21,21.0,False,1985.25,1985.25
312,23,242,s,21,25.0,False,1985.25,1986.25
313,133,58,s,21,24.0,False,1985.25,1986.0
314,142,190,s,21,21.0,False,1985.25,1985.25
315,300,267,s,21,21.0,False,1985.25,1985.25
316,23,267,s,21,25.0,False,1985.25,1986.25
317,31,157,s,21,28.0,False,1985.25,1987.0
318,212,246,s,21,36.0,False,1985.25,1989.0
319,300,117,s,21,23.0,False,1985.25,1985.75
320,317,119,s,21,23.0,False,1985.25,1985.75
321,318,144,s,21,31.0,False,1985.25,1987.75
322,23,119,s,21,27.0,False,1985.25,1986.75
323,23,215,s,21,24.0,False,1985.25,1986.0
324,25,102,s,21,22.0,False,1985.25,1985.5
325,31,119,s,21,32.0,False,1985.25,1988.0
326,176,242,s,21,28.0,False,1985.25,1987.0
327,180,59,s,21,22.0,False,1985.25,1985.5
328,231,227,s,21,22.0,False,1985.25,1985.5
329,287,83,s,21,32.0,False,1985.25,1988.0
330,318,102,l,21,44.0,True,1985.25,1991.0
331,135,260,l,21,45.0,True,1985.25,1991.25
332,68,119,s,22,28.0,False,1985.5,1987.0
333,142,190,s,22,23.0,False,1985.5,1985.75
334,176,246,s,22,25.0,False,1985.5,1986.25
335,42,267,s,22,28.0,False,1985.5,1987.0
336,120,45,s,22,23.0,False,1985.5,1985.75
337,135,157,s,22,29.0,False,1985.5,1987.25
338,156,119,s,22,25.0,False,1985.5,1986.25
339,180,259,s,22,26.0,False,1985.5,1986.5
340,318,114,s,22,28.0,False,1985.5,1987.0
341,31,270,l,22,88.0,True,1985.5,2002.0
342,91,45,s,23,24.0,False,1985.75,1986.0
343,219,45,s,23,26.0,False,1985.75,1986.5
344,25,102,s,23,27.0,False,1985.75,1986.75
345,123,117,s,23,29.0,False,1985.75,1987.25
346,222,58,s,23,29.0,False,1985.75,1987.25
347,226,304,s,23,24.0,False,1985.75,1986.0
348,317,102,s,23,28.0,False,1985.75,1987.0
349,318,269,s,23,25.0,False,1985.75,1986.25
350,120,102,s,23,25.0,False,1985.75,1986.25
351,318,7,s,23,24.0,False,1985.75,1986.0
352,180,59,l,23,36.0,True,1985.75,1989.0
353,65,71,l,23,99.0,True,1985.75,2004.75
354,42,265,s,24,24.0,False,1986.0,1986.0
355,91,100,s,24,27.0,False,1986.0,1986.75
356,104,71,s,24,25.0,False,1986.0,1986.25
357,222,167,s,24,25.0,False,1986.0,1986.25
358,300,157,s,24,29.0,False,1986.0,1987.25
359,317,119,s,24,27.0,False,1986.0,1986.75
360,25,246,s,24,25.0,False,1986.0,1986.25
361,91,264,s,24,29.0,False,1986.0,1987.25
362,180,227,s,24,26.0,False,1986.0,1986.5
363,300,45,l,24,100.0,True,1986.0,2005.0
364,91,267,s,25,26.0,False,1986.25,1986.5
365,231,172,s,25,28.0,False,1986.25,1987.0
366,279,71,s,25,30.0,False,1986.25,1987.5
367,12,117,s,25,30.0,False,1986.25,1987.5
368,23,157,s,25,27.0,False,1986.25,1986.75
369,31,102,s,25,33.0,False,1986.25,1988.25
370,176,49,s,25,28.0,False,1986.25,1987.0
371,219,74,s,25,30.0,False,1986.25,1987.5
372,68,102,l,25,44.0,True,1986.25,1991.0
373,91,269,s,26,27.0,False,1986.5,1986.75
374,201,148,s,26,43.0,False,1986.5,1990.75
375,300,100,s,26,33.0,False,1986.5,1988.25
376,300,117,s,26,26.0,False,1986.5,1986.5
377,300,220,s,26,28.0,False,1986.5,1987.0
378,42,265,s,26,27.0,False,1986.5,1986.75
379,91,138,s,26,33.0,False,1986.5,1988.25
380,94,59,s,26,35.0,False,1986.5,1988.75
381,212,218,s,26,28.0,False,1986.5,1987.0
382,284,28,s,26,26.0,False,1986.5,1986.5
383,91,265,s,26,29.0,False,1986.5,1987.25
384,104,260,s,26,33.0,False,1986.5,1988.25
385,238,71,s,26,29.0,False,1986.5,1987.25
386,239,71,s,26,27.0,False,1986.5,1986.75
387,300,96,s,26,34.0,False,1986.5,1988.5
388,300,167,s,26,27.0,False,1986.5,1986.75
389,308,102,s,26,32.0,False,1986.5,1988.0
390,317,83,s,26,31.0,False,1986.5,1987.75
391,91,114,s,27,28.0,False,1986.75,1987.0
392,91,267,s,27,28.0,False,1986.75,1987.0
393,291,114,s,27,27.0,False,1986.75,1986.75
394,317,114,s,27,34.0,False,1986.75,1988.5
395,23,102,s,27,31.0,False,1986.75,1987.75
396,245,202,s,27,29.0,False,1986.75,1987.25
397,25,229,s,27,28.0,False,1986.75,1987.0
398,68,114,s,27,33.0,False,1986.75,1988.25
399,219,102,s,27,31.0,False,1986.75,1987.75
400,239,71,l,27,120.0,True,1986.75,2010.0
401,104,172,l,27,36.0,True,1986.75,1989.0
402,212,119,s,28,29.0,False,1987.0,1987.25
403,212,265,s,28,35.0,False,1987.0,1988.75
404,231,167,s,28,28.0,False,1987.0,1987.0
405,42,114,s,28,32.0,False,1987.0,1988.0
406,120,45,s,28,31.0,False,1987.0,1987.75
407,277,191,s,28,34.0,False,1987.0,1988.5
408,286,117,s,28,28.0,False,1987.0,1987.0
409,300,265,s,28,37.0,False,1987.0,1989.25
410,317,119,s,28,31.0,False,1987.0,1987.75
411,31,114,s,28,35.0,False,1987.0,1988.75
412,219,114,s,28,34.0,False,1987.0,1988.5
413,91,100,s,29,31.0,False,1987.25,1987.75
414,104,167,s,29,29.0,False,1987.25,1987.25
415,300,267,s,29,30.0,False,1987.25,1987.5
416,317,102,s,29,44.0,False,1987.25,1991.0
417,317,144,s,29,38.0,False,1987.25,1989.5
418,91,83,s,29,37.0,False,1987.25,1989.25
419,287,167,s,29,31.0,False,1987.25,1987.75
420,120,119,l,29,29.0,True,1987.25,1987.25
421,180,152,l,29,29.0,True,1987.25,1987.25
422,300,157,l,29,40.0,True,1987.25,1990.0
423,91,45,s,30,40.0,False,1987.5,1990.0
424,176,71,s,30,31.0,False,1987.5,1987.75
425,240,229,s,30,39.0,False,1987.5,1989.75
426,48,242,s,30,33.0,False,1987.5,1988.25
427,91,96,s,30,32.0,False,1987.5,1988.0
428,91,267,s,30,54.0,False,1987.5,1993.5
429,180,46,s,30,34.0,False,1987.5,1988.5
430,42,83,s,30,33.0,False,1987.5,1988.25
431,238,265,s,30,35.0,False,1987.5,1988.75
432,300,58,s,30,32.0,False,1987.5,1988.0
433,285,119,l,30,36.0,True,1987.5,1989.0
434,91,148,s,31,33.0,False,1987.75,1988.25
435,226,268,s,31,32.0,False,1987.75,1988.0
436,284,88,s,31,38.0,False,1987.75,1989.5
437,92,259,s,31,35.0,False,1987.75,1988.75
438,142,242,s,31,33.0,False,1987.75,1988.25
439,156,45,s,31,41.0,False,1987.75,1990.25
440,180,169,s,31,40.0,False,1987.75,1990.0
441,212,119,s,31,36.0,False,1987.75,1989.0
442,31,144,s,31,35.0,False,1987.75,1988.75
443,104,9,s,31,51.0,False,1987.75,1992.75
444,133,76,s,31,37.0,False,1987.75,1989.25
445,135,58,s,31,39.0,False,1987.75,1989.75
446,142,88,s,31,33.0,False,1987.75,1988.25
447,226,304,s,31,32.0,False,1987.75,1988.0
448,287,88,l,31,39.0,True,1987.75,1989.75
449,142,169,s,32,34.0,False,1988.0,1988.5
450,12,96,s,32,40.0,False,1988.0,1990.0
451,23,218,s,32,32.0,False,1988.0,1988.0
452,91,88,s,32,36.0,False,1988.0,1989.0
453,31,5,s,32,41.0,False,1988.0,1990.25
454,31,117,s,32,36.0,False,1988.0,1989.0
455,69,259,s,32,33.0,False,1988.0,1988.25
456,156,215,s,32,41.0,False,1988.0,1990.25
457,245,71,s,32,40.0,False,1988.0,1990.0
458,300,267,s,32,34.0,False,1988.0,1988.5
459,317,269,s,32,33.0,False,1988.0,1988.25
460,47,216,s,33,43.0,False,1988.25,1990.75
461,91,265,s,33,36.0,False,1988.25,1989.0
462,212,267,s,33,34.0,False,1988.25,1988.5
463,295,271,s,33,39.0,False,1988.25,1989.75
464,300,190,s,33,34.0,False,1988.25,1988.5
465,42,102,s,33,34.0,False,1988.25,1988.5
466,133,260,s,33,33.0,False,1988.25,1988.25
467,219,271,s,33,37.0,False,1988.25,1989.25
468,23,102,s,33,42.0,False,1988.25,1990.5
469,284,189,l,33,164.0,True,1988.25,2021.0
470,42,45,s,34,37.0,False,1988.5,1989.25
471,42,157,s,34,40.0,False,1988.5,1990.0
472,176,49,s,34,45.0,False,1988.5,1991.25
473,222,101,s,34,36.0,False,1988.5,1989.0
474,226,71,s,34,39.0,False,1988.5,1989.75
475,284,119,s,34,35.0,False,1988.5,1988.75
476,287,157,s,34,39.0,False,1988.5,1989.75
477,91,246,s,34,36.0,False,1988.5,1989.0
478,133,242,s,34,52.0,False,1988.5,1993.0
479,42,114,s,34,46.0,False,1988.5,1991.5
480,69,152,s,34,53.0,False,1988.5,1993.25
481,135,102,s,34,39.0,False,1988.5,1989.75
482,180,260,s,34,37.0,False,1988.5,1989.25
483,308,157,s,34,35.0,False,1988.5,1988.75
484,180,191,s,35,36.0,False,1988.75,1989.0
485,219,215,s,35,37.0,False,1988.75,1989.25
486,92,258,s,35,38.0,False,1988.75,1989.5
487,317,114,s,35,48.0,False,1988.75,1992.0
488,120,5,s,35,36.0,False,1988.75,1989.0
489,180,216,s,35,49.0,False,1988.75,1992.25
490,222,169,s,35,40.0,False,1988.75,1990.0
491,286,119,s,35,36.0,False,1988.75,1989.0
492,287,119,s,35,36.0,False,1988.75,1989.0
493,123,267,l,35,47.0,True,1988.75,1991.75
494,23,157,s,36,36.0,False,1989.0,1989.0
495,219,148,s,36,36.0,False,1989.0,1989.0
496,222,167,s,36,40.0,False,1989.0,1990.0
497,318,114,s,36,36.0,False,1989.0,1989.0
498,104,152,s,36,42.0,False,1989.0,1990.5
499,123,157,s,36,38.0,False,1989.0,1989.5
500,308,114,s,36,37.0,False,1989.0,1989.25
501,91,190,s,37,41.0,False,1989.25,1990.25
502,180,63,s,37,37.0,False,1989.25,1989.25
503,25,157,s,37,39.0,False,1989.25,1989.75
504,69,113,s,37,39.0,False,1989.25,1989.75
505,92,260,s,37,40.0,False,1989.25,1990.0
506,142,9,s,37,42.0,False,1989.25,1990.5
507,91,265,s,37,41.0,False,1989.25,1990.25
508,219,102,s,37,40.0,False,1989.25,1990.0
509,235,169,s,37,39.0,False,1989.25,1989.75
510,286,242,s,37,39.0,False,1989.25,1989.75
511,89,114,l,37,52.0,True,1989.25,1993.0
512,69,169,l,37,96.0,True,1989.25,2004.0
513,135,71,l,37,152.0,True,1989.25,2018.0
514,212,267,s,38,39.0,False,1989.5,1989.75
515,231,260,s,38,38.0,False,1989.5,1989.5
516,92,169,s,38,57.0,False,1989.5,1994.25
517,284,260,s,38,46.0,False,1989.5,1991.5
518,300,88,s,38,44.0,False,1989.5,1991.0
519,300,117,s,38,42.0,False,1989.5,1990.5
520,300,267,s,38,46.0,False,1989.5,1991.5
521,318,114,s,38,40.0,False,1989.5,1990.0
522,42,267,s,39,43.0,False,1989.75,1990.75
523,212,117,s,39,45.0,False,1989.75,1991.25
524,57,101,s,39,44.0,False,1989.75,1991.0
525,92,53,s,39,43.0,False,1989.75,1990.75
526,23,157,s,39,40.0,False,1989.75,1990.0
527,91,96,s,39,40.0,False,1989.75,1990.0
528,65,343,s,40,41.0,False,1990.0,1990.25
529,182,71,s,40,42.0,False,1990.0,1990.5
530,239,246,s,40,41.0,False,1990.0,1990.25
531,308,102,s,40,40.0,False,1990.0,1990.0
532,91,88,s,40,42.0,False,1990.0,1990.5
533,212,148,s,40,43.0,False,1990.0,1990.75
534,25,185,s,40,42.0,False,1990.0,1990.5
535,31,242,s,40,42.0,False,1990.0,1990.5
536,42,265,s,40,63.0,False,1990.0,1995.75
537,104,189,s,40,43.0,False,1990.0,1990.75
538,133,169,s,40,44.0,False,1990.0,1991.0
539,245,343,s,40,42.0,False,1990.0,1990.5
540,284,267,s,40,48.0,False,1990.0,1992.0
541,156,114,l,40,41.0,True,1990.0,1990.25
542,238,71,l,40,116.0,True,1990.0,2009.0
543,104,169,l,40,87.0,True,1990.0,2001.75
544,212,88,l,40,87.0,True,1990.0,2001.75
545,238,343,s,41,51.0,False,1990.25,1992.75
546,245,71,s,41,41.0,False,1990.25,1990.25
547,17,102,s,41,42.0,False,1990.25,1990.5
548,180,53,s,41,46.0,False,1990.25,1991.5
549,180,260,s,42,44.0,False,1990.5,1991.0
550,245,71,s,42,54.0,False,1990.5,1993.5
551,69,97,s,42,54.0,False,1990.5,1993.5
552,91,242,s,42,42.0,False,1990.5,1990.5
553,91,265,s,42,48.0,False,1990.5,1992.0
554,212,267,s,42,45.0,False,1990.5,1991.25
555,235,71,s,42,51.0,False,1990.5,1992.75
556,300,190,s,42,46.0,False,1990.5,1991.5
557,31,102,s,42,44.0,False,1990.5,1991.0
558,201,267,s,42,47.0,False,1990.5,1991.75
559,219,102,s,42,44.0,False,1990.5,1991.0
560,180,169,l,42,108.0,True,1990.5,2007.0
561,300,58,l,42,58.0,True,1990.5,1994.5
562,23,102,s,43,44.0,False,1990.75,1991.0
563,180,190,s,43,47.0,False,1990.75,1991.75
564,245,343,s,43,57.0,False,1990.75,1994.25
565,48,343,s,43,48.0,False,1990.75,1992.0
566,156,114,s,43,45.0,False,1990.75,1991.25
567,23,100,s,43,57.0,False,1990.75,1994.25
568,42,96,s,43,46.0,False,1990.75,1991.5
569,226,102,s,43,44.0,False,1990.75,1991.0
570,226,162,s,43,49.0,False,1990.75,1992.25
571,284,71,s,43,45.0,False,1990.75,1991.25
572,42,102,l,43,44.0,True,1990.75,1991.0
573,25,71,l,43,55.0,True,1990.75,1993.75
574,104,343,s,44,46.0,False,1991.0,1991.5
575,212,269,s,44,47.0,False,1991.0,1991.75
576,277,259,s,44,48.0,False,1991.0,1992.0
577,300,265,s,44,45.0,False,1991.0,1991.25
578,42,88,s,44,57.0,False,1991.0,1994.25
579,91,45,s,44,46.0,False,1991.0,1991.5
580,91,220,s,44,47.0,False,1991.0,1991.75
581,91,242,s,44,50.0,False,1991.0,1992.5
582,212,265,s,44,45.0,False,1991.0,1991.25
583,23,114,s,44,51.0,False,1991.0,1992.75
584,25,138,s,44,57.0,False,1991.0,1994.25
585,180,343,s,44,55.0,False,1991.0,1993.75
586,212,215,s,44,48.0,False,1991.0,1992.0
587,68,269,s,45,45.0,False,1991.25,1991.25
588,212,96,s,45,53.0,False,1991.25,1993.25
589,231,53,s,45,46.0,False,1991.25,1991.5
590,300,263,s,45,45.0,False,1991.25,1991.25
591,65,343,s,45,51.0,False,1991.25,1992.75
592,69,258,s,45,54.0,False,1991.25,1993.5
593,69,343,s,45,49.0,False,1991.25,1992.25
594,219,74,s,45,47.0,False,1991.25,1991.75
595,23,74,s,46,46.0,False,1991.5,1991.5
596,47,169,s,46,49.0,False,1991.5,1992.25
597,180,46,s,46,48.0,False,1991.5,1992.0
598,212,265,s,46,48.0,False,1991.5,1992.0
599,300,269,s,46,47.0,False,1991.5,1991.75
600,90,101,l,46,91.0,True,1991.5,2002.75
601,92,257,s,47,49.0,False,1991.75,1992.25
602,142,96,s,47,50.0,False,1991.75,1992.5
603,300,242,s,47,49.0,False,1991.75,1992.25
604,300,265,s,47,69.0,False,1991.75,1997.25
605,91,5,s,47,47.0,False,1991.75,1991.75
606,91,88,s,47,58.0,False,1991.75,1994.5
607,231,53,s,47,52.0,False,1991.75,1993.0
608,48,101,s,47,48.0,False,1991.75,1992.0
609,69,79,s,47,65.0,False,1991.75,1996.25
610,212,267,s,47,51.0,False,1991.75,1992.75
611,231,343,s,47,51.0,False,1991.75,1992.75
612,300,101,s,47,50.0,False,1991.75,1992.5
613,339,114,s,47,54.0,False,1991.75,1993.5
614,25,220,s,48,60.0,False,1992.0,1995.0
615,146,53,s,48,49.0,False,1992.0,1992.25
616,180,53,s,48,54.0,False,1992.0,1993.5
617,180,152,s,48,63.0,False,1992.0,1995.75
618,212,220,s,48,51.0,False,1992.0,1992.75
619,47,79,s,48,48.0,False,1992.0,1992.0
620,69,53,s,48,57.0,False,1992.0,1994.25
621,125,267,s,48,50.0,False,1992.0,1992.5
622,212,71,s,48,51.0,False,1992.0,1992.75
623,180,167,s,48,50.0,False,1992.0,1992.5
624,182,242,s,48,49.0,False,1992.0,1992.25
625,180,79,l,48,61.0,True,1992.0,1995.25
626,91,5,l,48,72.0,True,1992.0,1998.0
627,47,63,s,49,49.0,False,1992.25,1992.25
628,142,79,s,49,53.0,False,1992.25,1993.25
629,153,267,s,49,49.0,False,1992.25,1992.25
630,300,267,s,49,50.0,False,1992.25,1992.5
631,25,161,s,49,52.0,False,1992.25,1993.0
632,91,114,s,49,58.0,False,1992.25,1994.5
633,115,265,s,49,50.0,False,1992.25,1992.5
634,277,343,s,49,49.0,False,1992.25,1992.25
635,212,265,s,49,56.0,False,1992.25,1994.0
636,69,167,l,49,73.0,True,1992.25,1998.25
637,180,97,s,50,57.0,False,1992.5,1994.25
638,231,79,s,50,51.0,False,1992.5,1992.75
639,235,79,s,50,50.0,False,1992.5,1992.5
640,180,101,s,50,56.0,False,1992.5,1994.0
641,212,114,s,50,54.0,False,1992.5,1993.5
642,91,220,s,50,51.0,False,1992.5,1992.75
643,92,79,s,50,51.0,False,1992.5,1992.75
644,142,169,s,50,51.0,False,1992.5,1992.75
645,180,259,s,50,57.0,False,1992.5,1994.25
646,284,71,s,50,53.0,False,1992.5,1993.25
647,23,74,s,51,53.0,False,1992.75,1993.25
648,91,96,s,51,55.0,False,1992.75,1993.75
649,91,246,s,51,51.0,False,1992.75,1992.75
650,146,216,s,51,54.0,False,1992.75,1993.5
651,300,117,s,51,51.0,False,1992.75,1992.75
652,280,9,s,51,54.0,False,1992.75,1993.5
653,285,114,s,51,53.0,False,1992.75,1993.25
654,146,169,s,51,54.0,False,1992.75,1993.5
655,295,269,s,51,62.0,False,1992.75,1995.5
656,182,117,l,51,107.0,True,1992.75,2006.75
657,92,113,s,52,55.0,False,1993.0,1993.75
658,146,79,s,52,53.0,False,1993.0,1993.25
659,238,343,s,52,57.0,False,1993.0,1994.25
660,65,343,s,52,61.0,False,1993.0,1995.25
661,91,265,s,52,54.0,False,1993.0,1993.5
662,212,242,s,52,53.0,False,1993.0,1993.25
663,182,96,l,52,67.0,True,1993.0,1996.75
664,47,53,l,52,100.0,True,1993.0,2005.0
665,120,267,s,53,60.0,False,1993.25,1995.0
666,274,79,s,53,53.0,False,1993.25,1993.25
667,69,241,s,53,58.0,False,1993.25,1994.5
668,300,218,s,53,58.0,False,1993.25,1994.5
669,23,144,s,53,61.0,False,1993.25,1995.25
670,91,100,s,53,69.0,False,1993.25,1997.25
671,91,246,s,53,58.0,False,1993.25,1994.5
672,212,220,s,53,54.0,False,1993.25,1993.5
673,235,169,s,53,59.0,False,1993.25,1994.75
674,280,79,s,53,59.0,False,1993.25,1994.75
675,23,270,l,53,98.0,True,1993.25,2004.5
676,91,83,l,53,112.0,True,1993.25,2008.0
677,47,152,s,54,54.0,False,1993.5,1993.5
678,75,97,s,54,57.0,False,1993.5,1994.25
679,104,152,s,54,54.0,False,1993.5,1993.5
680,234,343,s,54,56.0,False,1993.5,1994.0
681,23,215,s,54,64.0,False,1993.5,1996.0
682,90,190,s,54,57.0,False,1993.5,1994.25
683,91,9,s,54,58.0,False,1993.5,1994.5
684,274,169,s,54,55.0,False,1993.5,1993.75
685,23,145,s,54,56.0,False,1993.5,1994.0
686,104,79,s,54,57.0,False,1993.5,1994.25
687,176,79,s,54,61.0,False,1993.5,1995.25
688,235,79,s,54,55.0,False,1993.5,1993.75
689,182,190,l,54,125.0,True,1993.5,2011.25
690,62,185,l,54,88.0,True,1993.5,2002.0
691,91,74,s,55,61.0,False,1993.75,1995.25
692,146,79,s,55,60.0,False,1993.75,1995.0
693,318,114,s,55,59.0,False,1993.75,1994.75
694,91,267,s,55,57.0,False,1993.75,1994.25
695,142,79,s,55,75.0,False,1993.75,1998.75
696,25,242,s,55,60.0,False,1993.75,1995.0
697,91,265,s,55,56.0,False,1993.75,1994.0
698,92,152,s,55,58.0,False,1993.75,1994.5
699,300,9,s,55,59.0,False,1993.75,1994.75
700,69,343,l,55,,True,1993.75,
701,69,97,s,56,62.0,False,1994.0,1995.5
702,90,242,s,56,60.0,False,1994.0,1995.0
703,231,79,s,56,58.0,False,1994.0,1994.5
704,47,79,s,56,62.0,False,1994.0,1995.5
705,91,229,s,56,63.0,False,1994.0,1995.75
706,212,242,s,56,62.0,False,1994.0,1995.5
707,318,269,s,56,61.0,False,1994.0,1995.25
708,180,53,s,56,57.0,False,1994.0,1994.25
709,231,343,s,56,58.0,False,1994.0,1994.5
710,245,71,s,56,60.0,False,1994.0,1995.0
711,300,96,s,56,58.0,False,1994.0,1994.5
712,295,270,l,56,76.0,True,1994.0,1999.0
713,125,101,s,57,65.0,False,1994.25,1996.25
714,226,220,s,57,57.0,False,1994.25,1994.25
715,231,216,s,57,59.0,False,1994.25,1994.75
716,48,343,s,57,62.0,False,1994.25,1995.5
717,180,343,s,57,59.0,False,1994.25,1994.75
718,212,5,l,57,72.0,True,1994.25,1998.0
719,231,169,l,57,93.0,True,1994.25,2003.25
720,236,79,l,57,188.0,True,1994.25,2027.0
721,279,49,l,57,85.0,True,1994.25,2001.25
722,91,45,s,58,64.0,False,1994.5,1996.0
723,91,267,s,58,62.0,False,1994.5,1995.5
724,104,79,s,58,62.0,False,1994.5,1995.5
725,300,267,s,58,66.0,False,1994.5,1996.5
726,42,10,s,58,63.0,False,1994.5,1995.75
727,47,169,s,58,62.0,False,1994.5,1995.5
728,91,190,s,58,60.0,False,1994.5,1995.0
729,219,114,s,58,64.0,False,1994.5,1996.0
730,238,343,s,58,62.0,False,1994.5,1995.5
731,91,96,s,58,61.0,False,1994.5,1995.25
732,91,242,s,58,62.0,False,1994.5,1995.5
733,142,152,s,58,76.0,False,1994.5,1999.0
734,176,113,s,58,69.0,False,1994.5,1997.25
735,245,343,l,58,71.0,True,1994.5,1997.75
736,300,161,l,58,100.0,True,1994.5,2005.0
737,180,167,s,59,63.0,False,1994.75,1995.75
738,182,242,s,59,66.0,False,1994.75,1996.5
739,238,53,s,59,62.0,False,1994.75,1995.5
740,12,28,s,59,62.0,False,1994.75,1995.5
741,180,53,s,59,60.0,False,1994.75,1995.0
742,47,343,s,59,62.0,False,1994.75,1995.5
743,91,265,s,59,67.0,False,1994.75,1996.75
744,135,267,s,59,62.0,False,1994.75,1995.5
745,284,242,s,59,72.0,False,1994.75,1998.0
746,300,117,s,59,60.0,False,1994.75,1995.0
747,212,216,l,59,120.0,True,1994.75,2010.0
748,47,152,s,60,78.0,False,1995.0,1999.5
749,104,260,s,60,60.0,False,1995.0,1995.0
750,317,7,s,60,63.0,False,1995.0,1995.75
751,92,169,s,60,73.0,False,1995.0,1998.25
752,318,114,s,60,64.0,False,1995.0,1996.0
753,363,7,l,60,77.0,True,1995.0,1999.25
754,363,229,l,60,88.0,True,1995.0,2002.0
755,300,202,l,60,73.0,True,1995.0,1998.25
756,91,117,l,60,72.0,True,1995.0,1998.0
757,212,265,l,60,120.0,True,1995.0,2010.0
758,25,71,s,61,61.0,False,1995.25,1995.25
759,69,259,s,61,61.0,False,1995.25,1995.25
760,90,113,s,61,61.0,False,1995.25,1995.25
761,180,79,s,61,69.0,False,1995.25,1997.25
762,231,79,s,61,62.0,False,1995.25,1995.5
763,180,343,s,61,64.0,False,1995.25,1996.0
764,300,9,s,61,62.0,False,1995.25,1995.5
765,82,152,l,61,145.0,True,1995.25,2016.25
766,15,343,s,62,66.0,False,1995.5,1996.5
767,87,97,s,62,72.0,False,1995.5,1998.0
768,91,88,s,62,65.0,False,1995.5,1996.25
769,141,169,s,62,62.0,False,1995.5,1995.5
770,212,246,s,62,64.0,False,1995.5,1996.0
771,47,97,s,62,62.0,False,1995.5,1995.5
772,91,263,s,62,63.0,False,1995.5,1995.75
773,92,79,s,62,65.0,False,1995.5,1996.25
774,92,343,s,62,79.0,False,1995.5,1999.75
775,176,49,s,62,63.0,False,1995.5,1995.75
776,245,79,s,62,73.0,False,1995.5,1998.25
777,300,58,s,62,65.0,False,1995.5,1996.25
778,180,46,l,62,67.0,True,1995.5,1996.75
779,212,260,l,62,63.0,True,1995.5,1995.75
780,239,246,l,62,84.0,True,1995.5,2001.0
781,182,161,l,62,91.0,True,1995.5,2002.75
782,65,343,s,63,64.0,False,1995.75,1996.0
783,82,79,s,63,64.0,False,1995.75,1996.0
784,91,267,s,63,68.0,False,1995.75,1997.0
785,176,79,s,63,63.0,False,1995.75,1995.75
786,17,114,s,63,65.0,False,1995.75,1996.25
787,75,113,s,63,76.0,False,1995.75,1999.0
788,104,343,s,63,66.0,False,1995.75,1996.5
789,274,79,s,63,66.0,False,1995.75,1996.5
790,363,114,s,63,63.0,False,1995.75,1995.75
791,87,79,s,63,65.0,False,1995.75,1996.25
792,91,114,s,63,67.0,False,1995.75,1996.75
793,180,53,s,63,66.0,False,1995.75,1996.5
794,238,343,s,63,69.0,False,1995.75,1997.25
795,280,167,s,63,64.0,False,1995.75,1996.0
796,300,114,s,63,65.0,False,1995.75,1996.25
797,91,161,s,64,64.0,False,1996.0,1996.0
798,239,343,s,64,64.0,False,1996.0,1996.0
799,274,97,s,64,67.0,False,1996.0,1996.75
800,300,96,s,64,69.0,False,1996.0,1997.25
801,363,45,s,64,64.0,False,1996.0,1996.0
802,82,169,s,64,67.0,False,1996.0,1996.75
803,91,242,s,64,69.0,False,1996.0,1997.25
804,274,169,s,64,65.0,False,1996.0,1996.25
805,69,63,s,64,65.0,False,1996.0,1996.25
806,69,97,s,64,90.0,False,1996.0,2002.5
807,91,167,s,64,66.0,False,1996.0,1996.5
808,92,9,s,64,67.0,False,1996.0,1996.75
809,212,267,s,65,69.0,False,1996.25,1997.25
810,23,74,s,65,71.0,False,1996.25,1997.75
811,82,79,s,65,67.0,False,1996.25,1996.75
812,180,216,s,65,79.0,False,1996.25,1999.75
813,25,185,s,66,69.0,False,1996.5,1997.25
814,31,144,s,66,75.0,False,1996.5,1998.75
815,317,271,s,66,67.0,False,1996.5,1996.75
816,142,169,s,66,70.0,False,1996.5,1997.5
817,176,343,s,66,71.0,False,1996.5,1997.75
818,212,96,s,66,69.0,False,1996.5,1997.25
819,47,190,s,66,72.0,False,1996.5,1998.0
820,65,343,s,66,76.0,False,1996.5,1999.0
821,69,79,s,66,72.0,False,1996.5,1998.0
822,245,71,s,66,70.0,False,1996.5,1997.5
823,235,169,l,66,83.0,True,1996.5,2000.75
824,25,49,s,67,70.0,False,1996.75,1997.5
825,92,152,s,67,75.0,False,1996.75,1998.75
826,180,343,s,67,74.0,False,1996.75,1998.5
827,277,79,s,67,74.0,False,1996.75,1998.5
828,231,189,s,67,72.0,False,1996.75,1998.0
829,235,79,s,67,72.0,False,1996.75,1998.0
830,48,189,s,68,77.0,False,1997.0,1999.25
831,123,58,s,68,70.0,False,1997.0,1997.5
832,284,265,s,68,70.0,False,1997.0,1997.5
833,299,97,s,68,74.0,False,1997.0,1998.5
834,300,242,s,68,70.0,False,1997.0,1997.5
835,363,114,s,68,69.0,False,1997.0,1997.25
836,31,114,s,68,69.0,False,1997.0,1997.25
837,32,79,s,68,68.0,False,1997.0,1997.0
838,125,11,s,68,71.0,False,1997.0,1997.75
839,142,167,s,68,70.0,False,1997.0,1997.5
840,291,144,s,68,70.0,False,1997.0,1997.5
841,300,5,s,68,70.0,False,1997.0,1997.5
842,300,267,s,68,72.0,False,1997.0,1998.0
843,47,79,s,68,76.0,False,1997.0,1999.0
844,69,9,s,68,70.0,False,1997.0,1997.5
845,69,53,s,68,70.0,False,1997.0,1997.5
846,104,343,s,68,75.0,False,1997.0,1998.75
847,231,259,s,68,72.0,False,1997.0,1998.0
848,299,241,s,68,76.0,False,1997.0,1999.0
849,300,100,s,68,71.0,False,1997.0,1997.75
850,317,114,s,68,69.0,False,1997.0,1997.25
851,180,257,l,68,,True,1997.0,
852,47,254,s,69,69.0,False,1997.25,1997.25
853,142,117,s,69,69.0,False,1997.25,1997.25
854,274,152,s,69,70.0,False,1997.25,1997.5
855,299,254,s,69,79.0,False,1997.25,1999.75
856,182,242,s,69,75.0,False,1997.25,1998.75
857,42,265,s,69,77.0,False,1997.25,1999.25
858,75,254,s,69,74.0,False,1997.25,1998.5
859,231,216,s,69,73.0,False,1997.25,1998.25
860,274,79,s,69,72.0,False,1997.25,1998.0
861,299,79,s,69,75.0,False,1997.25,1998.75
862,282,167,l,69,180.0,True,1997.25,2025.0
863,180,53,l,69,129.0,True,1997.25,2012.25
864,82,169,s,70,73.0,False,1997.5,1998.25
865,238,343,s,70,77.0,False,1997.5,1999.25
866,280,79,s,70,77.0,False,1997.5,1999.25
867,299,216,s,70,84.0,False,1997.5,2001.0
868,14,254,s,70,74.0,False,1997.5,1998.5
869,82,254,s,70,76.0,False,1997.5,1999.0
870,180,254,s,70,73.0,False,1997.5,1998.25
871,299,169,s,70,74.0,False,1997.5,1998.5
872,300,117,s,70,78.0,False,1997.5,1999.5
873,363,74,s,70,72.0,False,1997.5,1998.0
874,180,76,s,70,77.0,False,1997.5,1999.25
875,235,190,s,70,76.0,False,1997.5,1999.0
876,212,267,l,70,120.0,True,1997.5,2010.0
877,300,265,l,70,100.0,True,1997.5,2005.0
878,91,265,s,71,79.0,False,1997.75,1999.75
879,133,76,s,71,76.0,False,1997.75,1999.0
880,146,79,s,71,75.0,False,1997.75,1998.75
881,235,216,s,71,75.0,False,1997.75,1998.75
882,65,169,s,71,75.0,False,1997.75,1998.75
883,92,79,s,71,77.0,False,1997.75,1999.25
884,180,79,s,71,77.0,False,1997.75,1999.25
885,180,152,s,71,73.0,False,1997.75,1998.25
886,363,138,s,71,72.0,False,1997.75,1998.0
887,25,265,s,71,83.0,False,1997.75,2000.75
888,235,4,s,71,76.0,False,1997.75,1999.0
889,245,343,s,71,87.0,False,1997.75,2001.75
890,300,88,s,71,75.0,False,1997.75,1998.75
891,276,254,l,71,,True,1997.75,
892,300,144,l,71,84.0,True,1997.75,2001.0
893,47,169,l,71,164.0,True,1997.75,2021.0
894,47,254,s,72,73.0,False,1998.0,1998.25
895,91,220,s,72,80.0,False,1998.0,2000.0
896,299,53,s,72,81.0,False,1998.0,2000.25
897,69,254,s,72,83.0,False,1998.0,2000.75
898,142,259,s,72,74.0,False,1998.0,1998.5
899,212,374,s,72,74.0,False,1998.0,1998.5
900,104,97,s,72,74.0,False,1998.0,1998.5
901,300,374,s,72,74.0,False,1998.0,1998.5
902,69,79,l,72,165.0,True,1998.0,2021.25
903,305,79,l,72,120.0,True,1998.0,2010.0
904,69,53,s,73,77.0,False,1998.25,1999.25
905,75,97,s,73,73.0,False,1998.25,1998.25
906,104,254,s,73,74.0,False,1998.25,1998.5
907,133,79,s,73,73.0,False,1998.25,1998.25
908,317,114,s,73,76.0,False,1998.25,1999.0
909,317,244,s,73,74.0,False,1998.25,1998.5
910,14,97,s,73,75.0,False,1998.25,1998.75
911,32,71,s,73,85.0,False,1998.25,2001.25
912,142,343,s,73,73.0,False,1998.25,1998.25
913,231,79,s,73,80.0,False,1998.25,2000.0
914,104,79,s,73,77.0,False,1998.25,1999.25
915,300,190,s,73,74.0,False,1998.25,1998.5
916,82,79,l,73,110.0,True,1998.25,2007.5
917,123,242,s,74,74.0,False,1998.5,1998.5
918,299,259,s,74,77.0,False,1998.5,1999.25
919,91,267,s,74,74.0,False,1998.5,1998.5
920,284,71,s,74,76.0,False,1998.5,1999.0
921,300,267,s,74,76.0,False,1998.5,1999.0
922,104,254,s,75,79.0,False,1998.75,1999.75
923,284,265,s,75,77.0,False,1998.75,1999.25
924,135,114,s,75,79.0,False,1998.75,1999.75
925,91,190,s,75,78.0,False,1998.75,1999.5
926,142,343,s,75,77.0,False,1998.75,1999.25
927,235,343,s,75,78.0,False,1998.75,1999.5
928,69,241,l,75,76.0,True,1998.75,1999.0
929,305,254,l,75,129.0,True,1998.75,2012.25
930,41,79,s,76,77.0,False,1999.0,1999.25
931,142,254,s,76,82.0,False,1999.0,2000.5
932,212,374,s,76,77.0,False,1999.0,1999.25
933,274,97,s,76,78.0,False,1999.0,1999.5
934,69,152,s,76,83.0,False,1999.0,2000.75
935,91,242,s,76,80.0,False,1999.0,2000.0
936,212,138,s,76,78.0,False,1999.0,1999.5
937,277,343,s,76,90.0,False,1999.0,2002.5
938,299,169,s,76,79.0,False,1999.0,1999.75
939,300,88,s,76,85.0,False,1999.0,2001.25
940,47,254,l,76,109.0,True,1999.0,2007.25
941,47,79,l,76,83.0,True,1999.0,2000.75
942,104,97,s,77,79.0,False,1999.25,1999.75
943,176,254,s,77,77.0,False,1999.25,1999.25
944,235,79,s,77,89.0,False,1999.25,2002.25
945,14,254,s,77,80.0,False,1999.25,2000.0
946,65,343,s,77,87.0,False,1999.25,2001.75
947,90,254,s,77,80.0,False,1999.25,2000.0
948,299,152,s,77,79.0,False,1999.25,1999.75
949,299,97,l,77,112.0,True,1999.25,2008.0
950,75,152,l,77,81.0,True,1999.25,2000.25
951,312,378,l,77,147.0,True,1999.25,2016.75
952,82,306,l,77,164.0,True,1999.25,2021.0
953,180,97,s,78,79.0,False,1999.5,1999.75
954,299,79,s,78,83.0,False,1999.5,2000.75
955,312,79,s,78,78.0,False,1999.5,1999.5
956,176,343,s,78,80.0,False,1999.5,2000.0
957,274,254,s,78,78.0,False,1999.5,1999.5
958,300,58,s,78,80.0,False,1999.5,2000.0
959,92,169,s,78,80.0,False,1999.5,2000.0
960,115,343,s,78,80.0,False,1999.5,2000.0
961,120,114,s,78,82.0,False,1999.5,2000.5
962,212,374,s,78,82.0,False,1999.5,2000.5
963,238,343,s,78,86.0,False,1999.5,2001.5
964,284,217,s,78,80.0,False,1999.5,2000.0
965,300,242,s,78,88.0,False,1999.5,2002.0
966,47,152,s,79,82.0,False,1999.75,2000.5
967,91,374,s,79,86.0,False,1999.75,2001.5
968,180,254,s,79,86.0,False,1999.75,2001.5
969,182,265,s,79,83.0,False,1999.75,2000.75
970,14,260,s,79,86.0,False,1999.75,2001.5
971,91,117,s,79,84.0,False,1999.75,2001.0
972,274,169,s,79,80.0,False,1999.75,2000.0
973,23,114,s,79,80.0,False,1999.75,2000.0
974,245,53,s,79,84.0,False,1999.75,2001.0
975,276,9,s,79,92.0,False,1999.75,2003.0
976,135,265,l,79,89.0,True,1999.75,2002.25
977,90,190,s,80,95.0,False,2000.0,2003.75
978,235,254,s,80,80.0,False,2000.0,2000.0
979,274,254,s,80,84.0,False,2000.0,2001.0
980,299,254,s,80,93.0,False,2000.0,2003.25
981,91,88,s,80,85.0,False,2000.0,2001.25
982,180,152,s,80,82.0,False,2000.0,2000.5
983,245,254,s,80,97.0,False,2000.0,2004.25
984,299,306,s,80,81.0,False,2000.0,2000.25
985,47,259,l,80,121.0,True,2000.0,2010.25
986,300,267,l,80,100.0,True,2000.0,2005.0
987,91,265,l,80,90.0,True,2000.0,2002.5
988,48,97,s,81,81.0,False,2000.25,2000.25
989,231,259,s,81,88.0,False,2000.25,2002.0
990,338,169,s,81,86.0,False,2000.25,2001.5
991,48,254,s,81,83.0,False,2000.25,2000.75
992,69,171,s,81,83.0,False,2000.25,2000.75
993,91,267,s,81,100.0,False,2000.25,2005.0
994,104,254,s,81,84.0,False,2000.25,2001.0
995,133,53,s,81,98.0,False,2000.25,2004.5
996,135,246,s,81,81.0,False,2000.25,2000.25
997,219,114,s,81,84.0,False,2000.25,2001.0
998,235,265,s,81,83.0,False,2000.25,2000.75
999,300,114,s,81,94.0,False,2000.25,2003.5
1000,14,254,s,82,88.0,False,2000.5,2002.0
1001,23,114,s,82,83.0,False,2000.5,2000.75
1002,291,114,s,82,83.0,False,2000.5,2000.75
1003,212,242,s,82,84.0,False,2000.5,2001.0
1004,299,306,s,82,85.0,False,2000.5,2001.25
1005,94,97,s,82,88.0,False,2000.5,2002.0
1006,104,79,s,82,85.0,False,2000.5,2001.25
1007,305,169,s,82,84.0,False,2000.5,2001.0
1008,300,79,l,82,84.0,True,2000.5,2001.0
1009,142,79,s,83,90.0,False,2000.75,2002.5
1010,299,297,s,83,85.0,False,2000.75,2001.25
1011,338,254,s,83,90.0,False,2000.75,2002.5
1012,91,11,s,83,88.0,False,2000.75,2002.0
1013,180,152,s,83,86.0,False,2000.75,2001.5
1014,182,58,l,83,152.0,True,2000.75,2018.0
1015,54,257,l,83,110.0,True,2000.75,2007.5
1016,90,79,s,84,87.0,False,2001.0,2001.75
1017,133,250,s,84,84.0,False,2001.0,2001.0
1018,212,374,s,84,87.0,False,2001.0,2001.75
1019,231,343,s,84,84.0,False,2001.0,2001.0
1020,280,169,s,84,84.0,False,2001.0,2001.0
1021,300,374,s,84,90.0,False,2001.0,2002.5
1022,23,114,s,84,86.0,False,2001.0,2001.5
1023,47,152,s,84,90.0,False,2001.0,2002.5
1024,48,169,s,84,86.0,False,2001.0,2001.5
1025,48,254,s,84,91.0,False,2001.0,2002.75
1026,91,28,s,84,87.0,False,2001.0,2001.75
1027,299,152,s,84,85.0,False,2001.0,2001.25
1028,69,113,s,84,87.0,False,2001.0,2001.75
1029,82,254,s,84,85.0,False,2001.0,2001.25
1030,180,79,s,84,92.0,False,2001.0,2003.0
1031,182,96,s,84,85.0,False,2001.0,2001.25
1032,300,386,s,85,85.0,False,2001.25,2001.25
1033,305,306,s,85,87.0,False,2001.25,2001.75
1034,69,254,s,85,106.0,False,2001.25,2006.5
1035,142,216,s,85,86.0,False,2001.25,2001.5
1036,299,79,s,85,88.0,False,2001.25,2002.0
1037,274,53,s,85,86.0,False,2001.25,2001.5
1038,274,79,s,86,88.0,False,2001.5,2002.0
1039,92,97,s,86,93.0,False,2001.5,2003.25
1040,212,100,s,86,91.0,False,2001.5,2002.75
1041,212,386,s,86,86.0,False,2001.5,2001.5
1042,231,79,s,86,93.0,False,2001.5,2003.25
1043,94,254,s,86,91.0,False,2001.5,2002.75
1044,239,343,s,86,90.0,False,2001.5,2002.5
1045,299,169,s,86,87.0,False,2001.5,2001.75
1046,235,138,l,86,96.0,True,2001.5,2004.0
1047,82,254,s,87,92.0,False,2001.75,2003.0
1048,12,9,s,87,88.0,False,2001.75,2002.0
1049,42,267,s,87,88.0,False,2001.75,2002.0
1050,48,250,s,87,92.0,False,2001.75,2003.0
1051,142,169,s,87,88.0,False,2001.75,2002.0
1052,142,242,s,87,96.0,False,2001.75,2004.0
1053,180,343,s,87,104.0,False,2001.75,2006.0
1054,231,343,s,87,89.0,False,2001.75,2002.25
1055,238,254,s,87,89.0,False,2001.75,2002.25
1056,300,190,s,87,91.0,False,2001.75,2002.75
1057,31,114,s,87,88.0,False,2001.75,2002.0
1058,14,169,l,87,109.0,True,2001.75,2007.25
1059,284,267,l,87,111.0,True,2001.75,2007.75
1060,32,79,s,88,89.0,False,2002.0,2002.25
1061,69,250,s,88,90.0,False,2002.0,2002.5
1062,282,265,s,88,94.0,False,2002.0,2003.5
1063,75,97,s,88,90.0,False,2002.0,2002.5
1064,91,374,s,88,91.0,False,2002.0,2002.75
1065,104,79,s,88,89.0,False,2002.0,2002.25
1066,274,254,s,88,88.0,False,2002.0,2002.0
1067,299,169,s,88,98.0,False,2002.0,2004.5
1068,305,97,s,88,93.0,False,2002.0,2003.25
1069,25,167,s,88,94.0,False,2002.0,2003.5
1070,91,114,s,88,89.0,False,2002.0,2002.25
1071,245,343,s,88,107.0,False,2002.0,2006.75
1072,284,265,l,88,130.0,True,2002.0,2012.5
1073,48,97,s,89,93.0,False,2002.25,2003.25
1074,65,79,s,89,89.0,False,2002.25,2002.25
1075,300,88,s,89,100.0,False,2002.25,2005.0
1076,305,169,s,89,91.0,False,2002.25,2002.75
1077,14,254,s,89,95.0,False,2002.25,2003.75
1078,47,343,s,89,89.0,False,2002.25,2002.25
1079,65,343,s,89,126.0,False,2002.25,2011.5
1080,104,343,s,89,91.0,False,2002.25,2002.75
1081,231,97,s,89,92.0,False,2002.25,2003.0
1082,231,152,s,89,103.0,False,2002.25,2005.75
1083,280,79,s,89,100.0,False,2002.25,2005.0
1084,299,79,s,89,95.0,False,2002.25,2003.75
1085,299,250,s,89,96.0,False,2002.25,2004.0
1086,90,343,l,89,134.0,True,2002.25,2013.5
1087,47,97,l,89,125.0,True,2002.25,2011.25
1088,231,53,l,89,109.0,True,2002.25,2007.25
1089,251,97,l,89,,True,2002.25,
1090,300,386,l,89,92.0,True,2002.25,2003.0
1091,251,250,s,90,95.0,False,2002.5,2003.75
1092,363,114,s,90,90.0,False,2002.5,2002.5
1093,48,169,s,90,103.0,False,2002.5,2005.75
1094,82,53,s,90,94.0,False,2002.5,2003.5
1095,104,79,s,90,112.0,False,2002.5,2008.0
1096,299,53,s,90,92.0,False,2002.5,2003.0
1097,90,254,s,90,91.0,False,2002.5,2002.75
1098,104,169,s,90,91.0,False,2002.5,2002.75
1099,104,254,s,90,97.0,False,2002.5,2004.25
1100,180,152,s,90,99.0,False,2002.5,2004.75
1101,182,374,s,90,100.0,False,2002.5,2005.0
1102,236,169,s,90,91.0,False,2002.5,2002.75
1103,308,114,s,90,92.0,False,2002.5,2003.0
1104,104,250,l,90,119.0,True,2002.5,2009.75
1105,251,297,l,90,178.0,True,2002.5,2024.5
1106,25,374,l,90,124.0,True,2002.5,2011.0
1107,142,169,s,91,94.0,False,2002.75,2003.5
1108,176,343,s,91,98.0,False,2002.75,2004.5
1109,180,250,s,91,101.0,False,2002.75,2005.25
1110,231,343,s,91,92.0,False,2002.75,2003.0
1111,235,71,s,91,92.0,False,2002.75,2003.0
1112,274,97,s,91,91.0,False,2002.75,2002.75
1113,299,298,s,91,100.0,False,2002.75,2005.0
1114,300,117,s,91,99.0,False,2002.75,2004.75
1115,133,254,s,91,93.0,False,2002.75,2003.25
1116,142,79,s,91,95.0,False,2002.75,2003.75
1117,251,254,s,91,92.0,False,2002.75,2003.0
1118,284,169,s,91,94.0,False,2002.75,2003.5
1119,92,79,l,91,148.0,True,2002.75,2017.0
1120,159,53,s,92,93.0,False,2003.0,2003.25
1121,238,343,s,92,93.0,False,2003.0,2003.25
1122,274,79,s,92,95.0,False,2003.0,2003.75
1123,274,97,s,92,99.0,False,2003.0,2004.75
1124,180,216,s,92,93.0,False,2003.0,2003.25
1125,251,152,s,92,92.0,False,2003.0,2003.0
1126,142,259,s,92,93.0,False,2003.0,2003.25
1127,330,254,s,92,94.0,False,2003.0,2003.5
1128,251,79,l,92,104.0,True,2003.0,2006.0
1129,141,79,l,92,145.0,True,2003.0,2016.25
1130,47,79,s,93,102.0,False,2003.25,2005.5
1131,91,117,s,93,93.0,False,2003.25,2003.25
1132,104,97,s,93,96.0,False,2003.25,2004.0
1133,212,114,s,93,94.0,False,2003.25,2003.5
1134,280,169,s,93,102.0,False,2003.25,2005.5
1135,299,306,s,93,99.0,False,2003.25,2004.75
1136,305,297,s,93,94.0,False,2003.25,2003.5
1137,330,250,s,93,97.0,False,2003.25,2004.25
1138,12,58,s,93,94.0,False,2003.25,2003.5
1139,104,343,s,93,101.0,False,2003.25,2005.25
1140,231,250,s,93,99.0,False,2003.25,2004.75
1141,299,297,s,93,111.0,False,2003.25,2007.75
1142,47,152,s,93,95.0,False,2003.25,2003.75
1143,48,254,s,93,94.0,False,2003.25,2003.5
1144,65,254,s,93,94.0,False,2003.25,2003.5
1145,91,386,s,93,94.0,False,2003.25,2003.5
1146,180,79,s,93,104.0,False,2003.25,2006.0
1147,299,309,s,93,102.0,False,2003.25,2005.5
1148,330,79,s,93,99.0,False,2003.25,2004.75
1149,330,97,s,93,97.0,False,2003.25,2004.25
1150,251,254,s,94,95.0,False,2003.5,2003.75
1151,115,79,s,94,95.0,False,2003.5,2003.75
1152,299,254,s,94,103.0,False,2003.5,2005.75
1153,323,97,s,94,94.0,False,2003.5,2003.5
1154,142,46,s,94,109.0,False,2003.5,2007.25
1155,180,254,s,94,106.0,False,2003.5,2006.5
1156,231,46,s,94,95.0,False,2003.5,2003.75
1157,142,169,s,95,98.0,False,2003.75,2004.5
1158,299,152,s,95,97.0,False,2003.75,2004.25
1159,299,343,s,95,95.0,False,2003.75,2003.75
1160,300,386,s,95,99.0,False,2003.75,2004.75
1161,231,97,s,95,102.0,False,2003.75,2005.5
1162,245,71,s,95,96.0,False,2003.75,2004.0
1163,284,386,s,95,99.0,False,2003.75,2004.75
1164,299,301,s,95,100.0,False,2003.75,2005.0
1165,90,169,s,95,96.0,False,2003.75,2004.0
1166,231,254,s,95,97.0,False,2003.75,2004.25
1167,300,374,s,95,96.0,False,2003.75,2004.0
1168,330,254,s,95,101.0,False,2003.75,2005.25
1169,338,79,s,95,96.0,False,2003.75,2004.0
1170,48,53,s,96,99.0,False,2004.0,2004.75
1171,92,53,s,96,107.0,False,2004.0,2006.75
1172,235,169,s,96,99.0,False,2004.0,2004.75
1173,251,171,s,96,98.0,False,2004.0,2004.5
1174,251,250,s,96,97.0,False,2004.0,2004.25
1175,274,250,s,96,105.0,False,2004.0,2006.25
1176,104,53,s,96,98.0,False,2004.0,2004.5
1177,212,355,s,96,98.0,False,2004.0,2004.5
1178,251,254,s,96,103.0,False,2004.0,2005.75
1179,299,79,s,96,105.0,False,2004.0,2006.25
1180,14,254,s,97,98.0,False,2004.25,2004.5
1181,299,250,s,97,112.0,False,2004.25,2008.0
1182,245,71,s,97,107.0,False,2004.25,2006.75
1183,300,216,s,97,100.0,False,2004.25,2005.0
1184,231,169,l,97,123.0,True,2004.25,2010.75
1185,91,242,s,98,101.0,False,2004.5,2005.25
1186,336,254,s,98,101.0,False,2004.5,2005.25
1187,91,265,s,98,100.0,False,2004.5,2005.0
1188,104,309,s,98,101.0,False,2004.5,2005.25
1189,330,169,s,98,102.0,False,2004.5,2005.5
1190,25,386,s,98,102.0,False,2004.5,2005.5
1191,336,306,s,98,102.0,False,2004.5,2005.5
1192,142,169,l,98,168.0,True,2004.5,2022.0
1193,234,343,s,99,111.0,False,2004.75,2007.75
1194,251,250,s,99,100.0,False,2004.75,2005.0
1195,54,297,s,99,102.0,False,2004.75,2005.5
1196,104,254,s,99,101.0,False,2004.75,2005.25
1197,251,53,s,99,120.0,False,2004.75,2010.0
1198,274,254,s,99,103.0,False,2004.75,2005.75
1199,282,260,s,99,99.0,False,2004.75,2004.75
1200,62,88,s,99,102.0,False,2004.75,2005.5
1201,69,53,s,99,101.0,False,2004.75,2005.25
1202,238,169,s,99,104.0,False,2004.75,2006.0
1203,48,254,l,99,100.0,True,2004.75,2005.0
1204,135,386,l,99,101.0,True,2004.75,2005.25
1205,299,169,l,99,138.0,True,2004.75,2014.5
1206,312,254,l,99,125.0,True,2004.75,2011.25
1207,176,97,s,100,104.0,False,2005.0,2006.0
1208,251,309,s,100,116.0,False,2005.0,2009.0
1209,284,386,s,100,103.0,False,2005.0,2005.75
1210,330,97,s,100,101.0,False,2005.0,2005.25
1211,330,402,s,100,102.0,False,2005.0,2005.5
1212,75,169,s,100,107.0,False,2005.0,2006.75
1213,115,79,s,100,101.0,False,2005.0,2005.25
1214,142,254,s,100,104.0,False,2005.0,2006.0
1215,231,297,s,100,105.0,False,2005.0,2006.25
1216,280,402,s,100,104.0,False,2005.0,2006.0
1217,65,254,l,100,111.0,True,2005.0,2007.75
1218,176,254,l,100,103.0,True,2005.0,2005.75
1219,69,169,l,100,116.0,True,2005.0,2009.0
1220,180,306,s,101,106.0,False,2005.25,2006.5
1221,90,402,s,101,102.0,False,2005.25,2005.5
1222,133,254,s,101,104.0,False,2005.25,2006.0
1223,330,250,s,101,120.0,False,2005.25,2010.0
1224,341,254,s,101,104.0,False,2005.25,2006.0
1225,404,58,s,101,105.0,False,2005.25,2006.25
1226,69,152,l,101,132.0,True,2005.25,2013.0
1227,69,309,l,101,113.0,True,2005.25,2008.25
1228,104,254,s,102,121.0,False,2005.5,2010.25
1229,299,342,s,102,115.0,False,2005.5,2008.75
1230,280,254,s,102,105.0,False,2005.5,2006.25
1231,336,254,s,102,115.0,False,2005.5,2008.75
1232,91,374,l,102,142.0,True,2005.5,2015.5
1233,47,152,s,103,107.0,False,2005.75,2006.75
1234,142,343,s,103,108.0,False,2005.75,2007.0
1235,299,309,s,103,107.0,False,2005.75,2006.75
1236,330,53,s,103,104.0,False,2005.75,2006.0
1237,135,58,s,103,105.0,False,2005.75,2006.25
1238,235,58,s,103,104.0,False,2005.75,2006.0
1239,251,250,s,103,104.0,False,2005.75,2006.0
1240,336,306,s,103,110.0,False,2005.75,2007.5
1241,57,254,s,104,107.0,False,2006.0,2006.75
1242,91,117,s,104,104.0,False,2006.0,2006.0
1243,91,386,s,104,115.0,False,2006.0,2008.75
1244,276,97,s,104,106.0,False,2006.0,2006.5
1245,344,313,s,104,109.0,False,2006.0,2007.25
1246,82,169,s,104,109.0,False,2006.0,2007.25
1247,92,254,s,104,111.0,False,2006.0,2007.75
1248,238,343,s,104,116.0,False,2006.0,2009.0
1249,330,169,s,105,107.0,False,2006.25,2006.75
1250,90,79,s,105,109.0,False,2006.25,2007.25
1251,336,342,s,105,117.0,False,2006.25,2009.25
1252,90,260,s,105,107.0,False,2006.25,2006.75
1253,180,79,s,105,111.0,False,2006.25,2007.75
1254,251,254,s,105,106.0,False,2006.25,2006.5
1255,336,152,s,105,107.0,False,2006.25,2006.75
1256,231,254,l,105,152.0,True,2006.25,2018.0
1257,142,79,s,106,108.0,False,2006.5,2007.0
1258,251,169,s,106,107.0,False,2006.5,2006.75
1259,90,254,s,106,108.0,False,2006.5,2007.0
1260,91,271,s,106,108.0,False,2006.5,2007.0
1261,94,254,s,106,112.0,False,2006.5,2008.0
1262,245,169,s,106,116.0,False,2006.5,2009.0
1263,280,79,s,106,113.0,False,2006.5,2008.25
1264,47,79,s,106,112.0,False,2006.5,2008.0
1265,180,97,s,106,108.0,False,2006.5,2007.0
1266,282,79,s,106,109.0,False,2006.5,2007.25
1267,284,254,s,106,111.0,False,2006.5,2007.75
1268,338,169,s,106,107.0,False,2006.5,2006.75
1269,231,313,l,106,164.0,True,2006.5,2021.0
1270,141,169,s,107,112.0,False,2006.75,2008.0
1271,235,265,s,107,121.0,False,2006.75,2010.25
1272,299,79,s,107,107.0,False,2006.75,2006.75
1273,330,79,s,107,112.0,False,2006.75,2008.0
1274,330,254,s,107,114.0,False,2006.75,2008.5
1275,48,402,s,107,108.0,False,2006.75,2007.0
1276,69,402,s,107,109.0,False,2006.75,2007.25
1277,94,402,s,107,116.0,False,2006.75,2009.0
1278,180,254,s,107,115.0,False,2006.75,2008.75
1279,305,97,s,107,111.0,False,2006.75,2007.75
1280,330,97,s,107,108.0,False,2006.75,2007.0
1281,104,306,s,107,113.0,False,2006.75,2008.25
1282,182,265,s,107,108.0,False,2006.75,2007.0
1283,251,254,s,107,114.0,False,2006.75,2008.5
1284,92,97,l,107,164.0,True,2006.75,2021.0
1285,245,343,l,107,135.0,True,2006.75,2013.75
1286,336,348,l,107,212.0,True,2006.75,2033.0
1287,142,167,s,108,116.0,False,2007.0,2009.0
1288,180,343,s,108,111.0,False,2007.0,2007.75
1289,69,53,s,108,111.0,False,2007.0,2007.75
1290,277,53,s,108,109.0,False,2007.0,2007.25
1291,299,79,s,108,110.0,False,2007.0,2007.5
1292,180,113,s,108,119.0,False,2007.0,2009.75
1293,245,79,s,108,109.0,False,2007.0,2007.25
1294,330,309,s,108,115.0,False,2007.0,2008.75
1295,336,309,s,108,129.0,False,2007.0,2012.25
1296,251,402,l,108,219.0,True,2007.0,2034.75
1297,312,79,s,109,123.0,False,2007.25,2010.75
1298,25,270,s,109,111.0,False,2007.25,2007.75
1299,146,79,s,109,122.0,False,2007.25,2010.5
1300,299,343,s,109,110.0,False,2007.25,2007.5
1301,48,265,s,109,118.0,False,2007.25,2009.5
1302,299,402,s,109,116.0,False,2007.25,2009.0
1303,180,97,s,110,118.0,False,2007.5,2009.5
1304,180,169,s,110,117.0,False,2007.5,2009.25
1305,235,169,s,110,110.0,False,2007.5,2007.5
1306,251,79,s,110,110.0,False,2007.5,2007.5
1307,299,254,s,110,112.0,False,2007.5,2008.0
1308,330,345,s,110,112.0,False,2007.5,2008.0
1309,176,254,s,110,114.0,False,2007.5,2008.5
1310,180,253,s,110,114.0,False,2007.5,2008.5
1311,82,402,s,110,120.0,False,2007.5,2010.0
1312,235,167,s,110,115.0,False,2007.5,2008.75
1313,235,242,s,110,120.0,False,2007.5,2010.0
1314,344,97,s,110,116.0,False,2007.5,2009.0
1315,312,327,l,110,122.0,True,2007.5,2010.5
1316,90,97,s,111,116.0,False,2007.75,2009.0
1317,330,327,s,111,112.0,False,2007.75,2008.0
1318,176,343,s,111,123.0,False,2007.75,2010.75
1319,231,63,s,111,117.0,False,2007.75,2009.25
1320,104,216,s,111,122.0,False,2007.75,2010.5
1321,48,79,l,111,137.0,True,2007.75,2014.25
1322,180,79,l,111,146.0,True,2007.75,2016.5
1323,54,254,s,112,117.0,False,2008.0,2009.25
1324,104,97,s,112,113.0,False,2008.0,2008.25
1325,180,250,s,112,112.0,False,2008.0,2008.0
1326,299,327,s,112,113.0,False,2008.0,2008.25
1327,324,79,s,112,112.0,False,2008.0,2008.0
1328,47,53,s,112,115.0,False,2008.0,2008.75
1329,82,254,s,112,112.0,False,2008.0,2008.0
1330,284,374,s,112,117.0,False,2008.0,2009.25
1331,312,309,s,112,129.0,False,2008.0,2012.25
1332,48,169,s,112,113.0,False,2008.0,2008.25
1333,341,309,s,112,117.0,False,2008.0,2009.25
1334,90,152,l,112,180.0,True,2008.0,2025.0
1335,65,152,s,113,115.0,False,2008.25,2008.75
1336,69,53,s,113,113.0,False,2008.25,2008.25
1337,299,79,s,113,126.0,False,2008.25,2011.5
1338,299,309,s,113,117.0,False,2008.25,2009.25
1339,336,97,s,113,117.0,False,2008.25,2009.25
1340,235,216,s,113,117.0,False,2008.25,2009.25
1341,299,250,s,113,119.0,False,2008.25,2009.75
1342,69,97,s,113,118.0,False,2008.25,2009.5
1343,82,53,s,113,120.0,False,2008.25,2010.0
1344,142,79,s,113,115.0,False,2008.25,2008.75
1345,302,250,s,113,115.0,False,2008.25,2008.75
1346,330,306,s,113,117.0,False,2008.25,2009.25
1347,235,97,l,113,172.0,True,2008.25,2023.0
1348,280,343,l,113,126.0,True,2008.25,2011.5
1349,90,217,s,114,117.0,False,2008.5,2009.25
1350,251,79,s,114,126.0,False,2008.5,2011.5
1351,280,259,s,114,114.0,False,2008.5,2008.5
1352,330,152,s,114,116.0,False,2008.5,2009.0
1353,47,79,s,114,118.0,False,2008.5,2009.5
1354,90,46,s,114,122.0,False,2008.5,2010.5
1355,135,242,s,114,115.0,False,2008.5,2008.75
1356,231,297,s,114,115.0,False,2008.5,2008.75
1357,299,254,s,114,118.0,False,2008.5,2009.5
1358,341,254,s,114,124.0,False,2008.5,2011.0
1359,48,250,s,114,115.0,False,2008.5,2008.75
1360,54,113,s,114,122.0,False,2008.5,2010.5
1361,94,254,s,114,116.0,False,2008.5,2009.0
1362,251,173,s,114,115.0,False,2008.5,2008.75
1363,180,402,l,114,119.0,True,2008.5,2009.75
1364,135,265,s,115,121.0,False,2008.75,2010.25
1365,284,267,s,115,117.0,False,2008.75,2009.25
1366,323,254,s,115,121.0,False,2008.75,2010.25
1367,324,327,s,115,121.0,False,2008.75,2010.25
1368,330,254,s,115,117.0,False,2008.75,2009.25
1369,142,242,s,115,117.0,False,2008.75,2009.25
1370,280,297,s,115,120.0,False,2008.75,2010.0
1371,324,254,s,115,119.0,False,2008.75,2009.75
1372,14,254,s,115,127.0,False,2008.75,2011.75
1373,104,402,l,115,121.0,True,2008.75,2010.25
1374,231,402,s,116,117.0,False,2009.0,2009.25
1375,251,254,s,116,126.0,False,2009.0,2011.5
1376,274,254,s,116,118.0,False,2009.0,2009.5
1377,277,97,s,116,120.0,False,2009.0,2010.0
1378,299,306,s,116,117.0,False,2009.0,2009.25
1379,336,79,s,116,126.0,False,2009.0,2011.5
1380,75,254,s,116,123.0,False,2009.0,2010.75
1381,104,53,s,116,122.0,False,2009.0,2010.5
1382,146,169,s,116,121.0,False,2009.0,2010.25
1383,176,169,s,116,117.0,False,2009.0,2009.25
1384,65,71,s,116,121.0,False,2009.0,2010.25
1385,92,169,s,116,117.0,False,2009.0,2009.25
1386,235,343,s,116,117.0,False,2009.0,2009.25
1387,245,254,s,116,117.0,False,2009.0,2009.25
1388,330,79,s,116,120.0,False,2009.0,2010.0
1389,48,343,l,116,240.0,True,2009.0,2040.0
1390,180,254,s,117,122.0,False,2009.25,2010.5
1391,82,97,s,117,119.0,False,2009.25,2009.75
1392,324,309,s,117,120.0,False,2009.25,2010.0
1393,14,79,s,117,118.0,False,2009.25,2009.5
1394,324,97,s,117,118.0,False,2009.25,2009.5
1395,92,402,s,118,120.0,False,2009.5,2010.0
1396,142,53,s,118,118.0,False,2009.5,2009.5
1397,274,97,s,118,120.0,False,2009.5,2010.0
1398,330,97,s,118,120.0,False,2009.5,2010.0
1399,69,259,s,118,119.0,False,2009.5,2009.75
1400,141,97,s,118,120.0,False,2009.5,2010.0
1401,235,254,s,118,119.0,False,2009.5,2009.75
1402,299,309,s,118,121.0,False,2009.5,2010.25
1403,64,254,s,118,121.0,False,2009.5,2010.25
1404,69,254,s,118,124.0,False,2009.5,2011.0
1405,338,53,l,118,153.0,True,2009.5,2018.25
1406,351,345,l,118,170.0,True,2009.5,2022.5
1407,159,254,s,119,127.0,False,2009.75,2011.75
1408,176,254,s,119,121.0,False,2009.75,2010.25
1409,180,306,s,119,123.0,False,2009.75,2010.75
1410,299,343,s,119,121.0,False,2009.75,2010.25
1411,351,250,s,119,126.0,False,2009.75,2011.5
1412,351,309,s,119,120.0,False,2009.75,2010.0
1413,69,97,s,119,120.0,False,2009.75,2010.0
1414,69,306,s,119,124.0,False,2009.75,2011.0
1415,299,152,s,119,119.0,False,2009.75,2009.75
1416,336,345,s,119,119.0,False,2009.75,2009.75
1417,351,254,s,119,124.0,False,2009.75,2011.0
1418,69,169,s,119,127.0,False,2009.75,2011.75
1419,142,101,s,119,121.0,False,2009.75,2010.25
1420,245,71,s,119,121.0,False,2009.75,2010.25
1421,299,97,s,119,123.0,False,2009.75,2010.75
1422,330,306,s,119,121.0,False,2009.75,2010.25
1423,82,255,l,119,122.0,True,2009.75,2010.5
1424,324,254,l,119,145.0,True,2009.75,2016.25
1425,90,254,l,119,132.0,True,2009.75,2013.0
1426,142,254,l,119,198.0,True,2009.75,2029.5
1427,276,402,l,119,222.0,True,2009.75,2035.5
1428,57,254,s,120,121.0,False,2010.0,2010.25
1429,133,79,s,120,121.0,False,2010.0,2010.25
1430,180,342,s,120,122.0,False,2010.0,2010.5
1431,176,97,s,120,122.0,False,2010.0,2010.5
1432,180,343,s,120,123.0,False,2010.0,2010.75
1433,330,319,s,120,126.0,False,2010.0,2011.5
1434,180,152,s,120,121.0,False,2010.0,2010.25
1435,280,79,s,120,122.0,False,2010.0,2010.5
1436,324,335,s,120,121.0,False,2010.0,2010.25
1437,424,342,s,120,122.0,False,2010.0,2010.5
1438,424,345,s,120,121.0,False,2010.0,2010.25
1439,245,152,l,120,144.0,True,2010.0,2016.0
1440,424,354,l,120,130.0,True,2010.0,2012.5
1441,82,46,s,121,121.0,False,2010.25,2010.25
1442,69,309,s,121,123.0,False,2010.25,2010.75
1443,180,169,s,121,130.0,False,2010.25,2012.5
1444,351,309,s,121,133.0,False,2010.25,2013.25
1445,90,97,s,121,122.0,False,2010.25,2010.5
1446,245,79,s,121,125.0,False,2010.25,2011.25
1447,299,254,s,121,125.0,False,2010.25,2011.25
1448,180,250,l,121,162.0,True,2010.25,2020.5
1449,69,97,s,122,130.0,False,2010.5,2012.5
1450,142,79,s,122,128.0,False,2010.5,2012.0
1451,299,335,s,122,124.0,False,2010.5,2011.0
1452,336,97,s,122,123.0,False,2010.5,2010.75
1453,424,402,s,122,124.0,False,2010.5,2011.0
1454,104,79,s,122,123.0,False,2010.5,2010.75
1455,180,97,s,122,124.0,False,2010.5,2011.0
1456,274,97,s,122,123.0,False,2010.5,2010.75
1457,305,79,s,122,126.0,False,2010.5,2011.5
1458,312,297,s,122,123.0,False,2010.5,2010.75
1459,351,362,s,122,124.0,False,2010.5,2011.0
1460,351,366,s,122,123.0,False,2010.5,2010.75
1461,14,53,s,122,125.0,False,2010.5,2011.25
1462,236,71,s,122,133.0,False,2010.5,2013.25
1463,245,254,s,122,125.0,False,2010.5,2011.25
1464,245,71,l,122,208.0,True,2010.5,2032.0
1465,180,335,s,123,124.0,False,2010.75,2011.0
1466,236,152,s,123,124.0,False,2010.75,2011.0
1467,351,297,s,123,128.0,False,2010.75,2012.0
1468,12,419,s,123,127.0,False,2010.75,2011.75
1469,279,265,s,123,128.0,False,2010.75,2012.0
1470,324,340,s,123,123.0,False,2010.75,2010.75
1471,338,254,s,123,125.0,False,2010.75,2011.25
1472,341,97,s,123,128.0,False,2010.75,2012.0
1473,82,254,s,123,124.0,False,2010.75,2011.0
1474,276,79,s,123,126.0,False,2010.75,2011.5
1475,330,97,s,123,127.0,False,2010.75,2011.75
1476,104,169,l,123,150.0,True,2010.75,2017.5
1477,142,71,l,123,136.0,True,2010.75,2014.0
1478,330,306,l,123,,True,2010.75,
1479,324,97,l,123,138.0,True,2010.75,2014.5
1480,47,250,s,124,128.0,False,2011.0,2012.0
1481,133,343,s,124,125.0,False,2011.0,2011.25
1482,180,254,s,124,124.0,False,2011.0,2011.0
1483,180,402,s,124,127.0,False,2011.0,2011.75
1484,341,327,s,124,127.0,False,2011.0,2011.75
1485,424,254,s,124,139.0,False,2011.0,2014.75
1486,90,167,s,124,131.0,False,2011.0,2012.75
1487,351,97,s,124,124.0,False,2011.0,2011.0
1488,351,366,s,124,131.0,False,2011.0,2012.75
1489,424,250,s,124,125.0,False,2011.0,2011.25
1490,69,402,s,124,128.0,False,2011.0,2012.0
1491,424,327,l,124,160.0,True,2011.0,2020.0
1492,82,79,s,125,137.0,False,2011.25,2014.25
1493,92,402,s,125,130.0,False,2011.25,2012.5
1494,180,97,s,125,129.0,False,2011.25,2012.25
1495,231,97,s,125,126.0,False,2011.25,2011.5
1496,330,365,s,125,130.0,False,2011.25,2012.5
1497,47,79,s,125,126.0,False,2011.25,2011.5
1498,91,117,s,125,131.0,False,2011.25,2012.75
1499,330,309,s,125,133.0,False,2011.25,2013.25
1500,424,97,s,125,126.0,False,2011.25,2011.5
1501,69,254,s,125,130.0,False,2011.25,2012.5
1502,231,402,s,125,126.0,False,2011.25,2011.5
1503,274,254,s,125,135.0,False,2011.25,2013.75
1504,299,402,s,125,131.0,False,2011.25,2012.75
1505,330,345,s,125,137.0,False,2011.25,2014.25
1506,69,306,l,125,137.0,True,2011.25,2014.25
1507,142,343,l,125,202.0,True,2011.25,2030.5
1508,133,169,s,126,130.0,False,2011.5,2012.5
1509,235,263,s,126,128.0,False,2011.5,2012.0
1510,330,366,s,126,126.0,False,2011.5,2011.5
1511,336,250,s,126,130.0,False,2011.5,2012.5
1512,336,327,s,126,128.0,False,2011.5,2012.0
1513,424,53,s,126,139.0,False,2011.5,2014.75
1514,92,297,s,126,127.0,False,2011.5,2011.75
1515,236,250,s,126,128.0,False,2011.5,2012.0
1516,299,97,s,126,136.0,False,2011.5,2014.0
1517,324,327,s,126,136.0,False,2011.5,2014.0
1518,251,342,s,127,130.0,False,2011.75,2012.5
1519,330,254,s,127,128.0,False,2011.75,2012.0
1520,47,297,s,127,129.0,False,2011.75,2012.25
1521,231,97,s,127,128.0,False,2011.75,2012.0
1522,146,97,s,127,129.0,False,2011.75,2012.25
1523,82,402,s,128,131.0,False,2012.0,2012.75
1524,299,79,s,128,129.0,False,2012.0,2012.25
1525,302,297,s,128,130.0,False,2012.0,2012.5
1526,330,97,s,128,130.0,False,2012.0,2012.5
1527,351,350,s,128,130.0,False,2012.0,2012.5
1528,69,250,s,128,145.0,False,2012.0,2016.25
1529,274,97,s,128,131.0,False,2012.0,2012.75
1530,299,298,s,128,128.0,False,2012.0,2012.0
1531,336,97,s,128,129.0,False,2012.0,2012.25
1532,424,250,s,128,133.0,False,2012.0,2013.25
1533,104,79,s,128,129.0,False,2012.0,2012.25
1534,251,250,s,128,130.0,False,2012.0,2012.5
1535,251,350,s,128,138.0,False,2012.0,2014.5
1536,282,190,s,128,131.0,False,2012.0,2012.75
1537,324,79,s,128,138.0,False,2012.0,2014.5
1538,351,97,s,128,138.0,False,2012.0,2014.5
1539,351,342,l,128,,True,2012.0,
1540,251,169,l,128,136.0,True,2012.0,2014.0
1541,15,254,s,129,129.0,False,2012.25,2012.25
1542,47,254,s,129,131.0,False,2012.25,2012.75
1543,142,28,s,129,131.0,False,2012.25,2012.75
1544,330,254,s,129,134.0,False,2012.25,2013.5
1545,330,366,s,129,132.0,False,2012.25,2013.0
1546,32,260,s,129,133.0,False,2012.25,2013.25
1547,69,327,s,129,132.0,False,2012.25,2013.0
1548,94,254,s,129,130.0,False,2012.25,2012.5
1549,133,254,s,129,135.0,False,2012.25,2013.75
1550,251,254,s,129,131.0,False,2012.25,2012.75
1551,305,79,s,129,138.0,False,2012.25,2014.5
1552,351,297,s,129,133.0,False,2012.25,2013.25
1553,12,28,l,129,156.0,True,2012.25,2019.0
1554,176,79,l,129,135.0,True,2012.25,2013.75
1555,336,402,l,129,158.0,True,2012.25,2019.5
1556,48,169,s,130,132.0,False,2012.5,2013.0
1557,231,79,s,130,130.0,False,2012.5,2012.5
1558,330,402,s,130,135.0,False,2012.5,2013.75
1559,336,309,s,130,133.0,False,2012.5,2013.25
1560,104,254,s,130,135.0,False,2012.5,2013.75
1561,245,9,s,130,131.0,False,2012.5,2012.75
1562,324,309,s,130,138.0,False,2012.5,2014.5
1563,330,250,s,130,134.0,False,2012.5,2013.5
1564,330,385,s,130,132.0,False,2012.5,2013.0
1565,336,254,s,130,143.0,False,2012.5,2015.75
1566,104,402,s,130,141.0,False,2012.5,2015.25
1567,133,97,s,130,133.0,False,2012.5,2013.25
1568,424,97,s,130,136.0,False,2012.5,2014.0
1569,424,402,s,130,135.0,False,2012.5,2013.75
1570,92,250,l,130,136.0,True,2012.5,2014.0
1571,276,319,l,130,202.0,True,2012.5,2030.5
1572,65,343,s,131,132.0,False,2012.75,2013.0
1573,180,97,s,131,131.0,False,2012.75,2012.75
1574,235,79,s,131,131.0,False,2012.75,2012.75
1575,341,366,s,131,137.0,False,2012.75,2014.25
1576,69,97,s,131,132.0,False,2012.75,2013.0
1577,351,173,s,131,138.0,False,2012.75,2014.5
1578,48,254,s,131,133.0,False,2012.75,2013.25
1579,336,327,s,131,134.0,False,2012.75,2013.5
1580,341,250,s,131,132.0,False,2012.75,2013.0
1581,90,79,l,131,180.0,True,2012.75,2025.0
1582,180,53,l,131,154.0,True,2012.75,2018.5
1583,180,254,l,131,,True,2012.75,
1584,69,254,s,132,140.0,False,2013.0,2015.0
1585,141,402,s,132,136.0,False,2013.0,2014.0
1586,176,49,s,132,134.0,False,2013.0,2013.5
1587,299,250,s,132,139.0,False,2013.0,2014.75
1588,336,345,s,132,140.0,False,2013.0,2015.0
1589,54,254,s,132,132.0,False,2013.0,2013.0
1590,133,435,s,132,134.0,False,2013.0,2013.5
1591,276,79,s,132,136.0,False,2013.0,2014.0
1592,90,250,s,132,134.0,False,2013.0,2013.5
1593,133,79,s,132,136.0,False,2013.0,2014.0
1594,180,97,s,132,135.0,False,2013.0,2013.75
1595,231,97,s,132,137.0,False,2013.0,2014.25
1596,299,297,s,132,137.0,False,2013.0,2014.25
1597,324,306,s,132,134.0,False,2013.0,2013.5
1598,336,306,s,132,142.0,False,2013.0,2015.5
1599,338,254,s,132,134.0,False,2013.0,2013.5
1600,351,366,s,132,138.0,False,2013.0,2014.5
1601,330,79,l,132,196.0,True,2013.0,2029.0
1602,159,254,s,133,134.0,False,2013.25,2013.5
1603,330,63,s,133,145.0,False,2013.25,2016.25
1604,231,169,s,133,136.0,False,2013.25,2014.0
1605,424,306,s,133,134.0,False,2013.25,2013.5
1606,92,306,s,133,134.0,False,2013.25,2013.5
1607,235,79,s,133,138.0,False,2013.25,2014.5
1608,330,97,s,133,139.0,False,2013.25,2014.75
1609,351,254,s,133,135.0,False,2013.25,2013.75
1610,424,385,s,133,135.0,False,2013.25,2013.75
1611,65,343,l,133,202.0,True,2013.25,2030.5
1612,90,169,s,134,144.0,False,2013.5,2016.0
1613,231,250,s,134,140.0,False,2013.5,2015.0
1614,299,306,s,134,150.0,False,2013.5,2017.5
1615,82,97,s,134,137.0,False,2013.5,2014.25
1616,82,254,s,134,137.0,False,2013.5,2014.25
1617,104,250,s,134,148.0,False,2013.5,2017.0
1618,142,49,s,134,138.0,False,2013.5,2014.5
1619,280,343,s,134,138.0,False,2013.5,2014.5
1620,274,435,s,135,136.0,False,2013.75,2014.0
1621,78,79,s,135,146.0,False,2013.75,2016.5
1622,104,97,s,135,148.0,False,2013.75,2017.0
1623,180,435,s,135,137.0,False,2013.75,2014.25
1624,231,53,s,135,137.0,False,2013.75,2014.25
1625,336,250,s,135,136.0,False,2013.75,2014.0
1626,245,343,s,135,152.0,False,2013.75,2018.0
1627,280,435,s,135,138.0,False,2013.75,2014.5
1628,324,297,s,135,136.0,False,2013.75,2014.0
1629,424,250,s,135,136.0,False,2013.75,2014.0
1630,12,374,l,135,155.0,True,2013.75,2018.75
1631,69,402,l,135,151.0,True,2013.75,2017.75
1632,280,152,l,135,179.0,True,2013.75,2024.75
1633,180,327,s,136,138.0,False,2014.0,2014.5
1634,299,345,s,136,137.0,False,2014.0,2014.25
1635,48,169,s,136,141.0,False,2014.0,2015.25
1636,251,306,s,136,137.0,False,2014.0,2014.25
1637,274,169,s,136,144.0,False,2014.0,2016.0
1638,330,250,s,136,139.0,False,2014.0,2014.75
1639,351,350,s,136,146.0,False,2014.0,2016.5
1640,142,79,l,136,,True,2014.0,
1641,133,79,s,137,138.0,False,2014.25,2014.5
1642,176,49,s,137,139.0,False,2014.25,2014.75
1643,277,254,s,137,137.0,False,2014.25,2014.25
1644,424,97,s,137,142.0,False,2014.25,2015.5
1645,245,79,s,137,140.0,False,2014.25,2015.0
1646,323,250,s,137,145.0,False,2014.25,2016.25
1647,330,254,s,137,139.0,False,2014.25,2014.75
1648,330,402,s,137,138.0,False,2014.25,2014.5
1649,15,53,s,137,140.0,False,2014.25,2015.0
1650,15,169,s,137,147.0,False,2014.25,2016.75
1651,54,97,s,137,140.0,False,2014.25,2015.0
1652,424,345,s,137,139.0,False,2014.25,2014.75
1653,65,254,s,138,140.0,False,2014.5,2015.0
1654,370,345,s,138,149.0,False,2014.5,2017.25
1655,65,71,s,138,139.0,False,2014.5,2014.75
1656,69,169,s,138,145.0,False,2014.5,2016.25
1657,231,79,s,138,138.0,False,2014.5,2014.5
1658,245,53,s,138,151.0,False,2014.5,2017.75
1659,330,297,s,138,140.0,False,2014.5,2015.0
1660,341,354,s,138,141.0,False,2014.5,2015.25
1661,351,327,s,138,152.0,False,2014.5,2018.0
1662,142,435,s,138,141.0,False,2014.5,2015.25
1663,336,97,s,138,145.0,False,2014.5,2016.25
1664,69,306,l,138,155.0,True,2014.5,2018.75
1665,90,402,l,138,167.0,True,2014.5,2021.75
1666,231,169,s,139,146.0,False,2014.75,2016.5
1667,336,79,s,139,139.0,False,2014.75,2014.75
1668,14,253,s,139,140.0,False,2014.75,2015.0
1669,69,53,s,139,160.0,False,2014.75,2020.0
1670,69,435,s,139,139.0,False,2014.75,2014.75
1671,133,97,s,139,147.0,False,2014.75,2016.75
1672,180,169,s,139,141.0,False,2014.75,2015.25
1673,251,250,s,139,141.0,False,2014.75,2015.25
1674,274,254,s,139,153.0,False,2014.75,2018.25
1675,299,97,s,139,141.0,False,2014.75,2015.25
1676,424,402,s,139,141.0,False,2014.75,2015.25
1677,104,79,l,139,164.0,True,2014.75,2021.0
1678,69,97,s,140,141.0,False,2015.0,2015.25
1679,82,309,s,140,153.0,False,2015.0,2018.25
1680,180,97,s,140,156.0,False,2015.0,2019.0
1681,180,327,s,140,145.0,False,2015.0,2016.25
1682,231,309,s,140,145.0,False,2015.0,2016.25
1683,330,254,s,140,148.0,False,2015.0,2017.0
1684,104,63,s,140,147.0,False,2015.0,2016.75
1685,180,402,s,140,141.0,False,2015.0,2015.25
1686,231,97,s,140,142.0,False,2015.0,2015.5
1687,235,254,s,140,147.0,False,2015.0,2016.75
1688,424,250,l,140,157.0,True,2015.0,2019.25
1689,15,250,s,141,143.0,False,2015.25,2015.75
1690,69,254,s,141,146.0,False,2015.25,2016.5
1691,90,100,s,141,142.0,False,2015.25,2015.5
1692,104,254,s,141,141.0,False,2015.25,2015.25
1693,251,306,s,141,142.0,False,2015.25,2015.5
1694,351,348,s,141,143.0,False,2015.25,2015.75
1695,231,343,s,141,142.0,False,2015.25,2015.5
1696,65,49,s,141,146.0,False,2015.25,2016.5
1697,90,254,s,141,142.0,False,2015.25,2015.5
1698,280,79,s,141,152.0,False,2015.25,2018.0
1699,65,254,s,142,150.0,False,2015.5,2017.5
1700,104,254,s,142,153.0,False,2015.5,2018.25
1701,180,435,s,142,142.0,False,2015.5,2015.5
1702,276,169,s,142,146.0,False,2015.5,2016.5
1703,277,79,s,142,143.0,False,2015.5,2015.75
1704,299,309,s,142,147.0,False,2015.5,2016.75
1705,87,169,s,142,142.0,False,2015.5,2015.5
1706,176,402,s,142,143.0,False,2015.5,2015.75
1707,231,79,s,142,143.0,False,2015.5,2015.75
1708,180,298,s,142,144.0,False,2015.5,2016.0
1709,299,97,s,142,150.0,False,2015.5,2017.5
1710,336,345,s,142,144.0,False,2015.5,2016.0
1711,276,53,s,143,149.0,False,2015.75,2017.25
1712,330,97,s,143,152.0,False,2015.75,2018.0
1713,351,306,s,143,144.0,False,2015.75,2016.0
1714,424,254,s,143,151.0,False,2015.75,2017.75
1715,48,79,s,143,145.0,False,2015.75,2016.25
1716,82,254,s,143,145.0,False,2015.75,2016.25
1717,133,343,s,143,153.0,False,2015.75,2018.25
1718,180,309,s,143,146.0,False,2015.75,2016.5
1719,299,342,s,143,151.0,False,2015.75,2017.75
1720,180,435,l,143,181.0,True,2015.75,2025.25
1721,231,97,l,143,151.0,True,2015.75,2017.75
1722,180,402,s,144,155.0,False,2016.0,2018.75
1723,324,345,s,144,148.0,False,2016.0,2017.0
1724,372,385,s,144,150.0,False,2016.0,2017.5
1725,324,250,s,144,146.0,False,2016.0,2016.5
1726,330,366,s,144,149.0,False,2016.0,2017.25
1727,351,97,s,144,156.0,False,2016.0,2019.0
1728,235,79,s,144,150.0,False,2016.0,2017.5
1729,245,254,s,144,157.0,False,2016.0,2019.25
1730,274,345,s,144,145.0,False,2016.0,2016.25
1731,69,97,l,144,192.0,True,2016.0,2028.0
1732,104,435,s,145,147.0,False,2016.25,2016.75
1733,274,250,s,145,149.0,False,2016.25,2017.25
1734,299,366,s,145,145.0,False,2016.25,2016.25
1735,330,342,s,145,146.0,False,2016.25,2016.5
1736,351,366,s,145,160.0,False,2016.25,2020.0
1737,14,345,s,145,147.0,False,2016.25,2016.75
1738,47,79,s,145,147.0,False,2016.25,2016.75
1739,90,169,s,145,149.0,False,2016.25,2017.25
1740,92,169,s,145,158.0,False,2016.25,2019.5
1741,280,254,s,145,151.0,False,2016.25,2017.75
1742,324,366,s,145,147.0,False,2016.25,2016.75
1743,351,354,s,145,147.0,False,2016.25,2016.75
1744,251,79,s,145,164.0,False,2016.25,2021.0
1745,338,254,s,145,150.0,False,2016.25,2017.5
1746,48,79,l,145,211.0,True,2016.25,2032.75
1747,14,79,s,146,161.0,False,2016.5,2020.25
1748,47,254,s,146,150.0,False,2016.5,2017.5
1749,324,53,s,146,151.0,False,2016.5,2017.75
1750,336,345,s,146,147.0,False,2016.5,2016.75
1751,92,309,s,146,151.0,False,2016.5,2017.75
1752,176,79,s,146,147.0,False,2016.5,2016.75
1753,48,254,s,146,149.0,False,2016.5,2017.25
1754,336,401,s,146,147.0,False,2016.5,2016.75
1755,424,353,s,146,155.0,False,2016.5,2018.75
1756,92,435,l,146,237.0,True,2016.5,2039.25
1757,180,152,l,146,150.0,True,2016.5,2017.5
1758,82,152,s,147,150.0,False,2016.75,2017.5
1759,104,402,s,147,148.0,False,2016.75,2017.0
1760,324,309,s,147,154.0,False,2016.75,2018.5
1761,351,297,s,147,155.0,False,2016.75,2018.75
1762,180,342,s,147,153.0,False,2016.75,2018.25
1763,231,53,s,147,158.0,False,2016.75,2019.5
1764,251,327,s,147,150.0,False,2016.75,2017.5
1765,299,254,s,147,148.0,False,2016.75,2017.0
1766,351,362,s,147,154.0,False,2016.75,2018.5
1767,69,254,s,147,149.0,False,2016.75,2017.25
1768,69,366,s,147,149.0,False,2016.75,2017.25
1769,251,169,s,147,157.0,False,2016.75,2019.25
1770,330,342,s,147,152.0,False,2016.75,2018.0
1771,351,250,s,147,150.0,False,2016.75,2017.5
1772,324,254,l,147,159.0,True,2016.75,2019.75
1773,47,250,s,148,157.0,False,2017.0,2019.25
1774,48,402,s,148,150.0,False,2017.0,2017.5
1775,91,244,s,148,150.0,False,2017.0,2017.5
1776,91,267,s,148,150.0,False,2017.0,2017.5
1777,104,343,s,148,151.0,False,2017.0,2017.75
1778,231,327,s,148,158.0,False,2017.0,2019.5
1779,231,343,s,148,149.0,False,2017.0,2017.25
1780,251,435,s,148,148.0,False,2017.0,2017.0
1781,299,309,s,148,152.0,False,2017.0,2018.0
1782,330,345,s,148,153.0,False,2017.0,2018.25
1783,48,169,s,148,150.0,False,2017.0,2017.5
1784,146,97,s,148,154.0,False,2017.0,2018.5
1785,82,254,s,148,150.0,False,2017.0,2017.5
1786,197,254,s,148,149.0,False,2017.0,2017.25
1787,231,435,s,148,156.0,False,2017.0,2019.0
1788,351,348,s,148,151.0,False,2017.0,2017.75
1789,82,97,l,148,235.0,True,2017.0,2038.75
1790,251,53,l,148,,True,2017.0,
1791,69,169,s,149,152.0,False,2017.25,2018.0
1792,75,250,s,149,158.0,False,2017.25,2019.5
1793,251,254,s,149,150.0,False,2017.25,2017.5
1794,336,366,s,149,149.0,False,2017.25,2017.25
1795,351,254,s,149,156.0,False,2017.25,2019.0
1796,364,366,s,149,151.0,False,2017.25,2017.75
1797,387,373,s,149,150.0,False,2017.25,2017.5
1798,251,250,s,149,150.0,False,2017.25,2017.5
1799,277,97,s,149,151.0,False,2017.25,2017.75
1800,299,79,s,149,150.0,False,2017.25,2017.5
1801,299,250,s,149,154.0,False,2017.25,2018.5
1802,344,254,s,149,156.0,False,2017.25,2019.0
1803,47,97,l,149,197.0,True,2017.25,2029.25
1804,330,250,l,149,,True,2017.25,
1805,69,254,s,150,152.0,False,2017.5,2018.0
1806,69,365,s,150,153.0,False,2017.5,2018.25
1807,104,169,s,150,160.0,False,2017.5,2020.0
1808,180,298,s,150,164.0,False,2017.5,2021.0
1809,299,254,s,150,151.0,False,2017.5,2017.75
1810,324,345,s,150,153.0,False,2017.5,2018.25
1811,341,354,s,150,151.0,False,2017.5,2017.75
1812,359,97,s,150,151.0,False,2017.5,2017.75
1813,251,435,s,151,154.0,False,2017.75,2018.5
1814,299,366,s,151,154.0,False,2017.75,2018.5
1815,336,342,s,151,151.0,False,2017.75,2017.75
1816,384,335,s,151,152.0,False,2017.75,2018.0
1817,384,345,s,151,161.0,False,2017.75,2020.25
1818,69,297,s,151,160.0,False,2017.75,2020.0
1819,299,79,s,151,163.0,False,2017.75,2020.75
1820,69,309,s,151,153.0,False,2017.75,2018.25
1821,104,96,s,151,152.0,False,2017.75,2018.0
1822,384,327,s,151,153.0,False,2017.75,2018.25
1823,176,152,l,151,227.0,True,2017.75,2036.75
1824,330,254,l,151,154.0,True,2017.75,2018.5
1825,104,250,s,152,153.0,False,2018.0,2018.25
1826,299,97,s,152,152.0,False,2018.0,2018.0
1827,69,250,s,152,155.0,False,2018.0,2018.75
1828,104,97,s,152,155.0,False,2018.0,2018.75
1829,182,419,s,152,160.0,False,2018.0,2020.0
1830,231,63,s,152,154.0,False,2018.0,2018.5
1831,235,152,s,152,157.0,False,2018.0,2019.25
1832,336,254,s,152,175.0,False,2018.0,2023.75
1833,424,297,s,152,153.0,False,2018.0,2018.25
1834,180,79,s,152,165.0,False,2018.0,2021.25
1835,330,298,s,152,155.0,False,2018.0,2018.75
1836,330,366,s,152,153.0,False,2018.0,2018.25
1837,359,385,s,152,153.0,False,2018.0,2018.25
1838,370,348,s,152,158.0,False,2018.0,2019.5
1839,384,365,s,152,153.0,False,2018.0,2018.25
1840,351,365,l,152,,True,2018.0,
1841,48,435,l,152,164.0,True,2018.0,2021.0
1842,69,402,s,153,153.0,False,2018.25,2018.25
1843,180,343,s,153,158.0,False,2018.25,2019.5
1844,245,79,s,153,159.0,False,2018.25,2019.75
1845,280,216,s,153,157.0,False,2018.25,2019.25
1846,338,97,s,153,155.0,False,2018.25,2018.75
1847,424,309,s,153,161.0,False,2018.25,2020.25
1848,69,373,s,153,160.0,False,2018.25,2020.0
1849,180,455,s,153,161.0,False,2018.25,2020.25
1850,351,327,s,153,158.0,False,2018.25,2019.5
1851,387,366,s,153,162.0,False,2018.25,2020.5
1852,245,343,s,153,166.0,False,2018.25,2021.5
1853,330,309,s,153,159.0,False,2018.25,2019.75
1854,383,345,s,153,158.0,False,2018.25,2019.5
1855,69,254,s,154,155.0,False,2018.5,2018.75
1856,180,169,s,154,154.0,False,2018.5,2018.5
1857,231,97,s,154,157.0,False,2018.5,2019.25
1858,338,79,s,154,156.0,False,2018.5,2019.0
1859,92,53,s,154,156.0,False,2018.5,2019.0
1860,371,366,s,154,157.0,False,2018.5,2019.25
1861,180,53,s,154,155.0,False,2018.5,2018.75
1862,384,365,s,154,159.0,False,2018.5,2019.75
1863,424,366,s,154,168.0,False,2018.5,2022.0
1864,48,169,l,154,,True,2018.5,
1865,231,79,l,154,223.0,True,2018.5,2035.75
1866,14,297,s,155,157.0,False,2018.75,2019.25
1867,176,254,s,155,157.0,False,2018.75,2019.25
1868,231,254,s,155,156.0,False,2018.75,2019.0
1869,251,306,s,155,157.0,False,2018.75,2019.25
1870,299,254,s,155,162.0,False,2018.75,2020.5
1871,351,250,s,155,158.0,False,2018.75,2019.5
1872,54,306,s,155,157.0,False,2018.75,2019.25
1873,104,254,s,155,156.0,False,2018.75,2019.0
1874,341,335,s,155,163.0,False,2018.75,2020.75
1875,351,348,s,155,155.0,False,2018.75,2018.75
1876,359,97,s,155,157.0,False,2018.75,2019.25
1877,69,169,s,155,166.0,False,2018.75,2021.5
1878,235,79,s,155,172.0,False,2018.75,2023.0
1879,330,366,s,155,159.0,False,2018.75,2019.75
1880,351,373,s,155,158.0,False,2018.75,2019.5
1881,90,343,s,156,157.0,False,2019.0,2019.25
1882,180,53,s,156,164.0,False,2019.0,2021.0
1883,251,309,s,156,158.0,False,2019.0,2019.5
1884,280,254,s,156,164.0,False,2019.0,2021.0
1885,299,250,s,156,158.0,False,2019.0,2019.5
1886,231,254,l,156,178.0,True,2019.0,2024.5
1887,387,345,l,156,211.0,True,2019.0,2032.75
1888,383,401,l,156,,True,2019.0,
1889,65,71,s,157,159.0,False,2019.25,2019.75
1890,180,342,s,157,158.0,False,2019.25,2019.5
1891,231,306,s,157,160.0,False,2019.25,2020.0
1892,251,250,s,157,159.0,False,2019.25,2019.75
1893,336,297,s,157,159.0,False,2019.25,2019.75
1894,338,79,s,157,159.0,False,2019.25,2019.75
1895,359,373,s,157,161.0,False,2019.25,2020.25
1896,387,342,s,157,160.0,False,2019.25,2020.0
1897,48,254,s,157,163.0,False,2019.25,2020.75
1898,299,309,s,157,159.0,False,2019.25,2019.75
1899,336,327,s,157,160.0,False,2019.25,2020.0
1900,180,169,s,157,162.0,False,2019.25,2020.5
1901,384,366,s,157,158.0,False,2019.25,2019.5
1902,231,307,s,158,160.0,False,2019.5,2020.0
1903,338,169,s,158,158.0,False,2019.5,2019.5
1904,384,342,s,158,165.0,False,2019.5,2021.25
1905,180,402,s,158,161.0,False,2019.5,2020.25
1906,383,392,s,158,159.0,False,2019.5,2019.75
1907,251,366,s,158,159.0,False,2019.5,2019.75
1908,274,309,s,158,159.0,False,2019.5,2019.75
1909,90,254,s,159,161.0,False,2019.75,2020.25
1910,104,254,s,159,159.0,False,2019.75,2019.75
1911,180,343,s,159,161.0,False,2019.75,2020.25
1912,324,345,s,159,160.0,False,2019.75,2020.0
1913,47,254,s,159,160.0,False,2019.75,2020.0
1914,90,97,s,159,161.0,False,2019.75,2020.25
1915,142,167,s,159,161.0,False,2019.75,2020.25
1916,180,97,s,159,159.0,False,2019.75,2019.75
1917,231,435,s,159,162.0,False,2019.75,2020.5
1918,277,169,s,159,164.0,False,2019.75,2021.0
1919,280,216,s,159,159.0,False,2019.75,2019.75
1920,47,152,s,159,164.0,False,2019.75,2021.0
1921,69,402,s,159,162.0,False,2019.75,2020.5
1922,231,402,l,159,163.0,True,2019.75,2020.75
1923,48,419,s,160,164.0,False,2020.0,2021.0
1924,69,327,s,160,171.0,False,2020.0,2022.75
1925,451,97,s,160,176.0,False,2020.0,2024.0
1926,467,455,s,160,163.0,False,2020.0,2020.75
1927,299,342,s,160,162.0,False,2020.0,2020.5
1928,383,309,s,160,163.0,False,2020.0,2020.75
1929,336,345,s,160,165.0,False,2020.0,2021.25
1930,384,401,s,160,166.0,False,2020.0,2021.5
1931,276,169,l,160,,True,2020.0,
1932,104,169,s,161,164.0,False,2020.25,2021.0
1933,324,345,s,161,163.0,False,2020.25,2020.75
1934,443,254,s,161,164.0,False,2020.25,2021.0
1935,48,402,s,161,162.0,False,2020.25,2020.5
1936,180,97,s,161,163.0,False,2020.25,2020.75
1937,251,250,s,161,162.0,False,2020.25,2020.5
1938,305,306,s,161,166.0,False,2020.25,2021.5
1939,14,327,s,161,162.0,False,2020.25,2020.5
1940,64,79,s,161,163.0,False,2020.25,2020.75
1941,82,250,s,161,168.0,False,2020.25,2022.0
1942,91,374,s,161,171.0,False,2020.25,2022.75
1943,133,53,s,161,163.0,False,2020.25,2020.75
1944,231,250,s,161,162.0,False,2020.25,2020.5
1945,371,366,s,161,168.0,False,2020.25,2022.0
1946,330,309,l,161,192.0,True,2020.25,2028.0
1947,104,374,l,161,162.0,True,2020.25,2020.5
1948,92,254,s,162,168.0,False,2020.5,2022.0
1949,251,327,s,162,165.0,False,2020.5,2021.25
1950,280,97,s,162,165.0,False,2020.5,2021.25
1951,384,297,s,162,164.0,False,2020.5,2021.0
1952,78,259,s,162,164.0,False,2020.5,2021.0
1953,299,327,s,162,164.0,False,2020.5,2021.0
1954,299,340,s,162,164.0,False,2020.5,2021.0
1955,299,345,s,162,166.0,False,2020.5,2021.5
1956,338,79,s,162,167.0,False,2020.5,2021.75
1957,384,345,s,162,164.0,False,2020.5,2021.0
1958,404,374,s,162,166.0,False,2020.5,2021.5
1959,424,345,s,162,165.0,False,2020.5,2021.25
1960,47,402,s,162,167.0,False,2020.5,2021.75
1961,180,309,s,162,163.0,False,2020.5,2020.75
1962,336,455,s,162,164.0,False,2020.5,2021.0
1963,384,366,s,162,164.0,False,2020.5,2021.0
1964,387,401,s,162,168.0,False,2020.5,2022.0
1965,104,254,l,162,164.0,True,2020.5,2021.0
1966,14,97,s,163,166.0,False,2020.75,2021.5
1967,14,169,s,163,163.0,False,2020.75,2020.75
1968,69,345,s,163,165.0,False,2020.75,2021.25
1969,467,306,s,163,163.0,False,2020.75,2020.75
1970,92,306,s,163,163.0,False,2020.75,2020.75
1971,104,152,s,163,164.0,False,2020.75,2021.0
1972,133,254,s,163,166.0,False,2020.75,2021.5
1973,251,345,s,163,164.0,False,2020.75,2021.0
1974,299,366,s,163,163.0,False,2020.75,2020.75
1975,324,306,s,163,166.0,False,2020.75,2021.5
1976,383,375,s,163,164.0,False,2020.75,2021.0
1977,14,250,s,163,169.0,False,2020.75,2022.25
1978,48,152,s,163,169.0,False,2020.75,2022.25
1979,92,402,s,163,168.0,False,2020.75,2022.0
1980,176,343,s,163,167.0,False,2020.75,2021.75
1981,280,169,s,163,168.0,False,2020.75,2022.0
1982,336,366,s,163,166.0,False,2020.75,2021.5
1983,351,335,s,163,165.0,False,2020.75,2021.25
1984,370,366,s,163,168.0,False,2020.75,2022.0
1985,372,309,s,163,165.0,False,2020.75,2021.25
1986,231,152,l,163,181.0,True,2020.75,2025.25
1987,231,306,l,163,227.0,True,2020.75,2036.75
1988,92,327,s,164,169.0,False,2021.0,2022.25
1989,180,97,s,164,167.0,False,2021.0,2021.75
1990,180,402,s,164,165.0,False,2021.0,2021.25
1991,302,250,s,164,178.0,False,2021.0,2024.5
1992,383,342,s,164,168.0,False,2021.0,2022.0
1993,467,327,s,164,173.0,False,2021.0,2023.25
1994,467,350,s,164,165.0,False,2021.0,2021.25
1995,65,71,s,164,166.0,False,2021.0,2021.5
1996,69,402,s,164,164.0,False,2021.0,2021.0
1997,251,250,s,164,171.0,False,2021.0,2022.75
1998,299,366,s,164,165.0,False,2021.0,2021.25
1999,424,254,s,164,164.0,False,2021.0,2021.0
2000,115,456,s,164,168.0,False,2021.0,2022.0
2001,231,169,s,164,168.0,False,2021.0,2022.0
2002,251,309,s,164,168.0,False,2021.0,2022.0
2003,299,358,s,164,166.0,False,2021.0,2021.5
2004,351,373,s,164,165.0,False,2021.0,2021.25
2005,351,401,s,164,169.0,False,2021.0,2022.25
2006,467,309,s,164,165.0,False,2021.0,2021.25
2007,305,345,l,164,178.0,True,2021.0,2024.5
2008,330,335,l,164,183.0,True,2021.0,2025.75
2009,142,71,s,165,165.0,False,2021.25,2021.25
2010,176,49,s,165,169.0,False,2021.25,2022.25
2011,274,345,s,165,167.0,False,2021.25,2021.75
2012,351,97,s,165,165.0,False,2021.25,2021.25
2013,467,335,s,165,172.0,False,2021.25,2023.0
2014,47,79,s,165,166.0,False,2021.25,2021.5
2015,92,97,s,165,166.0,False,2021.25,2021.5
2016,180,250,s,165,170.0,False,2021.25,2022.5
2017,180,297,s,165,168.0,False,2021.25,2022.0
2018,274,97,s,165,168.0,False,2021.25,2022.0
2019,299,309,s,165,168.0,False,2021.25,2022.0
2020,324,345,s,165,168.0,False,2021.25,2022.0
2021,467,342,s,165,171.0,False,2021.25,2022.75
2022,277,260,s,165,170.0,False,2021.25,2022.5
2023,299,79,s,165,176.0,False,2021.25,2024.0
2024,383,400,s,165,168.0,False,2021.25,2022.0
2025,467,345,s,165,166.0,False,2021.25,2021.5
2026,384,455,l,165,201.0,True,2021.25,2030.25
2027,48,254,s,166,174.0,False,2021.5,2023.5
2028,90,345,s,166,167.0,False,2021.5,2021.75
2029,299,97,s,166,174.0,False,2021.5,2023.5
2030,69,345,s,166,171.0,False,2021.5,2022.75
2031,69,366,s,166,167.0,False,2021.5,2021.75
2032,180,306,s,166,171.0,False,2021.5,2022.75
2033,180,455,s,166,169.0,False,2021.5,2022.25
2034,299,250,s,166,177.0,False,2021.5,2024.25
2035,299,306,s,166,171.0,False,2021.5,2022.75
2036,280,254,s,166,172.0,False,2021.5,2023.0
2037,338,152,s,166,168.0,False,2021.5,2022.0
2038,351,327,s,166,176.0,False,2021.5,2024.0
2039,384,306,s,166,167.0,False,2021.5,2021.75
2040,424,254,s,166,171.0,False,2021.5,2022.75
2041,245,343,l,166,169.0,True,2021.5,2022.25
2042,47,79,s,167,172.0,False,2021.75,2023.0
2043,69,373,s,167,169.0,False,2021.75,2022.25
2044,82,254,s,167,169.0,False,2021.75,2022.25
2045,92,97,s,167,171.0,False,2021.75,2022.75
2046,180,309,s,167,170.0,False,2021.75,2022.5
2047,359,345,s,167,173.0,False,2021.75,2023.25
2048,384,373,s,167,167.0,False,2021.75,2021.75
2049,48,53,s,167,169.0,False,2021.75,2022.25
2050,180,152,s,167,170.0,False,2021.75,2022.5
2051,336,313,s,167,168.0,False,2021.75,2022.0
2052,69,342,s,167,168.0,False,2021.75,2022.0
2053,92,53,s,167,168.0,False,2021.75,2022.0
2054,180,402,s,167,173.0,False,2021.75,2023.25
2055,245,79,s,167,168.0,False,2021.75,2022.0
2056,251,254,s,167,169.0,False,2021.75,2022.25
2057,384,342,s,167,177.0,False,2021.75,2024.25
2058,299,365,l,167,178.0,True,2021.75,2024.5
2059,47,53,s,168,170.0,False,2022.0,2022.5
2060,69,250,s,168,169.0,False,2022.0,2022.25
2061,351,309,s,168,188.0,False,2022.0,2027.0
2062,384,385,s,168,182.0,False,2022.0,2025.5
2063,69,402,s,168,169.0,False,2022.0,2022.25
2064,180,53,s,168,169.0,False,2022.0,2022.25
2065,14,345,s,168,170.0,False,2022.0,2022.5
2066,82,169,s,168,172.0,False,2022.0,2023.0
2067,69,254,l,168,174.0,True,2022.0,2023.5
2068,69,350,s,169,170.0,False,2022.25,2022.5
2069,133,152,s,169,174.0,False,2022.25,2023.5
2070,142,216,s,169,169.0,False,2022.25,2022.25
2071,324,254,s,169,172.0,False,2022.25,2023.0
2072,384,345,s,169,174.0,False,2022.25,2023.5
2073,146,97,s,169,170.0,False,2022.25,2022.5
2074,146,254,s,169,170.0,False,2022.25,2022.5
2075,180,79,s,169,177.0,False,2022.25,2024.25
2076,299,385,s,169,171.0,False,2022.25,2022.75
2077,457,309,s,169,172.0,False,2022.25,2023.0
2078,467,319,s,169,170.0,False,2022.25,2022.5
2079,133,402,s,169,181.0,False,2022.25,2025.25
2080,142,374,s,169,172.0,False,2022.25,2023.0
2081,159,250,s,169,173.0,False,2022.25,2023.25
2082,245,343,s,169,173.0,False,2022.25,2023.25
2083,387,362,s,169,171.0,False,2022.25,2022.75
2084,69,79,l,169,,True,2022.25,
2085,47,254,s,170,172.0,False,2022.5,2023.0
2086,133,169,s,170,173.0,False,2022.5,2023.25
2087,277,254,s,170,178.0,False,2022.5,2024.5
2088,299,297,s,170,175.0,False,2022.5,2023.75
2089,324,306,s,170,171.0,False,2022.5,2022.75
2090,403,401,s,170,174.0,False,2022.5,2023.5
2091,424,306,s,170,181.0,False,2022.5,2025.25
2092,90,250,s,170,170.0,False,2022.5,2022.5
2093,180,53,s,170,171.0,False,2022.5,2022.75
2094,180,97,s,170,173.0,False,2022.5,2023.25
2095,231,97,s,170,172.0,False,2022.5,2023.0
2096,280,402,s,170,180.0,False,2022.5,2025.0
2097,384,327,s,170,170.0,False,2022.5,2022.5
2098,69,309,s,170,174.0,False,2022.5,2023.5
2099,75,345,s,170,176.0,False,2022.5,2024.0
2100,305,309,s,170,173.0,False,2022.5,2023.25
2101,324,309,s,170,171.0,False,2022.5,2022.75
2102,372,392,s,170,173.0,False,2022.5,2023.25
2103,384,366,s,170,173.0,False,2022.5,2023.25
2104,424,402,s,170,171.0,False,2022.5,2022.75
2105,92,254,l,170,230.0,True,2022.5,2037.5
2106,142,9,s,171,175.0,False,2022.75,2023.75
2107,274,342,s,171,175.0,False,2022.75,2023.75
2108,82,254,s,171,173.0,False,2022.75,2023.25
2109,236,169,s,171,174.0,False,2022.75,2023.5
2110,277,435,s,171,178.0,False,2022.75,2024.5
2111,424,345,s,171,173.0,False,2022.75,2023.25
2112,48,402,s,171,174.0,False,2022.75,2023.5
2113,69,402,s,171,174.0,False,2022.75,2023.5
2114,146,254,s,171,174.0,False,2022.75,2023.5
2115,251,366,s,171,174.0,False,2022.75,2023.5
2116,274,366,l,171,,True,2022.75,
2117,299,366,l,171,196.0,True,2022.75,2029.0
2118,54,216,s,172,181.0,False,2023.0,2025.25
2119,90,169,s,172,180.0,False,2023.0,2025.0
2120,133,97,s,172,173.0,False,2023.0,2023.25
2121,231,169,s,172,182.0,False,2023.0,2025.5
2122,330,254,s,172,173.0,False,2023.0,2023.25
2123,330,297,s,172,175.0,False,2023.0,2023.75
2124,384,401,s,172,176.0,False,2023.0,2024.0
2125,15,169,s,172,173.0,False,2023.0,2023.25
2126,47,402,s,172,175.0,False,2023.0,2023.75
2127,180,250,s,172,180.0,False,2023.0,2025.0
2128,351,353,s,172,173.0,False,2023.0,2023.25
2129,467,342,s,172,176.0,False,2023.0,2024.0
2130,467,365,s,172,174.0,False,2023.0,2023.5
2131,54,254,s,172,173.0,False,2023.0,2023.25
2132,274,306,s,172,173.0,False,2023.0,2023.25
2133,330,366,s,172,173.0,False,2023.0,2023.25
2134,384,350,l,172,173.0,True,2023.0,2023.25
2135,69,435,l,172,219.0,True,2023.0,2034.75
2136,180,53,s,173,178.0,False,2023.25,2024.5
2137,384,414,s,173,174.0,False,2023.25,2023.5
2138,47,254,s,173,177.0,False,2023.25,2024.25
2139,82,327,s,173,174.0,False,2023.25,2023.5
2140,142,374,s,173,173.0,False,2023.25,2023.25
2141,467,345,s,173,178.0,False,2023.25,2024.5
2142,69,327,s,173,179.0,False,2023.25,2024.75
2143,133,79,s,173,186.0,False,2023.25,2026.5
2144,180,343,s,173,175.0,False,2023.25,2023.75
2145,251,348,s,173,175.0,False,2023.25,2023.75
2146,299,345,s,173,175.0,False,2023.25,2023.75
2147,383,366,s,173,187.0,False,2023.25,2026.75
2148,384,373,s,173,177.0,False,2023.25,2024.25
2149,324,297,l,173,196.0,True,2023.25,2029.0
2150,180,97,s,174,175.0,False,2023.5,2023.75
2151,231,343,s,174,186.0,False,2023.5,2026.5
2152,251,79,s,174,178.0,False,2023.5,2024.5
2153,90,254,s,174,177.0,False,2023.5,2024.25
2154,92,297,s,174,181.0,False,2023.5,2025.25
2155,133,97,s,174,175.0,False,2023.5,2023.75
2156,141,97,s,174,177.0,False,2023.5,2024.25
2157,387,373,s,174,177.0,False,2023.5,2024.25
2158,47,335,s,174,179.0,False,2023.5,2024.75
2159,69,254,s,174,178.0,False,2023.5,2024.5
2160,69,313,s,174,175.0,False,2023.5,2023.75
2161,330,345,s,174,176.0,False,2023.5,2024.0
2162,384,366,s,174,177.0,False,2023.5,2024.25
2163,457,455,s,174,180.0,False,2023.5,2025.0
2164,467,373,l,174,231.0,True,2023.5,2037.75
2165,47,79,s,175,181.0,False,2023.75,2025.25
2166,94,79,s,175,181.0,False,2023.75,2025.25
2167,146,345,s,175,181.0,False,2023.75,2025.25
2168,180,169,s,175,175.0,False,2023.75,2023.75
2169,251,309,s,175,179.0,False,2023.75,2024.75
2170,351,335,s,175,176.0,False,2023.75,2024.0
2171,69,250,s,175,181.0,False,2023.75,2025.25
2172,92,79,s,175,177.0,False,2023.75,2024.25
2173,92,250,s,175,177.0,False,2023.75,2024.25
2174,231,53,s,175,180.0,False,2023.75,2025.0
2175,299,327,s,175,176.0,False,2023.75,2024.0
2176,48,152,s,175,178.0,False,2023.75,2024.5
2177,299,385,s,175,184.0,False,2023.75,2026.0
2178,251,354,l,175,175.0,True,2023.75,2023.75
2179,141,402,s,176,178.0,False,2024.0,2024.5
2180,180,152,s,176,188.0,False,2024.0,2027.0
2181,231,97,s,176,176.0,False,2024.0,2024.0
2182,277,53,s,176,178.0,False,2024.0,2024.5
2183,330,97,s,176,177.0,False,2024.0,2024.25
2184,336,392,s,176,177.0,False,2024.0,2024.25
2185,383,348,s,176,176.0,False,2024.0,2024.0
2186,47,435,s,176,178.0,False,2024.0,2024.5
2187,69,342,s,176,183.0,False,2024.0,2025.75
2188,180,343,s,176,181.0,False,2024.0,2025.25
2189,336,97,s,176,181.0,False,2024.0,2025.25
2190,396,342,s,176,180.0,False,2024.0,2025.0
2191,424,250,s,176,183.0,False,2024.0,2025.75
2192,277,79,s,176,178.0,False,2024.0,2024.5
2193,424,365,s,176,177.0,False,2024.0,2024.25
2194,75,365,l,176,,True,2024.0,
2195,299,327,l,176,214.0,True,2024.0,2033.5
2196,91,71,l,176,208.0,True,2024.0,2032.0
2197,396,471,l,176,,True,2024.0,
2198,351,345,s,177,183.0,False,2024.25,2025.75
2199,384,400,s,177,181.0,False,2024.25,2025.25
2200,467,392,s,177,177.0,False,2024.25,2024.25
2201,180,171,s,177,178.0,False,2024.25,2024.5
2202,277,402,s,177,185.0,False,2024.25,2026.25
2203,396,366,s,177,181.0,False,2024.25,2025.25
2204,424,342,s,177,178.0,False,2024.25,2024.5
2205,47,250,s,177,182.0,False,2024.25,2025.5
2206,180,97,s,177,181.0,False,2024.25,2025.25
2207,180,169,s,177,183.0,False,2024.25,2025.75
2208,180,402,s,177,180.0,False,2024.25,2025.0
2209,336,373,s,177,190.0,False,2024.25,2027.5
2210,251,345,l,177,,True,2024.25,
2211,54,254,s,178,179.0,False,2024.5,2024.75
2212,231,254,s,178,181.0,False,2024.5,2025.25
2213,231,348,s,178,186.0,False,2024.5,2026.5
2214,336,366,s,178,178.0,False,2024.5,2024.5
2215,69,335,s,178,181.0,False,2024.5,2025.25
2216,231,402,s,178,182.0,False,2024.5,2025.5
2217,299,250,s,178,182.0,False,2024.5,2025.5
2218,384,309,s,178,180.0,False,2024.5,2025.0
2219,324,97,s,178,181.0,False,2024.5,2025.25
2220,69,254,s,179,185.0,False,2024.75,2026.25
2221,69,345,s,179,182.0,False,2024.75,2025.5
2222,82,254,s,179,183.0,False,2024.75,2025.75
2223,176,79,s,179,187.0,False,2024.75,2026.75
2224,396,401,s,179,179.0,False,2024.75,2024.75
2225,443,345,s,179,179.0,False,2024.75,2024.75
2226,69,309,s,179,183.0,False,2024.75,2025.75
2227,231,97,s,179,192.0,False,2024.75,2028.0
2228,251,373,s,179,184.0,False,2024.75,2026.0
2229,424,97,s,179,181.0,False,2024.75,2025.25
2230,176,49,s,180,183.0,False,2025.0,2025.75
2231,176,343,s,180,188.0,False,2025.0,2027.0
2232,180,79,s,180,182.0,False,2025.0,2025.5
2233,336,250,s,180,181.0,False,2025.0,2025.25
2234,351,401,s,180,182.0,False,2025.0,2025.5
2235,396,407,s,180,181.0,False,2025.0,2025.25
2236,467,365,s,180,180.0,False,2025.0,2025.0
2237,82,342,s,180,182.0,False,2025.0,2025.5
2238,299,401,s,180,187.0,False,2025.0,2026.75
2239,338,79,s,180,184.0,False,2025.0,2026.0
2240,387,385,s,180,185.0,False,2025.0,2026.25
2241,424,366,s,180,181.0,False,2025.0,2025.25
2242,48,254,s,180,182.0,False,2025.0,2025.5
2243,69,327,s,180,182.0,False,2025.0,2025.5
2244,180,342,s,180,181.0,False,2025.0,2025.25
2245,251,309,s,180,193.0,False,2025.0,2028.25
2246,299,97,s,180,185.0,False,2025.0,2026.25
2247,384,401,l,180,225.0,True,2025.0,2036.25
2248,69,402,s,181,182.0,False,2025.25,2025.5
2249,176,260,s,181,184.0,False,2025.25,2026.0
2250,180,53,s,181,181.0,False,2025.25,2025.25
2251,351,350,s,181,190.0,False,2025.25,2027.5
2252,384,476,s,181,181.0,False,2025.25,2025.25
2253,420,401,s,181,193.0,False,2025.25,2028.25
2254,424,354,s,181,181.0,False,2025.25,2025.25
2255,14,298,s,181,181.0,False,2025.25,2025.25
2256,47,402,s,181,183.0,False,2025.25,2025.75
2257,69,53,s,181,193.0,False,2025.25,2028.25
2258,299,397,s,181,182.0,False,2025.25,2025.5
2259,396,401,s,181,191.0,False,2025.25,2027.75
2260,92,342,s,181,187.0,False,2025.25,2026.75
2261,245,343,s,181,183.0,False,2025.25,2025.75
2262,384,345,s,181,194.0,False,2025.25,2028.5
2263,396,414,s,181,182.0,False,2025.25,2025.5
2264,280,254,l,181,186.0,True,2025.25,2026.5
2265,92,79,s,182,189.0,False,2025.5,2027.25
2266,251,306,s,182,195.0,False,2025.5,2028.75
2267,82,345,s,182,188.0,False,2025.5,2027.0
2268,180,327,s,182,189.0,False,2025.5,2027.25
2269,180,343,s,182,183.0,False,2025.5,2025.75
2270,251,254,s,182,189.0,False,2025.5,2027.25
2271,324,250,s,182,187.0,False,2025.5,2026.75
2272,396,345,s,182,185.0,False,2025.5,2026.25
2273,180,250,s,182,189.0,False,2025.5,2027.25
2274,231,152,s,182,185.0,False,2025.5,2026.25
2275,383,342,s,182,184.0,False,2025.5,2026.0
2276,467,309,s,182,191.0,False,2025.5,2027.75
2277,69,250,l,182,225.0,True,2025.5,2036.25
2278,277,79,l,182,,True,2025.5,
2279,48,254,s,183,187.0,False,2025.75,2026.75
2280,48,260,s,183,186.0,False,2025.75,2026.5
2281,383,406,s,183,190.0,False,2025.75,2027.5
2282,280,79,s,183,183.0,False,2025.75,2025.75
2283,299,397,s,183,186.0,False,2025.75,2026.5
2284,330,97,s,183,194.0,False,2025.75,2028.5
2285,336,401,s,183,191.0,False,2025.75,2027.75
2286,338,250,s,183,191.0,False,2025.75,2027.75
2287,387,366,s,183,188.0,False,2025.75,2027.0
2288,330,354,s,183,189.0,False,2025.75,2027.25
2289,180,97,l,183,,True,2025.75,
2290,47,254,s,184,188.0,False,2026.0,2027.0
2291,180,309,s,184,186.0,False,2026.0,2026.5
2292,234,254,s,184,189.0,False,2026.0,2027.25
2293,299,254,s,184,184.0,False,2026.0,2026.0
2294,324,345,s,184,191.0,False,2026.0,2027.75
2295,384,327,s,184,184.0,False,2026.0,2026.0
2296,384,414,s,184,190.0,False,2026.0,2027.5
2297,467,250,s,184,185.0,False,2026.0,2026.25
2298,14,250,s,184,190.0,False,2026.0,2027.5
2299,180,402,s,184,186.0,False,2026.0,2026.5
2300,231,254,s,184,187.0,False,2026.0,2026.75
2301,280,79,s,184,187.0,False,2026.0,2026.75
2302,383,350,s,184,187.0,False,2026.0,2026.75
2303,180,79,s,184,187.0,False,2026.0,2026.75
2304,330,385,s,184,186.0,False,2026.0,2026.5
2305,330,401,s,184,185.0,False,2026.0,2026.25
2306,341,397,s,184,185.0,False,2026.0,2026.25
2307,277,343,l,184,208.0,True,2026.0,2032.0
2308,384,400,l,184,,True,2026.0,
2309,69,342,s,185,189.0,False,2026.25,2027.25
2310,180,342,s,185,186.0,False,2026.25,2026.5
2311,251,79,s,185,196.0,False,2026.25,2029.0
2312,299,306,s,185,190.0,False,2026.25,2027.5
2313,324,306,s,185,187.0,False,2026.25,2026.75
2314,387,342,s,185,192.0,False,2026.25,2028.0
2315,420,406,s,185,187.0,False,2026.25,2026.75
2316,467,345,s,185,186.0,False,2026.25,2026.5
2317,299,254,s,185,198.0,False,2026.25,2029.5
2318,336,385,s,185,186.0,False,2026.25,2026.5
2319,384,366,s,185,188.0,False,2026.25,2027.0
2320,457,397,s,185,191.0,False,2026.25,2027.75
2321,133,169,s,185,192.0,False,2026.25,2028.0
2322,231,365,s,185,195.0,False,2026.25,2028.75
2323,299,79,s,185,191.0,False,2026.25,2027.75
2324,383,348,s,185,187.0,False,2026.25,2026.75
2325,47,79,s,186,189.0,False,2026.5,2027.25
2326,69,455,s,186,188.0,False,2026.5,2027.0
2327,176,28,s,186,186.0,False,2026.5,2026.5
2328,94,97,s,186,187.0,False,2026.5,2026.75
2329,280,343,s,186,189.0,False,2026.5,2027.25
2330,330,342,s,186,186.0,False,2026.5,2026.5
2331,357,365,s,186,190.0,False,2026.5,2027.5
2332,92,152,s,186,189.0,False,2026.5,2027.25
2333,299,250,s,186,192.0,False,2026.5,2028.0
2334,351,366,s,186,188.0,False,2026.5,2027.0
2335,395,345,s,186,189.0,False,2026.5,2027.25
2336,424,345,s,186,187.0,False,2026.5,2026.75
2337,69,309,s,187,189.0,False,2026.75,2027.25
2338,324,365,s,187,188.0,False,2026.75,2027.0
2339,330,345,s,187,194.0,False,2026.75,2028.5
2340,384,309,s,187,189.0,False,2026.75,2027.25
2341,467,397,s,187,191.0,False,2026.75,2027.75
2342,180,402,s,187,189.0,False,2026.75,2027.25
2343,231,343,s,187,191.0,False,2026.75,2027.75
2344,251,152,s,187,190.0,False,2026.75,2027.5
2345,299,402,s,187,196.0,False,2026.75,2029.0
2346,47,435,s,187,188.0,False,2026.75,2027.0
2347,231,169,s,187,188.0,False,2026.75,2027.0
2348,299,353,s,187,189.0,False,2026.75,2027.25
2349,324,342,s,187,189.0,False,2026.75,2027.25
2350,387,385,s,187,198.0,False,2026.75,2029.5
2351,467,354,s,187,192.0,False,2026.75,2028.0
2352,396,400,l,187,235.0,True,2026.75,2038.75
2353,180,345,s,188,189.0,False,2027.0,2027.25
2354,231,254,s,188,191.0,False,2027.0,2027.75
2355,245,343,s,188,188.0,False,2027.0,2027.0
2356,47,152,s,188,190.0,False,2027.0,2027.5
2357,47,402,s,188,192.0,False,2027.0,2028.0
2358,69,169,s,188,191.0,False,2027.0,2027.75
2359,82,309,s,188,192.0,False,2027.0,2028.0
2360,92,250,s,188,196.0,False,2027.0,2029.0
2361,299,298,s,188,192.0,False,2027.0,2028.0
2362,338,402,s,188,196.0,False,2027.0,2029.0
2363,467,401,s,188,189.0,False,2027.0,2027.25
2364,14,345,s,188,191.0,False,2027.0,2027.75
2365,180,309,s,188,192.0,False,2027.0,2028.0
2366,420,397,s,188,190.0,False,2027.0,2027.5
2367,180,216,l,188,,True,2027.0,
2368,231,252,l,188,,True,2027.0,
2369,69,402,s,189,194.0,False,2027.25,2028.5
2370,180,169,s,189,191.0,False,2027.25,2027.75
2371,180,354,s,189,193.0,False,2027.25,2028.25
2372,384,366,s,189,190.0,False,2027.25,2027.5
2373,457,327,s,189,190.0,False,2027.25,2027.5
2374,69,297,s,189,190.0,False,2027.25,2027.5
2375,69,348,s,189,199.0,False,2027.25,2029.75
2376,467,406,s,189,192.0,False,2027.25,2028.0
2377,384,365,s,189,198.0,False,2027.25,2029.5
2378,420,373,s,189,195.0,False,2027.25,2028.75
2379,424,345,s,189,195.0,False,2027.25,2028.75
2380,424,366,s,189,192.0,False,2027.25,2028.0
2381,424,455,s,189,191.0,False,2027.25,2027.75
2382,351,345,l,189,190.0,True,2027.25,2027.5
2383,82,353,s,190,193.0,False,2027.5,2028.25
2384,251,342,s,190,195.0,False,2027.5,2028.75
2385,467,342,s,190,196.0,False,2027.5,2029.0
2386,47,259,s,190,195.0,False,2027.5,2028.75
2387,180,402,s,190,198.0,False,2027.5,2029.5
2388,351,401,s,190,196.0,False,2027.5,2029.0
2389,396,342,s,190,190.0,False,2027.5,2027.5
2390,451,342,s,190,194.0,False,2027.5,2028.5
2391,48,297,s,190,192.0,False,2027.5,2028.0
2392,69,254,s,190,193.0,False,2027.5,2028.25
2393,82,250,s,190,206.0,False,2027.5,2031.5
2394,324,342,s,190,192.0,False,2027.5,2028.0
2395,338,345,s,190,192.0,False,2027.5,2028.0
2396,424,402,s,190,194.0,False,2027.5,2028.5
2397,384,373,l,190,215.0,True,2027.5,2033.75
2398,424,401,l,190,197.0,True,2027.5,2029.25
2399,274,254,l,190,,True,2027.5,
2400,336,373,l,190,,True,2027.5,
2401,69,152,s,191,201.0,False,2027.75,2030.25
2402,231,169,s,191,196.0,False,2027.75,2029.0
2403,344,365,s,191,191.0,False,2027.75,2027.75
2404,467,400,s,191,192.0,False,2027.75,2028.0
2405,14,254,s,191,207.0,False,2027.75,2031.75
2406,69,345,s,191,215.0,False,2027.75,2033.75
2407,69,366,s,191,195.0,False,2027.75,2028.75
2408,146,79,s,191,194.0,False,2027.75,2028.5
2409,277,297,s,191,207.0,False,2027.75,2031.75
2410,299,97,s,191,192.0,False,2027.75,2028.0
2411,330,366,s,191,205.0,False,2027.75,2031.25
2412,69,258,s,191,192.0,False,2027.75,2028.0
2413,251,366,s,191,199.0,False,2027.75,2029.75
2414,299,365,s,191,193.0,False,2027.75,2028.25
2415,467,366,s,191,195.0,False,2027.75,2028.75
2416,180,79,l,191,,True,2027.75,
2417,330,401,l,191,,True,2027.75,
2418,69,342,s,192,210.0,False,2028.0,2032.5
2419,231,402,s,192,197.0,False,2028.0,2029.25
2420,424,250,s,192,194.0,False,2028.0,2028.5
2421,15,97,s,192,203.0,False,2028.0,2030.75
2422,146,254,s,192,199.0,False,2028.0,2029.75
2423,231,254,s,192,194.0,False,2028.0,2028.5
2424,336,366,s,192,195.0,False,2028.0,2028.75
2425,370,365,s,192,197.0,False,2028.0,2029.25
2426,69,309,s,192,195.0,False,2028.0,2028.75
2427,69,353,s,192,202.0,False,2028.0,2030.5
2428,336,309,s,192,194.0,False,2028.0,2028.5
2429,231,343,l,192,,True,2028.0,
2430,69,97,s,193,198.0,False,2028.25,2029.5
2431,82,455,s,193,200.0,False,2028.25,2030.0
2432,92,297,s,193,199.0,False,2028.25,2029.75
2433,180,53,s,193,195.0,False,2028.25,2028.75
2434,180,435,s,193,196.0,False,2028.25,2029.0
2435,274,97,s,193,194.0,False,2028.25,2028.5
2436,424,309,s,193,194.0,False,2028.25,2028.5
2437,467,401,s,193,200.0,False,2028.25,2030.0
2438,299,250,s,193,197.0,False,2028.25,2029.25
2439,417,401,s,193,194.0,False,2028.25,2028.5
2440,384,366,s,193,195.0,False,2028.25,2028.75
2441,231,297,l,193,,True,2028.25,
2442,251,353,s,194,197.0,False,2028.5,2029.25
2443,299,342,s,194,196.0,False,2028.5,2029.0
2444,324,366,s,194,195.0,False,2028.5,2028.75
2445,424,410,s,194,197.0,False,2028.5,2029.25
2446,14,306,s,194,198.0,False,2028.5,2029.5
2447,69,113,s,194,197.0,False,2028.5,2029.25
2448,69,254,s,194,199.0,False,2028.5,2029.75
2449,92,79,s,194,202.0,False,2028.5,2030.5
2450,180,297,s,194,203.0,False,2028.5,2030.75
2451,180,309,s,194,199.0,False,2028.5,2029.75
2452,180,493,s,194,196.0,False,2028.5,2029.0
2453,251,385,s,194,211.0,False,2028.5,2032.75
2454,387,327,s,194,198.0,False,2028.5,2029.5
2455,47,254,s,194,202.0,False,2028.5,2030.5
2456,48,297,s,194,195.0,False,2028.5,2028.75
2457,274,402,s,194,198.0,False,2028.5,2029.5
2458,467,455,s,194,200.0,False,2028.5,2030.0
2459,69,306,l,194,,True,2028.5,
2460,69,354,s,195,196.0,False,2028.75,2029.0
2461,180,250,s,195,200.0,False,2028.75,2030.0
2462,299,401,s,195,197.0,False,2028.75,2029.25
2463,305,366,s,195,198.0,False,2028.75,2029.5
2464,54,435,s,195,200.0,False,2028.75,2030.0
2465,330,385,s,195,202.0,False,2028.75,2030.5
2466,69,169,s,195,204.0,False,2028.75,2031.0
2467,231,254,s,195,198.0,False,2028.75,2029.5
2468,47,260,l,195,202.0,True,2028.75,2030.5
2469,467,309,l,195,,True,2028.75,
2470,251,350,s,196,197.0,False,2029.0,2029.25
2471,420,397,s,196,197.0,False,2029.0,2029.25
2472,336,400,s,196,198.0,False,2029.0,2029.5
2473,338,97,s,196,202.0,False,2029.0,2030.5
2474,47,342,s,196,197.0,False,2029.0,2029.25
2475,180,152,s,196,198.0,False,2029.0,2029.5
2476,384,385,s,196,197.0,False,2029.0,2029.25
2477,467,365,s,196,199.0,False,2029.0,2029.75
2478,324,345,l,196,,True,2029.0,
2479,467,366,l,196,,True,2029.0,
2480,57,79,s,197,198.0,False,2029.25,2029.5
2481,180,53,s,197,200.0,False,2029.25,2030.0
2482,47,169,s,197,197.0,False,2029.25,2029.25
2483,277,152,s,197,199.0,False,2029.25,2029.75
2484,324,385,s,197,204.0,False,2029.25,2031.0
2485,338,79,s,197,201.0,False,2029.25,2030.25
2486,387,397,s,197,198.0,False,2029.25,2029.5
2487,299,97,s,198,200.0,False,2029.5,2030.0
2488,299,366,s,198,198.0,False,2029.5,2029.5
2489,92,97,s,198,200.0,False,2029.5,2030.0
2490,180,306,s,198,201.0,False,2029.5,2030.25
2491,231,97,s,198,198.0,False,2029.5,2029.5
2492,384,345,s,198,201.0,False,2029.5,2030.25
2493,14,297,s,198,200.0,False,2029.5,2030.0
2494,94,79,s,198,199.0,False,2029.5,2029.75
2495,324,401,s,198,199.0,False,2029.5,2029.75
2496,424,414,s,198,199.0,False,2029.5,2029.75
2497,180,169,l,198,225.0,True,2029.5,2036.25
2498,420,401,l,198,236.0,True,2029.5,2039.0
2499,396,342,l,198,,True,2029.5,
2500,69,53,s,199,216.0,False,2029.75,2034.0
2501,251,327,s,199,200.0,False,2029.75,2030.0
2502,424,345,s,199,199.0,False,2029.75,2029.75
2503,424,353,s,199,200.0,False,2029.75,2030.0
2504,47,97,s,199,208.0,False,2029.75,2032.0
2505,54,486,s,199,200.0,False,2029.75,2030.0
2506,69,97,s,199,202.0,False,2029.75,2030.5
2507,336,392,s,199,219.0,False,2029.75,2034.75
2508,387,397,s,199,208.0,False,2029.75,2032.0
2509,427,366,s,199,203.0,False,2029.75,2030.75
2510,231,254,s,199,202.0,False,2029.75,2030.5
2511,338,254,s,199,200.0,False,2029.75,2030.0
2512,370,401,s,199,206.0,False,2029.75,2031.5
2513,384,392,s,199,204.0,False,2029.75,2031.0
2514,384,410,s,199,200.0,False,2029.75,2030.0
2515,251,250,l,199,219.0,True,2029.75,2034.75
2516,57,152,s,200,204.0,False,2030.0,2031.0
2517,69,335,s,200,201.0,False,2030.0,2030.25
2518,324,401,s,200,200.0,False,2030.0,2030.0
2519,424,345,s,200,203.0,False,2030.0,2030.75
2520,14,435,s,200,203.0,False,2030.0,2030.75
2521,69,254,s,200,215.0,False,2030.0,2033.75
2522,330,342,s,200,201.0,False,2030.0,2030.25
2523,299,79,s,200,209.0,False,2030.0,2032.25
2524,299,354,s,200,201.0,False,2030.0,2030.25
2525,336,335,s,200,202.0,False,2030.0,2030.5
2526,146,254,l,200,,True,2030.0,
2527,92,348,l,200,214.0,True,2030.0,2033.5
2528,231,97,l,200,221.0,True,2030.0,2035.25
2529,512,353,l,200,241.0,True,2030.0,2040.25
2530,92,97,s,201,202.0,False,2030.25,2030.5
2531,92,402,s,201,216.0,False,2030.25,2034.0
2532,180,327,s,201,206.0,False,2030.25,2031.5
2533,231,169,s,201,207.0,False,2030.25,2031.75
2534,299,401,s,201,202.0,False,2030.25,2030.5
2535,312,365,s,201,215.0,False,2030.25,2033.75
2536,424,250,s,201,203.0,False,2030.25,2030.75
2537,424,366,s,201,203.0,False,2030.25,2030.75
2538,457,309,s,201,202.0,False,2030.25,2030.5
2539,180,250,s,201,202.0,False,2030.25,2030.5
2540,274,354,s,201,205.0,False,2030.25,2031.25
2541,312,345,s,201,202.0,False,2030.25,2030.5
2542,336,401,s,201,201.0,False,2030.25,2030.25
2543,467,407,s,201,203.0,False,2030.25,2030.75
2544,231,435,s,201,203.0,False,2030.25,2030.75
2545,384,366,s,201,208.0,False,2030.25,2032.0
2546,384,465,s,201,203.0,False,2030.25,2030.75
2547,384,509,s,201,205.0,False,2030.25,2031.25
2548,510,410,s,201,208.0,False,2030.25,2032.0
2549,512,366,s,201,207.0,False,2030.25,2031.75
2550,82,254,s,202,203.0,False,2030.5,2030.75
2551,336,414,s,202,203.0,False,2030.5,2030.75
2552,424,348,s,202,202.0,False,2030.5,2030.5
2553,424,401,s,202,203.0,False,2030.5,2030.75
2554,82,402,s,202,209.0,False,2030.5,2032.25
2555,336,366,s,202,203.0,False,2030.5,2030.75
2556,180,309,s,202,210.0,False,2030.5,2032.5
2557,370,410,s,202,213.0,False,2030.5,2033.25
2558,512,406,l,202,216.0,True,2030.5,2034.0
2559,14,342,l,202,222.0,True,2030.5,2035.5
2560,69,97,s,203,203.0,False,2030.75,2030.75
2561,251,401,s,203,208.0,False,2030.75,2032.0
2562,330,373,s,203,203.0,False,2030.75,2030.75
2563,336,410,s,203,206.0,False,2030.75,2031.5
2564,420,492,s,203,205.0,False,2030.75,2031.25
2565,180,53,s,203,203.0,False,2030.75,2030.75
2566,231,254,s,203,205.0,False,2030.75,2031.25
2567,251,350,s,203,205.0,False,2030.75,2031.25
2568,299,373,s,203,209.0,False,2030.75,2032.25
2569,395,400,s,203,209.0,False,2030.75,2032.25
2570,457,401,s,203,210.0,False,2030.75,2032.5
2571,512,401,s,203,207.0,False,2030.75,2031.75
2572,47,254,s,203,205.0,False,2030.75,2031.25
2573,180,250,s,203,204.0,False,2030.75,2031.0
2574,180,402,s,203,208.0,False,2030.75,2032.0
2575,276,79,s,203,204.0,False,2030.75,2031.0
2576,299,345,s,203,208.0,False,2030.75,2032.0
2577,420,373,s,203,208.0,False,2030.75,2032.0
2578,341,345,l,203,212.0,True,2030.75,2033.0
2579,383,476,l,203,208.0,True,2030.75,2032.0
2580,180,435,s,204,215.0,False,2031.0,2033.75
2581,324,97,s,204,207.0,False,2031.0,2031.75
2582,384,476,s,204,205.0,False,2031.0,2031.25
2583,424,455,s,204,205.0,False,2031.0,2031.25
2584,467,401,s,204,205.0,False,2031.0,2031.25
2585,69,97,s,204,208.0,False,2031.0,2032.0
2586,305,385,s,204,221.0,False,2031.0,2035.25
2587,324,401,s,204,206.0,False,2031.0,2031.5
2588,336,327,s,204,206.0,False,2031.0,2031.5
2589,82,471,s,204,213.0,False,2031.0,2033.25
2590,251,366,s,204,207.0,False,2031.0,2031.75
2591,274,306,s,204,212.0,False,2031.0,2033.0
2592,299,365,s,204,206.0,False,2031.0,2031.5
2593,330,348,s,204,206.0,False,2031.0,2031.5
2594,330,373,s,204,206.0,False,2031.0,2031.5
2595,424,392,s,204,206.0,False,2031.0,2031.5
2596,467,410,s,204,215.0,False,2031.0,2033.75
2597,14,365,s,205,216.0,False,2031.25,2034.0
2598,251,254,s,205,214.0,False,2031.25,2033.5
2599,299,402,s,205,205.0,False,2031.25,2031.25
2600,403,397,s,205,206.0,False,2031.25,2031.5
2601,92,169,s,205,208.0,False,2031.25,2032.0
2602,180,250,s,205,206.0,False,2031.25,2031.5
2603,180,342,s,205,208.0,False,2031.25,2032.0
2604,251,342,s,205,214.0,False,2031.25,2033.5
2605,274,250,s,205,205.0,False,2031.25,2031.25
2606,336,345,s,205,210.0,False,2031.25,2032.5
2607,387,366,s,205,211.0,False,2031.25,2032.75
2608,387,401,s,205,209.0,False,2031.25,2032.25
2609,69,402,s,205,207.0,False,2031.25,2031.75
2610,82,254,s,205,211.0,False,2031.25,2032.75
2611,299,335,s,205,210.0,False,2031.25,2032.5
2612,324,348,s,205,206.0,False,2031.25,2031.5
2613,336,366,s,205,219.0,False,2031.25,2034.75
2614,384,392,s,205,211.0,False,2031.25,2032.75
2615,424,366,s,205,206.0,False,2031.25,2031.5
2616,430,401,s,205,213.0,False,2031.25,2033.25
2617,15,309,s,206,209.0,False,2031.5,2032.25
2618,251,306,s,206,206.0,False,2031.5,2031.5
2619,299,250,s,206,210.0,False,2031.5,2032.5
2620,424,342,s,206,208.0,False,2031.5,2032.0
2621,312,401,s,206,216.0,False,2031.5,2034.0
2622,420,366,s,206,211.0,False,2031.5,2032.75
2623,424,348,s,206,208.0,False,2031.5,2032.0
2624,336,406,s,206,209.0,False,2031.5,2032.25
2625,424,345,s,206,212.0,False,2031.5,2033.0
2626,251,298,l,206,,True,2031.5,
2627,467,327,l,206,,True,2031.5,
2628,427,401,l,206,,True,2031.5,
2629,47,402,s,207,209.0,False,2031.75,2032.25
2630,330,425,s,207,214.0,False,2031.75,2033.5
2631,47,455,s,207,208.0,False,2031.75,2032.0
2632,180,333,s,207,210.0,False,2031.75,2032.5
2633,299,353,s,207,208.0,False,2031.75,2032.0
2634,324,365,s,207,217.0,False,2031.75,2034.25
2635,324,366,s,207,207.0,False,2031.75,2031.75
2636,396,406,s,207,213.0,False,2031.75,2033.25
2637,467,365,s,207,215.0,False,2031.75,2033.75
2638,47,53,s,207,210.0,False,2031.75,2032.5
2639,47,254,s,207,209.0,False,2031.75,2032.25
2640,511,415,s,207,211.0,False,2031.75,2032.75
2641,299,366,l,207,,True,2031.75,
2642,15,97,s,208,216.0,False,2032.0,2034.0
2643,330,340,s,208,210.0,False,2032.0,2032.5
2644,47,169,s,208,212.0,False,2032.0,2033.0
2645,299,354,s,208,210.0,False,2032.0,2032.5
2646,451,345,s,208,213.0,False,2032.0,2033.25
2647,324,401,s,208,214.0,False,2032.0,2033.5
2648,364,373,s,208,211.0,False,2032.0,2032.75
2649,512,437,s,208,211.0,False,2032.0,2032.75
2650,14,97,s,209,209.0,False,2032.25,2032.25
2651,384,345,s,209,213.0,False,2032.25,2033.25
2652,424,350,s,209,209.0,False,2032.25,2032.25
2653,512,410,s,209,214.0,False,2032.25,2033.5
2654,69,97,s,209,211.0,False,2032.25,2032.75
2655,299,345,s,209,213.0,False,2032.25,2033.25
2656,420,385,s,209,213.0,False,2032.25,2033.25
2657,231,402,l,209,236.0,True,2032.25,2039.0
2658,324,306,l,209,,True,2032.25,
2659,384,385,l,209,,True,2032.25,
2660,231,254,s,210,213.0,False,2032.5,2033.25
2661,384,410,s,210,219.0,False,2032.5,2034.75
2662,424,400,s,210,214.0,False,2032.5,2033.5
2663,47,254,s,210,216.0,False,2032.5,2034.0
2664,299,350,s,210,214.0,False,2032.5,2033.5
2665,387,365,s,210,212.0,False,2032.5,2033.0
2666,324,366,l,210,227.0,True,2032.5,2036.75
2667,383,373,l,210,,True,2032.5,
2668,82,306,s,211,211.0,False,2032.75,2032.75
2669,92,335,s,211,216.0,False,2032.75,2034.0
2670,330,385,s,211,214.0,False,2032.75,2033.5
2671,451,365,s,211,211.0,False,2032.75,2032.75
2672,251,366,s,211,212.0,False,2032.75,2033.0
2673,299,254,s,211,220.0,False,2032.75,2035.0
2674,336,509,s,211,216.0,False,2032.75,2034.0
2675,424,342,s,211,212.0,False,2032.75,2033.0
2676,448,410,s,211,217.0,False,2032.75,2034.25
2677,180,378,s,211,213.0,False,2032.75,2033.25
2678,299,402,s,211,213.0,False,2032.75,2033.25
2679,305,366,s,211,215.0,False,2032.75,2033.75
2680,396,401,s,211,225.0,False,2032.75,2036.25
2681,424,366,s,211,213.0,False,2032.75,2033.25
2682,69,297,s,212,217.0,False,2033.0,2034.25
2683,180,309,s,212,214.0,False,2033.0,2033.5
2684,299,152,s,212,212.0,False,2033.0,2033.0
2685,351,400,s,212,220.0,False,2033.0,2035.0
2686,384,366,s,212,216.0,False,2033.0,2034.0
2687,75,309,s,212,213.0,False,2033.0,2033.25
2688,92,79,s,212,221.0,False,2033.0,2035.25
2689,424,354,s,212,213.0,False,2033.0,2033.25
2690,231,233,s,212,217.0,False,2033.0,2034.25
2691,330,353,s,212,214.0,False,2033.0,2033.5
2692,384,509,s,212,228.0,False,2033.0,2037.0
2693,274,402,l,212,226.0,True,2033.0,2036.5
2694,92,327,s,213,218.0,False,2033.25,2034.5
2695,92,345,s,213,213.0,False,2033.25,2033.25
2696,251,327,s,213,216.0,False,2033.25,2034.0
2697,324,250,s,213,220.0,False,2033.25,2035.0
2698,351,407,s,213,218.0,False,2033.25,2034.5
2699,372,509,s,213,220.0,False,2033.25,2035.0
2700,396,366,s,213,213.0,False,2033.25,2033.25
2701,432,449,s,213,218.0,False,2033.25,2034.5
2702,251,400,s,213,232.0,False,2033.25,2038.0
2703,420,397,s,213,213.0,False,2033.25,2033.25
2704,424,388,s,213,219.0,False,2033.25,2034.75
2705,274,297,s,213,221.0,False,2033.25,2035.25
2706,330,79,s,213,214.0,False,2033.25,2033.5
2707,231,254,l,213,,True,2033.25,
2708,48,79,s,214,214.0,False,2033.5,2033.5
2709,82,402,s,214,230.0,False,2033.5,2037.5
2710,276,343,s,214,217.0,False,2033.5,2034.25
2711,299,353,s,214,216.0,False,2033.5,2034.0
2712,330,97,s,214,217.0,False,2033.5,2034.25
2713,424,385,s,214,227.0,False,2033.5,2036.75
2714,467,401,s,214,219.0,False,2033.5,2034.75
2715,69,97,s,214,230.0,False,2033.5,2037.5
2716,69,455,s,214,217.0,False,2033.5,2034.25
2717,299,400,s,214,227.0,False,2033.5,2036.75
2718,302,345,s,214,218.0,False,2033.5,2034.5
2719,338,250,s,214,216.0,False,2033.5,2034.0
2720,512,366,s,214,218.0,False,2033.5,2034.5
2721,180,343,s,214,229.0,False,2033.5,2037.25
2722,274,343,s,214,215.0,False,2033.5,2033.75
2723,277,254,s,214,215.0,False,2033.5,2033.75
2724,299,345,s,214,219.0,False,2033.5,2034.75
2725,324,53,s,214,215.0,False,2033.5,2033.75
2726,324,509,s,214,215.0,False,2033.5,2033.75
2727,336,401,l,214,224.0,True,2033.5,2036.0
2728,330,345,s,215,219.0,False,2033.75,2034.75
2729,384,365,s,215,223.0,False,2033.75,2035.75
2730,69,378,s,215,217.0,False,2033.75,2034.25
2731,146,79,s,215,218.0,False,2033.75,2034.5
2732,274,79,s,215,223.0,False,2033.75,2035.75
2733,299,97,s,215,220.0,False,2033.75,2035.0
2734,299,342,s,215,216.0,False,2033.75,2034.0
2735,330,366,s,215,220.0,False,2033.75,2035.0
2736,351,401,s,215,222.0,False,2033.75,2035.5
2737,424,250,s,215,216.0,False,2033.75,2034.0
2738,82,79,s,215,221.0,False,2033.75,2035.25
2739,324,392,s,215,228.0,False,2033.75,2037.0
2740,467,342,s,215,217.0,False,2033.75,2034.25
2741,92,345,l,215,,True,2033.75,
2742,324,309,l,215,229.0,True,2033.75,2037.25
2743,351,455,s,216,220.0,False,2034.0,2035.0
2744,448,401,s,216,239.0,False,2034.0,2039.75
2745,511,366,s,216,224.0,False,2034.0,2036.0
2746,512,345,s,216,216.0,False,2034.0,2034.0
2747,69,254,s,216,221.0,False,2034.0,2035.25
2748,69,340,s,216,220.0,False,2034.0,2035.0
2749,251,306,s,216,217.0,False,2034.0,2034.25
2750,451,366,s,216,219.0,False,2034.0,2034.75
2751,47,79,s,216,220.0,False,2034.0,2035.0
2752,92,309,s,216,219.0,False,2034.0,2034.75
2753,420,449,s,216,218.0,False,2034.0,2034.5
2754,424,345,s,216,221.0,False,2034.0,2035.25
2755,180,250,s,217,220.0,False,2034.25,2035.0
2756,274,327,s,217,219.0,False,2034.25,2034.75
2757,299,385,s,217,219.0,False,2034.25,2034.75
2758,299,402,s,217,220.0,False,2034.25,2035.0
2759,433,449,s,217,218.0,False,2034.25,2034.5
2760,526,401,s,217,218.0,False,2034.25,2034.5
2761,47,250,s,217,219.0,False,2034.25,2034.75
2762,87,79,s,217,224.0,False,2034.25,2036.0
2763,180,402,s,217,228.0,False,2034.25,2037.0
2764,299,53,s,217,224.0,False,2034.25,2036.0
2765,299,365,s,217,218.0,False,2034.25,2034.5
2766,341,366,s,217,221.0,False,2034.25,2035.25
2767,384,397,s,217,218.0,False,2034.25,2034.5
2768,438,389,s,217,220.0,False,2034.25,2035.0
2769,69,53,s,217,229.0,False,2034.25,2037.25
2770,82,345,s,217,227.0,False,2034.25,2036.75
2771,92,169,s,217,218.0,False,2034.25,2034.5
2772,511,437,l,217,238.0,True,2034.25,2039.5
2773,69,169,s,218,218.0,False,2034.5,2034.5
2774,180,333,s,218,220.0,False,2034.5,2035.0
2775,251,79,s,218,230.0,False,2034.5,2037.5
2776,251,366,s,218,220.0,False,2034.5,2035.0
2777,276,343,s,218,222.0,False,2034.5,2035.5
2778,277,169,s,218,220.0,False,2034.5,2035.0
2779,47,455,s,218,219.0,False,2034.5,2034.75
2780,387,397,s,218,223.0,False,2034.5,2035.75
2781,426,366,s,218,224.0,False,2034.5,2036.0
2782,443,345,s,218,219.0,False,2034.5,2034.75
2783,512,392,s,218,221.0,False,2034.5,2035.25
2784,370,437,l,218,,True,2034.5,
2785,69,435,s,219,226.0,False,2034.75,2036.5
2786,69,297,s,219,242.0,False,2034.75,2040.5
2787,75,366,s,219,219.0,False,2034.75,2034.75
2788,336,388,s,219,230.0,False,2034.75,2037.5
2789,426,449,s,219,220.0,False,2034.75,2035.0
2790,512,350,s,219,238.0,False,2034.75,2039.5
2791,299,509,s,219,221.0,False,2034.75,2035.25
2792,543,79,s,220,221.0,False,2035.0,2035.25
2793,251,309,s,220,225.0,False,2035.0,2036.25
2794,324,401,s,220,221.0,False,2035.0,2035.25
2795,336,79,s,220,222.0,False,2035.0,2035.5
2796,424,410,s,220,224.0,False,2035.0,2036.0
2797,433,449,s,220,221.0,False,2035.0,2035.25
2798,443,350,s,220,226.0,False,2035.0,2036.5
2799,448,392,s,220,226.0,False,2035.0,2036.5
2800,47,298,s,220,221.0,False,2035.0,2035.25
2801,231,435,s,220,221.0,False,2035.0,2035.25
2802,364,441,s,220,228.0,False,2035.0,2037.0
2803,457,350,s,220,222.0,False,2035.0,2035.5
2804,467,401,s,220,226.0,False,2035.0,2036.5
2805,478,297,s,220,228.0,False,2035.0,2037.0
2806,69,402,s,221,226.0,False,2035.25,2036.5
2807,87,254,s,221,231.0,False,2035.25,2037.75
2808,231,113,s,221,222.0,False,2035.25,2035.5
2809,305,366,s,221,228.0,False,2035.25,2037.0
2810,433,401,s,221,222.0,False,2035.25,2035.5
2811,467,388,s,221,228.0,False,2035.25,2037.0
2812,82,254,s,221,224.0,False,2035.25,2036.0
2813,299,254,s,221,228.0,False,2035.25,2037.0
2814,324,377,s,221,224.0,False,2035.25,2036.0
2815,396,366,s,221,222.0,False,2035.25,2035.5
2816,451,373,s,221,221.0,False,2035.25,2035.25
2817,512,425,s,221,222.0,False,2035.25,2035.5
2818,251,254,s,221,235.0,False,2035.25,2038.75
2819,299,309,s,221,238.0,False,2035.25,2039.5
2820,299,345,s,221,239.0,False,2035.25,2039.75
2821,299,348,s,221,231.0,False,2035.25,2037.75
2822,370,509,s,221,223.0,False,2035.25,2035.75
2823,433,414,s,221,222.0,False,2035.25,2035.5
2824,540,449,s,221,223.0,False,2035.25,2035.75
2825,448,459,l,221,,True,2035.25,
2826,299,401,l,221,,True,2035.25,
2827,69,348,s,222,225.0,False,2035.5,2036.25
2828,351,354,s,222,228.0,False,2035.5,2037.0
2829,384,389,s,222,232.0,False,2035.5,2038.0
2830,424,342,s,222,224.0,False,2035.5,2036.0
2831,92,53,s,222,228.0,False,2035.5,2037.0
2832,387,401,s,222,224.0,False,2035.5,2036.0
2833,251,250,l,222,,True,2035.5,
2834,512,479,l,222,,True,2035.5,
2835,47,254,s,223,224.0,False,2035.75,2036.0
2836,324,97,s,223,224.0,False,2035.75,2036.0
2837,330,406,s,223,223.0,False,2035.75,2035.75
2838,338,254,s,223,228.0,False,2035.75,2037.0
2839,384,410,s,223,230.0,False,2035.75,2037.5
2840,467,306,s,223,223.0,False,2035.75,2035.75
2841,180,297,s,223,229.0,False,2035.75,2037.25
2842,324,401,s,223,223.0,False,2035.75,2035.75
2843,512,407,s,223,224.0,False,2035.75,2036.0
2844,336,509,s,223,224.0,False,2035.75,2036.0
2845,467,441,s,223,227.0,False,2035.75,2036.75
2846,512,406,s,223,225.0,False,2035.75,2036.25
2847,420,366,l,223,,True,2035.75,
2848,299,97,l,223,225.0,True,2035.75,2036.25
2849,299,342,s,224,226.0,False,2036.0,2036.5
2850,312,366,s,224,227.0,False,2036.0,2036.75
2851,351,410,s,224,230.0,False,2036.0,2037.5
2852,424,254,s,224,231.0,False,2036.0,2037.75
2853,424,306,s,224,233.0,False,2036.0,2038.25
2854,424,309,s,224,228.0,False,2036.0,2037.0
2855,433,397,s,224,226.0,False,2036.0,2036.5
2856,433,401,s,224,227.0,False,2036.0,2036.75
2857,433,437,s,224,228.0,False,2036.0,2037.0
2858,433,449,s,224,233.0,False,2036.0,2038.25
2859,14,97,s,224,224.0,False,2036.0,2036.0
2860,69,254,s,224,224.0,False,2036.0,2036.0
2861,82,435,s,224,227.0,False,2036.0,2036.75
2862,299,365,s,224,227.0,False,2036.0,2036.75
2863,299,455,s,224,228.0,False,2036.0,2037.0
2864,330,392,s,224,227.0,False,2036.0,2036.75
2865,336,366,s,224,227.0,False,2036.0,2036.75
2866,47,97,s,224,230.0,False,2036.0,2037.5
2867,336,385,s,224,225.0,False,2036.0,2036.25
2868,424,365,s,224,229.0,False,2036.0,2037.25
2869,424,366,s,224,225.0,False,2036.0,2036.25
2870,467,414,s,224,228.0,False,2036.0,2037.0
2871,520,401,s,224,226.0,False,2036.0,2036.5
2872,540,392,s,224,228.0,False,2036.0,2037.0
2873,82,53,s,225,227.0,False,2036.25,2036.75
2874,82,250,s,225,229.0,False,2036.25,2037.25
2875,299,327,s,225,225.0,False,2036.25,2036.25
2876,351,401,s,225,236.0,False,2036.25,2039.0
2877,69,254,s,225,226.0,False,2036.25,2036.5
2878,274,97,s,225,225.0,False,2036.25,2036.25
2879,424,97,s,225,226.0,False,2036.25,2036.5
2880,92,152,s,225,226.0,False,2036.25,2036.5
2881,299,250,s,225,230.0,False,2036.25,2037.5
2882,420,410,s,225,231.0,False,2036.25,2037.75
2883,251,365,l,225,,True,2036.25,
2884,433,459,s,226,230.0,False,2036.5,2037.5
2885,512,373,s,226,227.0,False,2036.5,2036.75
2886,82,366,s,226,230.0,False,2036.5,2037.5
2887,330,406,s,226,230.0,False,2036.5,2037.5
2888,336,342,s,226,228.0,False,2036.5,2037.0
2889,351,406,s,226,229.0,False,2036.5,2037.25
2890,351,509,s,226,232.0,False,2036.5,2038.0
2891,424,345,s,226,240.0,False,2036.5,2040.0
2892,467,509,s,226,237.0,False,2036.5,2039.25
2893,231,79,s,226,229.0,False,2036.5,2037.25
2894,384,350,s,226,229.0,False,2036.5,2037.25
2895,384,366,s,226,233.0,False,2036.5,2038.25
2896,384,401,s,226,,False,2036.5,
2897,420,350,s,226,232.0,False,2036.5,2038.0
2898,251,297,l,226,,True,2036.5,
2899,351,437,l,226,,True,2036.5,
2900,69,254,l,226,,True,2036.5,
2901,69,353,s,227,231.0,False,2036.75,2037.75
2902,69,402,s,227,229.0,False,2036.75,2037.25
2903,82,254,s,227,230.0,False,2036.75,2037.5
2904,433,400,s,227,230.0,False,2036.75,2037.5
2905,451,406,s,227,233.0,False,2036.75,2038.25
2906,251,385,s,227,232.0,False,2036.75,2038.0
2907,299,342,s,227,239.0,False,2036.75,2039.75
2908,384,345,s,227,229.0,False,2036.75,2037.25
2909,396,401,s,227,227.0,False,2036.75,2036.75
2910,467,385,s,227,232.0,False,2036.75,2038.0
2911,299,97,s,227,234.0,False,2036.75,2038.5
2912,324,397,s,227,237.0,False,2036.75,2039.25
2913,341,392,s,227,228.0,False,2036.75,2037.0
2914,387,397,s,227,230.0,False,2036.75,2037.5
2915,420,365,s,227,234.0,False,2036.75,2038.5
2916,512,401,s,227,232.0,False,2036.75,2038.0
2917,231,169,l,227,233.0,True,2036.75,2038.25
2918,47,254,l,227,,True,2036.75,
2919,543,79,l,227,,True,2036.75,
2920,336,401,s,228,229.0,False,2037.0,2037.25
2921,370,449,s,228,230.0,False,2037.0,2037.5
2922,383,327,s,228,229.0,False,2037.0,2037.25
2923,324,342,s,228,234.0,False,2037.0,2038.5
2924,424,342,s,228,228.0,False,2037.0,2037.0
2925,467,306,s,228,237.0,False,2037.0,2039.25
2926,324,400,s,228,232.0,False,2037.0,2038.0
2927,351,250,s,228,229.0,False,2037.0,2037.25
2928,387,401,s,228,229.0,False,2037.0,2037.25
2929,92,152,s,229,230.0,False,2037.25,2037.5
2930,424,509,s,229,232.0,False,2037.25,2038.0
2931,433,401,s,229,232.0,False,2037.25,2038.0
2932,540,414,s,229,229.0,False,2037.25,2037.25
2933,324,509,s,229,233.0,False,2037.25,2038.25
2934,336,366,s,229,236.0,False,2037.25,2039.0
2935,370,366,s,229,231.0,False,2037.25,2037.75
2936,430,366,s,229,230.0,False,2037.25,2037.5
2937,69,169,s,229,241.0,False,2037.25,2040.25
2938,467,401,s,229,241.0,False,2037.25,2040.25
2939,82,309,s,230,230.0,False,2037.5,2037.5
2940,180,255,s,230,231.0,False,2037.5,2037.75
2941,251,435,s,230,234.0,False,2037.5,2038.5
2942,312,342,s,230,231.0,False,2037.5,2037.75
2943,351,406,s,230,233.0,False,2037.5,2038.25
2944,447,400,s,230,230.0,False,2037.5,2037.5
2945,478,366,s,230,233.0,False,2037.5,2038.25
2946,424,342,s,230,236.0,False,2037.5,2039.0
2947,526,366,s,230,231.0,False,2037.5,2037.75
2948,231,53,s,230,233.0,False,2037.5,2038.25
2949,299,254,s,230,241.0,False,2037.5,2040.25
2950,387,373,s,230,231.0,False,2037.5,2037.75
2951,433,425,s,230,235.0,False,2037.5,2038.75
2952,540,401,s,230,231.0,False,2037.5,2037.75
2953,552,464,s,230,240.0,False,2037.5,2040.0
2954,540,449,l,230,,True,2037.5,
2955,251,306,s,231,232.0,False,2037.75,2038.0
2956,251,309,s,231,236.0,False,2037.75,2039.0
2957,274,309,s,231,232.0,False,2037.75,2038.0
2958,384,345,s,231,231.0,False,2037.75,2037.75
2959,387,441,s,231,231.0,False,2037.75,2037.75
2960,395,366,s,231,232.0,False,2037.75,2038.0
2961,299,327,s,231,,False,2037.75,
2962,430,449,s,231,233.0,False,2037.75,2038.25
2963,14,402,l,231,,True,2037.75,
2964,467,392,l,231,,True,2037.75,
2965,299,319,s,232,235.0,False,2038.0,2038.75
2966,330,348,s,232,233.0,False,2038.0,2038.25
2967,351,385,s,232,236.0,False,2038.0,2039.0
2968,424,335,s,232,237.0,False,2038.0,2039.25
2969,433,406,s,232,237.0,False,2038.0,2039.25
2970,452,401,s,232,233.0,False,2038.0,2038.25
2971,245,343,s,232,236.0,False,2038.0,2039.0
2972,312,366,s,232,238.0,False,2038.0,2039.5
2973,351,345,s,232,,False,2038.0,
2974,330,392,l,232,,True,2038.0,
2975,371,406,l,232,,True,2038.0,
2976,75,250,s,233,235.0,False,2038.25,2038.75
2977,299,373,s,233,,False,2038.25,
2978,305,254,s,233,234.0,False,2038.25,2038.5
2979,424,401,s,233,234.0,False,2038.25,2038.5
2980,447,401,s,233,235.0,False,2038.25,2038.75
2981,336,414,s,233,235.0,False,2038.25,2038.75
2982,351,309,s,233,233.0,False,2038.25,2038.25
2983,384,406,s,233,234.0,False,2038.25,2038.5
2984,467,425,s,233,237.0,False,2038.25,2039.25
2985,324,297,s,233,242.0,False,2038.25,2040.5
2986,336,362,s,233,236.0,False,2038.25,2039.0
2987,384,449,s,233,236.0,False,2038.25,2039.0
2988,433,366,l,233,233.0,True,2038.25,2038.25
2989,47,152,l,233,,True,2038.25,
2990,324,366,l,233,,True,2038.25,
2991,92,79,s,234,237.0,False,2038.5,2039.25
2992,341,407,s,234,235.0,False,2038.5,2038.75
2993,251,79,s,234,243.0,False,2038.5,2040.75
2994,424,385,s,234,237.0,False,2038.5,2039.25
2995,448,479,s,234,237.0,False,2038.5,2039.25
2996,512,401,s,234,234.0,False,2038.5,2038.5
2997,251,342,s,234,238.0,False,2038.5,2039.5
2998,396,441,s,234,,False,2038.5,
2999,424,313,s,234,,False,2038.5,
3000,47,342,s,235,,False,2038.75,
3001,69,345,s,235,,False,2038.75,
3002,251,401,s,235,240.0,False,2038.75,2040.0
3003,424,365,s,235,236.0,False,2038.75,2039.0
3004,424,366,s,235,239.0,False,2038.75,2039.75
3005,92,402,s,235,236.0,False,2038.75,2039.0
3006,299,306,s,235,238.0,False,2038.75,2039.5
3007,299,455,s,235,,False,2038.75,
3008,341,354,s,235,,False,2038.75,
3009,420,400,s,235,240.0,False,2038.75,2040.0
3010,424,400,s,235,239.0,False,2038.75,2039.75
3011,433,449,s,235,239.0,False,2038.75,2039.75
3012,14,455,s,235,239.0,False,2038.75,2039.75
3013,351,366,s,235,239.0,False,2038.75,2039.75
3014,448,400,s,235,243.0,False,2038.75,2040.75
3015,251,366,s,236,237.0,False,2039.0,2039.25
3016,299,250,s,236,237.0,False,2039.0,2039.25
3017,299,362,s,236,237.0,False,2039.0,2039.25
3018,324,392,s,236,237.0,False,2039.0,2039.25
3019,424,410,s,236,,False,2039.0,
3020,14,365,s,236,241.0,False,2039.0,2040.25
3021,396,350,s,236,237.0,False,2039.0,2039.25
3022,433,410,s,236,237.0,False,2039.0,2039.25
3023,330,509,s,236,243.0,False,2039.0,2040.75
3024,433,401,s,236,237.0,False,2039.0,2039.25
3025,82,97,s,237,242.0,False,2039.25,2040.5
3026,251,169,s,237,239.0,False,2039.25,2039.75
3027,424,401,s,237,242.0,False,2039.25,2040.5
3028,433,397,s,237,241.0,False,2039.25,2040.25
3029,467,342,s,237,237.0,False,2039.25,2039.25
3030,274,342,s,237,238.0,False,2039.25,2039.5
3031,299,435,s,237,,False,2039.25,
3032,447,449,s,237,240.0,False,2039.25,2040.0
3033,92,97,s,237,242.0,False,2039.25,2040.5
3034,251,373,s,237,239.0,False,2039.25,2039.75
3035,299,297,s,237,243.0,False,2039.25,2040.75
3036,54,79,s,238,,False,2039.5,
3037,82,79,s,238,239.0,False,2039.5,2039.75
3038,180,9,s,238,238.0,False,2039.5,2039.5
3039,299,350,s,238,239.0,False,2039.5,2039.75
3040,324,342,s,238,238.0,False,2039.5,2039.5
3041,351,414,s,238,240.0,False,2039.5,2040.0
3042,384,556,s,238,238.0,False,2039.5,2039.5
3043,467,353,s,238,,False,2039.5,
3044,420,373,s,238,,False,2039.5,
3045,433,366,s,238,,False,2039.5,
3046,451,327,s,238,241.0,False,2039.5,2040.25
3047,512,410,s,238,,False,2039.5,
3048,82,402,s,238,240.0,False,2039.5,2040.0
3049,245,343,s,238,239.0,False,2039.5,2039.75
3050,324,301,s,238,243.0,False,2039.5,2040.75
3051,330,366,s,238,240.0,False,2039.5,2040.0
3052,336,509,s,238,242.0,False,2039.5,2040.5
3053,552,414,s,238,241.0,False,2039.5,2040.25
3054,384,350,l,238,,True,2039.5,
3055,467,509,l,238,,True,2039.5,
3056,69,97,s,239,,False,2039.75,
3057,69,250,s,239,,False,2039.75,
3058,274,350,s,239,,False,2039.75,
3059,552,449,s,239,239.0,False,2039.75,2039.75
3060,75,250,s,239,240.0,False,2039.75,2040.0
3061,251,366,s,239,,False,2039.75,
3062,540,401,s,239,241.0,False,2039.75,2040.25
3063,54,254,s,239,240.0,False,2039.75,2040.0
3064,251,340,s,239,240.0,False,2039.75,2040.0
3065,299,250,s,239,241.0,False,2039.75,2040.25
3066,323,366,s,239,242.0,False,2039.75,2040.5
3067,351,410,s,239,,False,2039.75,
3068,370,342,s,239,241.0,False,2039.75,2040.25
3069,180,343,s,240,241.0,False,2040.0,2040.25
3070,299,345,s,240,243.0,False,2040.0,2040.75
3071,433,410,s,240,242.0,False,2040.0,2040.5
3072,467,350,s,240,,False,2040.0,
3073,512,449,s,240,,False,2040.0,
3074,552,365,s,240,241.0,False,2040.0,2040.25
3075,552,449,s,240,243.0,False,2040.0,2040.75
3076,69,309,s,240,241.0,False,2040.0,2040.25
3077,69,358,s,240,241.0,False,2040.0,2040.25
3078,245,343,s,240,,False,2040.0,
3079,341,509,s,240,241.0,False,2040.0,2040.25
3080,383,400,s,240,243.0,False,2040.0,2040.75
3081,69,435,s,240,,False,2040.0,
3082,82,79,s,240,241.0,False,2040.0,2040.25
3083,299,365,s,240,,False,2040.0,
3084,432,414,s,240,,False,2040.0,
3085,467,342,s,240,,False,2040.0,
3086,467,373,s,240,,False,2040.0,
3087,383,464,l,240,,True,2040.0,
3088,69,402,s,241,242.0,False,2040.25,2040.5
3089,324,414,s,241,242.0,False,2040.25,2040.5
3090,336,366,s,241,243.0,False,2040.25,2040.75
3091,420,406,s,241,241.0,False,2040.25,2040.25
3092,424,306,s,241,,False,2040.25,
3093,424,366,s,241,242.0,False,2040.25,2040.5
3094,82,250,s,241,,False,2040.25,
3095,336,401,s,241,,False,2040.25,
3096,454,449,s,241,241.0,False,2040.25,2040.25
3097,552,464,s,241,242.0,False,2040.25,2040.5
3098,251,342,s,241,,False,2040.25,
3099,384,437,s,241,242.0,False,2040.25,2040.5
3100,424,365,s,241,,False,2040.25,
3101,467,518,s,241,,False,2040.25,
3102,387,401,l,241,,True,2040.25,
3103,467,388,l,241,,True,2040.25,
3104,75,345,s,242,,False,2040.5,
3105,180,250,s,242,,False,2040.5,
3106,274,97,s,242,,False,2040.5,
3107,299,509,s,242,243.0,False,2040.5,2040.75
3108,336,309,s,242,243.0,False,2040.5,2040.75
3109,384,449,s,242,,False,2040.5,
3110,387,406,s,242,242.0,False,2040.5,2040.5
3111,512,464,s,242,,False,2040.5,
3112,526,441,s,242,,False,2040.5,
3113,14,97,s,242,,False,2040.5,
3114,47,250,s,242,,False,2040.5,
3115,92,343,s,242,243.0,False,2040.5,2040.75
3116,299,354,s,242,,False,2040.5,
3117,467,97,s,242,243.0,False,2040.5,2040.75
3118,180,53,s,242,,False,2040.5,
3119,299,342,s,242,,False,2040.5,
3120,324,385,s,242,,False,2040.5,
3121,384,414,s,242,243.0,False,2040.5,2040.75
3122,324,401,l,242,,True,2040.5,
3123,433,392,s,243,,False,2040.75,
3124,330,345,s,243,,False,2040.75,
3125,344,373,s,243,,False,2040.75,
3126,351,401,s,243,,False,2040.75,
3127,396,345,s,243,,False,2040.75,
3128,424,345,s,243,,False,2040.75,
3129,82,254,s,243,,False,2040.75,
3130,330,297,s,243,,False,2040.75,
3131,330,366,s,243,,False,2040.75,
3132,341,397,s,243,,False,2040.75,
3133,396,366,s,243,,False,2040.75,
3134,447,401,s,243,,False,2040.75,
3135,467,401,s,243,,False,2040.75,
3136,467,354,l,243,,True,2040.75,
