eid,f,m,layer,t_start,t_end,long,start_year,end_year
0,492,839,s,-1,0.0,False,1980.0,1980.0
1,850,174,s,-1,4.0,False,1980.0,1981.0
2,944,762,s,-1,1.0,False,1980.0,1980.25
3,101,605,s,-1,0.0,False,1980.0,1980.0
4,42,23,s,-1,4.0,False,1980.0,1981.0
5,846,438,s,-1,0.0,False,1980.0,1980.0
6,916,90,s,-1,3.0,False,1980.0,1980.75
7,916,224,s,-1,0.0,False,1980.0,1980.0
8,518,890,s,-1,2.0,False,1980.0,1980.5
9,848,956,s,-1,5.0,False,1980.0,1981.25
10,165,138,s,-1,0.0,False,1980.0,1980.0
11,672,302,s,-1,0.0,False,1980.0,1980.0
12,119,985,s,-1,4.0,False,1980.0,1981.0
13,501,425,s,-1,0.0,False,1980.0,1980.0
14,936,80,s,-1,0.0,False,1980.0,1980.0
15,30,340,s,-1,7.0,False,1980.0,1981.75
16,918,425,s,-1,0.0,False,1980.0,1980.0
17,422,790,s,-1,1.0,False,1980.0,1980.25
18,850,959,s,-1,14.0,False,1980.0,1983.5
19,151,438,s,-1,0.0,False,1980.0,1980.0
20,872,110,s,-1,4.0,False,1980.0,1981.0
21,936,406,s,-1,5.0,False,1980.0,1981.25
22,96,985,s,-1,9.0,False,1980.0,1982.25
23,30,425,s,-1,0.0,False,1980.0,1980.0
24,337,890,s,-1,2.0,False,1980.0,1980.5
25,422,340,s,-1,1.0,False,1980.0,1980.25
26,916,340,s,-1,2.0,False,1980.0,1980.5
27,226,890,s,-1,1.0,False,1980.0,1980.25
28,518,761,s,-1,1.0,False,1980.0,1980.25
29,518,425,s,-1,0.0,False,1980.0,1980.0
30,42,633,s,-1,0.0,False,1980.0,1980.0
31,178,790,s,-1,1.0,False,1980.0,1980.25
32,832,537,s,-1,2.0,False,1980.0,1980.5
33,918,182,s,-1,0.0,False,1980.0,1980.0
34,623,985,s,-1,0.0,False,1980.0,1980.0
35,674,122,s,-1,0.0,False,1980.0,1980.0
36,966,985,s,-1,9.0,False,1980.0,1982.25
37,39,425,s,-1,0.0,False,1980.0,1980.0
38,317,543,s,-1,2.0,False,1980.0,1980.5
39,672,425,s,-1,0.0,False,1980.0,1980.0
40,42,425,s,-1,0.0,False,1980.0,1980.0
41,226,605,s,-1,0.0,False,1980.0,1980.0
42,518,110,s,-1,1.0,False,1980.0,1980.25
43,849,985,s,-1,0.0,False,1980.0,1980.0
44,42,6,s,-1,0.0,False,1980.0,1980.0
45,96,790,s,-1,4.0,False,1980.0,1981.0
46,518,438,s,-1,8.0,False,1980.0,1982.0
47,623,720,s,-1,0.0,False,1980.0,1980.0
48,39,340,s,-1,2.0,False,1980.0,1980.5
49,96,406,s,-1,1.0,False,1980.0,1980.25
50,119,554,s,-1,0.0,False,1980.0,1980.0
51,143,441,s,-1,0.0,False,1980.0,1980.0
52,501,110,s,-1,2.0,False,1980.0,1980.5
53,776,425,s,-1,0.0,False,1980.0,1980.0
54,818,720,s,-1,16.0,False,1980.0,1984.0
55,855,425,s,-1,0.0,False,1980.0,1980.0
56,918,720,s,-1,11.0,False,1980.0,1982.75
57,30,302,s,-1,6.0,False,1980.0,1981.5
58,178,110,s,-1,3.0,False,1980.0,1980.75
59,30,199,s,-1,0.0,False,1980.0,1980.0
60,487,314,s,-1,0.0,False,1980.0,1980.0
61,672,167,s,-1,3.0,False,1980.0,1980.75
62,893,5,s,-1,2.0,False,1980.0,1980.5
63,422,956,s,-1,0.0,False,1980.0,1980.0
64,501,340,s,-1,3.0,False,1980.0,1980.75
65,518,679,s,-1,0.0,False,1980.0,1980.0
66,622,989,s,-1,0.0,False,1980.0,1980.0
67,776,890,s,-1,0.0,False,1980.0,1980.0
68,916,199,s,-1,0.0,False,1980.0,1980.0
69,916,985,s,-1,4.0,False,1980.0,1981.0
70,918,252,s,-1,2.0,False,1980.0,1980.5
71,42,325,s,-1,13.0,False,1980.0,1983.25
72,317,80,s,-1,0.0,False,1980.0,1980.0
73,518,138,s,-1,1.0,False,1980.0,1980.25
74,848,302,s,-1,5.0,False,1980.0,1981.25
75,918,23,s,-1,1.0,False,1980.0,1980.25
76,960,302,s,-1,0.0,False,1980.0,1980.0
77,30,985,s,-1,3.0,False,1980.0,1980.75
78,42,174,s,-1,0.0,False,1980.0,1980.0
79,119,438,s,-1,13.0,False,1980.0,1983.25
80,178,537,s,-1,10.0,False,1980.0,1982.5
81,274,224,s,-1,5.0,False,1980.0,1981.25
82,289,890,s,-1,4.0,False,1980.0,1981.0
83,353,425,s,-1,0.0,False,1980.0,1980.0
84,521,259,s,-1,5.0,False,1980.0,1981.25
85,42,989,s,-1,0.0,False,1980.0,1980.0
86,140,554,s,-1,2.0,False,1980.0,1980.5
87,274,425,s,-1,0.0,False,1980.0,1980.0
88,487,23,s,-1,0.0,False,1980.0,1980.0
89,487,438,s,-1,0.0,False,1980.0,1980.0
90,487,989,s,-1,0.0,False,1980.0,1980.0
91,804,720,s,-1,0.0,False,1980.0,1980.0
92,165,720,s,-1,0.0,False,1980.0,1980.0
93,487,174,s,-1,0.0,False,1980.0,1980.0
94,497,633,s,-1,0.0,False,1980.0,1980.0
95,818,438,s,-1,2.0,False,1980.0,1980.5
96,847,405,s,-1,0.0,False,1980.0,1980.0
97,850,23,s,-1,3.0,False,1980.0,1980.75
98,916,259,s,-1,2.0,False,1980.0,1980.5
99,944,406,s,-1,0.0,False,1980.0,1980.0
100,463,122,s,-1,0.0,False,1980.0,1980.0
101,487,5,s,-1,0.0,False,1980.0,1980.0
102,487,145,s,-1,0.0,False,1980.0,1980.0
103,501,633,s,-1,3.0,False,1980.0,1980.75
104,850,720,s,-1,1.0,False,1980.0,1980.25
105,855,790,s,-1,4.0,False,1980.0,1981.0
106,918,728,s,-1,6.0,False,1980.0,1981.5
107,944,440,s,-1,2.0,False,1980.0,1980.5
108,466,890,s,-1,4.0,False,1980.0,1981.0
109,501,90,s,-1,2.0,False,1980.0,1980.5
110,776,956,s,-1,0.0,False,1980.0,1980.0
111,39,438,s,-1,1.0,False,1980.0,1980.25
112,119,408,s,-1,3.0,False,1980.0,1980.75
113,161,890,s,-1,0.0,False,1980.0,1980.0
114,463,720,s,-1,0.0,False,1980.0,1980.0
115,497,340,s,-1,3.0,False,1980.0,1980.75
116,518,982,s,-1,0.0,False,1980.0,1980.0
117,622,946,s,-1,1.0,False,1980.0,1980.25
118,672,340,s,-1,5.0,False,1980.0,1981.25
119,788,340,s,-1,6.0,False,1980.0,1981.5
120,819,956,s,-1,0.0,False,1980.0,1980.0
121,832,946,s,-1,0.0,False,1980.0,1980.0
122,847,543,s,-1,1.0,False,1980.0,1980.25
123,848,876,s,-1,6.0,False,1980.0,1981.5
124,855,633,s,-1,1.0,False,1980.0,1980.25
125,916,440,s,-1,0.0,False,1980.0,1980.0
126,936,340,s,-1,5.0,False,1980.0,1981.25
127,944,6,s,-1,0.0,False,1980.0,1980.0
128,966,890,s,-1,4.0,False,1980.0,1981.0
129,39,762,s,-1,2.0,False,1980.0,1980.5
130,151,843,s,-1,1.0,False,1980.0,1980.25
131,487,116,s,-1,0.0,False,1980.0,1980.0
132,497,425,s,-1,0.0,False,1980.0,1980.0
133,832,982,s,-1,0.0,False,1980.0,1980.0
134,875,762,s,-1,1.0,False,1980.0,1980.25
135,916,41,s,-1,4.0,False,1980.0,1981.0
136,936,890,s,-1,4.0,False,1980.0,1981.0
137,960,425,s,-1,0.0,False,1980.0,1980.0
138,966,6,s,-1,0.0,False,1980.0,1980.0
139,39,406,s,-1,4.0,False,1980.0,1981.0
140,337,425,s,-1,0.0,False,1980.0,1980.0
141,466,425,s,-1,0.0,False,1980.0,1980.0
142,466,985,s,-1,0.0,False,1980.0,1980.0
143,501,406,s,-1,8.0,False,1980.0,1982.0
144,622,985,s,-1,3.0,False,1980.0,1980.75
145,791,302,s,-1,0.0,False,1980.0,1980.0
146,850,986,s,-1,6.0,False,1980.0,1981.5
147,967,982,s,-1,0.0,False,1980.0,1980.0
148,42,408,s,-1,10.0,False,1980.0,1982.5
149,42,956,s,-1,7.0,False,1980.0,1981.75
150,168,543,s,-1,2.0,False,1980.0,1980.5
151,226,438,s,-1,0.0,False,1980.0,1980.0
152,385,752,s,-1,14.0,False,1980.0,1983.5
153,487,21,s,-1,0.0,False,1980.0,1980.0
154,521,224,s,-1,4.0,False,1980.0,1981.0
155,622,6,s,-1,0.0,False,1980.0,1980.0
156,639,438,s,-1,0.0,False,1980.0,1980.0
157,855,438,s,-1,3.0,False,1980.0,1980.75
158,916,425,s,-1,0.0,False,1980.0,1980.0
159,916,543,s,-1,1.0,False,1980.0,1980.25
160,918,537,s,-1,2.0,False,1980.0,1980.5
161,944,90,s,-1,0.0,False,1980.0,1980.0
162,944,425,s,-1,0.0,False,1980.0,1980.0
163,944,633,s,-1,2.0,False,1980.0,1980.5
164,42,554,l,-1,29.0,True,1980.0,1987.25
165,42,679,l,-1,36.0,True,1980.0,1989.0
166,42,890,l,-1,4.0,True,1980.0,1981.0
167,168,425,l,-1,0.0,True,1980.0,1980.0
168,178,438,l,-1,40.0,True,1980.0,1990.0
169,383,440,l,-1,52.0,True,1980.0,1993.0
170,422,6,l,-1,0.0,True,1980.0,1980.0
171,479,6,l,-1,0.0,True,1980.0,1980.0
172,487,449,l,-1,0.0,True,1980.0,1980.0
173,487,554,l,-1,0.0,True,1980.0,1980.0
174,501,182,l,-1,23.0,True,1980.0,1985.75
175,501,543,l,-1,10.0,True,1980.0,1982.5
176,501,679,l,-1,28.0,True,1980.0,1987.0
177,521,890,l,-1,4.0,True,1980.0,1981.0
178,622,633,l,-1,4.0,True,1980.0,1981.0
179,622,762,l,-1,4.0,True,1980.0,1981.0
180,623,537,l,-1,0.0,True,1980.0,1980.0
181,818,145,l,-1,20.0,True,1980.0,1985.0
182,832,839,l,-1,0.0,True,1980.0,1980.0
183,855,989,l,-1,0.0,True,1980.0,1980.0
184,916,6,l,-1,0.0,True,1980.0,1980.0
185,918,438,l,-1,58.0,True,1980.0,1994.5
186,944,110,l,-1,180.0,True,1980.0,2025.0
187,966,425,l,-1,0.0,True,1980.0,1980.0
188,966,633,l,-1,51.0,True,1980.0,1992.75
189,161,425,l,-1,0.0,True,1980.0,1980.0
190,487,720,l,-1,0.0,True,1980.0,1980.0
191,623,425,l,-1,0.0,True,1980.0,1980.0
192,39,6,l,-1,0.0,True,1980.0,1980.0
193,317,956,l,-1,31.0,True,1980.0,1987.75
194,42,790,l,-1,51.0,True,1980.0,1992.75
195,570,760,l,-1,32.0,True,1980.0,1988.0
196,944,340,l,-1,38.0,True,1980.0,1989.5
197,918,989,l,-1,0.0,True,1980.0,1980.0
198,791,259,l,-1,20.0,True,1980.0,1985.0
199,42,438,l,-1,40.0,True,1980.0,1990.0
200,819,890,l,-1,4.0,True,1980.0,1981.0
201,42,537,l,-1,0.0,True,1980.0,1980.0
202,622,890,l,-1,4.0,True,1980.0,1981.0
203,96,890,l,-1,4.0,True,1980.0,1981.0
204,938,985,l,-1,132.0,True,1980.0,2013.0
205,850,537,l,-1,4.0,True,1980.0,1981.0
206,168,982,l,-1,0.0,True,1980.0,1980.0
207,487,839,l,-1,0.0,True,1980.0,1980.0
208,96,543,l,-1,96.0,True,1980.0,2004.0
209,101,406,l,-1,0.0,True,1980.0,1980.0
210,501,790,l,-1,37.0,True,1980.0,1989.25
211,848,425,l,-1,0.0,True,1980.0,1980.0
212,226,985,l,-1,38.0,True,1980.0,1989.5
213,497,890,l,-1,4.0,True,1980.0,1981.0
214,521,985,l,-1,75.0,True,1980.0,1998.75
215,622,340,l,-1,1.0,True,1980.0,1980.25
216,165,969,l,-1,0.0,True,1980.0,1980.0
217,918,890,l,-1,4.0,True,1980.0,1981.0
218,944,790,l,-1,3.0,True,1980.0,1980.75
219,818,989,l,-1,0.0,True,1980.0,1980.0
220,967,790,l,-1,51.0,True,1980.0,1992.75
221,893,406,l,-1,14.0,True,1980.0,1983.5
222,936,956,l,-1,13.0,True,1980.0,1983.25
223,422,406,l,-1,36.0,True,1980.0,1989.0
224,889,760,l,-1,3.0,True,1980.0,1980.75
225,848,890,l,-1,4.0,True,1980.0,1981.0
226,918,959,l,-1,52.0,True,1980.0,1993.0
227,916,762,l,-1,44.0,True,1980.0,1991.0
228,487,760,l,-1,0.0,True,1980.0,1980.0
229,849,302,l,-1,15.0,True,1980.0,1983.75
230,39,5,l,-1,27.0,True,1980.0,1986.75
231,151,554,l,-1,47.0,True,1980.0,1991.75
232,848,985,l,-1,14.0,True,1980.0,1983.5
233,501,762,l,-1,68.0,True,1980.0,1997.0
234,521,425,l,-1,0.0,True,1980.0,1980.0
235,622,790,l,-1,4.0,True,1980.0,1981.0
236,151,989,l,-1,0.0,True,1980.0,1980.0
237,918,839,l,-1,0.0,True,1980.0,1980.0
238,832,890,l,-1,4.0,True,1980.0,1981.0
239,623,839,l,-1,0.0,True,1980.0,1980.0
240,818,839,l,-1,0.0,True,1980.0,1980.0
241,916,679,l,-1,35.0,True,1980.0,1988.75
242,848,41,l,-1,4.0,True,1980.0,1981.0
243,501,41,l,-1,4.0,True,1980.0,1981.0
244,317,406,l,-1,0.0,True,1980.0,1980.0
245,479,425,l,-1,0.0,True,1980.0,1980.0
246,492,720,l,-1,26.0,True,1980.0,1986.5
247,525,956,l,-1,132.0,True,1980.0,2013.0
248,165,839,l,-1,0.0,True,1980.0,1980.0
249,848,762,l,-1,48.0,True,1980.0,1992.0
250,165,986,l,-1,0.0,True,1980.0,1980.0
251,501,6,l,-1,0.0,True,1980.0,1980.0
252,889,969,l,-1,0.0,True,1980.0,1980.0
253,101,425,l,-1,0.0,True,1980.0,1980.0
254,818,174,l,-1,23.0,True,1980.0,1985.75
255,101,340,l,-1,0.0,True,1980.0,1980.0
256,521,302,l,-1,106.0,True,1980.0,2006.5
257,855,720,l,-1,116.0,True,1980.0,2009.0
258,119,839,l,-1,0.0,True,1980.0,1980.0
259,848,340,l,-1,89.0,True,1980.0,2002.25
260,42,985,l,-1,24.0,True,1980.0,1986.0
261,422,985,l,-1,29.0,True,1980.0,1987.25
262,855,762,l,-1,172.0,True,1980.0,2023.0
263,847,985,l,-1,57.0,True,1980.0,1994.25
264,847,956,l,-1,103.0,True,1980.0,2005.75
265,850,760,l,-1,32.0,True,1980.0,1988.0
266,855,956,l,-1,78.0,True,1980.0,1999.5
267,893,302,l,-1,63.0,True,1980.0,1995.75
268,42,982,l,-1,0.0,True,1980.0,1980.0
269,501,199,l,-1,0.0,True,1980.0,1980.0
270,42,182,l,-1,14.0,True,1980.0,1983.5
271,30,890,l,-1,4.0,True,1980.0,1981.0
272,165,369,l,-1,0.0,True,1980.0,1980.0
273,622,41,l,-1,4.0,True,1980.0,1981.0
274,776,302,l,-1,17.0,True,1980.0,1984.25
275,855,543,l,-1,31.0,True,1980.0,1987.75
276,501,325,l,-1,68.0,True,1980.0,1997.0
277,918,985,l,-1,22.0,True,1980.0,1985.5
278,622,956,l,-1,4.0,True,1980.0,1981.0
279,151,959,l,-1,52.0,True,1980.0,1993.0
280,893,138,l,-1,8.0,True,1980.0,1982.0
281,39,985,l,-1,30.0,True,1980.0,1987.5
282,96,199,l,-1,0.0,True,1980.0,1980.0
283,622,425,l,-1,0.0,True,1980.0,1980.0
284,463,554,l,-1,23.0,True,1980.0,1985.75
285,487,579,l,-1,0.0,True,1980.0,1980.0
286,855,537,l,-1,115.0,True,1980.0,2008.75
287,518,406,l,-1,48.0,True,1980.0,1992.0
288,847,406,l,-1,8.0,True,1980.0,1982.0
289,466,762,l,-1,78.0,True,1980.0,1999.5
290,647,956,l,-1,31.0,True,1980.0,1987.75
291,501,440,l,-1,19.0,True,1980.0,1984.75
292,487,252,l,-1,0.0,True,1980.0,1980.0
293,916,406,l,-1,28.0,True,1980.0,1987.0
294,487,959,l,-1,0.0,True,1980.0,1980.0
295,501,890,l,-1,4.0,True,1980.0,1981.0
296,819,790,l,-1,115.0,True,1980.0,2008.75
297,42,762,l,-1,27.0,True,1980.0,1986.75
298,119,761,l,-1,41.0,True,1980.0,1990.25
299,42,543,l,-1,34.0,True,1980.0,1988.5
300,501,775,l,-1,68.0,True,1980.0,1997.0
301,832,720,l,-1,108.0,True,1980.0,2007.0
302,847,890,l,-1,4.0,True,1980.0,1981.0
303,855,890,l,-1,4.0,True,1980.0,1981.0
304,944,775,l,-1,23.0,True,1980.0,1985.75
305,967,890,l,-1,3.0,True,1980.0,1980.75
306,791,890,l,-1,3.0,True,1980.0,1980.75
307,39,182,l,-1,1.0,True,1980.0,1980.25
308,893,890,l,-1,2.0,True,1980.0,1980.5
309,337,956,l,-1,36.0,True,1980.0,1989.0
310,526,325,l,-1,89.0,True,1980.0,2002.25
311,847,340,l,-1,82.0,True,1980.0,2000.5
312,39,537,l,-1,145.0,True,1980.0,2016.25
313,42,605,l,-1,104.0,True,1980.0,2006.0
314,487,946,l,-1,0.0,True,1980.0,1980.0
315,832,438,l,-1,1.0,True,1980.0,1980.25
316,623,762,l,-1,0.0,True,1980.0,1980.0
317,317,890,l,-1,4.0,True,1980.0,1981.0
318,918,314,l,-1,92.0,True,1980.0,2003.0
319,819,425,l,-1,0.0,True,1980.0,1980.0
320,916,956,l,-1,14.0,True,1980.0,1983.5
321,966,790,l,-1,122.0,True,1980.0,2010.5
322,526,890,l,-1,4.0,True,1980.0,1981.0
323,832,425,l,-1,0.0,True,1980.0,1980.0
324,804,404,l,-1,0.0,True,1980.0,1980.0
325,518,554,l,-1,64.0,True,1980.0,1996.0
326,42,145,l,-1,11.0,True,1980.0,1982.75
327,422,199,l,-1,0.0,True,1980.0,1980.0
328,30,406,l,-1,28.0,True,1980.0,1987.0
329,39,325,l,-1,30.0,True,1980.0,1987.5
330,96,425,l,-1,0.0,True,1980.0,1980.0
331,353,302,l,-1,4.0,True,1980.0,1981.0
332,463,537,l,-1,10.0,True,1980.0,1982.5
333,30,440,l,-1,52.0,True,1980.0,1993.0
334,39,890,l,-1,4.0,True,1980.0,1981.0
335,918,138,l,-1,0.0,True,1980.0,1980.0
336,479,110,l,-1,35.0,True,1980.0,1988.75
337,966,762,l,-1,48.0,True,1980.0,1992.0
338,916,890,l,-1,4.0,True,1980.0,1981.0
339,936,110,l,-1,24.0,True,1980.0,1986.0
340,487,982,l,-1,0.0,True,1980.0,1980.0
341,501,956,l,-1,55.0,True,1980.0,1993.75
342,30,224,l,-1,11.0,True,1980.0,1982.75
343,647,425,l,-1,0.0,True,1980.0,1980.0
344,944,890,l,-1,4.0,True,1980.0,1981.0
345,337,985,l,-1,78.0,True,1980.0,1999.5
346,855,145,l,-1,20.0,True,1980.0,1985.0
347,39,790,l,-1,31.0,True,1980.0,1987.75
348,42,314,l,-1,116.0,True,1980.0,2009.0
349,570,449,l,-1,12.0,True,1980.0,1983.0
350,967,425,l,-1,0.0,True,1980.0,1980.0
351,422,762,l,-1,44.0,True,1980.0,1991.0
352,893,340,l,-1,100.0,True,1980.0,2005.0
353,497,224,l,-1,104.0,True,1980.0,2006.0
354,936,302,l,-1,56.0,True,1980.0,1994.0
355,30,1032,s,0,2.0,False,1980.0,1980.5
356,42,1070,s,0,2.0,False,1980.0,1980.5
357,119,537,s,0,4.0,False,1980.0,1981.0
358,168,890,s,0,0.0,False,1980.0,1980.0
359,337,679,s,0,0.0,False,1980.0,1980.0
360,497,985,s,0,5.0,False,1980.0,1981.25
361,501,1032,s,0,10.0,False,1980.0,1982.5
362,501,1045,s,0,3.0,False,1980.0,1980.75
363,526,945,s,0,3.0,False,1980.0,1980.75
364,622,438,s,0,4.0,False,1980.0,1981.0
365,622,1048,s,0,4.0,False,1980.0,1981.0
366,832,138,s,0,5.0,False,1980.0,1981.25
367,855,921,s,0,4.0,False,1980.0,1981.0
368,916,633,s,0,0.0,False,1980.0,1980.0
369,944,41,s,0,4.0,False,1980.0,1981.0
370,944,1032,s,0,3.0,False,1980.0,1980.75
371,1099,907,s,0,0.0,False,1980.0,1980.0
372,1112,720,s,0,1.0,False,1980.0,1980.25
373,1132,1057,s,0,10.0,False,1980.0,1982.5
374,1132,1066,s,0,8.0,False,1980.0,1982.0
375,42,1052,s,0,4.0,False,1980.0,1981.0
376,96,302,s,0,20.0,False,1980.0,1985.0
377,143,449,s,0,8.0,False,1980.0,1982.0
378,463,760,s,0,10.0,False,1980.0,1982.5
379,501,408,s,0,0.0,False,1980.0,1980.0
380,518,340,s,0,4.0,False,1980.0,1981.0
381,622,554,s,0,2.0,False,1980.0,1980.5
382,818,1053,s,0,1.0,False,1980.0,1980.25
383,818,1070,s,0,1.0,False,1980.0,1980.25
384,848,440,s,0,7.0,False,1980.0,1981.75
385,916,605,s,0,1.0,False,1980.0,1980.25
386,916,790,s,0,7.0,False,1980.0,1981.75
387,916,1030,s,0,1.0,False,1980.0,1980.25
388,918,36,s,0,1.0,False,1980.0,1980.25
389,918,1065,s,0,1.0,False,1980.0,1980.25
390,966,110,s,0,8.0,False,1980.0,1982.0
391,1099,890,s,0,4.0,False,1980.0,1981.0
392,1132,720,s,0,13.0,False,1980.0,1983.25
393,30,679,s,0,2.0,False,1980.0,1980.5
394,39,543,s,0,1.0,False,1980.0,1980.25
395,42,5,s,0,3.0,False,1980.0,1980.75
396,119,890,s,0,2.0,False,1980.0,1980.5
397,501,302,s,0,2.0,False,1980.0,1980.5
398,819,90,s,0,6.0,False,1980.0,1981.5
399,832,1035,s,0,6.0,False,1980.0,1981.5
400,848,1032,s,0,1.0,False,1980.0,1980.25
401,916,325,s,0,10.0,False,1980.0,1982.5
402,916,1028,s,0,1.0,False,1980.0,1980.25
403,936,762,s,0,6.0,False,1980.0,1981.5
404,944,408,s,0,2.0,False,1980.0,1980.5
405,944,605,s,0,13.0,False,1980.0,1983.25
406,967,762,s,0,2.0,False,1980.0,1980.5
407,967,1049,s,0,1.0,False,1980.0,1980.25
408,317,790,l,0,112.0,True,1980.0,2008.0
409,944,956,l,0,46.0,True,1980.0,1991.5
410,855,1053,l,0,35.0,True,1980.0,1988.75
411,944,985,l,0,20.0,True,1980.0,1985.0
412,30,259,s,1,36.0,False,1980.25,1989.0
413,30,775,s,1,6.0,False,1980.25,1981.5
414,42,537,s,1,1.0,False,1980.25,1980.25
415,42,720,s,1,7.0,False,1980.25,1981.75
416,42,761,s,1,1.0,False,1980.25,1980.25
417,42,1032,s,1,12.0,False,1980.25,1983.0
418,42,1048,s,1,4.0,False,1980.25,1981.0
419,42,1053,s,1,7.0,False,1980.25,1981.75
420,151,1065,s,1,9.0,False,1980.25,1982.25
421,161,890,s,1,3.0,False,1980.25,1980.75
422,168,537,s,1,5.0,False,1980.25,1981.25
423,672,438,s,1,5.0,False,1980.25,1981.25
424,674,1067,s,1,8.0,False,1980.25,1982.0
425,819,138,s,1,8.0,False,1980.25,1982.0
426,848,259,s,1,3.0,False,1980.25,1980.75
427,850,438,s,1,7.0,False,1980.25,1981.75
428,944,406,s,1,10.0,False,1980.25,1982.5
429,944,1044,s,1,2.0,False,1980.25,1980.5
430,967,956,s,1,1.0,False,1980.25,1980.25
431,1099,302,s,1,5.0,False,1980.25,1981.25
432,1099,907,s,1,1.0,False,1980.25,1980.25
433,1132,554,s,1,1.0,False,1980.25,1980.25
434,1132,760,s,1,1.0,False,1980.25,1980.25
435,39,1035,s,1,2.0,False,1980.25,1980.5
436,140,404,s,1,3.0,False,1980.25,1980.75
437,420,752,s,1,5.0,False,1980.25,1981.25
438,422,890,s,1,4.0,False,1980.25,1981.0
439,501,224,s,1,11.0,False,1980.25,1982.75
440,818,5,s,1,3.0,False,1980.25,1980.75
441,832,543,s,1,2.0,False,1980.25,1980.5
442,847,633,s,1,14.0,False,1980.25,1983.5
443,847,762,s,1,5.0,False,1980.25,1981.25
444,918,1070,s,1,2.0,False,1980.25,1980.5
445,936,259,s,1,6.0,False,1980.25,1981.5
446,936,405,s,1,10.0,False,1980.25,1982.5
447,936,1028,s,1,2.0,False,1980.25,1980.5
448,1132,1067,s,1,1.0,False,1980.25,1980.25
449,39,1032,s,1,3.0,False,1980.25,1980.75
450,42,440,s,1,5.0,False,1980.25,1981.25
451,161,302,s,1,4.0,False,1980.25,1981.0
452,274,90,s,1,2.0,False,1980.25,1980.5
453,497,679,s,1,9.0,False,1980.25,1982.25
454,501,259,s,1,11.0,False,1980.25,1982.75
455,518,633,s,1,4.0,False,1980.25,1981.0
456,521,90,s,1,7.0,False,1980.25,1981.75
457,526,985,s,1,11.0,False,1980.25,1982.75
458,818,728,s,1,2.0,False,1980.25,1980.5
459,848,761,s,1,4.0,False,1980.25,1981.0
460,867,302,s,1,5.0,False,1980.25,1981.25
461,1098,876,s,1,7.0,False,1980.25,1981.75
462,1099,259,s,1,2.0,False,1980.25,1980.5
463,1105,790,s,1,6.0,False,1980.25,1981.5
464,1112,145,s,1,6.0,False,1980.25,1981.5
465,1112,537,s,1,4.0,False,1980.25,1981.0
466,497,1032,l,1,93.0,True,1980.25,2003.25
467,501,1028,l,1,6.0,True,1980.25,1981.5
468,918,1035,l,1,92.0,True,1980.25,2003.0
469,30,90,s,2,9.0,False,1980.5,1982.25
470,151,720,s,2,10.0,False,1980.5,1982.5
471,168,438,s,2,3.0,False,1980.5,1980.75
472,178,890,s,2,4.0,False,1980.5,1981.0
473,226,438,s,2,2.0,False,1980.5,1980.5
474,463,720,s,2,7.0,False,1980.5,1981.75
475,501,1048,s,2,4.0,False,1980.5,1981.0
476,818,314,s,2,4.0,False,1980.5,1981.0
477,819,1052,s,2,6.0,False,1980.5,1981.5
478,848,406,s,2,6.0,False,1980.5,1981.5
479,849,138,s,2,6.0,False,1980.5,1981.5
480,850,720,s,2,6.0,False,1980.5,1981.5
481,855,5,s,2,5.0,False,1980.5,1981.25
482,855,959,s,2,2.0,False,1980.5,1980.5
483,916,302,s,2,6.0,False,1980.5,1981.5
484,944,1048,s,2,2.0,False,1980.5,1980.5
485,1112,890,s,2,4.0,False,1980.5,1981.0
486,1132,23,s,2,2.0,False,1980.5,1980.5
487,1132,760,s,2,3.0,False,1980.5,1980.75
488,1132,1065,s,2,2.0,False,1980.5,1980.5
489,42,138,s,2,5.0,False,1980.5,1981.25
490,42,1045,s,2,5.0,False,1980.5,1981.25
491,96,762,s,2,6.0,False,1980.5,1981.5
492,151,760,s,2,7.0,False,1980.5,1981.75
493,178,1070,s,2,3.0,False,1980.5,1980.75
494,383,1032,s,2,4.0,False,1980.5,1981.0
495,622,1049,s,2,3.0,False,1980.5,1980.75
496,776,340,s,2,9.0,False,1980.5,1982.25
497,832,1037,s,2,5.0,False,1980.5,1981.25
498,848,1032,s,2,7.0,False,1980.5,1981.75
499,916,1030,s,2,3.0,False,1980.5,1980.75
500,918,790,s,2,7.0,False,1980.5,1981.75
501,936,1032,s,2,10.0,False,1980.5,1982.5
502,944,90,s,2,11.0,False,1980.5,1982.75
503,1112,720,s,2,5.0,False,1980.5,1981.25
504,1132,946,s,2,3.0,False,1980.5,1980.75
505,30,762,s,2,5.0,False,1980.5,1981.25
506,119,1045,s,2,3.0,False,1980.5,1980.75
507,130,890,s,2,4.0,False,1980.5,1981.0
508,140,1064,s,2,4.0,False,1980.5,1981.0
509,521,340,s,2,6.0,False,1980.5,1981.5
510,818,633,s,2,5.0,False,1980.5,1981.25
511,818,1057,s,2,3.0,False,1980.5,1980.75
512,818,1067,s,2,6.0,False,1980.5,1981.5
513,832,1057,s,2,6.0,False,1980.5,1981.5
514,850,1070,s,2,3.0,False,1980.5,1980.75
515,855,1057,s,2,6.0,False,1980.5,1981.5
516,893,985,s,2,5.0,False,1980.5,1981.25
517,944,259,s,2,7.0,False,1980.5,1981.75
518,966,1032,s,2,3.0,False,1980.5,1980.75
519,967,1067,s,2,9.0,False,1980.5,1982.25
520,274,890,l,2,4.0,True,1980.5,1981.0
521,916,1032,l,2,85.0,True,1980.5,2001.25
522,140,1057,l,2,4.0,True,1980.5,1981.0
523,168,554,l,2,64.0,True,1980.5,1996.0
524,518,890,l,2,4.0,True,1980.5,1981.0
525,916,259,l,2,5.0,True,1980.5,1981.25
526,39,36,s,3,4.0,False,1980.75,1981.0
527,39,438,s,3,10.0,False,1980.75,1982.5
528,42,537,s,3,5.0,False,1980.75,1981.25
529,42,760,s,3,6.0,False,1980.75,1981.5
530,119,876,s,3,5.0,False,1980.75,1981.25
531,518,543,s,3,5.0,False,1980.75,1981.25
532,776,890,s,3,4.0,False,1980.75,1981.0
533,850,1067,s,3,9.0,False,1980.75,1982.25
534,918,1070,s,3,7.0,False,1980.75,1981.75
535,1099,762,s,3,8.0,False,1980.75,1982.0
536,1112,1070,s,3,19.0,False,1980.75,1984.75
537,1132,174,s,3,4.0,False,1980.75,1981.0
538,30,1028,s,3,19.0,False,1980.75,1984.75
539,42,340,s,3,5.0,False,1980.75,1981.25
540,168,720,s,3,4.0,False,1980.75,1981.0
541,501,302,s,3,16.0,False,1980.75,1984.0
542,501,985,s,3,5.0,False,1980.75,1981.25
543,501,1044,s,3,7.0,False,1980.75,1981.75
544,526,907,s,3,8.0,False,1980.75,1982.0
545,818,438,s,3,9.0,False,1980.75,1982.25
546,819,302,s,3,17.0,False,1980.75,1984.25
547,849,890,s,3,4.0,False,1980.75,1981.0
548,1112,554,s,3,24.0,False,1980.75,1986.0
549,1132,449,s,3,12.0,False,1980.75,1983.0
550,501,110,s,3,9.0,False,1980.75,1982.25
551,622,1044,s,3,4.0,False,1980.75,1981.0
552,850,1053,s,3,4.0,False,1980.75,1981.0
553,855,985,s,3,5.0,False,1980.75,1981.25
554,944,633,s,3,7.0,False,1980.75,1981.75
555,944,762,s,3,11.0,False,1980.75,1982.75
556,944,790,s,3,23.0,False,1980.75,1985.75
557,944,1030,s,3,5.0,False,1980.75,1981.25
558,1088,1032,s,3,4.0,False,1980.75,1981.0
559,1099,259,s,3,5.0,False,1980.75,1981.25
560,1139,760,s,3,4.0,False,1980.75,1981.0
561,42,1070,l,3,8.0,True,1980.75,1982.0
562,119,325,l,3,101.0,True,1980.75,2005.25
563,832,1048,l,3,33.0,True,1980.75,1988.25
564,850,1065,l,3,32.0,True,1980.75,1988.0
565,936,907,l,3,62.0,True,1980.75,1995.5
566,39,369,l,3,9.0,True,1980.75,1982.25
567,42,633,l,3,8.0,True,1980.75,1982.0
568,226,890,l,3,4.0,True,1980.75,1981.0
569,848,679,l,3,12.0,True,1980.75,1983.0
570,944,1048,l,3,160.0,True,1980.75,2020.0
571,1098,890,l,3,4.0,True,1980.75,1981.0
572,850,145,l,3,20.0,True,1980.75,1985.0
573,967,1057,l,3,11.0,True,1980.75,1982.75
574,39,679,s,4,6.0,False,1981.0,1981.5
575,96,1044,s,4,6.0,False,1981.0,1981.5
576,168,790,s,4,6.0,False,1981.0,1981.5
577,497,605,s,4,6.0,False,1981.0,1981.5
578,501,340,s,4,9.0,False,1981.0,1982.25
579,501,761,s,4,5.0,False,1981.0,1981.25
580,526,302,s,4,9.0,False,1981.0,1982.25
581,547,23,s,4,4.0,False,1981.0,1981.0
582,672,720,s,4,4.0,False,1981.0,1981.0
583,832,537,s,4,13.0,False,1981.0,1983.25
584,847,110,s,4,11.0,False,1981.0,1982.75
585,847,790,s,4,10.0,False,1981.0,1982.5
586,850,1057,s,4,21.0,False,1981.0,1985.25
587,855,438,s,4,10.0,False,1981.0,1982.5
588,916,1028,s,4,18.0,False,1981.0,1984.5
589,936,1028,s,4,5.0,False,1981.0,1981.25
590,936,1030,s,4,7.0,False,1981.0,1981.75
591,944,1037,s,4,11.0,False,1981.0,1982.75
592,967,438,s,4,6.0,False,1981.0,1981.5
593,991,406,s,4,5.0,False,1981.0,1981.25
594,1099,406,s,4,4.0,False,1981.0,1981.0
595,1099,679,s,4,4.0,False,1981.0,1981.0
596,1106,1052,s,4,8.0,False,1981.0,1982.0
597,1132,843,s,4,5.0,False,1981.0,1981.25
598,42,5,s,4,6.0,False,1981.0,1981.5
599,161,762,s,4,5.0,False,1981.0,1981.25
600,501,1030,s,4,4.0,False,1981.0,1981.0
601,518,138,s,4,7.0,False,1981.0,1981.75
602,518,956,s,4,7.0,False,1981.0,1981.75
603,526,406,s,4,5.0,False,1981.0,1981.25
604,818,1049,s,4,9.0,False,1981.0,1982.25
605,850,404,s,4,9.0,False,1981.0,1982.25
606,916,90,s,4,12.0,False,1981.0,1983.0
607,918,946,s,4,13.0,False,1981.0,1983.25
608,944,302,s,4,24.0,False,1981.0,1986.0
609,966,956,s,4,5.0,False,1981.0,1981.25
610,1112,1064,s,4,7.0,False,1981.0,1981.75
611,96,138,s,4,8.0,False,1981.0,1982.0
612,151,946,s,4,21.0,False,1981.0,1985.25
613,570,752,s,4,12.0,False,1981.0,1983.0
614,672,956,s,4,5.0,False,1981.0,1981.25
615,818,790,s,4,7.0,False,1981.0,1981.75
616,819,775,s,4,11.0,False,1981.0,1982.75
617,850,1070,s,4,17.0,False,1981.0,1984.25
618,916,182,s,4,9.0,False,1981.0,1982.25
619,944,1035,s,4,12.0,False,1981.0,1983.0
620,944,1049,s,4,5.0,False,1981.0,1981.25
621,966,1028,s,4,6.0,False,1981.0,1981.5
622,1099,1028,s,4,11.0,False,1981.0,1982.75
623,1112,1057,s,4,11.0,False,1981.0,1982.75
624,518,1048,l,4,73.0,True,1981.0,1998.25
625,1106,762,l,4,132.0,True,1981.0,2013.0
626,42,1035,l,4,124.0,True,1981.0,2011.0
627,42,1048,l,4,109.0,True,1981.0,2007.25
628,526,679,l,4,43.0,True,1981.0,1990.75
629,96,406,s,5,16.0,False,1981.25,1984.0
630,161,633,s,5,10.0,False,1981.25,1982.5
631,463,1053,s,5,6.0,False,1981.25,1981.5
632,518,1067,s,5,7.0,False,1981.25,1981.75
633,855,633,s,5,9.0,False,1981.25,1982.25
634,918,554,s,5,15.0,False,1981.25,1983.75
635,918,1048,s,5,8.0,False,1981.25,1982.0
636,918,1067,s,5,7.0,False,1981.25,1981.75
637,944,679,s,5,10.0,False,1981.25,1982.5
638,967,1053,s,5,5.0,False,1981.25,1981.25
639,1105,138,s,5,5.0,False,1981.25,1981.25
640,1132,959,s,5,7.0,False,1981.25,1981.75
641,1176,438,s,5,12.0,False,1981.25,1983.0
642,42,110,s,5,7.0,False,1981.25,1981.75
643,42,1057,s,5,30.0,False,1981.25,1987.5
644,96,790,s,5,7.0,False,1981.25,1981.75
645,161,1049,s,5,11.0,False,1981.25,1982.75
646,168,1053,s,5,8.0,False,1981.25,1982.0
647,236,340,s,5,10.0,False,1981.25,1982.5
648,501,90,s,5,11.0,False,1981.25,1982.75
649,818,5,s,5,7.0,False,1981.25,1981.75
650,819,985,s,5,5.0,False,1981.25,1981.25
651,832,1070,s,5,10.0,False,1981.25,1982.5
652,847,876,s,5,6.0,False,1981.25,1981.5
653,855,790,s,5,10.0,False,1981.25,1982.5
654,893,1028,s,5,21.0,False,1981.25,1985.25
655,944,1028,s,5,11.0,False,1981.25,1982.75
656,1088,1028,s,5,6.0,False,1981.25,1981.5
657,1099,1048,s,5,11.0,False,1981.25,1982.75
658,1132,1070,s,5,8.0,False,1981.25,1982.0
659,1174,543,s,5,8.0,False,1981.25,1982.0
660,30,1032,s,5,8.0,False,1981.25,1982.0
661,151,1070,s,5,11.0,False,1981.25,1982.75
662,463,1065,s,5,14.0,False,1981.25,1983.5
663,501,633,s,5,13.0,False,1981.25,1983.25
664,518,790,s,5,7.0,False,1981.25,1981.75
665,849,90,s,5,14.0,False,1981.25,1983.5
666,850,449,s,5,7.0,False,1981.25,1981.75
667,893,1048,s,5,10.0,False,1981.25,1982.5
668,916,340,s,5,15.0,False,1981.25,1983.75
669,967,1049,s,5,6.0,False,1981.25,1981.5
670,1174,1048,s,5,8.0,False,1981.25,1982.0
671,944,1032,l,5,75.0,True,1981.25,1998.75
672,1099,985,l,5,77.0,True,1981.25,1999.25
673,501,1052,l,5,68.0,True,1981.25,1997.0
674,966,259,l,5,37.0,True,1981.25,1989.25
675,42,369,s,6,7.0,False,1981.5,1981.75
676,383,406,s,6,10.0,False,1981.5,1982.5
677,466,1028,s,6,8.0,False,1981.5,1982.0
678,501,1030,s,6,9.0,False,1981.5,1982.25
679,526,259,s,6,9.0,False,1981.5,1982.25
680,818,1048,s,6,7.0,False,1981.5,1981.75
681,818,1070,s,6,10.0,False,1981.5,1982.5
682,848,1030,s,6,11.0,False,1981.5,1982.75
683,849,1048,s,6,8.0,False,1981.5,1982.0
684,936,340,s,6,6.0,False,1981.5,1981.5
685,936,406,s,6,14.0,False,1981.5,1983.5
686,966,679,s,6,16.0,False,1981.5,1984.0
687,1099,1045,s,6,7.0,False,1981.5,1981.75
688,1112,1053,s,6,17.0,False,1981.5,1984.25
689,1174,438,s,6,8.0,False,1981.5,1982.0
690,119,1067,s,6,9.0,False,1981.5,1982.25
691,226,887,s,6,10.0,False,1981.5,1982.5
692,274,302,s,6,7.0,False,1981.5,1981.75
693,463,1067,s,6,10.0,False,1981.5,1982.5
694,466,110,s,6,8.0,False,1981.5,1982.0
695,518,633,s,6,6.0,False,1981.5,1981.5
696,818,537,s,6,6.0,False,1981.5,1981.5
697,818,1035,s,6,9.0,False,1981.5,1982.25
698,848,1028,s,6,8.0,False,1981.5,1982.0
699,893,543,s,6,8.0,False,1981.5,1982.0
700,916,605,s,6,8.0,False,1981.5,1982.0
701,936,1028,s,6,9.0,False,1981.5,1982.25
702,944,325,s,6,11.0,False,1981.5,1982.75
703,1099,340,s,6,8.0,False,1981.5,1982.0
704,1132,760,s,6,7.0,False,1981.5,1981.75
705,42,921,s,6,7.0,False,1981.5,1981.75
706,161,1035,s,6,10.0,False,1981.5,1982.5
707,330,302,s,6,10.0,False,1981.5,1982.5
708,330,406,s,6,12.0,False,1981.5,1983.0
709,466,302,s,6,8.0,False,1981.5,1982.0
710,501,1035,s,6,10.0,False,1981.5,1982.5
711,518,985,s,6,8.0,False,1981.5,1982.0
712,526,406,s,6,9.0,False,1981.5,1982.25
713,638,956,s,6,17.0,False,1981.5,1984.25
714,818,23,s,6,11.0,False,1981.5,1982.75
715,818,1057,s,6,12.0,False,1981.5,1983.0
716,848,325,s,6,18.0,False,1981.5,1984.5
717,848,956,s,6,14.0,False,1981.5,1983.5
718,855,408,s,6,11.0,False,1981.5,1982.75
719,944,1030,s,6,8.0,False,1981.5,1982.0
720,966,1032,s,6,13.0,False,1981.5,1983.25
721,1099,406,s,6,22.0,False,1981.5,1985.5
722,1099,1032,s,6,7.0,False,1981.5,1981.75
723,39,1067,l,6,56.0,True,1981.5,1994.0
724,42,1049,l,6,60.0,True,1981.5,1995.0
725,672,679,l,6,12.0,True,1981.5,1983.0
726,39,1035,l,6,7.0,True,1981.5,1981.75
727,916,440,l,6,52.0,True,1981.5,1993.0
728,39,1057,s,7,13.0,False,1981.75,1983.25
729,168,438,s,7,8.0,False,1981.75,1982.0
730,277,1166,s,7,9.0,False,1981.75,1982.25
731,501,605,s,7,7.0,False,1981.75,1981.75
732,501,985,s,7,22.0,False,1981.75,1985.5
733,819,543,s,7,9.0,False,1981.75,1982.25
734,916,302,s,7,7.0,False,1981.75,1981.75
735,918,537,s,7,11.0,False,1981.75,1982.75
736,934,302,s,7,8.0,False,1981.75,1982.0
737,936,605,s,7,15.0,False,1981.75,1983.75
738,1088,406,s,7,7.0,False,1981.75,1981.75
739,1112,790,s,7,11.0,False,1981.75,1982.75
740,1132,404,s,7,11.0,False,1981.75,1982.75
741,30,325,s,7,9.0,False,1981.75,1982.25
742,226,5,s,7,11.0,False,1981.75,1982.75
743,235,1028,s,7,8.0,False,1981.75,1982.0
744,317,1028,s,7,9.0,False,1981.75,1982.25
745,501,1028,s,7,24.0,False,1981.75,1986.0
746,526,138,s,7,8.0,False,1981.75,1982.0
747,791,302,s,7,10.0,False,1981.75,1982.5
748,918,1052,s,7,7.0,False,1981.75,1981.75
749,918,1057,s,7,10.0,False,1981.75,1982.5
750,1132,138,s,7,8.0,False,1981.75,1982.0
751,39,1035,s,7,8.0,False,1981.75,1982.0
752,96,1028,s,7,9.0,False,1981.75,1982.25
753,501,391,s,7,9.0,False,1981.75,1982.25
754,818,554,s,7,8.0,False,1981.75,1982.0
755,848,406,s,7,17.0,False,1981.75,1984.25
756,916,1045,s,7,9.0,False,1981.75,1982.25
757,936,259,s,7,11.0,False,1981.75,1982.75
758,944,440,s,7,8.0,False,1981.75,1982.0
759,1099,325,s,7,14.0,False,1981.75,1983.5
760,1099,633,s,7,13.0,False,1981.75,1983.25
761,1099,1035,s,7,9.0,False,1981.75,1982.25
762,30,302,l,7,217.0,True,1981.75,2034.25
763,39,633,l,7,28.0,True,1981.75,1987.0
764,916,259,l,7,83.0,True,1981.75,2000.75
765,1112,720,l,7,22.0,True,1981.75,1985.5
766,143,404,l,7,8.0,True,1981.75,1982.0
767,818,1053,l,7,104.0,True,1981.75,2006.0
768,967,760,l,7,32.0,True,1981.75,1988.0
769,1112,438,l,7,13.0,True,1981.75,1983.25
770,226,762,l,7,32.0,True,1981.75,1988.0
771,918,1067,l,7,49.0,True,1981.75,1992.25
772,42,1053,s,8,8.0,False,1982.0,1982.0
773,151,1067,s,8,9.0,False,1982.0,1982.25
774,172,110,s,8,10.0,False,1982.0,1982.5
775,172,1028,s,8,16.0,False,1982.0,1984.0
776,466,259,s,8,8.0,False,1982.0,1982.0
777,501,1049,s,8,14.0,False,1982.0,1983.5
778,518,633,s,8,14.0,False,1982.0,1983.5
779,916,110,s,8,11.0,False,1982.0,1982.75
780,966,1028,s,8,11.0,False,1982.0,1982.75
781,966,1030,s,8,13.0,False,1982.0,1983.25
782,39,762,s,8,10.0,False,1982.0,1982.5
783,42,720,s,8,14.0,False,1982.0,1983.5
784,42,956,s,8,19.0,False,1982.0,1984.75
785,96,369,s,8,12.0,False,1982.0,1983.0
786,172,340,s,8,13.0,False,1982.0,1983.25
787,172,1030,s,8,13.0,False,1982.0,1983.25
788,317,775,s,8,13.0,False,1982.0,1983.25
789,466,956,s,8,12.0,False,1982.0,1983.0
790,672,956,s,8,10.0,False,1982.0,1982.5
791,832,1057,s,8,8.0,False,1982.0,1982.0
792,855,1049,s,8,10.0,False,1982.0,1982.5
793,918,145,s,8,12.0,False,1982.0,1983.0
794,967,438,s,8,10.0,False,1982.0,1982.5
795,1088,775,s,8,23.0,False,1982.0,1985.75
796,30,633,s,8,14.0,False,1982.0,1983.5
797,151,438,s,8,15.0,False,1982.0,1983.75
798,151,760,s,8,10.0,False,1982.0,1982.5
799,168,790,s,8,20.0,False,1982.0,1985.0
800,172,90,s,8,16.0,False,1982.0,1984.0
801,172,956,s,8,12.0,False,1982.0,1983.0
802,274,679,s,8,12.0,False,1982.0,1983.0
803,526,1032,s,8,31.0,False,1982.0,1987.75
804,818,605,s,8,10.0,False,1982.0,1982.5
805,819,985,s,8,10.0,False,1982.0,1982.5
806,832,174,s,8,9.0,False,1982.0,1982.25
807,855,325,s,8,14.0,False,1982.0,1983.5
808,916,302,s,8,14.0,False,1982.0,1983.5
809,916,1049,s,8,12.0,False,1982.0,1983.0
810,967,720,s,8,9.0,False,1982.0,1982.25
811,1132,438,s,8,16.0,False,1982.0,1984.0
812,1132,1067,s,8,11.0,False,1982.0,1982.75
813,893,438,l,8,11.0,True,1982.0,1982.75
814,518,985,l,8,80.0,True,1982.0,2000.0
815,42,110,s,9,9.0,False,1982.25,1982.25
816,96,1032,s,9,14.0,False,1982.25,1983.5
817,168,1065,s,9,11.0,False,1982.25,1982.75
818,274,90,s,9,9.0,False,1982.25,1982.25
819,330,1028,s,9,11.0,False,1982.25,1982.75
820,518,1053,s,9,10.0,False,1982.25,1982.5
821,672,790,s,9,13.0,False,1982.25,1983.25
822,818,109,s,9,11.0,False,1982.25,1982.75
823,819,1028,s,9,12.0,False,1982.25,1983.0
824,848,876,s,9,11.0,False,1982.25,1982.75
825,936,1020,s,9,14.0,False,1982.25,1983.5
826,967,1166,s,9,17.0,False,1982.25,1984.25
827,1099,340,s,9,14.0,False,1982.25,1983.5
828,383,302,s,9,10.0,False,1982.25,1982.5
829,501,876,s,9,11.0,False,1982.25,1982.75
830,518,110,s,9,15.0,False,1982.25,1983.75
831,526,1049,s,9,16.0,False,1982.25,1984.0
832,759,1028,s,9,13.0,False,1982.25,1983.25
833,819,956,s,9,15.0,False,1982.25,1983.75
834,832,314,s,9,12.0,False,1982.25,1983.0
835,848,1032,s,9,10.0,False,1982.25,1982.5
836,889,1070,s,9,10.0,False,1982.25,1982.5
837,916,605,s,9,10.0,False,1982.25,1982.5
838,918,1053,s,9,10.0,False,1982.25,1982.5
839,918,1070,s,9,13.0,False,1982.25,1983.25
840,967,1053,s,9,14.0,False,1982.25,1983.5
841,1174,1065,s,9,9.0,False,1982.25,1982.25
842,96,1035,s,9,13.0,False,1982.25,1983.25
843,168,985,s,9,10.0,False,1982.25,1982.5
844,172,775,s,9,11.0,False,1982.25,1982.75
845,274,1030,s,9,10.0,False,1982.25,1982.5
846,818,985,s,9,11.0,False,1982.25,1982.75
847,832,790,s,9,17.0,False,1982.25,1984.25
848,832,1053,s,9,15.0,False,1982.25,1983.75
849,1174,438,s,9,15.0,False,1982.25,1983.75
850,42,1053,l,9,101.0,True,1982.25,2005.25
851,501,340,l,9,22.0,True,1982.25,1985.5
852,819,1049,l,9,56.0,True,1982.25,1994.0
853,916,790,l,9,136.0,True,1982.25,2014.0
854,967,1070,l,9,61.0,True,1982.25,1995.25
855,30,762,l,9,40.0,True,1982.25,1990.0
856,96,1030,l,9,60.0,True,1982.25,1995.0
857,518,537,l,9,74.0,True,1982.25,1998.5
858,1097,325,l,9,27.0,True,1982.25,1986.75
859,42,1067,s,10,12.0,False,1982.5,1983.0
860,161,985,s,10,11.0,False,1982.5,1982.75
861,172,406,s,10,19.0,False,1982.5,1984.75
862,497,605,s,10,11.0,False,1982.5,1982.75
863,518,1035,s,10,13.0,False,1982.5,1983.25
864,776,956,s,10,13.0,False,1982.5,1983.25
865,848,543,s,10,11.0,False,1982.5,1982.75
866,855,174,s,10,12.0,False,1982.5,1983.0
867,855,1048,s,10,10.0,False,1982.5,1982.5
868,936,340,s,10,10.0,False,1982.5,1982.5
869,967,1035,s,10,16.0,False,1982.5,1984.0
870,1112,1049,s,10,10.0,False,1982.5,1982.5
871,30,1035,s,10,14.0,False,1982.5,1983.5
872,39,1035,s,10,17.0,False,1982.5,1984.25
873,96,340,s,10,16.0,False,1982.5,1984.0
874,168,1066,s,10,11.0,False,1982.5,1982.75
875,172,302,s,10,26.0,False,1982.5,1986.5
876,172,679,s,10,12.0,False,1982.5,1983.0
877,317,679,s,10,19.0,False,1982.5,1984.75
878,422,956,s,10,14.0,False,1982.5,1983.5
879,463,1064,s,10,21.0,False,1982.5,1985.25
880,501,406,s,10,21.0,False,1982.5,1985.25
881,776,761,s,10,10.0,False,1982.5,1982.5
882,818,762,s,10,15.0,False,1982.5,1983.75
883,832,438,s,10,12.0,False,1982.5,1983.0
884,848,302,s,10,11.0,False,1982.5,1982.75
885,848,1035,s,10,16.0,False,1982.5,1984.0
886,855,554,s,10,15.0,False,1982.5,1983.75
887,936,1028,s,10,21.0,False,1982.5,1985.25
888,1099,790,s,10,12.0,False,1982.5,1983.0
889,1112,946,s,10,11.0,False,1982.5,1982.75
890,1174,720,s,10,11.0,False,1982.5,1982.75
891,1176,720,s,10,12.0,False,1982.5,1983.0
892,119,543,s,10,17.0,False,1982.5,1984.25
893,168,760,s,10,13.0,False,1982.5,1983.25
894,226,1053,s,10,11.0,False,1982.5,1982.75
895,317,1035,s,10,14.0,False,1982.5,1983.5
896,422,679,s,10,14.0,False,1982.5,1983.5
897,466,605,s,10,39.0,False,1982.5,1989.75
898,792,679,s,10,11.0,False,1982.5,1982.75
899,855,985,s,10,14.0,False,1982.5,1983.5
900,918,5,s,10,14.0,False,1982.5,1983.5
901,966,406,s,10,11.0,False,1982.5,1982.75
902,967,145,s,10,14.0,False,1982.5,1983.5
903,1132,760,s,10,21.0,False,1982.5,1985.25
904,967,537,l,10,32.0,True,1982.5,1988.0
905,1099,679,l,10,142.0,True,1982.5,2015.5
906,42,1064,l,10,36.0,True,1982.5,1989.0
907,889,843,l,10,25.0,True,1982.5,1986.25
908,918,1053,l,10,92.0,True,1982.5,2003.0
909,39,145,s,11,12.0,False,1982.75,1983.0
910,39,554,s,11,11.0,False,1982.75,1982.75
911,42,633,s,11,14.0,False,1982.75,1983.5
912,119,1032,s,11,12.0,False,1982.75,1983.0
913,317,762,s,11,18.0,False,1982.75,1984.5
914,337,391,s,11,13.0,False,1982.75,1983.25
915,501,110,s,11,11.0,False,1982.75,1982.75
916,501,907,s,11,11.0,False,1982.75,1982.75
917,501,1045,s,11,19.0,False,1982.75,1984.75
918,526,543,s,11,24.0,False,1982.75,1986.0
919,918,1049,s,11,20.0,False,1982.75,1985.0
920,966,1053,s,11,11.0,False,1982.75,1982.75
921,1088,440,s,11,12.0,False,1982.75,1983.0
922,1175,720,s,11,12.0,False,1982.75,1983.0
923,96,1045,s,11,12.0,False,1982.75,1983.0
924,501,391,s,11,12.0,False,1982.75,1983.0
925,518,1053,s,11,22.0,False,1982.75,1985.5
926,818,438,s,11,16.0,False,1982.75,1984.0
927,850,779,s,11,13.0,False,1982.75,1983.25
928,855,438,s,11,12.0,False,1982.75,1983.0
929,936,1049,s,11,12.0,False,1982.75,1983.0
930,966,110,s,11,16.0,False,1982.75,1984.0
931,1099,956,s,11,13.0,False,1982.75,1983.25
932,1174,1053,s,11,12.0,False,1982.75,1983.0
933,39,1048,s,11,14.0,False,1982.75,1983.5
934,42,1066,s,11,12.0,False,1982.75,1983.0
935,172,224,s,11,14.0,False,1982.75,1983.5
936,518,391,s,11,12.0,False,1982.75,1983.0
937,916,633,s,11,13.0,False,1982.75,1983.25
938,916,1035,s,11,17.0,False,1982.75,1984.25
939,918,1057,s,11,12.0,False,1982.75,1983.0
940,936,1030,s,11,19.0,False,1982.75,1984.75
941,944,406,s,11,12.0,False,1982.75,1983.0
942,1099,762,s,11,13.0,False,1982.75,1983.25
943,501,1032,l,11,52.0,True,1982.75,1993.0
944,848,1028,l,11,42.0,True,1982.75,1990.5
945,518,1049,l,11,48.0,True,1982.75,1992.0
946,818,1067,l,11,17.0,True,1982.75,1984.25
947,966,985,l,11,71.0,True,1982.75,1997.75
948,178,1048,l,11,40.0,True,1982.75,1990.0
949,42,1056,s,12,17.0,False,1983.0,1984.25
950,96,907,s,12,12.0,False,1983.0,1983.0
951,168,728,s,12,15.0,False,1983.0,1983.75
952,207,762,s,12,16.0,False,1983.0,1984.0
953,463,537,s,12,16.0,False,1983.0,1984.0
954,501,763,s,12,21.0,False,1983.0,1985.25
955,501,1035,s,12,14.0,False,1983.0,1983.5
956,526,1028,s,12,13.0,False,1983.0,1983.25
957,818,5,s,12,16.0,False,1983.0,1984.0
958,918,790,s,12,14.0,False,1983.0,1983.5
959,936,340,s,12,17.0,False,1983.0,1984.25
960,966,340,s,12,14.0,False,1983.0,1983.5
961,1099,921,s,12,14.0,False,1983.0,1983.5
962,1132,1067,s,12,16.0,False,1983.0,1984.0
963,30,1030,s,12,16.0,False,1983.0,1984.0
964,39,369,s,12,14.0,False,1983.0,1983.5
965,39,408,s,12,19.0,False,1983.0,1984.75
966,96,790,s,12,12.0,False,1983.0,1983.0
967,151,408,s,12,15.0,False,1983.0,1983.75
968,157,1030,s,12,17.0,False,1983.0,1984.25
969,317,406,s,12,16.0,False,1983.0,1984.0
970,501,259,s,12,16.0,False,1983.0,1984.0
971,791,302,s,12,13.0,False,1983.0,1983.25
972,819,985,s,12,17.0,False,1983.0,1984.25
973,916,985,s,12,14.0,False,1983.0,1983.5
974,936,90,s,12,21.0,False,1983.0,1985.25
975,944,679,s,12,21.0,False,1983.0,1985.25
976,1173,762,s,12,13.0,False,1983.0,1983.25
977,30,605,s,12,19.0,False,1983.0,1984.75
978,42,5,s,12,16.0,False,1983.0,1984.0
979,96,1028,s,12,16.0,False,1983.0,1984.0
980,672,408,s,12,15.0,False,1983.0,1983.75
981,754,1028,s,12,14.0,False,1983.0,1983.5
982,832,1052,s,12,15.0,False,1983.0,1983.75
983,848,761,s,12,19.0,False,1983.0,1984.75
984,960,90,s,12,15.0,False,1983.0,1983.75
985,967,438,s,12,16.0,False,1983.0,1984.0
986,754,340,l,12,18.0,True,1983.0,1984.5
987,966,1035,l,12,28.0,True,1983.0,1987.0
988,39,1053,s,13,15.0,False,1983.25,1983.75
989,42,1037,s,13,19.0,False,1983.25,1984.75
990,42,1052,s,13,19.0,False,1983.25,1984.75
991,274,1028,s,13,17.0,False,1983.25,1984.25
992,848,259,s,13,18.0,False,1983.25,1984.5
993,855,438,s,13,16.0,False,1983.25,1984.0
994,855,1066,s,13,20.0,False,1983.25,1985.0
995,916,325,s,13,13.0,False,1983.25,1983.25
996,916,564,s,13,13.0,False,1983.25,1983.25
997,944,391,s,13,22.0,False,1983.25,1985.5
998,944,1028,s,13,21.0,False,1983.25,1985.25
999,967,985,s,13,18.0,False,1983.25,1984.5
1000,1106,1053,s,13,15.0,False,1983.25,1983.75
1001,1112,438,s,13,18.0,False,1983.25,1984.5
1002,1112,543,s,13,18.0,False,1983.25,1984.5
1003,42,302,s,13,17.0,False,1983.25,1984.25
1004,168,543,s,13,16.0,False,1983.25,1984.0
1005,172,1032,s,13,15.0,False,1983.25,1983.75
1006,178,720,s,13,18.0,False,1983.25,1984.5
1007,521,1030,s,13,15.0,False,1983.25,1983.75
1008,818,790,s,13,17.0,False,1983.25,1984.25
1009,819,5,s,13,14.0,False,1983.25,1983.5
1010,848,302,s,13,14.0,False,1983.25,1983.5
1011,966,1028,s,13,13.0,False,1983.25,1983.25
1012,1088,406,s,13,15.0,False,1983.25,1983.75
1013,1099,790,s,13,17.0,False,1983.25,1984.25
1014,1099,1035,s,13,14.0,False,1983.25,1983.5
1015,1106,720,s,13,17.0,False,1983.25,1984.25
1016,1132,1053,s,13,15.0,False,1983.25,1983.75
1017,1213,438,s,13,19.0,False,1983.25,1984.75
1018,1213,720,s,13,17.0,False,1983.25,1984.25
1019,42,1070,s,13,21.0,False,1983.25,1985.25
1020,62,554,s,13,16.0,False,1983.25,1984.0
1021,172,679,s,13,14.0,False,1983.25,1983.5
1022,178,145,s,13,16.0,False,1983.25,1984.0
1023,337,302,s,13,27.0,False,1983.25,1986.75
1024,501,90,s,13,14.0,False,1983.25,1983.5
1025,501,391,s,13,15.0,False,1983.25,1983.75
1026,848,1032,s,13,14.0,False,1983.25,1983.5
1027,855,752,s,13,15.0,False,1983.25,1983.75
1028,918,537,s,13,14.0,False,1983.25,1983.5
1029,918,720,s,13,20.0,False,1983.25,1985.0
1030,936,775,s,13,14.0,False,1983.25,1983.5
1031,967,543,s,13,22.0,False,1983.25,1985.5
1032,1112,5,s,13,22.0,False,1983.25,1985.5
1033,1132,145,s,13,16.0,False,1983.25,1984.0
1034,39,605,l,13,32.0,True,1983.25,1988.0
1035,848,405,l,13,50.0,True,1983.25,1992.5
1036,1105,1065,l,13,13.0,True,1983.25,1983.25
1037,151,21,l,13,60.0,True,1983.25,1995.0
1038,518,876,l,13,65.0,True,1983.25,1996.25
1039,850,404,l,13,16.0,True,1983.25,1984.0
1040,918,543,l,13,74.0,True,1983.25,1998.5
1041,42,408,s,14,16.0,False,1983.5,1984.0
1042,42,537,s,14,15.0,False,1983.5,1983.75
1043,42,1044,s,14,16.0,False,1983.5,1984.0
1044,168,438,s,14,14.0,False,1983.5,1983.5
1045,178,314,s,14,17.0,False,1983.5,1984.25
1046,501,110,s,14,20.0,False,1983.5,1985.0
1047,518,543,s,14,28.0,False,1983.5,1987.0
1048,832,537,s,14,20.0,False,1983.5,1985.0
1049,850,986,s,14,14.0,False,1983.5,1983.5
1050,918,1056,s,14,15.0,False,1983.5,1983.75
1051,966,406,s,14,18.0,False,1983.5,1984.5
1052,1132,537,s,14,16.0,False,1983.5,1984.0
1053,1132,720,s,14,27.0,False,1983.5,1986.75
1054,1132,1048,s,14,16.0,False,1983.5,1984.0
1055,1213,537,s,14,15.0,False,1983.5,1983.75
1056,39,720,s,14,14.0,False,1983.5,1983.5
1057,168,1057,s,14,14.0,False,1983.5,1983.5
1058,172,259,s,14,19.0,False,1983.5,1984.75
1059,466,1035,s,14,17.0,False,1983.5,1984.25
1060,518,790,s,14,25.0,False,1983.5,1986.25
1061,672,762,s,14,16.0,False,1983.5,1984.0
1062,818,1048,s,14,18.0,False,1983.5,1984.5
1063,944,1030,s,14,21.0,False,1983.5,1985.25
1064,966,1053,s,14,16.0,False,1983.5,1984.0
1065,967,1065,s,14,15.0,False,1983.5,1983.75
1066,1099,1049,s,14,17.0,False,1983.5,1984.25
1067,39,302,s,14,15.0,False,1983.5,1983.75
1068,42,325,s,14,16.0,False,1983.5,1984.0
1069,168,537,s,14,15.0,False,1983.5,1983.75
1070,172,921,s,14,19.0,False,1983.5,1984.75
1071,832,1035,s,14,22.0,False,1983.5,1985.5
1072,916,956,s,14,17.0,False,1983.5,1984.25
1073,1099,259,s,14,16.0,False,1983.5,1984.0
1074,1132,21,s,14,21.0,False,1983.5,1985.25
1075,1132,1057,s,14,15.0,False,1983.5,1983.75
1076,385,972,l,14,20.0,True,1983.5,1985.0
1077,855,1057,l,14,52.0,True,1983.5,1993.0
1078,501,921,l,14,33.0,True,1983.5,1988.25
1079,848,876,l,14,51.0,True,1983.5,1992.75
1080,30,340,l,14,145.0,True,1983.5,2016.25
1081,916,985,l,14,21.0,True,1983.5,1985.25
1082,30,59,s,15,17.0,False,1983.75,1984.25
1083,39,438,s,15,16.0,False,1983.75,1984.0
1084,42,720,s,15,24.0,False,1983.75,1986.0
1085,42,728,s,15,16.0,False,1983.75,1984.0
1086,466,985,s,15,17.0,False,1983.75,1984.25
1087,832,408,s,15,15.0,False,1983.75,1983.75
1088,916,302,s,15,15.0,False,1983.75,1983.75
1089,916,1037,s,15,18.0,False,1983.75,1984.5
1090,918,145,s,15,20.0,False,1983.75,1985.0
1091,918,1070,s,15,15.0,False,1983.75,1983.75
1092,967,21,s,15,17.0,False,1983.75,1984.25
1093,1099,325,s,15,15.0,False,1983.75,1983.75
1094,42,174,s,15,20.0,False,1983.75,1985.0
1095,172,110,s,15,16.0,False,1983.75,1984.0
1096,172,399,s,15,25.0,False,1983.75,1986.25
1097,463,790,s,15,16.0,False,1983.75,1984.0
1098,501,405,s,15,15.0,False,1983.75,1983.75
1099,818,537,s,15,19.0,False,1983.75,1984.75
1100,226,720,s,15,16.0,False,1983.75,1984.0
1101,330,340,s,15,17.0,False,1983.75,1984.25
1102,501,1030,s,15,19.0,False,1983.75,1984.75
1103,526,406,s,15,16.0,False,1983.75,1984.0
1104,526,1028,s,15,19.0,False,1983.75,1984.75
1105,776,1045,s,15,21.0,False,1983.75,1985.25
1106,936,956,s,15,16.0,False,1983.75,1984.0
1107,967,314,s,15,38.0,False,1983.75,1989.5
1108,1132,23,s,15,23.0,False,1983.75,1985.75
1109,501,90,l,15,44.0,True,1983.75,1991.0
1110,967,1048,l,15,72.0,True,1983.75,1998.0
1111,39,1048,l,15,126.0,True,1983.75,2011.5
1112,526,1053,l,15,136.0,True,1983.75,2014.0
1113,832,1066,l,15,104.0,True,1983.75,2006.0
1114,916,224,l,15,38.0,True,1983.75,1989.5
1115,119,1070,l,15,16.0,True,1983.75,1984.0
1116,172,59,l,15,55.0,True,1983.75,1993.75
1117,526,340,l,15,35.0,True,1983.75,1988.75
1118,30,679,s,16,16.0,False,1984.0,1984.0
1119,39,1053,s,16,32.0,False,1984.0,1988.0
1120,113,340,s,16,17.0,False,1984.0,1984.25
1121,274,302,s,16,17.0,False,1984.0,1984.25
1122,672,340,s,16,20.0,False,1984.0,1985.0
1123,754,1028,s,16,25.0,False,1984.0,1986.25
1124,819,90,s,16,21.0,False,1984.0,1985.25
1125,916,340,s,16,25.0,False,1984.0,1986.25
1126,936,985,s,16,20.0,False,1984.0,1985.0
1127,991,340,s,16,29.0,False,1984.0,1987.25
1128,1099,340,s,16,26.0,False,1984.0,1986.5
1129,1132,1065,s,16,24.0,False,1984.0,1986.0
1130,30,224,s,16,23.0,False,1984.0,1985.75
1131,42,340,s,16,17.0,False,1984.0,1984.25
1132,42,633,s,16,23.0,False,1984.0,1985.75
1133,96,1032,s,16,34.0,False,1984.0,1988.5
1134,383,985,s,16,18.0,False,1984.0,1984.5
1135,501,605,s,16,16.0,False,1984.0,1984.0
1136,501,876,s,16,21.0,False,1984.0,1985.25
1137,525,325,s,16,16.0,False,1984.0,1984.0
1138,819,1028,s,16,21.0,False,1984.0,1985.25
1139,847,391,s,16,16.0,False,1984.0,1984.0
1140,848,302,s,16,28.0,False,1984.0,1987.0
1141,855,1064,s,16,20.0,False,1984.0,1985.0
1142,936,224,s,16,18.0,False,1984.0,1984.5
1143,944,59,s,16,21.0,False,1984.0,1985.25
1144,39,170,s,16,18.0,False,1984.0,1984.5
1145,172,1032,s,16,30.0,False,1984.0,1987.5
1146,337,90,s,16,29.0,False,1984.0,1987.25
1147,501,59,s,16,19.0,False,1984.0,1984.75
1148,518,720,s,16,23.0,False,1984.0,1985.75
1149,732,110,s,16,17.0,False,1984.0,1984.25
1150,832,1070,s,16,17.0,False,1984.0,1984.25
1151,855,408,s,16,23.0,False,1984.0,1985.75
1152,889,1166,s,16,18.0,False,1984.0,1984.5
1153,916,110,s,16,17.0,False,1984.0,1984.25
1154,918,23,s,16,18.0,False,1984.0,1984.5
1155,936,679,s,16,17.0,False,1984.0,1984.25
1156,936,1020,s,16,20.0,False,1984.0,1985.0
1157,1099,391,s,16,17.0,False,1984.0,1984.25
1158,1132,174,s,16,19.0,False,1984.0,1984.75
1159,918,1070,l,16,35.0,True,1984.0,1988.75
1160,1132,1070,l,16,24.0,True,1984.0,1986.0
1161,30,1045,s,17,19.0,False,1984.25,1984.75
1162,172,1028,s,17,28.0,False,1984.25,1987.0
1163,422,302,s,17,18.0,False,1984.25,1984.5
1164,463,1057,s,17,21.0,False,1984.25,1985.25
1165,466,340,s,17,19.0,False,1984.25,1984.75
1166,918,1032,s,17,19.0,False,1984.25,1984.75
1167,936,762,s,17,18.0,False,1984.25,1984.5
1168,1099,302,s,17,21.0,False,1984.25,1985.25
1169,1099,543,s,17,24.0,False,1984.25,1986.0
1170,1132,1067,s,17,21.0,False,1984.25,1985.25
1171,39,543,s,17,18.0,False,1984.25,1984.5
1172,39,956,s,17,20.0,False,1984.25,1985.0
1173,119,1057,s,17,22.0,False,1984.25,1985.5
1174,172,679,s,17,21.0,False,1984.25,1985.25
1175,317,406,s,17,21.0,False,1984.25,1985.25
1176,754,985,s,17,21.0,False,1984.25,1985.25
1177,832,438,s,17,18.0,False,1984.25,1984.5
1178,855,1070,s,17,18.0,False,1984.25,1984.5
1179,944,762,s,17,19.0,False,1984.25,1984.75
1180,966,1028,s,17,25.0,False,1984.25,1986.25
1181,1088,1028,s,17,27.0,False,1984.25,1986.75
1182,1099,775,s,17,25.0,False,1984.25,1986.25
1183,1105,1053,s,17,21.0,False,1984.25,1985.25
1184,1112,1057,s,17,24.0,False,1984.25,1986.0
1185,501,605,s,17,22.0,False,1984.25,1985.5
1186,818,170,s,17,33.0,False,1984.25,1988.25
1187,848,985,s,17,26.0,False,1984.25,1986.5
1188,944,325,s,17,18.0,False,1984.25,1984.5
1189,967,5,s,17,19.0,False,1984.25,1984.75
1190,967,1049,s,17,20.0,False,1984.25,1985.0
1191,1106,543,s,17,24.0,False,1984.25,1986.0
1192,1132,1057,s,17,22.0,False,1984.25,1985.5
1193,1176,720,s,17,21.0,False,1984.25,1985.25
1194,1176,760,s,17,27.0,False,1984.25,1986.75
1195,848,440,l,17,52.0,True,1984.25,1993.0
1196,39,1070,l,17,29.0,True,1984.25,1987.25
1197,936,406,l,17,56.0,True,1984.25,1994.0
1198,151,760,l,17,32.0,True,1984.25,1988.0
1199,172,775,s,18,27.0,False,1984.5,1986.75
1200,337,1028,s,18,19.0,False,1984.5,1984.75
1201,791,1028,s,18,22.0,False,1984.5,1985.5
1202,832,1057,s,18,19.0,False,1984.5,1984.75
1203,850,720,s,18,32.0,False,1984.5,1988.0
1204,944,406,s,18,22.0,False,1984.5,1985.5
1205,1213,537,s,18,25.0,False,1984.5,1986.25
1206,30,1032,s,18,22.0,False,1984.5,1985.5
1207,172,985,s,18,23.0,False,1984.5,1985.75
1208,330,340,s,18,29.0,False,1984.5,1987.25
1209,501,259,s,18,19.0,False,1984.5,1984.75
1210,501,302,s,18,21.0,False,1984.5,1985.25
1211,518,762,s,18,19.0,False,1984.5,1984.75
1212,818,438,s,18,23.0,False,1984.5,1985.75
1213,819,340,s,18,22.0,False,1984.5,1985.5
1214,848,679,s,18,20.0,False,1984.5,1985.0
1215,936,59,s,18,23.0,False,1984.5,1985.75
1216,960,1028,s,18,24.0,False,1984.5,1986.0
1217,39,762,s,18,21.0,False,1984.5,1985.25
1218,161,1028,s,18,19.0,False,1984.5,1984.75
1219,168,537,s,18,23.0,False,1984.5,1985.75
1220,172,762,s,18,32.0,False,1984.5,1988.0
1221,274,1028,s,18,28.0,False,1984.5,1987.0
1222,819,59,s,18,27.0,False,1984.5,1986.75
1223,855,110,s,18,21.0,False,1984.5,1985.25
1224,916,59,s,18,22.0,False,1984.5,1985.5
1225,920,762,s,18,20.0,False,1984.5,1985.0
1226,936,259,s,18,19.0,False,1984.5,1984.75
1227,1099,110,s,18,22.0,False,1984.5,1985.5
1228,1112,1048,s,18,21.0,False,1984.5,1985.25
1229,39,1052,l,18,25.0,True,1984.5,1986.25
1230,172,224,l,18,164.0,True,1984.5,2021.0
1231,317,302,l,18,66.0,True,1984.5,1996.5
1232,818,5,l,18,56.0,True,1984.5,1994.0
1233,918,537,l,18,20.0,True,1984.5,1985.0
1234,966,605,l,18,44.0,True,1984.5,1991.0
1235,1132,438,l,18,28.0,True,1984.5,1987.0
1236,230,90,l,18,48.0,True,1984.5,1992.0
1237,832,145,l,18,20.0,True,1984.5,1985.0
1238,918,1057,l,18,52.0,True,1984.5,1993.0
1239,172,340,l,18,38.0,True,1984.5,1989.5
1240,1132,537,l,18,28.0,True,1984.5,1987.0
1241,178,720,s,19,20.0,False,1984.75,1985.0
1242,330,302,s,19,21.0,False,1984.75,1985.25
1243,518,679,s,19,21.0,False,1984.75,1985.25
1244,521,406,s,19,20.0,False,1984.75,1985.0
1245,672,438,s,19,19.0,False,1984.75,1984.75
1246,754,224,s,19,21.0,False,1984.75,1985.25
1247,791,406,s,19,37.0,False,1984.75,1989.25
1248,818,1070,s,19,21.0,False,1984.75,1985.25
1249,850,1066,s,19,22.0,False,1984.75,1985.5
1250,944,259,s,19,23.0,False,1984.75,1985.75
1251,966,775,s,19,23.0,False,1984.75,1985.75
1252,1098,761,s,19,22.0,False,1984.75,1985.5
1253,1132,1053,s,19,27.0,False,1984.75,1986.75
1254,39,1032,s,19,20.0,False,1984.75,1985.0
1255,42,537,s,19,22.0,False,1984.75,1985.5
1256,151,752,s,19,27.0,False,1984.75,1986.75
1257,161,1032,s,19,20.0,False,1984.75,1985.0
1258,172,90,s,19,23.0,False,1984.75,1985.75
1259,172,956,s,19,30.0,False,1984.75,1987.5
1260,178,790,s,19,30.0,False,1984.75,1987.5
1261,518,340,s,19,19.0,False,1984.75,1984.75
1262,818,1035,s,19,19.0,False,1984.75,1984.75
1263,848,325,s,19,19.0,False,1984.75,1984.75
1264,916,302,s,19,25.0,False,1984.75,1986.25
1265,936,340,s,19,20.0,False,1984.75,1985.0
1266,967,438,s,19,23.0,False,1984.75,1985.75
1267,1099,1028,s,19,23.0,False,1984.75,1985.75
1268,1112,438,s,19,20.0,False,1984.75,1985.0
1269,1213,1070,s,19,27.0,False,1984.75,1986.75
1270,42,369,s,19,21.0,False,1984.75,1985.25
1271,119,876,s,19,26.0,False,1984.75,1986.5
1272,178,985,s,19,23.0,False,1984.75,1985.75
1273,422,340,s,19,20.0,False,1984.75,1985.0
1274,776,985,s,19,33.0,False,1984.75,1988.25
1275,818,314,s,19,21.0,False,1984.75,1985.25
1276,818,720,s,19,22.0,False,1984.75,1985.5
1277,819,679,s,19,21.0,False,1984.75,1985.25
1278,819,985,s,19,27.0,False,1984.75,1986.75
1279,918,554,s,19,20.0,False,1984.75,1985.0
1280,936,633,s,19,22.0,False,1984.75,1985.5
1281,936,790,s,19,24.0,False,1984.75,1986.0
1282,940,59,s,19,21.0,False,1984.75,1985.25
1283,966,59,s,19,22.0,False,1984.75,1985.5
1284,168,760,s,20,22.0,False,1985.0,1985.5
1285,172,605,s,20,23.0,False,1985.0,1985.75
1286,226,1057,s,20,26.0,False,1985.0,1986.5
1287,274,59,s,20,23.0,False,1985.0,1985.75
1288,776,340,s,20,34.0,False,1985.0,1988.5
1289,776,391,s,20,21.0,False,1985.0,1985.25
1290,819,406,s,20,22.0,False,1985.0,1985.5
1291,850,1067,s,20,25.0,False,1985.0,1986.25
1292,855,438,s,20,21.0,False,1985.0,1985.25
1293,916,761,s,20,24.0,False,1985.0,1986.0
1294,916,1044,s,20,31.0,False,1985.0,1987.75
1295,944,325,s,20,26.0,False,1985.0,1986.5
1296,966,340,s,20,21.0,False,1985.0,1985.25
1297,1099,325,s,20,22.0,False,1985.0,1985.5
1298,1099,762,s,20,30.0,False,1985.0,1987.5
1299,30,689,s,20,29.0,False,1985.0,1987.25
1300,39,440,s,20,25.0,False,1985.0,1986.25
1301,119,438,s,20,24.0,False,1985.0,1986.0
1302,172,406,s,20,31.0,False,1985.0,1987.75
1303,674,720,s,20,22.0,False,1985.0,1985.5
1304,743,1030,s,20,21.0,False,1985.0,1985.25
1305,818,1067,s,20,24.0,False,1985.0,1986.0
1306,819,302,s,20,21.0,False,1985.0,1985.25
1307,847,762,s,20,22.0,False,1985.0,1985.5
1308,893,537,s,20,21.0,False,1985.0,1985.25
1309,916,956,s,20,31.0,False,1985.0,1987.75
1310,918,760,s,20,31.0,False,1985.0,1987.75
1311,936,259,s,20,21.0,False,1985.0,1985.25
1312,1099,1048,s,20,21.0,False,1985.0,1985.25
1313,1112,1070,s,20,31.0,False,1985.0,1987.75
1314,42,1067,s,20,22.0,False,1985.0,1985.5
1315,226,1048,s,20,24.0,False,1985.0,1986.0
1316,330,1028,s,20,23.0,False,1985.0,1985.75
1317,518,314,s,20,21.0,False,1985.0,1985.25
1318,518,956,s,20,26.0,False,1985.0,1986.5
1319,526,985,s,20,21.0,False,1985.0,1985.25
1320,832,1053,s,20,33.0,False,1985.0,1988.25
1321,855,633,s,20,27.0,False,1985.0,1986.75
1322,966,956,s,20,25.0,False,1985.0,1986.25
1323,1106,438,s,20,26.0,False,1985.0,1986.5
1324,1213,1067,s,20,22.0,False,1985.0,1985.5
1325,832,314,l,20,27.0,True,1985.0,1986.75
1326,848,679,l,20,33.0,True,1985.0,1988.25
1327,944,762,l,20,183.0,True,1985.0,2025.75
1328,30,1028,l,20,214.0,True,1985.0,2033.5
1329,855,554,l,20,26.0,True,1985.0,1986.5
1330,918,5,l,20,32.0,True,1985.0,1988.0
1331,39,679,s,21,22.0,False,1985.25,1985.5
1332,42,5,s,21,24.0,False,1985.25,1986.0
1333,119,946,s,21,24.0,False,1985.25,1986.0
1334,161,1028,s,21,22.0,False,1985.25,1985.5
1335,172,689,s,21,22.0,False,1985.25,1985.5
1336,317,340,s,21,30.0,False,1985.25,1987.5
1337,317,985,s,21,22.0,False,1985.25,1985.5
1338,501,440,s,21,25.0,False,1985.25,1986.25
1339,518,633,s,21,23.0,False,1985.25,1985.75
1340,526,1035,s,21,21.0,False,1985.25,1985.25
1341,739,1028,s,21,21.0,False,1985.25,1985.25
1342,754,406,s,21,27.0,False,1985.25,1986.75
1343,819,325,s,21,25.0,False,1985.25,1986.25
1344,847,1028,s,21,23.0,False,1985.25,1985.75
1345,893,790,s,21,25.0,False,1985.25,1986.25
1346,940,259,s,21,22.0,False,1985.25,1985.5
1347,960,907,s,21,22.0,False,1985.25,1985.5
1348,1213,438,s,21,24.0,False,1985.25,1986.0
1349,119,1044,s,21,22.0,False,1985.25,1985.5
1350,226,605,s,21,22.0,False,1985.25,1985.5
1351,501,59,s,21,38.0,False,1985.25,1989.5
1352,526,406,s,21,27.0,False,1985.25,1986.75
1353,754,762,s,21,31.0,False,1985.25,1987.75
1354,788,762,s,21,29.0,False,1985.25,1987.25
1355,832,956,s,21,21.0,False,1985.25,1985.25
1356,855,790,s,21,22.0,False,1985.25,1985.5
1357,855,887,s,21,26.0,False,1985.25,1986.5
1358,916,1028,s,21,44.0,False,1985.25,1991.0
1359,918,21,s,21,27.0,False,1985.25,1986.75
1360,944,985,s,21,23.0,False,1985.25,1985.75
1361,1112,537,s,21,27.0,False,1985.25,1986.75
1362,1176,1067,s,21,21.0,False,1985.25,1985.25
1363,30,110,s,21,22.0,False,1985.25,1985.5
1364,42,182,s,21,26.0,False,1985.25,1986.5
1365,42,1045,s,21,25.0,False,1985.25,1986.25
1366,168,752,s,21,24.0,False,1985.25,1986.0
1367,337,340,s,21,30.0,False,1985.25,1987.5
1368,466,1030,s,21,22.0,False,1985.25,1985.5
1369,526,1030,s,21,29.0,False,1985.25,1987.25
1370,776,406,s,21,39.0,False,1985.25,1989.75
1371,832,438,s,21,22.0,False,1985.25,1985.5
1372,848,406,s,21,27.0,False,1985.25,1986.75
1373,848,761,s,21,27.0,False,1985.25,1986.75
1374,918,340,s,21,23.0,False,1985.25,1985.75
1375,940,1028,s,21,26.0,False,1985.25,1986.5
1376,967,369,s,21,26.0,False,1985.25,1986.5
1377,286,109,l,21,24.0,True,1985.25,1986.0
1378,501,110,l,21,54.0,True,1985.25,1993.5
1379,1112,340,l,21,108.0,True,1985.25,2007.0
1380,30,59,s,22,25.0,False,1985.5,1986.25
1381,172,259,s,22,22.0,False,1985.5,1985.5
1382,226,790,s,22,24.0,False,1985.5,1986.0
1383,818,1064,s,22,25.0,False,1985.5,1986.25
1384,819,679,s,22,26.0,False,1985.5,1986.5
1385,832,760,s,22,22.0,False,1985.5,1985.5
1386,855,985,s,22,23.0,False,1985.5,1985.75
1387,918,720,s,22,22.0,False,1985.5,1985.5
1388,936,1032,s,22,30.0,False,1985.5,1987.5
1389,42,752,s,22,23.0,False,1985.5,1985.75
1390,96,679,s,22,33.0,False,1985.5,1988.25
1391,96,790,s,22,34.0,False,1985.5,1988.5
1392,161,340,s,22,22.0,False,1985.5,1985.5
1393,466,956,s,22,23.0,False,1985.5,1985.75
1394,526,302,s,22,31.0,False,1985.5,1987.75
1395,526,956,s,22,25.0,False,1985.5,1986.25
1396,855,1035,s,22,23.0,False,1985.5,1985.75
1397,936,679,s,22,23.0,False,1985.5,1985.75
1398,1088,679,s,22,33.0,False,1985.5,1988.25
1399,1112,438,s,22,30.0,False,1985.5,1987.5
1400,1112,579,s,22,24.0,False,1985.5,1986.0
1401,1176,554,s,22,25.0,False,1985.5,1986.25
1402,1213,760,s,22,22.0,False,1985.5,1985.5
1403,1213,1057,s,22,31.0,False,1985.5,1987.75
1404,30,679,s,22,24.0,False,1985.5,1986.0
1405,30,775,s,22,23.0,False,1985.5,1985.75
1406,39,554,s,22,24.0,False,1985.5,1986.0
1407,42,340,s,22,23.0,False,1985.5,1985.75
1408,42,946,s,22,26.0,False,1985.5,1986.5
1409,96,633,s,22,46.0,False,1985.5,1991.5
1410,168,314,s,22,28.0,False,1985.5,1987.0
1411,286,1231,s,22,24.0,False,1985.5,1986.0
1412,289,956,s,22,23.0,False,1985.5,1985.75
1413,383,259,s,22,23.0,False,1985.5,1985.75
1414,463,1065,s,22,29.0,False,1985.5,1987.25
1415,466,985,s,22,26.0,False,1985.5,1986.5
1416,501,340,s,22,28.0,False,1985.5,1987.0
1417,518,5,s,22,26.0,False,1985.5,1986.5
1418,518,762,s,22,33.0,False,1985.5,1988.25
1419,791,679,s,22,24.0,False,1985.5,1986.0
1420,819,302,s,22,32.0,False,1985.5,1988.0
1421,848,956,s,22,24.0,False,1985.5,1986.0
1422,967,720,s,22,24.0,False,1985.5,1986.0
1423,1112,1067,s,22,24.0,False,1985.5,1986.0
1424,916,985,l,22,28.0,True,1985.5,1987.0
1425,936,775,l,22,122.0,True,1985.5,2010.5
1426,1132,760,l,22,28.0,True,1985.5,1987.0
1427,178,537,l,22,40.0,True,1985.5,1990.0
1428,944,1028,l,22,28.0,True,1985.5,1987.0
1429,30,90,s,23,26.0,False,1985.75,1986.5
1430,39,1065,s,23,32.0,False,1985.75,1988.0
1431,42,408,s,23,23.0,False,1985.75,1985.75
1432,42,956,s,23,23.0,False,1985.75,1985.75
1433,42,1044,s,23,24.0,False,1985.75,1986.0
1434,42,1070,s,23,23.0,False,1985.75,1985.75
1435,96,340,s,23,32.0,False,1985.75,1988.0
1436,119,1049,s,23,26.0,False,1985.75,1986.5
1437,161,876,s,23,23.0,False,1985.75,1985.75
1438,178,543,s,23,23.0,False,1985.75,1985.75
1439,289,259,s,23,25.0,False,1985.75,1986.25
1440,501,302,s,23,25.0,False,1985.75,1986.25
1441,518,1053,s,23,30.0,False,1985.75,1987.5
1442,944,406,s,23,27.0,False,1985.75,1986.75
1443,1099,406,s,23,24.0,False,1985.75,1986.0
1444,1112,1053,s,23,27.0,False,1985.75,1986.75
1445,1132,1067,s,23,24.0,False,1985.75,1986.0
1446,39,543,s,23,25.0,False,1985.75,1986.25
1447,39,1045,s,23,35.0,False,1985.75,1988.75
1448,113,340,s,23,27.0,False,1985.75,1986.75
1449,172,24,s,23,24.0,False,1985.75,1986.0
1450,172,689,s,23,32.0,False,1985.75,1988.0
1451,317,1057,s,23,25.0,False,1985.75,1986.25
1452,330,985,s,23,35.0,False,1985.75,1988.75
1453,501,406,s,23,46.0,False,1985.75,1991.5
1454,776,302,s,23,27.0,False,1985.75,1986.75
1455,818,1048,s,23,26.0,False,1985.75,1986.5
1456,819,1037,s,23,25.0,False,1985.75,1986.25
1457,832,110,s,23,24.0,False,1985.75,1986.0
1458,847,302,s,23,26.0,False,1985.75,1986.5
1459,848,1032,s,23,26.0,False,1985.75,1986.5
1460,889,760,s,23,28.0,False,1985.75,1987.0
1461,918,1048,s,23,24.0,False,1985.75,1986.0
1462,940,90,s,23,25.0,False,1985.75,1986.25
1463,940,302,s,23,25.0,False,1985.75,1986.25
1464,966,907,s,23,24.0,False,1985.75,1986.0
1465,1132,20,s,23,24.0,False,1985.75,1986.0
1466,42,1052,s,23,26.0,False,1985.75,1986.5
1467,168,720,s,23,24.0,False,1985.75,1986.0
1468,172,259,s,23,29.0,False,1985.75,1987.25
1469,383,340,s,23,26.0,False,1985.75,1986.5
1470,501,985,s,23,25.0,False,1985.75,1986.25
1471,518,1064,s,23,30.0,False,1985.75,1987.5
1472,847,391,s,23,24.0,False,1985.75,1986.0
1473,855,790,s,23,29.0,False,1985.75,1987.25
1474,855,946,s,23,27.0,False,1985.75,1986.75
1475,918,537,s,23,30.0,False,1985.75,1987.5
1476,918,720,s,23,30.0,False,1985.75,1987.5
1477,936,259,s,23,27.0,False,1985.75,1986.75
1478,936,1030,s,23,25.0,False,1985.75,1986.25
1479,967,110,s,23,24.0,False,1985.75,1986.0
1480,967,1057,s,23,28.0,False,1985.75,1987.0
1481,1112,946,s,23,31.0,False,1985.75,1987.75
1482,1112,1035,s,23,24.0,False,1985.75,1986.0
1483,1213,720,s,23,24.0,False,1985.75,1986.0
1484,818,543,l,23,103.0,True,1985.75,2005.75
1485,855,438,l,23,54.0,True,1985.75,1993.5
1486,1112,1045,l,23,82.0,True,1985.75,2000.5
1487,39,438,l,23,30.0,True,1985.75,1987.5
1488,936,679,l,23,24.0,True,1985.75,1986.0
1489,893,762,l,23,32.0,True,1985.75,1988.0
1490,1099,59,l,23,44.0,True,1985.75,1991.0
1491,42,110,s,24,25.0,False,1986.0,1986.25
1492,96,440,s,24,27.0,False,1986.0,1986.75
1493,161,1028,s,24,25.0,False,1986.0,1986.25
1494,337,762,s,24,31.0,False,1986.0,1987.75
1495,518,1057,s,24,26.0,False,1986.0,1986.5
1496,754,1020,s,24,32.0,False,1986.0,1988.0
1497,791,302,s,24,30.0,False,1986.0,1987.5
1498,818,720,s,24,39.0,False,1986.0,1989.75
1499,832,23,s,24,25.0,False,1986.0,1986.25
1500,893,1067,s,24,25.0,False,1986.0,1986.25
1501,918,986,s,24,25.0,False,1986.0,1986.25
1502,1099,1032,s,24,26.0,False,1986.0,1986.5
1503,1132,752,s,24,25.0,False,1986.0,1986.25
1504,42,470,s,24,27.0,False,1986.0,1986.75
1505,776,762,s,24,26.0,False,1986.0,1986.5
1506,818,1049,s,24,30.0,False,1986.0,1987.5
1507,832,985,s,24,41.0,False,1986.0,1990.25
1508,848,325,s,24,34.0,False,1986.0,1988.5
1509,850,1166,s,24,28.0,False,1986.0,1987.0
1510,855,1049,s,24,27.0,False,1986.0,1986.75
1511,940,59,s,24,29.0,False,1986.0,1987.25
1512,940,689,s,24,27.0,False,1986.0,1986.75
1513,1112,5,s,24,25.0,False,1986.0,1986.25
1514,39,340,s,24,28.0,False,1986.0,1987.0
1515,42,391,s,24,25.0,False,1986.0,1986.25
1516,42,537,s,24,33.0,False,1986.0,1988.25
1517,185,679,s,24,37.0,False,1986.0,1989.25
1518,185,1028,s,24,25.0,False,1986.0,1986.25
1519,672,679,s,24,25.0,False,1986.0,1986.25
1520,819,762,s,24,28.0,False,1986.0,1987.0
1521,832,405,s,24,27.0,False,1986.0,1986.75
1522,832,790,s,24,35.0,False,1986.0,1988.75
1523,832,946,s,24,31.0,False,1986.0,1987.75
1524,850,109,s,24,28.0,False,1986.0,1987.0
1525,850,959,s,24,33.0,False,1986.0,1988.25
1526,855,340,s,24,25.0,False,1986.0,1986.25
1527,893,406,s,24,25.0,False,1986.0,1986.25
1528,893,985,s,24,26.0,False,1986.0,1986.5
1529,936,1028,s,24,32.0,False,1986.0,1988.0
1530,966,391,s,24,30.0,False,1986.0,1987.5
1531,526,761,l,24,29.0,True,1986.0,1987.25
1532,672,1053,l,24,32.0,True,1986.0,1988.0
1533,893,1028,l,24,100.0,True,1986.0,2005.0
1534,42,720,l,24,40.0,True,1986.0,1990.0
1535,916,1030,l,24,27.0,True,1986.0,1986.75
1536,1088,302,l,24,37.0,True,1986.0,1989.25
1537,337,679,l,24,86.0,True,1986.0,2001.5
1538,672,340,l,24,32.0,True,1986.0,1988.0
1539,30,679,s,25,29.0,False,1986.25,1987.25
1540,42,985,s,25,29.0,False,1986.25,1987.25
1541,178,876,s,25,39.0,False,1986.25,1989.75
1542,274,406,s,25,26.0,False,1986.25,1986.5
1543,317,1065,s,25,28.0,False,1986.25,1987.0
1544,463,438,s,25,30.0,False,1986.25,1987.5
1545,818,1044,s,25,25.0,False,1986.25,1986.25
1546,832,438,s,25,43.0,False,1986.25,1990.75
1547,848,1030,s,25,25.0,False,1986.25,1986.25
1548,855,182,s,25,26.0,False,1986.25,1986.5
1549,889,752,s,25,34.0,False,1986.25,1988.5
1550,918,790,s,25,36.0,False,1986.25,1989.0
1551,936,1035,s,25,28.0,False,1986.25,1987.0
1552,944,302,s,25,28.0,False,1986.25,1987.0
1553,944,679,s,25,28.0,False,1986.25,1987.0
1554,960,1028,s,25,27.0,False,1986.25,1986.75
1555,1132,1070,s,25,28.0,False,1986.25,1987.0
1556,39,720,s,25,25.0,False,1986.25,1986.25
1557,39,1057,s,25,29.0,False,1986.25,1987.25
1558,172,1020,s,25,42.0,False,1986.25,1990.5
1559,466,790,s,25,33.0,False,1986.25,1988.25
1560,776,1030,s,25,25.0,False,1986.25,1986.25
1561,1099,259,s,25,27.0,False,1986.25,1986.75
1562,1112,1048,s,25,32.0,False,1986.25,1988.0
1563,30,1032,s,25,31.0,False,1986.25,1987.75
1564,42,1067,s,25,26.0,False,1986.25,1986.5
1565,119,985,s,25,27.0,False,1986.25,1986.75
1566,168,5,s,25,29.0,False,1986.25,1987.25
1567,185,1032,s,25,27.0,False,1986.25,1986.75
1568,226,633,s,25,26.0,False,1986.25,1986.5
1569,289,761,s,25,28.0,False,1986.25,1987.0
1570,501,1028,s,25,30.0,False,1986.25,1987.5
1571,940,679,s,25,30.0,False,1986.25,1987.5
1572,944,259,s,25,26.0,False,1986.25,1986.5
1573,944,405,s,25,34.0,False,1986.25,1988.5
1574,944,1030,s,25,26.0,False,1986.25,1986.5
1575,1099,406,s,25,41.0,False,1986.25,1990.25
1576,1213,720,s,25,29.0,False,1986.25,1987.25
1577,936,340,l,25,195.0,True,1986.25,2028.75
1578,39,110,l,25,31.0,True,1986.25,1987.75
1579,178,5,l,25,40.0,True,1986.25,1990.0
1580,226,790,l,25,70.0,True,1986.25,1997.5
1581,172,325,l,25,102.0,True,1986.25,2005.5
1582,466,302,l,25,84.0,True,1986.25,2001.0
1583,916,340,l,25,35.0,True,1986.25,1988.75
1584,178,1053,s,26,32.0,False,1986.5,1988.0
1585,501,405,s,26,27.0,False,1986.5,1986.75
1586,518,1035,s,26,28.0,False,1986.5,1987.0
1587,521,1032,s,26,30.0,False,1986.5,1987.5
1588,525,325,s,26,28.0,False,1986.5,1987.0
1589,672,1032,s,26,31.0,False,1986.5,1987.75
1590,791,689,s,26,39.0,False,1986.5,1989.75
1591,848,224,s,26,37.0,False,1986.5,1989.25
1592,916,405,s,26,30.0,False,1986.5,1987.5
1593,966,340,s,26,31.0,False,1986.5,1987.75
1594,967,5,s,26,27.0,False,1986.5,1986.75
1595,1132,1067,s,26,28.0,False,1986.5,1987.0
1596,96,406,s,26,30.0,False,1986.5,1987.5
1597,178,1067,s,26,26.0,False,1986.5,1986.5
1598,422,224,s,26,30.0,False,1986.5,1987.5
1599,501,302,s,26,28.0,False,1986.5,1987.0
1600,518,1067,s,26,29.0,False,1986.5,1987.25
1601,672,790,s,26,26.0,False,1986.5,1986.5
1602,672,1057,s,26,27.0,False,1986.5,1986.75
1603,819,1032,s,26,31.0,False,1986.5,1987.75
1604,855,5,s,26,28.0,False,1986.5,1987.0
1605,855,1048,s,26,33.0,False,1986.5,1988.25
1606,39,1032,s,26,31.0,False,1986.5,1987.75
1607,42,340,s,26,31.0,False,1986.5,1987.75
1608,185,1044,s,26,27.0,False,1986.5,1986.75
1609,330,302,s,26,28.0,False,1986.5,1987.0
1610,497,1030,s,26,48.0,False,1986.5,1992.0
1611,754,1028,s,26,27.0,False,1986.5,1986.75
1612,818,537,s,26,28.0,False,1986.5,1987.0
1613,855,985,s,26,27.0,False,1986.5,1986.75
1614,967,340,s,26,29.0,False,1986.5,1987.25
1615,967,438,s,26,29.0,False,1986.5,1987.25
1616,1106,5,s,26,27.0,False,1986.5,1986.75
1617,1112,1067,s,26,34.0,False,1986.5,1988.5
1618,1132,1065,s,26,28.0,False,1986.5,1987.0
1619,1176,720,s,26,28.0,False,1986.5,1987.0
1620,337,1032,l,26,86.0,True,1986.5,2001.5
1621,819,224,l,26,69.0,True,1986.5,1997.25
1622,916,302,l,26,112.0,True,1986.5,2008.0
1623,1099,224,l,26,142.0,True,1986.5,2015.5
1624,39,1044,s,27,29.0,False,1986.75,1987.25
1625,42,1032,s,27,27.0,False,1986.75,1986.75
1626,172,1030,s,27,34.0,False,1986.75,1988.5
1627,274,224,s,27,29.0,False,1986.75,1987.25
1628,526,391,s,27,28.0,False,1986.75,1987.0
1629,818,985,s,27,38.0,False,1986.75,1989.5
1630,936,224,s,27,35.0,False,1986.75,1988.75
1631,940,302,s,27,33.0,False,1986.75,1988.25
1632,944,259,s,27,28.0,False,1986.75,1987.0
1633,1105,605,s,27,34.0,False,1986.75,1988.5
1634,1106,543,s,27,32.0,False,1986.75,1988.0
1635,30,90,s,27,38.0,False,1986.75,1989.5
1636,42,1067,s,27,32.0,False,1986.75,1988.0
1637,161,985,s,27,41.0,False,1986.75,1990.25
1638,492,752,s,27,31.0,False,1986.75,1987.75
1639,518,438,s,27,33.0,False,1986.75,1988.25
1640,638,956,s,27,34.0,False,1986.75,1988.5
1641,672,985,s,27,29.0,False,1986.75,1987.25
1642,754,340,s,27,31.0,False,1986.75,1987.75
1643,848,956,s,27,34.0,False,1986.75,1988.5
1644,855,1067,s,27,39.0,False,1986.75,1989.75
1645,916,775,s,27,28.0,False,1986.75,1987.0
1646,966,59,s,27,34.0,False,1986.75,1988.5
1647,96,985,s,27,28.0,False,1986.75,1987.0
1648,172,336,s,27,29.0,False,1986.75,1987.25
1649,274,689,s,27,30.0,False,1986.75,1987.5
1650,422,325,s,27,29.0,False,1986.75,1987.25
1651,754,1030,s,27,30.0,False,1986.75,1987.5
1652,819,1028,s,27,31.0,False,1986.75,1987.75
1653,847,1048,s,27,38.0,False,1986.75,1989.5
1654,1112,1064,s,27,31.0,False,1986.75,1987.75
1655,1176,1057,s,27,34.0,False,1986.75,1988.5
1656,918,174,l,27,28.0,True,1986.75,1987.0
1657,918,408,l,27,52.0,True,1986.75,1993.0
1658,672,1057,l,27,32.0,True,1986.75,1988.0
1659,818,761,l,27,34.0,True,1986.75,1988.5
1660,30,985,s,28,41.0,False,1987.0,1990.25
1661,42,23,s,28,28.0,False,1987.0,1987.0
1662,172,243,s,28,35.0,False,1987.0,1988.75
1663,236,406,s,28,30.0,False,1987.0,1987.5
1664,501,440,s,28,33.0,False,1987.0,1988.25
1665,561,224,s,28,29.0,False,1987.0,1987.25
1666,754,689,s,28,29.0,False,1987.0,1987.25
1667,754,985,s,28,35.0,False,1987.0,1988.75
1668,819,406,s,28,29.0,False,1987.0,1987.25
1669,832,340,s,28,29.0,False,1987.0,1987.25
1670,967,985,s,28,29.0,False,1987.0,1987.25
1671,1098,761,s,28,30.0,False,1987.0,1987.5
1672,1099,440,s,28,29.0,False,1987.0,1987.25
1673,1099,1030,s,28,29.0,False,1987.0,1987.25
1674,1174,438,s,28,28.0,False,1987.0,1987.0
1675,1285,1066,s,28,43.0,False,1987.0,1990.75
1676,30,59,s,28,45.0,False,1987.0,1991.25
1677,39,543,s,28,31.0,False,1987.0,1987.75
1678,42,760,s,28,30.0,False,1987.0,1987.5
1679,96,956,s,28,31.0,False,1987.0,1987.75
1680,168,252,s,28,30.0,False,1987.0,1987.5
1681,168,537,s,28,36.0,False,1987.0,1989.0
1682,172,192,s,28,30.0,False,1987.0,1987.5
1683,172,302,s,28,31.0,False,1987.0,1987.75
1684,466,985,s,28,30.0,False,1987.0,1987.5
1685,518,325,s,28,35.0,False,1987.0,1988.75
1686,832,537,s,28,33.0,False,1987.0,1988.25
1687,944,192,s,28,41.0,False,1987.0,1990.25
1688,944,1020,s,28,30.0,False,1987.0,1987.5
1689,30,956,s,28,31.0,False,1987.0,1987.75
1690,42,956,s,28,29.0,False,1987.0,1987.25
1691,42,1044,s,28,38.0,False,1987.0,1989.5
1692,42,1052,s,28,35.0,False,1987.0,1988.75
1693,172,440,s,28,30.0,False,1987.0,1987.5
1694,317,775,s,28,33.0,False,1987.0,1988.25
1695,422,340,s,28,30.0,False,1987.0,1987.5
1696,463,1067,s,28,29.0,False,1987.0,1987.25
1697,501,224,s,28,32.0,False,1987.0,1988.0
1698,561,59,s,28,33.0,False,1987.0,1988.25
1699,936,762,s,28,29.0,False,1987.0,1987.25
1700,944,406,s,28,29.0,False,1987.0,1987.25
1701,1088,1028,s,28,30.0,False,1987.0,1987.5
1702,1099,336,s,28,38.0,False,1987.0,1989.5
1703,1112,543,s,28,33.0,False,1987.0,1988.25
1704,1112,985,s,28,36.0,False,1987.0,1989.0
1705,848,1032,l,28,168.0,True,1987.0,2022.0
1706,172,1028,l,28,57.0,True,1987.0,1994.25
1707,526,1035,l,28,55.0,True,1987.0,1993.75
1708,672,406,l,28,32.0,True,1987.0,1988.0
1709,918,907,l,28,44.0,True,1987.0,1991.0
1710,944,679,l,28,156.0,True,1987.0,2019.0
1711,422,633,l,28,41.0,True,1987.0,1990.25
1712,30,406,s,29,30.0,False,1987.25,1987.5
1713,39,633,s,29,31.0,False,1987.25,1987.75
1714,42,1045,s,29,31.0,False,1987.25,1987.75
1715,96,302,s,29,31.0,False,1987.25,1987.75
1716,172,90,s,29,34.0,False,1987.25,1988.5
1717,289,956,s,29,32.0,False,1987.25,1988.0
1718,501,302,s,29,42.0,False,1987.25,1990.5
1719,518,946,s,29,29.0,False,1987.25,1987.25
1720,561,406,s,29,32.0,False,1987.25,1988.0
1721,754,259,s,29,30.0,False,1987.25,1987.5
1722,776,679,s,29,38.0,False,1987.25,1989.5
1723,819,762,s,29,32.0,False,1987.25,1988.0
1724,832,1045,s,29,34.0,False,1987.25,1988.5
1725,848,302,s,29,39.0,False,1987.25,1989.75
1726,893,1032,s,29,32.0,False,1987.25,1988.0
1727,944,1035,s,29,31.0,False,1987.25,1987.75
1728,967,408,s,29,30.0,False,1987.25,1987.5
1729,1106,790,s,29,31.0,False,1987.25,1987.75
1730,1112,1053,s,29,32.0,False,1987.25,1988.0
1731,1112,1065,s,29,30.0,False,1987.25,1987.5
1732,39,1049,s,29,30.0,False,1987.25,1987.5
1733,42,554,s,29,36.0,False,1987.25,1989.0
1734,330,480,s,29,32.0,False,1987.25,1988.0
1735,330,689,s,29,30.0,False,1987.25,1987.5
1736,518,790,s,29,29.0,False,1987.25,1987.25
1737,855,5,s,29,29.0,False,1987.25,1987.25
1738,855,1064,s,29,33.0,False,1987.25,1988.25
1739,893,985,s,29,34.0,False,1987.25,1988.5
1740,940,689,s,29,30.0,False,1987.25,1987.5
1741,944,1028,s,29,33.0,False,1987.25,1988.25
1742,967,1067,s,29,32.0,False,1987.25,1988.0
1743,1285,946,s,29,36.0,False,1987.25,1989.0
1744,39,720,s,29,33.0,False,1987.25,1988.25
1745,42,921,s,29,41.0,False,1987.25,1990.25
1746,42,1056,s,29,34.0,False,1987.25,1988.5
1747,96,1028,s,29,31.0,False,1987.25,1987.75
1748,330,679,s,29,33.0,False,1987.25,1988.25
1749,518,1057,s,29,31.0,False,1987.25,1987.75
1750,754,1028,s,29,33.0,False,1987.25,1988.25
1751,818,1048,s,29,41.0,False,1987.25,1990.25
1752,849,1028,s,29,34.0,False,1987.25,1988.5
1753,855,760,s,29,32.0,False,1987.25,1988.0
1754,909,406,s,29,39.0,False,1987.25,1989.75
1755,916,985,s,29,31.0,False,1987.25,1987.75
1756,918,985,s,29,33.0,False,1987.25,1988.25
1757,1099,1028,s,29,34.0,False,1987.25,1988.5
1758,1112,1049,s,29,31.0,False,1987.25,1987.75
1759,501,340,l,29,42.0,True,1987.25,1990.5
1760,819,679,l,29,152.0,True,1987.25,2018.0
1761,1112,720,l,29,50.0,True,1987.25,1992.5
1762,916,110,l,29,53.0,True,1987.25,1993.25
1763,39,5,s,30,31.0,False,1987.5,1987.75
1764,172,653,s,30,31.0,False,1987.5,1987.75
1765,754,302,s,30,32.0,False,1987.5,1988.0
1766,776,1028,s,30,32.0,False,1987.5,1988.0
1767,848,406,s,30,33.0,False,1987.5,1988.25
1768,855,985,s,30,36.0,False,1987.5,1989.0
1769,940,1030,s,30,36.0,False,1987.5,1989.0
1770,1088,1032,s,30,30.0,False,1987.5,1987.5
1771,1099,633,s,30,37.0,False,1987.5,1989.25
1772,1099,1032,s,30,30.0,False,1987.5,1987.5
1773,1213,720,s,30,30.0,False,1987.5,1987.5
1774,42,5,s,30,35.0,False,1987.5,1988.75
1775,42,408,s,30,32.0,False,1987.5,1988.0
1776,96,1035,s,30,36.0,False,1987.5,1989.0
1777,119,438,s,30,33.0,False,1987.5,1988.25
1778,501,1030,s,30,36.0,False,1987.5,1989.0
1779,561,1028,s,30,34.0,False,1987.5,1988.5
1780,917,59,s,30,32.0,False,1987.5,1988.0
1781,936,1035,s,30,36.0,False,1987.5,1989.0
1782,940,399,s,30,35.0,False,1987.5,1988.75
1783,944,790,s,30,31.0,False,1987.5,1987.75
1784,30,907,s,30,33.0,False,1987.5,1988.25
1785,39,438,s,30,35.0,False,1987.5,1988.75
1786,39,985,s,30,40.0,False,1987.5,1990.0
1787,87,775,s,30,31.0,False,1987.5,1987.75
1788,119,543,s,30,37.0,False,1987.5,1989.25
1789,119,720,s,30,34.0,False,1987.5,1988.5
1790,172,110,s,30,31.0,False,1987.5,1987.75
1791,497,985,s,30,31.0,False,1987.5,1987.75
1792,936,985,s,30,36.0,False,1987.5,1989.0
1793,940,942,s,30,31.0,False,1987.5,1987.75
1794,966,406,s,30,34.0,False,1987.5,1988.5
1795,967,985,s,30,52.0,False,1987.5,1993.0
1796,967,1052,s,30,34.0,False,1987.5,1988.5
1797,1099,440,s,30,36.0,False,1987.5,1989.0
1798,1283,605,s,30,35.0,False,1987.5,1988.75
1799,1283,762,s,30,32.0,False,1987.5,1988.0
1800,226,408,l,30,68.0,True,1987.5,1997.0
1801,561,192,l,30,83.0,True,1987.5,2000.75
1802,1106,956,l,30,42.0,True,1987.5,1990.5
1803,916,1030,l,30,50.0,True,1987.5,1992.5
1804,944,302,l,30,98.0,True,1987.5,2004.5
1805,960,689,l,30,58.0,True,1987.5,1994.5
1806,1112,314,l,30,50.0,True,1987.5,1992.5
1807,30,406,s,31,31.0,False,1987.75,1987.75
1808,42,633,s,31,51.0,False,1987.75,1992.75
1809,172,775,s,31,33.0,False,1987.75,1988.25
1810,317,110,s,31,33.0,False,1987.75,1988.25
1811,501,679,s,31,34.0,False,1987.75,1988.5
1812,518,1067,s,31,31.0,False,1987.75,1987.75
1813,521,1020,s,31,31.0,False,1987.75,1987.75
1814,561,1020,s,31,32.0,False,1987.75,1988.0
1815,791,59,s,31,35.0,False,1987.75,1988.75
1816,832,1049,s,31,37.0,False,1987.75,1989.25
1817,855,790,s,31,32.0,False,1987.75,1988.0
1818,893,110,s,31,33.0,False,1987.75,1988.25
1819,918,720,s,31,33.0,False,1987.75,1988.25
1820,944,224,s,31,33.0,False,1987.75,1988.25
1821,42,946,s,31,37.0,False,1987.75,1989.25
1822,42,985,s,31,32.0,False,1987.75,1988.0
1823,96,406,s,31,35.0,False,1987.75,1988.75
1824,466,59,s,31,36.0,False,1987.75,1989.0
1825,466,1035,s,31,37.0,False,1987.75,1989.25
1826,518,23,s,31,33.0,False,1987.75,1988.25
1827,518,790,s,31,44.0,False,1987.75,1991.0
1828,561,689,s,31,38.0,False,1987.75,1989.5
1829,819,406,s,31,35.0,False,1987.75,1988.75
1830,819,985,s,31,34.0,False,1987.75,1988.5
1831,909,1020,s,31,32.0,False,1987.75,1988.0
1832,967,325,s,31,36.0,False,1987.75,1989.0
1833,1099,399,s,31,39.0,False,1987.75,1989.75
1834,1099,1032,s,31,42.0,False,1987.75,1990.5
1835,1283,391,s,31,31.0,False,1987.75,1987.75
1836,39,406,s,31,32.0,False,1987.75,1988.0
1837,39,1064,s,31,35.0,False,1987.75,1988.75
1838,168,1057,s,31,32.0,False,1987.75,1988.0
1839,289,790,s,31,33.0,False,1987.75,1988.25
1840,501,1028,s,31,39.0,False,1987.75,1989.75
1841,526,1028,s,31,41.0,False,1987.75,1990.25
1842,855,1065,s,31,32.0,False,1987.75,1988.0
1843,916,391,s,31,37.0,False,1987.75,1989.25
1844,944,259,s,31,34.0,False,1987.75,1988.5
1845,944,406,s,31,32.0,False,1987.75,1988.0
1846,944,543,s,31,34.0,False,1987.75,1988.5
1847,944,653,s,31,41.0,False,1987.75,1990.25
1848,966,302,s,31,38.0,False,1987.75,1989.5
1849,967,438,s,31,36.0,False,1987.75,1989.0
1850,39,405,l,31,44.0,True,1987.75,1991.0
1851,151,438,l,31,60.0,True,1987.75,1995.0
1852,119,876,l,31,82.0,True,1987.75,2000.5
1853,561,762,l,31,149.0,True,1987.75,2017.25
1854,1112,946,l,31,64.0,True,1987.75,1996.0
1855,42,1057,s,32,40.0,False,1988.0,1990.0
1856,96,440,s,32,34.0,False,1988.0,1988.5
1857,161,1028,s,32,33.0,False,1988.0,1988.25
1858,274,340,s,32,32.0,False,1988.0,1988.0
1859,317,762,s,32,35.0,False,1988.0,1988.75
1860,561,1032,s,32,40.0,False,1988.0,1990.0
1861,776,1020,s,32,34.0,False,1988.0,1988.5
1862,818,438,s,32,37.0,False,1988.0,1989.25
1863,832,1064,s,32,36.0,False,1988.0,1989.0
1864,916,775,s,32,36.0,False,1988.0,1989.0
1865,916,907,s,32,38.0,False,1988.0,1989.5
1866,936,90,s,32,36.0,False,1988.0,1989.0
1867,936,1032,s,32,32.0,False,1988.0,1988.0
1868,940,259,s,32,44.0,False,1988.0,1991.0
1869,30,391,s,32,32.0,False,1988.0,1988.0
1870,39,790,s,32,33.0,False,1988.0,1988.25
1871,42,956,s,32,38.0,False,1988.0,1989.5
1872,151,1070,s,32,34.0,False,1988.0,1988.5
1873,172,302,s,32,51.0,False,1988.0,1992.75
1874,178,1049,s,32,40.0,False,1988.0,1990.0
1875,466,1030,s,32,37.0,False,1988.0,1989.25
1876,479,406,s,32,34.0,False,1988.0,1988.5
1877,518,1057,s,32,45.0,False,1988.0,1991.25
1878,526,224,s,32,36.0,False,1988.0,1989.0
1879,909,59,s,32,33.0,False,1988.0,1988.25
1880,916,59,s,32,38.0,False,1988.0,1989.5
1881,944,59,s,32,33.0,False,1988.0,1988.25
1882,966,679,s,32,33.0,False,1988.0,1988.25
1883,966,1028,s,32,47.0,False,1988.0,1991.75
1884,1099,302,s,32,32.0,False,1988.0,1988.0
1885,1105,790,s,32,40.0,False,1988.0,1990.0
1886,39,956,s,32,39.0,False,1988.0,1989.75
1887,178,325,s,32,40.0,False,1988.0,1990.0
1888,330,302,s,32,34.0,False,1988.0,1988.5
1889,497,405,s,32,41.0,False,1988.0,1990.25
1890,518,5,s,32,39.0,False,1988.0,1989.75
1891,893,406,s,32,34.0,False,1988.0,1988.5
1892,916,406,s,32,35.0,False,1988.0,1988.75
1893,967,1049,s,32,33.0,False,1988.0,1988.25
1894,967,1053,s,32,34.0,False,1988.0,1988.5
1895,1106,1070,s,32,33.0,False,1988.0,1988.25
1896,1283,1053,s,32,35.0,False,1988.0,1988.75
1897,940,1028,l,32,45.0,True,1988.0,1991.25
1898,526,406,l,32,50.0,True,1988.0,1992.5
1899,936,1028,l,32,106.0,True,1988.0,2006.5
1900,788,302,l,32,73.0,True,1988.0,1998.25
1901,819,704,l,32,35.0,True,1988.0,1988.75
1902,30,406,s,33,36.0,False,1988.25,1989.0
1903,30,1032,s,33,33.0,False,1988.25,1988.25
1904,42,110,s,33,34.0,False,1988.25,1988.5
1905,42,985,s,33,36.0,False,1988.25,1989.0
1906,119,633,s,33,36.0,False,1988.25,1989.0
1907,172,259,s,33,34.0,False,1988.25,1988.5
1908,172,689,s,33,35.0,False,1988.25,1988.75
1909,172,942,s,33,33.0,False,1988.25,1988.25
1910,383,1032,s,33,35.0,False,1988.25,1988.75
1911,466,340,s,33,35.0,False,1988.25,1988.75
1912,518,720,s,33,43.0,False,1988.25,1990.75
1913,818,369,s,33,33.0,False,1988.25,1988.25
1914,818,1067,s,33,33.0,False,1988.25,1988.25
1915,849,679,s,33,34.0,False,1988.25,1988.5
1916,855,543,s,33,36.0,False,1988.25,1989.0
1917,944,406,s,33,45.0,False,1988.25,1991.25
1918,967,182,s,33,39.0,False,1988.25,1989.75
1919,1099,110,s,33,38.0,False,1988.25,1989.5
1920,1112,633,s,33,39.0,False,1988.25,1989.75
1921,42,302,s,33,34.0,False,1988.25,1988.5
1922,96,605,s,33,50.0,False,1988.25,1992.5
1923,119,1053,s,33,33.0,False,1988.25,1988.25
1924,172,679,s,33,37.0,False,1988.25,1989.25
1925,172,1032,s,33,42.0,False,1988.25,1990.5
1926,561,340,s,33,36.0,False,1988.25,1989.0
1927,561,406,s,33,37.0,False,1988.25,1989.25
1928,754,302,s,33,43.0,False,1988.25,1990.75
1929,818,537,s,33,35.0,False,1988.25,1988.75
1930,818,1057,s,33,44.0,False,1988.25,1991.0
1931,819,775,s,33,34.0,False,1988.25,1988.5
1932,832,340,s,33,34.0,False,1988.25,1988.5
1933,832,554,s,33,35.0,False,1988.25,1988.75
1934,832,946,s,33,36.0,False,1988.25,1989.0
1935,849,224,s,33,41.0,False,1988.25,1990.25
1936,893,790,s,33,34.0,False,1988.25,1988.5
1937,916,90,s,33,34.0,False,1988.25,1988.5
1938,936,679,s,33,40.0,False,1988.25,1990.0
1939,944,1035,s,33,34.0,False,1988.25,1988.5
1940,967,720,s,33,44.0,False,1988.25,1991.0
1941,1283,5,s,33,38.0,False,1988.25,1989.5
1942,1285,720,s,33,34.0,False,1988.25,1988.5
1943,39,1231,s,33,34.0,False,1988.25,1988.5
1944,119,537,s,33,42.0,False,1988.25,1990.5
1945,501,259,s,33,34.0,False,1988.25,1988.5
1946,526,775,s,33,37.0,False,1988.25,1989.25
1947,776,1032,s,33,37.0,False,1988.25,1989.25
1948,855,302,s,33,43.0,False,1988.25,1990.75
1949,855,1049,s,33,39.0,False,1988.25,1989.75
1950,940,110,s,33,36.0,False,1988.25,1989.0
1951,967,1032,s,33,35.0,False,1988.25,1988.75
1952,1283,985,s,33,39.0,False,1988.25,1989.75
1953,526,762,l,33,86.0,True,1988.25,2001.5
1954,936,259,l,33,63.0,True,1988.25,1995.75
1955,119,956,l,33,62.0,True,1988.25,1995.5
1956,521,679,l,33,85.0,True,1988.25,2001.25
1957,936,942,l,33,86.0,True,1988.25,2001.5
1958,967,554,l,33,64.0,True,1988.25,1996.0
1959,39,720,s,34,37.0,False,1988.5,1989.25
1960,39,921,s,34,35.0,False,1988.5,1988.75
1961,96,985,s,34,40.0,False,1988.5,1990.0
1962,172,653,s,34,63.0,False,1988.5,1995.75
1963,383,1028,s,34,54.0,False,1988.5,1993.5
1964,526,302,s,34,38.0,False,1988.5,1989.5
1965,647,1049,s,34,41.0,False,1988.5,1990.25
1966,818,302,s,34,35.0,False,1988.5,1988.75
1967,940,689,s,34,34.0,False,1988.5,1988.5
1968,944,341,s,34,38.0,False,1988.5,1989.5
1969,944,633,s,34,45.0,False,1988.5,1991.25
1970,944,985,s,34,42.0,False,1988.5,1990.5
1971,966,1032,s,34,38.0,False,1988.5,1989.5
1972,1099,1030,s,34,40.0,False,1988.5,1990.0
1973,1173,438,s,34,34.0,False,1988.5,1988.5
1974,30,1032,s,34,35.0,False,1988.5,1988.75
1975,39,5,s,34,36.0,False,1988.5,1989.0
1976,39,1049,s,34,43.0,False,1988.5,1990.75
1977,96,1028,s,34,36.0,False,1988.5,1989.0
1978,96,1049,s,34,39.0,False,1988.5,1989.75
1979,168,956,s,34,38.0,False,1988.5,1989.5
1980,172,406,s,34,36.0,False,1988.5,1989.0
1981,178,1057,s,34,34.0,False,1988.5,1988.5
1982,383,1052,s,34,35.0,False,1988.5,1988.75
1983,422,1030,s,34,39.0,False,1988.5,1989.75
1984,501,224,s,34,38.0,False,1988.5,1989.5
1985,518,761,s,34,37.0,False,1988.5,1989.25
1986,526,985,s,34,36.0,False,1988.5,1989.0
1987,561,224,s,34,36.0,False,1988.5,1989.0
1988,776,302,s,34,40.0,False,1988.5,1990.0
1989,936,325,s,34,39.0,False,1988.5,1989.75
1990,1099,956,s,34,37.0,False,1988.5,1989.25
1991,1112,325,s,34,34.0,False,1988.5,1988.5
1992,1213,438,s,34,38.0,False,1988.5,1989.5
1993,39,543,s,34,41.0,False,1988.5,1990.25
1994,39,554,s,34,35.0,False,1988.5,1988.75
1995,42,537,s,34,35.0,False,1988.5,1988.75
1996,547,438,s,34,35.0,False,1988.5,1988.75
1997,818,790,s,34,37.0,False,1988.5,1989.25
1998,936,192,s,34,36.0,False,1988.5,1989.0
1999,936,1030,s,34,35.0,False,1988.5,1988.75
2000,944,1020,s,34,36.0,False,1988.5,1989.0
2001,967,406,s,34,36.0,False,1988.5,1989.0
2002,39,790,l,34,50.0,True,1988.5,1992.5
2003,893,406,l,34,100.0,True,1988.5,2005.0
2004,966,775,l,34,81.0,True,1988.5,2000.25
2005,317,985,l,34,112.0,True,1988.5,2008.0
2006,518,543,l,34,64.0,True,1988.5,1996.0
2007,819,340,l,34,70.0,True,1988.5,1997.5
2008,39,1053,s,35,37.0,False,1988.75,1989.25
2009,172,1030,s,35,36.0,False,1988.75,1989.0
2010,383,790,s,35,37.0,False,1988.75,1989.25
2011,466,259,s,35,38.0,False,1988.75,1989.5
2012,501,605,s,35,48.0,False,1988.75,1992.0
2013,501,679,s,35,43.0,False,1988.75,1990.75
2014,518,956,s,35,35.0,False,1988.75,1988.75
2015,847,59,s,35,37.0,False,1988.75,1989.25
2016,855,369,s,35,42.0,False,1988.75,1990.5
2017,893,1030,s,35,36.0,False,1988.75,1989.0
2018,916,985,s,35,39.0,False,1988.75,1989.75
2019,918,946,s,35,36.0,False,1988.75,1989.0
2020,944,1035,s,35,38.0,False,1988.75,1989.5
2021,966,59,s,35,37.0,False,1988.75,1989.25
2022,1112,956,s,35,36.0,False,1988.75,1989.0
2023,1283,543,s,35,42.0,False,1988.75,1990.5
2024,30,633,s,35,36.0,False,1988.75,1989.0
2025,96,679,s,35,38.0,False,1988.75,1989.5
2026,383,720,s,35,41.0,False,1988.75,1990.25
2027,819,605,s,35,38.0,False,1988.75,1989.5
2028,855,679,s,35,37.0,False,1988.75,1989.25
2029,918,5,s,35,54.0,False,1988.75,1993.5
2030,1099,790,s,35,37.0,False,1988.75,1989.25
2031,1099,1037,s,35,35.0,False,1988.75,1988.75
2032,39,633,s,35,40.0,False,1988.75,1990.0
2033,39,762,s,35,37.0,False,1988.75,1989.25
2034,42,543,s,35,38.0,False,1988.75,1989.5
2035,96,340,s,35,36.0,False,1988.75,1989.0
2036,172,110,s,35,37.0,False,1988.75,1989.25
2037,172,259,s,35,45.0,False,1988.75,1991.25
2038,178,720,s,35,36.0,False,1988.75,1989.0
2039,317,761,s,35,36.0,False,1988.75,1989.0
2040,330,243,s,35,41.0,False,1988.75,1990.25
2041,561,1020,s,35,40.0,False,1988.75,1990.0
2042,819,985,s,35,41.0,False,1988.75,1990.25
2043,832,1057,s,35,39.0,False,1988.75,1989.75
2044,918,720,s,35,38.0,False,1988.75,1989.5
2045,944,405,s,35,40.0,False,1988.75,1990.0
2046,960,1020,s,35,41.0,False,1988.75,1990.25
2047,1088,1028,s,35,37.0,False,1988.75,1989.25
2048,1099,762,s,35,52.0,False,1988.75,1993.0
2049,1283,1035,s,35,37.0,False,1988.75,1989.25
2050,818,314,l,35,50.0,True,1988.75,1992.5
2051,1283,790,l,35,95.0,True,1988.75,2003.75
2052,172,762,l,35,51.0,True,1988.75,1992.75
2053,463,720,l,35,116.0,True,1988.75,2009.0
2054,855,1032,l,35,103.0,True,1988.75,2005.75
2055,39,1032,s,36,40.0,False,1989.0,1990.0
2056,96,406,s,36,38.0,False,1989.0,1989.5
2057,113,1028,s,36,43.0,False,1989.0,1990.75
2058,119,1322,s,36,48.0,False,1989.0,1992.0
2059,172,689,s,36,37.0,False,1989.0,1989.25
2060,172,942,s,36,40.0,False,1989.0,1990.0
2061,178,790,s,36,39.0,False,1989.0,1989.75
2062,274,302,s,36,41.0,False,1989.0,1990.25
2063,466,340,s,36,41.0,False,1989.0,1990.25
2064,501,192,s,36,45.0,False,1989.0,1991.25
2065,501,921,s,36,37.0,False,1989.0,1989.25
2066,518,1053,s,36,37.0,False,1989.0,1989.25
2067,638,956,s,36,42.0,False,1989.0,1990.5
2068,791,59,s,36,37.0,False,1989.0,1989.25
2069,818,302,s,36,46.0,False,1989.0,1991.5
2070,847,192,s,36,38.0,False,1989.0,1989.5
2071,847,1032,s,36,41.0,False,1989.0,1990.25
2072,848,406,s,36,40.0,False,1989.0,1990.0
2073,940,689,s,36,38.0,False,1989.0,1989.5
2074,944,1028,s,36,40.0,False,1989.0,1990.0
2075,1112,438,s,36,43.0,False,1989.0,1990.75
2076,96,790,s,36,37.0,False,1989.0,1989.25
2077,119,720,s,36,40.0,False,1989.0,1990.0
2078,422,302,s,36,43.0,False,1989.0,1990.75
2079,501,1020,s,36,37.0,False,1989.0,1989.25
2080,561,942,s,36,41.0,False,1989.0,1990.25
2081,630,1020,s,36,39.0,False,1989.0,1989.75
2082,819,406,s,36,38.0,False,1989.0,1989.5
2083,848,90,s,36,41.0,False,1989.0,1990.25
2084,893,762,s,36,37.0,False,1989.0,1989.25
2085,966,340,s,36,44.0,False,1989.0,1991.0
2086,30,775,s,36,38.0,False,1989.0,1989.5
2087,42,302,s,36,38.0,False,1989.0,1989.5
2088,42,537,s,36,54.0,False,1989.0,1993.5
2089,42,1067,s,36,39.0,False,1989.0,1989.75
2090,87,302,s,36,39.0,False,1989.0,1989.75
2091,172,90,s,36,40.0,False,1989.0,1990.0
2092,422,1032,s,36,43.0,False,1989.0,1990.75
2093,518,679,s,36,37.0,False,1989.0,1989.25
2094,630,1028,s,36,37.0,False,1989.0,1989.25
2095,791,942,s,36,42.0,False,1989.0,1990.5
2096,818,1045,s,36,40.0,False,1989.0,1990.0
2097,893,790,s,36,50.0,False,1989.0,1992.5
2098,940,406,s,36,43.0,False,1989.0,1990.75
2099,1112,537,s,36,40.0,False,1989.0,1990.0
2100,172,480,l,36,116.0,True,1989.0,2009.0
2101,849,1045,l,36,75.0,True,1989.0,1998.75
2102,39,1057,l,36,42.0,True,1989.0,1990.5
2103,1283,1048,l,36,95.0,True,1989.0,2003.75
2104,39,110,s,37,40.0,False,1989.25,1990.0
2105,42,985,s,37,38.0,False,1989.25,1989.5
2106,317,259,s,37,45.0,False,1989.25,1991.25
2107,819,1032,s,37,40.0,False,1989.25,1990.0
2108,893,985,s,37,51.0,False,1989.25,1992.75
2109,916,192,s,37,39.0,False,1989.25,1989.75
2110,944,1020,s,37,39.0,False,1989.25,1989.75
2111,944,1044,s,37,44.0,False,1989.25,1991.0
2112,966,259,s,37,37.0,False,1989.25,1989.25
2113,967,438,s,37,40.0,False,1989.25,1990.0
2114,39,679,s,37,39.0,False,1989.25,1989.75
2115,161,1028,s,37,42.0,False,1989.25,1990.5
2116,317,679,s,37,37.0,False,1989.25,1989.25
2117,501,391,s,37,41.0,False,1989.25,1990.25
2118,561,224,s,37,40.0,False,1989.25,1990.0
2119,776,1028,s,37,38.0,False,1989.25,1989.5
2120,818,369,s,37,37.0,False,1989.25,1989.25
2121,819,1028,s,37,40.0,False,1989.25,1990.0
2122,832,554,s,37,45.0,False,1989.25,1991.25
2123,855,408,s,37,46.0,False,1989.25,1991.5
2124,909,653,s,37,40.0,False,1989.25,1990.0
2125,936,192,s,37,38.0,False,1989.25,1989.5
2126,940,90,s,37,53.0,False,1989.25,1993.25
2127,940,1020,s,37,45.0,False,1989.25,1991.25
2128,1098,761,s,37,38.0,False,1989.25,1989.5
2129,1099,1028,s,37,41.0,False,1989.25,1990.25
2130,30,259,s,37,41.0,False,1989.25,1990.25
2131,39,340,s,37,39.0,False,1989.25,1989.75
2132,42,5,s,37,46.0,False,1989.25,1991.5
2133,119,1035,s,37,50.0,False,1989.25,1992.5
2134,501,633,s,37,41.0,False,1989.25,1990.25
2135,501,710,s,37,38.0,False,1989.25,1989.5
2136,518,1045,s,37,39.0,False,1989.25,1989.75
2137,526,259,s,37,43.0,False,1989.25,1990.75
2138,526,907,s,37,44.0,False,1989.25,1991.0
2139,848,985,s,37,40.0,False,1989.25,1990.0
2140,855,1035,s,37,38.0,False,1989.25,1989.5
2141,916,956,s,37,39.0,False,1989.25,1989.75
2142,940,192,s,37,52.0,False,1989.25,1993.0
2143,1099,340,s,37,38.0,False,1989.25,1989.5
2144,1176,1322,s,37,48.0,False,1989.25,1992.0
2145,1283,956,s,37,44.0,False,1989.25,1991.0
2146,96,762,l,37,38.0,True,1989.25,1989.5
2147,172,406,l,37,137.0,True,1989.25,2014.25
2148,847,1028,l,37,50.0,True,1989.25,1992.5
2149,39,1053,l,37,148.0,True,1989.25,2017.0
2150,940,775,l,37,119.0,True,1989.25,2009.75
2151,776,259,l,37,148.0,True,1989.25,2017.0
2152,916,340,l,37,122.0,True,1989.25,2010.5
2153,1285,720,l,37,56.0,True,1989.25,1994.0
2154,39,23,s,38,50.0,False,1989.5,1992.5
2155,172,689,s,38,41.0,False,1989.5,1990.25
2156,518,110,s,38,41.0,False,1989.5,1990.25
2157,518,1032,s,38,44.0,False,1989.5,1991.0
2158,630,689,s,38,38.0,False,1989.5,1989.5
2159,819,956,s,38,45.0,False,1989.5,1991.25
2160,848,224,s,38,40.0,False,1989.5,1990.0
2161,916,679,s,38,38.0,False,1989.5,1989.5
2162,1099,90,s,38,38.0,False,1989.5,1989.5
2163,1099,302,s,38,40.0,False,1989.5,1990.0
2164,1099,1037,s,38,41.0,False,1989.5,1990.25
2165,1112,1037,s,38,40.0,False,1989.5,1990.0
2166,1283,762,s,38,50.0,False,1989.5,1992.5
2167,1283,921,s,38,48.0,False,1989.5,1992.0
2168,30,1030,s,38,39.0,False,1989.5,1989.75
2169,42,170,s,38,47.0,False,1989.5,1991.75
2170,42,1056,s,38,40.0,False,1989.5,1990.0
2171,172,340,s,38,41.0,False,1989.5,1990.25
2172,274,1028,s,38,39.0,False,1989.5,1989.75
2173,422,391,s,38,39.0,False,1989.5,1989.75
2174,916,406,s,38,39.0,False,1989.5,1989.75
2175,936,1032,s,38,41.0,False,1989.5,1990.25
2176,30,406,s,38,41.0,False,1989.5,1990.25
2177,42,1231,s,38,39.0,False,1989.5,1989.75
2178,42,1322,s,38,58.0,False,1989.5,1994.5
2179,62,438,s,38,39.0,False,1989.5,1989.75
2180,119,985,s,38,41.0,False,1989.5,1990.25
2181,226,1057,s,38,41.0,False,1989.5,1990.25
2182,289,985,s,38,44.0,False,1989.5,1991.0
2183,330,1028,s,38,42.0,False,1989.5,1990.5
2184,497,406,s,38,40.0,False,1989.5,1990.0
2185,501,876,s,38,39.0,False,1989.5,1989.75
2186,501,1020,s,38,43.0,False,1989.5,1990.75
2187,518,405,s,38,39.0,False,1989.5,1989.75
2188,518,762,s,38,43.0,False,1989.5,1990.75
2189,561,440,s,38,46.0,False,1989.5,1991.5
2190,944,59,s,38,44.0,False,1989.5,1991.0
2191,944,90,s,38,46.0,False,1989.5,1991.5
2192,966,1049,s,38,45.0,False,1989.5,1991.25
2193,1283,605,s,38,39.0,False,1989.5,1989.75
2194,274,985,l,38,79.0,True,1989.5,1999.75
2195,526,302,l,38,39.0,True,1989.5,1989.75
2196,848,956,l,38,139.0,True,1989.5,2014.75
2197,1099,633,l,38,71.0,True,1989.5,1997.75
2198,96,302,s,39,43.0,False,1989.75,1990.75
2199,172,440,s,39,45.0,False,1989.75,1991.25
2200,230,1030,s,39,39.0,False,1989.75,1989.75
2201,274,259,s,39,48.0,False,1989.75,1992.0
2202,330,653,s,39,42.0,False,1989.75,1990.5
2203,561,985,s,39,43.0,False,1989.75,1990.75
2204,630,689,s,39,40.0,False,1989.75,1990.0
2205,754,340,s,39,53.0,False,1989.75,1993.25
2206,776,679,s,39,39.0,False,1989.75,1989.75
2207,788,1028,s,39,40.0,False,1989.75,1990.0
2208,855,5,s,39,39.0,False,1989.75,1989.75
2209,940,480,s,39,39.0,False,1989.75,1989.75
2210,944,259,s,39,65.0,False,1989.75,1996.25
2211,966,391,s,39,40.0,False,1989.75,1990.0
2212,966,406,s,39,44.0,False,1989.75,1991.0
2213,30,1020,s,39,43.0,False,1989.75,1990.75
2214,39,720,s,39,40.0,False,1989.75,1990.0
2215,96,438,s,39,43.0,False,1989.75,1990.75
2216,518,679,s,39,50.0,False,1989.75,1992.5
2217,526,192,s,39,42.0,False,1989.75,1990.5
2218,630,1028,s,39,40.0,False,1989.75,1990.0
2219,776,985,s,39,40.0,False,1989.75,1990.0
2220,832,1035,s,39,39.0,False,1989.75,1989.75
2221,916,633,s,39,40.0,False,1989.75,1990.0
2222,918,720,s,39,43.0,False,1989.75,1990.75
2223,967,408,s,39,49.0,False,1989.75,1992.25
2224,1112,1035,s,39,41.0,False,1989.75,1990.25
2225,1283,1037,s,39,48.0,False,1989.75,1992.0
2226,42,110,s,39,41.0,False,1989.75,1990.25
2227,42,325,s,39,43.0,False,1989.75,1990.75
2228,168,1053,s,39,49.0,False,1989.75,1992.25
2229,226,985,s,39,43.0,False,1989.75,1990.75
2230,497,679,s,39,42.0,False,1989.75,1990.5
2231,561,689,s,39,40.0,False,1989.75,1990.0
2232,818,438,s,39,41.0,False,1989.75,1990.25
2233,848,1020,s,39,41.0,False,1989.75,1990.25
2234,944,224,s,39,40.0,False,1989.75,1990.0
2235,944,1035,s,39,42.0,False,1989.75,1990.5
2236,226,679,l,39,84.0,True,1989.75,2001.0
2237,289,1322,l,39,44.0,True,1989.75,1991.0
2238,172,775,s,40,45.0,False,1990.0,1991.25
2239,317,679,s,40,48.0,False,1990.0,1992.0
2240,501,224,s,40,43.0,False,1990.0,1990.75
2241,501,1028,s,40,48.0,False,1990.0,1992.0
2242,521,689,s,40,47.0,False,1990.0,1991.75
2243,526,1032,s,40,41.0,False,1990.0,1990.25
2244,561,302,s,40,40.0,False,1990.0,1990.0
2245,819,259,s,40,40.0,False,1990.0,1990.0
2246,848,679,s,40,49.0,False,1990.0,1992.25
2247,849,406,s,40,51.0,False,1990.0,1992.75
2248,916,679,s,40,40.0,False,1990.0,1990.0
2249,944,340,s,40,47.0,False,1990.0,1991.75
2250,1099,1035,s,40,44.0,False,1990.0,1991.0
2251,226,543,s,40,44.0,False,1990.0,1991.0
2252,289,110,s,40,45.0,False,1990.0,1991.25
2253,422,192,s,40,45.0,False,1990.0,1991.25
2254,630,406,s,40,45.0,False,1990.0,1991.25
2255,916,192,s,40,45.0,False,1990.0,1991.25
2256,916,224,s,40,44.0,False,1990.0,1991.0
2257,916,406,s,40,41.0,False,1990.0,1990.25
2258,918,1066,s,40,49.0,False,1990.0,1992.25
2259,1099,259,s,40,57.0,False,1990.0,1994.25
2260,1283,340,s,40,41.0,False,1990.0,1990.25
2261,42,302,s,40,47.0,False,1990.0,1991.75
2262,42,438,s,40,42.0,False,1990.0,1990.5
2263,42,554,s,40,42.0,False,1990.0,1990.5
2264,330,1020,s,40,41.0,False,1990.0,1990.25
2265,482,224,s,40,44.0,False,1990.0,1991.0
2266,855,633,s,40,42.0,False,1990.0,1990.5
2267,940,1030,s,40,41.0,False,1990.0,1990.25
2268,967,543,s,40,42.0,False,1990.0,1990.5
2269,967,1053,s,40,41.0,False,1990.0,1990.25
2270,1283,302,s,40,42.0,False,1990.0,1990.5
2271,482,942,l,40,119.0,True,1990.0,2009.75
2272,501,985,l,40,44.0,True,1990.0,1991.0
2273,630,942,l,40,89.0,True,1990.0,2002.25
2274,1106,1048,l,40,132.0,True,1990.0,2013.0
2275,172,942,l,40,,True,1990.0,
2276,1099,170,l,40,214.0,True,1990.0,2033.5
2277,39,985,l,40,66.0,True,1990.0,1996.5
2278,42,1037,l,40,80.0,True,1990.0,2000.0
2279,501,653,l,40,55.0,True,1990.0,1993.75
2280,518,1166,l,40,84.0,True,1990.0,2001.0
2281,630,224,l,40,59.0,True,1990.0,1994.75
2282,39,633,s,41,49.0,False,1990.25,1992.25
2283,39,679,s,41,42.0,False,1990.25,1990.5
2284,39,720,s,41,43.0,False,1990.25,1990.75
2285,39,1035,s,41,47.0,False,1990.25,1991.75
2286,92,341,s,41,46.0,False,1990.25,1991.5
2287,92,689,s,41,43.0,False,1990.25,1990.75
2288,185,369,s,41,41.0,False,1990.25,1990.25
2289,330,1032,s,41,41.0,False,1990.25,1990.25
2290,630,302,s,41,53.0,False,1990.25,1993.25
2291,754,762,s,41,49.0,False,1990.25,1992.25
2292,776,340,s,41,54.0,False,1990.25,1993.5
2293,916,391,s,41,43.0,False,1990.25,1990.75
2294,940,689,s,41,42.0,False,1990.25,1990.5
2295,944,243,s,41,43.0,False,1990.25,1990.75
2296,966,302,s,41,44.0,False,1990.25,1991.0
2297,1099,956,s,41,44.0,False,1990.25,1991.0
2298,30,689,s,41,43.0,False,1990.25,1990.75
2299,42,543,s,41,42.0,False,1990.25,1990.5
2300,92,259,s,41,42.0,False,1990.25,1990.5
2301,92,406,s,41,43.0,False,1990.25,1990.75
2302,317,1028,s,41,44.0,False,1990.25,1991.0
2303,526,985,s,41,47.0,False,1990.25,1991.75
2304,561,1028,s,41,42.0,False,1990.25,1990.5
2305,630,1028,s,41,43.0,False,1990.25,1990.75
2306,819,406,s,41,44.0,False,1990.25,1991.0
2307,855,1053,s,41,47.0,False,1990.25,1991.75
2308,909,302,s,41,42.0,False,1990.25,1990.5
2309,916,956,s,41,46.0,False,1990.25,1991.5
2310,1345,554,s,41,51.0,False,1990.25,1992.75
2311,92,1028,s,41,45.0,False,1990.25,1991.25
2312,119,1057,s,41,46.0,False,1990.25,1991.5
2313,422,679,s,41,47.0,False,1990.25,1991.75
2314,466,1020,s,41,61.0,False,1990.25,1995.25
2315,501,440,s,41,52.0,False,1990.25,1993.0
2316,561,406,s,41,42.0,False,1990.25,1990.5
2317,819,1028,s,41,45.0,False,1990.25,1991.25
2318,832,405,s,41,47.0,False,1990.25,1991.75
2319,848,302,s,41,43.0,False,1990.25,1990.75
2320,855,5,s,41,42.0,False,1990.25,1990.5
2321,936,679,s,41,51.0,False,1990.25,1992.75
2322,855,543,l,41,89.0,True,1990.25,2002.25
2323,918,537,l,41,52.0,True,1990.25,1993.0
2324,39,340,l,41,44.0,True,1990.25,1991.0
2325,119,23,l,41,80.0,True,1990.25,2000.0
2326,848,59,l,41,73.0,True,1990.25,1998.25
2327,855,1048,l,41,48.0,True,1990.25,1992.0
2328,39,1045,s,42,44.0,False,1990.5,1991.0
2329,42,391,s,42,47.0,False,1990.5,1991.75
2330,92,942,s,42,49.0,False,1990.5,1992.25
2331,518,1070,s,42,54.0,False,1990.5,1993.5
2332,526,302,s,42,45.0,False,1990.5,1991.25
2333,526,543,s,42,43.0,False,1990.5,1990.75
2334,630,679,s,42,47.0,False,1990.5,1991.75
2335,776,59,s,42,45.0,False,1990.5,1991.25
2336,788,340,s,42,44.0,False,1990.5,1991.0
2337,847,90,s,42,59.0,False,1990.5,1994.75
2338,867,406,s,42,43.0,False,1990.5,1990.75
2339,916,406,s,42,56.0,False,1990.5,1994.0
2340,1112,1066,s,42,45.0,False,1990.5,1991.25
2341,1176,21,s,42,49.0,False,1990.5,1992.25
2342,30,405,s,42,44.0,False,1990.5,1991.0
2343,42,340,s,42,43.0,False,1990.5,1990.75
2344,96,391,s,42,47.0,False,1990.5,1991.75
2345,119,438,s,42,46.0,False,1990.5,1991.5
2346,168,946,s,42,50.0,False,1990.5,1992.5
2347,383,406,s,42,46.0,False,1990.5,1991.5
2348,482,1020,s,42,43.0,False,1990.5,1990.75
2349,561,942,s,42,42.0,False,1990.5,1990.5
2350,630,192,s,42,43.0,False,1990.5,1990.75
2351,754,1028,s,42,43.0,False,1990.5,1990.75
2352,819,438,s,42,46.0,False,1990.5,1991.5
2353,832,1057,s,42,45.0,False,1990.5,1991.25
2354,848,224,s,42,43.0,False,1990.5,1990.75
2355,855,1049,s,42,48.0,False,1990.5,1992.0
2356,916,360,s,42,47.0,False,1990.5,1991.75
2357,918,1048,s,42,45.0,False,1990.5,1991.25
2358,944,192,s,42,50.0,False,1990.5,1992.5
2359,944,1020,s,42,53.0,False,1990.5,1993.25
2360,960,259,s,42,43.0,False,1990.5,1990.75
2361,967,1053,s,42,49.0,False,1990.5,1992.25
2362,1345,537,s,42,42.0,False,1990.5,1990.5
2363,30,406,s,42,43.0,False,1990.5,1990.75
2364,30,762,s,42,48.0,False,1990.5,1992.0
2365,42,408,s,42,53.0,False,1990.5,1993.25
2366,42,946,s,42,52.0,False,1990.5,1993.0
2367,87,689,s,42,44.0,False,1990.5,1991.0
2368,87,1028,s,42,45.0,False,1990.5,1991.25
2369,168,1048,s,42,43.0,False,1990.5,1990.75
2370,501,340,s,42,47.0,False,1990.5,1991.75
2371,561,360,s,42,43.0,False,1990.5,1990.75
2372,819,1032,s,42,44.0,False,1990.5,1991.0
2373,832,543,s,42,44.0,False,1990.5,1991.0
2374,944,440,s,42,46.0,False,1990.5,1991.5
2375,966,1020,s,42,43.0,False,1990.5,1990.75
2376,1099,302,s,42,43.0,False,1990.5,1990.75
2377,1112,790,s,42,44.0,False,1990.5,1991.0
2378,42,438,l,42,100.0,True,1990.5,2005.0
2379,42,1045,l,42,86.0,True,1990.5,2001.5
2380,422,259,l,42,125.0,True,1990.5,2011.25
2381,818,720,l,42,60.0,True,1990.5,1995.0
2382,1099,1028,l,42,85.0,True,1990.5,2001.25
2383,526,956,l,42,120.0,True,1990.5,2010.0
2384,39,762,l,42,75.0,True,1990.5,1998.75
2385,168,720,l,42,55.0,True,1990.5,1993.75
2386,916,985,l,42,54.0,True,1990.5,1993.5
2387,42,543,s,43,44.0,False,1990.75,1991.0
2388,42,762,s,43,44.0,False,1990.75,1991.0
2389,185,762,s,43,52.0,False,1990.75,1993.0
2390,501,302,s,43,66.0,False,1990.75,1996.5
2391,518,1053,s,43,60.0,False,1990.75,1995.0
2392,759,406,s,43,45.0,False,1990.75,1991.25
2393,776,1028,s,43,45.0,False,1990.75,1991.25
2394,916,793,s,43,43.0,False,1990.75,1990.75
2395,916,1020,s,43,54.0,False,1990.75,1993.5
2396,1088,406,s,43,47.0,False,1990.75,1991.75
2397,1174,438,s,43,51.0,False,1990.75,1992.75
2398,1213,554,s,43,44.0,False,1990.75,1991.0
2399,1283,679,s,43,46.0,False,1990.75,1991.5
2400,1283,1057,s,43,46.0,False,1990.75,1991.5
2401,92,224,s,43,44.0,False,1990.75,1991.0
2402,92,391,s,43,43.0,False,1990.75,1990.75
2403,330,689,s,43,44.0,False,1990.75,1991.0
2404,383,110,s,43,51.0,False,1990.75,1992.75
2405,466,1028,s,43,46.0,False,1990.75,1991.5
2406,848,259,s,43,43.0,False,1990.75,1990.75
2407,936,59,s,43,53.0,False,1990.75,1993.25
2408,936,1030,s,43,44.0,False,1990.75,1991.0
2409,1088,302,s,43,47.0,False,1990.75,1991.75
2410,1283,438,s,43,51.0,False,1990.75,1992.75
2411,30,605,s,43,50.0,False,1990.75,1992.5
2412,39,438,s,43,48.0,False,1990.75,1992.0
2413,42,1057,s,43,52.0,False,1990.75,1993.0
2414,172,689,s,43,44.0,False,1990.75,1991.0
2415,422,406,s,43,50.0,False,1990.75,1992.5
2416,518,5,s,43,49.0,False,1990.75,1992.25
2417,526,1028,s,43,50.0,False,1990.75,1992.5
2418,754,110,s,43,50.0,False,1990.75,1992.5
2419,855,679,s,43,44.0,False,1990.75,1991.0
2420,855,1045,s,43,47.0,False,1990.75,1991.75
2421,893,633,s,43,44.0,False,1990.75,1991.0
2422,916,775,s,43,46.0,False,1990.75,1991.5
2423,944,1028,s,43,48.0,False,1990.75,1992.0
2424,944,1030,s,43,59.0,False,1990.75,1994.75
2425,966,1032,s,43,44.0,False,1990.75,1991.0
2426,96,406,l,43,54.0,True,1990.75,1993.5
2427,818,438,l,43,100.0,True,1990.75,2005.0
2428,1285,633,l,43,64.0,True,1990.75,1996.0
2429,30,793,l,43,176.0,True,1990.75,2024.0
2430,96,985,l,43,132.0,True,1990.75,2013.0
2431,289,876,l,43,136.0,True,1990.75,2014.0
2432,818,1035,l,43,88.0,True,1990.75,2002.0
2433,967,946,l,43,48.0,True,1990.75,1992.0
2434,30,90,s,44,46.0,False,1991.0,1991.5
2435,42,728,s,44,45.0,False,1991.0,1991.25
2436,42,985,s,44,45.0,False,1991.0,1991.25
2437,92,406,s,44,55.0,False,1991.0,1993.75
2438,172,679,s,44,48.0,False,1991.0,1992.0
2439,226,5,s,44,53.0,False,1991.0,1993.25
2440,501,679,s,44,55.0,False,1991.0,1993.75
2441,526,790,s,44,49.0,False,1991.0,1992.25
2442,561,224,s,44,45.0,False,1991.0,1991.25
2443,561,1028,s,44,45.0,False,1991.0,1991.25
2444,776,679,s,44,48.0,False,1991.0,1992.0
2445,819,775,s,44,44.0,False,1991.0,1991.0
2446,1283,537,s,44,44.0,False,1991.0,1991.0
2447,1285,537,s,44,48.0,False,1991.0,1992.0
2448,1345,438,s,44,45.0,False,1991.0,1991.25
2449,30,259,s,44,51.0,False,1991.0,1992.75
2450,39,956,s,44,52.0,False,1991.0,1993.0
2451,42,406,s,44,44.0,False,1991.0,1991.0
2452,92,302,s,44,51.0,False,1991.0,1992.75
2453,172,1030,s,44,47.0,False,1991.0,1991.75
2454,304,406,s,44,52.0,False,1991.0,1993.0
2455,561,110,s,44,53.0,False,1991.0,1993.25
2456,832,1035,s,44,47.0,False,1991.0,1991.75
2457,848,1030,s,44,45.0,False,1991.0,1991.25
2458,1112,554,s,44,50.0,False,1991.0,1992.5
2459,39,406,s,44,47.0,False,1991.0,1991.75
2460,42,1044,s,44,51.0,False,1991.0,1992.75
2461,62,1048,s,44,54.0,False,1991.0,1993.5
2462,172,1020,s,44,54.0,False,1991.0,1993.5
2463,317,762,s,44,55.0,False,1991.0,1993.75
2464,330,1030,s,44,46.0,False,1991.0,1991.5
2465,940,942,s,44,47.0,False,1991.0,1991.75
2466,92,340,l,44,70.0,True,1991.0,1997.5
2467,518,438,l,44,84.0,True,1991.0,2001.0
2468,818,1048,l,44,87.0,True,1991.0,2001.75
2469,30,406,l,44,103.0,True,1991.0,2005.75
2470,42,956,s,45,45.0,False,1991.25,1991.25
2471,119,1045,s,45,52.0,False,1991.25,1993.0
2472,172,689,s,45,58.0,False,1991.25,1994.5
2473,463,554,s,45,46.0,False,1991.25,1991.5
2474,561,313,s,45,45.0,False,1991.25,1991.25
2475,966,956,s,45,45.0,False,1991.25,1991.25
2476,1099,689,s,45,47.0,False,1991.25,1991.75
2477,1099,907,s,45,48.0,False,1991.25,1992.0
2478,1345,605,s,45,46.0,False,1991.25,1991.5
2479,92,259,s,45,51.0,False,1991.25,1992.75
2480,92,689,s,45,52.0,False,1991.25,1993.0
2481,96,679,s,45,50.0,False,1991.25,1992.5
2482,96,762,s,45,52.0,False,1991.25,1993.0
2483,96,1035,s,45,47.0,False,1991.25,1991.75
2484,119,5,s,45,49.0,False,1991.25,1992.25
2485,119,1051,s,45,49.0,False,1991.25,1992.25
2486,226,1067,s,45,46.0,False,1991.25,1991.5
2487,463,438,s,45,47.0,False,1991.25,1991.75
2488,561,942,s,45,49.0,False,1991.25,1992.25
2489,818,790,s,45,46.0,False,1991.25,1991.5
2490,819,406,s,45,47.0,False,1991.25,1991.75
2491,916,224,s,45,53.0,False,1991.25,1993.25
2492,940,679,s,45,50.0,False,1991.25,1992.5
2493,944,224,s,45,49.0,False,1991.25,1992.25
2494,1098,876,s,45,46.0,False,1991.25,1991.5
2495,92,224,s,45,53.0,False,1991.25,1993.25
2496,96,110,s,45,49.0,False,1991.25,1992.25
2497,96,1028,s,45,53.0,False,1991.25,1993.25
2498,226,554,s,45,46.0,False,1991.25,1991.5
2499,501,633,s,45,48.0,False,1991.25,1992.0
2500,501,689,s,45,53.0,False,1991.25,1993.25
2501,561,340,s,45,48.0,False,1991.25,1992.0
2502,561,689,s,45,46.0,False,1991.25,1991.5
2503,754,689,s,45,46.0,False,1991.25,1991.5
2504,855,790,s,45,51.0,False,1991.25,1992.75
2505,864,985,s,45,48.0,False,1991.25,1992.0
2506,916,653,s,45,52.0,False,1991.25,1993.0
2507,916,679,s,45,50.0,False,1991.25,1992.5
2508,916,1028,s,45,46.0,False,1991.25,1991.5
2509,944,689,s,45,54.0,False,1991.25,1993.5
2510,991,1028,s,45,47.0,False,1991.25,1991.75
2511,1098,406,s,45,48.0,False,1991.25,1992.0
2512,1105,790,s,45,49.0,False,1991.25,1992.25
2513,501,224,l,45,68.0,True,1991.25,1997.0
2514,274,406,l,45,195.0,True,1991.25,2028.75
2515,855,325,l,45,68.0,True,1991.25,1997.0
2516,226,1045,l,45,84.0,True,1991.25,2001.0
2517,967,720,l,45,84.0,True,1991.25,2001.0
2518,39,1028,s,46,49.0,False,1991.5,1992.25
2519,42,110,s,46,47.0,False,1991.5,1991.75
2520,119,406,s,46,51.0,False,1991.5,1992.75
2521,337,302,s,46,48.0,False,1991.5,1992.0
2522,501,192,s,46,55.0,False,1991.5,1993.75
2523,501,921,s,46,46.0,False,1991.5,1991.5
2524,526,259,s,46,50.0,False,1991.5,1992.5
2525,791,605,s,46,48.0,False,1991.5,1992.0
2526,791,689,s,46,46.0,False,1991.5,1991.5
2527,848,1028,s,46,71.0,False,1991.5,1997.75
2528,855,1067,s,46,55.0,False,1991.5,1993.75
2529,909,679,s,46,57.0,False,1991.5,1994.25
2530,916,325,s,46,48.0,False,1991.5,1992.0
2531,42,340,s,46,47.0,False,1991.5,1991.75
2532,42,554,s,46,46.0,False,1991.5,1991.5
2533,172,259,s,46,47.0,False,1991.5,1991.75
2534,172,956,s,46,47.0,False,1991.5,1991.75
2535,226,985,s,46,50.0,False,1991.5,1992.5
2536,501,1020,s,46,47.0,False,1991.5,1991.75
2537,754,302,s,46,46.0,False,1991.5,1991.5
2538,791,1028,s,46,47.0,False,1991.5,1991.75
2539,819,1028,s,46,61.0,False,1991.5,1995.25
2540,819,1057,s,46,49.0,False,1991.5,1992.25
2541,848,406,s,46,48.0,False,1991.5,1992.0
2542,893,325,s,46,47.0,False,1991.5,1991.75
2543,936,90,s,46,48.0,False,1991.5,1992.0
2544,944,985,s,46,48.0,False,1991.5,1992.0
2545,966,110,s,46,48.0,False,1991.5,1992.0
2546,1099,406,s,46,47.0,False,1991.5,1991.75
2547,39,405,s,46,49.0,False,1991.5,1992.25
2548,42,369,s,46,56.0,False,1991.5,1994.0
2549,92,1028,s,46,48.0,False,1991.5,1992.0
2550,96,790,s,46,53.0,False,1991.5,1993.25
2551,497,406,s,46,50.0,False,1991.5,1992.5
2552,561,1028,s,46,73.0,False,1991.5,1998.25
2553,561,1032,s,46,59.0,False,1991.5,1994.75
2554,819,762,s,46,49.0,False,1991.5,1992.25
2555,819,1032,s,46,48.0,False,1991.5,1992.0
2556,940,689,s,46,47.0,False,1991.5,1991.75
2557,1099,956,s,46,47.0,False,1991.5,1991.75
2558,818,537,l,46,78.0,True,1991.5,1999.5
2559,1099,302,l,46,74.0,True,1991.5,1998.5
2560,172,90,l,46,132.0,True,1991.5,2013.0
2561,1283,985,l,46,57.0,True,1991.5,1994.25
2562,92,59,l,46,61.0,True,1991.5,1995.25
2563,42,985,s,47,53.0,False,1991.75,1993.25
2564,92,1030,s,47,51.0,False,1991.75,1992.75
2565,330,1030,s,47,50.0,False,1991.75,1992.5
2566,337,340,s,47,48.0,False,1991.75,1992.0
2567,422,1049,s,47,51.0,False,1991.75,1992.75
2568,466,1035,s,47,49.0,False,1991.75,1992.25
2569,501,59,s,47,49.0,False,1991.75,1992.25
2570,501,406,s,47,57.0,False,1991.75,1994.25
2571,521,1028,s,47,47.0,False,1991.75,1991.75
2572,630,59,s,47,51.0,False,1991.75,1992.75
2573,819,302,s,47,53.0,False,1991.75,1993.25
2574,847,224,s,47,60.0,False,1991.75,1995.0
2575,848,90,s,47,58.0,False,1991.75,1994.5
2576,916,633,s,47,48.0,False,1991.75,1992.0
2577,944,59,s,47,57.0,False,1991.75,1994.25
2578,944,406,s,47,47.0,False,1991.75,1991.75
2579,966,956,s,47,47.0,False,1991.75,1991.75
2580,1099,1035,s,47,49.0,False,1991.75,1992.25
2581,1105,762,s,47,52.0,False,1991.75,1993.0
2582,39,1049,s,47,48.0,False,1991.75,1992.0
2583,39,1056,s,47,48.0,False,1991.75,1992.0
2584,119,110,s,47,51.0,False,1991.75,1992.75
2585,119,438,s,47,51.0,False,1991.75,1992.75
2586,518,1035,s,47,50.0,False,1991.75,1992.5
2587,526,340,s,47,51.0,False,1991.75,1992.75
2588,847,1020,s,47,54.0,False,1991.75,1993.5
2589,893,907,s,47,53.0,False,1991.75,1993.25
2590,893,1049,s,47,57.0,False,1991.75,1994.25
2591,916,762,s,47,60.0,False,1991.75,1995.0
2592,936,1030,s,47,52.0,False,1991.75,1993.0
2593,940,1028,s,47,47.0,False,1991.75,1991.75
2594,1105,543,s,47,50.0,False,1991.75,1992.5
2595,1285,1057,s,47,48.0,False,1991.75,1992.0
2596,42,679,s,47,50.0,False,1991.75,1992.5
2597,161,406,s,47,49.0,False,1991.75,1992.25
2598,422,689,s,47,48.0,False,1991.75,1992.0
2599,501,259,s,47,62.0,False,1991.75,1995.5
2600,818,1067,s,47,49.0,False,1991.75,1992.25
2601,848,302,s,47,65.0,False,1991.75,1996.25
2602,944,1035,s,47,49.0,False,1991.75,1992.25
2603,1099,775,s,47,49.0,False,1991.75,1992.25
2604,42,1032,l,47,66.0,True,1991.75,1996.5
2605,42,406,l,47,144.0,True,1991.75,2016.0
2606,42,720,l,47,84.0,True,1991.75,2001.0
2607,501,340,l,47,68.0,True,1991.75,1997.0
2608,966,302,l,47,101.0,True,1991.75,2005.25
2609,966,340,l,47,57.0,True,1991.75,1994.25
2610,1099,340,l,47,74.0,True,1991.75,1998.5
2611,39,543,s,48,52.0,False,1992.0,1993.0
2612,42,5,s,48,51.0,False,1992.0,1992.75
2613,42,543,s,48,49.0,False,1992.0,1992.25
2614,161,1028,s,48,65.0,False,1992.0,1996.25
2615,893,259,s,48,51.0,False,1992.0,1992.75
2616,916,1028,s,48,51.0,False,1992.0,1992.75
2617,940,406,s,48,58.0,False,1992.0,1994.5
2618,940,689,s,48,48.0,False,1992.0,1992.0
2619,940,942,s,48,60.0,False,1992.0,1995.0
2620,1099,90,s,48,54.0,False,1992.0,1993.5
2621,1106,438,s,48,50.0,False,1992.0,1992.5
2622,1112,5,s,48,48.0,False,1992.0,1992.0
2623,236,689,s,48,55.0,False,1992.0,1993.75
2624,518,1057,s,48,49.0,False,1992.0,1992.25
2625,521,1028,s,48,51.0,False,1992.0,1992.75
2626,754,1028,s,48,53.0,False,1992.0,1993.25
2627,916,956,s,48,60.0,False,1992.0,1995.0
2628,918,1049,s,48,51.0,False,1992.0,1992.75
2629,944,406,s,48,50.0,False,1992.0,1992.5
2630,966,224,s,48,50.0,False,1992.0,1992.5
2631,966,406,s,48,50.0,False,1992.0,1992.5
2632,1112,1057,s,48,51.0,False,1992.0,1992.75
2633,39,1057,s,48,49.0,False,1992.0,1992.25
2634,42,1066,s,48,62.0,False,1992.0,1995.5
2635,172,956,s,48,58.0,False,1992.0,1994.5
2636,330,942,s,48,57.0,False,1992.0,1994.25
2637,501,1020,s,48,68.0,False,1992.0,1997.0
2638,526,90,s,48,55.0,False,1992.0,1993.75
2639,754,689,s,48,49.0,False,1992.0,1992.25
2640,913,689,s,48,49.0,False,1992.0,1992.25
2641,916,59,s,48,54.0,False,1992.0,1993.5
2642,944,405,s,48,49.0,False,1992.0,1992.25
2643,966,59,s,48,50.0,False,1992.0,1992.5
2644,966,689,s,48,54.0,False,1992.0,1993.5
2645,966,1032,s,48,75.0,False,1992.0,1998.75
2646,1098,1030,s,48,68.0,False,1992.0,1997.0
2647,1099,24,s,48,51.0,False,1992.0,1992.75
2648,497,302,l,48,82.0,True,1992.0,2000.5
2649,848,689,l,48,104.0,True,1992.0,2006.0
2650,226,302,l,48,84.0,True,1992.0,2001.0
2651,630,689,l,48,61.0,True,1992.0,1995.25
2652,918,1322,l,48,65.0,True,1992.0,1996.25
2653,944,340,l,48,85.0,True,1992.0,2001.25
2654,92,1020,s,49,51.0,False,1992.25,1992.75
2655,96,1049,s,49,50.0,False,1992.25,1992.5
2656,497,762,s,49,49.0,False,1992.25,1992.25
2657,501,1028,s,49,51.0,False,1992.25,1992.75
2658,561,259,s,49,51.0,False,1992.25,1992.75
2659,630,1020,s,49,51.0,False,1992.25,1992.75
2660,754,302,s,49,59.0,False,1992.25,1994.75
2661,848,1020,s,49,52.0,False,1992.25,1993.0
2662,848,1030,s,49,51.0,False,1992.25,1992.75
2663,849,1028,s,49,50.0,False,1992.25,1992.5
2664,916,689,s,49,54.0,False,1992.25,1993.5
2665,918,720,s,49,49.0,False,1992.25,1992.25
2666,967,1057,s,49,50.0,False,1992.25,1992.5
2667,1099,406,s,49,52.0,False,1992.25,1993.0
2668,1099,1049,s,49,52.0,False,1992.25,1993.0
2669,1112,1035,s,49,52.0,False,1992.25,1993.0
2670,1283,543,s,49,50.0,False,1992.25,1992.5
2671,30,1032,s,49,52.0,False,1992.25,1993.0
2672,42,956,s,49,49.0,False,1992.25,1992.25
2673,42,1056,s,49,55.0,False,1992.25,1993.75
2674,93,956,s,49,50.0,False,1992.25,1992.5
2675,226,438,s,49,53.0,False,1992.25,1993.25
2676,274,689,s,49,54.0,False,1992.25,1993.5
2677,848,633,s,49,52.0,False,1992.25,1993.0
2678,960,1032,s,49,58.0,False,1992.25,1994.5
2679,966,90,s,49,50.0,False,1992.25,1992.5
2680,966,679,s,49,55.0,False,1992.25,1993.75
2681,96,302,s,49,53.0,False,1992.25,1993.25
2682,848,224,s,49,53.0,False,1992.25,1993.25
2683,967,438,s,49,52.0,False,1992.25,1993.0
2684,1099,605,s,49,55.0,False,1992.25,1993.75
2685,1105,679,s,49,51.0,False,1992.25,1992.75
2686,92,942,l,49,51.0,True,1992.25,1992.75
2687,501,90,l,49,68.0,True,1992.25,1997.0
2688,172,110,l,49,53.0,True,1992.25,1993.25
2689,466,1028,l,49,59.0,True,1992.25,1994.75
2690,944,1028,l,49,64.0,True,1992.25,1996.0
2691,39,1044,s,50,62.0,False,1992.5,1995.5
2692,119,1322,s,50,56.0,False,1992.5,1994.0
2693,351,689,s,50,60.0,False,1992.5,1995.0
2694,351,942,s,50,58.0,False,1992.5,1994.5
2695,466,406,s,50,50.0,False,1992.5,1992.5
2696,705,406,s,50,56.0,False,1992.5,1994.0
2697,754,192,s,50,54.0,False,1992.5,1993.5
2698,818,1067,s,50,52.0,False,1992.5,1993.0
2699,855,5,s,50,53.0,False,1992.5,1993.25
2700,918,633,s,50,51.0,False,1992.5,1992.75
2701,966,761,s,50,50.0,False,1992.5,1992.5
2702,1083,689,s,50,57.0,False,1992.5,1994.25
2703,1099,1030,s,50,57.0,False,1992.5,1994.25
2704,1105,1032,s,50,68.0,False,1992.5,1997.0
2705,1283,1049,s,50,52.0,False,1992.5,1993.0
2706,1345,438,s,50,56.0,False,1992.5,1994.0
2707,39,340,s,50,51.0,False,1992.5,1992.75
2708,39,1045,s,50,53.0,False,1992.5,1993.25
2709,39,1057,s,50,52.0,False,1992.5,1993.0
2710,42,543,s,50,52.0,False,1992.5,1993.0
2711,42,762,s,50,52.0,False,1992.5,1993.0
2712,96,720,s,50,51.0,False,1992.5,1992.75
2713,172,192,s,50,92.0,False,1992.5,2003.0
2714,518,633,s,50,53.0,False,1992.5,1993.25
2715,518,1052,s,50,53.0,False,1992.5,1993.25
2716,526,679,s,50,55.0,False,1992.5,1993.75
2717,561,942,s,50,52.0,False,1992.5,1993.0
2718,791,1028,s,50,51.0,False,1992.5,1992.75
2719,819,1035,s,50,57.0,False,1992.5,1994.25
2720,848,325,s,50,57.0,False,1992.5,1994.25
2721,849,679,s,50,57.0,False,1992.5,1994.25
2722,913,1028,s,50,55.0,False,1992.5,1993.75
2723,918,1070,s,50,50.0,False,1992.5,1992.5
2724,966,907,s,50,51.0,False,1992.5,1992.75
2725,966,956,s,50,50.0,False,1992.5,1992.5
2726,1099,1032,s,50,51.0,False,1992.5,1992.75
2727,39,679,s,50,55.0,False,1992.5,1993.75
2728,92,480,s,50,58.0,False,1992.5,1994.5
2729,172,1030,s,50,52.0,False,1992.5,1993.0
2730,351,243,s,50,51.0,False,1992.5,1992.75
2731,422,689,s,50,52.0,False,1992.5,1993.0
2732,526,406,s,50,52.0,False,1992.5,1993.0
2733,705,1028,s,50,54.0,False,1992.5,1993.5
2734,849,224,s,50,54.0,False,1992.5,1993.5
2735,936,192,s,50,56.0,False,1992.5,1994.0
2736,944,405,s,50,52.0,False,1992.5,1993.0
2737,1099,192,s,50,51.0,False,1992.5,1992.75
2738,1283,1052,s,50,51.0,False,1992.5,1992.75
2739,351,1030,l,50,73.0,True,1992.5,1998.25
2740,501,167,l,50,68.0,True,1992.5,1997.0
2741,819,1057,l,50,52.0,True,1992.5,1993.0
2742,39,406,l,50,87.0,True,1992.5,2001.75
2743,526,259,l,50,54.0,True,1992.5,1993.5
2744,819,406,l,50,95.0,True,1992.5,2003.75
2745,42,790,s,51,58.0,False,1992.75,1994.5
2746,87,689,s,51,59.0,False,1992.75,1994.75
2747,172,440,s,51,52.0,False,1992.75,1993.0
2748,226,985,s,51,53.0,False,1992.75,1993.25
2749,518,1049,s,51,52.0,False,1992.75,1993.0
2750,705,689,s,51,58.0,False,1992.75,1994.5
2751,754,259,s,51,52.0,False,1992.75,1993.0
2752,819,762,s,51,56.0,False,1992.75,1994.0
2753,918,554,s,51,52.0,False,1992.75,1993.0
2754,936,689,s,51,52.0,False,1992.75,1993.0
2755,944,406,s,51,58.0,False,1992.75,1994.5
2756,944,761,s,51,54.0,False,1992.75,1993.5
2757,1283,679,s,51,55.0,False,1992.75,1993.75
2758,289,761,s,51,52.0,False,1992.75,1993.0
2759,304,302,s,51,56.0,False,1992.75,1994.0
2760,337,340,s,51,51.0,False,1992.75,1992.75
2761,351,1028,s,51,51.0,False,1992.75,1992.75
2762,518,790,s,51,53.0,False,1992.75,1993.25
2763,916,785,s,51,53.0,False,1992.75,1993.25
2764,917,302,s,51,56.0,False,1992.75,1994.0
2765,918,946,s,51,51.0,False,1992.75,1992.75
2766,960,90,s,51,52.0,False,1992.75,1993.0
2767,1283,1053,s,51,51.0,False,1992.75,1992.75
2768,96,340,s,51,53.0,False,1992.75,1993.25
2769,172,259,s,51,52.0,False,1992.75,1993.0
2770,172,907,s,51,52.0,False,1992.75,1993.0
2771,526,554,s,51,54.0,False,1992.75,1993.5
2772,630,406,s,51,52.0,False,1992.75,1993.0
2773,776,689,s,51,64.0,False,1992.75,1996.0
2774,819,985,s,51,52.0,False,1992.75,1993.0
2775,913,480,s,51,52.0,False,1992.75,1993.0
2776,1106,5,s,51,54.0,False,1992.75,1993.5
2777,119,543,l,51,132.0,True,1992.75,2013.0
2778,497,259,l,51,187.0,True,1992.75,2026.75
2779,893,537,l,51,100.0,True,1992.75,2005.0
2780,172,762,s,52,55.0,False,1993.0,1993.75
2781,351,614,s,52,57.0,False,1993.0,1994.25
2782,422,907,s,52,59.0,False,1993.0,1994.75
2783,526,302,s,52,59.0,False,1993.0,1994.75
2784,526,336,s,52,56.0,False,1993.0,1994.0
2785,561,224,s,52,56.0,False,1993.0,1994.0
2786,917,1028,s,52,53.0,False,1993.0,1993.25
2787,940,224,s,52,52.0,False,1993.0,1993.0
2788,944,224,s,52,66.0,False,1993.0,1996.5
2789,966,1028,s,52,55.0,False,1993.0,1993.75
2790,1385,537,s,52,69.0,False,1993.0,1997.25
2791,1403,720,s,52,53.0,False,1993.0,1993.25
2792,39,1049,s,52,54.0,False,1993.0,1993.5
2793,351,259,s,52,59.0,False,1993.0,1994.75
2794,351,793,s,52,76.0,False,1993.0,1999.0
2795,351,1028,s,52,65.0,False,1993.0,1996.25
2796,497,406,s,52,62.0,False,1993.0,1995.5
2797,832,1045,s,52,58.0,False,1993.0,1994.5
2798,913,942,s,52,55.0,False,1993.0,1993.75
2799,940,1028,s,52,64.0,False,1993.0,1996.0
2800,966,543,s,52,53.0,False,1993.0,1993.25
2801,1099,775,s,52,59.0,False,1993.0,1994.75
2802,1112,1048,s,52,59.0,False,1993.0,1994.75
2803,39,325,s,52,53.0,False,1993.0,1993.25
2804,172,302,s,52,67.0,False,1993.0,1996.75
2805,226,1028,s,52,54.0,False,1993.0,1993.5
2806,501,1032,s,52,68.0,False,1993.0,1997.0
2807,832,790,s,52,55.0,False,1993.0,1993.75
2808,848,761,s,52,54.0,False,1993.0,1993.5
2809,913,689,s,52,60.0,False,1993.0,1995.0
2810,916,1028,s,52,56.0,False,1993.0,1994.0
2811,1106,790,s,52,55.0,False,1993.0,1993.75
2812,1112,554,s,52,53.0,False,1993.0,1993.25
2813,42,956,l,52,129.0,True,1993.0,2012.25
2814,776,762,l,52,70.0,True,1993.0,1997.5
2815,226,1070,l,52,64.0,True,1993.0,1996.0
2816,168,5,l,52,56.0,True,1993.0,1994.0
2817,745,689,l,52,88.0,True,1993.0,2002.0
2818,818,314,l,52,60.0,True,1993.0,1995.0
2819,92,192,s,53,57.0,False,1993.25,1994.25
2820,92,679,s,53,56.0,False,1993.25,1994.0
2821,92,942,s,53,56.0,False,1993.25,1994.0
2822,119,761,s,53,60.0,False,1993.25,1995.0
2823,383,790,s,53,62.0,False,1993.25,1995.5
2824,776,192,s,53,57.0,False,1993.25,1994.25
2825,776,1028,s,53,56.0,False,1993.25,1994.0
2826,944,192,s,53,54.0,False,1993.25,1993.5
2827,1345,302,s,53,66.0,False,1993.25,1996.5
2828,42,1070,s,53,53.0,False,1993.25,1993.25
2829,501,985,s,53,59.0,False,1993.25,1994.75
2830,518,956,s,53,61.0,False,1993.25,1995.25
2831,526,360,s,53,54.0,False,1993.25,1993.5
2832,561,689,s,53,58.0,False,1993.25,1994.5
2833,940,59,s,53,55.0,False,1993.25,1993.75
2834,1099,59,s,53,59.0,False,1993.25,1994.75
2835,1099,762,s,53,53.0,False,1993.25,1993.25
2836,1105,302,s,53,54.0,False,1993.25,1993.5
2837,1112,1066,s,53,55.0,False,1993.25,1993.75
2838,1283,956,s,53,75.0,False,1993.25,1998.75
2839,30,360,s,53,58.0,False,1993.25,1994.5
2840,383,921,s,53,56.0,False,1993.25,1994.0
2841,526,182,s,53,59.0,False,1993.25,1994.75
2842,819,956,s,53,59.0,False,1993.25,1994.75
2843,893,790,s,53,56.0,False,1993.25,1994.0
2844,916,243,s,53,54.0,False,1993.25,1993.5
2845,918,720,s,53,55.0,False,1993.25,1993.75
2846,967,985,s,53,55.0,False,1993.25,1993.75
2847,1284,1322,s,53,54.0,False,1993.25,1993.5
2848,42,302,l,53,144.0,True,1993.25,2016.0
2849,172,259,l,53,55.0,True,1993.25,1993.75
2850,337,406,l,53,115.0,True,1993.25,2008.75
2851,855,790,l,53,136.0,True,1993.25,2014.0
2852,966,406,l,53,91.0,True,1993.25,2002.75
2853,916,761,l,53,73.0,True,1993.25,1998.25
2854,940,1030,l,53,88.0,True,1993.25,2002.0
2855,42,543,l,53,122.0,True,1993.25,2010.5
2856,1098,876,l,53,61.0,True,1993.25,1995.25
2857,39,1045,s,54,54.0,False,1993.5,1993.5
2858,96,302,s,54,56.0,False,1993.5,1994.0
2859,96,340,s,54,58.0,False,1993.5,1994.5
2860,351,480,s,54,54.0,False,1993.5,1993.5
2861,638,325,s,54,57.0,False,1993.5,1994.25
2862,705,224,s,54,61.0,False,1993.5,1995.25
2863,818,1067,s,54,54.0,False,1993.5,1993.5
2864,819,302,s,54,55.0,False,1993.5,1993.75
2865,909,942,s,54,54.0,False,1993.5,1993.5
2866,913,480,s,54,54.0,False,1993.5,1993.5
2867,916,945,s,54,54.0,False,1993.5,1993.5
2868,940,224,s,54,62.0,False,1993.5,1995.5
2869,944,90,s,54,56.0,False,1993.5,1994.0
2870,1099,762,s,54,70.0,False,1993.5,1997.5
2871,1112,790,s,54,58.0,False,1993.5,1994.5
2872,1345,921,s,54,55.0,False,1993.5,1993.75
2873,42,340,s,54,55.0,False,1993.5,1993.75
2874,42,408,s,54,64.0,False,1993.5,1996.0
2875,92,1028,s,54,57.0,False,1993.5,1994.25
2876,96,90,s,54,62.0,False,1993.5,1995.5
2877,501,1028,s,54,63.0,False,1993.5,1995.75
2878,630,313,s,54,55.0,False,1993.5,1993.75
2879,855,5,s,54,55.0,False,1993.5,1993.75
2880,916,679,s,54,58.0,False,1993.5,1994.5
2881,967,537,s,54,66.0,False,1993.5,1996.5
2882,1345,1032,s,54,55.0,False,1993.5,1993.75
2883,42,762,s,54,68.0,False,1993.5,1997.0
2884,42,946,s,54,56.0,False,1993.5,1994.0
2885,62,633,s,54,72.0,False,1993.5,1998.0
2886,96,438,s,54,55.0,False,1993.5,1993.75
2887,168,1053,s,54,59.0,False,1993.5,1994.75
2888,289,1322,s,54,55.0,False,1993.5,1993.75
2889,351,1321,s,54,55.0,False,1993.5,1993.75
2890,501,689,s,54,58.0,False,1993.5,1994.5
2891,518,790,s,54,56.0,False,1993.5,1994.0
2892,893,110,s,54,55.0,False,1993.5,1993.75
2893,916,907,s,54,61.0,False,1993.5,1995.25
2894,936,59,s,54,59.0,False,1993.5,1994.75
2895,936,1030,s,54,59.0,False,1993.5,1994.75
2896,944,985,s,54,60.0,False,1993.5,1995.0
2897,944,1020,s,54,57.0,False,1993.5,1994.25
2898,1403,438,s,54,56.0,False,1993.5,1994.0
2899,92,1020,l,54,132.0,True,1993.5,2013.0
2900,819,110,l,54,140.0,True,1993.5,2015.0
2901,847,762,l,54,146.0,True,1993.5,2016.5
2902,913,1014,l,54,76.0,True,1993.5,1999.0
2903,39,790,s,55,56.0,False,1993.75,1994.0
2904,92,224,s,55,55.0,False,1993.75,1993.75
2905,96,956,s,55,64.0,False,1993.75,1996.0
2906,119,32,s,55,55.0,False,1993.75,1993.75
2907,161,406,s,55,61.0,False,1993.75,1995.25
2908,168,1048,s,55,58.0,False,1993.75,1994.5
2909,172,1020,s,55,57.0,False,1993.75,1994.25
2910,274,340,s,55,55.0,False,1993.75,1993.75
2911,518,314,s,55,62.0,False,1993.75,1995.5
2912,526,406,s,55,56.0,False,1993.75,1994.0
2913,776,90,s,55,55.0,False,1993.75,1993.75
2914,918,1067,s,55,56.0,False,1993.75,1994.0
2915,1283,543,s,55,55.0,False,1993.75,1993.75
2916,1345,633,s,55,57.0,False,1993.75,1994.25
2917,30,192,s,55,70.0,False,1993.75,1997.5
2918,92,933,s,55,63.0,False,1993.75,1995.75
2919,172,340,s,55,67.0,False,1993.75,1996.75
2920,501,876,s,55,62.0,False,1993.75,1995.5
2921,754,406,s,55,58.0,False,1993.75,1994.5
2922,848,406,s,55,63.0,False,1993.75,1995.75
2923,916,59,s,55,63.0,False,1993.75,1995.75
2924,916,633,s,55,57.0,False,1993.75,1994.25
2925,936,689,s,55,60.0,False,1993.75,1995.0
2926,991,633,s,55,56.0,False,1993.75,1994.0
2927,1105,252,s,55,58.0,False,1993.75,1994.5
2928,1345,762,s,55,57.0,False,1993.75,1994.25
2929,30,59,s,55,56.0,False,1993.75,1994.0
2930,39,5,s,55,56.0,False,1993.75,1994.0
2931,39,1049,s,55,56.0,False,1993.75,1994.0
2932,42,554,s,55,64.0,False,1993.75,1996.0
2933,630,907,s,55,58.0,False,1993.75,1994.5
2934,776,679,s,55,60.0,False,1993.75,1995.0
2935,848,1021,s,55,59.0,False,1993.75,1994.75
2936,916,391,s,55,60.0,False,1993.75,1995.0
2937,944,1035,s,55,61.0,False,1993.75,1995.25
2938,967,956,s,55,62.0,False,1993.75,1995.5
2939,1099,790,s,55,58.0,False,1993.75,1994.5
2940,518,762,l,55,84.0,True,1993.75,2001.0
2941,92,302,l,55,110.0,True,1993.75,2007.5
2942,847,1035,l,55,56.0,True,1993.75,1994.0
2943,855,1048,l,55,106.0,True,1993.75,2006.5
2944,966,110,l,55,56.0,True,1993.75,1994.0
2945,39,775,s,56,56.0,False,1994.0,1994.0
2946,42,1056,s,56,59.0,False,1994.0,1994.75
2947,92,689,s,56,61.0,False,1994.0,1995.25
2948,497,605,s,56,59.0,False,1994.0,1994.75
2949,501,1030,s,56,59.0,False,1994.0,1994.75
2950,561,942,s,56,58.0,False,1994.0,1994.5
2951,609,1032,s,56,56.0,False,1994.0,1994.0
2952,630,406,s,56,57.0,False,1994.0,1994.25
2953,832,1053,s,56,56.0,False,1994.0,1994.0
2954,848,775,s,56,70.0,False,1994.0,1997.5
2955,918,720,s,56,59.0,False,1994.0,1994.75
2956,918,946,s,56,58.0,False,1994.0,1994.5
2957,944,942,s,56,64.0,False,1994.0,1996.0
2958,42,1399,s,56,61.0,False,1994.0,1995.25
2959,92,1030,s,56,57.0,False,1994.0,1994.25
2960,96,110,s,56,57.0,False,1994.0,1994.25
2961,317,90,s,56,67.0,False,1994.0,1996.75
2962,317,340,s,56,63.0,False,1994.0,1995.75
2963,521,689,s,56,58.0,False,1994.0,1994.5
2964,526,679,s,56,66.0,False,1994.0,1996.5
2965,526,921,s,56,63.0,False,1994.0,1995.75
2966,754,259,s,56,58.0,False,1994.0,1994.5
2967,916,224,s,56,62.0,False,1994.0,1995.5
2968,916,793,s,56,57.0,False,1994.0,1994.25
2969,966,1028,s,56,61.0,False,1994.0,1995.25
2970,1283,302,s,56,60.0,False,1994.0,1995.0
2971,1283,762,s,56,58.0,False,1994.0,1994.5
2972,1403,720,s,56,63.0,False,1994.0,1995.75
2973,1403,1402,s,56,57.0,False,1994.0,1994.25
2974,39,340,s,56,58.0,False,1994.0,1994.5
2975,172,775,s,56,57.0,False,1994.0,1994.25
2976,172,1014,s,56,57.0,False,1994.0,1994.25
2977,630,1030,s,56,62.0,False,1994.0,1995.5
2978,819,543,s,56,59.0,False,1994.0,1994.75
2979,832,1035,s,56,58.0,False,1994.0,1994.5
2980,913,942,s,56,62.0,False,1994.0,1995.5
2981,916,653,s,56,57.0,False,1994.0,1994.25
2982,916,985,s,56,58.0,False,1994.0,1994.5
2983,1080,59,s,56,59.0,False,1994.0,1994.75
2984,847,942,l,56,87.0,True,1994.0,2001.75
2985,940,907,l,56,100.0,True,1994.0,2005.0
2986,161,985,l,56,132.0,True,1994.0,2013.0
2987,501,942,l,56,68.0,True,1994.0,1997.0
2988,967,543,l,56,57.0,True,1994.0,1994.25
2989,832,1322,l,56,84.0,True,1994.0,2001.0
2990,916,406,l,56,137.0,True,1994.0,2014.25
2991,30,689,s,57,58.0,False,1994.25,1994.5
2992,43,689,s,57,64.0,False,1994.25,1996.0
2993,119,1322,s,57,76.0,False,1994.25,1999.0
2994,351,480,s,57,58.0,False,1994.25,1994.5
2995,518,605,s,57,57.0,False,1994.25,1994.25
2996,966,543,s,57,60.0,False,1994.25,1995.0
2997,966,653,s,57,59.0,False,1994.25,1994.75
2998,1099,406,s,57,60.0,False,1994.25,1995.0
2999,1099,1032,s,57,61.0,False,1994.25,1995.25
3000,30,313,s,57,58.0,False,1994.25,1994.5
3001,42,946,s,57,62.0,False,1994.25,1995.5
3002,92,224,s,57,70.0,False,1994.25,1997.5
3003,501,59,s,57,59.0,False,1994.25,1994.75
3004,501,679,s,57,58.0,False,1994.25,1994.5
3005,526,259,s,57,60.0,False,1994.25,1995.0
3006,819,985,s,57,57.0,False,1994.25,1994.25
3007,848,942,s,57,60.0,False,1994.25,1995.0
3008,855,1035,s,57,59.0,False,1994.25,1994.75
3009,893,762,s,57,59.0,False,1994.25,1994.75
3010,916,1028,s,57,61.0,False,1994.25,1995.25
3011,39,314,s,57,61.0,False,1994.25,1995.25
3012,39,438,s,57,59.0,False,1994.25,1994.75
3013,39,554,s,57,60.0,False,1994.25,1995.0
3014,39,790,s,57,60.0,False,1994.25,1995.0
3015,172,1028,s,57,60.0,False,1994.25,1995.0
3016,337,1028,s,57,78.0,False,1994.25,1999.5
3017,518,946,s,57,59.0,False,1994.25,1994.75
3018,630,1028,s,57,76.0,False,1994.25,1999.0
3019,916,689,s,57,71.0,False,1994.25,1997.75
3020,944,689,s,57,61.0,False,1994.25,1995.25
3021,966,956,s,57,58.0,False,1994.25,1994.5
3022,1099,942,s,57,61.0,False,1994.25,1995.25
3023,1099,1035,s,57,58.0,False,1994.25,1994.5
3024,849,340,l,57,97.0,True,1994.25,2004.25
3025,916,942,l,57,115.0,True,1994.25,2008.75
3026,351,224,l,57,165.0,True,1994.25,2021.25
3027,42,985,s,58,62.0,False,1994.5,1995.5
3028,42,1052,s,58,61.0,False,1994.5,1995.25
3029,96,406,s,58,63.0,False,1994.5,1995.75
3030,96,1053,s,58,60.0,False,1994.5,1995.0
3031,161,340,s,58,59.0,False,1994.5,1994.75
3032,172,1030,s,58,58.0,False,1994.5,1994.5
3033,185,554,s,58,62.0,False,1994.5,1995.5
3034,791,689,s,58,63.0,False,1994.5,1995.75
3035,832,985,s,58,70.0,False,1994.5,1997.5
3036,916,775,s,58,58.0,False,1994.5,1994.5
3037,940,1020,s,58,63.0,False,1994.5,1995.75
3038,966,336,s,58,66.0,False,1994.5,1996.5
3039,92,942,s,58,66.0,False,1994.5,1996.5
3040,96,679,s,58,58.0,False,1994.5,1994.5
3041,172,1321,s,58,61.0,False,1994.5,1995.25
3042,274,942,s,58,61.0,False,1994.5,1995.25
3043,497,1028,s,58,58.0,False,1994.5,1994.5
3044,501,406,s,58,59.0,False,1994.5,1994.75
3045,501,480,s,58,59.0,False,1994.5,1994.75
3046,501,1035,s,58,68.0,False,1994.5,1997.0
3047,561,406,s,58,60.0,False,1994.5,1995.0
3048,630,775,s,58,59.0,False,1994.5,1994.75
3049,754,775,s,58,60.0,False,1994.5,1995.0
3050,791,942,s,58,61.0,False,1994.5,1995.25
3051,819,438,s,58,58.0,False,1994.5,1994.5
3052,893,679,s,58,62.0,False,1994.5,1995.5
3053,913,1028,s,58,59.0,False,1994.5,1994.75
3054,944,775,s,58,63.0,False,1994.5,1995.75
3055,966,1020,s,58,68.0,False,1994.5,1997.0
3056,1099,956,s,58,66.0,False,1994.5,1996.5
3057,1099,1020,s,58,60.0,False,1994.5,1995.0
3058,161,302,s,58,60.0,False,1994.5,1995.0
3059,330,653,s,58,66.0,False,1994.5,1996.5
3060,351,192,s,58,61.0,False,1994.5,1995.25
3061,501,192,s,58,61.0,False,1994.5,1995.25
3062,501,399,s,58,64.0,False,1994.5,1996.0
3063,819,985,s,58,85.0,False,1994.5,2001.25
3064,916,325,s,58,60.0,False,1994.5,1995.0
3065,916,1020,s,58,59.0,False,1994.5,1994.75
3066,940,480,s,58,62.0,False,1994.5,1995.5
3067,944,59,s,58,63.0,False,1994.5,1995.75
3068,1385,554,s,58,62.0,False,1994.5,1995.5
3069,913,59,l,58,95.0,True,1994.5,2003.75
3070,30,942,l,58,91.0,True,1994.5,2002.75
3071,526,1028,l,58,164.0,True,1994.5,2021.0
3072,909,793,l,58,93.0,True,1994.5,2003.25
3073,916,480,l,58,116.0,True,1994.5,2009.0
3074,42,325,s,59,61.0,False,1994.75,1995.25
3075,42,1070,s,59,62.0,False,1994.75,1995.5
3076,96,405,s,59,59.0,False,1994.75,1994.75
3077,96,1035,s,59,65.0,False,1994.75,1996.25
3078,172,259,s,59,65.0,False,1994.75,1996.25
3079,274,689,s,59,65.0,False,1994.75,1996.25
3080,501,956,s,59,61.0,False,1994.75,1995.25
3081,518,1035,s,59,60.0,False,1994.75,1995.0
3082,526,985,s,59,60.0,False,1994.75,1995.0
3083,819,302,s,59,81.0,False,1994.75,2000.25
3084,944,406,s,59,60.0,False,1994.75,1995.0
3085,966,59,s,59,59.0,False,1994.75,1994.75
3086,1098,259,s,59,63.0,False,1994.75,1995.75
3087,1105,1035,s,59,64.0,False,1994.75,1996.0
3088,1112,438,s,59,68.0,False,1994.75,1997.0
3089,39,110,s,59,73.0,False,1994.75,1998.25
3090,39,1056,s,59,64.0,False,1994.75,1996.0
3091,92,1028,s,59,65.0,False,1994.75,1996.25
3092,172,689,s,59,60.0,False,1994.75,1995.0
3093,317,325,s,59,66.0,False,1994.75,1996.5
3094,351,302,s,59,59.0,False,1994.75,1994.75
3095,526,790,s,59,64.0,False,1994.75,1996.0
3096,561,942,s,59,63.0,False,1994.75,1995.75
3097,819,1032,s,59,67.0,False,1994.75,1996.75
3098,848,224,s,59,63.0,False,1994.75,1995.75
3099,848,708,s,59,62.0,False,1994.75,1995.5
3100,936,406,s,59,63.0,False,1994.75,1995.75
3101,940,406,s,59,60.0,False,1994.75,1995.0
3102,944,614,s,59,61.0,False,1994.75,1995.25
3103,966,259,s,59,60.0,False,1994.75,1995.0
3104,967,438,s,59,61.0,False,1994.75,1995.25
3105,1099,259,s,59,61.0,False,1994.75,1995.25
3106,1385,1049,s,59,60.0,False,1994.75,1995.0
3107,39,302,s,59,64.0,False,1994.75,1996.0
3108,42,790,s,59,61.0,False,1994.75,1995.25
3109,422,480,s,59,62.0,False,1994.75,1995.5
3110,754,1028,s,59,63.0,False,1994.75,1995.75
3111,759,942,s,59,60.0,False,1994.75,1995.0
3112,960,1028,s,59,61.0,False,1994.75,1995.25
3113,967,1044,s,59,63.0,False,1994.75,1995.75
3114,1099,1030,s,59,74.0,False,1994.75,1998.5
3115,1099,1035,s,59,60.0,False,1994.75,1995.0
3116,1106,679,s,59,68.0,False,1994.75,1997.0
3117,1283,340,s,59,64.0,False,1994.75,1996.0
3118,1403,438,s,59,60.0,False,1994.75,1995.0
3119,918,438,l,59,63.0,True,1994.75,1995.75
3120,526,543,l,59,97.0,True,1994.75,2004.25
3121,96,679,s,60,67.0,False,1995.0,1996.75
3122,351,942,s,60,92.0,False,1995.0,2003.0
3123,466,406,s,60,61.0,False,1995.0,1995.25
3124,561,653,s,60,63.0,False,1995.0,1995.75
3125,776,1028,s,60,61.0,False,1995.0,1995.25
3126,819,1035,s,60,61.0,False,1995.0,1995.25
3127,967,1053,s,60,62.0,False,1995.0,1995.5
3128,1112,1070,s,60,68.0,False,1995.0,1997.0
3129,1174,720,s,60,63.0,False,1995.0,1995.75
3130,39,605,s,60,67.0,False,1995.0,1996.75
3131,172,1032,s,60,71.0,False,1995.0,1997.75
3132,351,302,s,60,68.0,False,1995.0,1997.0
3133,394,942,s,60,61.0,False,1995.0,1995.25
3134,526,340,s,60,60.0,False,1995.0,1995.0
3135,630,259,s,60,62.0,False,1995.0,1995.5
3136,776,1030,s,60,61.0,False,1995.0,1995.25
3137,819,405,s,60,62.0,False,1995.0,1995.5
3138,936,90,s,60,62.0,False,1995.0,1995.5
3139,966,59,s,60,65.0,False,1995.0,1996.25
3140,1440,1402,s,60,63.0,False,1995.0,1995.75
3141,96,761,s,60,61.0,False,1995.0,1995.25
3142,501,689,s,60,66.0,False,1995.0,1996.5
3143,630,1020,s,60,90.0,False,1995.0,2002.5
3144,776,942,s,60,61.0,False,1995.0,1995.25
3145,936,1030,s,60,69.0,False,1995.0,1997.25
3146,1099,605,s,60,64.0,False,1995.0,1996.0
3147,1112,1053,s,60,71.0,False,1995.0,1997.75
3148,96,790,l,60,119.0,True,1995.0,2009.75
3149,317,762,l,60,112.0,True,1995.0,2008.0
3150,847,1028,l,60,188.0,True,1995.0,2027.0
3151,39,956,s,61,64.0,False,1995.25,1996.0
3152,92,192,s,61,67.0,False,1995.25,1996.75
3153,96,1030,s,61,67.0,False,1995.25,1996.75
3154,172,1028,s,61,62.0,False,1995.25,1995.5
3155,235,679,s,61,63.0,False,1995.25,1995.75
3156,317,1032,s,61,62.0,False,1995.25,1995.5
3157,317,1035,s,61,64.0,False,1995.25,1996.0
3158,351,689,s,61,63.0,False,1995.25,1995.75
3159,501,336,s,61,63.0,False,1995.25,1995.75
3160,501,605,s,61,68.0,False,1995.25,1997.0
3161,518,633,s,61,69.0,False,1995.25,1997.25
3162,561,689,s,61,67.0,False,1995.25,1996.75
3163,916,1020,s,61,63.0,False,1995.25,1995.75
3164,967,252,s,61,64.0,False,1995.25,1996.0
3165,30,90,s,61,66.0,False,1995.25,1996.5
3166,96,259,s,61,65.0,False,1995.25,1996.25
3167,96,762,s,61,67.0,False,1995.25,1996.75
3168,351,775,s,61,64.0,False,1995.25,1996.0
3169,422,942,s,61,63.0,False,1995.25,1995.75
3170,630,480,s,61,67.0,False,1995.25,1996.75
3171,848,192,s,61,68.0,False,1995.25,1997.0
3172,848,761,s,61,81.0,False,1995.25,2000.25
3173,849,1032,s,61,61.0,False,1995.25,1995.25
3174,913,689,s,61,65.0,False,1995.25,1996.25
3175,916,605,s,61,61.0,False,1995.25,1995.25
3176,916,614,s,61,62.0,False,1995.25,1995.5
3177,936,480,s,61,70.0,False,1995.25,1997.5
3178,944,480,s,61,67.0,False,1995.25,1996.75
3179,1284,1053,s,61,61.0,False,1995.25,1995.25
3180,39,790,s,61,64.0,False,1995.25,1996.0
3181,39,1070,s,61,64.0,False,1995.25,1996.0
3182,172,679,s,61,62.0,False,1995.25,1995.5
3183,351,406,s,61,63.0,False,1995.25,1995.75
3184,351,614,s,61,67.0,False,1995.25,1996.75
3185,479,1030,s,61,65.0,False,1995.25,1996.25
3186,521,224,s,61,62.0,False,1995.25,1995.5
3187,913,1028,s,61,63.0,False,1995.25,1995.75
3188,936,302,s,61,68.0,False,1995.25,1997.0
3189,1098,1028,s,61,67.0,False,1995.25,1996.75
3190,1285,1322,s,61,69.0,False,1995.25,1997.25
3191,526,224,l,61,164.0,True,1995.25,2021.0
3192,936,793,l,61,163.0,True,1995.25,2020.75
3193,918,720,l,61,92.0,True,1995.25,2003.0
3194,30,59,s,62,68.0,False,1995.5,1997.0
3195,39,438,s,62,62.0,False,1995.5,1995.5
3196,172,689,s,62,63.0,False,1995.5,1995.75
3197,351,192,s,62,64.0,False,1995.5,1996.0
3198,466,1028,s,62,62.0,False,1995.5,1995.5
3199,501,406,s,62,63.0,False,1995.5,1995.75
3200,526,90,s,62,63.0,False,1995.5,1995.75
3201,916,1028,s,62,64.0,False,1995.5,1996.0
3202,944,406,s,62,75.0,False,1995.5,1998.75
3203,944,689,s,62,65.0,False,1995.5,1996.25
3204,944,793,s,62,69.0,False,1995.5,1997.25
3205,1099,406,s,62,72.0,False,1995.5,1998.0
3206,1099,942,s,62,62.0,False,1995.5,1995.5
3207,1365,1028,s,62,64.0,False,1995.5,1996.0
3208,39,543,s,62,63.0,False,1995.5,1995.75
3209,42,537,s,62,77.0,False,1995.5,1999.25
3210,42,790,s,62,76.0,False,1995.5,1999.0
3211,330,689,s,62,63.0,False,1995.5,1995.75
3212,422,224,s,62,65.0,False,1995.5,1996.25
3213,501,192,s,62,63.0,False,1995.5,1995.75
3214,526,340,s,62,69.0,False,1995.5,1997.25
3215,630,192,s,62,66.0,False,1995.5,1996.5
3216,847,302,s,62,72.0,False,1995.5,1998.0
3217,940,689,s,62,66.0,False,1995.5,1996.5
3218,944,876,s,62,67.0,False,1995.5,1996.75
3219,966,942,s,62,80.0,False,1995.5,2000.0
3220,1099,408,s,62,65.0,False,1995.5,1996.25
3221,1176,1322,s,62,72.0,False,1995.5,1998.0
3222,1283,543,s,62,63.0,False,1995.5,1995.75
3223,42,110,s,62,68.0,False,1995.5,1997.0
3224,42,1421,s,62,64.0,False,1995.5,1996.0
3225,92,689,s,62,63.0,False,1995.5,1995.75
3226,351,480,s,62,67.0,False,1995.5,1996.75
3227,383,762,s,62,68.0,False,1995.5,1997.0
3228,497,340,s,62,68.0,False,1995.5,1997.0
3229,501,1044,s,62,66.0,False,1995.5,1996.5
3230,526,985,s,62,69.0,False,1995.5,1997.25
3231,819,956,s,62,65.0,False,1995.5,1996.25
3232,819,1028,s,62,77.0,False,1995.5,1999.25
3233,855,438,s,62,63.0,False,1995.5,1995.75
3234,893,259,s,62,66.0,False,1995.5,1996.5
3235,916,605,s,62,71.0,False,1995.5,1997.75
3236,918,1399,s,62,63.0,False,1995.5,1995.75
3237,944,192,s,62,68.0,False,1995.5,1997.0
3238,944,985,s,62,65.0,False,1995.5,1996.25
3239,966,689,s,62,64.0,False,1995.5,1996.0
3240,966,1035,s,62,68.0,False,1995.5,1997.0
3241,168,1070,l,62,67.0,True,1995.5,1996.75
3242,289,761,l,62,64.0,True,1995.5,1996.0
3243,638,956,l,62,92.0,True,1995.5,2003.0
3244,1099,689,l,62,78.0,True,1995.5,1999.5
3245,1345,946,l,62,64.0,True,1995.5,1996.0
3246,39,946,l,62,64.0,True,1995.5,1996.0
3247,848,942,l,62,81.0,True,1995.5,2000.25
3248,96,302,s,63,76.0,False,1995.75,1999.0
3249,289,1437,s,63,63.0,False,1995.75,1995.75
3250,501,59,s,63,68.0,False,1995.75,1997.0
3251,501,1030,s,63,64.0,False,1995.75,1996.0
3252,526,302,s,63,63.0,False,1995.75,1995.75
3253,526,406,s,63,66.0,False,1995.75,1996.5
3254,776,406,s,63,63.0,False,1995.75,1995.75
3255,832,1048,s,63,63.0,False,1995.75,1995.75
3256,848,480,s,63,65.0,False,1995.75,1996.25
3257,893,790,s,63,71.0,False,1995.75,1997.75
3258,918,1402,s,63,65.0,False,1995.75,1996.25
3259,967,1053,s,63,71.0,False,1995.75,1997.75
3260,967,1402,s,63,68.0,False,1995.75,1997.0
3261,1157,689,s,63,69.0,False,1995.75,1997.25
3262,30,259,s,63,69.0,False,1995.75,1997.25
3263,96,340,s,63,75.0,False,1995.75,1998.75
3264,96,1402,s,63,67.0,False,1995.75,1996.75
3265,119,790,s,63,65.0,False,1995.75,1996.25
3266,172,793,s,63,67.0,False,1995.75,1996.75
3267,226,762,s,63,68.0,False,1995.75,1997.0
3268,236,302,s,63,66.0,False,1995.75,1996.5
3269,819,1035,s,63,63.0,False,1995.75,1995.75
3270,848,325,s,63,64.0,False,1995.75,1996.0
3271,848,1030,s,63,72.0,False,1995.75,1998.0
3272,849,302,s,63,70.0,False,1995.75,1997.5
3273,944,956,s,63,64.0,False,1995.75,1996.0
3274,966,340,s,63,68.0,False,1995.75,1997.0
3275,39,720,s,63,67.0,False,1995.75,1996.75
3276,42,391,s,63,68.0,False,1995.75,1997.0
3277,501,259,s,63,68.0,False,1995.75,1997.0
3278,893,985,s,63,65.0,False,1995.75,1996.25
3279,913,942,s,63,66.0,False,1995.75,1996.5
3280,940,302,s,63,64.0,False,1995.75,1996.0
3281,966,1028,s,63,75.0,False,1995.75,1998.75
3282,1099,259,s,63,65.0,False,1995.75,1996.25
3283,1099,1032,s,63,65.0,False,1995.75,1996.25
3284,466,1028,l,63,84.0,True,1995.75,2001.0
3285,497,406,l,63,144.0,True,1995.75,2016.0
3286,855,36,l,63,77.0,True,1995.75,1999.25
3287,630,1030,l,63,130.0,True,1995.75,2012.5
3288,39,1035,s,64,65.0,False,1996.0,1996.25
3289,157,1028,s,64,72.0,False,1996.0,1998.0
3290,172,1014,s,64,66.0,False,1996.0,1996.5
3291,172,1028,s,64,68.0,False,1996.0,1997.0
3292,422,406,s,64,75.0,False,1996.0,1998.75
3293,501,1028,s,64,68.0,False,1996.0,1997.0
3294,526,1030,s,64,65.0,False,1996.0,1996.25
3295,776,1030,s,64,65.0,False,1996.0,1996.25
3296,893,605,s,64,64.0,False,1996.0,1996.0
3297,916,1030,s,64,65.0,False,1996.0,1996.25
3298,936,689,s,64,73.0,False,1996.0,1998.25
3299,966,259,s,64,69.0,False,1996.0,1997.25
3300,1005,313,s,64,66.0,False,1996.0,1996.5
3301,1005,406,s,64,70.0,False,1996.0,1997.5
3302,1005,689,s,64,77.0,False,1996.0,1999.25
3303,1005,942,s,64,68.0,False,1996.0,1997.0
3304,1155,302,s,64,64.0,False,1996.0,1996.0
3305,1155,689,s,64,92.0,False,1996.0,2003.0
3306,1155,942,s,64,74.0,False,1996.0,1998.5
3307,1157,302,s,64,66.0,False,1996.0,1996.5
3308,1157,942,s,64,96.0,False,1996.0,2004.0
3309,1157,1020,s,64,79.0,False,1996.0,1999.75
3310,30,689,s,64,67.0,False,1996.0,1996.75
3311,157,762,s,64,65.0,False,1996.0,1996.25
3312,351,689,s,64,65.0,False,1996.0,1996.25
3313,501,793,s,64,68.0,False,1996.0,1997.0
3314,630,313,s,64,67.0,False,1996.0,1996.75
3315,848,406,s,64,65.0,False,1996.0,1996.25
3316,916,110,s,64,67.0,False,1996.0,1996.75
3317,944,1028,s,64,68.0,False,1996.0,1997.0
3318,1005,59,s,64,73.0,False,1996.0,1998.25
3319,1005,224,s,64,67.0,False,1996.0,1996.75
3320,1112,23,s,64,67.0,False,1996.0,1996.75
3321,1157,406,s,64,69.0,False,1996.0,1997.25
3322,39,543,s,64,65.0,False,1996.0,1996.25
3323,161,90,s,64,69.0,False,1996.0,1997.25
3324,289,761,s,64,69.0,False,1996.0,1997.25
3325,351,1020,s,64,104.0,False,1996.0,2006.0
3326,501,406,s,64,68.0,False,1996.0,1997.0
3327,525,1032,s,64,66.0,False,1996.0,1996.5
3328,754,1030,s,64,69.0,False,1996.0,1997.25
3329,819,391,s,64,77.0,False,1996.0,1999.25
3330,832,1053,s,64,65.0,False,1996.0,1996.25
3331,848,360,s,64,67.0,False,1996.0,1996.75
3332,916,224,s,64,69.0,False,1996.0,1997.25
3333,936,341,s,64,65.0,False,1996.0,1996.25
3334,1155,1020,s,64,66.0,False,1996.0,1996.5
3335,1005,789,l,64,80.0,True,1996.0,2000.0
3336,119,762,l,64,72.0,True,1996.0,1998.0
3337,161,762,l,64,70.0,True,1996.0,1997.5
3338,518,790,l,64,84.0,True,1996.0,2001.0
3339,1155,224,l,64,72.0,True,1996.0,1998.0
3340,185,775,l,64,117.0,True,1996.0,2009.25
3341,518,605,l,64,84.0,True,1996.0,2001.0
3342,916,313,l,64,99.0,True,1996.0,2004.75
3343,944,942,l,64,182.0,True,1996.0,2025.5
3344,1106,985,l,64,132.0,True,1996.0,2013.0
3345,42,633,s,65,65.0,False,1996.25,1996.25
3346,42,1459,s,65,76.0,False,1996.25,1999.0
3347,96,956,s,65,66.0,False,1996.25,1996.5
3348,96,1322,s,65,65.0,False,1996.25,1996.25
3349,521,942,s,65,67.0,False,1996.25,1996.75
3350,818,720,s,65,88.0,False,1996.25,2002.0
3351,893,1048,s,65,75.0,False,1996.25,1998.75
3352,940,59,s,65,67.0,False,1996.25,1996.75
3353,1005,1028,s,65,80.0,False,1996.25,2000.0
3354,1345,1048,s,65,71.0,False,1996.25,1997.75
3355,1345,1399,s,65,68.0,False,1996.25,1997.0
3356,30,775,s,65,66.0,False,1996.25,1996.5
3357,42,1056,s,65,67.0,False,1996.25,1996.75
3358,172,775,s,65,70.0,False,1996.25,1997.5
3359,754,942,s,65,68.0,False,1996.25,1997.0
3360,913,259,s,65,70.0,False,1996.25,1997.5
3361,940,406,s,65,67.0,False,1996.25,1996.75
3362,1157,1028,s,65,68.0,False,1996.25,1997.0
3363,39,1037,s,65,80.0,False,1996.25,2000.0
3364,185,302,s,65,68.0,False,1996.25,1997.0
3365,330,1028,s,65,70.0,False,1996.25,1997.5
3366,818,1421,s,65,66.0,False,1996.25,1996.5
3367,847,689,s,65,70.0,False,1996.25,1997.5
3368,916,1028,s,65,66.0,False,1996.25,1996.5
3369,966,192,s,65,66.0,False,1996.25,1996.5
3370,1157,224,s,65,68.0,False,1996.25,1997.0
3371,119,438,l,65,84.0,True,1996.25,2001.0
3372,1005,480,l,65,80.0,True,1996.25,2000.0
3373,1155,480,l,65,116.0,True,1996.25,2009.0
3374,30,956,l,65,78.0,True,1996.25,1999.5
3375,96,406,l,65,146.0,True,1996.25,2016.5
3376,893,1030,l,65,95.0,True,1996.25,2003.75
3377,30,1030,l,65,83.0,True,1996.25,2000.75
3378,42,36,s,66,66.0,False,1996.5,1996.5
3379,42,1044,s,66,68.0,False,1996.5,1997.0
3380,92,406,s,66,75.0,False,1996.5,1998.75
3381,96,325,s,66,66.0,False,1996.5,1996.5
3382,119,720,s,66,78.0,False,1996.5,1999.5
3383,317,1028,s,66,67.0,False,1996.5,1996.75
3384,351,682,s,66,78.0,False,1996.5,1999.5
3385,351,689,s,66,70.0,False,1996.5,1997.5
3386,351,775,s,66,71.0,False,1996.5,1997.75
3387,501,391,s,66,68.0,False,1996.5,1997.0
3388,501,985,s,66,68.0,False,1996.5,1997.0
3389,561,302,s,66,69.0,False,1996.5,1997.25
3390,630,682,s,66,68.0,False,1996.5,1997.0
3391,848,336,s,66,70.0,False,1996.5,1997.5
3392,893,110,s,66,66.0,False,1996.5,1996.5
3393,913,1321,s,66,68.0,False,1996.5,1997.0
3394,916,679,s,66,66.0,False,1996.5,1996.5
3395,966,689,s,66,71.0,False,1996.5,1997.75
3396,966,1030,s,66,66.0,False,1996.5,1996.5
3397,1155,192,s,66,67.0,False,1996.5,1996.75
3398,1155,1014,s,66,69.0,False,1996.5,1997.25
3399,1157,192,s,66,69.0,False,1996.5,1997.25
3400,172,259,s,66,67.0,False,1996.5,1996.75
3401,172,336,s,66,73.0,False,1996.5,1998.25
3402,226,956,s,66,69.0,False,1996.5,1997.25
3403,351,1028,s,66,66.0,False,1996.5,1996.5
3404,394,1020,s,66,69.0,False,1996.5,1997.25
3405,501,480,s,66,67.0,False,1996.5,1996.75
3406,916,762,s,66,69.0,False,1996.5,1997.25
3407,991,1028,s,66,68.0,False,1996.5,1997.0
3408,1005,302,s,66,75.0,False,1996.5,1998.75
3409,1155,302,s,66,75.0,False,1996.5,1998.75
3410,30,907,s,66,67.0,False,1996.5,1996.75
3411,42,1421,s,66,67.0,False,1996.5,1996.75
3412,161,1048,s,66,75.0,False,1996.5,1998.75
3413,526,302,s,66,68.0,False,1996.5,1997.0
3414,819,762,s,66,68.0,False,1996.5,1997.0
3415,909,689,s,66,68.0,False,1996.5,1997.0
3416,936,762,s,66,68.0,False,1996.5,1997.0
3417,944,689,s,66,71.0,False,1996.5,1997.75
3418,944,1020,s,66,72.0,False,1996.5,1998.0
3419,966,59,s,66,67.0,False,1996.5,1996.75
3420,1155,1321,s,66,75.0,False,1996.5,1998.75
3421,1157,1321,s,66,67.0,False,1996.5,1996.75
3422,916,793,l,66,75.0,True,1996.5,1998.75
3423,1088,942,l,66,103.0,True,1996.5,2005.75
3424,30,224,l,66,96.0,True,1996.5,2004.0
3425,262,942,l,66,107.0,True,1996.5,2006.75
3426,776,1028,l,66,133.0,True,1996.5,2013.25
3427,39,438,s,67,69.0,False,1996.75,1997.25
3428,317,406,s,67,70.0,False,1996.75,1997.5
3429,351,268,s,67,73.0,False,1996.75,1998.25
3430,422,679,s,67,68.0,False,1996.75,1997.0
3431,482,1032,s,67,78.0,False,1996.75,1999.5
3432,526,259,s,67,71.0,False,1996.75,1997.75
3433,526,653,s,67,67.0,False,1996.75,1996.75
3434,916,59,s,67,71.0,False,1996.75,1997.75
3435,944,259,s,67,70.0,False,1996.75,1997.5
3436,966,679,s,67,69.0,False,1996.75,1997.25
3437,1005,268,s,67,73.0,False,1996.75,1998.25
3438,1005,1020,s,67,68.0,False,1996.75,1997.0
3439,1099,259,s,67,69.0,False,1996.75,1997.25
3440,1157,268,s,67,80.0,False,1996.75,2000.0
3441,96,1035,s,67,68.0,False,1996.75,1997.0
3442,161,406,s,67,78.0,False,1996.75,1999.5
3443,317,340,s,67,68.0,False,1996.75,1997.0
3444,351,1028,s,67,81.0,False,1996.75,2000.25
3445,501,679,s,67,68.0,False,1996.75,1997.0
3446,630,689,s,67,75.0,False,1996.75,1998.75
3447,759,302,s,67,69.0,False,1996.75,1997.25
3448,1005,1321,s,67,77.0,False,1996.75,1999.25
3449,1155,1028,s,67,76.0,False,1996.75,1999.0
3450,172,689,s,67,71.0,False,1996.75,1997.75
3451,255,689,s,67,75.0,False,1996.75,1998.75
3452,351,313,s,67,70.0,False,1996.75,1997.5
3453,501,302,s,67,68.0,False,1996.75,1997.0
3454,501,689,s,67,68.0,False,1996.75,1997.0
3455,518,110,s,67,80.0,False,1996.75,2000.0
3456,776,406,s,67,68.0,False,1996.75,1997.0
3457,819,775,s,67,68.0,False,1996.75,1997.0
3458,847,1030,s,67,72.0,False,1996.75,1998.0
3459,848,268,s,67,74.0,False,1996.75,1998.5
3460,944,985,s,67,77.0,False,1996.75,1999.25
3461,944,1030,s,67,86.0,False,1996.75,2001.5
3462,1157,480,s,67,73.0,False,1996.75,1998.25
3463,561,653,l,67,73.0,True,1996.75,1998.25
3464,849,59,l,67,220.0,True,1996.75,2035.0
3465,1157,653,l,67,99.0,True,1996.75,2004.75
3466,776,876,l,67,109.0,True,1996.75,2007.25
3467,1005,192,l,67,80.0,True,1996.75,2000.0
3468,39,790,s,68,69.0,False,1997.0,1997.25
3469,274,793,s,68,68.0,False,1997.0,1997.0
3470,317,1028,s,68,80.0,False,1997.0,2000.0
3471,337,1321,s,68,69.0,False,1997.0,1997.25
3472,351,903,s,68,69.0,False,1997.0,1997.25
3473,776,1030,s,68,69.0,False,1997.0,1997.25
3474,893,1044,s,68,78.0,False,1997.0,1999.5
3475,966,110,s,68,68.0,False,1997.0,1997.0
3476,1155,192,s,68,71.0,False,1997.0,1997.75
3477,1155,268,s,68,79.0,False,1997.0,1999.75
3478,1157,649,s,68,69.0,False,1997.0,1997.25
3479,1157,1321,s,68,80.0,False,1997.0,2000.0
3480,1283,110,s,68,75.0,False,1997.0,1998.75
3481,39,182,s,68,73.0,False,1997.0,1998.25
3482,39,876,s,68,71.0,False,1997.0,1997.75
3483,92,192,s,68,69.0,False,1997.0,1997.25
3484,96,21,s,68,76.0,False,1997.0,1999.0
3485,119,956,s,68,68.0,False,1997.0,1997.0
3486,119,985,s,68,70.0,False,1997.0,1997.5
3487,172,302,s,68,70.0,False,1997.0,1997.5
3488,351,1014,s,68,74.0,False,1997.0,1998.5
3489,394,1028,s,68,72.0,False,1997.0,1998.0
3490,466,90,s,68,73.0,False,1997.0,1998.25
3491,518,1053,s,68,71.0,False,1997.0,1997.75
3492,819,1035,s,68,72.0,False,1997.0,1998.0
3493,855,438,s,68,74.0,False,1997.0,1998.5
3494,916,1028,s,68,96.0,False,1997.0,2004.0
3495,918,1421,s,68,71.0,False,1997.0,1997.75
3496,936,406,s,68,69.0,False,1997.0,1997.25
3497,991,679,s,68,71.0,False,1997.0,1997.75
3498,1005,243,s,68,71.0,False,1997.0,1997.75
3499,1005,1203,s,68,73.0,False,1997.0,1998.25
3500,1099,543,s,68,83.0,False,1997.0,2000.75
3501,172,340,s,68,84.0,False,1997.0,2001.0
3502,172,1030,s,68,79.0,False,1997.0,1999.75
3503,351,480,s,68,70.0,False,1997.0,1997.5
3504,383,985,s,68,71.0,False,1997.0,1997.75
3505,466,689,s,68,72.0,False,1997.0,1998.0
3506,630,406,s,68,69.0,False,1997.0,1997.25
3507,776,689,s,68,78.0,False,1997.0,1999.5
3508,847,775,s,68,69.0,False,1997.0,1997.25
3509,966,762,s,68,76.0,False,1997.0,1999.0
3510,1005,224,s,68,70.0,False,1997.0,1997.5
3511,1005,1030,s,68,72.0,False,1997.0,1998.0
3512,1088,224,s,68,72.0,False,1997.0,1998.0
3513,1157,302,s,68,72.0,False,1997.0,1998.0
3514,1157,1014,s,68,73.0,False,1997.0,1998.25
3515,172,1321,l,68,96.0,True,1997.0,2004.0
3516,855,1322,l,68,84.0,True,1997.0,2001.0
3517,1088,268,l,68,174.0,True,1997.0,2023.5
3518,42,985,l,68,132.0,True,1997.0,2013.0
3519,561,480,l,68,116.0,True,1997.0,2009.0
3520,944,1028,l,68,166.0,True,1997.0,2021.5
3521,1005,942,l,68,80.0,True,1997.0,2000.0
3522,39,1459,s,69,74.0,False,1997.25,1998.5
3523,92,689,s,69,71.0,False,1997.25,1997.75
3524,96,1048,s,69,73.0,False,1997.25,1998.25
3525,172,1028,s,69,70.0,False,1997.25,1997.5
3526,526,405,s,69,75.0,False,1997.25,1998.75
3527,776,1020,s,69,71.0,False,1997.25,1997.75
3528,848,224,s,69,81.0,False,1997.25,2000.25
3529,855,1402,s,69,70.0,False,1997.25,1997.5
3530,893,1020,s,69,73.0,False,1997.25,1998.25
3531,913,1028,s,69,77.0,False,1997.25,1999.25
3532,934,59,s,69,76.0,False,1997.25,1999.0
3533,936,1020,s,69,70.0,False,1997.25,1997.5
3534,1005,1020,s,69,70.0,False,1997.25,1997.5
3535,1157,336,s,69,70.0,False,1997.25,1997.5
3536,1157,775,s,69,79.0,False,1997.25,1999.75
3537,1157,1203,s,69,82.0,False,1997.25,2000.5
3538,30,268,s,69,70.0,False,1997.25,1997.5
3539,39,1044,s,69,70.0,False,1997.25,1997.5
3540,96,1045,s,69,77.0,False,1997.25,1999.25
3541,172,268,s,69,69.0,False,1997.25,1997.25
3542,337,942,s,69,73.0,False,1997.25,1998.25
3543,497,985,s,69,73.0,False,1997.25,1998.25
3544,518,720,s,69,76.0,False,1997.25,1999.0
3545,630,480,s,69,74.0,False,1997.25,1998.5
3546,705,259,s,69,70.0,False,1997.25,1997.5
3547,754,406,s,69,73.0,False,1997.25,1998.25
3548,916,90,s,69,87.0,False,1997.25,2001.75
3549,916,192,s,69,90.0,False,1997.25,2002.5
3550,916,268,s,69,73.0,False,1997.25,1998.25
3551,936,90,s,69,76.0,False,1997.25,1999.0
3552,936,762,s,69,72.0,False,1997.25,1998.0
3553,967,438,s,69,72.0,False,1997.25,1998.0
3554,1099,605,s,69,78.0,False,1997.25,1999.5
3555,1099,790,s,69,70.0,False,1997.25,1997.5
3556,1099,1053,s,69,82.0,False,1997.25,2000.5
3557,1106,720,s,69,79.0,False,1997.25,1999.75
3558,1112,1459,s,69,81.0,False,1997.25,2000.25
3559,30,90,s,69,73.0,False,1997.25,1998.25
3560,96,110,s,69,75.0,False,1997.25,1998.75
3561,161,192,s,69,80.0,False,1997.25,2000.0
3562,422,340,s,69,71.0,False,1997.25,1997.75
3563,561,679,s,69,71.0,False,1997.25,1997.75
3564,754,259,s,69,74.0,False,1997.25,1998.5
3565,754,340,s,69,72.0,False,1997.25,1998.0
3566,819,259,s,69,70.0,False,1997.25,1997.5
3567,832,1459,s,69,71.0,False,1997.25,1997.75
3568,1098,876,s,69,103.0,False,1997.25,2005.75
3569,1155,1203,s,69,78.0,False,1997.25,1999.5
3570,1157,59,s,69,70.0,False,1997.25,1997.5
3571,1189,942,s,69,80.0,False,1997.25,2000.0
3572,317,679,l,69,112.0,True,1997.25,2008.0
3573,30,59,s,70,75.0,False,1997.5,1998.75
3574,96,762,s,70,79.0,False,1997.5,1999.75
3575,96,1028,s,70,70.0,False,1997.5,1997.5
3576,119,1035,s,70,82.0,False,1997.5,2000.5
3577,482,302,s,70,78.0,False,1997.5,1999.5
3578,647,1048,s,70,70.0,False,1997.5,1997.5
3579,913,268,s,70,73.0,False,1997.5,1998.25
3580,966,340,s,70,73.0,False,1997.5,1998.25
3581,1157,689,s,70,70.0,False,1997.5,1997.5
3582,1184,775,s,70,72.0,False,1997.5,1998.0
3583,30,762,s,70,78.0,False,1997.5,1999.5
3584,39,1322,s,70,75.0,False,1997.5,1998.75
3585,42,633,s,70,72.0,False,1997.5,1998.0
3586,161,302,s,70,70.0,False,1997.5,1997.5
3587,337,302,s,70,73.0,False,1997.5,1998.25
3588,466,406,s,70,74.0,False,1997.5,1998.5
3589,819,224,s,70,73.0,False,1997.5,1998.25
3590,966,1020,s,70,71.0,False,1997.5,1997.75
3591,1099,59,s,70,89.0,False,1997.5,2002.25
3592,1345,956,s,70,71.0,False,1997.5,1997.75
3593,39,438,s,70,73.0,False,1997.5,1998.25
3594,172,59,s,70,73.0,False,1997.5,1998.25
3595,262,689,s,70,76.0,False,1997.5,1999.0
3596,526,775,s,70,72.0,False,1997.5,1998.0
3597,832,1053,s,70,76.0,False,1997.5,1999.0
3598,847,224,s,70,73.0,False,1997.5,1998.25
3599,940,302,s,70,74.0,False,1997.5,1998.5
3600,944,325,s,70,75.0,False,1997.5,1998.75
3601,966,633,s,70,75.0,False,1997.5,1998.75
3602,1005,399,s,70,76.0,False,1997.5,1999.0
3603,1099,110,s,70,76.0,False,1997.5,1999.0
3604,1157,406,s,70,71.0,False,1997.5,1997.75
3605,1283,1035,s,70,73.0,False,1997.5,1998.25
3606,1345,679,s,70,71.0,False,1997.5,1997.75
3607,226,438,l,70,84.0,True,1997.5,2001.0
3608,96,1032,s,71,72.0,False,1997.75,1998.0
3609,119,921,s,71,74.0,False,1997.75,1998.5
3610,351,689,s,71,82.0,False,1997.75,2000.5
3611,526,192,s,71,72.0,False,1997.75,1998.0
3612,526,340,s,71,73.0,False,1997.75,1998.25
3613,776,302,s,71,73.0,False,1997.75,1998.25
3614,916,443,s,71,74.0,False,1997.75,1998.5
3615,940,689,s,71,76.0,False,1997.75,1999.0
3616,944,90,s,71,72.0,False,1997.75,1998.0
3617,944,224,s,71,94.0,False,1997.75,2003.5
3618,1088,762,s,71,73.0,False,1997.75,1998.25
3619,1155,259,s,71,78.0,False,1997.75,1999.5
3620,1157,90,s,71,71.0,False,1997.75,1997.75
3621,1189,1014,s,71,78.0,False,1997.75,1999.5
3622,754,480,s,71,73.0,False,1997.75,1998.25
3623,848,480,s,71,76.0,False,1997.75,1999.0
3624,849,1035,s,71,74.0,False,1997.75,1998.5
3625,966,985,s,71,74.0,False,1997.75,1998.5
3626,1005,1014,s,71,75.0,False,1997.75,1998.75
3627,1099,956,s,71,75.0,False,1997.75,1998.75
3628,1157,689,s,71,87.0,False,1997.75,2001.75
3629,1189,689,s,71,74.0,False,1997.75,1998.5
3630,1283,720,s,71,78.0,False,1997.75,1999.5
3631,30,480,s,71,73.0,False,1997.75,1998.25
3632,39,325,s,71,78.0,False,1997.75,1999.5
3633,39,1056,s,71,73.0,False,1997.75,1998.25
3634,96,1037,s,71,78.0,False,1997.75,1999.5
3635,274,224,s,71,72.0,False,1997.75,1998.0
3636,422,90,s,71,78.0,False,1997.75,1999.5
3637,561,689,s,71,78.0,False,1997.75,1999.5
3638,776,224,s,71,76.0,False,1997.75,1999.0
3639,936,406,s,71,75.0,False,1997.75,1998.75
3640,1099,1035,s,71,76.0,False,1997.75,1999.0
3641,1005,224,l,71,80.0,True,1997.75,2000.0
3642,647,1053,l,71,73.0,True,1997.75,1998.25
3643,42,1056,l,71,116.0,True,1997.75,2009.0
3644,39,720,s,72,79.0,False,1998.0,1999.75
3645,39,790,s,72,77.0,False,1998.0,1999.25
3646,96,720,s,72,75.0,False,1998.0,1998.75
3647,526,90,s,72,75.0,False,1998.0,1998.75
3648,526,302,s,72,92.0,False,1998.0,2003.0
3649,561,340,s,72,72.0,False,1998.0,1998.0
3650,819,1032,s,72,76.0,False,1998.0,1999.0
3651,847,1020,s,72,76.0,False,1998.0,1999.0
3652,916,710,s,72,72.0,False,1998.0,1998.0
3653,940,1028,s,72,72.0,False,1998.0,1998.0
3654,42,1052,s,72,80.0,False,1998.0,2000.0
3655,351,480,s,72,76.0,False,1998.0,1999.0
3656,383,340,s,72,74.0,False,1998.0,1998.5
3657,521,942,s,72,74.0,False,1998.0,1998.5
3658,630,1203,s,72,98.0,False,1998.0,2004.5
3659,754,942,s,72,77.0,False,1998.0,1999.25
3660,832,1402,s,72,86.0,False,1998.0,2001.5
3661,893,259,s,72,77.0,False,1998.0,1999.25
3662,916,1035,s,72,77.0,False,1998.0,1999.25
3663,966,259,s,72,80.0,False,1998.0,2000.0
3664,1099,259,s,72,91.0,False,1998.0,2002.75
3665,1157,1028,s,72,75.0,False,1998.0,1998.75
3666,1283,302,s,72,73.0,False,1998.0,1998.25
3667,1283,679,s,72,75.0,False,1998.0,1998.75
3668,87,302,s,72,74.0,False,1998.0,1998.5
3669,96,956,s,72,73.0,False,1998.0,1998.25
3670,161,259,s,72,78.0,False,1998.0,1999.5
3671,289,679,s,72,75.0,False,1998.0,1998.75
3672,351,313,s,72,73.0,False,1998.0,1998.25
3673,351,789,s,72,81.0,False,1998.0,2000.25
3674,518,1053,s,72,78.0,False,1998.0,1999.5
3675,561,942,s,72,73.0,False,1998.0,1998.25
3676,893,302,s,72,76.0,False,1998.0,1999.0
3677,913,224,s,72,86.0,False,1998.0,2001.5
3678,913,689,s,72,82.0,False,1998.0,2000.5
3679,916,679,s,72,74.0,False,1998.0,1998.5
3680,944,59,s,72,82.0,False,1998.0,2000.5
3681,944,259,s,72,86.0,False,1998.0,2001.5
3682,1005,90,s,72,76.0,False,1998.0,1999.0
3683,1155,1020,s,72,79.0,False,1998.0,1999.75
3684,497,1028,l,72,148.0,True,1998.0,2017.0
3685,204,1203,l,72,138.0,True,1998.0,2014.5
3686,1157,682,l,72,78.0,True,1998.0,1999.5
3687,776,110,l,72,125.0,True,1998.0,2011.25
3688,916,224,l,72,79.0,True,1998.0,1999.75
3689,30,259,s,73,76.0,False,1998.25,1999.0
3690,96,679,s,73,77.0,False,1998.25,1999.25
3691,172,1020,s,73,80.0,False,1998.25,2000.0
3692,274,942,s,73,76.0,False,1998.25,1999.0
3693,304,1030,s,73,82.0,False,1998.25,2000.5
3694,351,1203,s,73,86.0,False,1998.25,2001.5
3695,526,406,s,73,101.0,False,1998.25,2005.25
3696,847,302,s,73,77.0,False,1998.25,1999.25
3697,92,689,s,73,78.0,False,1998.25,1999.5
3698,235,59,s,73,74.0,False,1998.25,1998.5
3699,262,480,s,73,74.0,False,1998.25,1998.5
3700,849,1028,s,73,76.0,False,1998.25,1999.0
3701,893,1037,s,73,80.0,False,1998.25,2000.0
3702,916,110,s,73,77.0,False,1998.25,1999.25
3703,916,689,s,73,84.0,False,1998.25,2001.0
3704,916,1030,s,73,77.0,False,1998.25,1999.25
3705,967,537,s,73,82.0,False,1998.25,2000.5
3706,1005,800,s,73,74.0,False,1998.25,1998.5
3707,1157,360,s,73,77.0,False,1998.25,1999.25
3708,96,90,s,73,75.0,False,1998.25,1998.75
3709,161,340,s,73,79.0,False,1998.25,1999.75
3710,317,633,s,73,74.0,False,1998.25,1998.5
3711,330,689,s,73,76.0,False,1998.25,1999.0
3712,526,1045,s,73,85.0,False,1998.25,2001.25
3713,847,110,s,73,74.0,False,1998.25,1998.5
3714,848,302,s,73,81.0,False,1998.25,2000.25
3715,913,192,s,73,80.0,False,1998.25,2000.0
3716,966,325,s,73,74.0,False,1998.25,1998.5
3717,1099,921,s,73,78.0,False,1998.25,1999.5
3718,1284,1322,s,73,74.0,False,1998.25,1998.5
3719,351,1321,l,73,100.0,True,1998.25,2005.0
3720,819,956,l,73,92.0,True,1998.25,2003.0
3721,1005,443,l,73,80.0,True,1998.25,2000.0
3722,1176,1322,l,73,84.0,True,1998.25,2001.0
3723,317,720,s,74,81.0,False,1998.5,2000.25
3724,383,679,s,74,76.0,False,1998.5,1999.0
3725,526,340,s,74,75.0,False,1998.5,1998.75
3726,754,406,s,74,86.0,False,1998.5,2001.5
3727,832,537,s,74,79.0,False,1998.5,1999.75
3728,916,360,s,74,79.0,False,1998.5,1999.75
3729,1005,268,s,74,80.0,False,1998.5,2000.0
3730,1005,1020,s,74,78.0,False,1998.5,1999.5
3731,39,438,s,74,84.0,False,1998.5,2001.0
3732,39,921,s,74,76.0,False,1998.5,1999.0
3733,172,268,s,74,74.0,False,1998.5,1998.5
3734,172,1028,s,74,75.0,False,1998.5,1998.75
3735,289,1322,s,74,77.0,False,1998.5,1999.25
3736,317,1030,s,74,76.0,False,1998.5,1999.0
3737,497,1030,s,74,76.0,False,1998.5,1999.0
3738,847,406,s,74,78.0,False,1998.5,1999.5
3739,847,689,s,74,76.0,False,1998.5,1999.0
3740,893,1032,s,74,74.0,False,1998.5,1998.5
3741,940,1203,s,74,76.0,False,1998.5,1999.0
3742,966,59,s,74,80.0,False,1998.5,2000.0
3743,1005,530,s,74,75.0,False,1998.5,1998.75
3744,1099,406,s,74,76.0,False,1998.5,1999.0
3745,1112,438,s,74,80.0,False,1998.5,2000.0
3746,1283,302,s,74,79.0,False,1998.5,1999.75
3747,42,1322,s,74,83.0,False,1998.5,2000.75
3748,262,1203,s,74,80.0,False,1998.5,2000.0
3749,289,1035,s,74,76.0,False,1998.5,1999.0
3750,351,800,s,74,78.0,False,1998.5,1999.5
3751,394,1321,s,74,75.0,False,1998.5,1998.75
3752,561,775,s,74,75.0,False,1998.5,1998.75
3753,776,302,s,74,77.0,False,1998.5,1999.25
3754,776,1020,s,74,77.0,False,1998.5,1999.25
3755,819,543,s,74,80.0,False,1998.5,2000.0
3756,848,192,s,74,79.0,False,1998.5,1999.75
3757,936,302,s,74,77.0,False,1998.5,1999.25
3758,940,1028,s,74,82.0,False,1998.5,2000.5
3759,944,689,s,74,76.0,False,1998.5,1999.0
3760,944,775,s,74,92.0,False,1998.5,2003.0
3761,1005,1030,s,74,75.0,False,1998.5,1998.75
3762,1099,762,s,74,81.0,False,1998.5,2000.25
3763,1157,1014,s,74,75.0,False,1998.5,1998.75
3764,351,243,l,74,,True,1998.5,
3765,1157,480,l,74,110.0,True,1998.5,2007.5
3766,1157,1030,l,74,75.0,True,1998.5,1998.75
3767,1005,1203,l,74,79.0,True,1998.5,1999.75
3768,42,1070,s,75,76.0,False,1998.75,1999.0
3769,119,1053,s,75,82.0,False,1998.75,2000.5
3770,561,302,s,75,78.0,False,1998.75,1999.5
3771,819,340,s,75,76.0,False,1998.75,1999.0
3772,855,438,s,75,76.0,False,1998.75,1999.0
3773,1005,793,s,75,77.0,False,1998.75,1999.25
3774,1184,1203,s,75,81.0,False,1998.75,2000.25
3775,1403,537,s,75,85.0,False,1998.75,2001.25
3776,30,689,s,75,91.0,False,1998.75,2002.75
3777,351,268,s,75,80.0,False,1998.75,2000.0
3778,422,340,s,75,76.0,False,1998.75,1999.0
3779,521,942,s,75,82.0,False,1998.75,2000.5
3780,526,790,s,75,79.0,False,1998.75,1999.75
3781,630,59,s,75,75.0,False,1998.75,1998.75
3782,754,480,s,75,81.0,False,1998.75,2000.25
3783,776,59,s,75,77.0,False,1998.75,1999.25
3784,819,633,s,75,83.0,False,1998.75,2000.75
3785,849,110,s,75,80.0,False,1998.75,2000.0
3786,913,302,s,75,80.0,False,1998.75,2000.0
3787,936,689,s,75,92.0,False,1998.75,2003.0
3788,944,1032,s,75,77.0,False,1998.75,1999.25
3789,966,340,s,75,76.0,False,1998.75,1999.0
3790,1005,259,s,75,75.0,False,1998.75,1998.75
3791,1005,360,s,75,79.0,False,1998.75,1999.75
3792,1005,1211,s,75,76.0,False,1998.75,1999.0
3793,1099,302,s,75,79.0,False,1998.75,1999.75
3794,1155,942,s,75,83.0,False,1998.75,2000.75
3795,1157,793,s,75,80.0,False,1998.75,2000.0
3796,289,761,s,75,86.0,False,1998.75,2001.5
3797,849,302,s,75,80.0,False,1998.75,2000.0
3798,916,1321,s,75,81.0,False,1998.75,2000.25
3799,944,336,s,75,76.0,False,1998.75,1999.0
3800,1088,689,s,75,82.0,False,1998.75,2000.5
3801,1157,1187,s,75,76.0,False,1998.75,1999.0
3802,944,90,l,75,119.0,True,1998.75,2009.75
3803,394,1032,l,75,85.0,True,1998.75,2001.25
3804,521,775,l,75,178.0,True,1998.75,2024.5
3805,893,1032,l,75,100.0,True,1998.75,2005.0
3806,1283,1032,l,75,82.0,True,1998.75,2000.5
3807,96,720,s,76,79.0,False,1999.0,1999.75
3808,96,1048,s,76,80.0,False,1999.0,2000.0
3809,351,1014,s,76,76.0,False,1999.0,1999.0
3810,422,302,s,76,78.0,False,1999.0,1999.5
3811,526,633,s,76,83.0,False,1999.0,2000.75
3812,916,775,s,76,78.0,False,1999.0,1999.5
3813,944,406,s,76,95.0,False,1999.0,2003.75
3814,966,907,s,76,82.0,False,1999.0,2000.5
3815,1005,800,s,76,78.0,False,1999.0,1999.5
3816,1005,1209,s,76,80.0,False,1999.0,2000.0
3817,1106,369,s,76,76.0,False,1999.0,1999.0
3818,1155,224,s,76,77.0,False,1999.0,1999.25
3819,1176,1070,s,76,78.0,False,1999.0,1999.5
3820,1222,1203,s,76,77.0,False,1999.0,1999.25
3821,1283,679,s,76,77.0,False,1999.0,1999.25
3822,39,679,s,76,80.0,False,1999.0,2000.0
3823,130,90,s,76,79.0,False,1999.0,1999.75
3824,172,1028,s,76,78.0,False,1999.0,1999.5
3825,422,224,s,76,77.0,False,1999.0,1999.25
3826,521,1028,s,76,83.0,False,1999.0,2000.75
3827,893,679,s,76,78.0,False,1999.0,1999.5
3828,916,762,s,76,77.0,False,1999.0,1999.25
3829,966,1028,s,76,78.0,False,1999.0,1999.5
3830,1098,59,s,76,87.0,False,1999.0,2001.75
3831,1099,942,s,76,84.0,False,1999.0,2001.0
3832,1099,1020,s,76,82.0,False,1999.0,2000.5
3833,1157,313,s,76,80.0,False,1999.0,2000.0
3834,1184,942,s,76,78.0,False,1999.0,1999.5
3835,42,1421,s,76,77.0,False,1999.0,1999.25
3836,42,1510,s,76,77.0,False,1999.0,1999.25
3837,92,1028,s,76,79.0,False,1999.0,1999.75
3838,422,653,s,76,82.0,False,1999.0,2000.5
3839,754,1028,s,76,77.0,False,1999.0,1999.25
3840,848,1028,s,76,77.0,False,1999.0,1999.25
3841,849,406,s,76,81.0,False,1999.0,2000.25
3842,916,59,s,76,85.0,False,1999.0,2001.25
3843,936,406,s,76,82.0,False,1999.0,2000.5
3844,944,192,s,76,78.0,False,1999.0,1999.5
3845,966,224,s,76,77.0,False,1999.0,1999.25
3846,1222,689,s,76,82.0,False,1999.0,2000.5
3847,1222,942,s,76,79.0,False,1999.0,1999.75
3848,1283,956,s,76,79.0,False,1999.0,1999.75
3849,30,90,l,76,131.0,True,1999.0,2012.75
3850,848,406,l,76,114.0,True,1999.0,2008.5
3851,1099,406,l,76,140.0,True,1999.0,2015.0
3852,1155,614,l,76,144.0,True,1999.0,2016.0
3853,289,543,l,76,129.0,True,1999.0,2012.25
3854,30,59,s,77,77.0,False,1999.25,1999.25
3855,39,340,s,77,79.0,False,1999.25,1999.75
3856,351,192,s,77,78.0,False,1999.25,1999.5
3857,466,704,s,77,80.0,False,1999.25,2000.0
3858,754,59,s,77,80.0,False,1999.25,2000.0
3859,855,438,s,77,80.0,False,1999.25,2000.0
3860,893,1045,s,77,80.0,False,1999.25,2000.0
3861,944,1020,s,77,78.0,False,1999.25,1999.5
3862,966,340,s,77,83.0,False,1999.25,2000.75
3863,967,438,s,77,79.0,False,1999.25,1999.75
3864,1345,720,s,77,83.0,False,1999.25,2000.75
3865,96,438,s,77,79.0,False,1999.25,1999.75
3866,518,1032,s,77,78.0,False,1999.25,1999.5
3867,847,110,s,77,79.0,False,1999.25,1999.75
3868,849,1020,s,77,77.0,False,1999.25,1999.25
3869,944,360,s,77,79.0,False,1999.25,1999.75
3870,1005,336,s,77,78.0,False,1999.25,1999.5
3871,1005,682,s,77,77.0,False,1999.25,1999.25
3872,1088,679,s,77,78.0,False,1999.25,1999.5
3873,1099,340,s,77,85.0,False,1999.25,2001.25
3874,1099,1030,s,77,86.0,False,1999.25,2001.5
3875,1385,21,s,77,79.0,False,1999.25,1999.75
3876,1403,1070,s,77,78.0,False,1999.25,1999.5
3877,39,1459,s,77,85.0,False,1999.25,2001.25
3878,96,302,s,77,87.0,False,1999.25,2001.75
3879,119,1322,s,77,84.0,False,1999.25,2001.0
3880,274,1028,s,77,80.0,False,1999.25,2000.0
3881,521,224,s,77,79.0,False,1999.25,1999.75
3882,526,90,s,77,82.0,False,1999.25,2000.5
3883,788,775,s,77,82.0,False,1999.25,2000.5
3884,966,110,s,77,92.0,False,1999.25,2003.0
3885,1088,1030,s,77,80.0,False,1999.25,2000.0
3886,1099,1032,s,77,78.0,False,1999.25,1999.5
3887,1157,24,s,77,82.0,False,1999.25,2000.5
3888,1189,268,s,77,85.0,False,1999.25,2001.25
3889,630,689,l,77,182.0,True,1999.25,2025.5
3890,172,302,l,77,87.0,True,1999.25,2001.75
3891,351,1014,l,77,114.0,True,1999.25,2008.5
3892,916,1020,l,77,130.0,True,1999.25,2012.5
3893,34,689,s,78,89.0,False,1999.5,2002.25
3894,96,679,s,78,80.0,False,1999.5,2000.0
3895,96,1032,s,78,82.0,False,1999.5,2000.5
3896,172,653,s,78,80.0,False,1999.5,2000.0
3897,226,1510,s,78,83.0,False,1999.5,2000.75
3898,317,405,s,78,83.0,False,1999.5,2000.75
3899,337,90,s,78,80.0,False,1999.5,2000.0
3900,351,399,s,78,78.0,False,1999.5,1999.5
3901,383,985,s,78,84.0,False,1999.5,2001.0
3902,394,793,s,78,84.0,False,1999.5,2001.0
3903,422,679,s,78,86.0,False,1999.5,2001.5
3904,776,340,s,78,78.0,False,1999.5,1999.5
3905,776,762,s,78,100.0,False,1999.5,2005.0
3906,819,762,s,78,84.0,False,1999.5,2001.0
3907,893,762,s,78,80.0,False,1999.5,2000.0
3908,966,224,s,78,81.0,False,1999.5,2000.25
3909,966,762,s,78,89.0,False,1999.5,2002.25
3910,1005,689,s,78,80.0,False,1999.5,2000.0
3911,1098,761,s,78,84.0,False,1999.5,2001.0
3912,1207,689,s,78,79.0,False,1999.5,1999.75
3913,1222,1028,s,78,78.0,False,1999.5,1999.5
3914,1283,985,s,78,85.0,False,1999.5,2001.25
3915,1345,192,s,78,83.0,False,1999.5,2000.75
3916,30,192,s,78,90.0,False,1999.5,2002.5
3917,39,876,s,78,78.0,False,1999.5,1999.5
3918,39,1044,s,78,84.0,False,1999.5,2001.0
3919,42,537,s,78,79.0,False,1999.5,1999.75
3920,161,302,s,78,88.0,False,1999.5,2002.0
3921,337,689,s,78,79.0,False,1999.5,1999.75
3922,351,653,s,78,80.0,False,1999.5,2000.0
3923,422,942,s,78,87.0,False,1999.5,2001.75
3924,518,543,s,78,84.0,False,1999.5,2001.0
3925,916,268,s,78,100.0,False,1999.5,2005.0
3926,916,956,s,78,82.0,False,1999.5,2000.5
3927,944,689,s,78,78.0,False,1999.5,1999.5
3928,1098,391,s,78,80.0,False,1999.5,2000.0
3929,1155,360,s,78,85.0,False,1999.5,2001.25
3930,1155,1014,s,78,95.0,False,1999.5,2003.75
3931,1184,689,s,78,85.0,False,1999.5,2001.25
3932,1222,59,s,78,78.0,False,1999.5,1999.5
3933,1222,1203,s,78,80.0,False,1999.5,2000.0
3934,42,1402,s,78,83.0,False,1999.5,2000.75
3935,42,1510,s,78,85.0,False,1999.5,2001.25
3936,119,1402,s,78,81.0,False,1999.5,2000.25
3937,161,1028,s,78,81.0,False,1999.5,2000.25
3938,172,59,s,78,79.0,False,1999.5,1999.75
3939,172,268,s,78,81.0,False,1999.5,2000.25
3940,317,340,s,78,84.0,False,1999.5,2001.0
3941,526,605,s,78,80.0,False,1999.5,2000.0
3942,526,679,s,78,79.0,False,1999.5,1999.75
3943,847,614,s,78,82.0,False,1999.5,2000.5
3944,936,268,s,78,79.0,False,1999.5,1999.75
3945,1207,224,s,78,81.0,False,1999.5,2000.25
3946,848,679,l,78,91.0,True,1999.5,2002.75
3947,561,1028,l,78,123.0,True,1999.5,2010.75
3948,944,1020,l,78,104.0,True,1999.5,2006.0
3949,1099,956,l,78,83.0,True,1999.5,2000.75
3950,15,224,s,79,79.0,False,1999.75,1999.75
3951,39,790,s,79,86.0,False,1999.75,2001.5
3952,161,224,s,79,89.0,False,1999.75,2002.25
3953,422,689,s,79,83.0,False,1999.75,2000.75
3954,497,480,s,79,83.0,False,1999.75,2000.75
3955,630,224,s,79,81.0,False,1999.75,2000.25
3956,705,942,s,79,82.0,False,1999.75,2000.5
3957,848,341,s,79,89.0,False,1999.75,2002.25
3958,848,1028,s,79,79.0,False,1999.75,1999.75
3959,848,1437,s,79,80.0,False,1999.75,2000.0
3960,913,406,s,79,82.0,False,1999.75,2000.5
3961,916,708,s,79,83.0,False,1999.75,2000.75
3962,918,438,s,79,87.0,False,1999.75,2001.75
3963,966,1020,s,79,82.0,False,1999.75,2000.5
3964,966,1032,s,79,80.0,False,1999.75,2000.0
3965,1005,1321,s,79,80.0,False,1999.75,2000.0
3966,1099,110,s,79,80.0,False,1999.75,2000.0
3967,1157,59,s,79,83.0,False,1999.75,2000.75
3968,1157,336,s,79,81.0,False,1999.75,2000.25
3969,1157,800,s,79,79.0,False,1999.75,1999.75
3970,1157,1209,s,79,79.0,False,1999.75,1999.75
3971,754,302,s,79,82.0,False,1999.75,2000.5
3972,819,1044,s,79,86.0,False,1999.75,2001.5
3973,916,775,s,79,85.0,False,1999.75,2001.25
3974,944,985,s,79,100.0,False,1999.75,2005.0
3975,944,1032,s,79,82.0,False,1999.75,2000.5
3976,966,956,s,79,82.0,False,1999.75,2000.5
3977,966,1048,s,79,84.0,False,1999.75,2001.0
3978,1005,1203,s,79,80.0,False,1999.75,2000.0
3979,1283,1510,s,79,80.0,False,1999.75,2000.0
3980,39,1510,s,79,88.0,False,1999.75,2002.0
3981,119,1437,s,79,92.0,False,1999.75,2003.0
3982,351,480,s,79,83.0,False,1999.75,2000.75
3983,776,325,s,79,86.0,False,1999.75,2001.5
3984,847,775,s,79,91.0,False,1999.75,2002.75
3985,909,406,s,79,94.0,False,1999.75,2003.5
3986,944,480,s,79,81.0,False,1999.75,2000.25
3987,1005,1014,s,79,80.0,False,1999.75,2000.0
3988,1155,1203,s,79,101.0,False,1999.75,2005.25
3989,1184,942,s,79,85.0,False,1999.75,2001.25
3990,1345,985,s,79,80.0,False,1999.75,2000.0
3991,466,90,l,79,84.0,True,1999.75,2001.0
3992,936,224,l,79,232.0,True,1999.75,2038.0
3993,168,438,l,79,79.0,True,1999.75,1999.75
3994,172,259,l,79,82.0,True,1999.75,2000.5
3995,936,679,l,79,97.0,True,1999.75,2004.25
3996,705,1028,l,79,97.0,True,1999.75,2004.25
3997,967,438,l,79,84.0,True,1999.75,2001.0
3998,317,406,s,80,88.0,False,2000.0,2002.0
3999,317,1032,s,80,82.0,False,2000.0,2000.5
4000,337,259,s,80,84.0,False,2000.0,2001.0
4001,526,59,s,80,83.0,False,2000.0,2000.75
4002,776,302,s,80,92.0,False,2000.0,2003.0
4003,832,1048,s,80,83.0,False,2000.0,2000.75
4004,848,1020,s,80,83.0,False,2000.0,2000.75
4005,936,302,s,80,91.0,False,2000.0,2002.75
4006,966,679,s,80,81.0,False,2000.0,2000.25
4007,1099,90,s,80,87.0,False,2000.0,2001.75
4008,1157,1209,s,80,81.0,False,2000.0,2000.25
4009,42,1066,s,80,82.0,False,2000.0,2000.5
4010,317,956,s,80,80.0,False,2000.0,2000.0
4011,518,985,s,80,83.0,False,2000.0,2000.75
4012,630,59,s,80,82.0,False,2000.0,2000.5
4013,819,340,s,80,81.0,False,2000.0,2000.25
4014,916,633,s,80,82.0,False,2000.0,2000.5
4015,936,259,s,80,81.0,False,2000.0,2000.25
4016,944,336,s,80,82.0,False,2000.0,2000.5
4017,944,956,s,80,81.0,False,2000.0,2000.25
4018,966,1028,s,80,85.0,False,2000.0,2001.25
4019,1222,480,s,80,81.0,False,2000.0,2000.25
4020,1222,1028,s,80,90.0,False,2000.0,2002.5
4021,30,679,s,80,81.0,False,2000.0,2000.25
4022,96,633,s,80,81.0,False,2000.0,2000.25
4023,394,942,s,80,83.0,False,2000.0,2000.75
4024,497,985,s,80,91.0,False,2000.0,2002.75
4025,848,259,s,80,87.0,False,2000.0,2001.75
4026,1099,302,s,80,81.0,False,2000.0,2000.25
4027,1157,1028,s,80,81.0,False,2000.0,2000.25
4028,1222,942,s,80,86.0,False,2000.0,2001.5
4029,561,406,l,80,120.0,True,2000.0,2010.0
4030,1283,1035,l,80,97.0,True,2000.0,2004.25
4031,1157,1020,l,80,101.0,True,2000.0,2005.25
4032,848,1028,l,80,123.0,True,2000.0,2010.75
4033,161,1030,s,81,86.0,False,2000.25,2001.5
4034,262,192,s,81,81.0,False,2000.25,2000.25
4035,422,775,s,81,83.0,False,2000.25,2000.75
4036,916,1030,s,81,86.0,False,2000.25,2001.5
4037,966,985,s,81,84.0,False,2000.25,2001.0
4038,1088,1028,s,81,85.0,False,2000.25,2001.25
4039,1099,192,s,81,86.0,False,2000.25,2001.5
4040,1189,689,s,81,83.0,False,2000.25,2000.75
4041,39,679,s,81,83.0,False,2000.25,2000.75
4042,92,268,s,81,84.0,False,2000.25,2001.0
4043,526,605,s,81,83.0,False,2000.25,2000.75
4044,855,1402,s,81,83.0,False,2000.25,2000.75
4045,1222,341,s,81,86.0,False,2000.25,2001.5
4046,39,110,s,81,96.0,False,2000.25,2004.0
4047,172,1028,s,81,84.0,False,2000.25,2001.0
4048,526,985,s,81,82.0,False,2000.25,2000.5
4049,819,259,s,81,83.0,False,2000.25,2000.75
4050,855,1510,s,81,86.0,False,2000.25,2001.5
4051,916,224,s,81,85.0,False,2000.25,2001.25
4052,944,243,s,81,82.0,False,2000.25,2000.5
4053,1099,633,s,81,84.0,False,2000.25,2001.0
4054,1157,1321,l,81,110.0,True,2000.25,2007.5
4055,848,268,l,81,220.0,True,2000.25,2035.0
4056,42,537,s,82,82.0,False,2000.5,2000.5
4057,351,268,s,82,83.0,False,2000.5,2000.75
4058,351,1028,s,82,89.0,False,2000.5,2002.25
4059,630,1028,s,82,84.0,False,2000.5,2001.0
4060,819,90,s,82,82.0,False,2000.5,2000.5
4061,819,605,s,82,85.0,False,2000.5,2001.25
4062,832,438,s,82,95.0,False,2000.5,2003.75
4063,848,325,s,82,91.0,False,2000.5,2002.75
4064,916,679,s,82,88.0,False,2000.5,2002.0
4065,936,405,s,82,92.0,False,2000.5,2003.0
4066,1099,985,s,82,82.0,False,2000.5,2000.5
4067,1155,192,s,82,83.0,False,2000.5,2000.75
4068,1239,689,s,82,87.0,False,2000.5,2001.75
4069,1515,1028,s,82,82.0,False,2000.5,2000.5
4070,1530,405,s,82,86.0,False,2000.5,2001.5
4071,1530,438,s,82,88.0,False,2000.5,2002.0
4072,39,543,s,82,84.0,False,2000.5,2001.0
4073,172,59,s,82,83.0,False,2000.5,2000.75
4074,351,710,s,82,91.0,False,2000.5,2002.75
4075,518,1510,s,82,84.0,False,2000.5,2001.0
4076,526,790,s,82,101.0,False,2000.5,2005.25
4077,526,1048,s,82,85.0,False,2000.5,2001.25
4078,847,1030,s,82,82.0,False,2000.5,2000.5
4079,848,302,s,82,84.0,False,2000.5,2001.0
4080,1098,259,s,82,85.0,False,2000.5,2001.25
4081,1157,268,s,82,83.0,False,2000.5,2000.75
4082,1189,1321,s,82,95.0,False,2000.5,2003.75
4083,1530,302,s,82,82.0,False,2000.5,2000.5
4084,1530,406,s,82,85.0,False,2000.5,2001.25
4085,62,110,s,82,87.0,False,2000.5,2001.75
4086,96,340,s,82,85.0,False,2000.5,2001.25
4087,161,1020,s,82,89.0,False,2000.5,2002.25
4088,383,679,s,82,84.0,False,2000.5,2001.0
4089,482,192,s,82,90.0,False,2000.5,2002.5
4090,497,302,s,82,87.0,False,2000.5,2001.75
4091,497,942,s,82,83.0,False,2000.5,2000.75
4092,518,1044,s,82,84.0,False,2000.5,2001.0
4093,819,302,s,82,87.0,False,2000.5,2001.75
4094,819,543,s,82,86.0,False,2000.5,2001.5
4095,847,302,s,82,83.0,False,2000.5,2000.75
4096,848,876,s,82,89.0,False,2000.5,2002.25
4097,944,689,s,82,85.0,False,2000.5,2001.25
4098,1106,1510,s,82,83.0,False,2000.5,2000.75
4099,1155,704,s,82,84.0,False,2000.5,2001.0
4100,1157,1209,s,82,85.0,False,2000.5,2001.25
4101,1157,1211,s,82,90.0,False,2000.5,2002.5
4102,1189,1203,s,82,84.0,False,2000.5,2001.0
4103,1222,59,s,82,88.0,False,2000.5,2002.0
4104,1530,1032,s,82,83.0,False,2000.5,2000.75
4105,394,689,l,82,179.0,True,2000.5,2024.75
4106,776,90,l,82,83.0,True,2000.5,2000.75
4107,944,268,l,82,111.0,True,2000.5,2007.75
4108,1099,775,l,82,123.0,True,2000.5,2010.75
4109,1112,1402,l,82,100.0,True,2000.5,2005.0
4110,847,689,l,82,95.0,True,2000.5,2003.75
4111,1099,302,l,82,97.0,True,2000.5,2004.25
4112,30,682,s,83,85.0,False,2000.75,2001.25
4113,87,1028,s,83,85.0,False,2000.75,2001.25
4114,161,1028,s,83,97.0,False,2000.75,2004.25
4115,351,689,s,83,86.0,False,2000.75,2001.5
4116,394,268,s,83,101.0,False,2000.75,2005.25
4117,521,689,s,83,85.0,False,2000.75,2001.25
4118,561,942,s,83,89.0,False,2000.75,2002.25
4119,705,406,s,83,83.0,False,2000.75,2000.75
4120,819,340,s,83,90.0,False,2000.75,2002.5
4121,849,1032,s,83,93.0,False,2000.75,2003.25
4122,913,480,s,83,95.0,False,2000.75,2003.75
4123,916,325,s,83,88.0,False,2000.75,2002.0
4124,916,956,s,83,85.0,False,2000.75,2001.25
4125,940,224,s,83,85.0,False,2000.75,2001.25
4126,944,704,s,83,86.0,False,2000.75,2001.5
4127,966,480,s,83,88.0,False,2000.75,2002.0
4128,1098,1030,s,83,83.0,False,2000.75,2000.75
4129,1099,956,s,83,86.0,False,2000.75,2001.5
4130,1157,1187,s,83,86.0,False,2000.75,2001.5
4131,42,790,s,83,84.0,False,2000.75,2001.0
4132,42,1166,s,83,85.0,False,2000.75,2001.25
4133,96,762,s,83,87.0,False,2000.75,2001.75
4134,521,480,s,83,86.0,False,2000.75,2001.5
4135,526,340,s,83,95.0,False,2000.75,2003.75
4136,848,480,s,83,109.0,False,2000.75,2007.25
4137,916,259,s,83,85.0,False,2000.75,2001.25
4138,944,480,s,83,85.0,False,2000.75,2001.25
4139,966,391,s,83,87.0,False,2000.75,2001.75
4140,1189,942,s,83,83.0,False,2000.75,2000.75
4141,1222,689,s,83,86.0,False,2000.75,2001.5
4142,1222,1203,s,83,84.0,False,2000.75,2001.0
4143,30,1020,s,83,85.0,False,2000.75,2001.25
4144,262,243,s,83,85.0,False,2000.75,2001.25
4145,422,302,s,83,84.0,False,2000.75,2001.0
4146,466,59,s,83,84.0,False,2000.75,2001.0
4147,754,1028,s,83,86.0,False,2000.75,2001.5
4148,916,405,s,83,85.0,False,2000.75,2001.25
4149,936,480,s,83,84.0,False,2000.75,2001.0
4150,944,192,s,83,86.0,False,2000.75,2001.5
4151,944,1035,s,83,85.0,False,2000.75,2001.25
4152,967,369,s,83,84.0,False,2000.75,2001.0
4153,1155,224,s,83,84.0,False,2000.75,2001.0
4154,1403,1070,s,83,84.0,False,2000.75,2001.0
4155,893,302,l,83,100.0,True,2000.75,2005.0
4156,847,302,l,83,157.0,True,2000.75,2019.25
4157,1530,340,l,83,128.0,True,2000.75,2012.0
4158,39,720,s,84,84.0,False,2001.0,2001.0
4159,236,90,s,84,87.0,False,2001.0,2001.75
4160,274,1028,s,84,85.0,False,2001.0,2001.25
4161,351,59,s,84,84.0,False,2001.0,2001.0
4162,422,1028,s,84,88.0,False,2001.0,2002.0
4163,526,1032,s,84,84.0,False,2001.0,2001.0
4164,776,1546,s,84,86.0,False,2001.0,2001.5
4165,819,1053,s,84,84.0,False,2001.0,2001.0
4166,848,192,s,84,93.0,False,2001.0,2003.25
4167,936,259,s,84,85.0,False,2001.0,2001.25
4168,944,59,s,84,91.0,False,2001.0,2002.75
4169,1098,956,s,84,87.0,False,2001.0,2001.75
4170,1098,1529,s,84,87.0,False,2001.0,2001.75
4171,1155,942,s,84,87.0,False,2001.0,2001.75
4172,1157,224,s,84,86.0,False,2001.0,2001.5
4173,1189,59,s,84,90.0,False,2001.0,2002.5
4174,39,1402,s,84,86.0,False,2001.0,2001.5
4175,42,1402,s,84,88.0,False,2001.0,2002.0
4176,119,1510,s,84,85.0,False,2001.0,2001.25
4177,776,942,s,84,90.0,False,2001.0,2002.5
4178,847,406,s,84,84.0,False,2001.0,2001.0
4179,849,605,s,84,90.0,False,2001.0,2002.5
4180,855,438,s,84,90.0,False,2001.0,2002.5
4181,913,1014,s,84,86.0,False,2001.0,2001.5
4182,916,1546,s,84,93.0,False,2001.0,2003.25
4183,944,1014,s,84,108.0,False,2001.0,2007.0
4184,944,1546,s,84,87.0,False,2001.0,2001.75
4185,1184,1020,s,84,86.0,False,2001.0,2001.5
4186,1189,942,s,84,86.0,False,2001.0,2001.5
4187,96,1546,s,84,93.0,False,2001.0,2003.25
4188,172,59,s,84,93.0,False,2001.0,2003.25
4189,351,268,s,84,87.0,False,2001.0,2001.75
4190,482,224,s,84,97.0,False,2001.0,2004.25
4191,561,1020,s,84,91.0,False,2001.0,2002.75
4192,848,1020,s,84,88.0,False,2001.0,2002.0
4193,913,689,s,84,90.0,False,2001.0,2002.5
4194,1098,790,s,84,86.0,False,2001.0,2001.5
4195,1099,1546,s,84,94.0,False,2001.0,2003.5
4196,1189,1209,s,84,86.0,False,2001.0,2001.5
4197,92,942,l,84,135.0,True,2001.0,2013.75
4198,1106,438,l,84,100.0,True,2001.0,2005.0
4199,1157,59,l,84,,True,2001.0,
4200,818,537,l,84,104.0,True,2001.0,2006.0
4201,966,224,l,84,102.0,True,2001.0,2005.5
4202,42,720,s,85,91.0,False,2001.25,2002.75
4203,96,956,s,85,85.0,False,2001.25,2001.25
4204,383,110,s,85,93.0,False,2001.25,2003.25
4205,422,1020,s,85,91.0,False,2001.25,2002.75
4206,754,302,s,85,86.0,False,2001.25,2001.5
4207,819,1028,s,85,90.0,False,2001.25,2002.5
4208,849,1028,s,85,90.0,False,2001.25,2002.5
4209,1157,268,s,85,89.0,False,2001.25,2002.25
4210,1403,1402,s,85,86.0,False,2001.25,2001.5
4211,92,224,s,85,92.0,False,2001.25,2003.0
4212,92,268,s,85,86.0,False,2001.25,2001.5
4213,92,689,s,85,87.0,False,2001.25,2001.75
4214,351,1209,s,85,88.0,False,2001.25,2002.0
4215,819,59,s,85,94.0,False,2001.25,2003.5
4216,848,942,s,85,85.0,False,2001.25,2001.25
4217,1099,689,s,85,98.0,False,2001.25,2004.5
4218,1099,1028,s,85,89.0,False,2001.25,2002.25
4219,1099,1032,s,85,95.0,False,2001.25,2003.75
4220,1157,406,s,85,104.0,False,2001.25,2006.0
4221,1157,1028,s,85,89.0,False,2001.25,2002.25
4222,1157,1203,s,85,91.0,False,2001.25,2002.75
4223,394,710,s,85,86.0,False,2001.25,2001.5
4224,561,224,s,85,95.0,False,2001.25,2003.75
4225,819,1546,s,85,93.0,False,2001.25,2003.25
4226,848,90,s,85,91.0,False,2001.25,2002.75
4227,849,406,s,85,87.0,False,2001.25,2001.75
4228,893,985,s,85,87.0,False,2001.25,2001.75
4229,893,1546,s,85,95.0,False,2001.25,2003.75
4230,916,689,s,85,91.0,False,2001.25,2002.75
4231,1099,985,s,85,94.0,False,2001.25,2003.5
4232,1157,785,s,85,87.0,False,2001.25,2001.75
4233,1157,1331,s,85,86.0,False,2001.25,2001.5
4234,1222,1203,s,85,87.0,False,2001.25,2001.75
4235,526,679,l,85,110.0,True,2001.25,2007.5
4236,819,391,l,85,152.0,True,2001.25,2018.0
4237,1515,406,l,85,128.0,True,2001.25,2012.0
4238,936,406,l,85,101.0,True,2001.25,2005.25
4239,1239,1203,l,85,189.0,True,2001.25,2027.25
4240,351,787,l,85,113.0,True,2001.25,2008.25
4241,96,1044,s,86,88.0,False,2001.5,2002.0
4242,96,1510,s,86,97.0,False,2001.5,2004.25
4243,422,406,s,86,87.0,False,2001.5,2001.75
4244,776,689,s,86,87.0,False,2001.5,2001.75
4245,776,1030,s,86,86.0,False,2001.5,2001.5
4246,847,259,s,86,87.0,False,2001.5,2001.75
4247,916,59,s,86,87.0,False,2001.5,2001.75
4248,940,268,s,86,97.0,False,2001.5,2004.25
4249,944,689,s,86,96.0,False,2001.5,2004.0
4250,944,1032,s,86,108.0,False,2001.5,2007.0
4251,1155,24,s,86,94.0,False,2001.5,2003.5
4252,1222,268,s,86,88.0,False,2001.5,2002.0
4253,87,1030,s,86,88.0,False,2001.5,2002.0
4254,383,679,s,86,90.0,False,2001.5,2002.5
4255,422,1032,s,86,86.0,False,2001.5,2001.5
4256,463,1402,s,86,97.0,False,2001.5,2004.25
4257,526,1546,s,86,88.0,False,2001.5,2002.0
4258,630,480,s,86,88.0,False,2001.5,2002.0
4259,819,876,s,86,90.0,False,2001.5,2002.5
4260,848,302,s,86,88.0,False,2001.5,2002.0
4261,893,956,s,86,87.0,False,2001.5,2001.75
4262,936,1032,s,86,89.0,False,2001.5,2002.25
4263,944,480,s,86,87.0,False,2001.5,2001.75
4264,966,1546,s,86,91.0,False,2001.5,2002.75
4265,1222,1331,s,86,87.0,False,2001.5,2001.75
4266,1403,1459,s,86,91.0,False,2001.5,2002.75
4267,87,224,s,86,87.0,False,2001.5,2001.75
4268,172,689,s,86,90.0,False,2001.5,2002.5
4269,776,192,s,86,87.0,False,2001.5,2001.75
4270,848,59,s,86,94.0,False,2001.5,2003.5
4271,944,360,s,86,89.0,False,2001.5,2002.25
4272,966,405,s,86,94.0,False,2001.5,2003.5
4273,966,1035,s,86,92.0,False,2001.5,2003.0
4274,1157,1209,s,86,88.0,False,2001.5,2002.0
4275,42,1510,l,86,124.0,True,2001.5,2011.0
4276,1530,1048,l,86,120.0,True,2001.5,2010.0
4277,351,800,l,86,162.0,True,2001.5,2020.5
4278,172,1030,l,86,148.0,True,2001.5,2017.0
4279,317,1028,l,86,95.0,True,2001.5,2003.75
4280,351,689,l,86,123.0,True,2001.5,2010.75
4281,30,268,s,87,88.0,False,2001.75,2002.0
4282,39,887,s,87,89.0,False,2001.75,2002.25
4283,42,537,s,87,92.0,False,2001.75,2003.0
4284,172,1028,s,87,91.0,False,2001.75,2002.75
4285,351,302,s,87,91.0,False,2001.75,2002.75
4286,497,942,s,87,90.0,False,2001.75,2002.5
4287,819,192,s,87,89.0,False,2001.75,2002.25
4288,819,605,s,87,87.0,False,2001.75,2001.75
4289,913,942,s,87,91.0,False,2001.75,2002.75
4290,916,985,s,87,92.0,False,2001.75,2003.0
4291,944,259,s,87,87.0,False,2001.75,2001.75
4292,966,605,s,87,100.0,False,2001.75,2005.0
4293,966,1028,s,87,96.0,False,2001.75,2004.0
4294,1157,224,s,87,88.0,False,2001.75,2002.0
4295,1222,224,s,87,96.0,False,2001.75,2004.0
4296,1222,689,s,87,87.0,False,2001.75,2001.75
4297,1222,1209,s,87,93.0,False,2001.75,2003.25
4298,1345,408,s,87,87.0,False,2001.75,2001.75
4299,1345,679,s,87,90.0,False,2001.75,2002.5
4300,1530,679,s,87,97.0,False,2001.75,2004.25
4301,96,1032,s,87,96.0,False,2001.75,2004.0
4302,317,110,s,87,89.0,False,2001.75,2002.25
4303,337,302,s,87,89.0,False,2001.75,2002.25
4304,351,1203,s,87,97.0,False,2001.75,2004.25
4305,819,90,s,87,89.0,False,2001.75,2002.25
4306,819,762,s,87,88.0,False,2001.75,2002.0
4307,819,775,s,87,99.0,False,2001.75,2004.75
4308,916,259,s,87,88.0,False,2001.75,2002.0
4309,916,793,s,87,94.0,False,2001.75,2003.5
4310,916,1014,s,87,103.0,False,2001.75,2005.75
4311,916,1030,s,87,95.0,False,2001.75,2003.75
4312,966,679,s,87,100.0,False,2001.75,2005.0
4313,1099,405,s,87,100.0,False,2001.75,2005.0
4314,1157,259,s,87,91.0,False,2001.75,2002.75
4315,1222,942,s,87,88.0,False,2001.75,2002.0
4316,39,438,s,87,90.0,False,2001.75,2002.5
4317,42,790,s,87,92.0,False,2001.75,2003.0
4318,87,268,s,87,88.0,False,2001.75,2002.0
4319,161,406,s,87,89.0,False,2001.75,2002.25
4320,893,679,s,87,90.0,False,2001.75,2002.5
4321,944,192,s,87,93.0,False,2001.75,2003.25
4322,966,340,s,87,91.0,False,2001.75,2002.75
4323,1088,1030,s,87,92.0,False,2001.75,2003.0
4324,1099,762,s,87,109.0,False,2001.75,2007.25
4325,1105,1546,s,87,89.0,False,2001.75,2002.25
4326,1112,1459,l,87,108.0,True,2001.75,2007.0
4327,526,1035,l,87,92.0,True,2001.75,2003.0
4328,1157,689,l,87,106.0,True,2001.75,2006.5
4329,43,1030,s,88,89.0,False,2002.0,2002.25
4330,92,689,s,88,90.0,False,2002.0,2002.5
4331,317,1546,s,88,93.0,False,2002.0,2003.25
4332,422,956,s,88,88.0,False,2002.0,2002.0
4333,847,224,s,88,88.0,False,2002.0,2002.0
4334,848,224,s,88,88.0,False,2002.0,2002.0
4335,916,360,s,88,95.0,False,2002.0,2003.75
4336,966,985,s,88,89.0,False,2002.0,2002.25
4337,1098,761,s,88,88.0,False,2002.0,2002.0
4338,1099,790,s,88,95.0,False,2002.0,2003.75
4339,1155,268,s,88,94.0,False,2002.0,2003.5
4340,30,1032,s,88,101.0,False,2002.0,2005.25
4341,172,259,s,88,95.0,False,2002.0,2003.75
4342,172,302,s,88,96.0,False,2002.0,2004.0
4343,337,1030,s,88,98.0,False,2002.0,2004.5
4344,776,985,s,88,89.0,False,2002.0,2002.25
4345,819,259,s,88,91.0,False,2002.0,2002.75
4346,847,90,s,88,89.0,False,2002.0,2002.25
4347,849,406,s,88,99.0,False,2002.0,2004.75
4348,855,1402,s,88,93.0,False,2002.0,2003.25
4349,867,59,s,88,96.0,False,2002.0,2004.0
4350,867,1020,s,88,89.0,False,2002.0,2002.25
4351,893,1510,s,88,89.0,False,2002.0,2002.25
4352,944,340,s,88,96.0,False,2002.0,2004.0
4353,1099,340,s,88,88.0,False,2002.0,2002.0
4354,1155,942,s,88,112.0,False,2002.0,2008.0
4355,1157,1014,s,88,95.0,False,2002.0,2003.75
4356,1189,313,s,88,89.0,False,2002.0,2002.25
4357,561,689,s,88,89.0,False,2002.0,2002.25
4358,630,406,s,88,98.0,False,2002.0,2004.5
4359,855,369,s,88,95.0,False,2002.0,2003.75
4360,1155,787,s,88,89.0,False,2002.0,2002.25
4361,944,793,l,88,146.0,True,2002.0,2016.5
4362,1403,1510,l,88,98.0,True,2002.0,2004.5
4363,96,679,s,89,91.0,False,2002.25,2002.75
4364,422,605,s,89,91.0,False,2002.25,2002.75
4365,422,689,s,89,89.0,False,2002.25,2002.25
4366,776,406,s,89,94.0,False,2002.25,2003.5
4367,819,1032,s,89,89.0,False,2002.25,2002.25
4368,849,1030,s,89,98.0,False,2002.25,2004.5
4369,913,793,s,89,93.0,False,2002.25,2003.25
4370,916,224,s,89,107.0,False,2002.25,2006.75
4371,940,406,s,89,89.0,False,2002.25,2002.25
4372,944,956,s,89,89.0,False,2002.25,2002.25
4373,1184,942,s,89,90.0,False,2002.25,2002.5
4374,1260,480,s,89,94.0,False,2002.25,2003.5
4375,1260,689,s,89,94.0,False,2002.25,2003.5
4376,1260,942,s,89,100.0,False,2002.25,2005.0
4377,1260,1203,s,89,96.0,False,2002.25,2004.0
4378,1530,985,s,89,90.0,False,2002.25,2002.5
4379,161,302,s,89,92.0,False,2002.25,2003.0
4380,161,340,s,89,90.0,False,2002.25,2002.5
4381,172,1020,s,89,93.0,False,2002.25,2003.25
4382,492,537,s,89,100.0,False,2002.25,2005.0
4383,526,1546,s,89,97.0,False,2002.25,2004.25
4384,630,268,s,89,92.0,False,2002.25,2003.0
4385,776,689,s,89,100.0,False,2002.25,2005.0
4386,848,775,s,89,89.0,False,2002.25,2002.25
4387,916,259,s,89,95.0,False,2002.25,2003.75
4388,1157,192,s,89,91.0,False,2002.25,2002.75
4389,1222,942,s,89,93.0,False,2002.25,2003.25
4390,1260,192,s,89,91.0,False,2002.25,2002.75
4391,1283,302,s,89,90.0,False,2002.25,2002.5
4392,1283,1546,s,89,90.0,False,2002.25,2002.5
4393,630,942,s,89,93.0,False,2002.25,2003.25
4394,776,793,s,89,101.0,False,2002.25,2005.25
4395,819,302,s,89,90.0,False,2002.25,2002.5
4396,916,679,s,89,93.0,False,2002.25,2003.25
4397,916,762,s,89,91.0,False,2002.25,2002.75
4398,944,1030,s,89,94.0,False,2002.25,2003.5
4399,1099,1030,s,89,101.0,False,2002.25,2005.25
4400,1155,259,s,89,93.0,False,2002.25,2003.25
4401,1222,689,s,89,107.0,False,2002.25,2006.75
4402,1260,268,s,89,102.0,False,2002.25,2005.5
4403,521,1028,l,89,121.0,True,2002.25,2010.25
4404,847,340,l,89,137.0,True,2002.25,2014.25
4405,383,1030,l,89,160.0,True,2002.25,2020.0
4406,1099,1028,l,89,169.0,True,2002.25,2022.25
4407,30,800,s,90,99.0,False,2002.5,2004.75
4408,776,224,s,90,103.0,False,2002.5,2005.75
4409,819,985,s,90,90.0,False,2002.5,2002.5
4410,847,790,s,90,93.0,False,2002.5,2003.25
4411,848,942,s,90,93.0,False,2002.5,2003.25
4412,848,1020,s,90,96.0,False,2002.5,2004.0
4413,940,942,s,90,92.0,False,2002.5,2003.0
4414,944,259,s,90,94.0,False,2002.5,2003.5
4415,966,762,s,90,92.0,False,2002.5,2003.0
4416,1155,1028,s,90,98.0,False,2002.5,2004.5
4417,1157,268,s,90,90.0,False,2002.5,2002.5
4418,1157,1187,s,90,100.0,False,2002.5,2005.0
4419,1198,1331,s,90,91.0,False,2002.5,2002.75
4420,1222,360,s,90,96.0,False,2002.5,2004.0
4421,1222,682,s,90,94.0,False,2002.5,2003.5
4422,96,720,s,90,92.0,False,2002.5,2003.0
4423,274,302,s,90,91.0,False,2002.5,2002.75
4424,317,325,s,90,98.0,False,2002.5,2004.5
4425,422,90,s,90,94.0,False,2002.5,2003.5
4426,526,921,s,90,96.0,False,2002.5,2004.0
4427,1099,720,s,90,90.0,False,2002.5,2002.5
4428,1157,1028,s,90,100.0,False,2002.5,2005.0
4429,42,1402,s,90,91.0,False,2002.5,2002.75
4430,422,762,s,90,100.0,False,2002.5,2005.0
4431,754,689,s,90,100.0,False,2002.5,2005.0
4432,776,340,s,90,93.0,False,2002.5,2003.25
4433,849,110,s,90,94.0,False,2002.5,2003.5
4434,916,59,s,90,91.0,False,2002.5,2002.75
4435,944,336,s,90,102.0,False,2002.5,2005.5
4436,1198,942,s,90,91.0,False,2002.5,2002.75
4437,1260,224,s,90,92.0,False,2002.5,2003.0
4438,351,793,l,90,110.0,True,2002.5,2007.5
4439,652,406,l,90,105.0,True,2002.5,2006.25
4440,913,689,l,90,133.0,True,2002.5,2013.25
4441,1198,268,l,90,112.0,True,2002.5,2008.0
4442,39,543,s,91,93.0,False,2002.75,2003.25
4443,521,1030,s,91,93.0,False,2002.75,2003.25
4444,848,302,s,91,101.0,False,2002.75,2005.25
4445,848,340,s,91,91.0,False,2002.75,2002.75
4446,916,192,s,91,99.0,False,2002.75,2004.75
4447,1157,243,s,91,95.0,False,2002.75,2003.75
4448,1189,942,s,91,98.0,False,2002.75,2004.5
4449,1198,1321,s,91,94.0,False,2002.75,2003.5
4450,1260,1331,s,91,98.0,False,2002.75,2004.5
4451,1260,1361,s,91,92.0,False,2002.75,2003.0
4452,96,1028,s,91,91.0,False,2002.75,2002.75
4453,274,942,s,91,93.0,False,2002.75,2003.25
4454,317,689,s,91,92.0,False,2002.75,2003.0
4455,422,406,s,91,93.0,False,2002.75,2003.25
4456,422,1048,s,91,93.0,False,2002.75,2003.25
4457,916,1032,s,91,91.0,False,2002.75,2002.75
4458,936,192,s,91,98.0,False,2002.75,2004.5
4459,940,689,s,91,94.0,False,2002.75,2003.5
4460,944,1546,s,91,128.0,False,2002.75,2012.0
4461,1099,340,s,91,92.0,False,2002.75,2003.0
4462,1157,224,s,91,96.0,False,2002.75,2004.0
4463,1157,1209,s,91,92.0,False,2002.75,2003.0
4464,1184,689,s,91,97.0,False,2002.75,2004.25
4465,1283,406,s,91,91.0,False,2002.75,2002.75
4466,30,259,s,91,94.0,False,2002.75,2003.5
4467,30,942,s,91,93.0,False,2002.75,2003.25
4468,96,1053,s,91,93.0,False,2002.75,2003.25
4469,172,689,s,91,92.0,False,2002.75,2003.0
4470,337,689,s,91,92.0,False,2002.75,2003.0
4471,351,1028,s,91,104.0,False,2002.75,2006.0
4472,526,325,s,91,92.0,False,2002.75,2003.0
4473,819,762,s,91,95.0,False,2002.75,2003.75
4474,916,614,s,91,96.0,False,2002.75,2004.0
4475,918,1459,s,91,92.0,False,2002.75,2003.0
4476,936,942,s,91,96.0,False,2002.75,2004.0
4477,1155,1264,s,91,93.0,False,2002.75,2003.25
4478,1530,1546,s,91,97.0,False,2002.75,2004.25
4479,39,1510,l,91,115.0,True,2002.75,2008.75
4480,383,679,l,91,112.0,True,2002.75,2008.0
4481,1260,1209,l,91,94.0,True,2002.75,2003.5
4482,1403,1402,l,91,100.0,True,2002.75,2005.0
4483,96,689,l,91,109.0,True,2002.75,2007.25
4484,161,406,l,91,119.0,True,2002.75,2009.75
4485,847,1030,l,91,101.0,True,2002.75,2005.25
4486,819,340,l,91,124.0,True,2002.75,2011.0
4487,42,1546,s,92,102.0,False,2003.0,2005.5
4488,330,942,s,92,92.0,False,2003.0,2003.0
4489,422,1028,s,92,100.0,False,2003.0,2005.0
4490,776,679,s,92,94.0,False,2003.0,2003.5
4491,819,1032,s,92,93.0,False,2003.0,2003.25
4492,1105,956,s,92,93.0,False,2003.0,2003.25
4493,1189,1188,s,92,95.0,False,2003.0,2003.75
4494,1198,1209,s,92,101.0,False,2003.0,2005.25
4495,1260,1188,s,92,107.0,False,2003.0,2006.75
4496,34,192,s,92,94.0,False,2003.0,2003.5
4497,96,679,s,92,111.0,False,2003.0,2007.75
4498,383,1032,s,92,93.0,False,2003.0,2003.25
4499,422,1030,s,92,96.0,False,2003.0,2004.0
4500,705,192,s,92,93.0,False,2003.0,2003.25
4501,819,1053,s,92,94.0,False,2003.0,2003.5
4502,848,1030,s,92,92.0,False,2003.0,2003.0
4503,849,1028,s,92,94.0,False,2003.0,2003.5
4504,936,1020,s,92,95.0,False,2003.0,2003.75
4505,936,1203,s,92,97.0,False,2003.0,2004.25
4506,944,704,s,92,102.0,False,2003.0,2005.5
4507,966,340,s,92,94.0,False,2003.0,2003.5
4508,1088,1028,s,92,103.0,False,2003.0,2005.75
4509,1155,1188,s,92,110.0,False,2003.0,2007.5
4510,1157,1188,s,92,95.0,False,2003.0,2003.75
4511,1157,1203,s,92,96.0,False,2003.0,2004.0
4512,1189,224,s,92,98.0,False,2003.0,2004.5
4513,1263,942,s,92,99.0,False,2003.0,2004.75
4514,161,1020,s,92,107.0,False,2003.0,2006.75
4515,317,302,s,92,99.0,False,2003.0,2004.75
4516,754,1014,s,92,99.0,False,2003.0,2004.75
4517,754,1028,s,92,93.0,False,2003.0,2003.25
4518,819,1028,s,92,94.0,False,2003.0,2003.5
4519,916,59,s,92,98.0,False,2003.0,2004.5
4520,916,1188,s,92,97.0,False,2003.0,2004.25
4521,1105,1546,s,92,98.0,False,2003.0,2004.5
4522,1222,1188,s,92,96.0,False,2003.0,2004.0
4523,1239,1188,s,92,94.0,False,2003.0,2003.5
4524,1263,313,s,92,106.0,False,2003.0,2006.5
4525,1283,406,s,92,94.0,False,2003.0,2003.5
4526,351,1188,l,92,163.0,True,2003.0,2020.75
4527,497,340,l,92,112.0,True,2003.0,2008.0
4528,966,1546,l,92,94.0,True,2003.0,2003.5
4529,42,720,l,92,116.0,True,2003.0,2009.0
4530,848,1035,l,92,124.0,True,2003.0,2011.0
4531,39,1546,s,93,96.0,False,2003.25,2004.0
4532,172,1209,s,93,93.0,False,2003.25,2003.25
4533,479,1028,s,93,107.0,False,2003.25,2006.75
4534,819,302,s,93,94.0,False,2003.25,2003.5
4535,847,942,s,93,94.0,False,2003.25,2003.5
4536,936,259,s,93,98.0,False,2003.25,2004.5
4537,944,59,s,93,96.0,False,2003.25,2004.0
4538,966,985,s,93,99.0,False,2003.25,2004.75
4539,1157,793,s,93,98.0,False,2003.25,2004.5
4540,1239,942,s,93,94.0,False,2003.25,2003.5
4541,1263,1188,s,93,98.0,False,2003.25,2004.5
4542,1515,302,s,93,98.0,False,2003.25,2004.5
4543,42,790,s,93,98.0,False,2003.25,2004.5
4544,383,1546,s,93,94.0,False,2003.25,2003.5
4545,422,1032,s,93,100.0,False,2003.25,2005.0
4546,791,268,s,93,94.0,False,2003.25,2003.5
4547,791,1028,s,93,95.0,False,2003.25,2003.75
4548,847,1032,s,93,95.0,False,2003.25,2003.75
4549,848,259,s,93,96.0,False,2003.25,2004.0
4550,893,762,s,93,100.0,False,2003.25,2005.0
4551,893,956,s,93,97.0,False,2003.25,2004.25
4552,916,689,s,93,95.0,False,2003.25,2003.75
4553,1099,1035,s,93,96.0,False,2003.25,2004.0
4554,1157,192,s,93,97.0,False,2003.25,2004.25
4555,1157,268,s,93,102.0,False,2003.25,2005.5
4556,1157,1240,s,93,109.0,False,2003.25,2007.25
4557,1189,1209,s,93,95.0,False,2003.25,2003.75
4558,1260,1297,s,93,102.0,False,2003.25,2005.5
4559,1263,1297,s,93,94.0,False,2003.25,2003.5
4560,1283,302,s,93,94.0,False,2003.25,2003.5
4561,1345,406,s,93,103.0,False,2003.25,2005.75
4562,30,689,s,93,95.0,False,2003.25,2003.75
4563,39,1402,s,93,100.0,False,2003.25,2005.0
4564,42,1459,s,93,96.0,False,2003.25,2004.0
4565,96,302,s,93,97.0,False,2003.25,2004.25
4566,172,689,s,93,94.0,False,2003.25,2003.5
4567,172,1028,s,93,97.0,False,2003.25,2004.25
4568,337,1028,s,93,94.0,False,2003.25,2003.5
4569,526,302,s,93,97.0,False,2003.25,2004.25
4570,630,224,s,93,101.0,False,2003.25,2005.25
4571,944,775,s,93,100.0,False,2003.25,2005.0
4572,966,406,s,93,94.0,False,2003.25,2003.5
4573,1155,224,s,93,95.0,False,2003.25,2003.75
4574,1155,1209,s,93,97.0,False,2003.25,2004.25
4575,1189,614,s,93,109.0,False,2003.25,2007.25
4576,1206,480,s,93,94.0,False,2003.25,2003.5
4577,1263,268,s,93,98.0,False,2003.25,2004.5
4578,1263,1203,s,93,102.0,False,2003.25,2005.5
4579,1283,985,s,93,95.0,False,2003.25,2003.75
4580,1403,720,s,93,97.0,False,2003.25,2004.25
4581,422,1020,l,93,132.0,True,2003.25,2013.0
4582,526,985,l,93,114.0,True,2003.25,2008.5
4583,1244,1508,l,93,115.0,True,2003.25,2008.75
4584,30,1188,s,94,105.0,False,2003.5,2006.25
4585,39,720,s,94,94.0,False,2003.5,2003.5
4586,96,1546,s,94,97.0,False,2003.5,2004.25
4587,172,775,s,94,99.0,False,2003.5,2004.75
4588,383,790,s,94,95.0,False,2003.5,2003.75
4589,893,1044,s,94,94.0,False,2003.5,2003.5
4590,913,224,s,94,98.0,False,2003.5,2004.5
4591,916,653,s,94,98.0,False,2003.5,2004.5
4592,936,907,s,94,98.0,False,2003.5,2004.5
4593,940,1188,s,94,95.0,False,2003.5,2003.75
4594,1098,438,s,94,94.0,False,2003.5,2003.5
4595,1099,793,s,94,102.0,False,2003.5,2005.5
4596,1155,1264,s,94,106.0,False,2003.5,2006.5
4597,1157,1508,s,94,96.0,False,2003.5,2004.0
4598,1198,1203,s,94,95.0,False,2003.5,2003.75
4599,1248,942,s,94,97.0,False,2003.5,2004.25
4600,1248,1188,s,94,99.0,False,2003.5,2004.75
4601,1260,1281,s,94,101.0,False,2003.5,2005.25
4602,1263,480,s,94,97.0,False,2003.5,2004.25
4603,96,762,s,94,96.0,False,2003.5,2004.0
4604,172,1211,s,94,98.0,False,2003.5,2004.5
4605,351,480,s,94,94.0,False,2003.5,2003.5
4606,351,942,s,94,96.0,False,2003.5,2004.0
4607,849,956,s,94,98.0,False,2003.5,2004.5
4608,944,192,s,94,99.0,False,2003.5,2004.75
4609,966,762,s,94,99.0,False,2003.5,2004.75
4610,1155,417,s,94,95.0,False,2003.5,2003.75
4611,1198,1188,s,94,96.0,False,2003.5,2004.0
4612,1244,1281,s,94,95.0,False,2003.5,2003.75
4613,1260,1321,s,94,112.0,False,2003.5,2008.0
4614,1260,1508,s,94,95.0,False,2003.5,2003.75
4615,1263,1281,s,94,108.0,False,2003.5,2007.0
4616,1283,1546,s,94,96.0,False,2003.5,2004.0
4617,30,942,s,94,109.0,False,2003.5,2007.25
4618,172,1203,s,94,104.0,False,2003.5,2006.0
4619,526,167,s,94,102.0,False,2003.5,2005.5
4620,526,720,s,94,95.0,False,2003.5,2003.75
4621,848,90,s,94,95.0,False,2003.5,2003.75
4622,913,1020,s,94,103.0,False,2003.5,2005.75
4623,1099,59,s,94,102.0,False,2003.5,2005.5
4624,1099,340,s,94,102.0,False,2003.5,2005.5
4625,1155,360,s,94,98.0,False,2003.5,2004.5
4626,1155,689,s,94,96.0,False,2003.5,2004.0
4627,1222,1281,s,94,95.0,False,2003.5,2003.75
4628,1275,1281,s,94,100.0,False,2003.5,2005.0
4629,1198,942,l,94,101.0,True,2003.5,2005.25
4630,262,268,s,95,97.0,False,2003.75,2004.25
4631,317,1032,s,95,97.0,False,2003.75,2004.25
4632,351,710,s,95,117.0,False,2003.75,2009.25
4633,383,985,s,95,98.0,False,2003.75,2004.5
4634,394,942,s,95,97.0,False,2003.75,2004.25
4635,754,259,s,95,95.0,False,2003.75,2003.75
4636,849,679,s,95,101.0,False,2003.75,2005.25
4637,916,679,s,95,99.0,False,2003.75,2004.75
4638,944,224,s,95,119.0,False,2003.75,2009.75
4639,944,259,s,95,95.0,False,2003.75,2003.75
4640,1099,259,s,95,99.0,False,2003.75,2004.75
4641,1157,1209,s,95,105.0,False,2003.75,2006.25
4642,1157,1211,s,95,99.0,False,2003.75,2004.75
4643,1157,1281,s,95,100.0,False,2003.75,2005.0
4644,1222,1203,s,95,119.0,False,2003.75,2009.75
4645,1263,1264,s,95,102.0,False,2003.75,2005.5
4646,351,59,s,95,102.0,False,2003.75,2005.5
4647,351,268,s,95,97.0,False,2003.75,2004.25
4648,383,1028,s,95,102.0,False,2003.75,2005.5
4649,394,1028,s,95,102.0,False,2003.75,2005.5
4650,819,302,s,95,101.0,False,2003.75,2005.25
4651,819,985,s,95,104.0,False,2003.75,2006.0
4652,916,1203,s,95,96.0,False,2003.75,2004.0
4653,1099,110,s,95,97.0,False,2003.75,2004.25
4654,1206,614,s,95,102.0,False,2003.75,2005.5
4655,1260,480,s,95,98.0,False,2003.75,2004.5
4656,172,1032,s,95,100.0,False,2003.75,2005.0
4657,383,1546,s,95,100.0,False,2003.75,2005.0
4658,422,224,s,95,96.0,False,2003.75,2004.0
4659,936,689,s,95,103.0,False,2003.75,2005.75
4660,944,1030,s,95,98.0,False,2003.75,2004.5
4661,966,340,s,95,97.0,False,2003.75,2004.25
4662,1189,689,s,95,96.0,False,2003.75,2004.0
4663,1248,1014,s,95,102.0,False,2003.75,2005.5
4664,1260,192,s,95,98.0,False,2003.75,2004.5
4665,1260,653,s,95,96.0,False,2003.75,2004.0
4666,1260,1264,s,95,98.0,False,2003.75,2004.5
4667,1365,942,s,95,97.0,False,2003.75,2004.25
4668,1157,1188,l,95,130.0,True,2003.75,2012.5
4669,1260,793,l,95,216.0,True,2003.75,2034.0
4670,317,1546,l,95,100.0,True,2003.75,2005.0
4671,776,325,l,95,145.0,True,2003.75,2016.25
4672,776,1032,l,95,96.0,True,2003.75,2004.0
4673,944,406,l,95,99.0,True,2003.75,2004.75
4674,561,1020,l,95,168.0,True,2003.75,2022.0
4675,1189,268,l,95,168.0,True,2003.75,2022.0
4676,92,1028,s,96,101.0,False,2004.0,2005.25
4677,92,1188,s,96,101.0,False,2004.0,2005.25
4678,92,1203,s,96,96.0,False,2004.0,2004.0
4679,172,243,s,96,100.0,False,2004.0,2005.0
4680,561,942,s,96,97.0,False,2004.0,2004.25
4681,776,90,s,96,96.0,False,2004.0,2004.0
4682,791,1020,s,96,97.0,False,2004.0,2004.25
4683,832,438,s,96,98.0,False,2004.0,2004.5
4684,847,689,s,96,99.0,False,2004.0,2004.75
4685,916,259,s,96,99.0,False,2004.0,2004.75
4686,936,1188,s,96,97.0,False,2004.0,2004.25
4687,940,1209,s,96,99.0,False,2004.0,2004.75
4688,966,1030,s,96,99.0,False,2004.0,2004.75
4689,1099,942,s,96,111.0,False,2004.0,2007.75
4690,1099,1032,s,96,106.0,False,2004.0,2006.5
4691,1222,480,s,96,112.0,False,2004.0,2008.0
4692,1222,1297,s,96,96.0,False,2004.0,2004.0
4693,1248,1240,s,96,100.0,False,2004.0,2005.0
4694,1260,649,s,96,111.0,False,2004.0,2007.75
4695,1260,1209,s,96,97.0,False,2004.0,2004.25
4696,1345,302,s,96,98.0,False,2004.0,2004.5
4697,304,942,s,96,99.0,False,2004.0,2004.75
4698,526,259,s,96,98.0,False,2004.0,2004.5
4699,754,1203,s,96,103.0,False,2004.0,2005.75
4700,819,1546,s,96,97.0,False,2004.0,2004.25
4701,916,1030,s,96,102.0,False,2004.0,2005.5
4702,916,1032,s,96,101.0,False,2004.0,2005.25
4703,966,406,s,96,97.0,False,2004.0,2004.25
4704,1099,1546,s,96,105.0,False,2004.0,2006.25
4705,1157,800,s,96,105.0,False,2004.0,2006.25
4706,1222,942,s,96,96.0,False,2004.0,2004.0
4707,1260,689,s,96,98.0,False,2004.0,2004.5
4708,1263,689,s,96,104.0,False,2004.0,2006.0
4709,1263,1187,s,96,99.0,False,2004.0,2004.75
4710,1283,302,s,96,97.0,False,2004.0,2004.25
4711,161,1546,s,96,98.0,False,2004.0,2004.5
4712,317,340,s,96,99.0,False,2004.0,2004.75
4713,337,942,s,96,100.0,False,2004.0,2005.0
4714,422,679,s,96,97.0,False,2004.0,2004.25
4715,497,59,s,96,101.0,False,2004.0,2005.25
4716,754,224,s,96,99.0,False,2004.0,2004.75
4717,776,1030,s,96,101.0,False,2004.0,2005.25
4718,776,1546,s,96,99.0,False,2004.0,2004.75
4719,847,59,s,96,98.0,False,2004.0,2004.5
4720,893,1048,s,96,97.0,False,2004.0,2004.25
4721,966,1032,s,96,100.0,False,2004.0,2005.0
4722,1088,985,s,96,109.0,False,2004.0,2007.25
4723,1099,90,s,96,98.0,False,2004.0,2004.5
4724,1099,438,s,96,100.0,False,2004.0,2005.0
4725,1222,793,s,96,117.0,False,2004.0,2009.25
4726,1232,942,s,96,131.0,False,2004.0,2012.75
4727,1260,1187,s,96,107.0,False,2004.0,2006.75
4728,1530,406,s,96,97.0,False,2004.0,2004.25
4729,1260,224,l,96,196.0,True,2004.0,2029.0
4730,422,1044,l,96,99.0,True,2004.0,2004.75
4731,944,790,l,96,111.0,True,2004.0,2007.75
4732,916,325,l,96,195.0,True,2004.0,2028.75
4733,1105,1053,l,96,180.0,True,2004.0,2025.0
4734,1365,480,l,96,116.0,True,2004.0,2009.0
4735,172,689,s,97,98.0,False,2004.25,2004.5
4736,317,110,s,97,104.0,False,2004.25,2006.0
4737,337,480,s,97,99.0,False,2004.25,2004.75
4738,561,192,s,97,97.0,False,2004.25,2004.25
4739,561,1209,s,97,98.0,False,2004.25,2004.5
4740,732,259,s,97,98.0,False,2004.25,2004.5
4741,754,1028,s,97,99.0,False,2004.25,2004.75
4742,776,340,s,97,103.0,False,2004.25,2005.75
4743,848,942,s,97,99.0,False,2004.25,2004.75
4744,944,340,s,97,105.0,False,2004.25,2006.25
4745,1155,689,s,97,106.0,False,2004.25,2006.5
4746,1157,243,s,97,99.0,False,2004.25,2004.75
4747,1157,1203,s,97,98.0,False,2004.25,2004.5
4748,1176,720,s,97,100.0,False,2004.25,2005.0
4749,1260,1203,s,97,104.0,False,2004.25,2006.0
4750,1263,1209,s,97,98.0,False,2004.25,2004.5
4751,1283,1546,s,97,98.0,False,2004.25,2004.5
4752,1317,942,s,97,106.0,False,2004.25,2006.5
4753,30,689,s,97,99.0,False,2004.25,2004.75
4754,172,268,s,97,98.0,False,2004.25,2004.5
4755,317,224,s,97,100.0,False,2004.25,2005.0
4756,351,572,s,97,99.0,False,2004.25,2004.75
4757,383,90,s,97,100.0,False,2004.25,2005.0
4758,497,1032,s,97,104.0,False,2004.25,2006.0
4759,849,340,s,97,97.0,False,2004.25,2004.25
4760,916,1028,s,97,130.0,False,2004.25,2012.5
4761,936,762,s,97,99.0,False,2004.25,2004.75
4762,944,391,s,97,98.0,False,2004.25,2004.5
4763,1099,302,s,97,130.0,False,2004.25,2012.5
4764,1112,21,s,97,98.0,False,2004.25,2004.5
4765,1157,942,s,97,108.0,False,2004.25,2007.0
4766,1157,1273,s,97,108.0,False,2004.25,2007.0
4767,1184,1014,s,97,99.0,False,2004.25,2004.75
4768,1222,268,s,97,99.0,False,2004.25,2004.75
4769,1248,1238,s,97,102.0,False,2004.25,2005.5
4770,1260,1014,s,97,101.0,False,2004.25,2005.25
4771,1260,1238,s,97,111.0,False,2004.25,2007.75
4772,1283,762,s,97,97.0,False,2004.25,2004.25
4773,1317,1188,s,97,98.0,False,2004.25,2004.5
4774,1317,1297,s,97,99.0,False,2004.25,2004.75
4775,92,689,s,97,101.0,False,2004.25,2005.25
4776,274,942,s,97,103.0,False,2004.25,2005.75
4777,274,1028,s,97,110.0,False,2004.25,2007.5
4778,317,1020,s,97,106.0,False,2004.25,2006.5
4779,630,942,s,97,98.0,False,2004.25,2004.5
4780,916,689,s,97,102.0,False,2004.25,2005.5
4781,944,907,s,97,109.0,False,2004.25,2007.25
4782,1099,985,s,97,100.0,False,2004.25,2005.0
4783,1155,1238,s,97,104.0,False,2004.25,2006.0
4784,1157,1238,s,97,106.0,False,2004.25,2006.5
4785,1222,224,s,97,100.0,False,2004.25,2005.0
4786,1222,682,s,97,99.0,False,2004.25,2004.75
4787,1317,268,s,97,100.0,False,2004.25,2005.0
4788,1317,480,s,97,112.0,False,2004.25,2008.0
4789,1222,1188,l,97,,True,2004.25,
4790,96,110,l,97,104.0,True,2004.25,2006.0
4791,30,1030,s,98,100.0,False,2004.5,2005.0
4792,317,956,s,98,110.0,False,2004.5,2007.5
4793,819,406,s,98,101.0,False,2004.5,2005.25
4794,916,750,s,98,98.0,False,2004.5,2004.5
4795,936,942,s,98,98.0,False,2004.5,2004.5
4796,940,793,s,98,102.0,False,2004.5,2005.5
4797,944,59,s,98,98.0,False,2004.5,2004.5
4798,966,340,s,98,99.0,False,2004.5,2004.75
4799,966,406,s,98,115.0,False,2004.5,2008.75
4800,966,1546,s,98,102.0,False,2004.5,2005.5
4801,1157,1271,s,98,101.0,False,2004.5,2005.25
4802,1184,689,s,98,102.0,False,2004.5,2005.5
4803,1232,689,s,98,98.0,False,2004.5,2004.5
4804,1260,1361,s,98,98.0,False,2004.5,2004.5
4805,1263,1238,s,98,107.0,False,2004.5,2006.75
4806,1265,1188,s,98,102.0,False,2004.5,2005.5
4807,1317,689,s,98,99.0,False,2004.5,2004.75
4808,39,438,s,98,100.0,False,2004.5,2005.0
4809,39,720,s,98,106.0,False,2004.5,2006.5
4810,96,1546,s,98,101.0,False,2004.5,2005.25
4811,172,1209,s,98,107.0,False,2004.5,2006.75
4812,236,1028,s,98,103.0,False,2004.5,2005.75
4813,337,1028,s,98,106.0,False,2004.5,2006.5
4814,351,268,s,98,115.0,False,2004.5,2008.75
4815,776,302,s,98,100.0,False,2004.5,2005.0
4816,848,243,s,98,99.0,False,2004.5,2004.75
4817,966,720,s,98,101.0,False,2004.5,2005.25
4818,1283,340,s,98,101.0,False,2004.5,2005.25
4819,39,543,s,98,104.0,False,2004.5,2006.0
4820,422,340,s,98,108.0,False,2004.5,2007.0
4821,422,406,s,98,99.0,False,2004.5,2004.75
4822,526,340,s,98,100.0,False,2004.5,2005.0
4823,561,1203,s,98,99.0,False,2004.5,2004.75
4824,819,762,s,98,102.0,False,2004.5,2005.5
4825,916,1546,s,98,114.0,False,2004.5,2008.5
4826,936,268,s,98,101.0,False,2004.5,2005.25
4827,944,259,s,98,102.0,False,2004.5,2005.5
4828,1112,720,s,98,99.0,False,2004.5,2004.75
4829,1155,1508,s,98,105.0,False,2004.5,2006.25
4830,1222,653,s,98,100.0,False,2004.5,2005.0
4831,1260,1508,s,98,102.0,False,2004.5,2005.5
4832,1265,942,s,98,103.0,False,2004.5,2005.75
4833,351,942,l,98,,True,2004.5,
4834,1317,1188,l,98,106.0,True,2004.5,2006.5
4835,1317,1203,l,98,215.0,True,2004.5,2033.75
4836,1260,689,l,98,106.0,True,2004.5,2006.5
4837,1317,1238,l,98,,True,2004.5,
4838,1345,985,l,98,120.0,True,2004.5,2010.0
4839,351,1203,s,99,99.0,False,2004.75,2004.75
4840,351,1508,s,99,105.0,False,2004.75,2006.25
4841,776,985,s,99,101.0,False,2004.75,2005.25
4842,847,942,s,99,101.0,False,2004.75,2005.25
4843,913,1209,s,99,103.0,False,2004.75,2005.75
4844,916,956,s,99,116.0,False,2004.75,2009.0
4845,944,302,s,99,110.0,False,2004.75,2007.5
4846,944,480,s,99,105.0,False,2004.75,2006.25
4847,944,689,s,99,111.0,False,2004.75,2007.75
4848,966,1028,s,99,100.0,False,2004.75,2005.0
4849,1106,1045,s,99,101.0,False,2004.75,2005.25
4850,1155,268,s,99,105.0,False,2004.75,2006.25
4851,1198,793,s,99,103.0,False,2004.75,2005.75
4852,1317,740,s,99,101.0,False,2004.75,2005.25
4853,1317,800,s,99,128.0,False,2004.75,2012.0
4854,92,1030,s,99,107.0,False,2004.75,2006.75
4855,161,762,s,99,102.0,False,2004.75,2005.5
4856,848,224,s,99,101.0,False,2004.75,2005.25
4857,936,192,s,99,104.0,False,2004.75,2006.0
4858,944,59,s,99,108.0,False,2004.75,2007.0
4859,944,406,s,99,116.0,False,2004.75,2009.0
4860,1099,907,s,99,99.0,False,2004.75,2004.75
4861,1112,21,s,99,100.0,False,2004.75,2005.0
4862,1157,1203,s,99,106.0,False,2004.75,2006.5
4863,1189,942,s,99,103.0,False,2004.75,2005.75
4864,1222,399,s,99,100.0,False,2004.75,2005.0
4865,1317,1211,s,99,108.0,False,2004.75,2007.0
4866,92,775,s,99,102.0,False,2004.75,2005.5
4867,351,480,s,99,104.0,False,2004.75,2006.0
4868,526,302,s,99,100.0,False,2004.75,2005.0
4869,630,942,s,99,100.0,False,2004.75,2005.0
4870,849,1546,s,99,102.0,False,2004.75,2005.5
4871,893,1035,s,99,100.0,False,2004.75,2005.0
4872,966,438,s,99,100.0,False,2004.75,2005.0
4873,1155,1209,s,99,103.0,False,2004.75,2005.75
4874,1198,689,s,99,101.0,False,2004.75,2005.25
4875,1222,1297,s,99,103.0,False,2004.75,2005.75
4876,1248,1297,s,99,102.0,False,2004.75,2005.5
4877,1260,480,s,99,102.0,False,2004.75,2005.5
4878,1260,1271,s,99,102.0,False,2004.75,2005.5
4879,1263,1188,s,99,115.0,False,2004.75,2008.75
4880,847,406,l,99,153.0,True,2004.75,2018.25
4881,848,340,l,99,127.0,True,2004.75,2011.75
4882,893,1546,l,99,100.0,True,2004.75,2005.0
4883,916,59,l,99,121.0,True,2004.75,2010.25
4884,936,1321,l,99,120.0,True,2004.75,2010.0
4885,848,942,l,99,164.0,True,2004.75,2021.0
4886,172,1020,s,100,104.0,False,2005.0,2006.0
4887,337,302,s,100,102.0,False,2005.0,2005.5
4888,497,679,s,100,106.0,False,2005.0,2006.5
4889,739,480,s,100,101.0,False,2005.0,2005.25
4890,819,224,s,100,100.0,False,2005.0,2005.0
4891,916,192,s,100,107.0,False,2005.0,2006.75
4892,916,679,s,100,102.0,False,2005.0,2005.5
4893,966,110,s,100,106.0,False,2005.0,2006.5
4894,1157,1211,s,100,106.0,False,2005.0,2006.5
4895,1222,1238,s,100,100.0,False,2005.0,2005.0
4896,1248,224,s,100,104.0,False,2005.0,2006.0
4897,1248,942,s,100,103.0,False,2005.0,2005.75
4898,1265,1508,s,100,102.0,False,2005.0,2005.5
4899,1291,1203,s,100,104.0,False,2005.0,2006.0
4900,1291,1238,s,100,101.0,False,2005.0,2005.25
4901,1291,1508,s,100,100.0,False,2005.0,2005.0
4902,42,252,s,100,102.0,False,2005.0,2005.5
4903,92,1209,s,100,105.0,False,2005.0,2006.25
4904,172,302,s,100,105.0,False,2005.0,2006.25
4905,479,302,s,100,113.0,False,2005.0,2008.25
4906,561,1188,s,100,103.0,False,2005.0,2005.75
4907,776,406,s,100,100.0,False,2005.0,2005.0
4908,909,942,s,100,103.0,False,2005.0,2005.75
4909,916,90,s,100,109.0,False,2005.0,2007.25
4910,1157,1297,s,100,101.0,False,2005.0,2005.25
4911,1198,1188,s,100,111.0,False,2005.0,2007.75
4912,1222,800,s,100,107.0,False,2005.0,2006.75
4913,1222,942,s,100,109.0,False,2005.0,2007.25
4914,1248,1203,s,100,113.0,False,2005.0,2008.25
4915,1260,313,s,100,106.0,False,2005.0,2006.5
4916,1260,1209,s,100,108.0,False,2005.0,2007.0
4917,1291,1331,s,100,102.0,False,2005.0,2005.5
4918,1317,689,s,100,104.0,False,2005.0,2006.0
4919,30,192,s,100,104.0,False,2005.0,2006.0
4920,30,1209,s,100,105.0,False,2005.0,2006.25
4921,92,1238,s,100,104.0,False,2005.0,2006.0
4922,96,1048,s,100,112.0,False,2005.0,2008.0
4923,172,689,s,100,114.0,False,2005.0,2008.5
4924,172,1028,s,100,102.0,False,2005.0,2005.5
4925,351,1209,s,100,110.0,False,2005.0,2007.5
4926,394,1203,s,100,105.0,False,2005.0,2006.25
4927,561,689,s,100,101.0,False,2005.0,2005.25
4928,630,1203,s,100,102.0,False,2005.0,2005.5
4929,848,793,s,100,104.0,False,2005.0,2006.0
4930,848,1030,s,100,115.0,False,2005.0,2008.75
4931,944,956,s,100,103.0,False,2005.0,2005.75
4932,1099,956,s,100,102.0,False,2005.0,2005.5
4933,1155,1211,s,100,106.0,False,2005.0,2006.5
4934,1157,1508,s,100,102.0,False,2005.0,2005.5
4935,1222,443,s,100,107.0,False,2005.0,2006.75
4936,1248,1188,s,100,104.0,False,2005.0,2006.0
4937,1248,1321,s,100,110.0,False,2005.0,2007.5
4938,1260,443,s,100,102.0,False,2005.0,2005.5
4939,1260,524,s,100,106.0,False,2005.0,2006.5
4940,1263,1209,s,100,101.0,False,2005.0,2005.25
4941,1291,268,s,100,102.0,False,2005.0,2005.5
4942,1291,689,s,100,101.0,False,2005.0,2005.25
4943,1291,1271,s,100,101.0,False,2005.0,2005.25
4944,1317,1240,s,100,101.0,False,2005.0,2005.25
4945,1530,302,s,100,108.0,False,2005.0,2007.0
4946,940,302,l,100,123.0,True,2005.0,2010.75
4947,944,192,l,100,157.0,True,2005.0,2019.25
4948,966,1032,l,100,106.0,True,2005.0,2006.5
4949,1260,1361,l,100,216.0,True,2005.0,2034.0
4950,848,775,l,100,147.0,True,2005.0,2016.75
4951,913,1188,l,100,103.0,True,2005.0,2005.75
4952,916,268,l,100,104.0,True,2005.0,2006.0
4953,1198,1238,l,100,126.0,True,2005.0,2011.5
4954,1275,1281,l,100,106.0,True,2005.0,2006.5
4955,30,360,s,101,102.0,False,2005.25,2005.5
4956,337,942,s,101,105.0,False,2005.25,2006.25
4957,521,224,s,101,105.0,False,2005.25,2006.25
4958,791,689,s,101,102.0,False,2005.25,2005.5
4959,916,259,s,101,103.0,False,2005.25,2005.75
4960,936,942,s,101,101.0,False,2005.25,2005.25
4961,1157,1187,s,101,107.0,False,2005.25,2006.75
4962,1184,1014,s,101,101.0,False,2005.25,2005.25
4963,1184,1238,s,101,105.0,False,2005.25,2006.25
4964,1189,1028,s,101,102.0,False,2005.25,2005.5
4965,1198,1203,s,101,110.0,False,2005.25,2007.5
4966,1244,942,s,101,104.0,False,2005.25,2006.0
4967,1260,942,s,101,102.0,False,2005.25,2005.5
4968,1263,268,s,101,102.0,False,2005.25,2005.5
4969,1263,942,s,101,101.0,False,2005.25,2005.25
4970,1265,1281,s,101,104.0,False,2005.25,2006.0
4971,1530,1546,s,101,105.0,False,2005.25,2006.25
4972,39,1546,s,101,115.0,False,2005.25,2008.75
4973,351,360,s,101,105.0,False,2005.25,2006.25
4974,848,259,s,101,104.0,False,2005.25,2006.0
4975,916,243,s,101,101.0,False,2005.25,2005.25
4976,916,360,s,101,110.0,False,2005.25,2007.5
4977,936,679,s,101,102.0,False,2005.25,2005.5
4978,936,1014,s,101,109.0,False,2005.25,2007.25
4979,940,192,s,101,103.0,False,2005.25,2005.75
4980,940,689,s,101,101.0,False,2005.25,2005.25
4981,1155,1020,s,101,104.0,False,2005.25,2006.0
4982,1157,1028,s,101,107.0,False,2005.25,2006.75
4983,1263,224,s,101,105.0,False,2005.25,2006.25
4984,1291,1188,s,101,112.0,False,2005.25,2008.0
4985,172,1240,s,101,105.0,False,2005.25,2006.25
4986,317,302,s,101,108.0,False,2005.25,2007.0
4987,337,259,s,101,105.0,False,2005.25,2006.25
4988,526,605,s,101,104.0,False,2005.25,2006.0
4989,561,1203,s,101,104.0,False,2005.25,2006.0
4990,819,1546,s,101,115.0,False,2005.25,2008.75
4991,916,985,s,101,102.0,False,2005.25,2005.5
4992,966,340,s,101,103.0,False,2005.25,2005.75
4993,1155,224,s,101,108.0,False,2005.25,2007.0
4994,1157,1014,s,101,109.0,False,2005.25,2007.25
4995,1222,1238,s,101,102.0,False,2005.25,2005.5
4996,1263,1187,s,101,103.0,False,2005.25,2005.75
4997,1263,1508,s,101,102.0,False,2005.25,2005.5
4998,848,360,l,101,175.0,True,2005.25,2023.75
4999,1222,192,l,101,154.0,True,2005.25,2018.5
5000,161,90,l,101,191.0,True,2005.25,2027.75
5001,848,761,l,101,116.0,True,2005.25,2009.0
5002,1088,340,l,101,128.0,True,2005.25,2012.0
5003,1260,1240,l,101,142.0,True,2005.25,2015.5
5004,1317,268,l,101,114.0,True,2005.25,2008.5
5005,96,956,s,102,111.0,False,2005.5,2007.75
5006,172,653,s,102,105.0,False,2005.5,2006.25
5007,317,1032,s,102,107.0,False,2005.5,2006.75
5008,526,1546,s,102,104.0,False,2005.5,2006.0
5009,561,942,s,102,106.0,False,2005.5,2006.5
5010,819,1030,s,102,108.0,False,2005.5,2007.0
5011,847,679,s,102,103.0,False,2005.5,2005.75
5012,848,302,s,102,109.0,False,2005.5,2007.25
5013,1239,942,s,102,104.0,False,2005.5,2006.0
5014,1260,1020,s,102,104.0,False,2005.5,2006.0
5015,1260,1211,s,102,108.0,False,2005.5,2007.0
5016,1260,1331,s,102,116.0,False,2005.5,2009.0
5017,1263,942,s,102,111.0,False,2005.5,2007.75
5018,1317,1281,s,102,102.0,False,2005.5,2005.5
5019,30,1238,s,102,116.0,False,2005.5,2009.0
5020,96,259,s,102,103.0,False,2005.5,2005.75
5021,172,1238,s,102,109.0,False,2005.5,2007.25
5022,330,942,s,102,106.0,False,2005.5,2006.5
5023,337,341,s,102,106.0,False,2005.5,2006.5
5024,422,775,s,102,103.0,False,2005.5,2005.75
5025,819,302,s,102,105.0,False,2005.5,2006.25
5026,1099,360,s,102,103.0,False,2005.5,2005.75
5027,1189,1271,s,102,103.0,False,2005.5,2005.75
5028,1222,1281,s,102,109.0,False,2005.5,2007.25
5029,1222,1321,s,102,106.0,False,2005.5,2006.5
5030,1283,1546,s,102,105.0,False,2005.5,2006.25
5031,1291,1238,s,102,104.0,False,2005.5,2006.0
5032,394,224,s,102,104.0,False,2005.5,2006.0
5033,394,1238,s,102,103.0,False,2005.5,2005.75
5034,422,1028,s,102,109.0,False,2005.5,2007.25
5035,776,1020,s,102,105.0,False,2005.5,2006.25
5036,849,775,s,102,104.0,False,2005.5,2006.0
5037,936,942,s,102,116.0,False,2005.5,2009.0
5038,936,985,s,102,107.0,False,2005.5,2006.75
5039,1222,1187,s,102,105.0,False,2005.5,2006.25
5040,1317,1014,s,102,105.0,False,2005.5,2006.25
5041,1317,1273,s,102,104.0,False,2005.5,2006.0
5042,936,1035,l,102,123.0,True,2005.5,2010.75
5043,944,985,l,102,132.0,True,2005.5,2013.0
5044,330,1238,l,102,194.0,True,2005.5,2028.5
5045,1263,1203,l,102,167.0,True,2005.5,2021.75
5046,172,708,s,103,109.0,False,2005.75,2007.25
5047,337,679,s,103,110.0,False,2005.75,2007.5
5048,337,1020,s,103,103.0,False,2005.75,2005.75
5049,394,1028,s,103,104.0,False,2005.75,2006.0
5050,525,1546,s,103,104.0,False,2005.75,2006.0
5051,819,59,s,103,103.0,False,2005.75,2005.75
5052,916,1030,s,103,105.0,False,2005.75,2006.25
5053,944,259,s,103,104.0,False,2005.75,2006.0
5054,966,302,s,103,103.0,False,2005.75,2005.75
5055,1099,985,s,103,115.0,False,2005.75,2008.75
5056,1157,224,s,103,105.0,False,2005.75,2006.25
5057,1222,1331,s,103,113.0,False,2005.75,2008.25
5058,1260,942,s,103,108.0,False,2005.75,2007.0
5059,1260,1281,s,103,104.0,False,2005.75,2006.0
5060,1263,360,s,103,104.0,False,2005.75,2006.0
5061,1291,1331,s,103,106.0,False,2005.75,2006.5
5062,1317,1297,s,103,105.0,False,2005.75,2006.25
5063,172,1321,s,103,104.0,False,2005.75,2006.0
5064,304,1028,s,103,105.0,False,2005.75,2006.25
5065,526,406,s,103,109.0,False,2005.75,2007.25
5066,526,720,s,103,114.0,False,2005.75,2008.5
5067,526,1032,s,103,103.0,False,2005.75,2005.75
5068,561,59,s,103,104.0,False,2005.75,2006.0
5069,561,302,s,103,110.0,False,2005.75,2007.5
5070,776,1032,s,103,107.0,False,2005.75,2006.75
5071,791,1028,s,103,104.0,False,2005.75,2006.0
5072,849,1546,s,103,114.0,False,2005.75,2008.5
5073,916,689,s,103,108.0,False,2005.75,2007.0
5074,940,259,s,103,104.0,False,2005.75,2006.0
5075,1157,1264,s,103,114.0,False,2005.75,2008.5
5076,1189,1188,s,103,105.0,False,2005.75,2006.25
5077,1222,1238,s,103,104.0,False,2005.75,2006.0
5078,1263,268,s,103,106.0,False,2005.75,2006.5
5079,30,1321,s,103,105.0,False,2005.75,2006.25
5080,157,1546,s,103,105.0,False,2005.75,2006.25
5081,819,259,s,103,104.0,False,2005.75,2006.0
5082,819,762,s,103,108.0,False,2005.75,2007.0
5083,848,679,s,103,110.0,False,2005.75,2007.5
5084,916,1032,s,103,108.0,False,2005.75,2007.0
5085,966,1546,s,103,112.0,False,2005.75,2008.0
5086,1099,956,s,103,108.0,False,2005.75,2007.0
5087,1155,1203,s,103,104.0,False,2005.75,2006.0
5088,1317,1020,s,103,104.0,False,2005.75,2006.0
5089,1317,1209,s,103,111.0,False,2005.75,2007.75
5090,1598,1459,s,103,109.0,False,2005.75,2007.25
5091,561,268,l,103,232.0,True,2005.75,2038.0
5092,705,1238,l,103,124.0,True,2005.75,2011.0
5093,1157,1508,l,103,169.0,True,2005.75,2022.25
5094,1180,1203,l,103,,True,2005.75,
5095,916,775,l,103,122.0,True,2005.75,2010.5
5096,944,1030,l,103,137.0,True,2005.75,2014.25
5097,1260,1014,l,103,,True,2005.75,
5098,317,1546,l,103,111.0,True,2005.75,2007.75
5099,1098,876,l,103,141.0,True,2005.75,2015.25
5100,96,340,s,104,107.0,False,2006.0,2006.75
5101,236,1030,s,104,104.0,False,2006.0,2006.0
5102,337,340,s,104,112.0,False,2006.0,2008.0
5103,754,800,s,104,106.0,False,2006.0,2006.5
5104,848,985,s,104,108.0,False,2006.0,2007.0
5105,936,679,s,104,112.0,False,2006.0,2008.0
5106,940,689,s,104,107.0,False,2006.0,2006.75
5107,1248,942,s,104,105.0,False,2006.0,2006.25
5108,1260,1271,s,104,110.0,False,2006.0,2007.5
5109,30,480,s,104,105.0,False,2006.0,2006.25
5110,92,59,s,104,112.0,False,2006.0,2008.0
5111,351,1203,s,104,105.0,False,2006.0,2006.25
5112,422,679,s,104,107.0,False,2006.0,2006.75
5113,526,340,s,104,105.0,False,2006.0,2006.25
5114,630,1203,s,104,106.0,False,2006.0,2006.5
5115,776,775,s,104,111.0,False,2006.0,2007.75
5116,849,406,s,104,107.0,False,2006.0,2006.75
5117,936,406,s,104,110.0,False,2006.0,2007.5
5118,936,1020,s,104,104.0,False,2006.0,2006.0
5119,940,1028,s,104,113.0,False,2006.0,2008.25
5120,1088,480,s,104,116.0,False,2006.0,2009.0
5121,1189,689,s,104,105.0,False,2006.0,2006.25
5122,1248,1238,s,104,105.0,False,2006.0,2006.25
5123,1260,653,s,104,105.0,False,2006.0,2006.25
5124,1260,933,s,104,110.0,False,2006.0,2007.5
5125,1260,1297,s,104,109.0,False,2006.0,2007.25
5126,1263,1319,s,104,105.0,False,2006.0,2006.25
5127,1317,1319,s,104,105.0,False,2006.0,2006.25
5128,30,689,s,104,116.0,False,2006.0,2009.0
5129,172,1028,s,104,105.0,False,2006.0,2006.25
5130,351,1238,s,104,118.0,False,2006.0,2009.5
5131,422,302,s,104,111.0,False,2006.0,2007.75
5132,630,942,s,104,107.0,False,2006.0,2006.75
5133,791,302,s,104,105.0,False,2006.0,2006.25
5134,849,1028,s,104,111.0,False,2006.0,2007.75
5135,916,336,s,104,105.0,False,2006.0,2006.25
5136,916,391,s,104,105.0,False,2006.0,2006.25
5137,1180,1319,s,104,105.0,False,2006.0,2006.25
5138,1260,480,s,104,105.0,False,2006.0,2006.25
5139,1291,1361,s,104,109.0,False,2006.0,2007.25
5140,944,956,l,104,140.0,True,2006.0,2015.0
5141,1155,192,l,104,105.0,True,2006.0,2006.25
5142,1155,1238,l,104,172.0,True,2006.0,2023.0
5143,1291,942,l,104,218.0,True,2006.0,2034.5
5144,87,942,s,105,105.0,False,2006.25,2006.25
5145,161,302,s,105,106.0,False,2006.25,2006.5
5146,185,1546,s,105,105.0,False,2006.25,2006.25
5147,262,480,s,105,113.0,False,2006.25,2008.25
5148,317,405,s,105,105.0,False,2006.25,2006.25
5149,526,1546,s,105,105.0,False,2006.25,2006.25
5150,754,268,s,105,111.0,False,2006.25,2007.75
5151,848,192,s,105,115.0,False,2006.25,2008.75
5152,916,268,s,105,114.0,False,2006.25,2008.5
5153,916,907,s,105,105.0,False,2006.25,2006.25
5154,936,689,s,105,108.0,False,2006.25,2007.0
5155,1099,59,s,105,105.0,False,2006.25,2006.25
5156,1207,1238,s,105,105.0,False,2006.25,2006.25
5157,1260,1264,s,105,117.0,False,2006.25,2009.25
5158,1260,1319,s,105,108.0,False,2006.25,2007.0
5159,1317,1508,s,105,108.0,False,2006.25,2007.0
5160,96,543,s,105,108.0,False,2006.25,2007.0
5161,526,302,s,105,120.0,False,2006.25,2010.0
5162,561,689,s,105,108.0,False,2006.25,2007.0
5163,819,1028,s,105,108.0,False,2006.25,2007.0
5164,848,224,s,105,115.0,False,2006.25,2008.75
5165,916,679,s,105,107.0,False,2006.25,2006.75
5166,917,942,s,105,109.0,False,2006.25,2007.25
5167,966,689,s,105,107.0,False,2006.25,2006.75
5168,966,985,s,105,110.0,False,2006.25,2007.5
5169,1198,1331,s,105,106.0,False,2006.25,2006.5
5170,1248,1188,s,105,110.0,False,2006.25,2007.5
5171,1260,1203,s,105,121.0,False,2006.25,2010.25
5172,1263,1271,s,105,107.0,False,2006.25,2006.75
5173,1291,1203,s,105,109.0,False,2006.25,2007.25
5174,1291,1271,s,105,115.0,False,2006.25,2008.75
5175,1317,689,s,105,106.0,False,2006.25,2006.5
5176,1530,720,s,105,112.0,False,2006.25,2008.0
5177,30,1014,s,105,107.0,False,2006.25,2006.75
5178,161,762,s,105,123.0,False,2006.25,2010.75
5179,172,192,s,105,114.0,False,2006.25,2008.5
5180,330,224,s,105,108.0,False,2006.25,2007.0
5181,739,689,s,105,108.0,False,2006.25,2007.0
5182,848,689,s,105,111.0,False,2006.25,2007.75
5183,848,1020,s,105,109.0,False,2006.25,2007.25
5184,913,224,s,105,110.0,False,2006.25,2007.5
5185,913,942,s,105,107.0,False,2006.25,2006.75
5186,936,1020,s,105,118.0,False,2006.25,2009.5
5187,966,340,s,105,107.0,False,2006.25,2006.75
5188,1099,110,s,105,107.0,False,2006.25,2006.75
5189,1189,942,s,105,110.0,False,2006.25,2007.5
5190,1198,942,s,105,127.0,False,2006.25,2011.75
5191,1263,1187,s,105,107.0,False,2006.25,2006.75
5192,1345,1546,s,105,108.0,False,2006.25,2007.0
5193,1365,689,s,105,106.0,False,2006.25,2006.5
5194,1155,59,l,105,114.0,True,2006.25,2008.5
5195,936,1203,l,105,121.0,True,2006.25,2010.25
5196,916,933,l,105,175.0,True,2006.25,2023.75
5197,1260,1281,l,105,230.0,True,2006.25,2037.5
5198,96,1546,s,106,112.0,False,2006.5,2008.0
5199,351,480,s,106,111.0,False,2006.5,2007.75
5200,754,942,s,106,112.0,False,2006.5,2008.0
5201,819,406,s,106,106.0,False,2006.5,2006.5
5202,913,1188,s,106,111.0,False,2006.5,2007.75
5203,1184,480,s,106,109.0,False,2006.5,2007.25
5204,1198,224,s,106,108.0,False,2006.5,2007.0
5205,1260,268,s,106,109.0,False,2006.5,2007.25
5206,1260,480,s,106,116.0,False,2006.5,2009.0
5207,1260,1216,s,106,107.0,False,2006.5,2006.75
5208,1291,268,s,106,107.0,False,2006.5,2006.75
5209,1291,1319,s,106,107.0,False,2006.5,2006.75
5210,1317,524,s,106,109.0,False,2006.5,2007.25
5211,30,679,s,106,107.0,False,2006.5,2006.75
5212,92,259,s,106,111.0,False,2006.5,2007.75
5213,92,1014,s,106,110.0,False,2006.5,2007.5
5214,351,614,s,106,110.0,False,2006.5,2007.5
5215,479,224,s,106,111.0,False,2006.5,2007.75
5216,936,907,s,106,107.0,False,2006.5,2006.75
5217,944,259,s,106,111.0,False,2006.5,2007.75
5218,944,1020,s,106,107.0,False,2006.5,2006.75
5219,966,762,s,106,107.0,False,2006.5,2006.75
5220,1099,1546,s,106,107.0,False,2006.5,2006.75
5221,1157,192,s,106,111.0,False,2006.5,2007.75
5222,1239,1281,s,106,116.0,False,2006.5,2009.0
5223,1248,1209,s,106,111.0,False,2006.5,2007.75
5224,1248,1238,s,106,107.0,False,2006.5,2006.75
5225,1263,1014,s,106,109.0,False,2006.5,2007.25
5226,1263,1508,s,106,107.0,False,2006.5,2006.75
5227,1317,1014,s,106,110.0,False,2006.5,2007.5
5228,1317,1188,s,106,117.0,False,2006.5,2009.25
5229,1530,1546,s,106,110.0,False,2006.5,2007.5
5230,172,59,s,106,117.0,False,2006.5,2009.25
5231,172,1028,s,106,111.0,False,2006.5,2007.75
5232,526,340,s,106,109.0,False,2006.5,2007.25
5233,791,689,s,106,108.0,False,2006.5,2007.0
5234,909,942,s,106,108.0,False,2006.5,2007.0
5235,944,243,s,106,108.0,False,2006.5,2007.0
5236,1157,360,s,106,107.0,False,2006.5,2006.75
5237,1184,1238,s,106,114.0,False,2006.5,2008.5
5238,1260,689,s,106,117.0,False,2006.5,2009.25
5239,1263,1319,s,106,107.0,False,2006.5,2006.75
5240,966,1028,l,106,168.0,True,2006.5,2022.0
5241,1248,942,l,106,186.0,True,2006.5,2026.5
5242,630,1188,l,106,111.0,True,2006.5,2007.75
5243,754,480,l,106,116.0,True,2006.5,2009.0
5244,848,1546,l,106,156.0,True,2006.5,2019.0
5245,394,942,l,106,155.0,True,2006.5,2018.75
5246,1157,1203,l,106,227.0,True,2006.5,2036.75
5247,30,1030,s,107,109.0,False,2006.75,2007.25
5248,161,1028,s,107,127.0,False,2006.75,2011.75
5249,274,942,s,107,110.0,False,2006.75,2007.5
5250,422,985,s,107,107.0,False,2006.75,2006.75
5251,521,268,s,107,113.0,False,2006.75,2008.25
5252,754,302,s,107,108.0,False,2006.75,2007.0
5253,848,59,s,107,111.0,False,2006.75,2007.75
5254,940,942,s,107,141.0,False,2006.75,2015.25
5255,944,340,s,107,108.0,False,2006.75,2007.0
5256,1099,340,s,107,109.0,False,2006.75,2007.25
5257,1157,268,s,107,108.0,False,2006.75,2007.0
5258,1222,313,s,107,111.0,False,2006.75,2007.75
5259,1222,1273,s,107,107.0,False,2006.75,2006.75
5260,30,59,s,107,122.0,False,2006.75,2010.5
5261,30,1032,s,107,111.0,False,2006.75,2007.75
5262,161,1032,s,107,110.0,False,2006.75,2007.5
5263,337,1014,s,107,110.0,False,2006.75,2007.5
5264,383,406,s,107,109.0,False,2006.75,2007.25
5265,422,1546,s,107,111.0,False,2006.75,2007.75
5266,526,1048,s,107,107.0,False,2006.75,2006.75
5267,819,956,s,107,115.0,False,2006.75,2008.75
5268,847,942,s,107,114.0,False,2006.75,2008.5
5269,916,391,s,107,113.0,False,2006.75,2008.25
5270,966,1032,s,107,114.0,False,2006.75,2008.5
5271,1099,1032,s,107,115.0,False,2006.75,2008.75
5272,1155,268,s,107,110.0,False,2006.75,2007.5
5273,1263,268,s,107,110.0,False,2006.75,2007.5
5274,1263,682,s,107,109.0,False,2006.75,2007.25
5275,1275,1508,s,107,117.0,False,2006.75,2009.25
5276,1317,1321,s,107,126.0,False,2006.75,2011.5
5277,30,614,s,107,110.0,False,2006.75,2007.5
5278,30,653,s,107,115.0,False,2006.75,2008.75
5279,92,268,s,107,110.0,False,2006.75,2007.5
5280,161,259,s,107,108.0,False,2006.75,2007.0
5281,330,1028,s,107,118.0,False,2006.75,2009.5
5282,351,1508,s,107,111.0,False,2006.75,2007.75
5283,521,59,s,107,111.0,False,2006.75,2007.75
5284,561,1014,s,107,113.0,False,2006.75,2008.25
5285,776,340,s,107,123.0,False,2006.75,2010.75
5286,776,406,s,107,108.0,False,2006.75,2007.0
5287,819,1035,s,107,112.0,False,2006.75,2008.0
5288,848,24,s,107,111.0,False,2006.75,2007.75
5289,966,1030,s,107,112.0,False,2006.75,2008.0
5290,1099,90,s,107,108.0,False,2006.75,2007.0
5291,1222,268,s,107,113.0,False,2006.75,2008.25
5292,1222,1216,s,107,108.0,False,2006.75,2007.0
5293,1222,1238,s,107,127.0,False,2006.75,2011.75
5294,1248,1319,s,107,111.0,False,2006.75,2007.75
5295,1260,1020,s,107,111.0,False,2006.75,2007.75
5296,1260,1508,s,107,111.0,False,2006.75,2007.75
5297,1275,942,s,107,109.0,False,2006.75,2007.25
5298,1099,1546,l,107,118.0,True,2006.75,2009.5
5299,1157,1020,l,107,117.0,True,2006.75,2009.25
5300,819,793,l,107,144.0,True,2006.75,2016.0
5301,1157,689,l,107,131.0,True,2006.75,2012.75
5302,1317,942,l,107,175.0,True,2006.75,2023.75
5303,39,720,l,107,116.0,True,2006.75,2009.0
5304,1260,1188,l,107,150.0,True,2006.75,2017.5
5305,30,1020,s,108,113.0,False,2007.0,2008.25
5306,92,1508,s,108,109.0,False,2007.0,2007.25
5307,119,720,s,108,111.0,False,2007.0,2007.75
5308,526,1546,s,108,108.0,False,2007.0,2007.0
5309,561,942,s,108,113.0,False,2007.0,2008.25
5310,754,689,s,108,109.0,False,2007.0,2007.25
5311,776,302,s,108,109.0,False,2007.0,2007.25
5312,1157,1281,s,108,108.0,False,2007.0,2007.0
5313,1232,1203,s,108,109.0,False,2007.0,2007.25
5314,1263,1331,s,108,109.0,False,2007.0,2007.25
5315,1263,1508,s,108,113.0,False,2007.0,2008.25
5316,1265,942,s,108,110.0,False,2007.0,2007.5
5317,1275,1281,s,108,111.0,False,2007.0,2007.75
5318,1291,1297,s,108,117.0,False,2007.0,2009.25
5319,96,1028,s,108,111.0,False,2007.0,2007.75
5320,172,1020,s,108,109.0,False,2007.0,2007.25
5321,422,1032,s,108,110.0,False,2007.0,2007.5
5322,497,1020,s,108,112.0,False,2007.0,2008.0
5323,819,1044,s,108,108.0,False,2007.0,2007.0
5324,847,1030,s,108,109.0,False,2007.0,2007.25
5325,936,302,s,108,109.0,False,2007.0,2007.25
5326,940,1030,s,108,109.0,False,2007.0,2007.25
5327,966,679,s,108,108.0,False,2007.0,2007.0
5328,1099,59,s,108,111.0,False,2007.0,2007.75
5329,1099,543,s,108,111.0,False,2007.0,2007.75
5330,1260,1273,s,108,111.0,False,2007.0,2007.75
5331,1263,1297,s,108,115.0,False,2007.0,2008.75
5332,1265,1281,s,108,108.0,False,2007.0,2007.0
5333,1317,1271,s,108,113.0,False,2007.0,2008.25
5334,1369,1014,s,108,109.0,False,2007.0,2007.25
5335,96,110,s,108,110.0,False,2007.0,2007.5
5336,337,1546,s,108,114.0,False,2007.0,2008.5
5337,351,1203,s,108,109.0,False,2007.0,2007.25
5338,422,942,s,108,112.0,False,2007.0,2008.0
5339,497,1030,s,108,117.0,False,2007.0,2009.25
5340,521,942,s,108,109.0,False,2007.0,2007.25
5341,754,259,s,108,119.0,False,2007.0,2009.75
5342,909,259,s,108,110.0,False,2007.0,2007.5
5343,916,224,s,108,116.0,False,2007.0,2009.0
5344,966,762,s,108,130.0,False,2007.0,2012.5
5345,1155,1203,s,108,112.0,False,2007.0,2008.0
5346,1189,1238,s,108,110.0,False,2007.0,2007.5
5347,1248,1273,s,108,110.0,False,2007.0,2007.5
5348,1260,614,s,108,111.0,False,2007.0,2007.75
5349,1260,1187,s,108,114.0,False,2007.0,2008.5
5350,1263,1319,s,108,109.0,False,2007.0,2007.25
5351,30,406,l,108,129.0,True,2007.0,2012.25
5352,39,1661,l,108,124.0,True,2007.0,2011.0
5353,1155,800,l,108,182.0,True,2007.0,2025.5
5354,936,1188,l,108,121.0,True,2007.0,2010.25
5355,1244,942,l,108,158.0,True,2007.0,2019.5
5356,819,1028,l,108,152.0,True,2007.0,2018.0
5357,1098,761,l,108,176.0,True,2007.0,2024.0
5358,96,340,s,109,117.0,False,2007.25,2009.25
5359,172,1203,s,109,124.0,False,2007.25,2011.0
5360,330,406,s,109,115.0,False,2007.25,2008.75
5361,526,259,s,109,110.0,False,2007.25,2007.5
5362,526,1020,s,109,114.0,False,2007.25,2008.5
5363,705,1508,s,109,110.0,False,2007.25,2007.5
5364,776,406,s,109,109.0,False,2007.25,2007.25
5365,916,689,s,109,121.0,False,2007.25,2010.25
5366,936,59,s,109,109.0,False,2007.25,2007.25
5367,944,1459,s,109,109.0,False,2007.25,2007.25
5368,966,720,s,109,116.0,False,2007.25,2009.0
5369,991,302,s,109,120.0,False,2007.25,2010.0
5370,1088,259,s,109,116.0,False,2007.25,2009.0
5371,1155,1331,s,109,111.0,False,2007.25,2007.75
5372,1157,1209,s,109,111.0,False,2007.25,2007.75
5373,1189,59,s,109,110.0,False,2007.25,2007.5
5374,1260,942,s,109,110.0,False,2007.25,2007.5
5375,1260,1216,s,109,109.0,False,2007.25,2007.25
5376,1263,689,s,109,115.0,False,2007.25,2008.75
5377,1263,1271,s,109,110.0,False,2007.25,2007.5
5378,1291,1319,s,109,110.0,False,2007.25,2007.5
5379,92,614,s,109,115.0,False,2007.25,2008.75
5380,317,543,s,109,110.0,False,2007.25,2007.5
5381,330,942,s,109,118.0,False,2007.25,2009.5
5382,337,268,s,109,111.0,False,2007.25,2007.75
5383,526,110,s,109,111.0,False,2007.25,2007.75
5384,847,90,s,109,111.0,False,2007.25,2007.75
5385,849,1661,s,109,118.0,False,2007.25,2009.5
5386,944,1020,s,109,111.0,False,2007.25,2007.75
5387,944,1032,s,109,119.0,False,2007.25,2009.75
5388,1155,1508,s,109,114.0,False,2007.25,2008.5
5389,1184,1240,s,109,118.0,False,2007.25,2009.5
5390,1222,689,s,109,109.0,False,2007.25,2007.25
5391,1222,1271,s,109,119.0,False,2007.25,2009.75
5392,1239,1361,s,109,111.0,False,2007.25,2007.75
5393,1248,1211,s,109,112.0,False,2007.25,2008.0
5394,1260,313,s,109,114.0,False,2007.25,2008.5
5395,1263,1238,s,109,111.0,False,2007.25,2007.75
5396,1265,1508,s,109,113.0,False,2007.25,2008.25
5397,1317,1240,s,109,114.0,False,2007.25,2008.5
5398,1369,268,s,109,109.0,False,2007.25,2007.25
5399,1369,1281,s,109,109.0,False,2007.25,2007.25
5400,1640,1281,s,109,110.0,False,2007.25,2007.5
5401,92,689,s,109,110.0,False,2007.25,2007.5
5402,92,1238,s,109,110.0,False,2007.25,2007.5
5403,172,1014,s,109,111.0,False,2007.25,2007.75
5404,497,689,s,109,112.0,False,2007.25,2008.0
5405,630,942,s,109,110.0,False,2007.25,2007.5
5406,848,1014,s,109,112.0,False,2007.25,2008.0
5407,916,192,s,109,123.0,False,2007.25,2010.75
5408,916,762,s,109,113.0,False,2007.25,2008.25
5409,936,192,s,109,120.0,False,2007.25,2010.0
5410,936,268,s,109,122.0,False,2007.25,2010.5
5411,1099,956,s,109,114.0,False,2007.25,2008.5
5412,1157,268,s,109,112.0,False,2007.25,2008.0
5413,1157,417,s,109,112.0,False,2007.25,2008.0
5414,1260,708,s,109,114.0,False,2007.25,2008.5
5415,1291,1209,s,109,118.0,False,2007.25,2009.5
5416,1317,1473,s,109,115.0,False,2007.25,2008.75
5417,1157,942,l,109,170.0,True,2007.25,2022.5
5418,172,1508,l,109,147.0,True,2007.25,2016.75
5419,916,90,l,109,189.0,True,2007.25,2027.25
5420,944,313,l,109,186.0,True,2007.25,2026.5
5421,30,224,s,110,120.0,False,2007.5,2010.0
5422,30,1321,s,110,116.0,False,2007.5,2009.0
5423,92,1028,s,110,114.0,False,2007.5,2008.5
5424,96,302,s,110,122.0,False,2007.5,2010.5
5425,172,793,s,110,110.0,False,2007.5,2007.5
5426,172,1281,s,110,111.0,False,2007.5,2007.75
5427,317,1028,s,110,112.0,False,2007.5,2008.0
5428,337,1030,s,110,112.0,False,2007.5,2008.0
5429,526,340,s,110,121.0,False,2007.5,2010.25
5430,754,689,s,110,115.0,False,2007.5,2008.75
5431,819,762,s,110,117.0,False,2007.5,2009.25
5432,1157,1238,s,110,129.0,False,2007.5,2012.25
5433,1157,1271,s,110,114.0,False,2007.5,2008.5
5434,1222,942,s,110,110.0,False,2007.5,2007.5
5435,1236,480,s,110,112.0,False,2007.5,2008.0
5436,1260,800,s,110,111.0,False,2007.5,2007.75
5437,1291,1238,s,110,113.0,False,2007.5,2008.25
5438,1317,1331,s,110,123.0,False,2007.5,2010.75
5439,1376,1188,s,110,111.0,False,2007.5,2007.75
5440,30,942,s,110,110.0,False,2007.5,2007.5
5441,30,1030,s,110,119.0,False,2007.5,2009.75
5442,172,360,s,110,112.0,False,2007.5,2008.0
5443,172,1188,s,110,111.0,False,2007.5,2007.75
5444,204,1281,s,110,110.0,False,2007.5,2007.5
5445,207,406,s,110,111.0,False,2007.5,2007.75
5446,337,1028,s,110,113.0,False,2007.5,2008.25
5447,422,1028,s,110,121.0,False,2007.5,2010.25
5448,776,985,s,110,116.0,False,2007.5,2009.0
5449,916,679,s,110,115.0,False,2007.5,2008.75
5450,916,1032,s,110,111.0,False,2007.5,2007.75
5451,1098,762,s,110,110.0,False,2007.5,2007.5
5452,1198,1209,s,110,111.0,False,2007.5,2007.75
5453,1291,1281,s,110,116.0,False,2007.5,2009.0
5454,96,1030,s,110,114.0,False,2007.5,2008.5
5455,207,224,s,110,114.0,False,2007.5,2008.5
5456,791,1028,s,110,112.0,False,2007.5,2008.0
5457,848,243,s,110,111.0,False,2007.5,2007.75
5458,944,1035,s,110,113.0,False,2007.5,2008.25
5459,1088,775,s,110,112.0,False,2007.5,2008.0
5460,1155,224,s,110,111.0,False,2007.5,2007.75
5461,1167,1238,s,110,113.0,False,2007.5,2008.25
5462,944,340,l,110,224.0,True,2007.5,2036.0
5463,1260,942,l,110,141.0,True,2007.5,2015.25
5464,1260,1209,l,110,111.0,True,2007.5,2007.75
5465,1317,1319,l,110,187.0,True,2007.5,2026.75
5466,1189,689,l,110,138.0,True,2007.5,2014.5
5467,87,1028,s,111,112.0,False,2007.75,2008.0
5468,236,224,s,111,113.0,False,2007.75,2008.25
5469,630,942,s,111,113.0,False,2007.75,2008.25
5470,936,302,s,111,114.0,False,2007.75,2008.5
5471,936,480,s,111,112.0,False,2007.75,2008.0
5472,936,1032,s,111,117.0,False,2007.75,2009.25
5473,944,302,s,111,117.0,False,2007.75,2009.25
5474,1099,762,s,111,117.0,False,2007.75,2009.25
5475,1099,1035,s,111,111.0,False,2007.75,2007.75
5476,1157,1211,s,111,116.0,False,2007.75,2009.0
5477,1222,942,s,111,115.0,False,2007.75,2008.75
5478,1222,1281,s,111,116.0,False,2007.75,2009.0
5479,1248,689,s,111,112.0,False,2007.75,2008.0
5480,1260,1271,s,111,118.0,False,2007.75,2009.5
5481,1260,1318,s,111,114.0,False,2007.75,2008.5
5482,1260,1319,s,111,111.0,False,2007.75,2007.75
5483,1291,1203,s,111,116.0,False,2007.75,2009.0
5484,526,259,s,111,114.0,False,2007.75,2008.5
5485,561,689,s,111,118.0,False,2007.75,2009.5
5486,916,259,s,111,111.0,False,2007.75,2007.75
5487,916,336,s,111,112.0,False,2007.75,2008.0
5488,944,59,s,111,119.0,False,2007.75,2009.75
5489,1099,340,s,111,113.0,False,2007.75,2008.25
5490,1184,942,s,111,113.0,False,2007.75,2008.25
5491,1184,1473,s,111,112.0,False,2007.75,2008.0
5492,1222,1508,s,111,112.0,False,2007.75,2008.0
5493,1317,614,s,111,123.0,False,2007.75,2010.75
5494,330,1209,s,111,112.0,False,2007.75,2008.0
5495,848,302,s,111,117.0,False,2007.75,2009.25
5496,936,689,s,111,115.0,False,2007.75,2008.75
5497,944,649,s,111,113.0,False,2007.75,2008.25
5498,944,775,s,111,114.0,False,2007.75,2008.5
5499,966,325,s,111,114.0,False,2007.75,2008.5
5500,1167,942,s,111,112.0,False,2007.75,2008.0
5501,1189,1271,s,111,112.0,False,2007.75,2008.0
5502,1222,1209,s,111,117.0,False,2007.75,2009.25
5503,1260,1297,s,111,125.0,False,2007.75,2011.25
5504,1291,1473,s,111,114.0,False,2007.75,2008.5
5505,337,689,l,111,136.0,True,2007.75,2014.0
5506,936,1028,l,111,124.0,True,2007.75,2011.0
5507,1184,689,l,111,177.0,True,2007.75,2024.25
5508,1222,689,l,111,129.0,True,2007.75,2012.25
5509,1260,614,l,111,,True,2007.75,
5510,1260,1295,l,111,227.0,True,2007.75,2036.75
5511,30,775,s,112,112.0,False,2008.0,2008.0
5512,42,1048,s,112,113.0,False,2008.0,2008.25
5513,119,1510,s,112,116.0,False,2008.0,2009.0
5514,422,340,s,112,113.0,False,2008.0,2008.25
5515,561,59,s,112,114.0,False,2008.0,2008.5
5516,776,1020,s,112,113.0,False,2008.0,2008.25
5517,819,985,s,112,112.0,False,2008.0,2008.0
5518,847,689,s,112,112.0,False,2008.0,2008.0
5519,849,762,s,112,118.0,False,2008.0,2009.5
5520,916,259,s,112,113.0,False,2008.0,2008.25
5521,916,1035,s,112,112.0,False,2008.0,2008.0
5522,944,653,s,112,113.0,False,2008.0,2008.25
5523,966,224,s,112,112.0,False,2008.0,2008.0
5524,966,340,s,112,112.0,False,2008.0,2008.0
5525,1155,789,s,112,115.0,False,2008.0,2008.75
5526,1155,1216,s,112,115.0,False,2008.0,2008.75
5527,1157,1321,s,112,113.0,False,2008.0,2008.25
5528,1232,1188,s,112,117.0,False,2008.0,2009.25
5529,1260,243,s,112,119.0,False,2008.0,2009.75
5530,1260,268,s,112,112.0,False,2008.0,2008.0
5531,1260,682,s,112,113.0,False,2008.0,2008.25
5532,1260,1238,s,112,155.0,False,2008.0,2018.75
5533,1263,942,s,112,112.0,False,2008.0,2008.0
5534,1263,1361,s,112,117.0,False,2008.0,2009.25
5535,1356,1238,s,112,116.0,False,2008.0,2009.0
5536,1365,1238,s,112,114.0,False,2008.0,2008.5
5537,1369,1203,s,112,113.0,False,2008.0,2008.25
5538,1682,942,s,112,132.0,False,2008.0,2013.0
5539,1682,1188,s,112,114.0,False,2008.0,2008.5
5540,1682,1203,s,112,131.0,False,2008.0,2012.75
5541,1682,1331,s,112,112.0,False,2008.0,2008.0
5542,30,1203,s,112,112.0,False,2008.0,2008.0
5543,92,1238,s,112,119.0,False,2008.0,2009.75
5544,526,1032,s,112,125.0,False,2008.0,2011.25
5545,819,302,s,112,115.0,False,2008.0,2008.75
5546,849,942,s,112,121.0,False,2008.0,2010.25
5547,944,720,s,112,114.0,False,2008.0,2008.5
5548,1099,1030,s,112,118.0,False,2008.0,2009.5
5549,1189,1238,s,112,124.0,False,2008.0,2011.0
5550,1222,1321,s,112,114.0,False,2008.0,2008.5
5551,1248,268,s,112,115.0,False,2008.0,2008.75
5552,1248,1321,s,112,125.0,False,2008.0,2011.25
5553,1263,1238,s,112,119.0,False,2008.0,2009.75
5554,1283,1661,s,112,122.0,False,2008.0,2010.5
5555,1369,1331,s,112,115.0,False,2008.0,2008.75
5556,847,1032,s,112,115.0,False,2008.0,2008.75
5557,916,302,s,112,113.0,False,2008.0,2008.25
5558,916,1030,s,112,116.0,False,2008.0,2009.0
5559,991,1546,s,112,120.0,False,2008.0,2010.0
5560,1198,689,s,112,113.0,False,2008.0,2008.25
5561,1239,1238,s,112,113.0,False,2008.0,2008.25
5562,1260,1209,s,112,113.0,False,2008.0,2008.25
5563,1263,1209,s,112,116.0,False,2008.0,2009.0
5564,1291,689,s,112,120.0,False,2008.0,2010.0
5565,1317,1211,s,112,114.0,False,2008.0,2008.5
5566,1317,1264,s,112,115.0,False,2008.0,2008.75
5567,1376,1240,s,112,118.0,False,2008.0,2009.5
5568,526,406,l,112,134.0,True,2008.0,2013.5
5569,848,110,l,112,180.0,True,2008.0,2025.0
5570,1263,942,l,112,,True,2008.0,
5571,1291,1188,l,112,115.0,True,2008.0,2008.75
5572,422,302,l,112,194.0,True,2008.0,2028.5
5573,848,689,l,112,158.0,True,2008.0,2019.5
5574,30,268,s,113,115.0,False,2008.25,2008.75
5575,87,268,s,113,116.0,False,2008.25,2009.0
5576,92,933,s,113,115.0,False,2008.25,2008.75
5577,92,1508,s,113,114.0,False,2008.25,2008.5
5578,96,956,s,113,114.0,False,2008.25,2008.5
5579,96,1048,s,113,116.0,False,2008.25,2009.0
5580,819,59,s,113,115.0,False,2008.25,2008.75
5581,916,1032,s,113,126.0,False,2008.25,2011.5
5582,944,790,s,113,122.0,False,2008.25,2010.5
5583,966,302,s,113,113.0,False,2008.25,2008.25
5584,966,1044,s,113,114.0,False,2008.25,2008.5
5585,1106,537,s,113,118.0,False,2008.25,2009.5
5586,1157,1240,s,113,114.0,False,2008.25,2008.5
5587,1291,268,s,113,120.0,False,2008.25,2010.0
5588,1291,1014,s,113,121.0,False,2008.25,2010.25
5589,1291,1508,s,113,117.0,False,2008.25,2009.25
5590,1317,689,s,113,114.0,False,2008.25,2008.5
5591,1317,1209,s,113,113.0,False,2008.25,2008.25
5592,1317,1297,s,113,117.0,False,2008.25,2009.25
5593,1682,689,s,113,115.0,False,2008.25,2008.75
5594,1682,708,s,113,114.0,False,2008.25,2008.5
5595,1682,1297,s,113,127.0,False,2008.25,2011.75
5596,1682,1331,s,113,118.0,False,2008.25,2009.5
5597,1682,1508,s,113,125.0,False,2008.25,2011.25
5598,30,942,s,113,123.0,False,2008.25,2010.75
5599,172,1281,s,113,113.0,False,2008.25,2008.25
5600,776,302,s,113,114.0,False,2008.25,2008.5
5601,819,268,s,113,114.0,False,2008.25,2008.5
5602,819,907,s,113,125.0,False,2008.25,2011.25
5603,819,985,s,113,119.0,False,2008.25,2009.75
5604,847,689,s,113,118.0,False,2008.25,2009.5
5605,849,406,s,113,122.0,False,2008.25,2010.5
5606,849,1028,s,113,116.0,False,2008.25,2009.0
5607,913,942,s,113,125.0,False,2008.25,2011.25
5608,936,480,s,113,116.0,False,2008.25,2009.0
5609,944,259,s,113,115.0,False,2008.25,2008.75
5610,966,192,s,113,113.0,False,2008.25,2008.25
5611,1099,1020,s,113,115.0,False,2008.25,2008.75
5612,1263,268,s,113,119.0,False,2008.25,2009.75
5613,1275,1281,s,113,116.0,False,2008.25,2009.0
5614,1682,1238,s,113,126.0,False,2008.25,2011.5
5615,161,405,s,113,114.0,False,2008.25,2008.5
5616,161,1661,s,113,116.0,False,2008.25,2009.0
5617,172,268,s,113,115.0,False,2008.25,2008.75
5618,754,268,s,113,121.0,False,2008.25,2010.25
5619,855,1053,s,113,125.0,False,2008.25,2011.25
5620,916,1026,s,113,122.0,False,2008.25,2010.5
5621,944,1681,s,113,121.0,False,2008.25,2010.25
5622,966,224,s,113,115.0,False,2008.25,2008.75
5623,1099,391,s,113,117.0,False,2008.25,2009.25
5624,1099,942,s,113,119.0,False,2008.25,2009.75
5625,1239,1508,s,113,116.0,False,2008.25,2009.0
5626,1248,1188,s,113,114.0,False,2008.25,2008.5
5627,1403,1510,s,113,124.0,False,2008.25,2011.0
5628,42,1048,l,113,144.0,True,2008.25,2016.0
5629,819,90,l,113,147.0,True,2008.25,2016.75
5630,1155,942,l,113,125.0,True,2008.25,2011.25
5631,1598,720,l,113,116.0,True,2008.25,2009.0
5632,30,1188,l,113,,True,2008.25,
5633,1198,1203,l,113,166.0,True,2008.25,2021.5
5634,274,1188,l,113,208.0,True,2008.25,2032.0
5635,916,762,l,113,240.0,True,2008.25,2040.0
5636,940,1271,l,113,129.0,True,2008.25,2012.25
5637,1157,268,l,113,115.0,True,2008.25,2008.75
5638,1260,1211,l,113,,True,2008.25,
5639,1317,1271,l,113,158.0,True,2008.25,2019.5
5640,1356,1187,l,113,147.0,True,2008.25,2016.75
5641,42,1053,s,114,118.0,False,2008.5,2009.5
5642,172,302,s,114,115.0,False,2008.5,2008.75
5643,235,302,s,114,123.0,False,2008.5,2010.75
5644,351,192,s,114,115.0,False,2008.5,2008.75
5645,561,942,s,114,116.0,False,2008.5,2009.0
5646,630,268,s,114,118.0,False,2008.5,2009.5
5647,630,942,s,114,121.0,False,2008.5,2010.25
5648,754,192,s,114,127.0,False,2008.5,2011.75
5649,754,1028,s,114,116.0,False,2008.5,2009.0
5650,791,480,s,114,115.0,False,2008.5,2008.75
5651,913,192,s,114,124.0,False,2008.5,2011.0
5652,1155,1188,s,114,115.0,False,2008.5,2008.75
5653,1157,1209,s,114,116.0,False,2008.5,2009.0
5654,1189,1203,s,114,115.0,False,2008.5,2008.75
5655,1198,1014,s,114,120.0,False,2008.5,2010.0
5656,1222,1392,s,114,114.0,False,2008.5,2008.5
5657,1284,1661,s,114,121.0,False,2008.5,2010.25
5658,1317,1361,s,114,116.0,False,2008.5,2009.0
5659,1317,1508,s,114,128.0,False,2008.5,2012.0
5660,1356,689,s,114,115.0,False,2008.5,2008.75
5661,1369,1238,s,114,118.0,False,2008.5,2009.5
5662,1530,1546,s,114,114.0,False,2008.5,2008.5
5663,1682,480,s,114,115.0,False,2008.5,2008.75
5664,30,679,s,114,122.0,False,2008.5,2010.5
5665,42,1681,s,114,115.0,False,2008.5,2008.75
5666,92,800,s,114,123.0,False,2008.5,2010.75
5667,172,1238,s,114,119.0,False,2008.5,2009.75
5668,172,1321,s,114,120.0,False,2008.5,2010.0
5669,705,1281,s,114,118.0,False,2008.5,2009.5
5670,944,689,s,114,125.0,False,2008.5,2011.25
5671,966,302,s,114,120.0,False,2008.5,2010.0
5672,966,336,s,114,115.0,False,2008.5,2008.75
5673,1099,259,s,114,122.0,False,2008.5,2010.5
5674,1244,708,s,114,114.0,False,2008.5,2008.5
5675,1248,1392,s,114,119.0,False,2008.5,2009.75
5676,1260,268,s,114,116.0,False,2008.5,2009.0
5677,1260,1209,s,114,117.0,False,2008.5,2009.25
5678,1260,1508,s,114,120.0,False,2008.5,2010.0
5679,1263,793,s,114,116.0,False,2008.5,2009.0
5680,1291,1273,s,114,115.0,False,2008.5,2008.75
5681,1317,1209,s,114,117.0,False,2008.5,2009.25
5682,1356,1188,s,114,114.0,False,2008.5,2008.5
5683,1403,1660,s,114,120.0,False,2008.5,2010.0
5684,1403,1681,s,114,125.0,False,2008.5,2011.25
5685,274,689,s,114,116.0,False,2008.5,2009.0
5686,526,1546,s,114,115.0,False,2008.5,2008.75
5687,788,679,s,114,125.0,False,2008.5,2011.25
5688,944,704,s,114,120.0,False,2008.5,2010.0
5689,966,59,s,114,120.0,False,2008.5,2010.0
5690,1099,653,s,114,115.0,False,2008.5,2008.75
5691,916,259,l,114,116.0,True,2008.5,2009.0
5692,1682,268,l,114,133.0,True,2008.5,2013.25
5693,1155,1203,l,114,191.0,True,2008.5,2027.75
5694,1232,1508,l,114,116.0,True,2008.5,2009.0
5695,185,1546,l,114,144.0,True,2008.5,2016.0
5696,1682,1188,l,114,172.0,True,2008.5,2023.0
5697,30,259,s,115,115.0,False,2008.75,2008.75
5698,96,956,s,115,118.0,False,2008.75,2009.5
5699,351,1321,s,115,118.0,False,2008.75,2009.5
5700,422,1546,s,115,120.0,False,2008.75,2010.0
5701,422,1681,s,115,115.0,False,2008.75,2008.75
5702,916,942,s,115,117.0,False,2008.75,2009.25
5703,916,1546,s,115,116.0,False,2008.75,2009.0
5704,944,1020,s,115,117.0,False,2008.75,2009.25
5705,966,1053,s,115,126.0,False,2008.75,2011.5
5706,1155,1014,s,115,136.0,False,2008.75,2014.0
5707,1157,224,s,115,121.0,False,2008.75,2010.25
5708,1157,443,s,115,130.0,False,2008.75,2012.5
5709,1198,480,s,115,116.0,False,2008.75,2009.0
5710,1248,1508,s,115,118.0,False,2008.75,2009.5
5711,1260,1615,s,115,117.0,False,2008.75,2009.25
5712,1263,1271,s,115,123.0,False,2008.75,2010.75
5713,1283,985,s,115,129.0,False,2008.75,2012.25
5714,1291,1319,s,115,115.0,False,2008.75,2008.75
5715,1314,1238,s,115,116.0,False,2008.75,2009.0
5716,1566,1681,s,115,116.0,False,2008.75,2009.0
5717,96,1681,s,115,132.0,False,2008.75,2013.0
5718,172,689,s,115,120.0,False,2008.75,2010.0
5719,394,480,s,115,116.0,False,2008.75,2009.0
5720,394,1238,s,115,121.0,False,2008.75,2010.25
5721,521,59,s,115,117.0,False,2008.75,2009.25
5722,855,1459,s,115,118.0,False,2008.75,2009.5
5723,913,1238,s,115,115.0,False,2008.75,2008.75
5724,916,302,s,115,129.0,False,2008.75,2012.25
5725,1099,340,s,115,116.0,False,2008.75,2009.0
5726,1155,689,s,115,117.0,False,2008.75,2009.25
5727,1184,1188,s,115,120.0,False,2008.75,2010.0
5728,1283,1546,s,115,117.0,False,2008.75,2009.25
5729,1515,302,s,115,117.0,False,2008.75,2009.25
5730,172,192,s,115,131.0,False,2008.75,2012.75
5731,172,1028,s,115,128.0,False,2008.75,2012.0
5732,497,360,s,115,126.0,False,2008.75,2011.5
5733,630,1203,s,115,118.0,False,2008.75,2009.5
5734,776,90,s,115,116.0,False,2008.75,2009.0
5735,776,775,s,115,116.0,False,2008.75,2009.0
5736,791,59,s,115,121.0,False,2008.75,2010.25
5737,847,259,s,115,117.0,False,2008.75,2009.25
5738,913,268,s,115,120.0,False,2008.75,2010.0
5739,944,720,s,115,116.0,False,2008.75,2009.0
5740,1222,1297,s,115,124.0,False,2008.75,2011.0
5741,1244,689,s,115,128.0,False,2008.75,2012.0
5742,1260,1319,s,115,124.0,False,2008.75,2011.0
5743,1314,1508,s,115,116.0,False,2008.75,2009.0
5744,1317,1216,s,115,117.0,False,2008.75,2009.25
5745,754,1203,l,115,151.0,True,2008.75,2017.75
5746,1314,1188,l,115,123.0,True,2008.75,2010.75
5747,1155,1209,l,115,,True,2008.75,
5748,1184,480,l,115,116.0,True,2008.75,2009.0
5749,1356,1203,l,115,121.0,True,2008.75,2010.25
5750,172,1209,s,116,119.0,False,2009.0,2009.75
5751,497,1661,s,116,117.0,False,2009.0,2009.25
5752,776,679,s,116,116.0,False,2009.0,2009.0
5753,791,1028,s,116,133.0,False,2009.0,2013.25
5754,847,985,s,116,116.0,False,2009.0,2009.0
5755,848,224,s,116,124.0,False,2009.0,2011.0
5756,849,679,s,116,116.0,False,2009.0,2009.0
5757,916,268,s,116,124.0,False,2009.0,2011.0
5758,916,653,s,116,117.0,False,2009.0,2009.25
5759,944,775,s,116,122.0,False,2009.0,2010.5
5760,1157,268,s,116,116.0,False,2009.0,2009.0
5761,1189,1209,s,116,120.0,False,2009.0,2010.0
5762,1222,800,s,116,116.0,False,2009.0,2009.0
5763,1260,1216,s,116,126.0,False,2009.0,2011.5
5764,1291,1238,s,116,116.0,False,2009.0,2009.0
5765,1314,268,s,116,121.0,False,2009.0,2010.25
5766,1317,1281,s,116,122.0,False,2009.0,2010.5
5767,1376,1295,s,116,116.0,False,2009.0,2009.0
5768,1682,243,s,116,118.0,False,2009.0,2009.5
5769,1682,689,s,116,122.0,False,2009.0,2010.5
5770,1682,1319,s,116,117.0,False,2009.0,2009.25
5771,42,1681,s,116,119.0,False,2009.0,2009.75
5772,92,59,s,116,118.0,False,2009.0,2009.5
5773,96,1546,s,116,119.0,False,2009.0,2009.75
5774,172,775,s,116,119.0,False,2009.0,2009.75
5775,705,787,s,116,121.0,False,2009.0,2010.25
5776,848,1020,s,116,123.0,False,2009.0,2010.75
5777,916,985,s,116,117.0,False,2009.0,2009.25
5778,944,259,s,116,116.0,False,2009.0,2009.0
5779,1099,985,s,116,119.0,False,2009.0,2009.75
5780,1099,1032,s,116,119.0,False,2009.0,2009.75
5781,1157,1321,s,116,116.0,False,2009.0,2009.0
5782,1157,1699,s,116,119.0,False,2009.0,2009.75
5783,1244,1508,s,116,125.0,False,2009.0,2011.25
5784,1263,1188,s,116,124.0,False,2009.0,2011.0
5785,1294,1238,s,116,118.0,False,2009.0,2009.5
5786,1314,689,s,116,118.0,False,2009.0,2009.5
5787,1314,793,s,116,117.0,False,2009.0,2009.25
5788,351,1209,s,116,125.0,False,2009.0,2011.25
5789,526,259,s,116,118.0,False,2009.0,2009.5
5790,848,192,s,116,120.0,False,2009.0,2010.0
5791,848,1209,s,116,117.0,False,2009.0,2009.25
5792,966,224,s,116,118.0,False,2009.0,2009.5
5793,966,1032,s,116,124.0,False,2009.0,2011.0
5794,966,1045,s,116,118.0,False,2009.0,2009.5
5795,1088,302,s,116,132.0,False,2009.0,2013.0
5796,1155,1188,s,116,124.0,False,2009.0,2011.0
5797,1157,1271,s,116,120.0,False,2009.0,2010.0
5798,1189,1188,s,116,120.0,False,2009.0,2010.0
5799,1260,1187,s,116,123.0,False,2009.0,2010.75
5800,1263,1297,s,116,118.0,False,2009.0,2009.5
5801,1314,1297,s,116,121.0,False,2009.0,2010.25
5802,1317,689,s,116,120.0,False,2009.0,2010.0
5803,938,224,l,116,184.0,True,2009.0,2026.0
5804,1222,942,l,116,,True,2009.0,
5805,1682,1209,l,116,145.0,True,2009.0,2016.25
5806,92,689,l,116,181.0,True,2009.0,2025.25
5807,916,110,l,116,129.0,True,2009.0,2012.25
5808,916,224,l,116,183.0,True,2009.0,2025.75
5809,1598,1661,l,116,124.0,True,2009.0,2011.0
5810,337,59,s,117,121.0,False,2009.25,2010.25
5811,383,1681,s,117,123.0,False,2009.25,2010.75
5812,913,1028,s,117,119.0,False,2009.25,2009.75
5813,916,259,s,117,120.0,False,2009.25,2010.0
5814,936,942,s,117,121.0,False,2009.25,2010.25
5815,944,259,s,117,126.0,False,2009.25,2011.5
5816,944,336,s,117,120.0,False,2009.25,2010.0
5817,944,391,s,117,120.0,False,2009.25,2010.0
5818,944,406,s,117,121.0,False,2009.25,2010.25
5819,1099,192,s,117,118.0,False,2009.25,2009.5
5820,1099,340,s,117,126.0,False,2009.25,2011.5
5821,1263,689,s,117,133.0,False,2009.25,2013.25
5822,1263,1014,s,117,126.0,False,2009.25,2011.5
5823,1275,1281,s,117,125.0,False,2009.25,2011.25
5824,1291,1699,s,117,118.0,False,2009.25,2009.5
5825,1314,942,s,117,121.0,False,2009.25,2010.25
5826,1314,1238,s,117,120.0,False,2009.25,2010.0
5827,1314,1321,s,117,124.0,False,2009.25,2011.0
5828,1317,224,s,117,119.0,False,2009.25,2009.75
5829,1317,1473,s,117,132.0,False,2009.25,2013.0
5830,1376,1238,s,117,117.0,False,2009.25,2009.25
5831,1682,1281,s,117,117.0,False,2009.25,2009.25
5832,96,1048,s,117,121.0,False,2009.25,2010.25
5833,337,90,s,117,120.0,False,2009.25,2010.0
5834,337,942,s,117,118.0,False,2009.25,2009.5
5835,754,689,s,117,122.0,False,2009.25,2010.5
5836,847,942,s,117,119.0,False,2009.25,2009.75
5837,966,406,s,117,124.0,False,2009.25,2011.0
5838,966,985,s,117,124.0,False,2009.25,2011.0
5839,1099,790,s,117,121.0,False,2009.25,2010.25
5840,1155,268,s,117,118.0,False,2009.25,2009.5
5841,1157,1319,s,117,121.0,False,2009.25,2010.25
5842,1291,1238,s,117,123.0,False,2009.25,2010.75
5843,1345,1681,s,117,120.0,False,2009.25,2010.0
5844,1682,1240,s,117,118.0,False,2009.25,2009.5
5845,1682,1473,s,117,129.0,False,2009.25,2012.25
5846,30,689,s,117,118.0,False,2009.25,2009.5
5847,422,406,s,117,119.0,False,2009.25,2009.75
5848,526,1048,s,117,120.0,False,2009.25,2010.0
5849,788,340,s,117,122.0,False,2009.25,2010.5
5850,848,90,s,117,121.0,False,2009.25,2010.25
5851,916,1048,s,117,121.0,False,2009.25,2010.25
5852,936,259,s,117,133.0,False,2009.25,2013.25
5853,936,689,s,117,124.0,False,2009.25,2011.0
5854,966,1020,s,117,122.0,False,2009.25,2010.5
5855,1088,406,s,117,118.0,False,2009.25,2009.5
5856,1248,689,s,117,118.0,False,2009.25,2009.5
5857,1260,268,s,117,125.0,False,2009.25,2011.25
5858,1260,1331,s,117,119.0,False,2009.25,2009.75
5859,1314,1331,s,117,118.0,False,2009.25,2009.5
5860,1314,1392,s,117,127.0,False,2009.25,2011.75
5861,1356,457,s,117,123.0,False,2009.25,2010.75
5862,1682,1271,s,117,118.0,False,2009.25,2009.5
5863,776,406,l,117,148.0,True,2009.25,2017.0
5864,944,302,l,117,157.0,True,2009.25,2019.25
5865,351,417,l,117,121.0,True,2009.25,2010.25
5866,916,942,l,117,218.0,True,2009.25,2034.5
5867,1260,1209,l,117,170.0,True,2009.25,2022.5
5868,30,1020,s,118,121.0,False,2009.5,2010.25
5869,96,1459,s,118,118.0,False,2009.5,2009.5
5870,161,340,s,118,122.0,False,2009.5,2010.5
5871,172,1014,s,118,121.0,False,2009.5,2010.25
5872,351,1014,s,118,119.0,False,2009.5,2009.75
5873,630,1028,s,118,127.0,False,2009.5,2011.75
5874,754,942,s,118,118.0,False,2009.5,2009.5
5875,916,679,s,118,121.0,False,2009.5,2010.25
5876,940,1238,s,118,123.0,False,2009.5,2010.75
5877,966,679,s,118,128.0,False,2009.5,2012.0
5878,966,956,s,118,119.0,False,2009.5,2009.75
5879,1099,90,s,118,118.0,False,2009.5,2009.5
5880,1099,762,s,118,122.0,False,2009.5,2010.5
5881,1198,1209,s,118,120.0,False,2009.5,2010.0
5882,1244,1188,s,118,121.0,False,2009.5,2010.25
5883,1248,1209,s,118,119.0,False,2009.5,2009.75
5884,1260,1699,s,118,122.0,False,2009.5,2010.5
5885,1263,1240,s,118,124.0,False,2009.5,2011.0
5886,1265,1271,s,118,119.0,False,2009.5,2009.75
5887,1291,1361,s,118,119.0,False,2009.5,2009.75
5888,1317,1188,s,118,126.0,False,2009.5,2011.5
5889,1356,1281,s,118,121.0,False,2009.5,2010.25
5890,1368,1281,s,118,124.0,False,2009.5,2011.0
5891,1682,1187,s,118,119.0,False,2009.5,2009.75
5892,30,1321,s,118,118.0,False,2009.5,2009.5
5893,42,1459,s,118,120.0,False,2009.5,2010.0
5894,92,192,s,118,118.0,False,2009.5,2009.5
5895,96,1510,s,118,121.0,False,2009.5,2010.25
5896,172,268,s,118,119.0,False,2009.5,2009.75
5897,172,443,s,118,123.0,False,2009.5,2010.75
5898,172,1020,s,118,124.0,False,2009.5,2011.0
5899,630,1238,s,118,118.0,False,2009.5,2009.5
5900,791,942,s,118,129.0,False,2009.5,2012.25
5901,848,406,s,118,136.0,False,2009.5,2014.0
5902,916,1546,s,118,120.0,False,2009.5,2010.0
5903,944,268,s,118,129.0,False,2009.5,2012.25
5904,966,90,s,118,120.0,False,2009.5,2010.0
5905,966,259,s,118,120.0,False,2009.5,2010.0
5906,1189,1014,s,118,122.0,False,2009.5,2010.5
5907,1222,1014,s,118,126.0,False,2009.5,2011.5
5908,1314,1203,s,118,118.0,False,2009.5,2009.5
5909,1314,1319,s,118,119.0,False,2009.5,2009.75
5910,1368,1240,s,118,121.0,False,2009.5,2010.25
5911,172,59,s,118,119.0,False,2009.5,2009.75
5912,337,1028,s,118,120.0,False,2009.5,2010.0
5913,351,1508,s,118,126.0,False,2009.5,2011.5
5914,479,1032,s,118,129.0,False,2009.5,2012.25
5915,561,1203,s,118,120.0,False,2009.5,2010.0
5916,776,1030,s,118,119.0,False,2009.5,2009.75
5917,847,1681,s,118,119.0,False,2009.5,2009.75
5918,855,1681,s,118,119.0,False,2009.5,2009.75
5919,1098,985,s,118,132.0,False,2009.5,2013.0
5920,1155,1240,s,118,123.0,False,2009.5,2010.75
5921,1155,1297,s,118,120.0,False,2009.5,2010.0
5922,1155,1699,s,118,120.0,False,2009.5,2010.0
5923,1222,1209,s,118,122.0,False,2009.5,2010.5
5924,1248,1203,s,118,119.0,False,2009.5,2009.75
5925,1260,689,s,118,126.0,False,2009.5,2011.5
5926,792,1661,l,118,118.0,True,2009.5,2009.5
5927,351,1319,l,118,155.0,True,2009.5,2018.75
5928,526,679,l,118,141.0,True,2009.5,2015.25
5929,630,1238,l,118,120.0,True,2009.5,2010.0
5930,916,1030,l,118,177.0,True,2009.5,2024.25
5931,1272,689,l,118,186.0,True,2009.5,2026.5
5932,1291,1271,l,118,126.0,True,2009.5,2011.5
5933,705,1281,s,119,127.0,False,2009.75,2011.75
5934,916,1681,s,119,125.0,False,2009.75,2011.25
5935,944,1020,s,119,128.0,False,2009.75,2012.0
5936,1155,1319,s,119,122.0,False,2009.75,2010.5
5937,1189,1203,s,119,120.0,False,2009.75,2010.0
5938,1239,689,s,119,121.0,False,2009.75,2010.25
5939,1260,1312,s,119,127.0,False,2009.75,2011.75
5940,1294,1319,s,119,123.0,False,2009.75,2010.75
5941,1682,1319,s,119,122.0,False,2009.75,2010.5
5942,1682,1321,s,119,120.0,False,2009.75,2010.0
5943,1705,1203,s,119,122.0,False,2009.75,2010.5
5944,92,259,s,119,121.0,False,2009.75,2010.25
5945,185,956,s,119,122.0,False,2009.75,2010.5
5946,754,942,s,119,128.0,False,2009.75,2012.0
5947,848,259,s,119,120.0,False,2009.75,2010.0
5948,936,302,s,119,120.0,False,2009.75,2010.0
5949,936,1030,s,119,120.0,False,2009.75,2010.0
5950,944,1661,s,119,120.0,False,2009.75,2010.0
5951,966,192,s,119,124.0,False,2009.75,2011.0
5952,966,340,s,119,122.0,False,2009.75,2010.5
5953,1239,1238,s,119,128.0,False,2009.75,2012.0
5954,1239,1331,s,119,122.0,False,2009.75,2010.5
5955,1248,689,s,119,121.0,False,2009.75,2010.25
5956,1314,1331,s,119,124.0,False,2009.75,2011.0
5957,161,1030,s,119,123.0,False,2009.75,2010.75
5958,236,302,s,119,123.0,False,2009.75,2010.75
5959,351,1297,s,119,123.0,False,2009.75,2010.75
5960,705,192,s,119,120.0,False,2009.75,2010.0
5961,936,360,s,119,122.0,False,2009.75,2010.5
5962,944,1053,s,119,125.0,False,2009.75,2011.25
5963,966,793,s,119,121.0,False,2009.75,2010.25
5964,1099,90,s,119,126.0,False,2009.75,2011.5
5965,1198,1188,s,119,120.0,False,2009.75,2010.0
5966,1260,1321,s,119,121.0,False,2009.75,2010.25
5967,1260,1392,s,119,129.0,False,2009.75,2012.25
5968,1291,1203,s,119,125.0,False,2009.75,2011.25
5969,1291,1281,s,119,121.0,False,2009.75,2010.25
5970,1291,1297,s,119,120.0,False,2009.75,2010.0
5971,1356,1188,s,119,122.0,False,2009.75,2010.5
5972,1356,1238,s,119,121.0,False,2009.75,2010.25
5973,1548,942,s,119,123.0,False,2009.75,2010.75
5974,1682,224,s,119,127.0,False,2009.75,2011.75
5975,1682,1273,s,119,122.0,False,2009.75,2010.5
5976,1682,1392,s,119,131.0,False,2009.75,2012.75
5977,150,1238,l,119,172.0,True,2009.75,2023.0
5978,422,942,l,119,178.0,True,2009.75,2024.5
5979,92,1028,l,119,197.0,True,2009.75,2029.25
5980,30,1699,l,119,122.0,True,2009.75,2010.5
5981,1099,1030,l,119,204.0,True,2009.75,2031.0
5982,96,537,s,120,122.0,False,2010.0,2010.5
5983,161,268,s,120,121.0,False,2010.0,2010.25
5984,172,302,s,120,121.0,False,2010.0,2010.25
5985,422,340,s,120,122.0,False,2010.0,2010.5
5986,525,325,s,120,123.0,False,2010.0,2010.75
5987,936,653,s,120,120.0,False,2010.0,2010.0
5988,960,942,s,120,121.0,False,2010.0,2010.25
5989,1157,1211,s,120,122.0,False,2010.0,2010.5
5990,1157,1699,s,120,123.0,False,2010.0,2010.75
5991,1291,1319,s,120,125.0,False,2010.0,2011.25
5992,1314,1264,s,120,123.0,False,2010.0,2010.75
5993,1317,1014,s,120,126.0,False,2010.0,2011.5
5994,1440,1510,s,120,124.0,False,2010.0,2011.0
5995,1682,708,s,120,121.0,False,2010.0,2010.25
5996,1682,1271,s,120,123.0,False,2010.0,2010.75
5997,1682,1281,s,120,121.0,False,2010.0,2010.25
5998,1682,1331,s,120,120.0,False,2010.0,2010.0
5999,1729,1188,s,120,124.0,False,2010.0,2011.0
6000,172,268,s,120,125.0,False,2010.0,2011.25
6001,274,302,s,120,121.0,False,2010.0,2010.25
6002,351,268,s,120,122.0,False,2010.0,2010.5
6003,561,1319,s,120,125.0,False,2010.0,2011.25
6004,791,1014,s,120,124.0,False,2010.0,2011.0
6005,847,259,s,120,124.0,False,2010.0,2011.0
6006,944,59,s,120,120.0,False,2010.0,2010.0
6007,944,90,s,120,124.0,False,2010.0,2011.0
6008,1157,1187,s,120,121.0,False,2010.0,2010.25
6009,1157,1321,s,120,123.0,False,2010.0,2010.75
6010,1207,1020,s,120,121.0,False,2010.0,2010.25
6011,1260,800,s,120,121.0,False,2010.0,2010.25
6012,1314,224,s,120,121.0,False,2010.0,2010.25
6013,1317,1699,s,120,121.0,False,2010.0,2010.25
6014,1431,1188,s,120,121.0,False,2010.0,2010.25
6015,1431,1331,s,120,122.0,False,2010.0,2010.5
6016,1682,1187,s,120,123.0,False,2010.0,2010.75
6017,1729,682,s,120,124.0,False,2010.0,2011.0
6018,1729,1240,s,120,120.0,False,2010.0,2010.0
6019,172,1188,s,120,128.0,False,2010.0,2012.0
6020,630,1188,s,120,121.0,False,2010.0,2010.25
6021,630,1319,s,120,123.0,False,2010.0,2010.75
6022,754,679,s,120,127.0,False,2010.0,2011.75
6023,754,1188,s,120,128.0,False,2010.0,2012.0
6024,848,614,s,120,129.0,False,2010.0,2012.25
6025,848,679,s,120,122.0,False,2010.0,2010.5
6026,936,406,s,120,132.0,False,2010.0,2013.0
6027,944,921,s,120,128.0,False,2010.0,2012.0
6028,966,1546,s,120,121.0,False,2010.0,2010.25
6029,1099,956,s,120,121.0,False,2010.0,2010.25
6030,1222,1020,s,120,122.0,False,2010.0,2010.5
6031,1260,1020,s,120,129.0,False,2010.0,2012.25
6032,1260,1271,s,120,122.0,False,2010.0,2010.5
6033,1263,268,s,120,144.0,False,2010.0,2016.0
6034,1272,1238,s,120,123.0,False,2010.0,2010.75
6035,1291,1240,s,120,121.0,False,2010.0,2010.25
6036,1314,1508,s,120,125.0,False,2010.0,2011.25
6037,1356,1271,s,120,121.0,False,2010.0,2010.25
6038,1729,1209,s,120,122.0,False,2010.0,2010.5
6039,1260,1508,l,120,191.0,True,2010.0,2027.75
6040,1317,268,l,120,151.0,True,2010.0,2017.75
6041,1356,1319,l,120,161.0,True,2010.0,2020.25
6042,30,653,l,120,136.0,True,2010.0,2014.0
6043,819,1546,l,120,152.0,True,2010.0,2018.0
6044,848,302,l,120,131.0,True,2010.0,2012.75
6045,1232,224,l,120,179.0,True,2010.0,2024.75
6046,1265,1238,l,120,202.0,True,2010.0,2030.5
6047,1682,1725,l,120,,True,2010.0,
6048,1729,1238,l,120,136.0,True,2010.0,2014.0
6049,161,302,s,121,128.0,False,2010.25,2012.0
6050,172,689,s,121,124.0,False,2010.25,2011.0
6051,172,1209,s,121,123.0,False,2010.25,2010.75
6052,754,1028,s,121,121.0,False,2010.25,2010.25
6053,788,302,s,121,126.0,False,2010.25,2011.5
6054,944,360,s,121,122.0,False,2010.25,2010.5
6055,1088,259,s,121,121.0,False,2010.25,2010.25
6056,1155,1297,s,121,122.0,False,2010.25,2010.5
6057,1189,1203,s,121,121.0,False,2010.25,2010.25
6058,1198,689,s,121,121.0,False,2010.25,2010.25
6059,1198,1188,s,121,124.0,False,2010.25,2011.0
6060,1431,1238,s,121,121.0,False,2010.25,2010.25
6061,1598,1510,s,121,124.0,False,2010.25,2011.0
6062,1682,1361,s,121,124.0,False,2010.25,2011.0
6063,1682,1699,s,121,121.0,False,2010.25,2010.25
6064,172,1211,s,121,123.0,False,2010.25,2010.75
6065,172,1238,s,121,133.0,False,2010.25,2013.25
6066,172,1331,s,121,123.0,False,2010.25,2010.75
6067,172,1699,s,121,125.0,False,2010.25,2011.25
6068,351,1281,s,121,125.0,False,2010.25,2011.25
6069,482,1281,s,121,121.0,False,2010.25,2010.25
6070,521,1203,s,121,126.0,False,2010.25,2011.5
6071,630,1203,s,121,123.0,False,2010.25,2010.75
6072,754,340,s,121,129.0,False,2010.25,2012.25
6073,847,90,s,121,122.0,False,2010.25,2010.5
6074,847,1546,s,121,122.0,False,2010.25,2010.5
6075,944,224,s,121,124.0,False,2010.25,2011.0
6076,944,1032,s,121,135.0,False,2010.25,2013.75
6077,966,243,s,121,124.0,False,2010.25,2011.0
6078,966,1030,s,121,123.0,False,2010.25,2010.75
6079,1099,1699,s,121,128.0,False,2010.25,2012.0
6080,1222,1211,s,121,125.0,False,2010.25,2011.25
6081,1265,1725,s,121,128.0,False,2010.25,2012.0
6082,1291,689,s,121,123.0,False,2010.25,2010.75
6083,161,1032,s,121,127.0,False,2010.25,2011.75
6084,161,1035,s,121,122.0,False,2010.25,2010.5
6085,526,302,s,121,135.0,False,2010.25,2013.75
6086,776,302,s,121,123.0,False,2010.25,2010.75
6087,916,956,s,121,123.0,False,2010.25,2010.75
6088,966,59,s,121,125.0,False,2010.25,2011.25
6089,966,259,s,121,127.0,False,2010.25,2011.75
6090,991,224,s,121,130.0,False,2010.25,2012.5
6091,1155,1295,s,121,133.0,False,2010.25,2013.25
6092,1248,1188,s,121,122.0,False,2010.25,2010.5
6093,1260,1331,s,121,128.0,False,2010.25,2012.0
6094,1263,1238,s,121,128.0,False,2010.25,2012.0
6095,1263,1319,s,121,129.0,False,2010.25,2012.25
6096,1291,1188,s,121,122.0,False,2010.25,2010.5
6097,1291,1331,s,121,124.0,False,2010.25,2011.0
6098,42,1681,l,121,137.0,True,2010.25,2014.25
6099,172,417,l,121,,True,2010.25,
6100,1099,985,l,121,132.0,True,2010.25,2013.0
6101,509,340,l,121,204.0,True,2010.25,2031.0
6102,526,1546,l,121,124.0,True,2010.25,2011.0
6103,944,406,l,121,224.0,True,2010.25,2036.0
6104,1157,524,l,121,204.0,True,2010.25,2031.0
6105,1260,192,l,121,121.0,True,2010.25,2010.25
6106,1260,1321,l,121,124.0,True,2010.25,2011.0
6107,936,614,l,121,142.0,True,2010.25,2015.5
6108,1222,1203,l,121,158.0,True,2010.25,2019.5
6109,1263,1297,l,121,173.0,True,2010.25,2023.25
6110,87,1508,s,122,123.0,False,2010.5,2010.75
6111,92,224,s,122,122.0,False,2010.5,2010.5
6112,351,614,s,122,125.0,False,2010.5,2011.25
6113,383,762,s,122,130.0,False,2010.5,2012.5
6114,754,59,s,122,122.0,False,2010.5,2010.5
6115,916,1546,s,122,124.0,False,2010.5,2011.0
6116,936,302,s,122,125.0,False,2010.5,2011.25
6117,936,942,s,122,125.0,False,2010.5,2011.25
6118,991,406,s,122,135.0,False,2010.5,2013.75
6119,1099,360,s,122,126.0,False,2010.5,2011.5
6120,1099,1045,s,122,124.0,False,2010.5,2011.0
6121,1157,268,s,122,124.0,False,2010.5,2011.0
6122,1157,1020,s,122,123.0,False,2010.5,2010.75
6123,1314,942,s,122,126.0,False,2010.5,2011.5
6124,1317,1415,s,122,124.0,False,2010.5,2011.0
6125,1431,1238,s,122,124.0,False,2010.5,2011.0
6126,1682,1699,s,122,139.0,False,2010.5,2014.75
6127,161,679,s,122,124.0,False,2010.5,2011.0
6128,274,942,s,122,122.0,False,2010.5,2010.5
6129,526,340,s,122,125.0,False,2010.5,2011.25
6130,561,24,s,122,124.0,False,2010.5,2011.0
6131,705,1028,s,122,123.0,False,2010.5,2010.75
6132,966,1510,s,122,124.0,False,2010.5,2011.0
6133,1155,192,s,122,123.0,False,2010.5,2010.75
6134,1157,192,s,122,139.0,False,2010.5,2014.75
6135,1222,1281,s,122,124.0,False,2010.5,2011.0
6136,1260,24,s,122,125.0,False,2010.5,2011.25
6137,1260,1203,s,122,122.0,False,2010.5,2010.5
6138,1314,1240,s,122,127.0,False,2010.5,2011.75
6139,1314,1281,s,122,126.0,False,2010.5,2011.5
6140,1431,1297,s,122,123.0,False,2010.5,2010.75
6141,30,224,s,122,123.0,False,2010.5,2010.75
6142,274,689,s,122,123.0,False,2010.5,2010.75
6143,337,192,s,122,125.0,False,2010.5,2011.25
6144,497,689,s,122,123.0,False,2010.5,2010.75
6145,630,1014,s,122,123.0,False,2010.5,2010.75
6146,754,1238,s,122,132.0,False,2010.5,2013.0
6147,819,302,s,122,123.0,False,2010.5,2010.75
6148,819,956,s,122,127.0,False,2010.5,2011.75
6149,916,259,s,122,126.0,False,2010.5,2011.5
6150,916,689,s,122,129.0,False,2010.5,2012.25
6151,966,302,s,122,127.0,False,2010.5,2011.75
6152,1099,192,s,122,125.0,False,2010.5,2011.25
6153,1155,1321,s,122,127.0,False,2010.5,2011.75
6154,1189,1188,s,122,123.0,False,2010.5,2010.75
6155,1189,1473,s,122,126.0,False,2010.5,2011.5
6156,1263,1508,s,122,126.0,False,2010.5,2011.5
6157,1265,1508,s,122,133.0,False,2010.5,2013.25
6158,1291,1361,s,122,124.0,False,2010.5,2011.0
6159,1317,689,s,122,125.0,False,2010.5,2011.25
6160,916,679,l,122,123.0,True,2010.5,2010.75
6161,944,360,l,122,147.0,True,2010.5,2016.75
6162,1260,1203,l,122,179.0,True,2010.5,2024.75
6163,1263,1699,l,122,233.0,True,2010.5,2038.25
6164,113,1028,s,123,130.0,False,2010.75,2012.5
6165,630,1209,s,123,127.0,False,2010.75,2011.75
6166,759,224,s,123,127.0,False,2010.75,2011.75
6167,819,59,s,123,133.0,False,2010.75,2013.25
6168,819,259,s,123,127.0,False,2010.75,2011.75
6169,848,679,s,123,125.0,False,2010.75,2011.25
6170,944,1681,s,123,125.0,False,2010.75,2011.25
6171,1232,1238,s,123,123.0,False,2010.75,2010.75
6172,1248,1203,s,123,124.0,False,2010.75,2011.0
6173,1263,1331,s,123,129.0,False,2010.75,2012.25
6174,1291,1209,s,123,131.0,False,2010.75,2012.75
6175,1317,1361,s,123,129.0,False,2010.75,2012.25
6176,1682,689,s,123,126.0,False,2010.75,2011.5
6177,1682,1281,s,123,126.0,False,2010.75,2011.5
6178,1729,1020,s,123,127.0,False,2010.75,2011.75
6179,172,985,s,123,127.0,False,2010.75,2011.75
6180,262,1203,s,123,124.0,False,2010.75,2011.0
6181,561,192,s,123,123.0,False,2010.75,2010.75
6182,776,59,s,123,124.0,False,2010.75,2011.0
6183,848,1028,s,123,124.0,False,2010.75,2011.0
6184,849,1546,s,123,126.0,False,2010.75,2011.5
6185,916,24,s,123,124.0,False,2010.75,2011.0
6186,944,653,s,123,126.0,False,2010.75,2011.5
6187,1088,689,s,123,126.0,False,2010.75,2011.5
6188,1155,268,s,123,124.0,False,2010.75,2011.0
6189,1155,689,s,123,135.0,False,2010.75,2013.75
6190,1198,1014,s,123,128.0,False,2010.75,2012.0
6191,1222,1725,s,123,124.0,False,2010.75,2011.0
6192,1260,1699,s,123,126.0,False,2010.75,2011.5
6193,1260,1725,s,123,128.0,False,2010.75,2012.0
6194,1263,1020,s,123,127.0,False,2010.75,2011.75
6195,1317,1699,s,123,128.0,False,2010.75,2012.0
6196,1368,1331,s,123,124.0,False,2010.75,2011.0
6197,1682,1240,s,123,125.0,False,2010.75,2011.25
6198,1682,1331,s,123,123.0,False,2010.75,2010.75
6199,30,1321,s,123,128.0,False,2010.75,2012.0
6200,304,761,s,123,124.0,False,2010.75,2011.0
6201,422,704,s,123,129.0,False,2010.75,2012.25
6202,776,391,s,123,135.0,False,2010.75,2013.75
6203,913,268,s,123,124.0,False,2010.75,2011.0
6204,916,340,s,123,129.0,False,2010.75,2012.25
6205,944,775,s,123,130.0,False,2010.75,2012.5
6206,1099,790,s,123,124.0,False,2010.75,2011.0
6207,1157,1209,s,123,124.0,False,2010.75,2011.0
6208,1260,192,s,123,129.0,False,2010.75,2012.25
6209,1157,224,l,123,218.0,True,2010.75,2034.5
6210,1189,224,l,123,,True,2010.75,
6211,1291,1188,l,123,130.0,True,2010.75,2012.5
6212,561,1188,l,123,133.0,True,2010.75,2013.25
6213,1099,1546,l,123,129.0,True,2010.75,2012.25
6214,1682,1331,l,123,155.0,True,2010.75,2018.75
6215,30,942,s,124,126.0,False,2011.0,2011.5
6216,172,360,s,124,126.0,False,2011.0,2011.5
6217,422,679,s,124,134.0,False,2011.0,2013.5
6218,630,1238,s,124,125.0,False,2011.0,2011.25
6219,819,340,s,124,130.0,False,2011.0,2012.5
6220,847,689,s,124,129.0,False,2011.0,2012.25
6221,936,268,s,124,128.0,False,2011.0,2012.0
6222,944,59,s,124,131.0,False,2011.0,2012.75
6223,1207,1238,s,124,127.0,False,2011.0,2011.75
6224,1291,689,s,124,127.0,False,2011.0,2011.75
6225,1314,1699,s,124,136.0,False,2011.0,2014.0
6226,1317,1331,s,124,126.0,False,2011.0,2011.5
6227,1356,1508,s,124,134.0,False,2011.0,2013.5
6228,1376,942,s,124,131.0,False,2011.0,2012.75
6229,1455,1321,s,124,128.0,False,2011.0,2012.0
6230,1729,942,s,124,125.0,False,2011.0,2011.25
6231,330,406,s,124,130.0,False,2011.0,2012.5
6232,351,268,s,124,125.0,False,2011.0,2011.25
6233,351,689,s,124,130.0,False,2011.0,2012.5
6234,351,1203,s,124,129.0,False,2011.0,2012.25
6235,848,1020,s,124,125.0,False,2011.0,2011.25
6236,848,1437,s,124,124.0,False,2011.0,2011.0
6237,909,942,s,124,127.0,False,2011.0,2011.75
6238,916,679,s,124,126.0,False,2011.0,2011.5
6239,936,1014,s,124,129.0,False,2011.0,2012.25
6240,966,956,s,124,126.0,False,2011.0,2011.5
6241,1157,16,s,124,126.0,False,2011.0,2011.5
6242,1184,1699,s,124,125.0,False,2011.0,2011.25
6243,1189,1203,s,124,126.0,False,2011.0,2011.5
6244,1222,1508,s,124,126.0,False,2011.0,2011.5
6245,1248,1238,s,124,124.0,False,2011.0,2011.0
6246,1248,1281,s,124,125.0,False,2011.0,2011.25
6247,1260,1264,s,124,130.0,False,2011.0,2012.5
6248,1314,1238,s,124,129.0,False,2011.0,2012.25
6249,1317,1310,s,124,128.0,False,2011.0,2012.0
6250,1376,1203,s,124,127.0,False,2011.0,2011.75
6251,1431,1331,s,124,125.0,False,2011.0,2011.25
6252,1682,1271,s,124,130.0,False,2011.0,2012.5
6253,96,405,s,124,137.0,False,2011.0,2014.25
6254,96,1546,s,124,131.0,False,2011.0,2012.75
6255,351,1238,s,124,125.0,False,2011.0,2011.25
6256,422,90,s,124,125.0,False,2011.0,2011.25
6257,422,224,s,124,127.0,False,2011.0,2011.75
6258,966,340,s,124,125.0,False,2011.0,2011.25
6259,1184,942,s,124,130.0,False,2011.0,2012.5
6260,1222,1331,s,124,129.0,False,2011.0,2012.25
6261,1248,243,s,124,129.0,False,2011.0,2012.25
6262,1260,1321,s,124,125.0,False,2011.0,2011.25
6263,1314,1188,s,124,128.0,False,2011.0,2012.0
6264,1314,1361,s,124,127.0,False,2011.0,2011.75
6265,1431,689,s,124,125.0,False,2011.0,2011.25
6266,1455,1203,s,124,125.0,False,2011.0,2011.25
6267,351,1153,l,124,163.0,True,2011.0,2020.75
6268,337,302,l,124,126.0,True,2011.0,2011.5
6269,848,653,l,124,151.0,True,2011.0,2017.75
6270,944,224,l,124,142.0,True,2011.0,2015.5
6271,1729,443,l,124,201.0,True,2011.0,2030.25
6272,497,1032,s,125,127.0,False,2011.25,2011.75
6273,526,956,s,125,130.0,False,2011.25,2012.5
6274,561,689,s,125,129.0,False,2011.25,2012.25
6275,819,406,s,125,144.0,False,2011.25,2016.0
6276,916,192,s,125,126.0,False,2011.25,2011.5
6277,1189,1240,s,125,126.0,False,2011.25,2011.5
6278,1248,1238,s,125,127.0,False,2011.25,2011.75
6279,1314,1209,s,125,129.0,False,2011.25,2012.25
6280,172,689,s,125,126.0,False,2011.25,2011.5
6281,262,1188,s,125,127.0,False,2011.25,2011.75
6282,274,1028,s,125,129.0,False,2011.25,2012.25
6283,630,942,s,125,137.0,False,2011.25,2014.25
6284,630,1508,s,125,133.0,False,2011.25,2013.25
6285,776,90,s,125,130.0,False,2011.25,2012.5
6286,776,302,s,125,127.0,False,2011.25,2011.75
6287,847,942,s,125,125.0,False,2011.25,2011.25
6288,916,59,s,125,135.0,False,2011.25,2013.75
6289,936,192,s,125,127.0,False,2011.25,2011.75
6290,966,224,s,125,132.0,False,2011.25,2013.0
6291,1263,1188,s,125,126.0,False,2011.25,2011.5
6292,1314,1203,s,125,131.0,False,2011.25,2012.75
6293,1369,1188,s,125,125.0,False,2011.25,2011.25
6294,1431,1188,s,125,127.0,False,2011.25,2011.75
6295,92,1508,s,125,126.0,False,2011.25,2011.5
6296,172,1203,s,125,146.0,False,2011.25,2016.5
6297,422,1028,s,125,131.0,False,2011.25,2012.75
6298,754,1014,s,125,126.0,False,2011.25,2011.5
6299,832,1459,s,125,128.0,False,2011.25,2012.0
6300,1099,762,s,125,130.0,False,2011.25,2012.5
6301,1198,1209,s,125,127.0,False,2011.25,2011.75
6302,1291,1273,s,125,128.0,False,2011.25,2012.0
6303,1291,1508,s,125,134.0,False,2011.25,2013.5
6304,1455,1508,s,125,128.0,False,2011.25,2012.0
6305,1705,1188,s,125,128.0,False,2011.25,2012.0
6306,337,762,l,125,220.0,True,2011.25,2035.0
6307,848,192,l,125,132.0,True,2011.25,2013.0
6308,1248,224,l,125,231.0,True,2011.25,2037.75
6309,1314,1319,l,125,165.0,True,2011.25,2021.25
6310,30,689,s,126,140.0,False,2011.5,2015.0
6311,42,790,s,126,126.0,False,2011.5,2011.5
6312,776,956,s,126,132.0,False,2011.5,2013.0
6313,936,1028,s,126,128.0,False,2011.5,2012.0
6314,944,1014,s,126,128.0,False,2011.5,2012.0
6315,960,942,s,126,133.0,False,2011.5,2013.25
6316,966,942,s,126,130.0,False,2011.5,2012.5
6317,966,1032,s,126,128.0,False,2011.5,2012.0
6318,1155,1297,s,126,126.0,False,2011.5,2011.5
6319,1198,689,s,126,126.0,False,2011.5,2011.5
6320,1260,243,s,126,130.0,False,2011.5,2012.5
6321,1291,1238,s,126,127.0,False,2011.5,2011.75
6322,1356,942,s,126,139.0,False,2011.5,2014.75
6323,1356,1725,s,126,126.0,False,2011.5,2011.5
6324,1431,1392,s,126,129.0,False,2011.5,2012.25
6325,1455,1297,s,126,130.0,False,2011.5,2012.5
6326,1598,543,s,126,129.0,False,2011.5,2012.25
6327,42,1045,s,126,128.0,False,2011.5,2012.0
6328,92,1188,s,126,133.0,False,2011.5,2013.25
6329,172,653,s,126,131.0,False,2011.5,2012.75
6330,526,110,s,126,133.0,False,2011.5,2013.25
6331,630,1321,s,126,128.0,False,2011.5,2012.0
6332,754,313,s,126,129.0,False,2011.5,2012.25
6333,754,689,s,126,128.0,False,2011.5,2012.0
6334,916,336,s,126,130.0,False,2011.5,2012.5
6335,916,1044,s,126,126.0,False,2011.5,2011.5
6336,936,302,s,126,131.0,False,2011.5,2012.75
6337,936,689,s,126,136.0,False,2011.5,2014.0
6338,1099,956,s,126,130.0,False,2011.5,2012.5
6339,1184,1203,s,126,129.0,False,2011.5,2012.25
6340,1222,710,s,126,127.0,False,2011.5,2011.75
6341,1260,1297,s,126,133.0,False,2011.5,2013.25
6342,1291,1203,s,126,133.0,False,2011.5,2013.25
6343,1291,1281,s,126,126.0,False,2011.5,2011.5
6344,1530,1459,s,126,128.0,False,2011.5,2012.0
6345,39,1681,s,126,127.0,False,2011.5,2011.75
6346,172,302,s,126,127.0,False,2011.5,2011.75
6347,172,1699,s,126,133.0,False,2011.5,2013.25
6348,776,679,s,126,128.0,False,2011.5,2012.0
6349,848,59,s,126,127.0,False,2011.5,2011.75
6350,855,1681,s,126,128.0,False,2011.5,2012.0
6351,966,1546,s,126,127.0,False,2011.5,2011.75
6352,1184,1508,s,126,129.0,False,2011.5,2012.25
6353,1260,268,s,126,131.0,False,2011.5,2012.75
6354,1356,1361,s,126,133.0,False,2011.5,2013.25
6355,1455,1271,s,126,133.0,False,2011.5,2013.25
6356,849,224,l,126,126.0,True,2011.5,2011.5
6357,1317,1240,l,126,147.0,True,2011.5,2016.75
6358,1265,1188,l,126,158.0,True,2011.5,2019.5
6359,1314,942,l,126,200.0,True,2011.5,2030.0
6360,1317,1209,l,126,134.0,True,2011.5,2013.5
6361,30,224,s,127,130.0,False,2011.75,2012.5
6362,96,790,s,127,136.0,False,2011.75,2014.0
6363,383,1681,s,127,131.0,False,2011.75,2012.75
6364,848,224,s,127,130.0,False,2011.75,2012.5
6365,848,1028,s,127,131.0,False,2011.75,2012.75
6366,936,942,s,127,127.0,False,2011.75,2011.75
6367,944,259,s,127,128.0,False,2011.75,2012.0
6368,944,689,s,127,135.0,False,2011.75,2013.75
6369,1099,340,s,127,128.0,False,2011.75,2012.0
6370,1099,775,s,127,129.0,False,2011.75,2012.25
6371,1222,268,s,127,129.0,False,2011.75,2012.25
6372,1222,1321,s,127,127.0,False,2011.75,2011.75
6373,1260,689,s,127,127.0,False,2011.75,2011.75
6374,1263,1392,s,127,131.0,False,2011.75,2012.75
6375,1314,1271,s,127,130.0,False,2011.75,2012.5
6376,1314,1725,s,127,130.0,False,2011.75,2012.5
6377,1705,1014,s,127,134.0,False,2011.75,2013.5
6378,30,259,s,127,130.0,False,2011.75,2012.5
6379,274,1148,s,127,129.0,False,2011.75,2012.25
6380,521,1028,s,127,131.0,False,2011.75,2012.75
6381,754,1028,s,127,133.0,False,2011.75,2013.25
6382,819,302,s,127,131.0,False,2011.75,2012.75
6383,916,268,s,127,128.0,False,2011.75,2012.0
6384,916,1032,s,127,128.0,False,2011.75,2012.0
6385,936,110,s,127,129.0,False,2011.75,2012.25
6386,944,90,s,127,128.0,False,2011.75,2012.0
6387,1184,1699,s,127,132.0,False,2011.75,2013.0
6388,1263,313,s,127,135.0,False,2011.75,2013.75
6389,1263,1216,s,127,129.0,False,2011.75,2012.25
6390,1275,1281,s,127,138.0,False,2011.75,2014.5
6391,1682,417,s,127,128.0,False,2011.75,2012.0
6392,1682,1321,s,127,134.0,False,2011.75,2013.5
6393,113,942,s,127,129.0,False,2011.75,2012.25
6394,479,405,s,127,128.0,False,2011.75,2012.0
6395,561,942,s,127,132.0,False,2011.75,2013.0
6396,819,985,s,127,132.0,False,2011.75,2013.0
6397,848,1030,s,127,128.0,False,2011.75,2012.0
6398,849,1028,s,127,135.0,False,2011.75,2013.75
6399,916,192,s,127,128.0,False,2011.75,2012.0
6400,936,1321,s,127,128.0,False,2011.75,2012.0
6401,991,259,s,127,139.0,False,2011.75,2014.75
6402,1088,942,s,127,128.0,False,2011.75,2012.0
6403,1155,1188,s,127,141.0,False,2011.75,2015.25
6404,1222,1699,s,127,132.0,False,2011.75,2013.0
6405,1682,1238,s,127,131.0,False,2011.75,2012.75
6406,1682,1319,s,127,137.0,False,2011.75,2014.25
6407,1705,1238,s,127,128.0,False,2011.75,2012.0
6408,337,1028,l,127,220.0,True,2011.75,2035.0
6409,944,907,l,127,208.0,True,2011.75,2032.0
6410,1317,1188,l,127,143.0,True,2011.75,2015.75
6411,1431,1319,l,127,179.0,True,2011.75,2024.75
6412,30,942,l,127,208.0,True,2011.75,2032.0
6413,936,942,l,127,159.0,True,2011.75,2019.75
6414,1314,1321,l,127,202.0,True,2011.75,2030.5
6415,1729,1297,l,127,174.0,True,2011.75,2023.5
6416,96,956,l,127,142.0,True,2011.75,2015.5
6417,1431,942,l,127,141.0,True,2011.75,2015.25
6418,157,1048,s,128,134.0,False,2012.0,2013.5
6419,161,406,s,128,131.0,False,2012.0,2012.75
6420,274,942,s,128,134.0,False,2012.0,2013.5
6421,497,59,s,128,128.0,False,2012.0,2012.0
6422,497,302,s,128,138.0,False,2012.0,2014.5
6423,630,653,s,128,129.0,False,2012.0,2012.25
6424,754,406,s,128,132.0,False,2012.0,2013.0
6425,848,1437,s,128,128.0,False,2012.0,2012.0
6426,913,268,s,128,137.0,False,2012.0,2014.25
6427,966,340,s,128,131.0,False,2012.0,2012.75
6428,1248,1281,s,128,135.0,False,2012.0,2013.75
6429,1260,689,s,128,133.0,False,2012.0,2013.25
6430,1291,1361,s,128,129.0,False,2012.0,2012.25
6431,1376,1203,s,128,134.0,False,2012.0,2013.5
6432,1431,1188,s,128,130.0,False,2012.0,2012.5
6433,1431,1240,s,128,130.0,False,2012.0,2012.5
6434,1729,800,s,128,132.0,False,2012.0,2013.0
6435,1729,942,s,128,137.0,False,2012.0,2014.25
6436,30,1238,s,128,133.0,False,2012.0,2013.25
6437,172,1209,s,128,139.0,False,2012.0,2014.75
6438,351,614,s,128,134.0,False,2012.0,2013.5
6439,630,1020,s,128,129.0,False,2012.0,2012.25
6440,754,302,s,128,131.0,False,2012.0,2012.75
6441,916,679,s,128,136.0,False,2012.0,2014.0
6442,916,1321,s,128,133.0,False,2012.0,2013.25
6443,916,1546,s,128,131.0,False,2012.0,2012.75
6444,1189,1238,s,128,138.0,False,2012.0,2014.5
6445,1222,1238,s,128,138.0,False,2012.0,2014.5
6446,1222,1508,s,128,131.0,False,2012.0,2012.75
6447,1314,1508,s,128,144.0,False,2012.0,2016.0
6448,1349,942,s,128,129.0,False,2012.0,2012.25
6449,1682,1508,s,128,129.0,False,2012.0,2012.25
6450,1729,1188,s,128,133.0,False,2012.0,2013.25
6451,30,391,s,128,132.0,False,2012.0,2013.0
6452,30,1020,s,128,131.0,False,2012.0,2012.75
6453,172,243,s,128,130.0,False,2012.0,2012.5
6454,172,302,s,128,129.0,False,2012.0,2012.25
6455,172,689,s,128,136.0,False,2012.0,2014.0
6456,236,110,s,128,130.0,False,2012.0,2012.5
6457,337,224,s,128,132.0,False,2012.0,2013.0
6458,819,325,s,128,132.0,False,2012.0,2013.0
6459,847,1546,s,128,131.0,False,2012.0,2012.75
6460,909,302,s,128,132.0,False,2012.0,2013.0
6461,944,614,s,128,129.0,False,2012.0,2012.25
6462,966,985,s,128,132.0,False,2012.0,2013.0
6463,1198,1238,s,128,135.0,False,2012.0,2013.75
6464,1263,1264,s,128,134.0,False,2012.0,2013.5
6465,1431,1238,s,128,131.0,False,2012.0,2012.75
6466,1682,689,s,128,129.0,False,2012.0,2012.25
6467,1729,1319,s,128,130.0,False,2012.0,2012.5
6468,30,1032,l,128,,True,2012.0,
6469,1157,800,l,128,154.0,True,2012.0,2018.5
6470,1291,1238,l,128,136.0,True,2012.0,2014.0
6471,1365,942,l,128,128.0,True,2012.0,2012.0
6472,479,90,l,128,166.0,True,2012.0,2021.5
6473,819,1032,l,128,152.0,True,2012.0,2018.0
6474,966,259,l,128,219.0,True,2012.0,2034.75
6475,966,406,l,128,144.0,True,2012.0,2016.0
6476,1515,1546,l,128,136.0,True,2012.0,2014.0
6477,1705,942,l,128,142.0,True,2012.0,2015.5
6478,161,942,s,129,132.0,False,2012.25,2013.0
6479,394,1188,s,129,132.0,False,2012.25,2013.0
6480,422,956,s,129,132.0,False,2012.25,2013.0
6481,916,192,s,129,131.0,False,2012.25,2012.75
6482,916,1681,s,129,140.0,False,2012.25,2015.0
6483,966,1032,s,129,130.0,False,2012.25,2012.5
6484,1157,1297,s,129,132.0,False,2012.25,2013.0
6485,1189,942,s,129,129.0,False,2012.25,2012.25
6486,1248,1188,s,129,130.0,False,2012.25,2012.5
6487,1248,1238,s,129,137.0,False,2012.25,2014.25
6488,1260,1331,s,129,133.0,False,2012.25,2013.25
6489,1317,1295,s,129,133.0,False,2012.25,2013.25
6490,1317,1370,s,129,130.0,False,2012.25,2012.5
6491,1356,1240,s,129,131.0,False,2012.25,2012.75
6492,1376,1188,s,129,133.0,False,2012.25,2013.25
6493,87,1188,s,129,136.0,False,2012.25,2014.0
6494,161,340,s,129,131.0,False,2012.25,2012.75
6495,172,268,s,129,129.0,False,2012.25,2012.25
6496,172,1188,s,129,129.0,False,2012.25,2012.25
6497,422,689,s,129,136.0,False,2012.25,2014.0
6498,739,1028,s,129,130.0,False,2012.25,2012.5
6499,916,110,s,129,129.0,False,2012.25,2012.25
6500,944,167,s,129,130.0,False,2012.25,2012.5
6501,1099,761,s,129,129.0,False,2012.25,2012.25
6502,1157,1331,s,129,134.0,False,2012.25,2013.5
6503,1222,689,s,129,129.0,False,2012.25,2012.25
6504,1222,1271,s,129,131.0,False,2012.25,2012.75
6505,1244,1508,s,129,132.0,False,2012.25,2013.0
6506,1314,1297,s,129,132.0,False,2012.25,2013.0
6507,1317,1508,s,129,136.0,False,2012.25,2014.0
6508,1365,689,s,129,130.0,False,2012.25,2012.5
6509,1729,1020,s,129,130.0,False,2012.25,2012.5
6510,1729,1271,s,129,130.0,False,2012.25,2012.5
6511,482,942,s,129,133.0,False,2012.25,2013.25
6512,788,762,s,129,130.0,False,2012.25,2012.5
6513,791,224,s,129,136.0,False,2012.25,2014.0
6514,847,224,s,129,138.0,False,2012.25,2014.5
6515,916,956,s,129,133.0,False,2012.25,2013.25
6516,940,1331,s,129,131.0,False,2012.25,2012.75
6517,944,1020,s,129,133.0,False,2012.25,2013.25
6518,1099,1032,s,129,132.0,False,2012.25,2013.0
6519,1157,1271,s,129,130.0,False,2012.25,2012.5
6520,1376,1473,s,129,130.0,False,2012.25,2012.5
6521,1244,1297,l,129,145.0,True,2012.25,2016.25
6522,1356,1188,l,129,223.0,True,2012.25,2035.75
6523,30,268,l,129,214.0,True,2012.25,2033.5
6524,92,1238,l,129,200.0,True,2012.25,2030.0
6525,172,1188,l,129,145.0,True,2012.25,2016.25
6526,330,1188,l,129,162.0,True,2012.25,2020.5
6527,1260,1319,l,129,169.0,True,2012.25,2022.25
6528,1365,942,l,129,181.0,True,2012.25,2025.25
6529,330,1699,s,130,133.0,False,2012.5,2013.25
6530,351,1321,s,130,134.0,False,2012.5,2013.5
6531,422,1699,s,130,130.0,False,2012.5,2012.5
6532,526,1031,s,130,132.0,False,2012.5,2013.0
6533,847,775,s,130,135.0,False,2012.5,2013.75
6534,916,302,s,130,156.0,False,2012.5,2019.0
6535,916,689,s,130,141.0,False,2012.5,2015.25
6536,944,243,s,130,130.0,False,2012.5,2012.5
6537,966,302,s,130,131.0,False,2012.5,2012.75
6538,1157,1361,s,130,130.0,False,2012.5,2012.5
6539,1248,689,s,130,136.0,False,2012.5,2014.0
6540,1260,1473,s,130,133.0,False,2012.5,2013.25
6541,1314,1188,s,130,131.0,False,2012.5,2012.75
6542,1317,1331,s,130,134.0,False,2012.5,2013.5
6543,1682,1370,s,130,144.0,False,2012.5,2016.0
6544,161,59,s,130,137.0,False,2012.5,2014.25
6545,172,793,s,130,138.0,False,2012.5,2014.5
6546,337,1030,s,130,132.0,False,2012.5,2013.0
6547,337,1188,s,130,134.0,False,2012.5,2013.5
6548,351,1020,s,130,137.0,False,2012.5,2014.25
6549,630,1020,s,130,131.0,False,2012.5,2012.75
6550,848,259,s,130,134.0,False,2012.5,2013.5
6551,916,259,s,130,131.0,False,2012.5,2012.75
6552,916,1020,s,130,130.0,False,2012.5,2012.5
6553,936,1028,s,130,142.0,False,2012.5,2015.5
6554,944,259,s,130,133.0,False,2012.5,2013.25
6555,944,1546,s,130,138.0,False,2012.5,2014.5
6556,966,1546,s,130,143.0,False,2012.5,2015.75
6557,1099,543,s,130,132.0,False,2012.5,2013.0
6558,1099,1546,s,130,132.0,False,2012.5,2013.0
6559,1155,942,s,130,132.0,False,2012.5,2013.0
6560,1265,1535,s,130,136.0,False,2012.5,2014.0
6561,1314,1209,s,130,131.0,False,2012.5,2012.75
6562,1314,1238,s,130,133.0,False,2012.5,2013.25
6563,1682,1240,s,130,131.0,False,2012.5,2012.75
6564,30,1699,s,130,134.0,False,2012.5,2013.5
6565,351,1370,s,130,133.0,False,2012.5,2013.25
6566,394,1187,s,130,139.0,False,2012.5,2014.75
6567,754,942,s,130,138.0,False,2012.5,2014.5
6568,847,689,s,130,139.0,False,2012.5,2014.75
6569,848,679,s,130,136.0,False,2012.5,2014.0
6570,916,340,s,130,131.0,False,2012.5,2012.75
6571,1099,340,s,130,145.0,False,2012.5,2016.25
6572,1157,1188,s,130,134.0,False,2012.5,2013.5
6573,1729,689,s,130,135.0,False,2012.5,2013.75
6574,172,268,l,130,166.0,True,2012.5,2021.5
6575,1291,1331,l,130,184.0,True,2012.5,2026.0
6576,337,302,l,130,142.0,True,2012.5,2015.5
6577,940,689,l,130,229.0,True,2012.5,2037.25
6578,1222,268,l,130,135.0,True,2012.5,2013.75
6579,1198,1188,l,130,164.0,True,2012.5,2021.0
6580,161,405,s,131,144.0,False,2012.75,2016.0
6581,172,775,s,131,139.0,False,2012.75,2014.75
6582,262,1281,s,131,143.0,False,2012.75,2015.75
6583,337,942,s,131,133.0,False,2012.75,2013.25
6584,422,762,s,131,136.0,False,2012.75,2014.0
6585,526,762,s,131,132.0,False,2012.75,2013.0
6586,561,59,s,131,131.0,False,2012.75,2012.75
6587,776,302,s,131,141.0,False,2012.75,2015.25
6588,819,340,s,131,135.0,False,2012.75,2013.75
6589,916,1028,s,131,135.0,False,2012.75,2013.75
6590,916,1032,s,131,134.0,False,2012.75,2013.5
6591,936,1188,s,131,142.0,False,2012.75,2015.5
6592,944,90,s,131,148.0,False,2012.75,2017.0
6593,1088,1028,s,131,135.0,False,2012.75,2013.75
6594,1099,110,s,131,132.0,False,2012.75,2013.0
6595,1239,1319,s,131,132.0,False,2012.75,2013.0
6596,1239,1508,s,131,132.0,False,2012.75,2013.0
6597,1263,1238,s,131,134.0,False,2012.75,2013.5
6598,1263,1319,s,131,135.0,False,2012.75,2013.75
6599,1314,1725,s,131,134.0,False,2012.75,2013.5
6600,1356,1238,s,131,131.0,False,2012.75,2012.75
6601,1682,1014,s,131,136.0,False,2012.75,2014.0
6602,1682,1281,s,131,141.0,False,2012.75,2015.25
6603,1682,1473,s,131,138.0,False,2012.75,2014.5
6604,207,406,s,131,132.0,False,2012.75,2013.0
6605,330,1014,s,131,131.0,False,2012.75,2012.75
6606,351,268,s,131,138.0,False,2012.75,2014.5
6607,351,1699,s,131,135.0,False,2012.75,2013.75
6608,776,110,s,131,133.0,False,2012.75,2013.25
6609,848,224,s,131,140.0,False,2012.75,2015.0
6610,848,1699,s,131,131.0,False,2012.75,2012.75
6611,849,340,s,131,136.0,False,2012.75,2014.0
6612,913,1331,s,131,133.0,False,2012.75,2013.25
6613,944,391,s,131,131.0,False,2012.75,2012.75
6614,944,614,s,131,131.0,False,2012.75,2012.75
6615,1088,224,s,131,136.0,False,2012.75,2014.0
6616,1099,790,s,131,134.0,False,2012.75,2013.5
6617,1157,1238,s,131,138.0,False,2012.75,2014.5
6618,1239,1188,s,131,132.0,False,2012.75,2013.0
6619,1248,417,s,131,136.0,False,2012.75,2014.0
6620,1260,1699,s,131,131.0,False,2012.75,2012.75
6621,1368,1188,s,131,146.0,False,2012.75,2016.5
6622,1431,1321,s,131,136.0,False,2012.75,2014.0
6623,1431,1331,s,131,134.0,False,2012.75,2013.5
6624,1431,1473,s,131,138.0,False,2012.75,2014.5
6625,1455,1370,s,131,134.0,False,2012.75,2013.5
6626,1682,689,s,131,137.0,False,2012.75,2014.25
6627,1682,1271,s,131,135.0,False,2012.75,2013.75
6628,30,360,s,131,133.0,False,2012.75,2013.25
6629,161,268,s,131,152.0,False,2012.75,2018.0
6630,172,1028,s,131,136.0,False,2012.75,2014.0
6631,172,1361,s,131,137.0,False,2012.75,2014.25
6632,330,224,s,131,140.0,False,2012.75,2015.0
6633,330,942,s,131,134.0,False,2012.75,2013.5
6634,351,192,s,131,133.0,False,2012.75,2013.25
6635,351,689,s,131,139.0,False,2012.75,2014.75
6636,561,1508,s,131,132.0,False,2012.75,2013.0
6637,776,679,s,131,139.0,False,2012.75,2014.75
6638,791,942,s,131,136.0,False,2012.75,2014.0
6639,848,340,s,131,139.0,False,2012.75,2014.75
6640,916,775,s,131,132.0,False,2012.75,2013.0
6641,916,945,s,131,133.0,False,2012.75,2013.25
6642,936,59,s,131,134.0,False,2012.75,2013.5
6643,936,268,s,131,135.0,False,2012.75,2013.75
6644,944,653,s,131,139.0,False,2012.75,2014.75
6645,1099,360,s,131,140.0,False,2012.75,2015.0
6646,1157,1216,s,131,135.0,False,2012.75,2013.75
6647,1263,1188,s,131,133.0,False,2012.75,2013.25
6648,1291,1319,s,131,139.0,False,2012.75,2014.75
6649,1317,1370,s,131,137.0,False,2012.75,2014.25
6650,1365,793,s,131,132.0,False,2012.75,2013.0
6651,172,1264,l,131,216.0,True,2012.75,2034.0
6652,916,268,l,131,143.0,True,2012.75,2015.75
6653,1431,1361,l,131,145.0,True,2012.75,2016.25
6654,849,406,l,131,141.0,True,2012.75,2015.25
6655,966,679,l,131,160.0,True,2012.75,2020.0
6656,1314,1240,l,131,149.0,True,2012.75,2017.25
6657,847,1546,l,131,147.0,True,2012.75,2016.75
6658,30,259,s,132,142.0,False,2013.0,2015.5
6659,87,1028,s,132,141.0,False,2013.0,2015.25
6660,96,543,s,132,133.0,False,2013.0,2013.25
6661,113,942,s,132,132.0,False,2013.0,2013.0
6662,262,1203,s,132,134.0,False,2013.0,2013.5
6663,330,1020,s,132,133.0,False,2013.0,2013.25
6664,848,1028,s,132,133.0,False,2013.0,2013.25
6665,916,192,s,132,134.0,False,2013.0,2013.5
6666,916,340,s,132,133.0,False,2013.0,2013.25
6667,936,876,s,132,134.0,False,2013.0,2013.5
6668,966,1030,s,132,133.0,False,2013.0,2013.25
6669,1099,90,s,132,136.0,False,2013.0,2014.0
6670,1222,1240,s,132,143.0,False,2013.0,2015.75
6671,1260,800,s,132,134.0,False,2013.0,2013.5
6672,1260,1392,s,132,137.0,False,2013.0,2014.25
6673,1291,1188,s,132,136.0,False,2013.0,2014.0
6674,1314,1370,s,132,134.0,False,2013.0,2013.5
6675,1314,1473,s,132,138.0,False,2013.0,2014.5
6676,1356,1238,s,132,142.0,False,2013.0,2015.5
6677,1682,1203,s,132,141.0,False,2013.0,2015.25
6678,1682,1238,s,132,146.0,False,2013.0,2016.5
6679,1729,1014,s,132,135.0,False,2013.0,2013.75
6680,92,224,s,132,139.0,False,2013.0,2014.75
6681,161,1546,s,132,132.0,False,2013.0,2013.0
6682,172,800,s,132,143.0,False,2013.0,2015.75
6683,236,1681,s,132,138.0,False,2013.0,2014.5
6684,848,302,s,132,135.0,False,2013.0,2013.75
6685,848,1437,s,132,133.0,False,2013.0,2013.25
6686,849,110,s,132,134.0,False,2013.0,2013.5
6687,936,1297,s,132,133.0,False,2013.0,2013.25
6688,966,302,s,132,133.0,False,2013.0,2013.25
6689,1222,1319,s,132,132.0,False,2013.0,2013.0
6690,1291,1361,s,132,134.0,False,2013.0,2013.5
6691,30,224,s,132,147.0,False,2013.0,2016.75
6692,422,907,s,132,139.0,False,2013.0,2014.75
6693,847,679,s,132,135.0,False,2013.0,2013.75
6694,916,1020,s,132,137.0,False,2013.0,2014.25
6695,936,1209,s,132,139.0,False,2013.0,2014.75
6696,966,1045,s,132,133.0,False,2013.0,2013.25
6697,1260,1370,s,132,138.0,False,2013.0,2014.5
6698,1356,1699,s,132,134.0,False,2013.0,2013.5
6699,1368,1238,s,132,135.0,False,2013.0,2013.75
6700,1369,1238,s,132,135.0,False,2013.0,2013.75
6701,1431,1238,s,132,137.0,False,2013.0,2014.25
6702,1455,1203,s,132,143.0,False,2013.0,2015.75
6703,1682,1297,l,132,,True,2013.0,
6704,526,762,l,132,134.0,True,2013.0,2013.5
6705,1184,1203,l,132,170.0,True,2013.0,2022.5
6706,42,1546,s,133,141.0,False,2013.25,2015.25
6707,479,259,s,133,133.0,False,2013.25,2013.25
6708,479,1032,s,133,136.0,False,2013.25,2014.0
6709,561,1238,s,133,139.0,False,2013.25,2014.75
6710,705,942,s,133,138.0,False,2013.25,2014.5
6711,867,1028,s,133,148.0,False,2013.25,2017.0
6712,966,956,s,133,136.0,False,2013.25,2014.0
6713,1222,689,s,133,135.0,False,2013.25,2013.75
6714,1239,942,s,133,134.0,False,2013.25,2013.5
6715,1248,1209,s,133,139.0,False,2013.25,2014.75
6716,1248,1508,s,133,134.0,False,2013.25,2013.5
6717,1260,1271,s,133,139.0,False,2013.25,2014.75
6718,1291,1370,s,133,135.0,False,2013.25,2013.75
6719,1376,1331,s,133,149.0,False,2013.25,2017.25
6720,30,406,s,133,134.0,False,2013.25,2013.5
6721,161,1020,s,133,134.0,False,2013.25,2013.5
6722,172,192,s,133,138.0,False,2013.25,2014.5
6723,235,679,s,133,135.0,False,2013.25,2013.75
6724,630,1209,s,133,135.0,False,2013.25,2013.75
6725,776,1028,s,133,138.0,False,2013.25,2014.5
6726,847,1459,s,133,134.0,False,2013.25,2013.5
6727,916,653,s,133,138.0,False,2013.25,2014.5
6728,916,793,s,133,158.0,False,2013.25,2019.5
6729,966,340,s,133,137.0,False,2013.25,2014.25
6730,1155,1699,s,133,135.0,False,2013.25,2013.75
6731,1327,268,s,133,134.0,False,2013.25,2013.5
6732,1682,942,s,133,138.0,False,2013.25,2014.5
6733,1705,1473,s,133,135.0,False,2013.25,2013.75
6734,1729,1020,s,133,138.0,False,2013.25,2014.5
6735,92,1508,s,133,134.0,False,2013.25,2013.5
6736,161,1032,s,133,134.0,False,2013.25,2013.5
6737,161,1546,s,133,143.0,False,2013.25,2015.75
6738,172,302,s,133,136.0,False,2013.25,2014.0
6739,172,682,s,133,137.0,False,2013.25,2014.25
6740,172,1331,s,133,135.0,False,2013.25,2013.75
6741,422,259,s,133,135.0,False,2013.25,2013.75
6742,855,1546,s,133,134.0,False,2013.25,2013.5
6743,916,1699,s,133,136.0,False,2013.25,2014.0
6744,944,1203,s,133,134.0,False,2013.25,2013.5
6745,1099,1546,s,133,138.0,False,2013.25,2014.5
6746,1157,1321,s,133,135.0,False,2013.25,2013.75
6747,1167,1238,s,133,137.0,False,2013.25,2014.25
6748,1198,942,s,133,140.0,False,2013.25,2015.0
6749,1239,1188,s,133,135.0,False,2013.25,2013.75
6750,1314,1188,s,133,134.0,False,2013.25,2013.5
6751,1314,1216,s,133,135.0,False,2013.25,2013.75
6752,1368,1203,s,133,136.0,False,2013.25,2014.0
6753,1455,1238,s,133,146.0,False,2013.25,2016.5
6754,1729,268,s,133,135.0,False,2013.25,2013.75
6755,1729,793,s,133,135.0,False,2013.25,2013.75
6756,30,243,l,133,141.0,True,2013.25,2015.25
6757,944,775,l,133,204.0,True,2013.25,2031.0
6758,1260,1331,l,133,211.0,True,2013.25,2032.75
6759,30,110,l,133,180.0,True,2013.25,2025.0
6760,330,1699,l,133,174.0,True,2013.25,2023.5
6761,848,59,l,133,218.0,True,2013.25,2034.5
6762,1317,1281,l,133,225.0,True,2013.25,2036.25
6763,848,1030,l,133,143.0,True,2013.25,2015.75
6764,1455,1331,l,133,174.0,True,2013.25,2023.5
6765,39,543,s,134,135.0,False,2013.5,2013.75
6766,39,1681,s,134,134.0,False,2013.5,2013.5
6767,96,1546,s,134,135.0,False,2013.5,2013.75
6768,561,689,s,134,135.0,False,2013.5,2013.75
6769,776,1020,s,134,148.0,False,2013.5,2017.0
6770,849,790,s,134,135.0,False,2013.5,2013.75
6771,916,360,s,134,137.0,False,2013.5,2014.25
6772,1157,417,s,134,137.0,False,2013.5,2014.25
6773,1157,1281,s,134,140.0,False,2013.5,2015.0
6774,1222,1271,s,134,138.0,False,2013.5,2014.5
6775,1291,268,s,134,141.0,False,2013.5,2015.25
6776,1291,1014,s,134,134.0,False,2013.5,2013.5
6777,1682,800,s,134,144.0,False,2013.5,2016.0
6778,351,1203,s,134,140.0,False,2013.5,2015.0
6779,422,340,s,134,136.0,False,2013.5,2014.0
6780,422,1028,s,134,136.0,False,2013.5,2014.0
6781,521,689,s,134,135.0,False,2013.5,2013.75
6782,848,192,s,134,134.0,False,2013.5,2013.5
6783,916,259,s,134,141.0,False,2013.5,2015.25
6784,917,192,s,134,139.0,False,2013.5,2014.75
6785,944,259,s,134,137.0,False,2013.5,2014.25
6786,944,614,s,134,134.0,False,2013.5,2013.5
6787,944,790,s,134,135.0,False,2013.5,2013.75
6788,1248,1331,s,134,135.0,False,2013.5,2013.75
6789,1260,689,s,134,134.0,False,2013.5,2013.5
6790,1263,1281,s,134,135.0,False,2013.5,2013.75
6791,1291,243,s,134,138.0,False,2013.5,2014.5
6792,1314,268,s,134,141.0,False,2013.5,2015.25
6793,1317,417,s,134,141.0,False,2013.5,2015.25
6794,1365,793,s,134,140.0,False,2013.5,2015.0
6795,1729,192,s,134,137.0,False,2013.5,2014.25
6796,161,340,s,134,135.0,False,2013.5,2013.75
6797,161,762,s,134,135.0,False,2013.5,2013.75
6798,526,1546,s,134,142.0,False,2013.5,2015.5
6799,847,1045,s,134,136.0,False,2013.5,2014.0
6800,940,1188,s,134,136.0,False,2013.5,2014.0
6801,944,59,s,134,139.0,False,2013.5,2014.75
6802,944,1020,s,134,139.0,False,2013.5,2014.75
6803,1088,259,s,134,135.0,False,2013.5,2013.75
6804,1099,302,s,134,136.0,False,2013.5,2014.0
6805,1099,1045,s,134,141.0,False,2013.5,2015.25
6806,1189,1188,s,134,143.0,False,2013.5,2015.75
6807,1260,1216,s,134,137.0,False,2013.5,2014.25
6808,1317,1699,s,134,141.0,False,2013.5,2015.25
6809,1356,1203,s,134,135.0,False,2013.5,2013.75
6810,1369,1188,s,134,139.0,False,2013.5,2014.75
6811,1682,1508,s,134,140.0,False,2013.5,2015.0
6812,1729,653,s,134,136.0,False,2013.5,2014.0
6813,909,1014,l,134,151.0,True,2013.5,2017.75
6814,944,243,l,134,149.0,True,2013.5,2017.25
6815,1705,1238,l,134,179.0,True,2013.5,2024.75
6816,848,259,l,134,161.0,True,2013.5,2020.25
6817,1157,1370,l,134,150.0,True,2013.5,2017.5
6818,1263,1188,l,134,,True,2013.5,
6819,30,1238,l,134,135.0,True,2013.5,2013.75
6820,172,614,l,134,146.0,True,2013.5,2016.5
6821,39,1681,s,135,135.0,False,2013.75,2013.75
6822,351,1297,s,135,135.0,False,2013.75,2013.75
6823,705,1281,s,135,139.0,False,2013.75,2014.75
6824,754,268,s,135,135.0,False,2013.75,2013.75
6825,754,406,s,135,136.0,False,2013.75,2014.0
6826,936,59,s,135,135.0,False,2013.75,2013.75
6827,944,876,s,135,136.0,False,2013.75,2014.0
6828,1099,110,s,135,139.0,False,2013.75,2014.75
6829,1099,762,s,135,150.0,False,2013.75,2017.5
6830,1157,1240,s,135,137.0,False,2013.75,2014.25
6831,1260,1699,s,135,136.0,False,2013.75,2014.0
6832,1314,1238,s,135,135.0,False,2013.75,2013.75
6833,1317,1331,s,135,139.0,False,2013.75,2014.75
6834,161,679,s,135,137.0,False,2013.75,2014.25
6835,172,1699,s,135,150.0,False,2013.75,2017.5
6836,274,689,s,135,138.0,False,2013.75,2014.5
6837,337,224,s,135,137.0,False,2013.75,2014.25
6838,497,689,s,135,142.0,False,2013.75,2015.5
6839,848,1028,s,135,148.0,False,2013.75,2017.0
6840,916,1032,s,135,138.0,False,2013.75,2014.5
6841,940,1203,s,135,139.0,False,2013.75,2014.75
6842,966,224,s,135,148.0,False,2013.75,2017.0
6843,1099,259,s,135,136.0,False,2013.75,2014.0
6844,1248,1203,s,135,136.0,False,2013.75,2014.0
6845,1260,689,s,135,149.0,False,2013.75,2017.25
6846,1260,1297,s,135,139.0,False,2013.75,2014.75
6847,1263,1238,s,135,139.0,False,2013.75,2014.75
6848,1317,1392,s,135,138.0,False,2013.75,2014.5
6849,1455,1281,s,135,145.0,False,2013.75,2016.25
6850,172,313,s,135,136.0,False,2013.75,2014.0
6851,351,614,s,135,136.0,False,2013.75,2014.0
6852,422,59,s,135,147.0,False,2013.75,2016.75
6853,561,1209,s,135,138.0,False,2013.75,2014.5
6854,754,689,s,135,146.0,False,2013.75,2016.5
6855,916,110,s,135,143.0,False,2013.75,2015.75
6856,916,192,s,135,141.0,False,2013.75,2015.25
6857,916,405,s,135,152.0,False,2013.75,2018.0
6858,1184,1188,s,135,139.0,False,2013.75,2014.75
6859,1244,1508,s,135,137.0,False,2013.75,2014.25
6860,1291,689,s,135,137.0,False,2013.75,2014.25
6861,1356,1297,s,135,141.0,False,2013.75,2015.25
6862,1455,1321,s,135,145.0,False,2013.75,2016.25
6863,847,110,l,135,180.0,True,2013.75,2025.0
6864,936,572,l,135,136.0,True,2013.75,2014.0
6865,1317,1473,l,135,229.0,True,2013.75,2037.25
6866,916,59,l,135,205.0,True,2013.75,2031.25
6867,754,259,l,135,155.0,True,2013.75,2018.75
6868,936,259,l,135,222.0,True,2013.75,2035.5
6869,1198,1319,l,135,156.0,True,2013.75,2019.0
6870,92,942,s,136,138.0,False,2014.0,2014.5
6871,172,1238,s,136,157.0,False,2014.0,2019.25
6872,274,1203,s,136,150.0,False,2014.0,2017.5
6873,521,942,s,136,138.0,False,2014.0,2014.5
6874,630,1508,s,136,143.0,False,2014.0,2015.75
6875,705,1508,s,136,139.0,False,2014.0,2014.75
6876,916,1028,s,136,146.0,False,2014.0,2016.5
6877,936,1020,s,136,136.0,False,2014.0,2014.0
6878,1157,268,s,136,154.0,False,2014.0,2018.5
6879,1157,1188,s,136,140.0,False,2014.0,2015.0
6880,1222,800,s,136,138.0,False,2014.0,2014.5
6881,1314,689,s,136,136.0,False,2014.0,2014.0
6882,1314,1188,s,136,160.0,False,2014.0,2020.0
6883,1431,1203,s,136,138.0,False,2014.0,2014.5
6884,1729,800,s,136,139.0,False,2014.0,2014.75
6885,30,933,s,136,148.0,False,2014.0,2017.0
6886,92,1203,s,136,144.0,False,2014.0,2016.0
6887,754,1028,s,136,140.0,False,2014.0,2015.0
6888,848,1020,s,136,140.0,False,2014.0,2015.0
6889,855,1546,s,136,142.0,False,2014.0,2015.5
6890,936,243,s,136,137.0,False,2014.0,2014.25
6891,936,360,s,136,141.0,False,2014.0,2015.25
6892,936,406,s,136,141.0,False,2014.0,2015.25
6893,944,1032,s,136,139.0,False,2014.0,2014.75
6894,944,1681,s,136,140.0,False,2014.0,2015.0
6895,1088,360,s,136,142.0,False,2014.0,2015.5
6896,1088,942,s,136,140.0,False,2014.0,2015.0
6897,1157,689,s,136,138.0,False,2014.0,2014.5
6898,1248,1319,s,136,144.0,False,2014.0,2016.0
6899,1314,793,s,136,138.0,False,2014.0,2014.5
6900,1314,1416,s,136,145.0,False,2014.0,2016.25
6901,1317,689,s,136,136.0,False,2014.0,2014.0
6902,1317,1014,s,136,142.0,False,2014.0,2015.5
6903,1369,1203,s,136,140.0,False,2014.0,2015.0
6904,1455,1508,s,136,137.0,False,2014.0,2014.25
6905,30,192,s,136,137.0,False,2014.0,2014.25
6906,304,876,s,136,140.0,False,2014.0,2015.0
6907,351,443,s,136,143.0,False,2014.0,2015.75
6908,351,785,s,136,148.0,False,2014.0,2017.0
6909,909,942,s,136,141.0,False,2014.0,2015.25
6910,944,689,s,136,138.0,False,2014.0,2014.5
6911,1099,192,s,136,137.0,False,2014.0,2014.25
6912,1157,1319,s,136,138.0,False,2014.0,2014.5
6913,1184,268,s,136,142.0,False,2014.0,2015.5
6914,1260,800,s,136,143.0,False,2014.0,2015.75
6915,1260,1321,s,136,142.0,False,2014.0,2015.5
6916,1263,1209,s,136,138.0,False,2014.0,2014.5
6917,1263,1319,s,136,142.0,False,2014.0,2015.5
6918,916,340,l,136,204.0,True,2014.0,2031.0
6919,944,391,l,136,220.0,True,2014.0,2035.0
6920,966,325,l,136,202.0,True,2014.0,2030.5
6921,1291,1271,l,136,175.0,True,2014.0,2023.75
6922,236,1030,l,136,141.0,True,2014.0,2015.25
6923,776,761,l,136,148.0,True,2014.0,2017.0
6924,913,1238,l,136,139.0,True,2014.0,2014.75
6925,916,1546,l,136,155.0,True,2014.0,2018.75
6926,1099,59,l,136,228.0,True,2014.0,2037.0
6927,1314,689,l,136,139.0,True,2014.0,2014.75
6928,1317,1209,l,136,221.0,True,2014.0,2035.25
6929,1369,1238,l,136,159.0,True,2014.0,2019.75
6930,172,1240,l,136,209.0,True,2014.0,2032.25
6931,847,942,l,136,188.0,True,2014.0,2027.0
6932,855,1681,l,136,140.0,True,2014.0,2015.0
6933,92,1188,s,137,140.0,False,2014.25,2015.0
6934,204,1240,s,137,146.0,False,2014.25,2016.5
6935,351,1699,s,137,142.0,False,2014.25,2015.5
6936,422,406,s,137,141.0,False,2014.25,2015.25
6937,497,224,s,137,140.0,False,2014.25,2015.0
6938,526,340,s,137,137.0,False,2014.25,2014.25
6939,561,1188,s,137,137.0,False,2014.25,2014.25
6940,791,1209,s,137,141.0,False,2014.25,2015.25
6941,848,90,s,137,138.0,False,2014.25,2014.5
6942,848,302,s,137,137.0,False,2014.25,2014.25
6943,913,614,s,137,153.0,False,2014.25,2018.25
6944,913,942,s,137,143.0,False,2014.25,2015.75
6945,1248,1203,s,137,138.0,False,2014.25,2014.5
6946,1260,268,s,137,144.0,False,2014.25,2016.0
6947,1291,1238,s,137,139.0,False,2014.25,2014.75
6948,1356,1370,s,137,147.0,False,2014.25,2016.75
6949,1729,689,s,137,140.0,False,2014.25,2015.0
6950,1729,1271,s,137,138.0,False,2014.25,2014.5
6951,161,406,s,137,143.0,False,2014.25,2015.75
6952,172,1028,s,137,142.0,False,2014.25,2015.5
6953,262,443,s,137,138.0,False,2014.25,2014.5
6954,732,406,s,137,137.0,False,2014.25,2014.25
6955,1155,1148,s,137,141.0,False,2014.25,2015.25
6956,1222,1319,s,137,140.0,False,2014.25,2015.0
6957,1248,268,s,137,137.0,False,2014.25,2014.25
6958,1260,1725,s,137,140.0,False,2014.25,2015.0
6959,1263,1271,s,137,138.0,False,2014.25,2014.5
6960,1265,1508,s,137,143.0,False,2014.25,2015.75
6961,1396,1361,s,137,141.0,False,2014.25,2015.25
6962,30,1014,s,137,140.0,False,2014.25,2015.0
6963,172,1014,s,137,139.0,False,2014.25,2014.75
6964,274,302,s,137,139.0,False,2014.25,2014.75
6965,422,1028,s,137,139.0,False,2014.25,2014.75
6966,479,406,s,137,138.0,False,2014.25,2014.5
6967,936,1238,s,137,138.0,False,2014.25,2014.5
6968,1263,1240,s,137,139.0,False,2014.25,2014.75
6969,1314,1203,s,137,157.0,False,2014.25,2019.25
6970,1317,689,s,137,138.0,False,2014.25,2014.5
6971,1317,1725,s,137,138.0,False,2014.25,2014.5
6972,1682,268,s,137,146.0,False,2014.25,2016.5
6973,1682,1271,s,137,141.0,False,2014.25,2015.25
6974,1729,268,s,137,138.0,False,2014.25,2014.5
6975,1729,1209,s,137,140.0,False,2014.25,2015.0
6976,274,1028,l,137,143.0,True,2014.25,2015.75
6977,351,1271,l,137,242.0,True,2014.25,2040.5
6978,848,876,l,137,179.0,True,2014.25,2024.75
6979,1157,1297,l,137,148.0,True,2014.25,2017.0
6980,383,1048,l,137,160.0,True,2014.25,2020.0
6981,909,689,l,137,159.0,True,2014.25,2019.75
6982,1317,1370,l,137,204.0,True,2014.25,2031.0
6983,1682,689,l,137,198.0,True,2014.25,2029.5
6984,96,1681,s,138,140.0,False,2014.5,2015.0
6985,172,689,s,138,140.0,False,2014.5,2015.0
6986,521,1028,s,138,138.0,False,2014.5,2014.5
6987,561,1203,s,138,142.0,False,2014.5,2015.5
6988,630,942,s,138,142.0,False,2014.5,2015.5
6989,916,406,s,138,152.0,False,2014.5,2018.0
6990,916,1020,s,138,142.0,False,2014.5,2015.5
6991,944,259,s,138,144.0,False,2014.5,2016.0
6992,966,340,s,138,144.0,False,2014.5,2016.0
6993,1099,90,s,138,138.0,False,2014.5,2014.5
6994,1099,1032,s,138,138.0,False,2014.5,2014.5
6995,1232,1238,s,138,139.0,False,2014.5,2014.75
6996,1248,1392,s,138,139.0,False,2014.5,2014.75
6997,1263,1392,s,138,139.0,False,2014.5,2014.75
6998,1314,1209,s,138,141.0,False,2014.5,2015.25
6999,1431,1535,s,138,138.0,False,2014.5,2014.5
7000,42,1681,s,138,140.0,False,2014.5,2015.0
7001,92,1281,s,138,140.0,False,2014.5,2015.0
7002,172,90,s,138,138.0,False,2014.5,2014.5
7003,172,1321,s,138,139.0,False,2014.5,2014.75
7004,337,942,s,138,140.0,False,2014.5,2015.0
7005,497,336,s,138,160.0,False,2014.5,2020.0
7006,561,689,s,138,139.0,False,2014.5,2014.75
7007,561,942,s,138,147.0,False,2014.5,2016.75
7008,630,1299,s,138,139.0,False,2014.5,2014.75
7009,754,59,s,138,142.0,False,2014.5,2015.5
7010,847,259,s,138,141.0,False,2014.5,2015.25
7011,848,192,s,138,140.0,False,2014.5,2015.0
7012,848,302,s,138,147.0,False,2014.5,2016.75
7013,848,406,s,138,147.0,False,2014.5,2016.75
7014,848,1810,s,138,139.0,False,2014.5,2014.75
7015,916,360,s,138,140.0,False,2014.5,2015.0
7016,936,689,s,138,138.0,False,2014.5,2014.5
7017,960,341,s,138,142.0,False,2014.5,2015.5
7018,966,762,s,138,139.0,False,2014.5,2014.75
7019,1155,1297,s,138,142.0,False,2014.5,2015.5
7020,1189,1209,s,138,140.0,False,2014.5,2015.0
7021,1222,268,s,138,140.0,False,2014.5,2015.0
7022,1248,1473,s,138,139.0,False,2014.5,2014.75
7023,1260,1187,s,138,140.0,False,2014.5,2015.0
7024,1682,1319,s,138,139.0,False,2014.5,2014.75
7025,351,1209,s,138,140.0,False,2014.5,2015.0
7026,788,679,s,138,140.0,False,2014.5,2015.0
7027,788,942,s,138,144.0,False,2014.5,2016.0
7028,936,59,s,138,142.0,False,2014.5,2015.5
7029,1265,1725,s,138,143.0,False,2014.5,2015.75
7030,1275,1188,s,138,141.0,False,2014.5,2015.25
7031,1511,1361,s,138,141.0,False,2014.5,2015.25
7032,1515,1020,s,138,141.0,False,2014.5,2015.25
7033,630,1203,l,138,192.0,True,2014.5,2028.0
7034,819,537,l,138,138.0,True,2014.5,2014.5
7035,1248,1238,l,138,139.0,True,2014.5,2014.75
7036,422,259,l,138,156.0,True,2014.5,2019.0
7037,960,689,l,138,158.0,True,2014.5,2019.5
7038,1099,1546,l,138,156.0,True,2014.5,2019.0
7039,1263,689,l,138,155.0,True,2014.5,2018.75
7040,351,268,s,139,139.0,False,2014.75,2014.75
7041,561,302,s,139,142.0,False,2014.75,2015.5
7042,630,268,s,139,143.0,False,2014.75,2015.75
7043,776,340,s,139,145.0,False,2014.75,2016.25
7044,916,679,s,139,143.0,False,2014.75,2015.75
7045,944,268,s,139,145.0,False,2014.75,2016.25
7046,944,537,s,139,148.0,False,2014.75,2017.0
7047,966,1032,s,139,142.0,False,2014.75,2015.5
7048,1099,302,s,139,154.0,False,2014.75,2018.5
7049,1099,1032,s,139,146.0,False,2014.75,2016.5
7050,1157,1014,s,139,142.0,False,2014.75,2015.5
7051,1291,1203,s,139,141.0,False,2014.75,2015.25
7052,1365,689,s,139,139.0,False,2014.75,2014.75
7053,1487,1392,s,139,145.0,False,2014.75,2016.25
7054,1682,942,s,139,146.0,False,2014.75,2016.5
7055,42,1792,s,139,142.0,False,2014.75,2015.5
7056,351,192,s,139,152.0,False,2014.75,2018.0
7057,351,1238,s,139,139.0,False,2014.75,2014.75
7058,944,1030,s,139,144.0,False,2014.75,2016.0
7059,944,1546,s,139,155.0,False,2014.75,2018.75
7060,1222,1508,s,139,140.0,False,2014.75,2015.0
7061,1248,1238,s,139,142.0,False,2014.75,2015.5
7062,1291,689,s,139,149.0,False,2014.75,2017.25
7063,1314,1281,s,139,139.0,False,2014.75,2014.75
7064,1317,1508,s,139,142.0,False,2014.75,2015.5
7065,1368,800,s,139,140.0,False,2014.75,2015.0
7066,1376,1188,s,139,140.0,False,2014.75,2015.0
7067,1431,1203,s,139,140.0,False,2014.75,2015.0
7068,1511,1203,s,139,140.0,False,2014.75,2015.0
7069,1533,1416,s,139,148.0,False,2014.75,2017.0
7070,1682,1473,s,139,141.0,False,2014.75,2015.25
7071,30,1021,s,139,145.0,False,2014.75,2016.25
7072,30,1203,s,139,140.0,False,2014.75,2015.0
7073,161,340,s,139,143.0,False,2014.75,2015.75
7074,330,268,s,139,141.0,False,2014.75,2015.25
7075,337,1032,s,139,141.0,False,2014.75,2015.25
7076,526,762,s,139,143.0,False,2014.75,2015.75
7077,561,1028,s,139,140.0,False,2014.75,2015.0
7078,561,1319,s,139,140.0,False,2014.75,2015.0
7079,1222,1238,s,139,143.0,False,2014.75,2015.75
7080,1260,1392,s,139,143.0,False,2014.75,2015.75
7081,1263,1271,s,139,140.0,False,2014.75,2015.0
7082,1291,1699,s,139,143.0,False,2014.75,2015.75
7083,1368,313,s,139,142.0,False,2014.75,2015.5
7084,1368,1271,s,139,141.0,False,2014.75,2015.25
7085,1157,1238,l,139,139.0,True,2014.75,2014.75
7086,1369,1370,l,139,233.0,True,2014.75,2038.25
7087,1376,1209,l,139,184.0,True,2014.75,2026.0
7088,936,689,l,139,182.0,True,2014.75,2025.5
7089,1157,1319,l,139,175.0,True,2014.75,2023.75
7090,1260,1473,l,139,140.0,True,2014.75,2015.0
7091,1705,1508,l,139,193.0,True,2014.75,2028.25
7092,351,689,s,140,143.0,False,2015.0,2015.75
7093,422,1028,s,140,143.0,False,2015.0,2015.75
7094,705,1281,s,140,144.0,False,2015.0,2016.0
7095,848,1437,s,140,150.0,False,2015.0,2017.5
7096,944,689,s,140,141.0,False,2015.0,2015.25
7097,944,956,s,140,151.0,False,2015.0,2017.75
7098,1099,406,s,140,145.0,False,2015.0,2016.25
7099,1155,1361,s,140,143.0,False,2015.0,2015.75
7100,1157,1238,s,140,150.0,False,2015.0,2017.5
7101,1248,1014,s,140,141.0,False,2015.0,2015.25
7102,1260,1271,s,140,149.0,False,2015.0,2017.25
7103,1263,1238,s,140,149.0,False,2015.0,2017.25
7104,1263,1281,s,140,141.0,False,2015.0,2015.25
7105,1263,1361,s,140,145.0,False,2015.0,2016.25
7106,1291,1238,s,140,156.0,False,2015.0,2019.0
7107,1314,1238,s,140,141.0,False,2015.0,2015.25
7108,1317,1361,s,140,144.0,False,2015.0,2016.0
7109,1682,1240,s,140,154.0,False,2015.0,2018.5
7110,1729,1020,s,140,149.0,False,2015.0,2017.25
7111,1837,340,s,140,141.0,False,2015.0,2015.25
7112,1837,1281,s,140,143.0,False,2015.0,2015.75
7113,39,1546,s,140,141.0,False,2015.0,2015.25
7114,92,268,s,140,141.0,False,2015.0,2015.25
7115,92,793,s,140,143.0,False,2015.0,2015.75
7116,274,942,s,140,147.0,False,2015.0,2016.75
7117,422,679,s,140,146.0,False,2015.0,2016.5
7118,526,1810,s,140,141.0,False,2015.0,2015.25
7119,561,1238,s,140,143.0,False,2015.0,2015.75
7120,819,340,s,140,146.0,False,2015.0,2016.5
7121,913,1188,s,140,141.0,False,2015.0,2015.25
7122,916,775,s,140,147.0,False,2015.0,2016.75
7123,936,313,s,140,141.0,False,2015.0,2015.25
7124,944,1810,s,140,140.0,False,2015.0,2015.0
7125,966,302,s,140,143.0,False,2015.0,2015.75
7126,1099,956,s,140,142.0,False,2015.0,2015.5
7127,1248,1188,s,140,152.0,False,2015.0,2018.0
7128,1260,1370,s,140,142.0,False,2015.0,2015.5
7129,1272,1238,s,140,147.0,False,2015.0,2016.75
7130,1291,1188,s,140,142.0,False,2015.0,2015.5
7131,1431,1574,s,140,142.0,False,2015.0,2015.5
7132,1487,1370,s,140,142.0,False,2015.0,2015.5
7133,1682,1361,s,140,141.0,False,2015.0,2015.25
7134,1729,1188,s,140,146.0,False,2015.0,2016.5
7135,1837,1188,s,140,146.0,False,2015.0,2016.5
7136,30,1187,s,140,146.0,False,2015.0,2016.5
7137,172,302,s,140,141.0,False,2015.0,2015.25
7138,351,268,s,140,145.0,False,2015.0,2016.25
7139,351,1238,s,140,148.0,False,2015.0,2017.0
7140,351,1297,s,140,141.0,False,2015.0,2015.25
7141,351,1321,s,140,146.0,False,2015.0,2016.5
7142,754,224,s,140,151.0,False,2015.0,2017.75
7143,847,689,s,140,143.0,False,2015.0,2015.75
7144,916,1032,s,140,144.0,False,2015.0,2016.0
7145,916,1238,s,140,141.0,False,2015.0,2015.25
7146,944,1032,s,140,145.0,False,2015.0,2016.25
7147,1157,1209,s,140,152.0,False,2015.0,2018.0
7148,1260,1473,s,140,146.0,False,2015.0,2016.5
7149,1314,800,s,140,144.0,False,2015.0,2016.0
7150,1431,689,s,140,144.0,False,2015.0,2016.0
7151,1431,1188,s,140,148.0,False,2015.0,2017.0
7152,1431,1725,s,140,141.0,False,2015.0,2015.25
7153,1511,1331,s,140,141.0,False,2015.0,2015.25
7154,1837,689,s,140,142.0,False,2015.0,2015.5
7155,92,942,l,140,142.0,True,2015.0,2015.5
7156,940,1188,l,140,166.0,True,2015.0,2021.5
7157,630,1188,l,140,185.0,True,2015.0,2026.25
7158,30,689,s,141,141.0,False,2015.25,2015.25
7159,92,406,s,141,154.0,False,2015.25,2018.5
7160,422,653,s,141,148.0,False,2015.25,2017.0
7161,497,302,s,141,144.0,False,2015.25,2016.0
7162,754,942,s,141,154.0,False,2015.25,2018.5
7163,936,268,s,141,149.0,False,2015.25,2017.25
7164,944,325,s,141,141.0,False,2015.25,2015.25
7165,1275,1281,s,141,142.0,False,2015.25,2015.5
7166,1682,1321,s,141,141.0,False,2015.25,2015.25
7167,1729,689,s,141,142.0,False,2015.25,2015.5
7168,1837,942,s,141,152.0,False,2015.25,2018.0
7169,30,59,s,141,151.0,False,2015.25,2017.75
7170,30,1014,s,141,150.0,False,2015.25,2017.5
7171,521,268,s,141,142.0,False,2015.25,2015.5
7172,754,1028,s,141,143.0,False,2015.25,2015.75
7173,776,679,s,141,147.0,False,2015.25,2016.75
7174,847,59,s,141,143.0,False,2015.25,2015.75
7175,940,1020,s,141,141.0,False,2015.25,2015.25
7176,944,1020,s,141,142.0,False,2015.25,2015.5
7177,1157,1188,s,141,146.0,False,2015.25,2016.5
7178,1184,1238,s,141,145.0,False,2015.25,2016.25
7179,1314,614,s,141,144.0,False,2015.25,2016.0
7180,1396,1203,s,141,148.0,False,2015.25,2017.0
7181,1729,192,s,141,148.0,False,2015.25,2017.0
7182,1837,406,s,141,142.0,False,2015.25,2015.5
7183,1837,1028,s,141,143.0,False,2015.25,2015.75
7184,1837,1271,s,141,141.0,False,2015.25,2015.25
7185,351,1415,s,141,149.0,False,2015.25,2017.25
7186,754,1188,s,141,142.0,False,2015.25,2015.5
7187,754,1238,s,141,145.0,False,2015.25,2016.25
7188,791,942,s,141,152.0,False,2015.25,2018.0
7189,913,1238,s,141,153.0,False,2015.25,2018.25
7190,916,956,s,141,143.0,False,2015.25,2015.75
7191,978,59,s,141,142.0,False,2015.25,2015.5
7192,1088,1028,s,141,162.0,False,2015.25,2020.5
7193,1157,1699,s,141,143.0,False,2015.25,2015.75
7194,1244,1725,s,141,146.0,False,2015.25,2016.5
7195,1265,1203,s,141,142.0,False,2015.25,2015.5
7196,1317,1331,s,141,143.0,False,2015.25,2015.75
7197,1365,1203,s,141,156.0,False,2015.25,2019.0
7198,1376,1319,s,141,144.0,False,2015.25,2016.0
7199,1598,1833,s,141,144.0,False,2015.25,2016.0
7200,1837,800,s,141,144.0,False,2015.25,2016.0
7201,1837,1240,s,141,146.0,False,2015.25,2016.5
7202,944,689,l,141,151.0,True,2015.25,2017.75
7203,1155,1271,l,141,182.0,True,2015.25,2025.5
7204,1260,1725,l,141,,True,2015.25,
7205,30,1203,l,141,151.0,True,2015.25,2017.75
7206,274,689,l,141,225.0,True,2015.25,2036.25
7207,1431,1238,l,141,154.0,True,2015.25,2018.5
7208,422,224,l,141,196.0,True,2015.25,2029.0
7209,916,689,l,141,187.0,True,2015.25,2026.75
7210,92,1240,s,142,144.0,False,2015.5,2016.0
7211,172,689,s,142,157.0,False,2015.5,2019.25
7212,521,942,s,142,154.0,False,2015.5,2018.5
7213,916,192,s,142,144.0,False,2015.5,2016.0
7214,940,268,s,142,142.0,False,2015.5,2015.5
7215,944,59,s,142,151.0,False,2015.5,2017.75
7216,1088,942,s,142,145.0,False,2015.5,2016.25
7217,1155,1416,s,142,145.0,False,2015.5,2016.25
7218,1284,1810,s,142,144.0,False,2015.5,2016.0
7219,1314,689,s,142,151.0,False,2015.5,2017.75
7220,1314,1725,s,142,143.0,False,2015.5,2015.75
7221,1389,1501,s,142,142.0,False,2015.5,2015.5
7222,1682,1319,s,142,144.0,False,2015.5,2016.0
7223,92,268,s,142,149.0,False,2015.5,2017.25
7224,482,942,s,142,142.0,False,2015.5,2015.5
7225,848,679,s,142,144.0,False,2015.5,2016.0
7226,1157,1271,s,142,143.0,False,2015.5,2015.75
7227,1291,1508,s,142,151.0,False,2015.5,2017.75
7228,1356,1297,s,142,146.0,False,2015.5,2016.5
7229,1682,1014,s,142,143.0,False,2015.5,2015.75
7230,1729,942,s,142,161.0,False,2015.5,2020.25
7231,1837,1209,s,142,148.0,False,2015.5,2017.0
7232,172,793,s,142,147.0,False,2015.5,2016.75
7233,274,360,s,142,144.0,False,2015.5,2016.0
7234,351,1014,s,142,145.0,False,2015.5,2016.25
7235,521,689,s,142,146.0,False,2015.5,2016.5
7236,561,689,s,142,145.0,False,2015.5,2016.25
7237,936,406,s,142,152.0,False,2015.5,2018.0
7238,944,876,s,142,147.0,False,2015.5,2016.75
7239,1189,1203,s,142,144.0,False,2015.5,2016.0
7240,1239,1238,s,142,160.0,False,2015.5,2020.0
7241,1260,942,s,142,147.0,False,2015.5,2016.75
7242,1314,1331,s,142,153.0,False,2015.5,2018.25
7243,1431,1203,s,142,146.0,False,2015.5,2016.5
7244,1455,1501,s,142,145.0,False,2015.5,2016.25
7245,776,1546,l,142,148.0,True,2015.5,2017.0
7246,791,1240,l,142,169.0,True,2015.5,2022.25
7247,30,1209,l,142,149.0,True,2015.5,2017.25
7248,92,1297,l,142,200.0,True,2015.5,2030.0
7249,1682,1203,l,142,183.0,True,2015.5,2025.75
7250,1431,1271,l,142,240.0,True,2015.5,2040.0
7251,92,942,s,143,144.0,False,2015.75,2016.0
7252,172,90,s,143,144.0,False,2015.75,2016.0
7253,337,679,s,143,151.0,False,2015.75,2017.75
7254,521,1028,s,143,143.0,False,2015.75,2015.75
7255,630,1271,s,143,144.0,False,2015.75,2016.0
7256,916,243,s,143,147.0,False,2015.75,2016.75
7257,1088,259,s,143,147.0,False,2015.75,2016.75
7258,1099,224,s,143,149.0,False,2015.75,2017.25
7259,1099,679,s,143,145.0,False,2015.75,2016.25
7260,1155,1188,s,143,147.0,False,2015.75,2016.75
7261,1291,1725,s,143,148.0,False,2015.75,2017.0
7262,1317,689,s,143,145.0,False,2015.75,2016.25
7263,1487,1331,s,143,149.0,False,2015.75,2017.25
7264,1598,1810,s,143,144.0,False,2015.75,2016.0
7265,1729,1508,s,143,144.0,False,2015.75,2016.0
7266,42,1833,s,143,144.0,False,2015.75,2016.0
7267,172,1028,s,143,154.0,False,2015.75,2018.5
7268,561,192,s,143,149.0,False,2015.75,2017.25
7269,630,942,s,143,144.0,False,2015.75,2016.0
7270,630,1240,s,143,162.0,False,2015.75,2020.5
7271,743,942,s,143,154.0,False,2015.75,2018.5
7272,944,224,s,143,145.0,False,2015.75,2016.25
7273,944,704,s,143,144.0,False,2015.75,2016.0
7274,1294,1281,s,143,145.0,False,2015.75,2016.25
7275,1314,1281,s,143,145.0,False,2015.75,2016.25
7276,1356,1238,s,143,145.0,False,2015.75,2016.25
7277,1356,1501,s,143,144.0,False,2015.75,2016.0
7278,1455,1574,s,143,144.0,False,2015.75,2016.0
7279,1729,689,s,143,147.0,False,2015.75,2016.75
7280,1837,679,s,143,144.0,False,2015.75,2016.0
7281,1837,689,s,143,148.0,False,2015.75,2017.0
7282,30,689,s,143,155.0,False,2015.75,2018.75
7283,96,1810,s,143,146.0,False,2015.75,2016.5
7284,161,59,s,143,147.0,False,2015.75,2016.75
7285,525,956,s,143,146.0,False,2015.75,2016.5
7286,754,1188,s,143,149.0,False,2015.75,2017.25
7287,819,1810,s,143,146.0,False,2015.75,2016.5
7288,848,956,s,143,144.0,False,2015.75,2016.0
7289,916,268,s,143,154.0,False,2015.75,2018.5
7290,936,956,s,143,147.0,False,2015.75,2016.75
7291,936,1028,s,143,154.0,False,2015.75,2018.5
7292,991,679,s,143,145.0,False,2015.75,2016.25
7293,1098,1028,s,143,144.0,False,2015.75,2016.0
7294,1099,110,s,143,152.0,False,2015.75,2018.0
7295,1263,1331,s,143,146.0,False,2015.75,2016.5
7296,1317,1188,s,143,145.0,False,2015.75,2016.25
7297,1365,1028,s,143,145.0,False,2015.75,2016.25
7298,1511,682,s,143,144.0,False,2015.75,2016.0
7299,1729,268,s,143,150.0,False,2015.75,2017.5
7300,30,192,l,143,172.0,True,2015.75,2023.0
7301,1260,1297,l,143,196.0,True,2015.75,2029.0
7302,1837,192,l,143,159.0,True,2015.75,2019.75
7303,944,1020,l,143,,True,2015.75,
7304,1265,1725,l,143,167.0,True,2015.75,2021.75
7305,1294,1370,l,143,160.0,True,2015.75,2020.0
7306,172,340,s,144,144.0,False,2016.0,2016.0
7307,482,1238,s,144,145.0,False,2016.0,2016.25
7308,847,1014,s,144,152.0,False,2016.0,2018.0
7309,848,340,s,144,149.0,False,2016.0,2017.25
7310,867,90,s,144,149.0,False,2016.0,2017.25
7311,916,653,s,144,144.0,False,2016.0,2016.0
7312,1155,942,s,144,144.0,False,2016.0,2016.0
7313,1317,1392,s,144,149.0,False,2016.0,2017.25
7314,1365,268,s,144,149.0,False,2016.0,2017.25
7315,1455,942,s,144,146.0,False,2016.0,2016.5
7316,1533,1238,s,144,146.0,False,2016.0,2016.5
7317,1533,1271,s,144,154.0,False,2016.0,2018.5
7318,1682,1281,s,144,147.0,False,2016.0,2016.75
7319,1837,1321,s,144,157.0,False,2016.0,2019.25
7320,351,1699,s,144,166.0,False,2016.0,2021.5
7321,630,1238,s,144,146.0,False,2016.0,2016.5
7322,776,1028,s,144,148.0,False,2016.0,2017.0
7323,776,1030,s,144,146.0,False,2016.0,2016.5
7324,916,1020,s,144,145.0,False,2016.0,2016.25
7325,936,59,s,144,144.0,False,2016.0,2016.0
7326,966,1546,s,144,155.0,False,2016.0,2018.75
7327,1155,1319,s,144,147.0,False,2016.0,2016.75
7328,1155,1699,s,144,171.0,False,2016.0,2022.75
7329,1157,1014,s,144,145.0,False,2016.0,2016.25
7330,1222,1238,s,144,166.0,False,2016.0,2021.5
7331,1260,1392,s,144,148.0,False,2016.0,2017.0
7332,1291,1240,s,144,148.0,False,2016.0,2017.0
7333,1314,1238,s,144,145.0,False,2016.0,2016.25
7334,1314,1361,s,144,146.0,False,2016.0,2016.5
7335,1317,1501,s,144,145.0,False,2016.0,2016.25
7336,1317,1852,s,144,148.0,False,2016.0,2017.0
7337,1533,1188,s,144,147.0,False,2016.0,2016.75
7338,1682,1271,s,144,154.0,False,2016.0,2018.5
7339,1729,1361,s,144,146.0,False,2016.0,2016.5
7340,1837,224,s,144,146.0,False,2016.0,2016.5
7341,1837,1028,s,144,151.0,False,2016.0,2017.75
7342,1837,1238,s,144,148.0,False,2016.0,2017.0
7343,304,340,s,144,146.0,False,2016.0,2016.5
7344,916,259,s,144,147.0,False,2016.0,2016.75
7345,916,417,s,144,149.0,False,2016.0,2017.25
7346,931,689,s,144,153.0,False,2016.0,2018.25
7347,936,302,s,144,146.0,False,2016.0,2016.5
7348,1157,689,s,144,154.0,False,2016.0,2018.5
7349,1189,1238,s,144,152.0,False,2016.0,2018.0
7350,1291,1297,s,144,146.0,False,2016.0,2016.5
7351,1314,268,s,144,145.0,False,2016.0,2016.25
7352,1356,689,s,144,150.0,False,2016.0,2017.5
7353,1533,1203,s,144,149.0,False,2016.0,2017.25
7354,1533,1370,s,144,151.0,False,2016.0,2017.75
7355,1729,524,s,144,151.0,False,2016.0,2017.75
7356,791,268,l,144,176.0,True,2016.0,2024.0
7357,944,259,l,144,232.0,True,2016.0,2038.0
7358,1431,1370,l,144,152.0,True,2016.0,2018.0
7359,172,800,l,144,145.0,True,2016.0,2016.25
7360,913,942,l,144,183.0,True,2016.0,2025.75
7361,1260,1852,l,144,150.0,True,2016.0,2017.5
7362,1431,443,l,144,165.0,True,2016.0,2021.25
7363,92,942,s,145,148.0,False,2016.25,2017.0
7364,92,1240,s,145,151.0,False,2016.25,2017.75
7365,172,192,s,145,147.0,False,2016.25,2016.75
7366,351,1209,s,145,149.0,False,2016.25,2017.25
7367,482,689,s,145,153.0,False,2016.25,2018.25
7368,526,679,s,145,146.0,False,2016.25,2016.5
7369,776,775,s,145,147.0,False,2016.25,2016.75
7370,909,1508,s,145,153.0,False,2016.25,2018.25
7371,916,956,s,145,150.0,False,2016.25,2017.5
7372,916,1032,s,145,163.0,False,2016.25,2020.75
7373,936,762,s,145,147.0,False,2016.25,2016.75
7374,944,1238,s,145,153.0,False,2016.25,2018.25
7375,1155,1014,s,145,145.0,False,2016.25,2016.25
7376,1184,1188,s,145,146.0,False,2016.25,2016.5
7377,1222,1725,s,145,148.0,False,2016.25,2017.0
7378,1314,1209,s,145,147.0,False,2016.25,2016.75
7379,1317,1014,s,145,151.0,False,2016.25,2017.75
7380,1374,1501,s,145,155.0,False,2016.25,2018.75
7381,1515,259,s,145,149.0,False,2016.25,2017.25
7382,1682,1852,s,145,148.0,False,2016.25,2017.0
7383,337,1546,s,145,150.0,False,2016.25,2017.5
7384,422,1032,s,145,146.0,False,2016.25,2016.5
7385,561,1238,s,145,149.0,False,2016.25,2017.25
7386,705,1281,s,145,146.0,False,2016.25,2016.5
7387,849,340,s,145,147.0,False,2016.25,2016.75
7388,966,340,s,145,149.0,False,2016.25,2017.25
7389,1155,942,s,145,146.0,False,2016.25,2016.5
7390,1291,1574,s,145,157.0,False,2016.25,2019.25
7391,1376,1392,s,145,157.0,False,2016.25,2019.25
7392,1431,1852,s,145,147.0,False,2016.25,2016.75
7393,1682,1392,s,145,150.0,False,2016.25,2017.5
7394,1837,59,s,145,157.0,False,2016.25,2019.25
7395,1837,653,s,145,148.0,False,2016.25,2017.0
7396,1837,1331,s,145,145.0,False,2016.25,2016.25
7397,30,406,s,145,163.0,False,2016.25,2020.75
7398,30,1020,s,145,146.0,False,2016.25,2016.5
7399,161,110,s,145,146.0,False,2016.25,2016.5
7400,521,302,s,145,146.0,False,2016.25,2016.5
7401,705,1370,s,145,153.0,False,2016.25,2018.25
7402,848,224,s,145,152.0,False,2016.25,2018.0
7403,848,679,s,145,146.0,False,2016.25,2016.5
7404,916,679,s,145,147.0,False,2016.25,2016.75
7405,916,1833,s,145,152.0,False,2016.25,2018.0
7406,991,942,s,145,146.0,False,2016.25,2016.5
7407,1099,1833,s,145,152.0,False,2016.25,2018.0
7408,1157,1456,s,145,149.0,False,2016.25,2017.25
7409,1222,1211,s,145,154.0,False,2016.25,2018.5
7410,1260,417,s,145,146.0,False,2016.25,2016.5
7411,1260,1416,s,145,147.0,False,2016.25,2016.75
7412,1284,1810,s,145,150.0,False,2016.25,2017.5
7413,1291,1209,s,145,152.0,False,2016.25,2018.0
7414,1314,1501,s,145,156.0,False,2016.25,2019.0
7415,1314,1508,s,145,151.0,False,2016.25,2017.75
7416,1317,1853,s,145,158.0,False,2016.25,2019.5
7417,1434,1188,s,145,147.0,False,2016.25,2016.75
7418,1533,1473,s,145,152.0,False,2016.25,2018.0
7419,1682,1209,s,145,161.0,False,2016.25,2020.25
7420,847,1032,l,145,188.0,True,2016.25,2027.0
7421,1431,1331,l,145,192.0,True,2016.25,2028.0
7422,1431,1501,l,145,176.0,True,2016.25,2024.0
7423,521,1030,l,145,185.0,True,2016.25,2026.25
7424,526,1546,l,145,156.0,True,2016.25,2019.0
7425,1682,1319,l,145,151.0,True,2016.25,2017.75
7426,274,268,s,146,154.0,False,2016.5,2018.5
7427,337,259,s,146,149.0,False,2016.5,2017.25
7428,337,942,s,146,146.0,False,2016.5,2016.5
7429,630,1699,s,146,148.0,False,2016.5,2017.0
7430,916,360,s,146,148.0,False,2016.5,2017.0
7431,940,406,s,146,148.0,False,2016.5,2017.0
7432,940,942,s,146,159.0,False,2016.5,2019.75
7433,940,1209,s,146,150.0,False,2016.5,2017.5
7434,940,1238,s,146,147.0,False,2016.5,2016.75
7435,1157,1020,s,146,161.0,False,2016.5,2020.25
7436,1248,1203,s,146,148.0,False,2016.5,2017.0
7437,1431,1535,s,146,164.0,False,2016.5,2021.0
7438,1434,1852,s,146,148.0,False,2016.5,2017.0
7439,1523,1501,s,146,148.0,False,2016.5,2017.0
7440,1533,1852,s,146,156.0,False,2016.5,2019.0
7441,1682,1361,s,146,147.0,False,2016.5,2016.75
7442,1729,1321,s,146,146.0,False,2016.5,2016.5
7443,30,1030,s,146,161.0,False,2016.5,2020.25
7444,161,302,s,146,152.0,False,2016.5,2018.0
7445,172,800,s,146,148.0,False,2016.5,2017.0
7446,394,1188,s,146,156.0,False,2016.5,2019.0
7447,422,1028,s,146,147.0,False,2016.5,2016.75
7448,521,679,s,146,147.0,False,2016.5,2016.75
7449,561,406,s,146,146.0,False,2016.5,2016.5
7450,754,302,s,146,146.0,False,2016.5,2016.5
7451,754,679,s,146,148.0,False,2016.5,2017.0
7452,776,340,s,146,148.0,False,2016.5,2017.0
7453,847,259,s,146,146.0,False,2016.5,2016.5
7454,936,59,s,146,146.0,False,2016.5,2016.5
7455,944,710,s,146,151.0,False,2016.5,2017.75
7456,966,406,s,146,156.0,False,2016.5,2019.0
7457,966,1030,s,146,147.0,False,2016.5,2016.75
7458,1099,679,s,146,147.0,False,2016.5,2016.75
7459,1157,1852,s,146,149.0,False,2016.5,2017.25
7460,1248,1361,s,146,158.0,False,2016.5,2019.5
7461,1275,1281,s,146,148.0,False,2016.5,2017.0
7462,1294,1238,s,146,146.0,False,2016.5,2016.5
7463,1314,268,s,146,153.0,False,2016.5,2018.25
7464,1314,1238,s,146,149.0,False,2016.5,2017.25
7465,1356,268,s,146,148.0,False,2016.5,2017.0
7466,1376,1238,s,146,154.0,False,2016.5,2018.5
7467,1434,1203,s,146,149.0,False,2016.5,2017.25
7468,1434,1699,s,146,152.0,False,2016.5,2018.0
7469,1523,1574,s,146,146.0,False,2016.5,2016.5
7470,30,259,s,146,147.0,False,2016.5,2016.75
7471,30,653,s,146,147.0,False,2016.5,2016.75
7472,30,704,s,146,147.0,False,2016.5,2016.75
7473,172,406,s,146,155.0,False,2016.5,2018.75
7474,561,1264,s,146,147.0,False,2016.5,2016.75
7475,630,942,s,146,151.0,False,2016.5,2017.75
7476,705,1331,s,146,152.0,False,2016.5,2018.0
7477,847,689,s,146,149.0,False,2016.5,2017.25
7478,847,1030,s,146,149.0,False,2016.5,2017.25
7479,848,956,s,146,147.0,False,2016.5,2016.75
7480,916,1053,s,146,148.0,False,2016.5,2017.0
7481,936,243,s,146,147.0,False,2016.5,2016.75
7482,1099,956,s,146,147.0,False,2016.5,2016.75
7483,1184,1238,s,146,152.0,False,2016.5,2018.0
7484,1189,1188,s,146,152.0,False,2016.5,2018.0
7485,1291,1203,s,146,148.0,False,2016.5,2017.0
7486,1291,1281,s,146,149.0,False,2016.5,2017.25
7487,1317,1321,s,146,150.0,False,2016.5,2017.5
7488,1434,1331,s,146,147.0,False,2016.5,2016.75
7489,1434,1370,s,146,147.0,False,2016.5,2016.75
7490,1682,1014,s,146,148.0,False,2016.5,2017.0
7491,1837,1699,s,146,150.0,False,2016.5,2017.5
7492,819,762,l,146,152.0,True,2016.5,2018.0
7493,944,224,l,146,161.0,True,2016.5,2020.25
7494,1291,1852,l,146,173.0,True,2016.5,2023.25
7495,1317,1188,l,146,152.0,True,2016.5,2018.0
7496,1317,1361,l,146,172.0,True,2016.5,2023.0
7497,1368,1188,l,146,147.0,True,2016.5,2016.75
7498,1682,942,l,146,242.0,True,2016.5,2040.5
7499,1184,1852,l,146,166.0,True,2016.5,2021.5
7500,1455,942,l,146,147.0,True,2016.5,2016.75
7501,1455,1473,l,146,228.0,True,2016.5,2037.0
7502,1184,1188,l,146,200.0,True,2016.5,2030.0
7503,1455,1281,l,146,190.0,True,2016.5,2027.5
7504,1682,1238,l,146,164.0,True,2016.5,2021.0
7505,172,1020,s,147,149.0,False,2016.75,2017.25
7506,497,192,s,147,158.0,False,2016.75,2019.5
7507,497,679,s,147,148.0,False,2016.75,2017.0
7508,561,224,s,147,150.0,False,2016.75,2017.5
7509,754,1028,s,147,150.0,False,2016.75,2017.5
7510,848,679,s,147,147.0,False,2016.75,2016.75
7511,936,313,s,147,148.0,False,2016.75,2017.0
7512,936,1020,s,147,151.0,False,2016.75,2017.75
7513,966,1032,s,147,152.0,False,2016.75,2018.0
7514,966,1044,s,147,147.0,False,2016.75,2016.75
7515,1239,1331,s,147,152.0,False,2016.75,2018.0
7516,1260,1321,s,147,150.0,False,2016.75,2017.5
7517,1291,1361,s,147,148.0,False,2016.75,2017.0
7518,1368,1853,s,147,148.0,False,2016.75,2017.0
7519,1431,1361,s,147,148.0,False,2016.75,2017.0
7520,1523,1281,s,147,147.0,False,2016.75,2016.75
7521,1523,1536,s,147,152.0,False,2016.75,2018.0
7522,1533,1238,s,147,149.0,False,2016.75,2017.25
7523,1533,1574,s,147,149.0,False,2016.75,2017.25
7524,1837,1240,s,147,150.0,False,2016.75,2017.5
7525,521,793,s,147,149.0,False,2016.75,2017.25
7526,630,1238,s,147,152.0,False,2016.75,2018.0
7527,705,1281,s,147,148.0,False,2016.75,2017.0
7528,754,268,s,147,148.0,False,2016.75,2017.0
7529,916,1028,s,147,150.0,False,2016.75,2017.5
7530,916,1321,s,147,148.0,False,2016.75,2017.0
7531,944,399,s,147,155.0,False,2016.75,2018.75
7532,1097,956,s,147,159.0,False,2016.75,2019.75
7533,1291,1188,s,147,149.0,False,2016.75,2017.25
7534,1356,1852,s,147,149.0,False,2016.75,2017.25
7535,1434,1319,s,147,151.0,False,2016.75,2017.75
7536,1434,1361,s,147,150.0,False,2016.75,2017.5
7537,1455,1725,s,147,156.0,False,2016.75,2019.0
7538,1512,1319,s,147,155.0,False,2016.75,2018.75
7539,1682,1266,s,147,149.0,False,2016.75,2017.25
7540,1729,1238,s,147,147.0,False,2016.75,2016.75
7541,92,302,s,147,151.0,False,2016.75,2017.75
7542,330,942,s,147,166.0,False,2016.75,2021.5
7543,351,1203,s,147,149.0,False,2016.75,2017.25
7544,776,302,s,147,148.0,False,2016.75,2017.0
7545,791,224,s,147,151.0,False,2016.75,2017.75
7546,848,1026,s,147,165.0,False,2016.75,2021.25
7547,916,192,s,147,156.0,False,2016.75,2019.0
7548,936,775,s,147,149.0,False,2016.75,2017.25
7549,1099,340,s,147,149.0,False,2016.75,2017.25
7550,1232,1188,s,147,148.0,False,2016.75,2017.0
7551,1260,1699,s,147,159.0,False,2016.75,2019.75
7552,1263,1240,s,147,155.0,False,2016.75,2018.75
7553,1434,1501,s,147,158.0,False,2016.75,2019.5
7554,1533,1297,s,147,160.0,False,2016.75,2020.0
7555,1729,614,s,147,153.0,False,2016.75,2018.25
7556,1682,800,l,147,,True,2016.75,
7557,526,1437,l,147,149.0,True,2016.75,2017.25
7558,1368,1473,l,147,213.0,True,2016.75,2033.25
7559,497,1014,l,147,233.0,True,2016.75,2038.25
7560,172,1188,s,148,154.0,False,2017.0,2018.5
7561,351,689,s,148,149.0,False,2017.0,2017.25
7562,351,1508,s,148,157.0,False,2017.0,2019.25
7563,422,689,s,148,150.0,False,2017.0,2017.5
7564,754,302,s,148,154.0,False,2017.0,2018.5
7565,936,302,s,148,151.0,False,2017.0,2017.75
7566,936,762,s,148,152.0,False,2017.0,2018.0
7567,944,1032,s,148,148.0,False,2017.0,2017.0
7568,1099,907,s,148,156.0,False,2017.0,2019.0
7569,1157,1187,s,148,149.0,False,2017.0,2017.25
7570,1157,1188,s,148,153.0,False,2017.0,2018.25
7571,1222,1473,s,148,154.0,False,2017.0,2018.5
7572,1291,1853,s,148,158.0,False,2017.0,2019.5
7573,1314,1536,s,148,152.0,False,2017.0,2018.0
7574,1317,1574,s,148,150.0,False,2017.0,2017.5
7575,1434,1473,s,148,151.0,False,2017.0,2017.75
7576,1455,1508,s,148,167.0,False,2017.0,2021.75
7577,1682,1699,s,148,150.0,False,2017.0,2017.5
7578,30,224,s,148,149.0,False,2017.0,2017.25
7579,172,1211,s,148,148.0,False,2017.0,2017.0
7580,304,1028,s,148,155.0,False,2017.0,2018.75
7581,561,1188,s,148,149.0,False,2017.0,2017.25
7582,561,1319,s,148,153.0,False,2017.0,2018.25
7583,791,59,s,148,151.0,False,2017.0,2017.75
7584,847,679,s,148,151.0,False,2017.0,2017.75
7585,848,1508,s,148,149.0,False,2017.0,2017.25
7586,916,775,s,148,157.0,False,2017.0,2019.25
7587,991,942,s,148,151.0,False,2017.0,2017.75
7588,1099,1032,s,148,150.0,False,2017.0,2017.5
7589,1155,268,s,148,163.0,False,2017.0,2020.75
7590,1157,1014,s,148,156.0,False,2017.0,2019.0
7591,1157,1473,s,148,150.0,False,2017.0,2017.5
7592,1317,1508,s,148,150.0,False,2017.0,2017.5
7593,1548,1238,s,148,154.0,False,2017.0,2018.5
7594,1682,1281,s,148,151.0,False,2017.0,2017.75
7595,1682,1473,s,148,151.0,False,2017.0,2017.75
7596,1705,1240,s,148,150.0,False,2017.0,2017.5
7597,1729,1508,s,148,157.0,False,2017.0,2019.25
7598,1837,268,s,148,190.0,False,2017.0,2027.5
7599,1837,793,s,148,163.0,False,2017.0,2020.75
7600,92,793,s,148,150.0,False,2017.0,2017.5
7601,161,679,s,148,150.0,False,2017.0,2017.5
7602,172,1203,s,148,152.0,False,2017.0,2018.0
7603,172,1852,s,148,152.0,False,2017.0,2018.0
7604,497,1028,s,148,153.0,False,2017.0,2018.25
7605,561,1508,s,148,155.0,False,2017.0,2018.75
7606,848,192,s,148,150.0,False,2017.0,2017.5
7607,848,406,s,148,152.0,False,2017.0,2018.0
7608,1098,1810,s,148,150.0,False,2017.0,2017.5
7609,1155,942,s,148,149.0,False,2017.0,2017.25
7610,1198,942,s,148,156.0,False,2017.0,2019.0
7611,1198,1238,s,148,149.0,False,2017.0,2017.25
7612,1356,1331,s,148,153.0,False,2017.0,2018.25
7613,1369,1188,s,148,157.0,False,2017.0,2019.25
7614,1523,1725,s,148,157.0,False,2017.0,2019.25
7615,1533,1331,s,148,149.0,False,2017.0,2017.25
7616,1729,1014,s,148,150.0,False,2017.0,2017.5
7617,526,340,l,148,164.0,True,2017.0,2021.0
7618,1356,942,l,148,237.0,True,2017.0,2039.25
7619,1431,1725,l,148,153.0,True,2017.0,2018.25
7620,1837,1188,l,148,151.0,True,2017.0,2017.75
7621,1533,1501,l,148,220.0,True,2017.0,2035.0
7622,1487,1209,l,148,,True,2017.0,
7623,1729,1203,l,148,180.0,True,2017.0,2025.0
7624,1729,1238,l,148,197.0,True,2017.0,2029.25
7625,92,942,s,149,150.0,False,2017.25,2017.5
7626,92,1209,s,149,150.0,False,2017.25,2017.5
7627,172,614,s,149,150.0,False,2017.25,2017.5
7628,497,302,s,149,151.0,False,2017.25,2017.75
7629,754,59,s,149,162.0,False,2017.25,2020.5
7630,849,340,s,149,152.0,False,2017.25,2018.0
7631,913,1471,s,149,157.0,False,2017.25,2019.25
7632,944,1030,s,149,166.0,False,2017.25,2021.5
7633,1080,1508,s,149,162.0,False,2017.25,2020.5
7634,1088,406,s,149,153.0,False,2017.25,2018.25
7635,1157,1766,s,149,153.0,False,2017.25,2018.25
7636,1184,942,s,149,150.0,False,2017.25,2017.5
7637,1222,1297,s,149,159.0,False,2017.25,2019.75
7638,1248,1209,s,149,150.0,False,2017.25,2017.5
7639,1248,1238,s,149,152.0,False,2017.25,2018.0
7640,1260,1473,s,149,149.0,False,2017.25,2017.25
7641,1356,1238,s,149,149.0,False,2017.25,2017.25
7642,1368,942,s,149,153.0,False,2017.25,2018.25
7643,1368,1240,s,149,153.0,False,2017.25,2018.25
7644,1396,1725,s,149,152.0,False,2017.25,2018.0
7645,1434,1271,s,149,156.0,False,2017.25,2019.0
7646,1523,1501,s,149,157.0,False,2017.25,2019.25
7647,1533,1361,s,149,152.0,False,2017.25,2018.0
7648,1682,1852,s,149,150.0,False,2017.25,2017.5
7649,1729,1473,s,149,160.0,False,2017.25,2020.0
7650,30,259,s,149,155.0,False,2017.25,2018.75
7651,30,443,s,149,149.0,False,2017.25,2017.25
7652,92,1156,s,149,155.0,False,2017.25,2018.75
7653,92,1281,s,149,149.0,False,2017.25,2017.25
7654,172,59,s,149,150.0,False,2017.25,2017.5
7655,172,340,s,149,155.0,False,2017.25,2018.75
7656,497,406,s,149,156.0,False,2017.25,2019.0
7657,521,406,s,149,154.0,False,2017.25,2018.5
7658,705,1281,s,149,152.0,False,2017.25,2018.0
7659,916,1020,s,149,154.0,False,2017.25,2018.5
7660,1007,1203,s,149,151.0,False,2017.25,2017.75
7661,1157,1331,s,149,161.0,False,2017.25,2020.25
7662,1157,1699,s,149,157.0,False,2017.25,2019.25
7663,1275,1281,s,149,150.0,False,2017.25,2017.5
7664,1314,1852,s,149,162.0,False,2017.25,2020.5
7665,1431,1281,s,149,156.0,False,2017.25,2019.0
7666,1434,1238,s,149,151.0,False,2017.25,2017.75
7667,1551,1473,s,149,151.0,False,2017.25,2017.75
7668,1682,1264,s,149,160.0,False,2017.25,2020.0
7669,1837,689,s,149,155.0,False,2017.25,2018.75
7670,1837,1203,s,149,158.0,False,2017.25,2019.5
7671,92,1188,s,149,157.0,False,2017.25,2019.25
7672,819,302,s,149,150.0,False,2017.25,2017.5
7673,916,110,s,149,164.0,False,2017.25,2021.0
7674,936,1792,s,149,151.0,False,2017.25,2017.75
7675,1198,1361,s,149,150.0,False,2017.25,2017.5
7676,1244,1238,s,149,152.0,False,2017.25,2018.0
7677,1248,1203,s,149,160.0,False,2017.25,2020.0
7678,1260,942,s,149,150.0,False,2017.25,2017.5
7679,1260,1853,s,149,159.0,False,2017.25,2019.75
7680,1291,1473,s,149,152.0,False,2017.25,2018.0
7681,1314,1312,s,149,151.0,False,2017.25,2017.75
7682,1317,1331,s,149,151.0,False,2017.25,2017.75
7683,1682,1853,s,149,152.0,False,2017.25,2018.0
7684,1729,653,s,149,158.0,False,2017.25,2019.5
7685,848,302,l,149,199.0,True,2017.25,2029.75
7686,944,1032,l,149,163.0,True,2017.25,2020.75
7687,30,614,s,150,153.0,False,2017.5,2018.25
7688,172,1321,s,150,154.0,False,2017.5,2018.5
7689,482,1240,s,150,151.0,False,2017.5,2017.75
7690,561,942,s,150,156.0,False,2017.5,2019.0
7691,647,1546,s,150,156.0,False,2017.5,2019.0
7692,847,689,s,150,150.0,False,2017.5,2017.5
7693,848,1028,s,150,154.0,False,2017.5,2018.5
7694,848,1508,s,150,166.0,False,2017.5,2021.5
7695,991,110,s,150,150.0,False,2017.5,2017.5
7696,1099,1659,s,150,162.0,False,2017.5,2020.5
7697,1244,1725,s,150,158.0,False,2017.5,2019.5
7698,1248,1281,s,150,150.0,False,2017.5,2017.5
7699,1263,1209,s,150,150.0,False,2017.5,2017.5
7700,1291,1319,s,150,151.0,False,2017.5,2017.75
7701,1374,1209,s,150,155.0,False,2017.5,2018.75
7702,1455,1203,s,150,152.0,False,2017.5,2018.0
7703,1523,1238,s,150,150.0,False,2017.5,2017.5
7704,1523,1508,s,150,150.0,False,2017.5,2017.5
7705,1682,1508,s,150,163.0,False,2017.5,2020.75
7706,1729,1188,s,150,158.0,False,2017.5,2019.5
7707,1837,224,s,150,154.0,False,2017.5,2018.5
7708,30,800,s,150,154.0,False,2017.5,2018.5
7709,172,1209,s,150,152.0,False,2017.5,2018.0
7710,351,1238,s,150,155.0,False,2017.5,2018.75
7711,521,243,s,150,152.0,False,2017.5,2018.0
7712,848,90,s,150,158.0,False,2017.5,2019.5
7713,916,679,s,150,166.0,False,2017.5,2021.5
7714,936,1030,s,150,155.0,False,2017.5,2018.75
7715,1099,182,s,150,152.0,False,2017.5,2018.0
7716,1263,1238,s,150,151.0,False,2017.5,2017.75
7717,1365,689,s,150,152.0,False,2017.5,2018.0
7718,1368,1852,s,150,152.0,False,2017.5,2018.0
7719,1431,1203,s,150,166.0,False,2017.5,2021.5
7720,1455,1501,s,150,154.0,False,2017.5,2018.5
7721,1487,1725,s,150,153.0,False,2017.5,2018.25
7722,1533,1203,s,150,151.0,False,2017.5,2017.75
7723,30,340,s,150,157.0,False,2017.5,2019.25
7724,87,1295,s,150,157.0,False,2017.5,2019.25
7725,92,1766,s,150,156.0,False,2017.5,2019.0
7726,172,192,s,150,152.0,False,2017.5,2018.0
7727,172,1508,s,150,152.0,False,2017.5,2018.0
7728,236,90,s,150,159.0,False,2017.5,2019.75
7729,351,268,s,150,157.0,False,2017.5,2019.25
7730,521,224,s,150,162.0,False,2017.5,2020.5
7731,754,1030,s,150,154.0,False,2017.5,2018.5
7732,1088,800,s,150,151.0,False,2017.5,2017.75
7733,1098,302,s,150,153.0,False,2017.5,2018.25
7734,1155,942,s,150,158.0,False,2017.5,2019.5
7735,1157,1852,s,150,157.0,False,2017.5,2019.25
7736,1184,1014,s,150,155.0,False,2017.5,2018.75
7737,1207,1319,s,150,156.0,False,2017.5,2019.0
7738,1232,1203,s,150,151.0,False,2017.5,2017.75
7739,1260,1240,s,150,156.0,False,2017.5,2019.0
7740,1308,1508,s,150,152.0,False,2017.5,2018.0
7741,1314,1361,s,150,151.0,False,2017.5,2017.75
7742,1356,1203,s,150,151.0,False,2017.5,2017.75
7743,1356,1238,s,150,152.0,False,2017.5,2018.0
7744,1368,1238,s,150,151.0,False,2017.5,2017.75
7745,1523,1473,s,150,152.0,False,2017.5,2018.0
7746,1533,1238,s,150,153.0,False,2017.5,2018.25
7747,1551,1501,s,150,156.0,False,2017.5,2019.0
7748,1263,1156,l,150,169.0,True,2017.5,2022.25
7749,1157,1238,l,150,,True,2017.5,
7750,1434,1851,l,150,170.0,True,2017.5,2022.5
7751,30,1020,s,151,151.0,False,2017.75,2017.75
7752,172,793,s,151,153.0,False,2017.75,2018.25
7753,521,268,s,151,153.0,False,2017.75,2018.25
7754,521,1028,s,151,154.0,False,2017.75,2018.5
7755,791,1699,s,151,156.0,False,2017.75,2019.0
7756,944,614,s,151,170.0,False,2017.75,2022.5
7757,1180,1188,s,151,153.0,False,2017.75,2018.25
7758,1206,1853,s,151,154.0,False,2017.75,2018.5
7759,1260,1852,s,151,162.0,False,2017.75,2020.5
7760,1314,1473,s,151,153.0,False,2017.75,2018.25
7761,1533,1471,s,151,156.0,False,2017.75,2019.0
7762,172,682,s,151,160.0,False,2017.75,2020.0
7763,916,1028,s,151,162.0,False,2017.75,2020.5
7764,916,1699,s,151,157.0,False,2017.75,2019.25
7765,944,90,s,151,156.0,False,2017.75,2019.0
7766,1098,1810,s,151,152.0,False,2017.75,2018.0
7767,1260,1188,s,151,159.0,False,2017.75,2019.75
7768,1263,1392,s,151,155.0,False,2017.75,2018.75
7769,1434,1188,s,151,156.0,False,2017.75,2019.0
7770,1434,1536,s,151,153.0,False,2017.75,2018.25
7771,1479,1392,s,151,154.0,False,2017.75,2018.5
7772,1523,1203,s,151,153.0,False,2017.75,2018.25
7773,1533,1188,s,151,152.0,False,2017.75,2018.0
7774,1682,1699,s,151,153.0,False,2017.75,2018.25
7775,1682,1852,s,151,152.0,False,2017.75,2018.0
7776,92,59,s,151,155.0,False,2017.75,2018.75
7777,161,1028,s,151,153.0,False,2017.75,2018.25
7778,525,1281,s,151,153.0,False,2017.75,2018.25
7779,526,302,s,151,152.0,False,2017.75,2018.0
7780,561,1238,s,151,154.0,False,2017.75,2018.5
7781,705,689,s,151,153.0,False,2017.75,2018.25
7782,867,942,s,151,152.0,False,2017.75,2018.0
7783,916,259,s,151,152.0,False,2017.75,2018.0
7784,916,1238,s,151,157.0,False,2017.75,2019.25
7785,940,224,s,151,165.0,False,2017.75,2021.25
7786,991,59,s,151,158.0,False,2017.75,2019.5
7787,1157,1471,s,151,153.0,False,2017.75,2018.25
7788,1260,942,s,151,153.0,False,2017.75,2018.25
7789,1263,1209,s,151,167.0,False,2017.75,2021.75
7790,1291,1203,s,151,161.0,False,2017.75,2020.25
7791,1291,1297,s,151,157.0,False,2017.75,2019.25
7792,1431,1508,s,151,153.0,False,2017.75,2018.25
7793,1434,1852,s,151,158.0,False,2017.75,2019.5
7794,1479,1238,s,151,165.0,False,2017.75,2021.25
7795,1729,1321,s,151,152.0,False,2017.75,2018.0
7796,1396,1501,l,151,160.0,True,2017.75,2020.0
7797,1523,1568,l,151,155.0,True,2017.75,2018.75
7798,422,1028,l,151,158.0,True,2017.75,2019.5
7799,1260,1473,l,151,,True,2017.75,
7800,1317,1508,l,151,192.0,True,2017.75,2028.0
7801,1431,1536,l,151,195.0,True,2017.75,2028.75
7802,92,942,s,152,158.0,False,2018.0,2019.5
7803,274,1508,s,152,153.0,False,2018.0,2018.25
7804,867,689,s,152,153.0,False,2018.0,2018.25
7805,1189,1725,s,152,160.0,False,2018.0,2020.0
7806,1260,1271,s,152,159.0,False,2018.0,2019.75
7807,1263,1238,s,152,157.0,False,2018.0,2019.25
7808,1291,1188,s,152,157.0,False,2018.0,2019.25
7809,1314,1209,s,152,152.0,False,2018.0,2018.0
7810,1314,1238,s,152,153.0,False,2018.0,2018.25
7811,1356,1203,s,152,154.0,False,2018.0,2018.5
7812,1455,1574,s,152,154.0,False,2018.0,2018.5
7813,1533,1331,s,152,154.0,False,2018.0,2018.5
7814,1837,614,s,152,158.0,False,2018.0,2019.5
7815,96,1546,s,152,156.0,False,2018.0,2019.0
7816,172,1020,s,152,173.0,False,2018.0,2023.25
7817,274,942,s,152,157.0,False,2018.0,2019.25
7818,351,689,s,152,153.0,False,2018.0,2018.25
7819,479,302,s,152,156.0,False,2018.0,2019.0
7820,848,907,s,152,158.0,False,2018.0,2019.5
7821,940,1271,s,152,154.0,False,2018.0,2018.5
7822,1088,302,s,152,160.0,False,2018.0,2020.0
7823,1088,1020,s,152,158.0,False,2018.0,2019.5
7824,1088,1238,s,152,153.0,False,2018.0,2018.25
7825,1099,762,s,152,155.0,False,2018.0,2018.75
7826,1155,1331,s,152,154.0,False,2018.0,2018.5
7827,1198,1271,s,152,161.0,False,2018.0,2020.25
7828,1244,524,s,152,153.0,False,2018.0,2018.25
7829,1314,1281,s,152,153.0,False,2018.0,2018.25
7830,1317,1392,s,152,165.0,False,2018.0,2021.25
7831,1317,1568,s,152,158.0,False,2018.0,2019.5
7832,1431,1188,s,152,162.0,False,2018.0,2020.5
7833,1479,1188,s,152,162.0,False,2018.0,2020.5
7834,1512,1852,s,152,154.0,False,2018.0,2018.5
7835,1533,1319,s,152,156.0,False,2018.0,2019.0
7836,1837,1014,s,152,157.0,False,2018.0,2019.25
7837,30,1209,s,152,154.0,False,2018.0,2018.5
7838,848,679,s,152,163.0,False,2018.0,2020.75
7839,913,1028,s,152,154.0,False,2018.0,2018.5
7840,916,614,s,152,160.0,False,2018.0,2020.0
7841,936,1238,s,152,153.0,False,2018.0,2018.25
7842,1155,1361,s,152,154.0,False,2018.0,2018.5
7843,1260,268,s,152,158.0,False,2018.0,2019.5
7844,1275,1281,s,152,165.0,False,2018.0,2021.25
7845,1314,1508,s,152,154.0,False,2018.0,2018.5
7846,1356,1240,s,152,162.0,False,2018.0,2020.5
7847,1511,1625,s,152,158.0,False,2018.0,2019.5
7848,1551,1392,s,152,156.0,False,2018.0,2019.0
7849,1573,1501,s,152,154.0,False,2018.0,2018.5
7850,1682,1281,s,152,154.0,False,2018.0,2018.5
7851,1729,59,s,152,159.0,False,2018.0,2019.75
7852,1729,1014,s,152,153.0,False,2018.0,2018.25
7853,172,1699,l,152,231.0,True,2018.0,2037.75
7854,1244,1508,l,152,223.0,True,2018.0,2035.75
7855,1248,1508,l,152,,True,2018.0,
7856,1837,1238,l,152,184.0,True,2018.0,2026.0
7857,936,90,l,152,179.0,True,2018.0,2024.75
7858,1479,1473,l,152,,True,2018.0,
7859,1487,1501,l,152,171.0,True,2018.0,2022.75
7860,1533,1725,l,152,238.0,True,2018.0,2039.5
7861,1314,1361,l,152,233.0,True,2018.0,2038.25
7862,330,268,s,153,153.0,False,2018.25,2018.25
7863,351,1203,s,153,165.0,False,2018.25,2021.25
7864,351,1473,s,153,156.0,False,2018.25,2019.0
7865,422,340,s,153,157.0,False,2018.25,2019.25
7866,525,1020,s,153,154.0,False,2018.25,2018.5
7867,705,1281,s,153,162.0,False,2018.25,2020.5
7868,855,1546,s,153,154.0,False,2018.25,2018.5
7869,909,1209,s,153,155.0,False,2018.25,2018.75
7870,916,406,s,153,168.0,False,2018.25,2022.0
7871,944,24,s,153,154.0,False,2018.25,2018.5
7872,966,1044,s,153,160.0,False,2018.25,2020.0
7873,1369,942,s,153,161.0,False,2018.25,2020.25
7874,1533,1568,s,153,167.0,False,2018.25,2021.75
7875,1551,1203,s,153,153.0,False,2018.25,2018.25
7876,1879,942,s,153,156.0,False,2018.25,2019.0
7877,96,1048,s,153,155.0,False,2018.25,2018.75
7878,172,302,s,153,158.0,False,2018.25,2019.5
7879,337,302,s,153,154.0,False,2018.25,2018.5
7880,916,682,s,153,155.0,False,2018.25,2018.75
7881,940,1238,s,153,159.0,False,2018.25,2019.75
7882,944,710,s,153,155.0,False,2018.25,2018.75
7883,1368,1188,s,153,158.0,False,2018.25,2019.5
7884,1369,1501,s,153,156.0,False,2018.25,2019.0
7885,1450,1473,s,153,154.0,False,2018.25,2018.5
7886,1455,1536,s,153,157.0,False,2018.25,2019.25
7887,1487,1574,s,153,156.0,False,2018.25,2019.0
7888,1523,1331,s,153,159.0,False,2018.25,2019.75
7889,1523,1852,s,153,156.0,False,2018.25,2019.0
7890,1682,268,s,153,154.0,False,2018.25,2018.5
7891,1682,1852,s,153,155.0,False,2018.25,2018.75
7892,561,1297,s,153,154.0,False,2018.25,2018.5
7893,847,340,s,153,156.0,False,2018.25,2019.0
7894,848,224,s,153,167.0,False,2018.25,2021.75
7895,916,537,s,153,158.0,False,2018.25,2019.5
7896,936,268,s,153,159.0,False,2018.25,2019.75
7897,936,1203,s,153,164.0,False,2018.25,2021.0
7898,944,689,s,153,154.0,False,2018.25,2018.5
7899,966,302,s,153,163.0,False,2018.25,2020.75
7900,1099,679,s,153,155.0,False,2018.25,2018.75
7901,1232,1281,s,153,154.0,False,2018.25,2018.5
7902,1275,1508,s,153,158.0,False,2018.25,2019.5
7903,1291,1508,s,153,162.0,False,2018.25,2020.5
7904,1317,268,s,153,161.0,False,2018.25,2020.25
7905,1317,1574,s,153,167.0,False,2018.25,2021.75
7906,1317,1766,s,153,155.0,False,2018.25,2018.75
7907,1455,1203,s,153,159.0,False,2018.25,2019.75
7908,1533,1508,s,153,155.0,False,2018.25,2018.75
7909,1729,793,s,153,156.0,False,2018.25,2019.0
7910,1837,16,s,153,155.0,False,2018.25,2018.75
7911,1837,1508,s,153,157.0,False,2018.25,2019.25
7912,1248,1188,l,153,181.0,True,2018.25,2025.25
7913,1479,1331,l,153,160.0,True,2018.25,2020.0
7914,1729,1271,l,153,,True,2018.25,
7915,1088,259,l,153,203.0,True,2018.25,2030.75
7916,1157,1361,l,153,,True,2018.25,
7917,30,1020,s,154,163.0,False,2018.5,2020.75
7918,92,1203,s,154,155.0,False,2018.5,2018.75
7919,172,59,s,154,156.0,False,2018.5,2019.0
7920,330,1321,s,154,155.0,False,2018.5,2018.75
7921,847,406,s,154,158.0,False,2018.5,2019.5
7922,916,1014,s,154,154.0,False,2018.5,2018.5
7923,1157,1188,s,154,167.0,False,2018.5,2021.75
7924,1157,1271,s,154,155.0,False,2018.5,2018.75
7925,1260,942,s,154,158.0,False,2018.5,2019.5
7926,1291,1209,s,154,155.0,False,2018.5,2018.75
7927,1314,1331,s,154,163.0,False,2018.5,2020.75
7928,1317,1501,s,154,157.0,False,2018.5,2019.25
7929,1431,1238,s,154,154.0,False,2018.5,2018.5
7930,1431,1508,s,154,160.0,False,2018.5,2020.0
7931,1434,1568,s,154,154.0,False,2018.5,2018.5
7932,1455,1297,s,154,160.0,False,2018.5,2020.0
7933,1479,1240,s,154,158.0,False,2018.5,2019.5
7934,1479,1725,s,154,156.0,False,2018.5,2019.0
7935,1487,1238,s,154,155.0,False,2018.5,2018.75
7936,1837,1188,s,154,156.0,False,2018.5,2019.0
7937,274,24,s,154,165.0,False,2018.5,2021.25
7938,351,1209,s,154,156.0,False,2018.5,2019.0
7939,351,1852,s,154,169.0,False,2018.5,2022.25
7940,561,1188,s,154,156.0,False,2018.5,2019.0
7941,630,942,s,154,163.0,False,2018.5,2020.75
7942,913,1188,s,154,156.0,False,2018.5,2019.0
7943,916,259,s,154,159.0,False,2018.5,2019.75
7944,916,1203,s,154,155.0,False,2018.5,2018.75
7945,936,406,s,154,160.0,False,2018.5,2020.0
7946,1198,1238,s,154,155.0,False,2018.5,2018.75
7947,1265,1508,s,154,155.0,False,2018.5,2018.75
7948,1317,1279,s,154,162.0,False,2018.5,2020.5
7949,1356,1297,s,154,154.0,False,2018.5,2018.5
7950,1551,1625,s,154,160.0,False,2018.5,2020.0
7951,1729,224,s,154,160.0,False,2018.5,2020.0
7952,30,90,s,154,170.0,False,2018.5,2022.5
7953,172,800,s,154,159.0,False,2018.5,2019.75
7954,172,1203,s,154,161.0,False,2018.5,2020.25
7955,172,1271,s,154,159.0,False,2018.5,2019.75
7956,172,1852,s,154,157.0,False,2018.5,2019.25
7957,274,1699,s,154,156.0,False,2018.5,2019.0
7958,630,1281,s,154,161.0,False,2018.5,2020.25
7959,754,1028,s,154,155.0,False,2018.5,2018.75
7960,913,1238,s,154,155.0,False,2018.5,2018.75
7961,916,313,s,154,157.0,False,2018.5,2019.25
7962,944,360,s,154,183.0,False,2018.5,2025.75
7963,1083,942,s,154,155.0,False,2018.5,2018.75
7964,1157,1321,s,154,156.0,False,2018.5,2019.0
7965,1222,1281,s,154,157.0,False,2018.5,2019.25
7966,1317,1852,s,154,157.0,False,2018.5,2019.25
7967,1479,942,s,154,160.0,False,2018.5,2020.0
7968,1533,1571,s,154,155.0,False,2018.5,2018.75
7969,1837,942,s,154,160.0,False,2018.5,2020.0
7970,630,1699,l,154,213.0,True,2018.5,2033.25
7971,940,1279,l,154,183.0,True,2018.5,2025.75
7972,1155,1331,l,154,,True,2018.5,
7973,1189,1238,l,154,177.0,True,2018.5,2024.25
7974,1317,1240,l,154,170.0,True,2018.5,2022.5
7975,1479,1852,l,154,190.0,True,2018.5,2027.5
7976,1729,1240,l,154,194.0,True,2018.5,2028.5
7977,30,762,s,155,160.0,False,2018.75,2020.0
7978,92,1370,s,155,159.0,False,2018.75,2019.75
7979,172,793,s,155,160.0,False,2018.75,2020.0
7980,337,1020,s,155,158.0,False,2018.75,2019.5
7981,337,1238,s,155,157.0,False,2018.75,2019.25
7982,351,1361,s,155,155.0,False,2018.75,2018.75
7983,422,679,s,155,155.0,False,2018.75,2018.75
7984,848,340,s,155,161.0,False,2018.75,2020.25
7985,867,942,s,155,156.0,False,2018.75,2019.0
7986,916,800,s,155,156.0,False,2018.75,2019.0
7987,936,302,s,155,160.0,False,2018.75,2020.0
7988,936,775,s,155,160.0,False,2018.75,2020.0
7989,936,1271,s,155,156.0,False,2018.75,2019.0
7990,944,59,s,155,163.0,False,2018.75,2020.75
7991,944,689,s,155,156.0,False,2018.75,2019.0
7992,1088,689,s,155,157.0,False,2018.75,2019.25
7993,1155,1188,s,155,156.0,False,2018.75,2019.0
7994,1157,689,s,155,167.0,False,2018.75,2021.75
7995,1248,1852,s,155,161.0,False,2018.75,2020.25
7996,1317,1187,s,155,156.0,False,2018.75,2019.0
7997,1479,1319,s,155,175.0,False,2018.75,2023.75
7998,1479,1501,s,155,184.0,False,2018.75,2026.0
7999,1523,1574,s,155,162.0,False,2018.75,2020.5
8000,1533,1238,s,155,157.0,False,2018.75,2019.25
8001,1533,1271,s,155,162.0,False,2018.75,2020.5
8002,1533,1574,s,155,164.0,False,2018.75,2021.0
8003,1573,1203,s,155,169.0,False,2018.75,2022.25
8004,1575,1209,s,155,157.0,False,2018.75,2019.25
8005,1575,1238,s,155,158.0,False,2018.75,2019.5
8006,1575,1501,s,155,167.0,False,2018.75,2021.75
8007,1682,1014,s,155,157.0,False,2018.75,2019.25
8008,1682,1361,s,155,160.0,False,2018.75,2020.0
8009,351,1392,s,155,167.0,False,2018.75,2021.75
8010,521,340,s,155,167.0,False,2018.75,2021.75
8011,561,1209,s,155,160.0,False,2018.75,2020.0
8012,759,1028,s,155,156.0,False,2018.75,2019.0
8013,791,1020,s,155,159.0,False,2018.75,2019.75
8014,916,341,s,155,155.0,False,2018.75,2018.75
8015,1222,1508,s,155,155.0,False,2018.75,2018.75
8016,1248,1238,s,155,158.0,False,2018.75,2019.5
8017,1365,689,s,155,164.0,False,2018.75,2021.0
8018,1369,1209,s,155,159.0,False,2018.75,2019.75
8019,1369,1699,s,155,162.0,False,2018.75,2020.5
8020,1396,1473,s,155,157.0,False,2018.75,2019.25
8021,1455,1238,s,155,159.0,False,2018.75,2019.75
8022,1479,1209,s,155,158.0,False,2018.75,2019.5
8023,1487,942,s,155,155.0,False,2018.75,2018.75
8024,1551,1725,s,155,157.0,False,2018.75,2019.25
8025,1575,1370,s,155,162.0,False,2018.75,2020.5
8026,1575,1574,s,155,159.0,False,2018.75,2019.75
8027,1575,1852,s,155,171.0,False,2018.75,2022.75
8028,30,59,s,155,157.0,False,2018.75,2019.25
8029,92,1014,s,155,162.0,False,2018.75,2020.5
8030,337,942,s,155,163.0,False,2018.75,2020.75
8031,561,1203,s,155,160.0,False,2018.75,2020.0
8032,739,942,s,155,159.0,False,2018.75,2019.75
8033,754,942,s,155,156.0,False,2018.75,2019.0
8034,848,1020,s,155,156.0,False,2018.75,2019.0
8035,848,1699,s,155,158.0,False,2018.75,2019.5
8036,916,268,s,155,161.0,False,2018.75,2020.25
8037,944,956,s,155,156.0,False,2018.75,2019.0
8038,1099,1032,s,155,157.0,False,2018.75,2019.25
8039,1155,1297,s,155,166.0,False,2018.75,2021.5
8040,1157,268,s,155,156.0,False,2018.75,2019.0
8041,1157,1297,s,155,156.0,False,2018.75,2019.0
8042,1222,1851,s,155,156.0,False,2018.75,2019.0
8043,1263,1370,s,155,158.0,False,2018.75,2019.5
8044,1314,1238,s,155,164.0,False,2018.75,2021.0
8045,1314,1574,s,155,158.0,False,2018.75,2019.5
8046,1434,1574,s,155,170.0,False,2018.75,2022.5
8047,1533,1853,s,155,164.0,False,2018.75,2021.0
8048,1729,689,s,155,161.0,False,2018.75,2020.25
8049,92,1852,l,155,200.0,True,2018.75,2030.0
8050,847,689,l,155,176.0,True,2018.75,2024.0
8051,936,653,l,155,170.0,True,2018.75,2022.5
8052,1248,1271,l,155,203.0,True,2018.75,2030.75
8053,1487,1766,l,155,203.0,True,2018.75,2030.75
8054,172,1188,l,155,,True,2018.75,
8055,1575,1264,l,155,177.0,True,2018.75,2024.25
8056,30,689,s,156,160.0,False,2019.0,2020.0
8057,30,1238,s,156,160.0,False,2019.0,2020.0
8058,92,192,s,156,160.0,False,2019.0,2020.0
8059,92,1321,s,156,156.0,False,2019.0,2019.0
8060,172,24,s,156,161.0,False,2019.0,2020.25
8061,497,1028,s,156,160.0,False,2019.0,2020.0
8062,561,1319,s,156,158.0,False,2019.0,2019.5
8063,630,1321,s,156,159.0,False,2019.0,2019.75
8064,791,942,s,156,156.0,False,2019.0,2019.0
8065,936,1028,s,156,159.0,False,2019.0,2019.75
8066,1260,1501,s,156,179.0,False,2019.0,2024.75
8067,1314,1271,s,156,169.0,False,2019.0,2022.25
8068,1314,1508,s,156,158.0,False,2019.0,2019.5
8069,172,1028,s,156,158.0,False,2019.0,2019.5
8070,172,1508,s,156,160.0,False,2019.0,2020.0
8071,337,302,s,156,157.0,False,2019.0,2019.25
8072,351,1014,s,156,158.0,False,2019.0,2019.5
8073,351,1331,s,156,165.0,False,2019.0,2021.25
8074,944,167,s,156,158.0,False,2019.0,2019.5
8075,966,956,s,156,158.0,False,2019.0,2019.5
8076,1099,679,s,156,158.0,False,2019.0,2019.5
8077,1099,1810,s,156,156.0,False,2019.0,2019.0
8078,1155,1725,s,156,160.0,False,2019.0,2020.0
8079,1184,268,s,156,162.0,False,2019.0,2020.5
8080,1184,1370,s,156,168.0,False,2019.0,2022.0
8081,1222,1501,s,156,157.0,False,2019.0,2019.25
8082,1317,1699,s,156,162.0,False,2019.0,2020.5
8083,1376,1238,s,156,166.0,False,2019.0,2021.5
8084,1431,1852,s,156,161.0,False,2019.0,2020.25
8085,1575,1203,s,156,166.0,False,2019.0,2021.5
8086,1575,1725,s,156,159.0,False,2019.0,2019.75
8087,172,1319,s,156,159.0,False,2019.0,2019.75
8088,351,689,s,156,164.0,False,2019.0,2021.0
8089,351,1501,s,156,170.0,False,2019.0,2022.5
8090,561,1238,s,156,158.0,False,2019.0,2019.5
8091,848,1321,s,156,164.0,False,2019.0,2021.0
8092,1084,942,s,156,163.0,False,2019.0,2020.75
8093,1099,537,s,156,159.0,False,2019.0,2019.75
8094,1155,1501,s,156,162.0,False,2019.0,2020.5
8095,1184,942,s,156,159.0,False,2019.0,2019.75
8096,1222,1271,s,156,161.0,False,2019.0,2020.25
8097,1239,1473,s,156,166.0,False,2019.0,2021.5
8098,1431,1297,s,156,194.0,False,2019.0,2028.5
8099,1487,1188,s,156,161.0,False,2019.0,2020.25
8100,1533,1508,s,156,163.0,False,2019.0,2020.75
8101,1575,1188,s,156,157.0,False,2019.0,2019.25
8102,1640,1279,s,156,158.0,False,2019.0,2019.5
8103,1682,1240,s,156,158.0,False,2019.0,2019.5
8104,1682,1370,s,156,159.0,False,2019.0,2019.75
8105,1729,1725,s,156,162.0,False,2019.0,2020.5
8106,1837,224,s,156,158.0,False,2019.0,2019.5
8107,92,406,l,156,167.0,True,2019.0,2021.75
8108,561,406,l,156,224.0,True,2019.0,2036.0
8109,1263,1281,l,156,167.0,True,2019.0,2021.75
8110,1575,1559,l,156,168.0,True,2019.0,2022.0
8111,754,268,l,156,,True,2019.0,
8112,913,1238,l,156,,True,2019.0,
8113,1682,1211,l,156,167.0,True,2019.0,2021.75
8114,1682,1852,l,156,,True,2019.0,
8115,1575,1473,l,156,161.0,True,2019.0,2020.25
8116,92,268,s,157,158.0,False,2019.25,2019.5
8117,172,614,s,157,161.0,False,2019.25,2020.25
8118,274,1028,s,157,158.0,False,2019.25,2019.5
8119,337,406,s,157,157.0,False,2019.25,2019.25
8120,351,1281,s,157,168.0,False,2019.25,2022.0
8121,630,1187,s,157,157.0,False,2019.25,2019.25
8122,630,1319,s,157,164.0,False,2019.25,2021.0
8123,630,1392,s,157,157.0,False,2019.25,2019.25
8124,630,1501,s,157,157.0,False,2019.25,2019.25
8125,936,360,s,157,160.0,False,2019.25,2020.0
8126,940,1203,s,157,160.0,False,2019.25,2020.0
8127,966,537,s,157,158.0,False,2019.25,2019.5
8128,1157,268,s,157,161.0,False,2019.25,2020.25
8129,1248,1392,s,157,162.0,False,2019.25,2020.5
8130,1248,1501,s,157,170.0,False,2019.25,2022.5
8131,1260,1238,s,157,168.0,False,2019.25,2022.0
8132,1265,1508,s,157,160.0,False,2019.25,2020.0
8133,1389,1203,s,157,158.0,False,2019.25,2019.5
8134,1434,1725,s,157,162.0,False,2019.25,2020.5
8135,1455,1370,s,157,162.0,False,2019.25,2020.5
8136,1455,1852,s,157,163.0,False,2019.25,2020.75
8137,30,1203,s,157,158.0,False,2019.25,2019.5
8138,172,192,s,157,162.0,False,2019.25,2020.5
8139,351,1473,s,157,167.0,False,2019.25,2021.75
8140,561,1766,s,157,163.0,False,2019.25,2020.75
8141,791,1188,s,157,158.0,False,2019.25,2019.5
8142,848,406,s,157,170.0,False,2019.25,2022.5
8143,848,1810,s,157,164.0,False,2019.25,2021.0
8144,1155,1188,s,157,168.0,False,2019.25,2022.0
8145,1155,1240,s,157,170.0,False,2019.25,2022.5
8146,1157,1240,s,157,160.0,False,2019.25,2020.0
8147,1157,1473,s,157,164.0,False,2019.25,2021.0
8148,1157,1501,s,157,157.0,False,2019.25,2019.25
8149,1260,1240,s,157,160.0,False,2019.25,2020.0
8150,1263,268,s,157,158.0,False,2019.25,2019.5
8151,1263,1473,s,157,162.0,False,2019.25,2020.5
8152,1389,268,s,157,163.0,False,2019.25,2020.75
8153,1455,1392,s,157,158.0,False,2019.25,2019.5
8154,1479,1571,s,157,158.0,False,2019.25,2019.5
8155,1511,1568,s,157,161.0,False,2019.25,2020.25
8156,1575,1271,s,157,158.0,False,2019.25,2019.5
8157,1575,1625,s,157,158.0,False,2019.25,2019.5
8158,274,224,s,157,170.0,False,2019.25,2022.5
8159,482,1203,s,157,159.0,False,2019.25,2019.75
8160,561,1188,s,157,160.0,False,2019.25,2020.0
8161,944,90,s,157,159.0,False,2019.25,2019.75
8162,944,689,s,157,167.0,False,2019.25,2021.75
8163,944,956,s,157,169.0,False,2019.25,2022.25
8164,1248,1853,s,157,164.0,False,2019.25,2021.0
8165,1369,268,s,157,172.0,False,2019.25,2023.0
8166,1376,1725,s,157,164.0,False,2019.25,2021.0
8167,1434,1319,s,157,164.0,False,2019.25,2021.0
8168,1533,1203,s,157,168.0,False,2019.25,2022.0
8169,1533,1625,s,157,163.0,False,2019.25,2020.75
8170,1551,1473,s,157,159.0,False,2019.25,2019.75
8171,1575,1536,s,157,171.0,False,2019.25,2022.75
8172,1729,1264,s,157,158.0,False,2019.25,2019.5
8173,1533,1852,l,157,207.0,True,2019.25,2031.75
8174,1682,1319,l,157,,True,2019.25,
8175,230,942,s,158,160.0,False,2019.5,2020.0
8176,394,1203,s,158,165.0,False,2019.5,2021.25
8177,561,192,s,158,159.0,False,2019.5,2019.75
8178,561,942,s,158,162.0,False,2019.5,2020.5
8179,913,1319,s,158,164.0,False,2019.5,2021.0
8180,916,360,s,158,159.0,False,2019.5,2019.75
8181,936,1032,s,158,173.0,False,2019.5,2023.25
8182,936,1508,s,158,162.0,False,2019.5,2020.5
8183,944,302,s,158,168.0,False,2019.5,2022.0
8184,1157,1281,s,158,160.0,False,2019.5,2020.0
8185,1198,1281,s,158,159.0,False,2019.5,2019.75
8186,1222,1851,s,158,159.0,False,2019.5,2019.75
8187,1263,1508,s,158,179.0,False,2019.5,2024.75
8188,1291,1319,s,158,159.0,False,2019.5,2019.75
8189,1317,1188,s,158,159.0,False,2019.5,2019.75
8190,1317,1297,s,158,161.0,False,2019.5,2020.25
8191,1356,1297,s,158,159.0,False,2019.5,2019.75
8192,1455,1240,s,158,161.0,False,2019.5,2020.25
8193,1575,1188,s,158,165.0,False,2019.5,2021.25
8194,1575,1508,s,158,160.0,False,2019.5,2020.0
8195,1837,1014,s,158,166.0,False,2019.5,2021.5
8196,1837,1188,s,158,164.0,False,2019.5,2021.0
8197,30,360,s,158,165.0,False,2019.5,2021.25
8198,172,689,s,158,174.0,False,2019.5,2023.5
8199,913,1501,s,158,165.0,False,2019.5,2021.25
8200,936,1188,s,158,159.0,False,2019.5,2019.75
8201,1099,762,s,158,168.0,False,2019.5,2022.0
8202,1180,1188,s,158,159.0,False,2019.5,2019.75
8203,1222,1203,s,158,166.0,False,2019.5,2021.5
8204,1263,1238,s,158,169.0,False,2019.5,2022.25
8205,1431,1851,s,158,159.0,False,2019.5,2019.75
8206,1434,1535,s,158,158.0,False,2019.5,2019.5
8207,1479,1297,s,158,172.0,False,2019.5,2023.0
8208,1512,1203,s,158,160.0,False,2019.5,2020.0
8209,1575,1415,s,158,162.0,False,2019.5,2020.5
8210,1837,775,s,158,164.0,False,2019.5,2021.0
8211,92,1321,s,158,164.0,False,2019.5,2021.0
8212,172,1321,s,158,160.0,False,2019.5,2020.0
8213,172,1853,s,158,160.0,False,2019.5,2020.0
8214,561,689,s,158,164.0,False,2019.5,2021.0
8215,848,956,s,158,163.0,False,2019.5,2020.75
8216,916,653,s,158,169.0,False,2019.5,2022.25
8217,916,775,s,158,160.0,False,2019.5,2020.0
8218,1088,59,s,158,161.0,False,2019.5,2020.25
8219,1099,1032,s,158,168.0,False,2019.5,2022.0
8220,1157,1725,s,158,169.0,False,2019.5,2022.25
8221,1356,1203,s,158,161.0,False,2019.5,2020.25
8222,1533,1536,s,158,160.0,False,2019.5,2020.0
8223,1548,689,s,158,170.0,False,2019.5,2022.5
8224,1729,1852,s,158,159.0,False,2019.5,2019.75
8225,1837,360,s,158,163.0,False,2019.5,2020.75
8226,1837,689,s,158,163.0,False,2019.5,2020.75
8227,351,1508,l,158,172.0,True,2019.5,2023.0
8228,1263,1240,l,158,169.0,True,2019.5,2022.25
8229,30,224,l,158,163.0,True,2019.5,2020.75
8230,848,1028,l,158,224.0,True,2019.5,2036.0
8231,1207,1238,l,158,,True,2019.5,
8232,422,406,l,158,224.0,True,2019.5,2036.0
8233,913,90,l,158,167.0,True,2019.5,2021.75
8234,848,775,s,159,162.0,False,2019.75,2020.5
8235,913,1508,s,159,162.0,False,2019.75,2020.5
8236,936,942,s,159,168.0,False,2019.75,2022.0
8237,944,268,s,159,160.0,False,2019.75,2020.0
8238,1157,1271,s,159,163.0,False,2019.75,2020.75
8239,1265,1211,s,159,159.0,False,2019.75,2019.75
8240,1317,1271,s,159,161.0,False,2019.75,2020.25
8241,1356,1574,s,159,159.0,False,2019.75,2019.75
8242,1434,1331,s,159,159.0,False,2019.75,2019.75
8243,1487,1271,s,159,160.0,False,2019.75,2020.0
8244,304,268,s,159,160.0,False,2019.75,2020.0
8245,521,1238,s,159,164.0,False,2019.75,2021.0
8246,855,1810,s,159,167.0,False,2019.75,2021.75
8247,916,302,s,159,166.0,False,2019.75,2021.5
8248,936,1030,s,159,159.0,False,2019.75,2019.75
8249,1155,689,s,159,163.0,False,2019.75,2020.75
8250,1239,1501,s,159,160.0,False,2019.75,2020.0
8251,1314,1203,s,159,184.0,False,2019.75,2026.0
8252,1314,1508,s,159,165.0,False,2019.75,2021.25
8253,1317,1501,s,159,167.0,False,2019.75,2021.75
8254,1431,1370,s,159,159.0,False,2019.75,2019.75
8255,1575,1238,s,159,161.0,False,2019.75,2020.25
8256,1575,1392,s,159,160.0,False,2019.75,2020.0
8257,1682,1853,s,159,160.0,False,2019.75,2020.0
8258,1729,1501,s,159,165.0,False,2019.75,2021.25
8259,1729,1508,s,159,163.0,False,2019.75,2020.75
8260,274,942,s,159,165.0,False,2019.75,2021.25
8261,521,942,s,159,169.0,False,2019.75,2022.25
8262,847,406,s,159,161.0,False,2019.75,2020.25
8263,936,1020,s,159,160.0,False,2019.75,2020.0
8264,944,243,s,159,160.0,False,2019.75,2020.0
8265,966,182,s,159,164.0,False,2019.75,2021.0
8266,1157,1853,s,159,161.0,False,2019.75,2020.25
8267,1291,1281,s,159,164.0,False,2019.75,2021.0
8268,1317,1331,s,159,161.0,False,2019.75,2020.25
8269,1431,1559,s,159,171.0,False,2019.75,2022.75
8270,1479,1312,s,159,170.0,False,2019.75,2022.5
8271,1533,1188,s,159,163.0,False,2019.75,2020.75
8272,1533,1240,s,159,164.0,False,2019.75,2021.0
8273,337,259,l,159,194.0,True,2019.75,2028.5
8274,561,340,l,159,193.0,True,2019.75,2028.25
8275,1099,406,l,159,185.0,True,2019.75,2026.25
8276,1155,1853,l,159,180.0,True,2019.75,2025.0
8277,1487,1238,l,159,169.0,True,2019.75,2022.25
8278,1837,1319,l,159,161.0,True,2019.75,2020.25
8279,172,1028,l,159,224.0,True,2019.75,2036.0
8280,732,942,l,159,204.0,True,2019.75,2031.0
8281,1434,1238,l,159,,True,2019.75,
8282,1682,1281,l,159,198.0,True,2019.75,2029.5
8283,1222,1319,l,159,,True,2019.75,
8284,1291,1238,l,159,195.0,True,2019.75,2028.75
8285,92,268,s,160,160.0,False,2020.0,2020.0
8286,262,689,s,160,170.0,False,2020.0,2022.5
8287,351,1014,s,160,161.0,False,2020.0,2020.25
8288,351,1238,s,160,167.0,False,2020.0,2021.75
8289,351,1370,s,160,162.0,False,2020.0,2020.5
8290,1239,793,s,160,160.0,False,2020.0,2020.0
8291,1260,1188,s,160,164.0,False,2020.0,2021.0
8292,1356,1473,s,160,167.0,False,2020.0,2021.75
8293,1455,1536,s,160,160.0,False,2020.0,2020.0
8294,1479,1536,s,160,161.0,False,2020.0,2020.25
8295,1479,1574,s,160,170.0,False,2020.0,2022.5
8296,1533,1361,s,160,174.0,False,2020.0,2023.5
8297,1575,1568,s,160,163.0,False,2020.0,2020.75
8298,1575,1574,s,160,182.0,False,2020.0,2025.5
8299,1837,192,s,160,162.0,False,2020.0,2020.5
8300,1837,800,s,160,166.0,False,2020.0,2021.5
8301,92,942,s,160,168.0,False,2020.0,2022.0
8302,172,1238,s,160,161.0,False,2020.0,2020.25
8303,630,1508,s,160,161.0,False,2020.0,2020.25
8304,849,1053,s,160,167.0,False,2020.0,2021.75
8305,966,1030,s,160,162.0,False,2020.0,2020.5
8306,1099,302,s,160,163.0,False,2020.0,2020.75
8307,1157,1501,s,160,163.0,False,2020.0,2020.75
8308,1157,1852,s,160,170.0,False,2020.0,2022.5
8309,1260,1271,s,160,166.0,False,2020.0,2021.5
8310,1431,1370,s,160,164.0,False,2020.0,2021.0
8311,1431,1473,s,160,163.0,False,2020.0,2020.75
8312,1487,1370,s,160,163.0,False,2020.0,2020.75
8313,1575,1851,s,160,164.0,False,2020.0,2021.0
8314,1729,1852,s,160,163.0,False,2020.0,2020.75
8315,30,1203,s,160,166.0,False,2020.0,2021.5
8316,304,406,s,160,163.0,False,2020.0,2020.75
8317,525,259,s,160,164.0,False,2020.0,2021.0
8318,525,1030,s,160,163.0,False,2020.0,2020.75
8319,754,1028,s,160,161.0,False,2020.0,2020.25
8320,936,313,s,160,161.0,False,2020.0,2020.25
8321,936,1028,s,160,165.0,False,2020.0,2021.25
8322,1189,1501,s,160,166.0,False,2020.0,2021.5
8323,1198,1501,s,160,167.0,False,2020.0,2021.75
8324,1239,689,s,160,176.0,False,2020.0,2024.0
8325,1263,1264,s,160,165.0,False,2020.0,2021.25
8326,1455,1238,s,160,161.0,False,2020.0,2020.25
8327,1575,1583,s,160,165.0,False,2020.0,2021.25
8328,1682,1501,s,160,165.0,False,2020.0,2021.25
8329,1682,1766,s,160,164.0,False,2020.0,2021.0
8330,1431,1281,l,160,,True,2020.0,
8331,1575,1240,l,160,162.0,True,2020.0,2020.5
8332,497,956,l,160,232.0,True,2020.0,2038.0
8333,936,192,l,160,172.0,True,2020.0,2023.0
8334,1314,1188,l,160,169.0,True,2020.0,2022.25
8335,1455,1501,l,160,175.0,True,2020.0,2023.75
8336,30,689,l,160,,True,2020.0,
8337,1155,942,l,160,180.0,True,2020.0,2025.0
8338,1389,1238,l,160,223.0,True,2020.0,2035.75
8339,351,268,s,161,177.0,False,2020.25,2024.25
8340,848,1030,s,161,173.0,False,2020.25,2023.25
8341,916,1021,s,161,161.0,False,2020.25,2020.25
8342,936,59,s,161,172.0,False,2020.25,2023.0
8343,936,406,s,161,164.0,False,2020.25,2021.0
8344,1099,340,s,161,172.0,False,2020.25,2023.0
8345,1157,1281,s,161,162.0,False,2020.25,2020.5
8346,1248,1238,s,161,161.0,False,2020.25,2020.25
8347,1317,1416,s,161,166.0,False,2020.25,2021.5
8348,1374,1238,s,161,167.0,False,2020.25,2021.75
8349,1479,1392,s,161,162.0,False,2020.25,2020.5
8350,1575,1499,s,161,170.0,False,2020.25,2022.5
8351,1575,1508,s,161,163.0,False,2020.25,2020.75
8352,1575,1625,s,161,165.0,False,2020.25,2021.25
8353,1682,1271,s,161,162.0,False,2020.25,2020.5
8354,172,1271,s,161,161.0,False,2020.25,2020.25
8355,337,689,s,161,164.0,False,2020.25,2021.0
8356,507,1203,s,161,164.0,False,2020.25,2021.0
8357,561,302,s,161,162.0,False,2020.25,2020.5
8358,754,1238,s,161,163.0,False,2020.25,2020.75
8359,916,259,s,161,171.0,False,2020.25,2022.75
8360,916,956,s,161,163.0,False,2020.25,2020.75
8361,944,268,s,161,162.0,False,2020.25,2020.5
8362,1222,1209,s,161,163.0,False,2020.25,2020.75
8363,1222,1852,s,161,163.0,False,2020.25,2020.75
8364,1263,1852,s,161,162.0,False,2020.25,2020.5
8365,1431,1699,s,161,164.0,False,2020.25,2021.0
8366,1434,1508,s,161,167.0,False,2020.25,2021.75
8367,1479,1281,s,161,161.0,False,2020.25,2020.25
8368,1533,1473,s,161,171.0,False,2020.25,2022.75
8369,30,1238,s,161,162.0,False,2020.25,2020.5
8370,92,1188,s,161,166.0,False,2020.25,2021.5
8371,304,956,s,161,169.0,False,2020.25,2022.25
8372,482,1331,s,161,163.0,False,2020.25,2020.75
8373,497,689,s,161,170.0,False,2020.25,2022.5
8374,561,1203,s,161,164.0,False,2020.25,2021.0
8375,791,689,s,161,174.0,False,2020.25,2023.5
8376,1189,1209,s,161,177.0,False,2020.25,2024.25
8377,1198,942,s,161,167.0,False,2020.25,2021.75
8378,1434,1203,s,161,162.0,False,2020.25,2020.5
8379,1455,1188,s,161,162.0,False,2020.25,2020.5
8380,1523,1473,s,161,162.0,False,2020.25,2020.5
8381,1523,1577,s,161,177.0,False,2020.25,2024.25
8382,1682,1853,s,161,168.0,False,2020.25,2022.0
8383,1729,224,s,161,171.0,False,2020.25,2022.75
8384,1837,59,s,161,167.0,False,2020.25,2021.75
8385,1837,1297,s,161,162.0,False,2020.25,2020.5
8386,92,1361,l,161,195.0,True,2020.25,2028.75
8387,754,224,l,161,199.0,True,2020.25,2029.75
8388,1189,1188,l,161,233.0,True,2020.25,2038.25
8389,1222,1501,l,161,,True,2020.25,
8390,791,336,l,161,164.0,True,2020.25,2021.0
8391,1837,942,l,161,191.0,True,2020.25,2027.75
8392,92,1203,l,161,200.0,True,2020.25,2030.0
8393,913,1188,l,161,232.0,True,2020.25,2038.0
8394,916,268,l,161,179.0,True,2020.25,2024.75
8395,1088,406,l,161,224.0,True,2020.25,2036.0
8396,30,1297,s,162,165.0,False,2020.5,2021.25
8397,172,302,s,162,172.0,False,2020.5,2023.0
8398,172,360,s,162,166.0,False,2020.5,2021.5
8399,337,1030,s,162,164.0,False,2020.5,2021.0
8400,422,1028,s,162,182.0,False,2020.5,2025.5
8401,630,1238,s,162,174.0,False,2020.5,2023.5
8402,940,1028,s,162,166.0,False,2020.5,2021.5
8403,1099,956,s,162,166.0,False,2020.5,2021.5
8404,1155,1852,s,162,168.0,False,2020.5,2022.0
8405,1157,1209,s,162,168.0,False,2020.5,2022.0
8406,1222,1508,s,162,162.0,False,2020.5,2020.5
8407,1248,1014,s,162,163.0,False,2020.5,2020.75
8408,1260,1264,s,162,165.0,False,2020.5,2021.25
8409,1260,1299,s,162,163.0,False,2020.5,2020.75
8410,1314,1281,s,162,166.0,False,2020.5,2021.5
8411,1317,1331,s,162,167.0,False,2020.5,2021.75
8412,1376,1297,s,162,168.0,False,2020.5,2022.0
8413,1455,1203,s,162,167.0,False,2020.5,2021.75
8414,1511,1501,s,162,167.0,False,2020.5,2021.75
8415,1533,1238,s,162,170.0,False,2020.5,2022.5
8416,1533,1370,s,162,162.0,False,2020.5,2020.5
8417,1575,1473,s,162,165.0,False,2020.5,2021.25
8418,1682,1240,s,162,166.0,False,2020.5,2021.5
8419,1682,1331,s,162,163.0,False,2020.5,2020.75
8420,1729,1211,s,162,162.0,False,2020.5,2020.5
8421,30,167,s,162,165.0,False,2020.5,2021.25
8422,172,406,s,162,179.0,False,2020.5,2024.75
8423,172,1030,s,162,162.0,False,2020.5,2020.5
8424,172,1203,s,162,162.0,False,2020.5,2020.5
8425,172,1321,s,162,162.0,False,2020.5,2020.5
8426,274,653,s,162,176.0,False,2020.5,2024.0
8427,304,59,s,162,170.0,False,2020.5,2022.5
8428,630,268,s,162,165.0,False,2020.5,2021.25
8429,754,192,s,162,162.0,False,2020.5,2020.5
8430,791,942,s,162,170.0,False,2020.5,2022.5
8431,1157,1331,s,162,175.0,False,2020.5,2023.75
8432,1260,1699,s,162,164.0,False,2020.5,2021.0
8433,1317,1852,s,162,173.0,False,2020.5,2023.25
8434,1376,1321,s,162,163.0,False,2020.5,2020.75
8435,1455,1568,s,162,172.0,False,2020.5,2023.0
8436,1487,1574,s,162,170.0,False,2020.5,2022.5
8437,1523,1238,s,162,163.0,False,2020.5,2020.75
8438,1575,1577,s,162,186.0,False,2020.5,2026.5
8439,1682,1321,s,162,176.0,False,2020.5,2024.0
8440,1837,1852,s,162,164.0,False,2020.5,2021.0
8441,96,537,s,162,163.0,False,2020.5,2020.75
8442,422,689,s,162,173.0,False,2020.5,2023.25
8443,630,1209,s,162,164.0,False,2020.5,2021.0
8444,913,689,s,162,164.0,False,2020.5,2021.0
8445,936,268,s,162,164.0,False,2020.5,2021.0
8446,936,1020,s,162,163.0,False,2020.5,2020.75
8447,940,1203,s,162,163.0,False,2020.5,2020.75
8448,1098,1810,s,162,166.0,False,2020.5,2021.5
8449,1167,1203,s,162,165.0,False,2020.5,2021.25
8450,1248,1203,s,162,164.0,False,2020.5,2021.0
8451,1260,1187,s,162,164.0,False,2020.5,2021.0
8452,1263,1725,s,162,163.0,False,2020.5,2020.75
8453,1314,1209,s,162,163.0,False,2020.5,2020.75
8454,1314,1240,s,162,165.0,False,2020.5,2021.25
8455,1314,1264,s,162,169.0,False,2020.5,2022.25
8456,1368,1238,s,162,163.0,False,2020.5,2020.75
8457,1479,1508,s,162,163.0,False,2020.5,2020.75
8458,1479,1536,s,162,169.0,False,2020.5,2022.25
8459,1551,1473,s,162,168.0,False,2020.5,2022.0
8460,1575,1271,s,162,163.0,False,2020.5,2020.75
8461,1291,1203,l,162,,True,2020.5,
8462,1479,1568,l,162,,True,2020.5,
8463,1222,689,l,162,168.0,True,2020.5,2022.0
8464,1523,1271,l,162,201.0,True,2020.5,2030.25
8465,1837,1028,l,162,200.0,True,2020.5,2030.0
8466,1575,1355,l,162,178.0,True,2020.5,2024.5
8467,172,1014,s,163,166.0,False,2020.75,2021.5
8468,351,1020,s,163,168.0,False,2020.75,2022.0
8469,705,1281,s,163,170.0,False,2020.75,2022.5
8470,705,1508,s,163,164.0,False,2020.75,2021.0
8471,754,1028,s,163,164.0,False,2020.75,2021.0
8472,916,1028,s,163,194.0,False,2020.75,2028.5
8473,936,302,s,163,180.0,False,2020.75,2025.0
8474,940,1020,s,163,184.0,False,2020.75,2026.0
8475,1088,689,s,163,165.0,False,2020.75,2021.25
8476,1157,1321,s,163,173.0,False,2020.75,2023.25
8477,1198,689,s,163,165.0,False,2020.75,2021.25
8478,1222,1271,s,163,166.0,False,2020.75,2021.5
8479,1291,1216,s,163,167.0,False,2020.75,2021.75
8480,1291,1508,s,163,163.0,False,2020.75,2020.75
8481,1431,1852,s,163,164.0,False,2020.75,2021.0
8482,1434,1203,s,163,163.0,False,2020.75,2020.75
8483,1455,1188,s,163,164.0,False,2020.75,2021.0
8484,1479,1203,s,163,168.0,False,2020.75,2022.0
8485,1575,1416,s,163,165.0,False,2020.75,2021.25
8486,1836,1281,s,163,166.0,False,2020.75,2021.5
8487,30,1053,s,163,164.0,False,2020.75,2021.0
8488,30,1238,s,163,167.0,False,2020.75,2021.75
8489,92,1331,s,163,164.0,False,2020.75,2021.0
8490,848,336,s,163,164.0,False,2020.75,2021.0
8491,936,1188,s,163,167.0,False,2020.75,2021.75
8492,936,1271,s,163,165.0,False,2020.75,2021.25
8493,944,268,s,163,185.0,False,2020.75,2026.25
8494,1222,268,s,163,165.0,False,2020.75,2021.25
8495,1232,1187,s,163,164.0,False,2020.75,2021.0
8496,1260,1852,s,163,165.0,False,2020.75,2021.25
8497,1455,1318,s,163,164.0,False,2020.75,2021.0
8498,1523,1559,s,163,166.0,False,2020.75,2021.5
8499,1533,1536,s,163,163.0,False,2020.75,2020.75
8500,1551,1508,s,163,170.0,False,2020.75,2022.5
8501,1555,1852,s,163,173.0,False,2020.75,2023.25
8502,1729,1188,s,163,168.0,False,2020.75,2022.0
8503,1729,1281,s,163,169.0,False,2020.75,2022.25
8504,1837,1209,s,163,170.0,False,2020.75,2022.5
8505,1879,1238,s,163,165.0,False,2020.75,2021.25
8506,30,224,s,163,164.0,False,2020.75,2021.0
8507,497,1020,s,163,169.0,False,2020.75,2022.25
8508,630,1392,s,163,168.0,False,2020.75,2022.0
8509,791,192,s,163,167.0,False,2020.75,2021.75
8510,848,259,s,163,164.0,False,2020.75,2021.0
8511,916,775,s,163,166.0,False,2020.75,2021.5
8512,1260,1853,s,163,169.0,False,2020.75,2022.25
8513,1291,1501,s,163,172.0,False,2020.75,2023.0
8514,1369,1473,s,163,164.0,False,2020.75,2021.0
8515,1533,1370,s,163,164.0,False,2020.75,2021.0
8516,1533,1577,s,163,176.0,False,2020.75,2024.0
8517,1551,1577,s,163,174.0,False,2020.75,2023.5
8518,1555,1473,s,163,179.0,False,2020.75,2024.75
8519,1569,1203,s,163,166.0,False,2020.75,2021.5
8520,1585,1319,s,163,173.0,False,2020.75,2023.25
8521,1682,1271,s,163,170.0,False,2020.75,2022.5
8522,351,1361,l,163,,True,2020.75,
8523,630,1014,l,163,,True,2020.75,
8524,847,259,l,163,167.0,True,2020.75,2021.75
8525,1317,1188,l,163,205.0,True,2020.75,2031.25
8526,1396,1370,l,163,177.0,True,2020.75,2024.25
8527,1157,1271,l,163,189.0,True,2020.75,2027.25
8528,1263,1319,l,163,200.0,True,2020.75,2030.0
8529,497,1028,s,164,169.0,False,2021.0,2022.25
8530,630,942,s,164,166.0,False,2021.0,2021.5
8531,791,90,s,164,164.0,False,2021.0,2021.0
8532,936,1014,s,164,171.0,False,2021.0,2022.75
8533,940,1209,s,164,165.0,False,2021.0,2021.25
8534,944,192,s,164,172.0,False,2021.0,2023.0
8535,966,406,s,164,164.0,False,2021.0,2021.0
8536,1157,1853,s,164,169.0,False,2021.0,2022.25
8537,1198,1209,s,164,170.0,False,2021.0,2022.5
8538,1263,1501,s,164,168.0,False,2021.0,2022.0
8539,1294,1501,s,164,165.0,False,2021.0,2021.25
8540,1431,1240,s,164,166.0,False,2021.0,2021.5
8541,1487,1725,s,164,165.0,False,2021.0,2021.25
8542,1523,1203,s,164,165.0,False,2021.0,2021.25
8543,1551,1501,s,164,164.0,False,2021.0,2021.0
8544,1551,1625,s,164,164.0,False,2021.0,2021.0
8545,1575,1331,s,164,170.0,False,2021.0,2022.5
8546,1585,1577,s,164,166.0,False,2021.0,2021.5
8547,1631,1331,s,164,165.0,False,2021.0,2021.25
8548,161,1659,s,164,168.0,False,2021.0,2022.0
8549,172,224,s,164,175.0,False,2021.0,2023.75
8550,351,1188,s,164,166.0,False,2021.0,2021.5
8551,630,259,s,164,166.0,False,2021.0,2021.5
8552,791,224,s,164,171.0,False,2021.0,2022.75
8553,966,405,s,164,168.0,False,2021.0,2022.0
8554,966,537,s,164,166.0,False,2021.0,2021.5
8555,1155,1501,s,164,167.0,False,2021.0,2021.75
8556,1232,1211,s,164,165.0,False,2021.0,2021.25
8557,1263,689,s,164,167.0,False,2021.0,2021.75
8558,1291,1295,s,164,166.0,False,2021.0,2021.5
8559,1374,1281,s,164,166.0,False,2021.0,2021.5
8560,1431,1188,s,164,165.0,False,2021.0,2021.25
8561,1434,1501,s,164,170.0,False,2021.0,2022.5
8562,1455,1238,s,164,165.0,False,2021.0,2021.25
8563,1479,1188,s,164,169.0,False,2021.0,2022.25
8564,1479,1577,s,164,185.0,False,2021.0,2026.25
8565,1523,1281,s,164,174.0,False,2021.0,2023.5
8566,1837,302,s,164,186.0,False,2021.0,2026.5
8567,236,614,s,164,165.0,False,2021.0,2021.25
8568,330,689,s,164,171.0,False,2021.0,2022.75
8569,337,340,s,164,185.0,False,2021.0,2026.25
8570,754,942,s,164,166.0,False,2021.0,2021.5
8571,754,1699,s,164,171.0,False,2021.0,2022.75
8572,848,340,s,164,170.0,False,2021.0,2022.5
8573,913,268,s,164,165.0,False,2021.0,2021.25
8574,916,1032,s,164,168.0,False,2021.0,2022.0
8575,940,1264,s,164,168.0,False,2021.0,2022.0
8576,944,59,s,164,168.0,False,2021.0,2022.0
8577,1155,1508,s,164,168.0,False,2021.0,2022.0
8578,1260,1392,s,164,165.0,False,2021.0,2021.25
8579,1260,1536,s,164,166.0,False,2021.0,2021.5
8580,1260,1851,s,164,168.0,False,2021.0,2022.0
8581,1263,1852,s,164,175.0,False,2021.0,2023.75
8582,1317,1271,s,164,165.0,False,2021.0,2021.25
8583,1434,1188,s,164,165.0,False,2021.0,2021.25
8584,1455,1271,s,164,169.0,False,2021.0,2022.25
8585,1455,1577,s,164,174.0,False,2021.0,2023.5
8586,1533,1508,s,164,169.0,False,2021.0,2022.25
8587,1551,1559,s,164,176.0,False,2021.0,2024.0
8588,1640,1281,s,164,179.0,False,2021.0,2024.75
8589,1682,1535,s,164,168.0,False,2021.0,2022.0
8590,1729,268,s,164,165.0,False,2021.0,2021.25
8591,1837,259,s,164,169.0,False,2021.0,2022.25
8592,1551,1915,l,164,167.0,True,2021.0,2021.75
8593,1099,537,l,164,168.0,True,2021.0,2022.0
8594,944,1014,l,164,228.0,True,2021.0,2037.0
8595,274,1032,s,165,169.0,False,2021.25,2022.25
8596,337,689,s,165,175.0,False,2021.25,2023.75
8597,754,1188,s,165,166.0,False,2021.25,2021.5
8598,754,1271,s,165,168.0,False,2021.25,2022.0
8599,848,956,s,165,166.0,False,2021.25,2021.5
8600,913,1240,s,165,165.0,False,2021.25,2021.25
8601,916,956,s,165,168.0,False,2021.25,2022.0
8602,916,1014,s,165,179.0,False,2021.25,2024.75
8603,936,406,s,165,169.0,False,2021.25,2022.25
8604,944,90,s,165,166.0,False,2021.25,2021.5
8605,944,325,s,165,167.0,False,2021.25,2021.75
8606,966,679,s,165,174.0,False,2021.25,2023.5
8607,1155,1473,s,165,165.0,False,2021.25,2021.25
8608,1157,1501,s,165,168.0,False,2021.25,2022.0
8609,1263,1014,s,165,165.0,False,2021.25,2021.25
8610,1291,1766,s,165,167.0,False,2021.25,2021.75
8611,1434,1319,s,165,169.0,False,2021.25,2022.25
8612,1523,1501,s,165,166.0,False,2021.25,2021.5
8613,1533,1625,s,165,167.0,False,2021.25,2021.75
8614,1555,1501,s,165,168.0,False,2021.25,2022.0
8615,1555,1625,s,165,168.0,False,2021.25,2022.0
8616,1631,1574,s,165,169.0,False,2021.25,2022.25
8617,1729,942,s,165,172.0,False,2021.25,2023.0
8618,30,406,s,165,166.0,False,2021.25,2021.5
8619,30,653,s,165,167.0,False,2021.25,2021.75
8620,87,1203,s,165,171.0,False,2021.25,2022.75
8621,172,1203,s,165,166.0,False,2021.25,2021.5
8622,330,1014,s,165,165.0,False,2021.25,2021.25
8623,754,689,s,165,167.0,False,2021.25,2021.75
8624,847,302,s,165,175.0,False,2021.25,2023.75
8625,1198,1238,s,165,167.0,False,2021.25,2021.75
8626,1244,1203,s,165,166.0,False,2021.25,2021.5
8627,1260,1188,s,165,181.0,False,2021.25,2025.25
8628,1260,1658,s,165,170.0,False,2021.25,2022.5
8629,1265,1535,s,165,165.0,False,2021.25,2021.25
8630,1431,1535,s,165,167.0,False,2021.25,2021.75
8631,1533,1240,s,165,170.0,False,2021.25,2022.5
8632,1533,1271,s,165,168.0,False,2021.25,2022.0
8633,1575,1568,s,165,174.0,False,2021.25,2023.5
8634,1837,406,s,165,169.0,False,2021.25,2022.25
8635,30,1020,s,165,166.0,False,2021.25,2021.5
8636,172,775,s,165,170.0,False,2021.25,2022.5
8637,351,1209,s,165,166.0,False,2021.25,2021.5
8638,917,90,s,165,166.0,False,2021.25,2021.5
8639,1157,1370,s,165,169.0,False,2021.25,2022.25
8640,1260,1279,s,165,170.0,False,2021.25,2022.5
8641,1263,1211,s,165,174.0,False,2021.25,2023.5
8642,1314,1319,s,165,170.0,False,2021.25,2022.5
8643,1356,1852,s,165,172.0,False,2021.25,2023.0
8644,1396,1574,s,165,174.0,False,2021.25,2023.5
8645,1479,1370,s,165,166.0,False,2021.25,2021.5
8646,1523,1568,s,165,166.0,False,2021.25,2021.5
8647,1551,1501,s,165,176.0,False,2021.25,2024.0
8648,1682,1238,s,165,169.0,False,2021.25,2022.25
8649,1837,1030,s,165,166.0,False,2021.25,2021.5
8650,1879,1574,s,165,167.0,False,2021.25,2021.75
8651,482,1238,l,165,230.0,True,2021.25,2037.5
8652,909,942,l,165,179.0,True,2021.25,2024.75
8653,1157,1699,l,165,180.0,True,2021.25,2025.0
8654,1260,942,l,165,186.0,True,2021.25,2026.5
8655,1523,1370,l,165,184.0,True,2021.25,2026.0
8656,1533,1574,l,165,,True,2021.25,
8657,1551,1188,l,165,177.0,True,2021.25,2024.25
8658,1682,1392,l,165,200.0,True,2021.25,2030.0
8659,330,1240,l,165,171.0,True,2021.25,2022.75
8660,1088,1020,l,165,169.0,True,2021.25,2022.25
8661,1523,1574,l,165,,True,2021.25,
8662,1533,1188,l,165,,True,2021.25,
8663,1533,1319,l,165,207.0,True,2021.25,2031.75
8664,1729,1508,l,165,228.0,True,2021.25,2037.0
8665,1155,1535,l,165,193.0,True,2021.25,2028.25
8666,1431,1321,l,165,178.0,True,2021.25,2024.5
8667,1512,1501,l,165,166.0,True,2021.25,2021.5
8668,172,59,s,166,179.0,False,2021.5,2024.75
8669,172,800,s,166,168.0,False,2021.5,2022.0
8670,337,224,s,166,174.0,False,2021.5,2023.5
8671,561,1187,s,166,168.0,False,2021.5,2022.0
8672,936,1028,s,166,167.0,False,2021.5,2021.75
8673,1184,1501,s,166,166.0,False,2021.5,2021.5
8674,1275,1281,s,166,170.0,False,2021.5,2022.5
8675,1314,1238,s,166,173.0,False,2021.5,2023.25
8676,1314,1473,s,166,173.0,False,2021.5,2023.25
8677,1434,1852,s,166,169.0,False,2021.5,2022.25
8678,1455,1574,s,166,169.0,False,2021.5,2022.25
8679,1551,1574,s,166,166.0,False,2021.5,2021.5
8680,1837,224,s,166,180.0,False,2021.5,2025.0
8681,1837,1188,s,166,173.0,False,2021.5,2023.25
8682,1837,1319,s,166,172.0,False,2021.5,2023.0
8683,172,1238,s,166,167.0,False,2021.5,2021.75
8684,848,399,s,166,168.0,False,2021.5,2022.0
8685,944,679,s,166,167.0,False,2021.5,2021.75
8686,944,1028,s,166,167.0,False,2021.5,2021.75
8687,991,1030,s,166,166.0,False,2021.5,2021.5
8688,1239,1535,s,166,186.0,False,2021.5,2026.5
8689,1369,1188,s,166,167.0,False,2021.5,2021.75
8690,1376,1188,s,166,170.0,False,2021.5,2022.5
8691,1431,1725,s,166,168.0,False,2021.5,2022.0
8692,1455,1319,s,166,167.0,False,2021.5,2021.75
8693,1533,1535,s,166,169.0,False,2021.5,2022.25
8694,1555,1568,s,166,170.0,False,2021.5,2022.5
8695,1555,1577,s,166,170.0,False,2021.5,2022.5
8696,1575,1297,s,166,166.0,False,2021.5,2021.5
8697,1575,1535,s,166,174.0,False,2021.5,2023.5
8698,1631,1238,s,166,168.0,False,2021.5,2022.0
8699,1631,1571,s,166,173.0,False,2021.5,2023.25
8700,1682,1501,s,166,190.0,False,2021.5,2027.5
8701,1729,1319,s,166,180.0,False,2021.5,2025.0
8702,732,689,s,166,174.0,False,2021.5,2023.5
8703,913,1852,s,166,168.0,False,2021.5,2022.0
8704,944,405,s,166,167.0,False,2021.5,2021.75
8705,1088,942,s,166,170.0,False,2021.5,2022.5
8706,1260,268,s,166,170.0,False,2021.5,2022.5
8707,1260,1240,s,166,180.0,False,2021.5,2025.0
8708,1265,1535,s,166,171.0,False,2021.5,2022.75
8709,1291,1209,s,166,171.0,False,2021.5,2022.75
8710,1314,1297,s,166,176.0,False,2021.5,2024.0
8711,1317,1211,s,166,167.0,False,2021.5,2021.75
8712,1369,1852,s,166,167.0,False,2021.5,2021.75
8713,1431,1473,s,166,171.0,False,2021.5,2022.75
8714,1487,1297,s,166,174.0,False,2021.5,2023.5
8715,1533,1209,s,166,167.0,False,2021.5,2021.75
8716,1555,1721,s,166,168.0,False,2021.5,2022.0
8717,1575,1725,s,166,174.0,False,2021.5,2023.5
8718,1682,1331,s,166,172.0,False,2021.5,2023.0
8719,337,1032,l,166,220.0,True,2021.5,2035.0
8720,916,679,l,166,218.0,True,2021.5,2034.5
8721,1222,1279,l,166,,True,2021.5,
8722,1317,1853,l,166,,True,2021.5,
8723,1729,1501,l,166,,True,2021.5,
8724,422,90,l,166,,True,2021.5,
8725,1222,1331,l,166,210.0,True,2021.5,2032.5
8726,1479,1499,l,166,,True,2021.5,
8727,916,302,l,166,227.0,True,2021.5,2036.75
8728,1265,1508,l,166,,True,2021.5,
8729,1575,1625,l,166,219.0,True,2021.5,2034.75
8730,172,268,s,167,168.0,False,2021.75,2022.0
8731,351,1014,s,167,173.0,False,2021.75,2023.25
8732,351,1211,s,167,168.0,False,2021.75,2022.0
8733,422,679,s,167,170.0,False,2021.75,2022.5
8734,936,268,s,167,173.0,False,2021.75,2023.25
8735,936,399,s,167,168.0,False,2021.75,2022.0
8736,1232,1188,s,167,167.0,False,2021.75,2021.75
8737,1455,1238,s,167,169.0,False,2021.75,2022.25
8738,1551,1568,s,167,169.0,False,2021.75,2022.25
8739,1555,1574,s,167,169.0,False,2021.75,2022.25
8740,1837,689,s,167,176.0,False,2021.75,2024.0
8741,30,59,s,167,168.0,False,2021.75,2022.0
8742,113,689,s,167,168.0,False,2021.75,2022.0
8743,172,259,s,167,173.0,False,2021.75,2023.25
8744,172,679,s,167,172.0,False,2021.75,2023.0
8745,754,1028,s,167,168.0,False,2021.75,2022.0
8746,916,110,s,167,168.0,False,2021.75,2022.0
8747,916,192,s,167,168.0,False,2021.75,2022.0
8748,1157,1211,s,167,167.0,False,2021.75,2021.75
8749,1222,1355,s,167,168.0,False,2021.75,2022.0
8750,1248,313,s,167,175.0,False,2021.75,2023.75
8751,1314,1381,s,167,173.0,False,2021.75,2023.25
8752,1431,1238,s,167,168.0,False,2021.75,2022.0
8753,1431,1392,s,167,168.0,False,2021.75,2022.0
8754,1479,1238,s,167,169.0,False,2021.75,2022.25
8755,1512,1319,s,167,168.0,False,2021.75,2022.0
8756,1555,1535,s,167,167.0,False,2021.75,2021.75
8757,1682,1209,s,167,172.0,False,2021.75,2023.0
8758,1682,1473,s,167,172.0,False,2021.75,2023.0
8759,30,224,s,167,168.0,False,2021.75,2022.0
8760,172,1030,s,167,168.0,False,2021.75,2022.0
8761,351,1188,s,167,181.0,False,2021.75,2025.25
8762,351,1240,s,167,169.0,False,2021.75,2022.25
8763,847,679,s,167,173.0,False,2021.75,2023.25
8764,848,689,s,167,174.0,False,2021.75,2023.5
8765,909,1238,s,167,177.0,False,2021.75,2024.25
8766,916,704,s,167,179.0,False,2021.75,2024.75
8767,1085,192,s,167,172.0,False,2021.75,2023.0
8768,1099,1053,s,167,173.0,False,2021.75,2023.25
8769,1189,1852,s,167,168.0,False,2021.75,2022.0
8770,1248,1319,s,167,168.0,False,2021.75,2022.0
8771,1260,1852,s,167,174.0,False,2021.75,2023.5
8772,1479,1361,s,167,171.0,False,2021.75,2022.75
8773,1479,1508,s,167,168.0,False,2021.75,2022.0
8774,1512,1577,s,167,169.0,False,2021.75,2022.25
8775,351,1321,l,167,187.0,True,2021.75,2026.75
8776,966,537,l,167,168.0,True,2021.75,2022.0
8777,1314,1852,l,167,,True,2021.75,
8778,1523,1852,l,167,194.0,True,2021.75,2028.5
8779,754,689,l,167,186.0,True,2021.75,2026.5
8780,848,942,l,167,176.0,True,2021.75,2024.0
8781,867,1020,l,167,,True,2021.75,
8782,940,1238,l,167,169.0,True,2021.75,2022.25
8783,1575,1501,l,167,243.0,True,2021.75,2040.75
8784,92,1331,s,168,172.0,False,2022.0,2023.0
8785,161,302,s,168,171.0,False,2022.0,2022.75
8786,351,1853,s,168,168.0,False,2022.0,2022.0
8787,630,457,s,168,168.0,False,2022.0,2022.0
8788,630,942,s,168,168.0,False,2022.0,2022.0
8789,754,302,s,168,174.0,False,2022.0,2023.5
8790,936,313,s,168,170.0,False,2022.0,2022.5
8791,944,224,s,168,173.0,False,2022.0,2023.25
8792,1080,942,s,168,173.0,False,2022.0,2023.25
8793,1157,689,s,168,171.0,False,2022.0,2022.75
8794,1157,1415,s,168,168.0,False,2022.0,2022.0
8795,1184,942,s,168,169.0,False,2022.0,2022.25
8796,1189,1559,s,168,170.0,False,2022.0,2022.5
8797,1222,1238,s,168,169.0,False,2022.0,2022.25
8798,1260,1264,s,168,170.0,False,2022.0,2022.5
8799,1263,268,s,168,174.0,False,2022.0,2023.5
8800,1263,1271,s,168,172.0,False,2022.0,2023.0
8801,1314,1281,s,168,173.0,False,2022.0,2023.25
8802,1317,1297,s,168,175.0,False,2022.0,2023.75
8803,1431,1203,s,168,171.0,False,2022.0,2022.75
8804,1434,1355,s,168,168.0,False,2022.0,2022.0
8805,1575,1238,s,168,168.0,False,2022.0,2022.0
8806,1631,1536,s,168,169.0,False,2022.0,2022.25
8807,1682,1370,s,168,172.0,False,2022.0,2023.0
8808,1729,1014,s,168,170.0,False,2022.0,2022.5
8809,30,406,s,168,171.0,False,2022.0,2022.75
8810,92,1188,s,168,175.0,False,2022.0,2023.75
8811,92,1319,s,168,170.0,False,2022.0,2022.5
8812,172,313,s,168,174.0,False,2022.0,2023.5
8813,274,192,s,168,172.0,False,2022.0,2023.0
8814,351,1473,s,168,170.0,False,2022.0,2022.5
8815,848,956,s,168,171.0,False,2022.0,2022.75
8816,936,1321,s,168,171.0,False,2022.0,2022.75
8817,940,942,s,168,186.0,False,2022.0,2026.5
8818,944,689,s,168,169.0,False,2022.0,2022.25
8819,944,1028,s,168,173.0,False,2022.0,2023.25
8820,960,302,s,168,175.0,False,2022.0,2023.75
8821,1291,1559,s,168,169.0,False,2022.0,2022.25
8822,1317,1331,s,168,169.0,False,2022.0,2022.25
8823,1365,1508,s,168,171.0,False,2022.0,2022.75
8824,1396,1319,s,168,169.0,False,2022.0,2022.25
8825,1455,1499,s,168,168.0,False,2022.0,2022.0
8826,1533,1625,s,168,169.0,False,2022.0,2022.25
8827,1575,1319,s,168,181.0,False,2022.0,2025.25
8828,30,259,s,168,169.0,False,2022.0,2022.25
8829,351,1209,s,168,169.0,False,2022.0,2022.25
8830,394,1321,s,168,174.0,False,2022.0,2023.5
8831,561,942,s,168,169.0,False,2022.0,2022.25
8832,561,1271,s,168,171.0,False,2022.0,2022.75
8833,848,192,s,168,169.0,False,2022.0,2022.25
8834,916,360,s,168,179.0,False,2022.0,2024.75
8835,936,1699,s,168,170.0,False,2022.0,2022.5
8836,1098,1810,s,168,172.0,False,2022.0,2023.0
8837,1155,268,s,168,171.0,False,2022.0,2022.75
8838,1157,1281,s,168,169.0,False,2022.0,2022.25
8839,1157,1536,s,168,172.0,False,2022.0,2023.0
8840,1189,1240,s,168,174.0,False,2022.0,2023.5
8841,1189,1319,s,168,171.0,False,2022.0,2022.75
8842,1198,942,s,168,169.0,False,2022.0,2022.25
8843,1222,1852,s,168,169.0,False,2022.0,2022.25
8844,1263,1536,s,168,171.0,False,2022.0,2022.75
8845,1291,1279,s,168,171.0,False,2022.0,2022.75
8846,1356,1535,s,168,169.0,False,2022.0,2022.25
8847,1368,1264,s,168,172.0,False,2022.0,2023.0
8848,1985,1188,s,168,170.0,False,2022.0,2022.5
8849,754,1028,l,168,174.0,True,2022.0,2023.5
8850,1260,1238,l,168,179.0,True,2022.0,2024.75
8851,561,1188,l,168,232.0,True,2022.0,2038.0
8852,944,302,l,168,200.0,True,2022.0,2030.0
8853,1314,1331,l,168,,True,2022.0,
8854,1631,1392,l,168,,True,2022.0,
8855,1837,340,l,168,182.0,True,2022.0,2025.5
8856,92,942,s,169,170.0,False,2022.25,2022.5
8857,172,192,s,169,169.0,False,2022.25,2022.25
8858,172,1853,s,169,170.0,False,2022.25,2022.5
8859,204,1281,s,169,172.0,False,2022.25,2023.0
8860,351,1238,s,169,172.0,False,2022.25,2023.0
8861,351,1370,s,169,172.0,False,2022.25,2023.0
8862,482,268,s,169,171.0,False,2022.25,2022.75
8863,936,942,s,169,181.0,False,2022.25,2025.25
8864,936,1028,s,169,170.0,False,2022.25,2022.5
8865,938,1238,s,169,170.0,False,2022.25,2022.5
8866,1155,689,s,169,181.0,False,2022.25,2025.25
8867,1248,1014,s,169,178.0,False,2022.25,2024.5
8868,1248,1238,s,169,171.0,False,2022.25,2022.75
8869,1260,1271,s,169,176.0,False,2022.25,2024.0
8870,1263,1209,s,169,171.0,False,2022.25,2022.75
8871,1263,1281,s,169,169.0,False,2022.25,2022.25
8872,1431,1725,s,169,170.0,False,2022.25,2022.5
8873,1431,1852,s,169,173.0,False,2022.25,2023.25
8874,1533,1568,s,169,170.0,False,2022.25,2022.5
8875,1585,1392,s,169,176.0,False,2022.25,2024.0
8876,1729,1020,s,169,173.0,False,2022.25,2023.25
8877,1729,1321,s,169,169.0,False,2022.25,2022.25
8878,1837,1271,s,169,170.0,False,2022.25,2022.5
8879,30,1699,s,169,171.0,False,2022.25,2022.75
8880,92,1271,s,169,177.0,False,2022.25,2024.25
8881,172,268,s,169,172.0,False,2022.25,2023.0
8882,351,689,s,169,171.0,False,2022.25,2022.75
8883,759,689,s,169,172.0,False,2022.25,2023.0
8884,848,679,s,169,171.0,False,2022.25,2022.75
8885,913,1852,s,169,172.0,False,2022.25,2023.0
8886,1260,1319,s,169,182.0,False,2022.25,2025.5
8887,1263,1559,s,169,171.0,False,2022.25,2022.75
8888,1291,1355,s,169,177.0,False,2022.25,2024.25
8889,1291,1361,s,169,169.0,False,2022.25,2022.25
8890,1479,1625,s,169,172.0,False,2022.25,2023.0
8891,1523,1501,s,169,174.0,False,2022.25,2023.5
8892,1555,1501,s,169,171.0,False,2022.25,2022.75
8893,1575,1508,s,169,173.0,False,2022.25,2023.25
8894,30,1020,s,169,172.0,False,2022.25,2023.0
8895,351,1319,s,169,171.0,False,2022.25,2022.75
8896,497,1032,s,169,173.0,False,2022.25,2023.25
8897,561,1508,s,169,172.0,False,2022.25,2023.0
8898,848,259,s,169,172.0,False,2022.25,2023.0
8899,848,1020,s,169,173.0,False,2022.25,2023.25
8900,944,679,s,169,173.0,False,2022.25,2023.25
8901,944,761,s,169,171.0,False,2022.25,2022.75
8902,1157,1264,s,169,170.0,False,2022.25,2022.5
8903,1189,1203,s,169,171.0,False,2022.25,2022.75
8904,1222,1203,s,169,185.0,False,2022.25,2026.25
8905,1222,1271,s,169,178.0,False,2022.25,2024.5
8906,1314,1501,s,169,170.0,False,2022.25,2022.5
8907,1523,1238,s,169,174.0,False,2022.25,2023.5
8908,1533,1499,s,169,171.0,False,2022.25,2022.75
8909,1575,1370,s,169,170.0,False,2022.25,2022.5
8910,1155,1852,l,169,171.0,True,2022.25,2022.75
8911,916,406,l,169,224.0,True,2022.25,2036.0
8912,561,689,l,169,175.0,True,2022.25,2023.75
8913,1479,1508,l,169,200.0,True,2022.25,2030.0
8914,754,942,s,170,176.0,False,2022.5,2024.0
8915,754,1188,s,170,177.0,False,2022.5,2024.25
8916,936,1030,s,170,174.0,False,2022.5,2023.5
8917,936,1188,s,170,173.0,False,2022.5,2023.25
8918,944,1937,s,170,170.0,False,2022.5,2022.5
8919,1291,1281,s,170,171.0,False,2022.5,2022.75
8920,1314,1370,s,170,170.0,False,2022.5,2022.5
8921,1317,1331,s,170,172.0,False,2022.5,2023.0
8922,1479,1602,s,170,172.0,False,2022.5,2023.0
8923,1573,1501,s,170,172.0,False,2022.5,2023.0
8924,1729,1188,s,170,171.0,False,2022.5,2022.75
8925,30,259,s,170,174.0,False,2022.5,2023.5
8926,172,1032,s,170,175.0,False,2022.5,2023.75
8927,330,942,s,170,177.0,False,2022.5,2024.25
8928,330,1209,s,170,171.0,False,2022.5,2022.75
8929,351,1536,s,170,174.0,False,2022.5,2023.5
8930,847,406,s,170,177.0,False,2022.5,2024.25
8931,944,1032,s,170,177.0,False,2022.5,2024.25
8932,1157,268,s,170,170.0,False,2022.5,2022.5
8933,1244,1535,s,170,176.0,False,2022.5,2024.0
8934,1263,1203,s,170,170.0,False,2022.5,2022.5
8935,1263,1501,s,170,175.0,False,2022.5,2023.75
8936,1291,1361,s,170,171.0,False,2022.5,2022.75
8937,1487,1536,s,170,177.0,False,2022.5,2024.25
8938,1511,1508,s,170,172.0,False,2022.5,2023.0
8939,1533,1508,s,170,172.0,False,2022.5,2023.0
8940,1575,1473,s,170,182.0,False,2022.5,2025.5
8941,1729,1209,s,170,170.0,False,2022.5,2022.5
8942,1837,192,s,170,172.0,False,2022.5,2023.0
8943,1837,406,s,170,172.0,False,2022.5,2023.0
8944,1837,714,s,170,174.0,False,2022.5,2023.5
8945,1985,1321,s,170,171.0,False,2022.5,2022.75
8946,30,59,s,170,172.0,False,2022.5,2023.0
8947,30,1319,s,170,172.0,False,2022.5,2023.0
8948,172,1209,s,170,174.0,False,2022.5,2023.5
8949,754,406,s,170,185.0,False,2022.5,2026.25
8950,913,1281,s,170,171.0,False,2022.5,2022.75
8951,944,1030,s,170,179.0,False,2022.5,2024.75
8952,1198,942,s,170,177.0,False,2022.5,2024.25
8953,1222,1853,s,170,176.0,False,2022.5,2024.0
8954,1248,1264,s,170,185.0,False,2022.5,2026.25
8955,1260,1209,s,170,173.0,False,2022.5,2023.25
8956,1431,1240,s,170,172.0,False,2022.5,2023.0
8957,1479,1471,s,170,173.0,False,2022.5,2023.25
8958,1533,1625,s,170,174.0,False,2022.5,2023.5
8959,1555,1238,s,170,171.0,False,2022.5,2022.75
8960,1575,1721,s,170,173.0,False,2022.5,2023.25
8961,1682,1559,s,170,172.0,False,2022.5,2023.0
8962,1729,1370,s,170,184.0,False,2022.5,2026.0
8963,351,1852,l,170,193.0,True,2022.5,2028.25
8964,561,942,l,170,231.0,True,2022.5,2037.75
8965,1155,1370,l,170,203.0,True,2022.5,2030.75
8966,1198,268,l,170,170.0,True,2022.5,2022.5
8967,1555,1577,l,170,229.0,True,2022.5,2037.25
8968,936,1028,l,170,197.0,True,2022.5,2029.25
8969,1157,1188,l,170,229.0,True,2022.5,2037.25
8970,1479,1559,l,170,178.0,True,2022.5,2024.5
8971,1523,1203,l,170,195.0,True,2022.5,2028.75
8972,1729,689,l,170,,True,2022.5,
8973,944,1659,l,170,188.0,True,2022.5,2027.0
8974,1260,1535,l,170,180.0,True,2022.5,2025.0
8975,172,1238,s,171,171.0,False,2022.75,2022.75
8976,337,942,s,171,174.0,False,2022.75,2023.5
8977,351,1209,s,171,173.0,False,2022.75,2023.25
8978,521,942,s,171,175.0,False,2022.75,2023.75
8979,561,1238,s,171,181.0,False,2022.75,2025.25
8980,630,1271,s,171,171.0,False,2022.75,2022.75
8981,657,689,s,171,174.0,False,2022.75,2023.5
8982,732,259,s,171,172.0,False,2022.75,2023.0
8983,754,259,s,171,177.0,False,2022.75,2024.25
8984,848,761,s,171,175.0,False,2022.75,2023.75
8985,936,775,s,171,176.0,False,2022.75,2024.0
8986,940,1238,s,171,176.0,False,2022.75,2024.0
8987,1260,1699,s,171,175.0,False,2022.75,2023.75
8988,1263,1203,s,171,177.0,False,2022.75,2024.25
8989,1317,1501,s,171,179.0,False,2022.75,2024.75
8990,1368,1370,s,171,176.0,False,2022.75,2024.0
8991,1455,1319,s,171,178.0,False,2022.75,2024.5
8992,1523,1361,s,171,174.0,False,2022.75,2023.5
8993,1575,1238,s,171,171.0,False,2022.75,2022.75
8994,1585,1720,s,171,173.0,False,2022.75,2023.25
8995,1729,1699,s,171,179.0,False,2022.75,2024.75
8996,1837,59,s,171,172.0,False,2022.75,2023.0
8997,1985,689,s,171,172.0,False,2022.75,2023.0
8998,30,360,s,171,174.0,False,2022.75,2023.5
8999,30,1030,s,171,171.0,False,2022.75,2022.75
9000,172,243,s,171,172.0,False,2022.75,2023.0
9001,274,942,s,171,175.0,False,2022.75,2023.75
9002,351,1203,s,171,175.0,False,2022.75,2023.75
9003,351,1211,s,171,176.0,False,2022.75,2024.0
9004,705,1281,s,171,172.0,False,2022.75,2023.0
9005,916,793,s,171,172.0,False,2022.75,2023.0
9006,1157,268,s,171,174.0,False,2022.75,2023.5
9007,1157,614,s,171,176.0,False,2022.75,2024.0
9008,1157,942,s,171,172.0,False,2022.75,2023.0
9009,1157,1240,s,171,174.0,False,2022.75,2023.5
9010,1291,1471,s,171,172.0,False,2022.75,2023.0
9011,1314,1209,s,171,176.0,False,2022.75,2024.0
9012,1356,1508,s,171,179.0,False,2022.75,2024.75
9013,1368,1203,s,171,176.0,False,2022.75,2024.0
9014,1369,1725,s,171,174.0,False,2022.75,2023.5
9015,1396,1203,s,171,180.0,False,2022.75,2025.0
9016,1434,1473,s,171,173.0,False,2022.75,2023.25
9017,1479,1725,s,171,173.0,False,2022.75,2023.25
9018,1487,1238,s,171,172.0,False,2022.75,2023.0
9019,1487,1625,s,171,172.0,False,2022.75,2023.0
9020,1533,1536,s,171,181.0,False,2022.75,2025.25
9021,1551,1392,s,171,176.0,False,2022.75,2024.0
9022,1705,1319,s,171,171.0,False,2022.75,2022.75
9023,172,1203,s,171,179.0,False,2022.75,2024.75
9024,230,1028,s,171,175.0,False,2022.75,2023.75
9025,791,1028,s,171,173.0,False,2022.75,2023.25
9026,940,1188,s,171,172.0,False,2022.75,2023.0
9027,991,1014,s,171,172.0,False,2022.75,2023.0
9028,1180,1281,s,171,177.0,False,2022.75,2024.25
9029,1198,1240,s,171,182.0,False,2022.75,2025.5
9030,1206,1240,s,171,172.0,False,2022.75,2023.0
9031,1207,1209,s,171,172.0,False,2022.75,2023.0
9032,1222,1211,s,171,176.0,False,2022.75,2024.0
9033,1275,1281,s,171,181.0,False,2022.75,2025.25
9034,1314,1501,s,171,174.0,False,2022.75,2023.5
9035,1356,1238,s,171,174.0,False,2022.75,2023.5
9036,1487,1331,s,171,179.0,False,2022.75,2024.75
9037,855,1810,l,171,172.0,True,2022.75,2023.0
9038,1533,1568,l,171,173.0,True,2022.75,2023.25
9039,944,1810,l,171,172.0,True,2022.75,2023.0
9040,1248,1501,l,171,179.0,True,2022.75,2024.75
9041,1434,1852,l,171,177.0,True,2022.75,2024.25
9042,1555,1361,l,171,,True,2022.75,
9043,1631,1501,l,171,217.0,True,2022.75,2034.25
9044,92,942,s,172,185.0,False,2023.0,2026.25
9045,337,1021,s,172,173.0,False,2023.0,2023.25
9046,337,1030,s,172,173.0,False,2023.0,2023.25
9047,351,1281,s,172,175.0,False,2023.0,2023.75
9048,561,793,s,172,174.0,False,2023.0,2023.5
9049,1155,1852,s,172,174.0,False,2023.0,2023.5
9050,1157,1574,s,172,179.0,False,2023.0,2024.75
9051,1189,1297,s,172,179.0,False,2023.0,2024.75
9052,1189,1577,s,172,177.0,False,2023.0,2024.25
9053,1244,1725,s,172,174.0,False,2023.0,2023.5
9054,1248,1559,s,172,173.0,False,2023.0,2023.25
9055,1260,268,s,172,172.0,False,2023.0,2023.0
9056,1260,1574,s,172,172.0,False,2023.0,2023.0
9057,1260,1577,s,172,184.0,False,2023.0,2026.0
9058,1263,1209,s,172,173.0,False,2023.0,2023.25
9059,1263,1571,s,172,174.0,False,2023.0,2023.5
9060,1291,1577,s,172,172.0,False,2023.0,2023.0
9061,1523,1188,s,172,177.0,False,2023.0,2024.25
9062,1555,2000,s,172,172.0,False,2023.0,2023.0
9063,1575,1634,s,172,173.0,False,2023.0,2023.25
9064,1575,2000,s,172,180.0,False,2023.0,2025.0
9065,1631,2000,s,172,188.0,False,2023.0,2027.0
9066,1682,268,s,172,180.0,False,2023.0,2025.0
9067,1682,1238,s,172,185.0,False,2023.0,2026.25
9068,1729,1574,s,172,174.0,False,2023.0,2023.5
9069,1729,1577,s,172,172.0,False,2023.0,2023.0
9070,1879,1319,s,172,179.0,False,2023.0,2024.75
9071,30,224,s,172,179.0,False,2023.0,2024.75
9072,87,1216,s,172,177.0,False,2023.0,2024.25
9073,92,268,s,172,173.0,False,2023.0,2023.25
9074,172,1853,s,172,175.0,False,2023.0,2023.75
9075,330,1028,s,172,179.0,False,2023.0,2024.75
9076,351,16,s,172,175.0,False,2023.0,2023.75
9077,561,243,s,172,172.0,False,2023.0,2023.0
9078,909,1203,s,172,173.0,False,2023.0,2023.25
9079,916,259,s,172,173.0,False,2023.0,2023.25
9080,916,2004,s,172,177.0,False,2023.0,2024.25
9081,1155,1188,s,172,173.0,False,2023.0,2023.25
9082,1155,1281,s,172,172.0,False,2023.0,2023.0
9083,1180,1238,s,172,174.0,False,2023.0,2023.5
9084,1222,1508,s,172,175.0,False,2023.0,2023.75
9085,1291,1574,s,172,173.0,False,2023.0,2023.25
9086,1479,1571,s,172,174.0,False,2023.0,2023.5
9087,1555,1536,s,172,175.0,False,2023.0,2023.75
9088,1575,1238,s,172,180.0,False,2023.0,2025.0
9089,1575,1536,s,172,175.0,False,2023.0,2023.75
9090,1729,1331,s,172,176.0,False,2023.0,2024.0
9091,172,1014,s,172,174.0,False,2023.0,2023.5
9092,172,1053,s,172,176.0,False,2023.0,2024.0
9093,262,1577,s,172,174.0,False,2023.0,2023.5
9094,274,224,s,172,185.0,False,2023.0,2026.25
9095,916,110,s,172,173.0,False,2023.0,2023.25
9096,1157,1508,s,172,177.0,False,2023.0,2024.25
9097,1157,1559,s,172,180.0,False,2023.0,2025.0
9098,1198,1188,s,172,181.0,False,2023.0,2025.25
9099,1263,1559,s,172,173.0,False,2023.0,2023.25
9100,1314,1319,s,172,174.0,False,2023.0,2023.5
9101,1317,1568,s,172,176.0,False,2023.0,2024.0
9102,1455,1203,s,172,179.0,False,2023.0,2024.75
9103,1575,1852,s,172,178.0,False,2023.0,2024.5
9104,1729,1852,s,172,179.0,False,2023.0,2024.75
9105,1837,653,s,172,177.0,False,2023.0,2024.25
9106,1837,1203,s,172,178.0,False,2023.0,2024.5
9107,1837,1508,s,172,183.0,False,2023.0,2025.75
9108,351,1238,l,172,213.0,True,2023.0,2033.25
9109,630,1370,l,172,199.0,True,2023.0,2029.75
9110,1356,1271,l,172,200.0,True,2023.0,2030.0
9111,1729,942,l,172,216.0,True,2023.0,2034.0
9112,630,268,l,172,188.0,True,2023.0,2027.0
9113,1157,1577,l,172,,True,2023.0,
9114,1184,942,l,172,,True,2023.0,
9115,30,1238,l,172,214.0,True,2023.0,2033.5
9116,936,653,l,172,205.0,True,2023.0,2031.25
9117,1157,1501,l,172,231.0,True,2023.0,2037.75
9118,1369,1238,l,172,,True,2023.0,
9119,172,268,s,173,180.0,False,2023.25,2025.0
9120,351,1020,s,173,179.0,False,2023.25,2024.75
9121,394,1188,s,173,174.0,False,2023.25,2023.5
9122,705,1281,s,173,173.0,False,2023.25,2023.25
9123,754,1020,s,173,174.0,False,2023.25,2023.5
9124,916,1020,s,173,176.0,False,2023.25,2024.0
9125,1155,268,s,173,173.0,False,2023.25,2023.25
9126,1157,1473,s,173,173.0,False,2023.25,2023.25
9127,1157,1568,s,173,175.0,False,2023.25,2023.75
9128,1184,1238,s,173,175.0,False,2023.25,2023.75
9129,1198,1238,s,173,174.0,False,2023.25,2023.5
9130,1222,1577,s,173,186.0,False,2023.25,2026.5
9131,1232,1264,s,173,175.0,False,2023.25,2023.75
9132,1248,1297,s,173,180.0,False,2023.25,2025.0
9133,1263,1271,s,173,178.0,False,2023.25,2024.5
9134,1431,1203,s,173,174.0,False,2023.25,2023.5
9135,1523,1355,s,173,176.0,False,2023.25,2024.0
9136,1523,1568,s,173,175.0,False,2023.25,2023.75
9137,1523,2000,s,173,174.0,False,2023.25,2023.5
9138,1533,1370,s,173,179.0,False,2023.25,2024.75
9139,1626,1574,s,173,193.0,False,2023.25,2028.25
9140,1631,1574,s,173,175.0,False,2023.25,2023.75
9141,1682,1574,s,173,173.0,False,2023.25,2023.25
9142,1682,1577,s,173,181.0,False,2023.25,2025.25
9143,1729,1473,s,173,181.0,False,2023.25,2025.25
9144,172,793,s,173,175.0,False,2023.25,2023.75
9145,172,1238,s,173,174.0,False,2023.25,2023.5
9146,337,2004,s,173,177.0,False,2023.25,2024.25
9147,351,1319,s,173,174.0,False,2023.25,2023.5
9148,561,1473,s,173,177.0,False,2023.25,2024.25
9149,630,1852,s,173,177.0,False,2023.25,2024.25
9150,847,90,s,173,178.0,False,2023.25,2024.5
9151,1155,1473,s,173,174.0,False,2023.25,2023.5
9152,1157,689,s,173,177.0,False,2023.25,2024.25
9153,1244,1188,s,173,174.0,False,2023.25,2023.5
9154,1263,1574,s,173,173.0,False,2023.25,2023.25
9155,1317,1271,s,173,174.0,False,2023.25,2023.5
9156,1317,1392,s,173,175.0,False,2023.25,2023.75
9157,1356,1535,s,173,175.0,False,2023.25,2023.75
9158,1368,1577,s,173,180.0,False,2023.25,2025.0
9159,1431,1188,s,173,173.0,False,2023.25,2023.25
9160,1511,1501,s,173,176.0,False,2023.25,2024.0
9161,1533,1331,s,173,179.0,False,2023.25,2024.75
9162,1533,1568,s,173,178.0,False,2023.25,2024.5
9163,1533,2000,s,173,181.0,False,2023.25,2025.25
9164,1551,1238,s,173,178.0,False,2023.25,2024.5
9165,1575,1679,s,173,174.0,False,2023.25,2023.5
9166,1729,1188,s,173,173.0,False,2023.25,2023.25
9167,1837,1020,s,173,178.0,False,2023.25,2024.5
9168,30,1852,s,173,175.0,False,2023.25,2023.75
9169,274,1028,s,173,177.0,False,2023.25,2024.25
9170,351,1297,s,173,178.0,False,2023.25,2024.5
9171,351,1312,s,173,183.0,False,2023.25,2025.75
9172,521,1188,s,173,175.0,False,2023.25,2023.75
9173,848,406,s,173,176.0,False,2023.25,2024.0
9174,1167,1559,s,173,175.0,False,2023.25,2023.75
9175,1189,1501,s,173,175.0,False,2023.25,2023.75
9176,1248,1577,s,173,174.0,False,2023.25,2023.5
9177,1263,1297,s,173,177.0,False,2023.25,2024.25
9178,1265,1281,s,173,177.0,False,2023.25,2024.25
9179,1265,1535,s,173,182.0,False,2023.25,2025.5
9180,1314,1370,s,173,174.0,False,2023.25,2023.5
9181,1317,1216,s,173,176.0,False,2023.25,2024.0
9182,1434,1559,s,173,178.0,False,2023.25,2024.5
9183,1434,1725,s,173,179.0,False,2023.25,2024.75
9184,1479,1853,s,173,174.0,False,2023.25,2023.5
9185,1533,1238,s,173,176.0,False,2023.25,2024.0
9186,1555,1501,s,173,182.0,False,2023.25,2025.5
9187,1569,1574,s,173,174.0,False,2023.25,2023.5
9188,1682,1188,s,173,175.0,False,2023.25,2023.75
9189,1985,1238,s,173,176.0,False,2023.25,2024.0
9190,1291,1240,l,173,231.0,True,2023.25,2037.75
9191,1533,1559,l,173,183.0,True,2023.25,2025.75
9192,1575,1188,l,173,175.0,True,2023.25,2023.75
9193,30,1203,l,173,,True,2023.25,
9194,351,1392,l,173,204.0,True,2023.25,2031.0
9195,1682,1559,l,173,,True,2023.25,
9196,1961,1053,l,173,188.0,True,2023.25,2027.0
9197,394,1209,l,173,,True,2023.25,
9198,1291,1209,l,173,228.0,True,2023.25,2037.0
9199,1585,1501,l,173,,True,2023.25,
9200,1729,1416,l,173,215.0,True,2023.25,2033.75
9201,30,336,s,174,174.0,False,2023.5,2023.5
9202,940,1188,s,174,181.0,False,2023.5,2025.25
9203,944,90,s,174,176.0,False,2023.5,2024.0
9204,944,1028,s,174,190.0,False,2023.5,2027.5
9205,944,1937,s,174,180.0,False,2023.5,2025.0
9206,1189,1725,s,174,175.0,False,2023.5,2023.75
9207,1260,268,s,174,179.0,False,2023.5,2024.75
9208,1260,1574,s,174,177.0,False,2023.5,2024.25
9209,1263,1577,s,174,174.0,False,2023.5,2023.5
9210,1317,1852,s,174,186.0,False,2023.5,2026.5
9211,1356,1852,s,174,176.0,False,2023.5,2024.0
9212,1575,1331,s,174,181.0,False,2023.5,2025.25
9213,1682,1361,s,174,194.0,False,2023.5,2028.5
9214,87,1281,s,174,180.0,False,2023.5,2025.0
9215,92,268,s,174,175.0,False,2023.5,2023.75
9216,172,302,s,174,175.0,False,2023.5,2023.75
9217,791,259,s,174,176.0,False,2023.5,2024.0
9218,936,268,s,174,179.0,False,2023.5,2024.75
9219,936,793,s,174,177.0,False,2023.5,2024.25
9220,1157,942,s,174,175.0,False,2023.5,2023.75
9221,1198,1577,s,174,179.0,False,2023.5,2024.75
9222,1222,1370,s,174,181.0,False,2023.5,2025.25
9223,1260,1216,s,174,183.0,False,2023.5,2025.75
9224,1260,1370,s,174,180.0,False,2023.5,2025.0
9225,1263,1238,s,174,177.0,False,2023.5,2024.25
9226,1434,1331,s,174,175.0,False,2023.5,2023.75
9227,1479,1238,s,174,180.0,False,2023.5,2025.0
9228,1523,1678,s,174,175.0,False,2023.5,2023.75
9229,1555,1852,s,174,181.0,False,2023.5,2025.25
9230,1631,1577,s,174,175.0,False,2023.5,2023.75
9231,1682,1574,s,174,175.0,False,2023.5,2023.75
9232,1682,1915,s,174,174.0,False,2023.5,2023.5
9233,1729,1188,s,174,176.0,False,2023.5,2024.0
9234,1837,406,s,174,190.0,False,2023.5,2027.5
9235,351,1014,s,174,183.0,False,2023.5,2025.75
9236,394,1577,s,174,175.0,False,2023.5,2023.75
9237,521,406,s,174,178.0,False,2023.5,2024.5
9238,561,243,s,174,175.0,False,2023.5,2023.75
9239,705,1508,s,174,176.0,False,2023.5,2024.0
9240,1155,1238,s,174,186.0,False,2023.5,2026.5
9241,1317,1577,s,174,181.0,False,2023.5,2025.25
9242,1356,1319,s,174,177.0,False,2023.5,2024.25
9243,1533,1508,s,174,175.0,False,2023.5,2023.75
9244,1551,1574,s,174,175.0,False,2023.5,2023.75
9245,1575,1370,s,174,176.0,False,2023.5,2024.0
9246,1682,1535,s,174,177.0,False,2023.5,2024.25
9247,1837,1766,s,174,179.0,False,2023.5,2024.75
9248,1155,1568,l,174,,True,2023.5,
9249,1291,1501,l,174,185.0,True,2023.5,2026.25
9250,1434,1501,l,174,,True,2023.5,
9251,1676,1577,l,174,,True,2023.5,
9252,916,1032,l,174,192.0,True,2023.5,2028.0
9253,172,1392,l,174,197.0,True,2023.5,2029.25
9254,497,302,l,174,195.0,True,2023.5,2028.75
9255,30,259,s,175,176.0,False,2023.75,2024.0
9256,274,268,s,175,177.0,False,2023.75,2024.25
9257,330,1508,s,175,177.0,False,2023.75,2024.25
9258,351,1209,s,175,176.0,False,2023.75,2024.0
9259,521,224,s,175,181.0,False,2023.75,2025.25
9260,629,942,s,175,175.0,False,2023.75,2023.75
9261,913,59,s,175,178.0,False,2023.75,2024.5
9262,940,1187,s,175,177.0,False,2023.75,2024.25
9263,1080,268,s,175,180.0,False,2023.75,2025.0
9264,1157,793,s,175,175.0,False,2023.75,2023.75
9265,1198,1559,s,175,175.0,False,2023.75,2023.75
9266,1248,1577,s,175,175.0,False,2023.75,2023.75
9267,1260,1852,s,175,204.0,False,2023.75,2031.0
9268,1263,1281,s,175,177.0,False,2023.75,2024.25
9269,1291,1508,s,175,175.0,False,2023.75,2023.75
9270,1431,1392,s,175,179.0,False,2023.75,2024.75
9271,1479,1392,s,175,176.0,False,2023.75,2024.0
9272,1512,1238,s,175,180.0,False,2023.75,2025.0
9273,1555,2000,s,175,180.0,False,2023.75,2025.0
9274,1575,1853,s,175,178.0,False,2023.75,2024.5
9275,1705,1299,s,175,181.0,False,2023.75,2025.25
9276,1837,1188,s,175,178.0,False,2023.75,2024.5
9277,30,1020,s,175,180.0,False,2023.75,2025.0
9278,936,1020,s,175,179.0,False,2023.75,2024.75
9279,1155,933,s,175,182.0,False,2023.75,2025.5
9280,1155,1574,s,175,181.0,False,2023.75,2025.25
9281,1155,1725,s,175,181.0,False,2023.75,2025.25
9282,1167,1577,s,175,179.0,False,2023.75,2024.75
9283,1222,1559,s,175,182.0,False,2023.75,2025.5
9284,1244,1297,s,175,176.0,False,2023.75,2024.0
9285,1248,1240,s,175,176.0,False,2023.75,2024.0
9286,1260,1392,s,175,179.0,False,2023.75,2024.75
9287,1260,1571,s,175,176.0,False,2023.75,2024.0
9288,1263,1559,s,175,177.0,False,2023.75,2024.25
9289,1314,1238,s,175,180.0,False,2023.75,2025.0
9290,1356,1238,s,175,176.0,False,2023.75,2024.0
9291,1376,1559,s,175,179.0,False,2023.75,2024.75
9292,1434,1188,s,175,177.0,False,2023.75,2024.25
9293,1523,1501,s,175,185.0,False,2023.75,2026.25
9294,1533,1392,s,175,195.0,False,2023.75,2028.75
9295,1533,1473,s,175,179.0,False,2023.75,2024.75
9296,1533,1499,s,175,176.0,False,2023.75,2024.0
9297,1555,1238,s,175,188.0,False,2023.75,2027.0
9298,1575,1209,s,175,179.0,False,2023.75,2024.75
9299,1575,1508,s,175,177.0,False,2023.75,2024.25
9300,30,762,s,175,182.0,False,2023.75,2025.5
9301,92,1209,s,175,176.0,False,2023.75,2024.0
9302,172,689,s,175,181.0,False,2023.75,2025.25
9303,705,1281,s,175,178.0,False,2023.75,2024.5
9304,754,1028,s,175,180.0,False,2023.75,2025.0
9305,754,1030,s,175,182.0,False,2023.75,2025.5
9306,1155,1508,s,175,186.0,False,2023.75,2026.5
9307,1198,268,s,175,177.0,False,2023.75,2024.25
9308,1198,1501,s,175,178.0,False,2023.75,2024.5
9309,1239,1281,s,175,177.0,False,2023.75,2024.25
9310,1260,1559,s,175,181.0,False,2023.75,2025.25
9311,1291,1473,s,175,176.0,False,2023.75,2024.0
9312,1314,1577,s,175,188.0,False,2023.75,2027.0
9313,1431,1577,s,175,177.0,False,2023.75,2024.25
9314,1434,1577,s,175,176.0,False,2023.75,2024.0
9315,1434,2000,s,175,177.0,False,2023.75,2024.25
9316,1551,1577,s,175,177.0,False,2023.75,2024.25
9317,30,399,l,175,,True,2023.75,
9318,848,259,l,175,232.0,True,2023.75,2038.0
9319,1263,1577,l,175,196.0,True,2023.75,2029.0
9320,172,1209,l,175,209.0,True,2023.75,2032.25
9321,1167,942,l,175,,True,2023.75,
9322,172,1238,s,176,176.0,False,2024.0,2024.0
9323,330,1699,s,176,179.0,False,2024.0,2024.75
9324,630,1238,s,176,180.0,False,2024.0,2025.0
9325,1244,1187,s,176,178.0,False,2024.0,2024.5
9326,1260,1568,s,176,176.0,False,2024.0,2024.0
9327,1265,1556,s,176,180.0,False,2024.0,2025.0
9328,1314,1271,s,176,177.0,False,2024.0,2024.25
9329,1317,1279,s,176,177.0,False,2024.0,2024.25
9330,1317,1536,s,176,176.0,False,2024.0,2024.0
9331,1479,1203,s,176,177.0,False,2024.0,2024.25
9332,1479,1370,s,176,176.0,False,2024.0,2024.0
9333,1523,1568,s,176,182.0,False,2024.0,2025.5
9334,1555,1319,s,176,188.0,False,2024.0,2027.0
9335,1575,1211,s,176,187.0,False,2024.0,2026.75
9336,1668,1501,s,176,189.0,False,2024.0,2027.25
9337,1682,1473,s,176,176.0,False,2024.0,2024.0
9338,1682,1574,s,176,185.0,False,2024.0,2026.25
9339,1729,1030,s,176,176.0,False,2024.0,2024.0
9340,1729,1392,s,176,179.0,False,2024.0,2024.75
9341,1837,1321,s,176,177.0,False,2024.0,2024.25
9342,30,1271,s,176,177.0,False,2024.0,2024.25
9343,96,2021,s,176,182.0,False,2024.0,2025.5
9344,172,224,s,176,177.0,False,2024.0,2024.25
9345,351,1203,s,176,178.0,False,2024.0,2024.5
9346,561,1203,s,176,180.0,False,2024.0,2025.0
9347,630,942,s,176,179.0,False,2024.0,2024.75
9348,847,302,s,176,179.0,False,2024.0,2024.75
9349,1088,1028,s,176,176.0,False,2024.0,2024.0
9350,1157,1536,s,176,178.0,False,2024.0,2024.5
9351,1157,1571,s,176,178.0,False,2024.0,2024.5
9352,1222,1574,s,176,177.0,False,2024.0,2024.25
9353,1260,1321,s,176,179.0,False,2024.0,2024.75
9354,1317,268,s,176,177.0,False,2024.0,2024.25
9355,1317,1559,s,176,177.0,False,2024.0,2024.25
9356,1431,1188,s,176,178.0,False,2024.0,2024.5
9357,1455,1559,s,176,178.0,False,2024.0,2024.5
9358,1523,1508,s,176,178.0,False,2024.0,2024.5
9359,1533,1240,s,176,179.0,False,2024.0,2024.75
9360,1533,1851,s,176,184.0,False,2024.0,2026.0
9361,1682,1240,s,176,179.0,False,2024.0,2024.75
9362,92,268,s,176,199.0,False,2024.0,2029.75
9363,92,800,s,176,180.0,False,2024.0,2025.0
9364,172,1853,s,176,179.0,False,2024.0,2024.75
9365,394,942,s,176,179.0,False,2024.0,2024.75
9366,1155,1577,s,176,178.0,False,2024.0,2024.5
9367,1291,1508,s,176,177.0,False,2024.0,2024.25
9368,1291,1577,s,176,180.0,False,2024.0,2025.0
9369,1314,1574,s,176,178.0,False,2024.0,2024.5
9370,1317,1574,s,176,181.0,False,2024.0,2025.25
9371,1479,1188,s,176,177.0,False,2024.0,2024.25
9372,1631,1571,s,176,186.0,False,2024.0,2026.5
9373,1682,1188,s,176,178.0,False,2024.0,2024.5
9374,337,942,l,176,220.0,True,2024.0,2035.0
9375,1729,1577,l,176,193.0,True,2024.0,2028.25
9376,940,224,l,176,207.0,True,2024.0,2031.75
9377,1260,1209,l,176,189.0,True,2024.0,2027.25
9378,848,90,l,176,194.0,True,2024.0,2028.5
9379,1157,1725,l,176,243.0,True,2024.0,2040.75
9380,172,1030,s,177,179.0,False,2024.25,2024.75
9381,351,1851,s,177,183.0,False,2024.25,2025.75
9382,630,1319,s,177,185.0,False,2024.25,2026.25
9383,754,1020,s,177,186.0,False,2024.25,2026.5
9384,848,224,s,177,177.0,False,2024.25,2024.25
9385,916,2021,s,177,181.0,False,2024.25,2025.25
9386,1155,1852,s,177,187.0,False,2024.25,2026.75
9387,1157,1473,s,177,181.0,False,2024.25,2025.25
9388,1222,268,s,177,178.0,False,2024.25,2024.5
9389,1291,1281,s,177,182.0,False,2024.25,2025.5
9390,1314,1535,s,177,183.0,False,2024.25,2025.75
9391,1317,1392,s,177,182.0,False,2024.25,2025.5
9392,1317,1590,s,177,179.0,False,2024.25,2024.75
9393,1431,1370,s,177,180.0,False,2024.25,2025.0
9394,1479,1392,s,177,180.0,False,2024.25,2025.0
9395,1551,1574,s,177,181.0,False,2024.25,2025.25
9396,1573,2000,s,177,191.0,False,2024.25,2027.75
9397,1575,1536,s,177,178.0,False,2024.25,2024.5
9398,1575,1602,s,177,180.0,False,2024.25,2025.0
9399,1631,1331,s,177,186.0,False,2024.25,2026.5
9400,1675,1574,s,177,184.0,False,2024.25,2026.0
9401,1729,1209,s,177,180.0,False,2024.25,2025.0
9402,1837,689,s,177,181.0,False,2024.25,2025.25
9403,30,1699,s,177,178.0,False,2024.25,2024.5
9404,92,1209,s,177,178.0,False,2024.25,2024.5
9405,172,1238,s,177,177.0,False,2024.25,2024.25
9406,262,1238,s,177,178.0,False,2024.25,2024.5
9407,1263,1574,s,177,188.0,False,2024.25,2027.0
9408,1314,1188,s,177,187.0,False,2024.25,2026.75
9409,1317,1240,s,177,180.0,False,2024.25,2025.0
9410,1682,1331,s,177,178.0,False,2024.25,2024.5
9411,1837,417,s,177,183.0,False,2024.25,2025.75
9412,1837,793,s,177,180.0,False,2024.25,2025.0
9413,1837,2021,s,177,187.0,False,2024.25,2026.75
9414,30,59,s,177,189.0,False,2024.25,2027.25
9415,30,259,s,177,181.0,False,2024.25,2025.25
9416,172,243,s,177,179.0,False,2024.25,2024.75
9417,172,1321,s,177,180.0,False,2024.25,2025.0
9418,351,1319,s,177,185.0,False,2024.25,2026.25
9419,561,2021,s,177,181.0,False,2024.25,2025.25
9420,940,1203,s,177,194.0,False,2024.25,2028.5
9421,944,679,s,177,188.0,False,2024.25,2027.0
9422,1198,1590,s,177,178.0,False,2024.25,2024.5
9423,1222,1536,s,177,178.0,False,2024.25,2024.5
9424,1314,1319,s,177,181.0,False,2024.25,2025.25
9425,1376,1188,s,177,187.0,False,2024.25,2026.75
9426,1434,1574,s,177,179.0,False,2024.25,2024.75
9427,1455,1574,s,177,181.0,False,2024.25,2025.25
9428,1575,1540,s,177,184.0,False,2024.25,2026.0
9429,1675,1361,s,177,178.0,False,2024.25,2024.5
9430,1837,1853,s,177,179.0,False,2024.25,2024.75
9431,1961,679,s,177,182.0,False,2024.25,2025.5
9432,1455,1240,l,177,,True,2024.25,
9433,1155,793,l,177,,True,2024.25,
9434,1244,1725,l,177,206.0,True,2024.25,2031.5
9435,1511,1577,l,177,,True,2024.25,
9436,1533,1678,l,177,179.0,True,2024.25,2024.75
9437,1675,2000,l,177,201.0,True,2024.25,2030.25
9438,1837,313,l,177,205.0,True,2024.25,2031.25
9439,1244,1297,l,177,217.0,True,2024.25,2034.25
9440,172,1238,s,178,182.0,False,2024.5,2025.5
9441,330,1188,s,178,184.0,False,2024.5,2026.0
9442,351,1370,s,178,180.0,False,2024.5,2025.0
9443,848,2021,s,178,186.0,False,2024.5,2026.5
9444,909,1028,s,178,178.0,False,2024.5,2024.5
9445,913,1281,s,178,181.0,False,2024.5,2025.25
9446,936,1030,s,178,184.0,False,2024.5,2026.0
9447,940,59,s,178,179.0,False,2024.5,2024.75
9448,1157,1852,s,178,184.0,False,2024.5,2026.0
9449,1198,1203,s,178,181.0,False,2024.5,2025.25
9450,1198,1535,s,178,180.0,False,2024.5,2025.0
9451,1222,1574,s,178,180.0,False,2024.5,2025.0
9452,1244,1535,s,178,181.0,False,2024.5,2025.25
9453,1260,1699,s,178,178.0,False,2024.5,2024.5
9454,1263,1281,s,178,184.0,False,2024.5,2026.0
9455,1265,1725,s,178,180.0,False,2024.5,2025.0
9456,1283,679,s,178,179.0,False,2024.5,2024.75
9457,1396,1370,s,178,180.0,False,2024.5,2025.0
9458,1431,1501,s,178,182.0,False,2024.5,2025.5
9459,1434,1852,s,178,181.0,False,2024.5,2025.25
9460,1479,1331,s,178,180.0,False,2024.5,2025.0
9461,1533,1577,s,178,186.0,False,2024.5,2026.5
9462,1555,1851,s,178,178.0,False,2024.5,2024.5
9463,1575,1312,s,178,186.0,False,2024.5,2026.5
9464,1575,1568,s,178,181.0,False,2024.5,2025.25
9465,1585,1577,s,178,180.0,False,2024.5,2025.0
9466,1675,1297,s,178,188.0,False,2024.5,2027.0
9467,1675,1535,s,178,190.0,False,2024.5,2027.5
9468,1682,1568,s,178,182.0,False,2024.5,2025.5
9469,1729,1361,s,178,179.0,False,2024.5,2024.75
9470,351,689,s,178,183.0,False,2024.5,2025.75
9471,525,956,s,178,179.0,False,2024.5,2024.75
9472,916,1053,s,178,185.0,False,2024.5,2026.25
9473,940,1030,s,178,186.0,False,2024.5,2026.5
9474,944,956,s,178,178.0,False,2024.5,2024.5
9475,944,2004,s,178,193.0,False,2024.5,2028.25
9476,1222,1568,s,178,180.0,False,2024.5,2025.0
9477,1248,1574,s,178,180.0,False,2024.5,2025.0
9478,1260,1568,s,178,183.0,False,2024.5,2025.75
9479,1260,1574,s,178,186.0,False,2024.5,2026.5
9480,1263,1240,s,178,178.0,False,2024.5,2024.5
9481,1434,1577,s,178,186.0,False,2024.5,2026.5
9482,1479,1271,s,178,180.0,False,2024.5,2025.0
9483,1675,1577,s,178,178.0,False,2024.5,2024.5
9484,1682,1209,s,178,188.0,False,2024.5,2027.0
9485,1682,1473,s,178,182.0,False,2024.5,2025.5
9486,1837,1030,s,178,183.0,False,2024.5,2025.75
9487,2029,2021,s,178,180.0,False,2024.5,2025.0
9488,30,90,s,178,180.0,False,2024.5,2025.0
9489,161,762,s,178,179.0,False,2024.5,2024.75
9490,172,224,s,178,201.0,False,2024.5,2030.25
9491,172,1053,s,178,184.0,False,2024.5,2026.0
9492,274,1020,s,178,180.0,False,2024.5,2025.0
9493,351,1028,s,178,181.0,False,2024.5,2025.25
9494,351,1209,s,178,193.0,False,2024.5,2028.25
9495,743,259,s,178,183.0,False,2024.5,2025.75
9496,913,1203,s,178,179.0,False,2024.5,2024.75
9497,916,259,s,178,201.0,False,2024.5,2030.25
9498,944,2021,s,178,191.0,False,2024.5,2027.75
9499,1157,1297,s,178,195.0,False,2024.5,2028.75
9500,1157,1568,s,178,184.0,False,2024.5,2026.0
9501,1222,1240,s,178,179.0,False,2024.5,2024.75
9502,1263,1853,s,178,181.0,False,2024.5,2025.25
9503,1317,1271,s,178,179.0,False,2024.5,2024.75
9504,1368,1535,s,178,183.0,False,2024.5,2025.75
9505,1434,1571,s,178,190.0,False,2024.5,2027.5
9506,1523,1853,s,178,181.0,False,2024.5,2025.25
9507,1575,1188,s,178,182.0,False,2024.5,2025.5
9508,1631,1625,s,178,185.0,False,2024.5,2026.25
9509,351,1853,l,178,222.0,True,2024.5,2035.5
9510,1189,1271,l,178,190.0,True,2024.5,2027.5
9511,1294,1853,l,178,240.0,True,2024.5,2040.0
9512,1533,1625,l,178,198.0,True,2024.5,2029.5
9513,1631,1508,l,178,215.0,True,2024.5,2033.75
9514,172,2021,s,179,180.0,False,2024.75,2025.0
9515,262,942,s,179,181.0,False,2024.75,2025.25
9516,754,59,s,179,183.0,False,2024.75,2025.75
9517,936,59,s,179,181.0,False,2024.75,2025.25
9518,940,2021,s,179,184.0,False,2024.75,2026.0
9519,1155,1319,s,179,182.0,False,2024.75,2025.5
9520,1260,1853,s,179,186.0,False,2024.75,2026.5
9521,1291,1264,s,179,180.0,False,2024.75,2025.0
9522,1291,1508,s,179,180.0,False,2024.75,2025.0
9523,1434,1535,s,179,180.0,False,2024.75,2025.0
9524,1479,2000,s,179,187.0,False,2024.75,2026.75
9525,1575,1355,s,179,180.0,False,2024.75,2025.0
9526,1603,1725,s,179,183.0,False,2024.75,2025.75
9527,1624,1568,s,179,181.0,False,2024.75,2025.25
9528,1631,1238,s,179,184.0,False,2024.75,2026.0
9529,1675,1501,s,179,180.0,False,2024.75,2025.0
9530,1675,1568,s,179,186.0,False,2024.75,2026.5
9531,422,110,s,179,180.0,False,2024.75,2025.0
9532,521,1020,s,179,182.0,False,2024.75,2025.5
9533,521,1032,s,179,183.0,False,2024.75,2025.75
9534,630,1853,s,179,181.0,False,2024.75,2025.25
9535,848,679,s,179,184.0,False,2024.75,2026.0
9536,944,90,s,179,181.0,False,2024.75,2025.25
9537,1157,1535,s,179,188.0,False,2024.75,2027.0
9538,1189,1574,s,179,181.0,False,2024.75,2025.25
9539,1260,1148,s,179,180.0,False,2024.75,2025.0
9540,1263,1299,s,179,184.0,False,2024.75,2026.0
9541,1263,1535,s,179,186.0,False,2024.75,2026.5
9542,1263,1852,s,179,179.0,False,2024.75,2024.75
9543,1291,1271,s,179,179.0,False,2024.75,2024.75
9544,1523,1536,s,179,181.0,False,2024.75,2025.25
9545,1569,1577,s,179,182.0,False,2024.75,2025.5
9546,1573,1574,s,179,182.0,False,2024.75,2025.5
9547,30,1321,s,179,181.0,False,2024.75,2025.25
9548,30,1508,s,179,184.0,False,2024.75,2026.0
9549,330,302,s,179,185.0,False,2024.75,2026.25
9550,848,340,s,179,181.0,False,2024.75,2025.25
9551,940,259,s,179,189.0,False,2024.75,2027.25
9552,1260,1203,s,179,185.0,False,2024.75,2026.25
9553,1260,1238,s,179,181.0,False,2024.75,2025.25
9554,1260,1355,s,179,180.0,False,2024.75,2025.0
9555,1263,1264,s,179,182.0,False,2024.75,2025.5
9556,1263,1536,s,179,184.0,False,2024.75,2026.0
9557,1291,1574,s,179,183.0,False,2024.75,2025.75
9558,1314,1501,s,179,184.0,False,2024.75,2026.0
9559,1551,1536,s,179,183.0,False,2024.75,2025.75
9560,1551,1577,s,179,190.0,False,2024.75,2027.5
9561,1575,1271,s,179,186.0,False,2024.75,2026.5
9562,1575,1852,s,179,204.0,False,2024.75,2031.0
9563,1675,1577,s,179,181.0,False,2024.75,2025.25
9564,1682,1264,s,179,181.0,False,2024.75,2025.25
9565,1837,1188,s,179,182.0,False,2024.75,2025.5
9566,1858,762,s,179,180.0,False,2024.75,2025.0
9567,1985,1188,s,179,180.0,False,2024.75,2025.0
9568,1682,1188,l,179,242.0,True,2024.75,2040.5
9569,1837,259,l,179,190.0,True,2024.75,2027.5
9570,422,2021,l,179,199.0,True,2024.75,2029.75
9571,1523,1238,l,179,,True,2024.75,
9572,1675,1721,l,179,,True,2024.75,
9573,1573,1577,l,179,180.0,True,2024.75,2025.0
9574,1675,1361,l,179,,True,2024.75,
9575,1675,1625,l,179,,True,2024.75,
9576,30,1030,s,180,188.0,False,2025.0,2027.0
9577,172,1331,s,180,187.0,False,2025.0,2026.75
9578,351,1508,s,180,188.0,False,2025.0,2027.0
9579,394,1238,s,180,189.0,False,2025.0,2027.25
9580,705,1281,s,180,182.0,False,2025.0,2025.5
9581,754,942,s,180,182.0,False,2025.0,2025.5
9582,916,391,s,180,183.0,False,2025.0,2025.75
9583,944,59,s,180,188.0,False,2025.0,2027.0
9584,1088,302,s,180,195.0,False,2025.0,2028.75
9585,1157,2000,s,180,187.0,False,2025.0,2026.75
9586,1260,2000,s,180,214.0,False,2025.0,2033.5
9587,1263,1297,s,180,182.0,False,2025.0,2025.5
9588,1455,1577,s,180,183.0,False,2025.0,2025.75
9589,1551,2000,s,180,180.0,False,2025.0,2025.0
9590,1575,1720,s,180,180.0,False,2025.0,2025.0
9591,1675,1559,s,180,187.0,False,2025.0,2026.75
9592,1837,1331,s,180,202.0,False,2025.0,2030.5
9593,92,1188,s,180,181.0,False,2025.0,2025.25
9594,172,59,s,180,190.0,False,2025.0,2027.5
9595,172,1014,s,180,181.0,False,2025.0,2025.25
9596,497,679,s,180,180.0,False,2025.0,2025.0
9597,1157,1571,s,180,189.0,False,2025.0,2027.25
9598,1189,1238,s,180,186.0,False,2025.0,2026.5
9599,1248,2000,s,180,185.0,False,2025.0,2026.25
9600,1260,1501,s,180,181.0,False,2025.0,2025.25
9601,1314,1473,s,180,182.0,False,2025.0,2025.5
9602,1369,1577,s,180,188.0,False,2025.0,2027.0
9603,1533,1540,s,180,182.0,False,2025.0,2025.5
9604,1575,1559,s,180,181.0,False,2025.0,2025.25
9605,1585,2000,s,180,188.0,False,2025.0,2027.0
9606,1631,1577,s,180,181.0,False,2025.0,2025.25
9607,1675,1473,s,180,182.0,False,2025.0,2025.5
9608,1837,1053,s,180,185.0,False,2025.0,2026.25
9609,1985,942,s,180,184.0,False,2025.0,2026.0
9610,30,340,s,180,181.0,False,2025.0,2025.25
9611,96,1032,s,180,186.0,False,2025.0,2026.5
9612,561,1297,s,180,184.0,False,2025.0,2026.0
9613,1157,1281,s,180,187.0,False,2025.0,2026.75
9614,1189,1577,s,180,185.0,False,2025.0,2026.25
9615,1198,1238,s,180,185.0,False,2025.0,2026.25
9616,1222,1361,s,180,183.0,False,2025.0,2025.75
9617,1222,1536,s,180,183.0,False,2025.0,2025.75
9618,1244,1556,s,180,182.0,False,2025.0,2025.5
9619,1260,1271,s,180,183.0,False,2025.0,2025.75
9620,1260,1535,s,180,184.0,False,2025.0,2026.0
9621,1263,2000,s,180,181.0,False,2025.0,2025.25
9622,1314,1240,s,180,184.0,False,2025.0,2026.0
9623,1314,1508,s,180,184.0,False,2025.0,2026.0
9624,1314,1766,s,180,182.0,False,2025.0,2025.5
9625,1389,2000,s,180,188.0,False,2025.0,2027.0
9626,1455,1370,s,180,182.0,False,2025.0,2025.5
9627,1551,1568,s,180,181.0,False,2025.0,2025.25
9628,1631,1568,s,180,182.0,False,2025.0,2025.5
9629,1631,1574,s,180,183.0,False,2025.0,2025.75
9630,1675,1499,s,180,188.0,False,2025.0,2027.0
9631,1682,2000,s,180,190.0,False,2025.0,2027.5
9632,1837,1699,s,180,182.0,False,2025.0,2025.5
9633,1837,1725,s,180,184.0,False,2025.0,2026.0
9634,1155,2000,l,180,238.0,True,2025.0,2039.5
9635,1263,1473,l,180,,True,2025.0,
9636,1317,1568,l,180,,True,2025.0,
9637,1533,1556,l,180,198.0,True,2025.0,2029.5
9638,1265,1725,l,180,,True,2025.0,
9639,1575,1602,l,180,192.0,True,2025.0,2028.0
9640,1682,1508,l,180,214.0,True,2025.0,2033.5
9641,87,942,s,181,185.0,False,2025.25,2026.25
9642,92,59,s,181,181.0,False,2025.25,2025.25
9643,262,1238,s,181,183.0,False,2025.25,2025.75
9644,351,360,s,181,183.0,False,2025.25,2025.75
9645,561,1240,s,181,186.0,False,2025.25,2026.5
9646,913,614,s,181,181.0,False,2025.25,2025.25
9647,936,302,s,181,184.0,False,2025.25,2026.0
9648,940,59,s,181,182.0,False,2025.25,2025.5
9649,1198,1501,s,181,194.0,False,2025.25,2028.5
9650,1198,2000,s,181,184.0,False,2025.25,2026.0
9651,1291,1370,s,181,198.0,False,2025.25,2029.5
9652,1291,1577,s,181,185.0,False,2025.25,2026.25
9653,1314,1216,s,181,189.0,False,2025.25,2027.25
9654,1317,2000,s,181,189.0,False,2025.25,2027.25
9655,1511,1188,s,181,183.0,False,2025.25,2025.75
9656,1551,1590,s,181,183.0,False,2025.25,2025.75
9657,1675,1501,s,181,190.0,False,2025.25,2027.5
9658,1729,1203,s,181,182.0,False,2025.25,2025.5
9659,172,268,s,181,182.0,False,2025.25,2025.5
9660,172,653,s,181,182.0,False,2025.25,2025.5
9661,274,942,s,181,183.0,False,2025.25,2025.75
9662,351,1203,s,181,194.0,False,2025.25,2028.5
9663,394,1240,s,181,182.0,False,2025.25,2025.5
9664,936,336,s,181,183.0,False,2025.25,2025.75
9665,1157,942,s,181,181.0,False,2025.25,2025.25
9666,1260,1370,s,181,190.0,False,2025.25,2027.5
9667,1275,1203,s,181,183.0,False,2025.25,2025.75
9668,1291,1508,s,181,182.0,False,2025.25,2025.5
9669,1396,1590,s,181,182.0,False,2025.25,2025.5
9670,1431,1852,s,181,183.0,False,2025.25,2025.75
9671,1431,2000,s,181,182.0,False,2025.25,2025.5
9672,1533,1720,s,181,187.0,False,2025.25,2026.75
9673,1555,2000,s,181,182.0,False,2025.25,2025.5
9674,1575,1720,s,181,184.0,False,2025.25,2026.0
9675,1575,2000,s,181,190.0,False,2025.25,2027.5
9676,1682,1331,s,181,190.0,False,2025.25,2027.5
9677,92,224,s,181,182.0,False,2025.25,2025.5
9678,92,689,s,181,185.0,False,2025.25,2026.25
9679,172,1203,s,181,182.0,False,2025.25,2025.5
9680,172,1281,s,181,196.0,False,2025.25,2029.0
9681,274,1203,s,181,194.0,False,2025.25,2028.5
9682,351,2000,s,181,182.0,False,2025.25,2025.5
9683,521,1238,s,181,182.0,False,2025.25,2025.5
9684,630,1028,s,181,183.0,False,2025.25,2025.75
9685,848,406,s,181,183.0,False,2025.25,2025.75
9686,848,1030,s,181,182.0,False,2025.25,2025.5
9687,909,1188,s,181,189.0,False,2025.25,2027.25
9688,913,689,s,181,187.0,False,2025.25,2026.75
9689,916,1030,s,181,189.0,False,2025.25,2027.25
9690,944,1032,s,181,185.0,False,2025.25,2026.25
9691,1157,1508,s,181,191.0,False,2025.25,2027.75
9692,1198,1574,s,181,188.0,False,2025.25,2027.0
9693,1260,443,s,181,184.0,False,2025.25,2026.0
9694,1260,1156,s,181,185.0,False,2025.25,2026.25
9695,1314,1271,s,181,185.0,False,2025.25,2026.25
9696,1314,1574,s,181,185.0,False,2025.25,2026.25
9697,1317,1297,s,181,183.0,False,2025.25,2025.75
9698,1533,1266,s,181,188.0,False,2025.25,2027.0
9699,1533,1568,s,181,187.0,False,2025.25,2026.75
9700,1569,1501,s,181,193.0,False,2025.25,2028.25
9701,1575,1536,s,181,192.0,False,2025.25,2028.0
9702,1837,793,s,181,182.0,False,2025.25,2025.5
9703,1837,1203,s,181,186.0,False,2025.25,2026.5
9704,909,942,l,181,,True,2025.25,
9705,1314,2000,l,181,193.0,True,2025.25,2028.25
9706,1479,1574,l,181,201.0,True,2025.25,2030.25
9707,1682,1271,l,181,213.0,True,2025.25,2033.25
9708,172,1014,l,181,196.0,True,2025.25,2029.0
9709,1682,1577,l,181,,True,2025.25,
9710,172,689,l,181,223.0,True,2025.25,2035.75
9711,1244,1535,l,181,182.0,True,2025.25,2025.5
9712,92,1331,s,182,189.0,False,2025.5,2027.25
9713,172,243,s,182,184.0,False,2025.5,2026.0
9714,274,1020,s,182,186.0,False,2025.5,2026.5
9715,351,1188,s,182,189.0,False,2025.5,2027.25
9716,1222,800,s,182,186.0,False,2025.5,2026.5
9717,1222,1014,s,182,199.0,False,2025.5,2029.75
9718,1263,1508,s,182,185.0,False,2025.5,2026.25
9719,1275,1281,s,182,183.0,False,2025.5,2025.75
9720,1314,1370,s,182,185.0,False,2025.5,2026.25
9721,1365,268,s,182,190.0,False,2025.5,2027.5
9722,1455,2000,s,182,185.0,False,2025.5,2026.25
9723,1511,1501,s,182,184.0,False,2025.5,2026.0
9724,1523,1209,s,182,183.0,False,2025.5,2025.75
9725,1533,1674,s,182,184.0,False,2025.5,2026.0
9726,1611,2000,s,182,182.0,False,2025.5,2025.5
9727,1655,1536,s,182,194.0,False,2025.5,2028.5
9728,1682,1318,s,182,185.0,False,2025.5,2026.25
9729,1729,1188,s,182,191.0,False,2025.5,2027.75
9730,1837,59,s,182,186.0,False,2025.5,2026.5
9731,1837,1014,s,182,183.0,False,2025.5,2025.75
9732,92,336,s,182,188.0,False,2025.5,2027.0
9733,92,793,s,182,192.0,False,2025.5,2028.0
9734,172,1020,s,182,184.0,False,2025.5,2026.0
9735,262,942,s,182,186.0,False,2025.5,2026.5
9736,337,406,s,182,184.0,False,2025.5,2026.0
9737,351,1473,s,182,187.0,False,2025.5,2026.75
9738,561,689,s,182,184.0,False,2025.5,2026.0
9739,739,1238,s,182,195.0,False,2025.5,2028.75
9740,867,942,s,182,186.0,False,2025.5,2026.5
9741,913,1203,s,182,187.0,False,2025.5,2026.75
9742,1155,1501,s,182,184.0,False,2025.5,2026.0
9743,1155,1577,s,182,187.0,False,2025.5,2026.75
9744,1157,1473,s,182,184.0,False,2025.5,2026.0
9745,1198,1297,s,182,184.0,False,2025.5,2026.0
9746,1260,1238,s,182,190.0,False,2025.5,2027.5
9747,1263,1331,s,182,184.0,False,2025.5,2026.0
9748,1263,1568,s,182,187.0,False,2025.5,2026.75
9749,1291,1188,s,182,183.0,False,2025.5,2025.75
9750,1585,1535,s,182,183.0,False,2025.5,2025.75
9751,1640,1281,s,182,186.0,False,2025.5,2026.5
9752,1675,1319,s,182,188.0,False,2025.5,2027.0
9753,1675,1577,s,182,193.0,False,2025.5,2028.25
9754,1837,800,s,182,183.0,False,2025.5,2025.75
9755,30,224,s,182,186.0,False,2025.5,2026.5
9756,30,793,s,182,195.0,False,2025.5,2028.75
9757,521,1028,s,182,183.0,False,2025.5,2025.75
9758,561,1238,s,182,186.0,False,2025.5,2026.5
9759,630,942,s,182,183.0,False,2025.5,2025.75
9760,1155,1188,s,182,185.0,False,2025.5,2026.25
9761,1260,1536,s,182,184.0,False,2025.5,2026.0
9762,1260,1559,s,182,184.0,False,2025.5,2026.0
9763,1314,1499,s,182,185.0,False,2025.5,2026.25
9764,1533,1721,s,182,185.0,False,2025.5,2026.25
9765,1533,2000,s,182,191.0,False,2025.5,2027.75
9766,1555,1574,s,182,186.0,False,2025.5,2026.5
9767,1575,1281,s,182,196.0,False,2025.5,2029.0
9768,1675,1763,s,182,189.0,False,2025.5,2027.25
9769,1682,1536,s,182,191.0,False,2025.5,2027.75
9770,1682,1851,s,182,183.0,False,2025.5,2025.75
9771,1157,268,l,182,207.0,True,2025.5,2031.75
9772,1585,1574,l,182,,True,2025.5,
9773,1985,1508,l,182,,True,2025.5,
9774,30,443,l,182,209.0,True,2025.5,2032.25
9775,351,1699,l,182,205.0,True,2025.5,2031.25
9776,1985,1020,l,182,239.0,True,2025.5,2039.75
9777,351,1501,s,183,186.0,False,2025.75,2026.5
9778,916,956,s,183,188.0,False,2025.75,2027.0
9779,1157,1014,s,183,184.0,False,2025.75,2026.0
9780,1198,689,s,183,186.0,False,2025.75,2026.5
9781,1260,1188,s,183,183.0,False,2025.75,2025.75
9782,1434,1319,s,183,183.0,False,2025.75,2025.75
9783,1575,1238,s,183,184.0,False,2025.75,2026.0
9784,1655,2000,s,183,187.0,False,2025.75,2026.75
9785,1837,1020,s,183,185.0,False,2025.75,2026.25
9786,1837,1188,s,183,185.0,False,2025.75,2026.25
9787,1985,1238,s,183,189.0,False,2025.75,2027.25
9788,30,762,s,183,187.0,False,2025.75,2026.75
9789,30,1209,s,183,183.0,False,2025.75,2025.75
9790,92,1020,s,183,188.0,False,2025.75,2027.0
9791,92,1319,s,183,193.0,False,2025.75,2028.25
9792,172,1238,s,183,189.0,False,2025.75,2027.25
9793,351,1577,s,183,184.0,False,2025.75,2026.0
9794,847,2021,s,183,184.0,False,2025.75,2026.0
9795,848,762,s,183,194.0,False,2025.75,2028.5
9796,1080,1203,s,183,184.0,False,2025.75,2026.0
9797,1155,1281,s,183,194.0,False,2025.75,2028.5
9798,1155,1574,s,183,184.0,False,2025.75,2026.0
9799,1157,689,s,183,185.0,False,2025.75,2026.25
9800,1189,1331,s,183,184.0,False,2025.75,2026.0
9801,1260,1501,s,183,196.0,False,2025.75,2029.0
9802,1263,2000,s,183,187.0,False,2025.75,2026.75
9803,1291,1321,s,183,190.0,False,2025.75,2027.5
9804,1291,1852,s,183,195.0,False,2025.75,2028.75
9805,1294,1577,s,183,190.0,False,2025.75,2027.5
9806,1314,1568,s,183,185.0,False,2025.75,2026.25
9807,1317,1501,s,183,186.0,False,2025.75,2026.5
9808,1523,2000,s,183,184.0,False,2025.75,2026.0
9809,1533,1602,s,183,184.0,False,2025.75,2026.0
9810,1575,1574,s,183,187.0,False,2025.75,2026.75
9811,1668,1574,s,183,184.0,False,2025.75,2026.0
9812,1729,1028,s,183,194.0,False,2025.75,2028.5
9813,1729,1473,s,183,184.0,False,2025.75,2026.0
9814,1837,689,s,183,184.0,False,2025.75,2026.0
9815,92,1188,s,183,190.0,False,2025.75,2027.5
9816,204,1281,s,183,185.0,False,2025.75,2026.25
9817,394,1203,s,183,186.0,False,2025.75,2026.5
9818,394,1473,s,183,186.0,False,2025.75,2026.5
9819,630,689,s,183,185.0,False,2025.75,2026.25
9820,705,1725,s,183,189.0,False,2025.75,2027.25
9821,759,406,s,183,191.0,False,2025.75,2027.75
9822,936,1699,s,183,184.0,False,2025.75,2026.0
9823,1157,1559,s,183,184.0,False,2025.75,2026.0
9824,1189,1319,s,183,185.0,False,2025.75,2026.25
9825,1260,1312,s,183,188.0,False,2025.75,2027.0
9826,1260,1319,s,183,185.0,False,2025.75,2026.25
9827,1265,1281,s,183,185.0,False,2025.75,2026.25
9828,1317,1577,s,183,191.0,False,2025.75,2027.75
9829,1356,1852,s,183,188.0,False,2025.75,2027.0
9830,1455,1238,s,183,186.0,False,2025.75,2026.5
9831,1533,1370,s,183,185.0,False,2025.75,2026.25
9832,1573,1473,s,183,190.0,False,2025.75,2027.5
9833,1575,1568,s,183,184.0,False,2025.75,2026.0
9834,1636,1568,s,183,190.0,False,2025.75,2027.5
9835,1636,1574,s,183,196.0,False,2025.75,2029.0
9836,1636,2000,s,183,185.0,False,2025.75,2026.25
9837,1729,1331,s,183,185.0,False,2025.75,2026.25
9838,96,2021,l,183,208.0,True,2025.75,2032.0
9839,1157,1574,l,183,236.0,True,2025.75,2039.0
9840,1551,1473,l,183,232.0,True,2025.75,2038.0
9841,1682,1370,l,183,211.0,True,2025.75,2032.75
9842,754,1699,l,183,219.0,True,2025.75,2034.75
9843,1317,1331,l,183,236.0,True,2025.75,2039.0
9844,1575,1473,l,183,210.0,True,2025.75,2032.5
9845,705,1281,l,183,,True,2025.75,
9846,754,1028,l,183,208.0,True,2025.75,2032.0
9847,1575,1188,l,183,,True,2025.75,
9848,1813,1852,l,183,229.0,True,2025.75,2037.25
9849,30,90,s,184,185.0,False,2026.0,2026.25
9850,30,679,s,184,189.0,False,2026.0,2027.25
9851,172,406,s,184,188.0,False,2026.0,2027.0
9852,351,689,s,184,193.0,False,2026.0,2028.25
9853,561,1030,s,184,184.0,False,2026.0,2026.0
9854,1157,1331,s,184,189.0,False,2026.0,2027.25
9855,1157,1392,s,184,185.0,False,2026.0,2026.25
9856,1180,1188,s,184,185.0,False,2026.0,2026.25
9857,1260,1188,s,184,190.0,False,2026.0,2027.5
9858,1260,1625,s,184,187.0,False,2026.0,2026.75
9859,1263,1370,s,184,196.0,False,2026.0,2029.0
9860,1512,1540,s,184,184.0,False,2026.0,2026.0
9861,1523,1577,s,184,188.0,False,2026.0,2027.0
9862,1551,1574,s,184,189.0,False,2026.0,2027.25
9863,1636,1577,s,184,200.0,False,2026.0,2030.0
9864,1682,1203,s,184,185.0,False,2026.0,2026.25
9865,1729,1625,s,184,198.0,False,2026.0,2029.5
9866,1837,90,s,184,184.0,False,2026.0,2026.0
9867,1837,224,s,184,189.0,False,2026.0,2027.25
9868,2063,1725,s,184,185.0,False,2026.0,2026.25
9869,172,679,s,184,186.0,False,2026.0,2026.5
9870,351,1281,s,184,184.0,False,2026.0,2026.0
9871,630,1238,s,184,188.0,False,2026.0,2027.0
9872,657,268,s,184,187.0,False,2026.0,2026.75
9873,754,942,s,184,186.0,False,2026.0,2026.5
9874,1157,942,s,184,185.0,False,2026.0,2026.25
9875,1157,1240,s,184,184.0,False,2026.0,2026.0
9876,1198,1188,s,184,186.0,False,2026.0,2026.5
9877,1244,1556,s,184,185.0,False,2026.0,2026.25
9878,1260,1471,s,184,185.0,False,2026.0,2026.25
9879,1263,1625,s,184,187.0,False,2026.0,2026.75
9880,1291,1508,s,184,184.0,False,2026.0,2026.0
9881,1314,1209,s,184,192.0,False,2026.0,2028.0
9882,1314,1297,s,184,189.0,False,2026.0,2027.25
9883,1317,1333,s,184,198.0,False,2026.0,2029.5
9884,1356,2000,s,184,186.0,False,2026.0,2026.5
9885,1434,1370,s,184,195.0,False,2026.0,2028.75
9886,1585,1720,s,184,189.0,False,2026.0,2027.25
9887,1682,1625,s,184,190.0,False,2026.0,2027.5
9888,1837,1014,s,184,190.0,False,2026.0,2027.5
9889,561,1725,s,184,189.0,False,2026.0,2027.25
9890,630,942,s,184,188.0,False,2026.0,2027.0
9891,739,1188,s,184,193.0,False,2026.0,2028.25
9892,754,302,s,184,185.0,False,2026.0,2026.25
9893,909,1203,s,184,186.0,False,2026.0,2026.5
9894,1157,1319,s,184,185.0,False,2026.0,2026.25
9895,1263,1238,s,184,185.0,False,2026.0,2026.25
9896,1291,2000,s,184,185.0,False,2026.0,2026.25
9897,1314,1238,s,184,202.0,False,2026.0,2030.5
9898,1314,1590,s,184,186.0,False,2026.0,2026.5
9899,1479,1203,s,184,188.0,False,2026.0,2027.0
9900,1533,1331,s,184,187.0,False,2026.0,2026.75
9901,1533,1412,s,184,185.0,False,2026.0,2026.25
9902,1533,1535,s,184,190.0,False,2026.0,2027.5
9903,1631,1297,s,184,186.0,False,2026.0,2026.5
9904,2063,1535,s,184,193.0,False,2026.0,2028.25
9905,1291,1625,l,184,,True,2026.0,
9906,1365,942,l,184,243.0,True,2026.0,2040.75
9907,1434,1331,l,184,,True,2026.0,
9908,1631,1535,l,184,212.0,True,2026.0,2033.0
9909,351,1540,l,184,226.0,True,2026.0,2036.5
9910,936,59,l,184,208.0,True,2026.0,2032.0
9911,1551,2000,l,184,,True,2026.0,
9912,1555,1501,l,184,,True,2026.0,
9913,1555,1625,l,184,196.0,True,2026.0,2029.0
9914,30,406,s,185,198.0,False,2026.25,2029.5
9915,92,1240,s,185,190.0,False,2026.25,2027.5
9916,172,313,s,185,191.0,False,2026.25,2027.75
9917,262,1852,s,185,188.0,False,2026.25,2027.0
9918,351,1535,s,185,186.0,False,2026.25,2026.5
9919,609,679,s,185,188.0,False,2026.25,2027.0
9920,630,1392,s,185,186.0,False,2026.25,2026.5
9921,705,1188,s,185,192.0,False,2026.25,2028.0
9922,754,259,s,185,187.0,False,2026.25,2026.75
9923,909,1238,s,185,193.0,False,2026.25,2028.25
9924,936,406,s,185,189.0,False,2026.25,2027.25
9925,944,1030,s,185,188.0,False,2026.25,2027.0
9926,1260,1392,s,185,186.0,False,2026.25,2026.5
9927,1260,1568,s,185,192.0,False,2026.25,2028.0
9928,1317,1361,s,185,192.0,False,2026.25,2028.0
9929,1479,1536,s,185,188.0,False,2026.25,2027.0
9930,1523,1590,s,185,187.0,False,2026.25,2026.75
9931,1533,1238,s,185,188.0,False,2026.25,2027.0
9932,1675,1852,s,185,201.0,False,2026.25,2030.25
9933,1682,1590,s,185,189.0,False,2026.25,2027.25
9934,1685,1577,s,185,198.0,False,2026.25,2029.5
9935,1685,2000,s,185,185.0,False,2026.25,2026.25
9936,1099,340,s,185,187.0,False,2026.25,2026.75
9937,1155,1574,s,185,196.0,False,2026.25,2029.0
9938,1157,1312,s,185,187.0,False,2026.25,2026.75
9939,1157,1852,s,185,191.0,False,2026.25,2027.75
9940,1222,1568,s,185,187.0,False,2026.25,2026.75
9941,1239,2000,s,185,193.0,False,2026.25,2028.25
9942,1260,1556,s,185,195.0,False,2026.25,2028.75
9943,1291,1536,s,185,187.0,False,2026.25,2026.75
9944,1314,1203,s,185,186.0,False,2026.25,2026.5
9945,1317,1271,s,185,188.0,False,2026.25,2027.0
9946,1431,1508,s,185,188.0,False,2026.25,2027.0
9947,1434,1319,s,185,190.0,False,2026.25,2027.5
9948,1575,1571,s,185,193.0,False,2026.25,2028.25
9949,1636,1271,s,185,188.0,False,2026.25,2027.0
9950,1685,1754,s,185,188.0,False,2026.25,2027.0
9951,1688,1535,s,185,186.0,False,2026.25,2026.5
9952,1729,1020,s,185,191.0,False,2026.25,2027.75
9953,337,406,s,185,190.0,False,2026.25,2027.5
9954,482,268,s,185,188.0,False,2026.25,2027.0
9955,482,1188,s,185,186.0,False,2026.25,2026.5
9956,847,90,s,185,188.0,False,2026.25,2027.0
9957,936,1699,s,185,186.0,False,2026.25,2026.5
9958,1189,1602,s,185,187.0,False,2026.25,2026.75
9959,1222,1574,s,185,187.0,False,2026.25,2026.75
9960,1260,1577,s,185,197.0,False,2026.25,2029.25
9961,1272,1574,s,185,186.0,False,2026.25,2026.5
9962,1317,1725,s,185,188.0,False,2026.25,2027.0
9963,1317,1766,s,185,187.0,False,2026.25,2026.75
9964,1431,2000,s,185,187.0,False,2026.25,2026.75
9965,1455,1725,s,185,189.0,False,2026.25,2027.25
9966,1479,1361,s,185,188.0,False,2026.25,2027.0
9967,1533,1271,s,185,186.0,False,2026.25,2026.5
9968,1555,1331,s,185,187.0,False,2026.25,2026.75
9969,1675,1574,s,185,186.0,False,2026.25,2026.5
9970,2049,2021,s,185,192.0,False,2026.25,2028.0
9971,30,653,l,185,200.0,True,2026.25,2030.0
9972,1222,2000,l,185,215.0,True,2026.25,2033.75
9973,1317,1574,l,185,,True,2026.25,
9974,1575,1720,l,185,,True,2026.25,
9975,1685,1473,l,185,186.0,True,2026.25,2026.5
9976,351,1577,l,185,214.0,True,2026.25,2033.5
9977,940,1297,l,185,,True,2026.25,
9978,1155,1725,l,185,,True,2026.25,
9979,1291,1331,l,185,200.0,True,2026.25,2030.0
9980,1317,1625,l,185,,True,2026.25,
9981,1551,1568,l,185,,True,2026.25,
9982,1729,1209,l,185,199.0,True,2026.25,2029.75
9983,92,224,l,185,200.0,True,2026.25,2030.0
9984,1260,1321,l,185,,True,2026.25,
9985,172,259,s,186,188.0,False,2026.5,2027.0
9986,172,302,s,186,189.0,False,2026.5,2027.25
9987,230,1021,s,186,186.0,False,2026.5,2026.5
9988,936,942,s,186,186.0,False,2026.5,2026.5
9989,944,762,s,186,189.0,False,2026.5,2027.25
9990,1155,1271,s,186,187.0,False,2026.5,2026.75
9991,1198,1238,s,186,190.0,False,2026.5,2027.5
9992,1248,1331,s,186,190.0,False,2026.5,2027.5
9993,1263,1238,s,186,186.0,False,2026.5,2026.5
9994,1365,1321,s,186,192.0,False,2026.5,2028.0
9995,1551,1559,s,186,191.0,False,2026.5,2027.75
9996,1575,1471,s,186,187.0,False,2026.5,2026.75
9997,1575,1590,s,186,194.0,False,2026.5,2028.5
9998,1636,2000,s,186,193.0,False,2026.5,2028.25
9999,1675,1473,s,186,193.0,False,2026.5,2028.25
10000,1682,1203,s,186,189.0,False,2026.5,2027.25
10001,1685,1501,s,186,196.0,False,2026.5,2029.0
10002,1961,2021,s,186,192.0,False,2026.5,2028.0
10003,30,336,s,186,190.0,False,2026.5,2027.5
10004,30,340,s,186,189.0,False,2026.5,2027.25
10005,92,302,s,186,188.0,False,2026.5,2027.0
10006,337,2021,s,186,196.0,False,2026.5,2029.0
10007,351,59,s,186,189.0,False,2026.5,2027.25
10008,960,942,s,186,187.0,False,2026.5,2026.75
10009,1088,90,s,186,190.0,False,2026.5,2027.5
10010,1157,942,s,186,205.0,False,2026.5,2031.25
10011,1157,1370,s,186,190.0,False,2026.5,2027.5
10012,1157,1766,s,186,190.0,False,2026.5,2027.5
10013,1184,2000,s,186,198.0,False,2026.5,2029.5
10014,1198,1271,s,186,186.0,False,2026.5,2026.5
10015,1222,1203,s,186,189.0,False,2026.5,2027.25
10016,1314,1319,s,186,192.0,False,2026.5,2028.0
10017,1317,1297,s,186,196.0,False,2026.5,2029.0
10018,1431,1568,s,186,196.0,False,2026.5,2029.0
10019,1479,1279,s,186,187.0,False,2026.5,2026.75
10020,1523,1319,s,186,188.0,False,2026.5,2027.0
10021,1555,2000,s,186,192.0,False,2026.5,2028.0
10022,1575,1240,s,186,188.0,False,2026.5,2027.0
10023,1575,1559,s,186,187.0,False,2026.5,2026.75
10024,1575,1568,s,186,188.0,False,2026.5,2027.0
10025,1655,1577,s,186,190.0,False,2026.5,2027.5
10026,1675,1725,s,186,188.0,False,2026.5,2027.0
10027,1682,1238,s,186,189.0,False,2026.5,2027.25
10028,1685,1568,s,186,192.0,False,2026.5,2028.0
10029,1685,1574,s,186,192.0,False,2026.5,2028.0
10030,1685,2000,s,186,199.0,False,2026.5,2029.75
10031,1729,1370,s,186,196.0,False,2026.5,2029.0
10032,1729,1725,s,186,191.0,False,2026.5,2027.75
10033,1837,689,s,186,192.0,False,2026.5,2028.0
10034,172,340,s,186,196.0,False,2026.5,2029.0
10035,337,1030,s,186,187.0,False,2026.5,2026.75
10036,351,1331,s,186,188.0,False,2026.5,2027.0
10037,482,59,s,186,195.0,False,2026.5,2028.75
10038,561,1203,s,186,189.0,False,2026.5,2027.25
10039,630,1188,s,186,199.0,False,2026.5,2029.75
10040,936,1020,s,186,188.0,False,2026.5,2027.0
10041,944,1032,s,186,201.0,False,2026.5,2030.25
10042,1184,1725,s,186,191.0,False,2026.5,2027.75
10043,1263,1203,s,186,192.0,False,2026.5,2028.0
10044,1265,1331,s,186,187.0,False,2026.5,2026.75
10045,1314,1725,s,186,189.0,False,2026.5,2027.25
10046,1356,1370,s,186,191.0,False,2026.5,2027.75
10047,1511,2000,s,186,195.0,False,2026.5,2028.75
10048,1675,1602,s,186,188.0,False,2026.5,2027.0
10049,1682,1574,s,186,187.0,False,2026.5,2026.75
10050,87,1501,l,186,225.0,True,2026.5,2036.25
10051,754,59,l,186,,True,2026.5,
10052,1631,1720,l,186,,True,2026.5,
10053,351,268,l,186,212.0,True,2026.5,2033.0
10054,1555,1574,l,186,,True,2026.5,
10055,172,1020,s,187,191.0,False,2026.75,2027.75
10056,172,1851,s,187,187.0,False,2026.75,2026.75
10057,330,59,s,187,189.0,False,2026.75,2027.25
10058,330,942,s,187,192.0,False,2026.75,2028.0
10059,337,340,s,187,192.0,False,2026.75,2028.0
10060,351,1355,s,187,188.0,False,2026.75,2027.0
10061,561,1238,s,187,188.0,False,2026.75,2027.0
10062,561,1361,s,187,202.0,False,2026.75,2030.5
10063,848,679,s,187,191.0,False,2026.75,2027.75
10064,913,1331,s,187,193.0,False,2026.75,2028.25
10065,936,775,s,187,189.0,False,2026.75,2027.25
10066,1189,1501,s,187,190.0,False,2026.75,2027.5
10067,1222,1625,s,187,190.0,False,2026.75,2027.5
10068,1248,1577,s,187,199.0,False,2026.75,2029.75
10069,1260,1853,s,187,188.0,False,2026.75,2027.0
10070,1275,1281,s,187,197.0,False,2026.75,2029.25
10071,1291,1271,s,187,191.0,False,2026.75,2027.75
10072,1291,1915,s,187,191.0,False,2026.75,2027.75
10073,1314,1508,s,187,188.0,False,2026.75,2027.0
10074,1356,1238,s,187,188.0,False,2026.75,2027.0
10075,1551,1415,s,187,189.0,False,2026.75,2027.25
10076,1575,1721,s,187,187.0,False,2026.75,2026.75
10077,1636,1535,s,187,187.0,False,2026.75,2026.75
10078,1636,1720,s,187,197.0,False,2026.75,2029.25
10079,1682,1473,s,187,189.0,False,2026.75,2027.25
10080,1729,1281,s,187,188.0,False,2026.75,2027.0
10081,2063,1501,s,187,188.0,False,2026.75,2027.0
10082,274,224,s,187,190.0,False,2026.75,2027.5
10083,330,689,s,187,188.0,False,2026.75,2027.0
10084,351,1501,s,187,203.0,False,2026.75,2030.75
10085,351,1535,s,187,189.0,False,2026.75,2027.25
10086,497,90,s,187,190.0,False,2026.75,2027.5
10087,561,689,s,187,195.0,False,2026.75,2028.75
10088,916,2021,s,187,190.0,False,2026.75,2027.5
10089,936,942,s,187,204.0,False,2026.75,2031.0
10090,940,1238,s,187,191.0,False,2026.75,2027.75
10091,1155,1851,s,187,189.0,False,2026.75,2027.25
10092,1157,689,s,187,191.0,False,2026.75,2027.75
10093,1260,942,s,187,198.0,False,2026.75,2029.5
10094,1260,1574,s,187,210.0,False,2026.75,2032.5
10095,1291,2000,s,187,192.0,False,2026.75,2028.0
10096,1314,1271,s,187,190.0,False,2026.75,2027.5
10097,1314,1392,s,187,189.0,False,2026.75,2027.25
10098,1317,1852,s,187,193.0,False,2026.75,2028.25
10099,1575,1331,s,187,188.0,False,2026.75,2027.0
10100,1685,1625,s,187,187.0,False,2026.75,2026.75
10101,1813,1568,s,187,190.0,False,2026.75,2027.5
10102,1837,793,s,187,191.0,False,2026.75,2027.75
10103,936,302,s,187,188.0,False,2026.75,2027.0
10104,940,942,s,187,189.0,False,2026.75,2027.25
10105,1184,1361,s,187,190.0,False,2026.75,2027.5
10106,1189,1577,s,187,190.0,False,2026.75,2027.5
10107,1244,2000,s,187,190.0,False,2026.75,2027.5
10108,1260,1203,s,187,192.0,False,2026.75,2028.0
10109,1265,1535,s,187,194.0,False,2026.75,2028.5
10110,1291,1577,s,187,190.0,False,2026.75,2027.5
10111,1455,1852,s,187,194.0,False,2026.75,2028.5
10112,1479,1761,s,187,189.0,False,2026.75,2027.25
10113,1575,1535,s,187,189.0,False,2026.75,2027.25
10114,1575,1915,s,187,213.0,False,2026.75,2033.25
10115,1585,1721,s,187,191.0,False,2026.75,2027.75
10116,1688,1535,s,187,191.0,False,2026.75,2027.75
10117,1837,1699,s,187,199.0,False,2026.75,2029.75
10118,1314,1853,l,187,,True,2026.75,
10119,1396,1568,l,187,192.0,True,2026.75,2028.0
10120,754,653,l,187,232.0,True,2026.75,2038.0
10121,960,1020,l,187,216.0,True,2026.75,2034.0
10122,1575,1577,l,187,,True,2026.75,
10123,1157,1473,l,187,,True,2026.75,
10124,1675,1559,l,187,,True,2026.75,
10125,1675,1720,l,187,,True,2026.75,
10126,96,762,s,188,191.0,False,2027.0,2027.75
10127,351,1281,s,188,208.0,False,2027.0,2032.0
10128,525,956,s,188,189.0,False,2027.0,2027.25
10129,630,1209,s,188,201.0,False,2027.0,2030.25
10130,630,1271,s,188,189.0,False,2027.0,2027.25
10131,630,1508,s,188,189.0,False,2027.0,2027.25
10132,936,417,s,188,194.0,False,2027.0,2028.5
10133,1189,1331,s,188,191.0,False,2027.0,2027.75
10134,1198,1577,s,188,200.0,False,2027.0,2030.0
10135,1263,1535,s,188,192.0,False,2027.0,2028.0
10136,1291,1508,s,188,188.0,False,2027.0,2027.0
10137,1317,1319,s,188,202.0,False,2027.0,2030.5
10138,1455,1577,s,188,192.0,False,2027.0,2028.0
10139,1533,1331,s,188,189.0,False,2027.0,2027.25
10140,1555,1852,s,188,190.0,False,2027.0,2027.5
10141,1575,1319,s,188,188.0,False,2027.0,2027.0
10142,1636,1501,s,188,192.0,False,2027.0,2028.0
10143,2084,1238,s,188,190.0,False,2027.0,2027.5
10144,2084,1501,s,188,202.0,False,2027.0,2030.5
10145,2084,1577,s,188,233.0,False,2027.0,2038.25
10146,2084,1590,s,188,188.0,False,2027.0,2027.0
10147,394,1577,s,188,190.0,False,2027.0,2027.5
10148,630,614,s,188,198.0,False,2027.0,2029.5
10149,848,956,s,188,206.0,False,2027.0,2031.5
10150,940,1699,s,188,189.0,False,2027.0,2027.25
10151,1157,1014,s,188,195.0,False,2027.0,2028.75
10152,1157,1392,s,188,203.0,False,2027.0,2030.75
10153,1184,1602,s,188,193.0,False,2027.0,2028.25
10154,1189,1238,s,188,191.0,False,2027.0,2027.75
10155,1239,1188,s,188,192.0,False,2027.0,2028.0
10156,1248,1499,s,188,191.0,False,2027.0,2027.75
10157,1356,1577,s,188,191.0,False,2027.0,2027.75
10158,1431,1577,s,188,195.0,False,2027.0,2028.75
10159,1455,1590,s,188,191.0,False,2027.0,2027.75
10160,1479,1556,s,188,194.0,False,2027.0,2028.5
10161,1675,1574,s,188,190.0,False,2027.0,2027.5
10162,2084,1720,s,188,193.0,False,2027.0,2028.25
10163,172,268,s,188,189.0,False,2027.0,2027.25
10164,274,942,s,188,200.0,False,2027.0,2030.0
10165,913,942,s,188,196.0,False,2027.0,2029.0
10166,1184,1238,s,188,196.0,False,2027.0,2029.0
10167,1248,1238,s,188,190.0,False,2027.0,2027.5
10168,1260,1415,s,188,189.0,False,2027.0,2027.25
10169,1263,1852,s,188,195.0,False,2027.0,2028.75
10170,1523,1331,s,188,189.0,False,2027.0,2027.25
10171,1533,1203,s,188,191.0,False,2027.0,2027.75
10172,1705,2000,s,188,192.0,False,2027.0,2028.0
10173,2084,1559,s,188,189.0,False,2027.0,2027.25
10174,2084,1568,s,188,195.0,False,2027.0,2028.75
10175,2084,1574,s,188,194.0,False,2027.0,2028.5
10176,2084,1725,s,188,201.0,False,2027.0,2030.25
10177,1263,1238,l,188,219.0,True,2027.0,2034.75
10178,1575,1754,l,188,197.0,True,2027.0,2029.25
10179,2084,1674,l,188,,True,2027.0,
10180,2084,2000,l,188,234.0,True,2027.0,2038.5
10181,351,1297,l,188,229.0,True,2027.0,2037.25
10182,1198,1568,l,188,233.0,True,2027.0,2038.25
10183,1314,1370,l,188,191.0,True,2027.0,2027.75
10184,1455,2000,l,188,209.0,True,2027.0,2032.25
10185,1585,1602,l,188,,True,2027.0,
10186,630,942,l,188,,True,2027.0,
10187,1575,1568,l,188,191.0,True,2027.0,2027.75
10188,92,942,s,189,191.0,False,2027.25,2027.75
10189,172,243,s,189,190.0,False,2027.25,2027.5
10190,754,259,s,189,191.0,False,2027.25,2027.75
10191,913,689,s,189,194.0,False,2027.25,2028.5
10192,966,2021,s,189,192.0,False,2027.25,2028.0
10193,1155,1536,s,189,193.0,False,2027.25,2028.25
10194,1198,1625,s,189,190.0,False,2027.25,2027.5
10195,1232,1699,s,189,190.0,False,2027.25,2027.5
10196,1260,268,s,189,198.0,False,2027.25,2029.5
10197,1260,1625,s,189,193.0,False,2027.25,2028.25
10198,1356,1238,s,189,191.0,False,2027.25,2027.75
10199,1369,1319,s,189,189.0,False,2027.25,2027.25
10200,1479,1319,s,189,190.0,False,2027.25,2027.5
10201,1479,1536,s,189,195.0,False,2027.25,2028.75
10202,1487,1473,s,189,193.0,False,2027.25,2028.25
10203,1533,1238,s,189,190.0,False,2027.25,2027.5
10204,1575,1238,s,189,190.0,False,2027.25,2027.5
10205,1636,1602,s,189,192.0,False,2027.25,2028.0
10206,1655,2000,s,189,190.0,False,2027.25,2027.5
10207,1682,1355,s,189,191.0,False,2027.25,2027.75
10208,1729,268,s,189,191.0,False,2027.25,2027.75
10209,1729,1319,s,189,190.0,False,2027.25,2027.5
10210,2084,1602,s,189,190.0,False,2027.25,2027.5
10211,30,775,s,189,201.0,False,2027.25,2030.25
10212,705,1297,s,189,198.0,False,2027.25,2029.5
10213,1155,1297,s,189,204.0,False,2027.25,2031.0
10214,1157,1319,s,189,194.0,False,2027.25,2028.5
10215,1260,1319,s,189,198.0,False,2027.25,2029.5
10216,1260,1559,s,189,191.0,False,2027.25,2027.75
10217,1263,2000,s,189,191.0,False,2027.25,2027.75
10218,1555,1568,s,189,192.0,False,2027.25,2028.0
10219,1631,1574,s,189,198.0,False,2027.25,2029.5
10220,1688,1725,s,189,192.0,False,2027.25,2028.0
10221,1837,1209,s,189,193.0,False,2027.25,2028.25
10222,1857,1577,s,189,196.0,False,2027.25,2029.0
10223,2084,1634,s,189,190.0,False,2027.25,2027.5
10224,92,1699,s,189,190.0,False,2027.25,2027.5
10225,172,1321,s,189,193.0,False,2027.25,2028.25
10226,172,1473,s,189,200.0,False,2027.25,2030.0
10227,940,360,s,189,190.0,False,2027.25,2027.5
10228,1155,1238,s,189,191.0,False,2027.25,2027.75
10229,1157,1559,s,189,190.0,False,2027.25,2027.5
10230,1198,1852,s,189,195.0,False,2027.25,2028.75
10231,1263,1568,s,189,190.0,False,2027.25,2027.5
10232,1317,1559,s,189,196.0,False,2027.25,2029.0
10233,1434,1577,s,189,202.0,False,2027.25,2030.5
10234,1551,1725,s,189,190.0,False,2027.25,2027.5
10235,1575,1240,s,189,192.0,False,2027.25,2028.0
10236,1575,1370,s,189,190.0,False,2027.25,2027.5
10237,1631,1852,s,189,197.0,False,2027.25,2029.25
10238,1675,1602,s,189,198.0,False,2027.25,2029.5
10239,1682,417,s,189,193.0,False,2027.25,2028.25
10240,1729,1281,s,189,194.0,False,2027.25,2028.5
10241,1837,1238,s,189,190.0,False,2027.25,2027.5
10242,1837,1852,s,189,199.0,False,2027.25,2029.75
10243,2084,1370,s,189,192.0,False,2027.25,2028.0
10244,2084,1392,s,189,197.0,False,2027.25,2029.25
10245,1575,1574,l,189,,True,2027.25,
10246,1685,1625,l,189,209.0,True,2027.25,2032.25
10247,1729,406,l,189,204.0,True,2027.25,2031.0
10248,330,1188,l,189,,True,2027.25,
10249,630,1238,l,189,,True,2027.25,
10250,1523,2000,l,189,,True,2027.25,
10251,1555,1238,l,189,210.0,True,2027.25,2032.5
10252,1155,1187,l,189,199.0,True,2027.25,2029.75
10253,172,302,s,190,193.0,False,2027.5,2028.25
10254,848,2021,s,190,200.0,False,2027.5,2030.0
10255,1099,2021,s,190,192.0,False,2027.5,2028.0
10256,1157,1240,s,190,191.0,False,2027.5,2027.75
10257,1157,1281,s,190,197.0,False,2027.5,2029.25
10258,1263,1331,s,190,211.0,False,2027.5,2032.75
10259,1263,1625,s,190,192.0,False,2027.5,2028.0
10260,1314,1590,s,190,191.0,False,2027.5,2027.75
10261,1479,1720,s,190,194.0,False,2027.5,2028.5
10262,1551,1574,s,190,190.0,False,2027.5,2027.5
10263,1555,1571,s,190,198.0,False,2027.5,2029.5
10264,1636,1851,s,190,192.0,False,2027.5,2028.0
10265,1685,1720,s,190,208.0,False,2027.5,2032.0
10266,1729,1264,s,190,196.0,False,2027.5,2029.0
10267,1837,1321,s,190,194.0,False,2027.5,2028.5
10268,2084,1625,s,190,195.0,False,2027.5,2028.75
10269,2084,1852,s,190,195.0,False,2027.5,2028.75
10270,87,2021,s,190,191.0,False,2027.5,2027.75
10271,262,1559,s,190,191.0,False,2027.5,2027.75
10272,351,1312,s,190,218.0,False,2027.5,2034.5
10273,848,406,s,190,193.0,False,2027.5,2028.25
10274,916,1020,s,190,191.0,False,2027.5,2027.75
10275,936,268,s,190,194.0,False,2027.5,2028.5
10276,1155,1392,s,190,191.0,False,2027.5,2027.75
10277,1157,1271,s,190,198.0,False,2027.5,2029.5
10278,1244,1577,s,190,195.0,False,2027.5,2028.75
10279,1260,1209,s,190,192.0,False,2027.5,2028.0
10280,1260,1392,s,190,191.0,False,2027.5,2027.75
10281,1260,1535,s,190,204.0,False,2027.5,2031.0
10282,1479,1725,s,190,193.0,False,2027.5,2028.25
10283,1636,1392,s,190,194.0,False,2027.5,2028.5
10284,1682,1240,s,190,191.0,False,2027.5,2027.75
10285,1705,1188,s,190,193.0,False,2027.5,2028.25
10286,1729,1203,s,190,193.0,False,2027.5,2028.25
10287,2084,1763,s,190,216.0,False,2027.5,2034.0
10288,172,775,s,190,193.0,False,2027.5,2028.25
10289,561,1203,s,190,193.0,False,2027.5,2028.25
10290,630,1240,s,190,197.0,False,2027.5,2029.25
10291,630,1852,s,190,198.0,False,2027.5,2029.5
10292,759,689,s,190,206.0,False,2027.5,2031.5
10293,916,1030,s,190,204.0,False,2027.5,2031.0
10294,936,302,s,190,191.0,False,2027.5,2027.75
10295,936,1188,s,190,192.0,False,2027.5,2028.0
10296,940,1853,s,190,201.0,False,2027.5,2030.25
10297,1248,942,s,190,191.0,False,2027.5,2027.75
10298,1248,1725,s,190,193.0,False,2027.5,2028.25
10299,1263,1574,s,190,191.0,False,2027.5,2027.75
10300,1369,1188,s,190,192.0,False,2027.5,2028.0
10301,1479,1264,s,190,192.0,False,2027.5,2028.0
10302,1523,1535,s,190,191.0,False,2027.5,2027.75
10303,1533,1473,s,190,194.0,False,2027.5,2028.5
10304,1585,1590,s,190,194.0,False,2027.5,2028.5
10305,1636,1361,s,190,195.0,False,2027.5,2028.75
10306,1675,1568,s,190,193.0,False,2027.5,2028.25
10307,1729,1014,s,190,199.0,False,2027.5,2029.75
10308,2084,1590,s,190,191.0,False,2027.5,2027.75
10309,1434,1392,l,190,208.0,True,2027.5,2032.0
10310,1533,1577,l,190,,True,2027.5,
10311,1682,1203,l,190,228.0,True,2027.5,2037.0
10312,172,1238,l,190,211.0,True,2027.5,2032.75
10313,936,689,l,190,223.0,True,2027.5,2035.75
10314,1155,268,l,190,,True,2027.5,
10315,1575,2000,l,190,235.0,True,2027.5,2038.75
10316,1189,1852,l,190,,True,2027.5,
10317,1684,1721,l,190,203.0,True,2027.5,2030.75
10318,521,1188,s,191,200.0,False,2027.75,2030.0
10319,754,689,s,191,195.0,False,2027.75,2028.75
10320,1099,391,s,191,192.0,False,2027.75,2028.0
10321,1155,942,s,191,194.0,False,2027.75,2028.5
10322,1314,1392,s,191,193.0,False,2027.75,2028.25
10323,1356,1331,s,191,193.0,False,2027.75,2028.25
10324,1455,1319,s,191,192.0,False,2027.75,2028.0
10325,1479,1501,s,191,199.0,False,2027.75,2029.75
10326,1533,1559,s,191,191.0,False,2027.75,2027.75
10327,1551,1602,s,191,192.0,False,2027.75,2028.0
10328,1575,1721,s,191,193.0,False,2027.75,2028.25
10329,1575,1725,s,191,198.0,False,2027.75,2029.5
10330,1575,1763,s,191,199.0,False,2027.75,2029.75
10331,1631,2000,s,191,193.0,False,2027.75,2028.25
10332,1902,1577,s,191,192.0,False,2027.75,2028.0
10333,2084,1535,s,191,193.0,False,2027.75,2028.25
10334,2084,1721,s,191,206.0,False,2027.75,2031.5
10335,172,268,s,191,192.0,False,2027.75,2028.0
10336,351,224,s,191,192.0,False,2027.75,2028.0
10337,351,1766,s,191,195.0,False,2027.75,2028.75
10338,561,1281,s,191,195.0,False,2027.75,2028.75
10339,630,1271,s,191,201.0,False,2027.75,2030.25
10340,705,1152,s,191,191.0,False,2027.75,2027.75
10341,936,336,s,191,193.0,False,2027.75,2028.25
10342,940,708,s,191,192.0,False,2027.75,2028.0
10343,940,942,s,191,202.0,False,2027.75,2030.5
10344,1157,1853,s,191,192.0,False,2027.75,2028.0
10345,1248,268,s,191,195.0,False,2027.75,2028.75
10346,1291,1571,s,191,195.0,False,2027.75,2028.75
10347,1314,1473,s,191,193.0,False,2027.75,2028.25
10348,1317,1271,s,191,193.0,False,2027.75,2028.25
10349,1356,1535,s,191,197.0,False,2027.75,2029.25
10350,1487,1203,s,191,195.0,False,2027.75,2028.75
10351,1555,1240,s,191,198.0,False,2027.75,2029.5
10352,1555,1536,s,191,197.0,False,2027.75,2029.25
10353,1682,1331,s,191,195.0,False,2027.75,2028.75
10354,1682,1473,s,191,194.0,False,2027.75,2028.5
10355,1729,524,s,191,191.0,False,2027.75,2027.75
10356,1729,1852,s,191,197.0,False,2027.75,2029.25
10357,1837,942,s,191,200.0,False,2027.75,2030.0
10358,1837,1188,s,191,192.0,False,2027.75,2028.0
10359,2084,1536,s,191,195.0,False,2027.75,2028.75
10360,2084,1761,s,191,194.0,False,2027.75,2028.5
10361,482,1331,s,191,194.0,False,2027.75,2028.5
10362,521,259,s,191,192.0,False,2027.75,2028.0
10363,754,1188,s,191,198.0,False,2027.75,2029.5
10364,848,876,s,191,192.0,False,2027.75,2028.0
10365,1155,649,s,191,194.0,False,2027.75,2028.5
10366,1155,1264,s,191,199.0,False,2027.75,2029.75
10367,1155,1559,s,191,194.0,False,2027.75,2028.5
10368,1157,1331,s,191,195.0,False,2027.75,2028.75
10369,1189,1501,s,191,195.0,False,2027.75,2028.75
10370,1198,1370,s,191,194.0,False,2027.75,2028.5
10371,1248,1852,s,191,192.0,False,2027.75,2028.0
10372,1260,1238,s,191,199.0,False,2027.75,2029.75
10373,1314,1370,s,191,198.0,False,2027.75,2029.5
10374,1434,2000,s,191,201.0,False,2027.75,2030.25
10375,1523,1473,s,191,195.0,False,2027.75,2028.75
10376,1636,1568,s,191,197.0,False,2027.75,2029.25
10377,1675,1501,s,191,200.0,False,2027.75,2030.0
10378,1675,1574,s,191,193.0,False,2027.75,2028.25
10379,1675,1590,s,191,192.0,False,2027.75,2028.0
10380,1675,1754,s,191,196.0,False,2027.75,2029.0
10381,1682,1238,s,191,204.0,False,2027.75,2031.0
10382,1837,457,s,191,201.0,False,2027.75,2030.25
10383,1837,1020,s,191,192.0,False,2027.75,2028.0
10384,848,340,l,191,227.0,True,2027.75,2036.75
10385,1260,1188,l,191,206.0,True,2027.75,2031.5
10386,1260,1370,l,191,,True,2027.75,
10387,1682,2000,l,191,,True,2027.75,
10388,2063,1725,l,191,,True,2027.75,
10389,1189,1203,l,191,,True,2027.75,
10390,1369,1568,l,191,197.0,True,2027.75,2029.25
10391,1675,1535,l,191,196.0,True,2027.75,2029.0
10392,172,90,s,192,197.0,False,2028.0,2029.25
10393,172,1032,s,192,203.0,False,2028.0,2030.75
10394,330,1203,s,192,193.0,False,2028.0,2028.25
10395,351,1508,s,192,194.0,False,2028.0,2028.5
10396,1239,1577,s,192,194.0,False,2028.0,2028.5
10397,1263,1501,s,192,202.0,False,2028.0,2030.5
10398,1263,1568,s,192,194.0,False,2028.0,2028.5
10399,1291,1319,s,192,193.0,False,2028.0,2028.25
10400,1314,1501,s,192,199.0,False,2028.0,2029.75
10401,1317,1240,s,192,193.0,False,2028.0,2028.25
10402,1317,2000,s,192,203.0,False,2028.0,2030.75
10403,1356,2000,s,192,196.0,False,2028.0,2029.0
10404,1434,1319,s,192,204.0,False,2028.0,2031.0
10405,1533,1602,s,192,204.0,False,2028.0,2031.0
10406,1551,1319,s,192,195.0,False,2028.0,2028.75
10407,1555,1331,s,192,196.0,False,2028.0,2029.0
10408,1585,1725,s,192,198.0,False,2028.0,2029.5
10409,1611,1577,s,192,197.0,False,2028.0,2029.25
10410,1682,1501,s,192,194.0,False,2028.0,2028.5
10411,1682,1602,s,192,192.0,False,2028.0,2028.0
10412,1729,1392,s,192,195.0,False,2028.0,2028.75
10413,1837,1297,s,192,194.0,False,2028.0,2028.5
10414,2084,1508,s,192,196.0,False,2028.0,2029.0
10415,262,1577,s,192,194.0,False,2028.0,2028.5
10416,630,1577,s,192,196.0,False,2028.0,2029.0
10417,705,1508,s,192,201.0,False,2028.0,2030.25
10418,909,689,s,192,192.0,False,2028.0,2028.0
10419,936,1203,s,192,195.0,False,2028.0,2028.75
10420,1189,1508,s,192,193.0,False,2028.0,2028.25
10421,1244,1852,s,192,195.0,False,2028.0,2028.75
10422,1317,1590,s,192,193.0,False,2028.0,2028.25
10423,1431,2000,s,192,193.0,False,2028.0,2028.25
10424,1575,1238,s,192,192.0,False,2028.0,2028.0
10425,1575,1602,s,192,193.0,False,2028.0,2028.25
10426,1636,1319,s,192,194.0,False,2028.0,2028.5
10427,1636,1754,s,192,193.0,False,2028.0,2028.25
10428,1675,1370,s,192,193.0,False,2028.0,2028.25
10429,1682,1574,s,192,200.0,False,2028.0,2030.0
10430,1837,1203,s,192,194.0,False,2028.0,2028.5
10431,30,224,s,192,195.0,False,2028.0,2028.75
10432,561,360,s,192,194.0,False,2028.0,2028.5
10433,1157,1370,s,192,193.0,False,2028.0,2028.25
10434,1157,1852,s,192,193.0,False,2028.0,2028.25
10435,1198,1188,s,192,194.0,False,2028.0,2028.5
10436,1248,1331,s,192,196.0,False,2028.0,2029.0
10437,1263,1321,s,192,193.0,False,2028.0,2028.25
10438,1291,1188,s,192,193.0,False,2028.0,2028.25
10439,1376,1852,s,192,196.0,False,2028.0,2029.0
10440,1396,1602,s,192,194.0,False,2028.0,2028.5
10441,1396,2000,s,192,194.0,False,2028.0,2028.5
10442,1533,1571,s,192,193.0,False,2028.0,2028.25
10443,1533,2000,s,192,193.0,False,2028.0,2028.25
10444,1631,1725,s,192,202.0,False,2028.0,2030.5
10445,1636,1571,s,192,195.0,False,2028.0,2028.75
10446,1837,1238,s,192,197.0,False,2028.0,2029.25
10447,2084,1238,s,192,204.0,False,2028.0,2031.0
10448,2084,1473,s,192,199.0,False,2028.0,2029.75
10449,936,800,l,192,232.0,True,2028.0,2038.0
10450,1479,1625,l,192,238.0,True,2028.0,2039.5
10451,1688,1535,l,192,,True,2028.0,
10452,351,1188,l,192,,True,2028.0,
10453,1244,1203,l,192,216.0,True,2028.0,2034.0
10454,1575,1240,l,192,236.0,True,2028.0,2039.0
10455,1837,1020,l,192,200.0,True,2028.0,2030.0
10456,30,1321,s,193,197.0,False,2028.25,2029.25
10457,92,942,s,193,194.0,False,2028.25,2028.5
10458,92,1508,s,193,198.0,False,2028.25,2029.5
10459,337,1020,s,193,196.0,False,2028.25,2029.0
10460,351,1331,s,193,195.0,False,2028.25,2028.75
10461,561,302,s,193,195.0,False,2028.25,2028.75
10462,940,793,s,193,195.0,False,2028.25,2028.75
10463,1155,1851,s,193,197.0,False,2028.25,2029.25
10464,1157,1508,s,193,195.0,False,2028.25,2028.75
10465,1198,268,s,193,208.0,False,2028.25,2032.0
10466,1198,1319,s,193,195.0,False,2028.25,2028.75
10467,1248,1574,s,193,196.0,False,2028.25,2029.0
10468,1248,1852,s,193,193.0,False,2028.25,2028.25
10469,1260,1203,s,193,194.0,False,2028.25,2028.5
10470,1260,1571,s,193,194.0,False,2028.25,2028.5
10471,1294,942,s,193,193.0,False,2028.25,2028.25
10472,1356,1852,s,193,201.0,False,2028.25,2030.25
10473,1575,1361,s,193,213.0,False,2028.25,2033.25
10474,1575,1535,s,193,195.0,False,2028.25,2028.75
10475,1585,2000,s,193,196.0,False,2028.25,2029.0
10476,1729,1297,s,193,193.0,False,2028.25,2028.25
10477,2084,1370,s,193,203.0,False,2028.25,2030.75
10478,2084,1571,s,193,205.0,False,2028.25,2031.25
10479,172,2021,s,193,208.0,False,2028.25,2032.0
10480,351,1014,s,193,205.0,False,2028.25,2031.25
10481,394,942,s,193,194.0,False,2028.25,2028.5
10482,521,340,s,193,195.0,False,2028.25,2028.75
10483,630,1020,s,193,198.0,False,2028.25,2029.5
10484,913,800,s,193,195.0,False,2028.25,2028.75
10485,913,1281,s,193,199.0,False,2028.25,2029.75
10486,940,24,s,193,196.0,False,2028.25,2029.0
10487,1155,1501,s,193,204.0,False,2028.25,2031.0
10488,1155,1508,s,193,194.0,False,2028.25,2028.5
10489,1222,1678,s,193,193.0,False,2028.25,2028.25
10490,1291,1853,s,193,198.0,False,2028.25,2029.5
10491,1314,1203,s,193,206.0,False,2028.25,2031.5
10492,1555,2000,s,193,196.0,False,2028.25,2029.0
10493,1682,1571,s,193,199.0,False,2028.25,2029.75
10494,1837,340,s,193,194.0,False,2028.25,2028.5
10495,394,1852,s,193,205.0,False,2028.25,2031.25
10496,916,224,s,193,202.0,False,2028.25,2030.5
10497,1155,710,s,193,194.0,False,2028.25,2028.5
10498,1155,1238,s,193,203.0,False,2028.25,2030.75
10499,1155,1271,s,193,197.0,False,2028.25,2029.25
10500,1263,1297,s,193,199.0,False,2028.25,2029.75
10501,1291,1501,s,193,214.0,False,2028.25,2033.5
10502,1317,1392,s,193,195.0,False,2028.25,2028.75
10503,1431,1574,s,193,197.0,False,2028.25,2029.25
10504,1837,268,s,193,197.0,False,2028.25,2029.25
10505,2084,1559,s,193,200.0,False,2028.25,2030.0
10506,2084,1754,s,193,195.0,False,2028.25,2028.75
10507,92,1188,l,193,200.0,True,2028.25,2030.0
10508,1575,1370,l,193,,True,2028.25,
10509,1260,1674,l,193,,True,2028.25,
10510,1365,1188,l,193,,True,2028.25,
10511,1511,1501,l,193,200.0,True,2028.25,2030.0
10512,1317,1577,l,193,,True,2028.25,
10513,30,90,s,194,195.0,False,2028.5,2028.75
10514,172,268,s,194,194.0,False,2028.5,2028.5
10515,351,1209,s,194,196.0,False,2028.5,2029.0
10516,351,1852,s,194,198.0,False,2028.5,2029.5
10517,916,1020,s,194,196.0,False,2028.5,2029.0
10518,936,90,s,194,204.0,False,2028.5,2031.0
10519,940,443,s,194,199.0,False,2028.5,2029.75
10520,1155,1203,s,194,195.0,False,2028.5,2028.75
10521,1157,243,s,194,197.0,False,2028.5,2029.25
10522,1157,1209,s,194,195.0,False,2028.5,2028.75
10523,1184,1577,s,194,199.0,False,2028.5,2029.75
10524,1260,1240,s,194,201.0,False,2028.5,2030.25
10525,1260,1625,s,194,197.0,False,2028.5,2029.25
10526,1263,1240,s,194,212.0,False,2028.5,2033.0
10527,1275,1240,s,194,197.0,False,2028.5,2029.25
10528,1314,1536,s,194,199.0,False,2028.5,2029.75
10529,1314,1574,s,194,198.0,False,2028.5,2029.5
10530,1523,1577,s,194,205.0,False,2028.5,2031.25
10531,1631,2000,s,194,213.0,False,2028.5,2033.25
10532,1675,1577,s,194,194.0,False,2028.5,2028.5
10533,1682,268,s,194,201.0,False,2028.5,2030.25
10534,1729,1331,s,194,197.0,False,2028.5,2029.25
10535,1837,689,s,194,208.0,False,2028.5,2032.0
10536,92,1699,s,194,199.0,False,2028.5,2029.75
10537,561,1203,s,194,204.0,False,2028.5,2031.0
10538,630,1281,s,194,200.0,False,2028.5,2030.0
10539,867,689,s,194,195.0,False,2028.5,2028.75
10540,913,243,s,194,199.0,False,2028.5,2029.75
10541,913,1203,s,194,195.0,False,2028.5,2028.75
10542,913,1209,s,194,195.0,False,2028.5,2028.75
10543,1099,391,s,194,197.0,False,2028.5,2029.25
10544,1155,1577,s,194,194.0,False,2028.5,2028.5
10545,1189,1240,s,194,196.0,False,2028.5,2029.0
10546,1232,1501,s,194,197.0,False,2028.5,2029.25
10547,1314,1473,s,194,195.0,False,2028.5,2028.75
10548,1314,1577,s,194,196.0,False,2028.5,2029.0
10549,1511,1574,s,194,204.0,False,2028.5,2031.0
10550,1533,1568,s,194,196.0,False,2028.5,2029.0
10551,1533,1851,s,194,196.0,False,2028.5,2029.0
10552,1575,1238,s,194,208.0,False,2028.5,2032.0
10553,1682,1209,s,194,205.0,False,2028.5,2031.25
10554,1682,1499,s,194,199.0,False,2028.5,2029.75
10555,1729,1188,s,194,198.0,False,2028.5,2029.5
10556,2084,1240,s,194,194.0,False,2028.5,2028.5
10557,2084,1319,s,194,200.0,False,2028.5,2030.0
10558,274,268,s,194,197.0,False,2028.5,2029.25
10559,337,360,s,194,195.0,False,2028.5,2028.75
10560,913,1030,s,194,196.0,False,2028.5,2029.0
10561,944,679,s,194,205.0,False,2028.5,2031.25
10562,1157,2000,s,194,195.0,False,2028.5,2028.75
10563,1263,2000,s,194,196.0,False,2028.5,2029.0
10564,1291,1319,s,194,195.0,False,2028.5,2028.75
10565,1431,1370,s,194,203.0,False,2028.5,2030.75
10566,1434,1473,s,194,196.0,False,2028.5,2029.0
10567,1636,2000,s,194,198.0,False,2028.5,2029.5
10568,1675,1370,s,194,200.0,False,2028.5,2030.0
10569,1675,1508,s,194,196.0,False,2028.5,2029.0
10570,1685,1536,s,194,203.0,False,2028.5,2030.75
10571,1705,2000,s,194,199.0,False,2028.5,2029.75
10572,1837,1188,s,194,197.0,False,2028.5,2029.25
10573,2063,1577,s,194,197.0,False,2028.5,2029.25
10574,2084,1535,s,194,204.0,False,2028.5,2031.0
10575,909,1188,l,194,214.0,True,2028.5,2033.5
10576,1455,1577,l,194,,True,2028.5,
10577,1684,1720,l,194,232.0,True,2028.5,2038.0
10578,1705,1852,l,194,,True,2028.5,
10579,172,336,l,194,216.0,True,2028.5,2034.0
10580,743,689,l,194,,True,2028.5,
10581,1157,1536,l,194,225.0,True,2028.5,2036.25
10582,1317,1852,l,194,214.0,True,2028.5,2033.5
10583,1575,1721,l,194,238.0,True,2028.5,2039.5
10584,1837,1030,l,194,204.0,True,2028.5,2031.0
10585,172,268,s,195,210.0,False,2028.75,2032.5
10586,561,1852,s,195,199.0,False,2028.75,2029.75
10587,936,785,s,195,196.0,False,2028.75,2029.0
10588,940,243,s,195,197.0,False,2028.75,2029.25
10589,1155,524,s,195,204.0,False,2028.75,2031.0
10590,1157,1216,s,195,229.0,False,2028.75,2037.25
10591,1157,1615,s,195,200.0,False,2028.75,2030.0
10592,1157,1852,s,195,200.0,False,2028.75,2030.0
10593,1184,1473,s,195,198.0,False,2028.75,2029.5
10594,1198,1501,s,195,202.0,False,2028.75,2030.5
10595,1248,1501,s,195,195.0,False,2028.75,2028.75
10596,1263,1203,s,195,198.0,False,2028.75,2029.5
10597,1263,1851,s,195,216.0,False,2028.75,2034.0
10598,1272,1370,s,195,199.0,False,2028.75,2029.75
10599,1291,1568,s,195,195.0,False,2028.75,2028.75
10600,1314,1271,s,195,198.0,False,2028.75,2029.5
10601,1317,1725,s,195,197.0,False,2028.75,2029.25
10602,1369,1577,s,195,200.0,False,2028.75,2030.0
10603,1431,1852,s,195,199.0,False,2028.75,2029.75
10604,1533,1240,s,195,206.0,False,2028.75,2031.5
10605,1675,1747,s,195,195.0,False,2028.75,2028.75
10606,1684,1571,s,195,198.0,False,2028.75,2029.5
10607,1685,1747,s,195,196.0,False,2028.75,2029.0
10608,1737,1574,s,195,198.0,False,2028.75,2029.5
10609,2084,1271,s,195,200.0,False,2028.75,2030.0
10610,2084,1574,s,195,208.0,False,2028.75,2032.0
10611,172,762,s,195,206.0,False,2028.75,2031.5
10612,330,942,s,195,199.0,False,2028.75,2029.75
10613,351,1203,s,195,197.0,False,2028.75,2029.25
10614,916,704,s,195,197.0,False,2028.75,2029.25
10615,940,268,s,195,198.0,False,2028.75,2029.5
10616,1260,1568,s,195,210.0,False,2028.75,2032.5
10617,1291,1238,s,195,195.0,False,2028.75,2028.75
10618,1314,1209,s,195,196.0,False,2028.75,2029.0
10619,1523,1559,s,195,203.0,False,2028.75,2030.75
10620,1533,1297,s,195,197.0,False,2028.75,2029.25
10621,1533,1473,s,195,199.0,False,2028.75,2029.75
10622,1533,1721,s,195,195.0,False,2028.75,2028.75
10623,1575,1559,s,195,200.0,False,2028.75,2030.0
10624,1666,1747,s,195,197.0,False,2028.75,2029.25
10625,1837,90,s,195,206.0,False,2028.75,2031.5
10626,916,2021,s,195,197.0,False,2028.75,2029.25
10627,966,2021,s,195,207.0,False,2028.75,2031.75
10628,1157,1319,s,195,197.0,False,2028.75,2029.25
10629,1157,1370,s,195,201.0,False,2028.75,2030.25
10630,1184,1416,s,195,204.0,False,2028.75,2031.0
10631,1198,1238,s,195,198.0,False,2028.75,2029.5
10632,1263,1574,s,195,199.0,False,2028.75,2029.75
10633,1291,1281,s,195,196.0,False,2028.75,2029.0
10634,1291,1678,s,195,200.0,False,2028.75,2030.0
10635,1356,1678,s,195,196.0,False,2028.75,2029.0
10636,1455,1574,s,195,196.0,False,2028.75,2029.0
10637,1479,1577,s,195,198.0,False,2028.75,2029.5
10638,1479,1852,s,195,197.0,False,2028.75,2029.25
10639,1533,1720,s,195,196.0,False,2028.75,2029.0
10640,1555,1747,s,195,199.0,False,2028.75,2029.75
10641,1573,2000,s,195,196.0,False,2028.75,2029.0
10642,1575,1499,s,195,201.0,False,2028.75,2030.25
10643,1655,1574,s,195,196.0,False,2028.75,2029.0
10644,1682,1501,s,195,199.0,False,2028.75,2029.75
10645,1682,1540,s,195,200.0,False,2028.75,2030.0
10646,630,1473,l,195,204.0,True,2028.75,2031.0
10647,936,406,l,195,224.0,True,2028.75,2036.0
10648,1314,1602,l,195,,True,2028.75,
10649,1088,710,l,195,,True,2028.75,
10650,1291,1319,l,195,196.0,True,2028.75,2029.0
10651,630,1331,l,195,205.0,True,2028.75,2031.25
10652,1155,1486,l,195,,True,2028.75,
10653,1771,1535,l,195,,True,2028.75,
10654,30,224,s,196,198.0,False,2029.0,2029.5
10655,92,689,s,196,200.0,False,2029.0,2030.0
10656,172,1271,s,196,196.0,False,2029.0,2029.0
10657,262,1281,s,196,196.0,False,2029.0,2029.0
10658,274,1028,s,196,200.0,False,2029.0,2030.0
10659,754,406,s,196,196.0,False,2029.0,2029.0
10660,913,1271,s,196,205.0,False,2029.0,2031.25
10661,936,302,s,196,201.0,False,2029.0,2030.25
10662,1155,1852,s,196,196.0,False,2029.0,2029.0
10663,1207,1188,s,196,209.0,False,2029.0,2032.25
10664,1248,1535,s,196,196.0,False,2029.0,2029.0
10665,1272,2000,s,196,199.0,False,2029.0,2029.75
10666,1291,2000,s,196,203.0,False,2029.0,2030.75
10667,1314,2117,s,196,212.0,False,2029.0,2033.0
10668,1479,2117,s,196,208.0,False,2029.0,2032.0
10669,1636,1761,s,196,196.0,False,2029.0,2029.0
10670,1636,2117,s,196,201.0,False,2029.0,2030.25
10671,1675,1473,s,196,201.0,False,2029.0,2030.25
10672,1675,1574,s,196,201.0,False,2029.0,2030.25
10673,1675,1761,s,196,212.0,False,2029.0,2033.0
10674,1729,1574,s,196,197.0,False,2029.0,2029.25
10675,1771,1725,s,196,201.0,False,2029.0,2030.25
10676,92,1209,s,196,197.0,False,2029.0,2029.25
10677,172,1203,s,196,196.0,False,2029.0,2029.0
10678,351,1568,s,196,197.0,False,2029.0,2029.25
10679,1157,1240,s,196,198.0,False,2029.0,2029.5
10680,1167,1473,s,196,196.0,False,2029.0,2029.0
10681,1222,1574,s,196,198.0,False,2029.0,2029.5
10682,1222,1725,s,196,200.0,False,2029.0,2030.0
10683,1222,2117,s,196,199.0,False,2029.0,2029.75
10684,1260,1559,s,196,216.0,False,2029.0,2034.0
10685,1263,1625,s,196,197.0,False,2029.0,2029.25
10686,1263,2117,s,196,198.0,False,2029.0,2029.5
10687,1291,1238,s,196,198.0,False,2029.0,2029.5
10688,1317,1501,s,196,197.0,False,2029.0,2029.25
10689,1479,2000,s,196,206.0,False,2029.0,2031.5
10690,1523,1508,s,196,199.0,False,2029.0,2029.75
10691,1523,1568,s,196,200.0,False,2029.0,2030.0
10692,1523,2117,s,196,202.0,False,2029.0,2030.5
10693,1533,1508,s,196,206.0,False,2029.0,2031.5
10694,1533,2117,s,196,202.0,False,2029.0,2030.5
10695,1575,1747,s,196,197.0,False,2029.0,2029.25
10696,1685,1725,s,196,203.0,False,2029.0,2030.75
10697,1729,1319,s,196,197.0,False,2029.0,2029.25
10698,1837,24,s,196,196.0,False,2029.0,2029.0
10699,1985,800,s,196,198.0,False,2029.0,2029.5
10700,2063,1535,s,196,203.0,False,2029.0,2030.75
10701,2084,1568,s,196,200.0,False,2029.0,2030.0
10702,2084,2117,s,196,205.0,False,2029.0,2031.25
10703,87,268,s,196,198.0,False,2029.0,2029.5
10704,351,1319,s,196,199.0,False,2029.0,2029.75
10705,525,406,s,196,200.0,False,2029.0,2030.0
10706,630,268,s,196,204.0,False,2029.0,2031.0
10707,754,259,s,196,199.0,False,2029.0,2029.75
10708,848,224,s,196,201.0,False,2029.0,2030.25
10709,848,406,s,196,202.0,False,2029.0,2030.5
10710,913,1203,s,196,198.0,False,2029.0,2029.5
10711,966,679,s,196,197.0,False,2029.0,2029.25
10712,1155,1508,s,196,199.0,False,2029.0,2029.75
10713,1155,1535,s,196,197.0,False,2029.0,2029.25
10714,1157,1508,s,196,204.0,False,2029.0,2031.0
10715,1157,1568,s,196,198.0,False,2029.0,2029.5
10716,1189,1851,s,196,218.0,False,2029.0,2034.5
10717,1198,1473,s,196,205.0,False,2029.0,2031.25
10718,1222,1238,s,196,199.0,False,2029.0,2029.75
10719,1222,1535,s,196,201.0,False,2029.0,2030.25
10720,1260,1602,s,196,198.0,False,2029.0,2029.5
10721,1260,2117,s,196,208.0,False,2029.0,2032.0
10722,1265,1535,s,196,202.0,False,2029.0,2030.5
10723,1455,1602,s,196,198.0,False,2029.0,2029.5
10724,1523,1535,s,196,198.0,False,2029.0,2029.5
10725,1533,1238,s,196,197.0,False,2029.0,2029.25
10726,1533,2000,s,196,199.0,False,2029.0,2029.75
10727,1575,1535,s,196,205.0,False,2029.0,2031.25
10728,1575,2117,s,196,198.0,False,2029.0,2029.5
10729,1631,2117,s,196,199.0,False,2029.0,2029.75
10730,1636,1725,s,196,199.0,False,2029.0,2029.75
10731,1675,1577,s,196,200.0,False,2029.0,2030.0
10732,1676,1473,s,196,202.0,False,2029.0,2030.5
10733,1685,2116,s,196,201.0,False,2029.0,2030.25
10734,1729,1203,s,196,208.0,False,2029.0,2032.0
10735,1837,1209,s,196,197.0,False,2029.0,2029.25
10736,1837,1370,s,196,198.0,False,2029.0,2029.5
10737,2084,1590,s,196,197.0,False,2029.0,2029.25
10738,2084,2116,s,196,197.0,False,2029.0,2029.25
10739,1184,1238,l,196,200.0,True,2029.0,2030.0
10740,1291,2117,l,196,222.0,True,2029.0,2035.5
10741,1551,1577,l,196,,True,2029.0,
10742,1611,1720,l,196,,True,2029.0,
10743,2084,1720,l,196,,True,2029.0,
10744,966,302,l,196,236.0,True,2029.0,2039.0
10745,1155,1473,l,196,,True,2029.0,
10746,1263,1725,l,196,221.0,True,2029.0,2035.25
10747,1585,1238,l,196,243.0,True,2029.0,2040.75
10748,92,793,s,197,198.0,False,2029.25,2029.5
10749,96,302,s,197,202.0,False,2029.25,2030.5
10750,561,259,s,197,197.0,False,2029.25,2029.25
10751,630,689,s,197,197.0,False,2029.25,2029.25
10752,936,1020,s,197,198.0,False,2029.25,2029.5
10753,1157,2000,s,197,206.0,False,2029.25,2031.5
10754,1239,2117,s,197,199.0,False,2029.25,2029.75
10755,1248,1501,s,197,203.0,False,2029.25,2030.75
10756,1263,1577,s,197,199.0,False,2029.25,2029.75
10757,1291,1499,s,197,199.0,False,2029.25,2029.75
10758,1314,1281,s,197,201.0,False,2029.25,2030.25
10759,1314,1559,s,197,198.0,False,2029.25,2029.5
10760,1317,1851,s,197,198.0,False,2029.25,2029.5
10761,1376,1238,s,197,205.0,False,2029.25,2031.25
10762,1533,1568,s,197,202.0,False,2029.25,2030.5
10763,1636,1501,s,197,201.0,False,2029.25,2030.25
10764,1636,1625,s,197,198.0,False,2029.25,2029.5
10765,1675,2117,s,197,200.0,False,2029.25,2030.0
10766,1682,1473,s,197,198.0,False,2029.25,2029.5
10767,1682,2117,s,197,202.0,False,2029.25,2030.5
10768,1685,1501,s,197,202.0,False,2029.25,2030.5
10769,1685,1568,s,197,203.0,False,2029.25,2030.75
10770,2084,1852,s,197,200.0,False,2029.25,2030.0
10771,99,1501,s,197,205.0,False,2029.25,2031.25
10772,1184,1471,s,197,198.0,False,2029.25,2029.5
10773,1222,1203,s,197,202.0,False,2029.25,2030.5
10774,1222,1852,s,197,208.0,False,2029.25,2032.0
10775,1260,1271,s,197,199.0,False,2029.25,2029.75
10776,1263,1559,s,197,197.0,False,2029.25,2029.25
10777,1317,2117,s,197,227.0,False,2029.25,2036.75
10778,1434,2116,s,197,199.0,False,2029.25,2029.75
10779,1636,1559,s,197,207.0,False,2029.25,2031.75
10780,1636,1574,s,197,204.0,False,2029.25,2031.0
10781,1682,1240,s,197,198.0,False,2029.25,2029.5
10782,1682,1331,s,197,197.0,False,2029.25,2029.25
10783,1682,1590,s,197,212.0,False,2029.25,2033.0
10784,2084,1281,s,197,203.0,False,2029.25,2030.75
10785,2084,1508,s,197,201.0,False,2029.25,2030.25
10786,30,259,s,197,198.0,False,2029.25,2029.5
10787,92,1392,s,197,199.0,False,2029.25,2029.75
10788,172,302,s,197,198.0,False,2029.25,2029.5
10789,172,800,s,197,199.0,False,2029.25,2029.75
10790,172,1203,s,197,200.0,False,2029.25,2030.0
10791,204,1281,s,197,199.0,False,2029.25,2029.75
10792,630,1203,s,197,207.0,False,2029.25,2031.75
10793,743,1187,s,197,203.0,False,2029.25,2030.75
10794,754,302,s,197,200.0,False,2029.25,2030.0
10795,754,1203,s,197,199.0,False,2029.25,2029.75
10796,909,1028,s,197,201.0,False,2029.25,2030.25
10797,1157,1853,s,197,199.0,False,2029.25,2029.75
10798,1189,1238,s,197,199.0,False,2029.25,2029.75
10799,1198,1725,s,197,199.0,False,2029.25,2029.75
10800,1239,2000,s,197,209.0,False,2029.25,2032.25
10801,1248,2000,s,197,200.0,False,2029.25,2030.0
10802,1291,1852,s,197,198.0,False,2029.25,2029.5
10803,1314,1508,s,197,198.0,False,2029.25,2029.5
10804,1314,1568,s,197,198.0,False,2029.25,2029.5
10805,1356,2000,s,197,198.0,False,2029.25,2029.5
10806,1431,1238,s,197,198.0,False,2029.25,2029.5
10807,1455,1501,s,197,199.0,False,2029.25,2029.75
10808,1575,1568,s,197,202.0,False,2029.25,2030.5
10809,1636,2116,s,197,202.0,False,2029.25,2030.5
10810,1676,1590,s,197,199.0,False,2029.25,2029.75
10811,1676,2117,s,197,211.0,False,2029.25,2032.75
10812,1685,1790,s,197,203.0,False,2029.25,2030.75
10813,1685,2117,s,197,210.0,False,2029.25,2032.5
10814,1729,1473,s,197,201.0,False,2029.25,2030.25
10815,92,942,l,197,200.0,True,2029.25,2030.0
10816,1157,1297,l,197,,True,2029.25,
10817,1688,1725,l,197,231.0,True,2029.25,2037.75
10818,913,1209,l,197,,True,2029.25,
10819,936,1209,l,197,224.0,True,2029.25,2036.0
10820,940,1331,l,197,200.0,True,2029.25,2030.0
10821,1260,1203,l,197,,True,2029.25,
10822,351,1240,l,197,240.0,True,2029.25,2040.0
10823,1260,1508,l,197,,True,2029.25,
10824,1729,268,l,197,,True,2029.25,
10825,30,1699,s,198,198.0,False,2029.5,2029.5
10826,172,1030,s,198,204.0,False,2029.5,2031.0
10827,274,224,s,198,199.0,False,2029.5,2029.75
10828,521,942,s,198,199.0,False,2029.5,2029.75
10829,754,942,s,198,198.0,False,2029.5,2029.5
10830,848,762,s,198,201.0,False,2029.5,2030.25
10831,916,325,s,198,199.0,False,2029.5,2029.75
10832,1155,1535,s,198,208.0,False,2029.5,2032.0
10833,1222,1271,s,198,199.0,False,2029.5,2029.75
10834,1222,1297,s,198,200.0,False,2029.5,2030.0
10835,1260,1209,s,198,200.0,False,2029.5,2030.0
10836,1260,1501,s,198,201.0,False,2029.5,2030.25
10837,1260,1577,s,198,212.0,False,2029.5,2033.0
10838,1260,1699,s,198,202.0,False,2029.5,2030.5
10839,1291,1574,s,198,205.0,False,2029.5,2031.25
10840,1291,1602,s,198,202.0,False,2029.5,2030.5
10841,1369,1209,s,198,198.0,False,2029.5,2029.5
10842,1376,1203,s,198,207.0,False,2029.5,2031.75
10843,1431,2000,s,198,200.0,False,2029.5,2030.0
10844,1455,2117,s,198,198.0,False,2029.5,2029.5
10845,1487,1473,s,198,202.0,False,2029.5,2030.5
10846,1533,1238,s,198,199.0,False,2029.5,2029.75
10847,1555,1370,s,198,208.0,False,2029.5,2032.0
10848,1569,1361,s,198,202.0,False,2029.5,2030.5
10849,1636,1763,s,198,198.0,False,2029.5,2029.5
10850,1636,1852,s,198,202.0,False,2029.5,2030.5
10851,1684,1852,s,198,202.0,False,2029.5,2030.5
10852,1729,1297,s,198,203.0,False,2029.5,2030.75
10853,1781,1747,s,198,198.0,False,2029.5,2029.5
10854,1837,1187,s,198,199.0,False,2029.5,2029.75
10855,2084,1331,s,198,200.0,False,2029.5,2030.0
10856,30,793,s,198,199.0,False,2029.5,2029.75
10857,172,775,s,198,202.0,False,2029.5,2030.5
10858,351,1851,s,198,202.0,False,2029.5,2030.5
10859,1157,1319,s,198,217.0,False,2029.5,2034.25
10860,1189,1271,s,198,200.0,False,2029.5,2030.0
10861,1222,1240,s,198,198.0,False,2029.5,2029.5
10862,1317,1535,s,198,200.0,False,2029.5,2030.0
10863,1434,1725,s,198,212.0,False,2029.5,2033.0
10864,1455,1568,s,198,210.0,False,2029.5,2032.5
10865,1533,1625,s,198,198.0,False,2029.5,2029.5
10866,1555,1392,s,198,203.0,False,2029.5,2030.75
10867,1585,1577,s,198,199.0,False,2029.5,2029.75
10868,1675,1331,s,198,201.0,False,2029.5,2030.25
10869,1685,1747,s,198,201.0,False,2029.5,2030.25
10870,1781,2117,s,198,200.0,False,2029.5,2030.0
10871,2084,1240,s,198,200.0,False,2029.5,2030.0
10872,2084,1625,s,198,206.0,False,2029.5,2031.5
10873,351,224,s,198,199.0,False,2029.5,2029.75
10874,394,1203,s,198,203.0,False,2029.5,2030.75
10875,561,689,s,198,204.0,False,2029.5,2031.0
10876,630,1240,s,198,200.0,False,2029.5,2030.0
10877,909,268,s,198,201.0,False,2029.5,2030.25
10878,913,1216,s,198,203.0,False,2029.5,2030.75
10879,1184,1508,s,198,212.0,False,2029.5,2033.0
10880,1189,1559,s,198,202.0,False,2029.5,2030.5
10881,1198,1574,s,198,205.0,False,2029.5,2031.25
10882,1260,1571,s,198,211.0,False,2029.5,2032.75
10883,1575,1319,s,198,217.0,False,2029.5,2034.25
10884,1585,1473,s,198,200.0,False,2029.5,2030.0
10885,1636,1370,s,198,200.0,False,2029.5,2030.0
10886,1781,1679,s,198,202.0,False,2029.5,2030.5
10887,1837,1203,s,198,201.0,False,2029.5,2030.25
10888,1857,1297,s,198,201.0,False,2029.5,2030.25
10889,1985,793,s,198,205.0,False,2029.5,2031.25
10890,2084,1536,s,198,203.0,False,2029.5,2030.75
10891,2084,1747,s,198,200.0,False,2029.5,2030.0
10892,1368,2000,l,198,240.0,True,2029.5,2040.0
10893,1676,1852,l,198,,True,2029.5,
10894,1575,1556,l,198,200.0,True,2029.5,2030.0
10895,1685,1761,l,198,216.0,True,2029.5,2034.0
10896,96,679,l,198,216.0,True,2029.5,2034.0
10897,1555,1625,l,198,209.0,True,2029.5,2032.25
10898,1837,1188,l,198,226.0,True,2029.5,2036.5
10899,330,406,s,199,201.0,False,2029.75,2030.25
10900,337,2021,s,199,204.0,False,2029.75,2031.0
10901,521,689,s,199,208.0,False,2029.75,2032.0
10902,630,259,s,199,201.0,False,2029.75,2030.25
10903,913,1852,s,199,200.0,False,2029.75,2030.0
10904,1155,1188,s,199,204.0,False,2029.75,2031.0
10905,1198,1392,s,199,204.0,False,2029.75,2031.0
10906,1260,1536,s,199,201.0,False,2029.75,2030.25
10907,1260,1590,s,199,200.0,False,2029.75,2030.0
10908,1291,1577,s,199,207.0,False,2029.75,2031.75
10909,1314,2000,s,199,199.0,False,2029.75,2029.75
10910,1487,1501,s,199,203.0,False,2029.75,2030.75
10911,1551,1271,s,199,201.0,False,2029.75,2030.25
10912,1636,1361,s,199,208.0,False,2029.75,2032.0
10913,1636,1625,s,199,204.0,False,2029.75,2031.0
10914,1675,1853,s,199,204.0,False,2029.75,2031.0
10915,1682,1536,s,199,210.0,False,2029.75,2032.5
10916,1685,1370,s,199,200.0,False,2029.75,2030.0
10917,1737,1574,s,199,200.0,False,2029.75,2030.0
10918,92,2021,s,199,200.0,False,2029.75,2030.0
10919,351,1321,s,199,203.0,False,2029.75,2030.75
10920,482,1188,s,199,200.0,False,2029.75,2030.0
10921,1155,1211,s,199,201.0,False,2029.75,2030.25
10922,1222,1370,s,199,202.0,False,2029.75,2030.5
10923,1222,1577,s,199,201.0,False,2029.75,2030.25
10924,1248,1203,s,199,206.0,False,2029.75,2031.5
10925,1260,1297,s,199,202.0,False,2029.75,2030.5
10926,1260,1915,s,199,207.0,False,2029.75,2031.75
10927,1265,1281,s,199,205.0,False,2029.75,2031.25
10928,1317,1725,s,199,208.0,False,2029.75,2032.0
10929,1533,1535,s,199,200.0,False,2029.75,2030.0
10930,1533,1720,s,199,199.0,False,2029.75,2029.75
10931,1573,1852,s,199,200.0,False,2029.75,2030.0
10932,1636,1473,s,199,200.0,False,2029.75,2030.0
10933,1685,1577,s,199,227.0,False,2029.75,2036.75
10934,1729,1361,s,199,202.0,False,2029.75,2030.5
10935,1837,259,s,199,203.0,False,2029.75,2030.75
10936,2084,1602,s,199,199.0,False,2029.75,2029.75
10937,43,942,s,199,202.0,False,2029.75,2030.5
10938,351,933,s,199,203.0,False,2029.75,2030.75
10939,351,1508,s,199,212.0,False,2029.75,2033.0
10940,394,1188,s,199,202.0,False,2029.75,2030.5
10941,561,90,s,199,200.0,False,2029.75,2030.0
10942,561,1238,s,199,202.0,False,2029.75,2030.5
10943,913,1321,s,199,209.0,False,2029.75,2032.25
10944,1157,1568,s,199,200.0,False,2029.75,2030.0
10945,1189,1319,s,199,202.0,False,2029.75,2030.5
10946,1198,1331,s,199,206.0,False,2029.75,2031.5
10947,1222,1508,s,199,209.0,False,2029.75,2032.25
10948,1260,1264,s,199,207.0,False,2029.75,2031.75
10949,1260,1319,s,199,203.0,False,2029.75,2030.75
10950,1314,1577,s,199,200.0,False,2029.75,2030.0
10951,1431,1574,s,199,207.0,False,2029.75,2031.75
10952,1479,1370,s,199,201.0,False,2029.75,2030.25
10953,1555,1602,s,199,204.0,False,2029.75,2031.0
10954,1611,1577,s,199,203.0,False,2029.75,2030.75
10955,1636,1634,s,199,208.0,False,2029.75,2032.0
10956,1636,1761,s,199,207.0,False,2029.75,2031.75
10957,1682,1625,s,199,200.0,False,2029.75,2030.0
10958,1685,1574,s,199,205.0,False,2029.75,2031.25
10959,1729,1209,s,199,202.0,False,2029.75,2030.5
10960,1837,1508,s,199,206.0,False,2029.75,2031.5
10961,936,2021,l,199,208.0,True,2029.75,2032.0
10962,1244,1535,l,199,235.0,True,2029.75,2038.75
10963,1487,1568,l,199,,True,2029.75,
10964,1369,1559,l,199,,True,2029.75,
10965,1675,1747,l,199,,True,2029.75,
10966,1155,942,l,199,219.0,True,2029.75,2034.75
10967,1376,1852,l,199,218.0,True,2029.75,2034.5
10968,30,800,s,200,207.0,False,2030.0,2031.75
10969,330,1238,s,200,201.0,False,2030.0,2030.25
10970,394,1501,s,200,200.0,False,2030.0,2030.0
10971,705,1238,s,200,206.0,False,2030.0,2031.5
10972,705,1852,s,200,202.0,False,2030.0,2030.5
10973,940,268,s,200,202.0,False,2030.0,2030.5
10974,1088,1032,s,200,202.0,False,2030.0,2030.5
10975,1155,1852,s,200,201.0,False,2030.0,2030.25
10976,1157,1602,s,200,206.0,False,2030.0,2031.5
10977,1222,1473,s,200,204.0,False,2030.0,2031.0
10978,1263,1281,s,200,221.0,False,2030.0,2035.25
10979,1291,1486,s,200,202.0,False,2030.0,2030.5
10980,1314,2116,s,200,208.0,False,2030.0,2032.0
10981,1431,1188,s,200,209.0,False,2030.0,2032.25
10982,1431,1577,s,200,203.0,False,2030.0,2030.75
10983,1533,2000,s,200,205.0,False,2030.0,2031.25
10984,1555,1473,s,200,203.0,False,2030.0,2030.75
10985,1636,2000,s,200,209.0,False,2030.0,2032.25
10986,1682,1634,s,200,202.0,False,2030.0,2030.5
10987,1837,268,s,200,201.0,False,2030.0,2030.25
10988,2084,1602,s,200,203.0,False,2030.0,2030.75
10989,936,956,s,200,202.0,False,2030.0,2030.5
10990,1155,1508,s,200,212.0,False,2030.0,2033.0
10991,1222,1238,s,200,207.0,False,2030.0,2031.75
10992,1248,1238,s,200,201.0,False,2030.0,2030.25
10993,1248,1331,s,200,212.0,False,2030.0,2033.0
10994,1248,1577,s,200,207.0,False,2030.0,2031.75
10995,1260,1238,s,200,202.0,False,2030.0,2030.5
10996,1260,1625,s,200,201.0,False,2030.0,2030.25
10997,1275,1725,s,200,203.0,False,2030.0,2030.75
10998,1314,1240,s,200,201.0,False,2030.0,2030.25
10999,1314,1574,s,200,201.0,False,2030.0,2030.25
11000,1317,1486,s,200,203.0,False,2030.0,2030.75
11001,1431,1720,s,200,201.0,False,2030.0,2030.25
11002,1533,1556,s,200,201.0,False,2030.0,2030.25
11003,1585,1536,s,200,202.0,False,2030.0,2030.5
11004,1585,2117,s,200,206.0,False,2030.0,2031.5
11005,1636,1720,s,200,210.0,False,2030.0,2032.5
11006,1675,1568,s,200,200.0,False,2030.0,2030.0
11007,1682,1240,s,200,205.0,False,2030.0,2031.25
11008,1682,1720,s,200,202.0,False,2030.0,2030.5
11009,1682,1721,s,200,203.0,False,2030.0,2030.75
11010,1729,2117,s,200,203.0,False,2030.0,2030.75
11011,2084,1473,s,200,202.0,False,2030.0,2030.5
11012,96,956,s,200,205.0,False,2030.0,2031.25
11013,204,1014,s,200,201.0,False,2030.0,2030.25
11014,351,1331,s,200,201.0,False,2030.0,2030.25
11015,351,1852,s,200,234.0,False,2030.0,2038.5
11016,909,1209,s,200,203.0,False,2030.0,2030.75
11017,916,775,s,200,202.0,False,2030.0,2030.5
11018,1155,689,s,200,204.0,False,2030.0,2031.0
11019,1155,1240,s,200,205.0,False,2030.0,2031.25
11020,1248,1853,s,200,202.0,False,2030.0,2030.5
11021,1263,1559,s,200,202.0,False,2030.0,2030.5
11022,1291,1568,s,200,206.0,False,2030.0,2031.5
11023,1314,1355,s,200,202.0,False,2030.0,2030.5
11024,1317,1559,s,200,206.0,False,2030.0,2031.5
11025,1434,2117,s,200,205.0,False,2030.0,2031.25
11026,1533,1625,s,200,202.0,False,2030.0,2030.5
11027,1555,2000,s,200,202.0,False,2030.0,2030.5
11028,1575,1536,s,200,203.0,False,2030.0,2030.75
11029,1575,1790,s,200,201.0,False,2030.0,2030.25
11030,1575,2117,s,200,220.0,False,2030.0,2035.0
11031,1585,2000,s,200,208.0,False,2030.0,2032.0
11032,1631,1679,s,200,204.0,False,2030.0,2031.0
11033,1636,1845,s,200,202.0,False,2030.0,2030.5
11034,1655,1577,s,200,202.0,False,2030.0,2030.5
11035,1675,1763,s,200,204.0,False,2030.0,2031.0
11036,1682,1501,s,200,204.0,False,2030.0,2031.0
11037,1685,1473,s,200,209.0,False,2030.0,2032.25
11038,1729,1238,s,200,208.0,False,2030.0,2032.0
11039,1879,1851,s,200,206.0,False,2030.0,2031.5
11040,2084,1297,s,200,203.0,False,2030.0,2030.75
11041,1222,1271,l,200,,True,2030.0,
11042,1314,1508,l,200,207.0,True,2030.0,2031.75
11043,2122,956,l,200,219.0,True,2030.0,2034.75
11044,1157,2117,l,200,208.0,True,2030.0,2032.0
11045,1837,942,l,200,203.0,True,2030.0,2030.75
11046,87,1319,s,201,203.0,False,2030.25,2030.75
11047,172,1203,s,201,201.0,False,2030.25,2030.25
11048,561,1032,s,201,204.0,False,2030.25,2031.0
11049,916,90,s,201,210.0,False,2030.25,2032.5
11050,1155,1577,s,201,209.0,False,2030.25,2032.25
11051,1184,1188,s,201,201.0,False,2030.25,2030.25
11052,1248,689,s,201,204.0,False,2030.25,2031.0
11053,1260,1720,s,201,204.0,False,2030.25,2031.0
11054,1260,2116,s,201,207.0,False,2030.25,2031.75
11055,1263,1577,s,201,201.0,False,2030.25,2030.25
11056,1263,1852,s,201,208.0,False,2030.25,2032.0
11057,1263,2117,s,201,202.0,False,2030.25,2030.5
11058,1272,1590,s,201,201.0,False,2030.25,2030.25
11059,1314,1501,s,201,205.0,False,2030.25,2031.25
11060,1533,1536,s,201,201.0,False,2030.25,2030.25
11061,1551,2117,s,201,201.0,False,2030.25,2030.25
11062,1555,1355,s,201,205.0,False,2030.25,2031.25
11063,1575,1853,s,201,202.0,False,2030.25,2030.5
11064,1631,1754,s,201,211.0,False,2030.25,2032.75
11065,1636,1568,s,201,202.0,False,2030.25,2030.5
11066,1636,1763,s,201,202.0,False,2030.25,2030.5
11067,1685,1678,s,201,207.0,False,2030.25,2031.75
11068,1685,2000,s,201,205.0,False,2030.25,2031.25
11069,1781,1763,s,201,202.0,False,2030.25,2030.5
11070,1837,224,s,201,202.0,False,2030.25,2030.5
11071,1919,1577,s,201,207.0,False,2030.25,2031.75
11072,2084,1559,s,201,211.0,False,2030.25,2032.75
11073,2122,405,s,201,202.0,False,2030.25,2030.5
11074,351,689,s,201,208.0,False,2030.25,2032.0
11075,916,405,s,201,202.0,False,2030.25,2030.5
11076,1157,1568,s,201,213.0,False,2030.25,2033.25
11077,1157,1590,s,201,212.0,False,2030.25,2033.0
11078,1248,1209,s,201,213.0,False,2030.25,2033.25
11079,1263,1536,s,201,202.0,False,2030.25,2030.5
11080,1263,1607,s,201,221.0,False,2030.25,2035.25
11081,1314,1211,s,201,203.0,False,2030.25,2030.75
11082,1533,1559,s,201,201.0,False,2030.25,2030.25
11083,1636,1747,s,201,207.0,False,2030.25,2031.75
11084,1729,1602,s,201,203.0,False,2030.25,2030.75
11085,1781,2000,s,201,202.0,False,2030.25,2030.5
11086,1837,302,s,201,206.0,False,2030.25,2031.5
11087,1837,614,s,201,202.0,False,2030.25,2030.5
11088,1837,1321,s,201,204.0,False,2030.25,2031.0
11089,1837,1501,s,201,205.0,False,2030.25,2031.25
11090,2143,1602,s,201,203.0,False,2030.25,2030.75
11091,87,1188,s,201,205.0,False,2030.25,2031.25
11092,705,1188,s,201,205.0,False,2030.25,2031.25
11093,1157,1331,s,201,207.0,False,2030.25,2031.75
11094,1157,1852,s,201,202.0,False,2030.25,2030.5
11095,1189,1473,s,201,202.0,False,2030.25,2030.5
11096,1204,1203,s,201,202.0,False,2030.25,2030.5
11097,1275,1281,s,201,202.0,False,2030.25,2030.5
11098,1479,1501,s,201,243.0,False,2030.25,2040.75
11099,1523,1678,s,201,202.0,False,2030.25,2030.5
11100,1575,1297,s,201,206.0,False,2030.25,2031.5
11101,1631,1536,s,201,202.0,False,2030.25,2030.5
11102,1675,1501,s,201,203.0,False,2030.25,2030.75
11103,1675,1536,s,201,204.0,False,2030.25,2031.0
11104,1675,1577,s,201,218.0,False,2030.25,2034.5
11105,1729,1319,s,201,206.0,False,2030.25,2031.5
11106,1857,1625,s,201,205.0,False,2030.25,2031.25
11107,1919,1625,s,201,206.0,False,2030.25,2031.5
11108,204,1725,l,201,231.0,True,2030.25,2037.75
11109,561,59,l,201,232.0,True,2030.25,2038.0
11110,849,2021,l,201,208.0,True,2030.25,2032.0
11111,1317,1508,l,201,,True,2030.25,
11112,2084,1568,l,201,204.0,True,2030.25,2031.0
11113,1682,1568,l,201,,True,2030.25,
11114,172,1203,l,201,,True,2030.25,
11115,172,1014,s,202,217.0,False,2030.5,2034.25
11116,230,942,s,202,208.0,False,2030.5,2032.0
11117,330,689,s,202,203.0,False,2030.5,2030.75
11118,330,1271,s,202,206.0,False,2030.5,2031.5
11119,351,1187,s,202,202.0,False,2030.5,2030.5
11120,351,1568,s,202,205.0,False,2030.5,2031.25
11121,394,1238,s,202,204.0,False,2030.5,2031.0
11122,739,1014,s,202,205.0,False,2030.5,2031.25
11123,754,224,s,202,204.0,False,2030.5,2031.0
11124,754,1203,s,202,202.0,False,2030.5,2030.5
11125,1157,1281,s,202,205.0,False,2030.5,2031.25
11126,1189,2000,s,202,204.0,False,2030.5,2031.0
11127,1198,689,s,202,210.0,False,2030.5,2032.5
11128,1222,689,s,202,202.0,False,2030.5,2030.5
11129,1260,1271,s,202,212.0,False,2030.5,2033.0
11130,1263,1577,s,202,222.0,False,2030.5,2035.5
11131,1314,1297,s,202,203.0,False,2030.5,2030.75
11132,1314,2000,s,202,206.0,False,2030.5,2031.5
11133,1675,2000,s,202,225.0,False,2030.5,2036.25
11134,1675,2116,s,202,203.0,False,2030.5,2030.75
11135,1837,1238,s,202,209.0,False,2030.5,2032.25
11136,2084,1852,s,202,209.0,False,2030.5,2032.25
11137,204,1281,s,202,204.0,False,2030.5,2031.0
11138,351,708,s,202,209.0,False,2030.5,2032.25
11139,630,1188,s,202,206.0,False,2030.5,2031.5
11140,936,1028,s,202,213.0,False,2030.5,2033.25
11141,940,1238,s,202,208.0,False,2030.5,2032.0
11142,1157,1271,s,202,204.0,False,2030.5,2031.0
11143,1207,1559,s,202,203.0,False,2030.5,2030.75
11144,1222,1725,s,202,204.0,False,2030.5,2031.0
11145,1244,360,s,202,203.0,False,2030.5,2030.75
11146,1272,1535,s,202,206.0,False,2030.5,2031.5
11147,1479,1577,s,202,218.0,False,2030.5,2034.5
11148,1551,1281,s,202,204.0,False,2030.5,2031.0
11149,1575,1281,s,202,203.0,False,2030.5,2030.75
11150,1636,1721,s,202,206.0,False,2030.5,2031.5
11151,1675,1535,s,202,204.0,False,2030.5,2031.0
11152,1685,1845,s,202,203.0,False,2030.5,2030.75
11153,1813,1203,s,202,203.0,False,2030.5,2030.75
11154,2084,1361,s,202,204.0,False,2030.5,2031.0
11155,172,653,s,202,216.0,False,2030.5,2034.0
11156,351,1203,s,202,203.0,False,2030.5,2030.75
11157,913,1203,s,202,203.0,False,2030.5,2030.75
11158,936,325,s,202,203.0,False,2030.5,2030.75
11159,1157,689,s,202,203.0,False,2030.5,2030.75
11160,1222,1297,s,202,204.0,False,2030.5,2031.0
11161,1260,1501,s,202,214.0,False,2030.5,2033.5
11162,1263,1720,s,202,212.0,False,2030.5,2033.0
11163,1356,1370,s,202,212.0,False,2030.5,2033.0
11164,1376,1188,s,202,206.0,False,2030.5,2031.5
11165,1479,1590,s,202,208.0,False,2030.5,2032.0
11166,1479,1725,s,202,211.0,False,2030.5,2032.75
11167,1533,1271,s,202,203.0,False,2030.5,2030.75
11168,1533,1535,s,202,205.0,False,2030.5,2031.25
11169,1684,1559,s,202,210.0,False,2030.5,2032.5
11170,1685,1853,s,202,206.0,False,2030.5,2031.5
11171,1705,1209,s,202,207.0,False,2030.5,2031.75
11172,1729,1331,s,202,204.0,False,2030.5,2031.0
11173,2084,1319,s,202,203.0,False,2030.5,2030.75
11174,2084,1713,s,202,208.0,False,2030.5,2032.0
11175,2084,1725,s,202,205.0,False,2030.5,2031.25
11176,1685,1747,l,202,,True,2030.5,
11177,172,1020,l,202,219.0,True,2030.5,2034.75
11178,1222,1571,l,202,238.0,True,2030.5,2039.5
11179,1523,1473,l,202,,True,2030.5,
11180,1675,2117,l,202,,True,2030.5,
11181,2084,1501,l,202,223.0,True,2030.5,2035.75
11182,30,406,s,203,204.0,False,2030.75,2031.0
11183,30,793,s,203,203.0,False,2030.75,2030.75
11184,330,942,s,203,203.0,False,2030.75,2030.75
11185,351,2117,s,203,203.0,False,2030.75,2030.75
11186,630,1216,s,203,206.0,False,2030.75,2031.5
11187,909,762,s,203,210.0,False,2030.75,2032.5
11188,966,679,s,203,203.0,False,2030.75,2030.75
11189,1248,2117,s,203,206.0,False,2030.75,2031.5
11190,1260,1238,s,203,206.0,False,2030.75,2031.5
11191,1263,1501,s,203,211.0,False,2030.75,2032.75
11192,1265,1535,s,203,214.0,False,2030.75,2033.5
11193,1314,1271,s,203,209.0,False,2030.75,2032.25
11194,1317,1720,s,203,212.0,False,2030.75,2033.0
11195,1365,302,s,203,205.0,False,2030.75,2031.25
11196,1431,1473,s,203,205.0,False,2030.75,2031.25
11197,1479,1634,s,203,205.0,False,2030.75,2031.25
11198,1636,1763,s,203,206.0,False,2030.75,2031.5
11199,1682,1264,s,203,205.0,False,2030.75,2031.25
11200,1682,1574,s,203,211.0,False,2030.75,2032.75
11201,1685,1501,s,203,211.0,False,2030.75,2032.75
11202,1729,1852,s,203,203.0,False,2030.75,2030.75
11203,1781,2116,s,203,203.0,False,2030.75,2030.75
11204,2028,340,s,203,204.0,False,2030.75,2031.0
11205,2084,1331,s,203,205.0,False,2030.75,2031.25
11206,2145,1014,s,203,205.0,False,2030.75,2031.25
11207,30,653,s,203,204.0,False,2030.75,2031.0
11208,705,1297,s,203,208.0,False,2030.75,2032.0
11209,913,689,s,203,206.0,False,2030.75,2031.5
11210,1157,1853,s,203,217.0,False,2030.75,2034.25
11211,1157,1915,s,203,206.0,False,2030.75,2031.5
11212,1198,1577,s,203,210.0,False,2030.75,2032.5
11213,1263,2000,s,203,212.0,False,2030.75,2033.0
11214,1314,1319,s,203,206.0,False,2030.75,2031.5
11215,1314,1625,s,203,205.0,False,2030.75,2031.25
11216,1317,1297,s,203,206.0,False,2030.75,2031.5
11217,1356,1361,s,203,205.0,False,2030.75,2031.25
11218,1396,1238,s,203,212.0,False,2030.75,2033.0
11219,1533,1473,s,203,206.0,False,2030.75,2031.5
11220,1533,1568,s,203,206.0,False,2030.75,2031.5
11221,1573,1568,s,203,211.0,False,2030.75,2032.75
11222,1575,1853,s,203,223.0,False,2030.75,2035.75
11223,1585,1271,s,203,207.0,False,2030.75,2031.75
11224,1682,1720,s,203,203.0,False,2030.75,2030.75
11225,1684,1747,s,203,204.0,False,2030.75,2031.0
11226,1685,1535,s,203,204.0,False,2030.75,2031.0
11227,1729,1211,s,203,210.0,False,2030.75,2032.5
11228,1837,268,s,203,204.0,False,2030.75,2031.0
11229,1837,942,s,203,227.0,False,2030.75,2036.75
11230,1837,1331,s,203,204.0,False,2030.75,2031.0
11231,1985,1852,s,203,207.0,False,2030.75,2031.75
11232,262,1501,s,203,209.0,False,2030.75,2032.25
11233,561,1020,s,203,207.0,False,2030.75,2031.75
11234,754,942,s,203,205.0,False,2030.75,2031.25
11235,913,942,s,203,207.0,False,2030.75,2031.75
11236,913,1331,s,203,210.0,False,2030.75,2032.5
11237,1157,1499,s,203,213.0,False,2030.75,2033.25
11238,1222,1577,s,203,208.0,False,2030.75,2032.0
11239,1260,1625,s,203,208.0,False,2030.75,2032.0
11240,1260,1721,s,203,206.0,False,2030.75,2031.5
11241,1291,1238,s,203,204.0,False,2030.75,2031.0
11242,1317,1271,s,203,206.0,False,2030.75,2031.5
11243,1356,1501,s,203,207.0,False,2030.75,2031.75
11244,1533,2117,s,203,207.0,False,2030.75,2031.75
11245,1685,1392,s,203,207.0,False,2030.75,2031.75
11246,1729,2000,s,203,208.0,False,2030.75,2032.0
11247,1837,1297,s,203,213.0,False,2030.75,2033.25
11248,1919,2117,s,203,205.0,False,2030.75,2031.25
11249,274,268,l,203,227.0,True,2030.75,2036.75
11250,351,1203,l,203,231.0,True,2030.75,2037.75
11251,1155,1203,l,203,204.0,True,2030.75,2031.0
11252,1263,1370,l,203,,True,2030.75,
11253,1682,2117,l,203,,True,2030.75,
11254,1487,2000,l,203,242.0,True,2030.75,2040.5
11255,1555,1473,l,203,,True,2030.75,
11256,1837,614,l,203,,True,2030.75,
11257,561,1238,l,203,232.0,True,2030.75,2038.0
11258,916,325,l,203,208.0,True,2030.75,2032.0
11259,1636,1264,l,203,,True,2030.75,
11260,1675,1678,l,203,207.0,True,2030.75,2031.75
11261,172,406,s,204,204.0,False,2031.0,2031.0
11262,561,224,s,204,206.0,False,2031.0,2031.5
11263,754,1240,s,204,212.0,False,2031.0,2033.0
11264,940,942,s,204,210.0,False,2031.0,2032.5
11265,944,302,s,204,205.0,False,2031.0,2031.25
11266,1157,1370,s,204,214.0,False,2031.0,2033.5
11267,1260,689,s,204,207.0,False,2031.0,2031.75
11268,1260,1216,s,204,212.0,False,2031.0,2033.0
11269,1260,1482,s,204,211.0,False,2031.0,2032.75
11270,1260,1602,s,204,204.0,False,2031.0,2031.0
11271,1263,689,s,204,205.0,False,2031.0,2031.25
11272,1263,1508,s,204,207.0,False,2031.0,2031.75
11273,1317,1915,s,204,210.0,False,2031.0,2032.5
11274,1317,2000,s,204,206.0,False,2031.0,2031.5
11275,1356,2117,s,204,211.0,False,2031.0,2032.75
11276,1365,1209,s,204,208.0,False,2031.0,2032.0
11277,1551,1720,s,204,206.0,False,2031.0,2031.5
11278,1682,1392,s,204,205.0,False,2031.0,2031.25
11279,1682,1720,s,204,207.0,False,2031.0,2031.75
11280,2084,1690,s,204,209.0,False,2031.0,2032.25
11281,30,259,s,204,210.0,False,2031.0,2032.5
11282,561,1209,s,204,206.0,False,2031.0,2031.5
11283,630,1209,s,204,217.0,False,2031.0,2034.25
11284,940,1020,s,204,205.0,False,2031.0,2031.25
11285,1155,1203,s,204,205.0,False,2031.0,2031.25
11286,1157,1625,s,204,206.0,False,2031.0,2031.5
11287,1184,1501,s,204,206.0,False,2031.0,2031.5
11288,1198,2117,s,204,207.0,False,2031.0,2031.75
11289,1260,1299,s,204,206.0,False,2031.0,2031.5
11290,1263,1535,s,204,205.0,False,2031.0,2031.25
11291,1314,1747,s,204,214.0,False,2031.0,2033.5
11292,1356,1577,s,204,208.0,False,2031.0,2032.0
11293,1431,1747,s,204,216.0,False,2031.0,2034.0
11294,1575,1571,s,204,208.0,False,2031.0,2032.0
11295,1666,1319,s,204,207.0,False,2031.0,2031.75
11296,1668,1577,s,204,211.0,False,2031.0,2032.75
11297,1675,1370,s,204,212.0,False,2031.0,2033.0
11298,1676,2000,s,204,207.0,False,2031.0,2031.75
11299,1682,1535,s,204,231.0,False,2031.0,2037.75
11300,1682,1625,s,204,206.0,False,2031.0,2031.5
11301,1682,1699,s,204,208.0,False,2031.0,2032.0
11302,1682,1721,s,204,206.0,False,2031.0,2031.5
11303,1902,1725,s,204,206.0,False,2031.0,2031.5
11304,2084,1747,s,204,206.0,False,2031.0,2031.5
11305,561,1852,s,204,209.0,False,2031.0,2032.25
11306,630,259,s,204,206.0,False,2031.0,2031.5
11307,1184,1188,s,204,211.0,False,2031.0,2032.75
11308,1198,1361,s,204,210.0,False,2031.0,2032.5
11309,1222,2117,s,204,206.0,False,2031.0,2031.5
11310,1263,1571,s,204,208.0,False,2031.0,2032.0
11311,1291,1321,s,204,209.0,False,2031.0,2032.25
11312,1314,1577,s,204,214.0,False,2031.0,2033.5
11313,1317,1501,s,204,207.0,False,2031.0,2031.75
11314,1533,2116,s,204,205.0,False,2031.0,2031.25
11315,1575,1281,s,204,216.0,False,2031.0,2034.0
11316,1631,1559,s,204,206.0,False,2031.0,2031.5
11317,1636,1577,s,204,206.0,False,2031.0,2031.5
11318,1729,1852,s,204,205.0,False,2031.0,2031.25
11319,1837,1028,s,204,210.0,False,2031.0,2032.5
11320,1837,1203,s,204,211.0,False,2031.0,2032.75
11321,2084,1508,s,204,208.0,False,2031.0,2032.0
11322,2084,1602,s,204,206.0,False,2031.0,2031.5
11323,1157,689,l,204,221.0,True,2031.0,2035.25
11324,1356,1602,l,204,,True,2031.0,
11325,1682,1473,l,204,,True,2031.0,
11326,1837,259,l,204,232.0,True,2031.0,2038.0
11327,2084,1319,l,204,,True,2031.0,
11328,1555,1571,l,204,239.0,True,2031.0,2039.75
11329,1636,2117,l,204,239.0,True,2031.0,2039.75
11330,1396,1501,l,204,,True,2031.0,
11331,1636,2116,l,204,224.0,True,2031.0,2036.0
11332,172,59,s,205,205.0,False,2031.25,2031.25
11333,351,1209,s,205,213.0,False,2031.25,2033.25
11334,351,1473,s,205,205.0,False,2031.25,2031.25
11335,630,1852,s,205,217.0,False,2031.25,2034.25
11336,916,2021,s,205,205.0,False,2031.25,2031.25
11337,960,942,s,205,209.0,False,2031.25,2032.25
11338,1157,1209,s,205,207.0,False,2031.25,2031.75
11339,1157,1271,s,205,205.0,False,2031.25,2031.25
11340,1198,1852,s,205,219.0,False,2031.25,2034.75
11341,1222,1574,s,205,210.0,False,2031.25,2032.5
11342,1248,1853,s,205,211.0,False,2031.25,2032.75
11343,1356,1574,s,205,208.0,False,2031.25,2032.0
11344,1356,2000,s,205,206.0,False,2031.25,2031.5
11345,1365,1238,s,205,206.0,False,2031.25,2031.5
11346,1455,1188,s,205,206.0,False,2031.25,2031.5
11347,1533,1720,s,205,214.0,False,2031.25,2033.5
11348,1551,1501,s,205,206.0,False,2031.25,2031.5
11349,1555,2117,s,205,215.0,False,2031.25,2033.75
11350,1636,1568,s,205,208.0,False,2031.25,2032.0
11351,1636,1574,s,205,209.0,False,2031.25,2032.25
11352,2063,1535,s,205,205.0,False,2031.25,2031.25
11353,30,406,s,205,208.0,False,2031.25,2032.0
11354,87,1203,s,205,207.0,False,2031.25,2031.75
11355,351,1331,s,205,214.0,False,2031.25,2033.5
11356,630,614,s,205,207.0,False,2031.25,2031.75
11357,1155,1416,s,205,208.0,False,2031.25,2032.0
11358,1157,1852,s,205,210.0,False,2031.25,2032.5
11359,1222,1370,s,205,210.0,False,2031.25,2032.5
11360,1248,1188,s,205,212.0,False,2031.25,2033.0
11361,1260,1392,s,205,219.0,False,2031.25,2034.75
11362,1260,1536,s,205,213.0,False,2031.25,2033.25
11363,1263,649,s,205,208.0,False,2031.25,2032.0
11364,1369,1536,s,205,208.0,False,2031.25,2032.0
11365,1523,1721,s,205,212.0,False,2031.25,2033.0
11366,1575,2077,s,205,209.0,False,2031.25,2032.25
11367,1858,956,s,205,205.0,False,2031.25,2031.25
11368,1879,1852,s,205,215.0,False,2031.25,2033.75
11369,2084,1473,s,205,208.0,False,2031.25,2032.0
11370,2167,1281,s,205,207.0,False,2031.25,2031.75
11371,274,302,s,205,207.0,False,2031.25,2031.75
11372,351,653,s,205,207.0,False,2031.25,2031.75
11373,351,1321,s,205,225.0,False,2031.25,2036.25
11374,561,1203,s,205,206.0,False,2031.25,2031.5
11375,936,679,s,205,210.0,False,2031.25,2032.5
11376,936,956,s,205,207.0,False,2031.25,2031.75
11377,1198,1188,s,205,207.0,False,2031.25,2031.75
11378,1198,2000,s,205,214.0,False,2031.25,2033.5
11379,1222,1240,s,205,206.0,False,2031.25,2031.5
11380,1260,942,s,205,209.0,False,2031.25,2032.25
11381,1260,1297,s,205,206.0,False,2031.25,2031.5
11382,1260,1852,s,205,206.0,False,2031.25,2031.5
11383,1260,1853,s,205,219.0,False,2031.25,2034.75
11384,1263,1319,s,205,213.0,False,2031.25,2033.25
11385,1265,2000,s,205,208.0,False,2031.25,2032.0
11386,1291,1264,s,205,206.0,False,2031.25,2031.5
11387,1356,1720,s,205,206.0,False,2031.25,2031.5
11388,1368,1370,s,205,208.0,False,2031.25,2032.0
11389,1434,1319,s,205,206.0,False,2031.25,2031.5
11390,1434,1577,s,205,225.0,False,2031.25,2036.25
11391,1479,1721,s,205,220.0,False,2031.25,2035.0
11392,1523,1625,s,205,208.0,False,2031.25,2032.0
11393,1523,1747,s,205,206.0,False,2031.25,2031.5
11394,1575,1845,s,205,206.0,False,2031.25,2031.5
11395,1575,1852,s,205,208.0,False,2031.25,2032.0
11396,1636,1536,s,205,206.0,False,2031.25,2031.5
11397,1675,1763,s,205,209.0,False,2031.25,2032.25
11398,1729,1209,s,205,207.0,False,2031.25,2031.75
11399,1837,406,s,205,216.0,False,2031.25,2034.0
11400,1919,2000,s,205,214.0,False,2031.25,2033.5
11401,2122,762,s,205,207.0,False,2031.25,2031.75
11402,2123,1032,s,205,207.0,False,2031.25,2031.75
11403,1675,1473,l,205,,True,2031.25,
11404,1155,1264,l,205,215.0,True,2031.25,2033.75
11405,1157,942,l,205,,True,2031.25,
11406,1260,1319,l,205,,True,2031.25,
11407,1575,1331,l,205,,True,2031.25,
11408,944,679,l,205,231.0,True,2031.25,2037.75
11409,1260,1602,l,205,,True,2031.25,
11410,1682,1238,l,205,,True,2031.25,
11411,351,1501,s,206,207.0,False,2031.5,2031.75
11412,630,313,s,206,212.0,False,2031.5,2033.0
11413,754,302,s,206,215.0,False,2031.5,2033.75
11414,1155,1501,s,206,213.0,False,2031.5,2033.25
11415,1207,1319,s,206,209.0,False,2031.5,2032.25
11416,1314,1574,s,206,210.0,False,2031.5,2032.5
11417,1317,1188,s,206,207.0,False,2031.5,2031.75
11418,1365,1852,s,206,207.0,False,2031.5,2031.75
11419,1431,1319,s,206,221.0,False,2031.5,2035.25
11420,1431,1720,s,206,208.0,False,2031.5,2032.0
11421,1431,1725,s,206,216.0,False,2031.5,2034.0
11422,1431,1851,s,206,207.0,False,2031.5,2031.75
11423,1523,1536,s,206,215.0,False,2031.5,2033.75
11424,1575,1559,s,206,216.0,False,2031.5,2034.0
11425,1575,1747,s,206,206.0,False,2031.5,2031.5
11426,1675,1501,s,206,211.0,False,2031.5,2032.75
11427,1685,2116,s,206,217.0,False,2031.5,2034.25
11428,1781,2000,s,206,218.0,False,2031.5,2034.5
11429,1837,1020,s,206,216.0,False,2031.5,2034.0
11430,172,1156,s,206,207.0,False,2031.5,2031.75
11431,351,1370,s,206,207.0,False,2031.5,2031.75
11432,521,302,s,206,212.0,False,2031.5,2033.0
11433,916,1028,s,206,207.0,False,2031.5,2031.75
11434,1099,406,s,206,206.0,False,2031.5,2031.5
11435,1155,1271,s,206,208.0,False,2031.5,2032.0
11436,1248,1720,s,206,210.0,False,2031.5,2032.5
11437,1263,1574,s,206,206.0,False,2031.5,2031.5
11438,1356,1556,s,206,207.0,False,2031.5,2031.75
11439,1512,1720,s,206,208.0,False,2031.5,2032.0
11440,1551,1574,s,206,209.0,False,2031.5,2032.25
11441,1555,1747,s,206,212.0,False,2031.5,2033.0
11442,1575,1535,s,206,208.0,False,2031.5,2032.0
11443,1585,1577,s,206,207.0,False,2031.5,2031.75
11444,1705,1559,s,206,210.0,False,2031.5,2032.5
11445,1781,1845,s,206,207.0,False,2031.5,2031.75
11446,1837,360,s,206,216.0,False,2031.5,2034.0
11447,1837,1699,s,206,207.0,False,2031.5,2031.75
11448,2084,1297,s,206,209.0,False,2031.5,2032.25
11449,2084,1568,s,206,209.0,False,2031.5,2032.25
11450,274,942,s,206,217.0,False,2031.5,2034.25
11451,351,1319,s,206,208.0,False,2031.5,2032.0
11452,936,762,s,206,215.0,False,2031.5,2033.75
11453,1157,1240,s,206,208.0,False,2031.5,2032.0
11454,1180,1852,s,206,209.0,False,2031.5,2032.25
11455,1198,1203,s,206,216.0,False,2031.5,2034.0
11456,1222,1473,s,206,211.0,False,2031.5,2032.75
11457,1260,1499,s,206,209.0,False,2031.5,2032.25
11458,1376,1501,s,206,208.0,False,2031.5,2032.0
11459,1555,2000,s,206,225.0,False,2031.5,2036.25
11460,1575,1508,s,206,207.0,False,2031.5,2031.75
11461,1575,1678,s,206,215.0,False,2031.5,2033.75
11462,1631,1577,s,206,212.0,False,2031.5,2033.0
11463,1636,1473,s,206,207.0,False,2031.5,2031.75
11464,1640,1281,s,206,208.0,False,2031.5,2032.0
11465,1685,1763,s,206,210.0,False,2031.5,2032.5
11466,1731,1725,s,206,211.0,False,2031.5,2032.75
11467,2063,1535,s,206,207.0,False,2031.5,2031.75
11468,2084,2117,s,206,207.0,False,2031.5,2031.75
11469,1575,1568,l,206,231.0,True,2031.5,2037.75
11470,1729,1188,l,206,,True,2031.5,
11471,1189,1574,l,206,,True,2031.5,
11472,1189,1915,l,206,,True,2031.5,
11473,1222,2117,l,206,,True,2031.5,
11474,1455,1852,l,206,236.0,True,2031.5,2039.0
11475,1781,1874,l,206,224.0,True,2031.5,2036.0
11476,561,1281,s,207,214.0,False,2031.75,2033.5
11477,630,1188,s,207,216.0,False,2031.75,2034.0
11478,754,956,s,207,208.0,False,2031.75,2032.0
11479,1088,224,s,207,211.0,False,2031.75,2032.75
11480,1184,1568,s,207,207.0,False,2031.75,2031.75
11481,1184,2117,s,207,216.0,False,2031.75,2034.0
11482,1189,1501,s,207,209.0,False,2031.75,2032.25
11483,1222,1536,s,207,212.0,False,2031.75,2033.0
11484,1244,1725,s,207,212.0,False,2031.75,2033.0
11485,1248,1540,s,207,212.0,False,2031.75,2033.0
11486,1260,1851,s,207,210.0,False,2031.75,2032.5
11487,1314,1188,s,207,209.0,False,2031.75,2032.25
11488,1317,1319,s,207,213.0,False,2031.75,2033.25
11489,1356,1203,s,207,231.0,False,2031.75,2037.75
11490,1356,1720,s,207,207.0,False,2031.75,2031.75
11491,1431,1473,s,207,214.0,False,2031.75,2033.5
11492,1455,1501,s,207,210.0,False,2031.75,2032.5
11493,1455,1720,s,207,207.0,False,2031.75,2031.75
11494,1551,1392,s,207,214.0,False,2031.75,2033.5
11495,1555,1874,s,207,210.0,False,2031.75,2032.5
11496,1631,1370,s,207,207.0,False,2031.75,2031.75
11497,1675,1777,s,207,220.0,False,2031.75,2035.0
11498,1685,1845,s,207,207.0,False,2031.75,2031.75
11499,1824,1625,s,207,209.0,False,2031.75,2032.25
11500,1919,1571,s,207,208.0,False,2031.75,2032.0
11501,2084,1590,s,207,207.0,False,2031.75,2031.75
11502,2084,1747,s,207,210.0,False,2031.75,2032.5
11503,2084,1777,s,207,215.0,False,2031.75,2033.75
11504,422,2021,s,207,208.0,False,2031.75,2032.0
11505,630,59,s,207,212.0,False,2031.75,2033.0
11506,1155,1188,s,207,208.0,False,2031.75,2032.0
11507,1198,1297,s,207,214.0,False,2031.75,2033.5
11508,1198,1319,s,207,212.0,False,2031.75,2033.0
11509,1248,1203,s,207,217.0,False,2031.75,2034.25
11510,1260,1188,s,207,218.0,False,2031.75,2034.5
11511,1263,2117,s,207,214.0,False,2031.75,2033.5
11512,1314,2000,s,207,210.0,False,2031.75,2032.5
11513,1356,1473,s,207,208.0,False,2031.75,2032.0
11514,1369,1501,s,207,210.0,False,2031.75,2032.5
11515,1533,1473,s,207,209.0,False,2031.75,2032.25
11516,1569,2117,s,207,211.0,False,2031.75,2032.75
11517,1575,1725,s,207,208.0,False,2031.75,2032.0
11518,1575,1777,s,207,209.0,False,2031.75,2032.25
11519,1585,1845,s,207,216.0,False,2031.75,2034.0
11520,1682,1747,s,207,215.0,False,2031.75,2033.75
11521,1685,2000,s,207,208.0,False,2031.75,2032.0
11522,394,1361,s,207,208.0,False,2031.75,2032.0
11523,1155,1361,s,207,234.0,False,2031.75,2038.5
11524,1155,1852,s,207,211.0,False,2031.75,2032.75
11525,1260,1238,s,207,209.0,False,2031.75,2032.25
11526,1260,1852,s,207,216.0,False,2031.75,2034.0
11527,1314,1238,s,207,208.0,False,2031.75,2032.0
11528,1374,1188,s,207,209.0,False,2031.75,2032.25
11529,1575,1747,s,207,210.0,False,2031.75,2032.5
11530,1585,1852,s,207,210.0,False,2031.75,2032.5
11531,1603,1535,s,207,210.0,False,2031.75,2032.5
11532,1631,1536,s,207,208.0,False,2031.75,2032.0
11533,1636,1754,s,207,208.0,False,2031.75,2032.0
11534,1731,1577,s,207,208.0,False,2031.75,2032.0
11535,1879,1577,s,207,209.0,False,2031.75,2032.25
11536,2084,1361,s,207,211.0,False,2031.75,2032.75
11537,1222,1361,l,207,220.0,True,2031.75,2035.0
11538,1248,2000,l,207,,True,2031.75,
11539,87,1209,l,207,,True,2031.75,
11540,1157,1281,l,207,211.0,True,2031.75,2032.75
11541,1434,1852,l,207,215.0,True,2031.75,2033.75
11542,1837,59,l,207,225.0,True,2031.75,2036.25
11543,1919,1577,l,207,,True,2031.75,
11544,1985,1014,l,207,215.0,True,2031.75,2033.75
11545,351,1473,l,207,219.0,True,2031.75,2034.75
11546,1157,1699,l,207,,True,2031.75,
11547,1222,1238,l,207,,True,2031.75,
11548,1248,1370,l,207,,True,2031.75,
11549,1314,1720,l,207,226.0,True,2031.75,2036.5
11550,1523,1501,l,207,,True,2031.75,
11551,1685,1674,l,207,,True,2031.75,
11552,172,1281,s,208,209.0,False,2032.0,2032.25
11553,204,1508,s,208,210.0,False,2032.0,2032.5
11554,482,689,s,208,212.0,False,2032.0,2033.0
11555,940,1020,s,208,208.0,False,2032.0,2032.0
11556,1157,1209,s,208,211.0,False,2032.0,2032.75
11557,1189,1238,s,208,214.0,False,2032.0,2033.5
11558,1198,2117,s,208,210.0,False,2032.0,2032.5
11559,1248,1851,s,208,209.0,False,2032.0,2032.25
11560,1260,1264,s,208,214.0,False,2032.0,2033.5
11561,1263,1568,s,208,212.0,False,2032.0,2033.0
11562,1317,1297,s,208,209.0,False,2032.0,2032.25
11563,1317,2000,s,208,213.0,False,2032.0,2033.25
11564,1369,1625,s,208,209.0,False,2032.0,2032.25
11565,1376,1577,s,208,209.0,False,2032.0,2032.25
11566,1431,1535,s,208,208.0,False,2032.0,2032.0
11567,1533,2117,s,208,210.0,False,2032.0,2032.5
11568,1573,1845,s,208,209.0,False,2032.0,2032.25
11569,1682,1625,s,208,210.0,False,2032.0,2032.5
11570,1682,1915,s,208,213.0,False,2032.0,2033.25
11571,1705,1574,s,208,216.0,False,2032.0,2034.0
11572,2084,2117,s,208,210.0,False,2032.0,2032.5
11573,2185,1559,s,208,209.0,False,2032.0,2032.25
11574,30,340,s,208,210.0,False,2032.0,2032.5
11575,630,1331,s,208,234.0,False,2032.0,2038.5
11576,913,689,s,208,220.0,False,2032.0,2035.0
11577,944,90,s,208,212.0,False,2032.0,2033.0
11578,1155,1240,s,208,215.0,False,2032.0,2033.75
11579,1189,689,s,208,213.0,False,2032.0,2033.25
11580,1189,1297,s,208,211.0,False,2032.0,2032.75
11581,1248,1238,s,208,211.0,False,2032.0,2032.75
11582,1260,1720,s,208,232.0,False,2032.0,2038.0
11583,1263,1203,s,208,211.0,False,2032.0,2032.75
11584,1291,1725,s,208,213.0,False,2032.0,2033.25
11585,1317,1501,s,208,210.0,False,2032.0,2032.5
11586,1369,1754,s,208,208.0,False,2032.0,2032.0
11587,1431,1240,s,208,218.0,False,2032.0,2034.5
11588,1434,1203,s,208,222.0,False,2032.0,2035.5
11589,1533,1536,s,208,215.0,False,2032.0,2033.75
11590,1551,1501,s,208,216.0,False,2032.0,2034.0
11591,1675,1556,s,208,212.0,False,2032.0,2033.0
11592,1685,1571,s,208,208.0,False,2032.0,2032.0
11593,1685,1777,s,208,210.0,False,2032.0,2032.5
11594,1685,1852,s,208,215.0,False,2032.0,2033.75
11595,1824,1747,s,208,213.0,False,2032.0,2033.25
11596,1837,268,s,208,213.0,False,2032.0,2033.25
11597,1847,1577,s,208,210.0,False,2032.0,2032.5
11598,1847,1690,s,208,212.0,False,2032.0,2033.0
11599,1919,1777,s,208,208.0,False,2032.0,2032.0
11600,1919,1874,s,208,212.0,False,2032.0,2033.0
11601,2063,1535,s,208,222.0,False,2032.0,2035.5
11602,2084,1370,s,208,209.0,False,2032.0,2032.25
11603,172,224,s,208,211.0,False,2032.0,2032.75
11604,394,1238,s,208,211.0,False,2032.0,2032.75
11605,913,942,s,208,211.0,False,2032.0,2032.75
11606,940,1188,s,208,213.0,False,2032.0,2033.25
11607,940,1216,s,208,217.0,False,2032.0,2034.25
11608,1155,1319,s,208,224.0,False,2032.0,2036.0
11609,1189,1508,s,208,217.0,False,2032.0,2034.25
11610,1189,1536,s,208,212.0,False,2032.0,2033.0
11611,1222,1203,s,208,211.0,False,2032.0,2032.75
11612,1239,1574,s,208,211.0,False,2032.0,2032.75
11613,1260,1535,s,208,213.0,False,2032.0,2033.25
11614,1275,1577,s,208,209.0,False,2032.0,2032.25
11615,1291,1852,s,208,210.0,False,2032.0,2032.5
11616,1314,1370,s,208,211.0,False,2032.0,2032.75
11617,1431,2117,s,208,211.0,False,2032.0,2032.75
11618,1533,1625,s,208,209.0,False,2032.0,2032.25
11619,1575,1392,s,208,218.0,False,2032.0,2034.5
11620,1636,1577,s,208,210.0,False,2032.0,2032.5
11621,1636,1679,s,208,209.0,False,2032.0,2032.25
11622,1655,1574,s,208,211.0,False,2032.0,2032.75
11623,1675,1574,s,208,216.0,False,2032.0,2034.0
11624,1675,1852,s,208,209.0,False,2032.0,2032.25
11625,1676,1625,s,208,210.0,False,2032.0,2032.5
11626,1685,1574,s,208,212.0,False,2032.0,2033.0
11627,1847,1501,s,208,211.0,False,2032.0,2032.75
11628,1847,1625,s,208,210.0,False,2032.0,2032.5
11629,172,1508,l,208,,True,2032.0,
11630,351,1501,l,208,209.0,True,2032.0,2032.25
11631,561,689,l,208,210.0,True,2032.0,2032.5
11632,1157,1321,l,208,239.0,True,2032.0,2039.75
11633,1631,1602,l,208,,True,2032.0,
11634,2084,1625,l,208,225.0,True,2032.0,2036.25
11635,2084,1574,l,208,224.0,True,2032.0,2036.0
11636,330,1211,s,209,210.0,False,2032.25,2032.5
11637,351,1574,s,209,223.0,False,2032.25,2035.75
11638,630,268,s,209,211.0,False,2032.25,2032.75
11639,913,268,s,209,211.0,False,2032.25,2032.75
11640,916,340,s,209,209.0,False,2032.25,2032.25
11641,1189,1271,s,209,217.0,False,2032.25,2034.25
11642,1248,1721,s,209,211.0,False,2032.25,2032.75
11643,1431,1238,s,209,209.0,False,2032.25,2032.25
11644,1533,1331,s,209,212.0,False,2032.25,2033.0
11645,1636,1501,s,209,209.0,False,2032.25,2032.25
11646,1675,2116,s,209,213.0,False,2032.25,2033.25
11647,1682,1499,s,209,217.0,False,2032.25,2034.25
11648,2084,1602,s,209,209.0,False,2032.25,2032.25
11649,2185,2117,s,209,213.0,False,2032.25,2033.25
11650,262,1238,s,209,217.0,False,2032.25,2034.25
11651,274,1188,s,209,211.0,False,2032.25,2032.75
11652,351,1319,s,209,209.0,False,2032.25,2032.25
11653,351,1501,s,209,210.0,False,2032.25,2032.5
11654,630,1240,s,209,210.0,False,2032.25,2032.5
11655,630,1725,s,209,215.0,False,2032.25,2033.75
11656,705,1279,s,209,211.0,False,2032.25,2032.75
11657,1157,1508,s,209,210.0,False,2032.25,2032.5
11658,1157,2000,s,209,213.0,False,2032.25,2033.25
11659,1184,1574,s,209,210.0,False,2032.25,2032.5
11660,1189,1473,s,209,215.0,False,2032.25,2033.75
11661,1222,1240,s,209,209.0,False,2032.25,2032.25
11662,1291,1331,s,209,209.0,False,2032.25,2032.25
11663,1291,2000,s,209,211.0,False,2032.25,2032.75
11664,1317,1761,s,209,216.0,False,2032.25,2034.0
11665,1369,2000,s,209,210.0,False,2032.25,2032.5
11666,1431,1577,s,209,211.0,False,2032.25,2032.75
11667,1523,1577,s,209,210.0,False,2032.25,2032.5
11668,1555,1535,s,209,216.0,False,2032.25,2034.0
11669,1573,1577,s,209,214.0,False,2032.25,2033.5
11670,1575,1845,s,209,217.0,False,2032.25,2034.25
11671,1636,1559,s,209,211.0,False,2032.25,2032.75
11672,1636,1602,s,209,212.0,False,2032.25,2033.0
11673,1636,1747,s,209,217.0,False,2032.25,2034.25
11674,1675,1754,s,209,216.0,False,2032.25,2034.0
11675,1675,1874,s,209,213.0,False,2032.25,2033.25
11676,1685,1568,s,209,211.0,False,2032.25,2032.75
11677,1729,1238,s,209,231.0,False,2032.25,2037.75
11678,1729,1852,s,209,210.0,False,2032.25,2032.5
11679,1879,1501,s,209,223.0,False,2032.25,2035.75
11680,1919,2117,s,209,210.0,False,2032.25,2032.5
11681,172,800,s,209,212.0,False,2032.25,2033.0
11682,172,1271,s,209,221.0,False,2032.25,2035.25
11683,630,1203,s,209,211.0,False,2032.25,2032.75
11684,1155,1370,s,209,210.0,False,2032.25,2032.5
11685,1155,1851,s,209,212.0,False,2032.25,2033.0
11686,1157,1535,s,209,221.0,False,2032.25,2035.25
11687,1198,1238,s,209,210.0,False,2032.25,2032.5
11688,1222,1209,s,209,219.0,False,2032.25,2034.75
11689,1248,2117,s,209,217.0,False,2032.25,2034.25
11690,1260,2117,s,209,211.0,False,2032.25,2032.75
11691,1275,1281,s,209,211.0,False,2032.25,2032.75
11692,1314,1763,s,209,230.0,False,2032.25,2037.5
11693,1356,1577,s,209,216.0,False,2032.25,2034.0
11694,1368,1747,s,209,210.0,False,2032.25,2032.5
11695,1368,1766,s,209,211.0,False,2032.25,2032.75
11696,1631,1625,s,209,211.0,False,2032.25,2032.75
11697,1636,1568,s,209,211.0,False,2032.25,2032.75
11698,1729,1281,s,209,218.0,False,2032.25,2034.5
11699,1737,1536,s,209,212.0,False,2032.25,2033.0
11700,1781,1574,s,209,215.0,False,2032.25,2033.75
11701,1919,1501,s,209,210.0,False,2032.25,2032.5
11702,1985,1238,s,209,212.0,False,2032.25,2033.0
11703,2063,1556,s,209,212.0,False,2032.25,2033.0
11704,940,1238,l,209,,True,2032.25,
11705,1368,1392,l,209,220.0,True,2032.25,2035.0
11706,944,1032,l,209,,True,2032.25,
11707,1232,1535,l,209,,True,2032.25,
11708,394,1501,l,209,,True,2032.25,
11709,1487,1501,l,209,231.0,True,2032.25,2037.75
11710,1636,1721,l,209,,True,2032.25,
11711,561,1271,s,210,215.0,False,2032.5,2033.75
11712,909,1203,s,210,211.0,False,2032.5,2032.75
11713,913,302,s,210,211.0,False,2032.5,2032.75
11714,936,336,s,210,216.0,False,2032.5,2034.0
11715,1198,1535,s,210,211.0,False,2032.5,2032.75
11716,1248,1556,s,210,211.0,False,2032.5,2032.75
11717,1291,2116,s,210,216.0,False,2032.5,2034.0
11718,1431,2000,s,210,212.0,False,2032.5,2033.0
11719,1636,1501,s,210,210.0,False,2032.5,2032.5
11720,1682,1754,s,210,219.0,False,2032.5,2034.75
11721,1685,1720,s,210,212.0,False,2032.5,2033.0
11722,1685,1845,s,210,213.0,False,2032.5,2033.25
11723,1685,1874,s,210,218.0,False,2032.5,2034.5
11724,1837,793,s,210,210.0,False,2032.5,2032.5
11725,1847,2117,s,210,213.0,False,2032.5,2033.25
11726,2084,1536,s,210,224.0,False,2032.5,2036.0
11727,2084,1721,s,210,213.0,False,2032.5,2033.25
11728,2084,1852,s,210,218.0,False,2032.5,2034.5
11729,2084,1874,s,210,218.0,False,2032.5,2034.5
11730,2143,2117,s,210,211.0,False,2032.5,2032.75
11731,172,313,s,210,216.0,False,2032.5,2034.0
11732,172,1209,s,210,216.0,False,2032.5,2034.0
11733,754,1028,s,210,212.0,False,2032.5,2033.0
11734,1155,1203,s,210,210.0,False,2032.5,2032.5
11735,1155,1536,s,210,215.0,False,2032.5,2033.75
11736,1155,1853,s,210,218.0,False,2032.5,2034.5
11737,1184,1725,s,210,215.0,False,2032.5,2033.75
11738,1275,1577,s,210,210.0,False,2032.5,2032.5
11739,1314,1473,s,210,220.0,False,2032.5,2035.0
11740,1479,1535,s,210,211.0,False,2032.5,2032.75
11741,1575,1777,s,210,211.0,False,2032.5,2032.75
11742,1575,1852,s,210,224.0,False,2032.5,2036.0
11743,1631,1777,s,210,215.0,False,2032.5,2033.75
11744,1685,1559,s,210,214.0,False,2032.5,2033.5
11745,1685,2000,s,210,211.0,False,2032.5,2032.75
11746,1729,1203,s,210,220.0,False,2032.5,2035.0
11747,1729,1370,s,210,211.0,False,2032.5,2032.75
11748,1731,2000,s,210,228.0,False,2032.5,2037.0
11749,1740,1777,s,210,212.0,False,2032.5,2033.0
11750,2084,1370,s,210,224.0,False,2032.5,2036.0
11751,2123,1028,s,210,211.0,False,2032.5,2032.75
11752,482,942,s,210,213.0,False,2032.5,2033.25
11753,630,689,s,210,217.0,False,2032.5,2034.25
11754,1198,1747,s,210,216.0,False,2032.5,2034.0
11755,1263,1392,s,210,216.0,False,2032.5,2034.0
11756,1263,1486,s,210,214.0,False,2032.5,2033.5
11757,1292,1271,s,210,222.0,False,2032.5,2035.5
11758,1317,1559,s,210,215.0,False,2032.5,2033.75
11759,1356,1747,s,210,215.0,False,2032.5,2033.75
11760,1479,1574,s,210,230.0,False,2032.5,2037.5
11761,1575,1473,s,210,212.0,False,2032.5,2033.0
11762,1575,1535,s,210,211.0,False,2032.5,2032.75
11763,1575,1763,s,210,211.0,False,2032.5,2032.75
11764,1631,2117,s,210,211.0,False,2032.5,2032.75
11765,1729,1240,s,210,221.0,False,2032.5,2035.25
11766,1740,1845,s,210,216.0,False,2032.5,2034.0
11767,1781,1777,s,210,240.0,False,2032.5,2040.0
11768,1985,1028,s,210,215.0,False,2032.5,2033.75
11769,482,1271,l,210,214.0,True,2032.5,2033.5
11770,1682,1501,l,210,,True,2032.5,
11771,351,762,l,210,,True,2032.5,
11772,521,1028,l,210,224.0,True,2032.5,2036.0
11773,1222,1559,l,210,218.0,True,2032.5,2034.5
11774,1263,1540,l,210,,True,2032.5,
11775,1479,2117,l,210,,True,2032.5,
11776,1314,1535,l,210,215.0,True,2032.5,2033.75
11777,1685,1777,l,210,220.0,True,2032.5,2035.0
11778,30,679,s,211,212.0,False,2032.75,2033.0
11779,34,1535,s,211,224.0,False,2032.75,2036.0
11780,351,1319,s,211,216.0,False,2032.75,2034.0
11781,521,224,s,211,214.0,False,2032.75,2033.5
11782,561,90,s,211,217.0,False,2032.75,2034.25
11783,1155,1188,s,211,220.0,False,2032.75,2035.0
11784,1157,1852,s,211,212.0,False,2032.75,2033.0
11785,1189,1361,s,211,214.0,False,2032.75,2033.5
11786,1248,1577,s,211,211.0,False,2032.75,2032.75
11787,1260,1574,s,211,215.0,False,2032.75,2033.75
11788,1265,1852,s,211,214.0,False,2032.75,2033.5
11789,1272,1574,s,211,212.0,False,2032.75,2033.0
11790,1314,1725,s,211,213.0,False,2032.75,2033.25
11791,1317,1188,s,211,215.0,False,2032.75,2033.75
11792,1575,1747,s,211,211.0,False,2032.75,2032.75
11793,1636,1535,s,211,211.0,False,2032.75,2032.75
11794,1636,2077,s,211,213.0,False,2032.75,2033.25
11795,1675,1486,s,211,212.0,False,2032.75,2033.0
11796,1675,1763,s,211,213.0,False,2032.75,2033.25
11797,1682,1721,s,211,212.0,False,2032.75,2033.0
11798,1837,689,s,211,213.0,False,2032.75,2033.25
11799,1847,1874,s,211,222.0,False,2032.75,2035.5
11800,2084,1297,s,211,231.0,False,2032.75,2037.75
11801,2084,1761,s,211,212.0,False,2032.75,2033.0
11802,2084,2117,s,211,216.0,False,2032.75,2034.0
11803,87,1271,s,211,217.0,False,2032.75,2034.25
11804,351,800,s,211,214.0,False,2032.75,2033.5
11805,561,1508,s,211,213.0,False,2032.75,2033.25
11806,630,1271,s,211,212.0,False,2032.75,2033.0
11807,940,1240,s,211,213.0,False,2032.75,2033.25
11808,1088,1020,s,211,216.0,False,2032.75,2034.0
11809,1155,1203,s,211,224.0,False,2032.75,2036.0
11810,1155,1355,s,211,218.0,False,2032.75,2034.5
11811,1155,1392,s,211,224.0,False,2032.75,2036.0
11812,1239,1852,s,211,215.0,False,2032.75,2033.75
11813,1248,1852,s,211,217.0,False,2032.75,2034.25
11814,1260,1240,s,211,215.0,False,2032.75,2033.75
11815,1260,1625,s,211,217.0,False,2032.75,2034.25
11816,1263,1535,s,211,221.0,False,2032.75,2035.25
11817,1263,1747,s,211,216.0,False,2032.75,2034.0
11818,1575,2116,s,211,215.0,False,2032.75,2033.75
11819,1585,2000,s,211,214.0,False,2032.75,2033.5
11820,1636,1577,s,211,223.0,False,2032.75,2035.75
11821,1675,1852,s,211,213.0,False,2032.75,2033.25
11822,1685,2117,s,211,238.0,False,2032.75,2039.5
11823,1872,2000,s,211,212.0,False,2032.75,2033.0
11824,2084,1473,s,211,216.0,False,2032.75,2034.0
11825,2084,1602,s,211,212.0,False,2032.75,2033.0
11826,274,1238,s,211,212.0,False,2032.75,2033.0
11827,630,1321,s,211,213.0,False,2032.75,2033.25
11828,916,956,s,211,213.0,False,2032.75,2033.25
11829,1184,1370,s,211,212.0,False,2032.75,2033.0
11830,1189,1501,s,211,212.0,False,2032.75,2033.0
11831,1198,1625,s,211,219.0,False,2032.75,2034.75
11832,1248,1501,s,211,214.0,False,2032.75,2033.5
11833,1260,942,s,211,212.0,False,2032.75,2033.0
11834,1260,1331,s,211,212.0,False,2032.75,2033.0
11835,1260,1355,s,211,219.0,False,2032.75,2034.75
11836,1317,1535,s,211,212.0,False,2032.75,2033.0
11837,1431,1238,s,211,219.0,False,2032.75,2034.75
11838,1575,1536,s,211,215.0,False,2032.75,2033.75
11839,1631,1571,s,211,216.0,False,2032.75,2034.0
11840,1636,1571,s,211,215.0,False,2032.75,2033.75
11841,1636,1607,s,211,215.0,False,2032.75,2033.75
11842,1636,1625,s,211,213.0,False,2032.75,2033.25
11843,1636,1874,s,211,215.0,False,2032.75,2033.75
11844,1682,1625,s,211,221.0,False,2032.75,2035.25
11845,1682,1851,s,211,212.0,False,2032.75,2033.0
11846,1685,1763,s,211,223.0,False,2032.75,2035.75
11847,1729,800,s,211,212.0,False,2032.75,2033.0
11848,1729,1851,s,211,214.0,False,2032.75,2033.5
11849,2084,1571,s,211,212.0,False,2032.75,2033.0
11850,394,942,l,211,,True,2032.75,
11851,1396,1577,l,211,221.0,True,2032.75,2035.25
11852,936,679,l,211,232.0,True,2032.75,2038.0
11853,1263,1559,l,211,,True,2032.75,
11854,1781,1577,l,211,225.0,True,2032.75,2036.25
11855,204,1281,s,212,217.0,False,2033.0,2034.25
11856,204,1853,s,212,216.0,False,2033.0,2034.0
11857,754,224,s,212,217.0,False,2033.0,2034.25
11858,940,942,s,212,213.0,False,2033.0,2033.25
11859,1157,1209,s,212,215.0,False,2033.0,2033.75
11860,1184,1238,s,212,214.0,False,2033.0,2033.5
11861,1260,1238,s,212,224.0,False,2033.0,2036.0
11862,1260,1777,s,212,216.0,False,2033.0,2034.0
11863,1263,268,s,212,218.0,False,2033.0,2034.5
11864,1308,1577,s,212,222.0,False,2033.0,2035.5
11865,1314,1590,s,212,213.0,False,2033.0,2033.25
11866,1314,1777,s,212,229.0,False,2033.0,2037.25
11867,1317,1501,s,212,212.0,False,2033.0,2033.0
11868,1369,1574,s,212,212.0,False,2033.0,2033.0
11869,1396,1602,s,212,212.0,False,2033.0,2033.0
11870,1431,1577,s,212,215.0,False,2033.0,2033.75
11871,1511,1535,s,212,213.0,False,2033.0,2033.25
11872,1533,1777,s,212,212.0,False,2033.0,2033.0
11873,1575,1725,s,212,218.0,False,2033.0,2034.5
11874,1636,1370,s,212,218.0,False,2033.0,2034.5
11875,1636,1568,s,212,224.0,False,2033.0,2036.0
11876,1636,2000,s,212,212.0,False,2033.0,2033.0
11877,1682,1571,s,212,217.0,False,2033.0,2034.25
11878,1682,1574,s,212,216.0,False,2033.0,2034.0
11879,1837,1238,s,212,214.0,False,2033.0,2033.5
11880,1837,1699,s,212,219.0,False,2033.0,2034.75
11881,2028,302,s,212,214.0,False,2033.0,2033.5
11882,2122,340,s,212,216.0,False,2033.0,2034.0
11883,2208,302,s,212,212.0,False,2033.0,2033.0
11884,351,933,s,212,215.0,False,2033.0,2033.75
11885,351,1486,s,212,213.0,False,2033.0,2033.25
11886,351,1699,s,212,216.0,False,2033.0,2034.0
11887,1155,1852,s,212,221.0,False,2033.0,2035.25
11888,1198,1238,s,212,225.0,False,2033.0,2036.25
11889,1198,1577,s,212,224.0,False,2033.0,2036.0
11890,1222,268,s,212,222.0,False,2033.0,2035.5
11891,1248,1574,s,212,226.0,False,2033.0,2036.5
11892,1260,689,s,212,212.0,False,2033.0,2033.0
11893,1260,1761,s,212,218.0,False,2033.0,2034.5
11894,1263,1574,s,212,213.0,False,2033.0,2033.25
11895,1291,1577,s,212,220.0,False,2033.0,2035.0
11896,1434,1747,s,212,213.0,False,2033.0,2033.25
11897,1455,1297,s,212,217.0,False,2033.0,2034.25
11898,1479,2000,s,212,213.0,False,2033.0,2033.25
11899,1523,1568,s,212,215.0,False,2033.0,2033.75
11900,1636,1720,s,212,220.0,False,2033.0,2035.0
11901,1636,1777,s,212,215.0,False,2033.0,2033.75
11902,1685,1501,s,212,215.0,False,2033.0,2033.75
11903,1685,1721,s,212,217.0,False,2033.0,2034.25
11904,1685,2000,s,212,219.0,False,2033.0,2034.75
11905,1729,1852,s,212,213.0,False,2033.0,2033.25
11906,2084,1559,s,212,214.0,False,2033.0,2033.5
11907,2185,1574,s,212,213.0,False,2033.0,2033.25
11908,262,1203,s,212,214.0,False,2033.0,2033.5
11909,351,1028,s,212,217.0,False,2033.0,2034.25
11910,394,1577,s,212,218.0,False,2033.0,2034.5
11911,1157,1331,s,212,219.0,False,2033.0,2034.75
11912,1157,1556,s,212,213.0,False,2033.0,2033.25
11913,1198,1574,s,212,216.0,False,2033.0,2034.0
11914,1260,2117,s,212,217.0,False,2033.0,2034.25
11915,1263,1777,s,212,230.0,False,2033.0,2037.5
11916,1275,1577,s,212,213.0,False,2033.0,2033.25
11917,1317,1777,s,212,219.0,False,2033.0,2034.75
11918,1368,1634,s,212,218.0,False,2033.0,2034.5
11919,1431,2117,s,212,224.0,False,2033.0,2036.0
11920,1455,1720,s,212,215.0,False,2033.0,2033.75
11921,1533,1568,s,212,220.0,False,2033.0,2035.0
11922,1533,2000,s,212,225.0,False,2033.0,2036.25
11923,1551,1574,s,212,237.0,False,2033.0,2039.25
11924,1685,1536,s,212,214.0,False,2033.0,2033.5
11925,1533,2117,l,212,,True,2033.0,
11926,1682,1209,l,212,,True,2033.0,
11927,1682,1370,l,212,229.0,True,2033.0,2037.25
11928,1685,1625,l,212,,True,2033.0,
11929,1847,1845,l,212,,True,2033.0,
11930,1260,1568,l,212,227.0,True,2033.0,2036.75
11931,1291,1574,l,212,213.0,True,2033.0,2033.25
11932,1533,1559,l,212,222.0,True,2033.0,2035.5
11933,1685,1568,l,212,,True,2033.0,
11934,1291,1238,l,212,,True,2033.0,
11935,1434,1559,l,212,,True,2033.0,
11936,1479,1777,l,212,214.0,True,2033.0,2033.5
11937,1551,1571,l,212,227.0,True,2033.0,2036.75
11938,1655,1501,l,212,,True,2033.0,
11939,87,1203,s,213,215.0,False,2033.25,2033.75
11940,255,942,s,213,215.0,False,2033.25,2033.75
11941,262,1574,s,213,214.0,False,2033.25,2033.5
11942,351,1370,s,213,214.0,False,2033.25,2033.5
11943,630,1853,s,213,222.0,False,2033.25,2035.5
11944,848,956,s,213,219.0,False,2033.25,2034.75
11945,1155,1297,s,213,216.0,False,2033.25,2034.0
11946,1155,2117,s,213,216.0,False,2033.25,2034.0
11947,1157,1625,s,213,226.0,False,2033.25,2036.5
11948,1189,1568,s,213,214.0,False,2033.25,2033.5
11949,1206,1577,s,213,222.0,False,2033.25,2035.5
11950,1222,1574,s,213,215.0,False,2033.25,2033.75
11951,1248,942,s,213,215.0,False,2033.25,2033.75
11952,1260,1699,s,213,235.0,False,2033.25,2038.75
11953,1265,1577,s,213,239.0,False,2033.25,2039.75
11954,1291,1331,s,213,215.0,False,2033.25,2033.75
11955,1479,1720,s,213,215.0,False,2033.25,2033.75
11956,1569,2117,s,213,213.0,False,2033.25,2033.25
11957,1675,1319,s,213,215.0,False,2033.25,2033.75
11958,1675,1568,s,213,216.0,False,2033.25,2034.0
11959,1682,1536,s,213,215.0,False,2033.25,2033.75
11960,1729,1699,s,213,220.0,False,2033.25,2035.0
11961,1729,1725,s,213,222.0,False,2033.25,2035.5
11962,1847,1777,s,213,220.0,False,2033.25,2035.0
11963,2049,2004,s,213,215.0,False,2033.25,2033.75
11964,2084,1568,s,213,213.0,False,2033.25,2033.25
11965,2122,1032,s,213,216.0,False,2033.25,2034.0
11966,2167,1725,s,213,215.0,False,2033.25,2033.75
11967,30,224,s,213,216.0,False,2033.25,2034.0
11968,172,1321,s,213,219.0,False,2033.25,2034.75
11969,351,1281,s,213,215.0,False,2033.25,2033.75
11970,909,1028,s,213,215.0,False,2033.25,2033.75
11971,944,302,s,213,218.0,False,2033.25,2034.5
11972,1157,1571,s,213,222.0,False,2033.25,2035.5
11973,1244,1725,s,213,224.0,False,2033.25,2036.0
11974,1260,1577,s,213,221.0,False,2033.25,2035.25
11975,1263,1361,s,213,215.0,False,2033.25,2033.75
11976,1263,1852,s,213,221.0,False,2033.25,2035.25
11977,1263,2000,s,213,214.0,False,2033.25,2033.5
11978,1396,2000,s,213,227.0,False,2033.25,2036.75
11979,1431,2000,s,213,214.0,False,2033.25,2033.5
11980,1434,1777,s,213,214.0,False,2033.25,2033.5
11981,1523,1535,s,213,215.0,False,2033.25,2033.75
11982,1555,1568,s,213,220.0,False,2033.25,2035.0
11983,1636,2000,s,213,215.0,False,2033.25,2033.75
11984,1682,1720,s,213,216.0,False,2033.25,2034.0
11985,2084,1535,s,213,218.0,False,2033.25,2034.5
11986,2084,1725,s,213,215.0,False,2033.25,2033.75
11987,274,313,s,213,216.0,False,2033.25,2034.0
11988,351,1238,s,213,217.0,False,2033.25,2034.25
11989,561,793,s,213,219.0,False,2033.25,2034.75
11990,630,224,s,213,214.0,False,2033.25,2033.5
11991,630,1203,s,213,214.0,False,2033.25,2033.5
11992,754,340,s,213,219.0,False,2033.25,2034.75
11993,936,793,s,213,216.0,False,2033.25,2034.0
11994,1189,1501,s,213,218.0,False,2033.25,2034.5
11995,1222,1473,s,213,219.0,False,2033.25,2034.75
11996,1239,1501,s,213,217.0,False,2033.25,2034.25
11997,1263,1501,s,213,218.0,False,2033.25,2034.5
11998,1275,1559,s,213,217.0,False,2033.25,2034.25
11999,1291,2000,s,213,217.0,False,2033.25,2034.25
12000,1314,2117,s,213,218.0,False,2033.25,2034.5
12001,1317,1747,s,213,215.0,False,2033.25,2033.75
12002,1431,1501,s,213,214.0,False,2033.25,2033.5
12003,1573,2000,s,213,214.0,False,2033.25,2033.5
12004,1585,1777,s,213,219.0,False,2033.25,2034.75
12005,1631,1577,s,213,223.0,False,2033.25,2035.75
12006,1684,1777,s,213,214.0,False,2033.25,2033.5
12007,1685,1720,s,213,216.0,False,2033.25,2034.0
12008,1705,1392,s,213,214.0,False,2033.25,2033.5
12009,1155,1574,l,213,,True,2033.25,
12010,1244,2117,l,213,,True,2033.25,
12011,1685,1574,l,213,,True,2033.25,
12012,1729,1852,l,213,,True,2033.25,
12013,351,1851,l,213,,True,2033.25,
12014,848,762,l,213,,True,2033.25,
12015,966,340,l,213,231.0,True,2033.25,2037.75
12016,1317,1851,l,213,229.0,True,2033.25,2037.25
12017,96,302,l,213,216.0,True,2033.25,2034.0
12018,172,224,l,213,,True,2033.25,
12019,1294,2000,l,213,240.0,True,2033.25,2040.0
12020,30,406,s,214,222.0,False,2033.5,2035.5
12021,172,1238,s,214,216.0,False,2033.5,2034.0
12022,330,689,s,214,215.0,False,2033.5,2033.75
12023,1260,2116,s,214,217.0,False,2033.5,2034.25
12024,1314,2000,s,214,227.0,False,2033.5,2036.75
12025,1317,1370,s,214,218.0,False,2033.5,2034.5
12026,1431,1853,s,214,221.0,False,2033.5,2035.25
12027,1631,1318,s,214,216.0,False,2033.5,2034.0
12028,1636,1574,s,214,217.0,False,2033.5,2034.25
12029,1636,1602,s,214,218.0,False,2033.5,2034.5
12030,1675,1852,s,214,218.0,False,2033.5,2034.5
12031,1729,1319,s,214,217.0,False,2033.5,2034.25
12032,1837,224,s,214,218.0,False,2033.5,2034.5
12033,1837,1028,s,214,217.0,False,2033.5,2034.25
12034,30,762,s,214,222.0,False,2033.5,2035.5
12035,394,406,s,214,216.0,False,2033.5,2034.0
12036,705,1508,s,214,216.0,False,2033.5,2034.0
12037,936,1032,s,214,226.0,False,2033.5,2036.5
12038,940,313,s,214,225.0,False,2033.5,2036.25
12039,944,762,s,214,214.0,False,2033.5,2033.5
12040,1099,406,s,214,217.0,False,2033.5,2034.25
12041,1157,268,s,214,215.0,False,2033.5,2033.75
12042,1198,1501,s,214,217.0,False,2033.5,2034.25
12043,1314,1568,s,214,225.0,False,2033.5,2036.25
12044,1368,1501,s,214,222.0,False,2033.5,2035.5
12045,1434,1725,s,214,215.0,False,2033.5,2033.75
12046,1533,1583,s,214,219.0,False,2033.5,2034.75
12047,1575,1777,s,214,215.0,False,2033.5,2033.75
12048,1682,1508,s,214,216.0,False,2033.5,2034.0
12049,1682,2116,s,214,216.0,False,2033.5,2034.0
12050,1731,1845,s,214,216.0,False,2033.5,2034.0
12051,351,1501,s,214,237.0,False,2033.5,2039.25
12052,630,1281,s,214,215.0,False,2033.5,2033.75
12053,705,1188,s,214,216.0,False,2033.5,2034.0
12054,1155,1238,s,214,223.0,False,2033.5,2035.75
12055,1157,1852,s,214,241.0,False,2033.5,2040.25
12056,1222,1203,s,214,225.0,False,2033.5,2036.25
12057,1314,1203,s,214,221.0,False,2033.5,2035.25
12058,1368,2117,s,214,223.0,False,2033.5,2035.75
12059,1434,2117,s,214,216.0,False,2033.5,2034.0
12060,1479,1238,s,214,222.0,False,2033.5,2035.5
12061,1479,1777,s,214,220.0,False,2033.5,2035.0
12062,1682,1281,s,214,227.0,False,2033.5,2036.75
12063,1682,1777,s,214,217.0,False,2033.5,2034.25
12064,1688,1574,s,214,228.0,False,2033.5,2037.0
12065,1729,1361,s,214,218.0,False,2033.5,2034.5
12066,2084,1853,s,214,215.0,False,2033.5,2033.75
12067,2084,1915,s,214,221.0,False,2033.5,2035.25
12068,394,1508,l,214,,True,2033.5,
12069,913,1281,l,214,219.0,True,2033.5,2034.75
12070,2185,1501,l,214,,True,2033.5,
12071,1155,1501,l,214,,True,2033.5,
12072,1222,1577,l,214,218.0,True,2033.5,2034.5
12073,1705,1559,l,214,,True,2033.5,
12074,351,1508,s,215,215.0,False,2033.75,2033.75
12075,561,360,s,215,219.0,False,2033.75,2034.75
12076,630,1319,s,215,217.0,False,2033.75,2034.25
12077,849,679,s,215,220.0,False,2033.75,2035.0
12078,940,1281,s,215,222.0,False,2033.75,2035.5
12079,1157,1392,s,215,215.0,False,2033.75,2033.75
12080,1222,1281,s,215,223.0,False,2033.75,2035.75
12081,1222,1625,s,215,221.0,False,2033.75,2035.25
12082,1260,1264,s,215,215.0,False,2033.75,2033.75
12083,1260,1536,s,215,220.0,False,2033.75,2035.0
12084,1260,2000,s,215,218.0,False,2033.75,2034.5
12085,1263,1240,s,215,218.0,False,2033.75,2034.5
12086,1291,1361,s,215,217.0,False,2033.75,2034.25
12087,1317,1501,s,215,217.0,False,2033.75,2034.25
12088,1431,1568,s,215,215.0,False,2033.75,2033.75
12089,1555,1853,s,215,230.0,False,2033.75,2037.5
12090,1682,1271,s,215,218.0,False,2033.75,2034.5
12091,1682,1763,s,215,217.0,False,2033.75,2034.25
12092,1837,689,s,215,219.0,False,2033.75,2034.75
12093,1847,2117,s,215,221.0,False,2033.75,2035.25
12094,1919,1874,s,215,227.0,False,2033.75,2036.75
12095,936,1028,s,215,224.0,False,2033.75,2036.0
12096,1157,1271,s,215,219.0,False,2033.75,2034.75
12097,1294,1238,s,215,221.0,False,2033.75,2035.25
12098,1317,1763,s,215,226.0,False,2033.75,2036.5
12099,1374,1851,s,215,216.0,False,2033.75,2034.0
12100,1434,1625,s,215,224.0,False,2033.75,2036.0
12101,1523,2117,s,215,222.0,False,2033.75,2035.5
12102,1533,1720,s,215,217.0,False,2033.75,2034.25
12103,1555,1777,s,215,216.0,False,2033.75,2034.0
12104,1575,1556,s,215,220.0,False,2033.75,2035.0
12105,1636,1535,s,215,220.0,False,2033.75,2035.0
12106,1837,1271,s,215,217.0,False,2033.75,2034.25
12107,2185,1577,s,215,224.0,False,2033.75,2036.0
12108,172,268,s,215,219.0,False,2033.75,2034.75
12109,913,942,s,215,226.0,False,2033.75,2036.5
12110,944,956,s,215,216.0,False,2033.75,2034.0
12111,1222,689,s,215,220.0,False,2033.75,2035.0
12112,1222,1852,s,215,223.0,False,2033.75,2035.75
12113,1260,1501,s,215,235.0,False,2033.75,2038.75
12114,1260,1535,s,215,219.0,False,2033.75,2034.75
12115,1265,1535,s,215,218.0,False,2033.75,2034.5
12116,1291,268,s,215,219.0,False,2033.75,2034.75
12117,1314,1535,s,215,216.0,False,2033.75,2034.0
12118,1356,1777,s,215,222.0,False,2033.75,2035.5
12119,1369,1188,s,215,216.0,False,2033.75,2034.0
12120,1431,1535,s,215,219.0,False,2033.75,2034.75
12121,1431,1777,s,215,216.0,False,2033.75,2034.0
12122,1434,1473,s,215,217.0,False,2033.75,2034.25
12123,1434,1777,s,215,,False,2033.75,
12124,1479,1416,s,215,217.0,False,2033.75,2034.25
12125,1636,1536,s,215,218.0,False,2033.75,2034.5
12126,1157,1370,l,215,,True,2033.75,
12127,351,1568,l,215,237.0,True,2033.75,2039.25
12128,1260,1574,l,215,243.0,True,2033.75,2040.75
12129,1317,1602,l,215,241.0,True,2033.75,2040.25
12130,1729,1370,l,215,,True,2033.75,
12131,172,360,l,215,238.0,True,2033.75,2039.5
12132,944,1028,l,215,219.0,True,2033.75,2034.75
12133,1523,1577,l,215,,True,2033.75,
12134,1636,1761,l,215,,True,2033.75,
12135,1636,2000,l,215,236.0,True,2033.75,2039.0
12136,351,268,s,216,217.0,False,2034.0,2034.25
12137,394,1238,s,216,217.0,False,2034.0,2034.25
12138,754,302,s,216,223.0,False,2034.0,2035.75
12139,936,340,s,216,216.0,False,2034.0,2034.0
12140,1099,302,s,216,216.0,False,2034.0,2034.0
12141,1155,1577,s,216,226.0,False,2034.0,2036.5
12142,1157,1209,s,216,218.0,False,2034.0,2034.5
12143,1157,2117,s,216,217.0,False,2034.0,2034.25
12144,1189,1559,s,216,219.0,False,2034.0,2034.75
12145,1314,1271,s,216,220.0,False,2034.0,2035.0
12146,1314,1577,s,216,226.0,False,2034.0,2036.5
12147,1317,1559,s,216,222.0,False,2034.0,2035.5
12148,1431,1574,s,216,218.0,False,2034.0,2034.5
12149,1431,1577,s,216,225.0,False,2034.0,2036.25
12150,1479,1535,s,216,223.0,False,2034.0,2035.75
12151,1479,1852,s,216,218.0,False,2034.0,2034.5
12152,1523,1720,s,216,224.0,False,2034.0,2036.0
12153,1636,1625,s,216,220.0,False,2034.0,2035.0
12154,1636,1852,s,216,216.0,False,2034.0,2034.0
12155,1640,1281,s,216,216.0,False,2034.0,2034.0
12156,1837,1321,s,216,218.0,False,2034.0,2034.5
12157,2143,2117,s,216,216.0,False,2034.0,2034.0
12158,30,793,s,216,220.0,False,2034.0,2035.0
12159,351,1331,s,216,220.0,False,2034.0,2035.0
12160,630,224,s,216,218.0,False,2034.0,2034.5
12161,1155,1240,s,216,220.0,False,2034.0,2035.0
12162,1157,1568,s,216,217.0,False,2034.0,2034.25
12163,1184,1209,s,216,218.0,False,2034.0,2034.5
12164,1222,1574,s,216,227.0,False,2034.0,2036.75
12165,1222,1766,s,216,220.0,False,2034.0,2035.0
12166,1260,1331,s,216,219.0,False,2034.0,2034.75
12167,1263,1271,s,216,217.0,False,2034.0,2034.25
12168,1263,1590,s,216,220.0,False,2034.0,2035.0
12169,1317,1297,s,216,216.0,False,2034.0,2034.0
12170,1317,1361,s,216,221.0,False,2034.0,2035.25
12171,1356,1331,s,216,223.0,False,2034.0,2035.75
12172,1431,2116,s,216,223.0,False,2034.0,2035.75
12173,1555,2117,s,216,217.0,False,2034.0,2034.25
12174,1575,1473,s,216,218.0,False,2034.0,2034.5
12175,1575,1777,s,216,226.0,False,2034.0,2036.5
12176,1781,1625,s,216,216.0,False,2034.0,2034.0
12177,1847,1625,s,216,218.0,False,2034.0,2034.5
12178,2084,1540,s,216,217.0,False,2034.0,2034.25
12179,2084,1721,s,216,217.0,False,2034.0,2034.25
12180,2084,1777,s,216,216.0,False,2034.0,2034.0
12181,30,1028,s,216,219.0,False,2034.0,2034.75
12182,150,360,s,216,220.0,False,2034.0,2035.0
12183,172,1319,s,216,220.0,False,2034.0,2035.0
12184,561,1501,s,216,225.0,False,2034.0,2036.25
12185,913,259,s,216,222.0,False,2034.0,2035.5
12186,916,90,s,216,221.0,False,2034.0,2035.25
12187,1155,1014,s,216,218.0,False,2034.0,2034.5
12188,1189,942,s,216,223.0,False,2034.0,2035.75
12189,1198,1188,s,216,217.0,False,2034.0,2034.25
12190,1260,942,s,216,219.0,False,2034.0,2034.75
12191,1260,1271,s,216,224.0,False,2034.0,2036.0
12192,1260,1851,s,216,222.0,False,2034.0,2035.5
12193,1263,2117,s,216,217.0,False,2034.0,2034.25
12194,1291,1852,s,216,221.0,False,2034.0,2035.25
12195,1317,2000,s,216,226.0,False,2034.0,2036.5
12196,1369,1568,s,216,225.0,False,2034.0,2036.25
12197,1434,1574,s,216,220.0,False,2034.0,2035.0
12198,1533,1590,s,216,218.0,False,2034.0,2034.5
12199,1636,1501,s,216,224.0,False,2034.0,2036.0
12200,1682,1361,s,216,220.0,False,2034.0,2035.0
12201,1685,1535,s,216,221.0,False,2034.0,2035.25
12202,1729,1209,s,216,217.0,False,2034.0,2034.25
12203,1737,1720,s,216,220.0,False,2034.0,2035.0
12204,1824,1625,s,216,218.0,False,2034.0,2034.5
12205,1837,793,s,216,217.0,False,2034.0,2034.25
12206,1837,1238,s,216,218.0,False,2034.0,2034.5
12207,521,956,l,216,232.0,True,2034.0,2038.0
12208,1260,1634,l,216,,True,2034.0,
12209,1533,1777,l,216,223.0,True,2034.0,2035.75
12210,739,1508,l,216,225.0,True,2034.0,2036.25
12211,1260,1571,l,216,,True,2034.0,
12212,1431,1590,l,216,,True,2034.0,
12213,1431,1754,l,216,,True,2034.0,
12214,909,268,l,216,,True,2034.0,
12215,1263,1203,l,216,223.0,True,2034.0,2035.75
12216,1317,1297,l,216,239.0,True,2034.0,2039.75
12217,1682,1536,l,216,224.0,True,2034.0,2036.0
12218,1837,1319,l,216,241.0,True,2034.0,2040.25
12219,1847,1747,l,216,,True,2034.0,
12220,561,1271,s,217,221.0,False,2034.25,2035.25
12221,936,942,s,217,225.0,False,2034.25,2036.25
12222,940,1028,s,217,223.0,False,2034.25,2035.75
12223,1198,1853,s,217,218.0,False,2034.25,2034.5
12224,1239,2000,s,217,222.0,False,2034.25,2035.5
12225,1248,1501,s,217,217.0,False,2034.25,2034.25
12226,1260,1361,s,217,219.0,False,2034.25,2034.75
12227,1260,1852,s,217,229.0,False,2034.25,2037.25
12228,1263,2222,s,217,222.0,False,2034.25,2035.5
12229,1275,1574,s,217,218.0,False,2034.25,2034.5
12230,1291,1725,s,217,221.0,False,2034.25,2035.25
12231,1314,689,s,217,220.0,False,2034.25,2035.0
12232,1431,1486,s,217,219.0,False,2034.25,2034.75
12233,1431,2000,s,217,225.0,False,2034.25,2036.25
12234,1479,1720,s,217,217.0,False,2034.25,2034.25
12235,1479,1725,s,217,219.0,False,2034.25,2034.75
12236,1631,1574,s,217,219.0,False,2034.25,2034.75
12237,1631,2117,s,217,221.0,False,2034.25,2035.25
12238,1636,1559,s,217,221.0,False,2034.25,2035.25
12239,1675,1763,s,217,219.0,False,2034.25,2034.75
12240,1682,1853,s,217,221.0,False,2034.25,2035.25
12241,1729,1014,s,217,223.0,False,2034.25,2035.75
12242,2084,2117,s,217,224.0,False,2034.25,2036.0
12243,909,1319,s,217,220.0,False,2034.25,2035.0
12244,1239,1238,s,217,220.0,False,2034.25,2035.0
12245,1260,268,s,217,224.0,False,2034.25,2036.0
12246,1260,1559,s,217,223.0,False,2034.25,2035.75
12247,1263,1574,s,217,222.0,False,2034.25,2035.5
12248,1314,1281,s,217,219.0,False,2034.25,2034.75
12249,1314,1536,s,217,217.0,False,2034.25,2034.25
12250,1396,1777,s,217,225.0,False,2034.25,2036.25
12251,1479,1853,s,217,225.0,False,2034.25,2036.25
12252,1555,1625,s,217,220.0,False,2034.25,2035.0
12253,1555,1852,s,217,218.0,False,2034.25,2034.5
12254,1573,2117,s,217,223.0,False,2034.25,2035.75
12255,1631,1501,s,217,218.0,False,2034.25,2034.5
12256,1636,1331,s,217,219.0,False,2034.25,2034.75
12257,1682,2116,s,217,219.0,False,2034.25,2034.75
12258,1736,1777,s,217,224.0,False,2034.25,2036.0
12259,351,1577,s,217,219.0,False,2034.25,2034.75
12260,561,259,s,217,223.0,False,2034.25,2035.75
12261,630,268,s,217,219.0,False,2034.25,2034.75
12262,940,1203,s,217,218.0,False,2034.25,2034.5
12263,1198,1473,s,217,218.0,False,2034.25,2034.5
12264,1260,689,s,217,223.0,False,2034.25,2035.75
12265,1275,1281,s,217,218.0,False,2034.25,2034.5
12266,1291,1271,s,217,227.0,False,2034.25,2036.75
12267,1291,1574,s,217,218.0,False,2034.25,2034.5
12268,1314,1501,s,217,227.0,False,2034.25,2036.75
12269,1369,1777,s,217,226.0,False,2034.25,2036.5
12270,1431,1501,s,217,225.0,False,2034.25,2036.25
12271,1487,1720,s,217,218.0,False,2034.25,2034.5
12272,1490,1852,s,217,218.0,False,2034.25,2034.5
12273,1573,1501,s,217,219.0,False,2034.25,2034.75
12274,1575,1602,s,217,220.0,False,2034.25,2035.0
12275,1682,1574,s,217,219.0,False,2034.25,2034.75
12276,1682,1747,s,217,218.0,False,2034.25,2034.5
12277,1682,1851,s,217,221.0,False,2034.25,2035.25
12278,1729,942,s,217,222.0,False,2034.25,2035.5
12279,2084,1747,s,217,222.0,False,2034.25,2035.5
12280,482,1014,l,217,,True,2034.25,
12281,1263,1508,l,217,,True,2034.25,
12282,1263,2000,l,217,,True,2034.25,
12283,1631,1725,l,217,,True,2034.25,
12284,1847,1559,l,217,,True,2034.25,
12285,2084,1568,l,217,239.0,True,2034.25,2039.75
12286,1636,1777,l,217,220.0,True,2034.25,2035.0
12287,1682,1499,l,217,,True,2034.25,
12288,1837,1203,l,217,,True,2034.25,
12289,2084,1590,l,217,,True,2034.25,
12290,172,1238,s,218,221.0,False,2034.5,2035.25
12291,330,1271,s,218,218.0,False,2034.5,2034.5
12292,351,1238,s,218,222.0,False,2034.5,2035.5
12293,394,1271,s,218,227.0,False,2034.5,2036.75
12294,913,1852,s,218,221.0,False,2034.5,2035.25
12295,1099,406,s,218,218.0,False,2034.5,2034.5
12296,1155,1271,s,218,221.0,False,2034.5,2035.25
12297,1189,1319,s,218,232.0,False,2034.5,2038.0
12298,1260,1540,s,218,219.0,False,2034.5,2034.75
12299,1260,2117,s,218,218.0,False,2034.5,2034.5
12300,1263,1568,s,218,218.0,False,2034.5,2034.5
12301,1265,1556,s,218,219.0,False,2034.5,2034.75
12302,1291,1501,s,218,219.0,False,2034.5,2034.75
12303,1291,1590,s,218,222.0,False,2034.5,2035.5
12304,1314,1634,s,218,223.0,False,2034.5,2035.75
12305,1317,1535,s,218,219.0,False,2034.5,2034.75
12306,1555,1590,s,218,220.0,False,2034.5,2035.0
12307,1636,1852,s,218,220.0,False,2034.5,2035.0
12308,1737,1501,s,218,222.0,False,2034.5,2035.5
12309,1837,653,s,218,219.0,False,2034.5,2034.75
12310,1837,1209,s,218,220.0,False,2034.5,2035.0
12311,1887,1777,s,218,224.0,False,2034.5,2036.0
12312,30,302,s,218,221.0,False,2034.5,2035.25
12313,87,1188,s,218,224.0,False,2034.5,2036.0
12314,351,406,s,218,219.0,False,2034.5,2034.75
12315,351,1416,s,218,220.0,False,2034.5,2035.0
12316,630,1203,s,218,218.0,False,2034.5,2034.5
12317,1155,1559,s,218,225.0,False,2034.5,2036.25
12318,1157,1319,s,218,222.0,False,2034.5,2035.5
12319,1239,1361,s,218,221.0,False,2034.5,2035.25
12320,1248,1536,s,218,219.0,False,2034.5,2034.75
12321,1260,1297,s,218,220.0,False,2034.5,2035.0
12322,1260,1590,s,218,224.0,False,2034.5,2036.0
12323,1263,1264,s,218,226.0,False,2034.5,2036.5
12324,1314,1240,s,218,222.0,False,2034.5,2035.5
12325,1314,1392,s,218,225.0,False,2034.5,2036.25
12326,1434,1725,s,218,220.0,False,2034.5,2035.0
12327,1555,1777,s,218,220.0,False,2034.5,2035.0
12328,1631,1535,s,218,229.0,False,2034.5,2037.25
12329,1636,1571,s,218,225.0,False,2034.5,2036.25
12330,1675,1535,s,218,228.0,False,2034.5,2037.0
12331,1682,2077,s,218,221.0,False,2034.5,2035.25
12332,1847,2000,s,218,219.0,False,2034.5,2034.75
12333,2084,1721,s,218,218.0,False,2034.5,2034.5
12334,2208,167,s,218,220.0,False,2034.5,2035.0
12335,351,689,s,218,223.0,False,2034.5,2035.75
12336,351,1295,s,218,222.0,False,2034.5,2035.5
12337,351,1370,s,218,222.0,False,2034.5,2035.5
12338,630,1188,s,218,223.0,False,2034.5,2035.75
12339,1155,1536,s,218,223.0,False,2034.5,2035.75
12340,1157,1014,s,218,225.0,False,2034.5,2036.25
12341,1157,1240,s,218,219.0,False,2034.5,2034.75
12342,1157,1559,s,218,220.0,False,2034.5,2035.0
12343,1184,1540,s,218,219.0,False,2034.5,2034.75
12344,1317,1240,s,218,222.0,False,2034.5,2035.5
12345,1369,1271,s,218,221.0,False,2034.5,2035.25
12346,1455,1501,s,218,233.0,False,2034.5,2038.25
12347,1533,1536,s,218,242.0,False,2034.5,2040.5
12348,1575,1747,s,218,224.0,False,2034.5,2036.0
12349,1636,1747,s,218,224.0,False,2034.5,2036.0
12350,1675,1370,s,218,222.0,False,2034.5,2035.5
12351,1682,1321,s,218,220.0,False,2034.5,2035.0
12352,1685,1720,s,218,223.0,False,2034.5,2035.75
12353,1985,1203,s,218,219.0,False,2034.5,2034.75
12354,2084,1559,s,218,229.0,False,2034.5,2037.25
12355,2084,1777,s,218,225.0,False,2034.5,2036.25
12356,1479,1720,l,218,,True,2034.5,
12357,1675,1574,l,218,,True,2034.5,
12358,351,268,l,218,224.0,True,2034.5,2036.0
12359,1222,1297,l,218,,True,2034.5,
12360,1099,406,l,218,224.0,True,2034.5,2036.0
12361,1260,2117,l,218,,True,2034.5,
12362,1263,1568,l,218,,True,2034.5,
12363,1781,1790,l,218,,True,2034.5,
12364,30,942,s,219,223.0,False,2034.75,2035.75
12365,351,1028,s,219,219.0,False,2034.75,2034.75
12366,351,1281,s,219,220.0,False,2034.75,2035.0
12367,351,1319,s,219,221.0,False,2034.75,2035.25
12368,351,1508,s,219,229.0,False,2034.75,2037.25
12369,561,1020,s,219,220.0,False,2034.75,2035.0
12370,739,1203,s,219,220.0,False,2034.75,2035.0
12371,754,1032,s,219,223.0,False,2034.75,2035.75
12372,944,1028,s,219,221.0,False,2034.75,2035.25
12373,1157,1508,s,219,224.0,False,2034.75,2036.0
12374,1222,1577,s,219,,False,2034.75,
12375,1248,1238,s,219,235.0,False,2034.75,2038.75
12376,1248,1852,s,219,220.0,False,2034.75,2035.0
12377,1260,1188,s,219,220.0,False,2034.75,2035.0
12378,1263,2117,s,219,233.0,False,2034.75,2038.25
12379,1314,1238,s,219,221.0,False,2034.75,2035.25
12380,1479,1577,s,219,219.0,False,2034.75,2034.75
12381,1631,2000,s,219,221.0,False,2034.75,2035.25
12382,1682,1571,s,219,231.0,False,2034.75,2037.75
12383,1685,1852,s,219,223.0,False,2034.75,2035.75
12384,1740,1574,s,219,222.0,False,2034.75,2035.5
12385,2084,1725,s,219,223.0,False,2034.75,2035.75
12386,204,1281,s,219,221.0,False,2034.75,2035.25
12387,351,302,s,219,224.0,False,2034.75,2036.0
12388,351,1473,s,219,219.0,False,2034.75,2034.75
12389,940,614,s,219,222.0,False,2034.75,2035.5
12390,1155,224,s,219,223.0,False,2034.75,2035.75
12391,1198,1203,s,219,223.0,False,2034.75,2035.75
12392,1222,1370,s,219,235.0,False,2034.75,2038.75
12393,1239,1577,s,219,223.0,False,2034.75,2035.75
12394,1260,1482,s,219,238.0,False,2034.75,2039.5
12395,1260,2000,s,219,219.0,False,2034.75,2034.75
12396,1275,2000,s,219,220.0,False,2034.75,2035.0
12397,1291,1574,s,219,225.0,False,2034.75,2036.25
12398,1356,1574,s,219,224.0,False,2034.75,2036.0
12399,1575,2222,s,219,222.0,False,2034.75,2035.5
12400,1675,1501,s,219,221.0,False,2034.75,2035.25
12401,1781,1568,s,219,219.0,False,2034.75,2034.75
12402,172,1297,s,219,226.0,False,2034.75,2036.5
12403,330,933,s,219,229.0,False,2034.75,2037.25
12404,913,313,s,219,220.0,False,2034.75,2035.0
12405,1007,1577,s,219,226.0,False,2034.75,2036.5
12406,1157,1853,s,219,223.0,False,2034.75,2035.75
12407,1317,1725,s,219,225.0,False,2034.75,2036.25
12408,1479,1571,s,219,220.0,False,2034.75,2035.0
12409,1479,2116,s,219,224.0,False,2034.75,2036.0
12410,1523,1590,s,219,220.0,False,2034.75,2035.0
12411,1533,1720,s,219,220.0,False,2034.75,2035.0
12412,1551,1536,s,219,223.0,False,2034.75,2035.75
12413,1555,1559,s,219,224.0,False,2034.75,2036.0
12414,1555,2117,s,219,224.0,False,2034.75,2036.0
12415,1575,1535,s,219,226.0,False,2034.75,2036.5
12416,1675,1577,s,219,236.0,False,2034.75,2039.0
12417,1847,1720,s,219,221.0,False,2034.75,2035.25
12418,1291,2222,l,219,236.0,True,2034.75,2039.0
12419,1985,268,l,219,,True,2034.75,
12420,1265,1590,l,219,227.0,True,2034.75,2036.75
12421,262,1188,s,220,221.0,False,2035.0,2035.25
12422,351,2000,s,220,223.0,False,2035.0,2035.75
12423,1184,1281,s,220,222.0,False,2035.0,2035.5
12424,1198,1725,s,220,224.0,False,2035.0,2036.0
12425,1248,1559,s,220,223.0,False,2035.0,2035.75
12426,1260,1535,s,220,226.0,False,2035.0,2036.5
12427,1260,1777,s,220,225.0,False,2035.0,2036.25
12428,1260,2000,s,220,231.0,False,2035.0,2037.75
12429,1260,2116,s,220,222.0,False,2035.0,2035.5
12430,1291,1473,s,220,220.0,False,2035.0,2035.0
12431,1291,2000,s,220,222.0,False,2035.0,2035.5
12432,1317,1590,s,220,232.0,False,2035.0,2038.0
12433,1365,653,s,220,222.0,False,2035.0,2035.5
12434,1431,1574,s,220,221.0,False,2035.0,2035.25
12435,1551,1501,s,220,230.0,False,2035.0,2037.5
12436,1569,1577,s,220,223.0,False,2035.0,2035.75
12437,1636,1574,s,220,223.0,False,2035.0,2035.75
12438,1636,1777,s,220,222.0,False,2035.0,2035.5
12439,1666,2000,s,220,229.0,False,2035.0,2037.25
12440,1675,1754,s,220,221.0,False,2035.0,2035.25
12441,1682,1574,s,220,235.0,False,2035.0,2038.75
12442,1682,1777,s,220,232.0,False,2035.0,2038.0
12443,1781,1720,s,220,221.0,False,2035.0,2035.25
12444,1837,689,s,220,229.0,False,2035.0,2037.25
12445,1889,1747,s,220,224.0,False,2035.0,2036.0
12446,2143,1720,s,220,237.0,False,2035.0,2039.25
12447,2208,340,s,220,223.0,False,2035.0,2035.75
12448,561,1203,s,220,224.0,False,2035.0,2036.0
12449,940,1319,s,220,223.0,False,2035.0,2035.75
12450,1155,1508,s,220,221.0,False,2035.0,2035.25
12451,1157,1281,s,220,223.0,False,2035.0,2035.75
12452,1184,1240,s,220,223.0,False,2035.0,2035.75
12453,1244,1473,s,220,221.0,False,2035.0,2035.25
12454,1248,1577,s,220,225.0,False,2035.0,2036.25
12455,1263,1501,s,220,222.0,False,2035.0,2035.5
12456,1265,1535,s,220,226.0,False,2035.0,2036.5
12457,1291,1355,s,220,226.0,False,2035.0,2036.5
12458,1317,2116,s,220,239.0,False,2035.0,2039.75
12459,1434,1535,s,220,225.0,False,2035.0,2036.25
12460,1555,1602,s,220,222.0,False,2035.0,2035.5
12461,1575,1473,s,220,222.0,False,2035.0,2035.5
12462,1675,1602,s,220,222.0,False,2035.0,2035.5
12463,1682,1720,s,220,222.0,False,2035.0,2035.5
12464,1688,1577,s,220,222.0,False,2035.0,2035.5
12465,1729,1331,s,220,223.0,False,2035.0,2035.75
12466,1771,1777,s,220,225.0,False,2035.0,2036.25
12467,1918,2000,s,220,224.0,False,2035.0,2036.0
12468,172,268,s,220,221.0,False,2035.0,2035.25
12469,351,1699,s,220,230.0,False,2035.0,2037.5
12470,482,942,s,220,222.0,False,2035.0,2035.5
12471,630,2117,s,220,221.0,False,2035.0,2035.25
12472,754,1020,s,220,224.0,False,2035.0,2036.0
12473,916,259,s,220,221.0,False,2035.0,2035.25
12474,916,679,s,220,222.0,False,2035.0,2035.5
12475,944,302,s,220,226.0,False,2035.0,2036.5
12476,1099,302,s,220,227.0,False,2035.0,2036.75
12477,1157,1392,s,220,221.0,False,2035.0,2035.25
12478,1184,1188,s,220,223.0,False,2035.0,2035.75
12479,1198,689,s,220,222.0,False,2035.0,2035.5
12480,1198,1361,s,220,223.0,False,2035.0,2035.75
12481,1232,942,s,220,222.0,False,2035.0,2035.5
12482,1260,1331,s,220,233.0,False,2035.0,2038.25
12483,1272,1720,s,220,231.0,False,2035.0,2037.75
12484,1292,1577,s,220,226.0,False,2035.0,2036.5
12485,1317,942,s,220,221.0,False,2035.0,2035.25
12486,1317,1392,s,220,225.0,False,2035.0,2036.25
12487,1479,1577,s,220,227.0,False,2035.0,2036.75
12488,1523,1777,s,220,222.0,False,2035.0,2035.5
12489,1551,1602,s,220,221.0,False,2035.0,2035.25
12490,1636,1536,s,220,229.0,False,2035.0,2037.25
12491,1655,1370,s,220,223.0,False,2035.0,2035.75
12492,1655,1574,s,220,221.0,False,2035.0,2035.25
12493,1682,1747,s,220,225.0,False,2035.0,2036.25
12494,1685,1501,s,220,223.0,False,2035.0,2035.75
12495,1685,1777,s,220,228.0,False,2035.0,2037.0
12496,2208,302,s,220,225.0,False,2035.0,2036.25
12497,262,1508,l,220,225.0,True,2035.0,2036.25
12498,1157,2000,l,220,,True,2035.0,
12499,1291,1501,l,220,,True,2035.0,
12500,1889,1777,l,220,,True,2035.0,
12501,351,1264,l,220,221.0,True,2035.0,2035.25
12502,1317,1271,l,220,,True,2035.0,
12503,1551,1674,l,220,,True,2035.0,
12504,172,1240,s,221,228.0,False,2035.25,2037.0
12505,351,406,s,221,221.0,False,2035.25,2035.25
12506,561,1028,s,221,222.0,False,2035.25,2035.5
12507,630,1240,s,221,226.0,False,2035.25,2036.5
12508,1155,1188,s,221,230.0,False,2035.25,2037.5
12509,1157,1720,s,221,226.0,False,2035.25,2036.5
12510,1198,1319,s,221,221.0,False,2035.25,2035.25
12511,1198,1853,s,221,226.0,False,2035.25,2036.5
12512,1232,1392,s,221,224.0,False,2035.25,2036.0
12513,1248,1271,s,221,224.0,False,2035.25,2036.0
12514,1263,1625,s,221,227.0,False,2035.25,2036.75
12515,1636,1720,s,221,222.0,False,2035.25,2035.5
12516,1781,2000,s,221,224.0,False,2035.25,2036.0
12517,1847,1577,s,221,223.0,False,2035.25,2035.75
12518,1918,1720,s,221,223.0,False,2035.25,2035.75
12519,351,1281,s,221,228.0,False,2035.25,2037.0
12520,909,1852,s,221,232.0,False,2035.25,2038.0
12521,936,302,s,221,222.0,False,2035.25,2035.5
12522,1157,1331,s,221,225.0,False,2035.25,2036.25
12523,1189,1238,s,221,224.0,False,2035.25,2036.0
12524,1222,2000,s,221,225.0,False,2035.25,2036.25
12525,1263,1319,s,221,229.0,False,2035.25,2037.25
12526,1263,1720,s,221,221.0,False,2035.25,2035.25
12527,1389,1473,s,221,224.0,False,2035.25,2036.0
12528,1511,1271,s,221,231.0,False,2035.25,2037.75
12529,1575,1559,s,221,222.0,False,2035.25,2035.5
12530,1855,2000,s,221,223.0,False,2035.25,2035.75
12531,172,1319,s,221,230.0,False,2035.25,2037.5
12532,394,1238,s,221,227.0,False,2035.25,2036.75
12533,422,302,s,221,222.0,False,2035.25,2035.5
12534,630,689,s,221,222.0,False,2035.25,2035.5
12535,1157,1240,s,221,226.0,False,2035.25,2036.5
12536,1291,1720,s,221,222.0,False,2035.25,2035.5
12537,1479,1777,s,221,223.0,False,2035.25,2035.75
12538,1575,2117,s,221,227.0,False,2035.25,2036.75
12539,1631,1721,s,221,223.0,False,2035.25,2035.75
12540,1682,1321,s,221,225.0,False,2035.25,2036.25
12541,1684,1577,s,221,230.0,False,2035.25,2037.5
12542,1729,2000,s,221,224.0,False,2035.25,2036.0
12543,1887,1501,s,221,227.0,False,2035.25,2036.75
12544,1919,2000,s,221,222.0,False,2035.25,2035.5
12545,2167,2000,s,221,223.0,False,2035.25,2035.75
12546,172,268,l,221,,True,2035.25,
12547,172,1209,l,221,,True,2035.25,
12548,1260,1577,l,221,,True,2035.25,
12549,1292,1720,l,221,,True,2035.25,
12550,1455,2117,l,221,,True,2035.25,
12551,1248,2117,l,221,222.0,True,2035.25,2035.5
12552,1291,1319,l,221,237.0,True,2035.25,2039.25
12553,1314,1188,l,221,,True,2035.25,
12554,1314,1271,l,221,,True,2035.25,
12555,1682,1679,l,221,,True,2035.25,
12556,30,1028,s,222,224.0,False,2035.5,2036.0
12557,172,679,s,222,223.0,False,2035.5,2035.75
12558,394,1319,s,222,222.0,False,2035.5,2035.5
12559,630,1203,s,222,227.0,False,2035.5,2036.75
12560,1155,1602,s,222,227.0,False,2035.5,2036.75
12561,1155,1720,s,222,222.0,False,2035.5,2035.5
12562,1157,1602,s,222,228.0,False,2035.5,2037.0
12563,1198,2117,s,222,232.0,False,2035.5,2038.0
12564,1248,1203,s,222,222.0,False,2035.5,2035.5
12565,1248,1725,s,222,222.0,False,2035.5,2035.5
12566,1260,1240,s,222,223.0,False,2035.5,2035.75
12567,1555,1535,s,222,223.0,False,2035.5,2035.75
12568,1682,1625,s,222,229.0,False,2035.5,2037.25
12569,1682,1818,s,222,234.0,False,2035.5,2038.5
12570,1705,1568,s,222,237.0,False,2035.5,2039.25
12571,1729,1209,s,222,229.0,False,2035.5,2037.25
12572,1729,1240,s,222,224.0,False,2035.5,2036.0
12573,1837,268,s,222,222.0,False,2035.5,2035.5
12574,1879,1571,s,222,228.0,False,2035.5,2037.0
12575,1918,1777,s,222,233.0,False,2035.5,2038.25
12576,2084,1535,s,222,225.0,False,2035.5,2036.25
12577,561,689,s,222,226.0,False,2035.5,2036.5
12578,1157,1568,s,222,225.0,False,2035.5,2036.25
12579,1232,1238,s,222,232.0,False,2035.5,2038.0
12580,1260,1540,s,222,225.0,False,2035.5,2036.25
12581,1291,942,s,222,231.0,False,2035.5,2037.75
12582,1314,2117,s,222,225.0,False,2035.5,2036.25
12583,1356,1501,s,222,225.0,False,2035.5,2036.25
12584,1431,1625,s,222,224.0,False,2035.5,2036.0
12585,1511,1602,s,222,232.0,False,2035.5,2038.0
12586,1523,1747,s,222,222.0,False,2035.5,2035.5
12587,1573,1577,s,222,223.0,False,2035.5,2035.75
12588,1675,1501,s,222,228.0,False,2035.5,2037.0
12589,1676,1536,s,222,228.0,False,2035.5,2037.0
12590,1729,1203,s,222,230.0,False,2035.5,2037.5
12591,1887,1747,s,222,226.0,False,2035.5,2036.5
12592,1887,2117,s,222,223.0,False,2035.5,2035.75
12593,2084,1602,s,222,225.0,False,2035.5,2036.25
12594,2143,1577,s,222,232.0,False,2035.5,2038.0
12595,87,942,s,222,223.0,False,2035.5,2035.75
12596,262,1188,s,222,224.0,False,2035.5,2036.0
12597,351,1473,s,222,227.0,False,2035.5,2036.75
12598,940,268,s,222,223.0,False,2035.5,2035.75
12599,940,1020,s,222,226.0,False,2035.5,2036.5
12600,1157,2117,s,222,223.0,False,2035.5,2035.75
12601,1184,1577,s,222,223.0,False,2035.5,2035.75
12602,1222,1473,s,222,235.0,False,2035.5,2038.75
12603,1239,1203,s,222,223.0,False,2035.5,2035.75
12604,1260,1415,s,222,224.0,False,2035.5,2036.0
12605,1263,1852,s,222,224.0,False,2035.5,2036.0
12606,1291,1568,s,222,223.0,False,2035.5,2035.75
12607,1314,1559,s,222,226.0,False,2035.5,2036.5
12608,1317,1319,s,222,229.0,False,2035.5,2037.25
12609,1317,1766,s,222,227.0,False,2035.5,2036.75
12610,1431,2222,s,222,223.0,False,2035.5,2035.75
12611,1434,1355,s,222,225.0,False,2035.5,2036.25
12612,1533,1625,s,222,227.0,False,2035.5,2036.75
12613,1675,1777,s,222,235.0,False,2035.5,2038.75
12614,1682,1590,s,222,233.0,False,2035.5,2038.25
12615,1729,1699,s,222,226.0,False,2035.5,2036.5
12616,1189,2117,l,222,240.0,True,2035.5,2040.0
12617,1555,1536,l,222,231.0,True,2035.5,2037.75
12618,2084,1571,l,222,235.0,True,2035.5,2038.75
12619,940,942,l,222,,True,2035.5,
12620,1260,1188,l,222,227.0,True,2035.5,2036.75
12621,1705,2117,l,222,,True,2035.5,
12622,351,1238,s,223,230.0,False,2035.75,2037.5
12623,351,1331,s,223,223.0,False,2035.75,2035.75
12624,1157,1559,s,223,224.0,False,2035.75,2036.0
12625,1222,689,s,223,224.0,False,2035.75,2036.0
12626,1260,1625,s,223,224.0,False,2035.75,2036.0
12627,1263,1503,s,223,225.0,False,2035.75,2036.25
12628,1263,1574,s,223,234.0,False,2035.75,2038.5
12629,1272,2000,s,223,224.0,False,2035.75,2036.0
12630,1317,1852,s,223,224.0,False,2035.75,2036.0
12631,1356,1720,s,223,232.0,False,2035.75,2038.0
12632,1487,1331,s,223,225.0,False,2035.75,2036.25
12633,1533,1568,s,223,223.0,False,2035.75,2035.75
12634,1585,2000,s,223,223.0,False,2035.75,2035.75
12635,1636,1361,s,223,223.0,False,2035.75,2035.75
12636,1636,1777,s,223,227.0,False,2035.75,2036.75
12637,1682,1583,s,223,227.0,False,2035.75,2036.75
12638,1685,2000,s,223,230.0,False,2035.75,2037.5
12639,1781,1559,s,223,227.0,False,2035.75,2036.75
12640,2208,762,s,223,226.0,False,2035.75,2036.5
12641,172,259,s,223,226.0,False,2035.75,2036.5
12642,172,689,s,223,226.0,False,2035.75,2036.5
12643,351,1211,s,223,224.0,False,2035.75,2036.0
12644,630,1319,s,223,227.0,False,2035.75,2036.75
12645,913,689,s,223,223.0,False,2035.75,2035.75
12646,916,90,s,223,225.0,False,2035.75,2036.25
12647,1155,1915,s,223,229.0,False,2035.75,2037.25
12648,1260,1209,s,223,225.0,False,2035.75,2036.25
12649,1314,1321,s,223,227.0,False,2035.75,2036.75
12650,1317,1501,s,223,229.0,False,2035.75,2037.25
12651,1455,2000,s,223,228.0,False,2035.75,2037.0
12652,1487,1777,s,223,223.0,False,2035.75,2035.75
12653,1533,1501,s,223,237.0,False,2035.75,2039.25
12654,1611,2117,s,223,242.0,False,2035.75,2040.5
12655,1837,1028,s,223,224.0,False,2035.75,2036.0
12656,1847,1574,s,223,225.0,False,2035.75,2036.25
12657,1919,1473,s,223,234.0,False,2035.75,2038.5
12658,30,59,s,223,224.0,False,2035.75,2036.0
12659,172,302,s,223,232.0,False,2035.75,2038.0
12660,262,1852,s,223,229.0,False,2035.75,2037.25
12661,1099,956,s,223,228.0,False,2035.75,2037.0
12662,1189,689,s,223,225.0,False,2035.75,2036.25
12663,1198,1188,s,223,226.0,False,2035.75,2036.5
12664,1198,1473,s,223,226.0,False,2035.75,2036.5
12665,1222,1725,s,223,226.0,False,2035.75,2036.5
12666,1260,2116,s,223,238.0,False,2035.75,2039.5
12667,1263,1577,s,223,227.0,False,2035.75,2036.75
12668,1291,2117,s,223,226.0,False,2035.75,2036.5
12669,1317,1209,s,223,243.0,False,2035.75,2040.75
12670,1317,1571,s,223,224.0,False,2035.75,2036.0
12671,1317,1747,s,223,226.0,False,2035.75,2036.5
12672,1434,2000,s,223,233.0,False,2035.75,2038.25
12673,1479,1747,s,223,226.0,False,2035.75,2036.5
12674,1611,2000,s,223,224.0,False,2035.75,2036.0
12675,1640,1281,s,223,231.0,False,2035.75,2037.75
12676,1682,1720,s,223,232.0,False,2035.75,2038.0
12677,1781,1747,s,223,225.0,False,2035.75,2036.25
12678,1837,224,s,223,230.0,False,2035.75,2037.5
12679,2084,1473,s,223,228.0,False,2035.75,2037.0
12680,2084,1747,s,223,225.0,False,2035.75,2036.25
12681,1317,1188,l,223,234.0,True,2035.75,2038.5
12682,1575,1678,l,223,,True,2035.75,
12683,30,340,l,223,240.0,True,2035.75,2040.0
12684,1157,689,l,223,,True,2035.75,
12685,1837,360,l,223,234.0,True,2035.75,2038.5
12686,1157,1264,l,223,,True,2035.75,
12687,1189,1559,l,223,241.0,True,2035.75,2040.25
12688,1479,1851,l,223,239.0,True,2035.75,2039.75
12689,2208,1028,l,223,224.0,True,2035.75,2036.0
12690,394,689,s,224,231.0,False,2036.0,2037.75
12691,630,2270,s,224,237.0,False,2036.0,2039.25
12692,1155,1852,s,224,231.0,False,2036.0,2037.75
12693,1157,1209,s,224,225.0,False,2036.0,2036.25
12694,1184,1238,s,224,224.0,False,2036.0,2036.0
12695,1198,1699,s,224,225.0,False,2036.0,2036.25
12696,1222,1209,s,224,231.0,False,2036.0,2037.75
12697,1260,1536,s,224,230.0,False,2036.0,2037.5
12698,1263,1331,s,224,225.0,False,2036.0,2036.25
12699,1275,1281,s,224,235.0,False,2036.0,2038.75
12700,1294,2117,s,224,230.0,False,2036.0,2037.5
12701,1317,1559,s,224,225.0,False,2036.0,2036.25
12702,1317,2077,s,224,225.0,False,2036.0,2036.25
12703,1450,1574,s,224,225.0,False,2036.0,2036.25
12704,1455,1203,s,224,225.0,False,2036.0,2036.25
12705,1533,1845,s,224,225.0,False,2036.0,2036.25
12706,1575,1625,s,224,232.0,False,2036.0,2038.0
12707,1685,1535,s,224,227.0,False,2036.0,2036.75
12708,1729,1281,s,224,226.0,False,2036.0,2036.5
12709,2084,1845,s,224,227.0,False,2036.0,2036.75
12710,262,1203,s,224,229.0,False,2036.0,2037.25
12711,351,313,s,224,228.0,False,2036.0,2037.0
12712,561,800,s,224,224.0,False,2036.0,2036.0
12713,630,1361,s,224,227.0,False,2036.0,2036.75
12714,1244,1852,s,224,226.0,False,2036.0,2036.5
12715,1260,1392,s,224,233.0,False,2036.0,2038.25
12716,1263,1271,s,224,232.0,False,2036.0,2038.0
12717,1263,1725,s,224,233.0,False,2036.0,2038.25
12718,1291,1473,s,224,229.0,False,2036.0,2037.25
12719,1291,1535,s,224,226.0,False,2036.0,2036.5
12720,1291,1577,s,224,225.0,False,2036.0,2036.25
12721,1314,1574,s,224,225.0,False,2036.0,2036.25
12722,1356,1508,s,224,241.0,False,2036.0,2040.25
12723,1396,1720,s,224,225.0,False,2036.0,2036.25
12724,1479,1571,s,224,231.0,False,2036.0,2037.75
12725,1675,1602,s,224,232.0,False,2036.0,2038.0
12726,1684,1501,s,224,227.0,False,2036.0,2036.75
12727,1685,1720,s,224,226.0,False,2036.0,2036.5
12728,1887,2000,s,224,229.0,False,2036.0,2037.25
12729,1157,224,s,224,231.0,False,2036.0,2037.75
12730,1157,1319,s,224,226.0,False,2036.0,2036.5
12731,1184,2077,s,224,226.0,False,2036.0,2036.5
12732,1248,1188,s,224,231.0,False,2036.0,2037.75
12733,1248,1209,s,224,227.0,False,2036.0,2036.75
12734,1262,1501,s,224,231.0,False,2036.0,2037.75
12735,1263,1209,s,224,225.0,False,2036.0,2036.25
12736,1263,1501,s,224,,False,2036.0,
12737,1314,1297,s,224,228.0,False,2036.0,2037.0
12738,1365,1361,s,224,225.0,False,2036.0,2036.25
12739,1479,2000,s,224,230.0,False,2036.0,2037.5
12740,1487,1577,s,224,225.0,False,2036.0,2036.25
12741,1533,1777,s,224,226.0,False,2036.0,2036.5
12742,1781,1574,s,224,225.0,False,2036.0,2036.25
12743,1879,1625,s,224,229.0,False,2036.0,2037.25
12744,1889,2000,s,224,235.0,False,2036.0,2038.75
12745,561,1020,l,224,232.0,True,2036.0,2038.0
12746,1189,1577,l,224,,True,2036.0,
12747,351,689,l,224,,True,2036.0,
12748,1260,942,l,224,224.0,True,2036.0,2036.0
12749,1455,1761,l,224,232.0,True,2036.0,2038.0
12750,561,1014,l,224,232.0,True,2036.0,2038.0
12751,1555,1535,l,224,,True,2036.0,
12752,1729,942,l,224,238.0,True,2036.0,2039.5
12753,1889,1763,l,224,227.0,True,2036.0,2036.75
12754,2084,1501,l,224,230.0,True,2036.0,2037.5
12755,204,1188,s,225,228.0,False,2036.25,2037.0
12756,351,1014,s,225,234.0,False,2036.25,2038.5
12757,351,1331,s,225,232.0,False,2036.25,2038.0
12758,351,2117,s,225,229.0,False,2036.25,2037.25
12759,394,1852,s,225,229.0,False,2036.25,2037.25
12760,1184,1238,s,225,225.0,False,2036.25,2036.25
12761,1189,1725,s,225,227.0,False,2036.25,2036.75
12762,1198,2000,s,225,231.0,False,2036.25,2037.75
12763,1244,1725,s,225,232.0,False,2036.25,2038.0
12764,1248,1721,s,225,229.0,False,2036.25,2037.25
12765,1260,1238,s,225,237.0,False,2036.25,2039.25
12766,1260,1853,s,225,228.0,False,2036.25,2037.0
12767,1291,2000,s,225,237.0,False,2036.25,2039.25
12768,1308,1747,s,225,230.0,False,2036.25,2037.5
12769,1374,2222,s,225,227.0,False,2036.25,2036.75
12770,1479,1763,s,225,226.0,False,2036.25,2036.5
12771,1523,1331,s,225,230.0,False,2036.25,2037.5
12772,1636,1574,s,225,230.0,False,2036.25,2037.5
12773,1636,1577,s,225,229.0,False,2036.25,2037.25
12774,1685,2116,s,225,229.0,False,2036.25,2037.25
12775,1729,1240,s,225,228.0,False,2036.25,2037.0
12776,2084,1574,s,225,227.0,False,2036.25,2036.75
12777,913,2270,s,225,226.0,False,2036.25,2036.5
12778,916,259,s,225,226.0,False,2036.25,2036.5
12779,1155,1238,s,225,227.0,False,2036.25,2036.75
12780,1198,1187,s,225,227.0,False,2036.25,2036.75
12781,1198,1852,s,225,228.0,False,2036.25,2037.0
12782,1260,1559,s,225,241.0,False,2036.25,2040.25
12783,1356,1679,s,225,235.0,False,2036.25,2038.75
12784,1431,1203,s,225,230.0,False,2036.25,2037.5
12785,1431,1845,s,225,227.0,False,2036.25,2036.75
12786,1455,1568,s,225,232.0,False,2036.25,2038.0
12787,1455,1777,s,225,227.0,False,2036.25,2036.75
12788,1479,1370,s,225,227.0,False,2036.25,2036.75
12789,1636,1559,s,225,,False,2036.25,
12790,1655,1777,s,225,227.0,False,2036.25,2036.75
12791,1682,268,s,225,226.0,False,2036.25,2036.5
12792,1682,1295,s,225,230.0,False,2036.25,2037.5
12793,1682,2270,s,225,226.0,False,2036.25,2036.5
12794,1685,1501,s,225,226.0,False,2036.25,2036.5
12795,1837,90,s,225,228.0,False,2036.25,2037.0
12796,1837,1032,s,225,228.0,False,2036.25,2037.0
12797,1887,2038,s,225,237.0,False,2036.25,2039.25
12798,2084,2117,s,225,229.0,False,2036.25,2037.25
12799,351,1415,s,225,231.0,False,2036.25,2037.75
12800,351,2270,s,225,227.0,False,2036.25,2036.75
12801,1155,1264,s,225,227.0,False,2036.25,2036.75
12802,1239,1188,s,225,229.0,False,2036.25,2037.25
12803,1314,1238,s,225,226.0,False,2036.25,2036.5
12804,1314,1625,s,225,230.0,False,2036.25,2037.5
12805,1431,1721,s,225,232.0,False,2036.25,2038.0
12806,1479,1559,s,225,233.0,False,2036.25,2038.25
12807,1682,1508,s,225,227.0,False,2036.25,2036.75
12808,1685,1473,s,225,228.0,False,2036.25,2037.0
12809,1688,2117,s,225,229.0,False,2036.25,2037.25
12810,1729,1331,s,225,228.0,False,2036.25,2037.0
12811,1872,1777,s,225,229.0,False,2036.25,2037.25
12812,2084,1625,s,225,231.0,False,2036.25,2037.75
12813,2143,1747,s,225,229.0,False,2036.25,2037.25
12814,1291,1370,l,225,,True,2036.25,
12815,1317,1535,l,225,,True,2036.25,
12816,1682,1271,l,225,,True,2036.25,
12817,1368,1501,l,225,232.0,True,2036.25,2038.0
12818,1479,1777,l,225,,True,2036.25,
12819,1479,1790,l,225,,True,2036.25,
12820,1260,942,l,225,233.0,True,2036.25,2038.25
12821,1675,1790,l,225,,True,2036.25,
12822,1685,1536,l,225,,True,2036.25,
12823,274,302,s,226,235.0,False,2036.5,2038.75
12824,351,1321,s,226,229.0,False,2036.5,2037.25
12825,630,1188,s,226,230.0,False,2036.5,2037.5
12826,1155,302,s,226,227.0,False,2036.5,2036.75
12827,1155,942,s,226,226.0,False,2036.5,2036.5
12828,1155,1203,s,226,231.0,False,2036.5,2037.75
12829,1155,1508,s,226,233.0,False,2036.5,2038.25
12830,1167,1020,s,226,228.0,False,2036.5,2037.0
12831,1198,1271,s,226,234.0,False,2036.5,2038.5
12832,1222,268,s,226,237.0,False,2036.5,2039.25
12833,1260,1264,s,226,230.0,False,2036.5,2037.5
12834,1265,1831,s,226,231.0,False,2036.5,2037.75
12835,1291,1574,s,226,227.0,False,2036.5,2036.75
12836,1314,1574,s,226,229.0,False,2036.5,2037.25
12837,1314,2117,s,226,229.0,False,2036.5,2037.25
12838,1376,1777,s,226,233.0,False,2036.5,2038.25
12839,1434,1574,s,226,237.0,False,2036.5,2039.25
12840,1533,1473,s,226,228.0,False,2036.5,2037.0
12841,1555,1625,s,226,229.0,False,2036.5,2037.25
12842,1575,2202,s,226,228.0,False,2036.5,2037.0
12843,1631,1625,s,226,232.0,False,2036.5,2038.0
12844,1636,1851,s,226,228.0,False,2036.5,2037.0
12845,1675,2000,s,226,230.0,False,2036.5,2037.5
12846,1837,762,s,226,226.0,False,2036.5,2036.5
12847,1887,1720,s,226,229.0,False,2036.5,2037.25
12848,1887,1845,s,226,229.0,False,2036.5,2037.25
12849,2084,1777,s,226,229.0,False,2036.5,2037.25
12850,274,2119,s,226,231.0,False,2036.5,2037.75
12851,913,1501,s,226,236.0,False,2036.5,2039.0
12852,1184,689,s,226,231.0,False,2036.5,2037.75
12853,1222,689,s,226,230.0,False,2036.5,2037.5
12854,1260,1540,s,226,233.0,False,2036.5,2038.25
12855,1260,1625,s,226,229.0,False,2036.5,2037.25
12856,1263,1238,s,226,229.0,False,2036.5,2037.25
12857,1263,1297,s,226,230.0,False,2036.5,2037.5
12858,1263,1331,s,226,229.0,False,2036.5,2037.25
12859,1263,1852,s,226,242.0,False,2036.5,2040.5
12860,1291,1577,s,226,231.0,False,2036.5,2037.75
12861,1376,1845,s,226,231.0,False,2036.5,2037.75
12862,1396,1559,s,226,237.0,False,2036.5,2039.25
12863,1431,1238,s,226,229.0,False,2036.5,2037.25
12864,1631,1577,s,226,231.0,False,2036.5,2037.75
12865,1636,1568,s,226,230.0,False,2036.5,2037.5
12866,1636,1625,s,226,227.0,False,2036.5,2036.75
12867,1682,2116,s,226,228.0,False,2036.5,2037.0
12868,1705,1577,s,226,227.0,False,2036.5,2036.75
12869,2084,1535,s,226,227.0,False,2036.5,2036.75
12870,2143,2117,s,226,,False,2036.5,
12871,172,762,s,226,233.0,False,2036.5,2038.25
12872,274,689,s,226,227.0,False,2036.5,2036.75
12873,351,1209,s,226,227.0,False,2036.5,2036.75
12874,351,1725,s,226,232.0,False,2036.5,2038.0
12875,561,1331,s,226,230.0,False,2036.5,2037.5
12876,1184,1203,s,226,230.0,False,2036.5,2037.5
12877,1184,1508,s,226,227.0,False,2036.5,2036.75
12878,1317,1361,s,226,227.0,False,2036.5,2036.75
12879,1317,1482,s,226,228.0,False,2036.5,2037.0
12880,1317,1725,s,226,227.0,False,2036.5,2036.75
12881,1376,1763,s,226,231.0,False,2036.5,2037.75
12882,1585,1845,s,226,236.0,False,2036.5,2039.0
12883,1685,1590,s,226,229.0,False,2036.5,2037.25
12884,1685,1763,s,226,239.0,False,2036.5,2039.75
12885,1729,1297,s,226,230.0,False,2036.5,2037.5
12886,1317,2270,l,226,,True,2036.5,
12887,1222,2000,l,226,,True,2036.5,
12888,1675,2222,l,226,237.0,True,2036.5,2039.25
12889,1824,1777,l,226,243.0,True,2036.5,2040.75
12890,172,689,s,227,228.0,False,2036.75,2037.0
12891,630,2000,s,227,232.0,False,2036.75,2038.0
12892,944,302,s,227,229.0,False,2036.75,2037.25
12893,1155,942,s,227,229.0,False,2036.75,2037.25
12894,1157,793,s,227,,False,2036.75,
12895,1189,1281,s,227,229.0,False,2036.75,2037.25
12896,1248,1501,s,227,,False,2036.75,
12897,1291,1508,s,227,235.0,False,2036.75,2038.75
12898,1291,1720,s,227,229.0,False,2036.75,2037.25
12899,1314,2116,s,227,228.0,False,2036.75,2037.0
12900,1317,1370,s,227,238.0,False,2036.75,2039.5
12901,1356,1568,s,227,231.0,False,2036.75,2037.75
12902,1356,2000,s,227,228.0,False,2036.75,2037.0
12903,1434,2117,s,227,228.0,False,2036.75,2037.0
12904,1455,1188,s,227,229.0,False,2036.75,2037.25
12905,1479,1271,s,227,228.0,False,2036.75,2037.0
12906,1487,2117,s,227,232.0,False,2036.75,2038.0
12907,1533,2000,s,227,239.0,False,2036.75,2039.75
12908,1555,2000,s,227,229.0,False,2036.75,2037.25
12909,1631,1536,s,227,227.0,False,2036.75,2036.75
12910,1685,1818,s,227,227.0,False,2036.75,2036.75
12911,1729,1725,s,227,227.0,False,2036.75,2036.75
12912,1889,2117,s,227,,False,2036.75,
12913,87,1281,s,227,227.0,False,2036.75,2036.75
12914,940,2270,s,227,229.0,False,2036.75,2037.25
12915,1157,417,s,227,229.0,False,2036.75,2037.25
12916,1157,1203,s,227,229.0,False,2036.75,2037.25
12917,1157,1271,s,227,240.0,False,2036.75,2040.0
12918,1198,1574,s,227,228.0,False,2036.75,2037.0
12919,1248,1720,s,227,229.0,False,2036.75,2037.25
12920,1260,1747,s,227,229.0,False,2036.75,2037.25
12921,1317,942,s,227,228.0,False,2036.75,2037.0
12922,1356,1574,s,227,228.0,False,2036.75,2037.0
12923,1434,1188,s,227,233.0,False,2036.75,2038.25
12924,1575,1777,s,227,230.0,False,2036.75,2037.5
12925,1636,1845,s,227,230.0,False,2036.75,2037.5
12926,1682,1211,s,227,231.0,False,2036.75,2037.75
12927,1682,1536,s,227,230.0,False,2036.75,2037.5
12928,1682,1747,s,227,229.0,False,2036.75,2037.25
12929,1837,340,s,227,236.0,False,2036.75,2039.0
12930,1847,1574,s,227,228.0,False,2036.75,2037.0
12931,1857,1370,s,227,230.0,False,2036.75,2037.5
12932,1985,1238,s,227,228.0,False,2036.75,2037.0
12933,2063,1535,s,227,232.0,False,2036.75,2038.0
12934,2084,2116,s,227,233.0,False,2036.75,2038.25
12935,351,1319,s,227,236.0,False,2036.75,2039.0
12936,561,689,s,227,229.0,False,2036.75,2037.25
12937,1157,340,s,227,232.0,False,2036.75,2038.0
12938,1184,1602,s,227,231.0,False,2036.75,2037.75
12939,1265,1238,s,227,229.0,False,2036.75,2037.25
12940,1314,1559,s,227,231.0,False,2036.75,2037.75
12941,1314,1568,s,227,229.0,False,2036.75,2037.25
12942,1317,1721,s,227,232.0,False,2036.75,2038.0
12943,1368,1535,s,227,234.0,False,2036.75,2038.5
12944,1431,1568,s,227,230.0,False,2036.75,2037.5
12945,1533,1540,s,227,233.0,False,2036.75,2038.25
12946,1569,1602,s,227,229.0,False,2036.75,2037.25
12947,1636,1590,s,227,228.0,False,2036.75,2037.0
12948,1682,1721,s,227,234.0,False,2036.75,2038.5
12949,1682,1845,s,227,234.0,False,2036.75,2038.5
12950,1682,2270,s,227,230.0,False,2036.75,2037.5
12951,1685,1720,s,227,230.0,False,2036.75,2037.5
12952,1737,2000,s,227,241.0,False,2036.75,2040.25
12953,1889,1577,s,227,231.0,False,2036.75,2037.75
12954,2185,1574,s,227,228.0,False,2036.75,2037.0
12955,944,956,l,227,229.0,True,2036.75,2037.25
12956,1222,1331,l,227,,True,2036.75,
12957,1314,1535,l,227,,True,2036.75,
12958,1575,2117,l,227,,True,2036.75,
12959,2084,1602,l,227,,True,2036.75,
12960,1155,1271,l,227,,True,2036.75,
12961,1314,1725,l,227,,True,2036.75,
12962,848,956,l,227,232.0,True,2036.75,2038.0
12963,940,1188,l,227,,True,2036.75,
12964,1157,1240,l,227,235.0,True,2036.75,2038.75
12965,1369,1568,l,227,,True,2036.75,
12966,1434,1818,l,227,,True,2036.75,
12967,630,313,s,228,239.0,False,2037.0,2039.75
12968,1248,1568,s,228,230.0,False,2037.0,2037.5
12969,1260,268,s,228,228.0,False,2037.0,2037.0
12970,1260,1361,s,228,239.0,False,2037.0,2039.75
12971,1275,1725,s,228,238.0,False,2037.0,2039.5
12972,1317,1777,s,228,234.0,False,2037.0,2038.5
12973,1317,2000,s,228,232.0,False,2037.0,2038.0
12974,1327,1238,s,228,234.0,False,2037.0,2038.5
12975,1356,1473,s,228,237.0,False,2037.0,2039.25
12976,1479,1747,s,228,228.0,False,2037.0,2037.0
12977,1533,1297,s,228,236.0,False,2037.0,2039.0
12978,1555,1845,s,228,228.0,False,2037.0,2037.0
12979,1636,1777,s,228,236.0,False,2037.0,2039.0
12980,1675,1845,s,228,242.0,False,2037.0,2040.5
12981,1729,1361,s,228,229.0,False,2037.0,2037.25
12982,1729,2000,s,228,228.0,False,2037.0,2037.0
12983,1837,793,s,228,229.0,False,2037.0,2037.25
12984,1887,1577,s,228,238.0,False,2037.0,2039.5
12985,1887,1777,s,228,233.0,False,2037.0,2038.25
12986,1919,2117,s,228,229.0,False,2037.0,2037.25
12987,2084,1574,s,228,234.0,False,2037.0,2038.5
12988,2298,1501,s,228,239.0,False,2037.0,2039.75
12989,351,1370,s,228,228.0,False,2037.0,2037.0
12990,351,2000,s,228,230.0,False,2037.0,2037.5
12991,630,1209,s,228,229.0,False,2037.0,2037.25
12992,705,1508,s,228,228.0,False,2037.0,2037.0
12993,913,942,s,228,237.0,False,2037.0,2039.25
12994,1155,1853,s,228,232.0,False,2037.0,2038.0
12995,1157,1319,s,228,229.0,False,2037.0,2037.25
12996,1157,1392,s,228,236.0,False,2037.0,2039.0
12997,1222,1852,s,228,230.0,False,2037.0,2037.5
12998,1260,1209,s,228,232.0,False,2037.0,2038.0
12999,1291,1725,s,228,234.0,False,2037.0,2038.5
13000,1314,1761,s,228,232.0,False,2037.0,2038.0
13001,1369,1297,s,228,229.0,False,2037.0,2037.25
13002,1837,942,s,228,241.0,False,2037.0,2040.25
13003,1847,2117,s,228,231.0,False,2037.0,2037.75
13004,2084,1747,s,228,232.0,False,2037.0,2038.0
13005,2185,1577,s,228,231.0,False,2037.0,2037.75
13006,2297,1777,s,228,235.0,False,2037.0,2038.75
13007,1155,1264,s,228,233.0,False,2037.0,2038.25
13008,1157,1331,s,228,234.0,False,2037.0,2038.5
13009,1157,1625,s,228,231.0,False,2037.0,2037.75
13010,1198,1602,s,228,230.0,False,2037.0,2037.5
13011,1260,1416,s,228,233.0,False,2037.0,2038.25
13012,1263,1625,s,228,232.0,False,2037.0,2038.0
13013,1291,1852,s,228,233.0,False,2037.0,2038.25
13014,1314,1577,s,228,229.0,False,2037.0,2037.25
13015,1431,1577,s,228,242.0,False,2037.0,2040.5
13016,1479,1331,s,228,232.0,False,2037.0,2038.0
13017,1533,1851,s,228,230.0,False,2037.0,2037.5
13018,1631,2117,s,228,232.0,False,2037.0,2038.0
13019,1676,2000,s,228,232.0,False,2037.0,2038.0
13020,1682,1761,s,228,232.0,False,2037.0,2038.0
13021,1837,268,s,228,237.0,False,2037.0,2039.25
13022,2084,1754,s,228,234.0,False,2037.0,2038.5
13023,2084,1845,s,228,230.0,False,2037.0,2037.5
13024,2183,1874,s,228,242.0,False,2037.0,2040.5
13025,2185,1777,s,228,229.0,False,2037.0,2037.25
13026,2208,340,s,228,229.0,False,2037.0,2037.25
13027,1291,1297,l,228,,True,2037.0,
13028,1317,2117,l,228,,True,2037.0,
13029,1479,1874,l,228,,True,2037.0,
13030,1887,1874,l,228,,True,2037.0,
13031,1919,1874,l,228,234.0,True,2037.0,2038.5
13032,2297,1625,l,228,,True,2037.0,
13033,1157,2270,l,228,240.0,True,2037.0,2040.0
13034,1685,1777,l,228,,True,2037.0,
13035,2297,1577,l,228,,True,2037.0,
13036,561,1271,l,228,232.0,True,2037.0,2038.0
13037,172,679,s,229,230.0,False,2037.25,2037.5
13038,1155,1238,s,229,,False,2037.25,
13039,1155,1559,s,229,229.0,False,2037.25,2037.25
13040,1155,1625,s,229,231.0,False,2037.25,2037.75
13041,1155,1851,s,229,229.0,False,2037.25,2037.25
13042,1260,1240,s,229,230.0,False,2037.25,2037.5
13043,1265,1535,s,229,230.0,False,2037.25,2037.5
13044,1314,2000,s,229,229.0,False,2037.25,2037.25
13045,1356,2077,s,229,231.0,False,2037.25,2037.75
13046,1479,1852,s,229,241.0,False,2037.25,2040.25
13047,1631,1574,s,229,232.0,False,2037.25,2038.0
13048,1631,1777,s,229,233.0,False,2037.25,2038.25
13049,1675,1763,s,229,232.0,False,2037.25,2038.0
13050,1729,1319,s,229,,False,2037.25,
13051,1872,2000,s,229,231.0,False,2037.25,2037.75
13052,2297,1501,s,229,231.0,False,2037.25,2037.75
13053,561,224,s,229,232.0,False,2037.25,2038.0
13054,561,2270,s,229,232.0,False,2037.25,2038.0
13055,1155,1370,s,229,233.0,False,2037.25,2038.25
13056,1157,1188,s,229,232.0,False,2037.25,2038.0
13057,1263,1203,s,229,234.0,False,2037.25,2038.5
13058,1291,1392,s,229,231.0,False,2037.25,2037.75
13059,1291,1536,s,229,243.0,False,2037.25,2040.75
13060,1291,1761,s,229,236.0,False,2037.25,2039.0
13061,1294,1203,s,229,230.0,False,2037.25,2037.5
13062,1309,2117,s,229,230.0,False,2037.25,2037.5
13063,1314,1720,s,229,230.0,False,2037.25,2037.5
13064,1365,302,s,229,232.0,False,2037.25,2038.0
13065,1479,1845,s,229,233.0,False,2037.25,2038.25
13066,1533,1473,s,229,,False,2037.25,
13067,1573,1577,s,229,238.0,False,2037.25,2039.5
13068,1575,1602,s,229,233.0,False,2037.25,2038.25
13069,2301,302,s,229,232.0,False,2037.25,2038.0
13070,705,268,s,229,230.0,False,2037.25,2037.5
13071,913,1281,s,229,235.0,False,2037.25,2038.75
13072,916,679,s,229,232.0,False,2037.25,2038.0
13073,940,1370,s,229,237.0,False,2037.25,2039.25
13074,944,59,s,229,230.0,False,2037.25,2037.5
13075,966,679,s,229,232.0,False,2037.25,2038.0
13076,1155,340,s,229,231.0,False,2037.25,2037.75
13077,1184,1238,s,229,231.0,False,2037.25,2037.75
13078,1222,1281,s,229,233.0,False,2037.25,2038.25
13079,1244,1556,s,229,231.0,False,2037.25,2037.75
13080,1291,1574,s,229,241.0,False,2037.25,2040.25
13081,1431,1852,s,229,238.0,False,2037.25,2039.5
13082,1479,2116,s,229,233.0,False,2037.25,2038.25
13083,1682,2116,s,229,231.0,False,2037.25,2037.75
13084,1684,1501,s,229,233.0,False,2037.25,2038.25
13085,2298,1536,s,229,231.0,False,2037.25,2037.75
13086,2298,1874,s,229,232.0,False,2037.25,2038.0
13087,1356,1577,l,229,,True,2037.25,
13088,1523,1777,l,229,237.0,True,2037.25,2039.25
13089,1685,1761,l,229,,True,2037.25,
13090,2297,1574,l,229,241.0,True,2037.25,2040.25
13091,1157,1203,l,229,,True,2037.25,
13092,1551,1602,l,229,237.0,True,2037.25,2039.25
13093,351,1209,l,229,,True,2037.25,
13094,351,1355,s,230,232.0,False,2037.5,2038.0
13095,1080,942,s,230,230.0,False,2037.5,2037.5
13096,1155,1535,s,230,230.0,False,2037.5,2037.5
13097,1184,1851,s,230,230.0,False,2037.5,2037.5
13098,1198,1852,s,230,,False,2037.5,
13099,1222,1203,s,230,236.0,False,2037.5,2039.0
13100,1260,1852,s,230,,False,2037.5,
13101,1260,1853,s,230,230.0,False,2037.5,2037.5
13102,1314,1501,s,230,234.0,False,2037.5,2038.5
13103,1314,2000,s,230,243.0,False,2037.5,2040.75
13104,1314,2117,s,230,239.0,False,2037.5,2039.75
13105,1431,1818,s,230,236.0,False,2037.5,2039.0
13106,1455,1845,s,230,231.0,False,2037.5,2037.75
13107,1575,1761,s,230,230.0,False,2037.5,2037.5
13108,2084,1721,s,230,232.0,False,2037.5,2038.0
13109,2084,1725,s,230,231.0,False,2037.5,2037.75
13110,2084,2117,s,230,237.0,False,2037.5,2039.25
13111,936,956,s,230,232.0,False,2037.5,2038.0
13112,944,302,s,230,242.0,False,2037.5,2040.5
13113,1155,942,s,230,231.0,False,2037.5,2037.75
13114,1157,1508,s,230,238.0,False,2037.5,2039.5
13115,1189,1370,s,230,235.0,False,2037.5,2038.75
13116,1198,1238,s,230,235.0,False,2037.5,2038.75
13117,1248,2117,s,230,235.0,False,2037.5,2038.75
13118,1260,1271,s,230,231.0,False,2037.5,2037.75
13119,1263,1577,s,230,236.0,False,2037.5,2039.0
13120,1291,1763,s,230,232.0,False,2037.5,2038.0
13121,1314,1574,s,230,243.0,False,2037.5,2040.75
13122,1356,1625,s,230,233.0,False,2037.5,2038.25
13123,1455,1777,s,230,230.0,False,2037.5,2037.5
13124,1479,1577,s,230,231.0,False,2037.5,2037.75
13125,1575,2116,s,230,231.0,False,2037.5,2037.75
13126,1675,2038,s,230,234.0,False,2037.5,2038.5
13127,1685,1845,s,230,230.0,False,2037.5,2037.5
13128,1781,1574,s,230,233.0,False,2037.5,2038.25
13129,1781,1577,s,230,233.0,False,2037.5,2038.25
13130,1837,785,s,230,230.0,False,2037.5,2037.5
13131,1879,2117,s,230,233.0,False,2037.5,2038.25
13132,1887,1574,s,230,233.0,False,2037.5,2038.25
13133,1942,1874,s,230,233.0,False,2037.5,2038.25
13134,2084,1777,s,230,232.0,False,2037.5,2038.0
13135,2297,2117,s,230,242.0,False,2037.5,2040.5
13136,262,942,s,230,232.0,False,2037.5,2038.0
13137,1155,1281,s,230,234.0,False,2037.5,2038.5
13138,1157,1602,s,230,,False,2037.5,
13139,1248,1574,s,230,232.0,False,2037.5,2038.0
13140,1317,1747,s,230,235.0,False,2037.5,2038.75
13141,1389,2000,s,230,231.0,False,2037.5,2037.75
13142,1551,1625,s,230,235.0,False,2037.5,2038.75
13143,1636,1501,s,230,233.0,False,2037.5,2038.25
13144,1837,302,s,230,236.0,False,2037.5,2039.0
13145,1889,1720,s,230,236.0,False,2037.5,2039.0
13146,2208,340,s,230,232.0,False,2037.5,2038.0
13147,2298,1577,s,230,234.0,False,2037.5,2038.5
13148,2301,224,s,230,236.0,False,2037.5,2039.0
13149,944,956,l,230,232.0,True,2037.5,2038.0
13150,1155,1321,l,230,,True,2037.5,
13151,1314,1568,l,230,,True,2037.5,
13152,1157,1536,l,230,,True,2037.5,
13153,1636,1577,l,230,233.0,True,2037.5,2038.25
13154,1265,1535,l,230,,True,2037.5,
13155,1314,1577,l,230,,True,2037.5,
13156,351,1238,s,231,,False,2037.75,
13157,351,1370,s,231,240.0,False,2037.75,2040.0
13158,630,268,s,231,232.0,False,2037.75,2038.0
13159,630,1508,s,231,232.0,False,2037.75,2038.0
13160,754,302,s,231,242.0,False,2037.75,2040.5
13161,848,59,s,231,232.0,False,2037.75,2038.0
13162,1155,2117,s,231,237.0,False,2037.75,2039.25
13163,1157,1209,s,231,233.0,False,2037.75,2038.25
13164,1198,1473,s,231,237.0,False,2037.75,2039.25
13165,1222,1392,s,231,234.0,False,2037.75,2038.5
13166,1248,1625,s,231,232.0,False,2037.75,2038.0
13167,1263,1319,s,231,,False,2037.75,
13168,1265,1209,s,231,234.0,False,2037.75,2038.5
13169,1291,2117,s,231,,False,2037.75,
13170,1314,1720,s,231,231.0,False,2037.75,2037.75
13171,1356,1725,s,231,235.0,False,2037.75,2038.75
13172,1479,1574,s,231,233.0,False,2037.75,2038.25
13173,1636,1574,s,231,231.0,False,2037.75,2037.75
13174,1682,1625,s,231,239.0,False,2037.75,2039.75
13175,1705,1577,s,231,240.0,False,2037.75,2040.0
13176,1837,1032,s,231,234.0,False,2037.75,2038.5
13177,1847,1577,s,231,233.0,False,2037.75,2038.25
13178,1879,1725,s,231,232.0,False,2037.75,2038.0
13179,1889,1501,s,231,234.0,False,2037.75,2038.5
13180,2084,1874,s,231,232.0,False,2037.75,2038.0
13181,2298,1720,s,231,233.0,False,2037.75,2038.25
13182,2298,1777,s,231,232.0,False,2037.75,2038.0
13183,561,942,s,231,232.0,False,2037.75,2038.0
13184,944,679,s,231,232.0,False,2037.75,2038.0
13185,1155,1240,s,231,232.0,False,2037.75,2038.0
13186,1157,1187,s,231,234.0,False,2037.75,2038.5
13187,1157,1568,s,231,234.0,False,2037.75,2038.5
13188,1198,1501,s,231,238.0,False,2037.75,2039.5
13189,1260,1535,s,231,,False,2037.75,
13190,1260,2270,s,231,240.0,False,2037.75,2040.0
13191,1263,1238,s,231,236.0,False,2037.75,2039.0
13192,1263,1355,s,231,232.0,False,2037.75,2038.0
13193,1317,1540,s,231,232.0,False,2037.75,2038.0
13194,1356,1501,s,231,237.0,False,2037.75,2039.25
13195,1431,1777,s,231,232.0,False,2037.75,2038.0
13196,1479,2000,s,231,233.0,False,2037.75,2038.25
13197,1523,1535,s,231,240.0,False,2037.75,2040.0
13198,1533,1559,s,231,238.0,False,2037.75,2039.5
13199,1575,1679,s,231,238.0,False,2037.75,2039.5
13200,1675,1501,s,231,231.0,False,2037.75,2037.75
13201,1705,2000,s,231,232.0,False,2037.75,2038.0
13202,1729,1281,s,231,,False,2037.75,
13203,2084,1790,s,231,,False,2037.75,
13204,30,679,s,231,232.0,False,2037.75,2038.0
13205,255,1209,s,231,232.0,False,2037.75,2038.0
13206,351,679,s,231,232.0,False,2037.75,2038.0
13207,351,1281,s,231,,False,2037.75,
13208,1157,1266,s,231,243.0,False,2037.75,2040.75
13209,1184,1852,s,231,238.0,False,2037.75,2039.5
13210,1189,1187,s,231,237.0,False,2037.75,2039.25
13211,1260,268,s,231,236.0,False,2037.75,2039.0
13212,1314,1625,s,231,234.0,False,2037.75,2038.5
13213,1317,1501,s,231,243.0,False,2037.75,2040.75
13214,1317,1852,s,231,236.0,False,2037.75,2039.0
13215,1356,2117,s,231,243.0,False,2037.75,2040.75
13216,1487,1577,s,231,233.0,False,2037.75,2038.25
13217,1551,1777,s,231,234.0,False,2037.75,2038.5
13218,1551,1845,s,231,232.0,False,2037.75,2038.0
13219,1682,1392,s,231,239.0,False,2037.75,2039.75
13220,1682,1508,s,231,233.0,False,2037.75,2038.25
13221,1685,1577,s,231,233.0,False,2037.75,2038.25
13222,1919,1845,s,231,235.0,False,2037.75,2038.75
13223,2297,1559,s,231,235.0,False,2037.75,2038.75
13224,2297,1720,s,231,238.0,False,2037.75,2039.5
13225,1260,1188,l,231,,True,2037.75,
13226,1260,1240,l,231,,True,2037.75,
13227,2084,1845,l,231,,True,2037.75,
13228,1157,1319,l,231,242.0,True,2037.75,2040.5
13229,1239,1209,l,231,,True,2037.75,
13230,1260,1297,l,231,,True,2037.75,
13231,1551,1540,l,231,,True,2037.75,
13232,1157,1559,l,231,,True,2037.75,
13233,1317,1559,l,231,,True,2037.75,
13234,1682,2202,l,231,,True,2037.75,
13235,172,2318,s,232,241.0,False,2038.0,2040.25
13236,330,302,s,232,234.0,False,2038.0,2038.5
13237,630,1188,s,232,235.0,False,2038.0,2038.75
13238,944,360,s,232,234.0,False,2038.0,2038.5
13239,1155,942,s,232,233.0,False,2038.0,2038.25
13240,1157,1148,s,232,236.0,False,2038.0,2039.0
13241,1157,1571,s,232,233.0,False,2038.0,2038.25
13242,1260,1536,s,232,232.0,False,2038.0,2038.0
13243,1260,2000,s,232,238.0,False,2038.0,2039.5
13244,1263,1471,s,232,241.0,False,2038.0,2040.25
13245,1317,1725,s,232,234.0,False,2038.0,2038.5
13246,1369,1852,s,232,237.0,False,2038.0,2039.25
13247,1533,1535,s,232,239.0,False,2038.0,2039.75
13248,1675,2116,s,232,237.0,False,2038.0,2039.25
13249,1685,1501,s,232,233.0,False,2038.0,2038.25
13250,2084,1536,s,232,238.0,False,2038.0,2039.5
13251,2084,1559,s,232,233.0,False,2038.0,2038.25
13252,2297,1602,s,232,235.0,False,2038.0,2038.75
13253,2297,1845,s,232,234.0,False,2038.0,2038.5
13254,2299,2318,s,232,239.0,False,2038.0,2039.75
13255,172,340,s,232,240.0,False,2038.0,2040.0
13256,262,1577,s,232,234.0,False,2038.0,2038.5
13257,351,1203,s,232,236.0,False,2038.0,2039.0
13258,913,1361,s,232,237.0,False,2038.0,2039.25
13259,944,2318,s,232,236.0,False,2038.0,2039.0
13260,1155,1188,s,232,237.0,False,2038.0,2039.25
13261,1157,268,s,232,233.0,False,2038.0,2038.25
13262,1157,1281,s,232,238.0,False,2038.0,2039.5
13263,1189,1014,s,232,233.0,False,2038.0,2038.25
13264,1198,1203,s,232,238.0,False,2038.0,2039.5
13265,1198,1559,s,232,233.0,False,2038.0,2038.25
13266,1239,1297,s,232,232.0,False,2038.0,2038.0
13267,1260,793,s,232,235.0,False,2038.0,2038.75
13268,1317,1763,s,232,237.0,False,2038.0,2039.25
13269,1434,2222,s,232,239.0,False,2038.0,2039.75
13270,1455,1574,s,232,233.0,False,2038.0,2038.25
13271,1523,2116,s,232,233.0,False,2038.0,2038.25
13272,1555,2117,s,232,233.0,False,2038.0,2038.25
13273,1575,1499,s,232,241.0,False,2038.0,2040.25
13274,1682,1240,s,232,239.0,False,2038.0,2039.75
13275,1682,1535,s,232,234.0,False,2038.0,2038.5
13276,1847,1568,s,232,232.0,False,2038.0,2038.0
13277,2084,1840,s,232,235.0,False,2038.0,2038.75
13278,2297,1874,s,232,232.0,False,2038.0,2038.0
13279,2297,2000,s,232,,False,2038.0,
13280,2298,2000,s,232,236.0,False,2038.0,2039.0
13281,2301,90,s,232,236.0,False,2038.0,2039.0
13282,262,1568,s,232,233.0,False,2038.0,2038.25
13283,1198,1209,s,232,238.0,False,2038.0,2039.5
13284,1248,1240,s,232,235.0,False,2038.0,2038.75
13285,1260,1271,s,232,,False,2038.0,
13286,1260,1777,s,232,233.0,False,2038.0,2038.25
13287,1260,1853,s,232,233.0,False,2038.0,2038.25
13288,1263,1536,s,232,234.0,False,2038.0,2038.5
13289,1314,1777,s,232,233.0,False,2038.0,2038.25
13290,1317,1473,s,232,238.0,False,2038.0,2039.5
13291,1555,1777,s,232,238.0,False,2038.0,2039.5
13292,1555,1874,s,232,240.0,False,2038.0,2040.0
13293,1575,1319,s,232,235.0,False,2038.0,2038.75
13294,1575,1473,s,232,236.0,False,2038.0,2039.0
13295,1636,1874,s,232,236.0,False,2038.0,2039.0
13296,1675,1501,s,232,241.0,False,2038.0,2040.25
13297,1685,1720,s,232,,False,2038.0,
13298,1847,1777,s,232,237.0,False,2038.0,2039.25
13299,2084,1535,s,232,235.0,False,2038.0,2038.75
13300,1155,1852,l,232,,True,2038.0,
13301,2084,1852,l,232,,True,2038.0,
13302,2320,1577,l,232,,True,2038.0,
13303,262,1203,s,233,233.0,False,2038.25,2038.25
13304,351,903,s,233,236.0,False,2038.25,2039.0
13305,351,1699,s,233,233.0,False,2038.25,2038.25
13306,913,16,s,233,238.0,False,2038.25,2039.5
13307,940,689,s,233,241.0,False,2038.25,2040.25
13308,1244,1725,s,233,,False,2038.25,
13309,1263,2116,s,233,237.0,False,2038.25,2039.25
13310,1263,2270,s,233,,False,2038.25,
13311,1291,1188,s,233,233.0,False,2038.25,2038.25
13312,1314,2222,s,233,233.0,False,2038.25,2038.25
13313,1317,1203,s,233,237.0,False,2038.25,2039.25
13314,1368,1238,s,233,235.0,False,2038.25,2038.75
13315,1479,1535,s,233,,False,2038.25,
13316,1479,1840,s,233,238.0,False,2038.25,2039.5
13317,1512,1747,s,233,235.0,False,2038.25,2038.75
13318,1729,1699,s,233,,False,2038.25,
13319,2297,1501,s,233,236.0,False,2038.25,2039.0
13320,351,800,s,233,236.0,False,2038.25,2039.0
13321,351,1577,s,233,238.0,False,2038.25,2039.5
13322,944,2317,s,233,236.0,False,2038.25,2039.0
13323,1189,942,s,233,240.0,False,2038.25,2040.0
13324,1260,1279,s,233,237.0,False,2038.25,2039.25
13325,1260,1568,s,233,235.0,False,2038.25,2038.75
13326,1260,2222,s,233,241.0,False,2038.25,2040.25
13327,1308,1577,s,233,236.0,False,2038.25,2039.0
13328,1317,2000,s,233,234.0,False,2038.25,2038.5
13329,1356,1777,s,233,233.0,False,2038.25,2038.25
13330,1369,1501,s,233,234.0,False,2038.25,2038.5
13331,1396,1577,s,233,233.0,False,2038.25,2038.25
13332,1431,1845,s,233,234.0,False,2038.25,2038.5
13333,1431,2117,s,233,234.0,False,2038.25,2038.5
13334,1479,1577,s,233,234.0,False,2038.25,2038.5
13335,1555,1577,s,233,236.0,False,2038.25,2039.0
13336,1575,1559,s,233,238.0,False,2038.25,2039.5
13337,1636,1678,s,233,235.0,False,2038.25,2038.75
13338,1684,1747,s,233,236.0,False,2038.25,2039.0
13339,1685,1845,s,233,234.0,False,2038.25,2038.5
13340,1837,689,s,233,,False,2038.25,
13341,2084,1501,s,233,241.0,False,2038.25,2040.25
13342,2301,2318,s,233,236.0,False,2038.25,2039.0
13343,351,340,s,233,238.0,False,2038.25,2039.5
13344,351,1574,s,233,,False,2038.25,
13345,1155,1536,s,233,234.0,False,2038.25,2038.5
13346,1222,1853,s,233,236.0,False,2038.25,2039.0
13347,1260,1721,s,233,234.0,False,2038.25,2038.5
13348,1314,1370,s,233,,False,2038.25,
13349,1431,1535,s,233,239.0,False,2038.25,2039.75
13350,1479,1238,s,233,,False,2038.25,
13351,1523,1568,s,233,241.0,False,2038.25,2040.25
13352,1575,1568,s,233,238.0,False,2038.25,2039.5
13353,1575,1787,s,233,236.0,False,2038.25,2039.0
13354,1575,1845,s,233,234.0,False,2038.25,2038.5
13355,1682,1370,s,233,238.0,False,2038.25,2039.5
13356,1685,1535,s,233,236.0,False,2038.25,2039.0
13357,1729,1238,s,233,242.0,False,2038.25,2040.5
13358,2084,1874,s,233,237.0,False,2038.25,2039.25
13359,1189,1238,l,233,234.0,True,2038.25,2038.5
13360,1189,1331,l,233,,True,2038.25,
13361,1685,1754,l,233,,True,2038.25,
13362,1729,1331,l,233,,True,2038.25,
13363,2298,1590,l,233,,True,2038.25,
13364,1248,1415,l,233,,True,2038.25,
13365,1685,1501,l,233,,True,2038.25,
13366,2084,1559,l,233,238.0,True,2038.25,2039.5
13367,150,302,l,233,,True,2038.25,
13368,1636,1625,l,233,,True,2038.25,
13369,1636,2222,l,233,,True,2038.25,
13370,172,689,s,234,238.0,False,2038.5,2039.5
13371,351,1679,s,234,239.0,False,2038.5,2039.75
13372,966,2317,s,234,236.0,False,2038.5,2039.0
13373,1155,942,s,234,235.0,False,2038.5,2038.75
13374,1155,1508,s,234,236.0,False,2038.5,2039.0
13375,1155,1577,s,234,234.0,False,2038.5,2038.5
13376,1157,2318,s,234,237.0,False,2038.5,2039.25
13377,1207,1203,s,234,,False,2038.5,
13378,1260,1331,s,234,236.0,False,2038.5,2039.0
13379,1317,1240,s,234,243.0,False,2038.5,2040.75
13380,1374,1747,s,234,235.0,False,2038.5,2038.75
13381,1434,1577,s,234,236.0,False,2038.5,2039.0
13382,1455,1777,s,234,236.0,False,2038.5,2039.0
13383,1511,1568,s,234,242.0,False,2038.5,2040.5
13384,1512,1501,s,234,234.0,False,2038.5,2038.5
13385,1682,1281,s,234,238.0,False,2038.5,2039.5
13386,1684,2000,s,234,240.0,False,2038.5,2040.0
13387,1685,1577,s,234,240.0,False,2038.5,2040.0
13388,1813,1238,s,234,236.0,False,2038.5,2039.0
13389,1919,1754,s,234,234.0,False,2038.5,2038.5
13390,2084,1577,s,234,236.0,False,2038.5,2039.0
13391,2084,1625,s,234,234.0,False,2038.5,2038.5
13392,2084,1777,s,234,239.0,False,2038.5,2039.75
13393,2297,2077,s,234,234.0,False,2038.5,2038.5
13394,2301,2317,s,234,241.0,False,2038.5,2040.25
13395,351,1297,s,234,243.0,False,2038.5,2040.75
13396,351,2271,s,234,236.0,False,2038.5,2039.0
13397,630,1203,s,234,236.0,False,2038.5,2039.0
13398,705,1188,s,234,235.0,False,2038.5,2038.75
13399,1155,689,s,234,234.0,False,2038.5,2038.5
13400,1155,2270,s,234,237.0,False,2038.5,2039.25
13401,1157,302,s,234,236.0,False,2038.5,2039.0
13402,1248,1577,s,234,237.0,False,2038.5,2039.25
13403,1260,942,s,234,238.0,False,2038.5,2039.5
13404,1260,1777,s,234,238.0,False,2038.5,2039.5
13405,1314,1203,s,234,237.0,False,2038.5,2039.25
13406,1314,2270,s,234,238.0,False,2038.5,2039.5
13407,1356,1777,s,234,241.0,False,2038.5,2040.25
13408,1431,2000,s,234,,False,2038.5,
13409,1533,1602,s,234,,False,2038.5,
13410,1555,1853,s,234,243.0,False,2038.5,2040.75
13411,1631,1845,s,234,236.0,False,2038.5,2039.0
13412,1781,1577,s,234,235.0,False,2038.5,2038.75
13413,1887,1777,s,234,242.0,False,2038.5,2040.5
13414,1918,1763,s,234,,False,2038.5,
13415,2084,2000,s,234,,False,2038.5,
13416,2297,1763,s,234,239.0,False,2038.5,2039.75
13417,2320,2117,s,234,236.0,False,2038.5,2039.0
13418,351,2318,s,234,235.0,False,2038.5,2038.75
13419,1155,1297,s,234,236.0,False,2038.5,2039.0
13420,1189,1238,s,234,237.0,False,2038.5,2039.25
13421,1198,1240,s,234,237.0,False,2038.5,2039.25
13422,1239,1574,s,234,238.0,False,2038.5,2039.5
13423,1260,1625,s,234,241.0,False,2038.5,2040.25
13424,1260,1831,s,234,240.0,False,2038.5,2040.0
13425,1291,1209,s,234,239.0,False,2038.5,2039.75
13426,1317,1188,s,234,238.0,False,2038.5,2039.5
13427,1317,1679,s,234,240.0,False,2038.5,2040.0
13428,1317,1790,s,234,237.0,False,2038.5,2039.25
13429,1523,1725,s,234,239.0,False,2038.5,2039.75
13430,1523,1852,s,234,237.0,False,2038.5,2039.25
13431,1675,1536,s,234,235.0,False,2038.5,2038.75
13432,1682,1508,s,234,235.0,False,2038.5,2038.75
13433,1729,1203,s,234,240.0,False,2038.5,2040.0
13434,1887,1747,s,234,241.0,False,2038.5,2040.25
13435,1887,1818,s,234,235.0,False,2038.5,2038.75
13436,1889,1818,s,234,236.0,False,2038.5,2039.0
13437,2084,1473,s,234,238.0,False,2038.5,2039.5
13438,1368,1535,l,234,,True,2038.5,
13439,1479,1721,l,234,,True,2038.5,
13440,931,1281,l,234,,True,2038.5,
13441,1356,1271,l,234,,True,2038.5,
13442,1455,1831,l,234,237.0,True,2038.5,2039.25
13443,1729,1187,l,234,,True,2038.5,
13444,43,942,s,235,236.0,False,2038.75,2039.0
13445,351,1508,s,235,237.0,False,2038.75,2039.25
13446,394,1203,s,235,240.0,False,2038.75,2040.0
13447,394,2270,s,235,242.0,False,2038.75,2040.5
13448,630,1852,s,235,238.0,False,2038.75,2039.5
13449,916,2318,s,235,238.0,False,2038.75,2039.5
13450,1155,1392,s,235,238.0,False,2038.75,2039.5
13451,1157,1188,s,235,236.0,False,2038.75,2039.0
13452,1157,1209,s,235,243.0,False,2038.75,2040.75
13453,1198,1211,s,235,243.0,False,2038.75,2040.75
13454,1260,1392,s,235,243.0,False,2038.75,2040.75
13455,1260,1536,s,235,241.0,False,2038.75,2040.25
13456,1260,1787,s,235,236.0,False,2038.75,2039.0
13457,1314,1501,s,235,236.0,False,2038.75,2039.0
13458,1314,1721,s,235,238.0,False,2038.75,2039.5
13459,1314,1777,s,235,241.0,False,2038.75,2040.25
13460,1431,1625,s,235,238.0,False,2038.75,2039.5
13461,1431,1746,s,235,236.0,False,2038.75,2039.0
13462,1455,1845,s,235,237.0,False,2038.75,2039.25
13463,1575,2000,s,235,236.0,False,2038.75,2039.0
13464,1585,1777,s,235,,False,2038.75,
13465,1636,1720,s,235,239.0,False,2038.75,2039.75
13466,1655,2000,s,235,238.0,False,2038.75,2039.5
13467,1682,2270,s,235,236.0,False,2038.75,2039.0
13468,1684,2117,s,235,,False,2038.75,
13469,1740,1763,s,235,242.0,False,2038.75,2040.5
13470,1909,1625,s,235,235.0,False,2038.75,2038.75
13471,1909,1720,s,235,236.0,False,2038.75,2039.0
13472,1909,1747,s,235,238.0,False,2038.75,2039.5
13473,1909,1777,s,235,240.0,False,2038.75,2040.0
13474,2084,1574,s,235,237.0,False,2038.75,2039.25
13475,2297,1874,s,235,,False,2038.75,
13476,204,1281,s,235,,False,2038.75,
13477,351,2000,s,235,235.0,False,2038.75,2038.75
13478,913,1203,s,235,237.0,False,2038.75,2039.25
13479,1157,2117,s,235,,False,2038.75,
13480,1184,1577,s,235,239.0,False,2038.75,2039.75
13481,1198,1319,s,235,235.0,False,2038.75,2038.75
13482,1198,1725,s,235,237.0,False,2038.75,2039.25
13483,1232,1473,s,235,236.0,False,2038.75,2039.0
13484,1291,1852,s,235,239.0,False,2038.75,2039.75
13485,1314,1754,s,235,236.0,False,2038.75,2039.0
13486,1434,2000,s,235,236.0,False,2038.75,2039.0
13487,1533,1625,s,235,236.0,False,2038.75,2039.0
13488,1575,1874,s,235,237.0,False,2038.75,2039.25
13489,1655,1577,s,235,237.0,False,2038.75,2039.25
13490,1655,2117,s,235,240.0,False,2038.75,2040.0
13491,1675,2000,s,235,235.0,False,2038.75,2038.75
13492,1729,1240,s,235,241.0,False,2038.75,2040.25
13493,1729,1577,s,235,240.0,False,2038.75,2040.0
13494,1855,1845,s,235,235.0,False,2038.75,2038.75
13495,1887,1845,s,235,239.0,False,2038.75,2039.75
13496,1909,1818,s,235,240.0,False,2038.75,2040.0
13497,87,1203,s,235,236.0,False,2038.75,2039.0
13498,916,340,s,235,236.0,False,2038.75,2039.0
13499,916,2317,s,235,239.0,False,2038.75,2039.75
13500,1157,1240,s,235,,False,2038.75,
13501,1260,1761,s,235,238.0,False,2038.75,2039.5
13502,1263,1216,s,235,236.0,False,2038.75,2039.0
13503,1314,942,s,235,240.0,False,2038.75,2040.0
13504,1317,1720,s,235,238.0,False,2038.75,2039.5
13505,1317,1777,s,235,,False,2038.75,
13506,1356,1559,s,235,239.0,False,2038.75,2039.75
13507,1356,2000,s,235,241.0,False,2038.75,2040.25
13508,1368,1678,s,235,,False,2038.75,
13509,1523,1678,s,235,238.0,False,2038.75,2039.5
13510,1636,1568,s,235,,False,2038.75,
13511,1685,1874,s,235,240.0,False,2038.75,2040.0
13512,1824,2000,s,235,243.0,False,2038.75,2040.75
13513,1847,1602,s,235,240.0,False,2038.75,2040.0
13514,1847,2000,s,235,,False,2038.75,
13515,2063,1501,s,235,237.0,False,2038.75,2039.25
13516,2297,1721,s,235,240.0,False,2038.75,2040.0
13517,1155,1203,l,235,,True,2038.75,
13518,1523,1747,l,235,,True,2038.75,
13519,1682,1790,l,235,242.0,True,2038.75,2040.5
13520,1781,1501,l,235,237.0,True,2038.75,2039.25
13521,1260,1853,l,235,,True,2038.75,
13522,1682,1747,l,235,,True,2038.75,
13523,1155,689,l,235,,True,2038.75,
13524,1455,1720,l,235,,True,2038.75,
13525,1155,1281,s,236,241.0,False,2039.0,2040.25
13526,1260,1281,s,236,236.0,False,2039.0,2039.0
13527,1294,1188,s,236,240.0,False,2039.0,2040.0
13528,1533,1571,s,236,,False,2039.0,
13529,1533,1874,s,236,,False,2039.0,
13530,1675,1777,s,236,237.0,False,2039.0,2039.25
13531,1682,1853,s,236,238.0,False,2039.0,2039.5
13532,1682,1915,s,236,,False,2039.0,
13533,1729,1508,s,236,239.0,False,2039.0,2039.75
13534,1729,1625,s,236,238.0,False,2039.0,2039.5
13535,1870,1607,s,236,237.0,False,2039.0,2039.25
13536,1870,2000,s,236,242.0,False,2039.0,2040.5
13537,1889,1625,s,236,236.0,False,2039.0,2039.0
13538,1909,2117,s,236,239.0,False,2039.0,2039.75
13539,2084,1625,s,236,,False,2039.0,
13540,172,59,s,236,239.0,False,2039.0,2039.75
13541,940,2318,s,236,241.0,False,2039.0,2040.25
13542,1007,1188,s,236,,False,2039.0,
13543,1222,302,s,236,,False,2039.0,
13544,1222,1851,s,236,,False,2039.0,
13545,1244,1370,s,236,240.0,False,2039.0,2040.0
13546,1248,2117,s,236,238.0,False,2039.0,2039.5
13547,1260,1501,s,236,240.0,False,2039.0,2040.0
13548,1291,1577,s,236,,False,2039.0,
13549,1317,1281,s,236,,False,2039.0,
13550,1317,2000,s,236,239.0,False,2039.0,2039.75
13551,1369,1777,s,236,238.0,False,2039.0,2039.5
13552,1396,1508,s,236,237.0,False,2039.0,2039.25
13553,1682,1574,s,236,,False,2039.0,
13554,1887,2117,s,236,240.0,False,2039.0,2040.0
13555,1909,1754,s,236,,False,2039.0,
13556,1909,2116,s,236,,False,2039.0,
13557,2063,1535,s,236,237.0,False,2039.0,2039.25
13558,2298,1761,s,236,238.0,False,2039.0,2039.5
13559,848,2318,s,236,238.0,False,2039.0,2039.5
13560,916,90,s,236,239.0,False,2039.0,2039.75
13561,1157,1331,s,236,237.0,False,2039.0,2039.25
13562,1157,1501,s,236,237.0,False,2039.0,2039.25
13563,1198,1188,s,236,243.0,False,2039.0,2040.75
13564,1244,1535,s,236,237.0,False,2039.0,2039.25
13565,1263,1574,s,236,,False,2039.0,
13566,1263,1763,s,236,238.0,False,2039.0,2039.5
13567,1291,1725,s,236,240.0,False,2039.0,2040.0
13568,1314,1240,s,236,237.0,False,2039.0,2039.25
13569,1356,1568,s,236,237.0,False,2039.0,2039.25
13570,1356,1874,s,236,240.0,False,2039.0,2040.0
13571,1479,1845,s,236,,False,2039.0,
13572,1533,1852,s,236,,False,2039.0,
13573,1640,1501,s,236,238.0,False,2039.0,2039.5
13574,1682,1014,s,236,,False,2039.0,
13575,1729,1361,s,236,240.0,False,2039.0,2040.0
13576,1847,1953,s,236,238.0,False,2039.0,2039.5
13577,1919,1845,s,236,239.0,False,2039.0,2039.75
13578,172,800,l,236,,True,2039.0,
13579,630,1699,l,236,,True,2039.0,
13580,1389,1777,l,236,,True,2039.0,
13581,1523,2222,l,236,,True,2039.0,
13582,1575,1536,l,236,,True,2039.0,
13583,2084,1577,l,236,,True,2039.0,
13584,2297,1845,l,236,,True,2039.0,
13585,351,1203,l,236,,True,2039.0,
13586,1314,1501,l,236,,True,2039.0,
13587,1551,1725,l,236,,True,2039.0,
13588,1575,1535,l,236,240.0,True,2039.0,2040.0
13589,172,2272,s,237,,False,2039.25,
13590,422,2318,s,237,239.0,False,2039.25,2039.75
13591,913,800,s,237,237.0,False,2039.25,2039.25
13592,944,340,s,237,240.0,False,2039.25,2040.0
13593,944,2318,s,237,,False,2039.25,
13594,1157,1188,s,237,237.0,False,2039.25,2039.25
13595,1157,1574,s,237,243.0,False,2039.25,2040.75
13596,1222,1281,s,237,,False,2039.25,
13597,1232,1501,s,237,238.0,False,2039.25,2039.5
13598,1248,2270,s,237,240.0,False,2039.25,2040.0
13599,1260,1568,s,237,240.0,False,2039.25,2040.0
13600,1263,1577,s,237,241.0,False,2039.25,2040.25
13601,1314,1536,s,237,237.0,False,2039.25,2039.25
13602,1317,1264,s,237,,False,2039.25,
13603,1356,1574,s,237,239.0,False,2039.25,2039.75
13604,1655,1777,s,237,,False,2039.25,
13605,1729,1032,s,237,243.0,False,2039.25,2040.75
13606,1847,1761,s,237,,False,2039.25,
13607,1909,1571,s,237,240.0,False,2039.25,2040.0
13608,1909,1720,s,237,238.0,False,2039.25,2039.5
13609,2084,1747,s,237,239.0,False,2039.25,2039.75
13610,2298,1720,s,237,239.0,False,2039.25,2039.75
13611,351,224,s,237,,False,2039.25,
13612,351,1473,s,237,239.0,False,2039.25,2039.75
13613,351,1725,s,237,243.0,False,2039.25,2040.75
13614,1155,1577,s,237,239.0,False,2039.25,2039.75
13615,1198,1574,s,237,238.0,False,2039.25,2039.5
13616,1222,1574,s,237,239.0,False,2039.25,2039.75
13617,1260,1590,s,237,238.0,False,2039.25,2039.5
13618,1260,1763,s,237,237.0,False,2039.25,2039.25
13619,1294,1725,s,237,240.0,False,2039.25,2040.0
13620,1533,1568,s,237,243.0,False,2039.25,2040.75
13621,1675,1577,s,237,240.0,False,2039.25,2040.0
13622,1685,1845,s,237,238.0,False,2039.25,2039.5
13623,1705,1501,s,237,240.0,False,2039.25,2040.0
13624,1837,2317,s,237,240.0,False,2039.25,2040.0
13625,1879,1577,s,237,241.0,False,2039.25,2040.25
13626,1909,1845,s,237,239.0,False,2039.25,2039.75
13627,1909,2000,s,237,240.0,False,2039.25,2040.0
13628,1971,1777,s,237,239.0,False,2039.25,2039.75
13629,2063,1787,s,237,,False,2039.25,
13630,2084,1725,s,237,,False,2039.25,
13631,2297,1535,s,237,237.0,False,2039.25,2039.25
13632,2298,1577,s,237,,False,2039.25,
13633,172,302,s,237,239.0,False,2039.25,2039.75
13634,1184,1574,s,237,238.0,False,2039.25,2039.5
13635,1198,1238,s,237,,False,2039.25,
13636,1222,1852,s,237,239.0,False,2039.25,2039.75
13637,1248,1536,s,237,243.0,False,2039.25,2040.75
13638,1479,1602,s,237,241.0,False,2039.25,2040.25
13639,1533,1499,s,237,,False,2039.25,
13640,1533,1777,s,237,,False,2039.25,
13641,1585,1568,s,237,239.0,False,2039.25,2039.75
13642,1682,1508,s,237,239.0,False,2039.25,2039.75
13643,1682,1571,s,237,242.0,False,2039.25,2040.5
13644,1729,1211,s,237,239.0,False,2039.25,2039.75
13645,1737,1568,s,237,240.0,False,2039.25,2040.0
13646,1847,1874,s,237,239.0,False,2039.25,2039.75
13647,1889,1574,s,237,,False,2039.25,
13648,1909,1874,s,237,,False,2039.25,
13649,2297,1747,s,237,,False,2039.25,
13650,1248,1777,l,237,,True,2039.25,
13651,1265,1281,l,237,,True,2039.25,
13652,1479,1747,l,237,,True,2039.25,
13653,1837,762,l,237,,True,2039.25,
13654,1870,1574,l,237,,True,2039.25,
13655,2084,1874,l,237,,True,2039.25,
13656,1260,1238,l,237,,True,2039.25,
13657,1260,1721,l,237,,True,2039.25,
13658,1533,1392,l,237,,True,2039.25,
13659,848,224,l,237,,True,2039.25,
13660,1902,1725,l,237,,True,2039.25,
13661,1909,1674,l,237,,True,2039.25,
13662,1909,1763,l,237,243.0,True,2039.25,2040.75
13663,1155,1188,s,238,239.0,False,2039.5,2039.75
13664,1157,1188,s,238,,False,2039.5,
13665,1157,1331,s,238,,False,2039.5,
13666,1248,942,s,238,238.0,False,2039.5,2039.5
13667,1291,1319,s,238,,False,2039.5,
13668,1314,1238,s,238,238.0,False,2039.5,2039.5
13669,1455,1754,s,238,242.0,False,2039.5,2040.5
13670,1487,1501,s,238,238.0,False,2039.5,2039.5
13671,1555,1602,s,238,,False,2039.5,
13672,1575,1845,s,238,242.0,False,2039.5,2040.5
13673,1575,1874,s,238,239.0,False,2039.5,2039.75
13674,1682,1777,s,238,241.0,False,2039.5,2040.25
13675,1729,1392,s,238,,False,2039.5,
13676,1729,2270,s,238,,False,2039.5,
13677,1847,2117,s,238,238.0,False,2039.5,2039.5
13678,1870,1602,s,238,243.0,False,2039.5,2040.75
13679,1971,1874,s,238,240.0,False,2039.5,2040.0
13680,2084,1574,s,238,,False,2039.5,
13681,2297,1777,s,238,239.0,False,2039.5,2039.75
13682,1157,1568,s,238,243.0,False,2039.5,2040.75
13683,1157,2318,s,238,,False,2039.5,
13684,1260,689,s,238,239.0,False,2039.5,2039.75
13685,1314,1319,s,238,,False,2039.5,
13686,1314,1559,s,238,242.0,False,2039.5,2040.5
13687,1356,1590,s,238,,False,2039.5,
13688,1431,1747,s,238,241.0,False,2039.5,2040.25
13689,1431,1777,s,238,,False,2039.5,
13690,1479,2000,s,238,240.0,False,2039.5,2040.0
13691,1555,1536,s,238,240.0,False,2039.5,2040.0
13692,1555,1577,s,238,240.0,False,2039.5,2040.0
13693,1682,1602,s,238,239.0,False,2039.5,2039.75
13694,1837,800,s,238,239.0,False,2039.5,2039.75
13695,1847,1777,s,238,238.0,False,2039.5,2039.5
13696,1870,1559,s,238,239.0,False,2039.5,2039.75
13697,1870,1754,s,238,242.0,False,2039.5,2040.5
13698,2084,2117,s,238,238.0,False,2039.5,2039.5
13699,351,302,s,238,,False,2039.5,
13700,351,1535,s,238,240.0,False,2039.5,2040.0
13701,351,2000,s,238,,False,2039.5,
13702,913,942,s,238,,False,2039.5,
13703,944,2317,s,238,239.0,False,2039.5,2039.75
13704,1157,1571,s,238,240.0,False,2039.5,2040.0
13705,1189,1238,s,238,240.0,False,2039.5,2040.0
13706,1291,1508,s,238,243.0,False,2039.5,2040.75
13707,1317,457,s,238,243.0,False,2039.5,2040.75
13708,1431,1238,s,238,,False,2039.5,
13709,1682,1331,s,238,,False,2039.5,
13710,1909,1535,s,238,239.0,False,2039.5,2039.75
13711,1909,1574,s,238,,False,2039.5,
13712,1909,1678,s,238,240.0,False,2039.5,2040.0
13713,1942,1845,s,238,241.0,False,2039.5,2040.25
13714,1919,1720,l,238,,True,2039.5,
13715,351,340,s,239,240.0,False,2039.75,2040.0
13716,351,1319,s,239,,False,2039.75,
13717,351,2270,s,239,,False,2039.75,
13718,909,689,s,239,,False,2039.75,
13719,916,2318,s,239,240.0,False,2039.75,2040.0
13720,1184,1319,s,239,,False,2039.75,
13721,1222,1725,s,239,,False,2039.75,
13722,1244,1535,s,239,240.0,False,2039.75,2040.0
13723,1248,1574,s,239,,False,2039.75,
13724,1263,1203,s,239,,False,2039.75,
13725,1523,1874,s,239,240.0,False,2039.75,2040.0
13726,1533,1725,s,239,,False,2039.75,
13727,1682,1264,s,239,,False,2039.75,
13728,1682,1536,s,239,240.0,False,2039.75,2040.0
13729,1685,2000,s,239,241.0,False,2039.75,2040.25
13730,1688,2222,s,239,240.0,False,2039.75,2040.0
13731,1781,1577,s,239,,False,2039.75,
13732,1870,1625,s,239,239.0,False,2039.75,2039.75
13733,1909,1568,s,239,240.0,False,2039.75,2040.0
13734,1965,1625,s,239,,False,2039.75,
13735,1996,1845,s,239,239.0,False,2039.75,2039.75
13736,1996,2116,s,239,240.0,False,2039.75,2040.0
13737,2084,1361,s,239,243.0,False,2039.75,2040.75
13738,2084,2117,s,239,240.0,False,2039.75,2040.0
13739,172,689,s,239,240.0,False,2039.75,2040.0
13740,351,1020,s,239,240.0,False,2039.75,2040.0
13741,351,1501,s,239,,False,2039.75,
13742,1155,2318,s,239,,False,2039.75,
13743,1189,1297,s,239,,False,2039.75,
13744,1248,1568,s,239,240.0,False,2039.75,2040.0
13745,1263,1238,s,239,,False,2039.75,
13746,1314,1209,s,239,,False,2039.75,
13747,1317,1370,s,239,240.0,False,2039.75,2040.0
13748,1368,1845,s,239,240.0,False,2039.75,2040.0
13749,1376,1370,s,239,240.0,False,2039.75,2040.0
13750,1376,1574,s,239,240.0,False,2039.75,2040.0
13751,1389,2117,s,239,,False,2039.75,
13752,1455,1777,s,239,,False,2039.75,
13753,1551,1574,s,239,242.0,False,2039.75,2040.5
13754,1575,1790,s,239,241.0,False,2039.75,2040.25
13755,1585,2117,s,239,243.0,False,2039.75,2040.75
13756,1631,1625,s,239,243.0,False,2039.75,2040.75
13757,1636,2000,s,239,241.0,False,2039.75,2040.25
13758,1682,1361,s,239,241.0,False,2039.75,2040.25
13759,1887,1571,s,239,242.0,False,2039.75,2040.5
13760,1909,1720,s,239,241.0,False,2039.75,2040.25
13761,2063,1577,s,239,239.0,False,2039.75,2039.75
13762,351,268,s,239,240.0,False,2039.75,2040.0
13763,351,1331,s,239,,False,2039.75,
13764,394,1188,s,239,241.0,False,2039.75,2040.25
13765,754,2317,s,239,241.0,False,2039.75,2040.25
13766,1189,1188,s,239,,False,2039.75,
13767,1222,1473,s,239,,False,2039.75,
13768,1260,2000,s,239,,False,2039.75,
13769,1263,1331,s,239,241.0,False,2039.75,2040.25
13770,1434,1574,s,239,,False,2039.75,
13771,1575,1725,s,239,,False,2039.75,
13772,1675,2000,s,239,241.0,False,2039.75,2040.25
13773,1705,1203,s,239,242.0,False,2039.75,2040.5
13774,1837,2318,s,239,241.0,False,2039.75,2040.25
13775,1870,2117,s,239,240.0,False,2039.75,2040.0
13776,1909,1559,s,239,242.0,False,2039.75,2040.5
13777,1909,2077,s,239,241.0,False,2039.75,2040.25
13778,2084,2116,s,239,240.0,False,2039.75,2040.0
13779,2298,1777,s,239,,False,2039.75,
13780,1684,1577,l,239,,True,2039.75,
13781,1952,1777,l,239,,True,2039.75,
13782,2320,2000,l,239,,True,2039.75,
13783,1206,1574,l,239,,True,2039.75,
13784,1222,1370,l,239,,True,2039.75,
13785,1455,1501,l,239,,True,2039.75,
13786,1729,2117,l,239,,True,2039.75,
13787,1189,1508,l,239,,True,2039.75,
13788,1260,1361,l,239,,True,2039.75,
13789,1263,1725,l,239,,True,2039.75,
13790,1317,1852,l,239,,True,2039.75,
13791,351,1852,s,240,240.0,False,2040.0,2040.0
13792,913,1508,s,240,241.0,False,2040.0,2040.25
13793,1222,1602,s,240,,False,2040.0,
13794,1248,942,s,240,241.0,False,2040.0,2040.25
13795,1291,2000,s,240,,False,2040.0,
13796,1317,1319,s,240,243.0,False,2040.0,2040.75
13797,1317,2000,s,240,242.0,False,2040.0,2040.5
13798,1376,2000,s,240,242.0,False,2040.0,2040.5
13799,1376,2117,s,240,241.0,False,2040.0,2040.25
13800,1431,1501,s,240,241.0,False,2040.0,2040.25
13801,1431,1574,s,240,241.0,False,2040.0,2040.25
13802,1434,1852,s,240,242.0,False,2040.0,2040.5
13803,1479,1761,s,240,,False,2040.0,
13804,1479,2315,s,240,,False,2040.0,
13805,1533,1845,s,240,240.0,False,2040.0,2040.0
13806,1575,2000,s,240,,False,2040.0,
13807,1636,2117,s,240,243.0,False,2040.0,2040.75
13808,1682,1508,s,240,,False,2040.0,
13809,1682,1720,s,240,,False,2040.0,
13810,1837,302,s,240,,False,2040.0,
13811,1870,1747,s,240,,False,2040.0,
13812,1889,1845,s,240,243.0,False,2040.0,2040.75
13813,1889,1874,s,240,,False,2040.0,
13814,2084,1777,s,240,243.0,False,2040.0,2040.75
13815,2084,1818,s,240,241.0,False,2040.0,2040.25
13816,2143,2000,s,240,241.0,False,2040.0,2040.25
13817,351,1853,s,240,242.0,False,2040.0,2040.5
13818,630,1297,s,240,,False,2040.0,
13819,1155,1188,s,240,,False,2040.0,
13820,1155,1370,s,240,,False,2040.0,
13821,1198,2000,s,240,241.0,False,2040.0,2040.25
13822,1222,1852,s,240,,False,2040.0,
13823,1248,1203,s,240,,False,2040.0,
13824,1248,1577,s,240,241.0,False,2040.0,2040.25
13825,1291,2222,s,240,,False,2040.0,
13826,1314,689,s,240,,False,2040.0,
13827,1575,1874,s,240,240.0,False,2040.0,2040.0
13828,1682,1370,s,240,243.0,False,2040.0,2040.75
13829,1837,2270,s,240,243.0,False,2040.0,2040.75
13830,1870,1625,s,240,240.0,False,2040.0,2040.0
13831,1870,1874,s,240,243.0,False,2040.0,2040.75
13832,1909,1577,s,240,,False,2040.0,
13833,2063,1535,s,240,,False,2040.0,
13834,351,2271,s,240,,False,2040.0,
13835,630,1852,s,240,,False,2040.0,
13836,1180,1361,s,240,,False,2040.0,
13837,1222,1216,s,240,241.0,False,2040.0,2040.25
13838,1260,1607,s,240,,False,2040.0,
13839,1291,1331,s,240,,False,2040.0,
13840,1314,1240,s,240,241.0,False,2040.0,2040.25
13841,1317,1331,s,240,,False,2040.0,
13842,1368,2000,s,240,241.0,False,2040.0,2040.25
13843,1374,1473,s,240,,False,2040.0,
13844,1523,1319,s,240,243.0,False,2040.0,2040.75
13845,1551,1679,s,240,,False,2040.0,
13846,1636,1577,s,240,241.0,False,2040.0,2040.25
13847,1636,1777,s,240,,False,2040.0,
13848,1870,1818,s,240,,False,2040.0,
13849,1887,1602,s,240,,False,2040.0,
13850,1909,1761,s,240,241.0,False,2040.0,2040.25
13851,1909,1845,s,240,,False,2040.0,
13852,1918,1625,s,240,,False,2040.0,
13853,2084,1536,s,240,,False,2040.0,
13854,2084,1568,s,240,,False,2040.0,
13855,2084,1721,s,240,,False,2040.0,
13856,1198,268,l,240,,True,2040.0,
13857,1365,302,l,240,,True,2040.0,
13858,2297,1777,l,240,,True,2040.0,
13859,1155,1264,l,240,,True,2040.0,
13860,1260,1777,l,240,,True,2040.0,
13861,1155,1361,l,240,,True,2040.0,
13862,1317,1725,l,240,,True,2040.0,
13863,1909,1818,l,240,,True,2040.0,
13864,172,302,s,241,,False,2040.25,
13865,262,1699,s,241,241.0,False,2040.25,2040.25
13866,351,1014,s,241,,False,2040.25,
13867,1157,268,s,241,,False,2040.25,
13868,1222,1361,s,241,,False,2040.25,
13869,1248,1319,s,241,241.0,False,2040.25,2040.25
13870,1263,1535,s,241,243.0,False,2040.25,2040.75
13871,1263,2117,s,241,,False,2040.25,
13872,1314,1281,s,241,,False,2040.25,
13873,1434,2000,s,241,,False,2040.25,
13874,1533,1535,s,241,,False,2040.25,
13875,1555,1777,s,241,,False,2040.25,
13876,1575,1763,s,241,243.0,False,2040.25,2040.75
13877,1729,1203,s,241,243.0,False,2040.25,2040.75
13878,1909,1721,s,241,242.0,False,2040.25,2040.5
13879,2084,2117,s,241,243.0,False,2040.25,2040.75
13880,2320,1777,s,241,243.0,False,2040.25,2040.75
13881,87,1203,s,241,242.0,False,2040.25,2040.5
13882,172,1020,s,241,243.0,False,2040.25,2040.75
13883,394,689,s,241,,False,2040.25,
13884,1155,1508,s,241,,False,2040.25,
13885,1157,16,s,241,,False,2040.25,
13886,1157,1508,s,241,242.0,False,2040.25,2040.5
13887,1198,1203,s,241,242.0,False,2040.25,2040.5
13888,1244,1535,s,241,,False,2040.25,
13889,1260,1499,s,241,241.0,False,2040.25,2040.25
13890,1260,1568,s,241,,False,2040.25,
13891,1314,1721,s,241,243.0,False,2040.25,2040.75
13892,1317,1720,s,241,242.0,False,2040.25,2040.5
13893,1434,1473,s,241,,False,2040.25,
13894,1434,1568,s,241,241.0,False,2040.25,2040.25
13895,1479,1625,s,241,242.0,False,2040.25,2040.5
13896,1636,1720,s,241,,False,2040.25,
13897,1685,2357,s,241,,False,2040.25,
13898,1847,1777,s,241,,False,2040.25,
13899,1870,1625,s,241,,False,2040.25,
13900,1919,1535,s,241,,False,2040.25,
13901,2084,1473,s,241,,False,2040.25,
13902,2297,1535,s,241,,False,2040.25,
13903,2301,302,s,241,,False,2040.25,
13904,630,1209,s,241,,False,2040.25,
13905,1155,1559,s,241,,False,2040.25,
13906,1167,1188,s,241,,False,2040.25,
13907,1314,1720,s,241,243.0,False,2040.25,2040.75
13908,1479,2000,s,241,242.0,False,2040.25,2040.5
13909,1551,1625,s,241,243.0,False,2040.25,2040.75
13910,1636,1874,s,241,,False,2040.25,
13911,1682,1535,s,241,,False,2040.25,
13912,1731,1721,s,241,,False,2040.25,
13913,1870,1568,s,241,,False,2040.25,
13914,1909,1625,s,241,242.0,False,2040.25,2040.5
13915,1909,1777,s,241,,False,2040.25,
13916,1909,2000,s,241,,False,2040.25,
13917,2063,1574,s,241,,False,2040.25,
13918,2298,2000,s,241,242.0,False,2040.25,2040.5
13919,1260,1501,l,241,,True,2040.25,
13920,1291,1583,l,241,,True,2040.25,
13921,1431,1559,l,241,,True,2040.25,
13922,1260,1281,l,241,,True,2040.25,
13923,1356,1845,l,241,,True,2040.25,
13924,1909,2357,l,241,,True,2040.25,
13925,172,689,l,241,,True,2040.25,
13926,1263,1331,l,241,,True,2040.25,
13927,1585,1720,l,241,,True,2040.25,
13928,1155,2000,s,242,,False,2040.5,
13929,1157,1501,s,242,,False,2040.5,
13930,1157,1852,s,242,,False,2040.5,
13931,1248,2117,s,242,,False,2040.5,
13932,1263,1777,s,242,,False,2040.5,
13933,1314,1625,s,242,242.0,False,2040.5,2040.5
13934,1389,1720,s,242,,False,2040.5,
13935,1431,2117,s,242,242.0,False,2040.5,2040.5
13936,1434,2117,s,242,,False,2040.5,
13937,1511,1777,s,242,,False,2040.5,
13938,1573,1777,s,242,,False,2040.5,
13939,1682,1392,s,242,,False,2040.5,
13940,1682,1536,s,242,243.0,False,2040.5,2040.75
13941,1870,2117,s,242,,False,2040.5,
13942,1909,1602,s,242,,False,2040.5,
13943,1919,1501,s,242,,False,2040.5,
13944,2084,1535,s,242,243.0,False,2040.5,2040.75
13945,2084,1747,s,242,,False,2040.5,
13946,2084,1906,s,242,,False,2040.5,
13947,2298,1763,s,242,,False,2040.5,
13948,2342,1845,s,242,,False,2040.5,
13949,262,1188,s,242,,False,2040.5,
13950,1157,2116,s,242,243.0,False,2040.5,2040.75
13951,1157,2270,s,242,,False,2040.5,
13952,1184,1577,s,242,,False,2040.5,
13953,1222,1471,s,242,242.0,False,2040.5,2040.5
13954,1263,1271,s,242,,False,2040.5,
13955,1356,1574,s,242,,False,2040.5,
13956,1455,1747,s,242,243.0,False,2040.5,2040.75
13957,1512,2000,s,242,,False,2040.5,
13958,1533,1501,s,242,,False,2040.5,
13959,1533,2000,s,242,243.0,False,2040.5,2040.75
13960,1555,2117,s,242,,False,2040.5,
13961,1575,1777,s,242,,False,2040.5,
13962,1682,1602,s,242,243.0,False,2040.5,2040.75
13963,1847,1535,s,242,243.0,False,2040.5,2040.75
13964,1870,1577,s,242,,False,2040.5,
13965,1909,1535,s,242,,False,2040.5,
13966,1909,1536,s,242,242.0,False,2040.5,2040.5
13967,2084,2116,s,242,243.0,False,2040.5,2040.75
13968,2297,1720,s,242,,False,2040.5,
13969,2298,1747,s,242,243.0,False,2040.5,2040.75
13970,351,1508,s,242,,False,2040.5,
13971,1157,224,s,242,,False,2040.5,
13972,1157,1014,s,242,,False,2040.5,
13973,1157,1281,s,242,,False,2040.5,
13974,1189,1536,s,242,,False,2040.5,
13975,1207,2117,s,242,,False,2040.5,
13976,1248,1473,s,242,243.0,False,2040.5,2040.75
13977,1260,1559,s,242,,False,2040.5,
13978,1260,1720,s,242,,False,2040.5,
13979,1275,1281,s,242,243.0,False,2040.5,2040.75
13980,1291,1590,s,242,,False,2040.5,
13981,1314,1508,s,242,243.0,False,2040.5,2040.75
13982,1317,1370,s,242,,False,2040.5,
13983,1555,2000,s,242,243.0,False,2040.5,2040.75
13984,1575,1473,s,242,243.0,False,2040.5,2040.75
13985,1575,1625,s,242,,False,2040.5,
13986,1631,2000,s,242,,False,2040.5,
13987,1675,2000,s,242,,False,2040.5,
13988,1685,1906,s,242,,False,2040.5,
13989,1847,1754,s,242,,False,2040.5,
13990,1870,1720,s,242,,False,2040.5,
13991,1870,1777,s,242,,False,2040.5,
13992,1909,2038,s,242,,False,2040.5,
13993,1157,1355,l,242,,True,2040.5,
13994,1479,1763,l,242,,True,2040.5,
13995,1260,2270,l,242,,True,2040.5,
13996,1479,1679,l,242,,True,2040.5,
13997,1685,1577,l,242,,True,2040.5,
13998,1847,1721,l,242,,True,2040.5,
13999,1909,1747,l,242,,True,2040.5,
14000,351,1240,s,243,,False,2040.75,
14001,1155,942,s,243,,False,2040.75,
14002,1184,1508,s,243,,False,2040.75,
14003,1291,1574,s,243,,False,2040.75,
14004,1291,1720,s,243,,False,2040.75,
14005,1317,1392,s,243,243.0,False,2040.75,2040.75
14006,1317,2000,s,243,,False,2040.75,
14007,1368,1392,s,243,243.0,False,2040.75,2040.75
14008,1376,1574,s,243,,False,2040.75,
14009,1575,1906,s,243,243.0,False,2040.75,2040.75
14010,1631,1574,s,243,,False,2040.75,
14011,1636,1577,s,243,,False,2040.75,
14012,1847,1577,s,243,,False,2040.75,
14013,1887,1747,s,243,,False,2040.75,
14014,1889,1536,s,243,,False,2040.75,
14015,1918,1577,s,243,,False,2040.75,
14016,2084,1501,s,243,243.0,False,2040.75,2040.75
14017,2143,1720,s,243,,False,2040.75,
14018,2320,1574,s,243,,False,2040.75,
14019,351,1853,s,243,,False,2040.75,
14020,482,1699,s,243,,False,2040.75,
14021,1220,1568,s,243,,False,2040.75,
14022,1248,1238,s,243,,False,2040.75,
14023,1248,1392,s,243,,False,2040.75,
14024,1260,689,s,243,,False,2040.75,
14025,1260,1209,s,243,,False,2040.75,
14026,1431,1508,s,243,,False,2040.75,
14027,1431,1574,s,243,,False,2040.75,
14028,1479,1577,s,243,,False,2040.75,
14029,1479,2000,s,243,,False,2040.75,
14030,1533,1625,s,243,,False,2040.75,
14031,1533,1906,s,243,,False,2040.75,
14032,1555,1906,s,243,,False,2040.75,
14033,1636,1906,s,243,,False,2040.75,
14034,1682,1281,s,243,,False,2040.75,
14035,1870,1536,s,243,,False,2040.75,
14036,1887,2041,s,243,,False,2040.75,
14037,1909,1906,s,243,,False,2040.75,
14038,1952,1721,s,243,,False,2040.75,
14039,1985,1032,s,243,243.0,False,2040.75,2040.75
14040,2185,1818,s,243,,False,2040.75,
14041,2298,1501,s,243,,False,2040.75,
14042,1184,1852,s,243,,False,2040.75,
14043,1239,2000,s,243,,False,2040.75,
14044,1365,268,s,243,,False,2040.75,
14045,1369,1777,s,243,,False,2040.75,
14046,1380,2117,s,243,,False,2040.75,
14047,1533,1536,s,243,,False,2040.75,
14048,1675,1535,s,243,,False,2040.75,
14049,1682,1678,s,243,,False,2040.75,
14050,1870,1874,l,243,,True,2040.75,
14051,351,1271,l,243,,True,2040.75,
14052,1184,1188,l,243,,True,2040.75,
14053,1431,2117,l,243,,True,2040.75,
14054,1636,2000,l,243,,True,2040.75,
14055,1155,1602,l,243,,True,2040.75,
14056,1198,1203,l,243,,True,2040.75,
14057,1308,1574,l,243,,True,2040.75,
14058,1479,1501,l,243,,True,2040.75,
14059,1575,1559,l,243,,True,2040.75,
