eid,f,m,layer,t_start,t_end,long,start_year,end_year
0,491,379,s,-1,0.0,False,1980.0,1980.0
1,221,120,s,-1,0.0,False,1980.0,1980.0
2,266,461,s,-1,1.0,False,1980.0,1980.25
3,266,371,s,-1,1.0,False,1980.0,1980.25
4,346,170,s,-1,1.0,False,1980.0,1980.25
5,392,176,s,-1,3.0,False,1980.0,1980.75
6,181,470,s,-1,1.0,False,1980.0,1980.25
7,435,461,s,-1,0.0,False,1980.0,1980.0
8,340,115,s,-1,8.0,False,1980.0,1982.0
9,156,229,s,-1,3.0,False,1980.0,1980.75
10,194,110,s,-1,11.0,False,1980.0,1982.75
11,411,239,s,-1,4.0,False,1980.0,1981.0
12,301,162,s,-1,5.0,False,1980.0,1981.25
13,216,246,s,-1,0.0,False,1980.0,1980.0
14,49,437,s,-1,0.0,False,1980.0,1980.0
15,475,130,s,-1,0.0,False,1980.0,1980.0
16,320,110,s,-1,1.0,False,1980.0,1980.25
17,187,269,s,-1,1.0,False,1980.0,1980.25
18,378,136,s,-1,10.0,False,1980.0,1982.5
19,49,189,s,-1,1.0,False,1980.0,1980.25
20,195,58,s,-1,16.0,False,1980.0,1984.0
21,295,176,s,-1,2.0,False,1980.0,1980.5
22,450,405,s,-1,0.0,False,1980.0,1980.0
23,102,100,s,-1,0.0,False,1980.0,1980.0
24,336,29,s,-1,0.0,False,1980.0,1980.0
25,182,42,s,-1,4.0,False,1980.0,1981.0
26,76,440,s,-1,1.0,False,1980.0,1980.25
27,206,486,s,-1,3.0,False,1980.0,1980.75
28,476,436,s,-1,7.0,False,1980.0,1981.75
29,13,454,s,-1,0.0,False,1980.0,1980.0
30,242,110,s,-1,10.0,False,1980.0,1982.5
31,435,115,s,-1,2.0,False,1980.0,1980.5
32,475,162,s,-1,6.0,False,1980.0,1981.5
33,194,237,s,-1,1.0,False,1980.0,1980.25
34,240,114,s,-1,0.0,False,1980.0,1980.0
35,73,207,s,-1,0.0,False,1980.0,1980.0
36,125,136,s,-1,3.0,False,1980.0,1980.75
37,186,232,s,-1,13.0,False,1980.0,1983.25
38,358,389,s,-1,7.0,False,1980.0,1981.75
39,36,33,s,-1,1.0,False,1980.0,1980.25
40,463,229,s,-1,1.0,False,1980.0,1980.25
41,17,45,s,-1,2.0,False,1980.0,1980.5
42,21,105,s,-1,7.0,False,1980.0,1981.75
43,221,229,s,-1,0.0,False,1980.0,1980.0
44,57,461,s,-1,1.0,False,1980.0,1980.25
45,197,272,s,-1,1.0,False,1980.0,1980.25
46,238,272,s,-1,0.0,False,1980.0,1980.0
47,4,486,s,-1,8.0,False,1980.0,1982.0
48,35,162,s,-1,3.0,False,1980.0,1980.75
49,116,456,s,-1,0.0,False,1980.0,1980.0
50,167,284,s,-1,0.0,False,1980.0,1980.0
51,364,335,s,-1,2.0,False,1980.0,1980.5
52,381,329,s,-1,3.0,False,1980.0,1980.75
53,57,78,s,-1,0.0,False,1980.0,1980.0
54,112,208,s,-1,1.0,False,1980.0,1980.25
55,157,317,s,-1,0.0,False,1980.0,1980.0
56,197,129,s,-1,11.0,False,1980.0,1982.75
57,326,419,s,-1,0.0,False,1980.0,1980.0
58,127,436,s,-1,6.0,False,1980.0,1981.5
59,202,232,s,-1,1.0,False,1980.0,1980.25
60,213,78,s,-1,0.0,False,1980.0,1980.0
61,277,56,s,-1,8.0,False,1980.0,1982.0
62,315,337,s,-1,0.0,False,1980.0,1980.0
63,383,497,s,-1,0.0,False,1980.0,1980.0
64,350,497,s,-1,8.0,False,1980.0,1982.0
65,362,130,s,-1,2.0,False,1980.0,1980.5
66,381,342,s,-1,8.0,False,1980.0,1982.0
67,449,474,s,-1,0.0,False,1980.0,1980.0
68,36,445,s,-1,0.0,False,1980.0,1980.0
69,50,249,s,-1,2.0,False,1980.0,1980.5
70,88,232,s,-1,7.0,False,1980.0,1981.75
71,182,284,s,-1,0.0,False,1980.0,1980.0
72,188,494,s,-1,0.0,False,1980.0,1980.0
73,194,431,s,-1,14.0,False,1980.0,1983.5
74,265,289,s,-1,3.0,False,1980.0,1980.75
75,280,461,s,-1,2.0,False,1980.0,1980.5
76,281,10,s,-1,0.0,False,1980.0,1980.0
77,302,498,s,-1,0.0,False,1980.0,1980.0
78,463,83,s,-1,0.0,False,1980.0,1980.0
79,127,51,l,-1,9.0,True,1980.0,1982.25
80,140,174,l,-1,24.0,True,1980.0,1986.0
81,153,207,l,-1,0.0,True,1980.0,1980.0
82,157,33,l,-1,56.0,True,1980.0,1994.0
83,182,86,l,-1,46.0,True,1980.0,1991.5
84,183,387,l,-1,18.0,True,1980.0,1984.5
85,212,134,l,-1,34.0,True,1980.0,1988.5
86,315,207,l,-1,0.0,True,1980.0,1980.0
87,315,328,l,-1,4.0,True,1980.0,1981.0
88,336,371,l,-1,237.0,True,1980.0,2039.25
89,344,162,l,-1,23.0,True,1980.0,1985.75
90,467,231,l,-1,0.0,True,1980.0,1980.0
91,473,162,l,-1,10.0,True,1980.0,1982.5
92,475,246,l,-1,43.0,True,1980.0,1990.75
93,476,353,l,-1,100.0,True,1980.0,2005.0
94,301,456,l,-1,8.0,True,1980.0,1982.0
95,455,479,l,-1,52.0,True,1980.0,1993.0
96,181,439,l,-1,8.0,True,1980.0,1982.0
97,21,472,l,-1,44.0,True,1980.0,1991.0
98,117,436,l,-1,4.0,True,1980.0,1981.0
99,400,461,l,-1,0.0,True,1980.0,1980.0
100,279,68,l,-1,0.0,True,1980.0,1980.0
101,12,405,l,-1,86.0,True,1980.0,2001.5
102,235,110,l,-1,42.0,True,1980.0,1990.5
103,186,45,l,-1,21.0,True,1980.0,1985.25
104,396,479,l,-1,29.0,True,1980.0,1987.25
105,153,229,l,-1,13.0,True,1980.0,1983.25
106,344,19,l,-1,35.0,True,1980.0,1988.75
107,215,370,l,-1,4.0,True,1980.0,1981.0
108,65,329,l,-1,41.0,True,1980.0,1990.25
109,62,5,l,-1,80.0,True,1980.0,2000.0
110,90,250,l,-1,0.0,True,1980.0,1980.0
111,41,110,l,-1,9.0,True,1980.0,1982.25
112,62,419,l,-1,0.0,True,1980.0,1980.0
113,190,440,l,-1,44.0,True,1980.0,1991.0
114,156,310,l,-1,30.0,True,1980.0,1987.5
115,316,196,l,-1,85.0,True,1980.0,2001.25
116,91,130,l,-1,68.0,True,1980.0,1997.0
117,295,486,l,-1,105.0,True,1980.0,2006.25
118,245,134,l,-1,98.0,True,1980.0,2004.5
119,240,289,l,-1,48.0,True,1980.0,1992.0
120,119,479,l,-1,52.0,True,1980.0,1993.0
121,450,176,l,-1,65.0,True,1980.0,1996.25
122,429,339,l,-1,4.0,True,1980.0,1981.0
123,65,339,l,-1,79.0,True,1980.0,1999.75
124,182,445,l,-1,64.0,True,1980.0,1996.0
125,131,371,l,-1,0.0,True,1980.0,1980.0
126,206,105,l,-1,12.0,True,1980.0,1983.0
127,422,494,l,-1,0.0,True,1980.0,1980.0
128,350,333,l,-1,0.0,True,1980.0,1980.0
129,4,436,l,-1,8.0,True,1980.0,1982.0
130,49,249,l,-1,23.0,True,1980.0,1985.75
131,467,80,l,-1,0.0,True,1980.0,1980.0
132,302,272,l,-1,32.0,True,1980.0,1988.0
133,13,297,l,-1,8.0,True,1980.0,1982.0
134,414,317,l,-1,0.0,True,1980.0,1980.0
135,182,162,l,-1,64.0,True,1980.0,1996.0
136,475,289,l,-1,6.0,True,1980.0,1981.5
137,319,327,l,-1,48.0,True,1980.0,1992.0
138,280,439,l,-1,4.0,True,1980.0,1981.0
139,156,56,l,-1,24.0,True,1980.0,1986.0
140,71,342,l,-1,19.0,True,1980.0,1984.75
141,378,405,l,-1,122.0,True,1980.0,2010.5
142,295,259,l,-1,0.0,True,1980.0,1980.0
143,113,32,l,-1,46.0,True,1980.0,1991.5
144,112,96,l,-1,85.0,True,1980.0,2001.25
145,391,130,l,-1,44.0,True,1980.0,1991.0
146,491,178,l,-1,0.0,True,1980.0,1980.0
147,265,20,l,-1,13.0,True,1980.0,1983.25
148,145,239,l,-1,0.0,True,1980.0,1980.0
149,433,405,l,-1,25.0,True,1980.0,1986.25
150,326,308,l,-1,0.0,True,1980.0,1980.0
151,102,185,l,-1,20.0,True,1980.0,1985.0
152,117,479,l,-1,4.0,True,1980.0,1981.0
153,194,470,l,-1,18.0,True,1980.0,1984.5
154,135,32,l,-1,51.0,True,1980.0,1992.75
155,206,2,l,-1,0.0,True,1980.0,1980.0
156,458,333,l,-1,0.0,True,1980.0,1980.0
157,493,185,l,-1,23.0,True,1980.0,1985.75
158,117,353,l,-1,4.0,True,1980.0,1981.0
159,344,376,l,-1,20.0,True,1980.0,1985.0
160,358,462,l,-1,35.0,True,1980.0,1988.75
161,23,253,l,-1,4.0,True,1980.0,1981.0
162,73,497,l,-1,33.0,True,1980.0,1988.25
163,463,404,l,-1,18.0,True,1980.0,1984.5
164,200,353,l,-1,19.0,True,1980.0,1984.75
165,74,436,l,-1,0.0,True,1980.0,1980.0
166,184,144,l,-1,4.0,True,1980.0,1981.0
167,206,354,l,-1,5.0,True,1980.0,1981.25
168,81,439,l,-1,116.0,True,1980.0,2009.0
169,88,208,l,-1,87.0,True,1980.0,2001.75
170,213,115,l,-1,46.0,True,1980.0,1991.5
171,363,342,l,-1,5.0,True,1980.0,1981.25
172,21,292,l,-1,44.0,True,1980.0,1991.0
173,81,139,l,-1,34.0,True,1980.0,1988.5
174,163,56,l,-1,18.0,True,1980.0,1984.5
175,473,168,l,-1,72.0,True,1980.0,1998.0
176,444,439,l,-1,127.0,True,1980.0,2011.75
177,491,105,l,-1,0.0,True,1980.0,1980.0
178,158,130,l,-1,0.0,True,1980.0,1980.0
179,49,84,l,-1,28.0,True,1980.0,1987.0
180,167,269,l,-1,87.0,True,1980.0,2001.75
181,280,129,l,-1,4.0,True,1980.0,1981.0
182,380,68,l,-1,4.0,True,1980.0,1981.0
183,473,10,l,-1,20.0,True,1980.0,1985.0
184,194,105,l,-1,2.0,True,1980.0,1980.5
185,435,419,l,-1,0.0,True,1980.0,1980.0
186,22,58,l,-1,0.0,True,1980.0,1980.0
187,263,19,l,-1,2.0,True,1980.0,1980.5
188,467,175,l,-1,0.0,True,1980.0,1980.0
189,295,29,l,-1,85.0,True,1980.0,2001.25
190,21,246,l,-1,15.0,True,1980.0,1983.75
191,301,100,l,-1,39.0,True,1980.0,1989.75
192,316,337,l,-1,172.0,True,1980.0,2023.0
193,433,32,l,-1,46.0,True,1980.0,1991.5
194,467,29,l,-1,0.0,True,1980.0,1980.0
195,200,230,l,-1,148.0,True,1980.0,2017.0
196,373,317,l,-1,0.0,True,1980.0,1980.0
197,85,374,l,-1,0.0,True,1980.0,1980.0
198,184,273,l,-1,4.0,True,1980.0,1981.0
199,336,430,l,-1,36.0,True,1980.0,1989.0
200,473,244,l,-1,37.0,True,1980.0,1989.25
201,37,220,l,-1,0.0,True,1980.0,1980.0
202,4,2,l,-1,0.0,True,1980.0,1980.0
203,301,44,l,-1,14.0,True,1980.0,1983.5
204,65,284,l,-1,37.0,True,1980.0,1989.25
205,123,419,l,-1,0.0,True,1980.0,1980.0
206,182,128,l,-1,0.0,True,1980.0,1980.0
207,112,353,l,-1,64.0,True,1980.0,1996.0
208,396,486,l,-1,22.0,True,1980.0,1985.5
209,287,439,l,-1,18.0,True,1980.0,1984.5
210,467,494,l,-1,0.0,True,1980.0,1980.0
211,4,110,s,0,4.0,False,1980.0,1981.0
212,218,115,s,0,0.0,False,1980.0,1980.0
213,543,374,s,0,1.0,False,1980.0,1980.25
214,553,348,s,0,0.0,False,1980.0,1980.0
215,316,523,s,0,6.0,False,1980.0,1981.5
216,39,497,s,0,3.0,False,1980.0,1980.75
217,153,526,s,0,1.0,False,1980.0,1980.25
218,183,439,s,0,1.0,False,1980.0,1980.25
219,195,479,s,0,8.0,False,1980.0,1982.0
220,200,110,s,0,8.0,False,1980.0,1982.0
221,213,525,s,0,6.0,False,1980.0,1981.5
222,290,405,s,0,4.0,False,1980.0,1981.0
223,411,176,s,0,2.0,False,1980.0,1980.5
224,320,32,l,0,138.0,True,1980.0,2014.5
225,39,44,s,1,2.0,False,1980.25,1980.5
226,206,110,s,1,3.0,False,1980.25,1980.75
227,315,196,s,1,5.0,False,1980.25,1981.25
228,323,272,s,1,5.0,False,1980.25,1981.25
229,396,405,s,1,6.0,False,1980.25,1981.5
230,7,535,s,1,3.0,False,1980.25,1980.75
231,252,18,s,1,4.0,False,1980.25,1981.0
232,473,68,s,1,9.0,False,1980.25,1982.25
233,145,522,s,1,4.0,False,1980.25,1981.0
234,157,129,s,1,2.0,False,1980.25,1980.5
235,287,249,s,1,3.0,False,1980.25,1980.75
236,316,342,s,1,4.0,False,1980.25,1981.0
237,344,331,s,1,5.0,False,1980.25,1981.25
238,378,232,s,1,2.0,False,1980.25,1980.5
239,460,304,s,1,6.0,False,1980.25,1981.5
240,475,208,s,1,8.0,False,1980.25,1982.0
241,499,445,s,1,5.0,False,1980.25,1981.25
242,140,366,l,1,24.0,True,1980.25,1986.0
243,378,347,l,1,20.0,True,1980.25,1985.0
244,414,371,l,1,8.0,True,1980.25,1982.0
245,563,130,l,1,30.0,True,1980.25,1987.5
246,90,51,s,2,5.0,False,1980.5,1981.25
247,90,462,s,2,3.0,False,1980.5,1980.75
248,124,237,s,2,4.0,False,1980.5,1981.0
249,181,29,s,2,4.0,False,1980.5,1981.0
250,213,170,s,2,3.0,False,1980.5,1980.75
251,562,226,s,2,3.0,False,1980.5,1980.75
252,91,342,s,2,2.0,False,1980.5,1980.5
253,145,244,s,2,4.0,False,1980.5,1981.0
254,182,523,s,2,3.0,False,1980.5,1980.75
255,316,58,s,2,3.0,False,1980.5,1980.75
256,388,246,s,2,14.0,False,1980.5,1983.5
257,553,472,s,2,11.0,False,1980.5,1982.75
258,57,232,s,2,3.0,False,1980.5,1980.75
259,57,497,s,2,3.0,False,1980.5,1980.75
260,124,526,s,2,7.0,False,1980.5,1981.75
261,562,45,l,2,35.0,True,1980.5,1988.75
262,433,96,l,2,67.0,True,1980.5,1996.75
263,543,328,l,2,20.0,True,1980.5,1985.0
264,49,436,l,2,22.0,True,1980.5,1985.5
265,13,459,s,3,4.0,False,1980.75,1981.0
266,48,337,s,3,6.0,False,1980.75,1981.5
267,187,133,s,3,3.0,False,1980.75,1980.75
268,191,110,s,3,5.0,False,1980.75,1981.25
269,319,105,s,3,7.0,False,1980.75,1981.75
270,326,208,s,3,4.0,False,1980.75,1981.0
271,546,28,s,3,8.0,False,1980.75,1982.0
272,561,86,s,3,7.0,False,1980.75,1981.75
273,57,230,s,3,5.0,False,1980.75,1981.25
274,91,456,s,3,5.0,False,1980.75,1981.25
275,197,497,s,3,5.0,False,1980.75,1981.25
276,242,353,s,3,13.0,False,1980.75,1983.25
277,473,531,s,3,15.0,False,1980.75,1983.75
278,476,160,s,3,5.0,False,1980.75,1981.25
279,557,3,s,3,3.0,False,1980.75,1980.75
280,557,58,s,3,11.0,False,1980.75,1982.75
281,88,45,s,3,18.0,False,1980.75,1984.5
282,392,498,s,3,7.0,False,1980.75,1981.75
283,433,84,s,3,4.0,False,1980.75,1981.0
284,545,522,s,3,7.0,False,1980.75,1981.75
285,552,530,s,3,4.0,False,1980.75,1981.0
286,476,84,l,3,4.0,True,1980.75,1981.0
287,473,331,l,3,24.0,True,1980.75,1986.0
288,119,84,l,3,8.0,True,1980.75,1982.0
289,290,329,l,3,12.0,True,1980.75,1983.0
290,35,110,s,4,8.0,False,1981.0,1982.0
291,216,110,s,4,5.0,False,1981.0,1981.25
292,391,32,s,4,19.0,False,1981.0,1984.75
293,444,58,s,4,6.0,False,1981.0,1981.5
294,547,237,s,4,13.0,False,1981.0,1983.25
295,552,33,s,4,5.0,False,1981.0,1981.25
296,559,147,s,4,5.0,False,1981.0,1981.25
297,36,284,s,4,7.0,False,1981.0,1981.75
298,194,537,s,4,6.0,False,1981.0,1981.5
299,213,498,s,4,7.0,False,1981.0,1981.75
300,557,160,s,4,6.0,False,1981.0,1981.5
301,560,342,s,4,13.0,False,1981.0,1983.25
302,577,515,s,4,8.0,False,1981.0,1982.0
303,17,310,s,4,6.0,False,1981.0,1981.5
304,206,472,s,4,7.0,False,1981.0,1981.75
305,444,80,s,4,10.0,False,1981.0,1982.5
306,455,80,s,4,5.0,False,1981.0,1981.25
307,290,40,l,4,144.0,True,1981.0,2016.0
308,557,162,l,4,33.0,True,1981.0,1988.25
309,148,256,s,5,7.0,False,1981.25,1981.75
310,161,405,s,5,6.0,False,1981.25,1981.5
311,197,479,s,5,7.0,False,1981.25,1981.75
312,294,436,s,5,9.0,False,1981.25,1982.25
313,360,513,s,5,6.0,False,1981.25,1981.5
314,182,527,s,5,8.0,False,1981.25,1982.0
315,463,456,s,5,9.0,False,1981.25,1982.25
316,475,314,s,5,10.0,False,1981.25,1982.5
317,554,282,s,5,14.0,False,1981.25,1983.5
318,266,371,s,5,9.0,False,1981.25,1982.25
319,336,520,s,5,8.0,False,1981.25,1982.0
320,558,174,s,5,8.0,False,1981.25,1982.0
321,49,389,s,6,12.0,False,1981.5,1983.0
322,127,439,s,6,8.0,False,1981.5,1982.0
323,200,51,s,6,8.0,False,1981.5,1982.0
324,302,523,s,6,8.0,False,1981.5,1982.0
325,558,386,s,6,14.0,False,1981.5,1983.5
326,577,432,s,6,12.0,False,1981.5,1983.0
327,216,110,s,6,25.0,False,1981.5,1986.25
328,242,515,s,6,7.0,False,1981.5,1981.75
329,330,517,s,6,10.0,False,1981.5,1982.5
330,406,80,s,6,12.0,False,1981.5,1983.0
331,406,437,s,6,7.0,False,1981.5,1981.75
332,545,523,s,6,9.0,False,1981.5,1982.25
333,49,110,s,6,7.0,False,1981.5,1981.75
334,73,445,s,6,12.0,False,1981.5,1983.0
335,172,284,s,6,7.0,False,1981.5,1981.75
336,187,338,s,6,8.0,False,1981.5,1982.0
337,194,44,s,6,9.0,False,1981.5,1982.25
338,206,256,s,6,11.0,False,1981.5,1982.75
339,216,523,s,6,10.0,False,1981.5,1982.5
340,288,525,s,6,7.0,False,1981.5,1981.75
341,326,353,s,6,14.0,False,1981.5,1983.5
342,381,32,s,6,9.0,False,1981.5,1982.25
343,396,523,s,6,12.0,False,1981.5,1983.0
344,39,96,s,7,8.0,False,1981.75,1982.0
345,62,437,s,7,11.0,False,1981.75,1982.75
346,65,521,s,7,13.0,False,1981.75,1983.25
347,212,56,s,7,16.0,False,1981.75,1984.0
348,473,318,s,7,7.0,False,1981.75,1981.75
349,9,239,s,7,12.0,False,1981.75,1983.0
350,39,472,s,7,13.0,False,1981.75,1983.25
351,119,96,s,7,10.0,False,1981.75,1982.5
352,119,110,s,7,15.0,False,1981.75,1983.75
353,455,40,s,7,8.0,False,1981.75,1982.0
354,344,327,s,7,9.0,False,1981.75,1982.25
355,473,19,s,7,16.0,False,1981.75,1984.0
356,557,456,s,7,9.0,False,1981.75,1982.25
357,564,331,s,7,10.0,False,1981.75,1982.5
358,579,56,s,7,10.0,False,1981.75,1982.5
359,73,139,l,7,17.0,True,1981.75,1984.25
360,145,338,l,7,30.0,True,1981.75,1987.5
361,65,338,s,8,11.0,False,1982.0,1982.75
362,202,232,s,8,10.0,False,1982.0,1982.5
363,206,431,s,8,8.0,False,1982.0,1982.0
364,315,371,s,8,20.0,False,1982.0,1985.0
365,408,110,s,8,27.0,False,1982.0,1986.75
366,31,327,s,8,9.0,False,1982.0,1982.25
367,119,436,s,8,9.0,False,1982.0,1982.25
368,240,130,s,8,8.0,False,1982.0,1982.0
369,290,176,s,8,12.0,False,1982.0,1983.0
370,320,522,s,8,24.0,False,1982.0,1986.0
371,194,120,s,8,21.0,False,1982.0,1985.25
372,194,289,s,8,12.0,False,1982.0,1983.0
373,290,525,s,8,15.0,False,1982.0,1983.75
374,344,226,s,8,14.0,False,1982.0,1983.5
375,544,110,s,8,10.0,False,1982.0,1982.5
376,545,249,s,8,13.0,False,1982.0,1983.25
377,288,130,l,8,80.0,True,1982.0,2000.0
378,473,201,l,8,28.0,True,1982.0,1987.0
379,473,386,l,8,42.0,True,1982.0,1990.5
380,579,45,l,8,108.0,True,1982.0,2007.0
381,17,297,l,8,32.0,True,1982.0,1988.0
382,127,231,s,9,19.0,False,1982.25,1984.75
383,287,432,s,9,10.0,False,1982.25,1982.5
384,578,439,s,9,11.0,False,1982.25,1982.75
385,153,389,s,9,11.0,False,1982.25,1982.75
386,153,522,s,9,11.0,False,1982.25,1982.75
387,578,170,s,9,13.0,False,1982.25,1983.25
388,39,44,s,9,19.0,False,1982.25,1984.75
389,264,439,s,9,11.0,False,1982.25,1982.75
390,265,130,s,9,10.0,False,1982.25,1982.5
391,294,256,s,9,11.0,False,1982.25,1982.75
392,378,51,s,9,11.0,False,1982.25,1982.75
393,388,51,s,9,10.0,False,1982.25,1982.5
394,406,86,s,9,10.0,False,1982.25,1982.5
395,373,470,l,9,10.0,True,1982.25,1982.5
396,383,439,l,9,33.0,True,1982.25,1988.25
397,580,431,l,9,35.0,True,1982.25,1988.75
398,39,137,s,10,14.0,False,1982.5,1983.5
399,341,515,s,10,17.0,False,1982.5,1984.25
400,545,237,s,10,12.0,False,1982.5,1983.0
401,555,83,s,10,11.0,False,1982.5,1982.75
402,563,178,s,10,12.0,False,1982.5,1983.0
403,23,137,s,10,11.0,False,1982.5,1982.75
404,35,436,s,10,17.0,False,1982.5,1984.25
405,245,40,s,10,11.0,False,1982.5,1982.75
406,266,231,s,10,12.0,False,1982.5,1983.0
407,558,354,s,10,13.0,False,1982.5,1983.25
408,579,232,s,10,12.0,False,1982.5,1983.0
409,187,339,s,10,15.0,False,1982.5,1983.75
410,281,531,s,10,11.0,False,1982.5,1982.75
411,301,239,s,10,13.0,False,1982.5,1983.25
412,381,110,s,10,11.0,False,1982.5,1982.75
413,557,282,l,10,15.0,True,1982.5,1983.75
414,163,45,l,10,16.0,True,1982.5,1984.0
415,200,272,l,10,24.0,True,1982.5,1986.0
416,295,518,l,10,43.0,True,1982.5,1990.75
417,358,479,l,10,13.0,True,1982.5,1983.25
418,579,134,l,10,26.0,True,1982.5,1986.5
419,145,479,s,11,18.0,False,1982.75,1984.5
420,153,137,s,11,12.0,False,1982.75,1983.0
421,172,514,s,11,14.0,False,1982.75,1983.5
422,383,45,s,11,23.0,False,1982.75,1985.75
423,485,348,s,11,13.0,False,1982.75,1983.25
424,557,289,s,11,13.0,False,1982.75,1983.25
425,0,176,s,11,12.0,False,1982.75,1983.0
426,35,587,s,11,16.0,False,1982.75,1984.0
427,167,353,s,11,21.0,False,1982.75,1985.25
428,288,3,s,11,24.0,False,1982.75,1986.0
429,294,133,s,11,25.0,False,1982.75,1986.25
430,326,304,s,11,11.0,False,1982.75,1982.75
431,344,256,s,11,14.0,False,1982.75,1983.5
432,396,440,s,11,11.0,False,1982.75,1982.75
433,558,472,s,11,16.0,False,1982.75,1984.0
434,102,523,s,11,15.0,False,1982.75,1983.75
435,151,530,s,11,14.0,False,1982.75,1983.5
436,153,405,s,11,20.0,False,1982.75,1985.0
437,202,440,s,11,23.0,False,1982.75,1985.75
438,557,174,s,11,13.0,False,1982.75,1983.25
439,463,529,l,11,80.0,True,1982.75,2000.0
440,555,178,l,11,12.0,True,1982.75,1983.0
441,148,338,l,11,33.0,True,1982.75,1988.25
442,302,519,l,11,126.0,True,1982.75,2011.5
443,145,526,l,11,28.0,True,1982.75,1987.0
444,191,437,l,11,24.0,True,1982.75,1986.0
445,433,526,l,11,32.0,True,1982.75,1988.0
446,153,353,s,12,13.0,False,1983.0,1983.25
447,153,432,s,12,14.0,False,1983.0,1983.5
448,187,29,s,12,12.0,False,1983.0,1983.0
449,290,51,s,12,18.0,False,1983.0,1984.5
450,294,249,s,12,18.0,False,1983.0,1984.5
451,344,83,s,12,16.0,False,1983.0,1984.0
452,411,51,s,12,15.0,False,1983.0,1983.75
453,475,348,s,12,12.0,False,1983.0,1983.0
454,0,129,s,12,17.0,False,1983.0,1984.25
455,91,523,s,12,12.0,False,1983.0,1983.0
456,192,58,s,12,14.0,False,1983.0,1983.5
457,216,440,s,12,13.0,False,1983.0,1983.25
458,388,338,s,12,14.0,False,1983.0,1983.5
459,463,185,s,12,18.0,False,1983.0,1984.5
460,543,304,s,12,16.0,False,1983.0,1984.0
461,35,58,s,12,13.0,False,1983.0,1983.25
462,48,498,s,12,22.0,False,1983.0,1985.5
463,62,229,s,12,13.0,False,1983.0,1983.25
464,485,531,s,12,19.0,False,1983.0,1984.75
465,192,439,l,12,73.0,True,1983.0,1998.25
466,396,462,l,12,42.0,True,1983.0,1990.5
467,172,133,l,12,62.0,True,1983.0,1995.5
468,265,162,l,12,14.0,True,1983.0,1983.5
469,11,347,s,13,14.0,False,1983.25,1983.5
470,31,379,s,13,14.0,False,1983.25,1983.5
471,39,587,s,13,16.0,False,1983.25,1984.0
472,172,439,s,13,14.0,False,1983.25,1983.5
473,490,51,s,13,14.0,False,1983.25,1983.5
474,579,232,s,13,15.0,False,1983.25,1983.75
475,145,353,s,13,17.0,False,1983.25,1984.25
476,288,29,s,13,16.0,False,1983.25,1984.0
477,320,518,s,13,27.0,False,1983.25,1986.75
478,367,176,s,13,16.0,False,1983.25,1984.0
479,560,338,s,13,14.0,False,1983.25,1983.5
480,578,201,s,13,14.0,False,1983.25,1983.5
481,0,217,s,13,14.0,False,1983.25,1983.5
482,36,249,s,13,16.0,False,1983.25,1984.0
483,36,519,s,13,20.0,False,1983.25,1985.0
484,88,256,s,13,16.0,False,1983.25,1984.0
485,187,246,s,13,16.0,False,1983.25,1984.0
486,191,399,s,13,16.0,False,1983.25,1984.0
487,195,232,s,13,19.0,False,1983.25,1984.75
488,315,347,s,13,14.0,False,1983.25,1983.5
489,460,523,s,13,21.0,False,1983.25,1985.25
490,490,32,s,13,19.0,False,1983.25,1984.75
491,558,366,s,13,16.0,False,1983.25,1984.0
492,489,29,l,13,17.0,True,1983.25,1984.25
493,547,517,l,13,23.0,True,1983.25,1985.75
494,57,232,s,14,16.0,False,1983.5,1984.0
495,125,462,s,14,17.0,False,1983.5,1984.25
496,288,525,s,14,15.0,False,1983.5,1983.75
497,302,479,s,14,20.0,False,1983.5,1985.0
498,341,374,s,14,15.0,False,1983.5,1983.75
499,373,519,s,14,19.0,False,1983.5,1984.75
500,422,486,s,14,15.0,False,1983.5,1983.75
501,153,436,s,14,16.0,False,1983.5,1984.0
502,358,339,s,14,15.0,False,1983.5,1983.75
503,408,170,s,14,17.0,False,1983.5,1984.25
504,21,130,s,14,15.0,False,1983.5,1983.75
505,50,96,s,14,24.0,False,1983.5,1986.0
506,157,84,s,14,19.0,False,1983.5,1984.75
507,203,328,s,14,15.0,False,1983.5,1983.75
508,294,436,s,14,16.0,False,1983.5,1984.0
509,31,530,l,14,84.0,True,1983.5,2001.0
510,197,58,l,14,90.0,True,1983.5,2002.5
511,485,445,l,14,54.0,True,1983.5,1993.5
512,30,180,s,15,19.0,False,1983.75,1984.75
513,73,226,s,15,19.0,False,1983.75,1984.75
514,200,133,s,15,20.0,False,1983.75,1985.0
515,266,519,s,15,21.0,False,1983.75,1985.25
516,287,498,s,15,26.0,False,1983.75,1986.5
517,378,432,s,15,21.0,False,1983.75,1985.25
518,555,160,s,15,23.0,False,1983.75,1985.75
519,563,68,s,15,21.0,False,1983.75,1985.25
520,577,437,s,15,24.0,False,1983.75,1986.0
521,186,497,s,15,16.0,False,1983.75,1984.0
522,194,327,s,15,16.0,False,1983.75,1984.0
523,203,524,s,15,17.0,False,1983.75,1984.25
524,341,437,s,15,16.0,False,1983.75,1984.0
525,473,111,s,15,19.0,False,1983.75,1984.75
526,542,170,s,15,18.0,False,1983.75,1984.5
527,11,328,s,15,21.0,False,1983.75,1985.25
528,119,10,s,15,19.0,False,1983.75,1984.75
529,182,516,s,15,16.0,False,1983.75,1984.0
530,197,517,s,15,16.0,False,1983.75,1984.0
531,367,51,s,15,17.0,False,1983.75,1984.25
532,485,58,s,15,22.0,False,1983.75,1985.5
533,30,517,l,15,67.0,True,1983.75,1996.75
534,557,10,l,15,20.0,True,1983.75,1985.0
535,202,497,s,16,18.0,False,1984.0,1984.5
536,316,437,s,16,18.0,False,1984.0,1984.5
537,463,256,s,16,20.0,False,1984.0,1985.0
538,553,379,s,16,19.0,False,1984.0,1984.75
539,578,84,s,16,22.0,False,1984.0,1985.5
540,140,68,s,16,18.0,False,1984.0,1984.5
541,167,397,s,16,24.0,False,1984.0,1986.0
542,181,269,s,16,17.0,False,1984.0,1984.25
543,340,115,s,16,18.0,False,1984.0,1984.5
544,475,83,s,16,17.0,False,1984.0,1984.25
545,475,168,s,16,21.0,False,1984.0,1985.25
546,551,519,s,16,20.0,False,1984.0,1985.0
547,62,32,s,16,18.0,False,1984.0,1984.5
548,153,185,s,16,19.0,False,1984.0,1984.75
549,153,246,s,16,18.0,False,1984.0,1984.5
550,194,479,s,16,24.0,False,1984.0,1986.0
551,330,110,s,16,22.0,False,1984.0,1985.5
552,373,110,s,16,20.0,False,1984.0,1985.0
553,549,256,s,16,17.0,False,1984.0,1984.25
554,145,130,l,16,49.0,True,1984.0,1992.25
555,277,289,l,16,66.0,True,1984.0,1996.5
556,435,115,l,16,78.0,True,1984.0,1999.5
557,65,405,s,17,21.0,False,1984.25,1985.25
558,119,522,s,17,19.0,False,1984.25,1984.75
559,320,387,s,17,22.0,False,1984.25,1985.5
560,39,32,s,17,17.0,False,1984.25,1984.25
561,62,229,s,17,24.0,False,1984.25,1986.0
562,285,170,s,17,23.0,False,1984.25,1985.75
563,287,479,s,17,24.0,False,1984.25,1986.0
564,301,244,s,17,27.0,False,1984.25,1986.75
565,326,86,s,17,25.0,False,1984.25,1986.25
566,341,518,s,17,23.0,False,1984.25,1985.75
567,579,232,s,17,20.0,False,1984.25,1985.0
568,580,386,s,17,18.0,False,1984.25,1984.5
569,182,354,l,17,21.0,True,1984.25,1985.25
570,65,321,l,17,105.0,True,1984.25,2006.25
571,73,342,l,17,35.0,True,1984.25,1988.75
572,26,440,s,18,22.0,False,1984.5,1985.5
573,145,472,s,18,27.0,False,1984.5,1986.75
574,288,515,s,18,19.0,False,1984.5,1984.75
575,35,58,s,18,19.0,False,1984.5,1984.75
576,381,371,s,18,20.0,False,1984.5,1985.0
577,579,56,s,18,19.0,False,1984.5,1984.75
578,613,436,s,18,24.0,False,1984.5,1986.0
579,11,278,s,18,19.0,False,1984.5,1984.75
580,30,371,s,18,23.0,False,1984.5,1985.75
581,140,335,s,18,24.0,False,1984.5,1986.0
582,191,515,s,18,25.0,False,1984.5,1986.25
583,194,160,s,18,20.0,False,1984.5,1985.0
584,194,282,s,18,21.0,False,1984.5,1985.25
585,325,379,s,18,23.0,False,1984.5,1985.75
586,325,522,s,18,23.0,False,1984.5,1985.75
587,358,515,s,18,21.0,False,1984.5,1985.25
588,475,44,s,18,20.0,False,1984.5,1985.0
589,551,523,s,18,27.0,False,1984.5,1986.75
590,553,130,s,18,19.0,False,1984.5,1984.75
591,88,232,l,18,53.0,True,1984.5,1993.25
592,288,170,l,18,54.0,True,1984.5,1993.5
593,330,51,l,18,69.0,True,1984.5,1997.25
594,323,40,l,18,155.0,True,1984.5,2018.75
595,367,304,l,18,68.0,True,1984.5,1997.0
596,485,331,l,18,24.0,True,1984.5,1986.0
597,127,58,s,19,20.0,False,1984.75,1985.0
598,362,342,s,19,20.0,False,1984.75,1985.0
599,476,472,s,19,30.0,False,1984.75,1987.5
600,553,162,s,19,28.0,False,1984.75,1987.0
601,36,520,s,19,21.0,False,1984.75,1985.25
602,151,111,s,19,21.0,False,1984.75,1985.25
603,153,110,s,19,26.0,False,1984.75,1986.5
604,460,58,s,19,21.0,False,1984.75,1985.25
605,476,185,s,19,23.0,False,1984.75,1985.75
606,547,239,s,19,20.0,False,1984.75,1985.0
607,577,269,s,19,24.0,False,1984.75,1986.0
608,39,342,l,19,24.0,True,1984.75,1986.0
609,206,436,l,19,40.0,True,1984.75,1990.0
610,555,456,l,19,84.0,True,1984.75,2001.0
611,557,601,l,19,52.0,True,1984.75,1993.0
612,112,282,l,19,43.0,True,1984.75,1990.75
613,62,246,s,20,24.0,False,1985.0,1986.0
614,153,256,s,20,25.0,False,1985.0,1986.25
615,172,154,s,20,23.0,False,1985.0,1985.75
616,315,196,s,20,21.0,False,1985.0,1985.25
617,555,44,s,20,32.0,False,1985.0,1988.0
618,35,269,s,20,23.0,False,1985.0,1985.75
619,119,137,s,20,21.0,False,1985.0,1985.25
620,264,249,s,20,26.0,False,1985.0,1986.5
621,287,246,s,20,27.0,False,1985.0,1986.75
622,301,45,s,20,25.0,False,1985.0,1986.25
623,360,389,s,20,20.0,False,1985.0,1985.0
624,493,389,s,20,26.0,False,1985.0,1986.5
625,552,162,s,20,21.0,False,1985.0,1985.25
626,330,40,s,20,22.0,False,1985.0,1985.5
627,358,526,s,20,24.0,False,1985.0,1986.0
628,388,33,s,20,38.0,False,1985.0,1989.5
629,593,129,s,20,25.0,False,1985.0,1986.25
630,593,176,s,20,24.0,False,1985.0,1986.0
631,181,379,l,20,27.0,True,1985.0,1986.75
632,287,29,l,20,66.0,True,1985.0,1996.5
633,336,405,l,20,176.0,True,1985.0,2024.0
634,36,431,s,21,31.0,False,1985.25,1987.75
635,57,514,s,21,22.0,False,1985.25,1985.5
636,153,58,s,21,29.0,False,1985.25,1987.25
637,161,523,s,21,24.0,False,1985.25,1986.0
638,190,51,s,21,21.0,False,1985.25,1985.25
639,195,110,s,21,28.0,False,1985.25,1987.0
640,197,469,s,21,21.0,False,1985.25,1985.25
641,383,56,s,21,32.0,False,1985.25,1988.0
642,391,170,s,21,27.0,False,1985.25,1986.75
643,408,170,s,21,22.0,False,1985.25,1985.5
644,545,40,s,21,22.0,False,1985.25,1985.5
645,546,329,s,21,23.0,False,1985.25,1985.75
646,579,246,s,21,26.0,False,1985.25,1986.5
647,194,486,s,21,23.0,False,1985.25,1985.75
648,200,439,s,21,26.0,False,1985.25,1986.5
649,216,284,s,21,26.0,False,1985.25,1986.5
650,340,29,s,21,24.0,False,1985.25,1986.0
651,579,56,s,21,26.0,False,1985.25,1986.5
652,295,217,s,21,22.0,False,1985.25,1985.5
653,315,389,s,21,24.0,False,1985.25,1986.0
654,391,185,s,21,23.0,False,1985.25,1985.75
655,49,272,l,21,24.0,True,1985.25,1986.0
656,330,247,l,21,30.0,True,1985.25,1987.5
657,540,328,l,21,61.0,True,1985.25,1995.25
658,0,110,s,22,23.0,False,1985.5,1985.75
659,167,40,s,22,22.0,False,1985.5,1985.5
660,212,45,s,22,22.0,False,1985.5,1985.5
661,291,371,s,22,23.0,False,1985.5,1985.75
662,302,342,s,22,31.0,False,1985.5,1987.75
663,362,347,s,22,24.0,False,1985.5,1986.0
664,363,440,s,22,23.0,False,1985.5,1985.75
665,555,246,s,22,23.0,False,1985.5,1985.75
666,12,440,s,22,23.0,False,1985.5,1985.75
667,26,513,s,22,23.0,False,1985.5,1985.75
668,264,174,s,22,25.0,False,1985.5,1986.25
669,350,439,s,22,24.0,False,1985.5,1986.0
670,484,432,s,22,23.0,False,1985.5,1985.75
671,555,314,s,22,26.0,False,1985.5,1986.5
672,577,498,s,22,24.0,False,1985.5,1986.0
673,50,524,s,22,31.0,False,1985.5,1987.75
674,112,327,s,22,31.0,False,1985.5,1987.75
675,187,479,s,22,24.0,False,1985.5,1986.0
676,197,517,s,22,24.0,False,1985.5,1986.0
677,288,436,s,22,26.0,False,1985.5,1986.5
678,373,587,s,22,23.0,False,1985.5,1985.75
679,391,515,s,22,24.0,False,1985.5,1986.0
680,551,115,s,22,24.0,False,1985.5,1986.0
681,543,389,l,22,54.0,True,1985.5,1993.5
682,558,229,l,22,74.0,True,1985.5,1998.5
683,555,19,l,22,30.0,True,1985.5,1987.5
684,183,437,s,23,28.0,False,1985.75,1987.0
685,241,339,s,23,25.0,False,1985.75,1986.25
686,325,523,s,23,23.0,False,1985.75,1985.75
687,593,389,s,23,23.0,False,1985.75,1985.75
688,35,526,s,23,28.0,False,1985.75,1987.0
689,145,170,s,23,24.0,False,1985.75,1986.0
690,242,353,s,23,36.0,False,1985.75,1989.0
691,315,469,s,23,24.0,False,1985.75,1986.0
692,352,425,s,23,25.0,False,1985.75,1986.25
693,378,342,s,23,27.0,False,1985.75,1986.75
694,577,432,s,23,23.0,False,1985.75,1985.75
695,37,58,s,23,27.0,False,1985.75,1986.75
696,62,525,s,23,24.0,False,1985.75,1986.0
697,72,111,s,23,26.0,False,1985.75,1986.5
698,73,486,s,23,25.0,False,1985.75,1986.25
699,194,201,s,23,24.0,False,1985.75,1986.0
700,323,486,s,23,24.0,False,1985.75,1986.0
701,341,517,s,23,24.0,False,1985.75,1986.0
702,476,44,s,23,24.0,False,1985.75,1986.0
703,485,521,s,23,25.0,False,1985.75,1986.25
704,46,479,l,23,52.0,True,1985.75,1993.0
705,288,525,l,23,47.0,True,1985.75,1991.75
706,358,432,l,23,35.0,True,1985.75,1988.75
707,360,469,l,23,28.0,True,1985.75,1987.0
708,181,282,s,24,32.0,False,1986.0,1988.0
709,242,101,s,24,28.0,False,1986.0,1987.0
710,422,440,s,24,31.0,False,1986.0,1987.75
711,475,318,s,24,28.0,False,1986.0,1987.0
712,540,498,s,24,25.0,False,1986.0,1986.25
713,125,339,s,24,28.0,False,1986.0,1987.0
714,153,185,s,24,48.0,False,1986.0,1992.0
715,153,439,s,24,34.0,False,1986.0,1988.5
716,161,339,s,24,36.0,False,1986.0,1989.0
717,241,95,s,24,26.0,False,1986.0,1986.5
718,294,526,s,24,25.0,False,1986.0,1986.25
719,302,515,s,24,35.0,False,1986.0,1988.75
720,543,170,s,24,27.0,False,1986.0,1986.75
721,593,389,s,24,26.0,False,1986.0,1986.5
722,30,180,s,24,27.0,False,1986.0,1986.75
723,35,470,s,24,26.0,False,1986.0,1986.5
724,50,348,s,24,26.0,False,1986.0,1986.5
725,301,229,s,24,29.0,False,1986.0,1987.25
726,319,239,s,24,27.0,False,1986.0,1986.75
727,408,185,s,24,25.0,False,1986.0,1986.25
728,460,439,s,24,25.0,False,1986.0,1986.25
729,241,399,l,24,58.0,True,1986.0,1994.5
730,579,456,l,24,36.0,True,1986.0,1989.0
731,60,517,s,25,41.0,False,1986.25,1990.25
732,127,587,s,25,26.0,False,1986.25,1986.5
733,135,379,s,25,31.0,False,1986.25,1987.75
734,135,587,s,25,27.0,False,1986.25,1986.75
735,242,519,s,25,38.0,False,1986.25,1989.5
736,330,95,s,25,34.0,False,1986.25,1988.5
737,330,272,s,25,37.0,False,1986.25,1989.25
738,350,524,s,25,27.0,False,1986.25,1986.75
739,378,110,s,25,36.0,False,1986.25,1989.0
740,392,515,s,25,25.0,False,1986.25,1986.25
741,0,439,s,25,27.0,False,1986.25,1986.75
742,17,244,s,25,28.0,False,1986.25,1987.0
743,37,239,s,25,26.0,False,1986.25,1986.5
744,135,95,s,25,29.0,False,1986.25,1987.25
745,183,249,s,25,27.0,False,1986.25,1986.75
746,266,189,s,25,27.0,False,1986.25,1986.75
747,57,432,s,25,28.0,False,1986.25,1987.0
748,151,318,s,25,26.0,False,1986.25,1986.5
749,153,342,s,25,30.0,False,1986.25,1987.5
750,242,236,s,25,26.0,False,1986.25,1986.5
751,302,518,s,25,36.0,False,1986.25,1989.0
752,91,587,l,25,68.0,True,1986.25,1997.0
753,62,229,l,25,76.0,True,1986.25,1999.0
754,294,486,l,25,35.0,True,1986.25,1988.75
755,388,342,l,25,43.0,True,1986.25,1990.75
756,79,432,l,25,84.0,True,1986.25,2001.0
757,91,338,l,25,43.0,True,1986.25,1990.75
758,315,432,l,25,93.0,True,1986.25,2003.25
759,0,58,s,26,33.0,False,1986.5,1988.25
760,161,199,s,26,27.0,False,1986.5,1986.75
761,161,469,s,26,30.0,False,1986.5,1987.5
762,381,371,s,26,32.0,False,1986.5,1988.0
763,444,445,s,26,29.0,False,1986.5,1987.25
764,463,239,s,26,32.0,False,1986.5,1988.0
765,476,526,s,26,33.0,False,1986.5,1988.25
766,552,137,s,26,30.0,False,1986.5,1987.5
767,79,293,s,26,27.0,False,1986.5,1986.75
768,182,51,s,26,27.0,False,1986.5,1986.75
769,295,520,s,26,28.0,False,1986.5,1987.0
770,315,520,s,26,31.0,False,1986.5,1987.75
771,381,353,s,26,26.0,False,1986.5,1986.5
772,455,129,s,26,28.0,False,1986.5,1987.0
773,551,525,s,26,29.0,False,1986.5,1987.25
774,241,293,s,26,27.0,False,1986.5,1986.75
775,301,1,s,26,33.0,False,1986.5,1988.25
776,336,374,s,26,40.0,False,1986.5,1990.0
777,340,115,s,26,27.0,False,1986.5,1986.75
778,578,472,s,26,27.0,False,1986.5,1986.75
779,64,329,s,27,28.0,False,1986.75,1987.0
780,79,337,s,27,31.0,False,1986.75,1987.75
781,181,338,s,27,30.0,False,1986.75,1987.5
782,203,110,s,27,30.0,False,1986.75,1987.5
783,455,430,s,27,27.0,False,1986.75,1986.75
784,543,518,s,27,32.0,False,1986.75,1988.0
785,60,234,s,27,28.0,False,1986.75,1987.0
786,183,439,s,27,35.0,False,1986.75,1988.75
787,202,497,s,27,28.0,False,1986.75,1987.0
788,358,58,s,27,28.0,False,1986.75,1987.0
789,26,132,s,27,33.0,False,1986.75,1988.25
790,148,246,s,27,33.0,False,1986.75,1988.25
791,358,521,s,27,29.0,False,1986.75,1987.25
792,373,32,s,27,28.0,False,1986.75,1987.0
793,406,176,s,27,31.0,False,1986.75,1987.75
794,552,436,s,27,33.0,False,1986.75,1988.25
795,60,430,l,27,36.0,True,1986.75,1989.0
796,62,110,l,27,46.0,True,1986.75,1991.5
797,124,115,l,27,34.0,True,1986.75,1988.5
798,476,282,l,27,64.0,True,1986.75,1996.0
799,552,472,l,27,42.0,True,1986.75,1990.5
800,112,83,s,28,28.0,False,1987.0,1987.0
801,145,282,s,28,36.0,False,1987.0,1989.0
802,212,232,s,28,29.0,False,1987.0,1987.25
803,326,3,s,28,30.0,False,1987.0,1987.5
804,358,519,s,28,29.0,False,1987.0,1987.25
805,378,342,s,28,32.0,False,1987.0,1988.0
806,455,272,s,28,29.0,False,1987.0,1987.25
807,460,129,s,28,29.0,False,1987.0,1987.25
808,463,528,s,28,39.0,False,1987.0,1989.75
809,481,115,s,28,32.0,False,1987.0,1988.0
810,556,100,s,28,35.0,False,1987.0,1988.75
811,36,86,s,28,31.0,False,1987.0,1987.75
812,46,465,s,28,35.0,False,1987.0,1988.75
813,49,519,s,28,35.0,False,1987.0,1988.75
814,90,284,s,28,33.0,False,1987.0,1988.25
815,119,472,s,28,29.0,False,1987.0,1987.25
816,167,498,s,28,33.0,False,1987.0,1988.25
817,316,399,s,28,30.0,False,1987.0,1987.5
818,319,314,s,28,43.0,False,1987.0,1990.75
819,352,486,s,28,37.0,False,1987.0,1989.25
820,433,439,s,28,29.0,False,1987.0,1987.25
821,545,175,s,28,31.0,False,1987.0,1987.75
822,23,327,s,28,30.0,False,1987.0,1987.5
823,62,525,s,28,29.0,False,1987.0,1987.25
824,65,196,s,28,30.0,False,1987.0,1987.5
825,315,321,s,28,34.0,False,1987.0,1988.5
826,362,353,s,28,30.0,False,1987.0,1987.5
827,540,337,s,28,33.0,False,1987.0,1988.25
828,187,222,l,28,56.0,True,1987.0,1994.0
829,580,601,l,28,45.0,True,1987.0,1991.25
830,172,513,l,28,152.0,True,1987.0,2018.0
831,340,115,l,28,76.0,True,1987.0,1999.0
832,157,342,l,28,104.0,True,1987.0,2006.0
833,169,32,l,28,236.0,True,1987.0,2039.0
834,181,440,l,28,40.0,True,1987.0,1990.0
835,200,129,l,28,73.0,True,1987.0,1998.25
836,11,347,s,29,37.0,False,1987.25,1989.25
837,392,521,s,29,32.0,False,1987.25,1988.0
838,411,29,s,29,32.0,False,1987.25,1988.0
839,60,132,s,29,43.0,False,1987.25,1990.75
840,65,397,s,29,46.0,False,1987.25,1991.5
841,73,437,s,29,30.0,False,1987.25,1987.5
842,320,518,s,29,33.0,False,1987.25,1988.25
843,362,110,s,29,37.0,False,1987.25,1989.25
844,406,397,s,29,29.0,False,1987.25,1987.25
845,408,208,s,29,32.0,False,1987.25,1988.0
846,460,189,s,29,30.0,False,1987.25,1987.5
847,482,374,s,29,35.0,False,1987.25,1988.75
848,36,528,s,29,42.0,False,1987.25,1990.5
849,182,439,s,29,32.0,False,1987.25,1988.0
850,261,339,s,29,30.0,False,1987.25,1987.5
851,261,465,s,29,30.0,False,1987.25,1987.5
852,301,201,s,29,31.0,False,1987.25,1987.75
853,301,253,s,29,32.0,False,1987.25,1988.0
854,408,246,s,29,30.0,False,1987.25,1987.5
855,119,278,l,29,72.0,True,1987.25,1998.0
856,194,529,l,29,33.0,True,1987.25,1988.25
857,340,518,l,29,42.0,True,1987.25,1990.5
858,392,293,l,29,88.0,True,1987.25,2002.0
859,433,436,l,29,54.0,True,1987.25,1993.5
860,36,170,l,29,56.0,True,1987.25,1994.0
861,181,29,l,29,40.0,True,1987.25,1990.0
862,613,289,l,29,56.0,True,1987.25,1994.0
863,119,130,s,30,35.0,False,1987.5,1988.75
864,195,130,s,30,33.0,False,1987.5,1988.25
865,200,374,s,30,33.0,False,1987.5,1988.25
866,326,354,s,30,35.0,False,1987.5,1988.75
867,422,236,s,30,32.0,False,1987.5,1988.0
868,433,160,s,30,34.0,False,1987.5,1988.5
869,484,101,s,30,36.0,False,1987.5,1989.0
870,577,176,s,30,37.0,False,1987.5,1989.25
871,12,304,s,30,46.0,False,1987.5,1991.5
872,64,515,s,30,31.0,False,1987.5,1987.75
873,186,232,s,30,31.0,False,1987.5,1987.75
874,548,470,s,30,31.0,False,1987.5,1987.75
875,12,329,s,30,35.0,False,1987.5,1988.75
876,21,68,s,30,31.0,False,1987.5,1987.75
877,183,399,s,30,33.0,False,1987.5,1988.25
878,187,176,s,30,33.0,False,1987.5,1988.25
879,341,293,s,30,40.0,False,1987.5,1990.0
880,381,437,s,30,34.0,False,1987.5,1988.5
881,444,465,s,30,31.0,False,1987.5,1987.75
882,326,110,l,30,120.0,True,1987.5,2010.0
883,362,371,l,30,40.0,True,1987.5,1990.0
884,66,239,s,31,38.0,False,1987.75,1989.5
885,119,438,s,31,38.0,False,1987.75,1989.5
886,203,324,s,31,32.0,False,1987.75,1988.0
887,544,337,s,31,35.0,False,1987.75,1988.75
888,46,224,s,31,32.0,False,1987.75,1988.0
889,48,339,s,31,34.0,False,1987.75,1988.5
890,53,284,s,31,32.0,False,1987.75,1988.0
891,153,289,s,31,33.0,False,1987.75,1988.25
892,187,472,s,31,32.0,False,1987.75,1988.0
893,194,130,s,31,32.0,False,1987.75,1988.0
894,200,371,s,31,32.0,False,1987.75,1988.0
895,476,456,s,31,52.0,False,1987.75,1993.0
896,542,405,s,31,34.0,False,1987.75,1988.5
897,577,516,s,31,35.0,False,1987.75,1988.75
898,12,470,s,31,42.0,False,1987.75,1990.5
899,127,284,s,31,33.0,False,1987.75,1988.25
900,156,45,s,31,32.0,False,1987.75,1988.0
901,169,231,s,31,45.0,False,1987.75,1991.25
902,216,32,s,31,32.0,False,1987.75,1988.0
903,378,33,s,31,38.0,False,1987.75,1989.5
904,579,289,s,31,34.0,False,1987.75,1988.5
905,161,51,l,31,67.0,True,1987.75,1996.75
906,363,522,l,31,94.0,True,1987.75,2003.5
907,182,80,l,31,62.0,True,1987.75,1995.5
908,50,519,s,32,32.0,False,1988.0,1988.0
909,64,80,s,32,45.0,False,1988.0,1991.25
910,124,239,s,32,38.0,False,1988.0,1989.5
911,161,293,s,32,35.0,False,1988.0,1988.75
912,206,170,s,32,41.0,False,1988.0,1990.25
913,295,133,s,32,46.0,False,1988.0,1991.5
914,411,96,s,32,36.0,False,1988.0,1989.0
915,490,462,s,32,32.0,False,1988.0,1988.0
916,50,517,s,32,33.0,False,1988.0,1988.25
917,64,469,s,32,41.0,False,1988.0,1990.25
918,203,24,s,32,37.0,False,1988.0,1989.25
919,212,45,s,32,34.0,False,1988.0,1988.5
920,241,110,s,32,38.0,False,1988.0,1989.5
921,242,199,s,32,36.0,False,1988.0,1989.0
922,285,274,s,32,38.0,False,1988.0,1989.5
923,323,437,s,32,39.0,False,1988.0,1989.75
924,481,293,s,32,33.0,False,1988.0,1988.25
925,551,521,s,32,33.0,False,1988.0,1988.25
926,62,226,s,32,36.0,False,1988.0,1989.0
927,195,430,s,32,34.0,False,1988.0,1988.5
928,285,347,s,32,34.0,False,1988.0,1988.5
929,302,236,s,32,35.0,False,1988.0,1988.75
930,305,24,s,32,38.0,False,1988.0,1989.5
931,316,526,s,32,33.0,False,1988.0,1988.25
932,325,58,s,32,45.0,False,1988.0,1991.25
933,482,272,s,32,35.0,False,1988.0,1988.75
934,563,534,s,32,40.0,False,1988.0,1990.0
935,46,180,l,32,56.0,True,1988.0,1994.0
936,53,154,l,32,58.0,True,1988.0,1994.5
937,203,498,l,32,92.0,True,1988.0,2003.0
938,183,180,l,32,34.0,True,1988.0,1988.5
939,240,428,l,32,48.0,True,1988.0,1992.0
940,0,486,s,33,35.0,False,1988.25,1988.75
941,206,130,s,33,35.0,False,1988.25,1988.75
942,245,211,s,33,35.0,False,1988.25,1988.75
943,294,439,s,33,33.0,False,1988.25,1988.25
944,326,84,s,33,33.0,False,1988.25,1988.25
945,557,530,s,33,33.0,False,1988.25,1988.25
946,81,524,s,33,47.0,False,1988.25,1991.75
947,191,129,s,33,34.0,False,1988.25,1988.5
948,202,497,s,33,36.0,False,1988.25,1989.0
949,212,56,s,33,43.0,False,1988.25,1990.75
950,303,175,s,33,33.0,False,1988.25,1988.25
951,50,479,s,33,42.0,False,1988.25,1990.5
952,216,29,s,33,39.0,False,1988.25,1989.75
953,245,497,s,33,34.0,False,1988.25,1988.5
954,261,234,s,33,34.0,False,1988.25,1988.5
955,482,175,s,33,36.0,False,1988.25,1989.0
956,484,293,s,33,34.0,False,1988.25,1988.5
957,476,160,l,33,62.0,True,1988.25,1995.5
958,50,445,s,34,38.0,False,1988.5,1989.5
959,64,516,s,34,38.0,False,1988.5,1989.5
960,141,329,s,34,36.0,False,1988.5,1989.0
961,161,170,s,34,38.0,False,1988.5,1989.5
962,294,432,s,34,43.0,False,1988.5,1990.75
963,373,529,s,34,35.0,False,1988.5,1988.75
964,460,222,s,34,38.0,False,1988.5,1989.5
965,157,515,s,34,44.0,False,1988.5,1991.0
966,305,486,s,34,36.0,False,1988.5,1989.0
967,320,339,s,34,35.0,False,1988.5,1988.75
968,341,170,s,34,36.0,False,1988.5,1989.0
969,383,51,s,34,36.0,False,1988.5,1989.0
970,388,189,s,34,41.0,False,1988.5,1990.25
971,433,162,s,34,35.0,False,1988.5,1988.75
972,548,282,s,34,42.0,False,1988.5,1990.5
973,62,32,s,34,39.0,False,1988.5,1989.75
974,62,120,s,34,43.0,False,1988.5,1990.75
975,200,462,s,34,40.0,False,1988.5,1990.0
976,350,289,s,34,37.0,False,1988.5,1989.25
977,549,176,s,34,39.0,False,1988.5,1989.75
978,579,56,s,34,35.0,False,1988.5,1988.75
979,613,208,s,34,42.0,False,1988.5,1990.5
980,49,440,s,35,37.0,False,1988.75,1989.25
981,330,54,s,35,43.0,False,1988.75,1990.75
982,341,375,s,35,36.0,False,1988.75,1989.0
983,381,256,s,35,42.0,False,1988.75,1990.5
984,9,515,s,35,35.0,False,1988.75,1988.75
985,46,387,s,35,39.0,False,1988.75,1989.75
986,50,526,s,35,37.0,False,1988.75,1989.25
987,65,445,s,35,38.0,False,1988.75,1989.5
988,557,456,s,35,41.0,False,1988.75,1990.25
989,35,256,s,35,36.0,False,1988.75,1989.0
990,53,423,s,35,38.0,False,1988.75,1989.5
991,88,497,s,35,39.0,False,1988.75,1989.75
992,161,432,s,35,39.0,False,1988.75,1989.75
993,172,176,s,35,36.0,False,1988.75,1989.0
994,181,96,s,35,36.0,False,1988.75,1989.0
995,346,432,s,35,39.0,False,1988.75,1989.75
996,358,479,s,35,46.0,False,1988.75,1991.5
997,388,139,s,35,36.0,False,1988.75,1989.0
998,579,479,s,35,37.0,False,1988.75,1989.25
999,563,368,l,35,84.0,True,1988.75,2001.0
1000,62,525,s,36,36.0,False,1989.0,1989.0
1001,73,232,s,36,41.0,False,1989.0,1990.25
1002,145,529,s,36,36.0,False,1989.0,1989.0
1003,241,515,s,36,43.0,False,1989.0,1990.75
1004,313,518,s,36,38.0,False,1989.0,1989.5
1005,556,338,s,36,44.0,False,1989.0,1991.0
1006,187,84,s,36,42.0,False,1989.0,1990.5
1007,476,523,s,36,42.0,False,1989.0,1990.5
1008,563,590,s,36,37.0,False,1989.0,1989.25
1009,0,526,s,36,40.0,False,1989.0,1990.0
1010,172,439,s,36,37.0,False,1989.0,1989.25
1011,241,440,s,36,37.0,False,1989.0,1989.25
1012,541,497,s,36,39.0,False,1989.0,1989.75
1013,578,239,s,36,41.0,False,1989.0,1990.25
1014,657,95,s,36,49.0,False,1989.0,1992.25
1015,658,234,s,36,42.0,False,1989.0,1990.5
1016,396,29,l,36,68.0,True,1989.0,1997.0
1017,0,353,s,37,47.0,False,1989.25,1991.75
1018,91,436,s,37,45.0,False,1989.25,1991.25
1019,213,498,s,37,38.0,False,1989.25,1989.5
1020,242,371,s,37,38.0,False,1989.25,1989.5
1021,261,329,s,37,40.0,False,1989.25,1990.0
1022,315,222,s,37,41.0,False,1989.25,1990.25
1023,336,440,s,37,38.0,False,1989.25,1989.5
1024,350,33,s,37,38.0,False,1989.25,1989.5
1025,362,469,s,37,41.0,False,1989.25,1990.25
1026,367,479,s,37,45.0,False,1989.25,1991.25
1027,30,523,s,37,45.0,False,1989.25,1991.25
1028,57,284,s,37,46.0,False,1989.25,1991.5
1029,381,110,s,37,44.0,False,1989.25,1991.0
1030,406,95,s,37,37.0,False,1989.25,1989.25
1031,127,518,s,37,38.0,False,1989.25,1989.5
1032,241,55,s,37,41.0,False,1989.25,1990.25
1033,362,405,s,37,41.0,False,1989.25,1990.25
1034,408,472,s,37,38.0,False,1989.25,1989.5
1035,476,529,s,37,42.0,False,1989.25,1990.5
1036,301,456,l,37,84.0,True,1989.25,2001.0
1037,435,432,l,37,94.0,True,1989.25,2003.5
1038,315,284,l,37,48.0,True,1989.25,1992.0
1039,26,132,s,38,48.0,False,1989.5,1992.0
1040,87,180,s,38,39.0,False,1989.5,1989.75
1041,205,115,s,38,47.0,False,1989.5,1991.75
1042,305,217,s,38,40.0,False,1989.5,1990.0
1043,463,45,s,38,45.0,False,1989.5,1991.25
1044,191,154,s,38,43.0,False,1989.5,1990.75
1045,411,51,s,38,60.0,False,1989.5,1995.0
1046,540,29,s,38,38.0,False,1989.5,1989.5
1047,12,518,s,38,39.0,False,1989.5,1989.75
1048,200,176,s,38,39.0,False,1989.5,1989.75
1049,422,439,s,38,39.0,False,1989.5,1989.75
1050,373,246,l,38,55.0,True,1989.5,1993.75
1051,200,517,l,38,56.0,True,1989.5,1994.0
1052,182,51,l,38,54.0,True,1989.5,1993.5
1053,0,405,s,39,41.0,False,1989.75,1990.25
1054,57,437,s,39,43.0,False,1989.75,1990.75
1055,88,80,s,39,41.0,False,1989.75,1990.25
1056,182,479,s,39,44.0,False,1989.75,1991.0
1057,408,439,s,39,40.0,False,1989.75,1990.0
1058,202,232,s,39,40.0,False,1989.75,1990.0
1059,285,234,s,39,40.0,False,1989.75,1990.0
1060,295,272,s,39,49.0,False,1989.75,1992.25
1061,330,519,s,39,44.0,False,1989.75,1991.0
1062,340,150,s,39,39.0,False,1989.75,1989.75
1063,463,348,s,39,47.0,False,1989.75,1991.75
1064,35,133,s,39,52.0,False,1989.75,1993.0
1065,49,445,s,39,52.0,False,1989.75,1993.0
1066,64,423,s,39,40.0,False,1989.75,1990.0
1067,169,518,s,39,49.0,False,1989.75,1992.25
1068,182,133,s,39,41.0,False,1989.75,1990.25
1069,200,80,s,39,42.0,False,1989.75,1990.5
1070,485,524,s,39,40.0,False,1989.75,1990.0
1071,35,405,l,39,118.0,True,1989.75,2009.5
1072,197,371,l,39,115.0,True,1989.75,2008.75
1073,315,304,l,39,87.0,True,1989.75,2001.75
1074,326,96,l,39,125.0,True,1989.75,2011.25
1075,579,56,l,39,108.0,True,1989.75,2007.0
1076,35,354,s,40,49.0,False,1990.0,1992.25
1077,316,58,s,40,42.0,False,1990.0,1990.5
1078,433,130,s,40,44.0,False,1990.0,1991.0
1079,30,55,s,40,41.0,False,1990.0,1990.25
1080,47,133,s,40,41.0,False,1990.0,1990.25
1081,119,314,s,40,44.0,False,1990.0,1991.0
1082,261,234,s,40,42.0,False,1990.0,1990.5
1083,414,399,s,40,46.0,False,1990.0,1991.5
1084,484,374,s,40,46.0,False,1990.0,1991.5
1085,593,176,s,40,49.0,False,1990.0,1992.25
1086,21,338,s,40,43.0,False,1990.0,1990.75
1087,26,199,s,40,44.0,False,1990.0,1991.0
1088,81,249,s,40,42.0,False,1990.0,1990.5
1089,183,55,s,40,48.0,False,1990.0,1992.0
1090,288,374,s,40,41.0,False,1990.0,1990.25
1091,346,521,s,40,41.0,False,1990.0,1990.25
1092,550,337,s,40,43.0,False,1990.0,1990.75
1093,125,521,l,40,52.0,True,1990.0,1993.0
1094,287,176,l,40,105.0,True,1990.0,2006.25
1095,433,256,l,40,96.0,True,1990.0,2004.0
1096,79,95,l,40,115.0,True,1990.0,2008.75
1097,326,33,l,40,48.0,True,1990.0,1992.0
1098,362,479,l,40,52.0,True,1990.0,1993.0
1099,577,328,l,40,,True,1990.0,
1100,11,470,s,41,45.0,False,1990.25,1991.25
1101,12,269,s,41,42.0,False,1990.25,1990.5
1102,81,432,s,41,42.0,False,1990.25,1990.5
1103,316,211,s,41,41.0,False,1990.25,1990.25
1104,549,437,s,41,42.0,False,1990.25,1990.5
1105,127,498,s,41,45.0,False,1990.25,1991.25
1106,313,293,s,41,48.0,False,1990.25,1992.0
1107,313,498,s,41,42.0,False,1990.25,1990.5
1108,363,51,s,41,48.0,False,1990.25,1992.0
1109,367,526,s,41,47.0,False,1990.25,1991.75
1110,381,95,s,41,51.0,False,1990.25,1992.75
1111,561,229,s,41,45.0,False,1990.25,1991.25
1112,301,256,s,41,44.0,False,1990.25,1991.0
1113,313,423,s,41,45.0,False,1990.25,1991.25
1114,341,154,s,41,54.0,False,1990.25,1993.5
1115,352,154,s,41,45.0,False,1990.25,1991.25
1116,540,24,s,41,46.0,False,1990.25,1991.5
1117,543,462,s,41,45.0,False,1990.25,1991.25
1118,242,371,l,41,81.0,True,1990.25,2000.25
1119,301,201,l,41,58.0,True,1990.25,1994.5
1120,475,456,l,41,84.0,True,1990.25,2001.0
1121,79,55,s,42,52.0,False,1990.5,1993.0
1122,81,110,s,42,46.0,False,1990.5,1991.5
1123,125,3,s,42,46.0,False,1990.5,1991.5
1124,192,347,s,42,44.0,False,1990.5,1991.0
1125,194,83,s,42,44.0,False,1990.5,1991.0
1126,203,247,s,42,54.0,False,1990.5,1993.5
1127,291,497,s,42,48.0,False,1990.5,1992.0
1128,323,328,s,42,42.0,False,1990.5,1990.5
1129,344,631,s,42,43.0,False,1990.5,1990.75
1130,388,526,s,42,42.0,False,1990.5,1990.5
1131,135,520,s,42,45.0,False,1990.5,1991.25
1132,241,437,s,42,46.0,False,1990.5,1991.5
1133,578,389,s,42,43.0,False,1990.5,1990.75
1134,49,222,s,42,44.0,False,1990.5,1991.0
1135,81,462,s,42,44.0,False,1990.5,1991.0
1136,301,239,s,42,48.0,False,1990.5,1992.0
1137,326,130,s,42,45.0,False,1990.5,1991.25
1138,340,418,s,42,45.0,False,1990.5,1991.25
1139,360,437,s,42,44.0,False,1990.5,1991.0
1140,540,95,s,42,43.0,False,1990.5,1990.75
1141,65,439,l,42,116.0,True,1990.5,2009.0
1142,81,29,l,42,51.0,True,1990.5,1992.75
1143,301,208,l,42,61.0,True,1990.5,1995.25
1144,287,387,s,43,44.0,False,1990.75,1991.0
1145,396,24,s,43,59.0,False,1990.75,1994.75
1146,0,3,s,43,44.0,False,1990.75,1991.0
1147,37,110,s,43,46.0,False,1990.75,1991.5
1148,49,371,s,43,43.0,False,1990.75,1990.75
1149,81,371,s,43,43.0,False,1990.75,1990.75
1150,169,222,s,43,45.0,False,1990.75,1991.25
1151,194,327,s,43,45.0,False,1990.75,1991.25
1152,195,24,s,43,47.0,False,1990.75,1991.75
1153,195,231,s,43,45.0,False,1990.75,1991.25
1154,203,519,s,43,58.0,False,1990.75,1994.5
1155,213,525,s,43,46.0,False,1990.75,1991.5
1156,546,405,s,43,44.0,False,1990.75,1991.0
1157,659,229,s,43,44.0,False,1990.75,1991.0
1158,36,348,s,43,47.0,False,1990.75,1991.75
1159,88,134,s,43,49.0,False,1990.75,1992.25
1160,482,24,s,43,47.0,False,1990.75,1991.75
1161,555,232,s,43,47.0,False,1990.75,1991.75
1162,388,371,l,43,92.0,True,1990.75,2003.0
1163,408,272,l,43,88.0,True,1990.75,2002.0
1164,313,154,l,43,88.0,True,1990.75,2002.0
1165,46,321,s,44,48.0,False,1991.0,1992.0
1166,315,324,s,44,44.0,False,1991.0,1991.0
1167,341,520,s,44,47.0,False,1991.0,1991.75
1168,391,234,s,44,50.0,False,1991.0,1992.5
1169,485,462,s,44,66.0,False,1991.0,1996.5
1170,543,371,s,44,54.0,False,1991.0,1993.5
1171,613,160,s,44,47.0,False,1991.0,1991.75
1172,39,170,s,44,49.0,False,1991.0,1992.25
1173,39,456,s,44,49.0,False,1991.0,1992.25
1174,169,51,s,44,52.0,False,1991.0,1993.0
1175,391,304,s,44,48.0,False,1991.0,1992.0
1176,35,58,s,44,45.0,False,1991.0,1991.25
1177,167,479,s,44,52.0,False,1991.0,1993.0
1178,182,282,s,44,56.0,False,1991.0,1994.0
1179,288,418,s,44,47.0,False,1991.0,1991.75
1180,326,58,s,44,47.0,False,1991.0,1991.75
1181,614,590,s,44,54.0,False,1991.0,1993.5
1182,463,366,l,44,56.0,True,1991.0,1994.0
1183,346,40,l,44,71.0,True,1991.0,1997.75
1184,50,462,l,44,48.0,True,1991.0,1992.0
1185,381,337,l,44,94.0,True,1991.0,2003.5
1186,53,328,s,45,47.0,False,1991.25,1991.75
1187,60,54,s,45,45.0,False,1991.25,1991.25
1188,186,520,s,45,46.0,False,1991.25,1991.5
1189,305,519,s,45,50.0,False,1991.25,1992.5
1190,408,110,s,45,46.0,False,1991.25,1991.5
1191,482,321,s,45,50.0,False,1991.25,1992.5
1192,484,24,s,45,45.0,False,1991.25,1991.25
1193,11,329,s,45,48.0,False,1991.25,1992.0
1194,30,569,s,45,47.0,False,1991.25,1991.75
1195,50,342,s,45,47.0,False,1991.25,1991.75
1196,186,274,s,45,46.0,False,1991.25,1991.5
1197,187,342,s,45,48.0,False,1991.25,1992.0
1198,195,170,s,45,45.0,False,1991.25,1991.25
1199,291,236,s,45,48.0,False,1991.25,1992.0
1200,315,247,s,45,70.0,False,1991.25,1997.5
1201,391,405,s,45,48.0,False,1991.25,1992.0
1202,485,84,s,45,45.0,False,1991.25,1991.25
1203,30,272,s,45,46.0,False,1991.25,1991.5
1204,60,418,s,45,50.0,False,1991.25,1992.5
1205,88,45,s,45,46.0,False,1991.25,1991.5
1206,194,100,s,45,46.0,False,1991.25,1991.5
1207,216,497,s,45,47.0,False,1991.25,1991.75
1208,346,517,s,45,50.0,False,1991.25,1992.5
1209,381,101,s,45,53.0,False,1991.25,1993.25
1210,195,150,l,45,50.0,True,1991.25,1992.5
1211,548,249,l,45,80.0,True,1991.25,2000.0
1212,62,33,l,45,56.0,True,1991.25,1994.0
1213,657,453,l,45,68.0,True,1991.25,1997.0
1214,37,239,s,46,52.0,False,1991.5,1993.0
1215,167,462,s,46,48.0,False,1991.5,1992.0
1216,169,462,s,46,50.0,False,1991.5,1992.5
1217,378,329,s,46,51.0,False,1991.5,1992.75
1218,444,95,s,46,54.0,False,1991.5,1993.5
1219,658,437,s,46,46.0,False,1991.5,1991.5
1220,658,517,s,46,46.0,False,1991.5,1991.5
1221,73,517,s,46,47.0,False,1991.5,1991.75
1222,119,84,s,46,50.0,False,1991.5,1992.5
1223,153,170,s,46,55.0,False,1991.5,1993.75
1224,195,371,s,46,47.0,False,1991.5,1991.75
1225,242,239,s,46,46.0,False,1991.5,1991.5
1226,311,513,s,46,49.0,False,1991.5,1992.25
1227,383,497,s,46,47.0,False,1991.5,1991.75
1228,552,479,s,46,51.0,False,1991.5,1992.75
1229,157,353,s,46,47.0,False,1991.5,1991.75
1230,197,110,s,46,50.0,False,1991.5,1992.5
1231,203,95,s,46,49.0,False,1991.5,1992.25
1232,302,284,s,46,50.0,False,1991.5,1992.5
1233,433,337,l,46,164.0,True,1991.5,2021.0
1234,658,437,l,46,167.0,True,1991.5,2021.75
1235,396,224,l,46,78.0,True,1991.5,1999.5
1236,50,405,s,47,54.0,False,1991.75,1993.5
1237,62,353,s,47,51.0,False,1991.75,1992.75
1238,87,224,s,47,50.0,False,1991.75,1992.5
1239,157,249,s,47,49.0,False,1991.75,1992.25
1240,325,399,s,47,50.0,False,1991.75,1992.5
1241,489,133,s,47,51.0,False,1991.75,1992.75
1242,499,524,s,47,60.0,False,1991.75,1995.0
1243,578,472,s,47,50.0,False,1991.75,1992.5
1244,153,486,s,47,52.0,False,1991.75,1993.0
1245,206,327,s,47,48.0,False,1991.75,1992.0
1246,212,45,s,47,48.0,False,1991.75,1992.0
1247,381,439,s,47,49.0,False,1991.75,1992.25
1248,476,470,s,47,48.0,False,1991.75,1992.0
1249,49,440,s,47,52.0,False,1991.75,1993.0
1250,50,347,s,47,48.0,False,1991.75,1992.0
1251,152,432,s,47,55.0,False,1991.75,1993.75
1252,213,498,s,47,56.0,False,1991.75,1994.0
1253,305,199,s,47,50.0,False,1991.75,1992.5
1254,319,456,s,47,48.0,False,1991.75,1992.0
1255,383,353,s,47,55.0,False,1991.75,1993.75
1256,169,371,l,47,202.0,True,1991.75,2030.5
1257,316,80,l,47,109.0,True,1991.75,2007.25
1258,381,321,l,47,89.0,True,1991.75,2002.25
1259,555,438,l,47,86.0,True,1991.75,2001.5
1260,31,83,s,48,49.0,False,1992.0,1992.25
1261,36,486,s,48,50.0,False,1992.0,1992.5
1262,159,416,s,48,50.0,False,1992.0,1992.5
1263,169,175,s,48,50.0,False,1992.0,1992.5
1264,194,456,s,48,51.0,False,1992.0,1992.75
1265,295,224,s,48,64.0,False,1992.0,1996.0
1266,326,405,s,48,53.0,False,1992.0,1993.25
1267,340,389,s,48,48.0,False,1992.0,1992.0
1268,392,321,s,48,55.0,False,1992.0,1993.75
1269,489,32,s,48,61.0,False,1992.0,1995.25
1270,37,83,s,48,59.0,False,1992.0,1994.75
1271,167,387,s,48,55.0,False,1992.0,1993.75
1272,281,589,s,48,48.0,False,1992.0,1992.0
1273,294,522,s,48,51.0,False,1992.0,1992.75
1274,326,436,s,48,48.0,False,1992.0,1992.0
1275,552,84,s,48,56.0,False,1992.0,1994.0
1276,35,170,s,48,54.0,False,1992.0,1993.5
1277,66,44,s,48,52.0,False,1992.0,1993.0
1278,79,63,s,48,56.0,False,1992.0,1994.0
1279,87,189,s,48,51.0,False,1992.0,1992.75
1280,288,525,s,48,56.0,False,1992.0,1994.0
1281,315,440,s,48,53.0,False,1992.0,1993.25
1282,658,517,l,48,136.0,True,1992.0,2014.0
1283,60,416,l,48,,True,1992.0,
1284,290,217,l,48,89.0,True,1992.0,2002.25
1285,489,342,l,48,91.0,True,1992.0,2002.75
1286,49,217,s,49,52.0,False,1992.25,1993.0
1287,340,371,s,49,58.0,False,1992.25,1994.5
1288,475,431,s,49,53.0,False,1992.25,1993.25
1289,678,375,s,49,51.0,False,1992.25,1992.75
1290,301,436,s,49,53.0,False,1992.25,1993.25
1291,326,133,s,49,52.0,False,1992.25,1993.0
1292,66,327,s,49,53.0,False,1992.25,1993.25
1293,87,453,s,49,52.0,False,1992.25,1993.0
1294,119,130,s,49,57.0,False,1992.25,1994.25
1295,141,521,s,49,51.0,False,1992.25,1992.75
1296,197,515,s,49,61.0,False,1992.25,1995.25
1297,362,439,l,49,156.0,True,1992.25,2019.0
1298,36,239,l,49,84.0,True,1992.25,2001.0
1299,544,272,l,49,70.0,True,1992.25,1997.5
1300,0,479,s,50,51.0,False,1992.5,1992.75
1301,50,86,s,50,52.0,False,1992.5,1993.0
1302,157,526,s,50,56.0,False,1992.5,1994.0
1303,192,29,s,50,55.0,False,1992.5,1993.75
1304,303,387,s,50,55.0,False,1992.5,1993.75
1305,313,61,s,50,57.0,False,1992.5,1994.25
1306,553,587,s,50,54.0,False,1992.5,1993.5
1307,48,517,s,50,51.0,False,1992.5,1992.75
1308,183,514,s,50,54.0,False,1992.5,1993.5
1309,187,199,s,50,55.0,False,1992.5,1993.75
1310,206,282,s,50,54.0,False,1992.5,1993.5
1311,482,129,s,50,53.0,False,1992.5,1993.25
1312,541,51,s,50,59.0,False,1992.5,1994.75
1313,35,239,s,50,62.0,False,1992.5,1995.5
1314,46,24,s,50,56.0,False,1992.5,1994.0
1315,261,321,s,50,51.0,False,1992.5,1992.75
1316,288,115,s,50,53.0,False,1992.5,1993.25
1317,341,439,s,50,52.0,False,1992.5,1993.0
1318,344,201,s,50,56.0,False,1992.5,1994.0
1319,476,139,s,50,56.0,False,1992.5,1994.0
1320,539,154,s,50,51.0,False,1992.5,1992.75
1321,539,321,s,50,58.0,False,1992.5,1994.5
1322,553,314,s,50,51.0,False,1992.5,1992.75
1323,657,196,s,50,55.0,False,1992.5,1993.75
1324,172,95,l,50,55.0,True,1992.5,1993.75
1325,414,328,l,50,138.0,True,1992.5,2014.5
1326,12,304,s,51,54.0,False,1992.75,1993.5
1327,73,445,s,51,54.0,False,1992.75,1993.5
1328,156,45,s,51,52.0,False,1992.75,1993.0
1329,205,24,s,51,51.0,False,1992.75,1992.75
1330,206,470,s,51,56.0,False,1992.75,1994.0
1331,241,374,s,51,55.0,False,1992.75,1993.75
1332,388,389,s,51,51.0,False,1992.75,1992.75
1333,391,517,s,51,54.0,False,1992.75,1993.5
1334,482,180,s,51,52.0,False,1992.75,1993.0
1335,556,229,s,51,56.0,False,1992.75,1994.0
1336,153,445,s,51,56.0,False,1992.75,1994.0
1337,159,75,s,51,55.0,False,1992.75,1993.75
1338,183,237,s,51,53.0,False,1992.75,1993.25
1339,206,289,s,51,52.0,False,1992.75,1993.0
1340,206,534,s,51,54.0,False,1992.75,1993.5
1341,245,497,s,51,52.0,False,1992.75,1993.0
1342,287,236,s,51,54.0,False,1992.75,1993.5
1343,460,371,s,51,54.0,False,1992.75,1993.5
1344,26,345,s,51,53.0,False,1992.75,1993.25
1345,316,339,s,51,52.0,False,1992.75,1993.0
1346,422,154,s,51,52.0,False,1992.75,1993.0
1347,555,436,s,51,52.0,False,1992.75,1993.0
1348,53,24,l,51,68.0,True,1992.75,1997.0
1349,145,282,l,51,76.0,True,1992.75,1999.0
1350,213,440,s,52,58.0,False,1993.0,1994.5
1351,242,33,s,52,52.0,False,1993.0,1993.0
1352,290,697,s,52,54.0,False,1993.0,1993.5
1353,460,515,s,52,53.0,False,1993.0,1993.25
1354,482,304,s,52,58.0,False,1993.0,1994.5
1355,540,574,s,52,60.0,False,1993.0,1995.0
1356,546,517,s,52,55.0,False,1993.0,1993.75
1357,65,80,s,52,53.0,False,1993.0,1993.25
1358,182,342,s,52,57.0,False,1993.0,1994.25
1359,443,24,s,52,53.0,False,1993.0,1993.25
1360,485,389,s,52,53.0,False,1993.0,1993.25
1361,539,453,s,52,53.0,False,1993.0,1993.25
1362,551,5,s,52,52.0,False,1993.0,1993.0
1363,153,470,s,52,58.0,False,1993.0,1994.5
1364,169,54,s,52,57.0,False,1993.0,1994.25
1365,195,224,s,52,66.0,False,1993.0,1996.5
1366,315,234,s,52,57.0,False,1993.0,1994.25
1367,341,339,s,52,53.0,False,1993.0,1993.25
1368,688,162,s,52,53.0,False,1993.0,1993.25
1369,36,497,l,52,188.0,True,1993.0,2027.0
1370,11,96,s,53,87.0,False,1993.25,2001.75
1371,11,516,s,53,54.0,False,1993.25,1993.5
1372,73,237,s,53,55.0,False,1993.25,1993.75
1373,79,196,s,53,55.0,False,1993.25,1993.75
1374,194,472,s,53,54.0,False,1993.25,1993.5
1375,316,328,s,53,60.0,False,1993.25,1995.0
1376,688,354,s,53,55.0,False,1993.25,1993.75
1377,148,687,s,53,56.0,False,1993.25,1994.0
1378,156,56,s,53,54.0,False,1993.25,1993.5
1379,213,115,s,53,56.0,False,1993.25,1994.0
1380,245,232,s,53,54.0,False,1993.25,1993.5
1381,657,307,s,53,53.0,False,1993.25,1993.25
1382,35,445,s,53,56.0,False,1993.25,1994.0
1383,46,224,s,53,54.0,False,1993.25,1993.5
1384,62,525,s,53,54.0,False,1993.25,1993.5
1385,71,29,s,53,56.0,False,1993.25,1994.0
1386,235,33,s,53,56.0,False,1993.25,1994.0
1387,302,512,s,53,57.0,False,1993.25,1994.25
1388,485,342,s,53,65.0,False,1993.25,1996.25
1389,553,699,s,53,59.0,False,1993.25,1994.75
1390,206,115,s,54,66.0,False,1993.5,1996.5
1391,539,498,s,54,56.0,False,1993.5,1994.0
1392,287,519,s,54,61.0,False,1993.5,1995.25
1393,543,345,s,54,58.0,False,1993.5,1994.5
1394,30,247,s,54,59.0,False,1993.5,1994.75
1395,36,56,s,54,55.0,False,1993.5,1993.75
1396,161,516,s,54,57.0,False,1993.5,1994.25
1397,187,33,s,54,56.0,False,1993.5,1994.0
1398,195,397,s,54,57.0,False,1993.5,1994.25
1399,235,324,s,54,66.0,False,1993.5,1996.5
1400,245,274,s,54,57.0,False,1993.5,1994.25
1401,266,324,s,54,57.0,False,1993.5,1994.25
1402,287,243,s,54,57.0,False,1993.5,1994.25
1403,396,115,s,54,57.0,False,1993.5,1994.25
1404,493,231,s,54,59.0,False,1993.5,1994.75
1405,46,498,l,54,89.0,True,1993.5,2002.25
1406,88,232,l,54,67.0,True,1993.5,1996.75
1407,381,101,l,54,62.0,True,1993.5,1995.5
1408,49,345,l,54,67.0,True,1993.5,1996.75
1409,288,115,l,54,156.0,True,1993.5,2019.0
1410,12,232,s,55,56.0,False,1993.75,1994.0
1411,62,115,s,55,55.0,False,1993.75,1993.75
1412,135,379,s,55,56.0,False,1993.75,1994.0
1413,192,324,s,55,60.0,False,1993.75,1995.0
1414,241,24,s,55,56.0,False,1993.75,1994.0
1415,265,1,s,55,58.0,False,1993.75,1994.5
1416,542,453,s,55,60.0,False,1993.75,1995.0
1417,30,345,s,55,58.0,False,1993.75,1994.5
1418,202,176,s,55,60.0,False,1993.75,1995.0
1419,434,54,s,55,56.0,False,1993.75,1994.0
1420,39,697,s,55,56.0,False,1993.75,1994.0
1421,206,33,s,55,56.0,False,1993.75,1994.0
1422,235,371,s,55,60.0,False,1993.75,1995.0
1423,303,321,s,55,60.0,False,1993.75,1995.0
1424,336,347,s,55,56.0,False,1993.75,1994.0
1425,434,133,s,55,59.0,False,1993.75,1994.75
1426,484,375,s,55,58.0,False,1993.75,1994.5
1427,485,189,s,55,57.0,False,1993.75,1994.25
1428,490,437,s,55,59.0,False,1993.75,1994.75
1429,543,24,s,55,57.0,False,1993.75,1994.25
1430,550,440,s,55,58.0,False,1993.75,1994.5
1431,391,304,l,55,212.0,True,1993.75,2033.0
1432,26,24,s,56,57.0,False,1994.0,1994.25
1433,60,230,s,56,61.0,False,1994.0,1995.25
1434,62,272,s,56,58.0,False,1994.0,1994.5
1435,153,342,s,56,58.0,False,1994.0,1994.5
1436,294,348,s,56,61.0,False,1994.0,1995.25
1437,480,418,s,56,61.0,False,1994.0,1995.25
1438,49,133,s,56,60.0,False,1994.0,1995.0
1439,87,423,s,56,67.0,False,1994.0,1996.75
1440,212,338,s,56,62.0,False,1994.0,1995.5
1441,242,439,s,56,57.0,False,1994.0,1994.25
1442,313,16,s,56,58.0,False,1994.0,1994.5
1443,323,328,s,56,61.0,False,1994.0,1995.25
1444,49,40,s,56,58.0,False,1994.0,1994.5
1445,153,284,s,56,58.0,False,1994.0,1994.5
1446,301,431,s,56,57.0,False,1994.0,1994.25
1447,360,247,s,56,63.0,False,1994.0,1995.75
1448,443,655,s,56,65.0,False,1994.0,1996.25
1449,316,321,l,56,216.0,True,1994.0,2034.0
1450,157,439,l,56,57.0,True,1994.0,1994.25
1451,362,526,l,56,85.0,True,1994.0,2001.25
1452,141,587,s,57,59.0,False,1994.25,1994.75
1453,161,523,s,57,58.0,False,1994.25,1994.5
1454,192,375,s,57,60.0,False,1994.25,1995.0
1455,332,418,s,57,59.0,False,1994.25,1994.75
1456,362,517,s,57,65.0,False,1994.25,1996.25
1457,556,314,s,57,59.0,False,1994.25,1994.75
1458,580,492,s,57,73.0,False,1994.25,1998.25
1459,50,348,s,57,64.0,False,1994.25,1996.0
1460,163,532,s,57,64.0,False,1994.25,1996.0
1461,190,470,s,57,64.0,False,1994.25,1996.0
1462,303,196,s,57,58.0,False,1994.25,1994.5
1463,315,440,s,57,61.0,False,1994.25,1995.25
1464,322,75,s,57,79.0,False,1994.25,1999.75
1465,330,180,s,57,59.0,False,1994.25,1994.75
1466,476,314,s,57,62.0,False,1994.25,1995.5
1467,540,581,s,57,62.0,False,1994.25,1995.5
1468,542,516,s,57,62.0,False,1994.25,1995.5
1469,544,176,s,57,64.0,False,1994.25,1996.0
1470,30,231,l,57,148.0,True,1994.25,2017.0
1471,135,338,l,57,72.0,True,1994.25,1998.0
1472,50,170,l,57,131.0,True,1994.25,2012.75
1473,159,224,l,57,72.0,True,1994.25,1998.0
1474,53,517,s,58,62.0,False,1994.5,1995.5
1475,88,134,s,58,60.0,False,1994.5,1995.0
1476,378,486,s,58,61.0,False,1994.5,1995.25
1477,433,526,s,58,59.0,False,1994.5,1994.75
1478,463,310,s,58,61.0,False,1994.5,1995.25
1479,546,24,s,58,69.0,False,1994.5,1997.25
1480,547,230,s,58,62.0,False,1994.5,1995.5
1481,127,515,s,58,60.0,False,1994.5,1995.0
1482,159,514,s,58,60.0,False,1994.5,1995.0
1483,167,497,s,58,64.0,False,1994.5,1996.0
1484,316,51,s,58,59.0,False,1994.5,1994.75
1485,322,498,s,58,65.0,False,1994.5,1996.25
1486,435,418,s,58,60.0,False,1994.5,1995.0
1487,547,80,s,58,65.0,False,1994.5,1996.25
1488,678,574,s,58,61.0,False,1994.5,1995.25
1489,30,514,s,58,60.0,False,1994.5,1995.0
1490,50,84,s,58,61.0,False,1994.5,1995.25
1491,119,130,s,58,60.0,False,1994.5,1995.0
1492,285,469,s,58,64.0,False,1994.5,1996.0
1493,482,397,s,58,59.0,False,1994.5,1994.75
1494,553,289,s,58,63.0,False,1994.5,1995.75
1495,11,115,s,59,75.0,False,1994.75,1998.75
1496,41,353,s,59,59.0,False,1994.75,1994.75
1497,50,256,s,59,65.0,False,1994.75,1996.25
1498,161,211,s,59,59.0,False,1994.75,1994.75
1499,195,230,s,59,59.0,False,1994.75,1994.75
1500,206,436,s,59,64.0,False,1994.75,1996.0
1501,433,289,s,59,61.0,False,1994.75,1995.25
1502,678,516,s,59,65.0,False,1994.75,1996.25
1503,161,389,s,59,61.0,False,1994.75,1995.25
1504,182,208,s,59,64.0,False,1994.75,1996.0
1505,212,232,s,59,63.0,False,1994.75,1995.75
1506,455,432,s,59,62.0,False,1994.75,1995.5
1507,12,32,s,59,65.0,False,1994.75,1996.25
1508,167,486,s,59,64.0,False,1994.75,1996.0
1509,195,339,s,59,63.0,False,1994.75,1995.75
1510,303,247,s,59,62.0,False,1994.75,1995.5
1511,303,343,s,59,61.0,False,1994.75,1995.25
1512,350,96,s,59,60.0,False,1994.75,1995.0
1513,350,523,s,59,65.0,False,1994.75,1996.25
1514,391,154,s,59,60.0,False,1994.75,1995.0
1515,552,587,s,59,65.0,False,1994.75,1996.25
1516,47,374,l,59,76.0,True,1994.75,1999.0
1517,39,44,l,59,124.0,True,1994.75,2011.0
1518,186,232,l,59,63.0,True,1994.75,1995.75
1519,323,517,l,59,71.0,True,1994.75,1997.75
1520,312,574,s,60,61.0,False,1995.0,1995.25
1521,406,371,s,60,62.0,False,1995.0,1995.5
1522,547,329,s,60,61.0,False,1995.0,1995.25
1523,60,293,s,60,61.0,False,1995.0,1995.25
1524,71,445,s,60,62.0,False,1995.0,1995.5
1525,206,529,s,60,63.0,False,1995.0,1995.75
1526,373,236,s,60,63.0,False,1995.0,1995.75
1527,381,437,s,60,62.0,False,1995.0,1995.5
1528,482,516,s,60,64.0,False,1995.0,1996.0
1529,49,439,s,60,70.0,False,1995.0,1997.5
1530,360,55,s,60,62.0,False,1995.0,1995.5
1531,545,416,s,60,64.0,False,1995.0,1996.0
1532,579,289,s,60,72.0,False,1995.0,1998.0
1533,12,348,l,60,141.0,True,1995.0,2015.25
1534,480,397,l,60,116.0,True,1995.0,2009.0
1535,373,348,l,60,80.0,True,1995.0,2000.0
1536,30,423,s,61,63.0,False,1995.25,1995.75
1537,60,516,s,61,69.0,False,1995.25,1997.25
1538,65,29,s,61,63.0,False,1995.25,1995.75
1539,182,436,s,61,64.0,False,1995.25,1996.0
1540,212,45,s,61,61.0,False,1995.25,1995.25
1541,378,211,s,61,61.0,False,1995.25,1995.25
1542,378,722,s,61,62.0,False,1995.25,1995.5
1543,433,440,s,61,63.0,False,1995.25,1995.75
1544,476,521,s,61,67.0,False,1995.25,1996.75
1545,546,231,s,61,67.0,False,1995.25,1996.75
1546,39,58,s,61,64.0,False,1995.25,1996.0
1547,62,529,s,61,62.0,False,1995.25,1995.5
1548,102,338,s,61,61.0,False,1995.25,1995.25
1549,153,354,s,61,62.0,False,1995.25,1995.5
1550,169,247,s,61,62.0,False,1995.25,1995.5
1551,242,115,s,61,65.0,False,1995.25,1996.25
1552,444,517,s,61,62.0,False,1995.25,1995.5
1553,555,713,s,61,64.0,False,1995.25,1996.0
1554,658,512,s,61,68.0,False,1995.25,1997.0
1555,34,146,s,61,68.0,False,1995.25,1997.0
1556,35,371,s,61,64.0,False,1995.25,1996.0
1557,35,438,s,61,72.0,False,1995.25,1998.0
1558,50,211,s,61,66.0,False,1995.25,1996.5
1559,90,722,s,61,62.0,False,1995.25,1995.5
1560,242,722,s,61,62.0,False,1995.25,1995.5
1561,358,199,s,61,65.0,False,1995.25,1996.25
1562,499,58,s,61,67.0,False,1995.25,1996.75
1563,579,134,s,61,62.0,False,1995.25,1995.5
1564,12,110,l,61,120.0,True,1995.25,2010.0
1565,195,523,l,61,124.0,True,1995.25,2011.0
1566,433,170,l,61,164.0,True,1995.25,2021.0
1567,65,132,s,62,62.0,False,1995.5,1995.5
1568,112,32,s,62,62.0,False,1995.5,1995.5
1569,242,237,s,62,75.0,False,1995.5,1998.75
1570,546,129,s,62,66.0,False,1995.5,1996.5
1571,12,84,s,62,64.0,False,1995.5,1996.0
1572,35,523,s,62,69.0,False,1995.5,1997.25
1573,235,517,s,62,70.0,False,1995.5,1997.5
1574,242,517,s,62,63.0,False,1995.5,1995.75
1575,261,196,s,62,65.0,False,1995.5,1996.25
1576,291,512,s,62,63.0,False,1995.5,1995.75
1577,357,101,s,62,67.0,False,1995.5,1996.75
1578,475,162,s,62,63.0,False,1995.5,1995.75
1579,541,574,s,62,68.0,False,1995.5,1997.0
1580,64,437,s,62,63.0,False,1995.5,1995.75
1581,157,269,s,62,63.0,False,1995.5,1995.75
1582,362,84,s,62,66.0,False,1995.5,1996.5
1583,383,45,s,62,66.0,False,1995.5,1996.5
1584,443,293,s,62,67.0,False,1995.5,1996.75
1585,541,15,s,62,81.0,False,1995.5,2000.25
1586,578,278,s,62,63.0,False,1995.5,1995.75
1587,235,497,l,62,78.0,True,1995.5,1999.5
1588,504,54,l,62,208.0,True,1995.5,2032.0
1589,124,371,l,62,87.0,True,1995.5,2001.75
1590,183,321,l,62,91.0,True,1995.5,2002.75
1591,312,15,l,62,127.0,True,1995.5,2011.75
1592,0,432,s,63,64.0,False,1995.75,1996.0
1593,242,523,s,63,63.0,False,1995.75,1995.75
1594,363,230,s,63,65.0,False,1995.75,1996.25
1595,213,231,s,63,66.0,False,1995.75,1996.5
1596,352,129,s,63,69.0,False,1995.75,1997.25
1597,547,101,s,63,68.0,False,1995.75,1997.0
1598,553,84,s,63,64.0,False,1995.75,1996.0
1599,593,175,s,63,72.0,False,1995.75,1998.0
1600,48,176,s,63,66.0,False,1995.75,1996.5
1601,212,176,s,63,66.0,False,1995.75,1996.5
1602,373,58,s,63,65.0,False,1995.75,1996.25
1603,443,374,s,63,67.0,False,1995.75,1996.75
1604,475,314,s,63,71.0,False,1995.75,1997.75
1605,551,232,s,63,64.0,False,1995.75,1996.0
1606,360,387,l,63,131.0,True,1995.75,2012.75
1607,67,498,l,63,93.0,True,1995.75,2003.25
1608,153,431,l,63,96.0,True,1995.75,2004.0
1609,125,337,s,64,67.0,False,1996.0,1996.75
1610,235,95,s,64,65.0,False,1996.0,1996.25
1611,433,329,s,64,71.0,False,1996.0,1997.75
1612,443,180,s,64,65.0,False,1996.0,1996.25
1613,480,371,s,64,64.0,False,1996.0,1996.0
1614,546,324,s,64,64.0,False,1996.0,1996.0
1615,141,132,s,64,76.0,False,1996.0,1999.0
1616,145,526,s,64,65.0,False,1996.0,1996.25
1617,159,24,s,64,65.0,False,1996.0,1996.25
1618,172,445,s,64,69.0,False,1996.0,1997.25
1619,242,389,s,64,72.0,False,1996.0,1998.0
1620,316,329,s,64,65.0,False,1996.0,1996.25
1621,408,431,s,64,74.0,False,1996.0,1998.5
1622,433,472,s,64,65.0,False,1996.0,1996.25
1623,482,517,s,64,68.0,False,1996.0,1997.0
1624,17,576,s,64,69.0,False,1996.0,1997.25
1625,62,226,s,64,67.0,False,1996.0,1996.75
1626,295,198,s,64,76.0,False,1996.0,1999.0
1627,578,472,s,64,65.0,False,1996.0,1996.25
1628,391,284,l,64,119.0,True,1996.0,2009.75
1629,48,69,l,64,94.0,True,1996.0,2003.5
1630,578,470,l,64,99.0,True,1996.0,2004.75
1631,192,374,l,64,69.0,True,1996.0,1997.25
1632,157,525,s,65,81.0,False,1996.25,2000.25
1633,235,234,s,65,67.0,False,1996.25,1996.75
1634,539,375,s,65,69.0,False,1996.25,1997.25
1635,549,425,s,65,65.0,False,1996.25,1996.25
1636,9,574,s,65,67.0,False,1996.25,1996.75
1637,135,354,s,65,69.0,False,1996.25,1997.25
1638,212,45,s,65,67.0,False,1996.25,1996.75
1639,257,731,s,65,67.0,False,1996.25,1996.75
1640,475,536,s,65,69.0,False,1996.25,1997.25
1641,485,176,s,65,69.0,False,1996.25,1997.25
1642,549,40,s,65,66.0,False,1996.25,1996.5
1643,183,399,s,65,73.0,False,1996.25,1998.25
1644,294,176,s,65,67.0,False,1996.25,1996.75
1645,302,230,s,65,72.0,False,1996.25,1998.0
1646,325,24,s,65,66.0,False,1996.25,1996.5
1647,482,24,s,65,68.0,False,1996.25,1997.0
1648,547,389,s,65,68.0,False,1996.25,1997.0
1649,553,226,s,65,68.0,False,1996.25,1997.0
1650,71,224,l,65,68.0,True,1996.25,1997.0
1651,195,237,l,65,82.0,True,1996.25,2000.5
1652,242,722,l,65,204.0,True,1996.25,2031.0
1653,294,256,l,65,96.0,True,1996.25,2004.0
1654,346,515,l,65,143.0,True,1996.25,2015.75
1655,553,282,l,65,124.0,True,1996.25,2011.0
1656,35,472,s,66,67.0,False,1996.5,1996.75
1657,41,32,s,66,71.0,False,1996.5,1997.75
1658,91,342,s,66,66.0,False,1996.5,1996.5
1659,161,399,s,66,67.0,False,1996.5,1996.75
1660,235,154,s,66,83.0,False,1996.5,2000.75
1661,388,498,s,66,71.0,False,1996.5,1997.75
1662,388,523,s,66,73.0,False,1996.5,1998.25
1663,391,40,s,66,66.0,False,1996.5,1996.5
1664,411,389,s,66,74.0,False,1996.5,1998.5
1665,499,337,s,66,73.0,False,1996.5,1998.25
1666,546,40,s,66,69.0,False,1996.5,1997.25
1667,549,269,s,66,67.0,False,1996.5,1996.75
1668,81,521,s,66,72.0,False,1996.5,1998.0
1669,159,61,s,66,68.0,False,1996.5,1997.0
1670,167,462,s,66,67.0,False,1996.5,1996.75
1671,332,418,s,66,76.0,False,1996.5,1999.0
1672,344,589,s,66,66.0,False,1996.5,1996.5
1673,346,272,s,66,69.0,False,1996.5,1997.25
1674,381,437,s,66,68.0,False,1996.5,1997.0
1675,444,189,s,66,67.0,False,1996.5,1996.75
1676,482,329,s,66,67.0,False,1996.5,1996.75
1677,48,101,s,66,82.0,False,1996.5,2000.5
1678,53,132,s,66,67.0,False,1996.5,1996.75
1679,65,170,s,66,69.0,False,1996.5,1997.25
1680,152,512,s,66,72.0,False,1996.5,1998.0
1681,186,445,s,66,68.0,False,1996.5,1997.0
1682,463,201,s,66,71.0,False,1996.5,1997.75
1683,545,517,s,66,74.0,False,1996.5,1998.5
1684,504,77,l,66,101.0,True,1996.5,2005.25
1685,206,226,l,66,78.0,True,1996.5,1999.5
1686,242,321,l,66,98.0,True,1996.5,2004.5
1687,408,32,l,66,88.0,True,1996.5,2002.0
1688,502,509,l,66,68.0,True,1996.5,1997.0
1689,145,83,s,67,70.0,False,1996.75,1997.5
1690,192,54,s,67,70.0,False,1996.75,1997.5
1691,294,115,s,67,71.0,False,1996.75,1997.75
1692,391,61,s,67,68.0,False,1996.75,1997.0
1693,12,519,s,67,73.0,False,1996.75,1998.25
1694,197,211,s,67,74.0,False,1996.75,1998.5
1695,205,24,s,67,72.0,False,1996.75,1998.0
1696,287,224,s,67,71.0,False,1996.75,1997.75
1697,357,389,s,67,75.0,False,1996.75,1998.75
1698,378,51,s,67,86.0,False,1996.75,2001.5
1699,71,110,s,67,70.0,False,1996.75,1997.5
1700,285,374,s,67,70.0,False,1996.75,1997.5
1701,326,353,s,67,68.0,False,1996.75,1997.0
1702,383,232,s,67,77.0,False,1996.75,1999.25
1703,499,353,l,67,73.0,True,1996.75,1998.25
1704,167,469,l,67,77.0,True,1996.75,1999.25
1705,325,375,l,67,71.0,True,1996.75,1997.75
1706,73,440,s,68,70.0,False,1997.0,1997.5
1707,216,129,s,68,77.0,False,1997.0,1999.25
1708,12,517,s,68,71.0,False,1997.0,1997.75
1709,50,176,s,68,72.0,False,1997.0,1998.0
1710,161,440,s,68,70.0,False,1997.0,1997.5
1711,202,15,s,68,72.0,False,1997.0,1998.0
1712,242,40,s,68,71.0,False,1997.0,1997.75
1713,316,587,s,68,86.0,False,1997.0,2001.5
1714,322,95,s,68,72.0,False,1997.0,1998.0
1715,373,130,s,68,70.0,False,1997.0,1997.5
1716,391,51,s,68,73.0,False,1997.0,1998.25
1717,555,386,s,68,69.0,False,1997.0,1997.25
1718,11,329,s,68,76.0,False,1997.0,1999.0
1719,127,217,s,68,92.0,False,1997.0,2003.0
1720,303,510,s,68,69.0,False,1997.0,1997.25
1721,346,110,s,68,70.0,False,1997.0,1997.5
1722,362,45,s,68,72.0,False,1997.0,1998.0
1723,484,24,s,68,85.0,False,1997.0,2001.25
1724,484,345,s,68,69.0,False,1997.0,1997.25
1725,540,324,s,68,69.0,False,1997.0,1997.25
1726,546,520,s,68,71.0,False,1997.0,1997.75
1727,548,698,s,68,71.0,False,1997.0,1997.75
1728,591,343,s,68,69.0,False,1997.0,1997.25
1729,241,154,l,68,95.0,True,1997.0,2003.75
1730,73,439,s,69,74.0,False,1997.25,1998.5
1731,287,432,s,69,76.0,False,1997.25,1999.0
1732,341,95,s,69,72.0,False,1997.25,1998.0
1733,411,24,s,69,69.0,False,1997.25,1997.25
1734,443,189,s,69,74.0,False,1997.25,1998.5
1735,455,515,s,69,70.0,False,1997.25,1997.5
1736,543,655,s,69,80.0,False,1997.25,2000.0
1737,135,439,s,69,73.0,False,1997.25,1998.25
1738,235,24,s,69,71.0,False,1997.25,1997.75
1739,266,387,s,69,72.0,False,1997.25,1998.0
1740,381,129,s,69,71.0,False,1997.25,1997.75
1741,62,525,s,69,74.0,False,1997.25,1998.5
1742,291,133,s,69,73.0,False,1997.25,1998.25
1743,294,698,s,69,71.0,False,1997.25,1997.75
1744,313,175,s,69,71.0,False,1997.25,1997.75
1745,346,58,s,69,70.0,False,1997.25,1997.5
1746,539,24,s,69,75.0,False,1997.25,1998.75
1747,657,514,s,69,82.0,False,1997.25,2000.5
1748,688,732,s,69,70.0,False,1997.25,1997.5
1749,287,29,l,69,124.0,True,1997.25,2011.0
1750,378,328,l,69,104.0,True,1997.25,2006.0
1751,391,247,l,69,96.0,True,1997.25,2004.0
1752,547,222,l,69,154.0,True,1997.25,2018.5
1753,37,284,s,70,71.0,False,1997.5,1997.75
1754,124,293,s,70,70.0,False,1997.5,1997.5
1755,148,160,s,70,71.0,False,1997.5,1997.75
1756,303,234,s,70,72.0,False,1997.5,1998.0
1757,383,497,s,70,88.0,False,1997.5,2002.0
1758,539,655,s,70,72.0,False,1997.5,1998.0
1759,543,469,s,70,70.0,False,1997.5,1997.5
1760,35,222,s,70,74.0,False,1997.5,1998.5
1761,64,321,s,70,72.0,False,1997.5,1998.0
1762,79,486,s,70,72.0,False,1997.5,1998.0
1763,135,284,s,70,82.0,False,1997.5,2000.5
1764,235,247,s,70,80.0,False,1997.5,2000.0
1765,287,328,s,70,71.0,False,1997.5,1997.75
1766,367,486,s,70,72.0,False,1997.5,1998.0
1767,172,24,s,70,74.0,False,1997.5,1998.5
1768,192,339,s,70,71.0,False,1997.5,1997.75
1769,202,329,s,70,76.0,False,1997.5,1999.0
1770,242,423,s,70,77.0,False,1997.5,1999.25
1771,326,246,s,70,71.0,False,1997.5,1997.75
1772,346,519,s,70,82.0,False,1997.5,2000.5
1773,412,55,s,70,74.0,False,1997.5,1998.5
1774,433,338,s,70,72.0,False,1997.5,1998.0
1775,551,5,s,70,71.0,False,1997.5,1997.75
1776,585,509,s,70,78.0,False,1997.5,1999.5
1777,678,75,s,70,73.0,False,1997.5,1998.25
1778,157,431,l,70,90.0,True,1997.5,2002.5
1779,34,517,l,70,211.0,True,1997.5,2032.75
1780,578,3,l,70,149.0,True,1997.5,2017.25
1781,53,511,s,71,72.0,False,1997.75,1998.0
1782,135,175,s,71,71.0,False,1997.75,1997.75
1783,157,272,s,71,74.0,False,1997.75,1998.5
1784,202,423,s,71,73.0,False,1997.75,1998.25
1785,206,289,s,71,80.0,False,1997.75,2000.0
1786,287,519,s,71,73.0,False,1997.75,1998.25
1787,291,329,s,71,73.0,False,1997.75,1998.25
1788,323,371,s,71,71.0,False,1997.75,1997.75
1789,357,517,s,71,76.0,False,1997.75,1999.0
1790,367,133,s,71,73.0,False,1997.75,1998.25
1791,396,498,s,71,75.0,False,1997.75,1998.75
1792,577,343,s,71,72.0,False,1997.75,1998.0
1793,743,573,s,71,74.0,False,1997.75,1998.5
1794,11,249,s,71,77.0,False,1997.75,1999.25
1795,194,713,s,71,74.0,False,1997.75,1998.5
1796,195,470,s,71,74.0,False,1997.75,1998.5
1797,241,513,s,71,73.0,False,1997.75,1998.25
1798,257,45,s,71,72.0,False,1997.75,1998.0
1799,385,386,s,71,72.0,False,1997.75,1998.0
1800,485,342,s,71,71.0,False,1997.75,1997.75
1801,502,514,s,71,72.0,False,1997.75,1998.0
1802,657,517,s,71,86.0,False,1997.75,2001.5
1803,591,609,l,71,117.0,True,1997.75,2009.25
1804,341,432,l,71,83.0,True,1997.75,2000.75
1805,183,374,l,71,72.0,True,1997.75,1998.0
1806,541,274,l,71,123.0,True,1997.75,2010.75
1807,11,445,s,72,80.0,False,1998.0,2000.0
1808,50,353,s,72,75.0,False,1998.0,1998.75
1809,64,247,s,72,83.0,False,1998.0,2000.75
1810,391,741,s,72,79.0,False,1998.0,1999.75
1811,484,517,s,72,79.0,False,1998.0,1999.75
1812,657,453,s,72,74.0,False,1998.0,1998.5
1813,202,574,s,72,86.0,False,1998.0,2001.5
1814,499,133,s,72,77.0,False,1998.0,1999.25
1815,0,518,s,72,77.0,False,1998.0,1999.25
1816,71,445,s,72,84.0,False,1998.0,2001.0
1817,205,506,s,72,73.0,False,1998.0,1998.25
1818,242,176,s,72,75.0,False,1998.0,1998.75
1819,313,432,s,72,73.0,False,1998.0,1998.25
1820,362,523,s,72,75.0,False,1998.0,1998.75
1821,443,283,s,72,75.0,False,1998.0,1998.75
1822,539,741,s,72,75.0,False,1998.0,1998.75
1823,47,16,l,72,178.0,True,1998.0,2024.5
1824,71,439,l,72,88.0,True,1998.0,2002.0
1825,539,410,l,72,173.0,True,1998.0,2023.25
1826,504,307,l,72,98.0,True,1998.0,2004.5
1827,47,339,s,73,74.0,False,1998.25,1998.5
1828,87,517,s,73,81.0,False,1998.25,2000.25
1829,157,51,s,73,73.0,False,1998.25,1998.25
1830,191,24,s,73,77.0,False,1998.25,1999.25
1831,302,101,s,73,78.0,False,1998.25,1999.5
1832,325,517,s,73,76.0,False,1998.25,1999.0
1833,326,100,s,73,85.0,False,1998.25,2001.25
1834,551,115,s,73,77.0,False,1998.25,1999.25
1835,577,432,s,73,74.0,False,1998.25,1998.5
1836,37,239,s,73,76.0,False,1998.25,1999.0
1837,242,523,s,73,76.0,False,1998.25,1999.0
1838,287,389,s,73,73.0,False,1998.25,1998.25
1839,323,397,s,73,74.0,False,1998.25,1998.5
1840,551,525,s,73,74.0,False,1998.25,1998.5
1841,753,597,s,73,79.0,False,1998.25,1999.75
1842,157,176,s,73,75.0,False,1998.25,1998.75
1843,482,224,s,73,75.0,False,1998.25,1998.75
1844,504,506,s,73,74.0,False,1998.25,1998.5
1845,161,230,l,73,141.0,True,1998.25,2015.25
1846,67,387,s,74,83.0,False,1998.5,2000.75
1847,113,304,s,74,77.0,False,1998.5,1999.25
1848,195,354,s,74,74.0,False,1998.5,1998.5
1849,50,517,s,74,80.0,False,1998.5,2000.0
1850,313,224,s,74,76.0,False,1998.5,1999.0
1851,657,328,s,74,77.0,False,1998.5,1999.25
1852,141,399,s,74,82.0,False,1998.5,2000.5
1853,235,54,s,74,75.0,False,1998.5,1998.75
1854,433,239,s,74,82.0,False,1998.5,2000.5
1855,743,80,s,74,82.0,False,1998.5,2000.5
1856,65,80,l,74,131.0,True,1998.5,2012.75
1857,287,440,l,74,95.0,True,1998.5,2003.75
1858,341,513,l,74,87.0,True,1998.5,2001.75
1859,12,697,s,75,75.0,False,1998.75,1998.75
1860,36,348,s,75,76.0,False,1998.75,1999.0
1861,186,110,s,75,81.0,False,1998.75,2000.25
1862,543,272,s,75,76.0,False,1998.75,1999.0
1863,547,272,s,75,94.0,False,1998.75,2003.5
1864,548,284,s,75,82.0,False,1998.75,2000.5
1865,145,56,s,75,83.0,False,1998.75,2000.75
1866,161,515,s,75,77.0,False,1998.75,1999.25
1867,242,437,s,75,78.0,False,1998.75,1999.5
1868,261,345,s,75,79.0,False,1998.75,1999.75
1869,408,130,s,75,80.0,False,1998.75,2000.0
1870,476,438,s,75,95.0,False,1998.75,2003.75
1871,71,339,l,75,88.0,True,1998.75,2002.0
1872,161,339,l,75,116.0,True,1998.75,2009.0
1873,412,180,l,75,170.0,True,1998.75,2022.5
1874,460,440,l,75,104.0,True,1998.75,2006.0
1875,346,470,l,75,176.0,True,1998.75,2024.0
1876,396,51,l,75,240.0,True,1998.75,2040.0
1877,552,486,l,75,104.0,True,1998.75,2006.0
1878,545,170,l,75,151.0,True,1998.75,2017.75
1879,0,237,s,76,76.0,False,1999.0,1999.0
1880,195,437,s,76,76.0,False,1999.0,1999.0
1881,212,232,s,76,76.0,False,1999.0,1999.0
1882,216,517,s,76,76.0,False,1999.0,1999.0
1883,261,69,s,76,77.0,False,1999.0,1999.25
1884,316,518,s,76,80.0,False,1999.0,2000.0
1885,358,397,s,76,85.0,False,1999.0,2001.25
1886,502,95,s,76,78.0,False,1999.0,1999.5
1887,549,389,s,76,76.0,False,1999.0,1999.0
1888,552,201,s,76,92.0,False,1999.0,2003.0
1889,161,462,s,76,77.0,False,1999.0,1999.25
1890,235,354,s,76,82.0,False,1999.0,2000.5
1891,288,525,s,76,78.0,False,1999.0,1999.5
1892,316,101,s,76,81.0,False,1999.0,2000.25
1893,325,440,s,76,78.0,False,1999.0,1999.5
1894,362,342,s,76,90.0,False,1999.0,2002.5
1895,753,133,s,76,78.0,False,1999.0,1999.5
1896,88,84,s,76,85.0,False,1999.0,2001.25
1897,125,28,s,76,80.0,False,1999.0,2000.0
1898,159,432,s,76,77.0,False,1999.0,1999.25
1899,192,345,s,76,81.0,False,1999.0,2000.25
1900,325,110,s,76,88.0,False,1999.0,2002.0
1901,360,432,s,76,80.0,False,1999.0,2000.0
1902,394,321,s,76,79.0,False,1999.0,1999.75
1903,414,224,s,76,78.0,False,1999.0,1999.5
1904,489,379,s,76,81.0,False,1999.0,2000.25
1905,577,514,l,76,91.0,True,1999.0,2002.75
1906,262,343,l,76,188.0,True,1999.0,2027.0
1907,383,742,l,76,132.0,True,1999.0,2013.0
1908,213,432,s,77,78.0,False,1999.25,1999.5
1909,285,196,s,77,78.0,False,1999.25,1999.5
1910,285,432,s,77,84.0,False,1999.25,2001.0
1911,287,445,s,77,82.0,False,1999.25,2000.5
1912,332,569,s,77,77.0,False,1999.25,1999.25
1913,346,189,s,77,77.0,False,1999.25,1999.25
1914,367,154,s,77,81.0,False,1999.25,2000.25
1915,540,54,s,77,90.0,False,1999.25,2002.5
1916,593,371,s,77,79.0,False,1999.25,1999.75
1917,159,24,s,77,78.0,False,1999.25,1999.5
1918,161,55,s,77,80.0,False,1999.25,2000.0
1919,290,389,s,77,80.0,False,1999.25,2000.0
1920,330,24,s,77,78.0,False,1999.25,1999.5
1921,381,516,s,77,80.0,False,1999.25,2000.0
1922,41,439,s,77,80.0,False,1999.25,2000.0
1923,62,120,s,77,79.0,False,1999.25,1999.75
1924,81,284,s,77,79.0,False,1999.25,1999.75
1925,350,486,s,77,80.0,False,1999.25,2000.0
1926,391,54,s,77,79.0,False,1999.25,1999.75
1927,595,515,l,77,114.0,True,1999.25,2008.5
1928,658,498,l,77,136.0,True,1999.25,2014.0
1929,127,513,s,78,79.0,False,1999.5,1999.75
1930,358,439,s,78,83.0,False,1999.5,2000.75
1931,383,342,s,78,91.0,False,1999.5,2002.75
1932,539,371,s,78,84.0,False,1999.5,2001.0
1933,112,289,s,78,79.0,False,1999.5,1999.75
1934,190,130,s,78,84.0,False,1999.5,2001.0
1935,295,217,s,78,79.0,False,1999.5,1999.75
1936,167,399,s,78,81.0,False,1999.5,2000.25
1937,381,515,s,78,80.0,False,1999.5,2000.0
1938,678,432,s,78,82.0,False,1999.5,2000.5
1939,47,423,l,78,188.0,True,1999.5,2027.0
1940,73,698,l,78,148.0,True,1999.5,2017.0
1941,499,445,l,78,85.0,True,1999.5,2001.25
1942,603,655,l,78,116.0,True,1999.5,2009.0
1943,88,134,s,79,79.0,False,1999.75,1999.75
1944,153,348,s,79,87.0,False,1999.75,2001.75
1945,577,457,s,79,82.0,False,1999.75,2000.5
1946,658,95,s,79,82.0,False,1999.75,2000.5
1947,135,445,s,79,94.0,False,1999.75,2003.5
1948,200,432,s,79,86.0,False,1999.75,2001.5
1949,241,432,s,79,92.0,False,1999.75,2003.0
1950,290,445,s,79,82.0,False,1999.75,2000.5
1951,294,517,s,79,81.0,False,1999.75,2000.25
1952,346,129,s,79,83.0,False,1999.75,2000.75
1953,385,492,s,79,80.0,False,1999.75,2000.0
1954,485,29,s,79,79.0,False,1999.75,1999.75
1955,658,293,s,79,80.0,False,1999.75,2000.0
1956,167,63,s,79,80.0,False,1999.75,2000.0
1957,192,293,s,79,80.0,False,1999.75,2000.0
1958,200,510,s,79,82.0,False,1999.75,2000.5
1959,235,133,s,79,81.0,False,1999.75,2000.25
1960,346,379,s,79,98.0,False,1999.75,2004.5
1961,408,353,s,79,88.0,False,1999.75,2002.0
1962,443,16,s,79,85.0,False,1999.75,2001.25
1963,743,507,s,79,87.0,False,1999.75,2001.75
1964,125,110,l,79,120.0,True,1999.75,2010.0
1965,212,731,l,79,80.0,True,1999.75,2000.0
1966,434,58,l,79,167.0,True,1999.75,2021.75
1967,49,101,s,80,88.0,False,2000.0,2002.0
1968,357,211,s,80,85.0,False,2000.0,2001.25
1969,35,742,s,80,83.0,False,2000.0,2000.75
1970,41,741,s,80,92.0,False,2000.0,2003.0
1971,88,232,s,80,81.0,False,2000.0,2000.25
1972,195,440,s,80,90.0,False,2000.0,2002.5
1973,336,514,s,80,82.0,False,2000.0,2000.5
1974,362,432,s,80,81.0,False,2000.0,2000.25
1975,50,697,s,80,83.0,False,2000.0,2000.75
1976,88,32,s,80,87.0,False,2000.0,2001.75
1977,195,304,s,80,87.0,False,2000.0,2001.75
1978,206,456,s,80,84.0,False,2000.0,2001.0
1979,340,418,s,80,99.0,False,2000.0,2004.75
1980,358,133,s,80,81.0,False,2000.0,2000.25
1981,378,587,s,80,83.0,False,2000.0,2000.75
1982,381,513,s,80,81.0,False,2000.0,2000.25
1983,408,342,s,80,84.0,False,2000.0,2001.0
1984,484,339,s,80,84.0,False,2000.0,2001.0
1985,504,324,s,80,82.0,False,2000.0,2000.5
1986,656,583,s,80,85.0,False,2000.0,2001.25
1987,480,418,l,80,183.0,True,2000.0,2025.75
1988,753,574,l,80,106.0,True,2000.0,2006.5
1989,241,176,s,81,86.0,False,2000.25,2001.5
1990,291,224,s,81,85.0,False,2000.25,2001.25
1991,550,371,s,81,83.0,False,2000.25,2000.75
1992,36,40,s,81,86.0,False,2000.25,2001.5
1993,57,512,s,81,90.0,False,2000.25,2002.5
1994,153,697,s,81,82.0,False,2000.25,2000.5
1995,157,101,s,81,87.0,False,2000.25,2001.75
1996,197,498,s,81,88.0,False,2000.25,2002.0
1997,315,80,s,81,83.0,False,2000.25,2000.75
1998,320,95,s,81,86.0,False,2000.25,2001.5
1999,373,170,s,81,90.0,False,2000.25,2002.5
2000,381,375,s,81,83.0,False,2000.25,2000.75
2001,476,162,s,81,88.0,False,2000.25,2002.0
2002,549,432,s,81,82.0,False,2000.25,2000.5
2003,658,328,s,81,88.0,False,2000.25,2002.0
2004,50,519,s,81,82.0,False,2000.25,2000.5
2005,167,234,s,81,84.0,False,2000.25,2001.0
2006,195,80,s,81,85.0,False,2000.25,2001.25
2007,287,520,s,81,82.0,False,2000.25,2000.5
2008,341,375,s,81,94.0,False,2000.25,2003.5
2009,485,526,s,81,85.0,False,2000.25,2001.25
2010,607,247,s,81,85.0,False,2000.25,2001.25
2011,340,517,l,81,174.0,True,2000.25,2023.5
2012,396,180,l,81,99.0,True,2000.25,2004.75
2013,341,328,l,81,132.0,True,2000.25,2013.0
2014,0,176,l,81,100.0,True,2000.25,2005.0
2015,544,272,l,81,125.0,True,2000.25,2011.25
2016,153,189,s,82,84.0,False,2000.5,2001.0
2017,159,503,s,82,83.0,False,2000.5,2000.75
2018,195,437,s,82,83.0,False,2000.5,2000.75
2019,242,354,s,82,83.0,False,2000.5,2000.75
2020,285,339,s,82,88.0,False,2000.5,2002.0
2021,346,436,s,82,83.0,False,2000.5,2000.75
2022,362,170,s,82,89.0,False,2000.5,2002.25
2023,381,69,s,82,88.0,False,2000.5,2002.0
2024,502,175,s,82,84.0,False,2000.5,2001.0
2025,157,110,s,82,84.0,False,2000.5,2001.0
2026,161,175,s,82,86.0,False,2000.5,2001.5
2027,186,497,s,82,85.0,False,2000.5,2001.25
2028,200,342,s,82,90.0,False,2000.5,2002.5
2029,502,410,s,82,89.0,False,2000.5,2002.25
2030,12,51,s,82,83.0,False,2000.5,2000.75
2031,88,133,s,82,88.0,False,2000.5,2002.0
2032,112,771,s,82,85.0,False,2000.5,2001.25
2033,200,339,s,82,90.0,False,2000.5,2002.5
2034,205,351,s,82,90.0,False,2000.5,2002.5
2035,245,741,s,82,85.0,False,2000.5,2001.25
2036,266,697,s,82,83.0,False,2000.5,2000.75
2037,288,525,s,82,83.0,False,2000.5,2000.75
2038,381,129,s,82,86.0,False,2000.5,2001.5
2039,607,198,s,82,105.0,False,2000.5,2006.25
2040,656,339,s,82,88.0,False,2000.5,2002.0
2041,659,229,l,82,108.0,True,2000.5,2007.0
2042,50,110,l,82,91.0,True,2000.5,2002.75
2043,81,498,l,82,153.0,True,2000.5,2018.25
2044,153,110,l,82,120.0,True,2000.5,2010.0
2045,202,180,l,82,96.0,True,2000.5,2004.0
2046,542,437,l,82,187.0,True,2000.5,2026.75
2047,49,387,s,83,91.0,False,2000.75,2002.75
2048,183,517,s,83,88.0,False,2000.75,2002.0
2049,200,345,s,83,90.0,False,2000.75,2002.5
2050,290,457,s,83,87.0,False,2000.75,2001.75
2051,378,345,s,83,92.0,False,2000.75,2003.0
2052,435,418,s,83,85.0,False,2000.75,2001.25
2053,153,51,s,83,86.0,False,2000.75,2001.5
2054,161,189,s,83,95.0,False,2000.75,2003.75
2055,313,345,s,83,86.0,False,2000.75,2001.5
2056,443,503,s,83,85.0,False,2000.75,2001.25
2057,358,154,s,83,85.0,False,2000.75,2001.25
2058,378,208,s,83,88.0,False,2000.75,2002.0
2059,434,40,s,83,90.0,False,2000.75,2002.5
2060,435,115,s,83,89.0,False,2000.75,2002.25
2061,600,61,s,83,93.0,False,2000.75,2003.25
2062,391,329,l,83,159.0,True,2000.75,2019.75
2063,159,247,l,83,122.0,True,2000.75,2010.5
2064,381,284,l,83,154.0,True,2000.75,2018.5
2065,288,525,s,84,86.0,False,2001.0,2001.5
2066,325,437,s,84,96.0,False,2001.0,2004.0
2067,363,432,s,84,86.0,False,2001.0,2001.5
2068,363,440,s,84,85.0,False,2001.0,2001.25
2069,396,243,s,84,86.0,False,2001.0,2001.5
2070,577,55,s,84,93.0,False,2001.0,2003.25
2071,245,497,s,84,85.0,False,2001.0,2001.25
2072,315,508,s,84,88.0,False,2001.0,2002.0
2073,444,437,s,84,95.0,False,2001.0,2003.75
2074,504,508,s,84,86.0,False,2001.0,2001.5
2075,632,16,s,84,93.0,False,2001.0,2003.25
2076,50,208,s,84,85.0,False,2001.0,2001.25
2077,53,180,s,84,91.0,False,2001.0,2002.75
2078,161,234,s,84,91.0,False,2001.0,2002.75
2079,363,324,s,84,95.0,False,2001.0,2003.75
2080,391,432,s,84,88.0,False,2001.0,2002.0
2081,417,309,s,84,87.0,False,2001.0,2001.75
2082,572,296,s,84,93.0,False,2001.0,2003.25
2083,657,75,s,84,92.0,False,2001.0,2003.0
2084,543,189,l,84,220.0,True,2001.0,2035.0
2085,36,514,s,85,85.0,False,2001.25,2001.25
2086,202,24,s,85,91.0,False,2001.25,2002.75
2087,235,516,s,85,89.0,False,2001.25,2002.25
2088,360,486,s,85,86.0,False,2001.25,2001.5
2089,493,321,s,85,86.0,False,2001.25,2001.5
2090,658,569,s,85,91.0,False,2001.25,2002.75
2091,60,154,s,85,90.0,False,2001.25,2002.5
2092,214,351,s,85,85.0,False,2001.25,2001.25
2093,287,722,s,85,90.0,False,2001.25,2002.5
2094,352,399,s,85,85.0,False,2001.25,2001.25
2095,358,129,s,85,92.0,False,2001.25,2003.0
2096,30,222,s,85,88.0,False,2001.25,2002.0
2097,191,503,s,85,88.0,False,2001.25,2002.0
2098,378,371,s,85,87.0,False,2001.25,2001.75
2099,485,24,s,85,86.0,False,2001.25,2001.5
2100,485,342,s,85,88.0,False,2001.25,2002.0
2101,678,224,l,85,,True,2001.25,
2102,183,196,l,85,159.0,True,2001.25,2019.75
2103,350,348,l,85,166.0,True,2001.25,2021.5
2104,323,150,s,86,88.0,False,2001.5,2002.0
2105,367,101,s,86,86.0,False,2001.5,2001.5
2106,402,418,s,86,96.0,False,2001.5,2004.0
2107,549,224,s,86,87.0,False,2001.5,2001.75
2108,363,342,s,86,88.0,False,2001.5,2002.0
2109,744,431,s,86,88.0,False,2001.5,2002.0
2110,41,132,s,86,88.0,False,2001.5,2002.0
2111,81,133,s,86,89.0,False,2001.5,2002.25
2112,242,432,s,86,103.0,False,2001.5,2005.75
2113,312,274,s,86,87.0,False,2001.5,2001.75
2114,396,741,s,86,87.0,False,2001.5,2001.75
2115,595,655,s,86,88.0,False,2001.5,2002.0
2116,476,771,l,86,100.0,True,2001.5,2005.0
2117,378,101,l,86,113.0,True,2001.5,2008.25
2118,549,469,l,86,87.0,True,2001.5,2001.75
2119,90,351,s,87,96.0,False,2001.75,2004.0
2120,135,51,s,87,95.0,False,2001.75,2003.75
2121,157,58,s,87,87.0,False,2001.75,2001.75
2122,396,133,s,87,93.0,False,2001.75,2003.25
2123,616,569,s,87,88.0,False,2001.75,2002.0
2124,0,170,s,87,91.0,False,2001.75,2002.75
2125,50,439,s,87,89.0,False,2001.75,2002.25
2126,67,99,s,87,88.0,False,2001.75,2002.0
2127,159,99,s,87,92.0,False,2001.75,2003.0
2128,186,249,s,87,92.0,False,2001.75,2003.0
2129,205,255,s,87,93.0,False,2001.75,2003.25
2130,346,486,s,87,90.0,False,2001.75,2002.5
2131,363,129,s,87,93.0,False,2001.75,2003.25
2132,367,132,s,87,91.0,False,2001.75,2002.75
2133,412,498,s,87,87.0,False,2001.75,2001.75
2134,422,110,s,87,87.0,False,2001.75,2001.75
2135,434,196,s,87,91.0,False,2001.75,2002.75
2136,485,96,s,87,91.0,False,2001.75,2002.75
2137,572,582,s,87,94.0,False,2001.75,2003.5
2138,12,371,s,87,95.0,False,2001.75,2003.75
2139,87,509,s,87,89.0,False,2001.75,2002.25
2140,167,230,s,87,95.0,False,2001.75,2003.75
2141,288,236,s,87,91.0,False,2001.75,2002.75
2142,539,307,s,87,89.0,False,2001.75,2002.25
2143,159,321,l,87,152.0,True,2001.75,2018.0
2144,50,339,l,87,105.0,True,2001.75,2006.25
2145,444,387,l,87,141.0,True,2001.75,2015.25
2146,34,581,s,88,92.0,False,2002.0,2003.0
2147,190,180,s,88,94.0,False,2002.0,2003.5
2148,200,371,s,88,100.0,False,2002.0,2005.0
2149,200,509,s,88,88.0,False,2002.0,2002.0
2150,287,521,s,88,88.0,False,2002.0,2002.0
2151,394,789,s,88,88.0,False,2002.0,2002.0
2152,485,354,s,88,89.0,False,2002.0,2002.25
2153,549,520,s,88,93.0,False,2002.0,2003.25
2154,550,432,s,88,89.0,False,2002.0,2002.25
2155,572,175,s,88,88.0,False,2002.0,2002.0
2156,791,379,s,88,90.0,False,2002.0,2002.5
2157,50,269,s,88,97.0,False,2002.0,2004.25
2158,417,583,s,88,95.0,False,2002.0,2003.75
2159,485,329,s,88,92.0,False,2002.0,2003.0
2160,489,445,s,88,90.0,False,2002.0,2002.5
2161,543,339,s,88,92.0,False,2002.0,2003.0
2162,46,154,s,88,93.0,False,2002.0,2003.25
2163,378,247,s,88,89.0,False,2002.0,2002.25
2164,378,515,s,88,90.0,False,2002.0,2002.5
2165,414,517,s,88,89.0,False,2002.0,2002.25
2166,422,237,s,88,92.0,False,2002.0,2003.0
2167,435,95,s,88,91.0,False,2002.0,2002.75
2168,88,497,l,88,198.0,True,2002.0,2029.5
2169,157,713,l,88,96.0,True,2002.0,2004.0
2170,460,189,l,88,128.0,True,2002.0,2012.0
2171,50,29,s,89,89.0,False,2002.25,2002.25
2172,65,789,s,89,90.0,False,2002.25,2002.5
2173,161,353,s,89,112.0,False,2002.25,2008.0
2174,294,526,s,89,93.0,False,2002.25,2003.25
2175,484,154,s,89,91.0,False,2002.25,2002.75
2176,539,453,s,89,89.0,False,2002.25,2002.25
2177,790,437,s,89,92.0,False,2002.25,2003.0
2178,214,627,s,89,92.0,False,2002.25,2003.0
2179,235,337,s,89,89.0,False,2002.25,2002.25
2180,285,95,s,89,95.0,False,2002.25,2003.75
2181,288,523,s,89,97.0,False,2002.25,2004.25
2182,484,418,s,89,105.0,False,2002.25,2006.25
2183,57,581,s,89,90.0,False,2002.25,2002.5
2184,65,101,s,89,101.0,False,2002.25,2005.25
2185,65,486,s,89,92.0,False,2002.25,2003.0
2186,340,115,s,89,90.0,False,2002.25,2002.5
2187,346,236,s,89,97.0,False,2002.25,2004.25
2188,367,54,s,89,90.0,False,2002.25,2002.5
2189,388,327,s,89,104.0,False,2002.25,2006.0
2190,466,514,s,89,97.0,False,2002.25,2004.25
2191,656,503,s,89,91.0,False,2002.25,2002.75
2192,790,80,s,89,92.0,False,2002.25,2003.0
2193,73,526,l,89,96.0,True,2002.25,2004.0
2194,34,296,l,89,150.0,True,2002.25,2017.5
2195,593,512,l,89,140.0,True,2002.25,2015.0
2196,30,272,s,90,101.0,False,2002.5,2005.25
2197,46,453,s,90,90.0,False,2002.5,2002.5
2198,73,246,s,90,90.0,False,2002.5,2002.5
2199,161,95,s,90,91.0,False,2002.5,2002.75
2200,285,375,s,90,98.0,False,2002.5,2004.5
2201,288,525,s,90,95.0,False,2002.5,2003.75
2202,320,224,s,90,101.0,False,2002.5,2005.25
2203,394,569,s,90,91.0,False,2002.5,2002.75
2204,455,515,s,90,91.0,False,2002.5,2002.75
2205,489,518,s,90,103.0,False,2002.5,2005.75
2206,540,234,s,90,93.0,False,2002.5,2003.25
2207,49,515,s,90,93.0,False,2002.5,2003.25
2208,485,51,s,90,100.0,False,2002.5,2005.0
2209,485,237,s,90,92.0,False,2002.5,2003.0
2210,485,399,s,90,92.0,False,2002.5,2003.0
2211,545,321,s,90,95.0,False,2002.5,2003.75
2212,12,239,s,90,96.0,False,2002.5,2004.0
2213,81,110,s,90,92.0,False,2002.5,2003.0
2214,285,293,s,90,102.0,False,2002.5,2005.5
2215,294,342,s,90,92.0,False,2002.5,2003.0
2216,316,95,s,90,95.0,False,2002.5,2003.75
2217,360,513,s,90,110.0,False,2002.5,2007.5
2218,378,339,s,90,91.0,False,2002.5,2002.75
2219,378,389,s,90,92.0,False,2002.5,2003.0
2220,551,525,s,90,91.0,False,2002.5,2002.75
2221,656,399,s,90,92.0,False,2002.5,2003.0
2222,790,405,s,90,91.0,False,2002.5,2002.75
2223,0,445,l,90,168.0,True,2002.5,2022.0
2224,11,293,l,90,184.0,True,2002.5,2026.0
2225,352,520,l,90,100.0,True,2002.5,2005.0
2226,36,29,l,90,119.0,True,2002.5,2009.75
2227,235,517,l,90,115.0,True,2002.5,2008.75
2228,578,28,l,90,104.0,True,2002.5,2006.0
2229,290,515,s,91,92.0,False,2002.75,2003.0
2230,358,54,s,91,91.0,False,2002.75,2002.75
2231,362,529,s,91,93.0,False,2002.75,2003.25
2232,381,437,s,91,93.0,False,2002.75,2003.25
2233,539,54,s,91,102.0,False,2002.75,2005.5
2234,12,129,s,91,93.0,False,2002.75,2003.25
2235,46,217,s,91,101.0,False,2002.75,2005.25
2236,167,234,s,91,92.0,False,2002.75,2003.0
2237,169,574,s,91,95.0,False,2002.75,2003.75
2238,294,199,s,91,94.0,False,2002.75,2003.5
2239,315,498,s,91,103.0,False,2002.75,2005.75
2240,46,284,s,91,95.0,False,2002.75,2003.75
2241,172,54,s,91,94.0,False,2002.75,2003.5
2242,320,515,s,91,95.0,False,2002.75,2003.75
2243,346,284,s,91,95.0,False,2002.75,2003.75
2244,358,328,s,91,103.0,False,2002.75,2005.75
2245,360,324,s,91,92.0,False,2002.75,2003.0
2246,378,514,s,91,93.0,False,2002.75,2003.25
2247,493,129,s,91,93.0,False,2002.75,2003.25
2248,546,329,s,91,95.0,False,2002.75,2003.75
2249,346,32,l,91,188.0,True,2002.75,2027.0
2250,489,239,l,91,109.0,True,2002.75,2007.25
2251,73,470,s,92,94.0,False,2003.0,2003.5
2252,191,582,s,92,97.0,False,2003.0,2004.25
2253,287,469,s,92,100.0,False,2003.0,2005.0
2254,433,83,s,92,93.0,False,2003.0,2003.25
2255,548,437,s,92,100.0,False,2003.0,2005.0
2256,551,176,s,92,95.0,False,2003.0,2003.75
2257,591,343,s,92,97.0,False,2003.0,2004.25
2258,616,583,s,92,92.0,False,2003.0,2003.0
2259,90,55,s,92,98.0,False,2003.0,2004.5
2260,167,457,s,92,99.0,False,2003.0,2004.75
2261,315,196,s,92,111.0,False,2003.0,2007.75
2262,341,154,s,92,98.0,False,2003.0,2004.5
2263,357,387,s,92,98.0,False,2003.0,2004.5
2264,358,69,s,92,99.0,False,2003.0,2004.75
2265,396,789,s,92,94.0,False,2003.0,2003.5
2266,422,54,s,92,95.0,False,2003.0,2003.75
2267,433,529,s,92,99.0,False,2003.0,2004.75
2268,638,345,s,92,94.0,False,2003.0,2003.5
2269,753,133,s,92,93.0,False,2003.0,2003.25
2270,790,69,s,92,94.0,False,2003.0,2003.5
2271,637,503,l,92,,True,2003.0,
2272,550,84,l,92,124.0,True,2003.0,2011.0
2273,46,95,l,92,116.0,True,2003.0,2009.0
2274,161,54,l,92,156.0,True,2003.0,2019.0
2275,35,289,s,93,95.0,False,2003.25,2003.75
2276,124,514,s,93,94.0,False,2003.25,2003.5
2277,242,348,s,93,96.0,False,2003.25,2004.0
2278,305,569,s,93,102.0,False,2003.25,2005.5
2279,482,519,s,93,94.0,False,2003.25,2003.5
2280,504,99,s,93,94.0,False,2003.25,2003.5
2281,548,440,s,93,94.0,False,2003.25,2003.5
2282,743,77,s,93,95.0,False,2003.25,2003.75
2283,302,54,s,93,95.0,False,2003.25,2003.75
2284,312,573,s,93,96.0,False,2003.25,2004.0
2285,600,655,s,93,93.0,False,2003.25,2003.25
2286,753,196,s,93,93.0,False,2003.25,2003.25
2287,295,437,s,93,94.0,False,2003.25,2003.5
2288,340,247,s,93,96.0,False,2003.25,2004.0
2289,388,337,s,93,94.0,False,2003.25,2003.5
2290,422,521,s,93,97.0,False,2003.25,2004.25
2291,545,517,s,93,97.0,False,2003.25,2004.25
2292,632,598,s,93,96.0,False,2003.25,2004.0
2293,394,321,l,93,228.0,True,2003.25,2037.0
2294,242,486,l,93,130.0,True,2003.25,2012.5
2295,65,63,l,93,95.0,True,2003.25,2003.75
2296,53,255,s,94,95.0,False,2003.5,2003.75
2297,381,115,s,94,94.0,False,2003.5,2003.5
2298,443,655,s,94,99.0,False,2003.5,2004.75
2299,444,399,s,94,100.0,False,2003.5,2005.0
2300,455,283,s,94,99.0,False,2003.5,2004.75
2301,502,345,s,94,99.0,False,2003.5,2004.75
2302,543,146,s,94,96.0,False,2003.5,2004.0
2303,546,524,s,94,94.0,False,2003.5,2003.5
2304,195,440,s,94,104.0,False,2003.5,2006.0
2305,216,741,s,94,96.0,False,2003.5,2004.0
2306,330,345,s,94,95.0,False,2003.5,2003.75
2307,406,110,s,94,97.0,False,2003.5,2004.25
2308,414,82,s,94,110.0,False,2003.5,2007.5
2309,482,655,s,94,95.0,False,2003.5,2003.75
2310,499,517,s,94,100.0,False,2003.5,2005.0
2311,543,789,s,94,104.0,False,2003.5,2006.0
2312,46,432,s,94,95.0,False,2003.5,2003.75
2313,79,321,s,94,95.0,False,2003.5,2003.75
2314,195,51,s,94,97.0,False,2003.5,2004.25
2315,550,58,s,94,95.0,False,2003.5,2003.75
2316,235,211,l,94,130.0,True,2003.5,2012.5
2317,330,371,l,94,,True,2003.5,
2318,417,453,l,94,104.0,True,2003.5,2006.0
2319,591,243,l,94,125.0,True,2003.5,2011.25
2320,595,410,l,94,,True,2003.5,
2321,26,63,s,95,99.0,False,2003.75,2004.75
2322,261,581,s,95,96.0,False,2003.75,2004.0
2323,266,511,s,95,99.0,False,2003.75,2004.75
2324,358,29,s,95,98.0,False,2003.75,2004.5
2325,378,176,s,95,98.0,False,2003.75,2004.5
2326,571,399,s,95,100.0,False,2003.75,2005.0
2327,378,51,s,95,96.0,False,2003.75,2004.0
2328,378,498,s,95,97.0,False,2003.75,2004.25
2329,381,440,s,95,97.0,False,2003.75,2004.25
2330,388,472,s,95,97.0,False,2003.75,2004.25
2331,422,469,s,95,99.0,False,2003.75,2004.75
2332,57,741,s,95,96.0,False,2003.75,2004.0
2333,186,45,s,95,96.0,False,2003.75,2004.0
2334,195,133,s,95,100.0,False,2003.75,2005.0
2335,316,432,s,95,96.0,False,2003.75,2004.0
2336,332,574,s,95,98.0,False,2003.75,2004.5
2337,362,354,s,95,100.0,False,2003.75,2005.0
2338,363,201,s,95,100.0,False,2003.75,2005.0
2339,363,284,s,95,98.0,False,2003.75,2004.5
2340,412,498,s,95,97.0,False,2003.75,2004.25
2341,548,526,s,95,99.0,False,2003.75,2004.75
2342,572,573,s,95,96.0,False,2003.75,2004.0
2343,603,418,s,95,103.0,False,2003.75,2005.75
2344,657,24,s,95,100.0,False,2003.75,2005.0
2345,414,515,l,95,131.0,True,2003.75,2012.75
2346,50,587,l,95,123.0,True,2003.75,2010.75
2347,570,573,l,95,159.0,True,2003.75,2019.75
2348,192,423,s,96,104.0,False,2004.0,2006.0
2349,200,75,s,96,107.0,False,2004.0,2006.75
2350,546,189,s,96,105.0,False,2004.0,2006.25
2351,571,15,s,96,96.0,False,2004.0,2004.0
2352,607,154,s,96,97.0,False,2004.0,2004.25
2353,612,581,s,96,97.0,False,2004.0,2004.25
2354,643,708,s,96,99.0,False,2004.0,2004.75
2355,12,486,s,96,99.0,False,2004.0,2004.75
2356,12,587,s,96,99.0,False,2004.0,2004.75
2357,153,697,s,96,98.0,False,2004.0,2004.5
2358,346,425,s,96,100.0,False,2004.0,2005.0
2359,547,371,s,96,96.0,False,2004.0,2004.0
2360,30,16,s,96,101.0,False,2004.0,2005.25
2361,49,129,s,96,99.0,False,2004.0,2004.75
2362,57,507,s,96,100.0,False,2004.0,2005.0
2363,161,24,s,96,98.0,False,2004.0,2004.5
2364,242,741,s,96,102.0,False,2004.0,2005.5
2365,367,519,s,96,99.0,False,2004.0,2004.75
2366,378,470,s,96,97.0,False,2004.0,2004.25
2367,391,439,s,96,102.0,False,2004.0,2005.5
2368,489,445,s,96,100.0,False,2004.0,2005.0
2369,539,416,s,96,100.0,False,2004.0,2005.0
2370,600,503,s,96,97.0,False,2004.0,2004.25
2371,640,789,s,96,101.0,False,2004.0,2005.25
2372,489,32,l,96,116.0,True,2004.0,2009.0
2373,65,516,s,97,98.0,False,2004.25,2004.5
2374,172,741,s,97,101.0,False,2004.25,2005.25
2375,288,328,s,97,101.0,False,2004.25,2005.25
2376,378,40,s,97,101.0,False,2004.25,2005.25
2377,378,329,s,97,102.0,False,2004.25,2005.5
2378,485,405,s,97,101.0,False,2004.25,2005.25
2379,542,24,s,97,97.0,False,2004.25,2004.25
2380,620,596,s,97,111.0,False,2004.25,2007.75
2381,638,345,s,97,100.0,False,2004.25,2005.0
2382,50,337,s,97,98.0,False,2004.25,2004.5
2383,192,432,s,97,103.0,False,2004.25,2005.75
2384,245,274,s,97,107.0,False,2004.25,2006.75
2385,288,525,s,97,98.0,False,2004.25,2004.5
2386,316,110,s,97,100.0,False,2004.25,2005.0
2387,394,154,s,97,104.0,False,2004.25,2006.0
2388,411,445,s,97,98.0,False,2004.25,2004.5
2389,542,63,s,97,104.0,False,2004.25,2006.0
2390,558,536,s,97,99.0,False,2004.25,2004.75
2391,595,609,s,97,98.0,False,2004.25,2004.5
2392,791,3,s,97,101.0,False,2004.25,2005.25
2393,190,498,s,97,100.0,False,2004.25,2005.0
2394,203,503,s,97,102.0,False,2004.25,2005.5
2395,203,511,s,97,103.0,False,2004.25,2005.75
2396,302,596,s,97,107.0,False,2004.25,2006.75
2397,346,436,s,97,99.0,False,2004.25,2004.75
2398,367,524,s,97,100.0,False,2004.25,2005.0
2399,743,24,l,97,137.0,True,2004.25,2014.25
2400,50,437,l,97,173.0,True,2004.25,2023.25
2401,570,516,l,97,116.0,True,2004.25,2009.0
2402,285,345,s,98,100.0,False,2004.5,2005.0
2403,460,343,s,98,98.0,False,2004.5,2004.5
2404,482,55,s,98,99.0,False,2004.5,2004.75
2405,489,110,s,98,104.0,False,2004.5,2006.0
2406,502,154,s,98,99.0,False,2004.5,2004.75
2407,591,503,s,98,102.0,False,2004.5,2005.5
2408,637,399,s,98,99.0,False,2004.5,2004.75
2409,790,519,s,98,99.0,False,2004.5,2004.75
2410,167,247,s,98,100.0,False,2004.5,2005.0
2411,190,154,s,98,101.0,False,2004.5,2005.25
2412,288,80,s,98,105.0,False,2004.5,2006.25
2413,412,150,s,98,100.0,False,2004.5,2005.0
2414,460,581,s,98,102.0,False,2004.5,2005.5
2415,572,653,s,98,108.0,False,2004.5,2007.0
2416,656,789,s,98,106.0,False,2004.5,2006.5
2417,391,243,l,98,172.0,True,2004.5,2023.0
2418,493,224,l,98,184.0,True,2004.5,2026.0
2419,169,581,l,98,140.0,True,2004.5,2015.0
2420,9,274,s,99,106.0,False,2004.75,2006.5
2421,30,722,s,99,99.0,False,2004.75,2004.75
2422,50,741,s,99,100.0,False,2004.75,2005.0
2423,167,371,s,99,99.0,False,2004.75,2004.75
2424,213,583,s,99,105.0,False,2004.75,2006.25
2425,216,698,s,99,99.0,False,2004.75,2004.75
2426,315,55,s,99,100.0,False,2004.75,2005.0
2427,50,3,s,99,100.0,False,2004.75,2005.0
2428,88,134,s,99,110.0,False,2004.75,2007.5
2429,186,134,s,99,105.0,False,2004.75,2006.25
2430,541,574,s,99,99.0,False,2004.75,2004.75
2431,543,321,s,99,106.0,False,2004.75,2006.5
2432,11,697,s,99,134.0,False,2004.75,2013.5
2433,197,583,s,99,100.0,False,2004.75,2005.0
2434,340,296,s,99,101.0,False,2004.75,2005.25
2435,391,741,s,99,104.0,False,2004.75,2006.0
2436,678,351,s,99,108.0,False,2004.75,2007.0
2437,141,133,l,99,132.0,True,2004.75,2013.0
2438,381,405,l,99,102.0,True,2004.75,2005.5
2439,570,583,l,99,195.0,True,2004.75,2028.75
2440,153,437,s,100,102.0,False,2005.0,2005.5
2441,190,503,s,100,100.0,False,2005.0,2005.0
2442,325,80,s,100,105.0,False,2005.0,2006.25
2443,656,510,s,100,111.0,False,2005.0,2007.75
2444,753,16,s,100,102.0,False,2005.0,2005.5
2445,753,598,s,100,101.0,False,2005.0,2005.25
2446,26,247,s,100,106.0,False,2005.0,2006.5
2447,153,470,s,100,100.0,False,2005.0,2005.0
2448,159,598,s,100,102.0,False,2005.0,2005.5
2449,242,342,s,100,102.0,False,2005.0,2005.5
2450,336,40,s,100,108.0,False,2005.0,2007.0
2451,360,569,s,100,107.0,False,2005.0,2006.75
2452,378,520,s,100,103.0,False,2005.0,2005.75
2453,396,789,s,100,103.0,False,2005.0,2005.75
2454,406,432,s,100,104.0,False,2005.0,2006.0
2455,600,573,s,100,100.0,False,2005.0,2005.0
2456,648,343,s,100,104.0,False,2005.0,2006.0
2457,73,348,s,100,102.0,False,2005.0,2005.5
2458,242,289,s,100,101.0,False,2005.0,2005.25
2459,360,605,s,100,102.0,False,2005.0,2005.5
2460,412,510,s,100,109.0,False,2005.0,2007.25
2461,550,397,s,100,102.0,False,2005.0,2005.5
2462,578,698,s,100,106.0,False,2005.0,2006.5
2463,192,416,l,100,104.0,True,2005.0,2006.0
2464,544,230,l,100,112.0,True,2005.0,2008.0
2465,547,29,l,100,124.0,True,2005.0,2011.0
2466,570,503,l,100,198.0,True,2005.0,2029.5
2467,88,56,s,101,102.0,False,2005.25,2005.5
2468,242,115,s,101,102.0,False,2005.25,2005.5
2469,305,351,s,101,113.0,False,2005.25,2008.25
2470,352,436,s,101,107.0,False,2005.25,2006.75
2471,81,101,s,101,103.0,False,2005.25,2005.75
2472,195,445,s,101,106.0,False,2005.25,2006.5
2473,288,120,s,101,112.0,False,2005.25,2008.0
2474,330,569,s,101,109.0,False,2005.25,2007.25
2475,648,609,s,101,105.0,False,2005.25,2006.25
2476,678,598,s,101,104.0,False,2005.25,2006.0
2477,41,3,s,101,121.0,False,2005.25,2010.25
2478,205,418,s,101,102.0,False,2005.25,2005.5
2479,313,101,s,101,105.0,False,2005.25,2006.25
2480,350,379,s,101,117.0,False,2005.25,2009.25
2481,363,498,s,101,106.0,False,2005.25,2006.5
2482,422,154,s,101,103.0,False,2005.25,2005.75
2483,657,596,s,101,103.0,False,2005.25,2005.75
2484,753,283,s,101,111.0,False,2005.25,2007.75
2485,125,437,l,101,184.0,True,2005.25,2026.0
2486,64,321,l,101,116.0,True,2005.25,2009.0
2487,485,246,l,101,116.0,True,2005.25,2009.0
2488,90,95,l,101,116.0,True,2005.25,2009.0
2489,539,655,l,101,200.0,True,2005.25,2030.0
2490,0,211,s,102,102.0,False,2005.5,2005.5
2491,73,519,s,102,102.0,False,2005.5,2005.5
2492,161,389,s,102,105.0,False,2005.5,2006.25
2493,235,439,s,102,105.0,False,2005.5,2006.25
2494,362,236,s,102,105.0,False,2005.5,2006.25
2495,489,217,s,102,103.0,False,2005.5,2005.75
2496,489,272,s,102,104.0,False,2005.5,2006.0
2497,656,469,s,102,102.0,False,2005.5,2005.5
2498,50,517,s,102,107.0,False,2005.5,2006.75
2499,169,399,s,102,105.0,False,2005.5,2006.25
2500,358,510,s,102,104.0,False,2005.5,2006.0
2501,360,581,s,102,105.0,False,2005.5,2006.25
2502,362,437,s,102,111.0,False,2005.5,2007.75
2503,546,354,s,102,104.0,False,2005.5,2006.0
2504,87,345,s,102,104.0,False,2005.5,2006.0
2505,125,269,s,102,104.0,False,2005.5,2006.0
2506,172,511,s,102,115.0,False,2005.5,2008.75
2507,290,63,s,102,103.0,False,2005.5,2005.75
2508,305,513,s,102,103.0,False,2005.5,2005.75
2509,358,440,s,102,104.0,False,2005.5,2006.0
2510,363,432,s,102,104.0,False,2005.5,2006.0
2511,200,518,l,102,127.0,True,2005.5,2011.75
2512,50,44,s,103,106.0,False,2005.75,2006.5
2513,66,459,s,103,104.0,False,2005.75,2006.0
2514,214,231,s,103,105.0,False,2005.75,2006.25
2515,290,440,s,103,104.0,False,2005.75,2006.0
2516,417,507,s,103,104.0,False,2005.75,2006.0
2517,433,436,s,103,112.0,False,2005.75,2008.0
2518,434,389,s,103,106.0,False,2005.75,2006.5
2519,161,236,s,103,103.0,False,2005.75,2005.75
2520,290,516,s,103,107.0,False,2005.75,2006.75
2521,360,457,s,103,104.0,False,2005.75,2006.0
2522,402,418,s,103,108.0,False,2005.75,2007.0
2523,543,457,s,103,107.0,False,2005.75,2006.75
2524,640,568,s,103,106.0,False,2005.75,2006.5
2525,656,247,s,103,106.0,False,2005.75,2006.5
2526,88,56,s,103,108.0,False,2005.75,2007.0
2527,159,510,s,103,110.0,False,2005.75,2007.5
2528,341,321,s,103,104.0,False,2005.75,2006.0
2529,346,771,s,103,113.0,False,2005.75,2008.25
2530,539,606,s,103,104.0,False,2005.75,2006.0
2531,544,61,s,103,105.0,False,2005.75,2006.25
2532,628,343,s,103,111.0,False,2005.75,2007.75
2533,577,247,l,103,153.0,True,2005.75,2018.25
2534,545,329,l,103,152.0,True,2005.75,2018.0
2535,0,208,s,104,105.0,False,2006.0,2006.25
2536,124,51,s,104,104.0,False,2006.0,2006.0
2537,192,175,s,104,105.0,False,2006.0,2006.25
2538,323,180,s,104,105.0,False,2006.0,2006.25
2539,363,132,s,104,105.0,False,2006.0,2006.25
2540,422,519,s,104,108.0,False,2006.0,2007.0
2541,493,234,s,104,121.0,False,2006.0,2010.25
2542,603,457,s,104,105.0,False,2006.0,2006.25
2543,666,635,s,104,118.0,False,2006.0,2009.5
2544,49,462,s,104,104.0,False,2006.0,2006.0
2545,73,486,s,104,105.0,False,2006.0,2006.25
2546,124,321,s,104,110.0,False,2006.0,2007.5
2547,287,515,s,104,104.0,False,2006.0,2006.0
2548,316,307,s,104,106.0,False,2006.0,2006.5
2549,396,371,s,104,106.0,False,2006.0,2006.5
2550,422,24,s,104,104.0,False,2006.0,2006.0
2551,481,154,s,104,107.0,False,2006.0,2006.75
2552,611,655,s,104,123.0,False,2006.0,2010.75
2553,266,387,s,104,106.0,False,2006.0,2006.5
2554,316,154,s,104,108.0,False,2006.0,2007.0
2555,316,196,s,104,108.0,False,2006.0,2007.0
2556,316,397,s,104,112.0,False,2006.0,2008.0
2557,357,598,s,104,106.0,False,2006.0,2006.5
2558,383,45,s,104,105.0,False,2006.0,2006.25
2559,396,432,s,104,108.0,False,2006.0,2007.0
2560,539,375,s,104,108.0,False,2006.0,2007.0
2561,632,69,s,104,106.0,False,2006.0,2006.5
2562,235,521,l,104,164.0,True,2006.0,2021.0
2563,245,497,l,104,148.0,True,2006.0,2017.0
2564,603,619,l,104,113.0,True,2006.0,2008.25
2565,60,399,l,104,145.0,True,2006.0,2016.25
2566,287,371,l,104,166.0,True,2006.0,2021.5
2567,169,198,s,105,106.0,False,2006.25,2006.5
2568,200,509,s,105,106.0,False,2006.25,2006.5
2569,311,154,s,105,107.0,False,2006.25,2006.75
2570,340,115,s,105,106.0,False,2006.25,2006.5
2571,340,418,s,105,105.0,False,2006.25,2006.25
2572,628,605,s,105,111.0,False,2006.25,2007.75
2573,637,818,s,105,107.0,False,2006.25,2006.75
2574,640,653,s,105,115.0,False,2006.25,2008.75
2575,41,397,s,105,115.0,False,2006.25,2008.75
2576,294,58,s,105,105.0,False,2006.25,2006.25
2577,346,437,s,105,115.0,False,2006.25,2008.75
2578,381,587,s,105,107.0,False,2006.25,2006.75
2579,396,569,s,105,110.0,False,2006.25,2007.5
2580,485,269,s,105,108.0,False,2006.25,2007.0
2581,546,217,s,105,108.0,False,2006.25,2007.0
2582,551,229,s,105,108.0,False,2006.25,2007.0
2583,572,609,s,105,106.0,False,2006.25,2006.5
2584,161,293,s,105,109.0,False,2006.25,2007.25
2585,203,507,s,105,118.0,False,2006.25,2009.5
2586,313,351,s,105,109.0,False,2006.25,2007.25
2587,358,432,s,105,109.0,False,2006.25,2007.25
2588,628,606,s,105,113.0,False,2006.25,2008.25
2589,190,272,l,105,108.0,True,2006.25,2007.0
2590,593,321,l,105,148.0,True,2006.25,2017.0
2591,49,520,s,106,114.0,False,2006.5,2008.5
2592,235,397,s,106,109.0,False,2006.5,2007.25
2593,320,293,s,106,107.0,False,2006.5,2006.75
2594,362,176,s,106,112.0,False,2006.5,2008.0
2595,493,321,s,106,115.0,False,2006.5,2008.75
2596,186,497,s,106,111.0,False,2006.5,2007.75
2597,285,343,s,106,108.0,False,2006.5,2007.0
2598,391,405,s,106,107.0,False,2006.5,2006.75
2599,502,180,s,106,108.0,False,2006.5,2007.0
2600,543,234,s,106,106.0,False,2006.5,2006.5
2601,544,63,s,106,114.0,False,2006.5,2008.5
2602,632,498,s,106,111.0,False,2006.5,2007.75
2603,287,284,s,106,107.0,False,2006.5,2006.75
2604,434,809,s,106,108.0,False,2006.5,2007.0
2605,539,498,s,106,111.0,False,2006.5,2007.75
2606,548,32,s,106,111.0,False,2006.5,2007.75
2607,677,641,s,106,115.0,False,2006.5,2008.75
2608,41,698,l,106,164.0,True,2006.5,2021.0
2609,422,516,l,106,145.0,True,2006.5,2016.25
2610,381,51,l,106,149.0,True,2006.5,2017.25
2611,191,351,l,106,107.0,True,2006.5,2006.75
2612,200,150,s,107,119.0,False,2006.75,2009.75
2613,213,525,s,107,110.0,False,2006.75,2007.5
2614,315,437,s,107,107.0,False,2006.75,2006.75
2615,341,596,s,107,109.0,False,2006.75,2007.25
2616,358,24,s,107,108.0,False,2006.75,2007.0
2617,378,498,s,107,110.0,False,2006.75,2007.5
2618,383,523,s,107,108.0,False,2006.75,2007.0
2619,640,641,s,107,109.0,False,2006.75,2007.25
2620,12,770,s,107,108.0,False,2006.75,2007.0
2621,30,321,s,107,109.0,False,2006.75,2007.25
2622,73,304,s,107,110.0,False,2006.75,2007.5
2623,287,208,s,107,112.0,False,2006.75,2008.0
2624,316,32,s,107,109.0,False,2006.75,2007.25
2625,316,470,s,107,109.0,False,2006.75,2007.25
2626,330,517,s,107,111.0,False,2006.75,2007.75
2627,340,274,s,107,114.0,False,2006.75,2008.5
2628,341,61,s,107,112.0,False,2006.75,2008.0
2629,391,338,s,107,108.0,False,2006.75,2007.0
2630,161,698,s,107,108.0,False,2006.75,2007.0
2631,322,789,s,107,113.0,False,2006.75,2008.25
2632,332,418,s,107,108.0,False,2006.75,2007.0
2633,357,818,s,107,108.0,False,2006.75,2007.0
2634,381,211,s,107,110.0,False,2006.75,2007.5
2635,628,307,s,107,109.0,False,2006.75,2007.25
2636,57,274,l,107,130.0,True,2006.75,2012.5
2637,669,653,l,107,144.0,True,2006.75,2016.0
2638,11,371,l,107,127.0,True,2006.75,2011.75
2639,47,129,l,107,114.0,True,2006.75,2008.5
2640,65,54,s,108,116.0,False,2007.0,2009.0
2641,65,510,s,108,110.0,False,2007.0,2007.5
2642,81,722,s,108,126.0,False,2007.0,2011.5
2643,295,54,s,108,109.0,False,2007.0,2007.25
2644,417,498,s,108,110.0,False,2007.0,2007.5
2645,546,741,s,108,120.0,False,2007.0,2010.0
2646,577,198,s,108,110.0,False,2007.0,2007.5
2647,591,283,s,108,112.0,False,2007.0,2008.0
2648,677,16,s,108,111.0,False,2007.0,2007.75
2649,161,51,s,108,110.0,False,2007.0,2007.5
2650,340,77,s,108,110.0,False,2007.0,2007.5
2651,444,569,s,108,111.0,False,2007.0,2007.75
2652,548,236,s,108,108.0,False,2007.0,2007.0
2653,603,307,s,108,115.0,False,2007.0,2008.75
2654,643,605,s,108,109.0,False,2007.0,2007.25
2655,39,838,s,108,115.0,False,2007.0,2008.75
2656,603,596,s,108,111.0,False,2007.0,2007.75
2657,640,664,s,108,109.0,False,2007.0,2007.25
2658,295,196,l,108,,True,2007.0,
2659,336,453,l,108,155.0,True,2007.0,2018.75
2660,245,574,l,108,196.0,True,2007.0,2029.0
2661,302,405,l,108,119.0,True,2007.0,2009.75
2662,358,469,l,108,140.0,True,2007.0,2015.0
2663,53,510,s,109,120.0,False,2007.25,2010.0
2664,141,95,s,109,111.0,False,2007.25,2007.75
2665,161,498,s,109,111.0,False,2007.25,2007.75
2666,235,741,s,109,117.0,False,2007.25,2009.25
2667,290,514,s,109,112.0,False,2007.25,2008.0
2668,381,196,s,109,111.0,False,2007.25,2007.75
2669,412,69,s,109,116.0,False,2007.25,2009.0
2670,417,510,s,109,113.0,False,2007.25,2008.25
2671,542,587,s,109,109.0,False,2007.25,2007.25
2672,546,432,s,109,116.0,False,2007.25,2009.0
2673,643,606,s,109,112.0,False,2007.25,2008.0
2674,213,351,s,109,114.0,False,2007.25,2008.5
2675,294,239,s,109,120.0,False,2007.25,2010.0
2676,346,189,s,109,117.0,False,2007.25,2009.25
2677,406,399,s,109,111.0,False,2007.25,2007.75
2678,422,189,s,109,112.0,False,2007.25,2008.0
2679,791,528,s,109,120.0,False,2007.25,2010.0
2680,60,63,s,109,110.0,False,2007.25,2007.5
2681,261,416,s,109,113.0,False,2007.25,2008.25
2682,644,618,s,109,111.0,False,2007.25,2007.75
2683,657,150,s,109,115.0,False,2007.25,2008.75
2684,657,605,s,109,115.0,False,2007.25,2008.75
2685,167,24,l,109,122.0,True,2007.25,2010.5
2686,548,222,l,109,135.0,True,2007.25,2013.75
2687,245,416,l,109,116.0,True,2007.25,2009.0
2688,49,293,s,110,111.0,False,2007.5,2007.75
2689,60,132,s,110,120.0,False,2007.5,2010.0
2690,294,130,s,110,113.0,False,2007.5,2008.25
2691,547,269,s,110,111.0,False,2007.5,2007.75
2692,571,274,s,110,112.0,False,2007.5,2008.0
2693,34,606,s,110,111.0,False,2007.5,2007.75
2694,65,176,s,110,120.0,False,2007.5,2010.0
2695,73,519,s,110,114.0,False,2007.5,2008.5
2696,213,321,s,110,111.0,False,2007.5,2007.75
2697,316,63,s,110,116.0,False,2007.5,2009.0
2698,363,15,s,110,116.0,False,2007.5,2009.0
2699,455,609,s,110,112.0,False,2007.5,2008.0
2700,542,77,s,110,110.0,False,2007.5,2007.5
2701,547,486,s,110,115.0,False,2007.5,2008.75
2702,678,619,s,110,116.0,False,2007.5,2009.0
2703,34,639,s,110,113.0,False,2007.5,2008.25
2704,315,581,s,110,114.0,False,2007.5,2008.5
2705,772,58,s,110,114.0,False,2007.5,2008.5
2706,435,525,l,110,141.0,True,2007.5,2015.25
2707,484,618,l,110,116.0,True,2007.5,2009.0
2708,358,399,s,111,117.0,False,2007.75,2009.25
2709,360,503,s,111,114.0,False,2007.75,2008.5
2710,444,635,s,111,114.0,False,2007.75,2008.5
2711,616,606,s,111,112.0,False,2007.75,2008.0
2712,658,789,s,111,116.0,False,2007.75,2009.0
2713,666,82,s,111,111.0,False,2007.75,2007.75
2714,34,655,s,111,114.0,False,2007.75,2008.5
2715,290,217,s,111,120.0,False,2007.75,2010.0
2716,320,69,s,111,112.0,False,2007.75,2008.0
2717,330,154,s,111,113.0,False,2007.75,2008.25
2718,358,519,s,111,113.0,False,2007.75,2008.25
2719,367,425,s,111,112.0,False,2007.75,2008.0
2720,381,176,s,111,112.0,False,2007.75,2008.0
2721,542,247,s,111,113.0,False,2007.75,2008.25
2722,616,154,s,111,114.0,False,2007.75,2008.5
2723,683,510,s,111,111.0,False,2007.75,2007.75
2724,743,686,s,111,114.0,False,2007.75,2008.5
2725,290,224,s,111,112.0,False,2007.75,2008.0
2726,302,40,s,111,114.0,False,2007.75,2008.5
2727,422,789,s,111,127.0,False,2007.75,2011.75
2728,548,722,s,111,117.0,False,2007.75,2009.25
2729,577,515,l,111,112.0,True,2007.75,2008.0
2730,0,523,l,111,134.0,True,2007.75,2013.5
2731,203,375,l,111,,True,2007.75,
2732,543,284,l,111,117.0,True,2007.75,2009.25
2733,312,818,l,111,132.0,True,2007.75,2013.0
2734,205,418,s,112,114.0,False,2008.0,2008.5
2735,502,505,s,112,129.0,False,2008.0,2012.25
2736,547,115,s,112,114.0,False,2008.0,2008.5
2737,648,627,s,112,121.0,False,2008.0,2010.25
2738,36,353,s,112,118.0,False,2008.0,2009.5
2739,205,789,s,112,115.0,False,2008.0,2008.75
2740,294,58,s,112,116.0,False,2008.0,2009.0
2741,302,304,s,112,113.0,False,2008.0,2008.25
2742,378,517,s,112,113.0,False,2008.0,2008.25
2743,651,664,s,112,115.0,False,2008.0,2008.75
2744,0,80,s,112,116.0,False,2008.0,2009.0
2745,53,24,s,112,113.0,False,2008.0,2008.25
2746,391,397,s,112,114.0,False,2008.0,2008.5
2747,482,345,s,112,119.0,False,2008.0,2009.75
2748,542,309,s,112,113.0,False,2008.0,2008.25
2749,611,154,s,112,114.0,False,2008.0,2008.5
2750,637,647,s,112,117.0,False,2008.0,2009.25
2751,753,198,s,112,125.0,False,2008.0,2011.25
2752,153,353,l,112,124.0,True,2008.0,2011.0
2753,396,236,l,112,150.0,True,2008.0,2017.5
2754,12,519,s,113,116.0,False,2008.25,2009.0
2755,161,176,s,113,115.0,False,2008.25,2008.75
2756,200,498,s,113,121.0,False,2008.25,2010.25
2757,245,274,s,113,113.0,False,2008.25,2008.25
2758,285,641,s,113,125.0,False,2008.25,2011.25
2759,291,293,s,113,115.0,False,2008.25,2008.75
2760,302,453,s,113,115.0,False,2008.25,2008.75
2761,362,437,s,113,115.0,False,2008.25,2008.75
2762,381,32,s,113,115.0,False,2008.25,2008.75
2763,414,818,s,113,113.0,False,2008.25,2008.25
2764,444,196,s,113,116.0,False,2008.25,2009.0
2765,121,28,s,113,118.0,False,2008.25,2009.5
2766,161,342,s,113,115.0,False,2008.25,2008.75
2767,203,180,s,113,117.0,False,2008.25,2009.25
2768,285,789,s,113,117.0,False,2008.25,2009.25
2769,422,274,s,113,120.0,False,2008.25,2010.0
2770,669,647,s,113,114.0,False,2008.25,2008.5
2771,287,518,s,113,121.0,False,2008.25,2010.25
2772,367,771,s,113,116.0,False,2008.25,2009.0
2773,595,211,s,113,119.0,False,2008.25,2009.75
2774,684,609,s,113,114.0,False,2008.25,2008.5
2775,790,528,s,113,114.0,False,2008.25,2008.5
2776,303,63,l,113,217.0,True,2008.25,2034.25
2777,346,236,l,113,130.0,True,2008.25,2012.5
2778,34,647,s,114,118.0,False,2008.5,2009.5
2779,127,655,s,114,118.0,False,2008.5,2009.5
2780,200,789,s,114,120.0,False,2008.5,2010.0
2781,543,518,s,114,115.0,False,2008.5,2008.75
2782,544,453,s,114,114.0,False,2008.5,2008.5
2783,546,58,s,114,116.0,False,2008.5,2009.0
2784,628,606,s,114,117.0,False,2008.5,2009.25
2785,644,581,s,114,115.0,False,2008.5,2008.75
2786,49,818,s,114,116.0,False,2008.5,2009.0
2787,50,741,s,114,117.0,False,2008.5,2009.25
2788,64,511,s,114,115.0,False,2008.5,2008.75
2789,73,246,s,114,116.0,False,2008.5,2009.0
2790,79,513,s,114,125.0,False,2008.5,2011.25
2791,341,180,s,114,117.0,False,2008.5,2009.25
2792,391,129,s,114,114.0,False,2008.5,2008.5
2793,391,339,s,114,115.0,False,2008.5,2008.75
2794,53,437,s,114,135.0,False,2008.5,2013.75
2795,81,510,s,114,119.0,False,2008.5,2009.75
2796,358,69,s,114,120.0,False,2008.5,2010.0
2797,391,269,s,114,119.0,False,2008.5,2009.75
2798,396,95,s,114,116.0,False,2008.5,2009.0
2799,411,432,s,114,120.0,False,2008.5,2010.0
2800,434,439,s,114,129.0,False,2008.5,2012.25
2801,482,647,s,114,116.0,False,2008.5,2009.0
2802,543,516,s,114,115.0,False,2008.5,2008.75
2803,48,416,l,114,130.0,True,2008.5,2012.5
2804,316,40,l,114,168.0,True,2008.5,2022.0
2805,660,615,l,114,115.0,True,2008.5,2008.75
2806,87,234,s,115,120.0,False,2008.75,2010.0
2807,167,498,s,115,115.0,False,2008.75,2008.75
2808,455,418,s,115,115.0,False,2008.75,2008.75
2809,545,129,s,115,123.0,False,2008.75,2010.75
2810,585,583,s,115,132.0,False,2008.75,2013.0
2811,791,130,s,115,115.0,False,2008.75,2008.75
2812,53,655,s,115,117.0,False,2008.75,2009.25
2813,64,54,s,115,117.0,False,2008.75,2009.25
2814,157,284,s,115,116.0,False,2008.75,2009.0
2815,290,154,s,115,120.0,False,2008.75,2010.0
2816,336,510,s,115,120.0,False,2008.75,2010.0
2817,346,722,s,115,117.0,False,2008.75,2009.25
2818,628,647,s,115,115.0,False,2008.75,2008.75
2819,34,573,s,115,117.0,False,2008.75,2009.25
2820,183,154,s,115,117.0,False,2008.75,2009.25
2821,402,574,s,115,116.0,False,2008.75,2009.0
2822,665,146,s,115,126.0,False,2008.75,2011.5
2823,690,627,s,115,118.0,False,2008.75,2009.5
2824,701,641,s,115,121.0,False,2008.75,2010.25
2825,241,510,l,115,122.0,True,2008.75,2010.5
2826,542,432,l,115,188.0,True,2008.75,2027.0
2827,65,337,l,115,116.0,True,2008.75,2009.0
2828,482,247,l,115,237.0,True,2008.75,2039.25
2829,644,679,l,115,138.0,True,2008.75,2014.5
2830,167,345,s,116,116.0,False,2009.0,2009.0
2831,336,99,s,116,123.0,False,2009.0,2010.75
2832,352,170,s,116,122.0,False,2009.0,2010.5
2833,378,115,s,116,121.0,False,2009.0,2010.25
2834,411,523,s,116,128.0,False,2009.0,2012.0
2835,422,432,s,116,128.0,False,2009.0,2012.0
2836,545,515,s,116,119.0,False,2009.0,2009.75
2837,577,75,s,116,116.0,False,2009.0,2009.0
2838,161,439,s,116,117.0,False,2009.0,2009.25
2839,216,176,s,116,116.0,False,2009.0,2009.0
2840,294,498,s,116,117.0,False,2009.0,2009.25
2841,312,574,s,116,122.0,False,2009.0,2010.5
2842,323,606,s,116,122.0,False,2009.0,2010.5
2843,392,180,s,116,141.0,False,2009.0,2015.25
2844,455,509,s,116,117.0,False,2009.0,2009.25
2845,592,582,s,116,116.0,False,2009.0,2009.0
2846,48,80,s,116,120.0,False,2009.0,2010.0
2847,65,741,s,116,121.0,False,2009.0,2010.25
2848,141,437,s,116,127.0,False,2009.0,2011.75
2849,159,453,s,116,117.0,False,2009.0,2009.25
2850,545,278,s,116,118.0,False,2009.0,2009.5
2851,595,309,s,116,125.0,False,2009.0,2011.25
2852,141,293,l,116,132.0,True,2009.0,2013.0
2853,620,321,l,116,180.0,True,2009.0,2025.0
2854,330,196,l,116,,True,2009.0,
2855,266,437,s,117,120.0,False,2009.25,2010.0
2856,295,293,s,117,119.0,False,2009.25,2009.75
2857,302,55,s,117,120.0,False,2009.25,2010.0
2858,313,61,s,117,129.0,False,2009.25,2012.25
2859,378,389,s,117,134.0,False,2009.25,2013.5
2860,411,849,s,117,118.0,False,2009.25,2009.5
2861,434,272,s,117,124.0,False,2009.25,2011.0
2862,638,503,s,117,118.0,False,2009.25,2009.5
2863,88,134,s,117,118.0,False,2009.25,2009.5
2864,197,230,s,117,119.0,False,2009.25,2009.75
2865,216,40,s,117,118.0,False,2009.25,2009.5
2866,363,58,s,117,120.0,False,2009.25,2010.0
2867,572,309,s,117,117.0,False,2009.25,2009.25
2868,577,293,s,117,119.0,False,2009.25,2009.75
2869,666,647,s,117,121.0,False,2009.25,2010.25
2870,46,789,s,117,126.0,False,2009.25,2011.5
2871,47,453,s,117,121.0,False,2009.25,2010.25
2872,195,284,s,117,119.0,False,2009.25,2009.75
2873,197,423,s,117,118.0,False,2009.25,2009.5
2874,214,24,s,117,121.0,False,2009.25,2010.25
2875,312,255,s,117,118.0,False,2009.25,2009.5
2876,362,272,s,117,119.0,False,2009.25,2009.75
2877,662,655,s,117,123.0,False,2009.25,2010.75
2878,48,321,l,117,132.0,True,2009.25,2013.0
2879,656,574,l,117,150.0,True,2009.25,2017.5
2880,167,175,l,117,232.0,True,2009.25,2038.0
2881,261,507,l,117,164.0,True,2009.25,2021.0
2882,53,509,s,118,123.0,False,2009.5,2010.75
2883,135,849,s,118,121.0,False,2009.5,2010.25
2884,157,439,s,118,125.0,False,2009.5,2011.25
2885,161,697,s,118,121.0,False,2009.5,2010.25
2886,192,132,s,118,118.0,False,2009.5,2009.5
2887,197,515,s,118,118.0,False,2009.5,2009.5
2888,358,284,s,118,121.0,False,2009.5,2010.25
2889,363,269,s,118,120.0,False,2009.5,2010.0
2890,378,523,s,118,124.0,False,2009.5,2011.0
2891,547,486,s,118,120.0,False,2009.5,2010.0
2892,676,647,s,118,119.0,False,2009.5,2009.75
2893,690,717,s,118,124.0,False,2009.5,2011.0
2894,41,519,s,118,123.0,False,2009.5,2010.75
2895,316,486,s,118,120.0,False,2009.5,2010.0
2896,570,647,s,118,119.0,False,2009.5,2009.75
2897,572,375,s,118,125.0,False,2009.5,2011.25
2898,611,647,s,118,123.0,False,2009.5,2010.75
2899,644,146,s,118,120.0,False,2009.5,2010.0
2900,295,283,s,118,123.0,False,2009.5,2010.75
2901,363,133,s,118,129.0,False,2009.5,2012.25
2902,502,597,s,118,124.0,False,2009.5,2011.0
2903,607,345,s,118,124.0,False,2009.5,2011.0
2904,744,1,l,118,119.0,True,2009.5,2009.75
2905,394,510,l,118,137.0,True,2009.5,2014.25
2906,157,520,l,118,236.0,True,2009.5,2039.0
2907,200,82,s,119,122.0,False,2009.75,2010.5
2908,367,437,s,119,122.0,False,2009.75,2010.5
2909,411,132,s,119,123.0,False,2009.75,2010.75
2910,411,387,s,119,123.0,False,2009.75,2010.75
2911,607,641,s,119,120.0,False,2009.75,2010.0
2912,48,16,s,119,122.0,False,2009.75,2010.5
2913,141,498,s,119,120.0,False,2009.75,2010.0
2914,294,519,s,119,130.0,False,2009.75,2012.5
2915,341,515,s,119,126.0,False,2009.75,2011.5
2916,358,389,s,119,124.0,False,2009.75,2011.0
2917,412,339,s,119,122.0,False,2009.75,2010.5
2918,632,418,s,119,120.0,False,2009.75,2010.0
2919,662,685,s,119,121.0,False,2009.75,2010.25
2920,666,761,s,119,119.0,False,2009.75,2009.75
2921,677,568,s,119,130.0,False,2009.75,2012.5
2922,216,509,s,119,126.0,False,2009.75,2011.5
2923,262,255,s,119,122.0,False,2009.75,2010.5
2924,288,498,s,119,127.0,False,2009.75,2011.75
2925,290,272,s,119,121.0,False,2009.75,2010.25
2926,315,457,s,119,121.0,False,2009.75,2010.25
2927,340,115,s,119,121.0,False,2009.75,2010.25
2928,341,605,s,119,121.0,False,2009.75,2010.25
2929,391,296,s,119,120.0,False,2009.75,2010.0
2930,662,99,s,119,127.0,False,2009.75,2011.75
2931,190,470,l,119,120.0,True,2009.75,2010.0
2932,611,283,l,119,130.0,True,2009.75,2012.5
2933,141,189,l,119,132.0,True,2009.75,2013.0
2934,245,857,s,120,125.0,False,2010.0,2011.25
2935,381,170,s,120,120.0,False,2010.0,2010.0
2936,460,296,s,120,126.0,False,2010.0,2011.5
2937,600,609,s,120,128.0,False,2010.0,2012.0
2938,200,101,s,120,123.0,False,2010.0,2010.75
2939,235,866,s,120,122.0,False,2010.0,2010.5
2940,312,77,s,120,126.0,False,2010.0,2011.5
2941,391,439,s,120,134.0,False,2010.0,2013.5
2942,577,375,s,120,122.0,False,2010.0,2010.5
2943,665,296,s,120,126.0,False,2010.0,2011.5
2944,235,304,s,120,122.0,False,2010.0,2010.5
2945,435,175,s,120,123.0,False,2010.0,2010.75
2946,790,176,s,120,124.0,False,2010.0,2011.0
2947,195,80,l,120,124.0,True,2010.0,2011.0
2948,381,526,l,120,216.0,True,2010.0,2034.0
2949,30,101,s,121,122.0,False,2010.25,2010.5
2950,73,523,s,121,127.0,False,2010.25,2011.75
2951,367,371,s,121,128.0,False,2010.25,2012.0
2952,493,399,s,121,121.0,False,2010.25,2010.25
2953,591,154,s,121,122.0,False,2010.25,2010.5
2954,651,99,s,121,122.0,False,2010.25,2010.5
2955,678,618,s,121,121.0,False,2010.25,2010.25
2956,49,101,s,121,124.0,False,2010.25,2011.0
2957,50,523,s,121,123.0,False,2010.25,2010.75
2958,183,641,s,121,122.0,False,2010.25,2010.5
2959,547,51,s,121,127.0,False,2010.25,2011.75
2960,607,615,s,121,122.0,False,2010.25,2010.5
2961,617,789,s,121,122.0,False,2010.25,2010.5
2962,701,569,s,121,133.0,False,2010.25,2013.25
2963,869,82,s,121,127.0,False,2010.25,2011.75
2964,57,599,s,121,125.0,False,2010.25,2011.25
2965,81,272,s,121,128.0,False,2010.25,2012.0
2966,315,132,s,121,123.0,False,2010.25,2010.75
2967,466,498,s,121,123.0,False,2010.25,2010.75
2968,591,569,s,121,127.0,False,2010.25,2011.75
2969,617,309,s,121,122.0,False,2010.25,2010.5
2970,870,445,s,121,122.0,False,2010.25,2010.5
2971,392,243,l,121,175.0,True,2010.25,2023.75
2972,570,24,l,121,145.0,True,2010.25,2016.25
2973,600,309,l,121,188.0,True,2010.25,2027.0
2974,744,528,l,121,156.0,True,2010.25,2019.0
2975,197,387,l,121,,True,2010.25,
2976,548,40,l,121,200.0,True,2010.25,2030.0
2977,336,416,s,122,125.0,False,2010.5,2011.25
2978,435,115,s,122,123.0,False,2010.5,2010.75
2979,549,371,s,122,124.0,False,2010.5,2011.0
2980,657,636,s,122,123.0,False,2010.5,2010.75
2981,660,609,s,122,127.0,False,2010.5,2011.75
2982,53,457,s,122,127.0,False,2010.5,2011.75
2983,127,518,s,122,129.0,False,2010.5,2012.25
2984,186,115,s,122,123.0,False,2010.5,2010.75
2985,315,343,s,122,128.0,False,2010.5,2012.0
2986,378,32,s,122,128.0,False,2010.5,2012.0
2987,422,176,s,122,132.0,False,2010.5,2013.0
2988,595,615,s,122,124.0,False,2010.5,2011.0
2989,600,606,s,122,123.0,False,2010.5,2010.75
2990,620,24,s,122,122.0,False,2010.5,2010.5
2991,205,639,l,122,132.0,True,2010.5,2013.0
2992,67,510,l,122,135.0,True,2010.5,2013.75
2993,340,32,l,122,129.0,True,2010.5,2012.25
2994,65,509,s,123,125.0,False,2010.75,2011.25
2995,192,224,s,123,124.0,False,2010.75,2011.0
2996,261,597,s,123,124.0,False,2010.75,2011.0
2997,285,283,s,123,127.0,False,2010.75,2011.75
2998,295,619,s,123,125.0,False,2010.75,2011.25
2999,316,513,s,123,129.0,False,2010.75,2012.25
3000,325,515,s,123,123.0,False,2010.75,2010.75
3001,332,625,s,123,130.0,False,2010.75,2012.5
3002,600,247,s,123,126.0,False,2010.75,2011.5
3003,607,615,s,123,126.0,False,2010.75,2011.5
3004,612,247,s,123,126.0,False,2010.75,2011.5
3005,644,719,s,123,127.0,False,2010.75,2011.75
3006,869,645,s,123,127.0,False,2010.75,2011.75
3007,378,269,s,123,126.0,False,2010.75,2011.5
3008,593,55,s,123,125.0,False,2010.75,2011.25
3009,646,629,s,123,127.0,False,2010.75,2011.75
3010,651,647,s,123,124.0,False,2010.75,2011.0
3011,658,410,s,123,128.0,False,2010.75,2012.0
3012,46,516,s,123,127.0,False,2010.75,2011.75
3013,167,425,s,123,126.0,False,2010.75,2011.5
3014,190,432,s,123,124.0,False,2010.75,2011.0
3015,200,133,s,123,130.0,False,2010.75,2012.5
3016,200,432,s,123,125.0,False,2010.75,2011.25
3017,381,486,s,123,125.0,False,2010.75,2011.25
3018,549,405,s,123,124.0,False,2010.75,2011.0
3019,702,627,s,123,126.0,False,2010.75,2011.5
3020,544,741,l,123,,True,2010.75,
3021,127,453,l,123,138.0,True,2010.75,2014.5
3022,290,196,l,123,176.0,True,2010.75,2024.0
3023,412,503,l,123,129.0,True,2010.75,2012.25
3024,499,519,l,123,158.0,True,2010.75,2019.5
3025,235,498,s,124,125.0,False,2011.0,2011.25
3026,288,525,s,124,129.0,False,2011.0,2012.25
3027,414,568,s,124,134.0,False,2011.0,2013.5
3028,435,587,s,124,124.0,False,2011.0,2011.0
3029,690,583,s,124,131.0,False,2011.0,2012.75
3030,87,635,s,124,126.0,False,2011.0,2011.5
3031,172,647,s,124,126.0,False,2011.0,2011.5
3032,290,324,s,124,129.0,False,2011.0,2012.25
3033,541,818,s,124,125.0,False,2011.0,2011.25
3034,545,272,s,124,129.0,False,2011.0,2012.25
3035,677,685,s,124,126.0,False,2011.0,2011.5
3036,192,513,s,124,135.0,False,2011.0,2013.75
3037,266,175,s,124,125.0,False,2011.0,2011.25
3038,266,698,s,124,132.0,False,2011.0,2013.0
3039,302,324,s,124,129.0,False,2011.0,2012.25
3040,315,568,s,124,134.0,False,2011.0,2013.5
3041,325,32,s,124,126.0,False,2011.0,2011.5
3042,346,176,s,124,133.0,False,2011.0,2013.25
3043,450,284,s,124,127.0,False,2011.0,2011.75
3044,656,635,s,124,125.0,False,2011.0,2011.25
3045,690,737,s,124,128.0,False,2011.0,2012.0
3046,616,506,l,124,128.0,True,2011.0,2012.0
3047,214,596,l,124,168.0,True,2011.0,2022.0
3048,235,515,l,124,128.0,True,2011.0,2012.0
3049,544,15,l,124,142.0,True,2011.0,2015.5
3050,320,387,l,124,174.0,True,2011.0,2023.5
3051,191,598,s,125,129.0,False,2011.25,2012.25
3052,205,789,s,125,125.0,False,2011.25,2011.25
3053,313,196,s,125,126.0,False,2011.25,2011.5
3054,352,170,s,125,126.0,False,2011.25,2011.5
3055,381,249,s,125,129.0,False,2011.25,2012.25
3056,391,445,s,125,135.0,False,2011.25,2013.75
3057,414,410,s,125,125.0,False,2011.25,2011.25
3058,444,296,s,125,126.0,False,2011.25,2011.5
3059,678,24,s,125,129.0,False,2011.25,2012.25
3060,141,272,s,125,129.0,False,2011.25,2012.25
3061,200,655,s,125,126.0,False,2011.25,2011.5
3062,316,80,s,125,129.0,False,2011.25,2012.25
3063,341,24,s,125,129.0,False,2011.25,2012.25
3064,484,661,s,125,125.0,False,2011.25,2011.25
3065,489,304,s,125,130.0,False,2011.25,2012.5
3066,544,432,s,125,134.0,False,2011.25,2013.5
3067,547,520,s,125,133.0,False,2011.25,2013.25
3068,665,503,s,125,126.0,False,2011.25,2011.5
3069,46,498,s,125,129.0,False,2011.25,2012.25
3070,245,387,s,125,127.0,False,2011.25,2011.75
3071,363,371,s,125,127.0,False,2011.25,2011.75
3072,654,582,s,125,126.0,False,2011.25,2011.5
3073,669,596,s,125,133.0,False,2011.25,2013.25
3074,677,670,s,125,128.0,False,2011.25,2012.0
3075,730,596,s,125,128.0,False,2011.25,2012.0
3076,363,230,l,125,196.0,True,2011.25,2029.0
3077,381,339,l,125,156.0,True,2011.25,2019.0
3078,435,115,l,125,171.0,True,2011.25,2022.75
3079,657,154,l,125,134.0,True,2011.25,2013.5
3080,381,69,l,125,,True,2011.25,
3081,49,517,s,126,133.0,False,2011.5,2013.25
3082,50,809,s,126,136.0,False,2011.5,2014.0
3083,161,518,s,126,126.0,False,2011.5,2011.5
3084,169,154,s,126,127.0,False,2011.5,2011.75
3085,358,569,s,126,140.0,False,2011.5,2015.0
3086,550,176,s,126,129.0,False,2011.5,2012.25
3087,290,236,s,126,130.0,False,2011.5,2012.5
3088,378,523,s,126,126.0,False,2011.5,2011.5
3089,493,342,s,126,126.0,False,2011.5,2011.5
3090,660,321,s,126,131.0,False,2011.5,2012.75
3091,702,596,s,126,137.0,False,2011.5,2014.25
3092,9,517,s,126,133.0,False,2011.5,2013.25
3093,141,457,s,126,130.0,False,2011.5,2012.5
3094,216,517,s,126,131.0,False,2011.5,2012.75
3095,352,432,s,126,128.0,False,2011.5,2012.0
3096,411,58,s,126,134.0,False,2011.5,2013.5
3097,665,641,s,126,127.0,False,2011.5,2011.75
3098,869,77,s,126,133.0,False,2011.5,2013.25
3099,192,505,l,126,133.0,True,2011.5,2013.25
3100,48,132,l,126,,True,2011.5,
3101,64,255,l,126,167.0,True,2011.5,2021.75
3102,172,410,l,126,151.0,True,2011.5,2017.75
3103,444,789,l,126,144.0,True,2011.5,2016.0
3104,65,196,s,127,128.0,False,2011.75,2012.0
3105,482,309,s,127,128.0,False,2011.75,2012.0
3106,591,154,s,127,130.0,False,2011.75,2012.5
3107,648,596,s,127,131.0,False,2011.75,2012.75
3108,662,505,s,127,129.0,False,2011.75,2012.25
3109,870,328,s,127,129.0,False,2011.75,2012.25
3110,11,217,s,127,128.0,False,2011.75,2012.0
3111,336,510,s,127,128.0,False,2011.75,2012.0
3112,340,24,s,127,137.0,False,2011.75,2014.25
3113,363,328,s,127,128.0,False,2011.75,2012.0
3114,754,505,s,127,145.0,False,2011.75,2016.25
3115,204,789,s,127,131.0,False,2011.75,2012.75
3116,396,154,s,127,129.0,False,2011.75,2012.25
3117,547,293,s,127,131.0,False,2011.75,2012.75
3118,600,503,s,127,128.0,False,2011.75,2012.0
3119,651,650,s,127,134.0,False,2011.75,2013.5
3120,261,510,l,127,138.0,True,2011.75,2014.5
3121,49,371,l,127,138.0,True,2011.75,2014.5
3122,684,505,l,127,190.0,True,2011.75,2027.5
3123,316,445,l,127,,True,2011.75,
3124,47,655,s,128,130.0,False,2012.0,2012.5
3125,159,498,s,128,130.0,False,2012.0,2012.5
3126,186,497,s,128,129.0,False,2012.0,2012.25
3127,261,685,s,128,129.0,False,2012.0,2012.25
3128,363,170,s,128,133.0,False,2012.0,2013.25
3129,12,58,s,128,130.0,False,2012.0,2012.5
3130,358,513,s,128,129.0,False,2012.0,2012.25
3131,411,453,s,128,131.0,False,2012.0,2012.75
3132,481,80,s,128,133.0,False,2012.0,2013.25
3133,541,574,s,128,134.0,False,2012.0,2013.5
3134,640,132,s,128,128.0,False,2012.0,2012.0
3135,658,293,s,128,130.0,False,2012.0,2012.5
3136,720,629,s,128,130.0,False,2012.0,2012.5
3137,57,512,s,128,129.0,False,2012.0,2012.25
3138,315,293,s,128,132.0,False,2012.0,2013.0
3139,346,3,s,128,132.0,False,2012.0,2013.0
3140,444,641,s,128,131.0,False,2012.0,2012.75
3141,572,503,s,128,130.0,False,2012.0,2012.5
3142,632,635,s,128,129.0,False,2012.0,2012.25
3143,643,309,s,128,130.0,False,2012.0,2012.5
3144,161,328,l,128,156.0,True,2012.0,2019.0
3145,49,437,l,128,,True,2012.0,
3146,489,115,s,129,132.0,False,2012.25,2013.0
3147,678,345,s,129,130.0,False,2012.25,2012.5
3148,869,655,s,129,131.0,False,2012.25,2012.75
3149,285,453,s,129,130.0,False,2012.25,2012.5
3150,577,457,s,129,131.0,False,2012.25,2012.75
3151,600,789,s,129,135.0,False,2012.25,2013.75
3152,701,672,s,129,130.0,False,2012.25,2012.5
3153,287,439,s,129,130.0,False,2012.25,2012.5
3154,302,230,s,129,131.0,False,2012.25,2012.75
3155,322,653,s,129,136.0,False,2012.25,2014.0
3156,340,115,s,129,136.0,False,2012.25,2014.0
3157,391,498,s,129,136.0,False,2012.25,2014.0
3158,378,432,l,129,216.0,True,2012.25,2034.0
3159,305,503,l,129,,True,2012.25,
3160,548,58,s,130,133.0,False,2012.5,2013.25
3161,577,16,s,130,132.0,False,2012.5,2013.0
3162,612,630,s,130,136.0,False,2012.5,2014.0
3163,637,581,s,130,131.0,False,2012.5,2012.75
3164,690,582,s,130,134.0,False,2012.5,2013.5
3165,754,230,s,130,133.0,False,2012.5,2013.25
3166,30,176,s,130,134.0,False,2012.5,2013.5
3167,81,293,s,130,131.0,False,2012.5,2012.75
3168,242,28,s,130,137.0,False,2012.5,2014.25
3169,294,284,s,130,138.0,False,2012.5,2014.5
3170,357,321,s,130,135.0,False,2012.5,2013.75
3171,702,647,s,130,132.0,False,2012.5,2013.0
3172,30,486,s,130,136.0,False,2012.5,2014.0
3173,87,636,s,130,135.0,False,2012.5,2013.75
3174,183,343,s,130,131.0,False,2012.5,2012.75
3175,285,293,s,130,139.0,False,2012.5,2014.75
3176,315,573,s,130,132.0,False,2012.5,2013.0
3177,656,351,s,130,137.0,False,2012.5,2014.25
3178,315,345,l,130,192.0,True,2012.5,2028.0
3179,394,581,l,130,211.0,True,2012.5,2032.75
3180,651,629,l,130,139.0,True,2012.5,2014.75
3181,702,663,l,130,137.0,True,2012.5,2014.25
3182,443,307,s,131,134.0,False,2012.75,2013.5
3183,660,685,s,131,131.0,False,2012.75,2012.75
3184,48,345,s,131,131.0,False,2012.75,2012.75
3185,48,399,s,131,134.0,False,2012.75,2013.5
3186,159,82,s,131,137.0,False,2012.75,2014.25
3187,363,24,s,131,132.0,False,2012.75,2013.0
3188,391,371,s,131,131.0,False,2012.75,2012.75
3189,394,573,s,131,140.0,False,2012.75,2015.0
3190,406,328,s,131,138.0,False,2012.75,2014.5
3191,481,150,s,131,133.0,False,2012.75,2013.25
3192,681,650,s,131,134.0,False,2012.75,2013.5
3193,90,416,s,131,141.0,False,2012.75,2015.25
3194,352,342,s,131,133.0,False,2012.75,2013.25
3195,396,189,s,131,132.0,False,2012.75,2013.0
3196,539,509,s,131,143.0,False,2012.75,2015.75
3197,665,635,s,131,139.0,False,2012.75,2014.75
3198,680,709,s,131,137.0,False,2012.75,2014.25
3199,493,520,l,131,139.0,True,2012.75,2014.75
3200,341,635,s,132,153.0,False,2013.0,2018.25
3201,381,101,s,132,138.0,False,2013.0,2014.5
3202,493,518,s,132,137.0,False,2013.0,2014.25
3203,585,283,s,132,136.0,False,2013.0,2014.0
3204,683,625,s,132,134.0,False,2013.0,2013.5
3205,60,639,s,132,138.0,False,2013.0,2014.5
3206,81,439,s,132,135.0,False,2013.0,2013.75
3207,172,211,s,132,133.0,False,2013.0,2013.25
3208,213,418,s,132,138.0,False,2013.0,2014.5
3209,323,503,s,132,133.0,False,2013.0,2013.25
3210,357,399,s,132,133.0,False,2013.0,2013.25
3211,414,399,s,132,136.0,False,2013.0,2014.0
3212,444,598,s,132,136.0,False,2013.0,2014.0
3213,482,606,s,132,132.0,False,2013.0,2013.0
3214,620,609,s,132,141.0,False,2013.0,2015.25
3215,751,761,s,132,135.0,False,2013.0,2013.75
3216,67,247,s,132,135.0,False,2013.0,2013.75
3217,381,387,s,132,137.0,False,2013.0,2014.25
3218,392,247,s,132,136.0,False,2013.0,2014.0
3219,417,606,s,132,133.0,False,2013.0,2013.25
3220,427,639,s,132,133.0,False,2013.0,2013.25
3221,577,503,s,132,134.0,False,2013.0,2013.5
3222,200,211,l,132,164.0,True,2013.0,2021.0
3223,290,655,l,132,200.0,True,2013.0,2030.0
3224,295,629,l,132,212.0,True,2013.0,2033.0
3225,363,199,l,132,142.0,True,2013.0,2015.5
3226,422,698,l,132,139.0,True,2013.0,2014.75
3227,34,509,s,133,134.0,False,2013.25,2013.5
3228,127,231,s,133,137.0,False,2013.25,2014.25
3229,190,498,s,133,133.0,False,2013.25,2013.25
3230,287,486,s,133,135.0,False,2013.25,2013.75
3231,316,133,s,133,141.0,False,2013.25,2015.25
3232,412,154,s,133,135.0,False,2013.25,2013.75
3233,64,507,s,133,137.0,False,2013.25,2014.25
3234,325,519,s,133,135.0,False,2013.25,2013.75
3235,358,371,s,133,137.0,False,2013.25,2014.25
3236,544,133,s,133,138.0,False,2013.25,2014.5
3237,544,655,s,133,134.0,False,2013.25,2013.5
3238,677,653,s,133,136.0,False,2013.25,2014.0
3239,81,521,s,133,134.0,False,2013.25,2013.5
3240,241,132,s,133,141.0,False,2013.25,2015.25
3241,341,618,s,133,137.0,False,2013.25,2014.25
3242,499,101,s,133,140.0,False,2013.25,2015.0
3243,46,24,l,133,137.0,True,2013.25,2014.25
3244,242,809,l,133,145.0,True,2013.25,2016.25
3245,362,697,l,133,141.0,True,2013.25,2015.25
3246,261,645,l,133,,True,2013.25,
3247,411,418,l,133,185.0,True,2013.25,2026.25
3248,681,672,l,133,,True,2013.25,
3249,381,176,l,133,177.0,True,2013.25,2024.25
3250,620,641,l,133,139.0,True,2013.25,2014.75
3251,183,69,s,134,136.0,False,2013.5,2014.0
3252,197,63,s,134,134.0,False,2013.5,2013.5
3253,391,818,s,134,146.0,False,2013.5,2016.5
3254,620,410,s,134,136.0,False,2013.5,2014.0
3255,658,307,s,134,135.0,False,2013.5,2013.75
3256,706,670,s,134,137.0,False,2013.5,2014.25
3257,81,96,s,134,135.0,False,2013.5,2013.75
3258,302,230,s,134,137.0,False,2013.5,2014.25
3259,680,647,s,134,140.0,False,2013.5,2015.0
3260,46,582,s,134,137.0,False,2013.5,2014.25
3261,191,457,s,134,139.0,False,2013.5,2014.75
3262,315,509,s,134,137.0,False,2013.5,2014.25
3263,48,498,l,134,135.0,True,2013.5,2013.75
3264,81,132,l,134,192.0,True,2013.5,2028.0
3265,577,503,l,134,,True,2013.5,
3266,190,722,s,135,141.0,False,2013.75,2015.25
3267,197,101,s,135,140.0,False,2013.75,2015.0
3268,396,697,s,135,139.0,False,2013.75,2014.75
3269,411,375,s,135,137.0,False,2013.75,2014.25
3270,617,506,s,135,137.0,False,2013.75,2014.25
3271,666,693,s,135,146.0,False,2013.75,2016.5
3272,30,132,s,135,140.0,False,2013.75,2015.0
3273,48,521,s,135,136.0,False,2013.75,2014.0
3274,183,457,s,135,136.0,False,2013.75,2014.0
3275,325,224,s,135,138.0,False,2013.75,2014.5
3276,396,432,s,135,137.0,False,2013.75,2014.25
3277,412,503,s,135,136.0,False,2013.75,2014.0
3278,611,63,s,135,135.0,False,2013.75,2013.75
3279,702,735,s,135,140.0,False,2013.75,2015.0
3280,754,573,s,135,138.0,False,2013.75,2014.5
3281,81,437,s,135,137.0,False,2013.75,2014.25
3282,305,296,s,135,136.0,False,2013.75,2014.0
3283,577,24,s,135,136.0,False,2013.75,2014.0
3284,577,234,s,135,136.0,False,2013.75,2014.0
3285,730,198,s,135,138.0,False,2013.75,2014.5
3286,49,133,l,135,162.0,True,2013.75,2020.5
3287,81,129,l,135,153.0,True,2013.75,2018.25
3288,294,211,l,135,164.0,True,2013.75,2021.0
3289,336,198,l,135,135.0,True,2013.75,2013.75
3290,702,345,l,135,140.0,True,2013.75,2015.0
3291,312,789,l,135,218.0,True,2013.75,2034.5
3292,657,505,l,135,166.0,True,2013.75,2021.5
3293,0,470,s,136,140.0,False,2014.0,2015.0
3294,127,596,s,136,136.0,False,2014.0,2014.0
3295,169,321,s,136,138.0,False,2014.0,2014.5
3296,303,503,s,136,140.0,False,2014.0,2015.0
3297,320,469,s,136,137.0,False,2014.0,2014.25
3298,346,498,s,136,146.0,False,2014.0,2016.5
3299,358,236,s,136,140.0,False,2014.0,2015.0
3300,422,40,s,136,136.0,False,2014.0,2014.0
3301,577,399,s,136,141.0,False,2014.0,2015.25
3302,620,670,s,136,138.0,False,2014.0,2014.5
3303,666,735,s,136,140.0,False,2014.0,2015.0
3304,30,230,s,136,141.0,False,2014.0,2015.25
3305,113,247,s,136,142.0,False,2014.0,2015.5
3306,191,510,s,136,140.0,False,2014.0,2015.0
3307,242,51,s,136,140.0,False,2014.0,2015.0
3308,607,569,s,136,145.0,False,2014.0,2016.25
3309,617,668,s,136,143.0,False,2014.0,2015.75
3310,684,716,s,136,137.0,False,2014.0,2014.25
3311,30,498,s,136,142.0,False,2014.0,2015.5
3312,53,243,s,136,139.0,False,2014.0,2014.75
3313,65,80,s,136,137.0,False,2014.0,2014.25
3314,200,199,s,136,141.0,False,2014.0,2015.25
3315,290,866,s,136,142.0,False,2014.0,2015.5
3316,358,321,s,136,139.0,False,2014.0,2014.75
3317,363,176,s,136,138.0,False,2014.0,2014.5
3318,412,457,s,136,137.0,False,2014.0,2014.25
3319,444,818,s,136,137.0,False,2014.0,2014.25
3320,235,517,l,136,143.0,True,2014.0,2015.75
3321,482,605,l,136,225.0,True,2014.0,2036.25
3322,65,55,s,137,137.0,False,2014.25,2014.25
3323,81,432,s,137,138.0,False,2014.25,2014.5
3324,192,55,s,137,137.0,False,2014.25,2014.25
3325,315,133,s,137,143.0,False,2014.25,2015.75
3326,358,337,s,137,156.0,False,2014.25,2019.0
3327,412,653,s,137,139.0,False,2014.25,2014.75
3328,658,582,s,137,138.0,False,2014.25,2014.5
3329,707,647,s,137,138.0,False,2014.25,2014.5
3330,707,709,s,137,149.0,False,2014.25,2017.25
3331,266,16,s,137,144.0,False,2014.25,2016.0
3332,336,569,s,137,141.0,False,2014.25,2015.25
3333,577,40,s,137,139.0,False,2014.25,2014.75
3334,646,606,s,137,144.0,False,2014.25,2016.0
3335,730,596,s,137,144.0,False,2014.25,2016.0
3336,749,693,s,137,141.0,False,2014.25,2015.25
3337,422,518,l,137,202.0,True,2014.25,2030.5
3338,541,15,l,137,185.0,True,2014.25,2026.25
3339,577,605,l,137,210.0,True,2014.25,2032.5
3340,607,503,l,137,182.0,True,2014.25,2025.5
3341,736,581,l,137,168.0,True,2014.25,2022.0
3342,53,670,s,138,154.0,False,2014.5,2018.5
3343,482,652,s,138,141.0,False,2014.5,2015.25
3344,577,82,s,138,143.0,False,2014.5,2015.75
3345,706,717,s,138,143.0,False,2014.5,2015.75
3346,167,80,s,138,139.0,False,2014.5,2014.75
3347,381,520,s,138,140.0,False,2014.5,2015.0
3348,577,54,s,138,142.0,False,2014.5,2015.5
3349,577,655,s,138,150.0,False,2014.5,2017.5
3350,666,708,s,138,143.0,False,2014.5,2015.75
3351,690,598,s,138,145.0,False,2014.5,2016.25
3352,743,606,s,138,140.0,False,2014.5,2015.0
3353,57,818,s,138,139.0,False,2014.5,2014.75
3354,290,243,s,138,143.0,False,2014.5,2015.75
3355,323,469,s,138,139.0,False,2014.5,2014.75
3356,381,371,s,138,141.0,False,2014.5,2015.25
3357,422,515,s,138,161.0,False,2014.5,2020.25
3358,593,77,s,138,150.0,False,2014.5,2017.5
3359,724,629,s,138,139.0,False,2014.5,2014.75
3360,266,789,l,138,187.0,True,2014.5,2026.75
3361,704,307,l,138,215.0,True,2014.5,2033.75
3362,443,655,l,138,169.0,True,2014.5,2022.25
3363,591,655,l,138,184.0,True,2014.5,2026.0
3364,706,618,l,138,149.0,True,2014.5,2017.25
3365,172,789,s,139,140.0,False,2014.75,2015.0
3366,245,272,s,139,140.0,False,2014.75,2015.0
3367,295,132,s,139,147.0,False,2014.75,2016.75
3368,358,175,s,139,157.0,False,2014.75,2019.25
3369,541,710,s,139,144.0,False,2014.75,2016.0
3370,543,498,s,139,148.0,False,2014.75,2017.0
3371,30,581,s,139,143.0,False,2014.75,2015.75
3372,65,878,s,139,140.0,False,2014.75,2015.0
3373,190,498,s,139,141.0,False,2014.75,2015.25
3374,316,866,s,139,141.0,False,2014.75,2015.25
3375,617,581,s,139,147.0,False,2014.75,2016.75
3376,662,717,s,139,144.0,False,2014.75,2016.0
3377,9,134,s,139,143.0,False,2014.75,2015.75
3378,302,437,s,139,144.0,False,2014.75,2016.0
3379,336,399,s,139,145.0,False,2014.75,2016.25
3380,340,445,s,139,140.0,False,2014.75,2015.0
3381,341,509,s,139,140.0,False,2014.75,2015.0
3382,367,517,s,139,147.0,False,2014.75,2016.75
3383,482,24,s,139,143.0,False,2014.75,2015.75
3384,669,581,s,139,142.0,False,2014.75,2015.5
3385,706,737,s,139,142.0,False,2014.75,2015.5
3386,65,343,l,139,146.0,True,2014.75,2016.5
3387,666,655,l,139,179.0,True,2014.75,2024.75
3388,702,737,l,139,215.0,True,2014.75,2033.75
3389,646,505,l,139,240.0,True,2014.75,2040.0
3390,81,371,s,140,141.0,False,2015.0,2015.25
3391,378,521,s,140,147.0,False,2015.0,2016.75
3392,481,453,s,140,142.0,False,2015.0,2015.5
3393,632,647,s,140,146.0,False,2015.0,2016.5
3394,666,255,s,140,143.0,False,2015.0,2015.75
3395,724,727,s,140,143.0,False,2015.0,2015.75
3396,754,24,s,140,147.0,False,2015.0,2016.75
3397,790,80,s,140,141.0,False,2015.0,2015.25
3398,870,284,s,140,144.0,False,2015.0,2016.0
3399,124,54,s,140,141.0,False,2015.0,2015.25
3400,315,24,s,140,142.0,False,2015.0,2015.5
3401,504,652,s,140,142.0,False,2015.0,2015.5
3402,547,432,s,140,147.0,False,2015.0,2016.75
3403,764,693,s,140,141.0,False,2015.0,2015.25
3404,897,878,s,140,142.0,False,2015.0,2015.5
3405,9,63,s,140,158.0,False,2015.0,2019.5
3406,203,568,s,140,147.0,False,2015.0,2016.75
3407,312,15,s,140,141.0,False,2015.0,2015.25
3408,316,486,s,140,141.0,False,2015.0,2015.25
3409,358,517,s,140,144.0,False,2015.0,2016.0
3410,363,741,s,140,143.0,False,2015.0,2015.75
3411,396,230,s,140,143.0,False,2015.0,2015.75
3412,455,387,s,140,145.0,False,2015.0,2016.25
3413,542,915,s,140,142.0,False,2015.0,2015.5
3414,751,719,s,140,141.0,False,2015.0,2015.25
3415,751,757,s,140,149.0,False,2015.0,2017.25
3416,316,296,l,140,180.0,True,2015.0,2025.0
3417,749,647,l,140,176.0,True,2015.0,2024.0
3418,870,189,l,140,208.0,True,2015.0,2032.0
3419,60,655,s,141,148.0,False,2015.25,2017.0
3420,545,416,s,141,148.0,False,2015.25,2017.0
3421,720,691,s,141,144.0,False,2015.25,2016.0
3422,30,82,s,141,144.0,False,2015.25,2016.0
3423,285,664,s,141,142.0,False,2015.25,2015.5
3424,547,321,s,141,148.0,False,2015.25,2017.0
3425,637,596,s,141,146.0,False,2015.25,2016.5
3426,657,16,s,141,146.0,False,2015.25,2016.5
3427,680,16,s,141,145.0,False,2015.25,2016.25
3428,706,695,s,141,151.0,False,2015.25,2017.75
3429,720,710,s,141,146.0,False,2015.25,2016.5
3430,720,726,s,141,153.0,False,2015.25,2018.25
3431,57,599,s,141,150.0,False,2015.25,2017.5
3432,81,224,s,141,144.0,False,2015.25,2016.0
3433,157,526,s,141,158.0,False,2015.25,2019.5
3434,192,432,s,141,142.0,False,2015.25,2015.5
3435,383,56,s,141,142.0,False,2015.25,2015.5
3436,482,509,s,141,142.0,False,2015.25,2015.5
3437,591,615,s,141,143.0,False,2015.25,2015.75
3438,656,503,s,141,142.0,False,2015.25,2015.5
3439,678,606,s,141,143.0,False,2015.25,2015.75
3440,65,324,l,141,195.0,True,2015.25,2028.75
3441,200,498,l,141,,True,2015.25,
3442,577,818,l,141,,True,2015.25,
3443,190,339,s,142,143.0,False,2015.5,2015.75
3444,200,321,s,142,148.0,False,2015.5,2017.0
3445,315,515,s,142,144.0,False,2015.5,2016.0
3446,358,133,s,142,156.0,False,2015.5,2019.0
3447,577,343,s,142,150.0,False,2015.5,2017.5
3448,593,387,s,142,143.0,False,2015.5,2015.75
3449,620,670,s,142,142.0,False,2015.5,2015.5
3450,680,506,s,142,148.0,False,2015.5,2017.0
3451,681,343,s,142,143.0,False,2015.5,2015.75
3452,0,905,s,142,146.0,False,2015.5,2016.5
3453,30,198,s,142,148.0,False,2015.5,2017.0
3454,341,655,s,142,143.0,False,2015.5,2015.75
3455,381,129,s,142,144.0,False,2015.5,2016.0
3456,607,24,s,142,146.0,False,2015.5,2016.5
3457,200,324,s,142,144.0,False,2015.5,2016.0
3458,302,375,s,142,144.0,False,2015.5,2016.0
3459,543,503,s,142,145.0,False,2015.5,2016.25
3460,683,691,l,142,188.0,True,2015.5,2027.0
3461,65,54,s,143,146.0,False,2015.75,2016.5
3462,656,789,s,143,145.0,False,2015.75,2016.25
3463,48,329,s,143,144.0,False,2015.75,2016.0
3464,363,722,s,143,143.0,False,2015.75,2015.75
3465,547,486,s,143,144.0,False,2015.75,2016.0
3466,593,16,s,143,147.0,False,2015.75,2016.75
3467,593,598,s,143,153.0,False,2015.75,2018.25
3468,869,198,s,143,151.0,False,2015.75,2017.75
3469,65,154,s,143,145.0,False,2015.75,2016.25
3470,65,524,s,143,144.0,False,2015.75,2016.0
3471,341,505,s,143,156.0,False,2015.75,2019.0
3472,352,284,s,143,151.0,False,2015.75,2017.75
3473,394,606,s,143,147.0,False,2015.75,2016.75
3474,481,525,s,143,148.0,False,2015.75,2017.0
3475,704,686,s,143,155.0,False,2015.75,2018.75
3476,763,686,s,143,150.0,False,2015.75,2017.5
3477,161,437,l,143,156.0,True,2015.75,2019.0
3478,242,253,l,143,156.0,True,2015.75,2019.0
3479,643,641,l,143,199.0,True,2015.75,2029.75
3480,504,309,l,143,178.0,True,2015.75,2024.5
3481,702,672,l,143,167.0,True,2015.75,2021.75
3482,127,432,s,144,145.0,False,2016.0,2016.25
3483,341,69,s,144,144.0,False,2016.0,2016.0
3484,341,514,s,144,145.0,False,2016.0,2016.25
3485,502,717,s,144,144.0,False,2016.0,2016.0
3486,657,82,s,144,146.0,False,2016.0,2016.5
3487,680,568,s,144,165.0,False,2016.0,2021.25
3488,870,329,s,144,151.0,False,2016.0,2017.75
3489,931,639,s,144,151.0,False,2016.0,2017.75
3490,90,399,s,144,145.0,False,2016.0,2016.25
3491,585,672,s,144,145.0,False,2016.0,2016.25
3492,759,737,s,144,146.0,False,2016.0,2016.5
3493,931,636,s,144,144.0,False,2016.0,2016.0
3494,81,917,s,144,145.0,False,2016.0,2016.25
3495,167,324,s,144,145.0,False,2016.0,2016.25
3496,358,503,s,144,145.0,False,2016.0,2016.25
3497,545,521,s,144,148.0,False,2016.0,2017.0
3498,654,636,s,144,155.0,False,2016.0,2018.75
3499,684,597,s,144,145.0,False,2016.0,2016.25
3500,720,655,s,144,146.0,False,2016.0,2016.5
3501,266,399,l,144,228.0,True,2016.0,2037.0
3502,60,511,l,144,185.0,True,2016.0,2026.25
3503,480,718,l,144,178.0,True,2016.0,2024.5
3504,656,685,l,144,161.0,True,2016.0,2020.25
3505,729,757,l,144,205.0,True,2016.0,2031.25
3506,65,321,s,145,150.0,False,2016.25,2017.5
3507,340,77,s,145,146.0,False,2016.25,2016.5
3508,593,917,s,145,145.0,False,2016.25,2016.25
3509,637,618,s,145,145.0,False,2016.25,2016.25
3510,651,652,s,145,146.0,False,2016.25,2016.5
3511,706,661,s,145,146.0,False,2016.25,2016.5
3512,35,130,s,145,148.0,False,2016.25,2017.0
3513,245,517,s,145,150.0,False,2016.25,2017.5
3514,305,513,s,145,152.0,False,2016.25,2018.0
3515,450,24,s,145,148.0,False,2016.25,2017.0
3516,540,655,s,145,147.0,False,2016.25,2016.75
3517,620,605,s,145,146.0,False,2016.25,2016.5
3518,752,716,s,145,152.0,False,2016.25,2018.0
3519,48,339,s,145,148.0,False,2016.25,2017.0
3520,57,283,s,145,146.0,False,2016.25,2016.5
3521,57,513,s,145,146.0,False,2016.25,2016.5
3522,157,528,s,145,146.0,False,2016.25,2016.5
3523,312,583,s,145,151.0,False,2016.25,2017.75
3524,330,321,s,145,150.0,False,2016.25,2017.5
3525,620,598,l,145,223.0,True,2016.25,2035.75
3526,683,727,l,145,,True,2016.25,
3527,701,718,l,145,172.0,True,2016.25,2023.0
3528,213,514,l,145,220.0,True,2016.25,2035.0
3529,46,16,l,145,204.0,True,2016.25,2031.0
3530,312,691,l,145,201.0,True,2016.25,2030.25
3531,34,629,s,146,147.0,False,2016.5,2016.75
3532,406,69,s,146,155.0,False,2016.5,2018.75
3533,406,304,s,146,148.0,False,2016.5,2017.0
3534,411,513,s,146,151.0,False,2016.5,2017.75
3535,651,647,s,146,147.0,False,2016.5,2016.75
3536,684,618,s,146,157.0,False,2016.5,2019.25
3537,167,915,s,146,162.0,False,2016.5,2020.5
3538,305,457,s,146,147.0,False,2016.5,2016.75
3539,367,518,s,146,149.0,False,2016.5,2017.25
3540,616,99,s,146,153.0,False,2016.5,2018.25
3541,680,750,s,146,147.0,False,2016.5,2016.75
3542,707,716,s,146,158.0,False,2016.5,2019.5
3543,897,189,s,146,153.0,False,2016.5,2018.25
3544,48,789,s,146,149.0,False,2016.5,2017.25
3545,90,132,s,146,147.0,False,2016.5,2016.75
3546,242,170,s,146,154.0,False,2016.5,2018.5
3547,381,878,s,146,147.0,False,2016.5,2016.75
3548,402,418,s,146,152.0,False,2016.5,2018.0
3549,443,719,s,146,150.0,False,2016.5,2017.5
3550,611,618,s,146,149.0,False,2016.5,2017.25
3551,701,569,s,146,147.0,False,2016.5,2016.75
3552,889,506,s,146,155.0,False,2016.5,2018.75
3553,203,351,l,146,183.0,True,2016.5,2025.75
3554,676,710,l,146,180.0,True,2016.5,2025.0
3555,49,517,s,147,148.0,False,2016.75,2017.0
3556,79,345,s,147,156.0,False,2016.75,2019.0
3557,127,697,s,147,148.0,False,2016.75,2017.0
3558,197,503,s,147,150.0,False,2016.75,2017.5
3559,242,439,s,147,148.0,False,2016.75,2017.0
3560,261,629,s,147,150.0,False,2016.75,2017.5
3561,320,32,s,147,158.0,False,2016.75,2019.5
3562,681,929,s,147,148.0,False,2016.75,2017.0
3563,736,582,s,147,147.0,False,2016.75,2016.75
3564,57,351,s,147,147.0,False,2016.75,2016.75
3565,161,129,s,147,148.0,False,2016.75,2017.0
3566,288,236,s,147,147.0,False,2016.75,2016.75
3567,544,629,s,147,153.0,False,2016.75,2018.25
3568,577,309,s,147,148.0,False,2016.75,2017.0
3569,603,596,s,147,151.0,False,2016.75,2017.75
3570,680,685,s,147,148.0,False,2016.75,2017.0
3571,683,568,s,147,150.0,False,2016.75,2017.5
3572,701,618,s,147,149.0,False,2016.75,2017.25
3573,729,618,s,147,152.0,False,2016.75,2018.0
3574,197,345,s,147,151.0,False,2016.75,2017.75
3575,261,309,s,147,154.0,False,2016.75,2018.5
3576,287,437,s,147,153.0,False,2016.75,2018.25
3577,341,630,s,147,150.0,False,2016.75,2017.5
3578,346,697,s,147,153.0,False,2016.75,2018.25
3579,362,698,s,147,149.0,False,2016.75,2017.25
3580,341,509,l,147,192.0,True,2016.75,2028.0
3581,680,773,l,147,163.0,True,2016.75,2020.75
3582,183,63,l,147,193.0,True,2016.75,2028.25
3583,701,914,l,147,212.0,True,2016.75,2033.0
3584,113,176,s,148,152.0,False,2017.0,2018.0
3585,161,389,s,148,149.0,False,2017.0,2017.25
3586,285,647,s,148,149.0,False,2017.0,2017.25
3587,290,293,s,148,163.0,False,2017.0,2020.75
3588,396,389,s,148,155.0,False,2017.0,2018.75
3589,493,236,s,148,148.0,False,2017.0,2017.0
3590,752,696,s,148,149.0,False,2017.0,2017.25
3591,785,750,s,148,148.0,False,2017.0,2017.0
3592,897,437,s,148,149.0,False,2017.0,2017.25
3593,169,510,s,148,167.0,False,2017.0,2021.75
3594,320,569,s,148,155.0,False,2017.0,2018.75
3595,358,399,s,148,149.0,False,2017.0,2017.25
3596,600,606,s,148,152.0,False,2017.0,2018.0
3597,632,606,s,148,150.0,False,2017.0,2017.5
3598,683,789,s,148,151.0,False,2017.0,2017.75
3599,777,645,s,148,152.0,False,2017.0,2018.0
3600,183,569,s,148,150.0,False,2017.0,2017.5
3601,261,568,s,148,160.0,False,2017.0,2020.0
3602,312,726,s,148,151.0,False,2017.0,2017.75
3603,383,56,s,148,153.0,False,2017.0,2018.25
3604,414,573,s,148,162.0,False,2017.0,2020.5
3605,540,627,s,148,164.0,False,2017.0,2021.0
3606,547,51,s,148,154.0,False,2017.0,2018.5
3607,340,515,l,148,,True,2017.0,
3608,651,641,l,148,201.0,True,2017.0,2030.25
3609,660,605,l,148,152.0,True,2017.0,2018.0
3610,49,655,s,149,150.0,False,2017.25,2017.5
3611,167,24,s,149,153.0,False,2017.25,2018.25
3612,167,222,s,149,153.0,False,2017.25,2018.25
3613,203,236,s,149,160.0,False,2017.25,2020.0
3614,325,389,s,149,150.0,False,2017.25,2017.5
3615,336,345,s,149,165.0,False,2017.25,2021.25
3616,406,211,s,149,153.0,False,2017.25,2018.25
3617,481,175,s,149,149.0,False,2017.25,2017.25
3618,541,574,s,149,153.0,False,2017.25,2018.25
3619,646,618,s,149,149.0,False,2017.25,2017.25
3620,678,655,s,149,150.0,False,2017.25,2017.5
3621,683,735,s,149,152.0,False,2017.25,2018.0
3622,720,710,s,149,149.0,False,2017.25,2017.25
3623,41,40,s,149,151.0,False,2017.25,2017.75
3624,49,54,s,149,149.0,False,2017.25,2017.25
3625,81,217,s,149,150.0,False,2017.25,2017.5
3626,167,498,s,149,154.0,False,2017.25,2018.5
3627,261,211,s,149,164.0,False,2017.25,2021.0
3628,266,915,s,149,153.0,False,2017.25,2018.25
3629,285,510,s,149,151.0,False,2017.25,2017.75
3630,290,389,s,149,156.0,False,2017.25,2019.0
3631,542,198,s,149,151.0,False,2017.25,2017.75
3632,683,652,s,149,151.0,False,2017.25,2017.75
3633,707,615,s,149,153.0,False,2017.25,2018.25
3634,751,606,s,149,183.0,False,2017.25,2025.75
3635,12,100,s,149,150.0,False,2017.25,2017.5
3636,47,582,s,149,152.0,False,2017.25,2018.0
3637,323,511,s,149,154.0,False,2017.25,2018.5
3638,341,573,s,149,156.0,False,2017.25,2019.0
3639,481,423,s,149,151.0,False,2017.25,2017.75
3640,651,818,s,149,152.0,False,2017.25,2018.0
3641,736,695,s,149,153.0,False,2017.25,2018.25
3642,290,453,l,149,207.0,True,2017.25,2031.75
3643,660,652,l,149,159.0,True,2017.25,2019.75
3644,161,249,s,150,156.0,False,2017.5,2019.0
3645,320,198,s,150,150.0,False,2017.5,2017.5
3646,341,196,s,150,154.0,False,2017.5,2018.5
3647,362,162,s,150,156.0,False,2017.5,2019.0
3648,543,321,s,150,151.0,False,2017.5,2017.75
3649,48,423,s,150,150.0,False,2017.5,2017.5
3650,169,445,s,150,152.0,False,2017.5,2018.0
3651,191,655,s,150,151.0,False,2017.5,2017.75
3652,312,274,s,150,152.0,False,2017.5,2018.0
3653,316,224,s,150,154.0,False,2017.5,2018.5
3654,381,514,s,150,157.0,False,2017.5,2019.25
3655,396,519,s,150,152.0,False,2017.5,2018.0
3656,720,691,s,150,159.0,False,2017.5,2019.75
3657,725,672,s,150,154.0,False,2017.5,2018.5
3658,729,788,s,150,155.0,False,2017.5,2018.75
3659,942,615,s,150,151.0,False,2017.5,2017.75
3660,332,695,s,150,157.0,False,2017.5,2019.25
3661,396,509,s,150,151.0,False,2017.5,2017.75
3662,677,568,s,150,154.0,False,2017.5,2018.5
3663,681,652,s,150,163.0,False,2017.5,2020.75
3664,683,685,s,150,168.0,False,2017.5,2022.0
3665,161,176,l,150,156.0,True,2017.5,2019.0
3666,127,915,l,150,,True,2017.5,
3667,739,641,l,150,,True,2017.5,
3668,64,309,s,151,161.0,False,2017.75,2020.25
3669,81,523,s,151,152.0,False,2017.75,2018.0
3670,192,75,s,151,152.0,False,2017.75,2018.0
3671,357,568,s,151,152.0,False,2017.75,2018.0
3672,396,77,s,151,155.0,False,2017.75,2018.75
3673,422,432,s,151,153.0,False,2017.75,2018.25
3674,484,618,s,151,159.0,False,2017.75,2019.75
3675,749,503,s,151,151.0,False,2017.75,2017.75
3676,26,605,s,151,153.0,False,2017.75,2018.25
3677,46,345,s,151,156.0,False,2017.75,2019.0
3678,60,789,s,151,159.0,False,2017.75,2019.75
3679,241,630,s,151,163.0,False,2017.75,2020.75
3680,312,507,s,151,151.0,False,2017.75,2017.75
3681,315,679,s,151,154.0,False,2017.75,2018.5
3682,357,598,s,151,160.0,False,2017.75,2020.0
3683,392,387,s,151,166.0,False,2017.75,2021.5
3684,417,568,s,151,152.0,False,2017.75,2018.0
3685,548,521,s,151,157.0,False,2017.75,2019.25
3686,680,307,s,151,153.0,False,2017.75,2018.25
3687,765,768,s,151,156.0,False,2017.75,2019.0
3688,26,647,s,151,152.0,False,2017.75,2018.0
3689,47,82,s,151,155.0,False,2017.75,2018.75
3690,200,437,s,151,153.0,False,2017.75,2018.25
3691,245,15,s,151,154.0,False,2017.75,2018.5
3692,724,726,s,151,154.0,False,2017.75,2018.5
3693,889,509,s,151,152.0,False,2017.75,2018.0
3694,159,309,s,152,160.0,False,2018.0,2020.0
3695,305,789,s,152,156.0,False,2018.0,2019.0
3696,320,437,s,152,172.0,False,2018.0,2023.0
3697,341,309,s,152,155.0,False,2018.0,2018.75
3698,607,647,s,152,154.0,False,2018.0,2018.5
3699,749,581,s,152,154.0,False,2018.0,2018.5
3700,751,627,s,152,158.0,False,2018.0,2019.5
3701,919,667,s,152,162.0,False,2018.0,2020.5
3702,315,596,s,152,153.0,False,2018.0,2018.25
3703,406,399,s,152,154.0,False,2018.0,2018.5
3704,460,510,s,152,157.0,False,2018.0,2019.25
3705,603,748,s,152,154.0,False,2018.0,2018.5
3706,738,696,s,152,154.0,False,2018.0,2018.5
3707,81,437,s,152,155.0,False,2018.0,2018.75
3708,325,234,s,152,154.0,False,2018.0,2018.5
3709,482,234,s,152,153.0,False,2018.0,2018.25
3710,751,750,s,152,153.0,False,2018.0,2018.25
3711,782,788,s,152,153.0,False,2018.0,2018.25
3712,794,685,s,152,158.0,False,2018.0,2019.5
3713,616,747,l,152,,True,2018.0,
3714,216,24,l,152,159.0,True,2018.0,2019.75
3715,285,596,l,152,168.0,True,2018.0,2022.0
3716,53,573,s,153,156.0,False,2018.25,2019.0
3717,159,581,s,153,156.0,False,2018.25,2019.0
3718,203,457,s,153,155.0,False,2018.25,2018.75
3719,203,506,s,153,156.0,False,2018.25,2019.0
3720,311,432,s,153,156.0,False,2018.25,2019.0
3721,340,625,s,153,155.0,False,2018.25,2018.75
3722,450,321,s,153,165.0,False,2018.25,2021.25
3723,460,24,s,153,159.0,False,2018.25,2019.75
3724,736,686,s,153,155.0,False,2018.25,2018.75
3725,48,40,s,153,160.0,False,2018.25,2020.0
3726,322,650,s,153,160.0,False,2018.25,2020.0
3727,414,399,s,153,155.0,False,2018.25,2018.75
3728,203,503,s,153,154.0,False,2018.25,2018.5
3729,312,679,s,153,160.0,False,2018.25,2020.0
3730,330,609,s,153,165.0,False,2018.25,2021.25
3731,484,506,s,153,154.0,False,2018.25,2018.5
3732,724,929,s,153,158.0,False,2018.25,2019.5
3733,480,639,l,153,178.0,True,2018.25,2024.5
3734,46,132,s,154,159.0,False,2018.5,2019.75
3735,172,423,s,154,169.0,False,2018.5,2022.25
3736,245,274,s,154,156.0,False,2018.5,2019.0
3737,378,526,s,154,156.0,False,2018.5,2019.0
3738,455,129,s,154,157.0,False,2018.5,2019.25
3739,931,625,s,154,158.0,False,2018.5,2019.5
3740,49,573,s,154,159.0,False,2018.5,2019.75
3741,191,615,s,154,158.0,False,2018.5,2019.5
3742,295,518,s,154,155.0,False,2018.5,2018.75
3743,414,154,s,154,156.0,False,2018.5,2019.0
3744,422,389,s,154,159.0,False,2018.5,2019.75
3745,541,574,s,154,156.0,False,2018.5,2019.0
3746,660,636,s,154,156.0,False,2018.5,2019.0
3747,794,609,s,154,157.0,False,2018.5,2019.25
3748,60,629,s,154,160.0,False,2018.5,2020.0
3749,161,486,s,154,156.0,False,2018.5,2019.0
3750,245,518,s,154,156.0,False,2018.5,2019.0
3751,336,655,s,154,158.0,False,2018.5,2019.5
3752,591,629,s,154,157.0,False,2018.5,2019.25
3753,607,609,s,154,161.0,False,2018.5,2020.25
3754,657,293,s,154,155.0,False,2018.5,2018.75
3755,285,453,l,154,,True,2018.5,
3756,81,133,l,154,157.0,True,2018.5,2019.25
3757,406,101,s,155,163.0,False,2018.75,2020.75
3758,482,375,s,155,164.0,False,2018.75,2021.0
3759,591,569,s,155,157.0,False,2018.75,2019.25
3760,702,16,s,155,157.0,False,2018.75,2019.25
3761,729,639,s,155,155.0,False,2018.75,2018.75
3762,749,618,s,155,155.0,False,2018.75,2018.75
3763,765,708,s,155,157.0,False,2018.75,2019.25
3764,897,180,s,155,156.0,False,2018.75,2019.0
3765,90,324,s,155,158.0,False,2018.75,2019.5
3766,169,509,s,155,160.0,False,2018.75,2020.0
3767,290,498,s,155,158.0,False,2018.75,2019.5
3768,315,343,s,155,158.0,False,2018.75,2019.5
3769,320,82,s,155,158.0,False,2018.75,2019.5
3770,323,343,s,155,158.0,False,2018.75,2019.5
3771,363,439,s,155,159.0,False,2018.75,2019.75
3772,443,737,s,155,156.0,False,2018.75,2019.0
3773,724,639,s,155,162.0,False,2018.75,2020.5
3774,736,949,s,155,157.0,False,2018.75,2019.25
3775,167,375,s,155,157.0,False,2018.75,2019.25
3776,312,296,s,155,160.0,False,2018.75,2020.0
3777,341,339,s,155,156.0,False,2018.75,2019.0
3778,684,655,s,155,156.0,False,2018.75,2019.0
3779,707,691,s,155,162.0,False,2018.75,2020.5
3780,889,710,s,155,157.0,False,2018.75,2019.25
3781,290,222,l,155,207.0,True,2018.75,2031.75
3782,26,641,l,155,212.0,True,2018.75,2033.0
3783,285,639,l,155,177.0,True,2018.75,2024.25
3784,480,695,l,155,169.0,True,2018.75,2022.25
3785,65,916,s,156,161.0,False,2019.0,2020.25
3786,113,789,s,156,164.0,False,2019.0,2021.0
3787,192,506,s,156,160.0,False,2019.0,2020.0
3788,290,24,s,156,162.0,False,2019.0,2020.5
3789,392,154,s,156,161.0,False,2019.0,2020.25
3790,396,498,s,156,157.0,False,2019.0,2019.25
3791,455,283,s,156,156.0,False,2019.0,2019.0
3792,460,437,s,156,157.0,False,2019.0,2019.25
3793,490,247,s,156,160.0,False,2019.0,2020.0
3794,660,696,s,156,158.0,False,2019.0,2019.5
3795,680,761,s,156,157.0,False,2019.0,2019.25
3796,775,778,s,156,156.0,False,2019.0,2019.0
3797,53,606,s,156,158.0,False,2019.0,2019.5
3798,60,652,s,156,158.0,False,2019.0,2019.5
3799,159,69,s,156,157.0,False,2019.0,2019.25
3800,352,328,s,156,160.0,False,2019.0,2020.0
3801,482,653,s,156,159.0,False,2019.0,2019.75
3802,607,641,s,156,159.0,False,2019.0,2019.75
3803,669,629,s,156,162.0,False,2019.0,2020.5
3804,678,132,s,156,158.0,False,2019.0,2019.5
3805,721,635,s,156,159.0,False,2019.0,2019.75
3806,53,661,s,156,158.0,False,2019.0,2019.5
3807,113,236,s,156,160.0,False,2019.0,2020.0
3808,285,605,s,156,162.0,False,2019.0,2020.5
3809,683,652,s,156,157.0,False,2019.0,2019.25
3810,743,581,s,156,163.0,False,2019.0,2020.75
3811,53,453,l,156,169.0,True,2019.0,2022.25
3812,658,568,l,156,173.0,True,2019.0,2023.25
3813,759,727,l,156,,True,2019.0,
3814,9,857,l,156,170.0,True,2019.0,2022.5
3815,450,445,s,157,158.0,False,2019.25,2019.5
3816,482,321,s,157,162.0,False,2019.25,2020.5
3817,484,63,s,157,161.0,False,2019.25,2020.25
3818,540,583,s,157,158.0,False,2019.25,2019.5
3819,541,569,s,157,160.0,False,2019.25,2020.0
3820,690,599,s,157,159.0,False,2019.25,2019.75
3821,774,959,s,157,160.0,False,2019.25,2020.0
3822,931,503,s,157,184.0,False,2019.25,2026.0
3823,172,641,s,157,163.0,False,2019.25,2020.75
3824,320,789,s,157,160.0,False,2019.25,2020.0
3825,541,574,s,157,159.0,False,2019.25,2019.75
3826,665,695,s,157,158.0,False,2019.25,2019.5
3827,774,710,s,157,160.0,False,2019.25,2020.0
3828,906,605,s,157,165.0,False,2019.25,2021.25
3829,46,307,s,157,161.0,False,2019.25,2020.25
3830,79,606,s,157,158.0,False,2019.25,2019.5
3831,169,507,s,157,159.0,False,2019.25,2019.75
3832,172,146,s,157,171.0,False,2019.25,2022.75
3833,288,115,s,157,159.0,False,2019.25,2019.75
3834,291,505,s,157,161.0,False,2019.25,2020.25
3835,396,234,s,157,159.0,False,2019.25,2019.75
3836,406,175,s,157,161.0,False,2019.25,2020.25
3837,593,453,s,157,168.0,False,2019.25,2022.0
3838,684,914,s,157,162.0,False,2019.25,2020.5
3839,777,761,s,157,162.0,False,2019.25,2020.5
3840,806,737,l,157,,True,2019.25,
3841,213,418,l,157,169.0,True,2019.25,2022.25
3842,367,146,l,157,175.0,True,2019.25,2023.75
3843,542,222,l,157,235.0,True,2019.25,2038.75
3844,705,16,l,157,165.0,True,2019.25,2021.25
3845,64,234,s,158,159.0,False,2019.5,2019.75
3846,290,437,s,158,159.0,False,2019.5,2019.75
3847,295,569,s,158,158.0,False,2019.5,2019.5
3848,378,741,s,158,164.0,False,2019.5,2021.0
3849,427,625,s,158,161.0,False,2019.5,2020.25
3850,484,635,s,158,173.0,False,2019.5,2023.25
3851,595,655,s,158,159.0,False,2019.5,2019.75
3852,669,503,s,158,160.0,False,2019.5,2020.0
3853,680,929,s,158,160.0,False,2019.5,2020.0
3854,49,321,s,158,179.0,False,2019.5,2024.75
3855,65,516,s,158,158.0,False,2019.5,2019.5
3856,320,569,s,158,159.0,False,2019.5,2019.75
3857,720,605,s,158,160.0,False,2019.5,2020.0
3858,721,630,s,158,161.0,False,2019.5,2020.25
3859,759,647,s,158,164.0,False,2019.5,2021.0
3860,738,630,l,158,,True,2019.5,
3861,352,230,l,158,168.0,True,2019.5,2022.0
3862,49,284,s,159,160.0,False,2019.75,2020.0
3863,192,224,s,159,171.0,False,2019.75,2022.75
3864,340,115,s,159,160.0,False,2019.75,2020.0
3865,484,24,s,159,162.0,False,2019.75,2020.5
3866,484,789,s,159,163.0,False,2019.75,2020.75
3867,577,371,s,159,163.0,False,2019.75,2020.75
3868,632,653,s,159,169.0,False,2019.75,2022.25
3869,666,693,s,159,168.0,False,2019.75,2022.0
3870,720,726,s,159,163.0,False,2019.75,2020.75
3871,961,625,s,159,160.0,False,2019.75,2020.0
3872,159,597,s,159,161.0,False,2019.75,2020.25
3873,203,789,s,159,159.0,False,2019.75,2019.75
3874,216,196,s,159,165.0,False,2019.75,2021.25
3875,261,949,s,159,160.0,False,2019.75,2020.0
3876,315,509,s,159,162.0,False,2019.75,2020.5
3877,392,77,s,159,160.0,False,2019.75,2020.0
3878,396,198,s,159,159.0,False,2019.75,2019.75
3879,721,568,s,159,161.0,False,2019.75,2020.25
3880,320,150,s,159,161.0,False,2019.75,2020.25
3881,705,583,s,159,160.0,False,2019.75,2020.0
3882,739,797,s,159,163.0,False,2019.75,2020.75
3883,906,663,s,159,160.0,False,2019.75,2020.0
3884,952,568,s,159,166.0,False,2019.75,2021.5
3885,57,599,l,159,214.0,True,2019.75,2033.5
3886,46,321,l,159,189.0,True,2019.75,2027.25
3887,60,789,s,160,172.0,False,2020.0,2023.0
3888,169,710,s,160,161.0,False,2020.0,2020.25
3889,358,339,s,160,168.0,False,2020.0,2022.0
3890,481,115,s,160,161.0,False,2020.0,2020.25
3891,720,647,s,160,161.0,False,2020.0,2020.25
3892,961,647,s,160,168.0,False,2020.0,2022.0
3893,53,599,s,160,161.0,False,2020.0,2020.25
3894,285,606,s,160,163.0,False,2020.0,2020.75
3895,482,685,s,160,161.0,False,2020.0,2020.25
3896,484,568,s,160,162.0,False,2020.0,2020.5
3897,502,606,s,160,161.0,False,2020.0,2020.25
3898,592,599,s,160,165.0,False,2020.0,2021.25
3899,678,503,s,160,161.0,False,2020.0,2020.25
3900,690,768,s,160,186.0,False,2020.0,2026.5
3901,707,959,s,160,168.0,False,2020.0,2022.0
3902,751,647,s,160,180.0,False,2020.0,2025.0
3903,766,606,s,160,169.0,False,2020.0,2022.25
3904,962,129,s,160,161.0,False,2020.0,2020.25
3905,213,930,s,160,161.0,False,2020.0,2020.25
3906,341,789,s,160,162.0,False,2020.0,2020.5
3907,360,75,s,160,167.0,False,2020.0,2021.75
3908,738,581,s,160,174.0,False,2020.0,2023.5
3909,60,573,l,160,,True,2020.0,
3910,736,605,l,160,211.0,True,2020.0,2032.75
3911,81,917,l,160,161.0,True,2020.0,2020.25
3912,777,757,l,160,239.0,True,2020.0,2039.75
3913,81,498,s,161,165.0,False,2020.25,2021.25
3914,124,371,s,161,161.0,False,2020.25,2020.25
3915,159,507,s,161,162.0,False,2020.25,2020.5
3916,341,196,s,161,166.0,False,2020.25,2021.5
3917,358,129,s,161,162.0,False,2020.25,2020.5
3918,593,309,s,161,161.0,False,2020.25,2020.25
3919,701,641,s,161,173.0,False,2020.25,2023.25
3920,707,748,s,161,172.0,False,2020.25,2023.0
3921,736,768,s,161,166.0,False,2020.25,2021.5
3922,765,606,s,161,169.0,False,2020.25,2022.25
3923,952,605,s,161,164.0,False,2020.25,2021.0
3924,113,345,s,161,165.0,False,2020.25,2021.25
3925,127,129,s,161,162.0,False,2020.25,2020.5
3926,261,309,s,161,161.0,False,2020.25,2020.25
3927,360,453,s,161,165.0,False,2020.25,2021.25
3928,490,324,s,161,162.0,False,2020.25,2020.5
3929,577,129,s,161,165.0,False,2020.25,2021.25
3930,658,75,s,161,163.0,False,2020.25,2020.75
3931,754,351,s,161,166.0,False,2020.25,2021.5
3932,931,639,s,161,163.0,False,2020.25,2020.75
3933,316,399,s,161,163.0,False,2020.25,2020.75
3934,352,61,s,161,164.0,False,2020.25,2021.0
3935,406,630,s,161,166.0,False,2020.25,2021.5
3936,412,655,s,161,162.0,False,2020.25,2020.5
3937,616,606,s,161,165.0,False,2020.25,2021.25
3938,690,457,s,161,176.0,False,2020.25,2024.0
3939,46,915,l,161,185.0,True,2020.25,2026.25
3940,392,324,l,161,232.0,True,2020.25,2038.0
3941,481,180,l,161,166.0,True,2020.25,2021.5
3942,49,304,l,161,168.0,True,2020.25,2022.0
3943,336,309,l,161,,True,2020.25,
3944,678,234,l,161,,True,2020.25,
3945,651,582,s,162,169.0,False,2020.5,2022.25
3946,658,655,s,162,163.0,False,2020.5,2020.75
3947,707,914,s,162,162.0,False,2020.5,2020.5
3948,721,653,s,162,164.0,False,2020.5,2021.0
3949,53,653,s,162,163.0,False,2020.5,2020.75
3950,64,618,s,162,165.0,False,2020.5,2021.25
3951,159,661,s,162,164.0,False,2020.5,2021.0
3952,169,915,s,162,170.0,False,2020.5,2022.5
3953,191,915,s,162,169.0,False,2020.5,2022.25
3954,481,418,s,162,163.0,False,2020.5,2020.75
3955,499,526,s,162,164.0,False,2020.5,2021.0
3956,571,726,s,162,163.0,False,2020.5,2020.75
3957,662,635,s,162,173.0,False,2020.5,2023.25
3958,702,727,s,162,168.0,False,2020.5,2022.0
3959,766,814,s,162,166.0,False,2020.5,2021.5
3960,197,55,s,162,163.0,False,2020.5,2020.75
3961,378,130,s,162,166.0,False,2020.5,2021.5
3962,427,625,s,162,171.0,False,2020.5,2022.75
3963,493,515,s,162,170.0,False,2020.5,2022.5
3964,585,582,s,162,163.0,False,2020.5,2020.75
3965,683,645,s,162,169.0,False,2020.5,2022.25
3966,706,767,s,162,164.0,False,2020.5,2021.0
3967,392,55,l,162,187.0,True,2020.5,2026.75
3968,662,768,l,162,183.0,True,2020.5,2025.75
3969,720,606,l,162,171.0,True,2020.5,2022.75
3970,124,523,l,162,176.0,True,2020.5,2024.0
3971,57,293,s,163,164.0,False,2020.75,2021.0
3972,197,506,s,163,164.0,False,2020.75,2021.0
3973,665,16,s,163,164.0,False,2020.75,2021.0
3974,749,609,s,163,168.0,False,2020.75,2022.0
3975,65,697,s,163,166.0,False,2020.75,2021.5
3976,637,664,s,163,175.0,False,2020.75,2023.75
3977,666,653,s,163,182.0,False,2020.75,2025.5
3978,777,672,s,163,167.0,False,2020.75,2021.75
3979,53,583,s,163,166.0,False,2020.75,2021.5
3980,200,416,s,163,167.0,False,2020.75,2021.75
3981,205,625,s,163,173.0,False,2020.75,2023.25
3982,291,568,s,163,168.0,False,2020.75,2022.0
3983,313,568,s,163,169.0,False,2020.75,2022.25
3984,391,337,s,163,164.0,False,2020.75,2021.0
3985,543,56,s,163,164.0,False,2020.75,2021.0
3986,577,24,s,163,170.0,False,2020.75,2022.5
3987,616,717,s,163,164.0,False,2020.75,2021.0
3988,705,629,s,163,164.0,False,2020.75,2021.0
3989,720,691,s,163,167.0,False,2020.75,2021.75
3990,729,718,s,163,166.0,False,2020.75,2021.5
3991,290,741,l,163,167.0,True,2020.75,2021.75
3992,261,641,s,164,170.0,False,2021.0,2022.5
3993,290,510,s,164,172.0,False,2021.0,2023.0
3994,291,16,s,164,167.0,False,2021.0,2021.75
3995,600,789,s,164,180.0,False,2021.0,2025.0
3996,658,101,s,164,164.0,False,2021.0,2021.0
3997,662,670,s,164,165.0,False,2021.0,2021.25
3998,749,768,s,164,171.0,False,2021.0,2022.75
3999,775,609,s,164,168.0,False,2021.0,2022.0
4000,285,24,s,164,170.0,False,2021.0,2022.5
4001,427,639,s,164,167.0,False,2021.0,2021.75
4002,572,735,s,164,167.0,False,2021.0,2021.75
4003,681,709,s,164,167.0,False,2021.0,2021.75
4004,152,75,s,164,171.0,False,2021.0,2022.75
4005,159,568,s,164,168.0,False,2021.0,2022.0
4006,241,655,s,164,165.0,False,2021.0,2021.25
4007,311,569,s,164,166.0,False,2021.0,2021.5
4008,720,726,s,164,168.0,False,2021.0,2022.0
4009,942,757,s,164,168.0,False,2021.0,2022.0
4010,241,75,l,164,176.0,True,2021.0,2024.0
4011,46,789,l,164,181.0,True,2021.0,2025.25
4012,53,664,l,164,166.0,True,2021.0,2021.5
4013,460,321,l,164,188.0,True,2021.0,2027.0
4014,763,822,l,164,167.0,True,2021.0,2021.75
4015,313,627,l,164,,True,2021.0,
4016,65,437,s,165,167.0,False,2021.25,2021.75
4017,595,598,s,165,174.0,False,2021.25,2023.5
4018,705,757,s,165,175.0,False,2021.25,2023.75
4019,730,789,s,165,166.0,False,2021.25,2021.5
4020,801,778,s,165,165.0,False,2021.25,2021.25
4021,213,615,s,165,168.0,False,2021.25,2022.0
4022,216,858,s,165,168.0,False,2021.25,2022.0
4023,402,635,s,165,166.0,False,2021.25,2021.5
4024,417,24,s,165,166.0,False,2021.25,2021.5
4025,480,506,s,165,167.0,False,2021.25,2021.75
4026,681,568,s,165,169.0,False,2021.25,2022.25
4027,167,133,s,165,172.0,False,2021.25,2023.0
4028,325,130,s,165,166.0,False,2021.25,2021.5
4029,484,652,s,165,169.0,False,2021.25,2022.25
4030,738,914,s,165,166.0,False,2021.25,2021.5
4031,785,757,s,165,166.0,False,2021.25,2021.5
4032,213,629,l,165,220.0,True,2021.25,2035.0
4033,657,789,l,165,,True,2021.25,
4034,167,515,s,166,172.0,False,2021.5,2023.0
4035,205,695,s,166,167.0,False,2021.5,2021.75
4036,295,432,s,166,170.0,False,2021.5,2022.5
4037,577,345,s,166,170.0,False,2021.5,2022.5
4038,290,917,s,166,173.0,False,2021.5,2023.25
4039,311,635,s,166,166.0,False,2021.5,2021.5
4040,315,916,s,166,172.0,False,2021.5,2023.0
4041,360,410,s,166,168.0,False,2021.5,2022.0
4042,544,568,s,166,169.0,False,2021.5,2022.25
4043,611,597,s,166,168.0,False,2021.5,2022.0
4044,611,630,s,166,166.0,False,2021.5,2021.5
4045,643,652,s,166,167.0,False,2021.5,2021.75
4046,704,664,s,166,175.0,False,2021.5,2023.75
4047,749,636,s,166,167.0,False,2021.5,2021.75
4048,749,776,s,166,174.0,False,2021.5,2023.5
4049,751,717,s,166,168.0,False,2021.5,2022.0
4050,906,283,s,166,171.0,False,2021.5,2022.75
4051,412,569,s,166,167.0,False,2021.5,2021.75
4052,412,605,s,166,172.0,False,2021.5,2023.0
4053,730,717,s,166,170.0,False,2021.5,2022.5
4054,41,697,l,166,212.0,True,2021.5,2033.0
4055,159,630,l,166,216.0,True,2021.5,2034.0
4056,360,605,l,166,219.0,True,2021.5,2034.75
4057,396,40,l,166,200.0,True,2021.5,2030.0
4058,482,324,l,166,238.0,True,2021.5,2039.5
4059,544,371,l,166,199.0,True,2021.5,2029.75
4060,616,582,l,166,169.0,True,2021.5,2022.25
4061,707,686,l,166,177.0,True,2021.5,2024.25
4062,169,283,l,166,207.0,True,2021.5,2031.75
4063,332,639,l,166,185.0,True,2021.5,2026.25
4064,34,283,s,167,169.0,False,2021.75,2022.25
4065,216,568,s,167,172.0,False,2021.75,2023.0
4066,311,596,s,167,168.0,False,2021.75,2022.0
4067,330,77,s,167,177.0,False,2021.75,2024.25
4068,360,573,s,167,176.0,False,2021.75,2024.0
4069,381,439,s,167,179.0,False,2021.75,2024.75
4070,412,568,s,167,182.0,False,2021.75,2025.5
4071,544,915,s,167,171.0,False,2021.75,2022.75
4072,572,661,s,167,172.0,False,2021.75,2023.0
4073,657,630,s,167,167.0,False,2021.75,2021.75
4074,702,283,s,167,177.0,False,2021.75,2024.25
4075,611,630,s,167,167.0,False,2021.75,2021.75
4076,707,655,s,167,172.0,False,2021.75,2023.0
4077,751,773,s,167,168.0,False,2021.75,2022.0
4078,819,750,s,167,167.0,False,2021.75,2021.75
4079,819,959,s,167,168.0,False,2021.75,2022.0
4080,942,16,s,167,170.0,False,2021.75,2022.5
4081,169,652,s,167,171.0,False,2021.75,2022.75
4082,192,655,s,167,170.0,False,2021.75,2022.5
4083,312,574,s,167,171.0,False,2021.75,2022.75
4084,678,69,s,167,171.0,False,2021.75,2022.75
4085,906,568,s,167,180.0,False,2021.75,2025.0
4086,543,519,l,167,209.0,True,2021.75,2032.25
4087,749,773,l,167,,True,2021.75,
4088,763,708,l,167,179.0,True,2021.75,2024.75
4089,26,309,s,168,180.0,False,2022.0,2025.0
4090,79,582,s,168,171.0,False,2022.0,2022.75
4091,191,635,s,168,168.0,False,2022.0,2022.0
4092,241,569,s,168,168.0,False,2022.0,2022.0
4093,640,679,s,168,170.0,False,2022.0,2022.5
4094,159,99,s,168,169.0,False,2022.0,2022.25
4095,312,506,s,168,169.0,False,2022.0,2022.25
4096,542,498,s,168,171.0,False,2022.0,2022.75
4097,241,630,s,168,171.0,False,2022.0,2022.75
4098,303,505,s,168,175.0,False,2022.0,2023.75
4099,315,507,s,168,170.0,False,2022.0,2022.5
4100,315,915,s,168,175.0,False,2022.0,2023.75
4101,330,387,s,168,184.0,False,2022.0,2026.0
4102,336,789,s,168,185.0,False,2022.0,2026.25
4103,455,416,s,168,178.0,False,2022.0,2024.5
4104,611,609,s,168,175.0,False,2022.0,2023.75
4105,759,597,s,168,171.0,False,2022.0,2022.75
4106,245,274,l,168,196.0,True,2022.0,2029.0
4107,869,625,l,168,215.0,True,2022.0,2033.75
4108,295,307,l,168,184.0,True,2022.0,2026.0
4109,290,445,s,169,172.0,False,2022.25,2023.0
4110,323,321,s,169,169.0,False,2022.25,2022.25
4111,378,437,s,169,172.0,False,2022.25,2023.0
4112,392,581,s,169,171.0,False,2022.25,2022.75
4113,706,670,s,169,184.0,False,2022.25,2026.0
4114,766,650,s,169,172.0,False,2022.25,2023.0
4115,783,647,s,169,170.0,False,2022.25,2022.5
4116,214,606,s,169,172.0,False,2022.25,2023.0
4117,460,154,s,169,172.0,False,2022.25,2023.0
4118,480,605,s,169,171.0,False,2022.25,2022.75
4119,607,787,s,169,175.0,False,2022.25,2023.75
4120,611,761,s,169,174.0,False,2022.25,2023.5
4121,792,757,s,169,175.0,False,2022.25,2023.75
4122,794,750,s,169,176.0,False,2022.25,2024.0
4123,812,726,s,169,174.0,False,2022.25,2023.5
4124,952,605,s,169,172.0,False,2022.25,2023.0
4125,48,296,s,169,171.0,False,2022.25,2022.75
4126,493,101,s,169,172.0,False,2022.25,2023.0
4127,543,517,s,169,183.0,False,2022.25,2025.75
4128,766,719,s,169,172.0,False,2022.25,2023.0
4129,792,768,s,169,170.0,False,2022.25,2022.5
4130,825,769,s,169,174.0,False,2022.25,2023.5
4131,360,655,l,169,192.0,True,2022.25,2028.0
4132,539,309,l,169,,True,2022.25,
4133,942,641,l,169,176.0,True,2022.25,2024.0
4134,391,905,l,169,184.0,True,2022.25,2026.0
4135,806,727,l,169,,True,2022.25,
4136,806,750,l,169,195.0,True,2022.25,2028.75
4137,819,833,l,169,,True,2022.25,
4138,34,663,s,170,175.0,False,2022.5,2023.75
4139,46,503,s,170,179.0,False,2022.5,2024.75
4140,48,339,s,170,173.0,False,2022.5,2023.25
4141,312,599,s,170,176.0,False,2022.5,2024.0
4142,341,293,s,170,173.0,False,2022.5,2023.25
4143,358,917,s,170,172.0,False,2022.5,2023.0
4144,593,453,s,170,176.0,False,2022.5,2024.0
4145,721,647,s,170,179.0,False,2022.5,2024.75
4146,53,581,s,170,174.0,False,2022.5,2023.5
4147,190,61,s,170,172.0,False,2022.5,2023.0
4148,241,568,s,170,179.0,False,2022.5,2024.75
4149,396,115,s,170,171.0,False,2022.5,2022.75
4150,460,234,s,170,172.0,False,2022.5,2023.0
4151,640,984,s,170,178.0,False,2022.5,2024.5
4152,678,581,s,170,170.0,False,2022.5,2022.5
4153,702,776,s,170,182.0,False,2022.5,2025.5
4154,774,773,s,170,192.0,False,2022.5,2028.0
4155,783,914,s,170,171.0,False,2022.5,2022.75
4156,60,154,s,170,178.0,False,2022.5,2024.5
4157,632,670,s,170,171.0,False,2022.5,2022.75
4158,638,618,s,170,174.0,False,2022.5,2023.5
4159,656,618,s,170,174.0,False,2022.5,2023.5
4160,678,635,s,170,172.0,False,2022.5,2023.0
4161,680,647,s,170,172.0,False,2022.5,2023.0
4162,743,645,s,170,177.0,False,2022.5,2024.25
4163,628,605,l,170,222.0,True,2022.5,2035.5
4164,640,505,l,170,186.0,True,2022.5,2026.5
4165,191,573,l,170,206.0,True,2022.5,2031.5
4166,200,63,l,170,210.0,True,2022.5,2032.5
4167,285,581,l,170,206.0,True,2022.5,2031.5
4168,47,818,s,171,172.0,False,2022.75,2023.0
4169,466,522,s,171,176.0,False,2022.75,2024.0
4170,658,55,s,171,174.0,False,2022.75,2023.5
4171,690,685,s,171,171.0,False,2022.75,2022.75
4172,34,615,s,171,177.0,False,2022.75,2024.25
4173,313,789,s,171,174.0,False,2022.75,2023.5
4174,571,636,s,171,176.0,False,2022.75,2024.0
4175,704,615,s,171,173.0,False,2022.75,2023.25
4176,759,672,s,171,183.0,False,2022.75,2025.75
4177,764,830,s,171,174.0,False,2022.75,2023.5
4178,197,457,s,171,174.0,False,2022.75,2023.5
4179,577,154,s,171,173.0,False,2022.75,2023.25
4180,669,679,s,171,174.0,False,2022.75,2023.5
4181,677,672,s,171,174.0,False,2022.75,2023.5
4182,724,641,s,171,172.0,False,2022.75,2023.0
4183,751,757,s,171,185.0,False,2022.75,2026.25
4184,751,929,s,171,177.0,False,2022.75,2024.25
4185,839,844,s,171,173.0,False,2022.75,2023.25
4186,322,672,l,171,185.0,True,2022.75,2026.25
4187,336,387,l,171,230.0,True,2022.75,2037.5
4188,482,24,l,171,180.0,True,2022.75,2025.0
4189,172,24,s,172,172.0,False,2023.0,2023.0
4190,261,146,s,172,174.0,False,2023.0,2023.5
4191,261,652,s,172,173.0,False,2023.0,2023.25
4192,332,985,s,172,173.0,False,2023.0,2023.25
4193,961,672,s,172,173.0,False,2023.0,2023.25
4194,988,1001,s,172,179.0,False,2023.0,2024.75
4195,46,196,s,172,172.0,False,2023.0,2023.0
4196,60,647,s,172,180.0,False,2023.0,2025.0
4197,159,652,s,172,174.0,False,2023.0,2023.5
4198,313,247,s,172,175.0,False,2023.0,2023.75
4199,313,695,s,172,176.0,False,2023.0,2024.0
4200,332,641,s,172,174.0,False,2023.0,2023.5
4201,411,217,s,172,175.0,False,2023.0,2023.75
4202,543,498,s,172,179.0,False,2023.0,2024.75
4203,721,652,s,172,182.0,False,2023.0,2025.5
4204,753,605,s,172,173.0,False,2023.0,2023.25
4205,825,833,s,172,175.0,False,2023.0,2023.75
4206,987,679,s,172,178.0,False,2023.0,2024.5
4207,330,296,s,172,175.0,False,2023.0,2023.75
4208,391,486,s,172,174.0,False,2023.0,2023.5
4209,414,582,s,172,178.0,False,2023.0,2024.5
4210,593,231,s,172,173.0,False,2023.0,2023.25
4211,782,986,s,172,176.0,False,2023.0,2024.0
4212,172,129,l,172,240.0,True,2023.0,2040.0
4213,341,789,l,172,192.0,True,2023.0,2028.0
4214,669,685,l,172,,True,2023.0,
4215,26,568,s,173,178.0,False,2023.25,2024.5
4216,113,296,s,173,174.0,False,2023.25,2023.5
4217,183,627,s,173,175.0,False,2023.25,2023.75
4218,197,497,s,173,174.0,False,2023.25,2023.5
4219,312,726,s,173,176.0,False,2023.25,2024.0
4220,637,597,s,173,173.0,False,2023.25,2023.25
4221,648,773,s,173,184.0,False,2023.25,2026.0
4222,669,641,s,173,176.0,False,2023.25,2024.0
4223,765,727,s,173,174.0,False,2023.25,2023.5
4224,792,735,s,173,180.0,False,2023.25,2025.0
4225,792,984,s,173,187.0,False,2023.25,2026.75
4226,801,847,s,173,177.0,False,2023.25,2024.25
4227,127,789,s,173,174.0,False,2023.25,2023.5
4228,192,423,s,173,176.0,False,2023.25,2024.0
4229,322,645,s,173,179.0,False,2023.25,2024.75
4230,330,581,s,173,176.0,False,2023.25,2024.0
4231,460,506,s,173,175.0,False,2023.25,2023.75
4232,680,635,s,173,176.0,False,2023.25,2024.0
4233,707,718,s,173,173.0,False,2023.25,2023.25
4234,67,77,s,173,189.0,False,2023.25,2027.25
4235,205,639,s,173,176.0,False,2023.25,2024.0
4236,396,518,s,173,175.0,False,2023.25,2023.75
4237,412,672,s,173,180.0,False,2023.25,2025.0
4238,443,653,s,173,176.0,False,2023.25,2024.0
4239,493,439,s,173,177.0,False,2023.25,2024.25
4240,620,647,s,173,175.0,False,2023.25,2023.75
4241,707,503,s,173,176.0,False,2023.25,2024.0
4242,721,615,s,173,174.0,False,2023.25,2023.5
4243,749,630,s,173,174.0,False,2023.25,2023.5
4244,792,773,s,173,176.0,False,2023.25,2024.0
4245,931,985,s,173,177.0,False,2023.25,2024.25
4246,751,727,l,173,217.0,True,2023.25,2034.25
4247,783,798,l,173,,True,2023.25,
4248,931,625,l,173,177.0,True,2023.25,2024.25
4249,291,503,l,173,191.0,True,2023.25,2027.75
4250,396,189,l,173,240.0,True,2023.25,2040.0
4251,480,625,s,174,178.0,False,2023.5,2024.5
4252,539,1001,s,174,175.0,False,2023.5,2023.75
4253,749,568,s,174,176.0,False,2023.5,2024.0
4254,765,773,s,174,175.0,False,2023.5,2023.75
4255,169,581,s,174,176.0,False,2023.5,2024.0
4256,205,630,s,174,195.0,False,2023.5,2028.75
4257,484,641,s,174,174.0,False,2023.5,2023.5
4258,502,768,s,174,175.0,False,2023.5,2023.75
4259,159,635,s,174,176.0,False,2023.5,2024.0
4260,192,569,s,174,189.0,False,2023.5,2027.25
4261,330,457,s,174,178.0,False,2023.5,2024.5
4262,628,767,s,174,177.0,False,2023.5,2024.25
4263,794,757,s,174,177.0,False,2023.5,2024.25
4264,992,96,s,174,180.0,False,2023.5,2025.0
4265,49,77,s,175,176.0,False,2023.75,2024.0
4266,90,509,s,175,176.0,False,2023.75,2024.0
4267,285,503,s,175,178.0,False,2023.75,2024.5
4268,360,24,s,175,176.0,False,2023.75,2024.0
4269,490,915,s,175,175.0,False,2023.75,2023.75
4270,765,747,s,175,178.0,False,2023.75,2024.5
4271,794,769,s,175,180.0,False,2023.75,2025.0
4272,802,726,s,175,189.0,False,2023.75,2027.25
4273,214,661,s,175,191.0,False,2023.75,2027.75
4274,543,154,s,175,178.0,False,2023.75,2024.5
4275,600,283,s,175,176.0,False,2023.75,2024.0
4276,603,625,s,175,180.0,False,2023.75,2025.0
4277,644,761,s,175,188.0,False,2023.75,2027.0
4278,759,750,s,175,176.0,False,2023.75,2024.0
4279,792,767,s,175,178.0,False,2023.75,2024.5
4280,795,609,s,175,175.0,False,2023.75,2023.75
4281,543,75,s,175,176.0,False,2023.75,2024.0
4282,600,768,s,175,184.0,False,2023.75,2026.0
4283,720,691,s,175,179.0,False,2023.75,2024.75
4284,720,726,s,175,181.0,False,2023.75,2025.25
4285,169,1011,s,176,179.0,False,2024.0,2024.75
4286,295,75,s,176,177.0,False,2024.0,2024.25
4287,783,661,s,176,183.0,False,2024.0,2025.75
4288,952,606,s,176,178.0,False,2024.0,2024.5
4289,192,375,s,176,182.0,False,2024.0,2025.5
4290,203,129,s,176,182.0,False,2024.0,2025.5
4291,312,574,s,176,179.0,False,2024.0,2024.75
4292,358,217,s,176,179.0,False,2024.0,2024.75
4293,504,672,s,176,179.0,False,2024.0,2024.75
4294,540,505,s,176,176.0,False,2024.0,2024.0
4295,702,630,s,176,182.0,False,2024.0,2025.5
4296,828,32,s,176,177.0,False,2024.0,2024.25
4297,852,768,s,176,178.0,False,2024.0,2024.5
4298,988,737,s,176,176.0,False,2024.0,2024.0
4299,64,506,s,176,178.0,False,2024.0,2024.5
4300,303,606,s,176,177.0,False,2024.0,2024.25
4301,315,914,s,176,178.0,False,2024.0,2024.5
4302,341,878,s,176,178.0,False,2024.0,2024.5
4303,482,437,s,176,179.0,False,2024.0,2024.75
4304,643,636,s,176,177.0,False,2024.0,2024.25
4305,751,719,s,176,179.0,False,2024.0,2024.75
4306,738,914,l,176,,True,2024.0,
4307,41,439,l,176,180.0,True,2024.0,2025.0
4308,315,321,s,177,179.0,False,2024.25,2024.75
4309,443,652,s,177,180.0,False,2024.25,2025.0
4310,774,726,s,177,185.0,False,2024.25,2026.25
4311,821,719,s,177,177.0,False,2024.25,2024.25
4312,159,641,s,177,182.0,False,2024.25,2025.5
4313,183,296,s,177,177.0,False,2024.25,2024.25
4314,315,423,s,177,179.0,False,2024.25,2024.75
4315,330,574,s,177,184.0,False,2024.25,2026.0
4316,340,1003,s,177,180.0,False,2024.25,2025.0
4317,406,321,s,177,180.0,False,2024.25,2025.0
4318,412,583,s,177,179.0,False,2024.25,2024.75
4319,482,609,s,177,178.0,False,2024.25,2024.5
4320,690,664,s,177,186.0,False,2024.25,2026.5
4321,785,804,s,177,178.0,False,2024.25,2024.5
4322,794,647,s,177,178.0,False,2024.25,2024.5
4323,987,351,s,177,182.0,False,2024.25,2025.5
4324,79,343,s,177,190.0,False,2024.25,2027.5
4325,88,208,s,177,178.0,False,2024.25,2024.5
4326,127,568,s,177,187.0,False,2024.25,2026.75
4327,172,573,s,177,180.0,False,2024.25,2025.0
4328,192,24,s,177,180.0,False,2024.25,2025.0
4329,203,619,s,177,179.0,False,2024.25,2024.75
4330,205,985,s,177,187.0,False,2024.25,2026.75
4331,235,339,s,177,178.0,False,2024.25,2024.5
4332,266,54,s,177,184.0,False,2024.25,2026.0
4333,303,453,s,177,179.0,False,2024.25,2024.75
4334,322,664,s,177,187.0,False,2024.25,2026.75
4335,541,583,s,177,195.0,False,2024.25,2028.75
4336,651,568,s,177,182.0,False,2024.25,2025.5
4337,658,247,s,177,180.0,False,2024.25,2025.0
4338,730,986,s,177,182.0,False,2024.25,2025.5
4339,53,77,l,177,231.0,True,2024.25,2037.75
4340,242,208,l,177,204.0,True,2024.25,2031.0
4341,191,416,l,177,228.0,True,2024.25,2037.0
4342,812,710,l,177,180.0,True,2024.25,2025.0
4343,49,24,s,178,179.0,False,2024.5,2024.75
4344,90,234,s,178,180.0,False,2024.5,2025.0
4345,203,818,s,178,195.0,False,2024.5,2028.75
4346,323,222,s,178,180.0,False,2024.5,2025.0
4347,620,599,s,178,179.0,False,2024.5,2024.75
4348,676,691,s,178,181.0,False,2024.5,2025.25
4349,683,661,s,178,179.0,False,2024.5,2024.75
4350,777,798,s,178,178.0,False,2024.5,2024.5
4351,192,609,s,178,182.0,False,2024.5,2025.5
4352,611,652,s,178,179.0,False,2024.5,2024.75
4353,702,914,s,178,192.0,False,2024.5,2028.0
4354,197,146,s,178,179.0,False,2024.5,2024.75
4355,203,652,s,178,182.0,False,2024.5,2025.5
4356,291,949,s,178,192.0,False,2024.5,2028.0
4357,313,641,s,178,188.0,False,2024.5,2027.0
4358,571,615,s,178,190.0,False,2024.5,2027.5
4359,616,615,s,178,180.0,False,2024.5,2025.0
4360,657,569,s,178,189.0,False,2024.5,2027.25
4361,792,813,s,178,188.0,False,2024.5,2027.0
4362,657,568,l,178,220.0,True,2024.5,2035.0
4363,152,605,s,179,181.0,False,2024.75,2025.25
4364,291,915,s,179,187.0,False,2024.75,2026.75
4365,539,679,s,179,179.0,False,2024.75,2024.75
4366,620,641,s,179,179.0,False,2024.75,2024.75
4367,646,986,s,179,182.0,False,2024.75,2025.5
4368,806,672,s,179,180.0,False,2024.75,2025.0
4369,303,505,s,179,188.0,False,2024.75,2027.0
4370,322,661,s,179,182.0,False,2024.75,2025.5
4371,600,773,s,179,183.0,False,2024.75,2025.75
4372,720,710,s,179,180.0,False,2024.75,2025.0
4373,64,129,s,179,181.0,False,2024.75,2025.25
4374,543,515,s,179,185.0,False,2024.75,2026.25
4375,656,661,s,179,194.0,False,2024.75,2028.5
4376,889,748,s,179,180.0,False,2024.75,2025.0
4377,322,598,l,179,239.0,True,2024.75,2039.75
4378,169,343,s,180,180.0,False,2025.0,2025.0
4379,330,234,s,180,180.0,False,2025.0,2025.0
4380,777,679,s,180,183.0,False,2025.0,2025.75
4381,961,709,s,180,183.0,False,2025.0,2025.75
4382,203,630,s,180,183.0,False,2025.0,2025.75
4383,392,309,s,180,185.0,False,2025.0,2026.25
4384,414,296,s,180,184.0,False,2025.0,2026.0
4385,543,40,s,180,180.0,False,2025.0,2025.0
4386,603,737,s,180,203.0,False,2025.0,2030.75
4387,644,773,s,180,184.0,False,2025.0,2026.0
4388,46,929,s,180,181.0,False,2025.0,2025.25
4389,49,977,s,180,183.0,False,2025.0,2025.75
4390,65,176,s,180,181.0,False,2025.0,2025.25
4391,79,949,s,180,185.0,False,2025.0,2026.25
4392,406,432,s,180,183.0,False,2025.0,2025.75
4393,662,569,s,180,191.0,False,2025.0,2027.75
4394,749,767,s,180,192.0,False,2025.0,2028.0
4395,783,650,s,180,184.0,False,2025.0,2026.0
4396,725,615,l,180,196.0,True,2025.0,2029.0
4397,828,51,l,180,192.0,True,2025.0,2028.0
4398,620,655,l,180,200.0,True,2025.0,2030.0
4399,79,709,s,181,182.0,False,2025.25,2025.5
4400,285,609,s,181,181.0,False,2025.25,2025.25
4401,285,916,s,181,187.0,False,2025.25,2026.75
4402,311,24,s,181,189.0,False,2025.25,2027.25
4403,412,615,s,181,186.0,False,2025.25,2026.5
4404,482,568,s,181,184.0,False,2025.25,2026.0
4405,777,776,s,181,183.0,False,2025.25,2025.75
4406,860,813,s,181,184.0,False,2025.25,2026.0
4407,49,284,s,181,185.0,False,2025.25,2026.25
4408,169,697,s,181,195.0,False,2025.25,2028.75
4409,172,453,s,181,181.0,False,2025.25,2025.25
4410,172,509,s,181,183.0,False,2025.25,2025.75
4411,743,789,s,181,181.0,False,2025.25,2025.25
4412,803,696,s,181,182.0,False,2025.25,2025.5
4413,53,609,s,181,186.0,False,2025.25,2026.5
4414,127,655,s,181,200.0,False,2025.25,2030.0
4415,406,345,s,181,190.0,False,2025.25,2027.5
4416,427,639,s,181,183.0,False,2025.25,2025.75
4417,660,635,s,181,186.0,False,2025.25,2026.5
4418,707,629,s,181,182.0,False,2025.25,2025.5
4419,729,679,s,181,184.0,False,2025.25,2026.0
4420,792,914,s,181,188.0,False,2025.25,2027.0
4421,842,776,s,181,182.0,False,2025.25,2025.5
4422,482,309,l,181,183.0,True,2025.25,2025.75
4423,90,321,s,182,185.0,False,2025.5,2026.25
4424,203,75,s,182,188.0,False,2025.5,2027.0
4425,285,309,s,182,182.0,False,2025.5,2025.5
4426,315,581,s,182,182.0,False,2025.5,2025.5
4427,340,115,s,182,183.0,False,2025.5,2025.75
4428,504,198,s,182,184.0,False,2025.5,2026.0
4429,669,914,s,182,185.0,False,2025.5,2026.25
4430,795,827,s,182,186.0,False,2025.5,2026.5
4431,815,854,s,182,189.0,False,2025.5,2027.25
4432,931,639,s,182,187.0,False,2025.5,2026.75
4433,124,518,s,182,192.0,False,2025.5,2028.0
4434,357,24,s,182,182.0,False,2025.5,2025.5
4435,367,498,s,182,184.0,False,2025.5,2026.0
4436,502,636,s,182,185.0,False,2025.5,2026.25
4437,657,154,s,182,192.0,False,2025.5,2028.0
4438,730,808,s,182,207.0,False,2025.5,2031.75
4439,764,914,s,182,184.0,False,2025.5,2026.0
4440,812,817,s,182,194.0,False,2025.5,2028.5
4441,951,653,s,182,182.0,False,2025.5,2025.5
4442,159,410,s,182,192.0,False,2025.5,2028.0
4443,159,598,s,182,183.0,False,2025.5,2025.75
4444,312,574,s,182,194.0,False,2025.5,2028.5
4445,330,506,s,182,187.0,False,2025.5,2026.75
4446,336,61,s,182,203.0,False,2025.5,2030.75
4447,539,583,s,182,193.0,False,2025.5,2028.25
4448,651,719,s,182,185.0,False,2025.5,2026.25
4449,819,830,s,182,185.0,False,2025.5,2026.25
4450,821,814,s,182,184.0,False,2025.5,2026.0
4451,823,814,s,182,184.0,False,2025.5,2026.0
4452,931,625,s,182,184.0,False,2025.5,2026.0
4453,64,324,l,182,240.0,True,2025.5,2040.0
4454,572,788,l,182,213.0,True,2025.5,2033.25
4455,651,695,l,182,,True,2025.5,
4456,357,641,s,183,190.0,False,2025.75,2027.5
4457,669,672,s,183,188.0,False,2025.75,2027.0
4458,765,652,s,183,184.0,False,2025.75,2026.0
4459,777,696,s,183,184.0,False,2025.75,2026.0
4460,785,719,s,183,183.0,False,2025.75,2025.75
4461,794,865,s,183,183.0,False,2025.75,2025.75
4462,815,986,s,183,193.0,False,2025.75,2028.25
4463,825,737,s,183,192.0,False,2025.75,2028.0
4464,846,767,s,183,184.0,False,2025.75,2026.0
4465,860,767,s,183,184.0,False,2025.75,2026.0
4466,919,283,s,183,186.0,False,2025.75,2026.5
4467,987,645,s,183,185.0,False,2025.75,2026.25
4468,213,24,s,183,188.0,False,2025.75,2027.0
4469,480,652,s,183,188.0,False,2025.75,2027.0
4470,593,453,s,183,187.0,False,2025.75,2026.75
4471,637,569,s,183,186.0,False,2025.75,2026.5
4472,952,693,s,183,183.0,False,2025.75,2025.75
4473,90,154,s,183,196.0,False,2025.75,2029.0
4474,183,789,s,183,184.0,False,2025.75,2026.0
4475,191,619,s,183,188.0,False,2025.75,2027.0
4476,288,115,s,183,187.0,False,2025.75,2026.75
4477,312,15,s,183,188.0,False,2025.75,2027.0
4478,540,293,s,183,188.0,False,2025.75,2027.0
4479,570,630,s,183,184.0,False,2025.75,2026.0
4480,607,756,s,183,184.0,False,2025.75,2026.0
4481,640,670,s,183,184.0,False,2025.75,2026.0
4482,702,670,s,183,184.0,False,2025.75,2026.0
4483,725,768,s,183,187.0,False,2025.75,2026.75
4484,819,865,s,183,190.0,False,2025.75,2027.5
4485,850,757,l,183,207.0,True,2025.75,2031.75
4486,81,328,l,183,192.0,True,2025.75,2028.0
4487,159,1001,l,183,193.0,True,2025.75,2028.25
4488,340,348,l,183,184.0,True,2025.75,2026.0
4489,480,625,s,184,184.0,False,2026.0,2026.0
4490,480,639,s,184,192.0,False,2026.0,2028.0
4491,646,652,s,184,191.0,False,2026.0,2027.75
4492,753,719,s,184,189.0,False,2026.0,2027.25
4493,766,708,s,184,188.0,False,2026.0,2027.0
4494,795,716,s,184,191.0,False,2026.0,2027.75
4495,840,636,s,184,196.0,False,2026.0,2029.0
4496,60,309,s,184,185.0,False,2026.0,2026.25
4497,183,655,s,184,187.0,False,2026.0,2026.75
4498,213,418,s,184,186.0,False,2026.0,2026.5
4499,322,635,s,184,190.0,False,2026.0,2027.5
4500,341,818,s,184,186.0,False,2026.0,2026.5
4501,482,655,s,184,193.0,False,2026.0,2028.25
4502,159,719,s,184,189.0,False,2026.0,2027.25
4503,213,1003,s,184,185.0,False,2026.0,2026.25
4504,543,517,s,184,186.0,False,2026.0,2026.5
4505,544,457,s,184,189.0,False,2026.0,2027.25
4506,600,569,s,184,185.0,False,2026.0,2026.25
4507,754,16,l,184,188.0,True,2026.0,2027.0
4508,749,757,l,184,238.0,True,2026.0,2039.5
4509,738,761,l,184,,True,2026.0,
4510,330,629,s,185,189.0,False,2026.25,2027.25
4511,484,568,s,185,189.0,False,2026.25,2027.25
4512,484,606,s,185,189.0,False,2026.25,2027.25
4513,591,708,s,185,187.0,False,2026.25,2026.75
4514,660,573,s,185,196.0,False,2026.25,2029.0
4515,60,568,s,185,189.0,False,2026.25,2027.25
4516,60,605,s,185,186.0,False,2026.25,2026.5
4517,204,670,s,185,190.0,False,2026.25,2027.5
4518,241,647,s,185,187.0,False,2026.25,2026.75
4519,315,609,s,185,186.0,False,2026.25,2026.5
4520,336,915,s,185,198.0,False,2026.25,2029.5
4521,460,243,s,185,188.0,False,2026.25,2027.0
4522,159,661,s,185,186.0,False,2026.25,2026.5
4523,205,625,s,185,189.0,False,2026.25,2027.25
4524,660,719,s,185,186.0,False,2026.25,2026.5
4525,725,949,s,185,186.0,False,2026.25,2026.5
4526,763,748,s,185,188.0,False,2026.25,2027.0
4527,821,635,s,185,187.0,False,2026.25,2026.75
4528,839,891,s,185,189.0,False,2026.25,2027.25
4529,931,750,l,185,,True,2026.25,
4530,489,941,s,186,192.0,False,2026.5,2028.0
4531,539,663,s,186,187.0,False,2026.5,2026.75
4532,183,399,s,186,190.0,False,2026.5,2027.5
4533,285,672,s,186,191.0,False,2026.5,2027.75
4534,313,230,s,186,193.0,False,2026.5,2028.25
4535,662,568,s,186,188.0,False,2026.5,2027.0
4536,842,647,s,186,189.0,False,2026.5,2027.25
4537,842,833,s,186,186.0,False,2026.5,2026.5
4538,848,641,s,186,191.0,False,2026.5,2027.75
4539,873,664,s,186,195.0,False,2026.5,2028.75
4540,889,309,s,186,190.0,False,2026.5,2027.5
4541,49,170,s,186,187.0,False,2026.5,2026.75
4542,261,343,s,186,188.0,False,2026.5,2027.0
4543,340,741,s,186,187.0,False,2026.5,2026.75
4544,460,234,s,186,188.0,False,2026.5,2027.0
4545,482,1002,s,186,194.0,False,2026.5,2028.5
4546,739,619,s,186,190.0,False,2026.5,2027.5
4547,919,635,s,186,189.0,False,2026.5,2027.25
4548,79,652,l,186,194.0,True,2026.5,2028.5
4549,570,507,l,186,209.0,True,2026.5,2032.25
4550,753,399,l,186,201.0,True,2026.5,2030.25
4551,840,750,l,186,190.0,True,2026.5,2027.5
4552,241,655,s,187,197.0,False,2026.75,2029.25
4553,680,776,s,187,189.0,False,2026.75,2027.25
4554,749,664,s,187,198.0,False,2026.75,2029.5
4555,931,985,s,187,190.0,False,2026.75,2027.5
4556,203,293,s,187,188.0,False,2026.75,2027.0
4557,782,798,s,187,187.0,False,2026.75,2026.75
4558,783,861,s,187,189.0,False,2026.75,2027.25
4559,480,255,s,187,189.0,False,2026.75,2027.25
4560,481,115,s,187,193.0,False,2026.75,2028.25
4561,484,619,s,187,191.0,False,2026.75,2027.75
4562,572,606,s,187,189.0,False,2026.75,2027.25
4563,577,498,s,187,192.0,False,2026.75,2028.0
4564,743,670,s,187,190.0,False,2026.75,2027.5
4565,803,769,s,187,190.0,False,2026.75,2027.5
4566,848,737,s,187,201.0,False,2026.75,2030.25
4567,53,949,l,187,207.0,True,2026.75,2031.75
4568,751,1011,l,187,,True,2026.75,
4569,889,679,l,187,188.0,True,2026.75,2027.0
4570,172,154,s,188,190.0,False,2027.0,2027.5
4571,203,328,s,188,188.0,False,2027.0,2027.0
4572,591,709,s,188,190.0,False,2027.0,2027.5
4573,684,653,s,188,212.0,False,2027.0,2033.0
4574,749,652,s,188,191.0,False,2027.0,2027.75
4575,26,609,s,188,193.0,False,2027.0,2028.25
4576,60,457,s,188,198.0,False,2027.0,2029.5
4577,191,915,s,188,196.0,False,2027.0,2029.0
4578,312,726,s,188,189.0,False,2027.0,2027.25
4579,313,16,s,188,191.0,False,2027.0,2027.75
4580,315,154,s,188,188.0,False,2027.0,2027.0
4581,336,569,s,188,189.0,False,2027.0,2027.25
4582,572,647,s,188,201.0,False,2027.0,2030.25
4583,658,82,s,188,189.0,False,2027.0,2027.25
4584,730,708,s,188,191.0,False,2027.0,2027.75
4585,794,871,s,188,189.0,False,2027.0,2027.25
4586,794,1018,s,188,190.0,False,2027.0,2027.5
4587,987,709,s,188,191.0,False,2027.0,2027.75
4588,57,977,s,188,192.0,False,2027.0,2028.0
4589,315,503,s,188,192.0,False,2027.0,2028.0
4590,315,510,s,188,198.0,False,2027.0,2029.5
4591,315,568,s,188,195.0,False,2027.0,2028.75
4592,332,639,s,188,189.0,False,2027.0,2027.25
4593,427,740,s,188,195.0,False,2027.0,2028.75
4594,591,647,s,188,189.0,False,2027.0,2027.25
4595,680,718,s,188,189.0,False,2027.0,2027.25
4596,763,661,s,188,189.0,False,2027.0,2027.25
4597,803,672,s,188,190.0,False,2027.0,2027.5
4598,848,847,s,188,190.0,False,2027.0,2027.5
4599,864,641,s,188,197.0,False,2027.0,2029.25
4600,919,351,s,188,189.0,False,2027.0,2027.25
4601,340,247,l,188,,True,2027.0,
4602,795,865,l,188,193.0,True,2027.0,2028.25
4603,322,505,l,188,227.0,True,2027.0,2036.75
4604,330,343,l,188,200.0,True,2027.0,2030.0
4605,638,618,l,188,234.0,True,2027.0,2038.5
4606,60,307,s,189,192.0,False,2027.25,2028.0
4607,64,75,s,189,193.0,False,2027.25,2028.25
4608,216,339,s,189,190.0,False,2027.25,2027.5
4609,313,652,s,189,189.0,False,2027.25,2027.25
4610,341,24,s,189,191.0,False,2027.25,2027.75
4611,806,708,s,189,193.0,False,2027.25,2028.25
4612,183,509,s,189,197.0,False,2027.25,2029.25
4613,203,655,s,189,191.0,False,2027.25,2027.75
4614,205,639,s,189,193.0,False,2027.25,2028.25
4615,285,296,s,189,193.0,False,2027.25,2028.25
4616,392,615,s,189,192.0,False,2027.25,2028.0
4617,753,609,s,189,190.0,False,2027.25,2027.5
4618,815,767,s,189,190.0,False,2027.25,2027.5
4619,889,652,s,189,195.0,False,2027.25,2028.75
4620,152,77,s,189,192.0,False,2027.25,2028.0
4621,191,129,s,189,191.0,False,2027.25,2027.75
4622,192,24,s,189,190.0,False,2027.25,2027.5
4623,192,510,s,189,194.0,False,2027.25,2028.5
4624,203,293,s,189,190.0,False,2027.25,2027.5
4625,261,635,s,189,190.0,False,2027.25,2027.5
4626,358,518,s,189,199.0,False,2027.25,2029.75
4627,620,645,s,189,191.0,False,2027.25,2027.75
4628,707,929,s,189,190.0,False,2027.25,2027.5
4629,794,735,s,189,193.0,False,2027.25,2028.25
4630,821,844,s,189,192.0,False,2027.25,2028.0
4631,840,708,s,189,191.0,False,2027.25,2027.75
4632,1037,509,s,189,196.0,False,2027.25,2029.0
4633,262,767,l,189,,True,2027.25,
4634,1037,598,l,189,,True,2027.25,
4635,656,69,l,189,195.0,True,2027.25,2028.75
4636,875,757,l,189,,True,2027.25,
4637,801,799,s,190,193.0,False,2027.5,2028.25
4638,840,865,s,190,191.0,False,2027.5,2027.75
4639,192,293,s,190,192.0,False,2027.5,2028.0
4640,203,418,s,190,196.0,False,2027.5,2029.0
4641,628,830,s,190,191.0,False,2027.5,2027.75
4642,706,679,s,190,209.0,False,2027.5,2032.25
4643,864,776,s,190,191.0,False,2027.5,2027.75
4644,886,807,s,190,204.0,False,2027.5,2031.0
4645,67,410,s,190,192.0,False,2027.5,2028.0
4646,205,625,s,190,193.0,False,2027.5,2028.25
4647,303,661,s,190,200.0,False,2027.5,2030.0
4648,360,231,s,190,194.0,False,2027.5,2028.5
4649,417,986,s,190,192.0,False,2027.5,2028.0
4650,443,984,s,190,194.0,False,2027.5,2028.5
4651,481,1003,s,190,201.0,False,2027.5,2030.25
4652,656,641,s,190,191.0,False,2027.5,2027.75
4653,660,756,s,190,208.0,False,2027.5,2032.0
4654,666,914,s,190,194.0,False,2027.5,2028.5
4655,678,568,s,190,196.0,False,2027.5,2029.0
4656,678,569,s,190,193.0,False,2027.5,2028.25
4657,840,757,s,190,196.0,False,2027.5,2029.0
4658,873,874,s,190,196.0,False,2027.5,2029.0
4659,875,984,s,190,195.0,False,2027.5,2028.75
4660,906,716,s,190,199.0,False,2027.5,2029.75
4661,942,609,s,190,191.0,False,2027.5,2027.75
4662,90,399,l,190,202.0,True,2027.5,2030.5
4663,547,697,l,190,211.0,True,2027.5,2032.75
4664,64,453,s,191,192.0,False,2027.75,2028.0
4665,79,24,s,191,197.0,False,2027.75,2029.25
4666,90,818,s,191,194.0,False,2027.75,2028.5
4667,183,568,s,191,196.0,False,2027.75,2029.0
4668,313,609,s,191,192.0,False,2027.75,2028.0
4669,427,985,s,191,199.0,False,2027.75,2029.75
4670,738,757,s,191,195.0,False,2027.75,2028.75
4671,752,746,s,191,191.0,False,2027.75,2027.75
4672,828,3,s,191,191.0,False,2027.75,2027.75
4673,942,757,s,191,192.0,False,2027.75,2028.0
4674,53,345,s,191,193.0,False,2027.75,2028.25
4675,192,453,s,191,198.0,False,2027.75,2029.5
4676,285,598,s,191,198.0,False,2027.75,2029.5
4677,305,132,s,191,192.0,False,2027.75,2028.0
4678,330,573,s,191,206.0,False,2027.75,2031.5
4679,677,822,s,191,193.0,False,2027.75,2028.25
4680,846,847,s,191,192.0,False,2027.75,2028.0
4681,951,670,s,191,195.0,False,2027.75,2028.75
4682,1038,914,s,191,192.0,False,2027.75,2028.0
4683,9,497,s,191,194.0,False,2027.75,2028.5
4684,169,234,s,191,196.0,False,2027.75,2029.0
4685,192,569,s,191,192.0,False,2027.75,2028.0
4686,285,718,s,191,192.0,False,2027.75,2028.0
4687,320,511,s,191,196.0,False,2027.75,2029.0
4688,753,977,s,191,196.0,False,2027.75,2029.0
4689,795,761,s,191,201.0,False,2027.75,2030.25
4690,826,865,s,191,193.0,False,2027.75,2028.25
4691,213,328,l,191,218.0,True,2027.75,2034.5
4692,620,737,l,191,213.0,True,2027.75,2033.25
4693,801,758,l,191,218.0,True,2027.75,2034.5
4694,658,75,l,191,212.0,True,2027.75,2033.0
4695,753,503,l,191,,True,2027.75,
4696,782,618,l,191,211.0,True,2027.75,2032.75
4697,864,851,l,191,230.0,True,2027.75,2037.5
4698,873,851,l,191,215.0,True,2027.75,2033.75
4699,49,189,s,192,192.0,False,2028.0,2028.0
4700,600,807,s,192,198.0,False,2028.0,2029.5
4701,616,929,s,192,199.0,False,2028.0,2029.75
4702,743,198,s,192,197.0,False,2028.0,2029.25
4703,873,833,s,192,196.0,False,2028.0,2029.0
4704,26,507,s,192,193.0,False,2028.0,2028.25
4705,46,655,s,192,195.0,False,2028.0,2028.75
4706,192,655,s,192,193.0,False,2028.0,2028.25
4707,261,198,s,192,195.0,False,2028.0,2028.75
4708,315,410,s,192,199.0,False,2028.0,2029.75
4709,482,510,s,192,207.0,False,2028.0,2031.75
4710,570,636,s,192,203.0,False,2028.0,2030.75
4711,657,432,s,192,200.0,False,2028.0,2030.0
4712,795,799,s,192,210.0,False,2028.0,2032.5
4713,819,798,s,192,195.0,False,2028.0,2028.75
4714,889,914,s,192,195.0,False,2028.0,2028.75
4715,443,507,s,192,193.0,False,2028.0,2028.25
4716,846,748,s,192,200.0,False,2028.0,2030.0
4717,931,639,s,192,194.0,False,2028.0,2028.5
4718,952,748,s,192,193.0,False,2028.0,2028.25
4719,417,606,l,192,196.0,True,2028.0,2029.0
4720,603,1011,l,192,,True,2028.0,
4721,812,820,l,192,204.0,True,2028.0,2031.0
4722,819,652,l,192,213.0,True,2028.0,2033.25
4723,1037,283,l,192,206.0,True,2028.0,2031.5
4724,303,915,s,193,194.0,False,2028.25,2028.5
4725,322,655,s,193,193.0,False,2028.25,2028.25
4726,394,647,s,193,197.0,False,2028.25,2029.25
4727,585,735,s,193,197.0,False,2028.25,2029.25
4728,743,670,s,193,207.0,False,2028.25,2031.75
4729,853,843,s,193,193.0,False,2028.25,2028.25
4730,53,568,s,193,197.0,False,2028.25,2029.25
4731,169,15,s,193,196.0,False,2028.25,2029.0
4732,285,507,s,193,193.0,False,2028.25,2028.25
4733,315,432,s,193,194.0,False,2028.25,2028.5
4734,336,569,s,193,196.0,False,2028.25,2029.0
4735,504,510,s,193,199.0,False,2028.25,2029.75
4736,638,655,s,193,193.0,False,2028.25,2028.25
4737,658,581,s,193,195.0,False,2028.25,2028.75
4738,681,844,s,193,196.0,False,2028.25,2029.0
4739,864,859,s,193,203.0,False,2028.25,2030.75
4740,987,813,s,193,197.0,False,2028.25,2029.25
4741,152,609,s,193,194.0,False,2028.25,2028.5
4742,305,568,s,193,202.0,False,2028.25,2030.5
4743,481,24,s,193,194.0,False,2028.25,2028.5
4744,702,735,s,193,194.0,False,2028.25,2028.5
4745,848,768,s,193,197.0,False,2028.25,2029.25
4746,864,768,s,193,198.0,False,2028.25,2029.5
4747,662,820,l,193,,True,2028.25,
4748,681,641,l,193,241.0,True,2028.25,2040.25
4749,764,773,l,193,202.0,True,2028.25,2030.5
4750,485,389,l,193,200.0,True,2028.25,2030.0
4751,765,798,l,193,,True,2028.25,
4752,205,625,s,194,196.0,False,2028.5,2029.0
4753,358,878,s,194,203.0,False,2028.5,2030.75
4754,539,568,s,194,205.0,False,2028.5,2031.25
4755,644,822,s,194,199.0,False,2028.5,2029.75
4756,651,583,s,194,198.0,False,2028.5,2029.5
4757,669,672,s,194,195.0,False,2028.5,2028.75
4758,777,726,s,194,207.0,False,2028.5,2031.75
4759,876,865,s,194,194.0,False,2028.5,2028.5
4760,951,650,s,194,199.0,False,2028.5,2029.75
4761,26,224,s,194,194.0,False,2028.5,2028.5
4762,200,234,s,194,199.0,False,2028.5,2029.75
4763,291,24,s,194,194.0,False,2028.5,2028.5
4764,571,15,s,194,200.0,False,2028.5,2030.0
4765,60,917,s,194,196.0,False,2028.5,2029.0
4766,285,170,s,194,196.0,False,2028.5,2029.0
4767,683,625,s,194,200.0,False,2028.5,2030.0
4768,777,788,s,194,197.0,False,2028.5,2029.25
4769,802,817,s,194,200.0,False,2028.5,2030.0
4770,869,773,s,194,203.0,False,2028.5,2030.75
4771,53,672,l,194,,True,2028.5,
4772,214,1002,l,194,,True,2028.5,
4773,295,296,l,194,212.0,True,2028.5,2033.0
4774,53,343,s,195,199.0,False,2028.75,2029.75
4775,203,605,s,195,197.0,False,2028.75,2029.25
4776,482,609,s,195,197.0,False,2028.75,2029.25
4777,666,914,s,195,196.0,False,2028.75,2029.0
4778,738,629,s,195,196.0,False,2028.75,2029.0
4779,801,776,s,195,198.0,False,2028.75,2029.5
4780,172,647,s,195,202.0,False,2028.75,2030.5
4781,204,569,s,195,197.0,False,2028.75,2029.25
4782,394,16,s,195,197.0,False,2028.75,2029.25
4783,443,505,s,195,196.0,False,2028.75,2029.0
4784,600,667,s,195,196.0,False,2028.75,2029.0
4785,680,735,s,195,203.0,False,2028.75,2030.75
4786,720,820,s,195,203.0,False,2028.75,2030.75
4787,736,750,s,195,196.0,False,2028.75,2029.0
4788,823,844,s,195,195.0,False,2028.75,2028.75
4789,823,847,s,195,198.0,False,2028.75,2029.5
4790,842,718,s,195,198.0,False,2028.75,2029.5
4791,26,1002,s,195,198.0,False,2028.75,2029.5
4792,53,526,s,195,196.0,False,2028.75,2029.0
4793,332,625,s,195,199.0,False,2028.75,2029.75
4794,502,503,s,195,196.0,False,2028.75,2029.0
4795,577,231,s,195,198.0,False,2028.75,2029.5
4796,869,647,s,195,202.0,False,2028.75,2030.5
4797,889,321,s,195,196.0,False,2028.75,2029.0
4798,942,695,s,195,198.0,False,2028.75,2029.5
4799,987,670,s,195,199.0,False,2028.75,2029.75
4800,1028,685,s,195,198.0,False,2028.75,2029.5
4801,1028,719,s,195,206.0,False,2028.75,2031.5
4802,640,845,l,195,227.0,True,2028.75,2036.75
4803,873,859,l,195,224.0,True,2028.75,2036.0
4804,360,569,s,196,196.0,False,2029.0,2029.0
4805,572,679,s,196,203.0,False,2029.0,2030.75
4806,662,986,s,196,198.0,False,2029.0,2029.5
4807,801,652,s,196,200.0,False,2029.0,2030.0
4808,987,629,s,196,198.0,False,2029.0,2029.5
4809,172,1026,s,196,199.0,False,2029.0,2029.75
4810,192,630,s,196,204.0,False,2029.0,2031.0
4811,285,510,s,196,205.0,False,2029.0,2031.25
4812,443,661,s,196,198.0,False,2029.0,2029.5
4813,644,716,s,196,199.0,False,2029.0,2029.75
4814,783,778,s,196,198.0,False,2029.0,2029.5
4815,795,851,s,196,197.0,False,2029.0,2029.25
4816,853,859,s,196,197.0,False,2029.0,2029.25
4817,863,874,s,196,196.0,False,2029.0,2029.0
4818,873,768,s,196,201.0,False,2029.0,2030.25
4819,896,686,s,196,197.0,False,2029.0,2029.25
4820,205,985,s,196,221.0,False,2029.0,2035.25
4821,261,568,s,196,202.0,False,2029.0,2030.5
4822,261,573,s,196,202.0,False,2029.0,2030.5
4823,541,574,s,196,204.0,False,2029.0,2031.0
4824,611,510,s,196,202.0,False,2029.0,2030.5
4825,753,655,s,196,197.0,False,2029.0,2029.25
4826,783,773,s,196,200.0,False,2029.0,2030.0
4827,803,822,s,196,199.0,False,2029.0,2029.75
4828,295,509,l,196,,True,2029.0,
4829,539,709,l,196,230.0,True,2029.0,2037.5
4830,311,583,l,196,,True,2029.0,
4831,794,641,l,196,,True,2029.0,
4832,315,283,s,197,206.0,False,2029.25,2031.5
4833,357,283,s,197,206.0,False,2029.25,2031.5
4834,406,445,s,197,200.0,False,2029.25,2030.0
4835,482,309,s,197,200.0,False,2029.25,2030.0
4836,484,24,s,197,198.0,False,2029.25,2029.5
4837,572,761,s,197,197.0,False,2029.25,2029.25
4838,665,807,s,197,198.0,False,2029.25,2029.5
4839,677,647,s,197,200.0,False,2029.25,2030.0
4840,706,813,s,197,211.0,False,2029.25,2032.75
4841,842,767,s,197,198.0,False,2029.25,2029.5
4842,846,647,s,197,199.0,False,2029.25,2029.75
4843,919,789,s,197,202.0,False,2029.25,2030.5
4844,262,645,s,197,198.0,False,2029.25,2029.5
4845,412,652,s,197,200.0,False,2029.25,2030.0
4846,482,1001,s,197,204.0,False,2029.25,2031.0
4847,611,641,s,197,199.0,False,2029.25,2029.75
4848,795,740,s,197,201.0,False,2029.25,2030.25
4849,812,747,s,197,198.0,False,2029.25,2029.5
4850,840,737,s,197,205.0,False,2029.25,2031.25
4851,842,1056,s,197,197.0,False,2029.25,2029.25
4852,931,639,s,197,205.0,False,2029.25,2031.25
4853,592,641,s,197,207.0,False,2029.25,2031.75
4854,592,661,s,197,205.0,False,2029.25,2031.25
4855,704,618,s,197,199.0,False,2029.25,2029.75
4856,896,767,s,197,203.0,False,2029.25,2030.75
4857,919,198,s,197,206.0,False,2029.25,2031.5
4858,988,789,s,197,200.0,False,2029.25,2030.0
4859,665,1002,l,197,220.0,True,2029.25,2035.0
4860,539,672,l,197,,True,2029.25,
4861,707,668,l,197,213.0,True,2029.25,2033.25
4862,205,789,l,197,,True,2029.25,
4863,34,453,s,198,202.0,False,2029.5,2030.5
4864,159,234,s,198,200.0,False,2029.5,2030.0
4865,203,618,s,198,200.0,False,2029.5,2030.0
4866,332,639,s,198,204.0,False,2029.5,2031.0
4867,592,1011,s,198,200.0,False,2029.5,2030.0
4868,632,728,s,198,199.0,False,2029.5,2029.75
4869,657,672,s,198,210.0,False,2029.5,2032.5
4870,863,865,s,198,198.0,False,2029.5,2029.5
4871,931,740,s,198,199.0,False,2029.5,2029.75
4872,942,307,s,198,201.0,False,2029.5,2030.25
4873,315,180,s,198,204.0,False,2029.5,2031.0
4874,482,63,s,198,211.0,False,2029.5,2032.75
4875,482,154,s,198,199.0,False,2029.5,2029.75
4876,484,345,s,198,205.0,False,2029.5,2031.25
4877,607,717,s,198,199.0,False,2029.5,2029.75
4878,607,914,s,198,203.0,False,2029.5,2030.75
4879,646,787,s,198,203.0,False,2029.5,2030.75
4880,656,283,s,198,206.0,False,2029.5,2031.5
4881,931,985,s,198,205.0,False,2029.5,2031.25
4882,34,568,s,198,200.0,False,2029.5,2030.0
4883,482,224,s,198,210.0,False,2029.5,2032.5
4884,657,941,s,198,205.0,False,2029.5,2031.25
4885,759,693,s,198,204.0,False,2029.5,2031.0
4886,842,661,s,198,206.0,False,2029.5,2031.5
4887,680,685,l,198,,True,2029.5,
4888,823,845,l,198,,True,2029.5,
4889,840,672,l,198,,True,2029.5,
4890,414,375,l,198,210.0,True,2029.5,2032.5
4891,656,737,l,198,,True,2029.5,
4892,183,506,s,199,206.0,False,2029.75,2031.5
4893,192,283,s,199,209.0,False,2029.75,2032.25
4894,241,629,s,199,201.0,False,2029.75,2030.25
4895,311,582,s,199,199.0,False,2029.75,2029.75
4896,482,410,s,199,202.0,False,2029.75,2030.5
4897,702,672,s,199,200.0,False,2029.75,2030.0
4898,848,861,s,199,216.0,False,2029.75,2034.0
4899,889,154,s,199,202.0,False,2029.75,2030.5
4900,53,655,s,199,200.0,False,2029.75,2030.0
4901,192,423,s,199,203.0,False,2029.75,2030.75
4902,205,695,s,199,204.0,False,2029.75,2031.0
4903,455,224,s,199,205.0,False,2029.75,2031.25
4904,455,293,s,199,202.0,False,2029.75,2030.5
4905,821,822,s,199,203.0,False,2029.75,2030.75
4906,826,748,s,199,202.0,False,2029.75,2030.5
4907,53,569,s,199,208.0,False,2029.75,2032.0
4908,64,61,s,199,205.0,False,2029.75,2031.25
4909,295,15,s,199,203.0,False,2029.75,2030.75
4910,611,847,s,199,201.0,False,2029.75,2030.25
4911,646,748,s,199,200.0,False,2029.75,2030.0
4912,660,855,s,199,207.0,False,2029.75,2031.75
4913,774,817,s,199,205.0,False,2029.75,2031.25
4914,795,679,s,199,211.0,False,2029.75,2032.75
4915,826,817,s,199,201.0,False,2029.75,2030.25
4916,205,625,l,199,,True,2029.75,
4917,502,652,l,199,216.0,True,2029.75,2034.0
4918,666,769,l,199,203.0,True,2029.75,2030.75
4919,724,851,l,199,230.0,True,2029.75,2037.5
4920,881,797,l,199,216.0,True,2029.75,2034.0
4921,414,69,s,200,201.0,False,2030.0,2030.25
4922,570,747,s,200,200.0,False,2030.0,2030.0
4923,766,748,s,200,210.0,False,2030.0,2032.5
4924,821,757,s,200,205.0,False,2030.0,2031.25
4925,825,833,s,200,200.0,False,2030.0,2030.0
4926,825,855,s,200,211.0,False,2030.0,2032.75
4927,892,1067,s,200,209.0,False,2030.0,2032.25
4928,600,757,s,200,205.0,False,2030.0,2031.25
4929,611,1001,s,200,206.0,False,2030.0,2031.5
4930,677,986,s,200,207.0,False,2030.0,2031.75
4931,702,618,s,200,201.0,False,2030.0,2030.25
4932,852,769,s,200,219.0,False,2030.0,2034.75
4933,1048,15,s,200,205.0,False,2030.0,2031.25
4934,47,69,s,200,203.0,False,2030.0,2030.75
4935,159,789,s,200,203.0,False,2030.0,2030.75
4936,570,307,s,200,222.0,False,2030.0,2035.5
4937,591,75,s,200,201.0,False,2030.0,2030.25
4938,616,652,s,200,207.0,False,2030.0,2031.75
4939,815,767,s,200,202.0,False,2030.0,2030.5
4940,909,817,s,200,207.0,False,2030.0,2031.75
4941,593,24,l,200,228.0,True,2030.0,2037.0
4942,707,833,l,200,212.0,True,2030.0,2033.0
4943,49,722,l,200,234.0,True,2030.0,2038.5
4944,79,986,l,200,,True,2030.0,
4945,261,652,l,200,,True,2030.0,
4946,801,757,l,200,,True,2030.0,
4947,67,605,s,201,204.0,False,2030.25,2031.0
4948,391,51,s,201,202.0,False,2030.25,2030.5
4949,666,716,s,201,202.0,False,2030.25,2030.5
4950,806,1067,s,201,205.0,False,2030.25,2031.25
4951,832,887,s,201,202.0,False,2030.25,2030.5
4952,909,820,s,201,207.0,False,2030.25,2031.75
4953,910,887,s,201,214.0,False,2030.25,2033.5
4954,26,503,s,201,202.0,False,2030.25,2030.5
4955,53,664,s,201,201.0,False,2030.25,2030.25
4956,152,789,s,201,208.0,False,2030.25,2032.0
4957,159,58,s,201,208.0,False,2030.25,2032.0
4958,394,709,s,201,208.0,False,2030.25,2032.0
4959,427,639,s,201,202.0,False,2030.25,2030.5
4960,896,856,s,201,204.0,False,2030.25,2031.0
4961,192,234,s,201,204.0,False,2030.25,2031.0
4962,313,606,s,201,202.0,False,2030.25,2030.5
4963,322,627,s,201,207.0,False,2030.25,2031.75
4964,435,1003,s,201,204.0,False,2030.25,2031.0
4965,654,708,s,201,209.0,False,2030.25,2032.25
4966,658,635,s,201,204.0,False,2030.25,2031.0
4967,777,788,s,201,202.0,False,2030.25,2030.5
4968,823,884,s,201,207.0,False,2030.25,2031.75
4969,192,154,l,201,240.0,True,2030.25,2040.0
4970,951,914,l,201,210.0,True,2030.25,2032.5
4971,832,668,l,201,219.0,True,2030.25,2034.75
4972,383,857,s,202,208.0,False,2030.5,2032.0
4973,600,761,s,202,203.0,False,2030.5,2030.75
4974,611,685,s,202,217.0,False,2030.5,2034.25
4975,677,685,s,202,203.0,False,2030.5,2030.75
4976,846,831,s,202,204.0,False,2030.5,2031.0
4977,869,615,s,202,206.0,False,2030.5,2031.5
4978,919,618,s,202,205.0,False,2030.5,2031.25
4979,1072,799,s,202,203.0,False,2030.5,2030.75
4980,26,609,s,202,203.0,False,2030.5,2030.75
4981,320,1068,s,202,206.0,False,2030.5,2031.5
4982,412,503,s,202,205.0,False,2030.5,2031.25
4983,656,629,s,202,205.0,False,2030.5,2031.25
4984,656,686,s,202,202.0,False,2030.5,2030.5
4985,657,605,s,202,203.0,False,2030.5,2030.75
4986,785,830,s,202,202.0,False,2030.5,2030.5
4987,840,747,s,202,203.0,False,2030.5,2030.75
4988,57,15,s,202,204.0,False,2030.5,2031.0
4989,169,198,s,202,210.0,False,2030.5,2032.5
4990,595,581,s,202,211.0,False,2030.5,2032.75
4991,616,986,s,202,213.0,False,2030.5,2033.25
4992,646,652,s,202,203.0,False,2030.5,2030.75
4993,753,1068,s,202,203.0,False,2030.5,2030.75
4994,707,756,l,202,,True,2030.5,
4995,906,503,l,202,204.0,True,2030.5,2031.0
4996,862,768,l,202,221.0,True,2030.5,2035.25
4997,336,321,s,203,206.0,False,2030.75,2031.5
4998,840,773,s,203,203.0,False,2030.75,2030.75
4999,889,757,s,203,205.0,False,2030.75,2031.25
5000,919,24,s,203,206.0,False,2030.75,2031.5
5001,34,647,s,203,212.0,False,2030.75,2033.0
5002,79,77,s,203,206.0,False,2030.75,2031.5
5003,311,573,s,203,206.0,False,2030.75,2031.5
5004,332,929,s,203,206.0,False,2030.75,2031.5
5005,504,672,s,203,208.0,False,2030.75,2032.0
5006,628,854,s,203,207.0,False,2030.75,2031.75
5007,842,851,s,203,203.0,False,2030.75,2030.75
5008,892,756,s,203,208.0,False,2030.75,2032.0
5009,952,224,s,203,207.0,False,2030.75,2031.75
5010,285,606,s,203,206.0,False,2030.75,2031.5
5011,572,914,s,203,209.0,False,2030.75,2032.25
5012,785,735,s,203,206.0,False,2030.75,2031.5
5013,795,814,s,203,206.0,False,2030.75,2031.5
5014,892,883,s,203,205.0,False,2030.75,2031.25
5015,392,54,l,203,234.0,True,2030.75,2038.5
5016,305,518,l,203,224.0,True,2030.75,2036.0
5017,572,582,l,203,241.0,True,2030.75,2040.25
5018,910,1056,l,203,209.0,True,2030.75,2032.25
5019,26,629,s,204,219.0,False,2031.0,2034.75
5020,200,375,s,204,205.0,False,2031.0,2031.25
5021,427,598,s,204,204.0,False,2031.0,2031.0
5022,666,728,s,204,204.0,False,2031.0,2031.0
5023,730,1054,s,204,205.0,False,2031.0,2031.25
5024,826,735,s,204,210.0,False,2031.0,2032.5
5025,889,635,s,204,207.0,False,2031.0,2031.75
5026,1028,830,s,204,206.0,False,2031.0,2031.5
5027,1028,1055,s,204,206.0,False,2031.0,2031.5
5028,336,1002,s,204,210.0,False,2031.0,2032.5
5029,656,16,s,204,210.0,False,2031.0,2032.5
5030,840,767,s,204,210.0,False,2031.0,2032.5
5031,853,851,s,204,207.0,False,2031.0,2031.75
5032,926,797,s,204,206.0,False,2031.0,2031.5
5033,312,914,s,204,205.0,False,2031.0,2031.25
5034,724,1018,s,204,211.0,False,2031.0,2032.75
5035,200,486,l,204,232.0,True,2031.0,2038.0
5036,823,767,l,204,219.0,True,2031.0,2034.75
5037,942,818,l,204,205.0,True,2031.0,2031.25
5038,169,679,l,204,,True,2031.0,
5039,392,24,l,204,,True,2031.0,
5040,213,231,s,205,210.0,False,2031.25,2032.5
5041,502,647,s,205,209.0,False,2031.25,2032.25
5042,677,768,s,205,214.0,False,2031.25,2033.5
5043,842,912,s,205,206.0,False,2031.25,2031.5
5044,869,647,s,205,206.0,False,2031.25,2031.5
5045,886,768,s,205,206.0,False,2031.25,2031.5
5046,920,769,s,205,208.0,False,2031.25,2032.0
5047,920,1055,s,205,208.0,False,2031.25,2032.0
5048,169,16,s,205,205.0,False,2031.25,2031.25
5049,262,789,s,205,206.0,False,2031.25,2031.5
5050,295,293,s,205,213.0,False,2031.25,2033.25
5051,315,789,s,205,206.0,False,2031.25,2031.5
5052,571,691,s,205,208.0,False,2031.25,2032.0
5053,592,761,s,205,206.0,False,2031.25,2031.5
5054,792,855,s,205,207.0,False,2031.25,2031.75
5055,853,822,s,205,208.0,False,2031.25,2032.0
5056,989,686,s,205,207.0,False,2031.25,2031.75
5057,1084,776,s,205,209.0,False,2031.25,2032.25
5058,480,639,s,205,210.0,False,2031.25,2032.5
5059,656,410,s,205,207.0,False,2031.25,2031.75
5060,1073,773,s,205,209.0,False,2031.25,2032.25
5061,743,432,l,205,216.0,True,2031.25,2034.0
5062,683,847,l,205,237.0,True,2031.25,2039.25
5063,412,652,l,205,242.0,True,2031.25,2040.5
5064,825,1056,l,205,,True,2031.25,
5065,850,808,l,205,220.0,True,2031.25,2035.0
5066,46,129,s,206,215.0,False,2031.5,2033.75
5067,205,1003,s,206,212.0,False,2031.5,2033.0
5068,315,77,s,206,206.0,False,2031.5,2031.5
5069,394,661,s,206,206.0,False,2031.5,2031.5
5070,611,761,s,206,207.0,False,2031.5,2031.75
5071,657,668,s,206,219.0,False,2031.5,2034.75
5072,919,986,s,206,207.0,False,2031.5,2031.75
5073,988,652,s,206,206.0,False,2031.5,2031.5
5074,67,581,s,206,225.0,False,2031.5,2036.25
5075,313,1011,s,206,209.0,False,2031.5,2032.25
5076,360,343,s,206,209.0,False,2031.5,2032.25
5077,417,647,s,206,213.0,False,2031.5,2033.25
5078,480,645,s,206,216.0,False,2031.5,2034.0
5079,482,437,s,206,212.0,False,2031.5,2033.0
5080,482,647,s,206,211.0,False,2031.5,2032.75
5081,541,15,s,206,212.0,False,2031.5,2033.0
5082,620,661,s,206,217.0,False,2031.5,2034.25
5083,751,679,s,206,206.0,False,2031.5,2031.5
5084,832,787,s,206,206.0,False,2031.5,2031.5
5085,860,859,s,206,209.0,False,2031.5,2032.25
5086,873,822,s,206,212.0,False,2031.5,2033.0
5087,892,831,s,206,208.0,False,2031.5,2032.0
5088,922,814,s,206,216.0,False,2031.5,2034.0
5089,214,672,s,206,212.0,False,2031.5,2033.0
5090,896,693,s,206,207.0,False,2031.5,2031.75
5091,931,820,s,206,221.0,False,2031.5,2035.25
5092,989,663,s,206,207.0,False,2031.5,2031.75
5093,1048,399,s,206,214.0,False,2031.5,2033.5
5094,1070,761,s,206,207.0,False,2031.5,2031.75
5095,607,198,l,206,,True,2031.5,
5096,794,757,l,206,,True,2031.5,
5097,159,568,l,206,216.0,True,2031.5,2034.0
5098,774,1035,l,206,210.0,True,2031.5,2032.5
5099,882,691,l,206,,True,2031.5,
5100,183,324,s,207,208.0,False,2031.75,2032.0
5101,417,1068,s,207,215.0,False,2031.75,2033.75
5102,657,423,s,207,216.0,False,2031.75,2034.0
5103,658,627,s,207,216.0,False,2031.75,2034.0
5104,839,845,s,207,208.0,False,2031.75,2032.0
5105,848,778,s,207,210.0,False,2031.75,2032.5
5106,863,747,s,207,213.0,False,2031.75,2033.25
5107,863,859,s,207,214.0,False,2031.75,2033.5
5108,901,836,s,207,214.0,False,2031.75,2033.5
5109,204,1011,s,207,218.0,False,2031.75,2034.5
5110,484,818,s,207,208.0,False,2031.75,2032.0
5111,690,708,s,207,209.0,False,2031.75,2032.25
5112,815,761,s,207,209.0,False,2031.75,2032.25
5113,815,820,s,207,217.0,False,2031.75,2034.25
5114,987,786,s,207,208.0,False,2031.75,2032.0
5115,1037,619,s,207,208.0,False,2031.75,2032.0
5116,585,321,s,207,213.0,False,2031.75,2033.25
5117,658,63,s,207,209.0,False,2031.75,2032.25
5118,676,820,s,207,213.0,False,2031.75,2033.25
5119,863,861,s,207,209.0,False,2031.75,2032.25
5120,889,606,s,207,220.0,False,2031.75,2035.0
5121,987,773,s,207,209.0,False,2031.75,2032.25
5122,216,520,l,207,232.0,True,2031.75,2038.0
5123,875,813,l,207,234.0,True,2031.75,2038.5
5124,172,629,l,207,,True,2031.75,
5125,427,672,l,207,242.0,True,2031.75,2040.5
5126,26,818,s,208,212.0,False,2032.0,2033.0
5127,47,509,s,208,223.0,False,2032.0,2035.75
5128,47,915,s,208,211.0,False,2032.0,2032.75
5129,172,387,s,208,210.0,False,2032.0,2032.5
5130,172,510,s,208,209.0,False,2032.0,2032.25
5131,213,1003,s,208,211.0,False,2032.0,2032.75
5132,291,569,s,208,211.0,False,2032.0,2032.75
5133,322,615,s,208,210.0,False,2032.0,2032.5
5134,322,670,s,208,211.0,False,2032.0,2032.75
5135,656,503,s,208,211.0,False,2032.0,2032.75
5136,680,929,s,208,222.0,False,2032.0,2035.5
5137,26,1001,s,208,212.0,False,2032.0,2033.0
5138,169,343,s,208,209.0,False,2032.0,2032.25
5139,303,582,s,208,210.0,False,2032.0,2032.5
5140,312,574,s,208,210.0,False,2032.0,2032.5
5141,592,505,s,208,212.0,False,2032.0,2033.0
5142,643,410,s,208,209.0,False,2032.0,2032.25
5143,852,773,s,208,211.0,False,2032.0,2032.75
5144,853,902,s,208,214.0,False,2032.0,2033.5
5145,889,679,s,208,208.0,False,2032.0,2032.0
5146,197,1001,s,208,222.0,False,2032.0,2035.5
5147,394,1056,s,208,217.0,False,2032.0,2034.25
5148,701,769,s,208,209.0,False,2032.0,2032.25
5149,721,887,s,208,214.0,False,2032.0,2033.5
5150,725,854,s,208,210.0,False,2032.0,2032.5
5151,783,787,s,208,210.0,False,2032.0,2032.5
5152,1037,503,s,208,219.0,False,2032.0,2034.75
5153,60,255,l,208,224.0,True,2032.0,2036.0
5154,60,750,l,208,,True,2032.0,
5155,295,24,l,208,,True,2032.0,
5156,285,789,l,208,,True,2032.0,
5157,632,598,l,208,,True,2032.0,
5158,676,817,l,208,216.0,True,2032.0,2034.0
5159,896,830,l,208,234.0,True,2032.0,2038.5
5160,591,668,l,208,212.0,True,2032.0,2033.0
5161,204,709,s,209,211.0,False,2032.25,2032.75
5162,417,668,s,209,210.0,False,2032.25,2032.5
5163,846,900,s,209,210.0,False,2032.25,2032.5
5164,881,865,s,209,232.0,False,2032.25,2038.0
5165,901,945,s,209,214.0,False,2032.25,2033.5
5166,937,958,s,209,215.0,False,2032.25,2033.75
5167,79,668,s,209,215.0,False,2032.25,2033.75
5168,751,768,s,209,210.0,False,2032.25,2032.5
5169,753,583,s,209,213.0,False,2032.25,2033.25
5170,821,822,s,209,210.0,False,2032.25,2032.5
5171,1037,581,s,209,215.0,False,2032.25,2033.75
5172,482,630,s,209,210.0,False,2032.25,2032.5
5173,721,619,s,209,211.0,False,2032.25,2032.75
5174,751,844,s,209,217.0,False,2032.25,2034.25
5175,989,1002,s,209,210.0,False,2032.25,2032.5
5176,1037,453,s,209,212.0,False,2032.25,2033.0
5177,1095,154,s,209,210.0,False,2032.25,2032.5
5178,840,836,l,209,232.0,True,2032.25,2038.0
5179,910,708,l,209,,True,2032.25,
5180,942,679,l,209,,True,2032.25,
5181,79,503,s,210,212.0,False,2032.5,2033.0
5182,241,510,s,210,211.0,False,2032.5,2032.75
5183,291,641,s,210,215.0,False,2032.5,2033.75
5184,396,371,s,210,212.0,False,2032.5,2033.0
5185,585,635,s,210,213.0,False,2032.5,2033.25
5186,656,727,s,210,211.0,False,2032.5,2032.75
5187,721,768,s,210,211.0,False,2032.5,2032.75
5188,846,859,s,210,214.0,False,2032.5,2033.5
5189,951,685,s,210,214.0,False,2032.5,2033.5
5190,64,582,s,210,212.0,False,2032.5,2033.0
5191,502,581,s,210,211.0,False,2032.5,2032.75
5192,592,509,s,210,216.0,False,2032.5,2034.0
5193,595,750,s,210,214.0,False,2032.5,2033.5
5194,626,813,s,210,211.0,False,2032.5,2032.75
5195,720,691,s,210,213.0,False,2032.5,2033.25
5196,863,814,s,210,213.0,False,2032.5,2033.25
5197,963,741,s,210,211.0,False,2032.5,2032.75
5198,1073,761,s,210,211.0,False,2032.5,2032.75
5199,172,410,s,210,215.0,False,2032.5,2033.75
5200,261,569,s,210,212.0,False,2032.5,2033.0
5201,481,115,s,210,212.0,False,2032.5,2033.0
5202,644,914,s,210,211.0,False,2032.5,2032.75
5203,896,885,s,210,212.0,False,2032.5,2033.0
5204,1084,986,s,210,213.0,False,2032.5,2033.25
5205,406,222,l,210,237.0,True,2032.5,2039.25
5206,427,574,l,210,,True,2032.5,
5207,482,635,l,210,,True,2032.5,
5208,611,735,l,210,215.0,True,2032.5,2033.75
5209,600,761,l,210,228.0,True,2032.5,2037.0
5210,660,641,l,210,237.0,True,2032.5,2039.25
5211,702,768,l,210,,True,2032.5,
5212,585,914,s,211,217.0,False,2032.75,2034.25
5213,707,778,s,211,219.0,False,2032.75,2034.75
5214,730,757,s,211,217.0,False,2032.75,2034.25
5215,795,670,s,211,223.0,False,2032.75,2035.75
5216,823,670,s,211,213.0,False,2032.75,2033.25
5217,159,231,s,211,216.0,False,2032.75,2034.0
5218,312,274,s,211,220.0,False,2032.75,2035.0
5219,795,788,s,211,212.0,False,2032.75,2033.0
5220,819,820,s,211,213.0,False,2032.75,2033.25
5221,832,884,s,211,221.0,False,2032.75,2035.25
5222,848,1067,s,211,222.0,False,2032.75,2035.5
5223,1028,1018,s,211,213.0,False,2032.75,2033.25
5224,396,1012,s,211,214.0,False,2032.75,2033.5
5225,417,768,s,211,214.0,False,2032.75,2033.5
5226,480,985,s,211,214.0,False,2032.75,2033.5
5227,502,691,s,211,218.0,False,2032.75,2034.5
5228,539,629,s,211,215.0,False,2032.75,2033.75
5229,585,685,s,211,212.0,False,2032.75,2033.0
5230,616,685,s,211,223.0,False,2032.75,2035.75
5231,616,691,s,211,220.0,False,2032.75,2035.0
5232,815,893,s,211,214.0,False,2032.75,2033.5
5233,821,679,s,211,215.0,False,2032.75,2033.75
5234,848,814,s,211,212.0,False,2032.75,2033.0
5235,987,814,s,211,219.0,False,2032.75,2034.75
5236,1095,1082,s,211,212.0,False,2032.75,2033.0
5237,611,798,l,211,,True,2032.75,
5238,60,345,s,212,212.0,False,2033.0,2033.0
5239,656,77,s,212,216.0,False,2033.0,2034.0
5240,665,99,s,212,213.0,False,2033.0,2033.25
5241,680,1056,s,212,230.0,False,2033.0,2037.5
5242,743,1011,s,212,212.0,False,2033.0,2033.0
5243,792,797,s,212,215.0,False,2033.0,2033.75
5244,803,844,s,212,216.0,False,2033.0,2034.0
5245,821,822,s,212,215.0,False,2033.0,2033.75
5246,875,817,s,212,213.0,False,2033.0,2033.25
5247,1048,691,s,212,224.0,False,2033.0,2036.0
5248,1094,798,s,212,217.0,False,2033.0,2034.25
5249,67,410,s,212,216.0,False,2033.0,2034.0
5250,357,916,s,212,214.0,False,2033.0,2033.5
5251,480,639,s,212,213.0,False,2033.0,2033.25
5252,591,507,s,212,212.0,False,2033.0,2033.0
5253,657,507,s,212,220.0,False,2033.0,2035.0
5254,677,787,s,212,214.0,False,2033.0,2033.5
5255,832,830,s,212,212.0,False,2033.0,2033.0
5256,864,768,s,212,214.0,False,2033.0,2033.5
5257,46,416,s,212,213.0,False,2033.0,2033.25
5258,285,509,s,212,216.0,False,2033.0,2034.0
5259,417,618,s,212,213.0,False,2033.0,2033.25
5260,571,15,s,212,213.0,False,2033.0,2033.25
5261,792,748,s,212,220.0,False,2033.0,2035.0
5262,852,804,s,212,217.0,False,2033.0,2034.25
5263,875,1105,s,212,215.0,False,2033.0,2033.75
5264,896,986,s,212,218.0,False,2033.0,2034.5
5265,702,636,l,212,,True,2033.0,
5266,657,605,l,212,,True,2033.0,
5267,312,574,s,213,214.0,False,2033.25,2033.5
5268,313,568,s,213,218.0,False,2033.25,2034.5
5269,541,574,s,213,215.0,False,2033.25,2033.75
5270,677,885,s,213,218.0,False,2033.25,2034.5
5271,720,726,s,213,214.0,False,2033.25,2033.5
5272,749,769,s,213,218.0,False,2033.25,2034.5
5273,819,768,s,213,214.0,False,2033.25,2033.5
5274,611,661,s,213,216.0,False,2033.25,2034.0
5275,658,630,s,213,213.0,False,2033.25,2033.25
5276,739,728,s,213,216.0,False,2033.25,2034.0
5277,792,799,s,213,217.0,False,2033.25,2034.25
5278,839,735,s,213,226.0,False,2033.25,2036.5
5279,913,757,s,213,220.0,False,2033.25,2035.0
5280,989,1011,s,213,215.0,False,2033.25,2033.75
5281,593,977,s,213,214.0,False,2033.25,2033.5
5282,684,609,s,213,214.0,False,2033.25,2033.5
5283,819,769,s,213,215.0,False,2033.25,2033.75
5284,931,740,s,213,216.0,False,2033.25,2034.0
5285,942,761,s,213,215.0,False,2033.25,2033.75
5286,681,756,l,213,,True,2033.25,
5287,261,505,l,213,225.0,True,2033.25,2036.25
5288,360,339,s,214,218.0,False,2033.5,2034.5
5289,539,321,s,214,214.0,False,2033.5,2033.5
5290,611,822,s,214,222.0,False,2033.5,2035.5
5291,616,573,s,214,215.0,False,2033.5,2033.75
5292,701,871,s,214,218.0,False,2033.5,2034.5
5293,815,877,s,214,218.0,False,2033.5,2034.5
5294,863,940,s,214,225.0,False,2033.5,2036.25
5295,53,457,s,214,226.0,False,2033.5,2036.5
5296,572,1068,s,214,218.0,False,2033.5,2034.5
5297,603,668,s,214,227.0,False,2033.5,2036.75
5298,684,984,s,214,218.0,False,2033.5,2034.5
5299,832,663,s,214,218.0,False,2033.5,2034.5
5300,889,1018,s,214,224.0,False,2033.5,2036.0
5301,205,639,s,214,225.0,False,2033.5,2036.25
5302,312,605,s,214,218.0,False,2033.5,2034.5
5303,701,786,s,214,221.0,False,2033.5,2035.25
5304,765,786,s,214,215.0,False,2033.5,2033.75
5305,826,845,s,214,215.0,False,2033.5,2033.75
5306,942,581,s,214,216.0,False,2033.5,2034.0
5307,961,635,s,214,223.0,False,2033.5,2035.75
5308,987,1055,s,214,216.0,False,2033.5,2034.0
5309,1028,647,s,214,215.0,False,2033.5,2033.75
5310,729,813,l,214,223.0,True,2033.5,2035.75
5311,821,797,l,214,,True,2033.5,
5312,840,761,l,214,,True,2033.5,
5313,926,871,l,214,,True,2033.5,
5314,1073,635,l,214,227.0,True,2033.5,2036.75
5315,79,371,s,215,220.0,False,2033.75,2035.0
5316,159,647,s,215,216.0,False,2033.75,2034.0
5317,417,609,s,215,227.0,False,2033.75,2036.75
5318,591,629,s,215,216.0,False,2033.75,2034.0
5319,612,768,s,215,220.0,False,2033.75,2035.0
5320,704,830,s,215,216.0,False,2033.75,2034.0
5321,825,893,s,215,222.0,False,2033.75,2035.5
5322,826,833,s,215,218.0,False,2033.75,2034.5
5323,892,891,s,215,216.0,False,2033.75,2034.0
5324,896,750,s,215,220.0,False,2033.75,2035.0
5325,942,503,s,215,217.0,False,2033.75,2034.25
5326,952,647,s,215,216.0,False,2033.75,2034.0
5327,261,609,s,215,223.0,False,2033.75,2035.75
5328,603,672,s,215,216.0,False,2033.75,2034.0
5329,607,653,s,215,217.0,False,2033.75,2034.25
5330,658,606,s,215,220.0,False,2033.75,2035.0
5331,739,630,s,215,216.0,False,2033.75,2034.0
5332,765,661,s,215,216.0,False,2033.75,2034.0
5333,852,761,s,215,220.0,False,2033.75,2035.0
5334,987,822,s,215,215.0,False,2033.75,2033.75
5335,987,1011,s,215,222.0,False,2033.75,2035.5
5336,159,1001,s,215,216.0,False,2033.75,2034.0
5337,169,1003,s,215,216.0,False,2033.75,2034.0
5338,197,321,s,215,221.0,False,2033.75,2035.25
5339,332,740,s,215,229.0,False,2033.75,2037.25
5340,616,728,s,215,217.0,False,2033.75,2034.25
5341,637,761,s,215,225.0,False,2033.75,2036.25
5342,690,761,s,215,236.0,False,2033.75,2039.0
5343,760,757,s,215,217.0,False,2033.75,2034.25
5344,950,718,s,215,230.0,False,2033.75,2037.5
5345,794,768,l,215,,True,2033.75,
5346,821,1018,l,215,221.0,True,2033.75,2035.25
5347,620,748,l,215,,True,2033.75,
5348,585,639,s,216,223.0,False,2034.0,2035.75
5349,795,1105,s,216,217.0,False,2034.0,2034.25
5350,886,855,s,216,224.0,False,2034.0,2036.0
5351,936,927,s,216,220.0,False,2034.0,2035.0
5352,295,321,s,216,224.0,False,2034.0,2036.0
5353,332,625,s,216,218.0,False,2034.0,2034.5
5354,591,748,s,216,218.0,False,2034.0,2034.5
5355,595,615,s,216,223.0,False,2034.0,2035.75
5356,701,814,s,216,223.0,False,2034.0,2035.75
5357,803,661,s,216,219.0,False,2034.0,2034.75
5358,842,685,s,216,216.0,False,2034.0,2034.0
5359,942,652,s,216,220.0,False,2034.0,2035.0
5360,1028,884,s,216,216.0,False,2034.0,2034.0
5361,57,146,s,216,218.0,False,2034.0,2034.5
5362,443,789,s,216,219.0,False,2034.0,2034.75
5363,577,977,s,216,223.0,False,2034.0,2035.75
5364,616,679,s,216,217.0,False,2034.0,2034.25
5365,640,685,s,216,222.0,False,2034.0,2035.5
5366,658,24,s,216,221.0,False,2034.0,2035.25
5367,725,619,s,216,219.0,False,2034.0,2034.75
5368,863,813,s,216,220.0,False,2034.0,2035.0
5369,872,1104,s,216,219.0,False,2034.0,2034.75
5370,839,895,l,216,,True,2034.0,
5371,909,817,l,216,,True,2034.0,
5372,191,506,l,216,228.0,True,2034.0,2037.0
5373,205,418,s,217,222.0,False,2034.25,2035.5
5374,482,16,s,217,217.0,False,2034.25,2034.25
5375,812,817,s,217,227.0,False,2034.25,2036.75
5376,821,813,s,217,217.0,False,2034.25,2034.25
5377,873,1105,s,217,219.0,False,2034.25,2034.75
5378,950,1104,s,217,227.0,False,2034.25,2036.75
5379,1118,943,s,217,225.0,False,2034.25,2036.25
5380,34,619,s,217,220.0,False,2034.25,2035.0
5381,203,146,s,217,219.0,False,2034.25,2034.75
5382,571,599,s,217,218.0,False,2034.25,2034.5
5383,571,691,s,217,220.0,False,2034.25,2035.0
5384,603,679,s,217,217.0,False,2034.25,2034.25
5385,643,696,s,217,219.0,False,2034.25,2034.75
5386,665,769,s,217,219.0,False,2034.25,2034.75
5387,680,787,s,217,218.0,False,2034.25,2034.5
5388,823,788,s,217,218.0,False,2034.25,2034.5
5389,839,900,s,217,221.0,False,2034.25,2035.25
5390,842,767,s,217,228.0,False,2034.25,2037.0
5391,918,635,s,217,217.0,False,2034.25,2034.25
5392,936,940,s,217,225.0,False,2034.25,2036.25
5393,1107,581,s,217,222.0,False,2034.25,2035.5
5394,241,283,s,217,218.0,False,2034.25,2034.5
5395,702,851,s,217,222.0,False,2034.25,2035.5
5396,707,748,s,217,218.0,False,2034.25,2034.5
5397,751,1018,s,217,218.0,False,2034.25,2034.5
5398,753,1001,s,217,218.0,False,2034.25,2034.5
5399,922,935,s,217,218.0,False,2034.25,2034.5
5400,922,946,s,217,218.0,False,2034.25,2034.5
5401,1093,761,s,217,220.0,False,2034.25,2035.0
5402,651,929,l,217,229.0,True,2034.25,2037.25
5403,169,647,l,217,223.0,True,2034.25,2035.75
5404,541,15,l,217,218.0,True,2034.25,2034.5
5405,680,679,l,217,,True,2034.25,
5406,701,833,l,217,227.0,True,2034.25,2036.75
5407,889,761,l,217,,True,2034.25,
5408,942,735,l,217,230.0,True,2034.25,2037.5
5409,1037,606,l,217,230.0,True,2034.25,2037.5
5410,812,820,l,217,,True,2034.25,
5411,214,719,s,218,227.0,False,2034.5,2036.75
5412,322,636,s,218,220.0,False,2034.5,2035.0
5413,412,598,s,218,226.0,False,2034.5,2036.5
5414,620,695,s,218,221.0,False,2034.5,2035.25
5415,942,641,s,218,221.0,False,2034.5,2035.25
5416,1071,813,s,218,220.0,False,2034.5,2035.0
5417,60,1082,s,218,221.0,False,2034.5,2035.25
5418,192,283,s,218,218.0,False,2034.5,2034.5
5419,360,583,s,218,222.0,False,2034.5,2035.5
5420,595,727,s,218,218.0,False,2034.5,2034.5
5421,901,945,s,218,223.0,False,2034.5,2035.75
5422,922,719,s,218,219.0,False,2034.5,2034.75
5423,987,685,s,218,221.0,False,2034.5,2035.25
5424,262,686,s,218,219.0,False,2034.5,2034.75
5425,303,515,s,218,221.0,False,2034.5,2035.25
5426,417,719,s,218,219.0,False,2034.5,2034.75
5427,638,307,s,218,224.0,False,2034.5,2036.0
5428,662,773,s,218,219.0,False,2034.5,2034.75
5429,720,691,s,218,223.0,False,2034.5,2035.75
5430,783,728,s,218,220.0,False,2034.5,2035.0
5431,852,985,s,218,221.0,False,2034.5,2035.25
5432,957,877,s,218,219.0,False,2034.5,2034.75
5433,1041,1012,s,218,222.0,False,2034.5,2035.5
5434,1118,854,l,218,228.0,True,2034.5,2037.0
5435,872,891,l,218,,True,2034.5,
5436,881,816,l,218,,True,2034.5,
5437,57,514,s,219,222.0,False,2034.75,2035.5
5438,801,891,s,219,221.0,False,2034.75,2035.25
5439,987,855,s,219,222.0,False,2034.75,2035.5
5440,203,399,s,219,223.0,False,2034.75,2035.75
5441,330,129,s,219,222.0,False,2034.75,2035.5
5442,738,716,s,219,222.0,False,2034.75,2035.5
5443,860,927,s,219,223.0,False,2034.75,2035.75
5444,944,767,s,219,220.0,False,2034.75,2035.0
5445,241,916,s,219,221.0,False,2034.75,2035.25
5446,261,75,s,219,220.0,False,2034.75,2035.0
5447,539,581,s,219,222.0,False,2034.75,2035.5
5448,657,1001,s,219,220.0,False,2034.75,2035.0
5449,792,865,s,219,222.0,False,2034.75,2035.5
5450,803,854,s,219,221.0,False,2034.75,2035.25
5451,480,695,l,219,233.0,True,2034.75,2038.25
5452,724,718,l,219,,True,2034.75,
5453,651,831,s,220,224.0,False,2035.0,2036.0
5454,823,900,s,220,223.0,False,2035.0,2035.75
5455,896,865,s,220,221.0,False,2035.0,2035.25
5456,987,757,s,220,221.0,False,2035.0,2035.25
5457,34,618,s,220,224.0,False,2035.0,2036.0
5458,67,343,s,220,224.0,False,2035.0,2036.0
5459,197,243,s,220,231.0,False,2035.0,2037.75
5460,417,630,s,220,221.0,False,2035.0,2035.25
5461,620,709,s,220,223.0,False,2035.0,2035.75
5462,657,582,s,220,231.0,False,2035.0,2037.75
5463,681,568,s,220,221.0,False,2035.0,2035.25
5464,704,1104,s,220,225.0,False,2035.0,2036.25
5465,869,672,s,220,230.0,False,2035.0,2037.5
5466,875,865,s,220,222.0,False,2035.0,2035.5
5467,593,284,s,220,222.0,False,2035.0,2035.5
5468,632,756,s,220,228.0,False,2035.0,2037.0
5469,643,727,s,220,227.0,False,2035.0,2036.75
5470,678,789,s,220,223.0,False,2035.0,2035.75
5471,690,804,s,220,221.0,False,2035.0,2035.25
5472,889,716,s,220,225.0,False,2035.0,2036.25
5473,910,737,s,220,224.0,False,2035.0,2036.0
5474,922,757,s,220,221.0,False,2035.0,2035.25
5475,968,984,s,220,222.0,False,2035.0,2035.5
5476,886,1126,l,220,,True,2035.0,
5477,79,789,l,220,223.0,True,2035.0,2035.75
5478,412,283,s,221,222.0,False,2035.25,2035.5
5479,417,457,s,221,230.0,False,2035.25,2037.5
5480,570,929,s,221,221.0,False,2035.25,2035.25
5481,725,709,s,221,223.0,False,2035.25,2035.75
5482,765,756,s,221,228.0,False,2035.25,2037.0
5483,839,761,s,221,224.0,False,2035.25,2036.0
5484,889,691,s,221,232.0,False,2035.25,2038.0
5485,953,877,s,221,225.0,False,2035.25,2036.25
5486,67,498,s,221,225.0,False,2035.25,2036.25
5487,303,399,s,221,227.0,False,2035.25,2036.75
5488,332,24,s,221,224.0,False,2035.25,2036.0
5489,412,679,s,221,221.0,False,2035.25,2035.25
5490,417,653,s,221,226.0,False,2035.25,2036.5
5491,591,581,s,221,224.0,False,2035.25,2036.0
5492,600,568,s,221,223.0,False,2035.25,2035.75
5493,678,627,s,221,223.0,False,2035.25,2035.75
5494,785,807,s,221,221.0,False,2035.25,2035.25
5495,823,874,s,221,225.0,False,2035.25,2036.25
5496,936,871,s,221,223.0,False,2035.25,2035.75
5497,322,767,s,221,223.0,False,2035.25,2035.75
5498,330,343,s,221,223.0,False,2035.25,2035.75
5499,443,748,s,221,225.0,False,2035.25,2036.25
5500,628,814,s,221,223.0,False,2035.25,2035.75
5501,646,787,s,221,224.0,False,2035.25,2036.0
5502,842,757,s,221,222.0,False,2035.25,2035.5
5503,892,726,s,221,223.0,False,2035.25,2035.75
5504,1037,807,s,221,222.0,False,2035.25,2035.5
5505,628,629,l,221,,True,2035.25,
5506,656,568,l,221,,True,2035.25,
5507,603,685,l,221,,True,2035.25,
5508,612,786,l,221,229.0,True,2035.25,2037.25
5509,873,907,l,221,233.0,True,2035.25,2038.25
5510,801,788,l,221,,True,2035.25,
5511,947,1081,l,221,239.0,True,2035.25,2039.75
5512,305,416,s,222,225.0,False,2035.5,2036.25
5513,591,506,s,222,223.0,False,2035.5,2035.75
5514,842,865,s,222,231.0,False,2035.5,2037.75
5515,923,773,s,222,223.0,False,2035.5,2035.75
5516,1039,437,s,222,222.0,False,2035.5,2035.5
5517,1134,498,s,222,225.0,False,2035.5,2036.25
5518,53,609,s,222,224.0,False,2035.5,2036.0
5519,313,1012,s,222,223.0,False,2035.5,2035.75
5520,417,641,s,222,223.0,False,2035.5,2035.75
5521,628,798,s,222,239.0,False,2035.5,2039.75
5522,720,817,s,222,222.0,False,2035.5,2035.5
5523,753,716,s,222,226.0,False,2035.5,2036.5
5524,825,719,s,222,225.0,False,2035.5,2036.25
5525,910,1104,s,222,222.0,False,2035.5,2035.5
5526,957,912,s,222,232.0,False,2035.5,2038.0
5527,1107,99,s,222,223.0,False,2035.5,2035.75
5528,303,717,s,222,223.0,False,2035.5,2035.75
5529,656,247,s,222,225.0,False,2035.5,2036.25
5530,729,907,s,222,226.0,False,2035.5,2036.5
5531,802,820,s,222,223.0,False,2035.5,2035.75
5532,806,717,s,222,224.0,False,2035.5,2036.0
5533,839,679,s,222,236.0,False,2035.5,2039.0
5534,881,895,s,222,228.0,False,2035.5,2037.0
5535,480,740,l,222,225.0,True,2035.5,2036.25
5536,595,505,l,222,224.0,True,2035.5,2036.0
5537,707,767,l,222,,True,2035.5,
5538,821,898,s,223,228.0,False,2035.75,2037.0
5539,889,672,s,223,224.0,False,2035.75,2036.0
5540,937,877,s,223,223.0,False,2035.75,2035.75
5541,203,453,s,223,233.0,False,2035.75,2038.25
5542,539,506,s,223,226.0,False,2035.75,2036.5
5543,572,985,s,223,228.0,False,2035.75,2037.0
5544,660,797,s,223,227.0,False,2035.75,2036.75
5545,676,817,s,223,236.0,False,2035.75,2039.0
5546,720,726,s,223,229.0,False,2035.75,2037.25
5547,749,727,s,223,227.0,False,2035.75,2036.75
5548,1095,635,s,223,223.0,False,2035.75,2035.75
5549,1132,776,s,223,226.0,False,2035.75,2036.5
5550,157,1012,s,223,224.0,False,2035.75,2036.0
5551,417,453,s,223,238.0,False,2035.75,2039.5
5552,539,641,s,223,225.0,False,2035.75,2036.25
5553,628,787,s,223,226.0,False,2035.75,2036.5
5554,751,831,s,223,225.0,False,2035.75,2036.25
5555,764,661,s,223,225.0,False,2035.75,2036.25
5556,840,798,s,223,224.0,False,2035.75,2036.0
5557,901,871,s,223,228.0,False,2035.75,2037.0
5558,923,804,s,223,234.0,False,2035.75,2038.5
5559,702,728,l,223,,True,2035.75,
5560,952,719,l,223,228.0,True,2035.75,2037.0
5561,502,627,l,223,,True,2035.75,
5562,680,735,l,223,227.0,True,2035.75,2036.75
5563,57,868,s,224,225.0,False,2036.0,2036.25
5564,60,154,s,224,230.0,False,2036.0,2037.5
5565,167,54,s,224,228.0,False,2036.0,2037.0
5566,191,399,s,224,240.0,False,2036.0,2040.0
5567,303,619,s,224,225.0,False,2036.0,2036.25
5568,640,833,s,224,236.0,False,2036.0,2039.0
5569,752,797,s,224,225.0,False,2036.0,2036.25
5570,823,804,s,224,225.0,False,2036.0,2036.25
5571,936,820,s,224,231.0,False,2036.0,2037.75
5572,643,788,s,224,239.0,False,2036.0,2039.75
5573,654,728,s,224,226.0,False,2036.0,2036.5
5574,889,1011,s,224,229.0,False,2036.0,2037.25
5575,920,833,s,224,226.0,False,2036.0,2036.5
5576,922,787,s,224,233.0,False,2036.0,2038.25
5577,931,890,s,224,224.0,False,2036.0,2036.0
5578,968,877,s,224,227.0,False,2036.0,2036.75
5579,169,636,s,224,228.0,False,2036.0,2037.0
5580,214,582,s,224,236.0,False,2036.0,2039.0
5581,214,609,s,224,226.0,False,2036.0,2036.5
5582,617,814,s,224,231.0,False,2036.0,2037.75
5583,638,709,s,224,231.0,False,2036.0,2037.75
5584,751,885,s,224,228.0,False,2036.0,2037.0
5585,889,727,s,224,231.0,False,2036.0,2037.75
5586,502,769,l,224,,True,2036.0,
5587,191,247,l,224,,True,2036.0,
5588,312,574,l,224,,True,2036.0,
5589,963,1116,l,224,228.0,True,2036.0,2037.0
5590,60,653,s,225,227.0,False,2036.25,2036.75
5591,417,61,s,225,227.0,False,2036.25,2036.75
5592,656,146,s,225,231.0,False,2036.25,2037.75
5593,660,679,s,225,232.0,False,2036.25,2038.0
5594,665,16,s,225,229.0,False,2036.25,2037.25
5595,860,820,s,225,231.0,False,2036.25,2037.75
5596,901,969,s,225,229.0,False,2036.25,2037.25
5597,923,861,s,225,229.0,False,2036.25,2037.25
5598,942,670,s,225,228.0,False,2036.25,2037.0
5599,26,351,s,225,230.0,False,2036.25,2037.5
5600,191,24,s,225,226.0,False,2036.25,2036.5
5601,261,583,s,225,227.0,False,2036.25,2036.75
5602,332,695,s,225,232.0,False,2036.25,2038.0
5603,677,716,s,225,227.0,False,2036.25,2036.75
5604,1071,728,s,225,228.0,False,2036.25,2037.0
5605,417,1011,s,225,233.0,False,2036.25,2038.25
5606,651,797,s,225,237.0,False,2036.25,2039.25
5607,658,652,s,225,231.0,False,2036.25,2037.75
5608,684,859,s,225,228.0,False,2036.25,2037.0
5609,819,804,s,225,231.0,False,2036.25,2037.75
5610,832,756,s,225,226.0,False,2036.25,2036.5
5611,852,1105,s,225,230.0,False,2036.25,2037.5
5612,760,929,l,225,,True,2036.25,
5613,1107,609,l,225,,True,2036.25,
5614,332,672,l,225,232.0,True,2036.25,2038.0
5615,26,629,s,226,232.0,False,2036.5,2038.0
5616,285,255,s,226,232.0,False,2036.5,2038.0
5617,658,75,s,226,231.0,False,2036.5,2037.75
5618,662,645,s,226,226.0,False,2036.5,2036.5
5619,702,900,s,226,227.0,False,2036.5,2036.75
5620,765,833,s,226,227.0,False,2036.5,2036.75
5621,840,798,s,226,228.0,False,2036.5,2037.0
5622,1037,630,s,226,228.0,False,2036.5,2037.0
5623,480,639,s,226,238.0,False,2036.5,2039.5
5624,644,1082,s,226,226.0,False,2036.5,2036.5
5625,743,653,s,226,233.0,False,2036.5,2038.25
5626,760,709,s,226,230.0,False,2036.5,2037.5
5627,860,845,s,226,240.0,False,2036.5,2040.0
5628,869,767,s,226,233.0,False,2036.5,2038.25
5629,872,735,s,226,228.0,False,2036.5,2037.0
5630,918,670,s,226,228.0,False,2036.5,2037.0
5631,1107,606,s,226,233.0,False,2036.5,2038.25
5632,1133,912,s,226,226.0,False,2036.5,2036.5
5633,67,505,s,226,229.0,False,2036.5,2037.25
5634,214,789,s,226,230.0,False,2036.5,2037.5
5635,313,351,s,226,234.0,False,2036.5,2038.5
5636,783,747,s,226,228.0,False,2036.5,2037.0
5637,875,1035,s,226,241.0,False,2036.5,2040.25
5638,892,883,s,226,229.0,False,2036.5,2037.25
5639,937,833,s,226,,False,2036.5,
5640,963,941,s,226,228.0,False,2036.5,2037.0
5641,926,890,l,226,,True,2036.5,
5642,704,767,l,226,,True,2036.5,
5643,806,816,l,226,233.0,True,2036.5,2038.25
5644,1107,647,l,226,,True,2036.5,
5645,214,929,s,227,231.0,False,2036.75,2037.75
5646,261,63,s,227,230.0,False,2036.75,2037.5
5647,313,647,s,227,227.0,False,2036.75,2036.75
5648,313,664,s,227,231.0,False,2036.75,2037.75
5649,322,615,s,227,232.0,False,2036.75,2038.0
5650,332,630,s,227,231.0,False,2036.75,2037.75
5651,332,641,s,227,232.0,False,2036.75,2038.0
5652,482,54,s,227,227.0,False,2036.75,2036.75
5653,651,820,s,227,,False,2036.75,
5654,656,672,s,227,232.0,False,2036.75,2038.0
5655,662,757,s,227,231.0,False,2036.75,2037.75
5656,662,831,s,227,228.0,False,2036.75,2037.0
5657,782,808,s,227,228.0,False,2036.75,2037.0
5658,821,756,s,227,228.0,False,2036.75,2037.0
5659,840,843,s,227,232.0,False,2036.75,2038.0
5660,1094,769,s,227,228.0,False,2036.75,2037.0
5661,1118,1105,s,227,229.0,False,2036.75,2037.25
5662,191,324,s,227,234.0,False,2036.75,2038.5
5663,414,511,s,227,233.0,False,2036.75,2038.25
5664,443,509,s,227,228.0,False,2036.75,2037.0
5665,721,859,s,227,227.0,False,2036.75,2036.75
5666,839,877,s,227,233.0,False,2036.75,2038.25
5667,901,945,s,227,227.0,False,2036.75,2036.75
5668,923,893,s,227,228.0,False,2036.75,2037.0
5669,1093,966,s,227,236.0,False,2036.75,2039.0
5670,412,609,s,227,230.0,False,2036.75,2037.5
5671,603,737,s,227,228.0,False,2036.75,2037.0
5672,612,986,s,227,,False,2036.75,
5673,753,746,s,227,233.0,False,2036.75,2038.25
5674,821,786,s,227,238.0,False,2036.75,2039.5
5675,904,865,s,227,234.0,False,2036.75,2038.5
5676,942,708,s,227,229.0,False,2036.75,2037.25
5677,951,830,s,227,230.0,False,2036.75,2037.5
5678,1070,1115,s,227,229.0,False,2036.75,2037.25
5679,1039,296,l,227,232.0,True,2036.75,2038.0
5680,1048,574,l,227,,True,2036.75,
5681,913,927,l,227,231.0,True,2036.75,2037.75
5682,53,1068,s,228,233.0,False,2037.0,2038.25
5683,504,727,s,228,235.0,False,2037.0,2038.75
5684,592,583,s,228,231.0,False,2037.0,2037.75
5685,611,1105,s,228,230.0,False,2037.0,2037.5
5686,643,758,s,228,229.0,False,2037.0,2037.25
5687,654,716,s,228,229.0,False,2037.0,2037.25
5688,749,1054,s,228,230.0,False,2037.0,2037.5
5689,832,773,s,228,239.0,False,2037.0,2039.75
5690,848,854,s,228,230.0,False,2037.0,2037.5
5691,852,773,s,228,230.0,False,2037.0,2037.5
5692,906,99,s,228,232.0,False,2037.0,2038.0
5693,968,851,s,228,231.0,False,2037.0,2037.75
5694,192,416,s,228,229.0,False,2037.0,2037.25
5695,205,695,s,228,228.0,False,2037.0,2037.0
5696,502,672,s,228,237.0,False,2037.0,2039.25
5697,571,15,s,228,228.0,False,2037.0,2037.0
5698,607,619,s,228,232.0,False,2037.0,2038.0
5699,612,708,s,228,229.0,False,2037.0,2037.25
5700,751,856,s,228,230.0,False,2037.0,2037.5
5701,860,1054,s,228,239.0,False,2037.0,2039.75
5702,896,946,s,228,234.0,False,2037.0,2038.5
5703,482,818,s,228,229.0,False,2037.0,2037.25
5704,591,615,s,228,232.0,False,2037.0,2038.0
5705,611,718,s,228,237.0,False,2037.0,2039.25
5706,730,921,s,228,233.0,False,2037.0,2038.25
5707,860,788,s,228,230.0,False,2037.0,2037.5
5708,862,1115,s,228,231.0,False,2037.0,2037.75
5709,872,798,s,228,230.0,False,2037.0,2037.5
5710,848,985,l,228,,True,2037.0,
5711,169,629,l,228,237.0,True,2037.0,2039.25
5712,1132,768,l,228,,True,2037.0,
5713,944,885,l,228,,True,2037.0,
5714,572,1018,s,229,231.0,False,2037.25,2037.75
5715,702,757,s,229,229.0,False,2037.25,2037.25
5716,736,727,s,229,239.0,False,2037.25,2039.75
5717,931,695,s,229,233.0,False,2037.25,2038.25
5718,936,797,s,229,230.0,False,2037.25,2037.5
5719,332,836,s,229,229.0,False,2037.25,2037.25
5720,480,625,s,229,230.0,False,2037.25,2037.5
5721,595,761,s,229,237.0,False,2037.25,2039.25
5722,654,787,s,229,231.0,False,2037.25,2037.75
5723,656,625,s,229,229.0,False,2037.25,2037.25
5724,677,685,s,229,231.0,False,2037.25,2037.75
5725,701,877,s,229,232.0,False,2037.25,2038.0
5726,749,647,s,229,236.0,False,2037.25,2039.0
5727,753,639,s,229,230.0,False,2037.25,2037.5
5728,795,855,s,229,,False,2037.25,
5729,939,787,s,229,233.0,False,2037.25,2038.25
5730,651,808,s,229,230.0,False,2037.25,2037.5
5731,654,605,s,229,230.0,False,2037.25,2037.5
5732,656,410,s,229,235.0,False,2037.25,2038.75
5733,658,574,s,229,233.0,False,2037.25,2038.25
5734,662,831,s,229,232.0,False,2037.25,2038.0
5735,931,639,s,229,232.0,False,2037.25,2038.0
5736,937,891,s,229,230.0,False,2037.25,2037.5
5737,942,1106,s,229,233.0,False,2037.25,2038.25
5738,952,627,s,229,234.0,False,2037.25,2038.5
5739,539,1001,l,229,231.0,True,2037.25,2037.75
5740,886,847,l,229,,True,2037.25,
5741,979,969,l,229,,True,2037.25,
5742,749,1115,l,229,234.0,True,2037.25,2038.5
5743,783,767,l,229,,True,2037.25,
5744,332,639,s,230,231.0,False,2037.5,2037.75
5745,603,776,s,230,243.0,False,2037.5,2040.75
5746,860,871,s,230,232.0,False,2037.5,2038.0
5747,920,940,s,230,231.0,False,2037.5,2037.75
5748,942,615,s,230,238.0,False,2037.5,2039.5
5749,968,1126,s,230,238.0,False,2037.5,2039.5
5750,1093,902,s,230,231.0,False,2037.5,2037.75
5751,205,639,s,230,232.0,False,2037.5,2038.0
5752,443,789,s,230,239.0,False,2037.5,2039.75
5753,541,274,s,230,238.0,False,2037.5,2039.5
5754,660,877,s,230,231.0,False,2037.5,2037.75
5755,666,767,s,230,233.0,False,2037.5,2038.25
5756,738,1105,s,230,234.0,False,2037.5,2038.5
5757,842,798,s,230,240.0,False,2037.5,2040.0
5758,937,856,s,230,233.0,False,2037.5,2038.25
5759,214,776,s,230,231.0,False,2037.5,2037.75
5760,303,661,s,230,231.0,False,2037.5,2037.75
5761,313,635,s,230,235.0,False,2037.5,2038.75
5762,656,307,s,230,236.0,False,2037.5,2039.0
5763,657,818,s,230,,False,2037.5,
5764,705,746,s,230,232.0,False,2037.5,2038.0
5765,766,1035,s,230,233.0,False,2037.5,2038.25
5766,860,1056,s,230,235.0,False,2037.5,2038.75
5767,923,1104,s,230,231.0,False,2037.5,2037.75
5768,939,799,s,230,231.0,False,2037.5,2037.75
5769,953,965,s,230,234.0,False,2037.5,2038.5
5770,968,813,s,230,232.0,False,2037.5,2038.0
5771,1094,1009,s,230,236.0,False,2037.5,2039.0
5772,616,510,l,230,,True,2037.5,
5773,617,728,l,230,,True,2037.5,
5774,585,661,s,231,232.0,False,2037.75,2038.0
5775,620,630,s,231,243.0,False,2037.75,2040.75
5776,678,627,s,231,234.0,False,2037.75,2038.5
5777,942,787,s,231,231.0,False,2037.75,2037.75
5778,1107,627,s,231,232.0,False,2037.75,2038.0
5779,285,24,s,231,232.0,False,2037.75,2038.0
5780,303,630,s,231,234.0,False,2037.75,2038.5
5781,332,985,s,231,232.0,False,2037.75,2038.0
5782,628,509,s,231,232.0,False,2037.75,2038.0
5783,842,831,s,231,240.0,False,2037.75,2040.0
5784,842,855,s,231,235.0,False,2037.75,2038.75
5785,846,887,s,231,235.0,False,2037.75,2038.75
5786,974,938,s,231,235.0,False,2037.75,2038.75
5787,414,375,s,231,234.0,False,2037.75,2038.5
5788,620,647,s,231,235.0,False,2037.75,2038.75
5789,705,827,s,231,232.0,False,2037.75,2038.0
5790,852,693,s,231,232.0,False,2037.75,2038.0
5791,920,958,s,231,232.0,False,2037.75,2038.0
5792,585,15,l,231,,True,2037.75,
5793,974,966,l,231,,True,2037.75,
5794,330,82,s,232,239.0,False,2038.0,2039.75
5795,937,940,s,232,,False,2038.0,
5796,53,99,s,232,233.0,False,2038.0,2038.25
5797,172,63,s,232,235.0,False,2038.0,2038.75
5798,285,581,s,232,234.0,False,2038.0,2038.5
5799,607,776,s,232,236.0,False,2038.0,2039.0
5800,704,1115,s,232,233.0,False,2038.0,2038.25
5801,759,776,s,232,234.0,False,2038.0,2038.5
5802,801,877,s,232,238.0,False,2038.0,2039.5
5803,832,928,s,232,234.0,False,2038.0,2038.5
5804,869,605,s,232,233.0,False,2038.0,2038.25
5805,869,696,s,232,234.0,False,2038.0,2038.5
5806,889,606,s,232,239.0,False,2038.0,2039.75
5807,899,1054,s,232,234.0,False,2038.0,2038.5
5808,901,945,s,232,238.0,False,2038.0,2039.5
5809,947,845,s,232,235.0,False,2038.0,2038.75
5810,954,757,s,232,236.0,False,2038.0,2039.0
5811,241,568,s,232,236.0,False,2038.0,2039.0
5812,312,635,s,232,234.0,False,2038.0,2038.5
5813,620,788,s,232,235.0,False,2038.0,2038.75
5814,681,1054,s,232,238.0,False,2038.0,2039.5
5815,904,833,s,232,233.0,False,2038.0,2038.25
5816,1107,24,s,232,233.0,False,2038.0,2038.25
5817,1164,574,s,232,235.0,False,2038.0,2038.75
5818,53,667,l,232,,True,2038.0,
5819,60,243,l,232,237.0,True,2038.0,2039.25
5820,648,843,l,232,239.0,True,2038.0,2039.75
5821,909,820,l,232,,True,2038.0,
5822,944,946,l,232,,True,2038.0,
5823,720,820,l,232,,True,2038.0,
5824,312,1162,s,233,237.0,False,2038.25,2039.25
5825,443,16,s,233,233.0,False,2038.25,2038.25
5826,607,615,s,233,236.0,False,2038.25,2039.0
5827,607,1082,s,233,235.0,False,2038.25,2038.75
5828,656,641,s,233,240.0,False,2038.25,2040.0
5829,819,816,s,233,233.0,False,2038.25,2038.25
5830,953,1104,s,233,240.0,False,2038.25,2040.0
5831,974,1015,s,233,234.0,False,2038.25,2038.5
5832,64,129,s,233,240.0,False,2038.25,2040.0
5833,662,737,s,233,235.0,False,2038.25,2038.75
5834,662,1105,s,233,240.0,False,2038.25,2040.0
5835,680,696,s,233,239.0,False,2038.25,2039.75
5836,680,768,s,233,237.0,False,2038.25,2039.25
5837,681,847,s,233,234.0,False,2038.25,2038.5
5838,738,938,s,233,235.0,False,2038.25,2038.75
5839,821,728,s,233,234.0,False,2038.25,2038.5
5840,904,927,s,233,236.0,False,2038.25,2039.0
5841,904,1081,s,233,241.0,False,2038.25,2040.25
5842,951,855,s,233,235.0,False,2038.25,2038.75
5843,957,761,s,233,238.0,False,2038.25,2039.5
5844,172,410,s,233,234.0,False,2038.25,2038.5
5845,394,154,s,233,240.0,False,2038.25,2040.0
5846,480,695,s,233,235.0,False,2038.25,2038.75
5847,591,661,s,233,234.0,False,2038.25,2038.5
5848,872,787,s,233,241.0,False,2038.25,2040.25
5849,873,891,s,233,234.0,False,2038.25,2038.5
5850,987,740,s,233,238.0,False,2038.25,2039.5
5851,643,635,l,233,,True,2038.25,
5852,480,652,s,234,238.0,False,2038.5,2039.5
5853,502,1011,s,234,238.0,False,2038.5,2039.5
5854,616,627,s,234,240.0,False,2038.5,2040.0
5855,643,606,s,234,235.0,False,2038.5,2038.75
5856,936,807,s,234,234.0,False,2038.5,2038.5
5857,643,615,s,234,236.0,False,2038.5,2039.0
5858,705,851,s,234,234.0,False,2038.5,2038.5
5859,721,691,s,234,238.0,False,2038.5,2039.5
5860,749,883,s,234,235.0,False,2038.5,2038.75
5861,806,778,s,234,236.0,False,2038.5,2039.0
5862,873,854,s,234,236.0,False,2038.5,2039.0
5863,875,717,s,234,234.0,False,2038.5,2038.5
5864,957,940,s,234,236.0,False,2038.5,2039.0
5865,987,768,s,234,237.0,False,2038.5,2039.25
5866,46,150,s,234,235.0,False,2038.5,2038.75
5867,60,629,s,234,235.0,False,2038.5,2038.75
5868,60,652,s,234,236.0,False,2038.5,2039.0
5869,394,568,s,234,237.0,False,2038.5,2039.25
5870,611,757,s,234,237.0,False,2038.5,2039.25
5871,640,757,s,234,236.0,False,2038.5,2039.0
5872,646,606,s,234,236.0,False,2038.5,2039.0
5873,651,719,s,234,241.0,False,2038.5,2040.25
5874,681,807,s,234,235.0,False,2038.5,2038.75
5875,749,887,s,234,240.0,False,2038.5,2040.0
5876,872,865,s,234,239.0,False,2038.5,2039.75
5877,1028,799,s,234,236.0,False,2038.5,2039.0
5878,539,509,l,234,,True,2038.5,
5879,873,928,l,234,,True,2038.5,
5880,262,629,s,235,241.0,False,2038.75,2040.25
5881,638,1011,s,235,235.0,False,2038.75,2038.75
5882,680,984,s,235,235.0,False,2038.75,2038.75
5883,684,814,s,235,235.0,False,2038.75,2038.75
5884,815,807,s,235,237.0,False,2038.75,2039.25
5885,825,831,s,235,243.0,False,2038.75,2040.75
5886,881,877,s,235,240.0,False,2038.75,2040.0
5887,920,769,s,235,237.0,False,2038.75,2039.25
5888,1028,1104,s,235,240.0,False,2038.75,2040.0
5889,412,718,s,235,239.0,False,2038.75,2039.75
5890,504,618,s,235,238.0,False,2038.75,2039.5
5891,504,985,s,235,,False,2038.75,
5892,646,599,s,235,238.0,False,2038.75,2039.5
5893,702,757,s,235,236.0,False,2038.75,2039.0
5894,782,1067,s,235,237.0,False,2038.75,2039.25
5895,792,813,s,235,235.0,False,2038.75,2038.75
5896,1164,647,s,235,236.0,False,2038.75,2039.0
5897,191,1068,s,235,239.0,False,2038.75,2039.75
5898,417,1082,s,235,240.0,False,2038.75,2040.0
5899,571,691,s,235,238.0,False,2038.75,2039.5
5900,704,884,s,235,,False,2038.75,
5901,782,907,s,235,237.0,False,2038.75,2039.25
5902,839,938,s,235,237.0,False,2038.75,2039.25
5903,913,898,s,235,237.0,False,2038.75,2039.25
5904,918,727,s,235,240.0,False,2038.75,2040.0
5905,1107,636,s,235,239.0,False,2038.75,2039.75
5906,600,598,l,235,,True,2038.75,
5907,684,883,l,235,,True,2038.75,
5908,942,568,l,235,,True,2038.75,
5909,926,804,l,235,,True,2038.75,
5910,262,668,s,236,237.0,False,2039.0,2039.25
5911,646,82,s,236,236.0,False,2039.0,2039.0
5912,720,691,s,236,239.0,False,2039.0,2039.75
5913,801,891,s,236,238.0,False,2039.0,2039.5
5914,322,630,s,236,237.0,False,2039.0,2039.25
5915,412,757,s,236,238.0,False,2039.0,2039.5
5916,504,641,s,236,240.0,False,2039.0,2040.0
5917,620,787,s,236,238.0,False,2039.0,2039.5
5918,651,787,s,236,238.0,False,2039.0,2039.5
5919,681,984,s,236,242.0,False,2039.0,2040.5
5920,684,661,s,236,237.0,False,2039.0,2039.25
5921,765,831,s,236,239.0,False,2039.0,2039.75
5922,801,885,s,236,237.0,False,2039.0,2039.25
5923,950,902,s,236,,False,2039.0,
5924,1133,761,s,236,,False,2039.0,
5925,172,506,s,236,241.0,False,2039.0,2040.25
5926,539,307,s,236,237.0,False,2039.0,2039.25
5927,617,574,s,236,238.0,False,2039.0,2039.5
5928,637,727,s,236,239.0,False,2039.0,2039.75
5929,656,645,s,236,,False,2039.0,
5930,680,854,s,236,242.0,False,2039.0,2040.5
5931,214,929,l,236,,True,2039.0,
5932,612,789,l,236,,True,2039.0,
5933,60,339,s,237,238.0,False,2039.25,2039.5
5934,313,77,s,237,242.0,False,2039.25,2040.5
5935,646,851,s,237,241.0,False,2039.25,2040.25
5936,705,893,s,237,237.0,False,2039.25,2039.25
5937,752,1104,s,237,241.0,False,2039.25,2040.25
5938,792,958,s,237,237.0,False,2039.25,2039.25
5939,850,776,s,237,238.0,False,2039.25,2039.5
5940,852,921,s,237,,False,2039.25,
5941,942,804,s,237,241.0,False,2039.25,2040.25
5942,988,986,s,237,238.0,False,2039.25,2039.5
5943,1175,877,s,237,239.0,False,2039.25,2039.75
5944,79,625,s,237,,False,2039.25,
5945,412,146,s,237,241.0,False,2039.25,2040.25
5946,414,309,s,237,238.0,False,2039.25,2039.5
5947,585,914,s,237,239.0,False,2039.25,2039.75
5948,643,630,s,237,240.0,False,2039.25,2040.0
5949,654,629,s,237,,False,2039.25,
5950,656,1082,s,237,240.0,False,2039.25,2040.0
5951,680,895,s,237,242.0,False,2039.25,2040.5
5952,706,767,s,237,238.0,False,2039.25,2039.5
5953,753,686,s,237,239.0,False,2039.25,2039.75
5954,942,727,s,237,238.0,False,2039.25,2039.5
5955,957,716,s,237,241.0,False,2039.25,2040.25
5956,964,859,s,237,238.0,False,2039.25,2039.5
5957,987,844,s,237,239.0,False,2039.25,2039.75
5958,47,627,s,237,,False,2039.25,
5959,539,635,s,237,239.0,False,2039.25,2039.75
5960,651,630,s,237,239.0,False,2039.25,2039.75
5961,656,24,s,237,239.0,False,2039.25,2039.75
5962,701,679,s,237,238.0,False,2039.25,2039.5
5963,706,798,s,237,,False,2039.25,
5964,819,1161,s,237,240.0,False,2039.25,2040.0
5965,846,851,s,237,,False,2039.25,
5966,864,865,s,237,240.0,False,2039.25,2040.0
5967,894,935,s,237,240.0,False,2039.25,2040.0
5968,936,865,s,237,,False,2039.25,
5969,937,827,l,237,,True,2039.25,
5970,34,735,l,237,,True,2039.25,
5971,312,609,l,237,,True,2039.25,
5972,620,761,l,237,,True,2039.25,
5973,729,798,l,237,,True,2039.25,
5974,846,822,l,237,,True,2039.25,
5975,603,635,s,238,,False,2039.5,
5976,620,798,s,238,238.0,False,2039.5,2039.5
5977,690,606,s,238,241.0,False,2039.5,2040.25
5978,749,630,s,238,239.0,False,2039.5,2039.75
5979,934,845,s,238,,False,2039.5,
5980,936,1055,s,238,239.0,False,2039.5,2039.75
5981,952,1056,s,238,243.0,False,2039.5,2040.75
5982,600,645,s,238,242.0,False,2039.5,2040.5
5983,600,672,s,238,241.0,False,2039.5,2040.25
5984,632,652,s,238,241.0,False,2039.5,2040.25
5985,743,293,s,238,,False,2039.5,
5986,846,767,s,238,240.0,False,2039.5,2040.0
5987,860,883,s,238,,False,2039.5,
5988,876,948,s,238,239.0,False,2039.5,2039.75
5989,906,914,s,238,,False,2039.5,
5990,910,912,s,238,,False,2039.5,
5991,60,399,s,238,239.0,False,2039.5,2039.75
5992,480,625,s,238,240.0,False,2039.5,2040.0
5993,504,635,s,238,239.0,False,2039.5,2039.75
5994,628,949,s,238,239.0,False,2039.5,2039.75
5995,638,748,s,238,241.0,False,2039.5,2040.25
5996,656,636,s,238,239.0,False,2039.5,2039.75
5997,660,804,s,238,239.0,False,2039.5,2039.75
5998,684,653,s,238,,False,2039.5,
5999,819,893,s,238,241.0,False,2039.5,2040.25
6000,896,902,s,238,,False,2039.5,
6001,931,695,s,238,239.0,False,2039.5,2039.75
6002,942,661,s,238,241.0,False,2039.5,2040.25
6003,942,776,s,238,,False,2039.5,
6004,889,1068,l,238,,True,2039.5,
6005,651,663,l,238,,True,2039.5,
6006,169,309,s,239,242.0,False,2039.75,2040.5
6007,640,735,s,239,239.0,False,2039.75,2039.75
6008,677,309,s,239,241.0,False,2039.75,2040.25
6009,753,717,s,239,239.0,False,2039.75,2039.75
6010,936,883,s,239,241.0,False,2039.75,2040.25
6011,954,845,s,239,243.0,False,2039.75,2040.75
6012,455,1012,s,239,241.0,False,2039.75,2040.25
6013,721,912,s,239,240.0,False,2039.75,2040.0
6014,760,986,s,239,,False,2039.75,
6015,812,726,s,239,,False,2039.75,
6016,812,817,s,239,,False,2039.75,
6017,819,845,s,239,241.0,False,2039.75,2040.25
6018,825,940,s,239,241.0,False,2039.75,2040.25
6019,957,927,s,239,240.0,False,2039.75,2040.0
6020,394,652,s,239,241.0,False,2039.75,2040.25
6021,572,693,s,239,242.0,False,2039.75,2040.5
6022,616,719,s,239,240.0,False,2039.75,2040.0
6023,643,685,s,239,241.0,False,2039.75,2040.25
6024,676,691,s,239,240.0,False,2039.75,2040.0
6025,1020,943,s,239,241.0,False,2039.75,2040.25
6026,1164,351,s,239,,False,2039.75,
6027,313,789,l,239,,True,2039.75,
6028,455,498,l,239,,True,2039.75,
6029,889,768,l,239,,True,2039.75,
6030,47,691,s,240,243.0,False,2040.0,2040.75
6031,502,773,s,240,,False,2040.0,
6032,585,679,s,240,243.0,False,2040.0,2040.75
6033,591,750,s,240,,False,2040.0,
6034,654,757,s,240,,False,2040.0,
6035,702,1018,s,240,242.0,False,2040.0,2040.5
6036,704,843,s,240,,False,2040.0,
6037,707,938,s,240,243.0,False,2040.0,2040.75
6038,863,1126,s,240,,False,2040.0,
6039,920,1126,s,240,242.0,False,2040.0,2040.5
6040,214,283,s,240,,False,2040.0,
6041,638,798,s,240,241.0,False,2040.0,2040.25
6042,738,773,s,240,,False,2040.0,
6043,749,900,s,240,,False,2040.0,
6044,570,818,s,240,241.0,False,2040.0,2040.25
6045,571,691,s,240,,False,2040.0,
6046,571,817,s,240,243.0,False,2040.0,2040.75
6047,660,807,s,240,,False,2040.0,
6048,677,773,s,240,,False,2040.0,
6049,677,859,s,240,,False,2040.0,
6050,680,787,s,240,,False,2040.0,
6051,889,797,s,240,,False,2040.0,
6052,993,890,s,240,,False,2040.0,
6053,620,716,l,240,,True,2040.0,
6054,684,877,l,240,,True,2040.0,
6055,669,911,l,240,,True,2040.0,
6056,987,929,l,240,,True,2040.0,
6057,1133,958,l,240,,True,2040.0,
6058,607,708,l,240,,True,2040.0,
6059,942,685,l,240,,True,2040.0,
6060,707,798,s,241,241.0,False,2040.25,2040.25
6061,721,827,s,241,,False,2040.25,
6062,950,948,s,241,,False,2040.25,
6063,968,928,s,241,,False,2040.25,
6064,1028,911,s,241,,False,2040.25,
6065,1107,605,s,241,242.0,False,2040.25,2040.5
6066,394,410,s,241,,False,2040.25,
6067,394,605,s,241,243.0,False,2040.25,2040.75
6068,412,789,s,241,,False,2040.25,
6069,482,24,s,241,242.0,False,2040.25,2040.5
6070,721,735,s,241,,False,2040.25,
6071,815,1182,s,241,,False,2040.25,
6072,839,814,s,241,242.0,False,2040.25,2040.5
6073,869,757,s,241,,False,2040.25,
6074,920,1081,s,241,,False,2040.25,
6075,936,1007,s,241,,False,2040.25,
6076,936,1126,s,241,,False,2040.25,
6077,1020,1023,s,241,243.0,False,2040.25,2040.75
6078,169,284,s,241,242.0,False,2040.25,2040.5
6079,591,789,s,241,243.0,False,2040.25,2040.75
6080,607,605,s,241,,False,2040.25,
6081,640,636,s,241,,False,2040.25,
6082,651,865,s,241,,False,2040.25,
6083,654,767,s,241,243.0,False,2040.25,2040.75
6084,656,24,s,241,243.0,False,2040.25,2040.75
6085,720,691,s,241,,False,2040.25,
6086,889,1162,s,241,,False,2040.25,
6087,939,851,s,241,242.0,False,2040.25,2040.5
6088,942,696,s,241,,False,2040.25,
6089,961,859,s,241,,False,2040.25,
6090,702,861,l,241,,True,2040.25,
6091,872,799,l,241,,True,2040.25,
6092,923,844,l,241,,True,2040.25,
6093,570,1011,s,242,243.0,False,2040.5,2040.75
6094,603,51,s,242,243.0,False,2040.5,2040.75
6095,616,1018,s,242,243.0,False,2040.5,2040.75
6096,651,768,s,242,,False,2040.5,
6097,656,627,s,242,,False,2040.5,
6098,819,776,s,242,,False,2040.5,
6099,931,695,s,242,243.0,False,2040.5,2040.75
6100,954,935,s,242,,False,2040.5,
6101,1071,833,s,242,242.0,False,2040.5,2040.5
6102,1175,900,s,242,243.0,False,2040.5,2040.75
6103,570,629,s,242,,False,2040.5,
6104,875,898,s,242,,False,2040.5,
6105,313,510,s,242,,False,2040.5,
6106,751,969,s,242,,False,2040.5,
6107,759,969,s,242,,False,2040.5,
6108,869,778,s,242,243.0,False,2040.5,2040.75
6109,881,895,s,242,,False,2040.5,
6110,942,717,s,242,,False,2040.5,
6111,1073,652,s,242,,False,2040.5,
6112,1133,1104,s,242,,False,2040.5,
6113,34,663,l,242,,True,2040.5,
6114,330,296,l,242,,True,2040.5,
6115,34,789,l,242,,True,2040.5,
6116,539,606,s,243,,False,2040.75,
6117,702,727,s,243,,False,2040.75,
6118,702,773,s,243,,False,2040.75,
6119,706,653,s,243,,False,2040.75,
6120,889,503,s,243,,False,2040.75,
6121,889,581,s,243,,False,2040.75,
6122,980,997,s,243,,False,2040.75,
6123,1118,833,s,243,,False,2040.75,
6124,572,750,s,243,,False,2040.75,
6125,591,761,s,243,,False,2040.75,
6126,616,768,s,243,,False,2040.75,
6127,638,630,s,243,,False,2040.75,
6128,702,814,s,243,243.0,False,2040.75,2040.75
6129,720,817,s,243,243.0,False,2040.75,2040.75
6130,759,958,s,243,,False,2040.75,
6131,819,914,s,243,,False,2040.75,
6132,937,877,s,243,,False,2040.75,
6133,1093,912,s,243,,False,2040.75,
6134,291,293,s,243,,False,2040.75,
6135,585,1035,s,243,,False,2040.75,
6136,591,573,s,243,,False,2040.75,
6137,600,636,s,243,,False,2040.75,
6138,815,778,s,243,,False,2040.75,
6139,910,984,s,243,,False,2040.75,
6140,490,176,l,243,,True,2040.75,
6141,291,915,l,243,,True,2040.75,
6142,572,685,l,243,,True,2040.75,
6143,644,855,l,243,,True,2040.75,
6144,665,737,l,243,,True,2040.75,
6145,951,844,l,243,,True,2040.75,
6146,1095,255,l,243,,True,2040.75,
