eid,f,m,layer,t_start,t_end,long,start_year,end_year
0,218,51,s,-1,4.0,False,1980.0,1981.0
1,917,85,s,-1,1.0,False,1980.0,1980.25
2,515,142,s,-1,0.0,False,1980.0,1980.0
3,807,396,s,-1,0.0,False,1980.0,1980.0
4,335,669,s,-1,3.0,False,1980.0,1980.75
5,718,605,s,-1,9.0,False,1980.0,1982.25
6,756,41,s,-1,1.0,False,1980.0,1980.25
7,592,378,s,-1,0.0,False,1980.0,1980.0
8,889,943,s,-1,5.0,False,1980.0,1981.25
9,76,964,s,-1,3.0,False,1980.0,1980.75
10,466,973,s,-1,1.0,False,1980.0,1980.25
11,796,650,s,-1,0.0,False,1980.0,1980.0
12,304,857,s,-1,7.0,False,1980.0,1981.75
13,764,148,s,-1,0.0,False,1980.0,1980.0
14,862,907,s,-1,0.0,False,1980.0,1980.0
15,215,617,s,-1,13.0,False,1980.0,1983.25
16,301,344,s,-1,1.0,False,1980.0,1980.25
17,862,110,s,-1,0.0,False,1980.0,1980.0
18,625,861,s,-1,0.0,False,1980.0,1980.0
19,218,338,s,-1,0.0,False,1980.0,1980.0
20,278,110,s,-1,4.0,False,1980.0,1981.0
21,381,189,s,-1,3.0,False,1980.0,1980.75
22,610,80,s,-1,0.0,False,1980.0,1980.0
23,991,495,s,-1,4.0,False,1980.0,1981.0
24,764,887,s,-1,4.0,False,1980.0,1981.0
25,274,320,s,-1,0.0,False,1980.0,1980.0
26,515,835,s,-1,0.0,False,1980.0,1980.0
27,889,344,s,-1,1.0,False,1980.0,1980.25
28,949,265,s,-1,0.0,False,1980.0,1980.0
29,363,751,s,-1,0.0,False,1980.0,1980.0
30,626,728,s,-1,4.0,False,1980.0,1981.0
31,725,839,s,-1,0.0,False,1980.0,1980.0
32,889,148,s,-1,0.0,False,1980.0,1980.0
33,518,899,s,-1,9.0,False,1980.0,1982.25
34,591,969,s,-1,0.0,False,1980.0,1980.0
35,732,340,s,-1,3.0,False,1980.0,1980.75
36,18,617,s,-1,1.0,False,1980.0,1980.25
37,40,578,s,-1,1.0,False,1980.0,1980.25
38,791,462,s,-1,2.0,False,1980.0,1980.5
39,215,344,s,-1,2.0,False,1980.0,1980.5
40,626,5,s,-1,5.0,False,1980.0,1981.25
41,916,628,s,-1,13.0,False,1980.0,1983.25
42,215,162,s,-1,1.0,False,1980.0,1980.25
43,372,782,s,-1,0.0,False,1980.0,1980.0
44,382,930,s,-1,2.0,False,1980.0,1980.5
45,917,578,s,-1,1.0,False,1980.0,1980.25
46,991,873,s,-1,0.0,False,1980.0,1980.0
47,276,828,s,-1,1.0,False,1980.0,1980.25
48,434,650,s,-1,0.0,False,1980.0,1980.0
49,459,969,s,-1,0.0,False,1980.0,1980.0
50,917,921,s,-1,5.0,False,1980.0,1981.25
51,62,887,s,-1,0.0,False,1980.0,1980.0
52,503,31,s,-1,0.0,False,1980.0,1980.0
53,625,987,s,-1,14.0,False,1980.0,1983.5
54,732,280,s,-1,0.0,False,1980.0,1980.0
55,884,475,s,-1,0.0,False,1980.0,1980.0
56,503,523,s,-1,0.0,False,1980.0,1980.0
57,788,170,s,-1,5.0,False,1980.0,1981.25
58,515,344,s,-1,1.0,False,1980.0,1980.25
59,274,406,s,-1,6.0,False,1980.0,1981.5
60,458,656,s,-1,0.0,False,1980.0,1980.0
61,674,805,s,-1,2.0,False,1980.0,1980.5
62,716,49,s,-1,0.0,False,1980.0,1980.0
63,884,148,s,-1,0.0,False,1980.0,1980.0
64,885,320,s,-1,7.0,False,1980.0,1981.75
65,111,887,s,-1,19.0,False,1980.0,1984.75
66,155,982,s,-1,0.0,False,1980.0,1980.0
67,515,31,s,-1,10.0,False,1980.0,1982.5
68,756,110,s,-1,2.0,False,1980.0,1980.5
69,764,834,s,-1,5.0,False,1980.0,1981.25
70,769,319,s,-1,0.0,False,1980.0,1980.0
71,916,653,s,-1,2.0,False,1980.0,1980.5
72,18,973,s,-1,10.0,False,1980.0,1982.5
73,141,80,s,-1,0.0,False,1980.0,1980.0
74,274,435,s,-1,0.0,False,1980.0,1980.0
75,626,782,s,-1,0.0,False,1980.0,1980.0
76,872,965,s,-1,2.0,False,1980.0,1980.5
77,884,170,s,-1,6.0,False,1980.0,1981.5
78,76,167,s,-1,0.0,False,1980.0,1980.0
79,76,578,s,-1,3.0,False,1980.0,1980.75
80,492,550,s,-1,2.0,False,1980.0,1980.5
81,501,615,s,-1,4.0,False,1980.0,1981.0
82,764,428,s,-1,6.0,False,1980.0,1981.5
83,777,338,s,-1,0.0,False,1980.0,1980.0
84,884,221,s,-1,0.0,False,1980.0,1980.0
85,30,650,s,-1,2.0,False,1980.0,1980.5
86,509,110,s,-1,0.0,False,1980.0,1980.0
87,716,857,s,-1,2.0,False,1980.0,1980.5
88,725,828,s,-1,0.0,False,1980.0,1980.0
89,764,344,s,-1,3.0,False,1980.0,1980.75
90,796,391,s,-1,0.0,False,1980.0,1980.0
91,949,1,s,-1,0.0,False,1980.0,1980.0
92,991,378,s,-1,6.0,False,1980.0,1981.5
93,278,578,s,-1,3.0,False,1980.0,1980.75
94,316,4,s,-1,0.0,False,1980.0,1980.0
95,520,964,s,-1,0.0,False,1980.0,1980.0
96,542,578,s,-1,1.0,False,1980.0,1980.25
97,598,80,s,-1,0.0,False,1980.0,1980.0
98,774,834,s,-1,4.0,False,1980.0,1981.0
99,791,656,s,-1,0.0,False,1980.0,1980.0
100,884,747,s,-1,1.0,False,1980.0,1980.25
101,2,578,s,-1,0.0,False,1980.0,1980.0
102,155,523,s,-1,6.0,False,1980.0,1981.5
103,249,656,s,-1,0.0,False,1980.0,1980.0
104,278,106,s,-1,1.0,False,1980.0,1980.25
105,674,148,s,-1,0.0,False,1980.0,1980.0
106,725,675,s,-1,6.0,False,1980.0,1981.5
107,791,320,s,-1,3.0,False,1980.0,1980.75
108,807,835,s,-1,4.0,False,1980.0,1981.0
109,832,982,s,-1,0.0,False,1980.0,1980.0
110,916,656,s,-1,0.0,False,1980.0,1980.0
111,953,733,s,-1,2.0,False,1980.0,1980.5
112,18,537,s,-1,1.0,False,1980.0,1980.25
113,76,947,s,-1,5.0,False,1980.0,1981.25
114,485,578,s,-1,9.0,False,1980.0,1982.25
115,559,265,s,-1,0.0,False,1980.0,1980.0
116,591,384,s,-1,0.0,False,1980.0,1980.0
117,884,344,s,-1,2.0,False,1980.0,1980.5
118,917,596,s,-1,0.0,False,1980.0,1980.0
119,967,650,s,-1,0.0,False,1980.0,1980.0
120,335,694,s,-1,0.0,False,1980.0,1980.0
121,503,240,s,-1,0.0,False,1980.0,1980.0
122,591,861,s,-1,8.0,False,1980.0,1982.0
123,769,537,s,-1,0.0,False,1980.0,1980.0
124,788,85,s,-1,1.0,False,1980.0,1980.25
125,791,733,s,-1,4.0,False,1980.0,1981.0
126,889,925,s,-1,5.0,False,1980.0,1981.25
127,936,391,s,-1,6.0,False,1980.0,1981.5
128,977,325,s,-1,6.0,False,1980.0,1981.5
129,991,650,s,-1,0.0,False,1980.0,1980.0
130,18,839,s,-1,0.0,False,1980.0,1980.0
131,274,175,s,-1,4.0,False,1980.0,1981.0
132,274,656,s,-1,0.0,False,1980.0,1980.0
133,792,790,s,-1,0.0,False,1980.0,1980.0
134,792,892,s,-1,0.0,False,1980.0,1980.0
135,807,358,s,-1,4.0,False,1980.0,1981.0
136,872,790,s,-1,4.0,False,1980.0,1981.0
137,889,31,s,-1,2.0,False,1980.0,1980.5
138,917,80,s,-1,0.0,False,1980.0,1980.0
139,949,148,s,-1,0.0,False,1980.0,1980.0
140,991,320,s,-1,2.0,False,1980.0,1980.5
141,991,628,s,-1,1.0,False,1980.0,1980.25
142,30,49,s,-1,4.0,False,1980.0,1981.0
143,111,162,s,-1,3.0,False,1980.0,1980.75
144,155,839,s,-1,0.0,False,1980.0,1980.0
145,157,110,s,-1,1.0,False,1980.0,1980.25
146,274,835,s,-1,2.0,False,1980.0,1980.5
147,439,890,s,-1,1.0,False,1980.0,1980.25
148,459,959,s,-1,2.0,False,1980.0,1980.5
149,541,617,s,-1,5.0,False,1980.0,1981.25
150,541,650,s,-1,1.0,False,1980.0,1980.25
151,590,338,s,-1,0.0,False,1980.0,1980.0
152,674,162,s,-1,0.0,False,1980.0,1980.0
153,732,396,s,-1,0.0,False,1980.0,1980.0
154,791,129,s,-1,15.0,False,1980.0,1983.75
155,791,650,s,-1,1.0,False,1980.0,1980.25
156,796,964,s,-1,7.0,False,1980.0,1981.75
157,924,4,s,-1,0.0,False,1980.0,1980.0
158,967,982,s,-1,0.0,False,1980.0,1980.0
159,991,733,s,-1,1.0,False,1980.0,1980.25
160,30,320,l,-1,8.0,True,1980.0,1982.0
161,30,786,l,-1,8.0,True,1980.0,1982.0
162,111,424,l,-1,4.0,True,1980.0,1981.0
163,120,617,l,-1,8.0,True,1980.0,1982.0
164,141,435,l,-1,0.0,True,1980.0,1980.0
165,473,344,l,-1,61.0,True,1980.0,1995.25
166,473,987,l,-1,6.0,True,1980.0,1981.5
167,497,378,l,-1,63.0,True,1980.0,1995.75
168,591,449,l,-1,4.0,True,1980.0,1981.0
169,731,391,l,-1,176.0,True,1980.0,2024.0
170,791,407,l,-1,63.0,True,1980.0,1995.75
171,792,656,l,-1,0.0,True,1980.0,1980.0
172,851,685,l,-1,0.0,True,1980.0,1980.0
173,872,86,l,-1,4.0,True,1980.0,1981.0
174,889,828,l,-1,24.0,True,1980.0,1986.0
175,889,935,l,-1,0.0,True,1980.0,1980.0
176,889,987,l,-1,22.0,True,1980.0,1985.5
177,949,31,l,-1,0.0,True,1980.0,1980.0
178,590,685,l,-1,0.0,True,1980.0,1980.0
179,133,41,l,-1,19.0,True,1980.0,1984.75
180,791,877,l,-1,0.0,True,1980.0,1980.0
181,769,835,l,-1,42.0,True,1980.0,1990.5
182,592,650,l,-1,0.0,True,1980.0,1980.0
183,885,965,l,-1,78.0,True,1980.0,1999.5
184,916,786,l,-1,4.0,True,1980.0,1981.0
185,223,263,l,-1,2.0,True,1980.0,1980.5
186,792,391,l,-1,176.0,True,1980.0,2024.0
187,151,959,l,-1,6.0,True,1980.0,1981.5
188,434,656,l,-1,0.0,True,1980.0,1980.0
189,591,263,l,-1,24.0,True,1980.0,1986.0
190,608,617,l,-1,0.0,True,1980.0,1980.0
191,788,762,l,-1,155.0,True,1980.0,2018.75
192,949,319,l,-1,0.0,True,1980.0,1980.0
193,274,947,l,-1,23.0,True,1980.0,1985.75
194,515,100,l,-1,33.0,True,1980.0,1988.25
195,591,747,l,-1,40.0,True,1980.0,1990.0
196,870,428,l,-1,12.0,True,1980.0,1983.0
197,492,617,l,-1,96.0,True,1980.0,2004.0
198,889,281,l,-1,48.0,True,1980.0,1992.0
199,223,384,l,-1,0.0,True,1980.0,1980.0
200,155,857,l,-1,92.0,True,1980.0,2003.0
201,515,106,l,-1,5.0,True,1980.0,1981.25
202,503,148,l,-1,0.0,True,1980.0,1980.0
203,372,162,l,-1,60.0,True,1980.0,1995.0
204,459,755,l,-1,45.0,True,1980.0,1991.25
205,515,656,l,-1,0.0,True,1980.0,1980.0
206,76,899,l,-1,8.0,True,1980.0,1982.0
207,274,578,l,-1,3.0,True,1980.0,1980.75
208,889,981,l,-1,8.0,True,1980.0,1982.0
209,503,669,l,-1,0.0,True,1980.0,1980.0
210,949,650,l,-1,0.0,True,1980.0,1980.0
211,672,664,l,-1,0.0,True,1980.0,1980.0
212,977,628,l,-1,8.0,True,1980.0,1982.0
213,274,407,l,-1,92.0,True,1980.0,2003.0
214,497,435,l,-1,0.0,True,1980.0,1980.0
215,626,675,l,-1,52.0,True,1980.0,1993.0
216,764,675,l,-1,1.0,True,1980.0,1980.25
217,777,656,l,-1,0.0,True,1980.0,1980.0
218,917,129,l,-1,45.0,True,1980.0,1991.25
219,859,650,l,-1,22.0,True,1980.0,1985.5
220,993,499,l,-1,27.0,True,1980.0,1986.75
221,155,656,l,-1,0.0,True,1980.0,1980.0
222,796,628,l,-1,7.0,True,1980.0,1981.75
223,155,221,l,-1,0.0,True,1980.0,1980.0
224,111,646,l,-1,0.0,True,1980.0,1980.0
225,936,656,l,-1,0.0,True,1980.0,1980.0
226,133,170,l,-1,24.0,True,1980.0,1986.0
227,731,78,l,-1,9.0,True,1980.0,1982.25
228,851,31,l,-1,0.0,True,1980.0,1980.0
229,503,981,l,-1,0.0,True,1980.0,1980.0
230,807,129,l,-1,69.0,True,1980.0,1997.25
231,497,947,l,-1,104.0,True,1980.0,2006.0
232,792,578,l,-1,1.0,True,1980.0,1980.25
233,991,80,l,-1,0.0,True,1980.0,1980.0
234,335,675,l,-1,12.0,True,1980.0,1983.0
235,501,593,l,-1,135.0,True,1980.0,2013.75
236,886,675,l,-1,67.0,True,1980.0,1996.75
237,147,221,l,-1,0.0,True,1980.0,1980.0
238,737,857,l,-1,29.0,True,1980.0,1987.25
239,458,751,l,-1,0.0,True,1980.0,1980.0
240,807,733,l,-1,9.0,True,1980.0,1982.25
241,807,921,l,-1,5.0,True,1980.0,1981.25
242,503,106,l,-1,0.0,True,1980.0,1980.0
243,439,435,l,-1,0.0,True,1980.0,1980.0
244,597,499,l,-1,46.0,True,1980.0,1991.5
245,744,424,l,-1,18.0,True,1980.0,1984.5
246,725,981,l,-1,8.0,True,1980.0,1982.0
247,372,675,l,-1,39.0,True,1980.0,1989.75
248,718,965,l,-1,2.0,True,1980.0,1980.5
249,769,617,l,-1,45.0,True,1980.0,1991.25
250,372,617,l,-1,31.0,True,1980.0,1987.75
251,796,820,l,-1,9.0,True,1980.0,1982.25
252,884,839,l,-1,0.0,True,1980.0,1980.0
253,73,669,l,-1,20.0,True,1980.0,1985.0
254,732,596,l,-1,0.0,True,1980.0,1980.0
255,467,964,l,-1,18.0,True,1980.0,1984.5
256,791,628,l,-1,11.0,True,1980.0,1982.75
257,792,685,l,-1,71.0,True,1980.0,1997.75
258,30,964,l,-1,8.0,True,1980.0,1982.0
259,764,162,l,-1,23.0,True,1980.0,1985.75
260,949,550,l,-1,0.0,True,1980.0,1980.0
261,155,943,l,-1,2.0,True,1980.0,1980.5
262,674,344,l,-1,61.0,True,1980.0,1995.25
263,111,568,l,-1,56.0,True,1980.0,1994.0
264,559,887,l,-1,33.0,True,1980.0,1988.25
265,30,189,l,-1,8.0,True,1980.0,1982.0
266,76,499,l,-1,8.0,True,1980.0,1982.0
267,372,148,l,-1,0.0,True,1980.0,1980.0
268,732,921,l,-1,59.0,True,1980.0,1994.75
269,949,424,l,-1,0.0,True,1980.0,1980.0
270,988,378,l,-1,38.0,True,1980.0,1989.5
271,611,656,l,-1,0.0,True,1980.0,1980.0
272,681,762,l,-1,3.0,True,1980.0,1980.75
273,792,810,l,-1,0.0,True,1980.0,1980.0
274,949,782,l,-1,0.0,True,1980.0,1980.0
275,439,820,l,-1,1.0,True,1980.0,1980.25
276,592,106,l,-1,0.0,True,1980.0,1980.0
277,119,617,l,-1,11.0,True,1980.0,1982.75
278,206,857,l,-1,0.0,True,1980.0,1980.0
279,458,857,l,-1,0.0,True,1980.0,1980.0
280,591,31,l,-1,3.0,True,1980.0,1980.75
281,916,110,l,-1,20.0,True,1980.0,1985.0
282,274,85,l,-1,24.0,True,1980.0,1986.0
283,967,617,l,-1,2.0,True,1980.0,1980.5
284,133,80,l,-1,0.0,True,1980.0,1980.0
285,515,650,l,-1,56.0,True,1980.0,1994.0
286,826,965,l,-1,0.0,True,1980.0,1980.0
287,769,669,l,-1,42.0,True,1980.0,1990.5
288,884,31,l,-1,44.0,True,1980.0,1991.0
289,917,656,l,-1,0.0,True,1980.0,1980.0
290,155,7,l,-1,7.0,True,1980.0,1981.75
291,884,686,l,-1,3.0,True,1980.0,1980.75
292,76,80,l,-1,0.0,True,1980.0,1980.0
293,791,80,l,-1,0.0,True,1980.0,1980.0
294,111,834,l,-1,16.0,True,1980.0,1984.0
295,155,747,l,-1,17.0,True,1980.0,1984.25
296,372,568,l,-1,1.0,True,1980.0,1980.25
297,501,656,l,-1,0.0,True,1980.0,1980.0
298,135,790,l,-1,84.0,True,1980.0,2001.0
299,155,369,l,-1,77.0,True,1980.0,1999.25
300,731,656,l,-1,0.0,True,1980.0,1980.0
301,287,751,l,-1,1.0,True,1980.0,1980.25
302,165,887,l,-1,0.0,True,1980.0,1980.0
303,788,892,l,-1,0.0,True,1980.0,1980.0
304,76,663,l,-1,4.0,True,1980.0,1981.0
305,342,932,l,-1,29.0,True,1980.0,1987.25
306,764,21,l,-1,56.0,True,1980.0,1994.0
307,18,148,l,-1,0.0,True,1980.0,1980.0
308,274,495,l,-1,4.0,True,1980.0,1981.0
309,744,578,l,-1,192.0,True,1980.0,2028.0
310,764,987,l,-1,35.0,True,1980.0,1988.75
311,807,435,l,-1,0.0,True,1980.0,1980.0
312,141,280,l,-1,19.0,True,1980.0,1984.75
313,342,90,l,-1,18.0,True,1980.0,1984.5
314,532,153,l,-1,4.0,True,1980.0,1981.0
315,40,324,l,-1,123.0,True,1980.0,2010.75
316,18,344,l,-1,48.0,True,1980.0,1992.0
317,732,320,l,-1,19.0,True,1980.0,1984.75
318,625,31,l,-1,20.0,True,1980.0,1985.0
319,949,939,l,-1,0.0,True,1980.0,1980.0
320,886,31,l,-1,35.0,True,1980.0,1988.75
321,949,839,l,-1,0.0,True,1980.0,1980.0
322,796,810,l,-1,0.0,True,1980.0,1980.0
323,155,973,l,-1,92.0,True,1980.0,2003.0
324,439,131,l,-1,0.0,True,1980.0,1980.0
325,30,965,l,-1,8.0,True,1980.0,1982.0
326,381,857,l,-1,65.0,True,1980.0,1996.25
327,471,865,l,-1,8.0,True,1980.0,1982.0
328,133,605,l,-1,76.0,True,1980.0,1999.0
329,515,170,l,-1,56.0,True,1980.0,1994.0
330,316,110,l,-1,23.0,True,1980.0,1985.75
331,335,987,l,-1,32.0,True,1980.0,1988.0
332,718,378,l,-1,29.0,True,1980.0,1987.25
333,807,965,l,-1,30.0,True,1980.0,1987.5
334,647,887,l,-1,100.0,True,1980.0,2005.0
335,862,653,l,-1,0.0,True,1980.0,1980.0
336,2,685,l,-1,0.0,True,1980.0,1980.0
337,492,265,l,-1,0.0,True,1980.0,1980.0
338,991,656,l,-1,0.0,True,1980.0,1980.0
339,725,7,l,-1,56.0,True,1980.0,1994.0
340,889,959,l,-1,12.0,True,1980.0,1983.0
341,807,857,l,-1,43.0,True,1980.0,1990.75
342,884,782,l,-1,12.0,True,1980.0,1983.0
343,674,31,l,-1,6.0,True,1980.0,1981.5
344,335,982,l,-1,0.0,True,1980.0,1980.0
345,515,685,l,-1,32.0,True,1980.0,1988.0
346,269,605,l,-1,76.0,True,1980.0,1999.0
347,503,617,l,-1,0.0,True,1980.0,1980.0
348,915,947,l,-1,0.0,True,1980.0,1980.0
349,592,762,l,-1,0.0,True,1980.0,1980.0
350,889,617,l,-1,41.0,True,1980.0,1990.25
351,917,462,l,-1,53.0,True,1980.0,1993.25
352,276,834,l,-1,16.0,True,1980.0,1984.0
353,434,965,l,-1,0.0,True,1980.0,1980.0
354,556,762,l,-1,4.0,True,1980.0,1981.0
355,788,835,l,-1,12.0,True,1980.0,1983.0
356,18,240,l,-1,0.0,True,1980.0,1980.0
357,133,435,l,-1,0.0,True,1980.0,1980.0
358,512,839,l,-1,0.0,True,1980.0,1980.0
359,503,83,l,-1,0.0,True,1980.0,1980.0
360,111,523,l,-1,21.0,True,1980.0,1985.25
361,135,835,l,-1,67.0,True,1980.0,1996.75
362,102,921,l,-1,0.0,True,1980.0,1980.0
363,155,344,l,-1,19.0,True,1980.0,1984.75
364,223,319,l,-1,0.0,True,1980.0,1980.0
365,111,578,l,-1,56.0,True,1980.0,1994.0
366,135,499,l,-1,37.0,True,1980.0,1989.25
367,591,935,l,-1,0.0,True,1980.0,1980.0
368,716,596,l,-1,0.0,True,1980.0,1980.0
369,791,340,l,-1,100.0,True,1980.0,2005.0
370,274,170,l,-1,65.0,True,1980.0,1996.25
371,796,656,l,-1,0.0,True,1980.0,1980.0
372,274,857,l,-1,92.0,True,1980.0,2003.0
373,859,932,l,-1,29.0,True,1980.0,1987.25
374,917,663,l,-1,25.0,True,1980.0,1986.25
375,503,806,l,-1,0.0,True,1980.0,1980.0
376,18,496,l,-1,21.0,True,1980.0,1985.25
377,503,987,l,-1,0.0,True,1980.0,1980.0
378,515,694,l,-1,28.0,True,1980.0,1987.0
379,916,762,l,-1,142.0,True,1980.0,2015.5
380,157,857,l,-1,10.0,True,1980.0,1982.5
381,118,617,l,-1,44.0,True,1980.0,1991.0
382,623,308,l,-1,0.0,True,1980.0,1980.0
383,764,263,l,-1,11.0,True,1980.0,1982.75
384,111,1040,s,0,1.0,False,1980.0,1980.25
385,133,462,s,0,1.0,False,1980.0,1980.25
386,143,428,s,0,3.0,False,1980.0,1980.75
387,335,1045,s,0,0.0,False,1980.0,1980.0
388,364,981,s,0,2.0,False,1980.0,1980.5
389,439,462,s,0,0.0,False,1980.0,1980.0
390,597,650,s,0,2.0,False,1980.0,1980.5
391,734,890,s,0,9.0,False,1980.0,1982.25
392,792,170,s,0,2.0,False,1980.0,1980.5
393,884,617,s,0,15.0,False,1980.0,1983.75
394,884,669,s,0,4.0,False,1980.0,1981.0
395,1122,550,s,0,3.0,False,1980.0,1980.75
396,1123,1051,s,0,0.0,False,1980.0,1980.0
397,1126,834,s,0,3.0,False,1980.0,1980.75
398,111,669,s,0,6.0,False,1980.0,1981.5
399,155,1051,s,0,4.0,False,1980.0,1981.0
400,196,947,s,0,1.0,False,1980.0,1980.25
401,372,428,s,0,9.0,False,1980.0,1982.25
402,725,617,s,0,2.0,False,1980.0,1980.5
403,756,1035,s,0,1.0,False,1980.0,1980.25
404,769,31,s,0,8.0,False,1980.0,1982.0
405,791,49,s,0,1.0,False,1980.0,1980.25
406,991,964,s,0,2.0,False,1980.0,1980.5
407,1116,617,s,0,18.0,False,1980.0,1984.5
408,1116,685,s,0,3.0,False,1980.0,1980.75
409,1116,943,s,0,1.0,False,1980.0,1980.25
410,1131,1066,s,0,3.0,False,1980.0,1980.75
411,30,615,s,0,3.0,False,1980.0,1980.75
412,44,685,s,0,1.0,False,1980.0,1980.25
413,76,320,s,0,5.0,False,1980.0,1981.25
414,155,834,s,0,4.0,False,1980.0,1981.0
415,218,1055,s,0,11.0,False,1980.0,1982.75
416,234,857,s,0,4.0,False,1980.0,1981.0
417,278,1049,s,0,1.0,False,1980.0,1980.25
418,459,1066,s,0,6.0,False,1980.0,1981.5
419,681,578,s,0,7.0,False,1980.0,1981.75
420,756,320,s,0,2.0,False,1980.0,1980.5
421,769,318,s,0,3.0,False,1980.0,1980.75
422,792,605,s,0,5.0,False,1980.0,1981.25
423,889,723,s,0,4.0,False,1980.0,1981.0
424,1114,428,s,0,5.0,False,1980.0,1981.25
425,1122,1066,s,0,1.0,False,1980.0,1980.25
426,1123,537,s,0,1.0,False,1980.0,1980.25
427,1123,1071,s,0,3.0,False,1980.0,1980.75
428,1125,523,s,0,22.0,False,1980.0,1985.5
429,1133,617,s,0,7.0,False,1980.0,1981.75
430,234,578,l,0,19.0,True,1980.0,1984.75
431,591,987,l,0,14.0,True,1980.0,1983.5
432,732,965,l,0,31.0,True,1980.0,1987.75
433,917,733,l,0,1.0,True,1980.0,1980.25
434,1092,391,l,0,53.0,True,1980.0,1993.25
435,1113,617,l,0,37.0,True,1980.0,1989.25
436,1114,685,l,0,20.0,True,1980.0,1985.0
437,1123,428,l,0,34.0,True,1980.0,1988.5
438,30,663,s,1,2.0,False,1980.25,1980.5
439,40,49,s,1,7.0,False,1980.25,1981.75
440,89,981,s,1,3.0,False,1980.25,1980.75
441,415,495,s,1,3.0,False,1980.25,1980.75
442,466,49,s,1,6.0,False,1980.25,1981.5
443,559,834,s,1,4.0,False,1980.25,1981.0
444,777,762,s,1,4.0,False,1980.25,1981.0
445,889,428,s,1,5.0,False,1980.25,1981.25
446,1113,1035,s,1,2.0,False,1980.25,1980.5
447,1116,1067,s,1,3.0,False,1980.25,1980.75
448,1126,987,s,1,15.0,False,1980.25,1983.75
449,30,628,s,1,8.0,False,1980.25,1982.0
450,40,129,s,1,6.0,False,1980.25,1981.5
451,140,981,s,1,8.0,False,1980.25,1982.0
452,335,617,s,1,6.0,False,1980.25,1981.5
453,515,1060,s,1,4.0,False,1980.25,1981.0
454,559,344,s,1,3.0,False,1980.25,1980.75
455,597,78,s,1,1.0,False,1980.25,1980.25
456,807,762,s,1,3.0,False,1980.25,1980.75
457,863,320,s,1,1.0,False,1980.25,1980.25
458,884,685,s,1,2.0,False,1980.25,1980.5
459,917,189,s,1,7.0,False,1980.25,1981.75
460,967,1052,s,1,5.0,False,1980.25,1981.25
461,1112,1051,s,1,2.0,False,1980.25,1980.5
462,1113,523,s,1,3.0,False,1980.25,1980.75
463,1113,675,s,1,7.0,False,1980.25,1981.75
464,1114,523,s,1,3.0,False,1980.25,1980.75
465,1116,650,s,1,11.0,False,1980.25,1982.75
466,1126,344,s,1,3.0,False,1980.25,1980.75
467,1126,828,s,1,3.0,False,1980.25,1980.75
468,1127,617,s,1,8.0,False,1980.25,1982.0
469,18,921,s,1,4.0,False,1980.25,1981.0
470,68,948,s,1,3.0,False,1980.25,1980.75
471,141,964,s,1,5.0,False,1980.25,1981.25
472,157,891,s,1,7.0,False,1980.25,1981.75
473,274,899,s,1,4.0,False,1980.25,1981.0
474,289,1055,s,1,2.0,False,1980.25,1980.5
475,541,857,s,1,14.0,False,1980.25,1983.5
476,560,1051,s,1,5.0,False,1980.25,1981.25
477,764,617,s,1,3.0,False,1980.25,1980.75
478,884,981,s,1,2.0,False,1980.25,1980.5
479,889,506,s,1,15.0,False,1980.25,1983.75
480,936,407,s,1,2.0,False,1980.25,1980.5
481,936,495,s,1,4.0,False,1980.25,1981.0
482,1126,617,s,1,2.0,False,1980.25,1980.5
483,68,344,l,1,33.0,True,1980.25,1988.25
484,133,973,l,1,89.0,True,1980.25,2002.25
485,335,100,l,1,4.0,True,1980.25,1981.0
486,611,129,l,1,152.0,True,1980.25,2018.0
487,978,495,l,1,4.0,True,1980.25,1981.0
488,1114,887,l,1,54.0,True,1980.25,1993.5
489,30,78,l,1,8.0,True,1980.25,1982.0
490,872,617,l,1,4.0,True,1980.25,1981.0
491,967,943,l,1,19.0,True,1980.25,1984.75
492,30,724,l,1,8.0,True,1980.25,1982.0
493,133,407,l,1,79.0,True,1980.25,1999.75
494,889,728,l,1,31.0,True,1980.25,1987.75
495,30,167,s,2,8.0,False,1980.5,1982.0
496,218,338,s,2,4.0,False,1980.5,1981.0
497,335,288,s,2,4.0,False,1980.5,1981.0
498,591,451,s,2,3.0,False,1980.5,1980.75
499,725,1067,s,2,8.0,False,1980.5,1982.0
500,732,1032,s,2,2.0,False,1980.5,1980.5
501,788,41,s,2,3.0,False,1980.5,1980.75
502,788,650,s,2,8.0,False,1980.5,1982.0
503,791,857,s,2,9.0,False,1980.5,1982.25
504,1123,344,s,2,6.0,False,1980.5,1981.5
505,1133,523,s,2,16.0,False,1980.5,1984.0
506,54,932,s,2,4.0,False,1980.5,1981.0
507,133,857,s,2,12.0,False,1980.5,1983.0
508,140,1061,s,2,7.0,False,1980.5,1981.75
509,184,20,s,2,10.0,False,1980.5,1982.5
510,274,391,s,2,4.0,False,1980.5,1981.0
511,381,129,s,2,3.0,False,1980.5,1980.75
512,718,1032,s,2,10.0,False,1980.5,1982.5
513,731,835,s,2,8.0,False,1980.5,1982.0
514,756,650,s,2,4.0,False,1980.5,1981.0
515,769,834,s,2,4.0,False,1980.5,1981.0
516,792,762,s,2,4.0,False,1980.5,1981.0
517,884,1067,s,2,18.0,False,1980.5,1984.5
518,1113,1067,s,2,3.0,False,1980.5,1980.75
519,1116,987,s,2,16.0,False,1980.5,1984.0
520,1123,834,s,2,3.0,False,1980.5,1980.75
521,223,887,s,2,7.0,False,1980.5,1981.75
522,274,167,s,2,17.0,False,1980.5,1984.25
523,355,650,s,2,10.0,False,1980.5,1982.5
524,363,578,s,2,5.0,False,1980.5,1981.25
525,366,138,s,2,10.0,False,1980.5,1982.5
526,559,428,s,2,14.0,False,1980.5,1983.5
527,626,424,s,2,8.0,False,1980.5,1982.0
528,791,85,s,2,4.0,False,1980.5,1981.0
529,791,663,s,2,5.0,False,1980.5,1981.25
530,791,1043,s,2,3.0,False,1980.5,1980.75
531,889,344,s,2,13.0,False,1980.5,1983.25
532,967,828,s,2,9.0,False,1980.5,1982.25
533,1087,358,s,2,5.0,False,1980.5,1981.25
534,1097,49,s,2,5.0,False,1980.5,1981.25
535,1097,650,s,2,9.0,False,1980.5,1982.25
536,1106,370,s,2,11.0,False,1980.5,1982.75
537,1114,1043,s,2,11.0,False,1980.5,1982.75
538,1122,1066,s,2,4.0,False,1980.5,1981.0
539,1128,162,s,2,4.0,False,1980.5,1981.0
540,215,686,l,2,4.0,True,1980.5,1981.0
541,467,733,l,2,90.0,True,1980.5,2002.5
542,807,85,l,2,28.0,True,1980.5,1987.0
543,1118,523,l,2,16.0,True,1980.5,1984.0
544,916,857,l,2,57.0,True,1980.5,1994.25
545,272,84,l,2,88.0,True,1980.5,2002.0
546,559,987,l,2,37.0,True,1980.5,1989.25
547,601,280,l,2,6.0,True,1980.5,1981.5
548,716,973,l,2,63.0,True,1980.5,1995.75
549,18,943,s,3,10.0,False,1980.75,1982.5
550,30,378,s,3,4.0,False,1980.75,1981.0
551,133,320,s,3,4.0,False,1980.75,1981.0
552,155,617,s,3,5.0,False,1980.75,1981.25
553,556,320,s,3,3.0,False,1980.75,1980.75
554,556,965,s,3,4.0,False,1980.75,1981.0
555,674,720,s,3,4.0,False,1980.75,1981.0
556,718,1051,s,3,5.0,False,1980.75,1981.25
557,732,167,s,3,7.0,False,1980.75,1981.75
558,832,685,s,3,3.0,False,1980.75,1980.75
559,889,263,s,3,3.0,False,1980.75,1980.75
560,889,1071,s,3,6.0,False,1980.75,1981.5
561,953,129,s,3,5.0,False,1980.75,1981.25
562,967,344,s,3,7.0,False,1980.75,1981.75
563,978,786,s,3,9.0,False,1980.75,1982.25
564,991,78,s,3,9.0,False,1980.75,1982.25
565,991,189,s,3,5.0,False,1980.75,1981.25
566,991,320,s,3,4.0,False,1980.75,1981.0
567,991,324,s,3,5.0,False,1980.75,1981.25
568,991,857,s,3,13.0,False,1980.75,1983.25
569,1114,617,s,3,5.0,False,1980.75,1981.25
570,141,578,s,3,4.0,False,1980.75,1981.0
571,141,857,s,3,7.0,False,1980.75,1981.75
572,230,965,s,3,5.0,False,1980.75,1981.25
573,301,21,s,3,5.0,False,1980.75,1981.25
574,316,835,s,3,8.0,False,1980.75,1982.0
575,497,578,s,3,8.0,False,1980.75,1982.0
576,515,110,s,3,7.0,False,1980.75,1981.75
577,626,1043,s,3,7.0,False,1980.75,1981.75
578,674,21,s,3,5.0,False,1980.75,1981.25
579,725,1060,s,3,13.0,False,1980.75,1983.25
580,791,49,s,3,7.0,False,1980.75,1981.75
581,791,762,s,3,6.0,False,1980.75,1981.5
582,872,170,s,3,4.0,False,1980.75,1981.0
583,62,49,s,3,5.0,False,1980.75,1981.25
584,258,52,s,3,4.0,False,1980.75,1981.0
585,515,41,s,3,4.0,False,1980.75,1981.0
586,674,669,s,3,6.0,False,1980.75,1981.5
587,718,293,s,3,4.0,False,1980.75,1981.0
588,734,391,s,3,5.0,False,1980.75,1981.25
589,791,280,s,3,4.0,False,1980.75,1981.0
590,792,170,s,3,15.0,False,1980.75,1983.75
591,917,733,s,3,11.0,False,1980.75,1982.75
592,917,835,s,3,12.0,False,1980.75,1983.0
593,1088,733,s,3,4.0,False,1980.75,1981.0
594,1110,170,s,3,4.0,False,1980.75,1981.0
595,1116,162,s,3,5.0,False,1980.75,1981.25
596,1122,153,s,3,8.0,False,1980.75,1982.0
597,372,369,l,3,60.0,True,1980.75,1995.0
598,788,1051,l,3,32.0,True,1980.75,1988.0
599,886,1049,l,3,74.0,True,1980.75,1998.5
600,30,606,s,4,5.0,False,1981.0,1981.25
601,30,1026,s,4,8.0,False,1981.0,1982.0
602,168,338,s,4,10.0,False,1981.0,1982.5
603,218,1035,s,4,8.0,False,1981.0,1982.0
604,415,857,s,4,4.0,False,1981.0,1981.0
605,466,41,s,4,7.0,False,1981.0,1981.75
606,497,1045,s,4,22.0,False,1981.0,1985.5
607,515,1049,s,4,7.0,False,1981.0,1981.75
608,559,162,s,4,4.0,False,1981.0,1981.0
609,791,358,s,4,4.0,False,1981.0,1981.0
610,796,605,s,4,4.0,False,1981.0,1981.0
611,832,1067,s,4,10.0,False,1981.0,1982.5
612,863,189,s,4,4.0,False,1981.0,1981.0
613,1097,391,s,4,6.0,False,1981.0,1981.5
614,1114,170,s,4,6.0,False,1981.0,1981.5
615,1114,747,s,4,6.0,False,1981.0,1981.5
616,1118,617,s,4,7.0,False,1981.0,1981.75
617,1122,84,s,4,5.0,False,1981.0,1981.25
618,1133,747,s,4,4.0,False,1981.0,1981.0
619,30,578,s,4,8.0,False,1981.0,1982.0
620,76,129,s,4,4.0,False,1981.0,1981.0
621,89,7,s,4,12.0,False,1981.0,1983.0
622,439,391,s,4,5.0,False,1981.0,1981.25
623,591,7,s,4,6.0,False,1981.0,1981.5
624,674,685,s,4,5.0,False,1981.0,1981.25
625,764,1067,s,4,7.0,False,1981.0,1981.75
626,769,523,s,4,13.0,False,1981.0,1983.25
627,791,763,s,4,8.0,False,1981.0,1982.0
628,791,964,s,4,33.0,False,1981.0,1988.25
629,832,669,s,4,5.0,False,1981.0,1981.25
630,884,1043,s,4,9.0,False,1981.0,1982.25
631,917,947,s,4,4.0,False,1981.0,1981.0
632,1122,617,s,4,5.0,False,1981.0,1981.25
633,1123,331,s,4,8.0,False,1981.0,1982.0
634,18,685,s,4,8.0,False,1981.0,1982.0
635,68,669,s,4,6.0,False,1981.0,1981.5
636,119,338,s,4,10.0,False,1981.0,1982.5
637,133,90,s,4,10.0,False,1981.0,1982.5
638,133,1026,s,4,16.0,False,1981.0,1984.0
639,155,828,s,4,8.0,False,1981.0,1982.0
640,269,820,s,4,6.0,False,1981.0,1981.5
641,287,391,s,4,5.0,False,1981.0,1981.25
642,335,21,s,4,11.0,False,1981.0,1982.75
643,335,428,s,4,9.0,False,1981.0,1982.25
644,342,762,s,4,5.0,False,1981.0,1981.25
645,515,568,s,4,18.0,False,1981.0,1984.5
646,871,650,s,4,9.0,False,1981.0,1982.25
647,1126,685,s,4,8.0,False,1981.0,1982.0
648,1136,1071,s,4,13.0,False,1981.0,1983.25
649,68,686,l,4,7.0,True,1981.0,1981.75
650,967,499,l,4,33.0,True,1981.0,1988.25
651,1114,834,l,4,16.0,True,1981.0,1984.0
652,1122,1066,l,4,8.0,True,1981.0,1982.0
653,76,965,l,4,8.0,True,1981.0,1982.0
654,871,733,l,4,63.0,True,1981.0,1995.75
655,415,786,l,4,32.0,True,1981.0,1988.0
656,764,959,l,4,16.0,True,1981.0,1984.0
657,76,49,s,5,5.0,False,1981.25,1981.25
658,76,280,s,5,8.0,False,1981.25,1982.0
659,76,663,s,5,8.0,False,1981.25,1982.0
660,141,835,s,5,15.0,False,1981.25,1983.75
661,278,578,s,5,9.0,False,1981.25,1982.25
662,467,320,s,5,5.0,False,1981.25,1981.25
663,541,578,s,5,7.0,False,1981.25,1981.75
664,718,628,s,5,5.0,False,1981.25,1981.25
665,725,728,s,5,6.0,False,1981.25,1981.5
666,756,189,s,5,6.0,False,1981.25,1981.5
667,884,747,s,5,12.0,False,1981.25,1983.0
668,889,887,s,5,8.0,False,1981.25,1982.0
669,889,1060,s,5,15.0,False,1981.25,1983.75
670,1097,762,s,5,6.0,False,1981.25,1981.5
671,1103,617,s,5,7.0,False,1981.25,1981.75
672,1118,686,s,5,7.0,False,1981.25,1981.75
673,30,663,s,5,5.0,False,1981.25,1981.25
674,274,108,s,5,8.0,False,1981.25,1982.0
675,415,1026,s,5,14.0,False,1981.25,1983.5
676,501,391,s,5,5.0,False,1981.25,1981.25
677,756,49,s,5,6.0,False,1981.25,1981.5
678,764,1071,s,5,9.0,False,1981.25,1982.25
679,769,475,s,5,30.0,False,1981.25,1987.5
680,796,578,s,5,10.0,False,1981.25,1982.5
681,796,835,s,5,8.0,False,1981.25,1982.0
682,871,653,s,5,18.0,False,1981.25,1984.5
683,917,170,s,5,15.0,False,1981.25,1983.75
684,1106,41,s,5,6.0,False,1981.25,1981.5
685,1123,887,s,5,9.0,False,1981.25,1982.25
686,120,170,s,5,6.0,False,1981.25,1981.5
687,147,20,s,5,16.0,False,1981.25,1984.0
688,215,106,s,5,10.0,False,1981.25,1982.5
689,242,749,s,5,7.0,False,1981.25,1981.75
690,335,1067,s,5,8.0,False,1981.25,1982.0
691,372,676,s,5,6.0,False,1981.25,1981.5
692,381,9,s,5,13.0,False,1981.25,1983.25
693,415,280,s,5,11.0,False,1981.25,1982.75
694,415,320,s,5,15.0,False,1981.25,1983.75
695,769,344,s,5,7.0,False,1981.25,1981.75
696,791,167,s,5,15.0,False,1981.25,1983.75
697,796,85,s,5,8.0,False,1981.25,1982.0
698,883,338,s,5,11.0,False,1981.25,1982.75
699,889,685,s,5,9.0,False,1981.25,1982.25
700,917,391,s,5,7.0,False,1981.25,1981.75
701,917,407,s,5,9.0,False,1981.25,1982.25
702,1177,930,s,5,15.0,False,1981.25,1983.75
703,718,110,l,5,48.0,True,1981.25,1992.0
704,541,694,l,5,38.0,True,1981.25,1989.5
705,76,593,s,6,8.0,False,1981.5,1982.0
706,141,663,s,6,16.0,False,1981.5,1984.0
707,274,572,s,6,23.0,False,1981.5,1985.75
708,278,523,s,6,16.0,False,1981.5,1984.0
709,381,835,s,6,10.0,False,1981.5,1982.5
710,388,1036,s,6,9.0,False,1981.5,1982.25
711,415,615,s,6,13.0,False,1981.5,1983.25
712,415,965,s,6,9.0,False,1981.5,1982.25
713,515,256,s,6,16.0,False,1981.5,1984.0
714,591,1071,s,6,6.0,False,1981.5,1981.5
715,626,617,s,6,7.0,False,1981.5,1981.75
716,916,1049,s,6,7.0,False,1981.5,1981.75
717,917,85,s,6,7.0,False,1981.5,1981.75
718,936,324,s,6,7.0,False,1981.5,1981.75
719,1118,344,s,6,10.0,False,1981.5,1982.5
720,111,1067,s,6,15.0,False,1981.5,1983.75
721,216,358,s,6,7.0,False,1981.5,1981.75
722,274,733,s,6,8.0,False,1981.5,1982.0
723,274,1025,s,6,7.0,False,1981.5,1981.75
724,276,878,s,6,7.0,False,1981.5,1981.75
725,515,857,s,6,8.0,False,1981.5,1982.0
726,527,981,s,6,6.0,False,1981.5,1981.5
727,716,41,s,6,6.0,False,1981.5,1981.5
728,884,523,s,6,10.0,False,1981.5,1982.5
729,916,170,s,6,21.0,False,1981.5,1985.25
730,917,857,s,6,7.0,False,1981.5,1981.75
731,924,1051,s,6,10.0,False,1981.5,1982.5
732,1122,994,s,6,7.0,False,1981.5,1981.75
733,18,1049,s,6,10.0,False,1981.5,1982.5
734,18,1067,s,6,7.0,False,1981.5,1981.75
735,133,1032,s,6,10.0,False,1981.5,1982.5
736,415,907,s,6,7.0,False,1981.5,1981.75
737,497,41,s,6,12.0,False,1981.5,1983.0
738,515,523,s,6,11.0,False,1981.5,1982.75
739,769,887,s,6,9.0,False,1981.5,1982.25
740,832,1043,s,6,10.0,False,1981.5,1982.5
741,889,1067,s,6,12.0,False,1981.5,1983.0
742,1122,325,s,6,8.0,False,1981.5,1982.0
743,1134,834,s,6,9.0,False,1981.5,1982.25
744,625,7,l,6,18.0,True,1981.5,1984.5
745,966,391,l,6,60.0,True,1981.5,1995.0
746,796,531,l,6,84.0,True,1981.5,2001.0
747,215,751,l,6,19.0,True,1981.5,1984.75
748,1131,21,l,6,30.0,True,1981.5,1987.5
749,1131,31,l,6,18.0,True,1981.5,1984.5
750,141,578,s,7,11.0,False,1981.75,1982.75
751,274,504,s,7,8.0,False,1981.75,1982.0
752,274,965,s,7,11.0,False,1981.75,1982.75
753,316,129,s,7,7.0,False,1981.75,1981.75
754,372,523,s,7,22.0,False,1981.75,1985.5
755,515,1060,s,7,8.0,False,1981.75,1982.0
756,541,921,s,7,7.0,False,1981.75,1981.75
757,732,462,s,7,10.0,False,1981.75,1982.5
758,791,578,s,7,9.0,False,1981.75,1982.25
759,792,751,s,7,12.0,False,1981.75,1983.0
760,807,1051,s,7,15.0,False,1981.75,1983.75
761,884,939,s,7,17.0,False,1981.75,1984.25
762,988,320,s,7,8.0,False,1981.75,1982.0
763,991,320,s,7,15.0,False,1981.75,1983.75
764,1103,578,s,7,10.0,False,1981.75,1982.5
765,18,834,s,7,16.0,False,1981.75,1984.0
766,76,733,s,7,7.0,False,1981.75,1981.75
767,119,1067,s,7,8.0,False,1981.75,1982.0
768,155,428,s,7,15.0,False,1981.75,1983.75
769,381,578,s,7,9.0,False,1981.75,1982.25
770,591,959,s,7,11.0,False,1981.75,1982.75
771,725,344,s,7,15.0,False,1981.75,1983.75
772,756,733,s,7,16.0,False,1981.75,1984.0
773,791,108,s,7,7.0,False,1981.75,1981.75
774,993,320,s,7,8.0,False,1981.75,1982.0
775,1087,965,s,7,10.0,False,1981.75,1982.5
776,1116,162,s,7,10.0,False,1981.75,1982.5
777,1123,987,s,7,8.0,False,1981.75,1982.0
778,1131,1067,s,7,10.0,False,1981.75,1982.5
779,30,129,s,7,8.0,False,1981.75,1982.0
780,30,605,s,7,8.0,False,1981.75,1982.0
781,40,615,s,7,10.0,False,1981.75,1982.5
782,76,78,s,7,8.0,False,1981.75,1982.0
783,118,21,s,7,13.0,False,1981.75,1983.25
784,501,320,s,7,17.0,False,1981.75,1984.25
785,625,843,s,7,12.0,False,1981.75,1983.0
786,634,84,s,7,22.0,False,1981.75,1985.5
787,674,338,s,7,9.0,False,1981.75,1982.25
788,725,31,s,7,11.0,False,1981.75,1982.75
789,725,617,s,7,8.0,False,1981.75,1982.0
790,791,1026,s,7,8.0,False,1981.75,1982.0
791,884,685,s,7,9.0,False,1981.75,1982.25
792,889,31,s,7,15.0,False,1981.75,1983.75
793,993,617,s,7,20.0,False,1981.75,1985.0
794,1123,669,s,7,13.0,False,1981.75,1983.25
795,276,109,l,7,24.0,True,1981.75,1986.0
796,439,378,l,7,120.0,True,1981.75,2010.0
797,725,959,l,7,16.0,True,1981.75,1984.0
798,731,320,l,7,14.0,True,1981.75,1983.5
799,788,41,l,7,33.0,True,1981.75,1988.25
800,135,391,s,8,11.0,False,1982.0,1982.75
801,196,628,s,8,9.0,False,1982.0,1982.25
802,305,320,s,8,9.0,False,1982.0,1982.25
803,466,857,s,8,12.0,False,1982.0,1983.0
804,492,428,s,8,17.0,False,1982.0,1984.25
805,597,170,s,8,17.0,False,1982.0,1984.25
806,674,959,s,8,9.0,False,1982.0,1982.25
807,1088,786,s,8,14.0,False,1982.0,1983.5
808,1110,617,s,8,8.0,False,1982.0,1982.0
809,1116,887,s,8,11.0,False,1982.0,1982.75
810,1123,1067,s,8,10.0,False,1982.0,1982.5
811,1126,1067,s,8,17.0,False,1982.0,1984.25
812,119,170,s,8,8.0,False,1982.0,1982.0
813,218,338,s,8,20.0,False,1982.0,1985.0
814,674,523,s,8,11.0,False,1982.0,1982.75
815,718,9,s,8,11.0,False,1982.0,1982.75
816,883,1055,s,8,10.0,False,1982.0,1982.5
817,1087,320,s,8,8.0,False,1982.0,1982.0
818,1114,31,s,8,9.0,False,1982.0,1982.25
819,1116,568,s,8,14.0,False,1982.0,1983.5
820,1118,1192,s,8,9.0,False,1982.0,1982.25
821,274,663,s,8,9.0,False,1982.0,1982.25
822,274,1026,s,8,11.0,False,1982.0,1982.75
823,287,650,s,8,9.0,False,1982.0,1982.25
824,335,31,s,8,9.0,False,1982.0,1982.25
825,366,344,s,8,9.0,False,1982.0,1982.25
826,791,85,s,8,12.0,False,1982.0,1983.0
827,796,41,s,8,13.0,False,1982.0,1983.25
828,796,320,s,8,11.0,False,1982.0,1982.75
829,797,663,s,8,26.0,False,1982.0,1986.5
830,864,280,s,8,14.0,False,1982.0,1983.5
831,916,106,s,8,18.0,False,1982.0,1984.5
832,1097,170,s,8,11.0,False,1982.0,1982.75
833,1113,747,s,8,10.0,False,1982.0,1982.5
834,1131,779,s,8,17.0,False,1982.0,1984.25
835,1133,828,s,8,11.0,False,1982.0,1982.75
836,1133,887,s,8,37.0,False,1982.0,1989.25
837,1140,959,s,8,10.0,False,1982.0,1982.5
838,1173,828,s,8,9.0,False,1982.0,1982.25
839,1114,617,l,8,11.0,True,1982.0,1982.75
840,135,965,s,9,11.0,False,1982.25,1982.75
841,230,391,s,9,25.0,False,1982.25,1986.25
842,274,320,s,9,14.0,False,1982.25,1983.5
843,335,887,s,9,13.0,False,1982.25,1983.25
844,452,965,s,9,14.0,False,1982.25,1983.5
845,509,578,s,9,18.0,False,1982.25,1984.5
846,731,947,s,9,9.0,False,1982.25,1982.25
847,744,694,s,9,13.0,False,1982.25,1983.25
848,886,344,s,9,10.0,False,1982.25,1982.5
849,908,964,s,9,10.0,False,1982.25,1982.5
850,978,857,s,9,20.0,False,1982.25,1985.0
851,1123,751,s,9,11.0,False,1982.25,1982.75
852,112,685,s,9,17.0,False,1982.25,1984.25
853,141,706,s,9,10.0,False,1982.25,1982.5
854,274,1032,s,9,10.0,False,1982.25,1982.5
855,769,939,s,9,10.0,False,1982.25,1982.5
856,791,663,s,9,10.0,False,1982.25,1982.5
857,796,391,s,9,10.0,False,1982.25,1982.5
858,815,340,s,9,10.0,False,1982.25,1982.5
859,884,475,s,9,10.0,False,1982.25,1982.5
860,889,834,s,9,14.0,False,1982.25,1983.5
861,967,1040,s,9,11.0,False,1982.25,1982.75
862,991,108,s,9,12.0,False,1982.25,1983.0
863,1116,138,s,9,16.0,False,1982.25,1984.0
864,1126,617,s,9,22.0,False,1982.25,1985.5
865,1131,344,s,9,13.0,False,1982.25,1983.25
866,112,694,s,9,12.0,False,1982.25,1983.0
867,113,1026,s,9,11.0,False,1982.25,1982.75
868,501,406,s,9,10.0,False,1982.25,1982.5
869,734,604,s,9,13.0,False,1982.25,1983.25
870,792,921,s,9,10.0,False,1982.25,1982.5
871,815,108,s,9,14.0,False,1982.25,1983.5
872,917,49,s,9,10.0,False,1982.25,1982.5
873,1088,108,s,9,11.0,False,1982.25,1982.75
874,1088,280,s,9,12.0,False,1982.25,1983.0
875,1088,572,s,9,15.0,False,1982.25,1983.75
876,1123,31,s,9,18.0,False,1982.25,1984.5
877,1123,475,s,9,13.0,False,1982.25,1983.25
878,335,523,l,9,15.0,True,1982.25,1983.75
879,754,320,l,9,71.0,True,1982.25,1997.75
880,807,964,l,9,32.0,True,1982.25,1988.0
881,356,733,l,9,12.0,True,1982.25,1983.0
882,916,324,l,9,54.0,True,1982.25,1993.5
883,274,340,s,10,13.0,False,1982.5,1983.25
884,439,578,s,10,20.0,False,1982.5,1985.0
885,497,391,s,10,11.0,False,1982.5,1982.75
886,501,663,s,10,12.0,False,1982.5,1983.0
887,718,170,s,10,17.0,False,1982.5,1984.25
888,769,675,s,10,13.0,False,1982.5,1983.25
889,807,170,s,10,11.0,False,1982.5,1982.75
890,807,320,s,10,15.0,False,1982.5,1983.75
891,867,85,s,10,12.0,False,1982.5,1983.0
892,884,344,s,10,11.0,False,1982.5,1982.75
893,884,428,s,10,12.0,False,1982.5,1983.0
894,1116,747,s,10,18.0,False,1982.5,1984.5
895,1118,1071,s,10,16.0,False,1982.5,1984.0
896,1126,428,s,10,21.0,False,1982.5,1985.25
897,459,1066,s,10,12.0,False,1982.5,1983.0
898,515,1050,s,10,10.0,False,1982.5,1982.5
899,542,685,s,10,16.0,False,1982.5,1984.0
900,732,578,s,10,15.0,False,1982.5,1983.75
901,807,280,s,10,18.0,False,1982.5,1984.5
902,871,663,s,10,12.0,False,1982.5,1983.0
903,889,428,s,10,21.0,False,1982.5,1985.25
904,908,407,s,10,11.0,False,1982.5,1982.75
905,991,578,s,10,17.0,False,1982.5,1984.25
906,1114,344,s,10,13.0,False,1982.5,1983.25
907,1123,344,s,10,16.0,False,1982.5,1984.0
908,18,747,s,10,13.0,False,1982.5,1983.25
909,135,1049,s,10,12.0,False,1982.5,1983.0
910,157,617,s,10,15.0,False,1982.5,1983.75
911,216,947,s,10,22.0,False,1982.5,1985.5
912,287,170,s,10,12.0,False,1982.5,1983.0
913,732,663,s,10,16.0,False,1982.5,1984.0
914,769,943,s,10,13.0,False,1982.5,1983.25
915,791,1026,s,10,17.0,False,1982.5,1984.25
916,792,857,s,10,15.0,False,1982.5,1983.75
917,796,462,s,10,15.0,False,1982.5,1983.75
918,889,675,s,10,25.0,False,1982.5,1986.25
919,1116,752,s,10,11.0,False,1982.5,1982.75
920,1119,428,s,10,17.0,False,1982.5,1984.25
921,1134,1067,s,10,11.0,False,1982.5,1982.75
922,135,650,l,10,21.0,True,1982.5,1985.25
923,230,932,l,10,27.0,True,1982.5,1986.75
924,796,665,l,10,99.0,True,1982.5,2004.75
925,473,370,l,10,12.0,True,1982.5,1983.0
926,335,428,l,10,16.0,True,1982.5,1984.0
927,381,110,l,10,22.0,True,1982.5,1985.5
928,54,965,s,11,15.0,False,1982.75,1983.75
929,112,170,s,11,13.0,False,1982.75,1983.25
930,135,378,s,11,12.0,False,1982.75,1983.0
931,135,1051,s,11,11.0,False,1982.75,1982.75
932,155,828,s,11,12.0,False,1982.75,1983.0
933,230,85,s,11,14.0,False,1982.75,1983.5
934,274,733,s,11,20.0,False,1982.75,1985.0
935,492,550,s,11,14.0,False,1982.75,1983.5
936,501,733,s,11,14.0,False,1982.75,1983.5
937,509,320,s,11,22.0,False,1982.75,1985.5
938,515,669,s,11,12.0,False,1982.75,1983.0
939,634,973,s,11,13.0,False,1982.75,1983.25
940,756,378,s,11,17.0,False,1982.75,1984.25
941,791,320,s,11,12.0,False,1982.75,1983.0
942,792,49,s,11,14.0,False,1982.75,1983.5
943,838,85,s,11,15.0,False,1982.75,1983.75
944,884,834,s,11,11.0,False,1982.75,1982.75
945,916,663,s,11,19.0,False,1982.75,1984.75
946,1087,407,s,11,14.0,False,1982.75,1983.5
947,1113,828,s,11,15.0,False,1982.75,1983.75
948,1116,31,s,11,15.0,False,1982.75,1983.75
949,1131,475,s,11,13.0,False,1982.75,1983.25
950,133,320,s,11,15.0,False,1982.75,1983.75
951,133,572,s,11,14.0,False,1982.75,1983.5
952,133,628,s,11,12.0,False,1982.75,1983.0
953,381,129,s,11,14.0,False,1982.75,1983.5
954,566,733,s,11,16.0,False,1982.75,1984.0
955,756,724,s,11,19.0,False,1982.75,1984.75
956,769,1061,s,11,13.0,False,1982.75,1983.25
957,791,733,s,11,12.0,False,1982.75,1983.0
958,792,835,s,11,12.0,False,1982.75,1983.0
959,797,340,s,11,13.0,False,1982.75,1983.25
960,916,1049,s,11,16.0,False,1982.75,1984.0
961,1114,170,s,11,13.0,False,1982.75,1983.25
962,1116,834,s,11,12.0,False,1982.75,1983.0
963,1131,887,s,11,13.0,False,1982.75,1983.25
964,155,31,s,11,13.0,False,1982.75,1983.25
965,155,1067,s,11,12.0,False,1982.75,1983.0
966,234,965,s,11,19.0,False,1982.75,1984.75
967,274,653,s,11,12.0,False,1982.75,1983.0
968,792,41,s,11,17.0,False,1982.75,1984.25
969,807,95,s,11,12.0,False,1982.75,1983.0
970,1113,1071,s,11,12.0,False,1982.75,1983.0
971,1118,344,s,11,16.0,False,1982.75,1984.0
972,230,947,l,11,13.0,True,1982.75,1983.25
973,356,606,l,11,14.0,True,1982.75,1983.5
974,744,669,l,11,29.0,True,1982.75,1987.25
975,744,685,l,11,22.0,True,1982.75,1985.5
976,157,170,s,12,17.0,False,1983.0,1984.25
977,335,1061,s,12,12.0,False,1983.0,1983.0
978,541,391,s,12,17.0,False,1983.0,1984.25
979,597,85,s,12,14.0,False,1983.0,1983.5
980,610,110,s,12,31.0,False,1983.0,1987.75
981,674,100,s,12,19.0,False,1983.0,1984.75
982,832,1049,s,12,13.0,False,1983.0,1983.25
983,859,41,s,12,19.0,False,1983.0,1984.75
984,889,368,s,12,13.0,False,1983.0,1983.25
985,916,835,s,12,13.0,False,1983.0,1983.25
986,1114,790,s,12,14.0,False,1983.0,1983.5
987,1123,828,s,12,13.0,False,1983.0,1983.25
988,18,1037,s,12,18.0,False,1983.0,1984.5
989,113,108,s,12,19.0,False,1983.0,1984.75
990,172,857,s,12,15.0,False,1983.0,1983.75
991,769,987,s,12,14.0,False,1983.0,1983.5
992,884,162,s,12,28.0,False,1983.0,1987.0
993,889,475,s,12,15.0,False,1983.0,1983.75
994,916,578,s,12,12.0,False,1983.0,1983.0
995,967,617,s,12,14.0,False,1983.0,1983.5
996,1116,887,s,12,16.0,False,1983.0,1984.0
997,1118,617,s,12,14.0,False,1983.0,1983.5
998,1118,675,s,12,16.0,False,1983.0,1984.0
999,1123,686,s,12,13.0,False,1983.0,1983.25
1000,1126,475,s,12,15.0,False,1983.0,1983.75
1001,1127,475,s,12,13.0,False,1983.0,1983.25
1002,1133,1067,s,12,20.0,False,1983.0,1985.0
1003,133,49,s,12,15.0,False,1983.0,1983.75
1004,415,213,s,12,19.0,False,1983.0,1984.75
1005,473,368,s,12,23.0,False,1983.0,1985.75
1006,859,320,s,12,16.0,False,1983.0,1984.0
1007,889,7,s,12,23.0,False,1983.0,1985.75
1008,1196,617,s,12,13.0,False,1983.0,1983.25
1009,147,987,l,12,69.0,True,1983.0,1997.25
1010,278,1051,l,12,64.0,True,1983.0,1996.0
1011,342,733,l,12,61.0,True,1983.0,1995.25
1012,967,1051,l,12,140.0,True,1983.0,2015.0
1013,497,324,l,12,64.0,True,1983.0,1996.0
1014,215,475,s,13,14.0,False,1983.25,1983.5
1015,218,1037,s,13,15.0,False,1983.25,1983.75
1016,269,820,s,13,17.0,False,1983.25,1984.25
1017,466,650,s,13,16.0,False,1983.25,1984.0
1018,610,378,s,13,13.0,False,1983.25,1983.25
1019,754,628,s,13,14.0,False,1983.25,1983.5
1020,764,428,s,13,13.0,False,1983.25,1983.25
1021,769,1060,s,13,16.0,False,1983.25,1984.0
1022,792,617,s,13,27.0,False,1983.25,1986.75
1023,792,663,s,13,22.0,False,1983.25,1985.5
1024,916,790,s,13,18.0,False,1983.25,1984.5
1025,1113,685,s,13,25.0,False,1983.25,1986.25
1026,1118,1067,s,13,13.0,False,1983.25,1983.25
1027,1131,162,s,13,14.0,False,1983.25,1983.5
1028,1134,1192,s,13,14.0,False,1983.25,1983.5
1029,40,49,s,13,18.0,False,1983.25,1984.5
1030,141,1031,s,13,15.0,False,1983.25,1983.75
1031,278,857,s,13,18.0,False,1983.25,1984.5
1032,342,320,s,13,16.0,False,1983.25,1984.0
1033,381,358,s,13,14.0,False,1983.25,1983.5
1034,415,653,s,13,16.0,False,1983.25,1984.0
1035,439,170,s,13,14.0,False,1983.25,1983.5
1036,518,1037,s,13,14.0,False,1983.25,1983.5
1037,560,170,s,13,13.0,False,1983.25,1983.25
1038,744,1043,s,13,15.0,False,1983.25,1983.75
1039,791,965,s,13,14.0,False,1983.25,1983.5
1040,792,665,s,13,13.0,False,1983.25,1983.25
1041,889,959,s,13,14.0,False,1983.25,1983.5
1042,967,828,s,13,16.0,False,1983.25,1984.0
1043,978,340,s,13,16.0,False,1983.25,1984.0
1044,1103,857,s,13,14.0,False,1983.25,1983.5
1045,1114,617,s,13,17.0,False,1983.25,1984.25
1046,18,887,s,13,15.0,False,1983.25,1983.75
1047,57,462,s,13,14.0,False,1983.25,1983.5
1048,155,1051,s,13,22.0,False,1983.25,1985.5
1049,274,1026,s,13,15.0,False,1983.25,1983.75
1050,350,578,s,13,14.0,False,1983.25,1983.5
1051,372,428,s,13,15.0,False,1983.25,1983.75
1052,372,834,s,13,16.0,False,1983.25,1984.0
1053,415,324,s,13,15.0,False,1983.25,1983.75
1054,610,340,s,13,15.0,False,1983.25,1983.75
1055,769,751,s,13,15.0,False,1983.25,1983.75
1056,769,1066,s,13,14.0,False,1983.25,1983.5
1057,792,578,s,13,14.0,False,1983.25,1983.5
1058,157,921,l,13,200.0,True,1983.25,2030.0
1059,352,1043,l,13,98.0,True,1983.25,2004.5
1060,133,785,l,13,18.0,True,1983.25,1984.5
1061,230,653,l,13,16.0,True,1983.25,1984.0
1062,541,320,l,13,132.0,True,1983.25,2013.0
1063,991,820,l,13,143.0,True,1983.25,2015.75
1064,40,964,s,14,21.0,False,1983.5,1985.25
1065,515,1051,s,14,14.0,False,1983.5,1983.5
1066,773,835,s,14,17.0,False,1983.5,1984.25
1067,791,41,s,14,16.0,False,1983.5,1984.0
1068,791,929,s,14,16.0,False,1983.5,1984.0
1069,792,820,s,14,24.0,False,1983.5,1986.0
1070,796,921,s,14,19.0,False,1983.5,1984.75
1071,908,391,s,14,15.0,False,1983.5,1983.75
1072,936,1028,s,14,14.0,False,1983.5,1983.5
1073,937,929,s,14,16.0,False,1983.5,1984.0
1074,1118,887,s,14,16.0,False,1983.5,1984.0
1075,1131,887,s,14,15.0,False,1983.5,1983.75
1076,111,537,s,14,15.0,False,1983.5,1983.75
1077,133,108,s,14,17.0,False,1983.5,1984.25
1078,559,865,s,14,15.0,False,1983.5,1983.75
1079,773,932,s,14,23.0,False,1983.5,1985.75
1080,788,835,s,14,21.0,False,1983.5,1985.25
1081,937,578,s,14,18.0,False,1983.5,1984.5
1082,937,662,s,14,16.0,False,1983.5,1984.0
1083,1096,320,s,14,22.0,False,1983.5,1985.5
1084,1137,959,s,14,15.0,False,1983.5,1983.75
1085,18,728,s,14,23.0,False,1983.5,1985.75
1086,215,428,s,14,15.0,False,1983.5,1983.75
1087,218,1055,s,14,15.0,False,1983.5,1983.75
1088,278,1038,s,14,15.0,False,1983.5,1983.75
1089,335,834,s,14,16.0,False,1983.5,1984.0
1090,485,578,s,14,16.0,False,1983.5,1984.0
1091,791,280,s,14,16.0,False,1983.5,1984.0
1092,791,733,s,14,18.0,False,1983.5,1984.5
1093,815,663,s,14,15.0,False,1983.5,1983.75
1094,838,320,s,14,19.0,False,1983.5,1984.75
1095,871,167,s,14,15.0,False,1983.5,1983.75
1096,988,324,s,14,20.0,False,1983.5,1985.0
1097,1126,344,s,14,24.0,False,1983.5,1986.0
1098,1126,1061,s,14,26.0,False,1983.5,1986.5
1099,718,85,l,14,157.0,True,1983.5,2019.25
1100,415,108,l,14,157.0,True,1983.5,2019.25
1101,756,1041,l,14,41.0,True,1983.5,1990.25
1102,978,663,l,14,73.0,True,1983.5,1998.25
1103,18,1043,l,14,48.0,True,1983.5,1992.0
1104,356,1026,l,14,37.0,True,1983.5,1989.25
1105,716,170,l,14,44.0,True,1983.5,1991.0
1106,791,762,l,14,124.0,True,1983.5,2011.0
1107,18,1067,s,15,20.0,False,1983.75,1985.0
1108,133,663,s,15,18.0,False,1983.75,1984.5
1109,141,320,s,15,25.0,False,1983.75,1986.25
1110,230,785,s,15,25.0,False,1983.75,1986.25
1111,274,929,s,15,19.0,False,1983.75,1984.75
1112,335,728,s,15,21.0,False,1983.75,1985.25
1113,335,828,s,15,20.0,False,1983.75,1985.0
1114,415,663,s,15,18.0,False,1983.75,1984.5
1115,501,129,s,15,19.0,False,1983.75,1984.75
1116,515,617,s,15,23.0,False,1983.75,1985.75
1117,744,632,s,15,18.0,False,1983.75,1984.5
1118,797,578,s,15,19.0,False,1983.75,1984.75
1119,815,129,s,15,17.0,False,1983.75,1984.25
1120,859,965,s,15,20.0,False,1983.75,1985.0
1121,917,1039,s,15,21.0,False,1983.75,1985.25
1122,1103,751,s,15,15.0,False,1983.75,1983.75
1123,18,617,s,15,17.0,False,1983.75,1984.25
1124,18,948,s,15,17.0,False,1983.75,1984.25
1125,141,650,s,15,16.0,False,1983.75,1984.0
1126,157,751,s,15,25.0,False,1983.75,1986.25
1127,215,1043,s,15,17.0,False,1983.75,1984.25
1128,274,406,s,15,18.0,False,1983.75,1984.5
1129,335,617,s,15,16.0,False,1983.75,1984.0
1130,372,887,s,15,15.0,False,1983.75,1983.75
1131,415,405,s,15,17.0,False,1983.75,1984.25
1132,516,129,s,15,25.0,False,1983.75,1986.25
1133,744,1035,s,15,19.0,False,1983.75,1984.75
1134,788,320,s,15,19.0,False,1983.75,1984.75
1135,791,835,s,15,26.0,False,1983.75,1986.5
1136,871,320,s,15,15.0,False,1983.75,1983.75
1137,1114,1051,s,15,21.0,False,1983.75,1985.25
1138,118,428,s,15,27.0,False,1983.75,1986.75
1139,135,49,s,15,19.0,False,1983.75,1984.75
1140,169,947,s,15,22.0,False,1983.75,1985.5
1141,672,35,s,15,16.0,False,1983.75,1984.0
1142,859,85,s,15,24.0,False,1983.75,1986.0
1143,889,959,s,15,16.0,False,1983.75,1984.0
1144,967,1067,s,15,30.0,False,1983.75,1987.5
1145,1087,965,s,15,21.0,False,1983.75,1985.25
1146,1123,7,s,15,20.0,False,1983.75,1985.0
1147,1123,1059,s,15,17.0,False,1983.75,1984.25
1148,1123,1061,s,15,25.0,False,1983.75,1986.25
1149,130,983,l,15,116.0,True,1983.75,2009.0
1150,274,964,l,15,18.0,True,1983.75,1984.5
1151,681,663,l,15,101.0,True,1983.75,2005.25
1152,230,578,s,16,29.0,False,1984.0,1987.25
1153,230,1032,s,16,23.0,False,1984.0,1985.75
1154,335,523,s,16,25.0,False,1984.0,1986.25
1155,466,762,s,16,19.0,False,1984.0,1984.75
1156,756,578,s,16,19.0,False,1984.0,1984.75
1157,791,615,s,16,17.0,False,1984.0,1984.25
1158,838,108,s,16,16.0,False,1984.0,1984.0
1159,871,108,s,16,29.0,False,1984.0,1987.25
1160,1126,1066,s,16,16.0,False,1984.0,1984.0
1161,1133,162,s,16,17.0,False,1984.0,1984.25
1162,119,1227,s,16,17.0,False,1984.0,1984.25
1163,335,1058,s,16,22.0,False,1984.0,1985.5
1164,342,663,s,16,18.0,False,1984.0,1984.5
1165,381,921,s,16,17.0,False,1984.0,1984.25
1166,791,578,s,16,20.0,False,1984.0,1985.0
1167,889,809,s,16,23.0,False,1984.0,1985.75
1168,1097,129,s,16,19.0,False,1984.0,1984.75
1169,1126,31,s,16,17.0,False,1984.0,1984.25
1170,1133,7,s,16,24.0,False,1984.0,1986.0
1171,57,706,s,16,24.0,False,1984.0,1986.0
1172,113,733,s,16,22.0,False,1984.0,1985.5
1173,157,733,s,16,18.0,False,1984.0,1984.5
1174,230,733,s,16,17.0,False,1984.0,1984.25
1175,415,462,s,16,28.0,False,1984.0,1987.0
1176,718,1032,s,16,27.0,False,1984.0,1986.75
1177,993,320,s,16,19.0,False,1984.0,1984.75
1178,1114,428,s,16,23.0,False,1984.0,1985.75
1179,1131,747,s,16,17.0,False,1984.0,1984.25
1180,1131,887,s,16,22.0,False,1984.0,1985.5
1181,1134,31,s,16,17.0,False,1984.0,1984.25
1182,1103,932,l,16,17.0,True,1984.0,1984.25
1183,889,344,l,16,84.0,True,1984.0,2001.0
1184,1096,835,l,16,24.0,True,1984.0,1986.0
1185,168,1058,l,16,28.0,True,1984.0,1987.0
1186,381,320,l,16,99.0,True,1984.0,2004.75
1187,73,1040,s,17,20.0,False,1984.25,1985.0
1188,274,41,s,17,19.0,False,1984.25,1984.75
1189,274,1026,s,17,19.0,False,1984.25,1984.75
1190,381,733,s,17,23.0,False,1984.25,1985.75
1191,415,710,s,17,20.0,False,1984.25,1985.0
1192,492,550,s,17,19.0,False,1984.25,1984.75
1193,515,1043,s,17,21.0,False,1984.25,1985.25
1194,610,340,s,17,22.0,False,1984.25,1985.5
1195,796,1026,s,17,17.0,False,1984.25,1984.25
1196,917,391,s,17,18.0,False,1984.25,1984.5
1197,1103,762,s,17,17.0,False,1984.25,1984.25
1198,1126,828,s,17,17.0,False,1984.25,1984.25
1199,1131,162,s,17,22.0,False,1984.25,1985.5
1200,118,263,s,17,19.0,False,1984.25,1984.75
1201,141,947,s,17,20.0,False,1984.25,1985.0
1202,274,78,s,17,20.0,False,1984.25,1985.0
1203,274,391,s,17,18.0,False,1984.25,1984.5
1204,287,378,s,17,17.0,False,1984.25,1984.25
1205,342,108,s,17,29.0,False,1984.25,1987.25
1206,372,1067,s,17,21.0,False,1984.25,1985.25
1207,466,41,s,17,20.0,False,1984.25,1985.0
1208,807,358,s,17,20.0,False,1984.25,1985.0
1209,937,628,s,17,19.0,False,1984.25,1984.75
1210,1113,675,s,17,20.0,False,1984.25,1985.0
1211,133,320,s,17,28.0,False,1984.25,1987.0
1212,509,41,s,17,24.0,False,1984.25,1986.0
1213,725,1228,s,17,21.0,False,1984.25,1985.25
1214,791,85,s,17,23.0,False,1984.25,1985.75
1215,791,320,s,17,20.0,False,1984.25,1985.0
1216,1103,890,s,17,18.0,False,1984.25,1984.5
1217,1171,973,s,17,25.0,False,1984.25,1986.25
1218,796,578,l,17,151.0,True,1984.25,2017.75
1219,133,947,l,17,77.0,True,1984.25,1999.25
1220,196,653,l,17,208.0,True,1984.25,2032.0
1221,884,686,l,17,77.0,True,1984.25,1999.25
1222,141,49,s,18,20.0,False,1984.5,1985.0
1223,381,964,s,18,22.0,False,1984.5,1985.5
1224,744,41,s,18,26.0,False,1984.5,1986.5
1225,791,324,s,18,21.0,False,1984.5,1985.25
1226,792,170,s,18,18.0,False,1984.5,1984.5
1227,792,835,s,18,21.0,False,1984.5,1985.25
1228,796,1026,s,18,18.0,False,1984.5,1984.5
1229,908,572,s,18,21.0,False,1984.5,1985.25
1230,1112,948,s,18,21.0,False,1984.5,1985.25
1231,415,189,s,18,21.0,False,1984.5,1985.25
1232,439,391,s,18,26.0,False,1984.5,1986.5
1233,541,1058,s,18,23.0,False,1984.5,1985.75
1234,732,41,s,18,21.0,False,1984.5,1985.25
1235,884,617,s,18,18.0,False,1984.5,1984.5
1236,991,733,s,18,19.0,False,1984.5,1984.75
1237,1100,391,s,18,23.0,False,1984.5,1985.75
1238,1113,1067,s,18,39.0,False,1984.5,1989.75
1239,1113,1071,s,18,25.0,False,1984.5,1986.25
1240,1171,320,s,18,18.0,False,1984.5,1984.5
1241,249,663,s,18,20.0,False,1984.5,1985.0
1242,415,315,s,18,21.0,False,1984.5,1985.25
1243,466,857,s,18,21.0,False,1984.5,1985.25
1244,467,85,s,18,20.0,False,1984.5,1985.0
1245,497,340,s,18,20.0,False,1984.5,1985.0
1246,518,1043,s,18,23.0,False,1984.5,1985.75
1247,575,280,s,18,21.0,False,1984.5,1985.25
1248,737,685,s,18,22.0,False,1984.5,1985.5
1249,796,857,s,18,20.0,False,1984.5,1985.0
1250,871,407,s,18,22.0,False,1984.5,1985.5
1251,937,108,s,18,20.0,False,1984.5,1985.0
1252,1114,617,s,18,32.0,False,1984.5,1988.0
1253,1114,1049,s,18,21.0,False,1984.5,1985.25
1254,1116,675,s,18,34.0,False,1984.5,1988.5
1255,1131,344,s,18,19.0,False,1984.5,1984.75
1256,832,506,l,18,18.0,True,1984.5,1984.5
1257,356,929,l,18,29.0,True,1984.5,1987.25
1258,744,1043,l,18,103.0,True,1984.5,2005.75
1259,1116,887,l,18,100.0,True,1984.5,2005.0
1260,1230,523,l,18,71.0,True,1984.5,1997.75
1261,18,887,s,19,23.0,False,1984.75,1985.75
1262,66,617,s,19,22.0,False,1984.75,1985.5
1263,133,49,s,19,21.0,False,1984.75,1985.25
1264,274,110,s,19,20.0,False,1984.75,1985.0
1265,743,340,s,19,29.0,False,1984.75,1987.25
1266,769,31,s,19,21.0,False,1984.75,1985.25
1267,937,1028,s,19,27.0,False,1984.75,1986.75
1268,1082,572,s,19,24.0,False,1984.75,1986.0
1269,274,189,s,19,23.0,False,1984.75,1985.75
1270,274,320,s,19,27.0,False,1984.75,1986.75
1271,726,617,s,19,19.0,False,1984.75,1984.75
1272,754,866,s,19,20.0,False,1984.75,1985.0
1273,871,785,s,19,22.0,False,1984.75,1985.5
1274,889,723,s,19,20.0,False,1984.75,1985.0
1275,908,320,s,19,20.0,False,1984.75,1985.0
1276,916,578,s,19,31.0,False,1984.75,1987.75
1277,1123,828,s,19,20.0,False,1984.75,1985.0
1278,54,320,s,19,21.0,False,1984.75,1985.25
1279,113,857,s,19,22.0,False,1984.75,1985.5
1280,135,679,s,19,21.0,False,1984.75,1985.25
1281,230,324,s,19,26.0,False,1984.75,1986.5
1282,258,103,s,19,20.0,False,1984.75,1985.0
1283,260,189,s,19,20.0,False,1984.75,1985.0
1284,278,835,s,19,22.0,False,1984.75,1985.5
1285,485,857,s,19,24.0,False,1984.75,1986.0
1286,610,320,s,19,23.0,False,1984.75,1985.75
1287,626,170,s,19,25.0,False,1984.75,1986.25
1288,626,669,s,19,22.0,False,1984.75,1985.5
1289,626,747,s,19,38.0,False,1984.75,1989.5
1290,732,504,s,19,26.0,False,1984.75,1986.5
1291,732,650,s,19,20.0,False,1984.75,1985.0
1292,791,49,s,19,22.0,False,1984.75,1985.5
1293,832,344,s,19,23.0,False,1984.75,1985.75
1294,993,857,s,19,22.0,False,1984.75,1985.5
1295,1096,762,s,19,21.0,False,1984.75,1985.25
1296,1100,108,s,19,20.0,False,1984.75,1985.0
1297,1123,1067,s,19,21.0,False,1984.75,1985.25
1298,230,663,l,19,30.0,True,1984.75,1987.5
1299,381,85,l,19,102.0,True,1984.75,2005.5
1300,725,428,l,19,56.0,True,1984.75,1994.0
1301,135,965,s,20,22.0,False,1985.0,1985.5
1302,196,663,s,20,22.0,False,1985.0,1985.5
1303,335,675,s,20,20.0,False,1985.0,1985.0
1304,515,790,s,20,22.0,False,1985.0,1985.5
1305,626,31,s,20,24.0,False,1985.0,1986.0
1306,743,733,s,20,26.0,False,1985.0,1986.5
1307,792,965,s,20,21.0,False,1985.0,1985.25
1308,883,1055,s,20,21.0,False,1985.0,1985.25
1309,884,106,s,20,21.0,False,1985.0,1985.25
1310,937,785,s,20,24.0,False,1985.0,1986.0
1311,958,263,s,20,22.0,False,1985.0,1985.5
1312,991,973,s,20,20.0,False,1985.0,1985.0
1313,1114,344,s,20,21.0,False,1985.0,1985.25
1314,1114,948,s,20,30.0,False,1985.0,1987.5
1315,157,324,s,20,49.0,False,1985.0,1992.25
1316,274,785,s,20,24.0,False,1985.0,1986.0
1317,316,391,s,20,27.0,False,1985.0,1986.75
1318,541,617,s,20,22.0,False,1985.0,1985.5
1319,541,1036,s,20,37.0,False,1985.0,1989.25
1320,871,932,s,20,26.0,False,1985.0,1986.5
1321,967,428,s,20,23.0,False,1985.0,1985.75
1322,18,1049,s,20,24.0,False,1985.0,1986.0
1323,111,1061,s,20,21.0,False,1985.0,1985.25
1324,248,78,s,20,31.0,False,1985.0,1987.75
1325,626,523,s,20,22.0,False,1985.0,1985.5
1326,743,1026,s,20,23.0,False,1985.0,1985.75
1327,744,605,s,20,21.0,False,1985.0,1985.25
1328,773,129,s,20,21.0,False,1985.0,1985.25
1329,791,772,s,20,21.0,False,1985.0,1985.25
1330,883,170,s,20,22.0,False,1985.0,1985.5
1331,917,785,s,20,23.0,False,1985.0,1985.75
1332,917,857,s,20,25.0,False,1985.0,1986.25
1333,937,129,s,20,22.0,False,1985.0,1985.5
1334,1092,835,s,20,27.0,False,1985.0,1986.75
1335,1126,100,s,20,32.0,False,1985.0,1988.0
1336,215,537,l,20,60.0,True,1985.0,1995.0
1337,777,391,l,20,43.0,True,1985.0,1990.75
1338,791,108,l,20,95.0,True,1985.0,2003.75
1339,1097,965,l,20,23.0,True,1985.0,1985.75
1340,18,1192,s,21,26.0,False,1985.25,1986.5
1341,54,108,s,21,23.0,False,1985.25,1985.75
1342,57,320,s,21,32.0,False,1985.25,1988.0
1343,113,78,s,21,30.0,False,1985.25,1987.5
1344,133,110,s,21,22.0,False,1985.25,1985.5
1345,260,929,s,21,22.0,False,1985.25,1985.5
1346,274,416,s,21,25.0,False,1985.25,1986.25
1347,335,1043,s,21,21.0,False,1985.25,1985.25
1348,467,85,s,21,23.0,False,1985.25,1985.75
1349,515,857,s,21,27.0,False,1985.25,1986.75
1350,696,964,s,21,30.0,False,1985.25,1987.5
1351,791,663,s,21,26.0,False,1985.25,1986.5
1352,815,785,s,21,22.0,False,1985.25,1985.5
1353,867,663,s,21,21.0,False,1985.25,1985.25
1354,951,263,s,21,24.0,False,1985.25,1986.0
1355,967,685,s,21,22.0,False,1985.25,1985.5
1356,133,108,s,21,23.0,False,1985.25,1985.75
1357,155,1067,s,21,25.0,False,1985.25,1986.25
1358,215,31,s,21,32.0,False,1985.25,1988.0
1359,316,680,s,21,24.0,False,1985.25,1986.0
1360,466,650,s,21,25.0,False,1985.25,1986.25
1361,512,650,s,21,24.0,False,1985.25,1986.0
1362,541,724,s,21,22.0,False,1985.25,1985.5
1363,647,685,s,21,27.0,False,1985.25,1986.75
1364,953,108,s,21,33.0,False,1985.25,1988.25
1365,1087,973,s,21,28.0,False,1985.25,1987.0
1366,1097,41,s,21,27.0,False,1985.25,1986.75
1367,1113,1037,s,21,22.0,False,1985.25,1985.5
1368,1114,1060,s,21,26.0,False,1985.25,1986.5
1369,215,318,s,21,24.0,False,1985.25,1986.0
1370,230,572,s,21,32.0,False,1985.25,1988.0
1371,415,85,s,21,28.0,False,1985.25,1987.0
1372,415,1026,s,21,24.0,False,1985.25,1986.0
1373,769,308,s,21,22.0,False,1985.25,1985.5
1374,791,857,s,21,29.0,False,1985.25,1987.25
1375,1110,617,s,21,36.0,False,1985.25,1989.0
1376,1114,1192,s,21,40.0,False,1985.25,1990.0
1377,1173,617,s,21,33.0,False,1985.25,1988.25
1378,135,1031,l,21,140.0,True,1985.25,2015.0
1379,363,108,l,21,40.0,True,1985.25,1990.0
1380,381,628,l,21,80.0,True,1985.25,2000.0
1381,884,685,l,21,84.0,True,1985.25,2001.0
1382,113,484,s,22,25.0,False,1985.5,1986.25
1383,169,49,s,22,27.0,False,1985.5,1986.75
1384,372,1060,s,22,22.0,False,1985.5,1985.5
1385,415,929,s,22,23.0,False,1985.5,1985.75
1386,541,1049,s,22,24.0,False,1985.5,1986.0
1387,672,694,s,22,28.0,False,1985.5,1987.0
1388,756,320,s,22,23.0,False,1985.5,1985.75
1389,791,320,s,22,29.0,False,1985.5,1987.25
1390,1082,336,s,22,35.0,False,1985.5,1988.75
1391,1116,650,s,22,25.0,False,1985.5,1986.25
1392,1123,523,s,22,28.0,False,1985.5,1987.0
1393,3,170,s,22,22.0,False,1985.5,1985.5
1394,135,391,s,22,24.0,False,1985.5,1986.0
1395,335,369,s,22,32.0,False,1985.5,1988.0
1396,335,685,s,22,31.0,False,1985.5,1987.75
1397,465,320,s,22,23.0,False,1985.5,1985.75
1398,515,1050,s,22,36.0,False,1985.5,1989.0
1399,681,1025,s,22,23.0,False,1985.5,1985.75
1400,734,835,s,22,24.0,False,1985.5,1986.0
1401,791,572,s,22,29.0,False,1985.5,1987.25
1402,792,964,s,22,23.0,False,1985.5,1985.75
1403,884,523,s,22,38.0,False,1985.5,1989.5
1404,884,999,s,22,26.0,False,1985.5,1986.5
1405,916,49,s,22,25.0,False,1985.5,1986.25
1406,937,663,s,22,30.0,False,1985.5,1987.5
1407,1113,344,s,22,24.0,False,1985.5,1986.0
1408,57,315,s,22,25.0,False,1985.5,1986.25
1409,133,1026,s,22,37.0,False,1985.5,1989.25
1410,363,110,s,22,24.0,False,1985.5,1986.0
1411,365,1035,s,22,24.0,False,1985.5,1986.0
1412,515,973,s,22,37.0,False,1985.5,1989.25
1413,549,108,s,22,34.0,False,1985.5,1988.5
1414,559,475,s,22,35.0,False,1985.5,1988.75
1415,744,1058,s,22,25.0,False,1985.5,1986.25
1416,769,1165,s,22,32.0,False,1985.5,1988.0
1417,791,315,s,22,24.0,False,1985.5,1986.0
1418,791,336,s,22,23.0,False,1985.5,1985.75
1419,791,653,s,22,32.0,False,1985.5,1988.0
1420,791,929,s,22,24.0,False,1985.5,1986.0
1421,796,771,s,22,26.0,False,1985.5,1986.5
1422,937,407,s,22,24.0,False,1985.5,1986.0
1423,1082,929,s,22,25.0,False,1985.5,1986.25
1424,1097,1049,s,22,28.0,False,1985.5,1987.0
1425,1114,170,s,22,24.0,False,1985.5,1986.0
1426,335,428,l,22,32.0,True,1985.5,1988.0
1427,515,1165,l,22,27.0,True,1985.5,1986.75
1428,725,31,l,22,42.0,True,1985.5,1990.5
1429,1131,617,l,22,72.0,True,1985.5,1998.0
1430,791,90,l,22,25.0,True,1985.5,1986.25
1431,917,320,l,22,90.0,True,1985.5,2002.5
1432,1088,49,l,22,59.0,True,1985.5,1994.75
1433,1097,110,l,22,48.0,True,1985.5,1992.0
1434,216,786,l,22,104.0,True,1985.5,2006.0
1435,1114,1049,l,22,64.0,True,1985.5,1996.0
1436,40,605,s,23,26.0,False,1985.75,1986.5
1437,133,606,s,23,31.0,False,1985.75,1987.75
1438,230,189,s,23,24.0,False,1985.75,1986.0
1439,230,416,s,23,25.0,False,1985.75,1986.25
1440,269,1049,s,23,34.0,False,1985.75,1988.5
1441,274,929,s,23,24.0,False,1985.75,1986.0
1442,304,340,s,23,26.0,False,1985.75,1986.5
1443,342,1028,s,23,24.0,False,1985.75,1986.0
1444,515,106,s,23,26.0,False,1985.75,1986.5
1445,541,1043,s,23,25.0,False,1985.75,1986.25
1446,743,407,s,23,24.0,False,1985.75,1986.0
1447,871,85,s,23,30.0,False,1985.75,1987.5
1448,885,391,s,23,24.0,False,1985.75,1986.0
1449,917,49,s,23,23.0,False,1985.75,1985.75
1450,966,41,s,23,27.0,False,1985.75,1986.75
1451,993,320,s,23,30.0,False,1985.75,1987.5
1452,1082,129,s,23,28.0,False,1985.75,1987.0
1453,1088,320,s,23,41.0,False,1985.75,1990.25
1454,1116,1067,s,23,30.0,False,1985.75,1987.5
1455,40,504,s,23,24.0,False,1985.75,1986.0
1456,113,857,s,23,27.0,False,1985.75,1986.75
1457,230,653,s,23,24.0,False,1985.75,1986.0
1458,269,820,s,23,26.0,False,1985.75,1986.5
1459,274,1026,s,23,35.0,False,1985.75,1988.75
1460,342,444,s,23,27.0,False,1985.75,1986.75
1461,372,31,s,23,23.0,False,1985.75,1985.75
1462,372,669,s,23,26.0,False,1985.75,1986.5
1463,466,578,s,23,24.0,False,1985.75,1986.0
1464,652,578,s,23,26.0,False,1985.75,1986.5
1465,743,572,s,23,25.0,False,1985.75,1986.25
1466,791,947,s,23,29.0,False,1985.75,1987.25
1467,796,108,s,23,27.0,False,1985.75,1986.75
1468,884,1067,s,23,25.0,False,1985.75,1986.25
1469,936,786,s,23,32.0,False,1985.75,1988.0
1470,112,523,s,23,25.0,False,1985.75,1986.25
1471,133,724,s,23,25.0,False,1985.75,1986.25
1472,169,108,s,23,24.0,False,1985.75,1986.0
1473,215,685,s,23,25.0,False,1985.75,1986.25
1474,230,108,s,23,33.0,False,1985.75,1988.25
1475,516,615,s,23,27.0,False,1985.75,1986.75
1476,634,523,s,23,27.0,False,1985.75,1986.75
1477,743,929,s,23,25.0,False,1985.75,1986.25
1478,769,428,s,23,34.0,False,1985.75,1988.5
1479,777,582,s,23,24.0,False,1985.75,1986.0
1480,788,605,s,23,25.0,False,1985.75,1986.25
1481,796,129,s,23,24.0,False,1985.75,1986.0
1482,1126,537,s,23,33.0,False,1985.75,1988.25
1483,1131,31,s,23,26.0,False,1985.75,1986.5
1484,1131,686,s,23,39.0,False,1985.75,1989.75
1485,1136,21,s,23,28.0,False,1985.75,1987.0
1486,871,785,l,23,42.0,True,1985.75,1990.5
1487,509,110,l,23,42.0,True,1985.75,1990.5
1488,871,416,l,23,53.0,True,1985.75,1993.25
1489,871,964,l,23,38.0,True,1985.75,1989.5
1490,218,965,s,24,29.0,False,1986.0,1987.25
1491,287,733,s,24,30.0,False,1986.0,1987.5
1492,335,675,s,24,32.0,False,1986.0,1988.0
1493,366,1051,s,24,25.0,False,1986.0,1986.25
1494,415,929,s,24,24.0,False,1986.0,1986.0
1495,465,1026,s,24,27.0,False,1986.0,1986.75
1496,515,617,s,24,25.0,False,1986.0,1986.25
1497,792,462,s,24,26.0,False,1986.0,1986.5
1498,1082,189,s,24,24.0,False,1986.0,1986.0
1499,1116,428,s,24,38.0,False,1986.0,1989.5
1500,1171,921,s,24,29.0,False,1986.0,1987.25
1501,118,1072,s,24,28.0,False,1986.0,1987.0
1502,218,996,s,24,25.0,False,1986.0,1986.25
1503,466,857,s,24,28.0,False,1986.0,1987.0
1504,541,617,s,24,25.0,False,1986.0,1986.25
1505,626,1067,s,24,24.0,False,1986.0,1986.0
1506,792,694,s,24,30.0,False,1986.0,1987.5
1507,792,857,s,24,29.0,False,1986.0,1987.25
1508,916,391,s,24,25.0,False,1986.0,1986.25
1509,1126,1071,s,24,31.0,False,1986.0,1987.75
1510,157,170,s,24,27.0,False,1986.0,1986.75
1511,215,887,s,24,31.0,False,1986.0,1987.75
1512,230,266,s,24,30.0,False,1986.0,1987.5
1513,247,964,s,24,25.0,False,1986.0,1986.25
1514,260,663,s,24,35.0,False,1986.0,1988.75
1515,274,280,s,24,25.0,False,1986.0,1986.25
1516,278,170,s,24,28.0,False,1986.0,1987.0
1517,363,49,s,24,34.0,False,1986.0,1988.5
1518,381,41,s,24,25.0,False,1986.0,1986.25
1519,415,416,s,24,29.0,False,1986.0,1987.25
1520,515,31,s,24,27.0,False,1986.0,1986.75
1521,937,85,s,24,25.0,False,1986.0,1986.25
1522,1090,170,s,24,30.0,False,1986.0,1987.5
1523,1116,617,s,24,28.0,False,1986.0,1987.0
1524,1126,523,s,24,29.0,False,1986.0,1987.25
1525,1126,747,s,24,27.0,False,1986.0,1986.75
1526,18,617,l,24,48.0,True,1986.0,1992.0
1527,743,146,l,24,64.0,True,1986.0,1996.0
1528,883,1053,l,24,27.0,True,1986.0,1986.75
1529,967,617,l,24,92.0,True,1986.0,2003.0
1530,937,324,l,24,54.0,True,1986.0,1993.5
1531,133,280,s,25,26.0,False,1986.25,1986.5
1532,133,315,s,25,32.0,False,1986.25,1988.0
1533,215,162,s,25,26.0,False,1986.25,1986.5
1534,274,578,s,25,31.0,False,1986.25,1987.75
1535,473,828,s,25,30.0,False,1986.25,1987.5
1536,541,835,s,25,25.0,False,1986.25,1986.25
1537,731,129,s,25,26.0,False,1986.25,1986.5
1538,732,680,s,25,27.0,False,1986.25,1986.75
1539,773,1027,s,25,26.0,False,1986.25,1986.5
1540,884,1043,s,25,29.0,False,1986.25,1987.25
1541,937,964,s,25,30.0,False,1986.25,1987.5
1542,967,809,s,25,26.0,False,1986.25,1986.5
1543,1106,747,s,25,26.0,False,1986.25,1986.5
1544,133,108,s,25,27.0,False,1986.25,1986.75
1545,150,733,s,25,29.0,False,1986.25,1987.25
1546,218,338,s,25,31.0,False,1986.25,1987.75
1547,230,653,s,25,26.0,False,1986.25,1986.5
1548,230,1026,s,25,27.0,False,1986.25,1986.75
1549,248,108,s,25,26.0,False,1986.25,1986.5
1550,274,167,s,25,25.0,False,1986.25,1986.25
1551,287,320,s,25,27.0,False,1986.25,1986.75
1552,718,320,s,25,32.0,False,1986.25,1988.0
1553,718,835,s,25,25.0,False,1986.25,1986.25
1554,769,1064,s,25,32.0,False,1986.25,1988.0
1555,773,320,s,25,26.0,False,1986.25,1986.5
1556,791,280,s,25,25.0,False,1986.25,1986.25
1557,792,1031,s,25,28.0,False,1986.25,1987.0
1558,884,344,s,25,27.0,False,1986.25,1986.75
1559,884,475,s,25,39.0,False,1986.25,1989.75
1560,917,964,s,25,27.0,False,1986.25,1986.75
1561,991,835,s,25,26.0,False,1986.25,1986.5
1562,1092,929,s,25,26.0,False,1986.25,1986.5
1563,54,85,s,25,27.0,False,1986.25,1986.75
1564,141,857,s,25,27.0,False,1986.25,1986.75
1565,466,129,s,25,32.0,False,1986.25,1988.0
1566,501,1036,s,25,29.0,False,1986.25,1987.25
1567,515,391,s,25,26.0,False,1986.25,1986.5
1568,611,146,s,25,31.0,False,1986.25,1987.75
1569,731,899,s,25,30.0,False,1986.25,1987.5
1570,792,628,s,25,26.0,False,1986.25,1986.5
1571,815,391,s,25,26.0,False,1986.25,1986.5
1572,917,663,s,25,27.0,False,1986.25,1986.75
1573,936,663,s,25,26.0,False,1986.25,1986.5
1574,936,964,s,25,40.0,False,1986.25,1990.0
1575,1123,887,s,25,26.0,False,1986.25,1986.5
1576,1126,475,s,25,29.0,False,1986.25,1987.25
1577,1170,108,s,25,29.0,False,1986.25,1987.25
1578,1197,344,s,25,30.0,False,1986.25,1987.5
1579,304,32,l,25,160.0,True,1986.25,2020.0
1580,541,973,l,25,54.0,True,1986.25,1993.5
1581,884,7,l,25,84.0,True,1986.25,2001.0
1582,1096,857,l,25,43.0,True,1986.25,1990.75
1583,415,336,l,25,238.0,True,1986.25,2039.5
1584,611,628,l,25,134.0,True,1986.25,2013.5
1585,155,728,s,26,30.0,False,1986.5,1987.5
1586,215,650,s,26,26.0,False,1986.5,1986.5
1587,216,391,s,26,36.0,False,1986.5,1989.0
1588,260,407,s,26,33.0,False,1986.5,1988.25
1589,355,617,s,26,34.0,False,1986.5,1988.5
1590,381,462,s,26,26.0,False,1986.5,1986.5
1591,415,578,s,26,30.0,False,1986.5,1987.5
1592,439,110,s,26,28.0,False,1986.5,1987.0
1593,466,49,s,26,38.0,False,1986.5,1989.5
1594,466,407,s,26,35.0,False,1986.5,1988.75
1595,466,733,s,26,27.0,False,1986.5,1986.75
1596,541,170,s,26,26.0,False,1986.5,1986.5
1597,541,650,s,26,27.0,False,1986.5,1986.75
1598,744,694,s,26,32.0,False,1986.5,1988.0
1599,756,964,s,26,27.0,False,1986.5,1986.75
1600,764,428,s,26,30.0,False,1986.5,1987.5
1601,792,1043,s,26,31.0,False,1986.5,1987.75
1602,885,167,s,26,33.0,False,1986.5,1988.25
1603,917,108,s,26,28.0,False,1986.5,1987.0
1604,1126,617,s,26,27.0,False,1986.5,1986.75
1605,18,318,s,26,29.0,False,1986.5,1987.25
1606,381,1025,s,26,30.0,False,1986.5,1987.5
1607,647,369,s,26,31.0,False,1986.5,1987.75
1608,672,578,s,26,27.0,False,1986.5,1986.75
1609,796,49,s,26,29.0,False,1986.5,1987.25
1610,917,49,s,26,27.0,False,1986.5,1986.75
1611,1114,973,s,26,37.0,False,1986.5,1989.25
1612,18,887,s,26,27.0,False,1986.5,1986.75
1613,18,1067,s,26,27.0,False,1986.5,1986.75
1614,113,733,s,26,28.0,False,1986.5,1987.0
1615,119,578,s,26,30.0,False,1986.5,1987.5
1616,119,1055,s,26,33.0,False,1986.5,1988.25
1617,135,320,s,26,27.0,False,1986.5,1986.75
1618,212,338,s,26,41.0,False,1986.5,1990.25
1619,230,280,s,26,30.0,False,1986.5,1987.5
1620,274,947,s,26,37.0,False,1986.5,1989.25
1621,335,318,s,26,32.0,False,1986.5,1988.0
1622,652,129,s,26,27.0,False,1986.5,1986.75
1623,734,650,s,26,27.0,False,1986.5,1986.75
1624,791,578,s,26,31.0,False,1986.5,1987.75
1625,884,1067,s,26,33.0,False,1986.5,1988.25
1626,889,401,s,26,32.0,False,1986.5,1988.0
1627,917,628,s,26,27.0,False,1986.5,1986.75
1628,634,153,l,26,44.0,True,1986.5,1991.0
1629,791,701,l,26,,True,1986.5,
1630,335,21,l,26,32.0,True,1986.5,1988.0
1631,791,41,l,26,68.0,True,1986.5,1997.0
1632,924,31,l,26,42.0,True,1986.5,1990.5
1633,111,1071,l,26,40.0,True,1986.5,1990.0
1634,18,31,s,27,28.0,False,1986.75,1987.0
1635,157,41,s,27,30.0,False,1986.75,1987.5
1636,230,336,s,27,29.0,False,1986.75,1987.25
1637,515,617,s,27,49.0,False,1986.75,1992.25
1638,792,835,s,27,28.0,False,1986.75,1987.0
1639,871,146,s,27,30.0,False,1986.75,1987.5
1640,906,108,s,27,31.0,False,1986.75,1987.75
1641,1103,835,s,27,28.0,False,1986.75,1987.0
1642,1114,162,s,27,29.0,False,1986.75,1987.25
1643,1123,1066,s,27,28.0,False,1986.75,1987.0
1644,1170,336,s,27,29.0,False,1986.75,1987.25
1645,135,170,s,27,28.0,False,1986.75,1987.0
1646,242,336,s,27,28.0,False,1986.75,1987.0
1647,381,108,s,27,30.0,False,1986.75,1987.5
1648,515,537,s,27,34.0,False,1986.75,1988.5
1649,611,170,s,27,34.0,False,1986.75,1988.5
1650,743,129,s,27,29.0,False,1986.75,1987.25
1651,807,320,s,27,28.0,False,1986.75,1987.0
1652,884,428,s,27,29.0,False,1986.75,1987.25
1653,902,1026,s,27,37.0,False,1986.75,1989.25
1654,1096,315,s,27,29.0,False,1986.75,1987.25
1655,230,1032,s,27,31.0,False,1986.75,1987.75
1656,260,85,s,27,35.0,False,1986.75,1988.75
1657,274,762,s,27,32.0,False,1986.75,1988.0
1658,415,733,s,27,33.0,False,1986.75,1988.25
1659,515,1067,s,27,28.0,False,1986.75,1987.0
1660,516,1026,s,27,29.0,False,1986.75,1987.25
1661,541,762,s,27,36.0,False,1986.75,1989.0
1662,674,145,s,27,34.0,False,1986.75,1988.5
1663,725,368,s,27,28.0,False,1986.75,1987.0
1664,734,336,s,27,31.0,False,1986.75,1987.75
1665,743,965,s,27,35.0,False,1986.75,1988.75
1666,764,1061,s,27,34.0,False,1986.75,1988.5
1667,769,887,s,27,28.0,False,1986.75,1987.0
1668,773,146,s,27,29.0,False,1986.75,1987.25
1669,773,320,s,27,34.0,False,1986.75,1988.5
1670,773,653,s,27,32.0,False,1986.75,1988.0
1671,791,146,s,27,30.0,False,1986.75,1987.5
1672,791,170,s,27,42.0,False,1986.75,1990.5
1673,792,110,s,27,28.0,False,1986.75,1987.0
1674,867,1023,s,27,30.0,False,1986.75,1987.5
1675,884,106,s,27,39.0,False,1986.75,1989.75
1676,884,1192,s,27,41.0,False,1986.75,1990.25
1677,1082,320,s,27,28.0,False,1986.75,1987.0
1678,1133,1067,s,27,32.0,False,1986.75,1988.0
1679,777,733,l,27,29.0,True,1986.75,1987.25
1680,936,85,l,27,46.0,True,1986.75,1991.5
1681,597,891,l,27,44.0,True,1986.75,1991.0
1682,304,9,l,27,29.0,True,1986.75,1987.25
1683,731,340,l,27,74.0,True,1986.75,1998.5
1684,792,762,l,27,52.0,True,1986.75,1993.0
1685,1114,1067,l,27,64.0,True,1986.75,1996.0
1686,278,391,s,28,28.0,False,1987.0,1987.0
1687,597,41,s,28,35.0,False,1987.0,1988.75
1688,610,391,s,28,28.0,False,1987.0,1987.0
1689,744,835,s,28,32.0,False,1987.0,1988.0
1690,792,1026,s,28,31.0,False,1987.0,1987.75
1691,807,378,s,28,28.0,False,1987.0,1987.0
1692,953,320,s,28,30.0,False,1987.0,1987.5
1693,1087,320,s,28,30.0,False,1987.0,1987.5
1694,1096,85,s,28,30.0,False,1987.0,1987.5
1695,1114,1058,s,28,33.0,False,1987.0,1988.25
1696,1123,1055,s,28,39.0,False,1987.0,1989.75
1697,1176,1071,s,28,31.0,False,1987.0,1987.75
1698,260,167,s,28,29.0,False,1987.0,1987.25
1699,335,1067,s,28,32.0,False,1987.0,1988.0
1700,342,110,s,28,28.0,False,1987.0,1987.0
1701,916,835,s,28,38.0,False,1987.0,1989.5
1702,937,146,s,28,33.0,False,1987.0,1988.25
1703,967,650,s,28,30.0,False,1987.0,1987.5
1704,1103,857,s,28,31.0,False,1987.0,1987.75
1705,218,973,s,28,30.0,False,1987.0,1987.5
1706,218,1055,s,28,29.0,False,1987.0,1987.25
1707,248,663,s,28,30.0,False,1987.0,1987.5
1708,274,129,s,28,37.0,False,1987.0,1989.25
1709,381,650,s,28,30.0,False,1987.0,1987.5
1710,465,336,s,28,34.0,False,1987.0,1988.5
1711,520,108,s,28,29.0,False,1987.0,1987.25
1712,756,771,s,28,33.0,False,1987.0,1988.25
1713,791,315,s,28,29.0,False,1987.0,1987.25
1714,792,462,s,28,29.0,False,1987.0,1987.25
1715,917,444,s,28,33.0,False,1987.0,1988.25
1716,937,315,s,28,34.0,False,1987.0,1988.5
1717,1087,921,s,28,36.0,False,1987.0,1989.0
1718,1106,685,s,28,41.0,False,1987.0,1990.25
1719,1112,685,s,28,34.0,False,1987.0,1988.5
1720,1114,685,s,28,43.0,False,1987.0,1990.75
1721,908,929,l,28,88.0,True,1987.0,2002.0
1722,274,41,l,28,92.0,True,1987.0,2003.0
1723,133,170,s,29,33.0,False,1987.25,1988.25
1724,231,336,s,29,33.0,False,1987.25,1988.25
1725,515,1051,s,29,33.0,False,1987.25,1988.25
1726,737,965,s,29,32.0,False,1987.25,1988.0
1727,788,578,s,29,37.0,False,1987.25,1989.25
1728,886,1067,s,29,32.0,False,1987.25,1988.0
1729,1082,416,s,29,30.0,False,1987.25,1987.5
1730,111,1064,s,29,36.0,False,1987.25,1989.0
1731,157,1051,s,29,38.0,False,1987.25,1989.5
1732,169,108,s,29,30.0,False,1987.25,1987.5
1733,230,407,s,29,39.0,False,1987.25,1989.75
1734,466,41,s,29,30.0,False,1987.25,1987.5
1735,509,1036,s,29,31.0,False,1987.25,1987.75
1736,512,523,s,29,30.0,False,1987.25,1987.5
1737,541,1043,s,29,31.0,False,1987.25,1987.75
1738,756,1026,s,29,30.0,False,1987.25,1987.5
1739,773,416,s,29,37.0,False,1987.25,1989.25
1740,792,617,s,29,30.0,False,1987.25,1987.5
1741,792,1036,s,29,31.0,False,1987.25,1987.75
1742,796,733,s,29,41.0,False,1987.25,1990.25
1743,1114,627,s,29,41.0,False,1987.25,1990.25
1744,1170,762,s,29,33.0,False,1987.25,1988.25
1745,1288,162,s,29,30.0,False,1987.25,1987.5
1746,1288,675,s,29,33.0,False,1987.25,1988.25
1747,157,49,s,29,40.0,False,1987.25,1990.0
1748,515,762,s,29,34.0,False,1987.25,1988.5
1749,566,462,s,29,31.0,False,1987.25,1987.75
1750,610,781,s,29,30.0,False,1987.25,1987.5
1751,647,153,s,29,35.0,False,1987.25,1988.75
1752,672,617,s,29,32.0,False,1987.25,1988.0
1753,756,733,s,29,31.0,False,1987.25,1987.75
1754,791,771,s,29,30.0,False,1987.25,1987.5
1755,792,751,s,29,30.0,False,1987.25,1987.5
1756,902,866,s,29,31.0,False,1987.25,1987.75
1757,916,129,s,29,31.0,False,1987.25,1987.75
1758,916,407,s,29,33.0,False,1987.25,1988.25
1759,924,280,s,29,36.0,False,1987.25,1989.0
1760,995,1026,s,29,30.0,False,1987.25,1987.5
1761,1092,857,s,29,33.0,False,1987.25,1988.25
1762,1103,694,s,29,32.0,False,1987.25,1988.0
1763,157,650,l,29,84.0,True,1987.25,2001.0
1764,756,41,l,29,91.0,True,1987.25,2002.75
1765,889,428,l,29,62.0,True,1987.25,1995.5
1766,515,1060,l,29,56.0,True,1987.25,1994.0
1767,674,1061,l,29,92.0,True,1987.25,2003.0
1768,791,689,s,30,32.0,False,1987.5,1988.0
1769,880,921,s,30,39.0,False,1987.5,1989.75
1770,917,336,s,30,30.0,False,1987.5,1987.5
1771,1082,340,s,30,38.0,False,1987.5,1989.5
1772,135,320,s,30,35.0,False,1987.5,1988.75
1773,230,320,s,30,35.0,False,1987.5,1988.75
1774,363,578,s,30,31.0,False,1987.5,1987.75
1775,459,1066,s,30,31.0,False,1987.5,1987.75
1776,533,929,s,30,34.0,False,1987.5,1988.5
1777,674,972,s,30,32.0,False,1987.5,1988.0
1778,773,453,s,30,31.0,False,1987.5,1987.75
1779,788,324,s,30,32.0,False,1987.5,1988.0
1780,871,714,s,30,31.0,False,1987.5,1987.75
1781,991,320,s,30,52.0,False,1987.5,1993.0
1782,1088,336,s,30,31.0,False,1987.5,1987.75
1783,133,462,s,30,35.0,False,1987.5,1988.75
1784,260,733,s,30,39.0,False,1987.5,1989.75
1785,287,572,s,30,32.0,False,1987.5,1988.0
1786,304,534,s,30,42.0,False,1987.5,1990.5
1787,415,1028,s,30,34.0,False,1987.5,1988.5
1788,465,146,s,30,41.0,False,1987.5,1990.25
1789,512,338,s,30,31.0,False,1987.5,1987.75
1790,515,1037,s,30,32.0,False,1987.5,1988.0
1791,516,108,s,30,44.0,False,1987.5,1991.0
1792,718,391,s,30,32.0,False,1987.5,1988.0
1793,807,49,s,30,33.0,False,1987.5,1988.25
1794,832,37,s,30,33.0,False,1987.5,1988.25
1795,908,572,s,30,31.0,False,1987.5,1987.75
1796,1096,462,s,30,31.0,False,1987.5,1987.75
1797,1114,669,s,30,31.0,False,1987.5,1987.75
1798,48,378,s,31,34.0,False,1987.75,1988.5
1799,133,663,s,31,40.0,False,1987.75,1990.0
1800,141,663,s,31,37.0,False,1987.75,1989.25
1801,203,315,s,31,31.0,False,1987.75,1987.75
1802,274,108,s,31,35.0,False,1987.75,1988.75
1803,372,1038,s,31,38.0,False,1987.75,1989.5
1804,439,41,s,31,32.0,False,1987.75,1988.0
1805,610,85,s,31,32.0,False,1987.75,1988.0
1806,791,1026,s,31,52.0,False,1987.75,1993.0
1807,797,653,s,31,36.0,False,1987.75,1989.0
1808,871,578,s,31,37.0,False,1987.75,1989.25
1809,889,987,s,31,32.0,False,1987.75,1988.0
1810,967,685,s,31,34.0,False,1987.75,1988.5
1811,1087,189,s,31,32.0,False,1987.75,1988.0
1812,1288,1043,s,31,33.0,False,1987.75,1988.25
1813,113,129,s,31,34.0,False,1987.75,1988.5
1814,248,572,s,31,31.0,False,1987.75,1987.75
1815,248,964,s,31,35.0,False,1987.75,1988.75
1816,335,887,s,31,32.0,False,1987.75,1988.0
1817,467,280,s,31,36.0,False,1987.75,1989.0
1818,497,280,s,31,32.0,False,1987.75,1988.0
1819,597,320,s,31,34.0,False,1987.75,1988.5
1820,681,320,s,31,37.0,False,1987.75,1989.25
1821,773,785,s,31,33.0,False,1987.75,1988.25
1822,869,324,s,31,37.0,False,1987.75,1989.25
1823,889,523,s,31,35.0,False,1987.75,1988.75
1824,274,280,s,31,38.0,False,1987.75,1989.5
1825,316,572,s,31,32.0,False,1987.75,1988.0
1826,515,887,s,31,33.0,False,1987.75,1988.25
1827,516,146,s,31,34.0,False,1987.75,1988.5
1828,520,617,s,31,35.0,False,1987.75,1988.75
1829,726,1043,s,31,32.0,False,1987.75,1988.0
1830,743,49,s,31,37.0,False,1987.75,1989.25
1831,769,1071,s,31,32.0,False,1987.75,1988.0
1832,792,41,s,31,43.0,False,1987.75,1990.75
1833,796,1026,s,31,44.0,False,1987.75,1991.0
1834,815,572,s,31,32.0,False,1987.75,1988.0
1835,889,1067,s,31,32.0,False,1987.75,1988.0
1836,87,947,l,31,67.0,True,1987.75,1996.75
1837,169,340,l,31,128.0,True,1987.75,2012.0
1838,1114,650,l,31,64.0,True,1987.75,1996.0
1839,1171,336,l,31,86.0,True,1987.75,2001.5
1840,1113,537,l,31,36.0,True,1987.75,1989.0
1841,135,669,s,32,34.0,False,1988.0,1988.5
1842,141,857,s,32,33.0,False,1988.0,1988.25
1843,157,663,s,32,38.0,False,1988.0,1989.5
1844,215,617,s,32,38.0,False,1988.0,1989.5
1845,415,947,s,32,33.0,False,1988.0,1988.25
1846,516,320,s,32,41.0,False,1988.0,1990.25
1847,597,653,s,32,34.0,False,1988.0,1988.5
1848,626,1064,s,32,36.0,False,1988.0,1989.0
1849,743,1026,s,32,42.0,False,1988.0,1990.5
1850,815,733,s,32,33.0,False,1988.0,1988.25
1851,864,973,s,32,33.0,False,1988.0,1988.25
1852,967,1302,s,32,34.0,False,1988.0,1988.5
1853,978,733,s,32,32.0,False,1988.0,1988.0
1854,1097,578,s,32,32.0,False,1988.0,1988.0
1855,1113,1302,s,32,42.0,False,1988.0,1990.5
1856,87,41,s,32,35.0,False,1988.0,1988.75
1857,87,108,s,32,46.0,False,1988.0,1991.5
1858,274,578,s,32,37.0,False,1988.0,1989.25
1859,363,572,s,32,38.0,False,1988.0,1989.5
1860,466,835,s,32,38.0,False,1988.0,1989.5
1861,515,669,s,32,36.0,False,1988.0,1989.0
1862,792,499,s,32,34.0,False,1988.0,1988.5
1863,797,146,s,32,38.0,False,1988.0,1989.5
1864,1087,663,s,32,35.0,False,1988.0,1988.75
1865,18,1045,s,32,44.0,False,1988.0,1991.0
1866,18,1067,s,32,33.0,False,1988.0,1988.25
1867,113,189,s,32,35.0,False,1988.0,1988.75
1868,260,49,s,32,33.0,False,1988.0,1988.25
1869,316,762,s,32,48.0,False,1988.0,1992.0
1870,647,685,s,32,39.0,False,1988.0,1989.75
1871,737,899,s,32,33.0,False,1988.0,1988.25
1872,773,572,s,32,33.0,False,1988.0,1988.25
1873,792,170,s,32,33.0,False,1988.0,1988.25
1874,902,41,s,32,33.0,False,1988.0,1988.25
1875,1087,320,s,32,35.0,False,1988.0,1988.75
1876,1114,857,s,32,36.0,False,1988.0,1989.0
1877,1171,9,s,32,33.0,False,1988.0,1988.25
1878,67,336,l,32,39.0,True,1988.0,1989.75
1879,791,336,l,32,64.0,True,1988.0,1996.0
1880,1082,484,l,32,229.0,True,1988.0,2037.25
1881,372,686,s,33,33.0,False,1988.25,1988.25
1882,415,324,s,33,38.0,False,1988.25,1989.5
1883,473,747,s,33,36.0,False,1988.25,1989.0
1884,744,49,s,33,37.0,False,1988.25,1989.25
1885,832,617,s,33,59.0,False,1988.25,1994.75
1886,880,617,s,33,39.0,False,1988.25,1989.75
1887,884,344,s,33,37.0,False,1988.25,1989.25
1888,884,1043,s,33,34.0,False,1988.25,1988.5
1889,363,358,s,33,35.0,False,1988.25,1988.75
1890,512,617,s,33,39.0,False,1988.25,1989.75
1891,515,523,s,33,43.0,False,1988.25,1990.75
1892,716,213,s,33,34.0,False,1988.25,1988.5
1893,732,578,s,33,35.0,False,1988.25,1988.75
1894,756,680,s,33,35.0,False,1988.25,1988.75
1895,791,391,s,33,38.0,False,1988.25,1989.5
1896,884,669,s,33,36.0,False,1988.25,1989.0
1897,884,1051,s,33,35.0,False,1988.25,1988.75
1898,937,320,s,33,34.0,False,1988.25,1988.5
1899,1082,653,s,33,41.0,False,1988.25,1990.25
1900,1116,1067,s,33,36.0,False,1988.25,1989.0
1901,1230,1043,s,33,38.0,False,1988.25,1989.5
1902,113,857,s,33,34.0,False,1988.25,1988.5
1903,133,320,s,33,34.0,False,1988.25,1988.5
1904,133,496,s,33,36.0,False,1988.25,1989.0
1905,304,733,s,33,37.0,False,1988.25,1989.25
1906,342,835,s,33,40.0,False,1988.25,1990.0
1907,356,785,s,33,44.0,False,1988.25,1991.0
1908,466,663,s,33,38.0,False,1988.25,1989.5
1909,492,865,s,33,34.0,False,1988.25,1988.5
1910,541,578,s,33,36.0,False,1988.25,1989.0
1911,832,106,s,33,35.0,False,1988.25,1988.75
1912,871,85,s,33,37.0,False,1988.25,1989.25
1913,1087,572,s,33,36.0,False,1988.25,1989.0
1914,1195,475,s,33,37.0,False,1988.25,1989.25
1915,1195,887,s,33,41.0,False,1988.25,1990.25
1916,1288,617,s,33,34.0,False,1988.25,1988.5
1917,133,110,l,33,48.0,True,1988.25,1992.0
1918,743,189,l,33,133.0,True,1988.25,2013.25
1919,791,733,l,33,154.0,True,1988.25,2018.5
1920,1171,835,l,33,73.0,True,1988.25,1998.25
1921,716,108,l,33,35.0,True,1988.25,1988.75
1922,796,653,l,33,129.0,True,1988.25,2012.25
1923,157,320,s,34,36.0,False,1988.5,1989.0
1924,157,1031,s,34,35.0,False,1988.5,1988.75
1925,230,78,s,34,35.0,False,1988.5,1988.75
1926,316,167,s,34,34.0,False,1988.5,1988.5
1927,381,973,s,34,43.0,False,1988.5,1990.75
1928,418,146,s,34,43.0,False,1988.5,1990.75
1929,515,428,s,34,38.0,False,1988.5,1989.5
1930,560,41,s,34,36.0,False,1988.5,1989.0
1931,718,965,s,34,35.0,False,1988.5,1988.75
1932,769,887,s,34,38.0,False,1988.5,1989.5
1933,791,49,s,34,35.0,False,1988.5,1988.75
1934,796,650,s,34,37.0,False,1988.5,1989.25
1935,807,320,s,34,36.0,False,1988.5,1989.0
1936,937,572,s,34,38.0,False,1988.5,1989.5
1937,1092,85,s,34,38.0,False,1988.5,1989.5
1938,1097,733,s,34,42.0,False,1988.5,1990.5
1939,1103,835,s,34,34.0,False,1988.5,1988.5
1940,1113,685,s,34,36.0,False,1988.5,1989.0
1941,1123,475,s,34,43.0,False,1988.5,1990.75
1942,1288,523,s,34,35.0,False,1988.5,1988.75
1943,113,387,s,34,35.0,False,1988.5,1988.75
1944,141,108,s,34,55.0,False,1988.5,1993.75
1945,363,653,s,34,35.0,False,1988.5,1988.75
1946,418,1026,s,34,44.0,False,1988.5,1991.0
1947,418,1028,s,34,36.0,False,1988.5,1989.0
1948,497,762,s,34,34.0,False,1988.5,1988.5
1949,718,9,s,34,45.0,False,1988.5,1991.25
1950,792,1302,s,34,35.0,False,1988.5,1988.75
1951,884,1302,s,34,35.0,False,1988.5,1988.75
1952,967,428,s,34,43.0,False,1988.5,1990.75
1953,1116,669,s,34,36.0,False,1988.5,1989.0
1954,18,1037,s,34,42.0,False,1988.5,1990.5
1955,372,617,s,34,37.0,False,1988.5,1989.25
1956,439,785,s,34,38.0,False,1988.5,1989.5
1957,541,1051,s,34,35.0,False,1988.5,1988.75
1958,936,785,s,34,40.0,False,1988.5,1990.0
1959,993,391,s,34,49.0,False,1988.5,1992.25
1960,1092,320,s,34,36.0,False,1988.5,1989.0
1961,1103,1051,s,34,39.0,False,1988.5,1989.75
1962,864,523,l,34,67.0,True,1988.5,1996.75
1963,832,694,l,34,72.0,True,1988.5,1998.0
1964,274,320,s,35,38.0,False,1988.75,1989.5
1965,465,95,s,35,35.0,False,1988.75,1988.75
1966,466,129,s,35,36.0,False,1988.75,1989.0
1967,497,785,s,35,36.0,False,1988.75,1989.0
1968,560,685,s,35,38.0,False,1988.75,1989.5
1969,744,405,s,35,36.0,False,1988.75,1989.0
1970,756,49,s,35,36.0,False,1988.75,1989.0
1971,773,108,s,35,35.0,False,1988.75,1988.75
1972,791,387,s,35,35.0,False,1988.75,1988.75
1973,884,925,s,35,35.0,False,1988.75,1988.75
1974,937,85,s,35,36.0,False,1988.75,1989.0
1975,967,1043,s,35,41.0,False,1988.75,1990.25
1976,1094,85,s,35,35.0,False,1988.75,1988.75
1977,1113,720,s,35,40.0,False,1988.75,1990.0
1978,1114,369,s,35,35.0,False,1988.75,1988.75
1979,1114,1071,s,35,40.0,False,1988.75,1990.0
1980,1131,943,s,35,37.0,False,1988.75,1989.25
1981,1136,930,s,35,36.0,False,1988.75,1989.0
1982,133,320,s,35,38.0,False,1988.75,1989.5
1983,157,857,s,35,40.0,False,1988.75,1990.0
1984,230,578,s,35,39.0,False,1988.75,1989.75
1985,274,907,s,35,38.0,False,1988.75,1989.5
1986,316,320,s,35,35.0,False,1988.75,1988.75
1987,316,572,s,35,35.0,False,1988.75,1988.75
1988,439,189,s,35,36.0,False,1988.75,1989.0
1989,597,320,s,35,36.0,False,1988.75,1989.0
1990,744,857,s,35,36.0,False,1988.75,1989.0
1991,769,523,s,35,42.0,False,1988.75,1990.5
1992,1133,1067,s,35,43.0,False,1988.75,1990.75
1993,133,1260,s,35,37.0,False,1988.75,1989.25
1994,135,110,s,35,38.0,False,1988.75,1989.5
1995,169,929,s,35,37.0,False,1988.75,1989.25
1996,372,1302,s,35,51.0,False,1988.75,1992.75
1997,415,890,s,35,55.0,False,1988.75,1993.75
1998,415,973,s,35,43.0,False,1988.75,1990.75
1999,515,747,s,35,50.0,False,1988.75,1992.5
2000,716,785,s,35,37.0,False,1988.75,1989.25
2001,718,189,s,35,39.0,False,1988.75,1989.75
2002,737,578,s,35,37.0,False,1988.75,1989.25
2003,988,320,s,35,36.0,False,1988.75,1989.0
2004,1091,578,s,35,37.0,False,1988.75,1989.25
2005,1093,857,s,35,36.0,False,1988.75,1989.0
2006,1114,947,s,35,49.0,False,1988.75,1992.25
2007,597,576,l,35,208.0,True,1988.75,2032.0
2008,647,650,l,35,54.0,True,1988.75,1993.5
2009,155,878,l,35,39.0,True,1988.75,1989.75
2010,885,391,l,35,68.0,True,1988.75,1997.0
2011,1102,1039,l,35,36.0,True,1988.75,1989.0
2012,113,320,s,36,38.0,False,1989.0,1989.5
2013,133,653,s,36,37.0,False,1989.0,1989.25
2014,141,762,s,36,40.0,False,1989.0,1990.0
2015,248,280,s,36,38.0,False,1989.0,1989.5
2016,515,1051,s,36,40.0,False,1989.0,1990.0
2017,542,835,s,36,39.0,False,1989.0,1989.75
2018,756,857,s,36,42.0,False,1989.0,1990.5
2019,769,1067,s,36,44.0,False,1989.0,1991.0
2020,773,733,s,36,46.0,False,1989.0,1991.5
2021,777,786,s,36,38.0,False,1989.0,1989.5
2022,791,921,s,36,42.0,False,1989.0,1990.5
2023,796,947,s,36,42.0,False,1989.0,1990.5
2024,807,578,s,36,36.0,False,1989.0,1989.0
2025,880,391,s,36,36.0,False,1989.0,1989.0
2026,937,952,s,36,40.0,False,1989.0,1990.0
2027,1096,606,s,36,40.0,False,1989.0,1990.0
2028,1195,669,s,36,38.0,False,1989.0,1989.5
2029,18,987,s,36,39.0,False,1989.0,1989.75
2030,87,259,s,36,37.0,False,1989.0,1989.25
2031,133,733,s,36,37.0,False,1989.0,1989.25
2032,274,85,s,36,41.0,False,1989.0,1990.25
2033,788,320,s,36,36.0,False,1989.0,1989.0
2034,937,785,s,36,39.0,False,1989.0,1989.75
2035,1100,108,s,36,41.0,False,1989.0,1990.25
2036,1103,899,s,36,39.0,False,1989.0,1989.75
2037,18,1060,s,36,47.0,False,1989.0,1991.75
2038,196,315,s,36,40.0,False,1989.0,1990.0
2039,287,320,s,36,37.0,False,1989.0,1989.25
2040,515,110,s,36,41.0,False,1989.0,1990.25
2041,743,358,s,36,41.0,False,1989.0,1990.25
2042,769,344,s,36,38.0,False,1989.0,1989.5
2043,788,110,s,36,42.0,False,1989.0,1990.5
2044,791,280,s,36,38.0,False,1989.0,1989.5
2045,791,320,s,36,40.0,False,1989.0,1990.0
2046,792,578,s,36,42.0,False,1989.0,1990.5
2047,792,947,s,36,41.0,False,1989.0,1990.25
2048,832,1043,s,36,37.0,False,1989.0,1989.25
2049,884,617,s,36,41.0,False,1989.0,1990.25
2050,908,572,s,36,41.0,False,1989.0,1990.25
2051,909,952,s,36,37.0,False,1989.0,1989.25
2052,916,929,s,36,40.0,False,1989.0,1990.0
2053,967,170,s,36,37.0,False,1989.0,1989.25
2054,1100,49,s,36,37.0,False,1989.0,1989.25
2055,1288,1035,s,36,42.0,False,1989.0,1990.5
2056,141,947,l,36,52.0,True,1989.0,1993.0
2057,260,108,l,36,61.0,True,1989.0,1995.25
2058,248,320,l,36,63.0,True,1989.0,1995.75
2059,937,772,l,36,78.0,True,1989.0,1999.5
2060,1103,1026,l,36,44.0,True,1989.0,1991.0
2061,40,947,s,37,40.0,False,1989.25,1990.0
2062,215,1302,s,37,39.0,False,1989.25,1989.75
2063,218,338,s,37,41.0,False,1989.25,1990.25
2064,287,947,s,37,39.0,False,1989.25,1989.75
2065,372,170,s,37,43.0,False,1989.25,1990.75
2066,381,733,s,37,38.0,False,1989.25,1989.5
2067,415,280,s,37,38.0,False,1989.25,1989.5
2068,520,1043,s,37,39.0,False,1989.25,1989.75
2069,611,127,s,37,39.0,False,1989.25,1989.75
2070,791,259,s,37,39.0,False,1989.25,1989.75
2071,792,1043,s,37,38.0,False,1989.25,1989.5
2072,796,632,s,37,37.0,False,1989.25,1989.25
2073,1103,496,s,37,38.0,False,1989.25,1989.5
2074,1103,835,s,37,39.0,False,1989.25,1989.75
2075,1116,1061,s,37,41.0,False,1989.25,1990.25
2076,18,751,s,37,46.0,False,1989.25,1991.5
2077,141,49,s,37,41.0,False,1989.25,1990.25
2078,278,475,s,37,38.0,False,1989.25,1989.5
2079,342,320,s,37,38.0,False,1989.25,1989.5
2080,355,947,s,37,39.0,False,1989.25,1989.75
2081,372,1043,s,37,46.0,False,1989.25,1991.5
2082,415,615,s,37,38.0,False,1989.25,1989.5
2083,466,572,s,37,38.0,False,1989.25,1989.5
2084,497,973,s,37,47.0,False,1989.25,1991.75
2085,518,1051,s,37,46.0,False,1989.25,1991.5
2086,737,49,s,37,39.0,False,1989.25,1989.75
2087,773,653,s,37,40.0,False,1989.25,1990.0
2088,791,49,s,37,42.0,False,1989.25,1990.5
2089,791,85,s,37,45.0,False,1989.25,1991.25
2090,796,1032,s,37,40.0,False,1989.25,1990.0
2091,880,523,s,37,46.0,False,1989.25,1991.5
2092,916,785,s,37,38.0,False,1989.25,1989.5
2093,991,444,s,37,42.0,False,1989.25,1990.5
2094,1080,387,s,37,42.0,False,1989.25,1990.5
2095,111,828,s,37,41.0,False,1989.25,1990.25
2096,230,387,s,37,40.0,False,1989.25,1990.0
2097,274,108,s,37,38.0,False,1989.25,1989.5
2098,415,964,s,37,38.0,False,1989.25,1989.5
2099,509,167,s,37,38.0,False,1989.25,1989.5
2100,515,1067,s,37,39.0,False,1989.25,1989.75
2101,541,617,s,37,44.0,False,1989.25,1991.0
2102,906,789,s,37,42.0,False,1989.25,1990.5
2103,924,391,s,37,43.0,False,1989.25,1990.75
2104,937,391,s,37,46.0,False,1989.25,1991.5
2105,967,1192,s,37,40.0,False,1989.25,1990.0
2106,1082,387,s,37,38.0,False,1989.25,1989.5
2107,1093,49,s,37,38.0,False,1989.25,1989.5
2108,1102,650,s,37,40.0,False,1989.25,1990.0
2109,1288,602,s,37,42.0,False,1989.25,1990.5
2110,1171,110,l,37,48.0,True,1989.25,1992.0
2111,953,358,l,37,62.0,True,1989.25,1995.5
2112,737,41,l,37,81.0,True,1989.25,2000.25
2113,18,83,s,38,39.0,False,1989.5,1989.75
2114,87,280,s,38,41.0,False,1989.5,1990.25
2115,87,964,s,38,40.0,False,1989.5,1990.0
2116,112,857,s,38,41.0,False,1989.5,1990.25
2117,119,338,s,38,49.0,False,1989.5,1992.25
2118,274,578,s,38,38.0,False,1989.5,1989.5
2119,630,320,s,38,38.0,False,1989.5,1989.5
2120,791,110,s,38,46.0,False,1989.5,1991.5
2121,791,680,s,38,40.0,False,1989.5,1990.0
2122,807,947,s,38,44.0,False,1989.5,1991.0
2123,916,866,s,38,40.0,False,1989.5,1990.0
2124,937,340,s,38,42.0,False,1989.5,1990.5
2125,1092,650,s,38,40.0,False,1989.5,1990.0
2126,1113,344,s,38,46.0,False,1989.5,1991.5
2127,1114,170,s,38,39.0,False,1989.5,1989.75
2128,169,320,s,38,49.0,False,1989.5,1992.25
2129,260,129,s,38,43.0,False,1989.5,1990.75
2130,274,965,s,38,39.0,False,1989.5,1989.75
2131,342,964,s,38,45.0,False,1989.5,1991.25
2132,466,391,s,38,38.0,False,1989.5,1989.5
2133,541,1056,s,38,46.0,False,1989.5,1991.5
2134,566,733,s,38,41.0,False,1989.5,1990.25
2135,792,288,s,38,41.0,False,1989.5,1990.25
2136,796,572,s,38,39.0,False,1989.5,1989.75
2137,884,1049,s,38,46.0,False,1989.5,1991.5
2138,922,785,s,38,42.0,False,1989.5,1990.5
2139,924,1036,s,38,39.0,False,1989.5,1989.75
2140,937,85,s,38,39.0,False,1989.5,1989.75
2141,1082,663,s,38,40.0,False,1989.5,1990.0
2142,155,344,s,38,52.0,False,1989.5,1993.0
2143,611,336,s,38,41.0,False,1989.5,1990.25
2144,744,391,s,38,42.0,False,1989.5,1990.5
2145,788,170,s,38,42.0,False,1989.5,1990.5
2146,796,964,s,38,53.0,False,1989.5,1993.25
2147,807,663,s,38,39.0,False,1989.5,1989.75
2148,864,964,s,38,40.0,False,1989.5,1990.0
2149,917,785,s,38,40.0,False,1989.5,1990.0
2150,937,583,s,38,42.0,False,1989.5,1990.5
2151,967,1067,s,38,41.0,False,1989.5,1990.25
2152,1092,1043,s,38,41.0,False,1989.5,1990.25
2153,1103,391,s,38,45.0,False,1989.5,1991.25
2154,610,85,l,38,48.0,True,1989.5,1992.0
2155,916,899,l,38,83.0,True,1989.5,2000.75
2156,988,1018,l,38,46.0,True,1989.5,1991.5
2157,113,1026,s,39,39.0,False,1989.75,1989.75
2158,135,444,s,39,43.0,False,1989.75,1990.75
2159,169,108,s,39,42.0,False,1989.75,1990.5
2160,169,572,s,39,42.0,False,1989.75,1990.5
2161,196,146,s,39,44.0,False,1989.75,1991.0
2162,230,785,s,39,40.0,False,1989.75,1990.0
2163,248,1025,s,39,40.0,False,1989.75,1990.0
2164,731,578,s,39,50.0,False,1989.75,1992.5
2165,731,1027,s,39,41.0,False,1989.75,1990.25
2166,743,785,s,39,44.0,False,1989.75,1991.0
2167,773,146,s,39,40.0,False,1989.75,1990.0
2168,791,653,s,39,39.0,False,1989.75,1989.75
2169,792,499,s,39,42.0,False,1989.75,1990.5
2170,916,628,s,39,42.0,False,1989.75,1990.5
2171,1079,85,s,39,45.0,False,1989.75,1991.25
2172,1103,1302,s,39,40.0,False,1989.75,1990.0
2173,1114,1302,s,39,39.0,False,1989.75,1989.75
2174,130,669,s,39,41.0,False,1989.75,1990.25
2175,248,129,s,39,40.0,False,1989.75,1990.0
2176,287,49,s,39,42.0,False,1989.75,1990.5
2177,350,344,s,39,41.0,False,1989.75,1990.25
2178,465,320,s,39,40.0,False,1989.75,1990.0
2179,716,336,s,39,59.0,False,1989.75,1994.75
2180,732,653,s,39,46.0,False,1989.75,1991.5
2181,792,170,s,39,45.0,False,1989.75,1991.25
2182,883,617,s,39,39.0,False,1989.75,1989.75
2183,995,90,s,39,41.0,False,1989.75,1990.25
2184,1079,653,s,39,42.0,False,1989.75,1990.5
2185,1171,129,s,39,41.0,False,1989.75,1990.25
2186,87,146,s,39,40.0,False,1989.75,1990.0
2187,215,523,s,39,46.0,False,1989.75,1991.5
2188,415,324,s,39,42.0,False,1989.75,1990.5
2189,492,865,s,39,42.0,False,1989.75,1990.5
2190,573,650,s,39,40.0,False,1989.75,1990.0
2191,744,84,s,39,40.0,False,1989.75,1990.0
2192,744,650,s,39,41.0,False,1989.75,1990.25
2193,756,108,s,39,43.0,False,1989.75,1990.75
2194,788,41,s,39,47.0,False,1989.75,1991.75
2195,807,371,s,39,40.0,False,1989.75,1990.0
2196,807,391,s,39,46.0,False,1989.75,1991.5
2197,916,973,s,39,40.0,False,1989.75,1990.0
2198,967,694,s,39,41.0,False,1989.75,1990.25
2199,1123,879,s,39,41.0,False,1989.75,1990.25
2200,274,572,l,39,92.0,True,1989.75,2003.0
2201,1103,617,l,39,58.0,True,1989.75,1994.5
2202,792,1043,l,39,52.0,True,1989.75,1993.0
2203,1082,947,l,39,107.0,True,1989.75,2006.75
2204,135,706,s,40,41.0,False,1990.0,1990.25
2205,215,751,s,40,41.0,False,1990.0,1990.25
2206,230,85,s,40,51.0,False,1990.0,1992.75
2207,274,189,s,40,43.0,False,1990.0,1990.75
2208,350,1049,s,40,41.0,False,1990.0,1990.25
2209,355,1043,s,40,43.0,False,1990.0,1990.75
2210,372,617,s,40,40.0,False,1990.0,1990.0
2211,452,767,s,40,46.0,False,1990.0,1991.5
2212,515,947,s,40,42.0,False,1990.0,1990.5
2213,634,617,s,40,42.0,False,1990.0,1990.5
2214,937,504,s,40,55.0,False,1990.0,1993.75
2215,1079,320,s,40,40.0,False,1990.0,1990.0
2216,1082,1020,s,40,42.0,False,1990.0,1990.5
2217,1088,733,s,40,40.0,False,1990.0,1990.0
2218,1116,523,s,40,43.0,False,1990.0,1990.75
2219,1123,344,s,40,55.0,False,1990.0,1993.75
2220,1325,340,s,40,45.0,False,1990.0,1991.25
2221,18,943,s,40,42.0,False,1990.0,1990.5
2222,230,324,s,40,41.0,False,1990.0,1990.25
2223,276,828,s,40,45.0,False,1990.0,1991.25
2224,541,170,s,40,41.0,False,1990.0,1990.25
2225,743,572,s,40,46.0,False,1990.0,1991.5
2226,773,85,s,40,45.0,False,1990.0,1991.25
2227,883,1053,s,40,41.0,False,1990.0,1990.25
2228,993,733,s,40,46.0,False,1990.0,1991.5
2229,1079,689,s,40,48.0,False,1990.0,1992.0
2230,1114,675,s,40,41.0,False,1990.0,1990.25
2231,1114,1051,s,40,56.0,False,1990.0,1994.0
2232,1116,685,s,40,55.0,False,1990.0,1993.75
2233,1126,21,s,40,40.0,False,1990.0,1990.0
2234,215,31,s,40,42.0,False,1990.0,1990.5
2235,274,336,s,40,42.0,False,1990.0,1990.5
2236,356,572,s,40,41.0,False,1990.0,1990.25
2237,356,1026,s,40,45.0,False,1990.0,1991.25
2238,515,1302,s,40,43.0,False,1990.0,1990.75
2239,734,952,s,40,41.0,False,1990.0,1990.25
2240,756,391,s,40,43.0,False,1990.0,1990.75
2241,773,662,s,40,41.0,False,1990.0,1990.25
2242,792,110,s,40,41.0,False,1990.0,1990.25
2243,796,785,s,40,47.0,False,1990.0,1991.75
2244,838,49,s,40,41.0,False,1990.0,1990.25
2245,917,952,s,40,43.0,False,1990.0,1990.75
2246,924,462,s,40,51.0,False,1990.0,1992.75
2247,1074,108,s,40,41.0,False,1990.0,1990.25
2248,157,857,l,40,63.0,True,1990.0,1995.75
2249,1195,617,l,40,45.0,True,1990.0,1991.25
2250,3,1260,s,41,42.0,False,1990.25,1990.5
2251,65,786,s,41,47.0,False,1990.25,1991.75
2252,215,564,s,41,43.0,False,1990.25,1990.75
2253,356,929,s,41,42.0,False,1990.25,1990.5
2254,415,320,s,41,42.0,False,1990.25,1990.5
2255,515,564,s,41,42.0,False,1990.25,1990.5
2256,610,653,s,41,44.0,False,1990.25,1991.0
2257,611,49,s,41,41.0,False,1990.25,1990.25
2258,634,84,s,41,42.0,False,1990.25,1990.5
2259,716,1032,s,41,45.0,False,1990.25,1991.25
2260,731,416,s,41,42.0,False,1990.25,1990.5
2261,743,407,s,41,42.0,False,1990.25,1990.5
2262,788,650,s,41,43.0,False,1990.25,1990.75
2263,788,665,s,41,47.0,False,1990.25,1991.75
2264,791,628,s,41,42.0,False,1990.25,1990.5
2265,807,108,s,41,42.0,False,1990.25,1990.5
2266,869,653,s,41,53.0,False,1990.25,1993.25
2267,916,965,s,41,56.0,False,1990.25,1994.0
2268,937,572,s,41,41.0,False,1990.25,1990.25
2269,937,929,s,41,44.0,False,1990.25,1991.0
2270,45,615,s,41,57.0,False,1990.25,1994.25
2271,242,663,s,41,42.0,False,1990.25,1990.5
2272,274,929,s,41,43.0,False,1990.25,1990.75
2273,274,1026,s,41,46.0,False,1990.25,1991.5
2274,287,41,s,41,44.0,False,1990.25,1991.0
2275,497,921,s,41,42.0,False,1990.25,1990.5
2276,501,572,s,41,42.0,False,1990.25,1990.5
2277,542,1049,s,41,43.0,False,1990.25,1990.75
2278,796,189,s,41,43.0,False,1990.25,1990.75
2279,871,653,s,41,41.0,False,1990.25,1990.25
2280,1288,170,s,41,45.0,False,1990.25,1991.25
2281,135,857,s,41,46.0,False,1990.25,1991.5
2282,278,578,s,41,44.0,False,1990.25,1991.0
2283,316,653,s,41,49.0,False,1990.25,1992.25
2284,466,572,s,41,46.0,False,1990.25,1991.5
2285,497,1020,s,41,42.0,False,1990.25,1990.5
2286,732,857,s,41,50.0,False,1990.25,1992.5
2287,773,785,s,41,43.0,False,1990.25,1990.75
2288,777,606,s,41,42.0,False,1990.25,1990.5
2289,791,578,s,41,47.0,False,1990.25,1991.75
2290,141,653,l,41,56.0,True,1990.25,1994.0
2291,274,781,l,41,72.0,True,1990.25,1998.0
2292,792,857,l,41,53.0,True,1990.25,1993.25
2293,1092,462,l,41,112.0,True,1990.25,2008.0
2294,372,828,l,41,60.0,True,1990.25,1995.0
2295,791,653,l,41,130.0,True,1990.25,2012.5
2296,1244,685,l,41,50.0,True,1990.25,1992.5
2297,967,887,l,41,80.0,True,1990.25,2000.0
2298,113,129,s,42,49.0,False,1990.5,1992.25
2299,135,84,s,42,46.0,False,1990.5,1991.5
2300,278,887,s,42,46.0,False,1990.5,1991.5
2301,287,189,s,42,45.0,False,1990.5,1991.25
2302,304,866,s,42,43.0,False,1990.5,1990.75
2303,415,947,s,42,45.0,False,1990.5,1991.25
2304,509,41,s,42,47.0,False,1990.5,1991.75
2305,560,650,s,42,47.0,False,1990.5,1991.75
2306,637,793,s,42,44.0,False,1990.5,1991.0
2307,732,572,s,42,51.0,False,1990.5,1992.75
2308,732,835,s,42,46.0,False,1990.5,1991.5
2309,792,85,s,42,52.0,False,1990.5,1993.0
2310,796,835,s,42,45.0,False,1990.5,1991.25
2311,832,170,s,42,45.0,False,1990.5,1991.25
2312,832,1043,s,42,47.0,False,1990.5,1991.75
2313,869,320,s,42,48.0,False,1990.5,1992.0
2314,871,653,s,42,46.0,False,1990.5,1991.5
2315,1074,1026,s,42,45.0,False,1990.5,1991.25
2316,1082,952,s,42,43.0,False,1990.5,1990.75
2317,1114,344,s,42,47.0,False,1990.5,1991.75
2318,1131,828,s,42,43.0,False,1990.5,1990.75
2319,1131,887,s,42,47.0,False,1990.5,1991.75
2320,1171,108,s,42,43.0,False,1990.5,1990.75
2321,1177,930,s,42,48.0,False,1990.5,1992.0
2322,18,428,s,42,48.0,False,1990.5,1992.0
2323,230,49,s,42,44.0,False,1990.5,1991.0
2324,230,336,s,42,43.0,False,1990.5,1990.75
2325,230,965,s,42,49.0,False,1990.5,1992.25
2326,231,78,s,42,53.0,False,1990.5,1993.25
2327,248,663,s,42,55.0,False,1990.5,1993.75
2328,248,733,s,42,50.0,False,1990.5,1992.5
2329,466,653,s,42,43.0,False,1990.5,1990.75
2330,756,964,s,42,43.0,False,1990.5,1990.75
2331,788,576,s,42,46.0,False,1990.5,1991.5
2332,792,129,s,42,50.0,False,1990.5,1992.5
2333,818,21,s,42,45.0,False,1990.5,1991.25
2334,880,170,s,42,50.0,False,1990.5,1992.5
2335,995,653,s,42,42.0,False,1990.5,1990.5
2336,1079,108,s,42,44.0,False,1990.5,1991.0
2337,1092,336,s,42,51.0,False,1990.5,1992.75
2338,1113,475,s,42,45.0,False,1990.5,1991.25
2339,1114,943,s,42,48.0,False,1990.5,1992.0
2340,1123,428,s,42,46.0,False,1990.5,1991.5
2341,1123,887,s,42,45.0,False,1990.5,1991.25
2342,1343,336,s,42,43.0,False,1990.5,1990.75
2343,1343,929,s,42,52.0,False,1990.5,1993.0
2344,135,1051,s,42,43.0,False,1990.5,1990.75
2345,157,320,s,42,46.0,False,1990.5,1991.5
2346,230,947,s,42,43.0,False,1990.5,1990.75
2347,350,41,s,42,45.0,False,1990.5,1991.25
2348,541,106,s,42,48.0,False,1990.5,1992.0
2349,696,947,s,42,43.0,False,1990.5,1990.75
2350,737,336,s,42,45.0,False,1990.5,1991.25
2351,1079,662,s,42,48.0,False,1990.5,1992.0
2352,1097,108,s,42,45.0,False,1990.5,1991.25
2353,1114,728,s,42,47.0,False,1990.5,1991.75
2354,1116,170,s,42,44.0,False,1990.5,1991.0
2355,492,865,l,42,60.0,True,1990.5,1995.0
2356,501,320,l,42,66.0,True,1990.5,1996.5
2357,541,564,l,42,132.0,True,1990.5,2013.0
2358,18,1302,s,43,48.0,False,1990.75,1992.0
2359,135,41,s,43,50.0,False,1990.75,1992.5
2360,191,578,s,43,45.0,False,1990.75,1991.25
2361,274,280,s,43,44.0,False,1990.75,1991.0
2362,342,167,s,43,45.0,False,1990.75,1991.25
2363,415,392,s,43,53.0,False,1990.75,1993.25
2364,439,578,s,43,48.0,False,1990.75,1992.0
2365,520,280,s,43,44.0,False,1990.75,1991.0
2366,769,828,s,43,43.0,False,1990.75,1990.75
2367,777,929,s,43,45.0,False,1990.75,1991.25
2368,791,710,s,43,44.0,False,1990.75,1991.0
2369,796,947,s,43,46.0,False,1990.75,1991.5
2370,807,578,s,43,60.0,False,1990.75,1995.0
2371,864,41,s,43,48.0,False,1990.75,1992.0
2372,988,336,s,43,51.0,False,1990.75,1992.75
2373,1074,653,s,43,45.0,False,1990.75,1991.25
2374,1079,324,s,43,45.0,False,1990.75,1991.25
2375,1123,523,s,43,53.0,False,1990.75,1993.25
2376,1171,964,s,43,45.0,False,1990.75,1991.25
2377,133,965,s,43,46.0,False,1990.75,1991.5
2378,278,41,s,43,50.0,False,1990.75,1992.5
2379,342,578,s,43,48.0,False,1990.75,1992.0
2380,415,733,s,43,46.0,False,1990.75,1991.5
2381,515,835,s,43,44.0,False,1990.75,1991.0
2382,516,578,s,43,44.0,False,1990.75,1991.0
2383,520,49,s,43,45.0,False,1990.75,1991.25
2384,560,943,s,43,48.0,False,1990.75,1992.0
2385,611,733,s,43,44.0,False,1990.75,1991.0
2386,731,462,s,43,47.0,False,1990.75,1991.75
2387,769,887,s,43,52.0,False,1990.75,1993.0
2388,1096,1043,s,43,45.0,False,1990.75,1991.25
2389,87,653,s,43,52.0,False,1990.75,1993.0
2390,135,110,s,43,48.0,False,1990.75,1992.0
2391,141,358,s,43,45.0,False,1990.75,1991.25
2392,191,964,s,43,45.0,False,1990.75,1991.25
2393,230,733,s,43,45.0,False,1990.75,1991.25
2394,260,416,s,43,45.0,False,1990.75,1991.25
2395,287,129,s,43,45.0,False,1990.75,1991.25
2396,342,706,s,43,56.0,False,1990.75,1994.0
2397,356,324,s,43,46.0,False,1990.75,1991.5
2398,363,336,s,43,78.0,False,1990.75,1999.5
2399,466,49,s,43,44.0,False,1990.75,1991.0
2400,515,685,s,43,56.0,False,1990.75,1994.0
2401,541,762,s,43,48.0,False,1990.75,1992.0
2402,626,538,s,43,47.0,False,1990.75,1991.75
2403,754,1023,s,43,44.0,False,1990.75,1991.0
2404,807,572,s,43,44.0,False,1990.75,1991.0
2405,916,578,s,43,47.0,False,1990.75,1991.75
2406,937,416,s,43,44.0,False,1990.75,1991.0
2407,966,85,s,43,46.0,False,1990.75,1991.5
2408,1131,475,s,43,44.0,False,1990.75,1991.0
2409,1171,202,s,43,44.0,False,1990.75,1991.0
2410,1325,407,s,43,46.0,False,1990.75,1991.5
2411,580,947,l,43,44.0,True,1990.75,1991.0
2412,141,952,s,44,44.0,False,1991.0,1991.0
2413,169,733,s,44,50.0,False,1991.0,1992.5
2414,274,320,s,44,45.0,False,1991.0,1991.25
2415,439,929,s,44,47.0,False,1991.0,1991.75
2416,541,1036,s,44,47.0,False,1991.0,1991.75
2417,756,336,s,44,49.0,False,1991.0,1992.25
2418,906,615,s,44,45.0,False,1991.0,1991.25
2419,991,628,s,44,47.0,False,1991.0,1991.75
2420,1079,572,s,44,46.0,False,1991.0,1991.5
2421,1100,749,s,44,57.0,False,1991.0,1994.25
2422,1114,106,s,44,46.0,False,1991.0,1991.5
2423,1114,282,s,44,47.0,False,1991.0,1991.75
2424,1327,694,s,44,50.0,False,1991.0,1992.5
2425,113,85,s,44,55.0,False,1991.0,1993.75
2426,133,416,s,44,45.0,False,1991.0,1991.25
2427,274,890,s,44,50.0,False,1991.0,1992.5
2428,497,733,s,44,51.0,False,1991.0,1992.75
2429,515,1302,s,44,48.0,False,1991.0,1992.0
2430,743,85,s,44,53.0,False,1991.0,1993.25
2431,792,90,s,44,44.0,False,1991.0,1991.0
2432,792,617,s,44,49.0,False,1991.0,1992.25
2433,837,320,s,44,54.0,False,1991.0,1993.5
2434,966,857,s,44,49.0,False,1991.0,1992.25
2435,1074,572,s,44,47.0,False,1991.0,1991.75
2436,1079,684,s,44,46.0,False,1991.0,1991.5
2437,1096,189,s,44,52.0,False,1991.0,1993.0
2438,1116,1035,s,44,53.0,False,1991.0,1993.25
2439,1359,108,s,44,50.0,False,1991.0,1992.5
2440,135,751,s,44,47.0,False,1991.0,1991.75
2441,141,662,s,44,47.0,False,1991.0,1991.75
2442,168,685,s,44,45.0,False,1991.0,1991.25
2443,418,108,s,44,49.0,False,1991.0,1992.25
2444,465,733,s,44,48.0,False,1991.0,1992.0
2445,515,1054,s,44,49.0,False,1991.0,1992.25
2446,788,416,s,44,51.0,False,1991.0,1992.75
2447,924,391,s,44,47.0,False,1991.0,1991.75
2448,988,85,s,44,49.0,False,1991.0,1992.25
2449,1103,857,s,44,50.0,False,1991.0,1992.5
2450,1114,1302,s,44,46.0,False,1991.0,1991.5
2451,1359,572,s,44,50.0,False,1991.0,1992.5
2452,871,49,l,44,154.0,True,1991.0,2018.5
2453,1097,835,l,44,86.0,True,1991.0,2001.5
2454,242,964,l,44,96.0,True,1991.0,2004.0
2455,418,615,l,44,52.0,True,1991.0,1993.0
2456,743,964,l,44,89.0,True,1991.0,2002.25
2457,792,378,l,44,74.0,True,1991.0,1998.5
2458,916,78,l,44,70.0,True,1991.0,1997.5
2459,1359,684,l,44,119.0,True,1991.0,2009.75
2460,274,336,s,45,48.0,False,1991.25,1992.0
2461,342,1035,s,45,45.0,False,1991.25,1991.25
2462,466,965,s,45,46.0,False,1991.25,1991.5
2463,516,572,s,45,47.0,False,1991.25,1991.75
2464,637,1026,s,45,46.0,False,1991.25,1991.5
2465,791,280,s,45,45.0,False,1991.25,1991.25
2466,792,256,s,45,51.0,False,1991.25,1992.75
2467,937,320,s,45,53.0,False,1991.25,1993.25
2468,988,41,s,45,58.0,False,1991.25,1994.5
2469,993,965,s,45,51.0,False,1991.25,1992.75
2470,1114,617,s,45,50.0,False,1991.25,1992.5
2471,1114,948,s,45,45.0,False,1991.25,1991.25
2472,130,344,s,45,47.0,False,1991.25,1991.75
2473,515,1058,s,45,48.0,False,1991.25,1992.0
2474,520,965,s,45,46.0,False,1991.25,1991.5
2475,630,1026,s,45,49.0,False,1991.25,1992.25
2476,732,9,s,45,61.0,False,1991.25,1995.25
2477,777,733,s,45,48.0,False,1991.25,1992.0
2478,792,899,s,45,49.0,False,1991.25,1992.25
2479,837,684,s,45,47.0,False,1991.25,1991.75
2480,936,615,s,45,54.0,False,1991.25,1993.5
2481,1096,835,s,45,48.0,False,1991.25,1992.0
2482,1103,663,s,45,48.0,False,1991.25,1992.0
2483,1112,828,s,45,47.0,False,1991.25,1991.75
2484,87,189,s,45,52.0,False,1991.25,1993.0
2485,215,1043,s,45,47.0,False,1991.25,1991.75
2486,507,108,s,45,46.0,False,1991.25,1991.5
2487,507,733,s,45,48.0,False,1991.25,1992.0
2488,626,728,s,45,46.0,False,1991.25,1991.5
2489,756,49,s,45,51.0,False,1991.25,1992.75
2490,796,41,s,45,50.0,False,1991.25,1992.5
2491,882,857,s,45,49.0,False,1991.25,1992.25
2492,924,663,s,45,47.0,False,1991.25,1991.75
2493,931,205,s,45,47.0,False,1991.25,1991.75
2494,1079,416,s,45,49.0,False,1991.25,1992.25
2495,1082,320,s,45,47.0,False,1991.25,1991.75
2496,1112,1302,s,45,48.0,False,1991.25,1992.0
2497,1116,987,s,45,52.0,False,1991.25,1993.0
2498,1359,320,s,45,48.0,False,1991.25,1992.0
2499,1359,733,s,45,50.0,False,1991.25,1992.5
2500,150,572,l,45,47.0,True,1991.25,1991.75
2501,466,85,l,45,60.0,True,1991.25,1995.0
2502,937,733,l,45,180.0,True,1991.25,2025.0
2503,1074,628,l,45,73.0,True,1991.25,1998.25
2504,1079,315,l,45,115.0,True,1991.25,2008.75
2505,796,320,l,45,82.0,True,1991.25,2000.5
2506,130,49,s,46,51.0,False,1991.5,1992.75
2507,169,146,s,46,51.0,False,1991.5,1992.75
2508,248,785,s,46,46.0,False,1991.5,1991.5
2509,260,947,s,46,49.0,False,1991.5,1992.25
2510,465,85,s,46,48.0,False,1991.5,1992.0
2511,466,32,s,46,47.0,False,1991.5,1991.75
2512,732,129,s,46,47.0,False,1991.5,1991.75
2513,744,1035,s,46,47.0,False,1991.5,1991.75
2514,788,108,s,46,46.0,False,1991.5,1991.5
2515,791,965,s,46,47.0,False,1991.5,1991.75
2516,792,41,s,46,48.0,False,1991.5,1992.0
2517,792,170,s,46,56.0,False,1991.5,1994.0
2518,871,320,s,46,49.0,False,1991.5,1992.25
2519,951,344,s,46,47.0,False,1991.5,1991.75
2520,1079,947,s,46,56.0,False,1991.5,1994.0
2521,1087,680,s,46,50.0,False,1991.5,1992.5
2522,1092,1036,s,46,48.0,False,1991.5,1992.0
2523,1103,578,s,46,47.0,False,1991.5,1991.75
2524,215,685,s,46,47.0,False,1991.5,1991.75
2525,218,578,s,46,48.0,False,1991.5,1992.0
2526,413,444,s,46,48.0,False,1991.5,1992.0
2527,415,95,s,46,50.0,False,1991.5,1992.5
2528,520,324,s,46,61.0,False,1991.5,1995.25
2529,637,146,s,46,47.0,False,1991.5,1991.75
2530,773,1026,s,46,46.0,False,1991.5,1991.5
2531,837,653,s,46,49.0,False,1991.5,1992.25
2532,1082,572,s,46,50.0,False,1991.5,1992.5
2533,1097,572,s,46,47.0,False,1991.5,1991.75
2534,1100,320,s,46,48.0,False,1991.5,1992.0
2535,157,578,s,46,51.0,False,1991.5,1992.75
2536,234,41,s,46,48.0,False,1991.5,1992.0
2537,274,628,s,46,48.0,False,1991.5,1992.0
2538,415,663,s,46,47.0,False,1991.5,1991.75
2539,465,129,s,46,53.0,False,1991.5,1993.25
2540,507,280,s,46,49.0,False,1991.5,1992.25
2541,507,653,s,46,47.0,False,1991.5,1991.75
2542,520,835,s,46,56.0,False,1991.5,1994.0
2543,655,416,s,46,48.0,False,1991.5,1992.0
2544,732,110,s,46,48.0,False,1991.5,1992.0
2545,732,189,s,46,49.0,False,1991.5,1992.25
2546,756,170,s,46,52.0,False,1991.5,1993.0
2547,756,965,s,46,47.0,False,1991.5,1991.75
2548,792,1058,s,46,50.0,False,1991.5,1992.5
2549,831,1023,s,46,48.0,False,1991.5,1992.0
2550,916,340,s,46,47.0,False,1991.5,1991.75
2551,927,572,s,46,47.0,False,1991.5,1991.75
2552,936,324,s,46,49.0,False,1991.5,1992.25
2553,995,653,s,46,62.0,False,1991.5,1995.5
2554,316,320,l,46,234.0,True,1991.5,2038.5
2555,773,929,l,46,83.0,True,1991.5,2000.75
2556,150,947,l,46,68.0,True,1991.5,1997.0
2557,26,663,s,47,52.0,False,1991.75,1993.0
2558,87,146,s,47,76.0,False,1991.75,1999.0
2559,269,86,s,47,52.0,False,1991.75,1993.0
2560,278,857,s,47,59.0,False,1991.75,1994.75
2561,465,336,s,47,48.0,False,1991.75,1992.0
2562,541,835,s,47,50.0,False,1991.75,1992.5
2563,731,1032,s,47,50.0,False,1991.75,1992.5
2564,756,785,s,47,47.0,False,1991.75,1991.75
2565,796,615,s,47,47.0,False,1991.75,1991.75
2566,837,108,s,47,47.0,False,1991.75,1991.75
2567,893,41,s,47,48.0,False,1991.75,1992.0
2568,927,628,s,47,47.0,False,1991.75,1991.75
2569,978,189,s,47,49.0,False,1991.75,1992.25
2570,1074,320,s,47,55.0,False,1991.75,1993.75
2571,196,663,s,47,49.0,False,1991.75,1992.25
2572,287,320,s,47,52.0,False,1991.75,1993.0
2573,287,663,s,47,61.0,False,1991.75,1995.25
2574,289,32,s,47,47.0,False,1991.75,1991.75
2575,355,1302,s,47,55.0,False,1991.75,1993.75
2576,501,965,s,47,50.0,False,1991.75,1992.5
2577,516,108,s,47,49.0,False,1991.75,1992.25
2578,520,170,s,47,53.0,False,1991.75,1993.25
2579,597,320,s,47,50.0,False,1991.75,1992.5
2580,731,628,s,47,53.0,False,1991.75,1993.25
2581,744,1037,s,47,52.0,False,1991.75,1993.0
2582,792,1051,s,47,50.0,False,1991.75,1992.5
2583,796,358,s,47,53.0,False,1991.75,1993.25
2584,885,49,s,47,50.0,False,1991.75,1992.5
2585,917,662,s,47,48.0,False,1991.75,1992.0
2586,917,964,s,47,66.0,False,1991.75,1996.5
2587,988,110,s,47,47.0,False,1991.75,1991.75
2588,1088,189,s,47,49.0,False,1991.75,1992.25
2589,1343,572,s,47,49.0,False,1991.75,1992.25
2590,141,572,s,47,57.0,False,1991.75,1994.25
2591,216,965,s,47,48.0,False,1991.75,1992.0
2592,343,108,s,47,49.0,False,1991.75,1992.25
2593,343,653,s,47,52.0,False,1991.75,1993.0
2594,415,772,s,47,54.0,False,1991.75,1993.5
2595,466,170,s,47,55.0,False,1991.75,1993.75
2596,501,146,s,47,48.0,False,1991.75,1992.0
2597,507,108,s,47,48.0,False,1991.75,1992.0
2598,515,686,s,47,48.0,False,1991.75,1992.0
2599,542,767,s,47,50.0,False,1991.75,1992.5
2600,773,280,s,47,48.0,False,1991.75,1992.0
2601,788,771,s,47,48.0,False,1991.75,1992.0
2602,1079,929,s,47,49.0,False,1991.75,1992.25
2603,1079,952,s,47,48.0,False,1991.75,1992.0
2604,1096,213,s,47,51.0,False,1991.75,1992.75
2605,1096,921,s,47,48.0,False,1991.75,1992.0
2606,1097,129,s,47,50.0,False,1991.75,1992.5
2607,1343,416,s,47,51.0,False,1991.75,1992.75
2608,1359,789,s,47,55.0,False,1991.75,1993.75
2609,507,320,l,47,62.0,True,1991.75,1995.5
2610,343,320,l,47,194.0,True,1991.75,2028.5
2611,415,416,l,47,113.0,True,1991.75,2008.25
2612,520,578,l,47,50.0,True,1991.75,1992.5
2613,792,835,l,47,188.0,True,1991.75,2027.0
2614,838,628,l,47,123.0,True,1991.75,2010.75
2615,278,391,s,48,49.0,False,1992.0,1992.25
2616,342,1026,s,48,52.0,False,1992.0,1993.0
2617,541,41,s,48,49.0,False,1992.0,1992.25
2618,967,857,s,48,50.0,False,1992.0,1992.5
2619,978,628,s,48,53.0,False,1992.0,1993.25
2620,1359,615,s,48,48.0,False,1992.0,1992.0
2621,218,391,s,48,53.0,False,1992.0,1993.25
2622,242,320,s,48,58.0,False,1992.0,1994.5
2623,260,964,s,48,52.0,False,1992.0,1993.0
2624,343,964,s,48,57.0,False,1992.0,1994.25
2625,355,338,s,48,54.0,False,1992.0,1993.5
2626,497,663,s,48,54.0,False,1992.0,1993.5
2627,731,680,s,48,50.0,False,1992.0,1992.5
2628,788,965,s,48,51.0,False,1992.0,1992.75
2629,791,453,s,48,51.0,False,1992.0,1992.75
2630,880,857,s,48,49.0,False,1992.0,1992.25
2631,951,1193,s,48,53.0,False,1992.0,1993.25
2632,1079,653,s,48,48.0,False,1992.0,1992.0
2633,1079,733,s,48,55.0,False,1992.0,1993.75
2634,1359,1023,s,48,48.0,False,1992.0,1992.0
2635,57,733,s,48,55.0,False,1992.0,1993.75
2636,260,785,s,48,51.0,False,1992.0,1992.75
2637,287,170,s,48,50.0,False,1992.0,1992.5
2638,343,695,s,48,53.0,False,1992.0,1993.25
2639,501,572,s,48,49.0,False,1992.0,1992.25
2640,515,369,s,48,51.0,False,1992.0,1992.75
2641,560,857,s,48,50.0,False,1992.0,1992.5
2642,788,106,s,48,50.0,False,1992.0,1992.5
2643,796,762,s,48,50.0,False,1992.0,1992.5
2644,859,578,s,48,51.0,False,1992.0,1992.75
2645,886,475,s,48,49.0,False,1992.0,1992.25
2646,788,146,l,48,69.0,True,1992.0,1997.25
2647,1288,887,l,48,63.0,True,1992.0,1995.75
2648,807,663,l,48,116.0,True,1992.0,2009.0
2649,65,947,s,49,51.0,False,1992.25,1992.75
2650,157,694,s,49,50.0,False,1992.25,1992.5
2651,274,416,s,49,54.0,False,1992.25,1993.5
2652,467,964,s,49,50.0,False,1992.25,1992.5
2653,773,189,s,49,50.0,False,1992.25,1992.5
2654,807,320,s,49,57.0,False,1992.25,1994.25
2655,916,320,s,49,52.0,False,1992.25,1993.0
2656,1079,320,s,49,49.0,False,1992.25,1992.25
2657,1359,146,s,49,52.0,False,1992.25,1993.0
2658,169,572,s,49,54.0,False,1992.25,1993.5
2659,274,108,s,49,50.0,False,1992.25,1992.5
2660,418,146,s,49,49.0,False,1992.25,1992.25
2661,515,1067,s,49,53.0,False,1992.25,1993.25
2662,518,1302,s,49,57.0,False,1992.25,1994.25
2663,541,762,s,49,51.0,False,1992.25,1992.75
2664,657,1023,s,49,56.0,False,1992.25,1994.0
2665,677,320,s,49,53.0,False,1992.25,1993.25
2666,744,890,s,49,50.0,False,1992.25,1992.5
2667,791,391,s,49,53.0,False,1992.25,1993.25
2668,791,572,s,49,50.0,False,1992.25,1992.5
2669,796,378,s,49,50.0,False,1992.25,1992.5
2670,815,320,s,49,50.0,False,1992.25,1992.5
2671,991,786,s,49,52.0,False,1992.25,1993.0
2672,1079,789,s,49,49.0,False,1992.25,1992.25
2673,1080,952,s,49,51.0,False,1992.25,1992.75
2674,1082,785,s,49,52.0,False,1992.25,1993.0
2675,1096,358,s,49,50.0,False,1992.25,1992.5
2676,87,324,s,49,51.0,False,1992.25,1992.75
2677,168,1060,s,49,50.0,False,1992.25,1992.5
2678,274,320,s,49,51.0,False,1992.25,1992.75
2679,501,146,s,49,51.0,False,1992.25,1992.75
2680,744,669,s,49,50.0,False,1992.25,1992.5
2681,773,129,s,49,51.0,False,1992.25,1992.75
2682,815,41,s,49,55.0,False,1992.25,1993.75
2683,838,320,s,49,50.0,False,1992.25,1992.5
2684,913,1025,s,49,50.0,False,1992.25,1992.5
2685,967,523,s,49,50.0,False,1992.25,1992.5
2686,1082,663,s,49,54.0,False,1992.25,1993.5
2687,1359,336,s,49,51.0,False,1992.25,1992.75
2688,1082,336,l,49,66.0,True,1992.25,1996.5
2689,917,391,l,49,66.0,True,1992.25,1996.5
2690,40,41,s,50,51.0,False,1992.5,1992.75
2691,215,694,s,50,58.0,False,1992.5,1994.5
2692,274,663,s,50,52.0,False,1992.5,1993.0
2693,342,899,s,50,53.0,False,1992.5,1993.25
2694,418,614,s,50,52.0,False,1992.5,1993.0
2695,507,146,s,50,63.0,False,1992.5,1995.75
2696,507,929,s,50,51.0,False,1992.5,1992.75
2697,515,537,s,50,52.0,False,1992.5,1993.0
2698,515,1043,s,50,56.0,False,1992.5,1994.0
2699,516,572,s,50,50.0,False,1992.5,1992.5
2700,597,617,s,50,52.0,False,1992.5,1993.0
2701,773,572,s,50,52.0,False,1992.5,1993.0
2702,837,785,s,50,51.0,False,1992.5,1992.75
2703,916,462,s,50,53.0,False,1992.5,1993.25
2704,922,324,s,50,50.0,False,1992.5,1992.5
2705,937,108,s,50,55.0,False,1992.5,1993.75
2706,993,49,s,50,50.0,False,1992.5,1992.5
2707,1079,97,s,50,56.0,False,1992.5,1994.0
2708,1079,146,s,50,51.0,False,1992.5,1992.75
2709,1079,785,s,50,54.0,False,1992.5,1993.5
2710,1090,1026,s,50,52.0,False,1992.5,1993.0
2711,1343,406,s,50,52.0,False,1992.5,1993.0
2712,1359,189,s,50,65.0,False,1992.5,1996.25
2713,119,338,s,50,51.0,False,1992.5,1992.75
2714,274,952,s,50,52.0,False,1992.5,1993.0
2715,381,280,s,50,52.0,False,1992.5,1993.0
2716,515,835,s,50,53.0,False,1992.5,1993.25
2717,541,391,s,50,54.0,False,1992.5,1993.5
2718,541,578,s,50,52.0,False,1992.5,1993.0
2719,716,820,s,50,60.0,False,1992.5,1995.0
2720,880,1043,s,50,54.0,False,1992.5,1993.5
2721,913,1026,s,50,58.0,False,1992.5,1994.5
2722,967,1061,s,50,53.0,False,1992.5,1993.25
2723,1082,320,s,50,56.0,False,1992.5,1994.0
2724,1096,578,s,50,54.0,False,1992.5,1993.5
2725,1103,578,s,50,59.0,False,1992.5,1994.75
2726,1126,21,s,50,51.0,False,1992.5,1992.75
2727,1326,391,s,50,52.0,False,1992.5,1993.0
2728,515,1377,s,50,51.0,False,1992.5,1992.75
2729,726,617,s,50,54.0,False,1992.5,1993.5
2730,773,785,s,50,52.0,False,1992.5,1993.0
2731,791,320,s,50,51.0,False,1992.5,1992.75
2732,916,146,s,50,58.0,False,1992.5,1994.5
2733,1079,929,s,50,53.0,False,1992.5,1993.25
2734,1082,578,s,50,65.0,False,1992.5,1996.25
2735,1082,1026,s,50,55.0,False,1992.5,1993.75
2736,1103,41,s,50,51.0,False,1992.5,1992.75
2737,1103,650,s,50,57.0,False,1992.5,1994.25
2738,1114,1377,s,50,52.0,False,1992.5,1993.0
2739,343,1023,l,50,128.0,True,1992.5,2012.0
2740,807,453,l,50,130.0,True,1992.5,2012.5
2741,1343,49,l,50,127.0,True,1992.5,2011.75
2742,610,320,l,50,66.0,True,1992.5,1996.5
2743,466,311,l,50,108.0,True,1992.5,2007.0
2744,744,907,l,50,64.0,True,1992.5,1996.0
2745,274,85,s,51,53.0,False,1992.75,1993.25
2746,274,578,s,51,54.0,False,1992.75,1993.5
2747,388,628,s,51,51.0,False,1992.75,1992.75
2748,541,685,s,51,51.0,False,1992.75,1992.75
2749,796,973,s,51,52.0,False,1992.75,1993.0
2750,807,653,s,51,52.0,False,1992.75,1993.0
2751,837,315,s,51,52.0,False,1992.75,1993.0
2752,1074,785,s,51,54.0,False,1992.75,1993.5
2753,1079,320,s,51,59.0,False,1992.75,1994.75
2754,1359,280,s,51,51.0,False,1992.75,1992.75
2755,87,129,s,51,53.0,False,1992.75,1993.25
2756,141,78,s,51,53.0,False,1992.75,1993.25
2757,260,1026,s,51,53.0,False,1992.75,1993.25
2758,350,170,s,51,51.0,False,1992.75,1992.75
2759,350,378,s,51,53.0,False,1992.75,1993.25
2760,418,1020,s,51,56.0,False,1992.75,1994.0
2761,626,1058,s,51,52.0,False,1992.75,1993.0
2762,716,189,s,51,52.0,False,1992.75,1993.0
2763,718,762,s,51,57.0,False,1992.75,1994.25
2764,788,578,s,51,58.0,False,1992.75,1994.5
2765,791,189,s,51,52.0,False,1992.75,1993.0
2766,796,1026,s,51,54.0,False,1992.75,1993.5
2767,815,572,s,51,63.0,False,1992.75,1995.75
2768,837,684,s,51,55.0,False,1992.75,1993.75
2769,924,952,s,51,52.0,False,1992.75,1993.0
2770,1079,583,s,51,55.0,False,1992.75,1993.75
2771,1079,1026,s,51,55.0,False,1992.75,1993.75
2772,218,1035,s,51,54.0,False,1992.75,1993.5
2773,260,462,s,51,59.0,False,1992.75,1994.75
2774,418,785,s,51,54.0,False,1992.75,1993.5
2775,515,828,s,51,54.0,False,1992.75,1993.5
2776,560,694,s,51,55.0,False,1992.75,1993.75
2777,630,453,s,51,56.0,False,1992.75,1994.0
2778,837,336,s,51,52.0,False,1992.75,1993.0
2779,884,475,s,51,56.0,False,1992.75,1994.0
2780,913,320,s,51,52.0,False,1992.75,1993.0
2781,927,572,s,51,52.0,False,1992.75,1993.0
2782,917,340,l,51,83.0,True,1992.75,2000.75
2783,1359,108,l,51,76.0,True,1992.75,1999.0
2784,135,578,l,51,65.0,True,1992.75,1996.25
2785,141,763,l,51,70.0,True,1992.75,1997.5
2786,1103,1377,l,51,68.0,True,1992.75,1997.0
2787,1305,1379,l,51,55.0,True,1992.75,1993.75
2788,249,189,l,51,60.0,True,1992.75,1995.0
2789,737,578,l,51,59.0,True,1992.75,1994.75
2790,796,170,l,51,140.0,True,1992.75,2015.0
2791,831,866,l,51,,True,1992.75,
2792,1343,605,l,51,76.0,True,1992.75,1999.0
2793,247,1023,s,52,53.0,False,1993.0,1993.25
2794,249,786,s,52,54.0,False,1993.0,1993.5
2795,274,320,s,52,55.0,False,1993.0,1993.75
2796,278,1043,s,52,52.0,False,1993.0,1993.0
2797,418,146,s,52,57.0,False,1993.0,1994.25
2798,418,653,s,52,53.0,False,1993.0,1993.25
2799,507,772,s,52,58.0,False,1993.0,1994.5
2800,541,650,s,52,54.0,False,1993.0,1993.5
2801,744,857,s,52,55.0,False,1993.0,1993.75
2802,791,320,s,52,55.0,False,1993.0,1993.75
2803,988,663,s,52,54.0,False,1993.0,1993.5
2804,1100,1377,s,52,56.0,False,1993.0,1994.0
2805,1103,391,s,52,64.0,False,1993.0,1996.0
2806,1327,828,s,52,61.0,False,1993.0,1995.25
2807,1343,578,s,52,60.0,False,1993.0,1995.0
2808,1343,952,s,52,61.0,False,1993.0,1995.25
2809,1359,78,s,52,54.0,False,1993.0,1993.5
2810,1359,85,s,52,53.0,False,1993.0,1993.25
2811,1359,947,s,52,54.0,False,1993.0,1993.5
2812,33,391,s,52,52.0,False,1993.0,1993.0
2813,40,952,s,52,58.0,False,1993.0,1994.5
2814,157,685,s,52,58.0,False,1993.0,1994.5
2815,350,170,s,52,52.0,False,1993.0,1993.0
2816,381,653,s,52,57.0,False,1993.0,1994.25
2817,507,108,s,52,62.0,False,1993.0,1995.5
2818,515,344,s,52,54.0,False,1993.0,1993.5
2819,566,973,s,52,55.0,False,1993.0,1993.75
2820,788,340,s,52,55.0,False,1993.0,1993.75
2821,792,41,s,52,57.0,False,1993.0,1994.25
2822,869,167,s,52,66.0,False,1993.0,1996.5
2823,913,663,s,52,53.0,False,1993.0,1993.25
2824,916,733,s,52,57.0,False,1993.0,1994.25
2825,927,1190,s,52,58.0,False,1993.0,1994.5
2826,953,315,s,52,56.0,False,1993.0,1994.0
2827,1106,578,s,52,56.0,False,1993.0,1994.0
2828,1114,1043,s,52,52.0,False,1993.0,1993.0
2829,1343,108,s,52,52.0,False,1993.0,1993.0
2830,54,785,s,52,56.0,False,1993.0,1994.0
2831,75,129,s,52,54.0,False,1993.0,1993.5
2832,157,1043,s,52,53.0,False,1993.0,1993.25
2833,248,108,s,52,53.0,False,1993.0,1993.25
2834,274,108,s,52,55.0,False,1993.0,1993.75
2835,418,571,s,52,66.0,False,1993.0,1996.5
2836,465,336,s,52,58.0,False,1993.0,1994.5
2837,597,733,s,52,53.0,False,1993.0,1993.25
2838,788,649,s,52,53.0,False,1993.0,1993.25
2839,792,19,s,52,55.0,False,1993.0,1993.75
2840,792,320,s,52,53.0,False,1993.0,1993.25
2841,796,108,s,52,55.0,False,1993.0,1993.75
2842,796,146,s,52,55.0,False,1993.0,1993.75
2843,884,1377,s,52,73.0,False,1993.0,1998.25
2844,913,108,s,52,55.0,False,1993.0,1993.75
2845,913,391,s,52,72.0,False,1993.0,1998.0
2846,913,571,s,52,58.0,False,1993.0,1994.5
2847,916,387,s,52,54.0,False,1993.0,1993.5
2848,1359,320,s,52,60.0,False,1993.0,1995.0
2849,87,689,l,52,63.0,True,1993.0,1995.75
2850,788,965,l,52,190.0,True,1993.0,2027.5
2851,837,1190,l,52,97.0,True,1993.0,2004.25
2852,1343,320,l,52,161.0,True,1993.0,2020.25
2853,924,170,l,52,69.0,True,1993.0,1997.25
2854,157,391,s,53,54.0,False,1993.25,1993.5
2855,278,695,s,53,55.0,False,1993.25,1993.75
2856,304,653,s,53,57.0,False,1993.25,1994.25
2857,342,650,s,53,59.0,False,1993.25,1994.75
2858,363,975,s,53,53.0,False,1993.25,1993.25
2859,497,684,s,53,60.0,False,1993.25,1995.0
2860,610,336,s,53,57.0,False,1993.25,1994.25
2861,630,85,s,53,56.0,False,1993.25,1994.0
2862,637,324,s,53,55.0,False,1993.25,1993.75
2863,677,84,s,53,53.0,False,1993.25,1993.25
2864,744,947,s,53,54.0,False,1993.25,1993.5
2865,792,947,s,53,56.0,False,1993.25,1994.0
2866,792,965,s,53,54.0,False,1993.25,1993.5
2867,796,85,s,53,54.0,False,1993.25,1993.5
2868,815,772,s,53,60.0,False,1993.25,1995.0
2869,913,572,s,53,53.0,False,1993.25,1993.25
2870,1113,1051,s,53,60.0,False,1993.25,1995.0
2871,1114,1377,s,53,53.0,False,1993.25,1993.25
2872,215,21,s,53,54.0,False,1993.25,1993.5
2873,677,167,s,53,54.0,False,1993.25,1993.5
2874,777,95,s,53,54.0,False,1993.25,1993.5
2875,792,1067,s,53,54.0,False,1993.25,1993.5
2876,916,763,s,53,58.0,False,1993.25,1994.5
2877,936,85,s,53,57.0,False,1993.25,1994.25
2878,967,685,s,53,57.0,False,1993.25,1994.25
2879,1079,663,s,53,57.0,False,1993.25,1994.25
2880,1097,857,s,53,57.0,False,1993.25,1994.25
2881,1343,90,s,53,55.0,False,1993.25,1993.75
2882,1343,129,s,53,57.0,False,1993.25,1994.25
2883,1343,771,s,53,53.0,False,1993.25,1993.25
2884,1343,947,s,53,55.0,False,1993.25,1993.75
2885,1359,159,s,53,65.0,False,1993.25,1996.25
2886,87,159,s,53,54.0,False,1993.25,1993.5
2887,287,49,s,53,65.0,False,1993.25,1996.25
2888,316,605,s,53,58.0,False,1993.25,1994.5
2889,415,407,s,53,60.0,False,1993.25,1995.0
2890,737,857,s,53,61.0,False,1993.25,1995.25
2891,777,336,s,53,62.0,False,1993.25,1995.5
2892,796,572,s,53,54.0,False,1993.25,1993.5
2893,927,965,s,53,55.0,False,1993.25,1993.75
2894,995,785,s,53,55.0,False,1993.25,1993.75
2895,1096,189,s,53,55.0,False,1993.25,1993.75
2896,1244,49,s,53,58.0,False,1993.25,1994.5
2897,1343,733,s,53,63.0,False,1993.25,1995.75
2898,1343,835,s,53,56.0,False,1993.25,1994.0
2899,230,320,l,53,172.0,True,1993.25,2023.0
2900,418,129,l,53,103.0,True,1993.25,2005.75
2901,927,146,l,53,54.0,True,1993.25,1993.5
2902,1079,205,l,53,60.0,True,1993.25,1995.0
2903,541,1377,l,53,97.0,True,1993.25,2004.25
2904,966,1028,l,53,53.0,True,1993.25,1993.25
2905,482,320,l,53,64.0,True,1993.25,1996.0
2906,541,582,l,53,63.0,True,1993.25,1995.75
2907,1343,340,l,53,128.0,True,1993.25,2012.0
2908,230,1026,s,54,55.0,False,1993.5,1993.75
2909,278,170,s,54,56.0,False,1993.5,1994.0
2910,507,653,s,54,54.0,False,1993.5,1993.5
2911,515,21,s,54,56.0,False,1993.5,1994.0
2912,716,1026,s,54,60.0,False,1993.5,1995.0
2913,732,336,s,54,54.0,False,1993.5,1993.5
2914,791,315,s,54,58.0,False,1993.5,1994.5
2915,871,391,s,54,55.0,False,1993.5,1993.75
2916,884,1061,s,54,55.0,False,1993.5,1993.75
2917,937,444,s,54,58.0,False,1993.5,1994.5
2918,967,1302,s,54,60.0,False,1993.5,1995.0
2919,1106,170,s,54,55.0,False,1993.5,1993.75
2920,105,663,s,54,55.0,False,1993.5,1993.75
2921,119,338,s,54,58.0,False,1993.5,1994.5
2922,119,1051,s,54,55.0,False,1993.5,1993.75
2923,133,416,s,54,55.0,False,1993.5,1993.75
2924,439,336,s,54,68.0,False,1993.5,1997.0
2925,497,146,s,54,62.0,False,1993.5,1995.5
2926,737,1302,s,54,55.0,False,1993.5,1993.75
2927,773,312,s,54,61.0,False,1993.5,1995.25
2928,837,653,s,54,54.0,False,1993.5,1993.5
2929,1074,663,s,54,64.0,False,1993.5,1996.0
2930,1082,929,s,54,58.0,False,1993.5,1994.5
2931,1092,444,s,54,60.0,False,1993.5,1995.0
2932,1096,85,s,54,57.0,False,1993.5,1994.25
2933,1324,653,s,54,55.0,False,1993.5,1993.75
2934,135,1058,s,54,63.0,False,1993.5,1995.75
2935,178,685,s,54,56.0,False,1993.5,1994.0
2936,218,338,s,54,55.0,False,1993.5,1993.75
2937,230,85,s,54,58.0,False,1993.5,1994.5
2938,350,1377,s,54,67.0,False,1993.5,1996.75
2939,372,475,s,54,58.0,False,1993.5,1994.5
2940,466,964,s,54,57.0,False,1993.5,1994.25
2941,507,572,s,54,59.0,False,1993.5,1994.75
2942,515,1377,s,54,56.0,False,1993.5,1994.0
2943,630,146,s,54,56.0,False,1993.5,1994.0
2944,756,170,s,54,55.0,False,1993.5,1993.75
2945,756,416,s,54,57.0,False,1993.5,1994.25
2946,792,1302,s,54,60.0,False,1993.5,1995.0
2947,869,320,s,54,57.0,False,1993.5,1994.25
2948,908,578,s,54,55.0,False,1993.5,1993.75
2949,913,49,s,54,57.0,False,1993.5,1994.25
2950,916,628,s,54,60.0,False,1993.5,1995.0
2951,917,605,s,54,55.0,False,1993.5,1993.75
2952,991,170,s,54,56.0,False,1993.5,1994.0
2953,993,129,s,54,57.0,False,1993.5,1994.25
2954,1170,952,s,54,56.0,False,1993.5,1994.0
2955,1325,572,s,54,56.0,False,1993.5,1994.0
2956,141,49,l,54,83.0,True,1993.5,2000.75
2957,1079,407,l,54,128.0,True,1993.5,2012.0
2958,737,724,l,54,78.0,True,1993.5,1999.5
2959,1097,324,l,54,73.0,True,1993.5,1998.25
2960,1305,828,l,54,59.0,True,1993.5,1994.75
2961,1343,964,l,54,96.0,True,1993.5,2004.0
2962,515,1040,l,54,56.0,True,1993.5,1994.0
2963,1096,952,l,54,153.0,True,1993.5,2018.25
2964,230,663,s,55,61.0,False,1993.75,1995.25
2965,230,965,s,55,56.0,False,1993.75,1994.0
2966,515,605,s,55,56.0,False,1993.75,1994.0
2967,630,572,s,55,56.0,False,1993.75,1994.0
2968,743,391,s,55,57.0,False,1993.75,1994.25
2969,796,129,s,55,57.0,False,1993.75,1994.25
2970,913,146,s,55,63.0,False,1993.75,1995.75
2971,917,108,s,55,61.0,False,1993.75,1995.25
2972,1079,789,s,55,71.0,False,1993.75,1997.75
2973,1088,391,s,55,55.0,False,1993.75,1993.75
2974,141,973,s,55,56.0,False,1993.75,1994.0
2975,274,85,s,55,56.0,False,1993.75,1994.0
2976,466,952,s,55,56.0,False,1993.75,1994.0
2977,515,370,s,55,56.0,False,1993.75,1994.0
2978,756,653,s,55,61.0,False,1993.75,1995.25
2979,815,662,s,55,64.0,False,1993.75,1996.0
2980,832,338,s,55,55.0,False,1993.75,1993.75
2981,916,340,s,55,58.0,False,1993.75,1994.5
2982,916,952,s,55,59.0,False,1993.75,1994.75
2983,936,771,s,55,57.0,False,1993.75,1994.25
2984,966,108,s,55,59.0,False,1993.75,1994.75
2985,87,663,s,55,60.0,False,1993.75,1995.0
2986,157,41,s,55,63.0,False,1993.75,1995.75
2987,412,97,s,55,59.0,False,1993.75,1994.75
2988,414,108,s,55,58.0,False,1993.75,1994.5
2989,467,572,s,55,60.0,False,1993.75,1995.0
2990,497,108,s,55,57.0,False,1993.75,1994.25
2991,515,344,s,55,56.0,False,1993.75,1994.0
2992,542,650,s,55,56.0,False,1993.75,1994.0
2993,597,653,s,55,59.0,False,1993.75,1994.75
2994,598,41,s,55,65.0,False,1993.75,1996.25
2995,630,129,s,55,58.0,False,1993.75,1994.5
2996,791,324,s,55,56.0,False,1993.75,1994.0
2997,1092,662,s,55,56.0,False,1993.75,1994.0
2998,1359,952,s,55,58.0,False,1993.75,1994.5
2999,1079,662,l,55,81.0,True,1993.75,2000.25
3000,1079,159,l,55,68.0,True,1993.75,1997.0
3001,287,129,l,55,59.0,True,1993.75,1994.75
3002,135,340,s,56,58.0,False,1994.0,1994.5
3003,141,1028,s,56,56.0,False,1994.0,1994.0
3004,304,108,s,56,59.0,False,1994.0,1994.75
3005,507,684,s,56,57.0,False,1994.0,1994.25
3006,611,933,s,56,62.0,False,1994.0,1995.5
3007,769,1377,s,56,56.0,False,1994.0,1994.0
3008,777,1032,s,56,57.0,False,1994.0,1994.25
3009,917,259,s,56,61.0,False,1994.0,1995.25
3010,1074,146,s,56,64.0,False,1994.0,1996.0
3011,1079,929,s,56,57.0,False,1994.0,1994.25
3012,1359,583,s,56,61.0,False,1994.0,1995.25
3013,135,694,s,56,58.0,False,1994.0,1994.5
3014,248,653,s,56,66.0,False,1994.0,1996.5
3015,269,86,s,56,57.0,False,1994.0,1994.25
3016,274,663,s,56,61.0,False,1994.0,1995.25
3017,278,358,s,56,59.0,False,1994.0,1994.75
3018,381,733,s,56,58.0,False,1994.0,1994.5
3019,415,947,s,56,58.0,False,1994.0,1994.5
3020,518,685,s,56,59.0,False,1994.0,1994.75
3021,743,785,s,56,62.0,False,1994.0,1995.5
3022,773,733,s,56,57.0,False,1994.0,1994.25
3023,796,921,s,56,58.0,False,1994.0,1994.5
3024,908,663,s,56,63.0,False,1994.0,1995.75
3025,913,653,s,56,56.0,False,1994.0,1994.0
3026,913,1321,s,56,59.0,False,1994.0,1994.75
3027,1079,416,s,56,66.0,False,1994.0,1996.5
3028,1079,965,s,56,68.0,False,1994.0,1997.0
3029,1343,167,s,56,58.0,False,1994.0,1994.5
3030,141,416,s,56,70.0,False,1994.0,1997.5
3031,316,663,s,56,62.0,False,1994.0,1995.5
3032,507,789,s,56,60.0,False,1994.0,1995.0
3033,672,891,s,56,59.0,False,1994.0,1994.75
3034,737,973,s,56,65.0,False,1994.0,1996.25
3035,832,1377,s,56,61.0,False,1994.0,1995.25
3036,885,684,s,56,58.0,False,1994.0,1994.5
3037,917,416,s,56,63.0,False,1994.0,1995.75
3038,927,97,s,56,60.0,False,1994.0,1995.0
3039,1082,280,s,56,58.0,False,1994.0,1994.5
3040,1327,857,s,56,57.0,False,1994.0,1994.25
3041,837,416,l,56,124.0,True,1994.0,2011.0
3042,242,947,l,56,76.0,True,1994.0,1999.0
3043,731,315,l,56,73.0,True,1994.0,1998.25
3044,1415,617,l,56,96.0,True,1994.0,2004.0
3045,133,1358,s,57,59.0,False,1994.25,1994.75
3046,218,391,s,57,57.0,False,1994.25,1994.25
3047,342,320,s,57,58.0,False,1994.25,1994.5
3048,418,572,s,57,68.0,False,1994.25,1997.0
3049,507,129,s,57,63.0,False,1994.25,1995.75
3050,566,663,s,57,58.0,False,1994.25,1994.5
3051,743,578,s,57,62.0,False,1994.25,1995.5
3052,788,324,s,57,64.0,False,1994.25,1996.0
3053,792,1377,s,57,57.0,False,1994.25,1994.25
3054,917,159,s,57,61.0,False,1994.25,1995.25
3055,1082,85,s,57,59.0,False,1994.25,1994.75
3056,1096,280,s,57,59.0,False,1994.25,1994.75
3057,1103,835,s,57,60.0,False,1994.25,1995.0
3058,1114,617,s,57,58.0,False,1994.25,1994.5
3059,1343,407,s,57,63.0,False,1994.25,1995.75
3060,112,887,s,57,60.0,False,1994.25,1995.0
3061,112,1302,s,57,63.0,False,1994.25,1995.75
3062,133,85,s,57,67.0,False,1994.25,1996.75
3063,135,751,s,57,60.0,False,1994.25,1995.0
3064,135,1051,s,57,58.0,False,1994.25,1994.5
3065,304,582,s,57,59.0,False,1994.25,1994.75
3066,732,973,s,57,60.0,False,1994.25,1995.0
3067,792,965,s,57,65.0,False,1994.25,1996.25
3068,832,828,s,57,61.0,False,1994.25,1995.25
3069,916,929,s,57,60.0,False,1994.25,1995.0
3070,1100,615,s,57,60.0,False,1994.25,1995.0
3071,248,416,s,57,63.0,False,1994.25,1995.75
3072,274,653,s,57,64.0,False,1994.25,1996.0
3073,342,578,s,57,61.0,False,1994.25,1995.25
3074,381,965,s,57,60.0,False,1994.25,1995.0
3075,381,1035,s,57,65.0,False,1994.25,1996.25
3076,507,85,s,57,70.0,False,1994.25,1997.5
3077,610,108,s,57,59.0,False,1994.25,1994.75
3078,913,159,s,57,59.0,False,1994.25,1994.75
3079,916,1026,s,57,58.0,False,1994.25,1994.5
3080,967,1049,s,57,62.0,False,1994.25,1995.5
3081,1079,108,s,57,61.0,False,1994.25,1995.25
3082,1087,129,s,57,65.0,False,1994.25,1996.25
3083,1092,534,s,57,72.0,False,1994.25,1998.0
3084,1096,315,s,57,68.0,False,1994.25,1997.0
3085,1171,772,s,57,59.0,False,1994.25,1994.75
3086,350,887,l,57,72.0,True,1994.25,1998.0
3087,792,857,l,57,90.0,True,1994.25,2002.5
3088,465,1026,l,57,59.0,True,1994.25,1994.75
3089,718,785,l,57,83.0,True,1994.25,2000.75
3090,718,41,l,57,104.0,True,1994.25,2006.0
3091,807,583,l,57,192.0,True,1994.25,2028.0
3092,54,108,s,58,62.0,False,1994.5,1995.5
3093,269,964,s,58,59.0,False,1994.5,1994.75
3094,316,129,s,58,62.0,False,1994.5,1995.5
3095,466,108,s,58,60.0,False,1994.5,1995.0
3096,507,663,s,58,58.0,False,1994.5,1994.5
3097,541,170,s,58,59.0,False,1994.5,1994.75
3098,716,358,s,58,58.0,False,1994.5,1994.5
3099,769,1379,s,58,60.0,False,1994.5,1995.0
3100,791,663,s,58,59.0,False,1994.5,1994.75
3101,967,685,s,58,63.0,False,1994.5,1995.75
3102,1074,653,s,58,58.0,False,1994.5,1994.5
3103,1079,324,s,58,59.0,False,1994.5,1994.75
3104,1082,663,s,58,58.0,False,1994.5,1994.5
3105,105,578,s,58,77.0,False,1994.5,1999.25
3106,135,378,s,58,62.0,False,1994.5,1995.5
3107,278,108,s,58,61.0,False,1994.5,1995.25
3108,352,391,s,58,61.0,False,1994.5,1995.25
3109,356,653,s,58,61.0,False,1994.5,1995.25
3110,363,947,s,58,58.0,False,1994.5,1994.5
3111,372,617,s,58,59.0,False,1994.5,1994.75
3112,466,146,s,58,61.0,False,1994.5,1995.25
3113,522,453,s,58,59.0,False,1994.5,1994.75
3114,610,965,s,58,61.0,False,1994.5,1995.25
3115,731,146,s,58,63.0,False,1994.5,1995.75
3116,744,49,s,58,70.0,False,1994.5,1997.5
3117,744,1051,s,58,64.0,False,1994.5,1996.0
3118,777,578,s,58,63.0,False,1994.5,1995.75
3119,913,280,s,58,68.0,False,1994.5,1997.0
3120,993,947,s,58,65.0,False,1994.5,1996.25
3121,1074,684,s,58,61.0,False,1994.5,1995.25
3122,1079,663,s,58,59.0,False,1994.5,1994.75
3123,1097,320,s,58,58.0,False,1994.5,1994.5
3124,1113,1377,s,58,61.0,False,1994.5,1995.25
3125,1324,606,s,58,58.0,False,1994.5,1994.5
3126,1327,1043,s,58,59.0,False,1994.5,1994.75
3127,1359,336,s,58,63.0,False,1994.5,1995.75
3128,87,416,s,58,62.0,False,1994.5,1995.5
3129,135,1302,s,58,63.0,False,1994.5,1995.75
3130,248,663,s,58,70.0,False,1994.5,1997.5
3131,412,786,s,58,60.0,False,1994.5,1995.0
3132,467,49,s,58,63.0,False,1994.5,1995.75
3133,501,280,s,58,59.0,False,1994.5,1994.75
3134,520,1043,s,58,59.0,False,1994.5,1994.75
3135,560,391,s,58,60.0,False,1994.5,1995.0
3136,744,1377,s,58,59.0,False,1994.5,1994.75
3137,791,320,s,58,65.0,False,1994.5,1996.25
3138,807,146,s,58,60.0,False,1994.5,1995.0
3139,807,650,s,58,61.0,False,1994.5,1995.25
3140,837,785,s,58,63.0,False,1994.5,1995.75
3141,913,823,s,58,60.0,False,1994.5,1995.0
3142,1079,336,s,58,66.0,False,1994.5,1996.5
3143,1092,320,s,58,66.0,False,1994.5,1996.5
3144,1359,324,s,58,71.0,False,1994.5,1997.75
3145,342,1026,l,58,76.0,True,1994.5,1999.0
3146,113,407,l,58,86.0,True,1994.5,2001.5
3147,274,336,l,58,82.0,True,1994.5,2000.5
3148,922,336,l,58,176.0,True,1994.5,2024.0
3149,135,828,s,59,60.0,False,1994.75,1995.0
3150,216,615,s,59,60.0,False,1994.75,1995.0
3151,260,733,s,59,61.0,False,1994.75,1995.25
3152,278,921,s,59,62.0,False,1994.75,1995.5
3153,366,1061,s,59,68.0,False,1994.75,1997.0
3154,542,835,s,59,61.0,False,1994.75,1995.25
3155,773,771,s,59,62.0,False,1994.75,1995.5
3156,863,189,s,59,63.0,False,1994.75,1995.75
3157,908,108,s,59,60.0,False,1994.75,1995.0
3158,913,320,s,59,61.0,False,1994.75,1995.25
3159,44,1043,s,59,62.0,False,1994.75,1995.5
3160,141,462,s,59,67.0,False,1994.75,1996.75
3161,507,785,s,59,63.0,False,1994.75,1995.75
3162,756,771,s,59,63.0,False,1994.75,1995.75
3163,792,650,s,59,72.0,False,1994.75,1998.0
3164,917,965,s,59,62.0,False,1994.75,1995.5
3165,993,49,s,59,66.0,False,1994.75,1996.5
3166,1079,653,s,59,60.0,False,1994.75,1995.0
3167,1114,1302,s,59,64.0,False,1994.75,1996.0
3168,1359,1023,s,59,60.0,False,1994.75,1995.0
3169,133,653,s,59,62.0,False,1994.75,1995.5
3170,248,1026,s,59,61.0,False,1994.75,1995.25
3171,356,108,s,59,61.0,False,1994.75,1995.25
3172,412,159,s,59,65.0,False,1994.75,1996.25
3173,466,320,s,59,61.0,False,1994.75,1995.25
3174,466,578,s,59,64.0,False,1994.75,1996.0
3175,597,964,s,59,63.0,False,1994.75,1995.75
3176,792,123,s,59,62.0,False,1994.75,1995.5
3177,796,146,s,59,65.0,False,1994.75,1996.25
3178,837,1321,s,59,61.0,False,1994.75,1995.25
3179,931,572,s,59,63.0,False,1994.75,1995.75
3180,937,320,s,59,67.0,False,1994.75,1996.75
3181,937,336,s,59,70.0,False,1994.75,1997.5
3182,937,785,s,59,61.0,False,1994.75,1995.25
3183,967,790,s,59,64.0,False,1994.75,1996.0
3184,1103,41,s,59,64.0,False,1994.75,1996.0
3185,1244,617,s,59,67.0,False,1994.75,1996.75
3186,1288,1302,s,59,66.0,False,1994.75,1996.5
3187,356,929,l,59,67.0,True,1994.75,1996.75
3188,837,952,l,59,79.0,True,1994.75,1999.75
3189,169,387,l,59,71.0,True,1994.75,1997.75
3190,597,85,l,59,118.0,True,1994.75,2009.5
3191,1074,785,l,59,156.0,True,1994.75,2019.0
3192,1092,313,l,59,108.0,True,1994.75,2007.0
3193,157,615,s,60,60.0,False,1995.0,1995.0
3194,274,1026,s,60,61.0,False,1995.0,1995.25
3195,541,428,s,60,63.0,False,1995.0,1995.75
3196,541,987,s,60,63.0,False,1995.0,1995.75
3197,637,453,s,60,65.0,False,1995.0,1996.25
3198,756,336,s,60,65.0,False,1995.0,1996.25
3199,777,965,s,60,60.0,False,1995.0,1995.0
3200,792,340,s,60,63.0,False,1995.0,1995.75
3201,792,578,s,60,61.0,False,1995.0,1995.25
3202,916,320,s,60,63.0,False,1995.0,1995.75
3203,1096,733,s,60,60.0,False,1995.0,1995.0
3204,466,324,s,60,63.0,False,1995.0,1995.75
3205,598,146,s,60,69.0,False,1995.0,1997.25
3206,630,663,s,60,65.0,False,1995.0,1996.25
3207,743,371,s,60,62.0,False,1995.0,1995.5
3208,916,358,s,60,67.0,False,1995.0,1996.75
3209,931,406,s,60,60.0,False,1995.0,1995.0
3210,967,428,s,60,70.0,False,1995.0,1997.5
3211,988,336,s,60,63.0,False,1995.0,1995.75
3212,1096,146,s,60,64.0,False,1995.0,1996.0
3213,1103,685,s,60,69.0,False,1995.0,1997.25
3214,1359,653,s,60,60.0,False,1995.0,1995.0
3215,133,320,s,60,63.0,False,1995.0,1995.75
3216,133,578,s,60,63.0,False,1995.0,1995.75
3217,466,733,s,60,61.0,False,1995.0,1995.25
3218,466,1025,s,60,61.0,False,1995.0,1995.25
3219,467,628,s,60,63.0,False,1995.0,1995.75
3220,734,108,s,60,61.0,False,1995.0,1995.25
3221,859,628,s,60,65.0,False,1995.0,1996.25
3222,991,320,s,60,65.0,False,1995.0,1996.25
3223,1079,615,s,60,61.0,False,1995.0,1995.25
3224,1082,572,s,60,64.0,False,1995.0,1996.0
3225,1088,108,s,60,72.0,False,1995.0,1998.0
3226,1103,857,s,60,63.0,False,1995.0,1995.75
3227,1324,416,s,60,63.0,False,1995.0,1995.75
3228,520,650,l,60,62.0,True,1995.0,1995.5
3229,815,108,l,60,134.0,True,1995.0,2013.5
3230,917,662,l,60,117.0,True,1995.0,2009.25
3231,44,1041,l,60,100.0,True,1995.0,2005.0
3232,15,1026,s,61,62.0,False,1995.25,1995.5
3233,135,857,s,61,62.0,False,1995.25,1995.5
3234,418,97,s,61,70.0,False,1995.25,1997.5
3235,418,387,s,61,68.0,False,1995.25,1997.0
3236,466,41,s,61,72.0,False,1995.25,1998.0
3237,507,789,s,61,62.0,False,1995.25,1995.5
3238,507,1026,s,61,62.0,False,1995.25,1995.5
3239,516,320,s,61,62.0,False,1995.25,1995.5
3240,520,945,s,61,62.0,False,1995.25,1995.5
3241,541,578,s,61,62.0,False,1995.25,1995.5
3242,626,617,s,61,64.0,False,1995.25,1996.0
3243,630,733,s,61,64.0,False,1995.25,1996.0
3244,773,680,s,61,64.0,False,1995.25,1996.0
3245,837,684,s,61,62.0,False,1995.25,1995.5
3246,916,129,s,61,64.0,False,1995.25,1996.0
3247,1097,462,s,61,68.0,False,1995.25,1997.0
3248,1100,391,s,61,61.0,False,1995.25,1995.25
3249,1106,170,s,61,65.0,False,1995.25,1996.25
3250,1171,1040,s,61,65.0,False,1995.25,1996.25
3251,1343,324,s,61,80.0,False,1995.25,2000.0
3252,1359,320,s,61,68.0,False,1995.25,1997.0
3253,218,338,s,61,63.0,False,1995.25,1995.75
3254,316,689,s,61,63.0,False,1995.25,1995.75
3255,439,628,s,61,62.0,False,1995.25,1995.5
3256,507,24,s,61,68.0,False,1995.25,1997.0
3257,520,749,s,61,62.0,False,1995.25,1995.5
3258,587,315,s,61,62.0,False,1995.25,1995.5
3259,611,280,s,61,78.0,False,1995.25,1999.5
3260,637,108,s,61,62.0,False,1995.25,1995.5
3261,743,416,s,61,69.0,False,1995.25,1997.25
3262,756,78,s,61,62.0,False,1995.25,1995.5
3263,756,189,s,61,62.0,False,1995.25,1995.5
3264,869,320,s,61,67.0,False,1995.25,1996.75
3265,880,675,s,61,64.0,False,1995.25,1996.0
3266,913,706,s,61,62.0,False,1995.25,1995.5
3267,937,108,s,61,64.0,False,1995.25,1996.0
3268,966,78,s,61,63.0,False,1995.25,1995.75
3269,1079,653,s,61,65.0,False,1995.25,1996.25
3270,1288,344,s,61,63.0,False,1995.25,1995.75
3271,87,663,s,61,62.0,False,1995.25,1995.5
3272,218,1035,s,61,68.0,False,1995.25,1997.0
3273,287,358,s,61,62.0,False,1995.25,1995.5
3274,342,1028,s,61,65.0,False,1995.25,1996.25
3275,415,733,s,61,67.0,False,1995.25,1996.75
3276,466,947,s,61,70.0,False,1995.25,1997.5
3277,597,679,s,61,65.0,False,1995.25,1996.25
3278,744,617,s,61,71.0,False,1995.25,1997.75
3279,837,129,s,61,68.0,False,1995.25,1997.0
3280,917,733,s,61,69.0,False,1995.25,1997.25
3281,991,85,s,61,63.0,False,1995.25,1995.75
3282,993,416,s,61,76.0,False,1995.25,1999.0
3283,1096,320,s,61,65.0,False,1995.25,1996.25
3284,1116,369,s,61,66.0,False,1995.25,1996.5
3285,1116,1377,l,61,63.0,True,1995.25,1995.75
3286,366,170,l,61,72.0,True,1995.25,1998.0
3287,788,1032,l,61,78.0,True,1995.25,1999.5
3288,837,320,l,61,201.0,True,1995.25,2030.25
3289,991,679,l,61,96.0,True,1995.25,2004.0
3290,381,324,l,61,73.0,True,1995.25,1998.25
3291,1074,1321,l,61,172.0,True,1995.25,2023.0
3292,157,615,s,62,66.0,False,1995.5,1996.5
3293,274,49,s,62,62.0,False,1995.5,1995.5
3294,274,320,s,62,65.0,False,1995.5,1996.25
3295,509,606,s,62,69.0,False,1995.5,1997.25
3296,1103,1043,s,62,64.0,False,1995.5,1996.0
3297,1288,523,s,62,67.0,False,1995.5,1996.75
3298,1414,1302,s,62,75.0,False,1995.5,1998.75
3299,274,387,s,62,62.0,False,1995.5,1995.5
3300,415,1026,s,62,63.0,False,1995.5,1995.75
3301,529,49,s,62,79.0,False,1995.5,1999.75
3302,542,256,s,62,72.0,False,1995.5,1998.0
3303,610,662,s,62,72.0,False,1995.5,1998.0
3304,792,751,s,62,68.0,False,1995.5,1997.0
3305,927,653,s,62,65.0,False,1995.5,1996.25
3306,936,663,s,62,65.0,False,1995.5,1996.25
3307,1087,90,s,62,63.0,False,1995.5,1995.75
3308,1126,828,s,62,66.0,False,1995.5,1996.5
3309,1288,828,s,62,64.0,False,1995.5,1996.0
3310,113,578,s,62,63.0,False,1995.5,1995.75
3311,157,578,s,62,66.0,False,1995.5,1996.5
3312,196,663,s,62,65.0,False,1995.5,1996.25
3313,466,391,s,62,68.0,False,1995.5,1997.0
3314,466,504,s,62,66.0,False,1995.5,1996.5
3315,509,835,s,62,64.0,False,1995.5,1996.0
3316,520,49,s,62,72.0,False,1995.5,1998.0
3317,541,694,s,62,73.0,False,1995.5,1998.25
3318,792,929,s,62,66.0,False,1995.5,1996.5
3319,871,336,s,62,64.0,False,1995.5,1996.0
3320,1079,785,s,62,65.0,False,1995.5,1996.25
3321,1097,108,s,62,69.0,False,1995.5,1997.25
3322,1343,680,s,62,63.0,False,1995.5,1995.75
3323,260,324,l,62,162.0,True,1995.5,2020.5
3324,566,85,l,62,164.0,True,1995.5,2021.0
3325,672,650,l,62,84.0,True,1995.5,2001.0
3326,916,578,l,62,109.0,True,1995.5,2007.25
3327,1244,578,l,62,132.0,True,1995.5,2013.0
3328,837,453,l,62,96.0,True,1995.5,2004.0
3329,157,973,s,63,70.0,False,1995.75,1997.5
3330,381,964,s,63,81.0,False,1995.75,2000.25
3331,381,1026,s,63,64.0,False,1995.75,1996.0
3332,507,159,s,63,86.0,False,1995.75,2001.5
3333,507,1026,s,63,66.0,False,1995.75,1996.5
3334,541,338,s,63,66.0,False,1995.75,1996.5
3335,541,973,s,63,66.0,False,1995.75,1996.5
3336,551,785,s,63,69.0,False,1995.75,1997.25
3337,630,9,s,63,64.0,False,1995.75,1996.0
3338,637,320,s,63,66.0,False,1995.75,1996.5
3339,657,572,s,63,71.0,False,1995.75,1997.75
3340,716,49,s,63,65.0,False,1995.75,1996.25
3341,773,663,s,63,70.0,False,1995.75,1997.5
3342,792,694,s,63,66.0,False,1995.75,1996.5
3343,807,772,s,63,69.0,False,1995.75,1997.25
3344,1074,336,s,63,66.0,False,1995.75,1996.5
3345,1359,952,s,63,63.0,False,1995.75,1995.75
3346,48,205,s,63,69.0,False,1995.75,1997.25
3347,48,320,s,63,65.0,False,1995.75,1996.25
3348,141,578,s,63,70.0,False,1995.75,1997.5
3349,169,320,s,63,65.0,False,1995.75,1996.25
3350,169,684,s,63,64.0,False,1995.75,1996.0
3351,230,315,s,63,63.0,False,1995.75,1995.75
3352,274,965,s,63,64.0,False,1995.75,1996.0
3353,350,650,s,63,64.0,False,1995.75,1996.0
3354,501,85,s,63,64.0,False,1995.75,1996.0
3355,611,1028,s,63,65.0,False,1995.75,1996.25
3356,737,965,s,63,68.0,False,1995.75,1997.0
3357,756,785,s,63,65.0,False,1995.75,1996.25
3358,791,129,s,63,64.0,False,1995.75,1996.0
3359,1074,572,s,63,69.0,False,1995.75,1997.25
3360,1359,146,s,63,66.0,False,1995.75,1996.5
3361,287,320,s,63,67.0,False,1995.75,1996.75
3362,381,108,s,63,64.0,False,1995.75,1996.0
3363,507,453,s,63,64.0,False,1995.75,1996.0
3364,541,1051,s,63,64.0,False,1995.75,1996.0
3365,788,340,s,63,69.0,False,1995.75,1997.25
3366,792,338,s,63,66.0,False,1995.75,1996.5
3367,917,85,s,63,69.0,False,1995.75,1997.25
3368,966,85,s,63,76.0,False,1995.75,1999.0
3369,1343,663,s,63,65.0,False,1995.75,1996.25
3370,637,108,l,63,190.0,True,1995.75,2027.5
3371,247,866,l,63,77.0,True,1995.75,1999.25
3372,507,95,l,63,66.0,True,1995.75,1996.5
3373,133,1026,s,64,67.0,False,1996.0,1996.75
3374,394,320,s,64,68.0,False,1996.0,1997.0
3375,418,653,s,64,74.0,False,1996.0,1998.5
3376,792,129,s,64,69.0,False,1996.0,1997.25
3377,792,578,s,64,65.0,False,1996.0,1996.25
3378,837,1026,s,64,64.0,False,1996.0,1996.0
3379,936,259,s,64,68.0,False,1996.0,1997.0
3380,937,416,s,64,69.0,False,1996.0,1997.25
3381,1079,684,s,64,68.0,False,1996.0,1997.0
3382,1096,964,s,64,76.0,False,1996.0,1999.0
3383,1100,964,s,64,65.0,False,1996.0,1996.25
3384,1157,1190,s,64,75.0,False,1996.0,1998.75
3385,1343,146,s,64,71.0,False,1996.0,1997.75
3386,230,159,s,64,66.0,False,1996.0,1996.5
3387,247,1023,s,64,67.0,False,1996.0,1996.75
3388,274,78,s,64,68.0,False,1996.0,1997.0
3389,465,95,s,64,70.0,False,1996.0,1997.5
3390,626,685,s,64,66.0,False,1996.0,1996.5
3391,731,965,s,64,64.0,False,1996.0,1996.0
3392,913,146,s,64,65.0,False,1996.0,1996.25
3393,916,146,s,64,66.0,False,1996.0,1996.5
3394,1005,1321,s,64,70.0,False,1996.0,1997.5
3395,75,320,s,64,69.0,False,1996.0,1997.25
3396,303,320,s,64,71.0,False,1996.0,1997.75
3397,342,340,s,64,65.0,False,1996.0,1996.25
3398,412,662,s,64,68.0,False,1996.0,1997.0
3399,630,689,s,64,70.0,False,1996.0,1997.5
3400,716,320,s,64,69.0,False,1996.0,1997.25
3401,792,49,s,64,75.0,False,1996.0,1998.75
3402,837,628,s,64,65.0,False,1996.0,1996.25
3403,913,1028,s,64,70.0,False,1996.0,1997.5
3404,807,789,l,64,69.0,True,1996.0,1997.25
3405,230,336,s,65,68.0,False,1996.25,1997.0
3406,260,336,s,65,65.0,False,1996.25,1996.25
3407,303,146,s,65,65.0,False,1996.25,1996.25
3408,507,315,s,65,67.0,False,1996.25,1996.75
3409,520,929,s,65,65.0,False,1996.25,1996.25
3410,773,320,s,65,77.0,False,1996.25,1999.25
3411,1005,733,s,65,67.0,False,1996.25,1996.75
3412,1079,320,s,65,67.0,False,1996.25,1996.75
3413,1087,615,s,65,66.0,False,1996.25,1996.5
3414,1343,771,s,65,66.0,False,1996.25,1996.5
3415,135,1035,s,65,73.0,False,1996.25,1998.25
3416,216,391,s,65,70.0,False,1996.25,1997.5
3417,230,1028,s,65,66.0,False,1996.25,1996.5
3418,248,336,s,65,67.0,False,1996.25,1996.75
3419,466,1020,s,65,71.0,False,1996.25,1997.75
3420,541,921,s,65,68.0,False,1996.25,1997.0
3421,791,786,s,65,66.0,False,1996.25,1996.5
3422,792,973,s,65,71.0,False,1996.25,1997.75
3423,1097,680,s,65,79.0,False,1996.25,1999.75
3424,1100,462,s,65,74.0,False,1996.25,1998.5
3425,1171,391,s,65,71.0,False,1996.25,1997.75
3426,1171,1051,s,65,65.0,False,1996.25,1996.25
3427,135,49,s,65,67.0,False,1996.25,1996.75
3428,141,973,s,65,71.0,False,1996.25,1997.75
3429,316,108,s,65,70.0,False,1996.25,1997.5
3430,342,628,s,65,66.0,False,1996.25,1996.5
3431,381,462,s,65,66.0,False,1996.25,1996.5
3432,467,606,s,65,66.0,False,1996.25,1996.5
3433,497,49,s,65,73.0,False,1996.25,1998.25
3434,501,108,s,65,67.0,False,1996.25,1996.75
3435,647,617,s,65,66.0,False,1996.25,1996.5
3436,756,170,s,65,68.0,False,1996.25,1997.0
3437,792,890,s,65,66.0,False,1996.25,1996.5
3438,1079,952,s,65,66.0,False,1996.25,1996.5
3439,1082,952,s,65,68.0,False,1996.25,1997.0
3440,1359,733,s,65,74.0,False,1996.25,1998.5
3441,1415,650,s,65,74.0,False,1996.25,1998.5
3442,507,662,l,65,115.0,True,1996.25,2008.75
3443,744,170,l,65,163.0,True,1996.25,2020.75
3444,507,259,l,65,90.0,True,1996.25,2002.5
3445,113,733,s,66,70.0,False,1996.5,1997.5
3446,507,663,s,66,71.0,False,1996.5,1997.75
3447,732,663,s,66,66.0,False,1996.5,1996.5
3448,744,857,s,66,69.0,False,1996.5,1997.25
3449,773,108,s,66,68.0,False,1996.5,1997.0
3450,993,108,s,66,67.0,False,1996.5,1996.75
3451,1079,628,s,66,68.0,False,1996.5,1997.0
3452,1082,416,s,66,72.0,False,1996.5,1998.0
3453,1087,965,s,66,68.0,False,1996.5,1997.0
3454,1103,1032,s,66,72.0,False,1996.5,1998.0
3455,57,1026,s,66,67.0,False,1996.5,1996.75
3456,141,650,s,66,66.0,False,1996.5,1996.5
3457,168,1430,s,66,71.0,False,1996.5,1997.75
3458,507,280,s,66,69.0,False,1996.5,1997.25
3459,594,929,s,66,74.0,False,1996.5,1998.5
3460,744,1051,s,66,70.0,False,1996.5,1997.5
3461,1171,108,s,66,72.0,False,1996.5,1998.0
3462,169,572,s,66,71.0,False,1996.5,1997.75
3463,169,663,s,66,71.0,False,1996.5,1997.75
3464,262,336,s,66,82.0,False,1996.5,2000.5
3465,274,189,s,66,81.0,False,1996.5,2000.25
3466,287,1026,s,66,69.0,False,1996.5,1997.25
3467,501,663,s,66,69.0,False,1996.5,1997.25
3468,501,785,s,66,69.0,False,1996.5,1997.25
3469,560,685,s,66,70.0,False,1996.5,1997.5
3470,626,828,s,66,69.0,False,1996.5,1997.25
3471,655,146,s,66,67.0,False,1996.5,1996.75
3472,734,857,s,66,67.0,False,1996.5,1996.75
3473,756,146,s,66,67.0,False,1996.5,1996.75
3474,913,416,s,66,76.0,False,1996.5,1999.0
3475,913,733,s,66,67.0,False,1996.5,1996.75
3476,944,1260,s,66,68.0,False,1996.5,1997.0
3477,1003,785,s,66,70.0,False,1996.5,1997.5
3478,1005,653,s,66,68.0,False,1996.5,1997.0
3479,1196,878,s,66,68.0,False,1996.5,1997.0
3480,1431,1061,s,66,68.0,False,1996.5,1997.0
3481,157,685,l,66,112.0,True,1996.5,2008.0
3482,541,617,l,66,96.0,True,1996.5,2004.0
3483,1343,189,l,66,76.0,True,1996.5,1999.0
3484,597,572,l,66,126.0,True,1996.5,2011.5
3485,598,320,l,66,76.0,True,1996.5,1999.0
3486,87,1001,s,67,72.0,False,1996.75,1998.0
3487,135,1040,s,67,70.0,False,1996.75,1997.5
3488,157,762,s,67,72.0,False,1996.75,1998.0
3489,262,1150,s,67,71.0,False,1996.75,1997.75
3490,303,392,s,67,68.0,False,1996.75,1997.0
3491,316,605,s,67,76.0,False,1996.75,1999.0
3492,415,572,s,67,80.0,False,1996.75,2000.0
3493,626,344,s,67,67.0,False,1996.75,1996.75
3494,732,965,s,67,68.0,False,1996.75,1997.0
3495,791,416,s,67,71.0,False,1996.75,1997.75
3496,837,97,s,67,76.0,False,1996.75,1999.0
3497,916,416,s,67,77.0,False,1996.75,1999.25
3498,953,578,s,67,68.0,False,1996.75,1997.0
3499,1005,1158,s,67,69.0,False,1996.75,1997.25
3500,1092,320,s,67,67.0,False,1996.75,1996.75
3501,1170,733,s,67,76.0,False,1996.75,1999.0
3502,1359,572,s,67,67.0,False,1996.75,1996.75
3503,262,1158,s,67,69.0,False,1996.75,1997.25
3504,316,663,s,67,70.0,False,1996.75,1997.5
3505,352,947,s,67,67.0,False,1996.75,1996.75
3506,394,733,s,67,70.0,False,1996.75,1997.5
3507,466,320,s,67,67.0,False,1996.75,1996.75
3508,466,578,s,67,69.0,False,1996.75,1997.25
3509,630,108,s,67,77.0,False,1996.75,1999.25
3510,796,572,s,67,68.0,False,1996.75,1997.0
3511,871,975,s,67,68.0,False,1996.75,1997.0
3512,913,409,s,67,79.0,False,1996.75,1999.75
3513,917,336,s,67,68.0,False,1996.75,1997.0
3514,1074,108,s,67,68.0,False,1996.75,1997.0
3515,1079,336,s,67,70.0,False,1996.75,1997.5
3516,1092,108,s,67,74.0,False,1996.75,1998.5
3517,1097,694,s,67,68.0,False,1996.75,1997.0
3518,1327,973,s,67,68.0,False,1996.75,1997.0
3519,157,49,s,67,70.0,False,1996.75,1997.5
3520,169,763,s,67,68.0,False,1996.75,1997.0
3521,169,816,s,67,73.0,False,1996.75,1998.25
3522,218,1055,s,67,78.0,False,1996.75,1999.5
3523,230,453,s,67,72.0,False,1996.75,1998.0
3524,303,324,s,67,72.0,False,1996.75,1998.0
3525,439,49,s,67,73.0,False,1996.75,1998.25
3526,439,325,s,67,69.0,False,1996.75,1997.25
3527,618,315,s,67,69.0,False,1996.75,1997.25
3528,655,336,s,67,75.0,False,1996.75,1998.75
3529,792,1043,s,67,72.0,False,1996.75,1998.0
3530,1087,653,s,67,75.0,False,1996.75,1998.75
3531,1343,78,s,67,71.0,False,1996.75,1997.75
3532,157,1043,l,67,200.0,True,1996.75,2030.0
3533,274,95,l,67,92.0,True,1996.75,2003.0
3534,466,572,l,67,73.0,True,1996.75,1998.25
3535,248,572,l,67,,True,1996.75,
3536,342,628,l,67,228.0,True,1996.75,2037.0
3537,507,146,l,67,145.0,True,1996.75,2016.25
3538,936,572,l,67,194.0,True,1996.75,2028.5
3539,230,1321,s,68,72.0,False,1997.0,1998.0
3540,303,409,s,68,69.0,False,1997.0,1997.25
3541,316,578,s,68,71.0,False,1997.0,1997.75
3542,342,1032,s,68,80.0,False,1997.0,2000.0
3543,343,159,s,68,69.0,False,1997.0,1997.25
3544,466,49,s,68,82.0,False,1997.0,2000.5
3545,507,129,s,68,82.0,False,1997.0,2000.5
3546,542,41,s,68,73.0,False,1997.0,1998.25
3547,560,675,s,68,71.0,False,1997.0,1997.75
3548,737,499,s,68,70.0,False,1997.0,1997.5
3549,777,965,s,68,68.0,False,1997.0,1997.0
3550,807,146,s,68,71.0,False,1997.0,1997.75
3551,993,1024,s,68,71.0,False,1997.0,1997.75
3552,995,324,s,68,68.0,False,1997.0,1997.0
3553,1092,653,s,68,72.0,False,1997.0,1998.0
3554,1186,1321,s,68,74.0,False,1997.0,1998.5
3555,1343,835,s,68,72.0,False,1997.0,1998.0
3556,133,416,s,68,73.0,False,1997.0,1998.25
3557,204,146,s,68,70.0,False,1997.0,1997.5
3558,230,582,s,68,69.0,False,1997.0,1997.25
3559,262,785,s,68,75.0,False,1997.0,1998.75
3560,350,578,s,68,71.0,False,1997.0,1997.75
3561,418,789,s,68,69.0,False,1997.0,1997.25
3562,507,771,s,68,71.0,False,1997.0,1997.75
3563,541,5,s,68,69.0,False,1997.0,1997.25
3564,756,324,s,68,69.0,False,1997.0,1997.25
3565,792,578,s,68,71.0,False,1997.0,1997.75
3566,807,159,s,68,71.0,False,1997.0,1997.75
3567,807,324,s,68,70.0,False,1997.0,1997.5
3568,815,785,s,68,70.0,False,1997.0,1997.5
3569,913,146,s,68,68.0,False,1997.0,1997.0
3570,927,280,s,68,79.0,False,1997.0,1999.75
3571,936,947,s,68,70.0,False,1997.0,1997.5
3572,1005,85,s,68,69.0,False,1997.0,1997.25
3573,1096,663,s,68,69.0,False,1997.0,1997.25
3574,1325,952,s,68,73.0,False,1997.0,1998.25
3575,57,108,s,68,70.0,False,1997.0,1997.5
3576,112,617,s,68,70.0,False,1997.0,1997.5
3577,218,108,s,68,72.0,False,1997.0,1998.0
3578,230,129,s,68,74.0,False,1997.0,1998.5
3579,262,952,s,68,69.0,False,1997.0,1997.25
3580,611,663,s,68,72.0,False,1997.0,1998.0
3581,773,653,s,68,69.0,False,1997.0,1997.25
3582,788,315,s,68,77.0,False,1997.0,1999.25
3583,791,336,s,68,70.0,False,1997.0,1997.5
3584,807,108,s,68,71.0,False,1997.0,1997.75
3585,815,336,s,68,74.0,False,1997.0,1998.5
3586,993,170,s,68,74.0,False,1997.0,1998.5
3587,1103,499,s,68,71.0,False,1997.0,1997.75
3588,1343,378,s,68,75.0,False,1997.0,1998.75
3589,1343,391,s,68,75.0,False,1997.0,1998.75
3590,1466,387,s,68,70.0,False,1997.0,1997.5
3591,716,907,l,68,144.0,True,1997.0,2016.0
3592,1104,1051,l,68,140.0,True,1997.0,2015.0
3593,1074,108,l,68,230.0,True,1997.0,2037.5
3594,135,617,s,69,70.0,False,1997.25,1997.5
3595,269,213,s,69,73.0,False,1997.25,1998.25
3596,439,340,s,69,74.0,False,1997.25,1998.5
3597,466,108,s,69,81.0,False,1997.25,2000.25
3598,482,653,s,69,69.0,False,1997.25,1997.25
3599,610,572,s,69,74.0,False,1997.25,1998.5
3600,756,49,s,69,79.0,False,1997.25,1999.75
3601,777,170,s,69,70.0,False,1997.25,1997.5
3602,796,85,s,69,70.0,False,1997.25,1997.5
3603,796,280,s,69,69.0,False,1997.25,1997.25
3604,796,324,s,69,75.0,False,1997.25,1998.75
3605,807,628,s,69,73.0,False,1997.25,1998.25
3606,967,7,s,69,72.0,False,1997.25,1998.0
3607,1096,320,s,69,76.0,False,1997.25,1999.0
3608,1100,964,s,69,72.0,False,1997.25,1998.0
3609,1171,617,s,69,70.0,False,1997.25,1997.5
3610,230,733,s,69,71.0,False,1997.25,1997.75
3611,283,653,s,69,70.0,False,1997.25,1997.5
3612,287,1028,s,69,72.0,False,1997.25,1998.0
3613,303,24,s,69,70.0,False,1997.25,1997.5
3614,342,1031,s,69,72.0,False,1997.25,1998.0
3615,439,324,s,69,72.0,False,1997.25,1998.0
3616,439,921,s,69,71.0,False,1997.25,1997.75
3617,466,320,s,69,71.0,False,1997.25,1997.75
3618,598,315,s,69,75.0,False,1997.25,1998.75
3619,737,392,s,69,70.0,False,1997.25,1997.5
3620,913,964,s,69,70.0,False,1997.25,1997.5
3621,1087,933,s,69,70.0,False,1997.25,1997.5
3622,1094,315,s,69,73.0,False,1997.25,1998.25
3623,1343,336,s,69,69.0,False,1997.25,1997.25
3624,1414,1050,s,69,75.0,False,1997.25,1998.75
3625,133,965,s,69,70.0,False,1997.25,1997.5
3626,230,406,s,69,71.0,False,1997.25,1997.75
3627,287,340,s,69,80.0,False,1997.25,2000.0
3628,316,1026,s,69,74.0,False,1997.25,1998.5
3629,388,1043,s,69,70.0,False,1997.25,1997.5
3630,415,771,s,69,70.0,False,1997.25,1997.5
3631,507,572,s,69,72.0,False,1997.25,1998.0
3632,516,1025,s,69,72.0,False,1997.25,1998.0
3633,541,444,s,69,70.0,False,1997.25,1997.5
3634,541,1302,s,69,78.0,False,1997.25,1999.5
3635,718,320,s,69,70.0,False,1997.25,1997.5
3636,788,90,s,69,79.0,False,1997.25,1999.75
3637,796,628,s,69,73.0,False,1997.25,1998.25
3638,913,146,s,69,74.0,False,1997.25,1998.5
3639,937,146,s,69,73.0,False,1997.25,1998.25
3640,991,663,s,69,70.0,False,1997.25,1997.5
3641,1074,740,s,69,80.0,False,1997.25,2000.0
3642,1079,740,s,69,70.0,False,1997.25,1997.5
3643,141,663,l,69,92.0,True,1997.25,2003.0
3644,756,391,l,69,76.0,True,1997.25,1999.0
3645,792,170,l,69,82.0,True,1997.25,2000.5
3646,1343,733,l,69,97.0,True,1997.25,2004.25
3647,262,97,s,70,72.0,False,1997.5,1998.0
3648,413,933,s,70,73.0,False,1997.5,1998.25
3649,541,391,s,70,74.0,False,1997.5,1998.5
3650,731,1321,s,70,71.0,False,1997.5,1997.75
3651,837,259,s,70,74.0,False,1997.5,1998.5
3652,860,568,s,70,71.0,False,1997.5,1997.75
3653,1074,315,s,70,72.0,False,1997.5,1998.0
3654,1079,572,s,70,71.0,False,1997.5,1997.75
3655,1103,1037,s,70,72.0,False,1997.5,1998.0
3656,1343,653,s,70,73.0,False,1997.5,1998.25
3657,204,159,s,70,72.0,False,1997.5,1998.0
3658,204,572,s,70,79.0,False,1997.5,1999.75
3659,269,820,s,70,72.0,False,1997.5,1998.0
3660,415,1026,s,70,76.0,False,1997.5,1999.0
3661,418,1026,s,70,74.0,False,1997.5,1998.5
3662,466,578,s,70,72.0,False,1997.5,1998.0
3663,466,628,s,70,71.0,False,1997.5,1997.75
3664,466,650,s,70,72.0,False,1997.5,1998.0
3665,743,315,s,70,72.0,False,1997.5,1998.0
3666,792,1302,s,70,85.0,False,1997.5,2001.25
3667,796,108,s,70,89.0,False,1997.5,2002.25
3668,953,929,s,70,70.0,False,1997.5,1997.5
3669,993,320,s,70,75.0,False,1997.5,1998.75
3670,1074,572,s,70,75.0,False,1997.5,1998.75
3671,1103,1302,s,70,75.0,False,1997.5,1998.75
3672,1325,85,s,70,70.0,False,1997.5,1997.5
3673,1359,572,s,70,87.0,False,1997.5,2001.75
3674,1359,663,s,70,71.0,False,1997.5,1997.75
3675,230,663,s,70,73.0,False,1997.5,1998.25
3676,269,325,s,70,71.0,False,1997.5,1997.75
3677,381,108,s,70,74.0,False,1997.5,1998.5
3678,439,964,s,70,71.0,False,1997.5,1997.75
3679,791,320,s,70,72.0,False,1997.5,1998.0
3680,792,1038,s,70,72.0,False,1997.5,1998.0
3681,913,663,s,70,75.0,False,1997.5,1998.75
3682,927,146,s,70,71.0,False,1997.5,1997.75
3683,988,320,s,70,80.0,False,1997.5,2000.0
3684,1082,965,s,70,74.0,False,1997.5,1998.5
3685,1343,336,s,70,71.0,False,1997.5,1997.75
3686,1467,189,s,70,73.0,False,1997.5,1998.25
3687,439,170,l,70,76.0,True,1997.5,1999.0
3688,916,965,l,70,224.0,True,1997.5,2036.0
3689,231,409,l,70,130.0,True,1997.5,2012.5
3690,113,320,s,71,71.0,False,1997.75,1997.75
3691,135,280,s,71,72.0,False,1997.75,1998.0
3692,141,85,s,71,76.0,False,1997.75,1999.0
3693,439,947,s,71,75.0,False,1997.75,1998.75
3694,466,146,s,71,73.0,False,1997.75,1998.25
3695,560,685,s,71,71.0,False,1997.75,1997.75
3696,630,453,s,71,74.0,False,1997.75,1998.5
3697,837,1321,s,71,71.0,False,1997.75,1997.75
3698,882,663,s,71,72.0,False,1997.75,1998.0
3699,1079,1026,s,71,74.0,False,1997.75,1998.5
3700,1467,1037,s,71,81.0,False,1997.75,2000.25
3701,249,572,s,71,76.0,False,1997.75,1999.0
3702,260,663,s,71,71.0,False,1997.75,1997.75
3703,303,159,s,71,76.0,False,1997.75,1999.0
3704,342,857,s,71,73.0,False,1997.75,1998.25
3705,541,685,s,71,77.0,False,1997.75,1999.25
3706,618,49,s,71,72.0,False,1997.75,1998.0
3707,722,706,s,71,74.0,False,1997.75,1998.5
3708,788,1026,s,71,74.0,False,1997.75,1998.5
3709,1398,344,s,71,84.0,False,1997.75,2001.0
3710,242,685,s,71,76.0,False,1997.75,1999.0
3711,350,41,s,71,77.0,False,1997.75,1999.25
3712,467,108,s,71,73.0,False,1997.75,1998.25
3713,520,462,s,71,81.0,False,1997.75,2000.25
3714,630,952,s,71,74.0,False,1997.75,1998.5
3715,743,146,s,71,86.0,False,1997.75,2001.5
3716,792,733,s,71,79.0,False,1997.75,1999.75
3717,995,146,s,71,75.0,False,1997.75,1998.75
3718,1079,1190,s,71,74.0,False,1997.75,1998.5
3719,262,146,l,71,196.0,True,1997.75,2029.0
3720,655,706,l,71,105.0,True,1997.75,2006.25
3721,119,1055,s,72,76.0,False,1998.0,1999.0
3722,249,378,s,72,82.0,False,1998.0,2000.5
3723,342,41,s,72,72.0,False,1998.0,1998.0
3724,342,965,s,72,78.0,False,1998.0,1999.5
3725,509,663,s,72,77.0,False,1998.0,1999.25
3726,716,653,s,72,73.0,False,1998.0,1998.25
3727,792,162,s,72,79.0,False,1998.0,1999.75
3728,792,578,s,72,75.0,False,1998.0,1998.75
3729,871,320,s,72,75.0,False,1998.0,1998.75
3730,916,324,s,72,73.0,False,1998.0,1998.25
3731,917,733,s,72,73.0,False,1998.0,1998.25
3732,976,694,s,72,74.0,False,1998.0,1998.5
3733,993,973,s,72,78.0,False,1998.0,1999.5
3734,1079,146,s,72,79.0,False,1998.0,1999.75
3735,1082,952,s,72,80.0,False,1998.0,2000.0
3736,1092,129,s,72,74.0,False,1998.0,1998.5
3737,1323,1158,s,72,76.0,False,1998.0,1999.0
3738,1343,407,s,72,79.0,False,1998.0,1999.75
3739,1466,24,s,72,72.0,False,1998.0,1998.0
3740,141,733,s,72,78.0,False,1998.0,1999.5
3741,204,1190,s,72,74.0,False,1998.0,1998.5
3742,274,315,s,72,79.0,False,1998.0,1999.75
3743,363,407,s,72,74.0,False,1998.0,1998.5
3744,497,315,s,72,76.0,False,1998.0,1999.0
3745,507,85,s,72,72.0,False,1998.0,1998.0
3746,507,1190,s,72,74.0,False,1998.0,1998.5
3747,520,78,s,72,76.0,False,1998.0,1999.0
3748,587,129,s,72,78.0,False,1998.0,1999.5
3749,788,733,s,72,77.0,False,1998.0,1999.25
3750,1092,606,s,72,80.0,False,1998.0,2000.0
3751,1103,1049,s,72,74.0,False,1998.0,1998.5
3752,1186,663,s,72,73.0,False,1998.0,1998.25
3753,1186,952,s,72,76.0,False,1998.0,1999.0
3754,1343,572,s,72,74.0,False,1998.0,1998.5
3755,1343,578,s,72,72.0,False,1998.0,1998.0
3756,1343,663,s,72,73.0,False,1998.0,1998.25
3757,157,605,s,72,74.0,False,1998.0,1998.5
3758,173,453,s,72,73.0,False,1998.0,1998.25
3759,452,320,s,72,73.0,False,1998.0,1998.25
3760,466,1358,s,72,76.0,False,1998.0,1999.0
3761,573,578,s,72,73.0,False,1998.0,1998.25
3762,732,129,s,72,81.0,False,1998.0,2000.25
3763,796,785,s,72,74.0,False,1998.0,1998.5
3764,807,1032,s,72,74.0,False,1998.0,1998.5
3765,916,108,s,72,75.0,False,1998.0,1998.75
3766,927,108,s,72,86.0,False,1998.0,2001.5
3767,1074,663,s,72,86.0,False,1998.0,2001.5
3768,1079,733,s,72,84.0,False,1998.0,2001.0
3769,1323,1321,s,72,73.0,False,1998.0,1998.25
3770,230,947,l,72,76.0,True,1998.0,1999.0
3771,342,615,l,72,89.0,True,1998.0,2002.25
3772,788,85,l,72,122.0,True,1998.0,2010.5
3773,917,650,l,72,84.0,True,1998.0,2001.0
3774,1343,933,l,72,,True,1998.0,
3775,157,1038,s,73,87.0,False,1998.25,2001.75
3776,342,49,s,73,73.0,False,1998.25,1998.25
3777,415,340,s,73,74.0,False,1998.25,1998.5
3778,507,816,s,73,89.0,False,1998.25,2002.25
3779,630,740,s,73,77.0,False,1998.25,1999.25
3780,791,947,s,73,77.0,False,1998.25,1999.25
3781,796,49,s,73,80.0,False,1998.25,2000.0
3782,796,1035,s,73,80.0,False,1998.25,2000.0
3783,815,315,s,73,79.0,False,1998.25,1999.75
3784,837,146,s,73,79.0,False,1998.25,1999.75
3785,976,9,s,73,74.0,False,1998.25,1998.5
3786,1092,771,s,73,73.0,False,1998.25,1998.25
3787,1103,1379,s,73,97.0,False,1998.25,2004.25
3788,157,106,s,73,73.0,False,1998.25,1998.25
3789,342,41,s,73,77.0,False,1998.25,1999.25
3790,501,315,s,73,76.0,False,1998.25,1999.0
3791,507,649,s,73,75.0,False,1998.25,1998.75
3792,788,146,s,73,75.0,False,1998.25,1998.75
3793,796,41,s,73,75.0,False,1998.25,1998.75
3794,807,653,s,73,81.0,False,1998.25,2000.25
3795,837,268,s,73,77.0,False,1998.25,1999.25
3796,916,947,s,73,73.0,False,1998.25,1998.25
3797,1079,929,s,73,74.0,False,1998.25,1998.5
3798,1079,1321,s,73,76.0,False,1998.25,1999.0
3799,1096,628,s,73,73.0,False,1998.25,1998.25
3800,1466,453,s,73,74.0,False,1998.25,1998.5
3801,169,1226,s,73,76.0,False,1998.25,1999.0
3802,287,85,s,73,75.0,False,1998.25,1998.75
3803,415,85,s,73,74.0,False,1998.25,1998.5
3804,507,416,s,73,76.0,False,1998.25,1999.0
3805,542,320,s,73,84.0,False,1998.25,2001.0
3806,597,965,s,73,76.0,False,1998.25,1999.0
3807,732,762,s,73,75.0,False,1998.25,1998.75
3808,773,85,s,73,75.0,False,1998.25,1998.75
3809,792,615,s,73,74.0,False,1998.25,1998.5
3810,792,973,s,73,74.0,False,1998.25,1998.5
3811,991,952,s,73,74.0,False,1998.25,1998.5
3812,1171,320,s,73,78.0,False,1998.25,1999.5
3813,1171,663,s,73,76.0,False,1998.25,1999.0
3814,262,662,l,73,89.0,True,1998.25,2002.25
3815,303,785,l,73,103.0,True,1998.25,2005.75
3816,501,663,l,73,116.0,True,1998.25,2009.0
3817,1097,965,l,73,121.0,True,1998.25,2010.25
3818,1159,1150,l,73,159.0,True,1998.25,2019.75
3819,541,857,l,73,84.0,True,1998.25,2001.0
3820,796,606,l,73,79.0,True,1998.25,1999.75
3821,1171,1049,l,73,129.0,True,1998.25,2012.25
3822,33,338,s,74,77.0,False,1998.5,1999.25
3823,287,320,s,74,84.0,False,1998.5,2001.0
3824,287,965,s,74,78.0,False,1998.5,1999.5
3825,303,1011,s,74,75.0,False,1998.5,1998.75
3826,316,1032,s,74,75.0,False,1998.5,1998.75
3827,466,85,s,74,74.0,False,1998.5,1998.5
3828,497,572,s,74,85.0,False,1998.5,2001.25
3829,507,320,s,74,77.0,False,1998.5,1999.25
3830,507,771,s,74,76.0,False,1998.5,1999.0
3831,518,1302,s,74,75.0,False,1998.5,1998.75
3832,610,857,s,74,78.0,False,1998.5,1999.5
3833,717,835,s,74,77.0,False,1998.5,1999.25
3834,718,653,s,74,85.0,False,1998.5,2001.25
3835,731,189,s,74,93.0,False,1998.5,2003.25
3836,807,320,s,74,76.0,False,1998.5,1999.0
3837,815,975,s,74,77.0,False,1998.5,1999.25
3838,913,324,s,74,75.0,False,1998.5,1998.75
3839,1087,85,s,74,81.0,False,1998.5,2000.25
3840,1102,685,s,74,76.0,False,1998.5,1999.0
3841,1102,1051,s,74,74.0,False,1998.5,1998.5
3842,1343,1321,s,74,75.0,False,1998.5,1998.75
3843,157,617,s,74,82.0,False,1998.5,2000.5
3844,157,1051,s,74,75.0,False,1998.5,1998.75
3845,204,964,s,74,76.0,False,1998.5,1999.0
3846,218,338,s,74,78.0,False,1998.5,1999.5
3847,218,1053,s,74,75.0,False,1998.5,1998.75
3848,507,653,s,74,75.0,False,1998.5,1998.75
3849,788,710,s,74,78.0,False,1998.5,1999.5
3850,791,159,s,74,78.0,False,1998.5,1999.5
3851,796,772,s,74,78.0,False,1998.5,1999.5
3852,807,97,s,74,80.0,False,1998.5,2000.0
3853,988,929,s,74,81.0,False,1998.5,2000.25
3854,1005,1188,s,74,76.0,False,1998.5,1999.0
3855,1092,965,s,74,77.0,False,1998.5,1999.25
3856,269,84,s,74,79.0,False,1998.5,1999.75
3857,283,1190,s,74,77.0,False,1998.5,1999.25
3858,413,1026,s,74,77.0,False,1998.5,1999.25
3859,418,965,s,74,80.0,False,1998.5,2000.0
3860,507,1204,s,74,77.0,False,1998.5,1999.25
3861,566,965,s,74,76.0,False,1998.5,1999.0
3862,637,320,s,74,76.0,False,1998.5,1999.0
3863,777,407,s,74,76.0,False,1998.5,1999.0
3864,791,324,s,74,75.0,False,1998.5,1998.75
3865,807,167,s,74,77.0,False,1998.5,1999.25
3866,838,416,s,74,77.0,False,1998.5,1999.25
3867,871,572,s,74,76.0,False,1998.5,1999.0
3868,1097,1026,s,74,78.0,False,1998.5,1999.5
3869,1099,320,s,74,77.0,False,1998.5,1999.25
3870,1359,320,s,74,77.0,False,1998.5,1999.25
3871,274,1026,l,74,92.0,True,1998.5,2003.0
3872,507,583,l,74,243.0,True,1998.5,2040.75
3873,791,85,l,74,131.0,True,1998.5,2012.75
3874,913,653,l,74,129.0,True,1998.5,2012.25
3875,1103,790,l,74,86.0,True,1998.5,2001.5
3876,439,108,l,74,85.0,True,1998.5,2001.25
3877,113,964,s,75,81.0,False,1998.75,2000.25
3878,262,1321,s,75,81.0,False,1998.75,2000.25
3879,466,320,s,75,85.0,False,1998.75,2001.25
3880,732,108,s,75,76.0,False,1998.75,1999.0
3881,754,866,s,75,85.0,False,1998.75,2001.25
3882,796,785,s,75,83.0,False,1998.75,2000.75
3883,889,21,s,75,77.0,False,1998.75,1999.25
3884,916,387,s,75,80.0,False,1998.75,2000.0
3885,917,97,s,75,75.0,False,1998.75,1998.75
3886,1096,407,s,75,75.0,False,1998.75,1998.75
3887,1096,1032,s,75,76.0,False,1998.75,1999.0
3888,1186,416,s,75,75.0,False,1998.75,1998.75
3889,1324,952,s,75,83.0,False,1998.75,2000.75
3890,1343,85,s,75,80.0,False,1998.75,2000.0
3891,1465,663,s,75,76.0,False,1998.75,1999.0
3892,1467,378,s,75,79.0,False,1998.75,1999.75
3893,381,857,s,75,76.0,False,1998.75,1999.0
3894,466,628,s,75,80.0,False,1998.75,2000.0
3895,466,772,s,75,76.0,False,1998.75,1999.0
3896,597,336,s,75,78.0,False,1998.75,1999.5
3897,672,41,s,75,87.0,False,1998.75,2001.75
3898,744,685,s,75,79.0,False,1998.75,1999.75
3899,756,108,s,75,85.0,False,1998.75,2001.25
3900,807,146,s,75,77.0,False,1998.75,1999.25
3901,913,1026,s,75,76.0,False,1998.75,1999.0
3902,1100,1302,s,75,81.0,False,1998.75,2000.25
3903,1415,7,s,75,83.0,False,1998.75,2000.75
3904,135,694,s,75,85.0,False,1998.75,2001.25
3905,204,1188,s,75,81.0,False,1998.75,2000.25
3906,316,338,s,75,94.0,False,1998.75,2003.5
3907,638,84,s,75,78.0,False,1998.75,1999.5
3908,777,856,s,75,79.0,False,1998.75,1999.75
3909,791,771,s,75,94.0,False,1998.75,2003.5
3910,796,129,s,75,85.0,False,1998.75,2001.25
3911,1074,259,s,75,77.0,False,1998.75,1999.25
3912,1079,159,s,75,84.0,False,1998.75,2001.0
3913,1079,952,s,75,84.0,False,1998.75,2001.0
3914,1107,1302,s,75,79.0,False,1998.75,1999.75
3915,1159,1321,s,75,76.0,False,1998.75,1999.0
3916,1343,899,s,75,77.0,False,1998.75,1999.25
3917,242,108,l,75,98.0,True,1998.75,2004.5
3918,439,772,l,75,110.0,True,1998.75,2007.5
3919,610,663,l,75,78.0,True,1998.75,1999.5
3920,381,785,s,76,77.0,False,1999.0,1999.25
3921,501,785,s,76,76.0,False,1999.0,1999.0
3922,630,336,s,76,76.0,False,1999.0,1999.0
3923,726,578,s,76,77.0,False,1999.0,1999.25
3924,737,762,s,76,76.0,False,1999.0,1999.0
3925,788,416,s,76,76.0,False,1999.0,1999.0
3926,913,407,s,76,76.0,False,1999.0,1999.0
3927,1343,205,s,76,77.0,False,1999.0,1999.25
3928,1359,146,s,76,84.0,False,1999.0,2001.0
3929,133,320,s,76,78.0,False,1999.0,1999.5
3930,204,653,s,76,77.0,False,1999.0,1999.25
3931,230,324,s,76,82.0,False,1999.0,2000.5
3932,260,578,s,76,77.0,False,1999.0,1999.25
3933,262,320,s,76,78.0,False,1999.0,1999.5
3934,262,1205,s,76,76.0,False,1999.0,1999.0
3935,439,453,s,76,76.0,False,1999.0,1999.0
3936,466,531,s,76,77.0,False,1999.0,1999.25
3937,518,921,s,76,80.0,False,1999.0,2000.0
3938,788,336,s,76,77.0,False,1999.0,1999.25
3939,791,1026,s,76,84.0,False,1999.0,2001.0
3940,902,1023,s,76,77.0,False,1999.0,1999.25
3941,916,663,s,76,80.0,False,1999.0,2000.0
3942,917,785,s,76,78.0,False,1999.0,1999.5
3943,917,965,s,76,87.0,False,1999.0,2001.75
3944,924,129,s,76,83.0,False,1999.0,2000.75
3945,1079,740,s,76,79.0,False,1999.0,1999.75
3946,1203,785,s,76,81.0,False,1999.0,2000.25
3947,1225,97,s,76,76.0,False,1999.0,1999.0
3948,1467,890,s,76,87.0,False,1999.0,2001.75
3949,135,578,s,76,82.0,False,1999.0,2000.5
3950,342,320,s,76,79.0,False,1999.0,1999.75
3951,381,108,s,76,79.0,False,1999.0,1999.75
3952,466,733,s,76,78.0,False,1999.0,1999.5
3953,501,653,s,76,81.0,False,1999.0,2000.25
3954,573,653,s,76,78.0,False,1999.0,1999.5
3955,611,767,s,76,82.0,False,1999.0,2000.5
3956,732,324,s,76,81.0,False,1999.0,2000.25
3957,773,1026,s,76,77.0,False,1999.0,1999.25
3958,777,785,s,76,93.0,False,1999.0,2003.25
3959,837,1158,s,76,78.0,False,1999.0,1999.5
3960,908,785,s,76,88.0,False,1999.0,2002.0
3961,913,320,s,76,78.0,False,1999.0,1999.5
3962,927,129,s,76,88.0,False,1999.0,2002.0
3963,953,663,s,76,80.0,False,1999.0,2000.0
3964,716,662,l,76,86.0,True,1999.0,2001.5
3965,807,108,l,76,85.0,True,1999.0,2001.25
3966,287,108,l,76,194.0,True,1999.0,2028.5
3967,342,324,l,76,90.0,True,1999.0,2002.5
3968,87,108,s,77,79.0,False,1999.25,1999.75
3969,204,97,s,77,79.0,False,1999.25,1999.75
3970,248,653,s,77,84.0,False,1999.25,2001.0
3971,274,929,s,77,80.0,False,1999.25,2000.0
3972,283,324,s,77,77.0,False,1999.25,1999.25
3973,566,324,s,77,78.0,False,1999.25,1999.5
3974,777,1026,s,77,80.0,False,1999.25,2000.0
3975,792,578,s,77,79.0,False,1999.25,1999.75
3976,796,771,s,77,77.0,False,1999.25,1999.25
3977,807,159,s,77,78.0,False,1999.25,1999.5
3978,913,663,s,77,77.0,False,1999.25,1999.25
3979,916,315,s,77,78.0,False,1999.25,1999.5
3980,1079,614,s,77,86.0,False,1999.25,2001.5
3981,1079,947,s,77,80.0,False,1999.25,2000.0
3982,1092,146,s,77,81.0,False,1999.25,2000.25
3983,1123,1061,s,77,80.0,False,1999.25,2000.0
3984,1126,987,s,77,77.0,False,1999.25,1999.25
3985,1187,1011,s,77,79.0,False,1999.25,1999.75
3986,1324,733,s,77,79.0,False,1999.25,1999.75
3987,1343,391,s,77,80.0,False,1999.25,2000.0
3988,218,820,s,77,79.0,False,1999.25,1999.75
3989,262,416,s,77,78.0,False,1999.25,1999.5
3990,304,866,s,77,79.0,False,1999.25,1999.75
3991,363,49,s,77,84.0,False,1999.25,2001.0
3992,418,733,s,77,79.0,False,1999.25,1999.75
3993,573,484,s,77,79.0,False,1999.25,1999.75
3994,598,628,s,77,86.0,False,1999.25,2001.5
3995,610,762,s,77,78.0,False,1999.25,1999.5
3996,788,771,s,77,78.0,False,1999.25,1999.5
3997,792,1051,s,77,80.0,False,1999.25,2000.0
3998,936,663,s,77,81.0,False,1999.25,2000.25
3999,1079,320,s,77,82.0,False,1999.25,2000.5
4000,1082,653,s,77,78.0,False,1999.25,1999.5
4001,1087,572,s,77,83.0,False,1999.25,2000.75
4002,1186,528,s,77,78.0,False,1999.25,1999.5
4003,342,336,s,77,80.0,False,1999.25,2000.0
4004,355,1043,s,77,82.0,False,1999.25,2000.5
4005,412,146,s,77,79.0,False,1999.25,1999.75
4006,466,615,s,77,79.0,False,1999.25,1999.75
4007,754,320,s,77,79.0,False,1999.25,1999.75
4008,791,41,s,77,83.0,False,1999.25,2000.75
4009,791,571,s,77,79.0,False,1999.25,1999.75
4010,847,785,s,77,80.0,False,1999.25,2000.0
4011,1467,820,s,77,78.0,False,1999.25,1999.5
4012,1187,572,l,77,87.0,True,1999.25,2001.75
4013,135,835,l,77,126.0,True,1999.25,2011.5
4014,157,320,l,77,98.0,True,1999.25,2004.5
4015,157,578,l,77,173.0,True,1999.25,2023.25
4016,204,733,l,77,,True,1999.25,
4017,133,903,s,78,80.0,False,1999.5,2000.0
4018,262,108,s,78,80.0,False,1999.5,2000.0
4019,274,663,s,78,81.0,False,1999.5,2000.25
4020,274,733,s,78,85.0,False,1999.5,2001.25
4021,303,108,s,78,79.0,False,1999.5,1999.75
4022,316,578,s,78,79.0,False,1999.5,1999.75
4023,342,653,s,78,80.0,False,1999.5,2000.0
4024,343,1205,s,78,89.0,False,1999.5,2002.25
4025,792,694,s,78,79.0,False,1999.5,1999.75
4026,796,324,s,78,78.0,False,1999.5,1999.5
4027,796,733,s,78,81.0,False,1999.5,2000.25
4028,927,1321,s,78,82.0,False,1999.5,2000.5
4029,1079,572,s,78,80.0,False,1999.5,2000.0
4030,1091,733,s,78,81.0,False,1999.5,2000.25
4031,1104,1040,s,78,98.0,False,1999.5,2004.5
4032,218,1053,s,78,80.0,False,1999.5,2000.0
4033,231,407,s,78,80.0,False,1999.5,2000.0
4034,262,965,s,78,79.0,False,1999.5,1999.75
4035,283,416,s,78,79.0,False,1999.5,1999.75
4036,507,97,s,78,86.0,False,1999.5,2001.5
4037,734,391,s,78,82.0,False,1999.5,2000.5
4038,773,416,s,78,81.0,False,1999.5,2000.25
4039,788,947,s,78,85.0,False,1999.5,2001.25
4040,792,1043,s,78,86.0,False,1999.5,2001.5
4041,885,129,s,78,83.0,False,1999.5,2000.75
4042,916,320,s,78,81.0,False,1999.5,2000.25
4043,988,416,s,78,82.0,False,1999.5,2000.5
4044,1005,97,s,78,82.0,False,1999.5,2000.5
4045,260,733,s,78,84.0,False,1999.5,2001.0
4046,260,965,s,78,79.0,False,1999.5,1999.75
4047,415,320,s,78,81.0,False,1999.5,2000.25
4048,418,336,s,78,81.0,False,1999.5,2000.25
4049,497,952,s,78,80.0,False,1999.5,2000.0
4050,560,857,s,78,81.0,False,1999.5,2000.25
4051,610,336,s,78,81.0,False,1999.5,2000.25
4052,754,800,s,78,80.0,False,1999.5,2000.0
4053,788,835,s,78,79.0,False,1999.5,1999.75
4054,1005,1321,s,78,81.0,False,1999.5,2000.25
4055,1080,965,s,78,79.0,False,1999.5,1999.75
4056,1186,740,s,78,82.0,False,1999.5,2000.5
4057,1079,108,l,78,97.0,True,1999.5,2004.25
4058,1359,416,l,78,138.0,True,1999.5,2014.5
4059,1359,159,l,78,160.0,True,1999.5,2020.0
4060,242,733,s,79,82.0,False,1999.75,2000.5
4061,343,55,s,79,81.0,False,1999.75,2000.25
4062,412,484,s,79,81.0,False,1999.75,2000.25
4063,716,108,s,79,79.0,False,1999.75,1999.75
4064,718,572,s,79,89.0,False,1999.75,2002.25
4065,734,665,s,79,82.0,False,1999.75,2000.5
4066,863,663,s,79,81.0,False,1999.75,2000.25
4067,908,416,s,79,81.0,False,1999.75,2000.25
4068,916,973,s,79,98.0,False,1999.75,2004.5
4069,936,320,s,79,80.0,False,1999.75,2000.0
4070,937,785,s,79,79.0,False,1999.75,1999.75
4071,1079,1190,s,79,79.0,False,1999.75,1999.75
4072,1096,280,s,79,80.0,False,1999.75,2000.0
4073,1323,320,s,79,80.0,False,1999.75,2000.0
4074,1343,159,s,79,79.0,False,1999.75,1999.75
4075,141,564,s,79,90.0,False,1999.75,2002.5
4076,141,1026,s,79,82.0,False,1999.75,2000.5
4077,214,108,s,79,96.0,False,1999.75,2004.0
4078,230,786,s,79,86.0,False,1999.75,2001.5
4079,507,653,s,79,83.0,False,1999.75,2000.75
4080,598,129,s,79,82.0,False,1999.75,2000.5
4081,756,159,s,79,80.0,False,1999.75,2000.0
4082,796,336,s,79,80.0,False,1999.75,2000.0
4083,807,462,s,79,83.0,False,1999.75,2000.75
4084,913,952,s,79,80.0,False,1999.75,2000.0
4085,1079,453,s,79,87.0,False,1999.75,2001.75
4086,1225,336,s,79,79.0,False,1999.75,1999.75
4087,1466,320,s,79,86.0,False,1999.75,2001.5
4088,141,653,s,79,81.0,False,1999.75,2000.25
4089,414,320,s,79,80.0,False,1999.75,2000.0
4090,415,785,s,79,86.0,False,1999.75,2001.5
4091,610,49,s,79,89.0,False,1999.75,2002.25
4092,744,1049,s,79,81.0,False,1999.75,2000.25
4093,744,1052,s,79,84.0,False,1999.75,2001.0
4094,773,108,s,79,85.0,False,1999.75,2001.25
4095,791,320,s,79,88.0,False,1999.75,2002.0
4096,796,499,s,79,83.0,False,1999.75,2000.75
4097,913,108,s,79,82.0,False,1999.75,2000.5
4098,978,320,s,79,91.0,False,1999.75,2002.75
4099,1005,1150,s,79,80.0,False,1999.75,2000.0
4100,1187,320,s,79,80.0,False,1999.75,2000.0
4101,792,1026,l,79,96.0,True,1999.75,2004.0
4102,1324,572,l,79,83.0,True,1999.75,2000.75
4103,342,663,l,79,116.0,True,1999.75,2009.0
4104,501,406,l,79,152.0,True,1999.75,2018.0
4105,439,653,l,79,107.0,True,1999.75,2006.75
4106,169,929,s,80,80.0,False,2000.0,2000.0
4107,204,97,s,80,82.0,False,2000.0,2000.5
4108,204,336,s,80,81.0,False,2000.0,2000.25
4109,248,416,s,80,83.0,False,2000.0,2000.75
4110,366,1193,s,80,90.0,False,2000.0,2002.5
4111,718,1321,s,80,81.0,False,2000.0,2000.25
4112,732,108,s,80,81.0,False,2000.0,2000.25
4113,732,964,s,80,90.0,False,2000.0,2002.5
4114,743,653,s,80,82.0,False,2000.0,2000.5
4115,792,762,s,80,84.0,False,2000.0,2001.0
4116,916,653,s,80,83.0,False,2000.0,2000.75
4117,1154,416,s,80,85.0,False,2000.0,2001.25
4118,1239,97,s,80,87.0,False,2000.0,2001.75
4119,1324,1026,s,80,86.0,False,2000.0,2001.5
4120,1343,789,s,80,84.0,False,2000.0,2001.0
4121,135,724,s,80,83.0,False,2000.0,2000.75
4122,269,663,s,80,84.0,False,2000.0,2001.0
4123,274,1517,s,80,83.0,False,2000.0,2000.75
4124,418,662,s,80,84.0,False,2000.0,2001.0
4125,466,572,s,80,87.0,False,2000.0,2001.75
4126,597,578,s,80,82.0,False,2000.0,2000.5
4127,610,189,s,80,88.0,False,2000.0,2002.0
4128,737,680,s,80,85.0,False,2000.0,2001.25
4129,913,964,s,80,82.0,False,2000.0,2000.5
4130,1239,1247,s,80,84.0,False,2000.0,2001.0
4131,135,1043,s,80,81.0,False,2000.0,2000.25
4132,262,85,s,80,86.0,False,2000.0,2001.5
4133,316,108,s,80,86.0,False,2000.0,2001.5
4134,381,973,s,80,84.0,False,2000.0,2001.0
4135,566,650,s,80,84.0,False,2000.0,2001.0
4136,732,663,s,80,90.0,False,2000.0,2002.5
4137,737,1043,s,80,82.0,False,2000.0,2000.5
4138,792,462,s,80,83.0,False,2000.0,2000.75
4139,1103,820,s,80,87.0,False,2000.0,2001.75
4140,1359,733,s,80,82.0,False,2000.0,2000.5
4141,355,685,l,80,96.0,True,2000.0,2004.0
4142,204,1190,l,80,215.0,True,2000.0,2033.75
4143,439,336,l,80,93.0,True,2000.0,2003.25
4144,54,146,l,80,137.0,True,2000.0,2014.25
4145,737,49,l,80,117.0,True,2000.0,2009.25
4146,1005,259,l,80,140.0,True,2000.0,2015.0
4147,157,108,s,81,87.0,False,2000.25,2001.75
4148,173,320,s,81,82.0,False,2000.25,2000.5
4149,260,583,s,81,81.0,False,2000.25,2000.25
4150,274,964,s,81,83.0,False,2000.25,2000.75
4151,303,49,s,81,86.0,False,2000.25,2001.5
4152,342,108,s,81,84.0,False,2000.25,2001.0
4153,466,90,s,81,82.0,False,2000.25,2000.5
4154,672,378,s,81,90.0,False,2000.25,2002.5
4155,788,653,s,81,85.0,False,2000.25,2001.25
4156,916,606,s,81,82.0,False,2000.25,2000.5
4157,1005,453,s,81,93.0,False,2000.25,2003.25
4158,1103,1051,s,81,86.0,False,2000.25,2001.5
4159,1235,1321,s,81,88.0,False,2000.25,2002.0
4160,1239,571,s,81,82.0,False,2000.25,2000.5
4161,1239,1281,s,81,83.0,False,2000.25,2000.75
4162,303,653,s,81,95.0,False,2000.25,2003.75
4163,381,213,s,81,88.0,False,2000.25,2002.0
4164,479,108,s,81,82.0,False,2000.25,2000.5
4165,737,617,s,81,83.0,False,2000.25,2000.75
4166,756,628,s,81,86.0,False,2000.25,2001.5
4167,756,1032,s,81,82.0,False,2000.25,2000.5
4168,777,391,s,81,87.0,False,2000.25,2001.75
4169,777,857,s,81,81.0,False,2000.25,2000.25
4170,917,929,s,81,84.0,False,2000.25,2001.0
4171,1005,929,s,81,82.0,False,2000.25,2000.5
4172,1091,108,s,81,84.0,False,2000.25,2001.0
4173,1102,170,s,81,86.0,False,2000.25,2001.5
4174,1187,1205,s,81,97.0,False,2000.25,2004.25
4175,1343,572,s,81,84.0,False,2000.25,2001.0
4176,54,653,s,81,83.0,False,2000.25,2000.75
4177,204,571,s,81,88.0,False,2000.25,2002.0
4178,242,344,s,81,84.0,False,2000.25,2001.0
4179,262,1247,s,81,90.0,False,2000.25,2002.5
4180,342,650,s,81,82.0,False,2000.25,2000.5
4181,466,785,s,81,82.0,False,2000.25,2000.5
4182,507,1321,s,81,83.0,False,2000.25,2000.75
4183,520,857,s,81,86.0,False,2000.25,2001.5
4184,566,675,s,81,88.0,False,2000.25,2002.0
4185,777,280,s,81,83.0,False,2000.25,2000.75
4186,796,663,s,81,84.0,False,2000.25,2001.0
4187,796,952,s,81,82.0,False,2000.25,2000.5
4188,815,785,s,81,86.0,False,2000.25,2001.5
4189,1007,108,s,81,82.0,False,2000.25,2000.5
4190,1087,416,s,81,82.0,False,2000.25,2000.5
4191,1225,1321,s,81,83.0,False,2000.25,2000.75
4192,1242,785,s,81,87.0,False,2000.25,2001.75
4193,1244,973,s,81,88.0,False,2000.25,2002.0
4194,1466,663,s,81,86.0,False,2000.25,2001.5
4195,1242,320,l,81,177.0,True,2000.25,2024.25
4196,1359,929,l,81,97.0,True,2000.25,2004.25
4197,796,772,l,81,87.0,True,2000.25,2001.75
4198,807,146,l,81,148.0,True,2000.25,2017.0
4199,87,1517,s,82,83.0,False,2000.5,2000.75
4200,234,1321,s,82,88.0,False,2000.5,2002.0
4201,262,1190,s,82,84.0,False,2000.5,2001.0
4202,466,952,s,82,83.0,False,2000.5,2000.75
4203,466,1028,s,82,83.0,False,2000.5,2000.75
4204,756,407,s,82,83.0,False,2000.5,2000.75
4205,788,320,s,82,82.0,False,2000.5,2000.5
4206,791,628,s,82,86.0,False,2000.5,2001.5
4207,796,336,s,82,84.0,False,2000.5,2001.0
4208,917,146,s,82,87.0,False,2000.5,2001.75
4209,927,572,s,82,83.0,False,2000.5,2000.75
4210,1159,409,s,82,94.0,False,2000.5,2003.5
4211,1239,1205,s,82,82.0,False,2000.5,2000.5
4212,65,785,s,82,89.0,False,2000.5,2002.25
4213,130,1058,s,82,83.0,False,2000.5,2000.75
4214,597,835,s,82,86.0,False,2000.5,2001.5
4215,734,733,s,82,85.0,False,2000.5,2001.25
4216,737,344,s,82,84.0,False,2000.5,2001.0
4217,754,800,s,82,83.0,False,2000.5,2000.75
4218,796,628,s,82,84.0,False,2000.5,2001.0
4219,837,628,s,82,86.0,False,2000.5,2001.5
4220,906,416,s,82,84.0,False,2000.5,2001.0
4221,917,324,s,82,91.0,False,2000.5,2002.75
4222,988,320,s,82,84.0,False,2000.5,2001.0
4223,1239,1188,s,82,84.0,False,2000.5,2001.0
4224,1239,1517,s,82,85.0,False,2000.5,2001.25
4225,1242,1185,s,82,82.0,False,2000.5,2000.5
4226,133,320,s,82,85.0,False,2000.5,2001.25
4227,169,146,s,82,94.0,False,2000.5,2003.5
4228,342,320,s,82,86.0,False,2000.5,2001.5
4229,415,1026,s,82,88.0,False,2000.5,2002.0
4230,507,572,s,82,87.0,False,2000.5,2001.75
4231,788,964,s,82,84.0,False,2000.5,2001.0
4232,913,823,s,82,83.0,False,2000.5,2000.75
4233,937,320,s,82,84.0,False,2000.5,2001.0
4234,1079,785,s,82,83.0,False,2000.5,2000.75
4235,1096,108,s,82,92.0,False,2000.5,2003.0
4236,1239,146,s,82,92.0,False,2000.5,2003.0
4237,796,159,l,82,162.0,True,2000.5,2020.5
4238,917,85,l,82,107.0,True,2000.5,2006.75
4239,924,340,l,82,128.0,True,2000.5,2012.0
4240,418,1358,l,82,89.0,True,2000.5,2002.25
4241,1007,1517,l,82,212.0,True,2000.5,2033.0
4242,1223,933,l,82,158.0,True,2000.5,2019.5
4243,1239,576,l,82,107.0,True,2000.5,2006.75
4244,214,320,l,82,101.0,True,2000.5,2005.25
4245,466,965,l,82,87.0,True,2000.5,2001.75
4246,3,650,s,83,84.0,False,2000.75,2001.0
4247,141,320,s,83,84.0,False,2000.75,2001.0
4248,141,785,s,83,87.0,False,2000.75,2001.75
4249,169,952,s,83,83.0,False,2000.75,2000.75
4250,414,108,s,83,85.0,False,2000.75,2001.25
4251,743,653,s,83,83.0,False,2000.75,2000.75
4252,777,340,s,83,92.0,False,2000.75,2003.0
4253,796,929,s,83,85.0,False,2000.75,2001.25
4254,807,733,s,83,85.0,False,2000.75,2001.25
4255,889,1518,s,83,84.0,False,2000.75,2001.0
4256,916,324,s,83,85.0,False,2000.75,2001.25
4257,916,964,s,83,86.0,False,2000.75,2001.5
4258,927,416,s,83,83.0,False,2000.75,2000.75
4259,1219,1204,s,83,85.0,False,2000.75,2001.25
4260,1239,1321,s,83,92.0,False,2000.75,2003.0
4261,133,857,s,83,84.0,False,2000.75,2001.0
4262,135,685,s,83,89.0,False,2000.75,2002.25
4263,242,1302,s,83,83.0,False,2000.75,2000.75
4264,260,259,s,83,89.0,False,2000.75,2002.25
4265,316,416,s,83,86.0,False,2000.75,2001.5
4266,394,416,s,83,86.0,False,2000.75,2001.5
4267,777,336,s,83,87.0,False,2000.75,2001.75
4268,791,407,s,83,83.0,False,2000.75,2000.75
4269,837,965,s,83,88.0,False,2000.75,2002.0
4270,913,320,s,83,84.0,False,2000.75,2001.0
4271,993,578,s,83,88.0,False,2000.75,2002.0
4272,1087,146,s,83,84.0,False,2000.75,2001.0
4273,1103,1043,s,83,89.0,False,2000.75,2002.25
4274,1359,1517,s,83,91.0,False,2000.75,2002.75
4275,1467,340,s,83,87.0,False,2000.75,2001.75
4276,135,293,s,83,84.0,False,2000.75,2001.0
4277,157,1302,s,83,85.0,False,2000.75,2001.25
4278,169,320,s,83,87.0,False,2000.75,2001.75
4279,316,965,s,83,84.0,False,2000.75,2001.0
4280,363,965,s,83,84.0,False,2000.75,2001.0
4281,497,320,s,83,92.0,False,2000.75,2003.0
4282,507,24,s,83,84.0,False,2000.75,2001.0
4283,630,387,s,83,85.0,False,2000.75,2001.25
4284,756,315,s,83,84.0,False,2000.75,2001.0
4285,756,320,s,83,95.0,False,2000.75,2003.75
4286,995,320,s,83,84.0,False,2000.75,2001.0
4287,1079,964,s,83,86.0,False,2000.75,2001.5
4288,1092,280,s,83,85.0,False,2000.75,2001.25
4289,1180,416,s,83,86.0,False,2000.75,2001.5
4290,1239,159,s,83,94.0,False,2000.75,2003.5
4291,1242,1201,s,83,90.0,False,2000.75,2002.5
4292,1467,835,s,83,87.0,False,2000.75,2001.75
4293,560,593,l,83,97.0,True,2000.75,2004.25
4294,966,578,l,83,106.0,True,2000.75,2006.5
4295,1082,146,l,83,94.0,True,2000.75,2003.5
4296,274,108,l,83,92.0,True,2000.75,2003.0
4297,978,1321,l,83,94.0,True,2000.75,2003.5
4298,1242,1026,l,83,159.0,True,2000.75,2019.75
4299,1079,689,l,83,114.0,True,2000.75,2008.5
4300,1466,785,l,83,94.0,True,2000.75,2003.5
4301,113,663,s,84,85.0,False,2001.0,2001.25
4302,262,159,s,84,85.0,False,2001.0,2001.25
4303,262,336,s,84,87.0,False,2001.0,2001.75
4304,262,571,s,84,87.0,False,2001.0,2001.75
4305,287,259,s,84,85.0,False,2001.0,2001.25
4306,497,1026,s,84,84.0,False,2001.0,2001.0
4307,507,684,s,84,85.0,False,2001.0,2001.25
4308,516,733,s,84,85.0,False,2001.0,2001.25
4309,807,1032,s,84,85.0,False,2001.0,2001.25
4310,1079,1321,s,84,85.0,False,2001.0,2001.25
4311,1091,965,s,84,87.0,False,2001.0,2001.75
4312,1343,965,s,84,85.0,False,2001.0,2001.25
4313,87,146,s,84,86.0,False,2001.0,2001.5
4314,342,965,s,84,88.0,False,2001.0,2002.0
4315,412,823,s,84,93.0,False,2001.0,2003.25
4316,1203,1281,s,84,100.0,False,2001.0,2005.0
4317,1236,1321,s,84,89.0,False,2001.0,2002.25
4318,1242,740,s,84,85.0,False,2001.0,2001.25
4319,1242,1190,s,84,89.0,False,2001.0,2002.25
4320,1359,95,s,84,89.0,False,2001.0,2002.25
4321,119,1053,s,84,88.0,False,2001.0,2002.0
4322,141,85,s,84,90.0,False,2001.0,2002.5
4323,415,663,s,84,85.0,False,2001.0,2001.25
4324,541,84,s,84,86.0,False,2001.0,2001.5
4325,732,324,s,84,87.0,False,2001.0,2001.75
4326,777,1028,s,84,86.0,False,2001.0,2001.5
4327,902,800,s,84,85.0,False,2001.0,2001.25
4328,917,578,s,84,86.0,False,2001.0,2001.5
4329,1005,320,s,84,88.0,False,2001.0,2002.0
4330,1079,95,s,84,88.0,False,2001.0,2002.0
4331,1082,733,s,84,89.0,False,2001.0,2002.25
4332,1100,106,s,84,93.0,False,2001.0,2003.25
4333,1171,578,s,84,94.0,False,2001.0,2003.5
4334,1237,1185,s,84,88.0,False,2001.0,2002.0
4335,1239,320,s,84,87.0,False,2001.0,2001.75
4336,1242,1001,s,84,88.0,False,2001.0,2002.0
4337,1266,1517,s,84,85.0,False,2001.0,2001.25
4338,1343,771,s,84,87.0,False,2001.0,2001.75
4339,1005,1190,l,84,214.0,True,2001.0,2033.5
4340,141,320,l,84,92.0,True,2001.0,2003.0
4341,230,108,l,84,104.0,True,2001.0,2006.0
4342,157,189,s,85,88.0,False,2001.25,2002.0
4343,218,85,s,85,88.0,False,2001.25,2002.0
4344,501,835,s,85,86.0,False,2001.25,2001.5
4345,597,1028,s,85,86.0,False,2001.25,2001.5
4346,610,129,s,85,94.0,False,2001.25,2003.5
4347,732,146,s,85,87.0,False,2001.25,2001.75
4348,927,1205,s,85,92.0,False,2001.25,2003.0
4349,1005,1001,s,85,95.0,False,2001.25,2003.75
4350,1171,378,s,85,86.0,False,2001.25,2001.5
4351,1237,320,s,85,86.0,False,2001.25,2001.5
4352,1237,952,s,85,94.0,False,2001.25,2003.5
4353,1239,653,s,85,94.0,False,2001.25,2003.5
4354,1242,1205,s,85,86.0,False,2001.25,2001.5
4355,1343,129,s,85,90.0,False,2001.25,2002.5
4356,1343,572,s,85,89.0,False,2001.25,2002.25
4357,157,280,s,85,92.0,False,2001.25,2003.0
4358,230,336,s,85,86.0,False,2001.25,2001.5
4359,269,336,s,85,91.0,False,2001.25,2002.75
4360,381,665,s,85,85.0,False,2001.25,2001.25
4361,415,952,s,85,92.0,False,2001.25,2003.0
4362,507,1321,s,85,86.0,False,2001.25,2001.5
4363,549,572,s,85,86.0,False,2001.25,2001.5
4364,734,49,s,85,98.0,False,2001.25,2004.5
4365,869,857,s,85,89.0,False,2001.25,2002.25
4366,869,1026,s,85,87.0,False,2001.25,2001.75
4367,1079,649,s,85,87.0,False,2001.25,2001.75
4368,1102,391,s,85,86.0,False,2001.25,2001.5
4369,1103,129,s,85,85.0,False,2001.25,2001.25
4370,1183,159,s,85,94.0,False,2001.25,2003.5
4371,1186,159,s,85,92.0,False,2001.25,2003.0
4372,1242,146,s,85,85.0,False,2001.25,2001.25
4373,1266,97,s,85,90.0,False,2001.25,2002.5
4374,1343,628,s,85,101.0,False,2001.25,2005.25
4375,412,653,s,85,96.0,False,2001.25,2004.0
4376,630,663,s,85,91.0,False,2001.25,2002.75
4377,788,733,s,85,87.0,False,2001.25,2001.75
4378,916,952,s,85,88.0,False,2001.25,2002.0
4379,1007,572,s,85,95.0,False,2001.25,2003.75
4380,1239,1204,s,85,90.0,False,2001.25,2002.5
4381,173,572,l,85,196.0,True,2001.25,2029.0
4382,381,653,l,85,216.0,True,2001.25,2034.0
4383,381,947,l,85,112.0,True,2001.25,2008.0
4384,791,167,l,85,167.0,True,2001.25,2021.75
4385,274,85,l,85,92.0,True,2001.25,2003.0
4386,467,129,l,85,109.0,True,2001.25,2007.25
4387,1103,338,l,85,116.0,True,2001.25,2009.0
4388,1359,387,l,85,108.0,True,2001.25,2007.0
4389,40,129,s,86,90.0,False,2001.5,2002.5
4390,135,320,s,86,88.0,False,2001.5,2002.0
4391,204,1321,s,86,89.0,False,2001.5,2002.25
4392,415,947,s,86,88.0,False,2001.5,2002.0
4393,497,129,s,86,87.0,False,2001.5,2001.75
4394,507,457,s,86,92.0,False,2001.5,2003.0
4395,744,835,s,86,93.0,False,2001.5,2003.25
4396,754,97,s,86,86.0,False,2001.5,2001.5
4397,792,41,s,86,92.0,False,2001.5,2003.0
4398,796,268,s,86,88.0,False,2001.5,2002.0
4399,807,578,s,86,87.0,False,2001.5,2001.75
4400,837,571,s,86,89.0,False,2001.5,2002.25
4401,937,108,s,86,92.0,False,2001.5,2003.0
4402,1239,336,s,86,86.0,False,2001.5,2001.5
4403,1242,772,s,86,87.0,False,2001.5,2001.75
4404,1467,617,s,86,89.0,False,2001.5,2002.25
4405,204,416,s,86,87.0,False,2001.5,2001.75
4406,204,785,s,86,86.0,False,2001.5,2001.5
4407,260,320,s,86,91.0,False,2001.5,2002.75
4408,260,407,s,86,87.0,False,2001.5,2001.75
4409,287,336,s,86,86.0,False,2001.5,2001.5
4410,304,947,s,86,86.0,False,2001.5,2001.5
4411,466,416,s,86,88.0,False,2001.5,2002.0
4412,791,929,s,86,89.0,False,2001.5,2002.25
4413,796,628,s,86,87.0,False,2001.5,2001.75
4414,859,572,s,86,86.0,False,2001.5,2001.5
4415,916,572,s,86,88.0,False,2001.5,2002.0
4416,1074,653,s,86,99.0,False,2001.5,2004.75
4417,1079,933,s,86,89.0,False,2001.5,2002.25
4418,1100,628,s,86,88.0,False,2001.5,2002.0
4419,1242,387,s,86,88.0,False,2001.5,2002.0
4420,204,108,s,86,91.0,False,2001.5,2002.75
4421,274,964,s,86,90.0,False,2001.5,2002.5
4422,412,97,s,86,88.0,False,2001.5,2002.0
4423,466,320,s,86,90.0,False,2001.5,2002.5
4424,716,49,s,86,97.0,False,2001.5,2004.25
4425,788,324,s,86,87.0,False,2001.5,2001.75
4426,796,336,s,86,94.0,False,2001.5,2003.5
4427,916,662,s,86,89.0,False,2001.5,2002.25
4428,1236,315,s,86,89.0,False,2001.5,2002.25
4429,1242,97,s,86,115.0,False,2001.5,2008.75
4430,1266,653,s,86,90.0,False,2001.5,2002.5
4431,274,280,l,86,92.0,True,2001.5,2003.0
4432,1359,108,l,86,125.0,True,2001.5,2011.25
4433,40,462,l,86,135.0,True,2001.5,2013.75
4434,135,964,s,87,87.0,False,2001.75,2001.75
4435,303,417,s,87,91.0,False,2001.75,2002.75
4436,316,85,s,87,89.0,False,2001.75,2002.25
4437,497,662,s,87,91.0,False,2001.75,2002.75
4438,718,315,s,87,88.0,False,2001.75,2002.0
4439,754,1150,s,87,94.0,False,2001.75,2003.5
4440,777,170,s,87,91.0,False,2001.75,2002.75
4441,792,762,s,87,87.0,False,2001.75,2001.75
4442,796,407,s,87,88.0,False,2001.75,2002.0
4443,991,49,s,87,101.0,False,2001.75,2005.25
4444,1079,785,s,87,94.0,False,2001.75,2003.5
4445,1236,823,s,87,88.0,False,2001.75,2002.0
4446,1237,1020,s,87,90.0,False,2001.75,2002.5
4447,1263,1190,s,87,87.0,False,2001.75,2001.75
4448,1359,407,s,87,91.0,False,2001.75,2002.75
4449,141,1026,s,87,90.0,False,2001.75,2002.5
4450,303,965,s,87,87.0,False,2001.75,2001.75
4451,304,800,s,87,89.0,False,2001.75,2002.25
4452,381,167,s,87,89.0,False,2001.75,2002.25
4453,394,785,s,87,91.0,False,2001.75,2002.75
4454,560,41,s,87,90.0,False,2001.75,2002.5
4455,718,416,s,87,96.0,False,2001.75,2004.0
4456,734,973,s,87,96.0,False,2001.75,2004.0
4457,788,108,s,87,89.0,False,2001.75,2002.25
4458,788,663,s,87,91.0,False,2001.75,2002.75
4459,807,320,s,87,95.0,False,2001.75,2003.75
4460,807,929,s,87,91.0,False,2001.75,2002.75
4461,837,952,s,87,91.0,False,2001.75,2002.75
4462,916,786,s,87,99.0,False,2001.75,2004.75
4463,916,947,s,87,93.0,False,2001.75,2003.25
4464,917,663,s,87,89.0,False,2001.75,2002.25
4465,937,816,s,87,96.0,False,2001.75,2004.0
4466,1079,952,s,87,88.0,False,2001.75,2002.0
4467,1087,129,s,87,93.0,False,2001.75,2003.25
4468,1088,1321,s,87,93.0,False,2001.75,2003.25
4469,1096,320,s,87,88.0,False,2001.75,2002.0
4470,1186,97,s,87,92.0,False,2001.75,2003.0
4471,1187,409,s,87,88.0,False,2001.75,2002.0
4472,1467,170,s,87,92.0,False,2001.75,2003.0
4473,541,391,s,87,88.0,False,2001.75,2002.0
4474,597,628,s,87,89.0,False,2001.75,2002.25
4475,991,320,s,87,105.0,False,2001.75,2006.25
4476,993,496,s,87,88.0,False,2001.75,2002.0
4477,1079,320,s,87,94.0,False,2001.75,2003.5
4478,1467,1377,s,87,95.0,False,2001.75,2003.75
4479,863,653,l,87,183.0,True,2001.75,2025.75
4480,135,694,s,88,100.0,False,2002.0,2005.0
4481,141,146,s,88,90.0,False,2002.0,2002.5
4482,204,653,s,88,96.0,False,2002.0,2004.0
4483,287,320,s,88,93.0,False,2002.0,2003.25
4484,316,41,s,88,88.0,False,2002.0,2002.0
4485,415,628,s,88,92.0,False,2002.0,2003.0
4486,507,320,s,88,92.0,False,2002.0,2003.0
4487,611,572,s,88,89.0,False,2002.0,2002.25
4488,756,108,s,88,92.0,False,2002.0,2003.0
4489,788,617,s,88,95.0,False,2002.0,2003.75
4490,791,444,s,88,89.0,False,2002.0,2002.25
4491,937,785,s,88,91.0,False,2002.0,2002.75
4492,1005,293,s,88,91.0,False,2002.0,2002.75
4493,1079,1018,s,88,90.0,False,2002.0,2002.5
4494,1266,1321,s,88,94.0,False,2002.0,2003.5
4495,1343,159,s,88,93.0,False,2002.0,2003.25
4496,218,170,s,88,89.0,False,2002.0,2002.25
4497,242,320,s,88,90.0,False,2002.0,2002.5
4498,283,387,s,88,88.0,False,2002.0,2002.0
4499,303,800,s,88,92.0,False,2002.0,2003.0
4500,501,320,s,88,89.0,False,2002.0,2002.25
4501,518,1377,s,88,89.0,False,2002.0,2002.25
4502,541,340,s,88,95.0,False,2002.0,2003.75
4503,731,320,s,88,90.0,False,2002.0,2002.5
4504,732,320,s,88,95.0,False,2002.0,2003.75
4505,732,733,s,88,91.0,False,2002.0,2002.75
4506,791,146,s,88,91.0,False,2002.0,2002.75
4507,837,785,s,88,96.0,False,2002.0,2004.0
4508,1006,800,s,88,89.0,False,2002.0,2002.25
4509,1187,1247,s,88,101.0,False,2002.0,2005.25
4510,1239,572,s,88,97.0,False,2002.0,2004.25
4511,1242,800,s,88,88.0,False,2002.0,2002.0
4512,135,129,s,88,90.0,False,2002.0,2002.5
4513,204,1255,s,88,94.0,False,2002.0,2003.5
4514,316,965,s,88,90.0,False,2002.0,2002.5
4515,501,952,s,88,89.0,False,2002.0,2002.25
4516,507,1260,s,88,89.0,False,2002.0,2002.25
4517,677,835,s,88,90.0,False,2002.0,2002.5
4518,718,1026,s,88,90.0,False,2002.0,2002.5
4519,788,1043,s,88,90.0,False,2002.0,2002.5
4520,792,170,s,88,91.0,False,2002.0,2002.75
4521,796,785,s,88,98.0,False,2002.0,2004.5
4522,807,280,s,88,95.0,False,2002.0,2003.75
4523,1266,1190,s,88,89.0,False,2002.0,2002.25
4524,1396,1255,s,88,90.0,False,2002.0,2002.5
4525,1535,947,s,88,95.0,False,2002.0,2003.75
4526,343,336,l,88,126.0,True,2002.0,2011.5
4527,1359,336,l,88,113.0,True,2002.0,2008.25
4528,773,628,l,88,140.0,True,2002.0,2015.0
4529,303,823,s,89,91.0,False,2002.25,2002.75
4530,342,85,s,89,91.0,False,2002.25,2002.75
4531,342,965,s,89,89.0,False,2002.25,2002.25
4532,610,733,s,89,89.0,False,2002.25,2002.25
4533,731,1026,s,89,90.0,False,2002.25,2002.5
4534,871,315,s,89,89.0,False,2002.25,2002.25
4535,913,964,s,89,96.0,False,2002.25,2004.0
4536,916,572,s,89,90.0,False,2002.25,2002.5
4537,1171,129,s,89,93.0,False,2002.25,2003.25
4538,1200,1274,s,89,106.0,False,2002.25,2006.5
4539,1236,1188,s,89,91.0,False,2002.25,2002.75
4540,1237,1190,s,89,93.0,False,2002.25,2003.25
4541,234,649,s,89,94.0,False,2002.25,2003.5
4542,262,1274,s,89,92.0,False,2002.25,2003.0
4543,316,336,s,89,90.0,False,2002.25,2002.5
4544,342,146,s,89,91.0,False,2002.25,2002.75
4545,507,1517,s,89,110.0,False,2002.25,2007.5
4546,541,685,s,89,96.0,False,2002.25,2004.0
4547,630,280,s,89,93.0,False,2002.25,2003.25
4548,837,684,s,89,90.0,False,2002.25,2002.5
4549,913,1321,s,89,91.0,False,2002.25,2002.75
4550,1186,1190,s,89,94.0,False,2002.25,2003.5
4551,1203,1190,s,89,90.0,False,2002.25,2002.5
4552,1239,1517,s,89,93.0,False,2002.25,2003.25
4553,1343,663,s,89,105.0,False,2002.25,2006.25
4554,274,320,s,89,91.0,False,2002.25,2002.75
4555,283,689,s,89,90.0,False,2002.25,2002.5
4556,412,146,s,89,92.0,False,2002.25,2003.0
4557,507,785,s,89,92.0,False,2002.25,2003.0
4558,754,800,s,89,90.0,False,2002.25,2002.5
4559,807,572,s,89,96.0,False,2002.25,2004.0
4560,913,484,s,89,92.0,False,2002.25,2003.0
4561,995,653,s,89,94.0,False,2002.25,2003.5
4562,1074,336,s,89,93.0,False,2002.25,2003.25
4563,1093,965,s,89,90.0,False,2002.25,2002.5
4564,1096,320,s,89,92.0,False,2002.25,2003.0
4565,1183,684,s,89,93.0,False,2002.25,2003.25
4566,1187,662,s,89,90.0,False,2002.25,2002.5
4567,1239,1188,s,89,90.0,False,2002.25,2002.5
4568,1266,785,s,89,102.0,False,2002.25,2005.5
4569,1343,108,s,89,102.0,False,2002.25,2005.5
4570,1343,786,s,89,90.0,False,2002.25,2002.5
4571,1359,952,s,89,99.0,False,2002.25,2004.75
4572,734,663,l,89,116.0,True,2002.25,2009.0
4573,1097,320,l,89,243.0,True,2002.25,2040.75
4574,792,617,l,89,96.0,True,2002.25,2004.0
4575,909,108,l,89,94.0,True,2002.25,2003.5
4576,141,358,s,90,92.0,False,2002.5,2003.0
4577,141,965,s,90,91.0,False,2002.5,2002.75
4578,204,1188,s,90,91.0,False,2002.5,2002.75
4579,204,1201,s,90,93.0,False,2002.5,2003.25
4580,718,320,s,90,99.0,False,2002.5,2004.75
4581,731,78,s,90,93.0,False,2002.5,2003.25
4582,732,606,s,90,92.0,False,2002.5,2003.0
4583,792,1551,s,90,93.0,False,2002.5,2003.25
4584,917,572,s,90,105.0,False,2002.5,2006.25
4585,1079,571,s,90,99.0,False,2002.5,2004.75
4586,1079,1247,s,90,99.0,False,2002.5,2004.75
4587,1092,578,s,90,90.0,False,2002.5,2002.5
4588,1236,1281,s,90,91.0,False,2002.5,2002.75
4589,1237,1002,s,90,92.0,False,2002.5,2003.0
4590,1239,24,s,90,100.0,False,2002.5,2005.0
4591,1239,1201,s,90,96.0,False,2002.5,2004.0
4592,1535,146,s,90,91.0,False,2002.5,2002.75
4593,40,1517,s,90,97.0,False,2002.5,2004.25
4594,44,1045,s,90,90.0,False,2002.5,2002.5
4595,141,706,s,90,92.0,False,2002.5,2003.0
4596,262,929,s,90,91.0,False,2002.5,2002.75
4597,269,628,s,90,94.0,False,2002.5,2003.5
4598,316,41,s,90,92.0,False,2002.5,2003.0
4599,598,315,s,90,95.0,False,2002.5,2003.75
4600,756,146,s,90,94.0,False,2002.5,2003.5
4601,777,391,s,90,92.0,False,2002.5,2003.0
4602,1092,952,s,90,90.0,False,2002.5,2002.5
4603,1097,259,s,90,98.0,False,2002.5,2004.5
4604,1187,159,s,90,91.0,False,2002.5,2002.75
4605,1203,1188,s,90,90.0,False,2002.5,2002.5
4606,1235,1346,s,90,91.0,False,2002.5,2002.75
4607,274,336,s,90,92.0,False,2002.5,2003.0
4608,466,280,s,90,95.0,False,2002.5,2003.75
4609,731,662,s,90,93.0,False,2002.5,2003.25
4610,796,453,s,90,93.0,False,2002.5,2003.25
4611,797,315,s,90,99.0,False,2002.5,2004.75
4612,917,24,s,90,96.0,False,2002.5,2004.0
4613,1005,97,s,90,97.0,False,2002.5,2004.25
4614,1343,315,s,90,93.0,False,2002.5,2003.25
4615,287,578,l,90,92.0,True,2002.5,2003.0
4616,936,108,l,90,111.0,True,2002.5,2007.75
4617,234,684,s,91,100.0,False,2002.75,2005.0
4618,248,607,s,91,93.0,False,2002.75,2003.25
4619,260,146,s,91,96.0,False,2002.75,2004.0
4620,274,952,s,91,92.0,False,2002.75,2003.0
4621,363,85,s,91,112.0,False,2002.75,2008.0
4622,439,108,s,91,93.0,False,2002.75,2003.25
4623,509,653,s,91,97.0,False,2002.75,2004.25
4624,716,733,s,91,105.0,False,2002.75,2006.25
4625,716,952,s,91,94.0,False,2002.75,2003.5
4626,777,320,s,91,92.0,False,2002.75,2003.0
4627,788,1026,s,91,93.0,False,2002.75,2003.25
4628,791,320,s,91,94.0,False,2002.75,2003.5
4629,869,751,s,91,91.0,False,2002.75,2002.75
4630,913,933,s,91,94.0,False,2002.75,2003.5
4631,916,416,s,91,92.0,False,2002.75,2003.0
4632,937,97,s,91,91.0,False,2002.75,2002.75
4633,1097,224,s,91,94.0,False,2002.75,2003.5
4634,1187,1517,s,91,91.0,False,2002.75,2002.75
4635,1237,1008,s,91,94.0,False,2002.75,2003.5
4636,1239,952,s,91,96.0,False,2002.75,2004.0
4637,1466,653,s,91,95.0,False,2002.75,2003.75
4638,133,771,s,91,99.0,False,2002.75,2004.75
4639,316,929,s,91,95.0,False,2002.75,2003.75
4640,316,1026,s,91,96.0,False,2002.75,2004.0
4641,342,108,s,91,102.0,False,2002.75,2005.5
4642,501,280,s,91,93.0,False,2002.75,2003.25
4643,791,453,s,91,94.0,False,2002.75,2003.5
4644,1237,1205,s,91,95.0,False,2002.75,2003.75
4645,1359,146,s,91,93.0,False,2002.75,2003.25
4646,242,1043,s,91,97.0,False,2002.75,2004.25
4647,249,921,s,91,103.0,False,2002.75,2005.75
4648,283,1281,s,91,92.0,False,2002.75,2003.0
4649,303,416,s,91,96.0,False,2002.75,2004.0
4650,303,1321,s,91,92.0,False,2002.75,2003.0
4651,381,857,s,91,92.0,False,2002.75,2003.0
4652,415,1321,s,91,92.0,False,2002.75,2003.0
4653,418,146,s,91,93.0,False,2002.75,2003.25
4654,716,324,s,91,94.0,False,2002.75,2003.5
4655,773,108,s,91,99.0,False,2002.75,2004.75
4656,1171,653,s,91,94.0,False,2002.75,2003.5
4657,1239,1188,s,91,94.0,False,2002.75,2003.5
4658,1396,457,s,91,93.0,False,2002.75,2003.25
4659,439,952,l,91,109.0,True,2002.75,2007.25
4660,807,933,l,91,161.0,True,2002.75,2020.25
4661,1171,358,l,91,194.0,True,2002.75,2028.5
4662,133,1517,s,92,93.0,False,2003.0,2003.25
4663,269,820,s,92,97.0,False,2003.0,2004.25
4664,269,965,s,92,94.0,False,2003.0,2003.5
4665,466,663,s,92,101.0,False,2003.0,2005.25
4666,756,85,s,92,92.0,False,2003.0,2003.0
4667,1079,159,s,92,96.0,False,2003.0,2004.0
4668,1186,416,s,92,93.0,False,2003.0,2003.25
4669,1187,1029,s,92,93.0,False,2003.0,2003.25
4670,1263,1342,s,92,92.0,False,2003.0,2003.0
4671,1343,653,s,92,95.0,False,2003.0,2003.75
4672,1343,1024,s,92,96.0,False,2003.0,2004.0
4673,1343,1025,s,92,98.0,False,2003.0,2004.5
4674,1359,571,s,92,96.0,False,2003.0,2004.0
4675,40,129,s,92,96.0,False,2003.0,2004.0
4676,204,1321,s,92,95.0,False,2003.0,2003.75
4677,218,129,s,92,93.0,False,2003.0,2003.25
4678,316,733,s,92,92.0,False,2003.0,2003.0
4679,439,320,s,92,93.0,False,2003.0,2003.25
4680,439,733,s,92,93.0,False,2003.0,2003.25
4681,837,108,s,92,96.0,False,2003.0,2004.0
4682,837,964,s,92,94.0,False,2003.0,2003.5
4683,1079,387,s,92,103.0,False,2003.0,2005.75
4684,1180,159,s,92,94.0,False,2003.0,2003.5
4685,1343,706,s,92,93.0,False,2003.0,2003.25
4686,230,964,s,92,96.0,False,2003.0,2004.0
4687,718,453,s,92,93.0,False,2003.0,2003.25
4688,743,572,s,92,112.0,False,2003.0,2008.0
4689,756,416,s,92,102.0,False,2003.0,2005.5
4690,777,315,s,92,99.0,False,2003.0,2004.75
4691,796,129,s,92,104.0,False,2003.0,2006.0
4692,859,444,s,92,93.0,False,2003.0,2003.25
4693,871,733,s,92,93.0,False,2003.0,2003.25
4694,916,663,s,92,93.0,False,2003.0,2003.25
4695,953,733,s,92,104.0,False,2003.0,2006.0
4696,1079,1190,s,92,97.0,False,2003.0,2004.25
4697,1100,835,s,92,95.0,False,2003.0,2003.75
4698,1359,1190,s,92,112.0,False,2003.0,2008.0
4699,1574,952,s,92,94.0,False,2003.0,2003.5
4700,841,85,l,92,188.0,True,2003.0,2027.0
4701,1079,97,l,92,150.0,True,2003.0,2017.5
4702,1186,409,l,92,97.0,True,2003.0,2004.25
4703,133,416,s,93,95.0,False,2003.25,2003.75
4704,230,280,s,93,98.0,False,2003.25,2004.5
4705,381,391,s,93,105.0,False,2003.25,2006.25
4706,509,578,s,93,109.0,False,2003.25,2007.25
4707,597,202,s,93,99.0,False,2003.25,2004.75
4708,788,320,s,93,106.0,False,2003.25,2006.5
4709,1005,484,s,93,93.0,False,2003.25,2003.25
4710,1187,336,s,93,94.0,False,2003.25,2003.5
4711,1219,416,s,93,98.0,False,2003.25,2004.5
4712,242,785,s,93,100.0,False,2003.25,2005.0
4713,248,347,s,93,106.0,False,2003.25,2006.5
4714,304,320,s,93,96.0,False,2003.25,2004.0
4715,394,416,s,93,94.0,False,2003.25,2003.5
4716,466,964,s,93,96.0,False,2003.25,2004.0
4717,507,1201,s,93,94.0,False,2003.25,2003.5
4718,731,929,s,93,97.0,False,2003.25,2004.25
4719,754,866,s,93,93.0,False,2003.25,2003.25
4720,796,416,s,93,93.0,False,2003.25,2003.25
4721,796,440,s,93,95.0,False,2003.25,2003.75
4722,807,606,s,93,98.0,False,2003.25,2004.5
4723,1005,1321,s,93,107.0,False,2003.25,2006.75
4724,1079,653,s,93,95.0,False,2003.25,2003.75
4725,1186,1201,s,93,93.0,False,2003.25,2003.25
4726,1266,1517,s,93,96.0,False,2003.25,2004.0
4727,1359,866,s,93,94.0,False,2003.25,2003.5
4728,1467,835,s,93,96.0,False,2003.25,2004.0
4729,1575,340,s,93,95.0,False,2003.25,2003.75
4730,119,1055,s,93,95.0,False,2003.25,2003.75
4731,133,108,s,93,94.0,False,2003.25,2003.5
4732,262,1188,s,93,94.0,False,2003.25,2003.5
4733,439,786,s,93,104.0,False,2003.25,2006.0
4734,541,973,s,93,94.0,False,2003.25,2003.5
4735,696,572,s,93,94.0,False,2003.25,2003.5
4736,718,108,s,93,98.0,False,2003.25,2004.5
4737,792,1377,s,93,95.0,False,2003.25,2003.75
4738,807,129,s,93,107.0,False,2003.25,2006.75
4739,885,320,s,93,96.0,False,2003.25,2004.0
4740,902,340,s,93,95.0,False,2003.25,2003.75
4741,916,1321,s,93,98.0,False,2003.25,2004.5
4742,1096,965,s,93,96.0,False,2003.25,2004.0
4743,1171,663,s,93,96.0,False,2003.25,2004.0
4744,1266,1318,s,93,105.0,False,2003.25,2006.25
4745,1096,336,l,93,172.0,True,2003.25,2023.0
4746,157,41,l,93,98.0,True,2003.25,2004.5
4747,917,320,l,93,138.0,True,2003.25,2014.5
4748,541,835,l,93,113.0,True,2003.25,2008.25
4749,869,49,l,93,144.0,True,2003.25,2016.0
4750,1079,146,l,93,162.0,True,2003.25,2020.5
4751,113,336,s,94,95.0,False,2003.5,2003.75
4752,303,1517,s,94,110.0,False,2003.5,2007.5
4753,418,108,s,94,94.0,False,2003.5,2003.5
4754,439,965,s,94,95.0,False,2003.5,2003.75
4755,743,1023,s,94,95.0,False,2003.5,2003.75
4756,791,1205,s,94,102.0,False,2003.5,2005.5
4757,916,1024,s,94,101.0,False,2003.5,2005.25
4758,1076,1321,s,94,103.0,False,2003.5,2005.75
4759,1087,1028,s,94,103.0,False,2003.5,2005.75
4760,1100,1051,s,94,94.0,False,2003.5,2003.5
4761,1171,1026,s,94,99.0,False,2003.5,2004.75
4762,1467,790,s,94,98.0,False,2003.5,2004.5
4763,169,800,s,94,95.0,False,2003.5,2003.75
4764,230,1190,s,94,96.0,False,2003.5,2004.0
4765,287,1049,s,94,99.0,False,2003.5,2004.75
4766,304,49,s,94,95.0,False,2003.5,2003.75
4767,507,1026,s,94,96.0,False,2003.5,2004.0
4768,717,1032,s,94,97.0,False,2003.5,2004.25
4769,756,85,s,94,96.0,False,2003.5,2004.0
4770,788,857,s,94,96.0,False,2003.5,2004.0
4771,792,340,s,94,103.0,False,2003.5,2005.75
4772,936,146,s,94,95.0,False,2003.5,2003.75
4773,1082,771,s,94,96.0,False,2003.5,2004.0
4774,1094,665,s,94,95.0,False,2003.5,2003.75
4775,1237,740,s,94,98.0,False,2003.5,2004.5
4776,1239,1158,s,94,99.0,False,2003.5,2004.75
4777,1266,1188,s,94,97.0,False,2003.5,2004.25
4778,204,1247,s,94,97.0,False,2003.5,2004.25
4779,247,866,s,94,101.0,False,2003.5,2005.25
4780,249,857,s,94,95.0,False,2003.5,2003.75
4781,262,320,s,94,102.0,False,2003.5,2005.5
4782,381,1026,s,94,97.0,False,2003.5,2004.25
4783,597,320,s,94,96.0,False,2003.5,2004.0
4784,743,1190,s,94,99.0,False,2003.5,2004.75
4785,773,653,s,94,101.0,False,2003.5,2005.25
4786,796,41,s,94,102.0,False,2003.5,2005.5
4787,796,391,s,94,102.0,False,2003.5,2005.5
4788,913,85,s,94,97.0,False,2003.5,2004.25
4789,1074,320,s,94,100.0,False,2003.5,2005.0
4790,1088,320,s,94,95.0,False,2003.5,2003.75
4791,1225,1321,s,94,96.0,False,2003.5,2004.0
4792,1239,1299,s,94,100.0,False,2003.5,2005.0
4793,1575,324,s,94,96.0,False,2003.5,2004.0
4794,991,41,l,94,119.0,True,2003.5,2009.75
4795,1236,1152,l,94,96.0,True,2003.5,2004.0
4796,1343,571,l,94,114.0,True,2003.5,2008.5
4797,415,663,l,94,97.0,True,2003.5,2004.25
4798,1079,416,l,94,145.0,True,2003.5,2016.25
4799,1097,49,l,94,213.0,True,2003.5,2033.25
4800,507,785,l,94,104.0,True,2003.5,2006.0
4801,718,129,l,94,136.0,True,2003.5,2014.0
4802,87,268,s,95,108.0,False,2003.75,2007.0
4803,133,1188,s,95,96.0,False,2003.75,2004.0
4804,732,146,s,95,100.0,False,2003.75,2005.0
4805,756,662,s,95,96.0,False,2003.75,2004.0
4806,796,189,s,95,96.0,False,2003.75,2004.0
4807,1171,781,s,95,95.0,False,2003.75,2003.75
4808,1200,1282,s,95,108.0,False,2003.75,2007.0
4809,1343,1026,s,95,95.0,False,2003.75,2003.75
4810,1466,320,s,95,97.0,False,2003.75,2004.25
4811,262,108,s,95,98.0,False,2003.75,2004.5
4812,262,1188,s,95,102.0,False,2003.75,2005.5
4813,342,49,s,95,98.0,False,2003.75,2004.5
4814,363,41,s,95,99.0,False,2003.75,2004.75
4815,439,663,s,95,101.0,False,2003.75,2005.25
4816,597,964,s,95,96.0,False,2003.75,2004.0
4817,744,857,s,95,98.0,False,2003.75,2004.5
4818,773,320,s,95,100.0,False,2003.75,2005.0
4819,788,78,s,95,96.0,False,2003.75,2004.0
4820,885,416,s,95,101.0,False,2003.75,2005.25
4821,1206,1188,s,95,101.0,False,2003.75,2005.25
4822,1225,1247,s,95,95.0,False,2003.75,2003.75
4823,1242,1282,s,95,96.0,False,2003.75,2004.0
4824,1466,315,s,95,100.0,False,2003.75,2005.0
4825,113,146,s,95,98.0,False,2003.75,2004.5
4826,157,662,s,95,99.0,False,2003.75,2004.75
4827,501,108,s,95,100.0,False,2003.75,2005.0
4828,507,85,s,95,99.0,False,2003.75,2004.75
4829,737,1551,s,95,97.0,False,2003.75,2004.25
4830,792,1035,s,95,98.0,False,2003.75,2004.5
4831,796,762,s,95,97.0,False,2003.75,2004.25
4832,916,336,s,95,96.0,False,2003.75,2004.0
4833,916,733,s,95,105.0,False,2003.75,2006.25
4834,1096,772,s,95,98.0,False,2003.75,2004.5
4835,1102,391,s,95,97.0,False,2003.75,2004.25
4836,1159,159,s,95,98.0,False,2003.75,2004.5
4837,1244,1043,s,95,101.0,False,2003.75,2005.25
4838,1266,1190,s,95,97.0,False,2003.75,2004.25
4839,1343,315,s,95,96.0,False,2003.75,2004.0
4840,1466,663,s,95,97.0,False,2003.75,2004.25
4841,732,1358,l,95,165.0,True,2003.75,2021.25
4842,917,733,l,95,136.0,True,2003.75,2014.0
4843,1266,146,l,95,97.0,True,2003.75,2004.25
4844,204,159,l,95,138.0,True,2003.75,2014.5
4845,304,614,l,95,111.0,True,2003.75,2007.75
4846,597,820,l,95,192.0,True,2003.75,2028.0
4847,743,733,l,95,99.0,True,2003.75,2004.75
4848,792,1551,l,95,148.0,True,2003.75,2017.0
4849,283,1008,s,96,106.0,False,2004.0,2006.5
4850,466,41,s,96,96.0,False,2004.0,2004.0
4851,466,857,s,96,96.0,False,2004.0,2004.0
4852,501,280,s,96,104.0,False,2004.0,2006.0
4853,744,973,s,96,96.0,False,2004.0,2004.0
4854,788,41,s,96,100.0,False,2004.0,2005.0
4855,792,751,s,96,99.0,False,2004.0,2004.75
4856,796,1025,s,96,100.0,False,2004.0,2005.0
4857,837,952,s,96,98.0,False,2004.0,2004.5
4858,916,407,s,96,98.0,False,2004.0,2004.5
4859,1574,952,s,96,101.0,False,2004.0,2005.25
4860,1595,1188,s,96,96.0,False,2004.0,2004.0
4861,40,320,s,96,98.0,False,2004.0,2004.5
4862,230,965,s,96,102.0,False,2004.0,2005.5
4863,260,662,s,96,101.0,False,2004.0,2005.25
4864,507,416,s,96,97.0,False,2004.0,2004.25
4865,807,653,s,96,100.0,False,2004.0,2005.0
4866,916,41,s,96,97.0,False,2004.0,2004.25
4867,917,41,s,96,110.0,False,2004.0,2007.5
4868,917,663,s,96,97.0,False,2004.0,2004.25
4869,1087,572,s,96,98.0,False,2004.0,2004.5
4870,1171,108,s,96,110.0,False,2004.0,2007.5
4871,1235,740,s,96,101.0,False,2004.0,2005.25
4872,1235,1201,s,96,103.0,False,2004.0,2005.75
4873,1306,1321,s,96,104.0,False,2004.0,2006.0
4874,1343,146,s,96,118.0,False,2004.0,2009.5
4875,1343,785,s,96,99.0,False,2004.0,2004.75
4876,1359,733,s,96,97.0,False,2004.0,2004.25
4877,1465,90,s,96,100.0,False,2004.0,2005.0
4878,1466,41,s,96,98.0,False,2004.0,2004.5
4879,1467,320,s,96,98.0,False,2004.0,2004.5
4880,1595,1257,s,96,100.0,False,2004.0,2005.0
4881,157,857,s,96,99.0,False,2004.0,2004.75
4882,242,320,s,96,98.0,False,2004.0,2004.5
4883,248,1025,s,96,97.0,False,2004.0,2004.25
4884,439,929,s,96,110.0,False,2004.0,2007.5
4885,792,1045,s,96,99.0,False,2004.0,2004.75
4886,916,320,s,96,101.0,False,2004.0,2005.25
4887,978,315,s,96,99.0,False,2004.0,2004.75
4888,1187,823,s,96,97.0,False,2004.0,2004.25
4889,1203,1201,s,96,97.0,False,2004.0,2004.25
4890,1265,1201,s,96,102.0,False,2004.0,2005.5
4891,1466,572,s,96,98.0,False,2004.0,2004.5
4892,1466,785,s,96,97.0,False,2004.0,2004.25
4893,439,391,l,96,176.0,True,2004.0,2024.0
4894,681,108,l,96,149.0,True,2004.0,2017.25
4895,133,293,l,96,113.0,True,2004.0,2008.25
4896,1092,320,l,96,131.0,True,2004.0,2012.75
4897,1595,952,l,96,105.0,True,2004.0,2006.25
4898,908,1201,l,96,182.0,True,2004.0,2025.5
4899,1239,1281,l,96,129.0,True,2004.0,2012.25
4900,1306,1282,l,96,195.0,True,2004.0,2028.75
4901,234,315,s,97,104.0,False,2004.25,2006.0
4902,356,167,s,97,101.0,False,2004.25,2005.25
4903,465,387,s,97,105.0,False,2004.25,2006.25
4904,466,85,s,97,102.0,False,2004.25,2005.5
4905,466,108,s,97,102.0,False,2004.25,2005.5
4906,497,24,s,97,104.0,False,2004.25,2006.0
4907,731,444,s,97,98.0,False,2004.25,2004.5
4908,788,572,s,97,108.0,False,2004.25,2007.0
4909,1074,416,s,97,102.0,False,2004.25,2005.5
4910,1094,663,s,97,103.0,False,2004.25,2005.75
4911,1239,159,s,97,102.0,False,2004.25,2005.5
4912,1239,1282,s,97,98.0,False,2004.25,2004.5
4913,1242,416,s,97,99.0,False,2004.25,2004.75
4914,40,929,s,97,98.0,False,2004.25,2004.5
4915,249,929,s,97,104.0,False,2004.25,2006.0
4916,262,129,s,97,99.0,False,2004.25,2004.75
4917,342,336,s,97,102.0,False,2004.25,2005.5
4918,342,785,s,97,100.0,False,2004.25,2005.0
4919,352,407,s,97,98.0,False,2004.25,2004.5
4920,497,663,s,97,97.0,False,2004.25,2004.25
4921,507,571,s,97,101.0,False,2004.25,2005.25
4922,756,129,s,97,98.0,False,2004.25,2004.5
4923,796,615,s,97,98.0,False,2004.25,2004.5
4924,807,1517,s,97,102.0,False,2004.25,2005.5
4925,837,1217,s,97,99.0,False,2004.25,2004.75
4926,893,973,s,97,99.0,False,2004.25,2004.75
4927,1186,416,s,97,102.0,False,2004.25,2005.5
4928,1324,1205,s,97,101.0,False,2004.25,2005.25
4929,1595,1321,s,97,97.0,False,2004.25,2004.25
4930,204,952,s,97,101.0,False,2004.25,2005.25
4931,560,675,s,97,99.0,False,2004.25,2004.75
4932,807,866,s,97,99.0,False,2004.25,2004.75
4933,863,97,s,97,101.0,False,2004.25,2005.25
4934,916,1032,s,97,115.0,False,2004.25,2008.75
4935,1087,1026,s,97,98.0,False,2004.25,2004.5
4936,1186,1201,s,97,98.0,False,2004.25,2004.5
4937,1242,1188,s,97,103.0,False,2004.25,2005.75
4938,1266,653,s,97,98.0,False,2004.25,2004.5
4939,1574,800,s,97,105.0,False,2004.25,2006.25
4940,1575,857,s,97,101.0,False,2004.25,2005.25
4941,1595,1274,s,97,107.0,False,2004.25,2006.75
4942,1239,1257,l,97,115.0,True,2004.25,2008.75
4943,1242,1232,l,97,105.0,True,2004.25,2006.25
4944,501,578,l,97,104.0,True,2004.25,2006.0
4945,542,378,l,97,120.0,True,2004.25,2010.0
4946,791,108,l,97,101.0,True,2004.25,2005.25
4947,837,785,l,97,141.0,True,2004.25,2015.25
4948,1242,1257,l,97,135.0,True,2004.25,2013.75
4949,1290,416,l,97,135.0,True,2004.25,2013.75
4950,1596,1158,l,97,,True,2004.25,
4951,157,663,s,98,103.0,False,2004.5,2005.75
4952,287,899,s,98,101.0,False,2004.5,2005.25
4953,597,108,s,98,111.0,False,2004.5,2007.75
4954,732,41,s,98,100.0,False,2004.5,2005.0
4955,743,320,s,98,101.0,False,2004.5,2005.25
4956,773,336,s,98,110.0,False,2004.5,2007.5
4957,847,724,s,98,104.0,False,2004.5,2006.0
4958,1005,785,s,98,106.0,False,2004.5,2006.5
4959,1087,733,s,98,113.0,False,2004.5,2008.25
4960,1103,685,s,98,109.0,False,2004.5,2007.25
4961,1575,952,s,98,100.0,False,2004.5,2005.0
4962,1595,571,s,98,98.0,False,2004.5,2004.5
4963,57,85,s,98,111.0,False,2004.5,2007.75
4964,756,785,s,98,99.0,False,2004.5,2004.75
4965,756,1026,s,98,101.0,False,2004.5,2005.25
4966,791,929,s,98,101.0,False,2004.5,2005.25
4967,1082,733,s,98,99.0,False,2004.5,2004.75
4968,1097,733,s,98,100.0,False,2004.5,2005.0
4969,1266,800,s,98,104.0,False,2004.5,2006.0
4970,133,800,s,98,100.0,False,2004.5,2005.0
4971,497,391,s,98,105.0,False,2004.5,2006.25
4972,507,280,s,98,99.0,False,2004.5,2004.75
4973,610,293,s,98,114.0,False,2004.5,2008.5
4974,618,572,s,98,104.0,False,2004.5,2006.0
4975,630,1321,s,98,102.0,False,2004.5,2005.5
4976,716,628,s,98,101.0,False,2004.5,2005.25
4977,754,1185,s,98,99.0,False,2004.5,2004.75
4978,756,733,s,98,101.0,False,2004.5,2005.25
4979,777,108,s,98,102.0,False,2004.5,2005.5
4980,791,800,s,98,104.0,False,2004.5,2006.0
4981,792,1302,s,98,105.0,False,2004.5,2006.25
4982,807,628,s,98,101.0,False,2004.5,2005.25
4983,859,280,s,98,104.0,False,2004.5,2006.0
4984,874,1185,s,98,105.0,False,2004.5,2006.25
4985,916,1028,s,98,101.0,False,2004.5,2005.25
4986,1074,823,s,98,104.0,False,2004.5,2006.0
4987,1088,320,s,98,101.0,False,2004.5,2005.25
4988,1096,9,s,98,101.0,False,2004.5,2005.25
4989,1220,1321,s,98,107.0,False,2004.5,2006.75
4990,1237,1272,s,98,106.0,False,2004.5,2006.5
4991,1343,947,s,98,101.0,False,2004.5,2005.25
4992,316,78,l,98,101.0,True,2004.5,2005.25
4993,1096,929,l,98,158.0,True,2004.5,2019.5
4994,1186,1252,l,98,100.0,True,2004.5,2005.0
4995,1239,1201,l,98,103.0,True,2004.5,2005.75
4996,917,785,l,98,106.0,True,2004.5,2006.5
4997,1595,1190,l,98,157.0,True,2004.5,2019.25
4998,1266,1281,l,98,123.0,True,2004.5,2010.75
4999,133,663,s,99,104.0,False,2004.75,2006.0
5000,133,733,s,99,102.0,False,2004.75,2005.5
5001,133,1026,s,99,103.0,False,2004.75,2005.75
5002,303,733,s,99,108.0,False,2004.75,2007.0
5003,415,1190,s,99,117.0,False,2004.75,2009.25
5004,501,324,s,99,99.0,False,2004.75,2004.75
5005,507,320,s,99,121.0,False,2004.75,2010.25
5006,777,41,s,99,99.0,False,2004.75,2004.75
5007,837,952,s,99,100.0,False,2004.75,2005.0
5008,916,315,s,99,99.0,False,2004.75,2004.75
5009,927,97,s,99,114.0,False,2004.75,2008.5
5010,1006,1310,s,99,99.0,False,2004.75,2004.75
5011,1359,146,s,99,102.0,False,2004.75,2005.5
5012,218,1035,s,99,101.0,False,2004.75,2005.25
5013,304,391,s,99,112.0,False,2004.75,2008.0
5014,316,280,s,99,102.0,False,2004.75,2005.5
5015,381,733,s,99,102.0,False,2004.75,2005.5
5016,466,320,s,99,100.0,False,2004.75,2005.0
5017,501,336,s,99,104.0,False,2004.75,2006.0
5018,597,444,s,99,102.0,False,2004.75,2005.5
5019,756,85,s,99,100.0,False,2004.75,2005.0
5020,756,663,s,99,107.0,False,2004.75,2006.75
5021,936,1043,s,99,103.0,False,2004.75,2005.75
5022,1074,1026,s,99,106.0,False,2004.75,2006.5
5023,1171,315,s,99,99.0,False,2004.75,2004.75
5024,1187,1282,s,99,107.0,False,2004.75,2006.75
5025,1239,1190,s,99,104.0,False,2004.75,2006.0
5026,1239,1205,s,99,109.0,False,2004.75,2007.25
5027,1467,280,s,99,99.0,False,2004.75,2004.75
5028,1554,675,s,99,101.0,False,2004.75,2005.25
5029,1575,1201,s,99,102.0,False,2004.75,2005.5
5030,1595,268,s,99,111.0,False,2004.75,2007.75
5031,287,1243,s,99,103.0,False,2004.75,2005.75
5032,381,663,s,99,102.0,False,2004.75,2005.5
5033,415,1517,s,99,102.0,False,2004.75,2005.5
5034,501,1226,s,99,100.0,False,2004.75,2005.0
5035,611,733,s,99,101.0,False,2004.75,2005.25
5036,734,340,s,99,101.0,False,2004.75,2005.25
5037,777,336,s,99,106.0,False,2004.75,2006.5
5038,837,159,s,99,109.0,False,2004.75,2007.25
5039,927,146,s,99,102.0,False,2004.75,2005.5
5040,1005,1025,s,99,100.0,False,2004.75,2005.0
5041,1082,663,s,99,103.0,False,2004.75,2005.75
5042,1186,97,s,99,107.0,False,2004.75,2006.75
5043,1309,1201,s,99,101.0,False,2004.75,2005.25
5044,1359,823,s,99,104.0,False,2004.75,2006.0
5045,1595,409,s,99,104.0,False,2004.75,2006.0
5046,304,866,l,99,119.0,True,2004.75,2009.75
5047,917,139,l,99,236.0,True,2004.75,2039.0
5048,1535,146,l,99,126.0,True,2004.75,2011.5
5049,1096,615,l,99,105.0,True,2004.75,2006.25
5050,363,663,l,99,116.0,True,2004.75,2009.0
5051,732,315,l,99,155.0,True,2004.75,2018.75
5052,133,146,s,100,103.0,False,2005.0,2005.75
5053,216,504,s,100,101.0,False,2005.0,2005.25
5054,350,694,s,100,104.0,False,2005.0,2006.0
5055,412,146,s,100,100.0,False,2005.0,2005.0
5056,439,823,s,100,104.0,False,2005.0,2006.0
5057,716,259,s,100,101.0,False,2005.0,2005.25
5058,718,1190,s,100,101.0,False,2005.0,2005.25
5059,756,146,s,100,117.0,False,2005.0,2009.25
5060,916,444,s,100,102.0,False,2005.0,2005.5
5061,937,572,s,100,103.0,False,2005.0,2005.75
5062,953,416,s,100,102.0,False,2005.0,2005.5
5063,1186,1615,s,100,109.0,False,2005.0,2007.25
5064,1237,97,s,100,102.0,False,2005.0,2005.5
5065,1239,1335,s,100,108.0,False,2005.0,2007.0
5066,1239,1613,s,100,102.0,False,2005.0,2005.5
5067,1290,1255,s,100,103.0,False,2005.0,2005.75
5068,1467,41,s,100,102.0,False,2005.0,2005.5
5069,1574,785,s,100,105.0,False,2005.0,2006.25
5070,54,1201,s,100,100.0,False,2005.0,2005.0
5071,87,146,s,100,101.0,False,2005.0,2005.25
5072,133,320,s,100,111.0,False,2005.0,2007.75
5073,262,1615,s,100,110.0,False,2005.0,2007.5
5074,415,1321,s,100,102.0,False,2005.0,2005.5
5075,466,628,s,100,101.0,False,2005.0,2005.25
5076,497,662,s,100,101.0,False,2005.0,2005.25
5077,520,578,s,100,105.0,False,2005.0,2006.25
5078,737,680,s,100,101.0,False,2005.0,2005.25
5079,744,1049,s,100,101.0,False,2005.0,2005.25
5080,777,1026,s,100,106.0,False,2005.0,2006.5
5081,796,1551,s,100,113.0,False,2005.0,2008.25
5082,1087,108,s,100,103.0,False,2005.0,2005.75
5083,1102,1551,s,100,101.0,False,2005.0,2005.25
5084,1200,1615,s,100,102.0,False,2005.0,2005.5
5085,1239,1282,s,100,103.0,False,2005.0,2005.75
5086,1309,1190,s,100,105.0,False,2005.0,2006.25
5087,1467,170,s,100,114.0,False,2005.0,2008.5
5088,135,378,s,100,101.0,False,2005.0,2005.25
5089,248,816,s,100,108.0,False,2005.0,2007.0
5090,316,85,s,100,102.0,False,2005.0,2005.5
5091,792,578,s,100,101.0,False,2005.0,2005.25
5092,796,320,s,100,101.0,False,2005.0,2005.25
5093,815,340,s,100,114.0,False,2005.0,2008.5
5094,869,78,s,100,101.0,False,2005.0,2005.25
5095,1103,790,s,100,104.0,False,2005.0,2006.0
5096,1180,1232,s,100,101.0,False,2005.0,2005.25
5097,1235,1190,s,100,104.0,False,2005.0,2006.0
5098,1330,97,s,100,102.0,False,2005.0,2005.5
5099,1343,785,s,100,104.0,False,2005.0,2006.0
5100,1082,952,l,100,114.0,True,2005.0,2008.5
5101,157,358,l,100,194.0,True,2005.0,2028.5
5102,1079,205,l,100,181.0,True,2005.0,2025.25
5103,1209,146,l,100,230.0,True,2005.0,2037.5
5104,1619,572,l,100,105.0,True,2005.0,2006.25
5105,87,653,s,101,102.0,False,2005.25,2005.5
5106,157,628,s,101,103.0,False,2005.25,2005.75
5107,520,108,s,101,101.0,False,2005.25,2005.25
5108,681,378,s,101,102.0,False,2005.25,2005.5
5109,718,24,s,101,102.0,False,2005.25,2005.5
5110,718,320,s,101,103.0,False,2005.25,2005.75
5111,731,771,s,101,106.0,False,2005.25,2006.5
5112,756,572,s,101,104.0,False,2005.25,2006.0
5113,756,582,s,101,108.0,False,2005.25,2007.0
5114,773,1321,s,101,104.0,False,2005.25,2006.0
5115,796,407,s,101,109.0,False,2005.25,2007.25
5116,796,952,s,101,107.0,False,2005.25,2006.75
5117,807,49,s,101,107.0,False,2005.25,2006.75
5118,916,952,s,101,106.0,False,2005.25,2006.5
5119,1187,1001,s,101,103.0,False,2005.25,2005.75
5120,1235,785,s,101,101.0,False,2005.25,2005.25
5121,1330,1205,s,101,102.0,False,2005.25,2005.5
5122,1330,1615,s,101,102.0,False,2005.25,2005.5
5123,1595,933,s,101,103.0,False,2005.25,2005.75
5124,1595,1281,s,101,110.0,False,2005.25,2007.5
5125,1619,146,s,101,102.0,False,2005.25,2005.5
5126,113,108,s,101,107.0,False,2005.25,2006.75
5127,466,965,s,101,109.0,False,2005.25,2007.25
5128,518,685,s,101,105.0,False,2005.25,2006.25
5129,518,1193,s,101,102.0,False,2005.25,2005.5
5130,754,1615,s,101,102.0,False,2005.25,2005.5
5131,815,336,s,101,132.0,False,2005.25,2013.0
5132,916,371,s,101,103.0,False,2005.25,2005.75
5133,1096,578,s,101,104.0,False,2005.25,2006.0
5134,1239,1615,s,101,108.0,False,2005.25,2007.0
5135,1330,1001,s,101,116.0,False,2005.25,2009.0
5136,1343,572,s,101,105.0,False,2005.25,2006.25
5137,1359,205,s,101,110.0,False,2005.25,2007.5
5138,1575,952,s,101,102.0,False,2005.25,2005.5
5139,1595,1201,s,101,106.0,False,2005.25,2006.5
5140,732,835,s,101,103.0,False,2005.25,2005.75
5141,756,49,s,101,106.0,False,2005.25,2006.5
5142,756,336,s,101,107.0,False,2005.25,2006.75
5143,791,320,s,101,105.0,False,2005.25,2006.25
5144,796,108,s,101,105.0,False,2005.25,2006.25
5145,838,85,s,101,102.0,False,2005.25,2005.5
5146,871,684,s,101,109.0,False,2005.25,2007.25
5147,988,129,s,101,105.0,False,2005.25,2006.25
5148,1079,1025,s,101,103.0,False,2005.25,2005.75
5149,1242,1016,s,101,103.0,False,2005.25,2005.75
5150,1266,1282,s,101,120.0,False,2005.25,2010.0
5151,1330,1190,s,101,103.0,False,2005.25,2005.75
5152,1359,572,s,101,102.0,False,2005.25,2005.5
5153,1619,159,s,101,102.0,False,2005.25,2005.5
5154,204,1321,l,101,107.0,True,2005.25,2006.75
5155,1396,1282,l,101,113.0,True,2005.25,2008.25
5156,342,679,l,101,162.0,True,2005.25,2020.5
5157,465,1226,l,101,107.0,True,2005.25,2006.75
5158,1266,159,l,101,116.0,True,2005.25,2009.0
5159,1467,49,l,101,176.0,True,2005.25,2024.0
5160,204,1201,l,101,199.0,True,2005.25,2029.75
5161,381,675,l,101,131.0,True,2005.25,2012.75
5162,1396,1247,l,101,124.0,True,2005.25,2011.0
5163,48,167,s,102,104.0,False,2005.5,2006.0
5164,214,1342,s,102,105.0,False,2005.5,2006.25
5165,497,170,s,102,103.0,False,2005.5,2005.75
5166,792,857,s,102,102.0,False,2005.5,2005.5
5167,1096,1026,s,102,105.0,False,2005.5,2006.25
5168,1220,1185,s,102,108.0,False,2005.5,2007.0
5169,1235,1282,s,102,107.0,False,2005.5,2006.75
5170,1266,1255,s,102,107.0,False,2005.5,2006.75
5171,1290,1517,s,102,105.0,False,2005.5,2006.25
5172,1306,1011,s,102,105.0,False,2005.5,2006.25
5173,1343,85,s,102,103.0,False,2005.5,2005.75
5174,1343,733,s,102,109.0,False,2005.5,2007.25
5175,133,159,s,102,117.0,False,2005.5,2009.25
5176,247,1150,s,102,103.0,False,2005.5,2005.75
5177,287,835,s,102,105.0,False,2005.5,2006.25
5178,507,1201,s,102,103.0,False,2005.5,2005.75
5179,756,823,s,102,104.0,False,2005.5,2006.0
5180,1005,159,s,102,108.0,False,2005.5,2007.0
5181,1005,320,s,102,110.0,False,2005.5,2007.5
5182,1092,1028,s,102,105.0,False,2005.5,2006.25
5183,1097,108,s,102,103.0,False,2005.5,2005.75
5184,1220,1335,s,102,105.0,False,2005.5,2006.25
5185,1242,1190,s,102,113.0,False,2005.5,2008.25
5186,1306,1318,s,102,112.0,False,2005.5,2008.0
5187,1323,320,s,102,103.0,False,2005.5,2005.75
5188,1330,453,s,102,105.0,False,2005.5,2006.25
5189,1343,82,s,102,112.0,False,2005.5,2008.0
5190,1343,1026,s,102,108.0,False,2005.5,2007.0
5191,133,789,s,102,104.0,False,2005.5,2006.0
5192,262,1149,s,102,105.0,False,2005.5,2006.25
5193,343,416,s,102,105.0,False,2005.5,2006.25
5194,381,108,s,102,110.0,False,2005.5,2007.5
5195,415,1613,s,102,103.0,False,2005.5,2005.75
5196,573,785,s,102,103.0,False,2005.5,2005.75
5197,597,129,s,102,104.0,False,2005.5,2006.0
5198,677,320,s,102,107.0,False,2005.5,2006.75
5199,731,663,s,102,105.0,False,2005.5,2006.25
5200,732,1031,s,102,104.0,False,2005.5,2006.0
5201,796,315,s,102,110.0,False,2005.5,2007.5
5202,927,1615,s,102,105.0,False,2005.5,2006.25
5203,1159,416,s,102,105.0,False,2005.5,2006.25
5204,1242,823,s,102,104.0,False,2005.5,2006.0
5205,1619,952,s,102,103.0,False,2005.5,2005.75
5206,1080,733,l,102,109.0,True,2005.5,2007.25
5207,262,336,l,102,176.0,True,2005.5,2024.0
5208,269,820,l,102,110.0,True,2005.5,2007.5
5209,1103,921,l,102,124.0,True,2005.5,2011.0
5210,204,97,s,103,103.0,False,2005.75,2005.75
5211,316,952,s,103,121.0,False,2005.75,2010.25
5212,418,453,s,103,107.0,False,2005.75,2006.75
5213,541,1551,s,103,103.0,False,2005.75,2005.75
5214,792,578,s,103,103.0,False,2005.75,2005.75
5215,936,268,s,103,103.0,False,2005.75,2005.75
5216,1005,146,s,103,107.0,False,2005.75,2006.75
5217,1092,947,s,103,103.0,False,2005.75,2005.75
5218,1239,1613,s,103,104.0,False,2005.75,2006.0
5219,1330,97,s,103,105.0,False,2005.75,2006.25
5220,1596,1190,s,103,104.0,False,2005.75,2006.0
5221,439,733,s,103,107.0,False,2005.75,2006.75
5222,466,324,s,103,105.0,False,2005.75,2006.25
5223,847,336,s,103,107.0,False,2005.75,2006.75
5224,859,663,s,103,105.0,False,2005.75,2006.25
5225,940,576,s,103,111.0,False,2005.75,2007.75
5226,991,1026,s,103,112.0,False,2005.75,2008.0
5227,1186,1247,s,103,105.0,False,2005.75,2006.25
5228,1187,146,s,103,105.0,False,2005.75,2006.25
5229,1239,572,s,103,103.0,False,2005.75,2005.75
5230,1239,1247,s,103,104.0,False,2005.75,2006.0
5231,1417,1298,s,103,106.0,False,2005.75,2006.5
5232,1619,1517,s,103,107.0,False,2005.75,2006.75
5233,230,1205,s,103,112.0,False,2005.75,2008.0
5234,262,933,s,103,104.0,False,2005.75,2006.0
5235,343,108,s,103,109.0,False,2005.75,2007.25
5236,343,1615,s,103,104.0,False,2005.75,2006.0
5237,415,159,s,103,104.0,False,2005.75,2006.0
5238,466,615,s,103,110.0,False,2005.75,2007.5
5239,522,1615,s,103,106.0,False,2005.75,2006.5
5240,630,800,s,103,109.0,False,2005.75,2007.25
5241,777,582,s,103,110.0,False,2005.75,2007.5
5242,1171,280,s,103,104.0,False,2005.75,2006.0
5243,1200,97,s,103,107.0,False,2005.75,2006.75
5244,1237,1282,s,103,110.0,False,2005.75,2007.5
5245,1266,146,s,103,104.0,False,2005.75,2006.0
5246,1306,97,s,103,121.0,False,2005.75,2010.25
5247,1467,578,s,103,104.0,False,2005.75,2006.0
5248,1575,324,s,103,104.0,False,2005.75,2006.0
5249,1595,1615,s,103,111.0,False,2005.75,2007.75
5250,788,628,l,103,133.0,True,2005.75,2013.25
5251,1466,259,l,103,144.0,True,2005.75,2016.0
5252,316,1026,l,103,210.0,True,2005.75,2032.5
5253,1343,789,l,103,111.0,True,2005.75,2007.75
5254,1575,823,l,103,104.0,True,2005.75,2006.0
5255,788,921,l,103,136.0,True,2005.75,2014.0
5256,1187,572,l,103,211.0,True,2005.75,2032.75
5257,497,1358,s,104,112.0,False,2006.0,2008.0
5258,716,85,s,104,107.0,False,2006.0,2006.75
5259,777,108,s,104,111.0,False,2006.0,2007.75
5260,807,280,s,104,104.0,False,2006.0,2006.0
5261,916,663,s,104,112.0,False,2006.0,2008.0
5262,1079,1190,s,104,107.0,False,2006.0,2006.75
5263,1080,534,s,104,108.0,False,2006.0,2007.0
5264,1097,606,s,104,104.0,False,2006.0,2006.0
5265,1187,530,s,104,108.0,False,2006.0,2007.0
5266,1242,1282,s,104,108.0,False,2006.0,2007.0
5267,1306,653,s,104,108.0,False,2006.0,2007.0
5268,1465,1615,s,104,108.0,False,2006.0,2007.0
5269,230,572,s,104,105.0,False,2006.0,2006.25
5270,230,1615,s,104,122.0,False,2006.0,2010.5
5271,262,1201,s,104,108.0,False,2006.0,2007.0
5272,269,325,s,104,106.0,False,2006.0,2006.5
5273,363,170,s,104,109.0,False,2006.0,2007.25
5274,509,170,s,104,123.0,False,2006.0,2010.75
5275,610,49,s,104,105.0,False,2006.0,2006.25
5276,754,800,s,104,106.0,False,2006.0,2006.5
5277,1159,1232,s,104,110.0,False,2006.0,2007.5
5278,1234,1201,s,104,106.0,False,2006.0,2006.5
5279,1242,453,s,104,123.0,False,2006.0,2010.75
5280,1266,571,s,104,114.0,False,2006.0,2008.5
5281,1330,1282,s,104,106.0,False,2006.0,2006.5
5282,230,684,s,104,109.0,False,2006.0,2007.25
5283,262,1517,s,104,105.0,False,2006.0,2006.25
5284,283,1321,s,104,111.0,False,2006.0,2007.75
5285,303,159,s,104,109.0,False,2006.0,2007.25
5286,381,129,s,104,107.0,False,2006.0,2006.75
5287,466,336,s,104,120.0,False,2006.0,2010.0
5288,497,315,s,104,108.0,False,2006.0,2007.0
5289,542,751,s,104,105.0,False,2006.0,2006.25
5290,610,578,s,104,107.0,False,2006.0,2006.75
5291,744,1049,s,104,105.0,False,2006.0,2006.25
5292,807,324,s,104,118.0,False,2006.0,2009.5
5293,837,146,s,104,109.0,False,2006.0,2007.25
5294,885,785,s,104,107.0,False,2006.0,2006.75
5295,1096,129,s,104,105.0,False,2006.0,2006.25
5296,1225,1247,s,104,111.0,False,2006.0,2007.75
5297,1237,929,s,104,113.0,False,2006.0,2008.25
5298,173,1257,l,104,164.0,True,2006.0,2021.0
5299,1097,786,l,104,105.0,True,2006.0,2006.25
5300,815,1615,l,104,125.0,True,2006.0,2011.25
5301,520,320,s,105,107.0,False,2006.25,2006.75
5302,732,785,s,105,108.0,False,2006.25,2007.0
5303,756,615,s,105,114.0,False,2006.25,2008.5
5304,791,680,s,105,107.0,False,2006.25,2006.75
5305,916,786,s,105,112.0,False,2006.25,2008.0
5306,1087,1011,s,105,106.0,False,2006.25,2006.5
5307,1097,662,s,105,107.0,False,2006.25,2006.75
5308,1159,1321,s,105,106.0,False,2006.25,2006.5
5309,1219,146,s,105,105.0,False,2006.25,2006.25
5310,1290,1282,s,105,108.0,False,2006.25,2007.0
5311,1290,1335,s,105,105.0,False,2006.25,2006.25
5312,1359,785,s,105,111.0,False,2006.25,2007.75
5313,214,571,s,105,106.0,False,2006.25,2006.5
5314,230,653,s,105,107.0,False,2006.25,2006.75
5315,381,259,s,105,109.0,False,2006.25,2007.25
5316,439,786,s,105,110.0,False,2006.25,2007.5
5317,737,129,s,105,107.0,False,2006.25,2006.75
5318,756,407,s,105,106.0,False,2006.25,2006.5
5319,788,391,s,105,106.0,False,2006.25,2006.5
5320,940,146,s,105,106.0,False,2006.25,2006.5
5321,1102,965,s,105,107.0,False,2006.25,2006.75
5322,1239,1201,s,105,106.0,False,2006.25,2006.5
5323,1595,159,s,105,106.0,False,2006.25,2006.5
5324,1619,1160,s,105,109.0,False,2006.25,2007.25
5325,135,340,s,105,106.0,False,2006.25,2006.5
5326,501,108,s,105,106.0,False,2006.25,2006.5
5327,541,338,s,105,107.0,False,2006.25,2006.75
5328,610,929,s,105,110.0,False,2006.25,2007.5
5329,737,504,s,105,106.0,False,2006.25,2006.5
5330,796,320,s,105,118.0,False,2006.25,2009.5
5331,796,733,s,105,110.0,False,2006.25,2007.5
5332,917,159,s,105,106.0,False,2006.25,2006.5
5333,1079,320,s,105,110.0,False,2006.25,2007.5
5334,1079,1615,s,105,111.0,False,2006.25,2007.75
5335,1082,1188,s,105,113.0,False,2006.25,2008.25
5336,1096,49,s,105,108.0,False,2006.25,2007.0
5337,1266,1190,s,105,107.0,False,2006.25,2006.75
5338,1293,1201,s,105,108.0,False,2006.25,2007.0
5339,1306,1321,s,105,106.0,False,2006.25,2006.5
5340,1309,1615,s,105,106.0,False,2006.25,2006.5
5341,1575,146,s,105,110.0,False,2006.25,2007.5
5342,734,1035,l,105,133.0,True,2006.25,2013.25
5343,466,407,l,105,131.0,True,2006.25,2012.75
5344,743,785,l,105,118.0,True,2006.25,2009.5
5345,26,572,s,106,111.0,False,2006.5,2007.75
5346,356,146,s,106,109.0,False,2006.5,2007.25
5347,497,108,s,106,107.0,False,2006.5,2006.75
5348,497,280,s,106,115.0,False,2006.5,2008.75
5349,573,929,s,106,107.0,False,2006.5,2006.75
5350,797,24,s,106,110.0,False,2006.5,2007.5
5351,807,653,s,106,107.0,False,2006.5,2006.75
5352,913,1150,s,106,106.0,False,2006.5,2006.5
5353,937,108,s,106,108.0,False,2006.5,2007.0
5354,937,453,s,106,110.0,False,2006.5,2007.5
5355,1186,1353,s,106,107.0,False,2006.5,2006.75
5356,54,653,s,106,112.0,False,2006.5,2008.0
5357,87,1190,s,106,109.0,False,2006.5,2007.25
5358,133,1615,s,106,124.0,False,2006.5,2011.0
5359,718,572,s,106,109.0,False,2006.5,2007.25
5360,792,320,s,106,130.0,False,2006.5,2012.5
5361,869,391,s,106,115.0,False,2006.5,2008.75
5362,916,785,s,106,111.0,False,2006.5,2007.75
5363,1091,268,s,106,111.0,False,2006.5,2007.75
5364,1092,444,s,106,107.0,False,2006.5,2006.75
5365,1097,1026,s,106,108.0,False,2006.5,2007.0
5366,1159,1190,s,106,107.0,False,2006.5,2006.75
5367,1264,1342,s,106,115.0,False,2006.5,2008.75
5368,1290,146,s,106,111.0,False,2006.5,2007.75
5369,1330,785,s,106,120.0,False,2006.5,2010.0
5370,1343,108,s,106,107.0,False,2006.5,2006.75
5371,1595,1204,s,106,112.0,False,2006.5,2008.0
5372,269,947,s,106,114.0,False,2006.5,2008.5
5373,316,416,s,106,140.0,False,2006.5,2015.0
5374,342,947,s,106,107.0,False,2006.5,2006.75
5375,507,800,s,106,110.0,False,2006.5,2007.5
5376,791,1615,s,106,117.0,False,2006.5,2009.25
5377,792,41,s,106,111.0,False,2006.5,2007.75
5378,993,324,s,106,107.0,False,2006.5,2006.75
5379,1082,1247,s,106,107.0,False,2006.5,2006.75
5380,1103,78,s,106,112.0,False,2006.5,2008.0
5381,1183,24,s,106,108.0,False,2006.5,2007.0
5382,1187,1232,s,106,109.0,False,2006.5,2007.25
5383,1266,1205,s,106,111.0,False,2006.5,2007.75
5384,1595,416,s,106,109.0,False,2006.5,2007.25
5385,1596,785,s,106,108.0,False,2006.5,2007.0
5386,716,320,l,106,184.0,True,2006.5,2026.0
5387,791,504,l,106,229.0,True,2006.5,2037.25
5388,169,416,l,106,188.0,True,2006.5,2027.0
5389,381,320,l,106,216.0,True,2006.5,2034.0
5390,507,572,l,106,172.0,True,2006.5,2023.0
5391,1186,1201,l,106,219.0,True,2006.5,2034.75
5392,792,615,l,106,128.0,True,2006.5,2012.0
5393,807,336,l,106,135.0,True,2006.5,2013.75
5394,1242,1342,l,106,216.0,True,2006.5,2034.0
5395,303,1201,s,107,108.0,False,2006.75,2007.0
5396,304,146,s,107,112.0,False,2006.75,2008.0
5397,418,1615,s,107,110.0,False,2006.75,2007.5
5398,466,578,s,107,107.0,False,2006.75,2006.75
5399,734,41,s,107,118.0,False,2006.75,2009.5
5400,743,108,s,107,111.0,False,2006.75,2007.75
5401,924,1302,s,107,119.0,False,2006.75,2009.75
5402,1082,1026,s,107,108.0,False,2006.75,2007.0
5403,1091,835,s,107,112.0,False,2006.75,2008.0
5404,1094,628,s,107,109.0,False,2006.75,2007.25
5405,1183,1339,s,107,111.0,False,2006.75,2007.75
5406,1200,952,s,107,107.0,False,2006.75,2006.75
5407,1235,1281,s,107,110.0,False,2006.75,2007.5
5408,1237,1247,s,107,112.0,False,2006.75,2008.0
5409,1242,1613,s,107,114.0,False,2006.75,2008.5
5410,1290,1201,s,107,119.0,False,2006.75,2009.75
5411,1343,416,s,107,121.0,False,2006.75,2010.25
5412,1343,1615,s,107,120.0,False,2006.75,2010.0
5413,135,1037,s,107,112.0,False,2006.75,2008.0
5414,248,1201,s,107,116.0,False,2006.75,2009.0
5415,262,416,s,107,108.0,False,2006.75,2007.0
5416,342,108,s,107,108.0,False,2006.75,2007.0
5417,381,41,s,107,113.0,False,2006.75,2008.25
5418,497,1026,s,107,108.0,False,2006.75,2007.0
5419,796,1026,s,107,111.0,False,2006.75,2007.75
5420,916,952,s,107,114.0,False,2006.75,2008.5
5421,917,108,s,107,107.0,False,2006.75,2006.75
5422,1087,653,s,107,110.0,False,2006.75,2007.5
5423,1096,320,s,107,110.0,False,2006.75,2007.5
5424,1096,663,s,107,116.0,False,2006.75,2009.0
5425,1096,947,s,107,111.0,False,2006.75,2007.75
5426,1187,159,s,107,112.0,False,2006.75,2008.0
5427,1200,1190,s,107,108.0,False,2006.75,2007.0
5428,1239,268,s,107,108.0,False,2006.75,2007.0
5429,1239,1185,s,107,115.0,False,2006.75,2008.75
5430,1263,1247,s,107,113.0,False,2006.75,2008.25
5431,1266,1002,s,107,110.0,False,2006.75,2007.5
5432,1290,571,s,107,109.0,False,2006.75,2007.25
5433,1319,1204,s,107,110.0,False,2006.75,2007.5
5434,1466,572,s,107,112.0,False,2006.75,2008.0
5435,113,1517,s,107,110.0,False,2006.75,2007.5
5436,133,1026,s,107,108.0,False,2006.75,2007.0
5437,303,572,s,107,109.0,False,2006.75,2007.25
5438,466,1517,s,107,109.0,False,2006.75,2007.25
5439,754,800,s,107,108.0,False,2006.75,2007.0
5440,792,170,s,107,113.0,False,2006.75,2008.25
5441,792,965,s,107,109.0,False,2006.75,2007.25
5442,1154,933,s,107,109.0,False,2006.75,2007.25
5443,1159,1201,s,107,108.0,False,2006.75,2007.0
5444,1187,1190,s,107,110.0,False,2006.75,2007.5
5445,1200,1204,s,107,114.0,False,2006.75,2008.5
5446,1209,1353,s,107,127.0,False,2006.75,2011.75
5447,1242,1201,s,107,110.0,False,2006.75,2007.5
5448,1242,1615,s,107,114.0,False,2006.75,2008.5
5449,1266,1615,s,107,109.0,False,2006.75,2007.25
5450,1294,1335,s,107,108.0,False,2006.75,2007.0
5451,1319,1281,s,107,108.0,False,2006.75,2007.0
5452,1575,320,s,107,116.0,False,2006.75,2009.0
5453,1595,740,s,107,109.0,False,2006.75,2007.25
5454,1595,1015,s,107,108.0,False,2006.75,2007.0
5455,756,1026,l,107,120.0,True,2006.75,2010.0
5456,1080,146,l,107,,True,2006.75,
5457,1242,1002,l,107,166.0,True,2006.75,2021.5
5458,40,85,s,108,115.0,False,2007.0,2008.75
5459,716,85,s,108,109.0,False,2007.0,2007.25
5460,732,947,s,108,117.0,False,2007.0,2009.25
5461,792,85,s,108,115.0,False,2007.0,2008.75
5462,916,1615,s,108,108.0,False,2007.0,2007.0
5463,937,1517,s,108,113.0,False,2007.0,2008.25
5464,1187,293,s,108,109.0,False,2007.0,2007.25
5465,1266,1190,s,108,110.0,False,2007.0,2007.5
5466,1306,1201,s,108,123.0,False,2007.0,2010.75
5467,1343,653,s,108,114.0,False,2007.0,2008.5
5468,1396,1613,s,108,109.0,False,2007.0,2007.25
5469,204,1247,s,108,112.0,False,2007.0,2008.0
5470,287,167,s,108,111.0,False,2007.0,2007.75
5471,415,1633,s,108,112.0,False,2007.0,2008.0
5472,734,628,s,108,124.0,False,2007.0,2011.0
5473,796,947,s,108,114.0,False,2007.0,2008.5
5474,807,320,s,108,112.0,False,2007.0,2008.0
5475,807,684,s,108,110.0,False,2007.0,2007.5
5476,1005,684,s,108,109.0,False,2007.0,2007.25
5477,1236,1613,s,108,110.0,False,2007.0,2007.5
5478,1237,583,s,108,112.0,False,2007.0,2008.0
5479,1266,1374,s,108,110.0,False,2007.0,2007.5
5480,1309,1353,s,108,109.0,False,2007.0,2007.25
5481,1330,1353,s,108,122.0,False,2007.0,2010.5
5482,216,1615,s,108,118.0,False,2007.0,2009.5
5483,287,302,s,108,110.0,False,2007.0,2007.5
5484,573,965,s,108,114.0,False,2007.0,2008.5
5485,716,857,s,108,112.0,False,2007.0,2008.0
5486,718,678,s,108,112.0,False,2007.0,2008.0
5487,737,1031,s,108,109.0,False,2007.0,2007.25
5488,791,108,s,108,117.0,False,2007.0,2009.25
5489,791,462,s,108,113.0,False,2007.0,2008.25
5490,792,378,s,108,117.0,False,2007.0,2009.25
5491,792,857,s,108,110.0,False,2007.0,2007.5
5492,916,24,s,108,114.0,False,2007.0,2008.5
5493,924,170,s,108,115.0,False,2007.0,2008.75
5494,936,320,s,108,110.0,False,2007.0,2007.5
5495,1005,1342,s,108,117.0,False,2007.0,2009.25
5496,1087,1654,s,108,109.0,False,2007.0,2007.25
5497,1354,653,s,108,117.0,False,2007.0,2009.25
5498,1575,663,s,108,111.0,False,2007.0,2007.75
5499,1575,1615,s,108,112.0,False,2007.0,2008.0
5500,1595,1282,s,108,115.0,False,2007.0,2008.75
5501,796,189,l,108,121.0,True,2007.0,2010.25
5502,1220,159,l,108,121.0,True,2007.0,2010.25
5503,1343,947,l,108,152.0,True,2007.0,2018.0
5504,630,82,l,108,133.0,True,2007.0,2013.25
5505,316,947,s,109,109.0,False,2007.25,2007.25
5506,381,578,s,109,119.0,False,2007.25,2009.75
5507,501,733,s,109,117.0,False,2007.25,2009.25
5508,520,835,s,109,110.0,False,2007.25,2007.5
5509,732,320,s,109,113.0,False,2007.25,2008.25
5510,837,653,s,109,112.0,False,2007.25,2008.0
5511,913,1321,s,109,111.0,False,2007.25,2007.75
5512,1074,583,s,109,115.0,False,2007.25,2008.75
5513,157,790,s,109,112.0,False,2007.25,2008.0
5514,260,1205,s,109,111.0,False,2007.25,2007.75
5515,262,97,s,109,109.0,False,2007.25,2007.25
5516,262,1282,s,109,111.0,False,2007.25,2007.75
5517,343,146,s,109,113.0,False,2007.25,2008.25
5518,418,1255,s,109,117.0,False,2007.25,2009.25
5519,439,663,s,109,114.0,False,2007.25,2008.5
5520,754,85,s,109,112.0,False,2007.25,2008.0
5521,756,572,s,109,110.0,False,2007.25,2007.5
5522,796,1615,s,109,118.0,False,2007.25,2009.5
5523,815,1184,s,109,113.0,False,2007.25,2008.25
5524,1079,1321,s,109,109.0,False,2007.25,2007.25
5525,1082,929,s,109,113.0,False,2007.25,2008.25
5526,1171,167,s,109,113.0,False,2007.25,2008.25
5527,1220,1201,s,109,123.0,False,2007.25,2010.75
5528,1242,1281,s,109,111.0,False,2007.25,2007.75
5529,1330,1321,s,109,113.0,False,2007.25,2008.25
5530,1467,1026,s,109,113.0,False,2007.25,2008.25
5531,287,857,s,109,115.0,False,2007.25,2008.75
5532,304,1023,s,109,113.0,False,2007.25,2008.25
5533,316,108,s,109,111.0,False,2007.25,2007.75
5534,439,947,s,109,132.0,False,2007.25,2013.0
5535,452,159,s,109,110.0,False,2007.25,2007.5
5536,573,159,s,109,113.0,False,2007.25,2008.25
5537,731,663,s,109,111.0,False,2007.25,2007.75
5538,796,965,s,109,111.0,False,2007.25,2007.75
5539,807,170,s,109,111.0,False,2007.25,2007.75
5540,993,578,s,109,110.0,False,2007.25,2007.5
5541,1239,1282,s,109,120.0,False,2007.25,2010.0
5542,1266,1201,s,109,110.0,False,2007.25,2007.5
5543,1330,740,s,109,111.0,False,2007.25,2007.75
5544,1396,1339,s,109,110.0,False,2007.25,2007.5
5545,1655,97,s,109,114.0,False,2007.25,2008.5
5546,1239,97,l,109,196.0,True,2007.25,2029.0
5547,1239,800,l,109,134.0,True,2007.25,2013.5
5548,248,1321,l,109,166.0,True,2007.25,2021.5
5549,1329,1315,l,109,154.0,True,2007.25,2018.5
5550,1359,409,l,109,209.0,True,2007.25,2032.25
5551,135,857,s,110,113.0,False,2007.5,2008.25
5552,304,453,s,110,110.0,False,2007.5,2007.5
5553,304,800,s,110,114.0,False,2007.5,2008.5
5554,342,857,s,110,110.0,False,2007.5,2007.5
5555,497,146,s,110,120.0,False,2007.5,2010.0
5556,520,857,s,110,118.0,False,2007.5,2009.5
5557,573,49,s,110,111.0,False,2007.5,2007.75
5558,756,129,s,110,114.0,False,2007.5,2008.5
5559,756,320,s,110,111.0,False,2007.5,2007.75
5560,792,790,s,110,117.0,False,2007.5,2009.25
5561,916,653,s,110,114.0,False,2007.5,2008.5
5562,927,1201,s,110,120.0,False,2007.5,2010.0
5563,1082,1321,s,110,112.0,False,2007.5,2008.0
5564,1097,952,s,110,110.0,False,2007.5,2007.5
5565,1266,1517,s,110,111.0,False,2007.5,2007.75
5566,1314,1282,s,110,113.0,False,2007.5,2008.25
5567,1343,1190,s,110,111.0,False,2007.5,2007.75
5568,1359,628,s,110,110.0,False,2007.5,2007.5
5569,40,1517,s,110,111.0,False,2007.5,2007.75
5570,133,1321,s,110,112.0,False,2007.5,2008.0
5571,204,1388,s,110,113.0,False,2007.5,2008.25
5572,287,391,s,110,115.0,False,2007.5,2008.75
5573,737,835,s,110,111.0,False,2007.5,2007.75
5574,797,572,s,110,113.0,False,2007.5,2008.25
5575,815,947,s,110,111.0,False,2007.5,2007.75
5576,885,952,s,110,115.0,False,2007.5,2008.75
5577,916,1615,s,110,112.0,False,2007.5,2008.0
5578,937,1149,s,110,111.0,False,2007.5,2007.75
5579,978,315,s,110,114.0,False,2007.5,2008.5
5580,1092,170,s,110,113.0,False,2007.5,2008.25
5581,1200,1613,s,110,111.0,False,2007.5,2007.75
5582,1242,146,s,110,113.0,False,2007.5,2008.25
5583,1294,1318,s,110,111.0,False,2007.5,2007.75
5584,1319,1272,s,110,122.0,False,2007.5,2010.5
5585,1319,1299,s,110,115.0,False,2007.5,2008.75
5586,1324,416,s,110,117.0,False,2007.5,2009.25
5587,1354,1367,s,110,113.0,False,2007.5,2008.25
5588,1595,1517,s,110,114.0,False,2007.5,2008.5
5589,133,1260,s,110,111.0,False,2007.5,2007.75
5590,157,857,s,110,113.0,False,2007.5,2008.25
5591,216,952,s,110,111.0,False,2007.5,2007.75
5592,262,108,s,110,119.0,False,2007.5,2009.75
5593,501,1025,s,110,111.0,False,2007.5,2007.75
5594,551,933,s,110,116.0,False,2007.5,2009.0
5595,734,578,s,110,111.0,False,2007.5,2007.75
5596,777,1032,s,110,121.0,False,2007.5,2010.25
5597,791,1321,s,110,112.0,False,2007.5,2008.0
5598,917,129,s,110,118.0,False,2007.5,2009.5
5599,917,952,s,110,117.0,False,2007.5,2009.25
5600,988,387,s,110,111.0,False,2007.5,2007.75
5601,991,1615,s,110,111.0,False,2007.5,2007.75
5602,1206,1335,s,110,117.0,False,2007.5,2009.25
5603,1343,336,s,110,116.0,False,2007.5,2009.0
5604,1595,1353,s,110,111.0,False,2007.5,2007.75
5605,1619,1158,s,110,124.0,False,2007.5,2011.0
5606,57,315,s,111,118.0,False,2007.75,2009.5
5607,135,751,s,111,114.0,False,2007.75,2008.5
5608,230,159,s,111,113.0,False,2007.75,2008.25
5609,262,306,s,111,112.0,False,2007.75,2008.0
5610,287,320,s,111,117.0,False,2007.75,2009.25
5611,303,1201,s,111,111.0,False,2007.75,2007.75
5612,316,653,s,111,112.0,False,2007.75,2008.0
5613,415,662,s,111,117.0,False,2007.75,2009.25
5614,439,499,s,111,111.0,False,2007.75,2007.75
5615,716,572,s,111,112.0,False,2007.75,2008.0
5616,815,159,s,111,113.0,False,2007.75,2008.25
5617,869,336,s,111,128.0,False,2007.75,2012.0
5618,1092,108,s,111,112.0,False,2007.75,2008.0
5619,1264,1335,s,111,112.0,False,2007.75,2008.0
5620,1290,1321,s,111,111.0,False,2007.75,2007.75
5621,1324,571,s,111,121.0,False,2007.75,2010.25
5622,1619,1002,s,111,111.0,False,2007.75,2007.75
5623,40,1321,s,111,113.0,False,2007.75,2008.25
5624,248,1613,s,111,120.0,False,2007.75,2010.0
5625,262,1321,s,111,112.0,False,2007.75,2008.0
5626,303,800,s,111,120.0,False,2007.75,2010.0
5627,316,259,s,111,118.0,False,2007.75,2009.5
5628,541,1036,s,111,112.0,False,2007.75,2008.0
5629,732,628,s,111,113.0,False,2007.75,2008.25
5630,791,1517,s,111,114.0,False,2007.75,2008.5
5631,796,572,s,111,114.0,False,2007.75,2008.5
5632,913,280,s,111,113.0,False,2007.75,2008.25
5633,913,785,s,111,112.0,False,2007.75,2008.0
5634,917,378,s,111,113.0,False,2007.75,2008.25
5635,917,578,s,111,114.0,False,2007.75,2008.5
5636,936,740,s,111,114.0,False,2007.75,2008.5
5637,1003,416,s,111,112.0,False,2007.75,2008.0
5638,1242,1298,s,111,112.0,False,2007.75,2008.0
5639,1328,1339,s,111,116.0,False,2007.75,2009.0
5640,1575,108,s,111,115.0,False,2007.75,2008.75
5641,1595,1367,s,111,112.0,False,2007.75,2008.0
5642,15,1201,s,111,113.0,False,2007.75,2008.25
5643,230,315,s,111,136.0,False,2007.75,2014.0
5644,381,315,s,111,112.0,False,2007.75,2008.0
5645,501,108,s,111,112.0,False,2007.75,2008.0
5646,507,1321,s,111,113.0,False,2007.75,2008.25
5647,792,857,s,111,113.0,False,2007.75,2008.25
5648,807,785,s,111,113.0,False,2007.75,2008.25
5649,917,614,s,111,114.0,False,2007.75,2008.5
5650,1264,1321,s,111,112.0,False,2007.75,2008.0
5651,1309,1282,s,111,113.0,False,2007.75,2008.25
5652,1343,1517,s,111,116.0,False,2007.75,2009.0
5653,1354,1321,s,111,113.0,False,2007.75,2008.25
5654,1390,1282,s,111,113.0,False,2007.75,2008.25
5655,1535,1615,s,111,112.0,False,2007.75,2008.0
5656,173,1149,l,111,120.0,True,2007.75,2010.0
5657,415,789,l,111,,True,2007.75,
5658,1242,789,l,111,147.0,True,2007.75,2016.75
5659,1329,1517,l,111,131.0,True,2007.75,2012.75
5660,507,457,l,111,115.0,True,2007.75,2008.75
5661,716,391,l,111,176.0,True,2007.75,2024.0
5662,262,1190,l,111,134.0,True,2007.75,2013.5
5663,87,653,s,112,125.0,False,2008.0,2011.25
5664,230,416,s,112,116.0,False,2008.0,2009.0
5665,269,1066,s,112,116.0,False,2008.0,2009.0
5666,303,416,s,112,116.0,False,2008.0,2009.0
5667,304,578,s,112,113.0,False,2008.0,2008.25
5668,381,129,s,112,117.0,False,2008.0,2009.25
5669,501,280,s,112,113.0,False,2008.0,2008.25
5670,541,675,s,112,112.0,False,2008.0,2008.0
5671,610,358,s,112,115.0,False,2008.0,2008.75
5672,611,320,s,112,124.0,False,2008.0,2011.0
5673,756,108,s,112,112.0,False,2008.0,2008.0
5674,788,785,s,112,129.0,False,2008.0,2012.25
5675,1079,1615,s,112,117.0,False,2008.0,2009.25
5676,1088,628,s,112,113.0,False,2008.0,2008.25
5677,1093,733,s,112,118.0,False,2008.0,2009.5
5678,1187,409,s,112,114.0,False,2008.0,2008.5
5679,1239,1188,s,112,118.0,False,2008.0,2009.5
5680,1306,684,s,112,114.0,False,2008.0,2008.5
5681,1382,571,s,112,120.0,False,2008.0,2010.0
5682,1466,320,s,112,120.0,False,2008.0,2010.0
5683,1595,159,s,112,115.0,False,2008.0,2008.75
5684,1595,1298,s,112,114.0,False,2008.0,2008.5
5685,204,952,s,112,117.0,False,2008.0,2009.25
5686,415,453,s,112,114.0,False,2008.0,2008.5
5687,466,1031,s,112,113.0,False,2008.0,2008.25
5688,791,49,s,112,113.0,False,2008.0,2008.25
5689,1187,1274,s,112,115.0,False,2008.0,2008.75
5690,1236,1615,s,112,121.0,False,2008.0,2010.25
5691,1239,1158,s,112,114.0,False,2008.0,2008.5
5692,1242,1232,s,112,115.0,False,2008.0,2008.75
5693,1263,1388,s,112,113.0,False,2008.0,2008.25
5694,1330,1247,s,112,121.0,False,2008.0,2010.25
5695,1343,280,s,112,117.0,False,2008.0,2009.25
5696,1396,146,s,112,116.0,False,2008.0,2009.0
5697,1396,1321,s,112,120.0,False,2008.0,2010.0
5698,1619,1321,s,112,117.0,False,2008.0,2009.25
5699,439,786,s,112,113.0,False,2008.0,2008.25
5700,467,572,s,112,116.0,False,2008.0,2009.0
5701,497,391,s,112,117.0,False,2008.0,2009.25
5702,573,320,s,112,115.0,False,2008.0,2008.75
5703,610,320,s,112,113.0,False,2008.0,2008.25
5704,630,1615,s,112,113.0,False,2008.0,2008.25
5705,796,167,s,112,113.0,False,2008.0,2008.25
5706,1006,952,s,112,115.0,False,2008.0,2008.75
5707,1079,572,s,112,119.0,False,2008.0,2009.75
5708,1237,1281,s,112,117.0,False,2008.0,2009.25
5709,1271,1615,s,112,116.0,False,2008.0,2009.0
5710,1306,1205,s,112,120.0,False,2008.0,2010.0
5711,1343,572,s,112,115.0,False,2008.0,2008.75
5712,1393,1388,s,112,116.0,False,2008.0,2009.0
5713,1595,1615,s,112,127.0,False,2008.0,2011.75
5714,732,785,l,112,116.0,True,2008.0,2009.0
5715,1325,1281,l,112,168.0,True,2008.0,2022.0
5716,791,1226,l,112,114.0,True,2008.0,2008.5
5717,1319,1205,l,112,188.0,True,2008.0,2027.0
5718,1328,1190,l,112,115.0,True,2008.0,2008.75
5719,1382,1282,l,112,121.0,True,2008.0,2010.25
5720,133,1675,s,113,116.0,False,2008.25,2009.0
5721,418,1252,s,113,118.0,False,2008.25,2009.5
5722,466,733,s,113,114.0,False,2008.25,2008.5
5723,924,391,s,113,113.0,False,2008.25,2008.25
5724,1220,268,s,113,122.0,False,2008.25,2010.5
5725,1239,785,s,113,117.0,False,2008.25,2009.25
5726,1351,1315,s,113,116.0,False,2008.25,2009.0
5727,1359,1299,s,113,116.0,False,2008.25,2009.0
5728,1655,1388,s,113,115.0,False,2008.25,2008.75
5729,40,108,s,113,115.0,False,2008.25,2008.75
5730,304,1035,s,113,122.0,False,2008.25,2010.5
5731,316,391,s,113,115.0,False,2008.25,2008.75
5732,439,280,s,113,113.0,False,2008.25,2008.25
5733,439,762,s,113,121.0,False,2008.25,2010.25
5734,466,85,s,113,117.0,False,2008.25,2009.25
5735,610,628,s,113,127.0,False,2008.25,2011.75
5736,611,701,s,113,113.0,False,2008.25,2008.25
5737,731,615,s,113,115.0,False,2008.25,2008.75
5738,788,947,s,113,115.0,False,2008.25,2008.75
5739,916,85,s,113,119.0,False,2008.25,2009.75
5740,917,933,s,113,116.0,False,2008.25,2009.0
5741,937,1205,s,113,125.0,False,2008.25,2011.25
5742,993,189,s,113,115.0,False,2008.25,2008.75
5743,1200,684,s,113,123.0,False,2008.25,2010.75
5744,1237,1615,s,113,114.0,False,2008.25,2008.5
5745,1242,1201,s,113,116.0,False,2008.25,2009.0
5746,1330,1274,s,113,116.0,False,2008.25,2009.0
5747,1359,576,s,113,124.0,False,2008.25,2011.0
5748,1393,1282,s,113,115.0,False,2008.25,2008.75
5749,1618,952,s,113,113.0,False,2008.25,2008.25
5750,133,785,s,113,114.0,False,2008.25,2008.5
5751,262,678,s,113,122.0,False,2008.25,2010.5
5752,262,684,s,113,116.0,False,2008.25,2009.0
5753,262,1282,s,113,126.0,False,2008.25,2011.5
5754,283,1190,s,113,118.0,False,2008.25,2009.5
5755,716,336,s,113,122.0,False,2008.25,2010.5
5756,756,816,s,113,115.0,False,2008.25,2008.75
5757,807,572,s,113,115.0,False,2008.25,2008.75
5758,807,1615,s,113,114.0,False,2008.25,2008.5
5759,916,108,s,113,126.0,False,2008.25,2011.5
5760,937,1201,s,113,114.0,False,2008.25,2008.5
5761,1005,1201,s,113,115.0,False,2008.25,2008.75
5762,1079,733,s,113,114.0,False,2008.25,2008.5
5763,1170,1025,s,113,114.0,False,2008.25,2008.5
5764,1294,1367,s,113,120.0,False,2008.25,2010.0
5765,1382,1190,s,113,120.0,False,2008.25,2010.0
5766,1382,1367,s,113,120.0,False,2008.25,2010.0
5767,1467,679,s,113,121.0,False,2008.25,2010.25
5768,1595,1281,s,113,120.0,False,2008.25,2010.0
5769,756,189,l,113,120.0,True,2008.25,2010.0
5770,807,578,l,113,191.0,True,2008.25,2027.75
5771,1154,82,l,113,125.0,True,2008.25,2011.25
5772,1266,1367,l,113,,True,2008.25,
5773,1596,409,l,113,175.0,True,2008.25,2023.75
5774,1575,653,l,113,188.0,True,2008.25,2027.0
5775,40,1026,s,114,115.0,False,2008.5,2008.75
5776,204,1247,s,114,119.0,False,2008.5,2009.75
5777,791,606,s,114,122.0,False,2008.5,2010.5
5778,864,378,s,114,115.0,False,2008.5,2008.75
5779,917,663,s,114,116.0,False,2008.5,2009.0
5780,1079,1247,s,114,122.0,False,2008.5,2010.5
5781,1235,952,s,114,117.0,False,2008.5,2009.25
5782,1237,662,s,114,114.0,False,2008.5,2008.5
5783,1343,85,s,114,120.0,False,2008.5,2010.0
5784,1390,1428,s,114,116.0,False,2008.5,2009.0
5785,1595,1342,s,114,115.0,False,2008.5,2008.75
5786,1595,1388,s,114,120.0,False,2008.5,2010.0
5787,204,684,s,114,115.0,False,2008.5,2008.75
5788,262,785,s,114,115.0,False,2008.5,2008.75
5789,287,1024,s,114,115.0,False,2008.5,2008.75
5790,381,733,s,114,119.0,False,2008.5,2009.75
5791,497,293,s,114,115.0,False,2008.5,2008.75
5792,718,1615,s,114,120.0,False,2008.5,2010.0
5793,791,662,s,114,117.0,False,2008.5,2009.25
5794,796,952,s,114,120.0,False,2008.5,2010.0
5795,1079,785,s,114,115.0,False,2008.5,2008.75
5796,1171,129,s,114,116.0,False,2008.5,2009.0
5797,1186,1367,s,114,115.0,False,2008.5,2008.75
5798,1271,1274,s,114,116.0,False,2008.5,2009.0
5799,1290,1281,s,114,127.0,False,2008.5,2011.75
5800,1329,146,s,114,116.0,False,2008.5,2009.0
5801,1330,1339,s,114,132.0,False,2008.5,2013.0
5802,1354,1260,s,114,115.0,False,2008.5,2008.75
5803,1382,1428,s,114,116.0,False,2008.5,2009.0
5804,1619,1002,s,114,118.0,False,2008.5,2009.5
5805,1655,1149,s,114,125.0,False,2008.5,2011.25
5806,1655,1342,s,114,115.0,False,2008.5,2008.75
5807,262,1321,s,114,117.0,False,2008.5,2009.25
5808,342,680,s,114,115.0,False,2008.5,2008.75
5809,466,762,s,114,116.0,False,2008.5,2009.0
5810,652,1615,s,114,115.0,False,2008.5,2008.75
5811,716,929,s,114,120.0,False,2008.5,2010.0
5812,1187,97,s,114,115.0,False,2008.5,2008.75
5813,1187,453,s,114,117.0,False,2008.5,2009.25
5814,1239,1318,s,114,117.0,False,2008.5,2009.25
5815,1239,1335,s,114,116.0,False,2008.5,2009.0
5816,1242,1388,s,114,115.0,False,2008.5,2008.75
5817,1382,1205,s,114,116.0,False,2008.5,2009.0
5818,1382,1339,s,114,116.0,False,2008.5,2009.0
5819,1239,1615,l,114,182.0,True,2008.5,2025.5
5820,1618,1205,l,114,131.0,True,2008.5,2012.75
5821,466,653,s,115,117.0,False,2008.75,2009.25
5822,718,108,s,115,119.0,False,2008.75,2009.75
5823,754,800,s,115,120.0,False,2008.75,2010.0
5824,791,1201,s,115,115.0,False,2008.75,2008.75
5825,807,1321,s,115,120.0,False,2008.75,2010.0
5826,1092,129,s,115,116.0,False,2008.75,2009.0
5827,1225,1252,s,115,125.0,False,2008.75,2011.25
5828,1242,1282,s,115,118.0,False,2008.75,2009.5
5829,1319,1615,s,115,116.0,False,2008.75,2009.0
5830,1359,933,s,115,116.0,False,2008.75,2009.0
5831,113,1011,s,115,127.0,False,2008.75,2011.75
5832,287,628,s,115,117.0,False,2008.75,2009.25
5833,415,1615,s,115,127.0,False,2008.75,2011.75
5834,439,733,s,115,118.0,False,2008.75,2009.5
5835,466,78,s,115,116.0,False,2008.75,2009.0
5836,507,387,s,115,117.0,False,2008.75,2009.25
5837,587,416,s,115,123.0,False,2008.75,2010.75
5838,788,336,s,115,126.0,False,2008.75,2011.5
5839,791,146,s,115,120.0,False,2008.75,2010.0
5840,791,484,s,115,134.0,False,2008.75,2013.5
5841,792,1302,s,115,116.0,False,2008.75,2009.0
5842,869,340,s,115,119.0,False,2008.75,2009.75
5843,1220,146,s,115,118.0,False,2008.75,2009.5
5844,1235,1281,s,115,119.0,False,2008.75,2009.75
5845,1293,1282,s,115,116.0,False,2008.75,2009.0
5846,1309,1190,s,115,121.0,False,2008.75,2010.25
5847,1319,1367,s,115,124.0,False,2008.75,2011.0
5848,1343,1321,s,115,126.0,False,2008.75,2011.5
5849,1354,1190,s,115,117.0,False,2008.75,2009.25
5850,1393,146,s,115,120.0,False,2008.75,2010.0
5851,1417,1247,s,115,121.0,False,2008.75,2010.25
5852,1466,572,s,115,117.0,False,2008.75,2009.25
5853,1466,1026,s,115,115.0,False,2008.75,2008.75
5854,316,947,s,115,119.0,False,2008.75,2009.75
5855,501,189,s,115,116.0,False,2008.75,2009.0
5856,837,1615,s,115,120.0,False,2008.75,2010.0
5857,917,1025,s,115,122.0,False,2008.75,2010.5
5858,1097,1028,s,115,155.0,False,2008.75,2018.75
5859,1187,159,s,115,124.0,False,2008.75,2011.0
5860,1235,1388,s,115,126.0,False,2008.75,2011.5
5861,1242,1339,s,115,126.0,False,2008.75,2011.5
5862,1266,1346,s,115,118.0,False,2008.75,2009.5
5863,1290,1205,s,115,117.0,False,2008.75,2009.25
5864,1293,1346,s,115,121.0,False,2008.75,2010.25
5865,1406,1335,s,115,117.0,False,2008.75,2009.25
5866,1535,159,s,115,116.0,False,2008.75,2009.0
5867,1619,1299,s,115,117.0,False,2008.75,2009.25
5868,1678,1613,s,115,124.0,False,2008.75,2011.0
5869,1007,1339,l,115,,True,2008.75,
5870,1329,1299,l,115,178.0,True,2008.75,2024.5
5871,560,1302,l,115,116.0,True,2008.75,2009.0
5872,916,952,l,115,171.0,True,2008.75,2022.75
5873,204,1615,s,116,122.0,False,2009.0,2010.5
5874,269,97,s,116,117.0,False,2009.0,2009.25
5875,303,1282,s,116,122.0,False,2009.0,2010.5
5876,304,534,s,116,117.0,False,2009.0,2009.25
5877,342,49,s,116,119.0,False,2009.0,2009.75
5878,415,146,s,116,118.0,False,2009.0,2009.5
5879,788,189,s,116,116.0,False,2009.0,2009.0
5880,791,800,s,116,116.0,False,2009.0,2009.0
5881,796,324,s,116,117.0,False,2009.0,2009.25
5882,937,416,s,116,117.0,False,2009.0,2009.25
5883,1082,1282,s,116,118.0,False,2009.0,2009.5
5884,1239,1299,s,116,126.0,False,2009.0,2011.5
5885,1242,1615,s,116,118.0,False,2009.0,2009.5
5886,1263,416,s,116,122.0,False,2009.0,2010.5
5887,1329,1388,s,116,118.0,False,2009.0,2009.5
5888,1330,1201,s,116,126.0,False,2009.0,2011.5
5889,1330,1388,s,116,116.0,False,2009.0,2009.0
5890,1466,340,s,116,116.0,False,2009.0,2009.0
5891,1595,1321,s,116,130.0,False,2009.0,2012.5
5892,303,324,s,116,127.0,False,2009.0,2011.75
5893,439,653,s,116,116.0,False,2009.0,2009.0
5894,516,1205,s,116,119.0,False,2009.0,2009.75
5895,737,320,s,116,117.0,False,2009.0,2009.25
5896,792,1043,s,116,124.0,False,2009.0,2011.0
5897,916,280,s,116,116.0,False,2009.0,2009.0
5898,927,1615,s,116,122.0,False,2009.0,2010.5
5899,993,907,s,116,121.0,False,2009.0,2010.25
5900,1088,785,s,116,117.0,False,2009.0,2009.25
5901,1237,1321,s,116,118.0,False,2009.0,2009.5
5902,1266,97,s,116,130.0,False,2009.0,2012.5
5903,1266,1615,s,116,117.0,False,2009.0,2009.25
5904,1328,1281,s,116,121.0,False,2009.0,2010.25
5905,1330,1613,s,116,118.0,False,2009.0,2009.5
5906,1359,662,s,116,122.0,False,2009.0,2010.5
5907,1637,1281,s,116,120.0,False,2009.0,2010.0
5908,204,1016,s,116,119.0,False,2009.0,2009.75
5909,269,820,s,116,118.0,False,2009.0,2009.5
5910,304,578,s,116,117.0,False,2009.0,2009.25
5911,316,146,s,116,120.0,False,2009.0,2010.0
5912,737,578,s,116,119.0,False,2009.0,2009.75
5913,777,1551,s,116,118.0,False,2009.0,2009.5
5914,796,835,s,116,117.0,False,2009.0,2009.25
5915,807,929,s,116,120.0,False,2009.0,2010.0
5916,978,90,s,116,123.0,False,2009.0,2010.75
5917,1006,409,s,116,122.0,False,2009.0,2010.5
5918,1074,1615,s,116,119.0,False,2009.0,2009.75
5919,1186,1321,s,116,119.0,False,2009.0,2009.75
5920,1187,1365,s,116,121.0,False,2009.0,2010.25
5921,1235,1247,s,116,123.0,False,2009.0,2010.75
5922,1235,1616,s,116,123.0,False,2009.0,2010.75
5923,1309,1335,s,116,117.0,False,2009.0,2009.25
5924,1401,1388,s,116,118.0,False,2009.0,2009.5
5925,1575,1616,s,116,120.0,False,2009.0,2010.0
5926,1678,146,s,116,120.0,False,2009.0,2010.0
5927,871,816,l,116,139.0,True,2009.0,2014.75
5928,1079,653,l,116,151.0,True,2009.0,2017.75
5929,466,324,l,116,179.0,True,2009.0,2024.75
5930,681,933,l,116,144.0,True,2009.0,2016.0
5931,1306,416,l,116,138.0,True,2009.0,2014.5
5932,913,1321,l,116,179.0,True,2009.0,2024.75
5933,1159,1201,l,116,167.0,True,2009.0,2021.75
5934,1236,1222,l,116,127.0,True,2009.0,2011.75
5935,113,1018,s,117,119.0,False,2009.25,2009.75
5936,260,416,s,117,120.0,False,2009.25,2010.0
5937,303,146,s,117,121.0,False,2009.25,2010.25
5938,439,320,s,117,118.0,False,2009.25,2009.5
5939,737,929,s,117,124.0,False,2009.25,2011.0
5940,756,628,s,117,120.0,False,2009.25,2010.0
5941,807,628,s,117,117.0,False,2009.25,2009.25
5942,913,146,s,117,121.0,False,2009.25,2010.25
5943,991,320,s,117,119.0,False,2009.25,2009.75
5944,1087,159,s,117,120.0,False,2009.25,2010.0
5945,1171,947,s,117,117.0,False,2009.25,2009.25
5946,1187,1201,s,117,127.0,False,2009.25,2011.75
5947,1220,1315,s,117,119.0,False,2009.25,2009.75
5948,1242,1222,s,117,118.0,False,2009.25,2009.5
5949,1242,1613,s,117,119.0,False,2009.25,2009.75
5950,1329,1201,s,117,119.0,False,2009.25,2009.75
5951,1575,108,s,117,119.0,False,2009.25,2009.75
5952,1595,1517,s,117,126.0,False,2009.25,2011.5
5953,1678,1615,s,117,125.0,False,2009.25,2011.25
5954,150,320,s,117,117.0,False,2009.25,2009.25
5955,381,49,s,117,120.0,False,2009.25,2010.0
5956,415,1281,s,117,119.0,False,2009.25,2009.75
5957,439,1226,s,117,121.0,False,2009.25,2010.25
5958,466,49,s,117,121.0,False,2009.25,2010.25
5959,773,416,s,117,127.0,False,2009.25,2011.75
5960,796,49,s,117,119.0,False,2009.25,2009.75
5961,796,628,s,117,118.0,False,2009.25,2009.5
5962,815,146,s,117,118.0,False,2009.25,2009.5
5963,916,146,s,117,129.0,False,2009.25,2012.25
5964,991,733,s,117,118.0,False,2009.25,2009.5
5965,1239,1201,s,117,121.0,False,2009.25,2010.25
5966,1309,1388,s,117,118.0,False,2009.25,2009.5
5967,1328,1297,s,117,121.0,False,2009.25,2010.25
5968,1328,1615,s,117,119.0,False,2009.25,2009.75
5969,1382,1353,s,117,119.0,False,2009.25,2009.75
5970,1390,1388,s,117,138.0,False,2009.25,2014.5
5971,1401,1255,s,117,124.0,False,2009.25,2011.0
5972,1466,108,s,117,119.0,False,2009.25,2009.75
5973,1595,1282,s,117,124.0,False,2009.25,2011.0
5974,1619,24,s,117,127.0,False,2009.25,2011.75
5975,1655,1274,s,117,123.0,False,2009.25,2010.75
5976,1655,1282,s,117,117.0,False,2009.25,2009.25
5977,287,733,s,117,118.0,False,2009.25,2009.5
5978,465,1299,s,117,127.0,False,2009.25,2011.75
5979,467,1613,s,117,119.0,False,2009.25,2009.75
5980,497,653,s,117,118.0,False,2009.25,2009.5
5981,756,167,s,117,120.0,False,2009.25,2010.0
5982,777,407,s,117,119.0,False,2009.25,2009.75
5983,791,409,s,117,118.0,False,2009.25,2009.5
5984,837,1675,s,117,121.0,False,2009.25,2010.25
5985,1097,41,s,117,122.0,False,2009.25,2010.5
5986,1187,1222,s,117,119.0,False,2009.25,2009.75
5987,1242,1388,s,117,119.0,False,2009.25,2009.75
5988,1263,61,s,117,119.0,False,2009.25,2009.75
5989,1266,1255,s,117,122.0,False,2009.25,2010.5
5990,1319,800,s,117,126.0,False,2009.25,2011.5
5991,1330,1299,s,117,119.0,False,2009.25,2009.75
5992,1595,1247,s,117,125.0,False,2009.25,2011.25
5993,1655,1353,s,117,124.0,False,2009.25,2011.0
5994,1237,1282,l,117,164.0,True,2009.25,2021.0
5995,507,1321,l,117,239.0,True,2009.25,2039.75
5996,807,320,l,117,164.0,True,2009.25,2021.0
5997,113,159,s,118,122.0,False,2009.5,2010.5
5998,218,32,s,118,119.0,False,2009.5,2009.75
5999,230,49,s,118,120.0,False,2009.5,2010.0
6000,260,572,s,118,121.0,False,2009.5,2010.25
6001,415,653,s,118,120.0,False,2009.5,2010.0
6002,466,170,s,118,121.0,False,2009.5,2010.25
6003,466,340,s,118,118.0,False,2009.5,2009.5
6004,467,572,s,118,120.0,False,2009.5,2010.0
6005,507,1615,s,118,119.0,False,2009.5,2009.75
6006,737,391,s,118,118.0,False,2009.5,2009.5
6007,788,108,s,118,124.0,False,2009.5,2011.0
6008,796,606,s,118,126.0,False,2009.5,2011.5
6009,796,857,s,118,131.0,False,2009.5,2012.75
6010,807,615,s,118,119.0,False,2009.5,2009.75
6011,885,653,s,118,119.0,False,2009.5,2009.75
6012,995,1282,s,118,118.0,False,2009.5,2009.5
6013,1239,1339,s,118,125.0,False,2009.5,2011.25
6014,1239,1616,s,118,121.0,False,2009.5,2010.25
6015,1242,1315,s,118,125.0,False,2009.5,2011.25
6016,1319,1247,s,118,125.0,False,2009.5,2011.25
6017,1330,146,s,118,122.0,False,2009.5,2010.5
6018,1330,1342,s,118,118.0,False,2009.5,2009.5
6019,1343,315,s,118,118.0,False,2009.5,2009.5
6020,1343,952,s,118,118.0,False,2009.5,2009.5
6021,1382,1428,s,118,119.0,False,2009.5,2009.75
6022,1406,1190,s,118,125.0,False,2009.5,2011.25
6023,1619,1188,s,118,128.0,False,2009.5,2012.0
6024,1678,1321,s,118,119.0,False,2009.5,2009.75
6025,230,1281,s,118,120.0,False,2009.5,2010.0
6026,287,947,s,118,130.0,False,2009.5,2012.5
6027,363,578,s,118,120.0,False,2009.5,2010.0
6028,611,259,s,118,119.0,False,2009.5,2009.75
6029,731,85,s,118,124.0,False,2009.5,2011.0
6030,756,280,s,118,119.0,False,2009.5,2009.75
6031,777,965,s,118,120.0,False,2009.5,2010.0
6032,792,675,s,118,120.0,False,2009.5,2010.0
6033,916,320,s,118,122.0,False,2009.5,2010.5
6034,937,571,s,118,122.0,False,2009.5,2010.5
6035,991,1615,s,118,120.0,False,2009.5,2010.0
6036,1266,1231,s,118,119.0,False,2009.5,2009.75
6037,1319,1298,s,118,123.0,False,2009.5,2010.75
6038,1329,1190,s,118,123.0,False,2009.5,2010.75
6039,1359,453,s,118,124.0,False,2009.5,2011.0
6040,1401,1615,s,118,123.0,False,2009.5,2010.75
6041,1466,572,s,118,124.0,False,2009.5,2011.0
6042,1595,1204,s,118,126.0,False,2009.5,2011.5
6043,1656,97,s,118,121.0,False,2009.5,2010.25
6044,1678,1002,s,118,120.0,False,2009.5,2010.0
6045,133,97,s,118,123.0,False,2009.5,2010.75
6046,248,1018,s,118,119.0,False,2009.5,2009.75
6047,316,785,s,118,120.0,False,2009.5,2010.0
6048,414,785,s,118,119.0,False,2009.5,2009.75
6049,466,108,s,118,119.0,False,2009.5,2009.75
6050,756,733,s,118,120.0,False,2009.5,2010.0
6051,796,785,s,118,121.0,False,2009.5,2010.25
6052,916,653,s,118,120.0,False,2009.5,2010.0
6053,1079,649,s,118,119.0,False,2009.5,2009.75
6054,1203,653,s,118,119.0,False,2009.5,2009.75
6055,1290,1181,s,118,119.0,False,2009.5,2009.75
6056,1328,1274,s,118,119.0,False,2009.5,2009.75
6057,1343,108,s,118,119.0,False,2009.5,2009.75
6058,1343,572,s,118,119.0,False,2009.5,2009.75
6059,1343,662,s,118,121.0,False,2009.5,2010.25
6060,1359,85,s,118,119.0,False,2009.5,2009.75
6061,1390,1205,s,118,122.0,False,2009.5,2010.5
6062,1575,662,s,118,124.0,False,2009.5,2011.0
6063,1595,1002,s,118,119.0,False,2009.5,2009.75
6064,418,1190,l,118,137.0,True,2009.5,2014.25
6065,791,1190,l,118,133.0,True,2009.5,2013.25
6066,807,1615,l,118,141.0,True,2009.5,2015.25
6067,1242,1282,l,118,123.0,True,2009.5,2010.75
6068,1293,1190,l,118,118.0,True,2009.5,2009.5
6069,230,933,l,118,121.0,True,2009.5,2010.25
6070,966,653,l,118,129.0,True,2009.5,2012.25
6071,916,733,l,118,121.0,True,2009.5,2010.25
6072,1087,108,l,118,232.0,True,2009.5,2038.0
6073,1401,1315,l,118,222.0,True,2009.5,2035.5
6074,87,146,s,119,128.0,False,2009.75,2012.0
6075,113,389,s,119,120.0,False,2009.75,2010.0
6076,157,462,s,119,130.0,False,2009.75,2012.5
6077,204,97,s,119,119.0,False,2009.75,2009.75
6078,262,1272,s,119,134.0,False,2009.75,2013.5
6079,343,453,s,119,125.0,False,2009.75,2011.25
6080,415,146,s,119,120.0,False,2009.75,2010.0
6081,415,785,s,119,120.0,False,2009.75,2010.0
6082,792,685,s,119,119.0,False,2009.75,2009.75
6083,807,785,s,119,124.0,False,2009.75,2011.0
6084,991,146,s,119,135.0,False,2009.75,2013.75
6085,993,320,s,119,119.0,False,2009.75,2009.75
6086,1126,1051,s,119,125.0,False,2009.75,2011.25
6087,1225,1613,s,119,122.0,False,2009.75,2010.5
6088,1242,97,s,119,119.0,False,2009.75,2009.75
6089,1242,1188,s,119,125.0,False,2009.75,2011.25
6090,1290,1282,s,119,123.0,False,2009.75,2010.75
6091,1290,1613,s,119,133.0,False,2009.75,2013.25
6092,1343,952,s,119,119.0,False,2009.75,2009.75
6093,1401,1282,s,119,120.0,False,2009.75,2010.0
6094,1417,1388,s,119,128.0,False,2009.75,2012.0
6095,1595,1201,s,119,123.0,False,2009.75,2010.75
6096,1595,1299,s,119,120.0,False,2009.75,2010.0
6097,260,1517,s,119,120.0,False,2009.75,2010.0
6098,418,733,s,119,122.0,False,2009.75,2010.5
6099,418,789,s,119,128.0,False,2009.75,2012.0
6100,452,1321,s,119,124.0,False,2009.75,2011.0
6101,756,320,s,119,120.0,False,2009.75,2010.0
6102,796,320,s,119,119.0,False,2009.75,2009.75
6103,796,628,s,119,120.0,False,2009.75,2010.0
6104,807,571,s,119,129.0,False,2009.75,2012.25
6105,916,1675,s,119,120.0,False,2009.75,2010.0
6106,991,167,s,119,124.0,False,2009.75,2011.0
6107,1266,1316,s,119,124.0,False,2009.75,2011.0
6108,1266,1321,s,119,121.0,False,2009.75,2010.25
6109,1329,1281,s,119,120.0,False,2009.75,2010.0
6110,1359,653,s,119,120.0,False,2009.75,2010.0
6111,1393,1247,s,119,123.0,False,2009.75,2010.75
6112,1401,1517,s,119,134.0,False,2009.75,2013.5
6113,1677,571,s,119,125.0,False,2009.75,2011.25
6114,1677,1298,s,119,120.0,False,2009.75,2010.0
6115,1677,1388,s,119,124.0,False,2009.75,2011.0
6116,287,416,s,119,120.0,False,2009.75,2010.0
6117,418,205,s,119,120.0,False,2009.75,2010.0
6118,466,340,s,119,120.0,False,2009.75,2010.0
6119,734,320,s,119,126.0,False,2009.75,2011.5
6120,788,320,s,119,120.0,False,2009.75,2010.0
6121,807,49,s,119,120.0,False,2009.75,2010.0
6122,913,1204,s,119,121.0,False,2009.75,2010.25
6123,1237,1388,s,119,130.0,False,2009.75,2012.5
6124,1242,1615,s,119,128.0,False,2009.75,2012.0
6125,1264,1403,s,119,121.0,False,2009.75,2010.25
6126,1271,1339,s,119,120.0,False,2009.75,2010.0
6127,1329,1011,s,119,122.0,False,2009.75,2010.5
6128,1330,1282,s,119,121.0,False,2009.75,2010.25
6129,1343,785,s,119,120.0,False,2009.75,2010.0
6130,1401,1388,s,119,122.0,False,2009.75,2010.5
6131,1655,1300,s,119,122.0,False,2009.75,2010.5
6132,1706,685,s,119,122.0,False,2009.75,2010.5
6133,1239,1257,l,119,200.0,True,2009.75,2030.0
6134,1655,1282,l,119,133.0,True,2009.75,2013.25
6135,304,800,l,119,155.0,True,2009.75,2018.75
6136,1655,1257,l,119,165.0,True,2009.75,2021.25
6137,157,391,s,120,130.0,False,2010.0,2012.5
6138,230,97,s,120,125.0,False,2010.0,2011.25
6139,497,733,s,120,124.0,False,2010.0,2011.0
6140,610,340,s,120,126.0,False,2010.0,2011.5
6141,791,800,s,120,126.0,False,2010.0,2011.5
6142,797,1188,s,120,121.0,False,2010.0,2010.25
6143,953,1615,s,120,125.0,False,2010.0,2011.25
6144,1079,1321,s,120,122.0,False,2010.0,2010.5
6145,1242,785,s,120,128.0,False,2010.0,2012.0
6146,1319,1388,s,120,130.0,False,2010.0,2012.5
6147,1343,534,s,120,121.0,False,2010.0,2010.25
6148,1619,1321,s,120,121.0,False,2010.0,2010.25
6149,1677,1315,s,120,122.0,False,2010.0,2010.5
6150,169,653,s,120,125.0,False,2010.0,2011.25
6151,497,965,s,120,125.0,False,2010.0,2011.25
6152,796,391,s,120,120.0,False,2010.0,2010.0
6153,807,952,s,120,120.0,False,2010.0,2010.0
6154,869,391,s,120,125.0,False,2010.0,2011.25
6155,1097,315,s,120,133.0,False,2010.0,2013.25
6156,1242,1205,s,120,122.0,False,2010.0,2010.5
6157,1242,1335,s,120,128.0,False,2010.0,2012.0
6158,1264,1365,s,120,124.0,False,2010.0,2011.0
6159,1266,1615,s,120,125.0,False,2010.0,2011.25
6160,1401,1367,s,120,123.0,False,2010.0,2010.75
6161,1406,800,s,120,130.0,False,2010.0,2012.5
6162,316,496,s,120,127.0,False,2010.0,2011.75
6163,497,653,s,120,131.0,False,2010.0,2012.75
6164,611,280,s,120,123.0,False,2010.0,2010.75
6165,796,416,s,120,130.0,False,2010.0,2012.5
6166,1093,835,s,120,130.0,False,2010.0,2012.5
6167,1200,1613,s,120,123.0,False,2010.0,2010.75
6168,1266,1353,s,120,128.0,False,2010.0,2012.0
6169,1359,1615,s,120,121.0,False,2010.0,2010.25
6170,1393,1257,s,120,122.0,False,2010.0,2010.5
6171,1401,1400,s,120,132.0,False,2010.0,2013.0
6172,1406,1517,s,120,122.0,False,2010.0,2010.5
6173,1420,1517,s,120,125.0,False,2010.0,2011.25
6174,1678,933,s,120,127.0,False,2010.0,2011.75
6175,1723,1247,s,120,121.0,False,2010.0,2010.25
6176,1265,1615,l,120,177.0,True,2010.0,2024.25
6177,1306,1299,l,120,177.0,True,2010.0,2024.25
6178,1595,1353,l,120,,True,2010.0,
6179,412,1318,l,120,140.0,True,2010.0,2015.0
6180,439,1026,l,120,212.0,True,2010.0,2033.0
6181,1294,1205,l,120,148.0,True,2010.0,2017.0
6182,1220,1218,l,120,155.0,True,2010.0,2018.75
6183,1387,1255,l,120,167.0,True,2010.0,2021.75
6184,1595,1346,l,120,157.0,True,2010.0,2019.25
6185,1723,1282,l,120,140.0,True,2010.0,2015.0
6186,287,628,s,121,122.0,False,2010.25,2010.5
6187,587,1615,s,121,124.0,False,2010.25,2011.0
6188,791,444,s,121,122.0,False,2010.25,2010.5
6189,792,685,s,121,129.0,False,2010.25,2012.25
6190,924,835,s,121,121.0,False,2010.25,2010.25
6191,937,785,s,121,123.0,False,2010.25,2010.75
6192,1082,146,s,121,131.0,False,2010.25,2012.75
6193,1239,1274,s,121,122.0,False,2010.25,2010.5
6194,1330,1315,s,121,130.0,False,2010.25,2012.5
6195,1401,1613,s,121,124.0,False,2010.25,2011.0
6196,1706,857,s,121,125.0,False,2010.25,2011.25
6197,1706,1064,s,121,122.0,False,2010.25,2010.5
6198,1723,1367,s,121,121.0,False,2010.25,2010.25
6199,40,49,s,121,123.0,False,2010.25,2010.75
6200,87,159,s,121,125.0,False,2010.25,2011.25
6201,304,1026,s,121,134.0,False,2010.25,2013.5
6202,466,762,s,121,139.0,False,2010.25,2014.75
6203,1006,1339,s,121,126.0,False,2010.25,2011.5
6204,1235,1615,s,121,123.0,False,2010.25,2010.75
6205,1237,1613,s,121,129.0,False,2010.25,2012.25
6206,1266,1339,s,121,131.0,False,2010.25,2012.75
6207,1293,1282,s,121,126.0,False,2010.25,2011.5
6208,1306,1335,s,121,125.0,False,2010.25,2011.25
6209,1319,1188,s,121,127.0,False,2010.25,2011.75
6210,1343,108,s,121,126.0,False,2010.25,2011.5
6211,1574,1613,s,121,125.0,False,2010.25,2011.25
6212,1655,1388,s,121,121.0,False,2010.25,2010.25
6213,1656,1615,s,121,125.0,False,2010.25,2011.25
6214,1723,1298,s,121,127.0,False,2010.25,2011.75
6215,113,146,s,121,130.0,False,2010.25,2012.5
6216,269,85,s,121,122.0,False,2010.25,2010.5
6217,507,159,s,121,126.0,False,2010.25,2011.5
6218,610,49,s,121,122.0,False,2010.25,2010.5
6219,731,315,s,121,127.0,False,2010.25,2011.75
6220,788,1041,s,121,125.0,False,2010.25,2011.25
6221,815,572,s,121,127.0,False,2010.25,2011.75
6222,859,534,s,121,124.0,False,2010.25,2011.0
6223,978,320,s,121,122.0,False,2010.25,2010.5
6224,1097,1377,s,121,122.0,False,2010.25,2010.5
6225,1265,1274,s,121,123.0,False,2010.25,2010.75
6226,1393,1281,s,121,126.0,False,2010.25,2011.5
6227,1406,1201,s,121,123.0,False,2010.25,2010.75
6228,1596,1315,s,121,123.0,False,2010.25,2010.75
6229,1294,1315,l,121,142.0,True,2010.25,2015.5
6230,1595,1388,l,121,145.0,True,2010.25,2016.25
6231,871,1281,l,121,162.0,True,2010.25,2020.5
6232,936,85,l,121,196.0,True,2010.25,2029.0
6233,1294,1335,l,121,150.0,True,2010.25,2017.5
6234,1401,1318,l,121,190.0,True,2010.25,2027.5
6235,734,49,l,121,167.0,True,2010.25,2021.75
6236,1319,1615,l,121,165.0,True,2010.25,2021.25
6237,248,1201,s,122,125.0,False,2010.5,2011.25
6238,269,444,s,122,125.0,False,2010.5,2011.25
6239,381,108,s,122,125.0,False,2010.5,2011.25
6240,381,315,s,122,126.0,False,2010.5,2011.5
6241,418,146,s,122,128.0,False,2010.5,2012.0
6242,497,786,s,122,125.0,False,2010.5,2011.25
6243,501,320,s,122,125.0,False,2010.5,2011.25
6244,575,952,s,122,127.0,False,2010.5,2011.75
6245,611,1615,s,122,126.0,False,2010.5,2011.5
6246,716,416,s,122,124.0,False,2010.5,2011.0
6247,744,1699,s,122,126.0,False,2010.5,2011.5
6248,791,108,s,122,122.0,False,2010.5,2010.5
6249,807,772,s,122,122.0,False,2010.5,2010.5
6250,917,407,s,122,124.0,False,2010.5,2011.0
6251,917,1675,s,122,132.0,False,2010.5,2013.0
6252,937,146,s,122,133.0,False,2010.5,2013.25
6253,1079,1226,s,122,129.0,False,2010.5,2012.25
6254,1096,167,s,122,127.0,False,2010.5,2011.75
6255,1171,462,s,122,126.0,False,2010.5,2011.5
6256,1237,146,s,122,123.0,False,2010.5,2010.75
6257,1239,1298,s,122,123.0,False,2010.5,2010.75
6258,1242,1201,s,122,126.0,False,2010.5,2011.5
6259,1280,1298,s,122,123.0,False,2010.5,2010.75
6260,1359,653,s,122,130.0,False,2010.5,2012.5
6261,1417,1274,s,122,128.0,False,2010.5,2012.0
6262,1575,933,s,122,124.0,False,2010.5,2011.0
6263,1677,1281,s,122,133.0,False,2010.5,2013.25
6264,1677,1613,s,122,129.0,False,2010.5,2012.25
6265,133,320,s,122,123.0,False,2010.5,2010.75
6266,230,572,s,122,130.0,False,2010.5,2012.5
6267,415,1321,s,122,125.0,False,2010.5,2011.25
6268,716,189,s,122,133.0,False,2010.5,2013.25
6269,1306,1388,s,122,126.0,False,2010.5,2011.5
6270,1328,1335,s,122,122.0,False,2010.5,2010.5
6271,1424,1321,s,122,124.0,False,2010.5,2011.0
6272,40,340,s,122,128.0,False,2010.5,2012.0
6273,57,583,s,122,123.0,False,2010.5,2010.75
6274,150,572,s,122,123.0,False,2010.5,2010.75
6275,269,391,s,122,126.0,False,2010.5,2011.5
6276,316,146,s,122,123.0,False,2010.5,2010.75
6277,507,1675,s,122,123.0,False,2010.5,2010.75
6278,731,129,s,122,126.0,False,2010.5,2011.5
6279,807,653,s,122,127.0,False,2010.5,2011.75
6280,885,572,s,122,124.0,False,2010.5,2011.0
6281,913,933,s,122,125.0,False,2010.5,2011.25
6282,916,85,s,122,125.0,False,2010.5,2011.25
6283,1087,653,s,122,130.0,False,2010.5,2012.5
6284,1092,49,s,122,125.0,False,2010.5,2011.25
6285,1097,653,s,122,129.0,False,2010.5,2012.25
6286,1200,1160,s,122,129.0,False,2010.5,2012.25
6287,1225,387,s,122,125.0,False,2010.5,2011.25
6288,1290,1185,s,122,124.0,False,2010.5,2011.0
6289,1306,146,s,122,133.0,False,2010.5,2013.25
6290,1330,1282,s,122,127.0,False,2010.5,2011.75
6291,1359,733,s,122,123.0,False,2010.5,2010.75
6292,1655,1158,s,122,135.0,False,2010.5,2013.75
6293,1655,1321,s,122,127.0,False,2010.5,2011.75
6294,1677,1367,s,122,123.0,False,2010.5,2010.75
6295,1678,1281,s,122,131.0,False,2010.5,2012.75
6296,415,572,l,122,194.0,True,2010.5,2028.5
6297,1595,1342,l,122,145.0,True,2010.5,2016.25
6298,303,571,l,122,133.0,True,2010.5,2013.25
6299,466,1024,l,122,136.0,True,2010.5,2014.0
6300,978,259,l,122,180.0,True,2010.5,2025.0
6301,1203,572,l,122,151.0,True,2010.5,2017.75
6302,133,572,s,123,128.0,False,2010.75,2012.0
6303,262,1247,s,123,131.0,False,2010.75,2012.75
6304,316,170,s,123,124.0,False,2010.75,2011.0
6305,479,952,s,123,128.0,False,2010.75,2012.0
6306,497,1615,s,123,127.0,False,2010.75,2011.75
6307,731,1036,s,123,127.0,False,2010.75,2011.75
6308,732,416,s,123,124.0,False,2010.75,2011.0
6309,837,146,s,123,126.0,False,2010.75,2011.5
6310,1074,800,s,123,125.0,False,2010.75,2011.25
6311,1239,678,s,123,124.0,False,2010.75,2011.0
6312,1265,1339,s,123,124.0,False,2010.75,2011.0
6313,1290,1205,s,123,128.0,False,2010.75,2012.0
6314,1467,462,s,123,123.0,False,2010.75,2010.75
6315,1619,1615,s,123,126.0,False,2010.75,2011.5
6316,1723,1321,s,123,123.0,False,2010.75,2010.75
6317,133,653,s,123,124.0,False,2010.75,2011.0
6318,169,816,s,123,128.0,False,2010.75,2012.0
6319,234,1282,s,123,132.0,False,2010.75,2013.0
6320,466,835,s,123,123.0,False,2010.75,2010.75
6321,796,108,s,123,127.0,False,2010.75,2011.75
6322,796,733,s,123,129.0,False,2010.75,2012.25
6323,913,1282,s,123,125.0,False,2010.75,2011.25
6324,1187,1321,s,123,138.0,False,2010.75,2014.5
6325,1220,785,s,123,125.0,False,2010.75,2011.25
6326,1266,453,s,123,124.0,False,2010.75,2011.0
6327,1309,1190,s,123,126.0,False,2010.75,2011.5
6328,1328,1517,s,123,125.0,False,2010.75,2011.25
6329,1330,97,s,123,132.0,False,2010.75,2013.0
6330,1595,1249,s,123,124.0,False,2010.75,2011.0
6331,1619,268,s,123,124.0,False,2010.75,2011.0
6332,1678,159,s,123,124.0,False,2010.75,2011.0
6333,303,1201,s,123,125.0,False,2010.75,2011.25
6334,467,785,s,123,126.0,False,2010.75,2011.5
6335,611,733,s,123,124.0,False,2010.75,2011.0
6336,716,628,s,123,126.0,False,2010.75,2011.5
6337,913,82,s,123,131.0,False,2010.75,2012.75
6338,916,320,s,123,126.0,False,2010.75,2011.5
6339,1183,1339,s,123,124.0,False,2010.75,2011.0
6340,1290,1615,s,123,125.0,False,2010.75,2011.25
6341,1328,1274,s,123,125.0,False,2010.75,2011.25
6342,1329,1613,s,123,129.0,False,2010.75,2012.25
6343,1343,653,s,123,131.0,False,2010.75,2012.75
6344,1396,1400,s,123,128.0,False,2010.75,2012.0
6345,1677,1205,s,123,125.0,False,2010.75,2011.25
6346,718,108,l,123,127.0,True,2010.75,2011.75
6347,1677,1615,l,123,153.0,True,2010.75,2018.25
6348,807,684,l,123,171.0,True,2010.75,2022.75
6349,991,653,l,123,156.0,True,2010.75,2019.0
6350,1343,416,l,123,173.0,True,2010.75,2023.25
6351,248,1346,s,124,131.0,False,2011.0,2012.75
6352,287,1696,s,124,134.0,False,2011.0,2013.5
6353,516,733,s,124,125.0,False,2011.0,2011.25
6354,791,1615,s,124,142.0,False,2011.0,2015.5
6355,796,1675,s,124,128.0,False,2011.0,2012.0
6356,859,324,s,124,132.0,False,2011.0,2013.0
6357,859,835,s,124,125.0,False,2011.0,2011.25
6358,1079,785,s,124,134.0,False,2011.0,2013.5
6359,1187,1367,s,124,125.0,False,2011.0,2011.25
6360,1239,1232,s,124,125.0,False,2011.0,2011.25
6361,1265,800,s,124,127.0,False,2011.0,2011.75
6362,1382,1298,s,124,126.0,False,2011.0,2011.5
6363,1382,1315,s,124,137.0,False,2011.0,2014.25
6364,57,320,s,124,143.0,False,2011.0,2015.75
6365,113,1615,s,124,131.0,False,2011.0,2012.75
6366,133,146,s,124,129.0,False,2011.0,2012.25
6367,598,320,s,124,127.0,False,2011.0,2011.75
6368,731,929,s,124,126.0,False,2011.0,2011.5
6369,791,1321,s,124,125.0,False,2011.0,2011.25
6370,837,933,s,124,125.0,False,2011.0,2011.25
6371,913,320,s,124,124.0,False,2011.0,2011.0
6372,991,952,s,124,125.0,False,2011.0,2011.25
6373,993,835,s,124,127.0,False,2011.0,2011.75
6374,1079,1282,s,124,130.0,False,2011.0,2012.5
6375,1417,1190,s,124,124.0,False,2011.0,2011.0
6376,1725,653,s,124,125.0,False,2011.0,2011.25
6377,113,324,s,124,128.0,False,2011.0,2012.0
6378,133,416,s,124,127.0,False,2011.0,2011.75
6379,247,800,s,124,125.0,False,2011.0,2011.25
6380,303,1615,s,124,125.0,False,2011.0,2011.25
6381,415,653,s,124,125.0,False,2011.0,2011.25
6382,415,785,s,124,128.0,False,2011.0,2012.0
6383,630,785,s,124,125.0,False,2011.0,2011.25
6384,732,407,s,124,126.0,False,2011.0,2011.5
6385,791,952,s,124,129.0,False,2011.0,2012.25
6386,791,1201,s,124,125.0,False,2011.0,2011.25
6387,791,1257,s,124,128.0,False,2011.0,2012.0
6388,917,947,s,124,133.0,False,2011.0,2013.25
6389,1328,1188,s,124,134.0,False,2011.0,2013.5
6390,1359,146,s,124,129.0,False,2011.0,2012.25
6391,1359,1024,s,124,140.0,False,2011.0,2015.0
6392,1466,1517,s,124,128.0,False,2011.0,2012.0
6393,1677,97,s,124,128.0,False,2011.0,2012.0
6394,1723,1201,s,124,127.0,False,2011.0,2011.75
6395,1088,785,l,124,149.0,True,2011.0,2017.25
6396,1239,1247,l,124,175.0,True,2011.0,2023.75
6397,1359,1339,l,124,,True,2011.0,
6398,1595,1255,l,124,219.0,True,2011.0,2034.75
6399,509,1036,l,124,132.0,True,2011.0,2013.0
6400,204,1695,l,124,140.0,True,2011.0,2015.0
6401,1401,1190,l,124,166.0,True,2011.0,2021.5
6402,1619,1149,l,124,219.0,True,2011.0,2034.75
6403,1723,785,l,124,155.0,True,2011.0,2018.75
6404,65,921,s,125,126.0,False,2011.25,2011.5
6405,169,1339,s,125,131.0,False,2011.25,2012.75
6406,466,1026,s,125,126.0,False,2011.25,2011.5
6407,610,320,s,125,127.0,False,2011.25,2011.75
6408,791,159,s,125,131.0,False,2011.25,2012.75
6409,1005,409,s,125,134.0,False,2011.25,2013.5
6410,1097,129,s,125,127.0,False,2011.25,2011.75
6411,1170,1260,s,125,128.0,False,2011.25,2012.0
6412,1171,391,s,125,134.0,False,2011.25,2013.5
6413,1219,293,s,125,129.0,False,2011.25,2012.25
6414,1239,1282,s,125,125.0,False,2011.25,2011.25
6415,1294,1158,s,125,128.0,False,2011.25,2012.0
6416,1306,1281,s,125,137.0,False,2011.25,2014.25
6417,1330,1400,s,125,133.0,False,2011.25,2013.25
6418,1466,108,s,125,125.0,False,2011.25,2011.25
6419,1619,97,s,125,127.0,False,2011.25,2011.75
6420,414,159,s,125,127.0,False,2011.25,2011.75
6421,731,733,s,125,127.0,False,2011.25,2011.75
6422,791,1028,s,125,126.0,False,2011.25,2011.5
6423,796,1615,s,125,126.0,False,2011.25,2011.5
6424,916,733,s,125,133.0,False,2011.25,2013.25
6425,1079,1281,s,125,138.0,False,2011.25,2014.5
6426,1079,1321,s,125,126.0,False,2011.25,2011.5
6427,1096,662,s,125,131.0,False,2011.25,2012.75
6428,1186,97,s,125,127.0,False,2011.25,2011.75
6429,1271,1310,s,125,132.0,False,2011.25,2013.0
6430,1343,1023,s,125,134.0,False,2011.25,2013.5
6431,1382,1205,s,125,132.0,False,2011.25,2013.0
6432,1390,1335,s,125,126.0,False,2011.25,2011.5
6433,1393,1335,s,125,139.0,False,2011.25,2014.75
6434,1595,1281,s,125,128.0,False,2011.25,2012.0
6435,1655,1190,s,125,129.0,False,2011.25,2012.25
6436,1723,1190,s,125,127.0,False,2011.25,2011.75
6437,204,1321,s,125,132.0,False,2011.25,2013.0
6438,479,371,s,125,126.0,False,2011.25,2011.5
6439,637,1281,s,125,132.0,False,2011.25,2013.0
6440,716,929,s,125,126.0,False,2011.25,2011.5
6441,718,320,s,125,126.0,False,2011.25,2011.5
6442,731,159,s,125,131.0,False,2011.25,2012.75
6443,796,324,s,125,129.0,False,2011.25,2012.25
6444,796,1517,s,125,130.0,False,2011.25,2012.5
6445,874,320,s,125,127.0,False,2011.25,2011.75
6446,917,387,s,125,129.0,False,2011.25,2012.25
6447,1266,1517,s,125,126.0,False,2011.25,2011.5
6448,1328,1615,s,125,126.0,False,2011.25,2011.5
6449,1330,1150,s,125,129.0,False,2011.25,2012.25
6450,1343,733,s,125,129.0,False,2011.25,2012.25
6451,1396,800,s,125,127.0,False,2011.25,2011.75
6452,1401,1282,s,125,128.0,False,2011.25,2012.0
6453,1465,1028,s,125,126.0,False,2011.25,2011.5
6454,1466,1026,s,125,126.0,False,2011.25,2011.5
6455,1677,1150,s,125,134.0,False,2011.25,2013.5
6456,54,1615,l,125,172.0,True,2011.25,2023.0
6457,262,97,l,125,146.0,True,2011.25,2016.5
6458,316,965,l,125,240.0,True,2011.25,2040.0
6459,788,320,l,125,128.0,True,2011.25,2012.0
6460,796,320,l,125,180.0,True,2011.25,2025.0
6461,908,653,l,125,167.0,True,2011.25,2021.75
6462,303,1615,l,125,126.0,True,2011.25,2011.5
6463,501,41,l,125,151.0,True,2011.25,2017.75
6464,1294,1282,l,125,138.0,True,2011.25,2014.5
6465,497,189,l,125,177.0,True,2011.25,2024.25
6466,113,785,s,126,127.0,False,2011.5,2011.75
6467,230,689,s,126,129.0,False,2011.5,2012.25
6468,234,1615,s,126,135.0,False,2011.5,2013.75
6469,497,615,s,126,128.0,False,2011.5,2012.0
6470,630,1675,s,126,129.0,False,2011.5,2012.25
6471,731,680,s,126,126.0,False,2011.5,2011.5
6472,773,293,s,126,127.0,False,2011.5,2011.75
6473,1171,733,s,126,129.0,False,2011.5,2012.25
6474,1341,1353,s,126,129.0,False,2011.5,2012.25
6475,1343,785,s,126,129.0,False,2011.5,2012.25
6476,1343,965,s,126,145.0,False,2011.5,2016.25
6477,1363,1339,s,126,127.0,False,2011.5,2011.75
6478,1454,1339,s,126,135.0,False,2011.5,2013.75
6479,1465,146,s,126,127.0,False,2011.5,2011.75
6480,1677,1353,s,126,128.0,False,2011.5,2012.0
6481,248,416,s,126,126.0,False,2011.5,2011.5
6482,630,1615,s,126,129.0,False,2011.5,2012.25
6483,796,336,s,126,130.0,False,2011.5,2012.5
6484,993,615,s,126,128.0,False,2011.5,2012.0
6485,1079,1353,s,126,128.0,False,2011.5,2012.0
6486,1239,146,s,126,128.0,False,2011.5,2012.0
6487,1271,1282,s,126,127.0,False,2011.5,2011.75
6488,1294,1190,s,126,130.0,False,2011.5,2012.5
6489,1359,952,s,126,126.0,False,2011.5,2011.5
6490,1574,785,s,126,129.0,False,2011.5,2012.25
6491,1595,1222,s,126,127.0,False,2011.5,2011.75
6492,204,1615,s,126,127.0,False,2011.5,2011.75
6493,439,578,s,126,129.0,False,2011.5,2012.25
6494,501,628,s,126,130.0,False,2011.5,2012.5
6495,716,947,s,126,128.0,False,2011.5,2012.0
6496,988,280,s,126,127.0,False,2011.5,2011.75
6497,995,933,s,126,129.0,False,2011.5,2012.25
6498,1087,1149,s,126,129.0,False,2011.5,2012.25
6499,1206,1201,s,126,144.0,False,2011.5,2016.0
6500,1239,653,s,126,128.0,False,2011.5,2012.0
6501,1242,1299,s,126,145.0,False,2011.5,2016.25
6502,1329,1321,s,126,136.0,False,2011.5,2014.0
6503,1677,1388,s,126,130.0,False,2011.5,2012.5
6504,1677,1428,s,126,130.0,False,2011.5,2012.5
6505,1266,1249,l,126,146.0,True,2011.5,2016.5
6506,1330,1272,l,126,220.0,True,2011.5,2035.0
6507,1595,1201,l,126,157.0,True,2011.5,2019.25
6508,234,159,l,126,236.0,True,2011.5,2039.0
6509,916,108,l,126,147.0,True,2011.5,2016.75
6510,1393,1002,l,126,234.0,True,2011.5,2038.5
6511,40,572,s,127,128.0,False,2011.75,2012.0
6512,113,965,s,127,134.0,False,2011.75,2013.5
6513,133,1615,s,127,129.0,False,2011.75,2012.25
6514,287,391,s,127,129.0,False,2011.75,2012.25
6515,507,1615,s,127,128.0,False,2011.75,2012.0
6516,716,965,s,127,133.0,False,2011.75,2013.25
6517,743,952,s,127,128.0,False,2011.75,2012.0
6518,773,1517,s,127,130.0,False,2011.75,2012.5
6519,837,1247,s,127,130.0,False,2011.75,2012.5
6520,859,572,s,127,133.0,False,2011.75,2013.25
6521,953,628,s,127,128.0,False,2011.75,2012.0
6522,1183,1339,s,127,131.0,False,2011.75,2012.75
6523,1206,952,s,127,130.0,False,2011.75,2012.5
6524,1239,1255,s,127,128.0,False,2011.75,2012.0
6525,1266,1615,s,127,128.0,False,2011.75,2012.0
6526,1309,1335,s,127,132.0,False,2011.75,2013.0
6527,1343,108,s,127,130.0,False,2011.75,2012.5
6528,1343,259,s,127,134.0,False,2011.75,2013.5
6529,1401,1513,s,127,128.0,False,2011.75,2012.0
6530,1412,1367,s,127,129.0,False,2011.75,2012.25
6531,1412,1400,s,127,127.0,False,2011.75,2011.75
6532,1655,1318,s,127,127.0,False,2011.75,2011.75
6533,157,1377,s,127,139.0,False,2011.75,2014.75
6534,169,1299,s,127,129.0,False,2011.75,2012.25
6535,260,1615,s,127,130.0,False,2011.75,2012.5
6536,287,320,s,127,130.0,False,2011.75,2012.5
6537,381,965,s,127,133.0,False,2011.75,2013.25
6538,501,108,s,127,130.0,False,2011.75,2012.5
6539,610,340,s,127,128.0,False,2011.75,2012.0
6540,610,1026,s,127,132.0,False,2011.75,2013.0
6541,630,416,s,127,130.0,False,2011.75,2012.5
6542,731,772,s,127,134.0,False,2011.75,2013.5
6543,796,358,s,127,127.0,False,2011.75,2011.75
6544,815,1001,s,127,140.0,False,2011.75,2015.0
6545,916,129,s,127,129.0,False,2011.75,2012.25
6546,917,324,s,127,129.0,False,2011.75,2012.25
6547,1079,409,s,127,136.0,False,2011.75,2014.0
6548,1079,952,s,127,130.0,False,2011.75,2012.5
6549,1087,1026,s,127,129.0,False,2011.75,2012.25
6550,1186,1428,s,127,129.0,False,2011.75,2012.25
6551,1239,952,s,127,127.0,False,2011.75,2011.75
6552,1242,1201,s,127,131.0,False,2011.75,2012.75
6553,1354,1247,s,127,129.0,False,2011.75,2012.25
6554,1382,1190,s,127,130.0,False,2011.75,2012.5
6555,1412,1613,s,127,128.0,False,2011.75,2012.0
6556,1677,1299,s,127,131.0,False,2011.75,2012.75
6557,1677,1315,s,127,136.0,False,2011.75,2014.0
6558,1723,97,s,127,138.0,False,2011.75,2014.5
6559,40,947,s,127,131.0,False,2011.75,2012.75
6560,67,1615,s,127,129.0,False,2011.75,2012.25
6561,133,108,s,127,131.0,False,2011.75,2012.75
6562,303,1282,s,127,133.0,False,2011.75,2013.25
6563,342,167,s,127,130.0,False,2011.75,2012.5
6564,467,952,s,127,132.0,False,2011.75,2013.0
6565,718,280,s,127,129.0,False,2011.75,2012.25
6566,718,965,s,127,129.0,False,2011.75,2012.25
6567,791,572,s,127,130.0,False,2011.75,2012.5
6568,791,789,s,127,129.0,False,2011.75,2012.25
6569,791,1222,s,127,131.0,False,2011.75,2012.75
6570,791,1517,s,127,130.0,False,2011.75,2012.5
6571,837,1201,s,127,132.0,False,2011.75,2013.0
6572,916,320,s,127,128.0,False,2011.75,2012.0
6573,937,684,s,127,131.0,False,2011.75,2012.75
6574,937,1190,s,127,129.0,False,2011.75,2012.25
6575,1082,453,s,127,129.0,False,2011.75,2012.25
6576,1209,1513,s,127,130.0,False,2011.75,2012.5
6577,1223,1190,s,127,128.0,False,2011.75,2012.0
6578,1242,1315,s,127,139.0,False,2011.75,2014.75
6579,1343,85,s,127,131.0,False,2011.75,2012.75
6580,1420,1365,s,127,128.0,False,2011.75,2012.0
6581,1723,159,s,127,129.0,False,2011.75,2012.25
6582,1723,416,s,127,130.0,False,2011.75,2012.5
6583,1097,129,l,127,201.0,True,2011.75,2030.25
6584,1309,1517,l,127,153.0,True,2011.75,2018.25
6585,1359,336,l,127,,True,2011.75,
6586,1401,1339,l,127,145.0,True,2011.75,2016.25
6587,1655,1298,l,127,175.0,True,2011.75,2023.75
6588,342,320,l,127,132.0,True,2011.75,2013.0
6589,381,763,l,127,139.0,True,2011.75,2014.75
6590,743,1517,l,127,166.0,True,2011.75,2021.5
6591,791,146,l,127,151.0,True,2011.75,2017.75
6592,1466,49,l,127,141.0,True,2011.75,2015.25
6593,230,108,s,128,134.0,False,2012.0,2013.5
6594,587,1321,s,128,128.0,False,2012.0,2012.0
6595,597,108,s,128,129.0,False,2012.0,2012.25
6596,611,146,s,128,128.0,False,2012.0,2012.0
6597,792,948,s,128,130.0,False,2012.0,2012.5
6598,796,947,s,128,129.0,False,2012.0,2012.25
6599,913,1615,s,128,149.0,False,2012.0,2017.25
6600,1092,680,s,128,129.0,False,2012.0,2012.25
6601,1097,1026,s,128,130.0,False,2012.0,2012.5
6602,1406,1613,s,128,130.0,False,2012.0,2012.5
6603,1412,1615,s,128,136.0,False,2012.0,2014.0
6604,1723,146,s,128,139.0,False,2012.0,2014.75
6605,216,1018,s,128,140.0,False,2012.0,2015.0
6606,466,749,s,128,128.0,False,2012.0,2012.0
6607,705,866,s,128,135.0,False,2012.0,2013.75
6608,754,146,s,128,137.0,False,2012.0,2014.25
6609,807,159,s,128,129.0,False,2012.0,2012.25
6610,1082,159,s,128,131.0,False,2012.0,2012.75
6611,1087,1201,s,128,130.0,False,2012.0,2012.5
6612,1290,1400,s,128,129.0,False,2012.0,2012.25
6613,1343,146,s,128,131.0,False,2012.0,2012.75
6614,1406,1400,s,128,128.0,False,2012.0,2012.0
6615,1417,1318,s,128,133.0,False,2012.0,2013.25
6616,1453,1346,s,128,133.0,False,2012.0,2013.25
6617,1466,387,s,128,131.0,False,2012.0,2012.75
6618,1575,662,s,128,146.0,False,2012.0,2016.5
6619,230,653,s,128,129.0,False,2012.0,2012.25
6620,287,578,s,128,140.0,False,2012.0,2015.0
6621,316,78,s,128,135.0,False,2012.0,2013.75
6622,381,1260,s,128,137.0,False,2012.0,2014.25
6623,415,1247,s,128,131.0,False,2012.0,2012.75
6624,788,108,s,128,136.0,False,2012.0,2014.0
6625,788,653,s,128,135.0,False,2012.0,2013.75
6626,916,159,s,128,132.0,False,2012.0,2013.0
6627,1097,336,s,128,135.0,False,2012.0,2013.75
6628,1239,1190,s,128,130.0,False,2012.0,2012.5
6629,1266,1281,s,128,130.0,False,2012.0,2012.5
6630,1412,1315,s,128,133.0,False,2012.0,2013.25
6631,1574,1615,s,128,131.0,False,2012.0,2012.75
6632,1655,1201,s,128,134.0,False,2012.0,2013.5
6633,1677,1247,s,128,130.0,False,2012.0,2012.5
6634,1678,1517,s,128,129.0,False,2012.0,2012.25
6635,262,1299,l,128,135.0,True,2012.0,2013.75
6636,716,336,l,128,196.0,True,2012.0,2029.0
6637,1396,1190,l,128,155.0,True,2012.0,2018.75
6638,1619,97,l,128,136.0,True,2012.0,2014.0
6639,792,578,l,128,166.0,True,2012.0,2021.5
6640,1092,628,l,128,131.0,True,2012.0,2012.75
6641,1319,1158,l,128,202.0,True,2012.0,2030.5
6642,1595,1316,l,128,187.0,True,2012.0,2026.75
6643,135,1043,l,128,140.0,True,2012.0,2015.0
6644,791,1201,l,128,166.0,True,2012.0,2021.5
6645,40,416,s,129,130.0,False,2012.25,2012.5
6646,65,572,s,129,131.0,False,2012.25,2012.75
6647,262,1008,s,129,130.0,False,2012.25,2012.5
6648,363,1551,s,129,131.0,False,2012.25,2012.75
6649,718,324,s,129,138.0,False,2012.25,2014.5
6650,743,1321,s,129,141.0,False,2012.25,2015.25
6651,913,583,s,129,134.0,False,2012.25,2013.5
6652,1074,1615,s,129,131.0,False,2012.25,2012.75
6653,1079,572,s,129,143.0,False,2012.25,2015.75
6654,1187,1517,s,129,129.0,False,2012.25,2012.25
6655,1314,1353,s,129,139.0,False,2012.25,2014.75
6656,1401,1475,s,129,130.0,False,2012.25,2012.5
6657,1678,1615,s,129,130.0,False,2012.25,2012.5
6658,133,320,s,129,130.0,False,2012.25,2012.5
6659,218,578,s,129,134.0,False,2012.25,2013.5
6660,269,820,s,129,129.0,False,2012.25,2012.25
6661,304,534,s,129,131.0,False,2012.25,2012.75
6662,415,416,s,129,131.0,False,2012.25,2012.75
6663,743,1205,s,129,129.0,False,2012.25,2012.25
6664,791,1158,s,129,140.0,False,2012.25,2015.0
6665,791,1247,s,129,131.0,False,2012.25,2012.75
6666,796,1615,s,129,131.0,False,2012.25,2012.75
6667,807,733,s,129,130.0,False,2012.25,2012.5
6668,871,1024,s,129,149.0,False,2012.25,2017.25
6669,885,146,s,129,134.0,False,2012.25,2013.5
6670,916,1321,s,129,131.0,False,2012.25,2012.75
6671,917,159,s,129,130.0,False,2012.25,2012.5
6672,1079,1613,s,129,132.0,False,2012.25,2013.0
6673,1186,1281,s,129,134.0,False,2012.25,2013.5
6674,1225,1255,s,129,142.0,False,2012.25,2015.5
6675,1237,1436,s,129,131.0,False,2012.25,2012.75
6676,1239,1281,s,129,130.0,False,2012.25,2012.5
6677,1242,1281,s,129,129.0,False,2012.25,2012.25
6678,1382,1345,s,129,134.0,False,2012.25,2013.5
6679,1396,1282,s,129,130.0,False,2012.25,2012.5
6680,1412,1222,s,129,133.0,False,2012.25,2013.25
6681,1619,1190,s,129,136.0,False,2012.25,2014.0
6682,598,146,s,129,134.0,False,2012.25,2013.5
6683,732,653,s,129,141.0,False,2012.25,2015.25
6684,859,606,s,129,130.0,False,2012.25,2012.5
6685,916,653,s,129,140.0,False,2012.25,2015.0
6686,917,1615,s,129,134.0,False,2012.25,2013.5
6687,927,1615,s,129,138.0,False,2012.25,2014.5
6688,1088,320,s,129,141.0,False,2012.25,2015.25
6689,1097,280,s,129,133.0,False,2012.25,2013.25
6690,1203,1201,s,129,130.0,False,2012.25,2012.5
6691,1220,1222,s,129,137.0,False,2012.25,2014.25
6692,1319,97,s,129,130.0,False,2012.25,2012.5
6693,1359,684,s,129,137.0,False,2012.25,2014.25
6694,1359,1190,s,129,140.0,False,2012.25,2015.0
6695,1412,1201,s,129,134.0,False,2012.25,2013.5
6696,1412,1205,s,129,139.0,False,2012.25,2014.75
6697,1596,480,s,129,137.0,False,2012.25,2014.25
6698,1678,1233,s,129,142.0,False,2012.25,2015.5
6699,415,1615,l,129,133.0,True,2012.25,2013.25
6700,837,1204,l,129,147.0,True,2012.25,2016.75
6701,1079,772,l,129,213.0,True,2012.25,2033.25
6702,1343,816,l,129,131.0,True,2012.25,2012.75
6703,466,685,l,129,196.0,True,2012.25,2029.0
6704,1264,1190,l,129,196.0,True,2012.25,2029.0
6705,807,444,l,129,135.0,True,2012.25,2013.75
6706,1239,789,l,129,137.0,True,2012.25,2014.25
6707,1319,1281,l,129,,True,2012.25,
6708,1341,1282,l,129,132.0,True,2012.25,2013.0
6709,1412,1388,l,129,141.0,True,2012.25,2015.25
6710,40,965,s,130,130.0,False,2012.5,2012.5
6711,316,453,s,130,132.0,False,2012.5,2013.0
6712,415,733,s,130,135.0,False,2012.5,2013.75
6713,466,1764,s,130,131.0,False,2012.5,2012.75
6714,507,1615,s,130,133.0,False,2012.5,2013.25
6715,731,189,s,130,137.0,False,2012.5,2014.25
6716,796,108,s,130,144.0,False,2012.5,2016.0
6717,871,159,s,130,131.0,False,2012.5,2012.75
6718,885,320,s,130,134.0,False,2012.5,2013.5
6719,1264,1615,s,130,131.0,False,2012.5,2012.75
6720,1266,1342,s,130,134.0,False,2012.5,2013.5
6721,1401,1201,s,130,135.0,False,2012.5,2013.75
6722,218,1055,s,130,130.0,False,2012.5,2012.5
6723,231,800,s,130,131.0,False,2012.5,2012.75
6724,303,1201,s,130,136.0,False,2012.5,2014.0
6725,305,1249,s,130,131.0,False,2012.5,2012.75
6726,507,416,s,130,131.0,False,2012.5,2012.75
6727,573,1615,s,130,137.0,False,2012.5,2014.25
6728,731,336,s,130,131.0,False,2012.5,2012.75
6729,791,1188,s,130,132.0,False,2012.5,2013.0
6730,796,139,s,130,134.0,False,2012.5,2013.5
6731,837,1321,s,130,132.0,False,2012.5,2013.0
6732,837,1615,s,130,131.0,False,2012.5,2012.75
6733,1171,628,s,130,132.0,False,2012.5,2013.0
6734,1242,1321,s,130,131.0,False,2012.5,2012.75
6735,1266,1255,s,130,140.0,False,2012.5,2015.0
6736,1343,632,s,130,136.0,False,2012.5,2014.0
6737,1343,733,s,130,138.0,False,2012.5,2014.5
6738,1417,1367,s,130,134.0,False,2012.5,2013.5
6739,1509,1342,s,130,130.0,False,2012.5,2012.5
6740,216,1026,s,130,131.0,False,2012.5,2012.75
6741,381,578,s,130,134.0,False,2012.5,2013.5
6742,452,146,s,130,141.0,False,2012.5,2015.25
6743,520,1763,s,130,134.0,False,2012.5,2013.5
6744,791,453,s,130,133.0,False,2012.5,2013.25
6745,791,678,s,130,134.0,False,2012.5,2013.5
6746,1092,1764,s,130,134.0,False,2012.5,2013.5
6747,1096,947,s,130,132.0,False,2012.5,2013.0
6748,1236,1321,s,130,131.0,False,2012.5,2012.75
6749,1242,1367,s,130,136.0,False,2012.5,2014.0
6750,1330,1353,s,130,133.0,False,2012.5,2013.25
6751,1359,1615,s,130,135.0,False,2012.5,2013.75
6752,1412,1318,s,130,131.0,False,2012.5,2012.75
6753,1420,1339,s,130,131.0,False,2012.5,2012.75
6754,1454,1367,s,130,131.0,False,2012.5,2012.75
6755,1595,1282,s,130,134.0,False,2012.5,2013.5
6756,1656,1615,s,130,131.0,False,2012.5,2012.75
6757,1266,1205,l,130,142.0,True,2012.5,2015.5
6758,681,416,l,130,149.0,True,2012.5,2017.25
6759,262,1222,l,130,,True,2012.5,
6760,871,315,l,130,185.0,True,2012.5,2026.25
6761,1266,1190,l,130,228.0,True,2012.5,2037.0
6762,87,1615,s,131,132.0,False,2012.75,2013.0
6763,196,785,s,131,141.0,False,2012.75,2015.25
6764,363,789,s,131,133.0,False,2012.75,2013.25
6765,501,336,s,131,136.0,False,2012.75,2014.0
6766,520,1551,s,131,141.0,False,2012.75,2015.25
6767,732,320,s,131,133.0,False,2012.75,2013.25
6768,791,85,s,131,135.0,False,2012.75,2013.75
6769,791,1321,s,131,133.0,False,2012.75,2013.25
6770,927,1190,s,131,132.0,False,2012.75,2013.0
6771,1082,453,s,131,137.0,False,2012.75,2014.25
6772,1092,1026,s,131,135.0,False,2012.75,2013.75
6773,1239,1201,s,131,142.0,False,2012.75,2015.5
6774,1239,1507,s,131,136.0,False,2012.75,2014.0
6775,1242,1615,s,131,143.0,False,2012.75,2015.75
6776,1454,1346,s,131,134.0,False,2012.75,2013.5
6777,1656,1282,s,131,131.0,False,2012.75,2012.75
6778,48,785,s,131,133.0,False,2012.75,2013.25
6779,57,772,s,131,144.0,False,2012.75,2016.0
6780,381,288,s,131,132.0,False,2012.75,2013.0
6781,415,1026,s,131,133.0,False,2012.75,2013.25
6782,497,280,s,131,138.0,False,2012.75,2014.5
6783,501,733,s,131,138.0,False,2012.75,2014.5
6784,732,129,s,131,137.0,False,2012.75,2014.25
6785,788,336,s,131,134.0,False,2012.75,2013.5
6786,917,1026,s,131,132.0,False,2012.75,2013.0
6787,1096,78,s,131,139.0,False,2012.75,2014.75
6788,1225,1281,s,131,132.0,False,2012.75,2013.0
6789,1237,1190,s,131,140.0,False,2012.75,2015.0
6790,1242,1281,s,131,134.0,False,2012.75,2013.5
6791,1328,1190,s,131,132.0,False,2012.75,2013.0
6792,1343,929,s,131,131.0,False,2012.75,2012.75
6793,1343,1764,s,131,135.0,False,2012.75,2013.75
6794,232,320,s,131,137.0,False,2012.75,2014.25
6795,248,1339,s,131,133.0,False,2012.75,2013.25
6796,501,785,s,131,133.0,False,2012.75,2013.25
6797,507,159,s,131,134.0,False,2012.75,2013.5
6798,507,1282,s,131,132.0,False,2012.75,2013.0
6799,637,1272,s,131,133.0,False,2012.75,2013.25
6800,732,890,s,131,134.0,False,2012.75,2013.5
6801,791,78,s,131,135.0,False,2012.75,2013.75
6802,791,320,s,131,133.0,False,2012.75,2013.25
6803,796,952,s,131,134.0,False,2012.75,2013.5
6804,917,789,s,131,136.0,False,2012.75,2014.0
6805,1082,1615,s,131,135.0,False,2012.75,2013.75
6806,1239,1274,s,131,134.0,False,2012.75,2013.5
6807,1242,146,s,131,138.0,False,2012.75,2014.5
6808,1266,1318,s,131,138.0,False,2012.75,2014.5
6809,1390,1190,s,131,134.0,False,2012.75,2013.5
6810,1575,965,s,131,135.0,False,2012.75,2013.75
6811,1725,572,s,131,132.0,False,2012.75,2013.0
6812,1466,733,l,131,232.0,True,2012.75,2038.0
6813,415,320,l,131,222.0,True,2012.75,2035.5
6814,611,324,l,131,152.0,True,2012.75,2018.0
6815,796,890,l,131,174.0,True,2012.75,2023.5
6816,871,1615,l,131,238.0,True,2012.75,2039.5
6817,214,1188,l,131,174.0,True,2012.75,2023.5
6818,283,1342,l,131,153.0,True,2012.75,2018.25
6819,1097,789,l,131,190.0,True,2012.75,2027.5
6820,1655,1615,l,131,145.0,True,2012.75,2016.25
6821,133,336,s,132,138.0,False,2013.0,2014.5
6822,133,952,s,132,133.0,False,2013.0,2013.25
6823,230,1613,s,132,144.0,False,2013.0,2016.0
6824,466,280,s,132,136.0,False,2013.0,2014.0
6825,497,572,s,132,136.0,False,2013.0,2014.0
6826,516,358,s,132,143.0,False,2013.0,2015.75
6827,731,572,s,132,138.0,False,2013.0,2014.5
6828,731,733,s,132,144.0,False,2013.0,2016.0
6829,791,108,s,132,132.0,False,2013.0,2013.0
6830,807,108,s,132,138.0,False,2013.0,2014.5
6831,807,259,s,132,134.0,False,2013.0,2013.5
6832,1074,1696,s,132,144.0,False,2013.0,2016.0
6833,1092,686,s,132,134.0,False,2013.0,2013.5
6834,1242,1190,s,132,134.0,False,2013.0,2013.5
6835,1242,1282,s,132,136.0,False,2013.0,2014.0
6836,1330,1001,s,132,132.0,False,2013.0,2013.0
6837,1330,1335,s,132,138.0,False,2013.0,2014.5
6838,1343,1321,s,132,140.0,False,2013.0,2015.0
6839,1382,1409,s,132,133.0,False,2013.0,2013.25
6840,1396,1615,s,132,136.0,False,2013.0,2014.0
6841,1412,1281,s,132,134.0,False,2013.0,2013.5
6842,1417,1339,s,132,142.0,False,2013.0,2015.5
6843,1462,1353,s,132,135.0,False,2013.0,2013.75
6844,1481,1335,s,132,134.0,False,2013.0,2013.5
6845,133,457,s,132,133.0,False,2013.0,2013.25
6846,230,259,s,132,134.0,False,2013.0,2013.5
6847,262,1188,s,132,144.0,False,2013.0,2016.0
6848,507,1190,s,132,136.0,False,2013.0,2014.0
6849,788,975,s,132,133.0,False,2013.0,2013.25
6850,791,572,s,132,133.0,False,2013.0,2013.25
6851,797,572,s,132,137.0,False,2013.0,2014.25
6852,913,416,s,132,142.0,False,2013.0,2015.5
6853,993,462,s,132,139.0,False,2013.0,2014.75
6854,1328,146,s,132,138.0,False,2013.0,2014.5
6855,1343,78,s,132,147.0,False,2013.0,2016.75
6856,1382,1281,s,132,133.0,False,2013.0,2013.25
6857,1382,1615,s,132,133.0,False,2013.0,2013.25
6858,1393,933,s,132,138.0,False,2013.0,2014.5
6859,1401,1388,s,132,133.0,False,2013.0,2013.25
6860,1466,336,s,132,136.0,False,2013.0,2014.0
6861,1481,1222,s,132,133.0,False,2013.0,2013.25
6862,1595,1615,s,132,147.0,False,2013.0,2016.75
6863,1619,1205,s,132,133.0,False,2013.0,2013.25
6864,40,733,s,132,134.0,False,2013.0,2013.5
6865,230,129,s,132,142.0,False,2013.0,2015.5
6866,248,416,s,132,142.0,False,2013.0,2015.5
6867,260,320,s,132,134.0,False,2013.0,2013.5
6868,418,1281,s,132,135.0,False,2013.0,2013.75
6869,516,572,s,132,134.0,False,2013.0,2013.5
6870,791,387,s,132,133.0,False,2013.0,2013.25
6871,796,582,s,132,141.0,False,2013.0,2015.25
6872,796,628,s,132,133.0,False,2013.0,2013.25
6873,807,572,s,132,136.0,False,2013.0,2014.0
6874,807,1032,s,132,145.0,False,2013.0,2016.25
6875,1187,1190,s,132,133.0,False,2013.0,2013.25
6876,1187,1205,s,132,135.0,False,2013.0,2013.75
6877,1187,1615,s,132,133.0,False,2013.0,2013.25
6878,1225,1190,s,132,134.0,False,2013.0,2013.5
6879,1306,1342,s,132,137.0,False,2013.0,2014.25
6880,1309,740,s,132,133.0,False,2013.0,2013.25
6881,1382,1475,s,132,136.0,False,2013.0,2014.0
6882,1396,1388,s,132,133.0,False,2013.0,2013.25
6883,1454,1201,s,132,135.0,False,2013.0,2013.75
6884,1454,1282,s,132,140.0,False,2013.0,2015.0
6885,1677,1321,s,132,137.0,False,2013.0,2014.25
6886,993,578,l,132,196.0,True,2013.0,2029.0
6887,133,628,l,132,232.0,True,2013.0,2038.0
6888,133,1201,l,132,142.0,True,2013.0,2015.5
6889,1237,1335,l,132,174.0,True,2013.0,2023.5
6890,1239,1188,l,132,175.0,True,2013.0,2023.75
6891,412,1342,s,133,137.0,False,2013.25,2014.25
6892,466,453,s,133,139.0,False,2013.25,2014.75
6893,501,146,s,133,134.0,False,2013.25,2013.5
6894,754,205,s,133,135.0,False,2013.25,2013.75
6895,807,416,s,133,134.0,False,2013.25,2013.5
6896,885,280,s,133,136.0,False,2013.25,2014.0
6897,936,336,s,133,133.0,False,2013.25,2013.25
6898,936,785,s,133,133.0,False,2013.25,2013.25
6899,1006,1339,s,133,141.0,False,2013.25,2015.25
6900,1079,1615,s,133,134.0,False,2013.25,2013.5
6901,1087,320,s,133,137.0,False,2013.25,2014.25
6902,1239,1011,s,133,139.0,False,2013.25,2014.75
6903,1242,1205,s,133,136.0,False,2013.25,2014.0
6904,1382,1201,s,133,139.0,False,2013.25,2014.75
6905,1412,1435,s,133,139.0,False,2013.25,2014.75
6906,1575,108,s,133,144.0,False,2013.25,2016.0
6907,133,97,s,133,134.0,False,2013.25,2013.5
6908,316,85,s,133,144.0,False,2013.25,2016.0
6909,316,572,s,133,141.0,False,2013.25,2015.25
6910,415,771,s,133,145.0,False,2013.25,2016.25
6911,466,444,s,133,136.0,False,2013.25,2014.0
6912,466,653,s,133,134.0,False,2013.25,2013.5
6913,796,146,s,133,140.0,False,2013.25,2015.0
6914,796,615,s,133,134.0,False,2013.25,2013.5
6915,993,973,s,133,141.0,False,2013.25,2015.25
6916,1079,1315,s,133,134.0,False,2013.25,2013.5
6917,1159,1282,s,133,134.0,False,2013.25,2013.5
6918,1239,1517,s,133,135.0,False,2013.25,2013.75
6919,1242,1339,s,133,134.0,False,2013.25,2013.5
6920,1309,1255,s,133,136.0,False,2013.25,2014.0
6921,1359,1388,s,133,139.0,False,2013.25,2014.75
6922,1401,1247,s,133,140.0,False,2013.25,2015.0
6923,1412,1247,s,133,134.0,False,2013.25,2013.5
6924,1454,1439,s,133,136.0,False,2013.25,2014.0
6925,1466,55,s,133,134.0,False,2013.25,2013.5
6926,1596,1615,s,133,133.0,False,2013.25,2013.25
6927,466,146,s,133,142.0,False,2013.25,2015.5
6928,497,733,s,133,153.0,False,2013.25,2018.25
6929,501,108,s,133,135.0,False,2013.25,2013.75
6930,501,1517,s,133,140.0,False,2013.25,2015.0
6931,598,320,s,133,135.0,False,2013.25,2013.75
6932,773,1615,s,133,134.0,False,2013.25,2013.5
6933,788,947,s,133,137.0,False,2013.25,2014.25
6934,791,416,s,133,139.0,False,2013.25,2014.75
6935,791,965,s,133,135.0,False,2013.25,2013.75
6936,796,416,s,133,136.0,False,2013.25,2014.0
6937,859,965,s,133,152.0,False,2013.25,2018.0
6938,916,933,s,133,136.0,False,2013.25,2014.0
6939,917,85,s,133,135.0,False,2013.25,2013.75
6940,1074,1205,s,133,135.0,False,2013.25,2013.75
6941,1309,1297,s,133,137.0,False,2013.25,2014.25
6942,1481,1282,l,133,224.0,True,2013.25,2036.0
6943,1575,572,l,133,152.0,True,2013.25,2018.0
6944,718,1190,l,133,149.0,True,2013.25,2017.25
6945,466,336,l,133,182.0,True,2013.25,2025.5
6946,1343,1615,l,133,161.0,True,2013.25,2020.25
6947,230,416,s,134,136.0,False,2013.5,2014.0
6948,287,733,s,134,143.0,False,2013.5,2015.75
6949,381,965,s,134,134.0,False,2013.5,2013.5
6950,415,146,s,134,139.0,False,2013.5,2014.75
6951,415,444,s,134,137.0,False,2013.5,2014.25
6952,754,800,s,134,139.0,False,2013.5,2014.75
6953,773,146,s,134,137.0,False,2013.5,2014.25
6954,788,786,s,134,136.0,False,2013.5,2014.0
6955,859,733,s,134,137.0,False,2013.5,2014.25
6956,917,785,s,134,135.0,False,2013.5,2013.75
6957,1074,1615,s,134,141.0,False,2013.5,2015.25
6958,1096,947,s,134,135.0,False,2013.5,2013.75
6959,1330,1299,s,134,134.0,False,2013.5,2013.5
6960,1343,462,s,134,134.0,False,2013.5,2013.5
6961,1343,572,s,134,156.0,False,2013.5,2019.0
6962,1406,1282,s,134,137.0,False,2013.5,2014.25
6963,1412,1282,s,134,148.0,False,2013.5,2017.0
6964,1412,1346,s,134,136.0,False,2013.5,2014.0
6965,1481,1318,s,134,135.0,False,2013.5,2013.75
6966,1575,453,s,134,134.0,False,2013.5,2013.5
6967,204,1282,s,134,135.0,False,2013.5,2013.75
6968,216,320,s,134,135.0,False,2013.5,2013.75
6969,230,1190,s,134,136.0,False,2013.5,2014.0
6970,381,1699,s,134,140.0,False,2013.5,2015.0
6971,415,1190,s,134,135.0,False,2013.5,2013.75
6972,439,462,s,134,134.0,False,2013.5,2013.5
6973,452,280,s,134,145.0,False,2013.5,2016.25
6974,610,606,s,134,137.0,False,2013.5,2014.25
6975,791,1188,s,134,139.0,False,2013.5,2014.75
6976,916,628,s,134,137.0,False,2013.5,2014.25
6977,991,320,s,134,137.0,False,2013.5,2014.25
6978,1290,1282,s,134,135.0,False,2013.5,2013.75
6979,1382,1367,s,134,135.0,False,2013.5,2013.75
6980,1412,1342,s,134,136.0,False,2013.5,2014.0
6981,303,108,s,134,135.0,False,2013.5,2013.75
6982,342,1026,s,134,147.0,False,2013.5,2016.75
6983,630,1190,s,134,135.0,False,2013.5,2013.75
6984,796,733,s,134,144.0,False,2013.5,2016.0
6985,796,1026,s,134,136.0,False,2013.5,2014.0
6986,838,1188,s,134,140.0,False,2013.5,2015.0
6987,916,129,s,134,146.0,False,2013.5,2016.5
6988,1079,1282,s,134,137.0,False,2013.5,2014.25
6989,1092,320,s,134,146.0,False,2013.5,2016.5
6990,1266,1615,s,134,137.0,False,2013.5,2014.25
6991,1359,320,s,134,143.0,False,2013.5,2015.75
6992,1481,1190,s,134,138.0,False,2013.5,2014.5
6993,1704,785,s,134,141.0,False,2013.5,2015.25
6994,1422,1190,l,134,156.0,True,2013.5,2019.0
6995,1319,1201,l,134,146.0,True,2013.5,2016.5
6996,1330,1615,l,134,,True,2013.5,
6997,1412,1367,l,134,,True,2013.5,
6998,247,1615,s,135,142.0,False,2013.75,2015.5
6999,415,1321,s,135,147.0,False,2013.75,2016.75
7000,466,85,s,135,137.0,False,2013.75,2014.25
7001,467,320,s,135,138.0,False,2013.75,2014.5
7002,743,1204,s,135,139.0,False,2013.75,2014.75
7003,796,762,s,135,140.0,False,2013.75,2015.0
7004,1096,1785,s,135,136.0,False,2013.75,2014.0
7005,1239,1388,s,135,149.0,False,2013.75,2017.25
7006,1265,1158,s,135,140.0,False,2013.75,2015.0
7007,1309,1339,s,135,135.0,False,2013.75,2013.75
7008,1328,1409,s,135,138.0,False,2013.75,2014.5
7009,1328,1653,s,135,136.0,False,2013.75,2014.0
7010,1329,1282,s,135,136.0,False,2013.75,2014.0
7011,1343,146,s,135,142.0,False,2013.75,2015.5
7012,1343,315,s,135,135.0,False,2013.75,2013.75
7013,1390,1281,s,135,136.0,False,2013.75,2014.0
7014,1412,1487,s,135,137.0,False,2013.75,2014.25
7015,1420,1335,s,135,136.0,False,2013.75,2014.0
7016,1465,1026,s,135,135.0,False,2013.75,2013.75
7017,1574,1232,s,135,140.0,False,2013.75,2015.0
7018,1655,1335,s,135,139.0,False,2013.75,2014.75
7019,1704,572,s,135,142.0,False,2013.75,2015.5
7020,247,800,s,135,136.0,False,2013.75,2014.0
7021,466,320,s,135,140.0,False,2013.75,2015.0
7022,732,583,s,135,139.0,False,2013.75,2014.75
7023,791,1026,s,135,136.0,False,2013.75,2014.0
7024,807,1026,s,135,148.0,False,2013.75,2017.0
7025,1186,159,s,135,136.0,False,2013.75,2014.0
7026,1187,1315,s,135,137.0,False,2013.75,2014.25
7027,1200,1257,s,135,138.0,False,2013.75,2014.5
7028,1237,571,s,135,135.0,False,2013.75,2013.75
7029,1242,583,s,135,138.0,False,2013.75,2014.5
7030,1330,1300,s,135,135.0,False,2013.75,2013.75
7031,1343,391,s,135,137.0,False,2013.75,2014.25
7032,1343,653,s,135,153.0,False,2013.75,2018.25
7033,1595,1298,s,135,137.0,False,2013.75,2014.25
7034,1655,1282,s,135,136.0,False,2013.75,2014.0
7035,1678,97,s,135,136.0,False,2013.75,2014.0
7036,260,653,s,135,136.0,False,2013.75,2014.0
7037,415,662,s,135,136.0,False,2013.75,2014.0
7038,415,1201,s,135,137.0,False,2013.75,2014.25
7039,630,1615,s,135,136.0,False,2013.75,2014.0
7040,1153,1339,s,135,138.0,False,2013.75,2014.5
7041,1319,1367,s,135,136.0,False,2013.75,2014.0
7042,1330,1367,s,135,142.0,False,2013.75,2015.5
7043,1406,1388,s,135,136.0,False,2013.75,2014.0
7044,1406,1475,s,135,150.0,False,2013.75,2017.5
7045,1655,1011,s,135,147.0,False,2013.75,2016.75
7046,509,320,l,135,170.0,True,2013.75,2022.5
7047,718,320,l,135,172.0,True,2013.75,2023.0
7048,1092,387,l,135,161.0,True,2013.75,2020.25
7049,1329,1385,l,135,202.0,True,2013.75,2030.5
7050,1466,1764,l,135,160.0,True,2013.75,2020.0
7051,1481,1272,l,135,222.0,True,2013.75,2035.5
7052,1619,1201,l,135,176.0,True,2013.75,2024.0
7053,716,771,l,135,186.0,True,2013.75,2026.5
7054,754,530,l,135,,True,2013.75,
7055,1441,1367,l,135,154.0,True,2013.75,2018.5
7056,287,786,s,136,137.0,False,2014.0,2014.25
7057,316,41,s,136,143.0,False,2014.0,2015.75
7058,316,315,s,136,139.0,False,2014.0,2014.75
7059,466,572,s,136,139.0,False,2014.0,2014.75
7060,611,320,s,136,138.0,False,2014.0,2014.5
7061,916,320,s,136,137.0,False,2014.0,2014.25
7062,917,97,s,136,138.0,False,2014.0,2014.5
7063,1088,583,s,136,137.0,False,2014.0,2014.25
7064,1294,1002,s,136,137.0,False,2014.0,2014.25
7065,1323,1222,s,136,138.0,False,2014.0,2014.5
7066,1330,1282,s,136,137.0,False,2014.0,2014.25
7067,1343,280,s,136,139.0,False,2014.0,2014.75
7068,1412,1403,s,136,137.0,False,2014.0,2014.25
7069,303,146,s,136,137.0,False,2014.0,2014.25
7070,497,1764,s,136,137.0,False,2014.0,2014.25
7071,501,416,s,136,140.0,False,2014.0,2015.0
7072,610,1764,s,136,140.0,False,2014.0,2015.0
7073,637,146,s,136,145.0,False,2014.0,2016.25
7074,777,615,s,136,140.0,False,2014.0,2015.0
7075,788,320,s,136,142.0,False,2014.0,2015.5
7076,796,444,s,136,140.0,False,2014.0,2015.0
7077,1271,1205,s,136,139.0,False,2014.0,2014.75
7078,1319,1613,s,136,137.0,False,2014.0,2014.25
7079,1328,1205,s,136,141.0,False,2014.0,2015.25
7080,1330,1315,s,136,140.0,False,2014.0,2015.0
7081,1359,1375,s,136,139.0,False,2014.0,2014.75
7082,1401,1365,s,136,149.0,False,2014.0,2017.25
7083,1412,1318,s,136,142.0,False,2014.0,2015.5
7084,1466,320,s,136,145.0,False,2014.0,2016.25
7085,1466,929,s,136,140.0,False,2014.0,2015.0
7086,1575,952,s,136,140.0,False,2014.0,2015.0
7087,1678,740,s,136,141.0,False,2014.0,2015.25
7088,381,213,s,136,139.0,False,2014.0,2014.75
7089,507,1367,s,136,143.0,False,2014.0,2015.75
7090,913,1517,s,136,140.0,False,2014.0,2015.0
7091,916,578,s,136,140.0,False,2014.0,2015.0
7092,1088,1696,s,136,137.0,False,2014.0,2014.25
7093,1187,800,s,136,140.0,False,2014.0,2015.0
7094,1319,1282,s,136,141.0,False,2014.0,2015.25
7095,1481,1367,s,136,142.0,False,2014.0,2015.5
7096,1575,324,s,136,142.0,False,2014.0,2015.5
7097,1575,583,s,136,138.0,False,2014.0,2014.5
7098,1656,572,s,136,138.0,False,2014.0,2014.5
7099,1678,772,s,136,137.0,False,2014.0,2014.25
7100,1723,1409,s,136,141.0,False,2014.0,2015.25
7101,1595,1339,l,136,187.0,True,2014.0,2026.75
7102,1619,1613,l,136,172.0,True,2014.0,2023.0
7103,1382,1400,l,136,162.0,True,2014.0,2020.5
7104,1092,49,l,136,191.0,True,2014.0,2027.75
7105,1390,1372,l,136,142.0,True,2014.0,2015.5
7106,40,572,s,137,145.0,False,2014.25,2016.25
7107,133,259,s,137,137.0,False,2014.25,2014.25
7108,133,315,s,137,138.0,False,2014.25,2014.5
7109,133,320,s,137,137.0,False,2014.25,2014.25
7110,248,1517,s,137,138.0,False,2014.25,2014.5
7111,269,749,s,137,138.0,False,2014.25,2014.5
7112,303,1281,s,137,140.0,False,2014.25,2015.0
7113,611,85,s,137,152.0,False,2014.25,2018.0
7114,743,1409,s,137,138.0,False,2014.25,2014.5
7115,744,685,s,137,140.0,False,2014.25,2015.0
7116,791,159,s,137,141.0,False,2014.25,2015.25
7117,791,653,s,137,138.0,False,2014.25,2014.5
7118,796,315,s,137,146.0,False,2014.25,2016.5
7119,837,1388,s,137,137.0,False,2014.25,2014.25
7120,1082,320,s,137,140.0,False,2014.25,2015.0
7121,1266,1282,s,137,139.0,False,2014.25,2014.75
7122,1343,578,s,137,141.0,False,2014.25,2015.25
7123,1382,1247,s,137,148.0,False,2014.25,2017.0
7124,1401,1299,s,137,138.0,False,2014.25,2014.5
7125,1467,685,s,137,145.0,False,2014.25,2016.25
7126,1595,1281,s,137,159.0,False,2014.25,2019.75
7127,204,1188,s,137,142.0,False,2014.25,2015.5
7128,260,733,s,137,141.0,False,2014.25,2015.25
7129,316,49,s,137,137.0,False,2014.25,2014.25
7130,439,336,s,137,148.0,False,2014.25,2017.0
7131,630,1205,s,137,138.0,False,2014.25,2014.5
7132,773,1615,s,137,138.0,False,2014.25,2014.5
7133,791,572,s,137,151.0,False,2014.25,2017.75
7134,937,146,s,137,140.0,False,2014.25,2015.0
7135,1220,1613,s,137,139.0,False,2014.25,2014.75
7136,1237,1614,s,137,142.0,False,2014.25,2015.5
7137,1290,1282,s,137,140.0,False,2014.25,2015.0
7138,1329,1367,s,137,139.0,False,2014.25,2014.75
7139,1343,407,s,137,142.0,False,2014.25,2015.5
7140,1382,1335,s,137,142.0,False,2014.25,2015.5
7141,1387,1282,s,137,140.0,False,2014.25,2015.0
7142,1390,1367,s,137,140.0,False,2014.25,2015.0
7143,1405,1388,s,137,138.0,False,2014.25,2014.5
7144,1417,1367,s,137,146.0,False,2014.25,2016.5
7145,1453,1158,s,137,138.0,False,2014.25,2014.5
7146,1467,1785,s,137,149.0,False,2014.25,2017.25
7147,1655,1381,s,137,140.0,False,2014.25,2015.0
7148,1655,1400,s,137,138.0,False,2014.25,2014.5
7149,1677,1282,s,137,138.0,False,2014.25,2014.5
7150,169,1321,s,137,152.0,False,2014.25,2018.0
7151,230,146,s,137,146.0,False,2014.25,2016.5
7152,230,159,s,137,140.0,False,2014.25,2015.0
7153,316,628,s,137,139.0,False,2014.25,2014.75
7154,356,416,s,137,138.0,False,2014.25,2014.5
7155,418,1367,s,137,141.0,False,2014.25,2015.25
7156,439,733,s,137,141.0,False,2014.25,2015.25
7157,909,1190,s,137,146.0,False,2014.25,2016.5
7158,917,952,s,137,139.0,False,2014.25,2014.75
7159,1074,1339,s,137,142.0,False,2014.25,2015.5
7160,1082,1615,s,137,139.0,False,2014.25,2014.75
7161,1187,740,s,137,139.0,False,2014.25,2014.75
7162,1270,1435,s,137,139.0,False,2014.25,2014.75
7163,1294,1615,s,137,138.0,False,2014.25,2014.5
7164,1382,1388,s,137,139.0,False,2014.25,2014.75
7165,1412,1321,s,137,139.0,False,2014.25,2014.75
7166,1454,1321,s,137,140.0,False,2014.25,2015.0
7167,1595,1335,s,137,138.0,False,2014.25,2014.5
7168,788,695,l,137,222.0,True,2014.25,2035.5
7169,1481,800,l,137,189.0,True,2014.25,2027.25
7170,486,407,l,137,166.0,True,2014.25,2021.5
7171,1655,1613,l,137,185.0,True,2014.25,2026.25
7172,40,1616,s,138,146.0,False,2014.5,2016.5
7173,57,159,s,138,138.0,False,2014.5,2014.5
7174,262,1282,s,138,139.0,False,2014.5,2014.75
7175,262,1615,s,138,139.0,False,2014.5,2014.75
7176,342,1043,s,138,150.0,False,2014.5,2017.5
7177,363,108,s,138,143.0,False,2014.5,2015.75
7178,412,453,s,138,139.0,False,2014.5,2014.75
7179,415,293,s,138,140.0,False,2014.5,2015.0
7180,611,1517,s,138,138.0,False,2014.5,2014.5
7181,754,85,s,138,141.0,False,2014.5,2015.25
7182,754,205,s,138,140.0,False,2014.5,2015.0
7183,916,929,s,138,147.0,False,2014.5,2016.75
7184,991,78,s,138,139.0,False,2014.5,2014.75
7185,991,929,s,138,143.0,False,2014.5,2015.75
7186,1074,146,s,138,144.0,False,2014.5,2016.0
7187,1079,1400,s,138,138.0,False,2014.5,2014.5
7188,1225,1282,s,138,142.0,False,2014.5,2015.5
7189,1239,1367,s,138,138.0,False,2014.5,2014.5
7190,1393,1281,s,138,172.0,False,2014.5,2023.0
7191,1412,1002,s,138,142.0,False,2014.5,2015.5
7192,1412,1281,s,138,144.0,False,2014.5,2016.0
7193,1466,572,s,138,139.0,False,2014.5,2014.75
7194,732,49,s,138,142.0,False,2014.5,2015.5
7195,732,320,s,138,151.0,False,2014.5,2017.75
7196,796,78,s,138,140.0,False,2014.5,2015.0
7197,815,146,s,138,140.0,False,2014.5,2015.0
7198,913,97,s,138,140.0,False,2014.5,2015.0
7199,916,517,s,138,141.0,False,2014.5,2015.25
7200,916,763,s,138,147.0,False,2014.5,2016.75
7201,966,293,s,138,142.0,False,2014.5,2015.5
7202,1082,324,s,138,140.0,False,2014.5,2015.0
7203,1309,1339,s,138,143.0,False,2014.5,2015.75
7204,1382,1374,s,138,141.0,False,2014.5,2015.25
7205,1382,1381,s,138,154.0,False,2014.5,2018.5
7206,1405,1008,s,138,142.0,False,2014.5,2015.5
7207,1405,1247,s,138,141.0,False,2014.5,2015.25
7208,1412,1517,s,138,139.0,False,2014.5,2014.75
7209,1452,1367,s,138,141.0,False,2014.5,2015.25
7210,1655,1388,s,138,148.0,False,2014.5,2017.0
7211,204,952,s,138,141.0,False,2014.5,2015.25
7212,415,189,s,138,140.0,False,2014.5,2015.0
7213,507,1696,s,138,142.0,False,2014.5,2015.5
7214,630,1282,s,138,139.0,False,2014.5,2014.75
7215,732,407,s,138,140.0,False,2014.5,2015.0
7216,788,387,s,138,139.0,False,2014.5,2014.75
7217,791,320,s,138,152.0,False,2014.5,2018.0
7218,937,1339,s,138,139.0,False,2014.5,2014.75
7219,1088,653,s,138,154.0,False,2014.5,2018.5
7220,1092,324,s,138,140.0,False,2014.5,2015.0
7221,1186,1349,s,138,142.0,False,2014.5,2015.5
7222,1329,1255,s,138,139.0,False,2014.5,2014.75
7223,1330,1339,s,138,141.0,False,2014.5,2015.25
7224,1359,1335,s,138,141.0,False,2014.5,2015.25
7225,1382,1367,s,138,139.0,False,2014.5,2014.75
7226,1393,1247,s,138,141.0,False,2014.5,2015.25
7227,1417,1513,s,138,140.0,False,2014.5,2015.0
7228,1452,1615,s,138,141.0,False,2014.5,2015.25
7229,1005,1204,l,138,164.0,True,2014.5,2021.0
7230,1319,1374,l,138,144.0,True,2014.5,2016.0
7231,1406,1201,l,138,175.0,True,2014.5,2023.75
7232,655,1255,l,138,,True,2014.5,
7233,1079,1321,l,138,198.0,True,2014.5,2029.5
7234,260,1260,s,139,144.0,False,2014.75,2016.0
7235,415,315,s,139,139.0,False,2014.75,2014.75
7236,418,320,s,139,140.0,False,2014.75,2015.0
7237,467,678,s,139,139.0,False,2014.75,2014.75
7238,791,336,s,139,142.0,False,2014.75,2015.5
7239,913,1205,s,139,144.0,False,2014.75,2016.0
7240,1242,1211,s,139,139.0,False,2014.75,2014.75
7241,1265,1282,s,139,150.0,False,2014.75,2017.5
7242,1309,1160,s,139,140.0,False,2014.75,2015.0
7243,1405,1282,s,139,142.0,False,2014.75,2015.5
7244,1417,1388,s,139,140.0,False,2014.75,2015.0
7245,1535,1400,s,139,149.0,False,2014.75,2017.25
7246,40,170,s,139,148.0,False,2014.75,2017.0
7247,113,409,s,139,143.0,False,2014.75,2015.75
7248,216,108,s,139,141.0,False,2014.75,2015.25
7249,497,159,s,139,141.0,False,2014.75,2015.25
7250,791,97,s,139,149.0,False,2014.75,2017.25
7251,796,336,s,139,140.0,False,2014.75,2015.0
7252,917,572,s,139,148.0,False,2014.75,2017.0
7253,1082,146,s,139,141.0,False,2014.75,2015.25
7254,1309,1613,s,139,142.0,False,2014.75,2015.5
7255,1343,108,s,139,139.0,False,2014.75,2014.75
7256,1354,1460,s,139,140.0,False,2014.75,2015.0
7257,1401,1281,s,139,151.0,False,2014.75,2017.75
7258,1412,1436,s,139,140.0,False,2014.75,2015.0
7259,1421,1435,s,139,150.0,False,2014.75,2017.5
7260,1441,1201,s,139,140.0,False,2014.75,2015.0
7261,1448,800,s,139,144.0,False,2014.75,2016.0
7262,1452,1201,s,139,141.0,False,2014.75,2015.25
7263,1466,85,s,139,141.0,False,2014.75,2015.25
7264,1481,1222,s,139,139.0,False,2014.75,2014.75
7265,1595,1613,s,139,142.0,False,2014.75,2015.5
7266,204,1205,s,139,140.0,False,2014.75,2015.0
7267,216,320,s,139,141.0,False,2014.75,2015.25
7268,262,1400,s,139,144.0,False,2014.75,2016.0
7269,287,391,s,139,142.0,False,2014.75,2015.5
7270,316,733,s,139,141.0,False,2014.75,2015.25
7271,415,159,s,139,145.0,False,2014.75,2016.25
7272,507,159,s,139,140.0,False,2014.75,2015.0
7273,791,1190,s,139,147.0,False,2014.75,2016.75
7274,837,1321,s,139,143.0,False,2014.75,2015.75
7275,913,1339,s,139,162.0,False,2014.75,2020.5
7276,916,391,s,139,143.0,False,2014.75,2015.75
7277,940,1201,s,139,141.0,False,2014.75,2015.25
7278,1005,1201,s,139,144.0,False,2014.75,2016.0
7279,1087,320,s,139,142.0,False,2014.75,2015.5
7280,1087,1615,s,139,152.0,False,2014.75,2018.0
7281,1088,929,s,139,145.0,False,2014.75,2016.25
7282,1359,1342,s,139,142.0,False,2014.75,2015.5
7283,1412,1372,s,139,146.0,False,2014.75,2016.5
7284,1493,1252,s,139,148.0,False,2014.75,2017.0
7285,1655,1367,s,139,140.0,False,2014.75,2015.0
7286,497,324,l,139,172.0,True,2014.75,2023.0
7287,630,571,l,139,142.0,True,2014.75,2015.5
7288,1382,1436,l,139,144.0,True,2014.75,2016.0
7289,1417,1282,l,139,239.0,True,2014.75,2039.75
7290,501,572,l,139,151.0,True,2014.75,2017.75
7291,871,146,l,139,198.0,True,2014.75,2029.5
7292,204,1517,s,140,149.0,False,2015.0,2017.25
7293,415,733,s,140,141.0,False,2015.0,2015.25
7294,497,358,s,140,141.0,False,2015.0,2015.25
7295,788,929,s,140,148.0,False,2015.0,2017.0
7296,807,315,s,140,141.0,False,2015.0,2015.25
7297,807,785,s,140,147.0,False,2015.0,2016.75
7298,885,129,s,140,140.0,False,2015.0,2015.0
7299,916,146,s,140,146.0,False,2015.0,2016.5
7300,1186,146,s,140,146.0,False,2015.0,2016.5
7301,1266,1612,s,140,140.0,False,2015.0,2015.0
7302,1359,1613,s,140,140.0,False,2015.0,2015.0
7303,1412,1438,s,140,142.0,False,2015.0,2015.5
7304,1412,1615,s,140,141.0,False,2015.0,2015.25
7305,1412,1821,s,140,142.0,False,2015.0,2015.5
7306,1575,336,s,140,140.0,False,2015.0,2015.0
7307,87,320,s,140,146.0,False,2015.0,2016.5
7308,133,129,s,140,153.0,False,2015.0,2018.25
7309,501,1026,s,140,143.0,False,2015.0,2015.75
7310,807,280,s,140,162.0,False,2015.0,2020.5
7311,993,572,s,140,142.0,False,2015.0,2015.5
7312,1329,1255,s,140,142.0,False,2015.0,2015.5
7313,1330,1517,s,140,144.0,False,2015.0,2016.0
7314,1343,583,s,140,148.0,False,2015.0,2017.0
7315,1359,733,s,140,154.0,False,2015.0,2018.5
7316,1382,1222,s,140,142.0,False,2015.0,2015.5
7317,1382,1615,s,140,143.0,False,2015.0,2015.75
7318,1393,1388,s,140,144.0,False,2015.0,2016.0
7319,1412,1201,s,140,144.0,False,2015.0,2016.0
7320,1412,1513,s,140,146.0,False,2015.0,2016.5
7321,1420,1353,s,140,142.0,False,2015.0,2015.5
7322,1466,816,s,140,140.0,False,2015.0,2015.0
7323,40,108,s,140,148.0,False,2015.0,2017.0
7324,113,146,s,140,143.0,False,2015.0,2015.75
7325,113,324,s,140,143.0,False,2015.0,2015.75
7326,157,32,s,140,144.0,False,2015.0,2016.0
7327,262,416,s,140,150.0,False,2015.0,2017.5
7328,415,952,s,140,145.0,False,2015.0,2016.25
7329,467,320,s,140,147.0,False,2015.0,2016.75
7330,718,933,s,140,145.0,False,2015.0,2016.25
7331,732,733,s,140,142.0,False,2015.0,2015.5
7332,917,320,s,140,152.0,False,2015.0,2018.0
7333,917,324,s,140,153.0,False,2015.0,2018.25
7334,927,1002,s,140,141.0,False,2015.0,2015.25
7335,1087,1696,s,140,141.0,False,2015.0,2015.25
7336,1186,1190,s,140,142.0,False,2015.0,2015.5
7337,1343,189,s,140,142.0,False,2015.0,2015.5
7338,1406,1413,s,140,141.0,False,2015.0,2015.25
7339,1412,1190,s,140,141.0,False,2015.0,2015.25
7340,1454,1435,s,140,147.0,False,2015.0,2016.75
7341,1655,1201,s,140,153.0,False,2015.0,2018.25
7342,796,1764,l,140,167.0,True,2015.0,2021.75
7343,953,320,l,140,196.0,True,2015.0,2029.0
7344,204,1282,l,140,150.0,True,2015.0,2017.5
7345,796,572,l,140,149.0,True,2015.0,2017.25
7346,1417,1821,l,140,175.0,True,2015.0,2023.75
7347,204,1002,l,140,174.0,True,2015.0,2023.5
7348,230,85,l,140,200.0,True,2015.0,2030.0
7349,287,653,l,140,189.0,True,2015.0,2027.25
7350,1330,1318,l,140,162.0,True,2015.0,2020.5
7351,1393,1615,l,140,149.0,True,2015.0,2017.25
7352,1677,1190,l,140,180.0,True,2015.0,2025.0
7353,204,1615,s,141,149.0,False,2015.25,2017.25
7354,262,1321,s,141,144.0,False,2015.25,2016.0
7355,343,146,s,141,156.0,False,2015.25,2019.0
7356,343,1416,s,141,144.0,False,2015.25,2016.0
7357,415,1188,s,141,145.0,False,2015.25,2016.25
7358,716,108,s,141,148.0,False,2015.25,2017.0
7359,773,628,s,141,142.0,False,2015.25,2015.5
7360,796,857,s,141,143.0,False,2015.25,2015.75
7361,796,965,s,141,143.0,False,2015.25,2015.75
7362,859,129,s,141,144.0,False,2015.25,2016.0
7363,871,684,s,141,142.0,False,2015.25,2015.5
7364,1082,800,s,141,141.0,False,2015.25,2015.25
7365,1301,1613,s,141,141.0,False,2015.25,2015.25
7366,1306,1185,s,141,141.0,False,2015.25,2015.25
7367,1330,1321,s,141,142.0,False,2015.25,2015.5
7368,1343,159,s,141,141.0,False,2015.25,2015.25
7369,1354,1335,s,141,147.0,False,2015.25,2016.75
7370,1382,1388,s,141,143.0,False,2015.25,2015.75
7371,1575,578,s,141,143.0,False,2015.25,2015.75
7372,1678,1615,s,141,144.0,False,2015.25,2016.0
7373,262,1821,s,141,144.0,False,2015.25,2016.0
7374,507,1338,s,141,143.0,False,2015.25,2015.75
7375,507,1339,s,141,151.0,False,2015.25,2017.75
7376,611,49,s,141,142.0,False,2015.25,2015.5
7377,743,965,s,141,157.0,False,2015.25,2019.25
7378,754,800,s,141,143.0,False,2015.25,2015.75
7379,773,416,s,141,141.0,False,2015.25,2015.25
7380,788,785,s,141,143.0,False,2015.25,2015.75
7381,796,1551,s,141,141.0,False,2015.25,2015.25
7382,807,665,s,141,143.0,False,2015.25,2015.75
7383,902,1763,s,141,142.0,False,2015.25,2015.5
7384,1390,1339,s,141,142.0,False,2015.25,2015.5
7385,1393,1342,s,141,143.0,False,2015.25,2015.75
7386,1401,1385,s,141,146.0,False,2015.25,2016.5
7387,1405,1400,s,141,143.0,False,2015.25,2015.75
7388,1481,1381,s,141,144.0,False,2015.25,2016.0
7389,1481,1615,s,141,148.0,False,2015.25,2017.0
7390,1535,1201,s,141,144.0,False,2015.25,2016.0
7391,1595,1335,s,141,143.0,False,2015.25,2015.75
7392,113,583,s,141,151.0,False,2015.25,2017.75
7393,304,1763,s,141,143.0,False,2015.25,2015.75
7394,305,1232,s,141,143.0,False,2015.25,2015.75
7395,611,416,s,141,149.0,False,2015.25,2017.25
7396,777,108,s,141,146.0,False,2015.25,2016.5
7397,791,108,s,141,149.0,False,2015.25,2017.25
7398,796,336,s,141,150.0,False,2015.25,2017.5
7399,815,320,s,141,146.0,False,2015.25,2016.5
7400,917,1026,s,141,153.0,False,2015.25,2018.25
7401,1237,146,s,141,149.0,False,2015.25,2017.25
7402,1306,24,s,141,143.0,False,2015.25,2015.75
7403,1382,571,s,141,143.0,False,2015.25,2015.75
7404,1412,1233,s,141,150.0,False,2015.25,2017.5
7405,1450,1315,s,141,149.0,False,2015.25,2017.25
7406,1481,1517,s,141,149.0,False,2015.25,2017.25
7407,1596,97,s,141,142.0,False,2015.25,2015.5
7408,1656,416,s,141,144.0,False,2015.25,2016.0
7409,1656,653,s,141,144.0,False,2015.25,2016.0
7410,415,146,l,141,165.0,True,2015.25,2021.25
7411,597,462,l,141,200.0,True,2015.25,2030.0
7412,133,108,s,142,143.0,False,2015.5,2015.75
7413,363,324,s,142,154.0,False,2015.5,2018.5
7414,913,1613,s,142,143.0,False,2015.5,2015.75
7415,1079,583,s,142,142.0,False,2015.5,2015.5
7416,1097,947,s,142,144.0,False,2015.5,2016.0
7417,1266,1232,s,142,144.0,False,2015.5,2016.0
7418,1266,1615,s,142,143.0,False,2015.5,2015.75
7419,1330,1281,s,142,145.0,False,2015.5,2016.25
7420,1330,1315,s,142,143.0,False,2015.5,2015.75
7421,1343,457,s,142,149.0,False,2015.5,2017.25
7422,1359,1299,s,142,143.0,False,2015.5,2015.75
7423,1393,1821,s,142,146.0,False,2015.5,2016.5
7424,1405,1190,s,142,145.0,False,2015.5,2016.25
7425,1405,1460,s,142,142.0,False,2015.5,2015.5
7426,1417,1335,s,142,143.0,False,2015.5,2015.75
7427,1445,1821,s,142,152.0,False,2015.5,2018.0
7428,1595,1205,s,142,152.0,False,2015.5,2018.0
7429,1678,1821,s,142,152.0,False,2015.5,2018.0
7430,1804,1201,s,142,144.0,False,2015.5,2016.0
7431,173,1190,s,142,144.0,False,2015.5,2016.0
7432,204,1388,s,142,146.0,False,2015.5,2016.5
7433,230,205,s,142,145.0,False,2015.5,2016.25
7434,248,108,s,142,142.0,False,2015.5,2015.5
7435,316,108,s,142,147.0,False,2015.5,2016.75
7436,381,108,s,142,148.0,False,2015.5,2017.0
7437,520,578,s,142,143.0,False,2015.5,2015.75
7438,598,571,s,142,146.0,False,2015.5,2016.5
7439,732,653,s,142,155.0,False,2015.5,2018.75
7440,791,457,s,142,148.0,False,2015.5,2017.0
7441,796,628,s,142,143.0,False,2015.5,2015.75
7442,796,952,s,142,148.0,False,2015.5,2017.0
7443,807,571,s,142,155.0,False,2015.5,2018.75
7444,859,1785,s,142,148.0,False,2015.5,2017.0
7445,966,259,s,142,149.0,False,2015.5,2017.25
7446,991,457,s,142,142.0,False,2015.5,2015.5
7447,1074,1282,s,142,149.0,False,2015.5,2017.25
7448,1079,1252,s,142,143.0,False,2015.5,2015.75
7449,1087,572,s,142,145.0,False,2015.5,2016.25
7450,1239,159,s,142,143.0,False,2015.5,2015.75
7451,1343,952,s,142,142.0,False,2015.5,2015.5
7452,1359,1190,s,142,145.0,False,2015.5,2016.25
7453,1417,1281,s,142,143.0,False,2015.5,2015.75
7454,1655,1374,s,142,144.0,False,2015.5,2016.0
7455,262,1201,s,142,149.0,False,2015.5,2017.25
7456,773,1615,s,142,143.0,False,2015.5,2015.75
7457,796,358,s,142,147.0,False,2015.5,2016.75
7458,916,947,s,142,145.0,False,2015.5,2016.25
7459,1074,1613,s,142,144.0,False,2015.5,2016.0
7460,1079,320,s,142,144.0,False,2015.5,2016.0
7461,1079,1011,s,142,147.0,False,2015.5,2016.75
7462,1183,1339,s,142,144.0,False,2015.5,2016.0
7463,1239,1821,s,142,145.0,False,2015.5,2016.25
7464,1401,1249,s,142,144.0,False,2015.5,2016.0
7465,1401,1821,s,142,148.0,False,2015.5,2017.0
7466,1448,1150,s,142,144.0,False,2015.5,2016.0
7467,1452,1281,s,142,143.0,False,2015.5,2015.75
7468,1452,1388,s,142,148.0,False,2015.5,2017.0
7469,230,1205,l,142,156.0,True,2015.5,2019.0
7470,796,785,l,142,214.0,True,2015.5,2033.5
7471,917,785,l,142,180.0,True,2015.5,2025.0
7472,1382,1342,l,142,144.0,True,2015.5,2016.0
7473,1445,1400,l,142,153.0,True,2015.5,2018.25
7474,507,789,l,142,,True,2015.5,
7475,902,929,l,142,209.0,True,2015.5,2032.25
7476,1406,1160,l,142,,True,2015.5,
7477,303,1428,l,142,227.0,True,2015.5,2036.75
7478,439,733,l,142,151.0,True,2015.5,2017.75
7479,1359,1321,l,142,147.0,True,2015.5,2016.75
7480,1804,146,l,142,185.0,True,2015.5,2026.25
7481,196,409,s,143,144.0,False,2015.75,2016.0
7482,204,572,s,143,144.0,False,2015.75,2016.0
7483,262,1205,s,143,146.0,False,2015.75,2016.5
7484,381,615,s,143,153.0,False,2015.75,2018.25
7485,497,1615,s,143,150.0,False,2015.75,2017.5
7486,507,733,s,143,146.0,False,2015.75,2016.5
7487,796,85,s,143,155.0,False,2015.75,2018.75
7488,885,653,s,143,151.0,False,2015.75,2017.75
7489,913,583,s,143,144.0,False,2015.75,2016.0
7490,1200,1367,s,143,150.0,False,2015.75,2017.5
7491,1266,1255,s,143,151.0,False,2015.75,2017.75
7492,1266,1416,s,143,145.0,False,2015.75,2016.25
7493,1330,159,s,143,143.0,False,2015.75,2015.75
7494,1330,1150,s,143,151.0,False,2015.75,2017.75
7495,1343,975,s,143,144.0,False,2015.75,2016.0
7496,1412,1615,s,143,152.0,False,2015.75,2018.0
7497,1677,1274,s,143,146.0,False,2015.75,2016.5
7498,1723,1615,s,143,149.0,False,2015.75,2017.25
7499,230,785,s,143,144.0,False,2015.75,2016.0
7500,439,462,s,143,144.0,False,2015.75,2016.0
7501,439,921,s,143,143.0,False,2015.75,2015.75
7502,743,1205,s,143,144.0,False,2015.75,2016.0
7503,807,336,s,143,148.0,False,2015.75,2017.0
7504,837,1613,s,143,150.0,False,2015.75,2017.5
7505,859,685,s,143,144.0,False,2015.75,2016.0
7506,916,572,s,143,148.0,False,2015.75,2017.0
7507,1074,1190,s,143,143.0,False,2015.75,2015.75
7508,1082,97,s,143,151.0,False,2015.75,2017.75
7509,1087,771,s,143,155.0,False,2015.75,2018.75
7510,1235,1353,s,143,146.0,False,2015.75,2016.5
7511,1242,1190,s,143,143.0,False,2015.75,2015.75
7512,1242,1613,s,143,144.0,False,2015.75,2016.0
7513,1325,662,s,143,146.0,False,2015.75,2016.5
7514,1330,1201,s,143,145.0,False,2015.75,2016.25
7515,1330,1282,s,143,147.0,False,2015.75,2016.75
7516,1343,387,s,143,143.0,False,2015.75,2015.75
7517,1393,1188,s,143,146.0,False,2015.75,2016.5
7518,1412,1190,s,143,148.0,False,2015.75,2017.0
7519,1481,1353,s,143,163.0,False,2015.75,2020.75
7520,1595,1292,s,143,150.0,False,2015.75,2017.5
7521,1595,1416,s,143,144.0,False,2015.75,2016.0
7522,1595,1513,s,143,144.0,False,2015.75,2016.0
7523,1677,1255,s,143,146.0,False,2015.75,2016.5
7524,133,320,s,143,144.0,False,2015.75,2016.0
7525,262,1316,s,143,149.0,False,2015.75,2017.25
7526,304,336,s,143,164.0,False,2015.75,2021.0
7527,611,146,s,143,145.0,False,2015.75,2016.25
7528,788,41,s,143,150.0,False,2015.75,2017.5
7529,791,1615,s,143,152.0,False,2015.75,2018.0
7530,807,97,s,143,150.0,False,2015.75,2017.5
7531,885,1696,s,143,148.0,False,2015.75,2017.0
7532,916,159,s,143,146.0,False,2015.75,2016.5
7533,1006,1339,s,143,144.0,False,2015.75,2016.0
7534,1097,929,s,143,152.0,False,2015.75,2018.0
7535,1343,108,s,143,144.0,False,2015.75,2016.0
7536,1390,1160,s,143,146.0,False,2015.75,2016.5
7537,1393,1353,s,143,144.0,False,2015.75,2016.0
7538,1401,1282,s,143,147.0,False,2015.75,2016.75
7539,1412,1205,s,143,145.0,False,2015.75,2016.25
7540,1445,1248,s,143,144.0,False,2015.75,2016.0
7541,1575,628,s,143,146.0,False,2015.75,2016.5
7542,1619,97,s,143,144.0,False,2015.75,2016.0
7543,1655,1439,s,143,145.0,False,2015.75,2016.25
7544,1677,97,s,143,151.0,False,2015.75,2017.75
7545,859,933,l,143,178.0,True,2015.75,2024.5
7546,917,1025,l,143,200.0,True,2015.75,2030.0
7547,230,1282,l,143,236.0,True,2015.75,2039.0
7548,1242,1315,l,143,169.0,True,2015.75,2022.25
7549,743,1247,l,143,,True,2015.75,
7550,1096,653,l,143,171.0,True,2015.75,2022.75
7551,1242,1149,l,143,162.0,True,2015.75,2020.5
7552,1266,1282,l,143,175.0,True,2015.75,2023.75
7553,1359,320,l,143,,True,2015.75,
7554,34,1388,s,144,147.0,False,2016.0,2016.75
7555,133,108,s,144,145.0,False,2016.0,2016.25
7556,204,785,s,144,147.0,False,2016.0,2016.75
7557,316,146,s,144,145.0,False,2016.0,2016.25
7558,316,572,s,144,144.0,False,2016.0,2016.0
7559,316,1764,s,144,148.0,False,2016.0,2017.0
7560,598,387,s,144,149.0,False,2016.0,2017.25
7561,611,1026,s,144,144.0,False,2016.0,2016.0
7562,773,1247,s,144,147.0,False,2016.0,2016.75
7563,773,1696,s,144,145.0,False,2016.0,2016.25
7564,791,785,s,144,146.0,False,2016.0,2016.5
7565,792,1043,s,144,145.0,False,2016.0,2016.25
7566,796,857,s,144,147.0,False,2016.0,2016.75
7567,1187,1188,s,144,157.0,False,2016.0,2019.25
7568,1225,1299,s,144,151.0,False,2016.0,2017.75
7569,1239,1008,s,144,145.0,False,2016.0,2016.25
7570,1343,785,s,144,147.0,False,2016.0,2016.75
7571,1417,1321,s,144,145.0,False,2016.0,2016.25
7572,439,578,s,144,147.0,False,2016.0,2016.75
7573,718,453,s,144,148.0,False,2016.0,2017.0
7574,732,280,s,144,147.0,False,2016.0,2016.75
7575,1200,571,s,144,151.0,False,2016.0,2017.75
7576,1306,1201,s,144,147.0,False,2016.0,2016.75
7577,1319,97,s,144,149.0,False,2016.0,2017.25
7578,1328,1335,s,144,145.0,False,2016.0,2016.25
7579,1390,1282,s,144,151.0,False,2016.0,2017.75
7580,1412,1409,s,144,145.0,False,2016.0,2016.25
7581,1412,1428,s,144,145.0,False,2016.0,2016.25
7582,1420,1416,s,144,153.0,False,2016.0,2018.25
7583,1453,1400,s,144,148.0,False,2016.0,2017.0
7584,87,1281,s,144,155.0,False,2016.0,2018.75
7585,133,1633,s,144,148.0,False,2016.0,2017.0
7586,230,108,s,144,151.0,False,2016.0,2017.75
7587,230,1615,s,144,149.0,False,2016.0,2017.25
7588,466,785,s,144,147.0,False,2016.0,2016.75
7589,597,320,s,144,150.0,False,2016.0,2017.5
7590,731,336,s,144,145.0,False,2016.0,2016.25
7591,807,1764,s,144,151.0,False,2016.0,2017.75
7592,916,336,s,144,145.0,False,2016.0,2016.25
7593,988,653,s,144,148.0,False,2016.0,2017.0
7594,1074,387,s,144,152.0,False,2016.0,2018.0
7595,1294,1282,s,144,151.0,False,2016.0,2017.75
7596,1309,1190,s,144,148.0,False,2016.0,2017.0
7597,1309,1282,s,144,145.0,False,2016.0,2016.25
7598,1382,1335,s,144,150.0,False,2016.0,2017.5
7599,1417,1613,s,144,145.0,False,2016.0,2016.25
7600,1441,409,s,144,146.0,False,2016.0,2016.5
7601,1452,1335,s,144,145.0,False,2016.0,2016.25
7602,1619,1385,s,144,151.0,False,2016.0,2017.75
7603,1678,1675,s,144,148.0,False,2016.0,2017.0
7604,1847,1367,s,144,150.0,False,2016.0,2017.5
7605,287,733,l,144,152.0,True,2016.0,2018.0
7606,807,170,l,144,192.0,True,2016.0,2028.0
7607,1417,1436,l,144,164.0,True,2016.0,2021.0
7608,1481,1400,l,144,168.0,True,2016.0,2022.0
7609,754,800,l,144,184.0,True,2016.0,2026.0
7610,791,1321,l,144,208.0,True,2016.0,2032.0
7611,1343,1764,l,144,,True,2016.0,
7612,113,653,s,145,146.0,False,2016.25,2016.5
7613,133,1026,s,145,151.0,False,2016.25,2017.75
7614,230,653,s,145,151.0,False,2016.25,2017.75
7615,415,78,s,145,148.0,False,2016.25,2017.0
7616,439,1615,s,145,148.0,False,2016.25,2017.0
7617,611,315,s,145,152.0,False,2016.25,2018.0
7618,716,358,s,145,146.0,False,2016.25,2016.5
7619,731,49,s,145,145.0,False,2016.25,2016.25
7620,731,653,s,145,146.0,False,2016.25,2016.5
7621,743,653,s,145,145.0,False,2016.25,2016.25
7622,807,947,s,145,149.0,False,2016.25,2017.25
7623,838,108,s,145,148.0,False,2016.25,2017.0
7624,1330,1517,s,145,156.0,False,2016.25,2019.0
7625,1343,24,s,145,148.0,False,2016.25,2017.0
7626,1343,129,s,145,145.0,False,2016.25,2016.25
7627,1393,1208,s,145,148.0,False,2016.25,2017.0
7628,1396,97,s,145,145.0,False,2016.25,2016.25
7629,1401,1335,s,145,152.0,False,2016.25,2018.0
7630,1406,1299,s,145,156.0,False,2016.25,2019.0
7631,1412,1247,s,145,149.0,False,2016.25,2017.25
7632,1420,1339,s,145,154.0,False,2016.25,2018.5
7633,1452,1413,s,145,149.0,False,2016.25,2017.25
7634,1655,1282,s,145,147.0,False,2016.25,2016.75
7635,1656,571,s,145,152.0,False,2016.25,2018.0
7636,1656,1615,s,145,147.0,False,2016.25,2016.75
7637,87,146,s,145,146.0,False,2016.25,2016.5
7638,303,1615,s,145,146.0,False,2016.25,2016.5
7639,807,662,s,145,155.0,False,2016.25,2018.75
7640,807,1785,s,145,146.0,False,2016.25,2016.5
7641,837,108,s,145,146.0,False,2016.25,2016.5
7642,837,1615,s,145,148.0,False,2016.25,2017.0
7643,937,1615,s,145,156.0,False,2016.25,2019.0
7644,1242,1188,s,145,149.0,False,2016.25,2017.25
7645,1401,1582,s,145,146.0,False,2016.25,2016.5
7646,1678,1149,s,145,146.0,False,2016.25,2016.5
7647,1678,1231,s,145,150.0,False,2016.25,2017.5
7648,1723,1435,s,145,149.0,False,2016.25,2017.25
7649,113,1616,s,145,146.0,False,2016.25,2016.5
7650,272,205,s,145,147.0,False,2016.25,2016.75
7651,497,965,s,145,157.0,False,2016.25,2019.25
7652,501,129,s,145,146.0,False,2016.25,2016.5
7653,791,1205,s,145,146.0,False,2016.25,2016.5
7654,796,1201,s,145,147.0,False,2016.25,2016.75
7655,913,1367,s,145,146.0,False,2016.25,2016.5
7656,917,653,s,145,146.0,False,2016.25,2016.5
7657,1079,1282,s,145,146.0,False,2016.25,2016.5
7658,1382,1388,s,145,150.0,False,2016.25,2017.5
7659,1390,1821,s,145,146.0,False,2016.25,2016.5
7660,1441,1232,s,145,154.0,False,2016.25,2018.5
7661,1454,1190,s,145,149.0,False,2016.25,2017.25
7662,1481,1435,s,145,147.0,False,2016.25,2016.75
7663,1481,1532,s,145,146.0,False,2016.25,2016.5
7664,304,1764,l,145,,True,2016.25,
7665,1242,1247,l,145,154.0,True,2016.25,2018.5
7666,1452,1298,l,145,159.0,True,2016.25,2019.75
7667,439,108,l,145,160.0,True,2016.25,2020.0
7668,1306,1318,l,145,184.0,True,2016.25,2026.0
7669,1677,1282,l,145,,True,2016.25,
7670,1677,1517,l,145,,True,2016.25,
7671,113,85,s,146,150.0,False,2016.5,2017.5
7672,507,1247,s,146,152.0,False,2016.5,2018.0
7673,516,1028,s,146,157.0,False,2016.5,2019.25
7674,791,1675,s,146,150.0,False,2016.5,2017.5
7675,807,929,s,146,149.0,False,2016.5,2017.25
7676,937,653,s,146,146.0,False,2016.5,2016.5
7677,1074,1428,s,146,146.0,False,2016.5,2016.5
7678,1079,1615,s,146,156.0,False,2016.5,2019.0
7679,1306,1297,s,146,161.0,False,2016.5,2020.25
7680,1330,1335,s,146,152.0,False,2016.5,2018.0
7681,1343,1517,s,146,147.0,False,2016.5,2016.75
7682,1412,1255,s,146,147.0,False,2016.5,2016.75
7683,1655,1247,s,146,147.0,False,2016.5,2016.75
7684,467,146,s,146,149.0,False,2016.5,2017.25
7685,501,684,s,146,148.0,False,2016.5,2017.0
7686,516,1321,s,146,148.0,False,2016.5,2017.0
7687,792,1043,s,146,152.0,False,2016.5,2018.0
7688,913,315,s,146,150.0,False,2016.5,2017.5
7689,927,1615,s,146,151.0,False,2016.5,2017.75
7690,1079,1190,s,146,149.0,False,2016.5,2017.25
7691,1270,933,s,146,146.0,False,2016.5,2016.5
7692,1271,1339,s,146,152.0,False,2016.5,2018.0
7693,1290,1615,s,146,146.0,False,2016.5,2016.5
7694,1293,1282,s,146,150.0,False,2016.5,2017.5
7695,1393,1299,s,146,150.0,False,2016.5,2017.5
7696,1483,1388,s,146,146.0,False,2016.5,2016.5
7697,1575,1764,s,146,153.0,False,2016.5,2018.25
7698,1595,97,s,146,159.0,False,2016.5,2019.75
7699,1804,1281,s,146,159.0,False,2016.5,2019.75
7700,216,324,s,146,152.0,False,2016.5,2018.0
7701,283,1821,s,146,148.0,False,2016.5,2017.0
7702,610,762,s,146,150.0,False,2016.5,2017.5
7703,655,1317,s,146,152.0,False,2016.5,2018.0
7704,718,578,s,146,148.0,False,2016.5,2017.0
7705,731,336,s,146,147.0,False,2016.5,2016.75
7706,754,146,s,146,150.0,False,2016.5,2017.5
7707,788,771,s,146,153.0,False,2016.5,2018.25
7708,791,1257,s,146,148.0,False,2016.5,2017.0
7709,991,320,s,146,152.0,False,2016.5,2018.0
7710,1236,1201,s,146,159.0,False,2016.5,2019.75
7711,1390,1413,s,146,151.0,False,2016.5,2017.75
7712,1454,1257,s,146,159.0,False,2016.5,2019.75
7713,1574,1201,s,146,151.0,False,2016.5,2017.75
7714,413,1011,l,146,214.0,True,2016.5,2033.5
7715,966,615,l,146,188.0,True,2016.5,2027.0
7716,1412,1321,l,146,202.0,True,2016.5,2030.5
7717,1655,1342,l,146,155.0,True,2016.5,2018.75
7718,262,205,l,146,157.0,True,2016.5,2019.25
7719,501,320,l,146,160.0,True,2016.5,2020.0
7720,732,1822,l,146,150.0,True,2016.5,2017.5
7721,837,1318,l,146,177.0,True,2016.5,2024.25
7722,1330,146,l,146,154.0,True,2016.5,2018.5
7723,1359,416,l,146,215.0,True,2016.5,2033.75
7724,1417,1222,l,146,204.0,True,2016.5,2031.0
7725,304,1023,l,146,207.0,True,2016.5,2031.75
7726,1290,1002,l,146,175.0,True,2016.5,2023.75
7727,1343,49,l,146,196.0,True,2016.5,2029.0
7728,1359,628,l,146,232.0,True,2016.5,2038.0
7729,1465,324,l,146,173.0,True,2016.5,2023.25
7730,216,336,s,147,147.0,False,2016.75,2016.75
7731,260,1023,s,147,150.0,False,2016.75,2017.5
7732,303,1615,s,147,147.0,False,2016.75,2016.75
7733,439,324,s,147,148.0,False,2016.75,2017.0
7734,490,416,s,147,159.0,False,2016.75,2019.75
7735,718,1764,s,147,152.0,False,2016.75,2018.0
7736,807,189,s,147,165.0,False,2016.75,2021.25
7737,1079,1388,s,147,152.0,False,2016.75,2018.0
7738,1087,733,s,147,148.0,False,2016.75,2017.0
7739,1266,1158,s,147,149.0,False,2016.75,2017.25
7740,1323,1388,s,147,150.0,False,2016.75,2017.5
7741,1412,1381,s,147,155.0,False,2016.75,2018.75
7742,1420,1615,s,147,151.0,False,2016.75,2017.75
7743,1466,649,s,147,151.0,False,2016.75,2017.75
7744,1678,1321,s,147,150.0,False,2016.75,2017.5
7745,133,1615,s,147,153.0,False,2016.75,2018.25
7746,342,899,s,147,148.0,False,2016.75,2017.0
7747,466,628,s,147,148.0,False,2016.75,2017.0
7748,507,1388,s,147,148.0,False,2016.75,2017.0
7749,732,416,s,147,154.0,False,2016.75,2018.5
7750,773,1321,s,147,151.0,False,2016.75,2017.75
7751,796,108,s,147,150.0,False,2016.75,2017.5
7752,837,1381,s,147,149.0,False,2016.75,2017.25
7753,978,320,s,147,156.0,False,2016.75,2019.0
7754,1079,1201,s,147,148.0,False,2016.75,2017.0
7755,1096,129,s,147,148.0,False,2016.75,2017.0
7756,1097,952,s,147,150.0,False,2016.75,2017.5
7757,1225,1613,s,147,149.0,False,2016.75,2017.25
7758,1396,1205,s,147,148.0,False,2016.75,2017.0
7759,1445,1190,s,147,152.0,False,2016.75,2018.0
7760,1677,1281,s,147,152.0,False,2016.75,2018.0
7761,1678,1365,s,147,151.0,False,2016.75,2017.75
7762,1678,1615,s,147,149.0,False,2016.75,2017.25
7763,1702,1282,s,147,152.0,False,2016.75,2018.0
7764,1804,1615,s,147,154.0,False,2016.75,2018.5
7765,133,108,s,147,152.0,False,2016.75,2018.0
7766,133,653,s,147,153.0,False,2016.75,2018.25
7767,169,97,s,147,151.0,False,2016.75,2017.75
7768,230,268,s,147,151.0,False,2016.75,2017.75
7769,247,800,s,147,152.0,False,2016.75,2018.0
7770,466,965,s,147,148.0,False,2016.75,2017.0
7771,637,1615,s,147,148.0,False,2016.75,2017.0
7772,1088,1011,s,147,150.0,False,2016.75,2017.5
7773,1239,1335,s,147,149.0,False,2016.75,2017.25
7774,1290,1281,s,147,150.0,False,2016.75,2017.5
7775,1290,1416,s,147,158.0,False,2016.75,2019.5
7776,1319,1613,s,147,152.0,False,2016.75,2018.0
7777,1343,358,s,147,151.0,False,2016.75,2017.75
7778,1483,1821,s,147,157.0,False,2016.75,2019.25
7779,466,1032,l,147,159.0,True,2016.75,2019.75
7780,815,146,l,147,172.0,True,2016.75,2023.0
7781,1412,1339,l,147,,True,2016.75,
7782,917,85,l,147,,True,2016.75,
7783,1412,1335,l,147,231.0,True,2016.75,2037.75
7784,1596,1335,l,147,226.0,True,2016.75,2036.5
7785,1306,1188,l,147,166.0,True,2016.75,2021.5
7786,1319,1247,l,147,202.0,True,2016.75,2030.5
7787,173,1281,s,148,151.0,False,2017.0,2017.75
7788,230,785,s,148,149.0,False,2017.0,2017.25
7789,356,653,s,148,150.0,False,2017.0,2017.5
7790,418,159,s,148,149.0,False,2017.0,2017.25
7791,754,1252,s,148,148.0,False,2017.0,2017.0
7792,837,1149,s,148,151.0,False,2017.0,2017.75
7793,917,129,s,148,149.0,False,2017.0,2017.25
7794,1079,1205,s,148,152.0,False,2017.0,2018.0
7795,1087,1188,s,148,151.0,False,2017.0,2017.75
7796,1187,1435,s,148,154.0,False,2017.0,2018.5
7797,1239,1255,s,148,149.0,False,2017.0,2017.25
7798,1309,1282,s,148,152.0,False,2017.0,2018.0
7799,1309,1374,s,148,150.0,False,2017.0,2017.5
7800,1343,733,s,148,150.0,False,2017.0,2017.5
7801,1343,929,s,148,152.0,False,2017.0,2018.0
7802,1343,965,s,148,149.0,False,2017.0,2017.25
7803,1371,1400,s,148,149.0,False,2017.0,2017.25
7804,1596,1416,s,148,148.0,False,2017.0,2017.0
7805,1677,1201,s,148,149.0,False,2017.0,2017.25
7806,1678,1517,s,148,150.0,False,2017.0,2017.5
7807,1679,866,s,148,149.0,False,2017.0,2017.25
7808,133,1321,s,148,158.0,False,2017.0,2019.5
7809,412,1205,s,148,152.0,False,2017.0,2018.0
7810,497,816,s,148,150.0,False,2017.0,2017.5
7811,731,965,s,148,157.0,False,2017.0,2019.25
7812,791,1274,s,148,150.0,False,2017.0,2017.5
7813,796,733,s,148,153.0,False,2017.0,2018.25
7814,937,1517,s,148,149.0,False,2017.0,2017.25
7815,1324,1247,s,148,154.0,False,2017.0,2018.5
7816,1343,41,s,148,155.0,False,2017.0,2018.75
7817,1343,108,s,148,148.0,False,2017.0,2017.0
7818,1382,1339,s,148,148.0,False,2017.0,2017.0
7819,1393,1188,s,148,151.0,False,2017.0,2017.75
7820,1393,1247,s,148,164.0,False,2017.0,2021.0
7821,1393,1318,s,148,151.0,False,2017.0,2017.75
7822,1445,1282,s,148,150.0,False,2017.0,2017.5
7823,133,1008,s,148,149.0,False,2017.0,2017.25
7824,150,572,s,148,153.0,False,2017.0,2018.25
7825,204,1012,s,148,154.0,False,2017.0,2018.5
7826,356,324,s,148,158.0,False,2017.0,2019.5
7827,637,444,s,148,152.0,False,2017.0,2018.0
7828,791,789,s,148,164.0,False,2017.0,2021.0
7829,807,572,s,148,153.0,False,2017.0,2018.25
7830,916,320,s,148,153.0,False,2017.0,2018.25
7831,927,1150,s,148,151.0,False,2017.0,2017.75
7832,1242,1185,s,148,169.0,False,2017.0,2022.25
7833,1266,1435,s,148,149.0,False,2017.0,2017.25
7834,1359,786,s,148,153.0,False,2017.0,2018.25
7835,1359,1240,s,148,151.0,False,2017.0,2017.75
7836,1390,1435,s,148,162.0,False,2017.0,2020.5
7837,1514,1282,s,148,151.0,False,2017.0,2017.75
7838,1706,857,s,148,152.0,False,2017.0,2018.0
7839,1723,409,s,148,151.0,False,2017.0,2017.75
7840,1619,1188,l,148,200.0,True,2017.0,2030.0
7841,1619,1615,l,148,191.0,True,2017.0,2027.75
7842,316,578,s,149,149.0,False,2017.25,2017.25
7843,342,973,s,149,156.0,False,2017.25,2019.0
7844,412,1388,s,149,150.0,False,2017.25,2017.5
7845,439,336,s,149,149.0,False,2017.25,2017.25
7846,754,1023,s,149,156.0,False,2017.25,2019.0
7847,791,771,s,149,154.0,False,2017.25,2018.5
7848,937,1321,s,149,153.0,False,2017.25,2018.25
7849,1079,313,s,149,151.0,False,2017.25,2017.75
7850,1242,1821,s,149,165.0,False,2017.25,2021.25
7851,1266,1257,s,149,159.0,False,2017.25,2019.75
7852,1306,1342,s,149,151.0,False,2017.25,2017.75
7853,1343,189,s,149,153.0,False,2017.25,2018.25
7854,1343,800,s,149,151.0,False,2017.25,2017.75
7855,1393,1460,s,149,162.0,False,2017.25,2020.5
7856,1412,1346,s,149,157.0,False,2017.25,2019.25
7857,1417,1400,s,149,153.0,False,2017.25,2018.25
7858,1493,1315,s,149,150.0,False,2017.25,2017.5
7859,1514,1367,s,149,150.0,False,2017.25,2017.5
7860,1595,1615,s,149,156.0,False,2017.25,2019.0
7861,1619,1282,s,149,154.0,False,2017.25,2018.5
7862,40,1190,s,149,151.0,False,2017.25,2017.75
7863,507,1299,s,149,158.0,False,2017.25,2019.5
7864,788,320,s,149,153.0,False,2017.25,2018.25
7865,788,416,s,149,150.0,False,2017.25,2017.5
7866,796,1001,s,149,152.0,False,2017.25,2018.0
7867,796,1028,s,149,154.0,False,2017.25,2018.5
7868,797,146,s,149,151.0,False,2017.25,2017.75
7869,1266,1388,s,149,153.0,False,2017.25,2018.25
7870,1270,1282,s,149,153.0,False,2017.25,2018.25
7871,1324,1615,s,149,151.0,False,2017.25,2017.75
7872,1330,1321,s,149,153.0,False,2017.25,2018.25
7873,1343,336,s,149,158.0,False,2017.25,2019.5
7874,1393,1475,s,149,149.0,False,2017.25,2017.25
7875,1412,1521,s,149,152.0,False,2017.25,2018.0
7876,1417,1413,s,149,150.0,False,2017.25,2017.5
7877,1445,1158,s,149,151.0,False,2017.25,2017.75
7878,316,504,s,149,152.0,False,2017.25,2018.0
7879,394,653,s,149,152.0,False,2017.25,2018.0
7880,466,85,s,149,156.0,False,2017.25,2019.0
7881,551,1282,s,149,150.0,False,2017.25,2017.5
7882,743,1321,s,149,158.0,False,2017.25,2019.5
7883,796,280,s,149,152.0,False,2017.25,2018.0
7884,936,947,s,149,150.0,False,2017.25,2017.5
7885,1239,1381,s,149,157.0,False,2017.25,2019.25
7886,1314,1201,s,149,152.0,False,2017.25,2018.0
7887,1417,1318,s,149,158.0,False,2017.25,2019.5
7888,1417,1435,s,149,153.0,False,2017.25,2018.25
7889,1866,1821,s,149,154.0,False,2017.25,2018.5
7890,937,1282,l,149,187.0,True,2017.25,2026.75
7891,1393,1455,l,149,,True,2017.25,
7892,1452,1299,l,149,227.0,True,2017.25,2036.75
7893,796,129,l,149,152.0,True,2017.25,2018.0
7894,931,1409,l,149,,True,2017.25,
7895,995,1299,l,149,158.0,True,2017.25,2019.5
7896,1290,1335,l,149,218.0,True,2017.25,2034.5
7897,1723,1335,l,149,223.0,True,2017.25,2035.75
7898,230,1615,s,150,162.0,False,2017.5,2020.5
7899,465,1615,s,150,153.0,False,2017.5,2018.25
7900,743,146,s,150,158.0,False,2017.5,2019.5
7901,791,453,s,150,155.0,False,2017.5,2018.75
7902,913,1318,s,150,156.0,False,2017.5,2019.0
7903,936,1201,s,150,154.0,False,2017.5,2018.5
7904,1079,1282,s,150,163.0,False,2017.5,2020.75
7905,1079,1342,s,150,154.0,False,2017.5,2018.5
7906,1096,320,s,150,161.0,False,2017.5,2020.25
7907,1242,1282,s,150,150.0,False,2017.5,2017.5
7908,1319,1274,s,150,153.0,False,2017.5,2018.25
7909,1319,1821,s,150,152.0,False,2017.5,2018.0
7910,1324,1367,s,150,154.0,False,2017.5,2018.5
7911,1325,1190,s,150,155.0,False,2017.5,2018.75
7912,1359,1613,s,150,150.0,False,2017.5,2017.5
7913,1619,1367,s,150,150.0,False,2017.5,2017.5
7914,40,816,s,150,154.0,False,2017.5,2018.5
7915,133,416,s,150,151.0,False,2017.5,2017.75
7916,204,1388,s,150,156.0,False,2017.5,2019.0
7917,287,1699,s,150,158.0,False,2017.5,2019.5
7918,466,293,s,150,151.0,False,2017.5,2017.75
7919,743,866,s,150,156.0,False,2017.5,2019.0
7920,788,733,s,150,157.0,False,2017.5,2019.25
7921,807,462,s,150,153.0,False,2017.5,2018.25
7922,913,129,s,150,153.0,False,2017.5,2018.25
7923,913,684,s,150,156.0,False,2017.5,2019.0
7924,916,689,s,150,158.0,False,2017.5,2019.5
7925,1079,684,s,150,153.0,False,2017.5,2018.25
7926,1088,324,s,150,152.0,False,2017.5,2018.0
7927,1220,1381,s,150,151.0,False,2017.5,2017.75
7928,1236,1821,s,150,151.0,False,2017.5,2017.75
7929,1266,1201,s,150,151.0,False,2017.5,2017.75
7930,1330,1353,s,150,151.0,False,2017.5,2017.75
7931,1330,1821,s,150,156.0,False,2017.5,2019.0
7932,1382,1011,s,150,157.0,False,2017.5,2019.25
7933,1412,1388,s,150,159.0,False,2017.5,2019.75
7934,1412,1613,s,150,155.0,False,2017.5,2018.75
7935,1417,1315,s,150,152.0,False,2017.5,2018.0
7936,1595,1299,s,150,151.0,False,2017.5,2017.75
7937,234,108,s,150,151.0,False,2017.5,2017.75
7938,394,1615,s,150,152.0,False,2017.5,2018.0
7939,791,1188,s,150,151.0,False,2017.5,2017.75
7940,796,324,s,150,151.0,False,2017.5,2017.75
7941,796,572,s,150,156.0,False,2017.5,2019.0
7942,807,358,s,150,158.0,False,2017.5,2019.5
7943,991,733,s,150,153.0,False,2017.5,2018.25
7944,1239,1281,s,150,154.0,False,2017.5,2018.5
7945,1242,1190,s,150,152.0,False,2017.5,2018.0
7946,1306,1339,s,150,152.0,False,2017.5,2018.0
7947,1382,1282,s,150,152.0,False,2017.5,2018.0
7948,1382,1409,s,150,152.0,False,2017.5,2018.0
7949,1452,1247,s,150,156.0,False,2017.5,2019.0
7950,1452,1513,s,150,153.0,False,2017.5,2018.25
7951,1514,1613,s,150,155.0,False,2017.5,2018.75
7952,916,733,l,150,236.0,True,2017.5,2039.0
7953,1330,1388,l,150,166.0,True,2017.5,2021.5
7954,1401,1282,l,150,,True,2017.5,
7955,1405,1436,l,150,201.0,True,2017.5,2030.25
7956,1466,97,l,150,215.0,True,2017.5,2033.75
7957,1466,320,l,150,179.0,True,2017.5,2024.75
7958,1804,1282,l,150,184.0,True,2017.5,2026.0
7959,262,1821,l,150,,True,2017.5,
7960,902,800,l,150,181.0,True,2017.5,2025.25
7961,1390,1367,l,150,,True,2017.5,
7962,1393,1435,l,150,233.0,True,2017.5,2038.25
7963,54,653,s,151,151.0,False,2017.75,2017.75
7964,57,146,s,151,153.0,False,2017.75,2018.25
7965,466,108,s,151,166.0,False,2017.75,2021.5
7966,859,416,s,151,163.0,False,2017.75,2020.75
7967,1239,1436,s,151,151.0,False,2017.75,2017.75
7968,1330,268,s,151,151.0,False,2017.75,2017.75
7969,1343,785,s,151,156.0,False,2017.75,2019.0
7970,1343,1026,s,151,155.0,False,2017.75,2018.75
7971,1575,1260,s,151,153.0,False,2017.75,2018.25
7972,1595,1318,s,151,155.0,False,2017.75,2018.75
7973,1706,1865,s,151,152.0,False,2017.75,2018.0
7974,133,1188,s,151,153.0,False,2017.75,2018.25
7975,214,1190,s,151,154.0,False,2017.75,2018.5
7976,283,1201,s,151,156.0,False,2017.75,2019.0
7977,815,1190,s,151,154.0,False,2017.75,2018.5
7978,913,1353,s,151,152.0,False,2017.75,2018.0
7979,916,947,s,151,152.0,False,2017.75,2018.0
7980,936,947,s,151,152.0,False,2017.75,2018.0
7981,1079,1281,s,151,162.0,False,2017.75,2020.5
7982,1082,1282,s,151,158.0,False,2017.75,2019.5
7983,1441,1342,s,151,157.0,False,2017.75,2019.25
7984,1453,1158,s,151,152.0,False,2017.75,2018.0
7985,1514,1460,s,151,154.0,False,2017.75,2018.5
7986,133,85,s,151,152.0,False,2017.75,2018.0
7987,316,90,s,151,152.0,False,2017.75,2018.0
7988,342,462,s,151,157.0,False,2017.75,2019.25
7989,501,462,s,151,156.0,False,2017.75,2019.0
7990,630,1615,s,151,153.0,False,2017.75,2018.25
7991,731,49,s,151,152.0,False,2017.75,2018.0
7992,732,1190,s,151,152.0,False,2017.75,2018.0
7993,916,146,s,151,155.0,False,2017.75,2018.75
7994,917,947,s,151,152.0,False,2017.75,2018.0
7995,937,146,s,151,153.0,False,2017.75,2018.25
7996,1242,1281,s,151,156.0,False,2017.75,2019.0
7997,1329,1201,s,151,153.0,False,2017.75,2018.25
7998,1387,1335,s,151,163.0,False,2017.75,2020.75
7999,1393,1418,s,151,159.0,False,2017.75,2019.75
8000,1405,1205,s,151,152.0,False,2017.75,2018.0
8001,1412,1435,s,151,158.0,False,2017.75,2019.5
8002,1462,1821,s,151,162.0,False,2017.75,2020.5
8003,1466,280,s,151,154.0,False,2017.75,2018.5
8004,1481,1188,s,151,156.0,False,2017.75,2019.0
8005,1514,1315,s,151,159.0,False,2017.75,2019.75
8006,1678,1436,s,151,156.0,False,2017.75,2019.0
8007,1079,1190,l,151,202.0,True,2017.75,2030.5
8008,1514,1513,l,151,242.0,True,2017.75,2040.5
8009,1595,1282,l,151,,True,2017.75,
8010,1677,1342,l,151,215.0,True,2017.75,2033.75
8011,173,1002,l,151,170.0,True,2017.75,2022.5
8012,732,1032,l,151,226.0,True,2017.75,2036.5
8013,773,1615,l,151,156.0,True,2017.75,2019.0
8014,1393,1436,l,151,158.0,True,2017.75,2019.5
8015,1574,965,l,151,176.0,True,2017.75,2024.0
8016,1421,1388,l,151,170.0,True,2017.75,2022.5
8017,65,1028,s,152,160.0,False,2018.0,2020.0
8018,216,1517,s,152,161.0,False,2018.0,2020.25
8019,260,572,s,152,156.0,False,2018.0,2019.0
8020,381,572,s,152,154.0,False,2018.0,2018.5
8021,466,49,s,152,156.0,False,2018.0,2019.0
8022,507,1002,s,152,152.0,False,2018.0,2018.0
8023,507,1024,s,152,157.0,False,2018.0,2019.25
8024,791,1517,s,152,159.0,False,2018.0,2019.75
8025,807,653,s,152,162.0,False,2018.0,2020.5
8026,1087,146,s,152,163.0,False,2018.0,2020.75
8027,1087,1517,s,152,160.0,False,2018.0,2020.0
8028,1186,1281,s,152,153.0,False,2018.0,2018.25
8029,1186,1400,s,152,154.0,False,2018.0,2018.5
8030,1187,453,s,152,156.0,False,2018.0,2019.0
8031,1200,1232,s,152,152.0,False,2018.0,2018.0
8032,1237,1821,s,152,159.0,False,2018.0,2019.75
8033,1266,1299,s,152,158.0,False,2018.0,2019.5
8034,1328,1375,s,152,157.0,False,2018.0,2019.25
8035,1329,1190,s,152,154.0,False,2018.0,2018.5
8036,1359,146,s,152,154.0,False,2018.0,2018.5
8037,1359,1374,s,152,153.0,False,2018.0,2018.25
8038,1412,1315,s,152,157.0,False,2018.0,2019.25
8039,1481,1821,s,152,156.0,False,2018.0,2019.0
8040,1619,866,s,152,154.0,False,2018.0,2018.5
8041,1655,1190,s,152,152.0,False,2018.0,2018.0
8042,1678,1321,s,152,166.0,False,2018.0,2021.5
8043,204,583,s,152,153.0,False,2018.0,2018.25
8044,230,416,s,152,152.0,False,2018.0,2018.0
8045,248,1388,s,152,153.0,False,2018.0,2018.25
8046,269,1035,s,152,154.0,False,2018.0,2018.5
8047,418,1282,s,152,156.0,False,2018.0,2019.0
8048,754,534,s,152,161.0,False,2018.0,2020.25
8049,913,929,s,152,154.0,False,2018.0,2018.5
8050,916,407,s,152,153.0,False,2018.0,2018.25
8051,917,733,s,152,155.0,False,2018.0,2018.75
8052,1079,1367,s,152,162.0,False,2018.0,2020.5
8053,1187,159,s,152,152.0,False,2018.0,2018.0
8054,1266,1353,s,152,159.0,False,2018.0,2019.75
8055,1328,1615,s,152,156.0,False,2018.0,2019.0
8056,1359,129,s,152,155.0,False,2018.0,2018.75
8057,1401,1513,s,152,156.0,False,2018.0,2019.0
8058,1412,1188,s,152,160.0,False,2018.0,2020.0
8059,1420,1475,s,152,152.0,False,2018.0,2018.0
8060,1452,1291,s,152,161.0,False,2018.0,2020.25
8061,1481,1247,s,152,160.0,False,2018.0,2020.0
8062,1481,1383,s,152,154.0,False,2018.0,2018.5
8063,1595,1821,s,152,158.0,False,2018.0,2019.5
8064,1656,1455,s,152,171.0,False,2018.0,2022.75
8065,173,1615,s,152,158.0,False,2018.0,2019.5
8066,216,733,s,152,170.0,False,2018.0,2022.5
8067,248,416,s,152,153.0,False,2018.0,2018.25
8068,467,1615,s,152,157.0,False,2018.0,2019.25
8069,516,1615,s,152,159.0,False,2018.0,2019.75
8070,796,416,s,152,158.0,False,2018.0,2019.5
8071,796,835,s,152,154.0,False,2018.0,2018.5
8072,913,1281,s,152,181.0,False,2018.0,2025.25
8073,953,416,s,152,153.0,False,2018.0,2018.25
8074,978,108,s,152,153.0,False,2018.0,2018.25
8075,1187,583,s,152,164.0,False,2018.0,2021.0
8076,1324,571,s,152,154.0,False,2018.0,2018.5
8077,1465,1026,s,152,153.0,False,2018.0,2018.25
8078,1595,1217,s,152,154.0,False,2018.0,2018.5
8079,936,1321,l,152,196.0,True,2018.0,2029.0
8080,1082,952,l,152,176.0,True,2018.0,2024.0
8081,1079,1002,l,152,161.0,True,2018.0,2020.25
8082,1200,1190,l,152,158.0,True,2018.0,2019.5
8083,1237,1281,l,152,,True,2018.0,
8084,173,1188,l,152,200.0,True,2018.0,2030.0
8085,465,205,l,152,217.0,True,2018.0,2034.25
8086,1309,1615,l,152,156.0,True,2018.0,2019.0
8087,40,1201,s,153,153.0,False,2018.25,2018.25
8088,773,1190,s,153,156.0,False,2018.25,2019.0
8089,1235,1281,s,153,157.0,False,2018.25,2019.25
8090,1236,1615,s,153,156.0,False,2018.25,2019.0
8091,1266,1255,s,153,163.0,False,2018.25,2020.75
8092,1343,146,s,153,161.0,False,2018.25,2020.25
8093,1412,1247,s,153,161.0,False,2018.25,2020.25
8094,1452,1190,s,153,154.0,False,2018.25,2018.5
8095,1493,1339,s,153,158.0,False,2018.25,2019.5
8096,1553,628,s,153,166.0,False,2018.25,2021.5
8097,1575,416,s,153,170.0,False,2018.25,2022.5
8098,1619,1185,s,153,164.0,False,2018.25,2021.0
8099,1804,1247,s,153,162.0,False,2018.25,2020.5
8100,54,1321,s,153,156.0,False,2018.25,2019.0
8101,54,1388,s,153,155.0,False,2018.25,2018.75
8102,216,146,s,153,156.0,False,2018.25,2019.0
8103,303,1282,s,153,154.0,False,2018.25,2018.5
8104,452,1026,s,153,154.0,False,2018.25,2018.5
8105,497,129,s,153,160.0,False,2018.25,2020.0
8106,516,1880,s,153,154.0,False,2018.25,2018.5
8107,796,336,s,153,159.0,False,2018.25,2019.75
8108,796,628,s,153,154.0,False,2018.25,2018.5
8109,916,108,s,153,158.0,False,2018.25,2019.5
8110,916,785,s,153,156.0,False,2018.25,2019.0
8111,1079,324,s,153,154.0,False,2018.25,2018.5
8112,1087,678,s,153,158.0,False,2018.25,2019.5
8113,1306,1435,s,153,160.0,False,2018.25,2020.0
8114,1406,1428,s,153,163.0,False,2018.25,2020.75
8115,1412,1374,s,153,157.0,False,2018.25,2019.25
8116,1412,1460,s,153,168.0,False,2018.25,2022.0
8117,1452,1435,s,153,166.0,False,2018.25,2021.5
8118,1678,1149,s,153,154.0,False,2018.25,2018.5
8119,466,1764,s,153,159.0,False,2018.25,2019.75
8120,501,324,s,153,158.0,False,2018.25,2019.5
8121,573,129,s,153,167.0,False,2018.25,2021.75
8122,796,615,s,153,154.0,False,2018.25,2018.5
8123,837,1381,s,153,155.0,False,2018.25,2018.75
8124,885,952,s,153,157.0,False,2018.25,2019.25
8125,991,929,s,153,156.0,False,2018.25,2019.0
8126,1242,1282,s,153,157.0,False,2018.25,2019.25
8127,1364,1388,s,153,155.0,False,2018.25,2018.75
8128,1481,1416,s,153,161.0,False,2018.25,2020.25
8129,1618,1190,s,153,164.0,False,2018.25,2021.0
8130,1804,159,s,153,158.0,False,2018.25,2019.5
8131,230,685,l,153,170.0,True,2018.25,2022.5
8132,791,159,l,153,194.0,True,2018.25,2028.5
8133,57,416,l,153,,True,2018.25,
8134,991,733,l,153,,True,2018.25,
8135,1382,1413,l,153,191.0,True,2018.25,2027.75
8136,216,572,l,153,206.0,True,2018.25,2031.5
8137,507,1615,l,153,191.0,True,2018.25,2027.75
8138,1005,1435,l,153,,True,2018.25,
8139,262,1367,s,154,160.0,False,2018.5,2020.0
8140,452,1764,s,154,157.0,False,2018.5,2019.25
8141,501,785,s,154,155.0,False,2018.5,2018.75
8142,796,170,s,154,163.0,False,2018.5,2020.75
8143,871,97,s,154,157.0,False,2018.5,2019.25
8144,916,268,s,154,155.0,False,2018.5,2018.75
8145,927,1428,s,154,154.0,False,2018.5,2018.5
8146,1266,1247,s,154,163.0,False,2018.5,2020.75
8147,1269,1201,s,154,156.0,False,2018.5,2019.0
8148,1306,1185,s,154,161.0,False,2018.5,2020.25
8149,1343,315,s,154,155.0,False,2018.5,2018.75
8150,1343,453,s,154,159.0,False,2018.5,2019.75
8151,1382,1428,s,154,156.0,False,2018.5,2019.0
8152,1390,1190,s,154,156.0,False,2018.5,2019.0
8153,1445,1282,s,154,159.0,False,2018.5,2019.75
8154,1481,1281,s,154,154.0,False,2018.5,2018.5
8155,1655,1281,s,154,155.0,False,2018.5,2018.75
8156,1678,571,s,154,157.0,False,2018.5,2019.25
8157,1766,1247,s,154,158.0,False,2018.5,2019.5
8158,260,772,s,154,156.0,False,2018.5,2019.0
8159,260,952,s,154,157.0,False,2018.5,2019.25
8160,287,170,s,154,154.0,False,2018.5,2018.5
8161,412,1435,s,154,155.0,False,2018.5,2018.75
8162,791,1247,s,154,156.0,False,2018.5,2019.0
8163,792,1038,s,154,156.0,False,2018.5,2019.0
8164,796,167,s,154,158.0,False,2018.5,2019.5
8165,885,929,s,154,162.0,False,2018.5,2020.5
8166,978,146,s,154,155.0,False,2018.5,2018.75
8167,1088,733,s,154,154.0,False,2018.5,2018.5
8168,1186,1613,s,154,158.0,False,2018.5,2019.5
8169,1239,1316,s,154,159.0,False,2018.5,2019.75
8170,1266,1281,s,154,157.0,False,2018.5,2019.25
8171,1330,1281,s,154,157.0,False,2018.5,2019.25
8172,1382,1367,s,154,155.0,False,2018.5,2018.75
8173,1393,1613,s,154,155.0,False,2018.5,2018.75
8174,1401,1281,s,154,159.0,False,2018.5,2019.75
8175,1412,1282,s,154,158.0,False,2018.5,2019.5
8176,1474,1436,s,154,159.0,False,2018.5,2019.75
8177,113,952,s,154,159.0,False,2018.5,2019.75
8178,303,1201,s,154,156.0,False,2018.5,2019.0
8179,303,1388,s,154,156.0,False,2018.5,2019.0
8180,418,1026,s,154,164.0,False,2018.5,2021.0
8181,754,786,s,154,156.0,False,2018.5,2019.0
8182,788,462,s,154,157.0,False,2018.5,2019.25
8183,796,108,s,154,155.0,False,2018.5,2018.75
8184,917,320,s,154,155.0,False,2018.5,2018.75
8185,1005,1613,s,154,155.0,False,2018.5,2018.75
8186,1087,315,s,154,157.0,False,2018.5,2019.25
8187,1092,1764,s,154,155.0,False,2018.5,2018.75
8188,1156,1615,s,154,155.0,False,2018.5,2018.75
8189,1329,1460,s,154,156.0,False,2018.5,2019.0
8190,1343,85,s,154,156.0,False,2018.5,2019.0
8191,1417,1342,s,154,155.0,False,2018.5,2018.75
8192,1524,1388,s,154,159.0,False,2018.5,2019.75
8193,1571,1315,s,154,155.0,False,2018.5,2018.75
8194,1619,146,s,154,159.0,False,2018.5,2019.75
8195,1655,1404,s,154,155.0,False,2018.5,2018.75
8196,1186,1247,l,154,,True,2018.5,
8197,1330,1282,l,154,207.0,True,2018.5,2031.75
8198,133,1358,l,154,156.0,True,2018.5,2019.0
8199,754,583,l,154,206.0,True,2018.5,2031.5
8200,937,1201,l,154,203.0,True,2018.5,2030.75
8201,1343,1260,l,154,204.0,True,2018.5,2031.0
8202,1454,1247,l,154,232.0,True,2018.5,2038.0
8203,230,1675,s,155,158.0,False,2018.75,2019.5
8204,303,653,s,155,160.0,False,2018.75,2020.0
8205,413,733,s,155,155.0,False,2018.75,2018.75
8206,466,952,s,155,159.0,False,2018.75,2019.75
8207,507,159,s,155,156.0,False,2018.75,2019.0
8208,807,49,s,155,171.0,False,2018.75,2022.75
8209,807,85,s,155,157.0,False,2018.75,2019.25
8210,913,689,s,155,161.0,False,2018.75,2020.25
8211,991,965,s,155,158.0,False,2018.75,2019.5
8212,1235,1335,s,155,157.0,False,2018.75,2019.25
8213,1330,1201,s,155,162.0,False,2018.75,2020.5
8214,1401,1335,s,155,168.0,False,2018.75,2022.0
8215,1441,1201,s,155,155.0,False,2018.75,2018.75
8216,1483,1281,s,155,157.0,False,2018.75,2019.25
8217,133,1026,s,155,161.0,False,2018.75,2020.25
8218,743,933,s,155,172.0,False,2018.75,2023.0
8219,807,1282,s,155,158.0,False,2018.75,2019.5
8220,1206,1613,s,155,162.0,False,2018.75,2020.5
8221,1237,1158,s,155,156.0,False,2018.75,2019.0
8222,1242,1190,s,155,158.0,False,2018.75,2019.5
8223,1306,1615,s,155,162.0,False,2018.75,2020.5
8224,1390,1281,s,155,159.0,False,2018.75,2019.75
8225,1412,1439,s,155,155.0,False,2018.75,2018.75
8226,1412,1821,s,155,156.0,False,2018.75,2019.0
8227,1417,1160,s,155,157.0,False,2018.75,2019.25
8228,1441,1388,s,155,158.0,False,2018.75,2019.5
8229,1465,320,s,155,157.0,False,2018.75,2019.25
8230,1466,85,s,155,158.0,False,2018.75,2019.5
8231,1804,1697,s,155,160.0,False,2018.75,2020.0
8232,1885,1353,s,155,160.0,False,2018.75,2020.0
8233,65,571,s,155,157.0,False,2018.75,2019.25
8234,133,653,s,155,161.0,False,2018.75,2020.25
8235,248,1615,s,155,156.0,False,2018.75,2019.0
8236,507,1281,s,155,158.0,False,2018.75,2019.5
8237,681,1190,s,155,159.0,False,2018.75,2019.75
8238,913,1821,s,155,157.0,False,2018.75,2019.25
8239,1079,1274,s,155,157.0,False,2018.75,2019.25
8240,1079,1880,s,155,162.0,False,2018.75,2020.5
8241,1187,1201,s,155,158.0,False,2018.75,2019.5
8242,1200,1388,s,155,157.0,False,2018.75,2019.25
8243,1393,1282,s,155,163.0,False,2018.75,2020.75
8244,1393,1321,s,155,163.0,False,2018.75,2020.75
8245,1401,1201,s,155,162.0,False,2018.75,2020.5
8246,1412,1416,s,155,156.0,False,2018.75,2019.0
8247,1412,1436,s,155,156.0,False,2018.75,2019.0
8248,1466,572,s,155,167.0,False,2018.75,2021.75
8249,230,733,l,155,171.0,True,2018.75,2022.75
8250,1453,1158,l,155,217.0,True,2018.75,2034.25
8251,507,1436,l,155,,True,2018.75,
8252,1804,1615,l,155,,True,2018.75,
8253,87,1188,s,156,158.0,False,2019.0,2019.5
8254,204,1346,s,156,166.0,False,2019.0,2021.5
8255,303,682,s,156,157.0,False,2019.0,2019.25
8256,303,1616,s,156,158.0,False,2019.0,2019.5
8257,497,24,s,156,156.0,False,2019.0,2019.0
8258,718,159,s,156,162.0,False,2019.0,2020.5
8259,916,280,s,156,158.0,False,2019.0,2019.5
8260,937,453,s,156,162.0,False,2019.0,2020.5
8261,1093,407,s,156,159.0,False,2019.0,2019.75
8262,1293,1205,s,156,158.0,False,2019.0,2019.5
8263,1330,1353,s,156,160.0,False,2019.0,2020.0
8264,1359,1205,s,156,159.0,False,2019.0,2019.75
8265,1359,1615,s,156,159.0,False,2019.0,2019.75
8266,1412,571,s,156,156.0,False,2019.0,2019.0
8267,1412,1201,s,156,157.0,False,2019.0,2019.25
8268,1618,416,s,156,157.0,False,2019.0,2019.25
8269,1847,1615,s,156,156.0,False,2019.0,2019.0
8270,1908,1272,s,156,166.0,False,2019.0,2021.5
8271,262,689,s,156,157.0,False,2019.0,2019.25
8272,791,1190,s,156,159.0,False,2019.0,2019.75
8273,791,1615,s,156,163.0,False,2019.0,2020.75
8274,1087,606,s,156,158.0,False,2019.0,2019.5
8275,1209,1190,s,156,158.0,False,2019.0,2019.5
8276,1328,1339,s,156,158.0,False,2019.0,2019.5
8277,1382,1204,s,156,159.0,False,2019.0,2019.75
8278,1412,1385,s,156,157.0,False,2019.0,2019.25
8279,1412,1540,s,156,160.0,False,2019.0,2020.0
8280,1454,1582,s,156,158.0,False,2019.0,2019.5
8281,1466,336,s,156,157.0,False,2019.0,2019.25
8282,1481,1582,s,156,164.0,False,2019.0,2021.0
8283,1678,1903,s,156,160.0,False,2019.0,2020.0
8284,230,572,s,156,160.0,False,2019.0,2020.0
8285,303,1281,s,156,157.0,False,2019.0,2019.25
8286,908,1517,s,156,162.0,False,2019.0,2020.5
8287,1187,1388,s,156,158.0,False,2019.0,2019.5
8288,1203,571,s,156,166.0,False,2019.0,2021.5
8289,1265,1821,s,156,161.0,False,2019.0,2020.25
8290,1306,1315,s,156,164.0,False,2019.0,2021.0
8291,1330,1339,s,156,158.0,False,2019.0,2019.5
8292,1382,97,s,156,163.0,False,2019.0,2020.75
8293,1401,1455,s,156,160.0,False,2019.0,2020.0
8294,1406,1282,s,156,157.0,False,2019.0,2019.25
8295,1452,1388,s,156,158.0,False,2019.0,2019.5
8296,1574,1282,s,156,161.0,False,2019.0,2020.25
8297,1595,1436,s,156,160.0,False,2019.0,2020.0
8298,791,1026,l,156,220.0,True,2019.0,2035.0
8299,1466,189,l,156,186.0,True,2019.0,2026.5
8300,94,1613,l,156,,True,2019.0,
8301,791,205,l,156,178.0,True,2019.0,2024.5
8302,871,320,l,156,178.0,True,2019.0,2024.5
8303,87,1282,s,157,158.0,False,2019.25,2019.5
8304,230,108,s,157,161.0,False,2019.25,2020.25
8305,415,387,s,157,158.0,False,2019.25,2019.5
8306,415,662,s,157,161.0,False,2019.25,2020.25
8307,418,1201,s,157,158.0,False,2019.25,2019.5
8308,507,1335,s,157,160.0,False,2019.25,2020.0
8309,796,615,s,157,163.0,False,2019.25,2020.75
8310,913,785,s,157,157.0,False,2019.25,2019.25
8311,1079,1026,s,157,166.0,False,2019.25,2021.5
8312,1092,320,s,157,162.0,False,2019.25,2020.5
8313,1324,1374,s,157,157.0,False,2019.25,2019.25
8314,1330,1400,s,157,159.0,False,2019.25,2019.75
8315,1401,1615,s,157,159.0,False,2019.25,2019.75
8316,1412,1190,s,157,159.0,False,2019.25,2019.75
8317,1420,1400,s,157,158.0,False,2019.25,2019.5
8318,1481,1802,s,157,159.0,False,2019.25,2019.75
8319,1596,1339,s,157,157.0,False,2019.25,2019.25
8320,1655,1339,s,157,158.0,False,2019.25,2019.5
8321,1655,1365,s,157,159.0,False,2019.25,2019.75
8322,1678,1282,s,157,159.0,False,2019.25,2019.75
8323,1907,1232,s,157,159.0,False,2019.25,2019.75
8324,173,409,s,157,161.0,False,2019.25,2020.25
8325,260,1190,s,157,157.0,False,2019.25,2019.25
8326,287,170,s,157,159.0,False,2019.25,2019.75
8327,516,975,s,157,158.0,False,2019.25,2019.5
8328,791,320,s,157,157.0,False,2019.25,2019.25
8329,791,1282,s,157,161.0,False,2019.25,2020.25
8330,797,785,s,157,158.0,False,2019.25,2019.5
8331,859,129,s,157,168.0,False,2019.25,2022.0
8332,1420,1367,s,157,160.0,False,2019.25,2020.0
8333,1481,1281,s,157,165.0,False,2019.25,2021.25
8334,87,1247,s,157,158.0,False,2019.25,2019.5
8335,113,146,s,157,162.0,False,2019.25,2020.5
8336,133,866,s,157,158.0,False,2019.25,2019.5
8337,133,965,s,157,161.0,False,2019.25,2020.25
8338,231,1201,s,157,158.0,False,2019.25,2019.5
8339,394,1282,s,157,158.0,False,2019.25,2019.5
8340,439,857,s,157,160.0,False,2019.25,2020.0
8341,630,1002,s,157,160.0,False,2019.25,2020.0
8342,630,1201,s,157,161.0,False,2019.25,2020.25
8343,716,146,s,157,162.0,False,2019.25,2020.5
8344,913,1315,s,157,160.0,False,2019.25,2020.0
8345,1343,259,s,157,167.0,False,2019.25,2021.75
8346,1343,268,s,157,164.0,False,2019.25,2021.0
8347,1343,653,s,157,158.0,False,2019.25,2019.5
8348,1359,1282,s,157,167.0,False,2019.25,2021.75
8349,1393,1201,s,157,168.0,False,2019.25,2022.0
8350,1401,1374,s,157,160.0,False,2019.25,2020.0
8351,1421,1582,s,157,161.0,False,2019.25,2020.25
8352,1437,1281,s,157,158.0,False,2019.25,2019.5
8353,1524,1669,s,157,160.0,False,2019.25,2020.0
8354,1548,1475,s,157,161.0,False,2019.25,2020.25
8355,1595,1315,s,157,166.0,False,2019.25,2021.5
8356,916,189,l,157,187.0,True,2019.25,2026.75
8357,1088,952,l,157,204.0,True,2019.25,2031.0
8358,1343,1517,l,157,164.0,True,2019.25,2021.0
8359,1766,1335,l,157,167.0,True,2019.25,2021.75
8360,1907,1282,l,157,203.0,True,2019.25,2030.75
8361,791,336,s,158,159.0,False,2019.5,2019.75
8362,807,1028,s,158,170.0,False,2019.5,2022.5
8363,917,9,s,158,159.0,False,2019.5,2019.75
8364,917,78,s,158,158.0,False,2019.5,2019.5
8365,917,1024,s,158,162.0,False,2019.5,2020.5
8366,937,952,s,158,158.0,False,2019.5,2019.5
8367,991,320,s,158,160.0,False,2019.5,2020.0
8368,1006,1339,s,158,159.0,False,2019.5,2019.75
8369,1187,1342,s,158,159.0,False,2019.5,2019.75
8370,1220,1190,s,158,160.0,False,2019.5,2020.0
8371,1359,1353,s,158,159.0,False,2019.5,2019.75
8372,1454,1282,s,158,158.0,False,2019.5,2019.5
8373,1571,1613,s,158,163.0,False,2019.5,2020.75
8374,1575,129,s,158,162.0,False,2019.5,2020.5
8375,150,733,s,158,161.0,False,2019.5,2020.25
8376,173,97,s,158,174.0,False,2019.5,2023.5
8377,418,1903,s,158,163.0,False,2019.5,2020.75
8378,618,129,s,158,164.0,False,2019.5,2021.0
8379,716,952,s,158,165.0,False,2019.5,2021.25
8380,837,1339,s,158,159.0,False,2019.5,2019.75
8381,885,320,s,158,158.0,False,2019.5,2019.5
8382,902,1150,s,158,160.0,False,2019.5,2020.0
8383,916,462,s,158,159.0,False,2019.5,2019.75
8384,1082,1190,s,158,159.0,False,2019.5,2019.75
8385,1092,572,s,158,159.0,False,2019.5,2019.75
8386,1239,1400,s,158,163.0,False,2019.5,2020.75
8387,1271,1281,s,158,160.0,False,2019.5,2020.0
8388,1330,1802,s,158,163.0,False,2019.5,2020.75
8389,1330,1903,s,158,176.0,False,2019.5,2024.0
8390,1343,785,s,158,163.0,False,2019.5,2020.75
8391,1359,1388,s,158,163.0,False,2019.5,2020.75
8392,1406,1190,s,158,162.0,False,2019.5,2020.5
8393,1406,1231,s,158,160.0,False,2019.5,2020.0
8394,1420,1257,s,158,161.0,False,2019.5,2020.25
8395,133,1615,s,158,160.0,False,2019.5,2020.0
8396,204,1903,s,158,159.0,False,2019.5,2019.75
8397,415,583,s,158,160.0,False,2019.5,2020.0
8398,418,407,s,158,162.0,False,2019.5,2020.5
8399,796,108,s,158,171.0,False,2019.5,2022.75
8400,796,733,s,158,164.0,False,2019.5,2021.0
8401,1079,97,s,158,166.0,False,2019.5,2021.5
8402,1079,1218,s,158,164.0,False,2019.5,2021.0
8403,1079,1298,s,158,160.0,False,2019.5,2020.0
8404,1087,1785,s,158,162.0,False,2019.5,2020.5
8405,1096,1764,s,158,159.0,False,2019.5,2019.75
8406,1236,1272,s,158,160.0,False,2019.5,2020.0
8407,1266,1475,s,158,159.0,False,2019.5,2019.75
8408,1324,1281,s,158,182.0,False,2019.5,2025.5
8409,1328,1297,s,158,159.0,False,2019.5,2019.75
8410,1420,1381,s,158,165.0,False,2019.5,2021.25
8411,1481,1460,s,158,159.0,False,2019.5,2019.75
8412,1509,1821,s,158,161.0,False,2019.5,2020.25
8413,1574,1190,s,158,159.0,False,2019.5,2019.75
8414,1575,189,s,158,159.0,False,2019.5,2019.75
8415,1401,1381,l,158,,True,2019.5,
8416,216,1026,l,158,191.0,True,2019.5,2027.75
8417,1242,1255,l,158,199.0,True,2019.5,2029.75
8418,497,146,l,158,172.0,True,2019.5,2023.0
8419,1382,1460,l,158,162.0,True,2019.5,2020.5
8420,1481,1365,l,158,178.0,True,2019.5,2024.5
8421,133,85,s,159,167.0,False,2019.75,2021.75
8422,133,315,s,159,162.0,False,2019.75,2020.5
8423,169,1615,s,159,160.0,False,2019.75,2020.0
8424,791,662,s,159,161.0,False,2019.75,2020.25
8425,908,146,s,159,163.0,False,2019.75,2020.75
8426,913,1615,s,159,161.0,False,2019.75,2020.25
8427,917,606,s,159,170.0,False,2019.75,2022.5
8428,937,1615,s,159,161.0,False,2019.75,2020.25
8429,1079,1903,s,159,160.0,False,2019.75,2020.0
8430,1187,1400,s,159,161.0,False,2019.75,2020.25
8431,1187,1802,s,159,165.0,False,2019.75,2021.25
8432,1343,108,s,159,162.0,False,2019.75,2020.5
8433,1420,1339,s,159,165.0,False,2019.75,2021.25
8434,1452,1252,s,159,162.0,False,2019.75,2020.5
8435,1548,1282,s,159,160.0,False,2019.75,2020.0
8436,1678,1413,s,159,162.0,False,2019.75,2020.5
8437,1908,1299,s,159,160.0,False,2019.75,2020.0
8438,230,409,s,159,167.0,False,2019.75,2021.75
8439,788,320,s,159,163.0,False,2019.75,2020.75
8440,916,628,s,159,159.0,False,2019.75,2019.75
8441,1079,1204,s,159,160.0,False,2019.75,2020.0
8442,1079,1615,s,159,168.0,False,2019.75,2022.0
8443,1200,1204,s,159,168.0,False,2019.75,2022.0
8444,1237,1517,s,159,167.0,False,2019.75,2021.75
8445,1412,1002,s,159,162.0,False,2019.75,2020.5
8446,1417,1388,s,159,161.0,False,2019.75,2020.25
8447,1445,1388,s,159,161.0,False,2019.75,2020.25
8448,1481,1367,s,159,176.0,False,2019.75,2024.0
8449,1655,1190,s,159,172.0,False,2019.75,2023.0
8450,1655,1321,s,159,164.0,False,2019.75,2021.0
8451,248,1201,s,159,166.0,False,2019.75,2021.5
8452,260,280,s,159,167.0,False,2019.75,2021.75
8453,415,1160,s,159,161.0,False,2019.75,2020.25
8454,507,416,s,159,164.0,False,2019.75,2021.0
8455,743,1190,s,159,160.0,False,2019.75,2020.0
8456,837,1903,s,159,169.0,False,2019.75,2022.25
8457,937,785,s,159,167.0,False,2019.75,2021.75
8458,1087,952,s,159,167.0,False,2019.75,2021.75
8459,1290,1353,s,159,161.0,False,2019.75,2020.25
8460,1382,1346,s,159,160.0,False,2019.75,2020.0
8461,1445,1416,s,159,166.0,False,2019.75,2021.5
8462,1452,1201,s,159,160.0,False,2019.75,2020.0
8463,1452,1513,s,159,160.0,False,2019.75,2020.0
8464,1481,1475,s,159,164.0,False,2019.75,2021.0
8465,507,1188,l,159,200.0,True,2019.75,2030.0
8466,1219,1436,l,159,216.0,True,2019.75,2034.0
8467,40,189,l,159,188.0,True,2019.75,2027.0
8468,133,1517,l,159,,True,2019.75,
8469,718,615,l,159,172.0,True,2019.75,2023.0
8470,216,1675,s,160,163.0,False,2020.0,2020.75
8471,248,785,s,160,168.0,False,2020.0,2022.0
8472,260,159,s,160,164.0,False,2020.0,2021.0
8473,269,685,s,160,168.0,False,2020.0,2022.0
8474,467,628,s,160,167.0,False,2020.0,2021.75
8475,573,167,s,160,160.0,False,2020.0,2020.0
8476,791,1307,s,160,162.0,False,2020.0,2020.5
8477,913,785,s,160,169.0,False,2020.0,2022.25
8478,1079,1388,s,160,167.0,False,2020.0,2021.75
8479,1219,1367,s,160,161.0,False,2020.0,2020.25
8480,1341,1342,s,160,160.0,False,2020.0,2020.0
8481,1359,1201,s,160,165.0,False,2020.0,2021.25
8482,1452,1404,s,160,161.0,False,2020.0,2020.25
8483,1535,416,s,160,162.0,False,2020.0,2020.5
8484,1656,691,s,160,163.0,False,2020.0,2020.75
8485,1677,1281,s,160,164.0,False,2020.0,2021.0
8486,1677,1802,s,160,169.0,False,2020.0,2022.25
8487,262,1615,s,160,161.0,False,2020.0,2020.25
8488,303,1388,s,160,167.0,False,2020.0,2021.75
8489,394,1517,s,160,161.0,False,2020.0,2020.25
8490,507,1281,s,160,161.0,False,2020.0,2020.25
8491,791,407,s,160,165.0,False,2020.0,2021.25
8492,791,800,s,160,164.0,False,2020.0,2021.0
8493,796,280,s,160,162.0,False,2020.0,2020.5
8494,807,416,s,160,163.0,False,2020.0,2020.75
8495,931,1404,s,160,164.0,False,2020.0,2021.0
8496,953,1615,s,160,186.0,False,2020.0,2026.5
8497,1074,952,s,160,161.0,False,2020.0,2020.25
8498,1079,1310,s,160,161.0,False,2020.0,2020.25
8499,1183,1339,s,160,174.0,False,2020.0,2023.5
8500,1225,1201,s,160,160.0,False,2020.0,2020.0
8501,1242,1281,s,160,172.0,False,2020.0,2023.0
8502,1387,1416,s,160,164.0,False,2020.0,2021.0
8503,1393,1400,s,160,160.0,False,2020.0,2020.0
8504,1406,1350,s,160,162.0,False,2020.0,2020.5
8505,1406,1436,s,160,169.0,False,2020.0,2022.25
8506,1417,1615,s,160,165.0,False,2020.0,2021.25
8507,1448,1339,s,160,164.0,False,2020.0,2021.0
8508,1619,1903,s,160,160.0,False,2020.0,2020.0
8509,1655,1388,s,160,162.0,False,2020.0,2020.5
8510,133,952,s,160,162.0,False,2020.0,2020.5
8511,169,653,s,160,161.0,False,2020.0,2020.25
8512,260,146,s,160,171.0,False,2020.0,2022.75
8513,630,97,s,160,167.0,False,2020.0,2021.75
8514,791,146,s,160,178.0,False,2020.0,2024.5
8515,796,835,s,160,166.0,False,2020.0,2021.5
8516,913,1428,s,160,166.0,False,2020.0,2021.5
8517,917,615,s,160,161.0,False,2020.0,2020.25
8518,1079,1613,s,160,162.0,False,2020.0,2020.5
8519,1220,1400,s,160,173.0,False,2020.0,2023.25
8520,1239,1281,s,160,167.0,False,2020.0,2021.75
8521,1239,1416,s,160,161.0,False,2020.0,2020.25
8522,1343,266,s,160,164.0,False,2020.0,2021.0
8523,1420,1353,s,160,171.0,False,2020.0,2022.75
8524,1452,1532,s,160,161.0,False,2020.0,2020.25
8525,1466,108,s,160,164.0,False,2020.0,2021.0
8526,1466,146,s,160,162.0,False,2020.0,2020.5
8527,1524,1299,s,160,163.0,False,2020.0,2020.75
8528,1574,336,s,160,170.0,False,2020.0,2022.5
8529,1595,1880,s,160,163.0,False,2020.0,2020.75
8530,1655,1367,s,160,163.0,False,2020.0,2020.75
8531,754,606,l,160,180.0,True,2020.0,2025.0
8532,1655,1513,l,160,167.0,True,2020.0,2021.75
8533,40,336,l,160,178.0,True,2020.0,2024.5
8534,927,1321,l,160,195.0,True,2020.0,2028.75
8535,1343,1190,l,160,193.0,True,2020.0,2028.25
8536,230,653,s,161,162.0,False,2020.25,2020.5
8537,507,1298,s,161,161.0,False,2020.25,2020.25
8538,732,1764,s,161,166.0,False,2020.25,2021.5
8539,796,453,s,161,162.0,False,2020.25,2020.5
8540,937,1321,s,161,166.0,False,2020.25,2021.5
8541,978,975,s,161,169.0,False,2020.25,2022.25
8542,1242,1435,s,161,163.0,False,2020.25,2020.75
8543,1242,1475,s,161,161.0,False,2020.25,2020.25
8544,1382,1615,s,161,164.0,False,2020.25,2021.0
8545,1412,1346,s,161,164.0,False,2020.25,2021.0
8546,1412,1388,s,161,162.0,False,2020.25,2020.5
8547,1908,1315,s,161,170.0,False,2020.25,2022.5
8548,40,97,s,161,161.0,False,2020.25,2020.25
8549,87,1404,s,161,169.0,False,2020.25,2022.25
8550,133,572,s,161,164.0,False,2020.25,2021.0
8551,216,108,s,161,164.0,False,2020.25,2021.0
8552,230,785,s,161,165.0,False,2020.25,2021.25
8553,247,571,s,161,180.0,False,2020.25,2025.0
8554,262,1506,s,161,166.0,False,2020.25,2021.5
8555,732,785,s,161,166.0,False,2020.25,2021.5
8556,796,706,s,161,185.0,False,2020.25,2026.25
8557,837,1367,s,161,167.0,False,2020.25,2021.75
8558,917,336,s,161,167.0,False,2020.25,2021.75
8559,1159,1008,s,161,174.0,False,2020.25,2023.5
8560,1203,1435,s,161,168.0,False,2020.25,2022.0
8561,1237,1436,s,161,162.0,False,2020.25,2020.5
8562,1263,1353,s,161,171.0,False,2020.25,2022.75
8563,1264,1513,s,161,162.0,False,2020.25,2020.5
8564,1328,1342,s,161,165.0,False,2020.25,2021.25
8565,1424,1416,s,161,163.0,False,2020.25,2020.75
8566,1437,1436,s,161,164.0,False,2020.25,2021.0
8567,1437,1669,s,161,170.0,False,2020.25,2022.5
8568,1454,1315,s,161,163.0,False,2020.25,2020.75
8569,1595,1158,s,161,162.0,False,2020.25,2020.5
8570,1656,1346,s,161,176.0,False,2020.25,2024.0
8571,40,416,s,161,163.0,False,2020.25,2020.75
8572,262,1342,s,161,165.0,False,2020.25,2021.25
8573,415,929,s,161,175.0,False,2020.25,2023.75
8574,598,615,s,161,166.0,False,2020.25,2021.5
8575,791,733,s,161,169.0,False,2020.25,2022.25
8576,796,578,s,161,162.0,False,2020.25,2020.5
8577,807,159,s,161,164.0,False,2020.25,2021.0
8578,807,733,s,161,163.0,False,2020.25,2020.75
8579,966,1377,s,161,162.0,False,2020.25,2020.5
8580,1005,1491,s,161,164.0,False,2020.25,2021.0
8581,1074,1615,s,161,164.0,False,2020.25,2021.0
8582,1343,189,s,161,163.0,False,2020.25,2020.75
8583,1343,606,s,161,163.0,False,2020.25,2020.75
8584,1406,1367,s,161,163.0,False,2020.25,2020.75
8585,1417,1353,s,161,165.0,False,2020.25,2021.25
8586,1655,1821,s,161,172.0,False,2020.25,2023.0
8587,1907,1335,s,161,164.0,False,2020.25,2021.0
8588,937,1335,l,161,164.0,True,2020.25,2021.0
8589,1239,1321,l,161,218.0,True,2020.25,2034.5
8590,1382,1281,l,161,,True,2020.25,
8591,791,280,l,161,216.0,True,2020.25,2034.0
8592,796,952,l,161,216.0,True,2020.25,2034.0
8593,807,929,l,161,169.0,True,2020.25,2022.25
8594,937,315,l,161,174.0,True,2020.25,2023.5
8595,1595,1201,l,161,180.0,True,2020.25,2025.0
8596,133,416,s,162,162.0,False,2020.5,2020.5
8597,260,1696,s,162,169.0,False,2020.5,2022.25
8598,415,224,s,162,173.0,False,2020.5,2023.25
8599,439,965,s,162,176.0,False,2020.5,2024.0
8600,522,1388,s,162,166.0,False,2020.5,2021.5
8601,754,1023,s,162,171.0,False,2020.5,2022.75
8602,917,170,s,162,163.0,False,2020.5,2020.75
8603,917,572,s,162,163.0,False,2020.5,2020.75
8604,1239,1315,s,162,162.0,False,2020.5,2020.5
8605,1242,1321,s,162,176.0,False,2020.5,2024.0
8606,1329,1252,s,162,162.0,False,2020.5,2020.5
8607,1371,1282,s,162,164.0,False,2020.5,2021.0
8608,1390,1428,s,162,166.0,False,2020.5,2021.5
8609,1524,1582,s,162,163.0,False,2020.5,2020.75
8610,1585,1409,s,162,171.0,False,2020.5,2022.75
8611,1678,1517,s,162,172.0,False,2020.5,2023.0
8612,1766,1298,s,162,168.0,False,2020.5,2022.0
8613,204,1388,s,162,163.0,False,2020.5,2020.75
8614,316,628,s,162,165.0,False,2020.5,2021.25
8615,732,324,s,162,176.0,False,2020.5,2024.0
8616,788,416,s,162,166.0,False,2020.5,2021.5
8617,791,785,s,162,172.0,False,2020.5,2023.0
8618,807,1002,s,162,167.0,False,2020.5,2021.75
8619,922,1377,s,162,164.0,False,2020.5,2021.0
8620,1074,1201,s,162,163.0,False,2020.5,2020.75
8621,1087,785,s,162,170.0,False,2020.5,2022.5
8622,1290,1315,s,162,169.0,False,2020.5,2022.25
8623,1324,1615,s,162,175.0,False,2020.5,2023.75
8624,1330,1281,s,162,169.0,False,2020.5,2022.25
8625,1343,453,s,162,164.0,False,2020.5,2021.0
8626,1382,1821,s,162,169.0,False,2020.5,2022.25
8627,1412,1513,s,162,170.0,False,2020.5,2022.5
8628,1575,572,s,162,172.0,False,2020.5,2023.0
8629,1580,1339,s,162,165.0,False,2020.5,2021.25
8630,1609,1339,s,162,162.0,False,2020.5,2020.5
8631,1723,1821,s,162,168.0,False,2020.5,2022.0
8632,1766,1247,s,162,167.0,False,2020.5,2021.75
8633,247,1150,s,162,170.0,False,2020.5,2022.5
8634,303,1615,s,162,171.0,False,2020.5,2022.75
8635,439,108,s,162,169.0,False,2020.5,2022.25
8636,807,108,s,162,173.0,False,2020.5,2023.25
8637,917,320,s,162,175.0,False,2020.5,2023.75
8638,917,733,s,162,173.0,False,2020.5,2023.25
8639,936,320,s,162,167.0,False,2020.5,2021.75
8640,1080,1615,s,162,171.0,False,2020.5,2022.75
8641,1236,1282,s,162,164.0,False,2020.5,2021.0
8642,1290,1190,s,162,170.0,False,2020.5,2022.5
8643,1294,1902,s,162,163.0,False,2020.5,2020.75
8644,1330,1299,s,162,166.0,False,2020.5,2021.5
8645,1341,1247,s,162,165.0,False,2020.5,2021.25
8646,1343,929,s,162,167.0,False,2020.5,2021.75
8647,1401,1591,s,162,164.0,False,2020.5,2021.0
8648,1452,1367,s,162,168.0,False,2020.5,2022.0
8649,1412,1365,l,162,,True,2020.5,
8650,1465,170,l,162,170.0,True,2020.5,2022.5
8651,1587,1821,l,162,181.0,True,2020.5,2025.25
8652,1595,1400,l,162,205.0,True,2020.5,2031.25
8653,1804,1281,l,162,202.0,True,2020.5,2030.5
8654,796,280,l,162,213.0,True,2020.5,2033.25
8655,1325,1388,l,162,,True,2020.5,
8656,1886,1381,l,162,214.0,True,2020.5,2033.5
8657,1804,1821,l,162,198.0,True,2020.5,2029.5
8658,40,324,s,163,177.0,False,2020.75,2024.25
8659,133,97,s,163,168.0,False,2020.75,2022.0
8660,381,1764,s,163,164.0,False,2020.75,2021.0
8661,507,1299,s,163,163.0,False,2020.75,2020.75
8662,913,1696,s,163,163.0,False,2020.75,2020.75
8663,917,1342,s,163,168.0,False,2020.75,2022.0
8664,917,1865,s,163,163.0,False,2020.75,2020.75
8665,937,97,s,163,171.0,False,2020.75,2022.75
8666,991,583,s,163,165.0,False,2020.75,2021.25
8667,1187,1517,s,163,165.0,False,2020.75,2021.25
8668,1220,1902,s,163,168.0,False,2020.75,2022.0
8669,1239,1339,s,163,168.0,False,2020.75,2022.0
8670,1343,108,s,163,165.0,False,2020.75,2021.25
8671,1401,1821,s,163,168.0,False,2020.75,2022.0
8672,1723,1190,s,163,170.0,False,2020.75,2022.5
8673,1766,1498,s,163,166.0,False,2020.75,2021.5
8674,1847,1367,s,163,164.0,False,2020.75,2021.0
8675,87,1517,s,163,169.0,False,2020.75,2022.25
8676,230,146,s,163,164.0,False,2020.75,2021.0
8677,418,1615,s,163,164.0,False,2020.75,2021.0
8678,507,684,s,163,166.0,False,2020.75,2021.5
8679,507,733,s,163,165.0,False,2020.75,2021.25
8680,516,129,s,163,164.0,False,2020.75,2021.0
8681,630,1416,s,163,165.0,False,2020.75,2021.25
8682,837,1315,s,163,164.0,False,2020.75,2021.0
8683,916,320,s,163,164.0,False,2020.75,2021.0
8684,1186,1367,s,163,167.0,False,2020.75,2021.75
8685,1187,1475,s,163,163.0,False,2020.75,2020.75
8686,1324,1383,s,163,165.0,False,2020.75,2021.25
8687,1401,1201,s,163,164.0,False,2020.75,2021.0
8688,1412,1281,s,163,164.0,False,2020.75,2021.0
8689,1412,1903,s,163,165.0,False,2020.75,2021.25
8690,1886,1513,s,163,165.0,False,2020.75,2021.25
8691,133,856,s,163,167.0,False,2020.75,2021.75
8692,522,1158,s,163,166.0,False,2020.75,2021.5
8693,718,416,s,163,165.0,False,2020.75,2021.25
8694,791,653,s,163,169.0,False,2020.75,2022.25
8695,796,315,s,163,167.0,False,2020.75,2021.75
8696,796,662,s,163,166.0,False,2020.75,2021.5
8697,796,1028,s,163,176.0,False,2020.75,2024.0
8698,796,1675,s,163,168.0,False,2020.75,2022.0
8699,837,653,s,163,172.0,False,2020.75,2023.0
8700,863,733,s,163,164.0,False,2020.75,2021.0
8701,908,1247,s,163,165.0,False,2020.75,2021.25
8702,937,1342,s,163,167.0,False,2020.75,2021.75
8703,1005,952,s,163,164.0,False,2020.75,2021.0
8704,1079,1400,s,163,171.0,False,2020.75,2022.75
8705,1096,49,s,163,170.0,False,2020.75,2022.5
8706,1239,1190,s,163,166.0,False,2020.75,2021.5
8707,1270,1281,s,163,164.0,False,2020.75,2021.0
8708,1294,1342,s,163,168.0,False,2020.75,2022.0
8709,1405,1821,s,163,164.0,False,2020.75,2021.0
8710,1420,1416,s,163,164.0,False,2020.75,2021.0
8711,1483,1435,s,163,164.0,False,2020.75,2021.0
8712,1574,572,s,163,166.0,False,2020.75,2021.5
8713,1595,1317,s,163,165.0,False,2020.75,2021.25
8714,1619,1513,s,163,164.0,False,2020.75,2021.0
8715,1678,1342,s,163,164.0,False,2020.75,2021.0
8716,716,890,l,163,196.0,True,2020.75,2029.0
8717,1359,733,l,163,166.0,True,2020.75,2021.5
8718,1328,1282,l,163,171.0,True,2020.75,2022.75
8719,1481,1190,l,163,,True,2020.75,
8720,303,1903,s,164,165.0,False,2021.0,2021.25
8721,415,315,s,164,169.0,False,2021.0,2022.25
8722,630,1282,s,164,166.0,False,2021.0,2021.5
8723,791,409,s,164,164.0,False,2021.0,2021.0
8724,791,1517,s,164,164.0,False,2021.0,2021.0
8725,917,653,s,164,178.0,False,2021.0,2024.5
8726,1187,1190,s,164,168.0,False,2021.0,2022.0
8727,1359,293,s,164,168.0,False,2021.0,2022.0
8728,1401,1339,s,164,165.0,False,2021.0,2021.25
8729,1481,1247,s,164,167.0,False,2021.0,2021.75
8730,1586,1581,s,164,164.0,False,2021.0,2021.0
8731,1946,1653,s,164,165.0,False,2021.0,2021.25
8732,418,1388,s,164,165.0,False,2021.0,2021.25
8733,507,785,s,164,169.0,False,2021.0,2022.25
8734,705,800,s,164,169.0,False,2021.0,2022.25
8735,906,1247,s,164,164.0,False,2021.0,2021.0
8736,913,1388,s,164,168.0,False,2021.0,2022.0
8737,916,336,s,164,169.0,False,2021.0,2022.25
8738,917,108,s,164,167.0,False,2021.0,2021.75
8739,917,129,s,164,167.0,False,2021.0,2021.75
8740,978,785,s,164,169.0,False,2021.0,2022.25
8741,1079,1409,s,164,168.0,False,2021.0,2022.0
8742,1082,146,s,164,167.0,False,2021.0,2021.75
8743,1087,146,s,164,167.0,False,2021.0,2021.75
8744,1323,1400,s,164,167.0,False,2021.0,2021.75
8745,1382,1381,s,164,172.0,False,2021.0,2023.0
8746,1401,1903,s,164,165.0,False,2021.0,2021.25
8747,1481,1513,s,164,165.0,False,2021.0,2021.25
8748,1548,1436,s,164,170.0,False,2021.0,2022.5
8749,1655,1281,s,164,167.0,False,2021.0,2021.75
8750,1656,1436,s,164,166.0,False,2021.0,2021.5
8751,718,952,s,164,168.0,False,2021.0,2022.0
8752,754,205,s,164,166.0,False,2021.0,2021.5
8753,807,139,s,164,167.0,False,2021.0,2021.75
8754,937,1247,s,164,170.0,False,2021.0,2022.5
8755,1343,280,s,164,173.0,False,2021.0,2023.25
8756,1359,653,s,164,166.0,False,2021.0,2021.5
8757,1441,1367,s,164,166.0,False,2021.0,2021.5
8758,1678,1428,s,164,165.0,False,2021.0,2021.25
8759,1907,1400,s,164,166.0,False,2021.0,2021.5
8760,1655,1188,l,164,200.0,True,2021.0,2030.0
8761,418,952,l,164,227.0,True,2021.0,2036.75
8762,630,653,l,164,220.0,True,2021.0,2035.0
8763,1242,1190,l,164,211.0,True,2021.0,2032.75
8764,466,259,l,164,167.0,True,2021.0,2021.75
8765,1088,1026,l,164,178.0,True,2021.0,2024.5
8766,248,159,s,165,170.0,False,2021.25,2022.5
8767,791,416,s,165,167.0,False,2021.25,2021.75
8768,791,1696,s,165,169.0,False,2021.25,2022.25
8769,796,336,s,165,176.0,False,2021.25,2024.0
8770,807,320,s,165,167.0,False,2021.25,2021.75
8771,837,1339,s,165,177.0,False,2021.25,2024.25
8772,871,1613,s,165,166.0,False,2021.25,2021.5
8773,1082,1190,s,165,166.0,False,2021.25,2021.5
8774,1088,1158,s,165,167.0,False,2021.25,2021.75
8775,1242,1613,s,165,169.0,False,2021.25,2022.25
8776,1293,1821,s,165,169.0,False,2021.25,2022.25
8777,1319,1339,s,165,172.0,False,2021.25,2023.0
8778,1354,1367,s,165,166.0,False,2021.25,2021.5
8779,1359,1615,s,165,169.0,False,2021.25,2022.25
8780,1390,1404,s,165,168.0,False,2021.25,2022.0
8781,1538,1560,s,165,166.0,False,2021.25,2021.5
8782,1580,1821,s,165,169.0,False,2021.25,2022.25
8783,113,159,s,165,198.0,False,2021.25,2029.5
8784,316,462,s,165,171.0,False,2021.25,2022.75
8785,507,1335,s,165,166.0,False,2021.25,2021.5
8786,937,1307,s,165,167.0,False,2021.25,2021.75
8787,1079,628,s,165,165.0,False,2021.25,2021.25
8788,1235,146,s,165,176.0,False,2021.25,2024.0
8789,1329,1282,s,165,167.0,False,2021.25,2021.75
8790,1390,1513,s,165,177.0,False,2021.25,2024.25
8791,1393,1339,s,165,172.0,False,2021.25,2023.0
8792,1401,1247,s,165,168.0,False,2021.25,2022.0
8793,1412,1002,s,165,165.0,False,2021.25,2021.25
8794,1454,1582,s,165,169.0,False,2021.25,2022.25
8795,1538,1513,s,165,174.0,False,2021.25,2023.5
8796,1595,1188,s,165,170.0,False,2021.25,2022.5
8797,1609,1339,s,165,173.0,False,2021.25,2023.25
8798,1655,1299,s,165,166.0,False,2021.25,2021.5
8799,1886,1190,s,165,166.0,False,2021.25,2021.5
8800,204,1922,s,165,168.0,False,2021.25,2022.0
8801,598,320,s,165,172.0,False,2021.25,2023.0
8802,916,1764,s,165,170.0,False,2021.25,2022.5
8803,1005,1400,s,165,167.0,False,2021.25,2021.75
8804,1087,628,s,165,167.0,False,2021.25,2021.75
8805,1087,1260,s,165,174.0,False,2021.25,2023.5
8806,1280,1316,s,165,166.0,False,2021.25,2021.5
8807,1329,1339,s,165,166.0,False,2021.25,2021.5
8808,1359,952,s,165,167.0,False,2021.25,2021.75
8809,1406,1381,s,165,172.0,False,2021.25,2023.0
8810,1656,1613,s,165,166.0,False,2021.25,2021.5
8811,418,1201,l,165,,True,2021.25,
8812,1393,1353,l,165,186.0,True,2021.25,2026.5
8813,1524,1201,l,165,,True,2021.25,
8814,1596,1014,l,165,187.0,True,2021.25,2026.75
8815,917,800,l,165,224.0,True,2021.25,2036.0
8816,1264,1281,l,165,176.0,True,2021.25,2024.0
8817,1524,1582,l,165,185.0,True,2021.25,2026.25
8818,1946,1388,l,165,,True,2021.25,
8819,303,1281,s,166,171.0,False,2021.5,2022.75
8820,316,170,s,166,173.0,False,2021.5,2023.25
8821,743,205,s,166,171.0,False,2021.5,2022.75
8822,791,315,s,166,170.0,False,2021.5,2022.5
8823,1007,1274,s,166,175.0,False,2021.5,2023.75
8824,1074,1204,s,166,167.0,False,2021.5,2021.75
8825,1087,1615,s,166,167.0,False,2021.5,2021.75
8826,1096,820,s,166,170.0,False,2021.5,2022.5
8827,1219,1282,s,166,166.0,False,2021.5,2021.5
8828,1225,1346,s,166,174.0,False,2021.5,2023.5
8829,1239,1335,s,166,171.0,False,2021.5,2022.75
8830,1271,1342,s,166,171.0,False,2021.5,2022.75
8831,1343,159,s,166,172.0,False,2021.5,2023.0
8832,1393,1903,s,166,173.0,False,2021.5,2023.25
8833,1412,1400,s,166,168.0,False,2021.5,2022.0
8834,1417,1388,s,166,169.0,False,2021.5,2022.25
8835,1481,1413,s,166,166.0,False,2021.5,2021.5
8836,1516,1252,s,166,171.0,False,2021.5,2022.75
8837,1678,1281,s,166,168.0,False,2021.5,2022.0
8838,1907,1201,s,166,168.0,False,2021.5,2022.0
8839,133,1335,s,166,167.0,False,2021.5,2021.75
8840,342,85,s,166,174.0,False,2021.5,2023.5
8841,342,170,s,166,169.0,False,2021.5,2022.25
8842,507,1255,s,166,177.0,False,2021.5,2024.25
8843,637,1158,s,166,167.0,False,2021.5,2021.75
8844,1006,1190,s,166,172.0,False,2021.5,2023.0
8845,1242,146,s,166,167.0,False,2021.5,2021.75
8846,1266,1613,s,166,167.0,False,2021.5,2021.75
8847,1330,1318,s,166,173.0,False,2021.5,2023.25
8848,1343,583,s,166,169.0,False,2021.5,2022.25
8849,1359,1001,s,166,167.0,False,2021.5,2021.75
8850,1412,1190,s,166,167.0,False,2021.5,2021.75
8851,1420,1404,s,166,167.0,False,2021.5,2021.75
8852,1454,1507,s,166,167.0,False,2021.5,2021.75
8853,1481,1315,s,166,169.0,False,2021.5,2022.25
8854,1548,1506,s,166,171.0,False,2021.5,2022.75
8855,1589,1903,s,166,167.0,False,2021.5,2021.75
8856,1595,1513,s,166,175.0,False,2021.5,2023.75
8857,1637,97,s,166,167.0,False,2021.5,2021.75
8858,262,1205,s,166,168.0,False,2021.5,2022.0
8859,262,1404,s,166,169.0,False,2021.5,2022.25
8860,415,785,s,166,167.0,False,2021.5,2021.75
8861,507,1613,s,166,180.0,False,2021.5,2025.0
8862,716,1028,s,166,167.0,False,2021.5,2021.75
8863,732,952,s,166,168.0,False,2021.5,2022.0
8864,791,1615,s,166,168.0,False,2021.5,2022.0
8865,871,1028,s,166,169.0,False,2021.5,2022.25
8866,908,933,s,166,168.0,False,2021.5,2022.0
8867,1074,1318,s,166,174.0,False,2021.5,2023.5
8868,1079,1821,s,166,196.0,False,2021.5,2029.0
8869,1371,1513,s,166,169.0,False,2021.5,2022.25
8870,1382,1428,s,166,171.0,False,2021.5,2022.75
8871,1401,1365,s,166,171.0,False,2021.5,2022.75
8872,1405,1315,s,166,169.0,False,2021.5,2022.25
8873,1474,1903,s,166,171.0,False,2021.5,2022.75
8874,1493,1560,s,166,173.0,False,2021.5,2023.25
8875,1619,1315,s,166,169.0,False,2021.5,2022.25
8876,744,170,l,166,180.0,True,2021.5,2025.0
8877,754,1763,l,166,176.0,True,2021.5,2024.0
8878,1393,1439,l,166,199.0,True,2021.5,2029.75
8879,732,315,l,166,221.0,True,2021.5,2035.25
8880,917,1321,l,166,222.0,True,2021.5,2035.5
8881,230,453,s,167,177.0,False,2021.75,2024.25
8882,231,407,s,167,174.0,False,2021.75,2023.5
8883,415,1615,s,167,167.0,False,2021.75,2021.75
8884,452,578,s,167,170.0,False,2021.75,2022.5
8885,497,771,s,167,173.0,False,2021.75,2023.25
8886,529,965,s,167,167.0,False,2021.75,2021.75
8887,630,1188,s,167,171.0,False,2021.75,2022.75
8888,637,1281,s,167,174.0,False,2021.75,2023.5
8889,732,108,s,167,168.0,False,2021.75,2022.0
8890,916,358,s,167,174.0,False,2021.75,2023.5
8891,995,1521,s,167,171.0,False,2021.75,2022.75
8892,1082,1615,s,167,168.0,False,2021.75,2022.0
8893,1087,1785,s,167,173.0,False,2021.75,2023.25
8894,1239,1353,s,167,168.0,False,2021.75,2022.0
8895,1239,1388,s,167,170.0,False,2021.75,2022.5
8896,1406,1367,s,167,171.0,False,2021.75,2022.75
8897,1454,1339,s,167,167.0,False,2021.75,2021.75
8898,1466,146,s,167,168.0,False,2021.75,2022.0
8899,1548,1282,s,167,171.0,False,2021.75,2022.75
8900,1596,1274,s,167,169.0,False,2021.75,2022.25
8901,1619,1318,s,167,168.0,False,2021.75,2022.0
8902,113,146,s,167,187.0,False,2021.75,2026.75
8903,133,1922,s,167,170.0,False,2021.75,2022.5
8904,204,1903,s,167,168.0,False,2021.75,2022.0
8905,230,800,s,167,167.0,False,2021.75,2021.75
8906,418,572,s,167,179.0,False,2021.75,2024.75
8907,507,1903,s,167,170.0,False,2021.75,2022.5
8908,791,572,s,167,171.0,False,2021.75,2022.75
8909,791,1201,s,167,167.0,False,2021.75,2021.75
8910,913,1367,s,167,170.0,False,2021.75,2022.5
8911,1203,1299,s,167,170.0,False,2021.75,2022.5
8912,1237,97,s,167,172.0,False,2021.75,2023.0
8913,1271,1298,s,167,176.0,False,2021.75,2024.0
8914,1290,1274,s,167,167.0,False,2021.75,2021.75
8915,1343,320,s,167,192.0,False,2021.75,2028.0
8916,1405,1821,s,167,170.0,False,2021.75,2022.5
8917,1412,1821,s,167,172.0,False,2021.75,2023.0
8918,1452,1257,s,167,170.0,False,2021.75,2022.5
8919,1589,1436,s,167,168.0,False,2021.75,2022.0
8920,1595,1281,s,167,169.0,False,2021.75,2022.25
8921,1595,1487,s,167,167.0,False,2021.75,2021.75
8922,1677,1299,s,167,173.0,False,2021.75,2023.25
8923,1704,320,s,167,167.0,False,2021.75,2021.75
8924,1804,1400,s,167,169.0,False,2021.75,2022.25
8925,1946,1409,s,167,173.0,False,2021.75,2023.25
8926,133,129,s,167,168.0,False,2021.75,2022.0
8927,260,733,s,167,174.0,False,2021.75,2023.5
8928,516,1321,s,167,171.0,False,2021.75,2022.75
8929,637,952,s,167,182.0,False,2021.75,2025.5
8930,874,1222,s,167,181.0,False,2021.75,2025.25
8931,908,576,s,167,168.0,False,2021.75,2022.0
8932,1239,1367,s,167,181.0,False,2021.75,2025.25
8933,1306,1201,s,167,171.0,False,2021.75,2022.75
8934,1359,146,s,167,168.0,False,2021.75,2022.0
8935,1390,1204,s,167,168.0,False,2021.75,2022.0
8936,1393,1385,s,167,169.0,False,2021.75,2022.25
8937,1396,1222,s,167,170.0,False,2021.75,2022.5
8938,1401,1385,s,167,168.0,False,2021.75,2022.0
8939,1401,1404,s,167,169.0,False,2021.75,2022.25
8940,1417,1404,s,167,169.0,False,2021.75,2022.25
8941,1445,1456,s,167,168.0,False,2021.75,2022.0
8942,1595,1190,s,167,173.0,False,2021.75,2023.25
8943,1655,1546,s,167,181.0,False,2021.75,2025.25
8944,1804,1315,s,167,168.0,False,2021.75,2022.0
8945,467,108,l,167,184.0,True,2021.75,2026.0
8946,991,336,l,167,176.0,True,2021.75,2024.0
8947,991,952,l,167,180.0,True,2021.75,2025.0
8948,418,416,l,167,173.0,True,2021.75,2023.25
8949,796,965,l,167,216.0,True,2021.75,2034.0
8950,262,1190,s,168,168.0,False,2022.0,2022.0
8951,303,1372,s,168,168.0,False,2022.0,2022.0
8952,412,572,s,168,171.0,False,2022.0,2022.75
8953,415,1613,s,168,168.0,False,2022.0,2022.0
8954,507,1367,s,168,175.0,False,2022.0,2023.75
8955,791,1517,s,168,168.0,False,2022.0,2022.0
8956,807,733,s,168,172.0,False,2022.0,2023.0
8957,885,785,s,168,169.0,False,2022.0,2022.25
8958,913,159,s,168,171.0,False,2022.0,2022.75
8959,913,1282,s,168,172.0,False,2022.0,2023.0
8960,995,1367,s,168,176.0,False,2022.0,2024.0
8961,1220,1613,s,168,171.0,False,2022.0,2022.75
8962,1239,1201,s,168,174.0,False,2022.0,2023.5
8963,1239,1903,s,168,168.0,False,2022.0,2022.0
8964,1330,1247,s,168,170.0,False,2022.0,2022.5
8965,1330,1367,s,168,168.0,False,2022.0,2022.0
8966,1333,1339,s,168,171.0,False,2022.0,2022.75
8967,1359,1190,s,168,168.0,False,2022.0,2022.0
8968,1412,1282,s,168,170.0,False,2022.0,2022.5
8969,1420,1903,s,168,176.0,False,2022.0,2024.0
8970,1575,129,s,168,168.0,False,2022.0,2022.0
8971,1609,1361,s,168,169.0,False,2022.0,2022.25
8972,1609,1582,s,168,169.0,False,2022.0,2022.25
8973,1723,1339,s,168,172.0,False,2022.0,2023.0
8974,113,387,s,168,172.0,False,2022.0,2023.0
8975,133,336,s,168,170.0,False,2022.0,2022.5
8976,260,108,s,168,169.0,False,2022.0,2022.25
8977,597,320,s,168,176.0,False,2022.0,2024.0
8978,807,444,s,168,180.0,False,2022.0,2025.0
8979,838,1026,s,168,172.0,False,2022.0,2023.0
8980,1097,358,s,168,170.0,False,2022.0,2022.5
8981,1225,1281,s,168,176.0,False,2022.0,2024.0
8982,1266,1613,s,168,169.0,False,2022.0,2022.25
8983,1343,1023,s,168,171.0,False,2022.0,2022.75
8984,1359,572,s,168,171.0,False,2022.0,2022.75
8985,1505,1521,s,168,169.0,False,2022.0,2022.25
8986,1514,1521,s,168,170.0,False,2022.0,2022.5
8987,1523,1902,s,168,169.0,False,2022.0,2022.25
8988,1595,1204,s,168,174.0,False,2022.0,2023.5
8989,1595,1388,s,168,169.0,False,2022.0,2022.25
8990,1678,1388,s,168,169.0,False,2022.0,2022.25
8991,1888,1321,s,168,169.0,False,2022.0,2022.25
8992,1968,1257,s,168,173.0,False,2022.0,2023.25
8993,169,653,s,168,171.0,False,2022.0,2022.75
8994,230,952,s,168,172.0,False,2022.0,2023.0
8995,262,1388,s,168,173.0,False,2022.0,2023.25
8996,415,1675,s,168,177.0,False,2022.0,2024.25
8997,467,85,s,168,169.0,False,2022.0,2022.25
8998,497,907,s,168,171.0,False,2022.0,2022.75
8999,718,336,s,168,170.0,False,2022.0,2022.5
9000,743,1615,s,168,174.0,False,2022.0,2023.5
9001,807,146,s,168,170.0,False,2022.0,2022.5
9002,913,1204,s,168,170.0,False,2022.0,2022.5
9003,978,572,s,168,173.0,False,2022.0,2023.25
9004,1200,1282,s,168,169.0,False,2022.0,2022.25
9005,1242,1201,s,168,170.0,False,2022.0,2022.5
9006,1264,1435,s,168,183.0,False,2022.0,2025.75
9007,1343,965,s,168,170.0,False,2022.0,2022.5
9008,1509,1601,s,168,196.0,False,2022.0,2029.0
9009,1514,1582,s,168,179.0,False,2022.0,2024.75
9010,1589,1669,s,168,175.0,False,2022.0,2023.75
9011,1401,1339,l,168,,True,2022.0,
9012,1575,49,l,168,203.0,True,2022.0,2030.75
9013,1629,1201,l,168,203.0,True,2022.0,2030.75
9014,507,1205,l,168,239.0,True,2022.0,2039.75
9015,696,733,l,168,200.0,True,2022.0,2030.0
9016,1454,1367,l,168,202.0,True,2022.0,2030.5
9017,1678,1615,l,168,210.0,True,2022.0,2032.5
9018,412,1821,l,168,172.0,True,2022.0,2023.0
9019,791,336,l,168,209.0,True,2022.0,2032.25
9020,1452,1388,l,168,173.0,True,2022.0,2023.25
9021,1453,1339,l,168,,True,2022.0,
9022,1466,159,l,168,170.0,True,2022.0,2022.5
9023,415,933,s,169,170.0,False,2022.25,2022.5
9024,439,49,s,169,174.0,False,2022.25,2023.5
9025,791,1190,s,169,172.0,False,2022.25,2023.0
9026,807,416,s,169,170.0,False,2022.25,2022.5
9027,1079,1201,s,169,179.0,False,2022.25,2024.75
9028,1235,1158,s,169,177.0,False,2022.25,2024.25
9029,1359,324,s,169,169.0,False,2022.25,2022.25
9030,1393,1299,s,169,173.0,False,2022.25,2023.25
9031,1401,1335,s,169,171.0,False,2022.25,2022.75
9032,1481,1404,s,169,176.0,False,2022.25,2024.0
9033,1595,1367,s,169,170.0,False,2022.25,2022.5
9034,1609,1403,s,169,170.0,False,2022.25,2022.5
9035,1629,1903,s,169,187.0,False,2022.25,2026.75
9036,1079,1353,s,169,169.0,False,2022.25,2022.25
9037,1239,1821,s,169,171.0,False,2022.25,2022.75
9038,1319,1374,s,169,170.0,False,2022.25,2022.5
9039,1359,1281,s,169,170.0,False,2022.25,2022.5
9040,1406,1339,s,169,173.0,False,2022.25,2023.25
9041,1452,1190,s,169,185.0,False,2022.25,2026.25
9042,1509,1252,s,169,185.0,False,2022.25,2026.25
9043,1538,1346,s,169,173.0,False,2022.25,2023.25
9044,1585,1460,s,169,178.0,False,2022.25,2024.5
9045,1655,1880,s,169,172.0,False,2022.25,2023.0
9046,1656,1321,s,169,170.0,False,2022.25,2022.5
9047,1677,1339,s,169,171.0,False,2022.25,2022.75
9048,262,453,s,169,195.0,False,2022.25,2028.75
9049,551,416,s,169,171.0,False,2022.25,2022.75
9050,796,733,s,169,173.0,False,2022.25,2023.25
9051,838,653,s,169,171.0,False,2022.25,2022.75
9052,908,975,s,169,171.0,False,2022.25,2022.75
9053,991,129,s,169,170.0,False,2022.25,2022.5
9054,1079,146,s,169,170.0,False,2022.25,2022.5
9055,1200,1274,s,169,171.0,False,2022.25,2022.75
9056,1401,1903,s,169,171.0,False,2022.25,2022.75
9057,1412,1190,s,169,171.0,False,2022.25,2022.75
9058,1412,1281,s,169,175.0,False,2022.25,2023.75
9059,1417,1372,s,169,172.0,False,2022.25,2023.0
9060,1441,1653,s,169,170.0,False,2022.25,2022.5
9061,1481,1513,s,169,178.0,False,2022.25,2024.5
9062,1574,785,s,169,172.0,False,2022.25,2023.0
9063,1596,1821,s,169,178.0,False,2022.25,2024.5
9064,1723,1299,s,169,170.0,False,2022.25,2022.5
9065,303,97,l,169,185.0,True,2022.25,2026.25
9066,991,572,l,169,222.0,True,2022.25,2035.5
9067,1412,1400,l,169,,True,2022.25,
9068,1082,933,l,169,229.0,True,2022.25,2037.25
9069,1237,1513,l,169,211.0,True,2022.25,2032.75
9070,1343,1025,l,169,,True,2022.25,
9071,248,129,l,169,170.0,True,2022.25,2022.5
9072,507,1282,l,169,172.0,True,2022.25,2023.0
9073,1655,1315,l,169,173.0,True,2022.25,2023.25
9074,204,1613,s,170,172.0,False,2022.5,2023.0
9075,342,615,s,170,172.0,False,2022.5,2023.0
9076,587,1614,s,170,176.0,False,2022.5,2024.0
9077,796,684,s,170,172.0,False,2022.5,2023.0
9078,913,684,s,170,175.0,False,2022.5,2023.75
9079,1082,24,s,170,170.0,False,2022.5,2022.5
9080,1096,973,s,170,172.0,False,2022.5,2023.0
9081,1328,1335,s,170,172.0,False,2022.5,2023.0
9082,1341,1435,s,170,173.0,False,2022.5,2023.25
9083,1351,1249,s,170,171.0,False,2022.5,2022.75
9084,1405,1367,s,170,175.0,False,2022.5,2023.75
9085,1494,1372,s,170,177.0,False,2022.5,2024.25
9086,1514,1463,s,170,177.0,False,2022.5,2024.25
9087,1538,1435,s,170,175.0,False,2022.5,2023.75
9088,1575,320,s,170,171.0,False,2022.5,2022.75
9089,1589,1416,s,170,174.0,False,2022.5,2023.5
9090,1677,1222,s,170,170.0,False,2022.5,2022.5
9091,1907,1508,s,170,171.0,False,2022.5,2022.75
9092,133,85,s,170,171.0,False,2022.5,2022.75
9093,230,1342,s,170,175.0,False,2022.5,2023.75
9094,230,1675,s,170,171.0,False,2022.5,2022.75
9095,262,1231,s,170,171.0,False,2022.5,2022.75
9096,304,320,s,170,172.0,False,2022.5,2023.0
9097,466,694,s,170,172.0,False,2022.5,2023.0
9098,516,1675,s,170,171.0,False,2022.5,2022.75
9099,655,97,s,170,172.0,False,2022.5,2023.0
9100,743,1201,s,170,172.0,False,2022.5,2023.0
9101,1290,1435,s,170,175.0,False,2022.5,2023.75
9102,1325,108,s,170,180.0,False,2022.5,2025.0
9103,1371,1201,s,170,174.0,False,2022.5,2023.5
9104,1412,1582,s,170,170.0,False,2022.5,2022.5
9105,1524,1463,s,170,179.0,False,2022.5,2024.75
9106,1678,1321,s,170,171.0,False,2022.5,2022.75
9107,1678,1613,s,170,171.0,False,2022.5,2022.75
9108,1907,1201,s,170,170.0,False,2022.5,2022.5
9109,133,320,s,170,176.0,False,2022.5,2024.0
9110,204,1315,s,170,175.0,False,2022.5,2023.75
9111,303,1353,s,170,182.0,False,2022.5,2025.5
9112,342,578,s,170,182.0,False,2022.5,2025.5
9113,418,933,s,170,171.0,False,2022.5,2022.75
9114,716,694,s,170,173.0,False,2022.5,2023.25
9115,732,189,s,170,176.0,False,2022.5,2024.0
9116,796,1615,s,170,174.0,False,2022.5,2023.5
9117,807,653,s,170,174.0,False,2022.5,2023.5
9118,837,1201,s,170,171.0,False,2022.5,2022.75
9119,837,1435,s,170,179.0,False,2022.5,2024.75
9120,885,324,s,170,177.0,False,2022.5,2024.25
9121,913,1188,s,170,182.0,False,2022.5,2025.5
9122,937,1257,s,170,172.0,False,2022.5,2023.0
9123,1074,1339,s,170,173.0,False,2022.5,2023.25
9124,1079,1416,s,170,191.0,False,2022.5,2027.75
9125,1082,1616,s,170,175.0,False,2022.5,2023.75
9126,1242,1615,s,170,171.0,False,2022.5,2022.75
9127,1343,453,s,170,172.0,False,2022.5,2023.0
9128,1343,1026,s,170,178.0,False,2022.5,2024.5
9129,1359,1615,s,170,183.0,False,2022.5,2025.75
9130,1382,1315,s,170,200.0,False,2022.5,2030.0
9131,1401,1181,s,170,171.0,False,2022.5,2022.75
9132,1465,790,s,170,174.0,False,2022.5,2023.5
9133,1474,1582,s,170,171.0,False,2022.5,2022.75
9134,1512,1281,s,170,175.0,False,2022.5,2023.75
9135,1514,1291,s,170,174.0,False,2022.5,2023.5
9136,1629,1902,s,170,171.0,False,2022.5,2022.75
9137,1678,1190,s,170,171.0,False,2022.5,2022.75
9138,1329,1821,l,170,195.0,True,2022.5,2028.75
9139,1406,1438,l,170,171.0,True,2022.5,2022.75
9140,1412,1513,l,170,176.0,True,2022.5,2024.0
9141,1538,1413,l,170,180.0,True,2022.5,2025.0
9142,1239,1190,l,170,186.0,True,2022.5,2026.5
9143,1239,1281,l,170,,True,2022.5,
9144,113,965,l,170,178.0,True,2022.5,2024.5
9145,1237,1902,l,170,180.0,True,2022.5,2025.0
9146,1466,1785,l,170,178.0,True,2022.5,2024.5
9147,169,1299,s,171,171.0,False,2022.75,2022.75
9148,415,653,s,171,176.0,False,2022.75,2024.0
9149,415,1517,s,171,174.0,False,2022.75,2023.5
9150,497,685,s,171,173.0,False,2022.75,2023.25
9151,516,108,s,171,175.0,False,2022.75,2023.75
9152,743,929,s,171,177.0,False,2022.75,2024.25
9153,1074,1615,s,171,171.0,False,2022.75,2022.75
9154,1079,1281,s,171,178.0,False,2022.75,2024.5
9155,1082,1190,s,171,177.0,False,2022.75,2024.25
9156,1200,1205,s,171,175.0,False,2022.75,2023.75
9157,1294,1318,s,171,183.0,False,2022.75,2025.75
9158,1393,1346,s,171,176.0,False,2022.75,2024.0
9159,1437,1281,s,171,172.0,False,2022.75,2023.0
9160,1514,1903,s,171,172.0,False,2022.75,2023.0
9161,1677,1436,s,171,172.0,False,2022.75,2023.0
9162,133,108,s,171,180.0,False,2022.75,2025.0
9163,204,1339,s,171,172.0,False,2022.75,2023.0
9164,247,530,s,171,175.0,False,2022.75,2023.75
9165,262,1339,s,171,173.0,False,2022.75,2023.25
9166,415,1615,s,171,172.0,False,2022.75,2023.0
9167,507,1247,s,171,175.0,False,2022.75,2023.75
9168,507,1463,s,171,174.0,False,2022.75,2023.5
9169,598,952,s,171,177.0,False,2022.75,2024.25
9170,718,85,s,171,172.0,False,2022.75,2023.0
9171,731,733,s,171,179.0,False,2022.75,2024.75
9172,807,320,s,171,180.0,False,2022.75,2025.0
9173,913,1374,s,171,188.0,False,2022.75,2027.0
9174,1079,97,s,171,172.0,False,2022.75,2023.0
9175,1096,189,s,171,172.0,False,2022.75,2023.0
9176,1437,1409,s,171,172.0,False,2022.75,2023.0
9177,1452,1400,s,171,173.0,False,2022.75,2023.25
9178,1595,1281,s,171,183.0,False,2022.75,2025.75
9179,1946,1582,s,171,173.0,False,2022.75,2023.25
9180,169,453,s,171,180.0,False,2022.75,2025.0
9181,837,1903,s,171,187.0,False,2022.75,2026.75
9182,913,97,s,171,176.0,False,2022.75,2024.0
9183,913,146,s,171,174.0,False,2022.75,2023.5
9184,917,628,s,171,179.0,False,2022.75,2024.75
9185,927,1404,s,171,173.0,False,2022.75,2023.25
9186,937,1188,s,171,181.0,False,2022.75,2025.25
9187,995,1190,s,171,172.0,False,2022.75,2023.0
9188,1005,1388,s,171,172.0,False,2022.75,2023.0
9189,1079,1365,s,171,172.0,False,2022.75,2023.0
9190,1087,320,s,171,175.0,False,2022.75,2023.75
9191,1180,1217,s,171,180.0,False,2022.75,2025.0
9192,1203,1222,s,171,175.0,False,2022.75,2023.75
9193,1242,1613,s,171,177.0,False,2022.75,2024.25
9194,1417,1388,s,171,172.0,False,2022.75,2023.0
9195,1451,1902,s,171,180.0,False,2022.75,2025.0
9196,1481,1436,s,171,179.0,False,2022.75,2024.75
9197,1589,1902,s,171,175.0,False,2022.75,2023.75
9198,1618,1190,s,171,189.0,False,2022.75,2027.25
9199,1621,1435,s,171,173.0,False,2022.75,2023.25
9200,1968,1222,s,171,177.0,False,2022.75,2024.25
9201,610,324,l,171,196.0,True,2022.75,2029.0
9202,234,1615,l,171,220.0,True,2022.75,2035.0
9203,743,653,l,171,196.0,True,2022.75,2029.0
9204,1087,146,l,171,193.0,True,2022.75,2028.25
9205,630,1613,s,172,173.0,False,2023.0,2023.25
9206,637,1299,s,172,179.0,False,2023.0,2024.75
9207,807,1032,s,172,174.0,False,2023.0,2023.5
9208,807,1260,s,172,172.0,False,2023.0,2023.0
9209,937,416,s,172,175.0,False,2023.0,2023.75
9210,937,1321,s,172,179.0,False,2023.0,2024.75
9211,1239,1416,s,172,185.0,False,2023.0,2026.25
9212,1266,1381,s,172,175.0,False,2023.0,2023.75
9213,1323,1335,s,172,173.0,False,2023.0,2023.25
9214,1343,1321,s,172,174.0,False,2023.0,2023.5
9215,1359,1281,s,172,177.0,False,2023.0,2024.25
9216,1417,1281,s,172,174.0,False,2023.0,2023.5
9217,1441,1526,s,172,177.0,False,2023.0,2024.25
9218,1454,1335,s,172,172.0,False,2023.0,2023.0
9219,1548,1416,s,172,172.0,False,2023.0,2023.0
9220,1629,1463,s,172,173.0,False,2023.0,2023.25
9221,1678,1339,s,172,179.0,False,2023.0,2024.75
9222,1986,965,s,172,172.0,False,2023.0,2023.0
9223,196,1517,s,172,173.0,False,2023.0,2023.25
9224,363,973,s,172,173.0,False,2023.0,2023.25
9225,507,1372,s,172,173.0,False,2023.0,2023.25
9226,575,785,s,172,178.0,False,2023.0,2024.5
9227,587,1160,s,172,182.0,False,2023.0,2025.5
9228,791,771,s,172,175.0,False,2023.0,2023.75
9229,791,952,s,172,186.0,False,2023.0,2026.5
9230,797,320,s,172,181.0,False,2023.0,2025.25
9231,837,1367,s,172,174.0,False,2023.0,2023.5
9232,917,280,s,172,188.0,False,2023.0,2027.0
9233,936,1201,s,172,174.0,False,2023.0,2023.5
9234,1186,1525,s,172,178.0,False,2023.0,2024.5
9235,1237,1463,s,172,176.0,False,2023.0,2024.0
9236,1359,1389,s,172,179.0,False,2023.0,2024.75
9237,1523,1582,s,172,174.0,False,2023.0,2023.5
9238,1548,1475,s,172,180.0,False,2023.0,2025.0
9239,1589,1428,s,172,178.0,False,2023.0,2024.5
9240,1595,1274,s,172,172.0,False,2023.0,2023.0
9241,1609,1381,s,172,180.0,False,2023.0,2025.0
9242,1886,1903,s,172,178.0,False,2023.0,2024.5
9243,1946,1335,s,172,173.0,False,2023.0,2023.25
9244,230,320,s,172,190.0,False,2023.0,2027.5
9245,230,1201,s,172,176.0,False,2023.0,2024.0
9246,260,320,s,172,174.0,False,2023.0,2023.5
9247,260,1614,s,172,173.0,False,2023.0,2023.25
9248,303,1282,s,172,175.0,False,2023.0,2023.75
9249,343,1188,s,172,178.0,False,2023.0,2024.5
9250,497,320,s,172,176.0,False,2023.0,2024.0
9251,681,1026,s,172,178.0,False,2023.0,2024.5
9252,791,85,s,172,173.0,False,2023.0,2023.25
9253,791,320,s,172,173.0,False,2023.0,2023.25
9254,916,416,s,172,176.0,False,2023.0,2024.0
9255,916,1616,s,172,174.0,False,2023.0,2023.5
9256,937,1339,s,172,177.0,False,2023.0,2024.25
9257,991,320,s,172,173.0,False,2023.0,2023.25
9258,1235,1615,s,172,174.0,False,2023.0,2023.5
9259,1393,1310,s,172,173.0,False,2023.0,2023.25
9260,1412,1463,s,172,173.0,False,2023.0,2023.25
9261,1445,1158,s,172,189.0,False,2023.0,2027.25
9262,1564,1630,s,172,174.0,False,2023.0,2023.5
9263,1661,1560,s,172,178.0,False,2023.0,2024.5
9264,1661,1903,s,172,175.0,False,2023.0,2023.75
9265,1678,1821,s,172,174.0,False,2023.0,2023.5
9266,1678,1903,s,172,176.0,False,2023.0,2024.0
9267,732,108,l,172,174.0,True,2023.0,2023.5
9268,988,97,l,172,176.0,True,2023.0,2024.0
9269,1573,1353,l,172,175.0,True,2023.0,2023.75
9270,1079,159,l,172,213.0,True,2023.0,2033.25
9271,418,1282,l,172,225.0,True,2023.0,2036.25
9272,1412,1654,l,172,,True,2023.0,
9273,230,733,s,173,173.0,False,2023.25,2023.25
9274,248,1201,s,173,181.0,False,2023.25,2025.25
9275,303,1252,s,173,178.0,False,2023.25,2024.5
9276,732,129,s,173,175.0,False,2023.25,2023.75
9277,871,952,s,173,173.0,False,2023.25,2023.25
9278,1237,1247,s,173,181.0,False,2023.25,2025.25
9279,1330,1255,s,173,174.0,False,2023.25,2023.5
9280,1359,146,s,173,179.0,False,2023.25,2024.75
9281,1401,1903,s,173,173.0,False,2023.25,2023.25
9282,1412,1436,s,173,175.0,False,2023.25,2023.75
9283,1412,1669,s,173,177.0,False,2023.25,2024.25
9284,1465,1026,s,173,173.0,False,2023.25,2023.25
9285,1481,1463,s,173,174.0,False,2023.25,2023.5
9286,1494,1439,s,173,175.0,False,2023.25,2023.75
9287,1609,1252,s,173,173.0,False,2023.25,2023.25
9288,1678,108,s,173,175.0,False,2023.25,2023.75
9289,1907,1903,s,173,175.0,False,2023.25,2023.75
9290,1986,1026,s,173,175.0,False,2023.25,2023.75
9291,214,1615,s,173,177.0,False,2023.25,2024.25
9292,303,1517,s,173,181.0,False,2023.25,2025.25
9293,415,583,s,173,173.0,False,2023.25,2023.25
9294,439,1964,s,173,174.0,False,2023.25,2023.5
9295,507,1190,s,173,178.0,False,2023.25,2024.5
9296,791,1282,s,173,180.0,False,2023.25,2025.0
9297,796,615,s,173,175.0,False,2023.25,2023.75
9298,927,1282,s,173,174.0,False,2023.25,2023.5
9299,1079,1188,s,173,183.0,False,2023.25,2025.75
9300,1271,1460,s,173,174.0,False,2023.25,2023.5
9301,1382,1342,s,173,180.0,False,2023.25,2025.0
9302,1412,1353,s,173,174.0,False,2023.25,2023.5
9303,1412,1439,s,173,180.0,False,2023.25,2025.0
9304,1509,1463,s,173,177.0,False,2023.25,2024.25
9305,1619,1517,s,173,181.0,False,2023.25,2025.25
9306,1661,1388,s,173,175.0,False,2023.25,2023.75
9307,1968,1282,s,173,174.0,False,2023.25,2023.5
9308,792,685,s,173,182.0,False,2023.25,2025.5
9309,807,1031,s,173,174.0,False,2023.25,2023.5
9310,908,97,s,173,180.0,False,2023.25,2025.0
9311,913,1255,s,173,174.0,False,2023.25,2023.5
9312,978,336,s,173,179.0,False,2023.25,2024.75
9313,1074,1282,s,173,182.0,False,2023.25,2025.5
9314,1074,1404,s,173,174.0,False,2023.25,2023.5
9315,1242,1315,s,173,184.0,False,2023.25,2026.0
9316,1330,1388,s,173,174.0,False,2023.25,2023.5
9317,1343,1615,s,173,183.0,False,2023.25,2025.75
9318,1405,1339,s,173,177.0,False,2023.25,2024.25
9319,1412,1560,s,173,174.0,False,2023.25,2023.5
9320,1454,1463,s,173,178.0,False,2023.25,2024.5
9321,1514,1669,s,173,176.0,False,2023.25,2024.0
9322,1595,1388,s,173,178.0,False,2023.25,2024.5
9323,1619,1282,s,173,175.0,False,2023.25,2023.75
9324,1723,1282,s,173,178.0,False,2023.25,2024.5
9325,1804,1299,s,173,175.0,False,2023.25,2023.75
9326,978,789,l,173,,True,2023.25,
9327,837,1282,l,173,221.0,True,2023.25,2035.25
9328,1359,484,l,173,215.0,True,2023.25,2033.75
9329,113,78,l,173,222.0,True,2023.25,2035.5
9330,1661,1409,l,173,204.0,True,2023.25,2031.0
9331,343,1339,s,174,174.0,False,2023.5,2023.5
9332,507,1517,s,174,179.0,False,2023.5,2024.75
9333,522,1821,s,174,181.0,False,2023.5,2025.25
9334,791,1257,s,174,178.0,False,2023.5,2024.5
9335,1180,1255,s,174,175.0,False,2023.5,2023.75
9336,1209,1190,s,174,175.0,False,2023.5,2023.75
9337,1265,1282,s,174,174.0,False,2023.5,2023.5
9338,1271,1201,s,174,176.0,False,2023.5,2024.0
9339,1329,1346,s,174,180.0,False,2023.5,2025.0
9340,1343,583,s,174,175.0,False,2023.5,2023.75
9341,1359,1321,s,174,178.0,False,2023.5,2024.5
9342,1371,1342,s,174,176.0,False,2023.5,2024.0
9343,1382,1388,s,174,178.0,False,2023.5,2024.5
9344,1401,1367,s,174,176.0,False,2023.5,2024.0
9345,1445,1339,s,174,177.0,False,2023.5,2024.25
9346,1494,1388,s,174,174.0,False,2023.5,2023.5
9347,1589,1560,s,174,176.0,False,2023.5,2024.0
9348,1595,1002,s,174,179.0,False,2023.5,2024.75
9349,1661,1507,s,174,176.0,False,2023.5,2024.0
9350,1907,1388,s,174,198.0,False,2023.5,2029.5
9351,57,1201,s,174,174.0,False,2023.5,2023.5
9352,204,571,s,174,175.0,False,2023.5,2023.75
9353,230,583,s,174,178.0,False,2023.5,2024.5
9354,303,1204,s,174,177.0,False,2023.5,2024.25
9355,415,108,s,174,176.0,False,2023.5,2024.0
9356,791,320,s,174,176.0,False,2023.5,2024.0
9357,837,1388,s,174,176.0,False,2023.5,2024.0
9358,917,1615,s,174,176.0,False,2023.5,2024.0
9359,936,159,s,174,178.0,False,2023.5,2024.5
9360,1079,1880,s,174,180.0,False,2023.5,2025.0
9361,1203,1247,s,174,176.0,False,2023.5,2024.0
9362,1239,159,s,174,177.0,False,2023.5,2024.25
9363,1266,1201,s,174,175.0,False,2023.5,2023.75
9364,1266,1560,s,174,176.0,False,2023.5,2024.0
9365,1359,1675,s,174,175.0,False,2023.5,2023.75
9366,1406,1613,s,174,177.0,False,2023.5,2024.25
9367,1535,1367,s,174,175.0,False,2023.5,2023.75
9368,1545,1353,s,174,175.0,False,2023.5,2023.75
9369,1677,1613,s,174,181.0,False,2023.5,2025.25
9370,1723,409,s,174,179.0,False,2023.5,2024.75
9371,173,1435,s,174,175.0,False,2023.5,2023.75
9372,262,1204,s,174,185.0,False,2023.5,2026.25
9373,262,1281,s,174,178.0,False,2023.5,2024.5
9374,630,1190,s,174,176.0,False,2023.5,2024.0
9375,743,572,s,174,175.0,False,2023.5,2023.75
9376,815,1188,s,174,184.0,False,2023.5,2026.0
9377,885,108,s,174,184.0,False,2023.5,2026.0
9378,908,1321,s,174,177.0,False,2023.5,2024.25
9379,913,929,s,174,177.0,False,2023.5,2024.25
9380,913,1388,s,174,177.0,False,2023.5,2024.25
9381,916,324,s,174,175.0,False,2023.5,2023.75
9382,916,391,s,174,175.0,False,2023.5,2023.75
9383,936,1982,s,174,180.0,False,2023.5,2025.0
9384,937,740,s,174,179.0,False,2023.5,2024.75
9385,953,789,s,174,184.0,False,2023.5,2026.0
9386,1079,416,s,174,176.0,False,2023.5,2024.0
9387,1082,1201,s,174,179.0,False,2023.5,2024.75
9388,1207,1400,s,174,182.0,False,2023.5,2025.5
9389,1328,1372,s,174,180.0,False,2023.5,2025.0
9390,1330,1460,s,174,179.0,False,2023.5,2024.75
9391,1401,1281,s,174,176.0,False,2023.5,2024.0
9392,1629,1560,s,174,176.0,False,2023.5,2024.0
9393,791,129,l,174,220.0,True,2023.5,2035.0
9394,913,1475,l,174,186.0,True,2023.5,2026.5
9395,1494,1546,l,174,237.0,True,2023.5,2039.25
9396,1664,1707,l,174,180.0,True,2023.5,2025.0
9397,394,1821,l,174,201.0,True,2023.5,2030.25
9398,913,1821,l,174,187.0,True,2023.5,2026.75
9399,87,1367,l,174,175.0,True,2023.5,2023.75
9400,230,108,l,174,240.0,True,2023.5,2040.0
9401,1074,1367,l,174,217.0,True,2023.5,2034.25
9402,1082,1615,l,174,,True,2023.5,
9403,1187,1282,l,174,183.0,True,2023.5,2025.75
9404,1266,1903,l,174,,True,2023.5,
9405,214,1205,s,175,178.0,False,2023.75,2024.5
9406,231,409,s,175,182.0,False,2023.75,2025.5
9407,303,1015,s,175,176.0,False,2023.75,2024.0
9408,413,320,s,175,176.0,False,2023.75,2024.0
9409,415,146,s,175,187.0,False,2023.75,2026.75
9410,415,1201,s,175,178.0,False,2023.75,2024.5
9411,791,167,s,175,178.0,False,2023.75,2024.5
9412,1079,1160,s,175,178.0,False,2023.75,2024.5
9413,1079,1613,s,175,176.0,False,2023.75,2024.0
9414,1159,1560,s,175,182.0,False,2023.75,2025.5
9415,1187,159,s,175,176.0,False,2023.75,2024.0
9416,1239,1282,s,175,178.0,False,2023.75,2024.5
9417,1264,1247,s,175,187.0,False,2023.75,2026.75
9418,1329,1903,s,175,176.0,False,2023.75,2024.0
9419,1343,572,s,175,185.0,False,2023.75,2026.25
9420,1359,1185,s,175,176.0,False,2023.75,2024.0
9421,1454,1188,s,175,184.0,False,2023.75,2026.0
9422,1535,1903,s,175,191.0,False,2023.75,2027.75
9423,1589,1455,s,175,175.0,False,2023.75,2023.75
9424,1589,1756,s,175,175.0,False,2023.75,2023.75
9425,1609,1456,s,175,179.0,False,2023.75,2024.75
9426,1621,1508,s,175,175.0,False,2023.75,2023.75
9427,1986,1615,s,175,178.0,False,2023.75,2024.5
9428,196,1272,s,175,182.0,False,2023.75,2025.5
9429,507,1463,s,175,176.0,False,2023.75,2024.0
9430,837,1389,s,175,176.0,False,2023.75,2024.0
9431,885,653,s,175,179.0,False,2023.75,2024.75
9432,1186,1513,s,175,178.0,False,2023.75,2024.5
9433,1239,1222,s,175,176.0,False,2023.75,2024.0
9434,1319,1339,s,175,177.0,False,2023.75,2024.25
9435,1359,159,s,175,176.0,False,2023.75,2024.0
9436,1396,1201,s,175,186.0,False,2023.75,2026.5
9437,1401,1190,s,175,178.0,False,2023.75,2024.5
9438,1412,1532,s,175,176.0,False,2023.75,2024.0
9439,1514,1903,s,175,182.0,False,2023.75,2025.5
9440,1677,1388,s,175,191.0,False,2023.75,2027.75
9441,1678,1404,s,175,195.0,False,2023.75,2028.75
9442,1986,416,s,175,175.0,False,2023.75,2023.75
9443,87,1282,s,175,179.0,False,2023.75,2024.75
9444,113,407,s,175,193.0,False,2023.75,2028.25
9445,173,1436,s,175,179.0,False,2023.75,2024.75
9446,303,146,s,175,177.0,False,2023.75,2024.25
9447,439,189,s,175,176.0,False,2023.75,2024.0
9448,937,1222,s,175,180.0,False,2023.75,2025.0
9449,1074,1615,s,175,177.0,False,2023.75,2024.25
9450,1082,1613,s,175,176.0,False,2023.75,2024.0
9451,1237,1282,s,175,181.0,False,2023.75,2025.25
9452,1239,1560,s,175,180.0,False,2023.75,2025.0
9453,1242,1615,s,175,176.0,False,2023.75,2024.0
9454,1270,1613,s,175,176.0,False,2023.75,2024.0
9455,1319,1821,s,175,178.0,False,2023.75,2024.5
9456,1324,416,s,175,176.0,False,2023.75,2024.0
9457,1527,1367,s,175,176.0,False,2023.75,2024.0
9458,1619,1902,s,175,186.0,False,2023.75,2026.5
9459,1649,1435,s,175,181.0,False,2023.75,2025.25
9460,1609,1652,l,175,197.0,True,2023.75,2029.25
9461,837,1342,l,175,221.0,True,2023.75,2035.25
9462,1535,1281,l,175,213.0,True,2023.75,2033.25
9463,418,416,l,175,,True,2023.75,
9464,1005,1475,l,175,204.0,True,2023.75,2031.0
9465,1219,1339,l,175,176.0,True,2023.75,2024.0
9466,1242,1334,l,175,217.0,True,2023.75,2034.25
9467,1328,1388,l,175,193.0,True,2023.75,2028.25
9468,94,785,s,176,184.0,False,2024.0,2026.0
9469,204,1188,s,176,176.0,False,2024.0,2024.0
9470,248,1615,s,176,178.0,False,2024.0,2024.5
9471,412,789,s,176,182.0,False,2024.0,2025.5
9472,466,1026,s,176,179.0,False,2024.0,2024.75
9473,743,933,s,176,183.0,False,2024.0,2025.75
9474,1203,1321,s,176,176.0,False,2024.0,2024.0
9475,1220,1513,s,176,179.0,False,2024.0,2024.75
9476,1239,1821,s,176,178.0,False,2024.0,2024.5
9477,1325,653,s,176,180.0,False,2024.0,2025.0
9478,1330,1388,s,176,181.0,False,2024.0,2025.25
9479,1445,1756,s,176,178.0,False,2024.0,2024.5
9480,1493,1252,s,176,177.0,False,2024.0,2024.25
9481,1512,1388,s,176,176.0,False,2024.0,2024.0
9482,1609,1599,s,176,179.0,False,2024.0,2024.75
9483,1621,1361,s,176,181.0,False,2024.0,2025.25
9484,1649,1591,s,176,180.0,False,2024.0,2025.0
9485,1968,97,s,176,176.0,False,2024.0,2024.0
9486,1986,85,s,176,188.0,False,2024.0,2027.0
9487,133,159,s,176,177.0,False,2024.0,2024.25
9488,133,973,s,176,178.0,False,2024.0,2024.5
9489,216,740,s,176,178.0,False,2024.0,2024.5
9490,303,1188,s,176,182.0,False,2024.0,2025.5
9491,439,578,s,176,191.0,False,2024.0,2027.75
9492,507,1247,s,176,177.0,False,2024.0,2024.25
9493,732,653,s,176,182.0,False,2024.0,2025.5
9494,871,653,s,176,177.0,False,2024.0,2024.25
9495,1087,1764,s,176,181.0,False,2024.0,2025.25
9496,1187,1428,s,176,182.0,False,2024.0,2025.5
9497,1200,1435,s,176,181.0,False,2024.0,2025.25
9498,1306,1298,s,176,177.0,False,2024.0,2024.25
9499,1330,1821,s,176,178.0,False,2024.0,2024.5
9500,1390,1252,s,176,177.0,False,2024.0,2024.25
9501,1396,1318,s,176,177.0,False,2024.0,2024.25
9502,1401,1903,s,176,188.0,False,2024.0,2027.0
9503,1481,1902,s,176,182.0,False,2024.0,2025.5
9504,1575,280,s,176,184.0,False,2024.0,2026.0
9505,1619,1282,s,176,181.0,False,2024.0,2025.25
9506,1678,1190,s,176,181.0,False,2024.0,2025.25
9507,1678,1435,s,176,177.0,False,2024.0,2024.25
9508,191,800,s,176,177.0,False,2024.0,2024.25
9509,507,1201,s,176,179.0,False,2024.0,2024.75
9510,743,1321,s,176,181.0,False,2024.0,2025.25
9511,791,49,s,176,178.0,False,2024.0,2024.5
9512,791,416,s,176,178.0,False,2024.0,2024.5
9513,791,785,s,176,177.0,False,2024.0,2024.25
9514,837,572,s,176,177.0,False,2024.0,2024.25
9515,913,1403,s,176,177.0,False,2024.0,2024.25
9516,913,1983,s,176,177.0,False,2024.0,2024.25
9517,917,320,s,176,177.0,False,2024.0,2024.25
9518,1324,1821,s,176,180.0,False,2024.0,2025.0
9519,1393,1247,s,176,177.0,False,2024.0,2024.25
9520,1412,1613,s,176,177.0,False,2024.0,2024.25
9521,1452,1282,s,176,184.0,False,2024.0,2026.0
9522,1452,1388,s,176,178.0,False,2024.0,2024.5
9523,1572,1282,s,176,180.0,False,2024.0,2025.0
9524,1574,1517,s,176,177.0,False,2024.0,2024.25
9525,1589,1604,s,176,178.0,False,2024.0,2024.5
9526,1649,1388,s,176,177.0,False,2024.0,2024.25
9527,1968,1560,s,176,180.0,False,2024.0,2025.0
9528,1266,1282,l,176,191.0,True,2024.0,2027.75
9529,1600,1339,l,176,189.0,True,2024.0,2027.25
9530,1595,1247,l,176,,True,2024.0,
9531,1417,1388,l,176,,True,2024.0,
9532,1595,1299,l,176,,True,2024.0,
9533,204,1903,s,177,188.0,False,2024.25,2027.0
9534,260,952,s,177,182.0,False,2024.25,2025.5
9535,791,1615,s,177,179.0,False,2024.25,2024.75
9536,815,789,s,177,177.0,False,2024.25,2024.25
9537,837,933,s,177,182.0,False,2024.25,2025.5
9538,916,1026,s,177,185.0,False,2024.25,2026.25
9539,1079,1247,s,177,178.0,False,2024.25,2024.5
9540,1079,1282,s,177,185.0,False,2024.25,2026.25
9541,1080,662,s,177,177.0,False,2024.25,2024.25
9542,1239,1252,s,177,177.0,False,2024.25,2024.25
9543,1359,159,s,177,182.0,False,2024.25,2025.5
9544,1401,1404,s,177,180.0,False,2024.25,2025.0
9545,1424,1508,s,177,187.0,False,2024.25,2026.75
9546,1512,1669,s,177,178.0,False,2024.25,2024.5
9547,1545,1582,s,177,178.0,False,2024.25,2024.5
9548,1596,1150,s,177,178.0,False,2024.25,2024.5
9549,1968,1201,s,177,178.0,False,2024.25,2024.5
9550,1986,578,s,177,178.0,False,2024.25,2024.5
9551,87,1845,s,177,197.0,False,2024.25,2029.25
9552,230,606,s,177,182.0,False,2024.25,2025.5
9553,507,1388,s,177,180.0,False,2024.25,2025.0
9554,630,1615,s,177,180.0,False,2024.25,2025.0
9555,791,78,s,177,186.0,False,2024.25,2026.5
9556,796,108,s,177,190.0,False,2024.25,2027.5
9557,859,785,s,177,185.0,False,2024.25,2026.25
9558,913,1150,s,177,177.0,False,2024.25,2024.25
9559,913,1613,s,177,177.0,False,2024.25,2024.25
9560,978,146,s,177,178.0,False,2024.25,2024.5
9561,1239,1428,s,177,181.0,False,2024.25,2025.25
9562,1266,1821,s,177,183.0,False,2024.25,2025.75
9563,1359,662,s,177,178.0,False,2024.25,2024.5
9564,1393,1372,s,177,181.0,False,2024.25,2025.25
9565,1412,1281,s,177,192.0,False,2024.25,2028.0
9566,1412,1409,s,177,178.0,False,2024.25,2024.5
9567,1441,1274,s,177,183.0,False,2024.25,2025.75
9568,1545,1560,s,177,182.0,False,2024.25,2025.5
9569,1589,1582,s,177,178.0,False,2024.25,2024.5
9570,1595,1998,s,177,180.0,False,2024.25,2025.0
9571,1621,1400,s,177,186.0,False,2024.25,2026.5
9572,1661,1367,s,177,180.0,False,2024.25,2025.0
9573,1907,1339,s,177,182.0,False,2024.25,2025.5
9574,837,1365,s,177,178.0,False,2024.25,2024.5
9575,837,1367,s,177,184.0,False,2024.25,2026.0
9576,885,416,s,177,182.0,False,2024.25,2025.5
9577,1082,416,s,177,181.0,False,2024.25,2025.25
9578,1187,1274,s,177,179.0,False,2024.25,2024.75
9579,1239,1335,s,177,178.0,False,2024.25,2024.5
9580,1266,1613,s,177,183.0,False,2024.25,2025.75
9581,1412,1353,s,177,180.0,False,2024.25,2025.0
9582,1412,1903,s,177,178.0,False,2024.25,2024.5
9583,1527,1669,s,177,179.0,False,2024.25,2024.75
9584,1585,1282,s,177,180.0,False,2024.25,2025.0
9585,507,1339,l,177,205.0,True,2024.25,2031.25
9586,791,771,l,177,232.0,True,2024.25,2038.0
9587,1481,1560,l,177,,True,2024.25,
9588,1619,1321,l,177,197.0,True,2024.25,2029.25
9589,1678,409,l,177,,True,2024.25,
9590,637,1335,l,177,191.0,True,2024.25,2027.75
9591,913,1282,l,177,185.0,True,2024.25,2026.25
9592,1239,1463,l,177,184.0,True,2024.25,2026.0
9593,1324,1205,l,177,202.0,True,2024.25,2030.5
9594,1359,1222,l,177,,True,2024.25,
9595,978,1675,l,177,236.0,True,2024.25,2039.0
9596,1203,1188,l,177,185.0,True,2024.25,2026.25
9597,1660,1526,l,177,235.0,True,2024.25,2038.75
9598,262,1282,s,178,179.0,False,2024.5,2024.75
9599,415,416,s,178,189.0,False,2024.5,2027.25
9600,652,1517,s,178,181.0,False,2024.5,2025.25
9601,797,800,s,178,182.0,False,2024.5,2025.5
9602,1266,1388,s,178,182.0,False,2024.5,2025.5
9603,1290,1282,s,178,181.0,False,2024.5,2025.25
9604,1328,1247,s,178,180.0,False,2024.5,2025.0
9605,1445,1335,s,178,179.0,False,2024.5,2024.75
9606,1494,1190,s,178,178.0,False,2024.5,2024.5
9607,1527,1508,s,178,178.0,False,2024.5,2024.5
9608,1527,1902,s,178,180.0,False,2024.5,2025.0
9609,1609,1339,s,178,179.0,False,2024.5,2024.75
9610,1679,1252,s,178,178.0,False,2024.5,2024.5
9611,1968,1880,s,178,179.0,False,2024.5,2024.75
9612,1986,90,s,178,182.0,False,2024.5,2025.5
9613,1986,320,s,178,194.0,False,2024.5,2028.5
9614,196,320,s,178,178.0,False,2024.5,2024.5
9615,303,1011,s,178,180.0,False,2024.5,2025.0
9616,415,159,s,178,182.0,False,2024.5,2025.5
9617,507,1281,s,178,187.0,False,2024.5,2026.75
9618,807,146,s,178,178.0,False,2024.5,2024.5
9619,837,97,s,178,184.0,False,2024.5,2026.0
9620,1225,1615,s,178,187.0,False,2024.5,2026.75
9621,1235,1316,s,178,180.0,False,2024.5,2025.0
9622,1242,1282,s,178,179.0,False,2024.5,2024.75
9623,1293,1247,s,178,179.0,False,2024.5,2024.75
9624,1343,97,s,178,181.0,False,2024.5,2025.25
9625,1393,1367,s,178,182.0,False,2024.5,2025.5
9626,1401,1902,s,178,180.0,False,2024.5,2025.0
9627,1412,1274,s,178,183.0,False,2024.5,2025.75
9628,1417,1463,s,178,184.0,False,2024.5,2026.0
9629,1420,1282,s,178,178.0,False,2024.5,2024.5
9630,1481,1463,s,178,183.0,False,2024.5,2025.75
9631,1481,1546,s,178,181.0,False,2024.5,2025.25
9632,1481,1582,s,178,186.0,False,2024.5,2026.5
9633,1524,1902,s,178,196.0,False,2024.5,2029.0
9634,1580,1525,s,178,180.0,False,2024.5,2025.0
9635,1589,1335,s,178,182.0,False,2024.5,2025.5
9636,1650,1630,s,178,182.0,False,2024.5,2025.5
9637,1678,1201,s,178,178.0,False,2024.5,2024.5
9638,283,1335,s,178,182.0,False,2024.5,2025.5
9639,418,1346,s,178,183.0,False,2024.5,2025.75
9640,507,1282,s,178,179.0,False,2024.5,2024.75
9641,1087,409,s,178,180.0,False,2024.5,2025.0
9642,1329,1339,s,178,179.0,False,2024.5,2024.75
9643,1330,1526,s,178,183.0,False,2024.5,2025.75
9644,1359,1282,s,178,182.0,False,2024.5,2025.5
9645,1359,1388,s,178,189.0,False,2024.5,2027.25
9646,1401,1388,s,178,186.0,False,2024.5,2026.5
9647,1538,1902,s,178,183.0,False,2024.5,2025.75
9648,1585,1521,s,178,179.0,False,2024.5,2024.75
9649,1629,1487,s,178,187.0,False,2024.5,2026.75
9650,1641,1756,s,178,180.0,False,2024.5,2025.0
9651,1661,1669,s,178,179.0,False,2024.5,2024.75
9652,1684,1388,s,178,179.0,False,2024.5,2024.75
9653,1986,615,s,178,189.0,False,2024.5,2027.25
9654,913,1903,l,178,,True,2024.5,
9655,1343,929,l,178,182.0,True,2024.5,2025.5
9656,1656,1260,l,178,204.0,True,2024.5,2031.0
9657,630,1998,l,178,187.0,True,2024.5,2026.75
9658,815,1002,l,178,226.0,True,2024.5,2036.5
9659,991,1016,l,178,180.0,True,2024.5,2025.0
9660,1080,771,l,178,218.0,True,2024.5,2034.5
9661,1203,1513,l,178,185.0,True,2024.5,2026.25
9662,1678,1903,l,178,,True,2024.5,
9663,394,1188,s,179,180.0,False,2024.75,2025.0
9664,412,733,s,179,179.0,False,2024.75,2024.75
9665,788,324,s,179,186.0,False,2024.75,2026.5
9666,791,146,s,179,188.0,False,2024.75,2027.0
9667,1082,572,s,179,180.0,False,2024.75,2025.0
9668,1236,1307,s,179,183.0,False,2024.75,2025.75
9669,1343,280,s,179,179.0,False,2024.75,2024.75
9670,1466,170,s,179,183.0,False,2024.75,2025.75
9671,1589,1582,s,179,187.0,False,2024.75,2026.75
9672,1619,1998,s,179,183.0,False,2024.75,2025.75
9673,196,320,s,179,187.0,False,2024.75,2026.75
9674,230,159,s,179,192.0,False,2024.75,2028.0
9675,415,129,s,179,181.0,False,2024.75,2025.25
9676,418,453,s,179,181.0,False,2024.75,2025.25
9677,418,1353,s,179,187.0,False,2024.75,2026.75
9678,507,1149,s,179,188.0,False,2024.75,2027.0
9679,871,800,s,179,179.0,False,2024.75,2024.75
9680,885,146,s,179,186.0,False,2024.75,2026.5
9681,1382,1388,s,179,181.0,False,2024.75,2025.25
9682,1396,1299,s,179,182.0,False,2024.75,2025.5
9683,1412,1282,s,179,179.0,False,2024.75,2024.75
9684,1441,1201,s,179,182.0,False,2024.75,2025.5
9685,1527,1613,s,179,180.0,False,2024.75,2025.0
9686,1621,1513,s,179,185.0,False,2024.75,2026.25
9687,1655,1247,s,179,180.0,False,2024.75,2025.0
9688,1661,1821,s,179,179.0,False,2024.75,2024.75
9689,1678,1388,s,179,180.0,False,2024.75,2025.0
9690,1907,1367,s,179,185.0,False,2024.75,2026.25
9691,1946,1367,s,179,180.0,False,2024.75,2025.0
9692,303,1321,s,179,183.0,False,2024.75,2025.75
9693,791,293,s,179,186.0,False,2024.75,2026.5
9694,797,1922,s,179,183.0,False,2024.75,2025.75
9695,885,929,s,179,185.0,False,2024.75,2026.25
9696,1005,1316,s,179,187.0,False,2024.75,2026.75
9697,1082,97,s,179,186.0,False,2024.75,2026.5
9698,1200,1342,s,179,182.0,False,2024.75,2025.5
9699,1359,1201,s,179,182.0,False,2024.75,2025.5
9700,1401,1821,s,179,184.0,False,2024.75,2026.0
9701,1406,1339,s,179,187.0,False,2024.75,2026.75
9702,1452,1353,s,179,190.0,False,2024.75,2027.5
9703,1452,1546,s,179,183.0,False,2024.75,2025.75
9704,1454,1435,s,179,184.0,False,2024.75,2026.0
9705,1524,1525,s,179,187.0,False,2024.75,2026.75
9706,1527,1463,s,179,180.0,False,2024.75,2025.0
9707,1545,1318,s,179,187.0,False,2024.75,2026.75
9708,1589,1560,s,179,180.0,False,2024.75,2025.0
9709,1600,1756,s,179,180.0,False,2024.75,2025.0
9710,1610,1582,s,179,180.0,False,2024.75,2025.0
9711,1678,1998,s,179,185.0,False,2024.75,2026.25
9712,415,733,l,179,210.0,True,2024.75,2032.5
9713,516,159,l,179,,True,2024.75,
9714,1448,1403,l,179,203.0,True,2024.75,2030.75
9715,791,1205,l,179,,True,2024.75,
9716,1330,1002,l,179,,True,2024.75,
9717,1448,1375,l,179,187.0,True,2024.75,2026.75
9718,1078,1218,l,179,209.0,True,2024.75,2032.25
9719,87,1185,s,180,181.0,False,2025.0,2025.25
9720,204,1188,s,180,191.0,False,2025.0,2027.75
9721,204,1400,s,180,180.0,False,2025.0,2025.0
9722,230,457,s,180,182.0,False,2025.0,2025.5
9723,551,1367,s,180,182.0,False,2025.0,2025.5
9724,1183,1339,s,180,187.0,False,2025.0,2026.75
9725,1266,1204,s,180,182.0,False,2025.0,2025.5
9726,1619,1821,s,180,186.0,False,2025.0,2026.5
9727,1677,1247,s,180,183.0,False,2025.0,2025.75
9728,1986,628,s,180,183.0,False,2025.0,2025.75
9729,40,965,s,180,181.0,False,2025.0,2025.25
9730,204,1247,s,180,190.0,False,2025.0,2027.5
9731,262,1002,s,180,184.0,False,2025.0,2026.0
9732,482,1190,s,180,183.0,False,2025.0,2025.75
9733,791,653,s,180,181.0,False,2025.0,2025.25
9734,807,146,s,180,182.0,False,2025.0,2025.5
9735,1082,1616,s,180,190.0,False,2025.0,2027.5
9736,1290,1546,s,180,183.0,False,2025.0,2025.75
9737,1441,2019,s,180,194.0,False,2025.0,2028.5
9738,1543,1560,s,180,181.0,False,2025.0,2025.25
9739,1548,1400,s,180,187.0,False,2025.0,2026.75
9740,1678,1517,s,180,181.0,False,2025.0,2025.25
9741,1968,1435,s,180,182.0,False,2025.0,2025.5
9742,248,1615,s,180,185.0,False,2025.0,2026.25
9743,303,1400,s,180,181.0,False,2025.0,2025.25
9744,507,1374,s,180,187.0,False,2025.0,2026.75
9745,637,1381,s,180,181.0,False,2025.0,2025.25
9746,754,1150,s,180,182.0,False,2025.0,2025.5
9747,913,1615,s,180,183.0,False,2025.0,2025.75
9748,1079,1615,s,180,184.0,False,2025.0,2026.0
9749,1203,1463,s,180,182.0,False,2025.0,2025.5
9750,1239,1310,s,180,193.0,False,2025.0,2028.25
9751,1266,1413,s,180,189.0,False,2025.0,2027.25
9752,1306,1388,s,180,185.0,False,2025.0,2026.25
9753,1548,1902,s,180,181.0,False,2025.0,2025.25
9754,1595,1367,s,180,184.0,False,2025.0,2026.0
9755,1595,1388,s,180,181.0,False,2025.0,2025.25
9756,1595,1463,s,180,185.0,False,2025.0,2026.25
9757,1621,1475,s,180,191.0,False,2025.0,2027.75
9758,1684,1669,s,180,186.0,False,2025.0,2026.5
9759,1723,1321,s,180,181.0,False,2025.0,2025.25
9760,1968,146,s,180,181.0,False,2025.0,2025.25
9761,173,1615,l,180,224.0,True,2025.0,2036.0
9762,204,1615,l,180,195.0,True,2025.0,2028.75
9763,303,1282,l,180,189.0,True,2025.0,2027.25
9764,204,1335,l,180,,True,2025.0,
9765,1478,1404,l,180,195.0,True,2025.0,2028.75
9766,415,785,l,180,,True,2025.0,
9767,1589,1821,l,180,,True,2025.0,
9768,133,293,s,181,181.0,False,2025.25,2025.25
9769,133,1943,s,181,185.0,False,2025.25,2026.25
9770,247,800,s,181,182.0,False,2025.25,2025.5
9771,303,789,s,181,183.0,False,2025.25,2025.75
9772,303,1335,s,181,182.0,False,2025.25,2025.5
9773,507,1821,s,181,184.0,False,2025.25,2026.0
9774,655,1190,s,181,183.0,False,2025.25,2025.75
9775,743,409,s,181,186.0,False,2025.25,2026.5
9776,754,1696,s,181,182.0,False,2025.25,2025.5
9777,815,1204,s,181,181.0,False,2025.25,2025.25
9778,913,1416,s,181,183.0,False,2025.25,2025.75
9779,1235,933,s,181,186.0,False,2025.25,2026.5
9780,1412,1821,s,181,185.0,False,2025.25,2026.25
9781,1481,1367,s,181,186.0,False,2025.25,2026.5
9782,1527,1381,s,181,187.0,False,2025.25,2026.75
9783,1574,1388,s,181,196.0,False,2025.25,2029.0
9784,1678,1201,s,181,181.0,False,2025.25,2025.25
9785,173,146,s,181,186.0,False,2025.25,2026.5
9786,204,1339,s,181,191.0,False,2025.25,2027.75
9787,248,1011,s,181,184.0,False,2025.25,2026.0
9788,507,1315,s,181,182.0,False,2025.25,2025.5
9789,507,1428,s,181,182.0,False,2025.25,2025.5
9790,913,1315,s,181,190.0,False,2025.25,2027.5
9791,1079,1281,s,181,183.0,False,2025.25,2025.75
9792,1079,1613,s,181,184.0,False,2025.25,2026.0
9793,1187,1821,s,181,185.0,False,2025.25,2026.25
9794,1239,1339,s,181,182.0,False,2025.25,2025.5
9795,1306,1508,s,181,184.0,False,2025.25,2026.0
9796,1330,1560,s,181,183.0,False,2025.25,2025.75
9797,1412,1582,s,181,188.0,False,2025.25,2027.0
9798,1420,1388,s,181,192.0,False,2025.25,2028.0
9799,1595,1335,s,181,181.0,False,2025.25,2025.25
9800,1656,1158,s,181,182.0,False,2025.25,2025.5
9801,1668,1508,s,181,184.0,False,2025.25,2026.0
9802,1766,1680,s,181,183.0,False,2025.25,2025.75
9803,248,933,s,181,187.0,False,2025.25,2026.75
9804,262,1255,s,181,183.0,False,2025.25,2025.75
9805,262,1367,s,181,186.0,False,2025.25,2026.5
9806,791,1615,s,181,185.0,False,2025.25,2026.25
9807,807,320,s,181,185.0,False,2025.25,2026.25
9808,837,1205,s,181,182.0,False,2025.25,2025.5
9809,1005,800,s,181,200.0,False,2025.25,2030.0
9810,1242,1821,s,181,186.0,False,2025.25,2026.5
9811,1290,1582,s,181,182.0,False,2025.25,2025.5
9812,1296,1880,s,181,182.0,False,2025.25,2025.5
9813,1465,108,s,181,186.0,False,2025.25,2026.5
9814,1535,1615,s,181,188.0,False,2025.25,2027.0
9815,1564,1581,s,181,184.0,False,2025.25,2026.0
9816,1589,1601,s,181,183.0,False,2025.25,2025.75
9817,1625,1388,s,181,188.0,False,2025.25,2027.0
9818,1655,1315,s,181,184.0,False,2025.25,2026.0
9819,1661,1582,s,181,185.0,False,2025.25,2026.25
9820,1711,1318,s,181,190.0,False,2025.25,2027.5
9821,1907,1436,s,181,186.0,False,2025.25,2026.5
9822,937,684,l,181,,True,2025.25,
9823,630,1615,l,181,,True,2025.25,
9824,303,571,s,182,182.0,False,2025.5,2025.5
9825,342,1999,s,182,182.0,False,2025.5,2025.5
9826,507,1247,s,182,183.0,False,2025.5,2025.75
9827,681,108,s,182,183.0,False,2025.5,2025.75
9828,913,1274,s,182,193.0,False,2025.5,2028.25
9829,917,336,s,182,184.0,False,2025.5,2026.0
9830,1074,1281,s,182,192.0,False,2025.5,2028.0
9831,1239,1188,s,182,183.0,False,2025.5,2025.75
9832,1242,409,s,182,184.0,False,2025.5,2026.0
9833,1242,2021,s,182,188.0,False,2025.5,2027.0
9834,1314,1521,s,182,184.0,False,2025.5,2026.0
9835,1328,1460,s,182,191.0,False,2025.5,2027.75
9836,1329,1613,s,182,196.0,False,2025.5,2029.0
9837,1343,416,s,182,182.0,False,2025.5,2025.5
9838,1396,1281,s,182,189.0,False,2025.5,2027.25
9839,1401,1367,s,182,185.0,False,2025.5,2026.25
9840,1412,1282,s,182,188.0,False,2025.5,2027.0
9841,1481,1335,s,182,193.0,False,2025.5,2028.25
9842,1538,1680,s,182,194.0,False,2025.5,2028.5
9843,1609,1599,s,182,187.0,False,2025.5,2026.75
9844,1629,1902,s,182,191.0,False,2025.5,2027.75
9845,1655,1581,s,182,182.0,False,2025.5,2025.5
9846,1847,1436,s,182,190.0,False,2025.5,2027.5
9847,248,1222,s,182,183.0,False,2025.5,2025.75
9848,262,1346,s,182,190.0,False,2025.5,2027.5
9849,262,1463,s,182,182.0,False,2025.5,2025.5
9850,507,146,s,182,184.0,False,2025.5,2026.0
9851,681,701,s,182,184.0,False,2025.5,2026.0
9852,716,78,s,182,183.0,False,2025.5,2025.75
9853,815,733,s,182,197.0,False,2025.5,2029.25
9854,1343,653,s,182,182.0,False,2025.5,2025.5
9855,1382,1428,s,182,186.0,False,2025.5,2026.5
9856,1575,1764,s,182,187.0,False,2025.5,2026.75
9857,1589,1903,s,182,183.0,False,2025.5,2025.75
9858,1677,1291,s,182,183.0,False,2025.5,2025.75
9859,1723,1582,s,182,193.0,False,2025.5,2028.25
9860,1907,1299,s,182,184.0,False,2025.5,2026.0
9861,87,320,s,182,186.0,False,2025.5,2026.5
9862,248,320,s,182,185.0,False,2025.5,2026.25
9863,262,1281,s,182,187.0,False,2025.5,2026.75
9864,415,324,s,182,183.0,False,2025.5,2025.75
9865,630,1318,s,182,195.0,False,2025.5,2028.75
9866,791,85,s,182,190.0,False,2025.5,2027.5
9867,791,933,s,182,185.0,False,2025.5,2026.25
9868,796,440,s,182,183.0,False,2025.5,2025.75
9869,797,929,s,182,189.0,False,2025.5,2027.25
9870,815,1615,s,182,187.0,False,2025.5,2026.75
9871,931,97,s,182,186.0,False,2025.5,2026.5
9872,1003,1299,s,182,184.0,False,2025.5,2026.0
9873,1239,1204,s,182,187.0,False,2025.5,2026.75
9874,1239,1335,s,182,185.0,False,2025.5,2026.25
9875,1306,1582,s,182,183.0,False,2025.5,2025.75
9876,1328,1274,s,182,185.0,False,2025.5,2026.25
9877,1445,1403,s,182,185.0,False,2025.5,2026.25
9878,1452,1513,s,182,185.0,False,2025.5,2026.25
9879,1527,1388,s,182,184.0,False,2025.5,2026.0
9880,1637,1741,s,182,186.0,False,2025.5,2026.5
9881,1668,1821,s,182,189.0,False,2025.5,2027.25
9882,1678,1204,s,182,184.0,False,2025.5,2026.0
9883,1678,1335,s,182,183.0,False,2025.5,2025.75
9884,1968,1400,s,182,183.0,False,2025.5,2025.75
9885,913,684,l,182,200.0,True,2025.5,2030.0
9886,1079,1367,l,182,189.0,True,2025.5,2027.25
9887,1574,1201,l,182,240.0,True,2025.5,2040.0
9888,1888,108,l,182,188.0,True,2025.5,2027.0
9889,1946,1201,l,182,231.0,True,2025.5,2037.75
9890,1079,800,l,182,184.0,True,2025.5,2026.0
9891,1087,315,l,182,191.0,True,2025.5,2027.75
9892,1538,1630,l,182,211.0,True,2025.5,2032.75
9893,1595,1428,l,182,196.0,True,2025.5,2029.0
9894,507,1282,l,182,217.0,True,2025.5,2034.25
9895,1159,1413,l,182,199.0,True,2025.5,2029.75
9896,1396,1428,l,182,237.0,True,2025.5,2039.25
9897,57,1204,s,183,188.0,False,2025.75,2027.0
9898,57,1699,s,183,193.0,False,2025.75,2028.25
9899,204,1205,s,183,188.0,False,2025.75,2027.0
9900,262,1318,s,183,184.0,False,2025.75,2026.0
9901,262,1321,s,183,187.0,False,2025.75,2026.75
9902,262,1517,s,183,184.0,False,2025.75,2026.0
9903,466,835,s,183,188.0,False,2025.75,2027.0
9904,743,1201,s,183,191.0,False,2025.75,2027.75
9905,791,583,s,183,184.0,False,2025.75,2026.0
9906,807,280,s,183,183.0,False,2025.75,2025.75
9907,916,280,s,183,195.0,False,2025.75,2028.75
9908,917,97,s,183,189.0,False,2025.75,2027.25
9909,937,1339,s,183,183.0,False,2025.75,2025.75
9910,953,572,s,183,184.0,False,2025.75,2026.0
9911,1082,416,s,183,193.0,False,2025.75,2028.25
9912,1266,1335,s,183,184.0,False,2025.75,2026.0
9913,1329,1282,s,183,184.0,False,2025.75,2026.0
9914,1343,1026,s,183,183.0,False,2025.75,2025.75
9915,1406,1282,s,183,184.0,False,2025.75,2026.0
9916,1441,1511,s,183,183.0,False,2025.75,2025.75
9917,1454,1204,s,183,185.0,False,2025.75,2026.25
9918,1481,1821,s,183,188.0,False,2025.75,2027.0
9919,1505,1339,s,183,191.0,False,2025.75,2027.75
9920,1524,1346,s,183,188.0,False,2025.75,2027.0
9921,1571,1604,s,183,189.0,False,2025.75,2027.25
9922,1621,1630,s,183,194.0,False,2025.75,2028.5
9923,1629,1513,s,183,187.0,False,2025.75,2026.75
9924,1668,1669,s,183,187.0,False,2025.75,2026.75
9925,1678,1388,s,183,183.0,False,2025.75,2025.75
9926,1702,1388,s,183,189.0,False,2025.75,2027.25
9927,1847,1188,s,183,184.0,False,2025.75,2026.0
9928,1909,1675,s,183,188.0,False,2025.75,2027.0
9929,1986,835,s,183,189.0,False,2025.75,2027.25
9930,133,416,s,183,188.0,False,2025.75,2027.0
9931,214,1316,s,183,183.0,False,2025.75,2025.75
9932,482,97,s,183,187.0,False,2025.75,2026.75
9933,507,1299,s,183,184.0,False,2025.75,2026.0
9934,1006,1339,s,183,187.0,False,2025.75,2026.75
9935,1079,649,s,183,184.0,False,2025.75,2026.0
9936,1079,816,s,183,185.0,False,2025.75,2026.25
9937,1082,324,s,183,186.0,False,2025.75,2026.5
9938,1319,1560,s,183,187.0,False,2025.75,2026.75
9939,1396,1205,s,183,186.0,False,2025.75,2026.5
9940,1544,1902,s,183,188.0,False,2025.75,2027.0
9941,1595,1342,s,183,184.0,False,2025.75,2026.0
9942,1595,1381,s,183,186.0,False,2025.75,2026.5
9943,1619,1335,s,183,184.0,False,2025.75,2026.0
9944,1621,1560,s,183,184.0,False,2025.75,2026.0
9945,1668,1282,s,183,204.0,False,2025.75,2031.0
9946,1668,2019,s,183,189.0,False,2025.75,2027.25
9947,1678,1353,s,183,189.0,False,2025.75,2027.25
9948,1946,1613,s,183,192.0,False,2025.75,2028.0
9949,204,1282,s,183,193.0,False,2025.75,2028.25
9950,587,1615,s,183,193.0,False,2025.75,2028.25
9951,791,1616,s,183,185.0,False,2025.75,2026.25
9952,796,578,s,183,186.0,False,2025.75,2026.5
9953,796,1785,s,183,184.0,False,2025.75,2026.0
9954,936,324,s,183,190.0,False,2025.75,2027.5
9955,1079,1205,s,183,184.0,False,2025.75,2026.0
9956,1079,2021,s,183,188.0,False,2025.75,2027.0
9957,1242,1252,s,183,186.0,False,2025.75,2026.5
9958,1294,1292,s,183,186.0,False,2025.75,2026.5
9959,1371,1255,s,183,184.0,False,2025.75,2026.0
9960,1412,1388,s,183,186.0,False,2025.75,2026.5
9961,1621,1582,s,183,204.0,False,2025.75,2031.0
9962,54,1321,l,183,196.0,True,2025.75,2029.0
9963,465,1282,l,183,,True,2025.75,
9964,343,1224,l,183,232.0,True,2025.75,2038.0
9965,1306,1252,l,183,223.0,True,2025.75,2035.75
9966,1359,684,l,183,,True,2025.75,
9967,1678,1821,l,183,223.0,True,2025.75,2035.75
9968,1908,1299,l,183,187.0,True,2025.75,2026.75
9969,1683,1521,l,183,,True,2025.75,
9970,303,1201,s,184,195.0,False,2026.0,2028.75
9971,507,1150,s,184,187.0,False,2026.0,2026.75
9972,637,97,s,184,194.0,False,2026.0,2028.5
9973,705,1403,s,184,187.0,False,2026.0,2026.75
9974,807,1785,s,184,184.0,False,2026.0,2026.0
9975,913,159,s,184,187.0,False,2026.0,2026.75
9976,917,952,s,184,184.0,False,2026.0,2026.0
9977,927,1300,s,184,185.0,False,2026.0,2026.25
9978,988,1321,s,184,191.0,False,2026.0,2027.75
9979,1329,1339,s,184,185.0,False,2026.0,2026.25
9980,1412,1568,s,184,189.0,False,2026.0,2027.25
9981,1527,1409,s,184,184.0,False,2026.0,2026.0
9982,1527,2021,s,184,189.0,False,2026.0,2027.25
9983,1538,1582,s,184,185.0,False,2026.0,2026.25
9984,1596,409,s,184,186.0,False,2026.0,2026.5
9985,1619,146,s,184,188.0,False,2026.0,2027.0
9986,1621,1365,s,184,184.0,False,2026.0,2026.0
9987,1683,1463,s,184,191.0,False,2026.0,2027.75
9988,1766,1463,s,184,186.0,False,2026.0,2026.5
9989,1968,1403,s,184,188.0,False,2026.0,2027.0
9990,87,1201,s,184,185.0,False,2026.0,2026.25
9991,230,1615,s,184,189.0,False,2026.0,2027.25
9992,248,108,s,184,184.0,False,2026.0,2026.0
9993,260,85,s,184,190.0,False,2026.0,2027.5
9994,283,1257,s,184,189.0,False,2026.0,2027.25
9995,303,159,s,184,187.0,False,2026.0,2026.75
9996,465,146,s,184,185.0,False,2026.0,2026.25
9997,743,682,s,184,185.0,False,2026.0,2026.25
9998,754,1026,s,184,185.0,False,2026.0,2026.25
9999,796,462,s,184,191.0,False,2026.0,2027.75
10000,807,835,s,184,185.0,False,2026.0,2026.25
10001,837,336,s,184,191.0,False,2026.0,2027.75
10002,927,1615,s,184,194.0,False,2026.0,2028.5
10003,937,1026,s,184,189.0,False,2026.0,2027.25
10004,1074,1339,s,184,186.0,False,2026.0,2026.5
10005,1186,1188,s,184,189.0,False,2026.0,2027.25
10006,1343,2038,s,184,189.0,False,2026.0,2027.25
10007,1382,1821,s,184,185.0,False,2026.0,2026.25
10008,1545,1400,s,184,187.0,False,2026.0,2026.75
10009,1548,1281,s,184,186.0,False,2026.0,2026.5
10010,1580,1400,s,184,188.0,False,2026.0,2027.0
10011,1589,1513,s,184,186.0,False,2026.0,2026.5
10012,1596,571,s,184,184.0,False,2026.0,2026.0
10013,1621,1367,s,184,185.0,False,2026.0,2026.25
10014,1655,1388,s,184,189.0,False,2026.0,2027.25
10015,1666,1734,s,184,185.0,False,2026.0,2026.25
10016,1946,1282,s,184,185.0,False,2026.0,2026.25
10017,1986,772,s,184,184.0,False,2026.0,2026.0
10018,248,1190,s,184,185.0,False,2026.0,2026.25
10019,303,1388,s,184,186.0,False,2026.0,2026.5
10020,418,1190,s,184,187.0,False,2026.0,2026.75
10021,516,108,s,184,188.0,False,2026.0,2027.0
10022,796,320,s,184,187.0,False,2026.0,2026.75
10023,837,453,s,184,188.0,False,2026.0,2027.0
10024,937,1615,s,184,192.0,False,2026.0,2028.0
10025,978,572,s,184,187.0,False,2026.0,2026.75
10026,1005,1282,s,184,195.0,False,2026.0,2028.75
10027,1082,453,s,184,187.0,False,2026.0,2026.75
10028,1330,1613,s,184,188.0,False,2026.0,2027.0
10029,1401,1526,s,184,189.0,False,2026.0,2027.25
10030,1417,1404,s,184,187.0,False,2026.0,2026.75
10031,1452,1821,s,184,187.0,False,2026.0,2026.75
10032,1619,1903,s,184,186.0,False,2026.0,2026.5
10033,1656,1388,s,184,186.0,False,2026.0,2026.5
10034,1668,1734,s,184,188.0,False,2026.0,2027.0
10035,1678,1513,s,184,188.0,False,2026.0,2027.0
10036,1804,1506,s,184,187.0,False,2026.0,2026.75
10037,2041,1339,s,184,201.0,False,2026.0,2030.25
10038,1220,1400,l,184,184.0,True,2026.0,2026.0
10039,1589,1367,l,184,227.0,True,2026.0,2036.75
10040,637,1404,l,184,201.0,True,2026.0,2030.25
10041,797,965,l,184,216.0,True,2026.0,2034.0
10042,1946,1463,l,184,202.0,True,2026.0,2030.5
10043,133,129,s,185,186.0,False,2026.25,2026.5
10044,815,108,s,185,190.0,False,2026.25,2027.5
10045,917,336,s,185,186.0,False,2026.25,2026.5
10046,995,1517,s,185,186.0,False,2026.25,2026.5
10047,1082,1335,s,185,185.0,False,2026.25,2026.25
10048,1237,1345,s,185,186.0,False,2026.25,2026.5
10049,1290,1416,s,185,189.0,False,2026.25,2027.25
10050,1371,1903,s,185,185.0,False,2026.25,2026.25
10051,1481,1428,s,185,186.0,False,2026.25,2026.5
10052,1527,1335,s,185,185.0,False,2026.25,2026.25
10053,1589,1669,s,185,187.0,False,2026.25,2026.75
10054,1619,1281,s,185,186.0,False,2026.25,2026.5
10055,1661,1428,s,185,187.0,False,2026.25,2026.75
10056,1946,1903,s,185,191.0,False,2026.25,2027.75
10057,1986,694,s,185,194.0,False,2026.25,2028.5
10058,283,1615,s,185,185.0,False,2026.25,2026.25
10059,304,1763,s,185,187.0,False,2026.25,2026.75
10060,507,1222,s,185,185.0,False,2026.25,2026.25
10061,507,1255,s,185,189.0,False,2026.25,2027.25
10062,637,409,s,185,186.0,False,2026.25,2026.5
10063,743,933,s,185,188.0,False,2026.25,2027.0
10064,815,2021,s,185,195.0,False,2026.25,2028.75
10065,902,159,s,185,186.0,False,2026.25,2026.5
10066,917,975,s,185,189.0,False,2026.25,2027.25
10067,937,653,s,185,186.0,False,2026.25,2026.5
10068,1082,1675,s,185,190.0,False,2026.25,2027.5
10069,1235,1409,s,185,194.0,False,2026.25,2028.5
10070,1239,1218,s,185,199.0,False,2026.25,2029.75
10071,1266,1880,s,185,187.0,False,2026.25,2026.75
10072,1359,315,s,185,186.0,False,2026.25,2026.5
10073,1412,1299,s,185,188.0,False,2026.25,2027.0
10074,1412,1381,s,185,194.0,False,2026.25,2028.5
10075,1575,1925,s,185,188.0,False,2026.25,2027.0
10076,1595,1346,s,185,186.0,False,2026.25,2026.5
10077,1678,1281,s,185,186.0,False,2026.25,2026.5
10078,1968,1568,s,185,186.0,False,2026.25,2026.5
10079,230,733,s,185,187.0,False,2026.25,2026.75
10080,303,583,s,185,187.0,False,2026.25,2026.75
10081,792,1035,s,185,188.0,False,2026.25,2027.0
10082,815,416,s,185,187.0,False,2026.25,2026.75
10083,913,789,s,185,186.0,False,2026.25,2026.5
10084,1186,1222,s,185,191.0,False,2026.25,2027.75
10085,1187,1409,s,185,187.0,False,2026.25,2026.75
10086,1239,1821,s,185,191.0,False,2026.25,2027.75
10087,1393,1416,s,185,188.0,False,2026.25,2027.0
10088,1412,1436,s,185,188.0,False,2026.25,2027.0
10089,1412,1613,s,185,193.0,False,2026.25,2028.25
10090,1452,1582,s,185,186.0,False,2026.25,2026.5
10091,1545,1560,s,185,188.0,False,2026.25,2027.0
10092,1548,1669,s,185,190.0,False,2026.25,2027.5
10093,1585,1388,s,185,186.0,False,2026.25,2026.5
10094,1642,1550,s,185,186.0,False,2026.25,2026.5
10095,1661,1513,s,185,186.0,False,2026.25,2026.5
10096,1677,1201,s,185,186.0,False,2026.25,2026.5
10097,1678,1463,s,185,189.0,False,2026.25,2027.25
10098,1968,571,s,185,190.0,False,2026.25,2027.5
10099,995,1339,l,185,216.0,True,2026.25,2034.0
10100,1621,1436,l,185,198.0,True,2026.25,2029.5
10101,262,1149,l,185,214.0,True,2026.25,2033.5
10102,1079,1315,l,185,,True,2026.25,
10103,1527,1257,l,185,200.0,True,2026.25,2030.0
10104,937,1616,l,185,,True,2026.25,
10105,1412,1463,l,185,231.0,True,2026.25,2037.75
10106,1514,1201,l,185,207.0,True,2026.25,2031.75
10107,262,952,s,186,193.0,False,2026.5,2028.25
10108,507,146,s,186,198.0,False,2026.5,2029.5
10109,507,571,s,186,187.0,False,2026.5,2026.75
10110,516,1321,s,186,196.0,False,2026.5,2029.0
10111,791,1615,s,186,187.0,False,2026.5,2026.75
10112,908,593,s,186,195.0,False,2026.5,2028.75
10113,917,1517,s,186,187.0,False,2026.5,2026.75
10114,1005,1613,s,186,186.0,False,2026.5,2026.5
10115,1079,1388,s,186,198.0,False,2026.5,2029.5
10116,1082,1321,s,186,188.0,False,2026.5,2027.0
10117,1239,1201,s,186,195.0,False,2026.5,2028.75
10118,1242,1475,s,186,199.0,False,2026.5,2029.75
10119,1319,1821,s,186,188.0,False,2026.5,2027.0
10120,1412,1428,s,186,189.0,False,2026.5,2027.25
10121,1412,1821,s,186,189.0,False,2026.5,2027.25
10122,1417,1532,s,186,186.0,False,2026.5,2026.5
10123,1524,1367,s,186,186.0,False,2026.5,2026.5
10124,1564,1463,s,186,186.0,False,2026.5,2026.5
10125,1589,1282,s,186,190.0,False,2026.5,2027.5
10126,1595,1471,s,186,193.0,False,2026.5,2028.25
10127,1629,1560,s,186,189.0,False,2026.5,2027.25
10128,1655,1821,s,186,187.0,False,2026.5,2026.75
10129,113,336,s,186,188.0,False,2026.5,2027.0
10130,113,689,s,186,190.0,False,2026.5,2027.5
10131,133,108,s,186,188.0,False,2026.5,2027.0
10132,169,1615,s,186,189.0,False,2026.5,2027.25
10133,196,572,s,186,188.0,False,2026.5,2027.0
10134,204,1463,s,186,188.0,False,2026.5,2027.0
10135,230,146,s,186,187.0,False,2026.5,2026.75
10136,791,416,s,186,192.0,False,2026.5,2028.0
10137,978,929,s,186,199.0,False,2026.5,2029.75
10138,1074,146,s,186,187.0,False,2026.5,2026.75
10139,1079,1247,s,186,191.0,False,2026.5,2027.75
10140,1187,1463,s,186,188.0,False,2026.5,2027.0
10141,1239,1274,s,186,187.0,False,2026.5,2026.75
10142,1323,1353,s,186,187.0,False,2026.5,2026.75
10143,1359,1299,s,186,186.0,False,2026.5,2026.5
10144,1390,1582,s,186,191.0,False,2026.5,2027.75
10145,1424,1381,s,186,189.0,False,2026.5,2027.25
10146,1524,1475,s,186,192.0,False,2026.5,2028.0
10147,1538,1604,s,186,190.0,False,2026.5,2027.5
10148,1545,1590,s,186,192.0,False,2026.5,2028.0
10149,1580,1669,s,186,189.0,False,2026.5,2027.25
10150,1585,1582,s,186,190.0,False,2026.5,2027.5
10151,1609,1403,s,186,188.0,False,2026.5,2027.0
10152,1909,1205,s,186,195.0,False,2026.5,2028.75
10153,230,444,s,186,189.0,False,2026.5,2027.25
10154,230,1008,s,186,195.0,False,2026.5,2028.75
10155,248,1026,s,186,187.0,False,2026.5,2026.75
10156,248,1342,s,186,192.0,False,2026.5,2028.0
10157,248,1435,s,186,191.0,False,2026.5,2027.75
10158,551,1388,s,186,192.0,False,2026.5,2028.0
10159,796,49,s,186,201.0,False,2026.5,2030.25
10160,807,129,s,186,190.0,False,2026.5,2027.5
10161,937,1190,s,186,189.0,False,2026.5,2027.25
10162,937,1339,s,186,189.0,False,2026.5,2027.25
10163,1005,1604,s,186,189.0,False,2026.5,2027.25
10164,1319,1582,s,186,187.0,False,2026.5,2026.75
10165,1325,684,s,186,189.0,False,2026.5,2027.25
10166,1330,1190,s,186,188.0,False,2026.5,2027.0
10167,1330,1201,s,186,191.0,False,2026.5,2027.75
10168,1406,1489,s,186,192.0,False,2026.5,2028.0
10169,1445,1367,s,186,189.0,False,2026.5,2027.25
10170,1496,1613,s,186,195.0,False,2026.5,2028.75
10171,1527,1388,s,186,188.0,False,2026.5,2027.0
10172,1589,1375,s,186,189.0,False,2026.5,2027.25
10173,1619,653,s,186,189.0,False,2026.5,2027.25
10174,1629,1297,s,186,191.0,False,2026.5,2027.75
10175,1629,1388,s,186,189.0,False,2026.5,2027.25
10176,1629,1568,s,186,188.0,False,2026.5,2027.0
10177,1642,1560,s,186,192.0,False,2026.5,2028.0
10178,2041,1568,s,186,188.0,False,2026.5,2027.0
10179,1082,1339,l,186,,True,2026.5,
10180,1239,1560,l,186,,True,2026.5,
10181,248,416,l,186,,True,2026.5,
10182,1445,1388,l,186,193.0,True,2026.5,2028.25
10183,908,1222,l,186,198.0,True,2026.5,2029.5
10184,87,1204,s,187,195.0,False,2026.75,2028.75
10185,87,1339,s,187,190.0,False,2026.75,2027.5
10186,113,315,s,187,190.0,False,2026.75,2027.5
10187,204,1435,s,187,196.0,False,2026.75,2029.0
10188,262,1190,s,187,189.0,False,2026.75,2027.25
10189,415,1026,s,187,196.0,False,2026.75,2029.0
10190,754,205,s,187,187.0,False,2026.75,2026.75
10191,791,952,s,187,188.0,False,2026.75,2027.0
10192,917,9,s,187,188.0,False,2026.75,2027.0
10193,1079,1298,s,187,200.0,False,2026.75,2030.0
10194,1200,1342,s,187,188.0,False,2026.75,2027.0
10195,1239,1388,s,187,188.0,False,2026.75,2027.0
10196,1242,2019,s,187,187.0,False,2026.75,2026.75
10197,1396,1282,s,187,199.0,False,2026.75,2029.75
10198,1401,1404,s,187,190.0,False,2026.75,2027.5
10199,1406,1400,s,187,188.0,False,2026.75,2027.0
10200,1417,1381,s,187,218.0,False,2026.75,2034.5
10201,1545,1388,s,187,188.0,False,2026.75,2027.0
10202,1572,1435,s,187,190.0,False,2026.75,2027.5
10203,1618,1604,s,187,188.0,False,2026.75,2027.0
10204,1661,1508,s,187,188.0,False,2026.75,2027.0
10205,1678,1416,s,187,188.0,False,2026.75,2027.0
10206,507,1613,s,187,190.0,False,2026.75,2027.5
10207,743,1615,s,187,187.0,False,2026.75,2026.75
10208,837,1403,s,187,191.0,False,2026.75,2027.75
10209,913,1001,s,187,192.0,False,2026.75,2028.0
10210,1082,146,s,187,204.0,False,2026.75,2031.0
10211,1187,1508,s,187,189.0,False,2026.75,2027.25
10212,1236,571,s,187,203.0,False,2026.75,2030.75
10213,1242,1568,s,187,190.0,False,2026.75,2027.5
10214,1319,1315,s,187,188.0,False,2026.75,2027.0
10215,1405,1903,s,187,193.0,False,2026.75,2028.25
10216,1437,1342,s,187,191.0,False,2026.75,2027.75
10217,1441,1821,s,187,190.0,False,2026.75,2027.5
10218,1496,1404,s,187,190.0,False,2026.75,2027.5
10219,1575,78,s,187,191.0,False,2026.75,2027.75
10220,1619,1463,s,187,190.0,False,2026.75,2027.5
10221,1649,1381,s,187,200.0,False,2026.75,2030.0
10222,1655,1281,s,187,189.0,False,2026.75,2027.25
10223,1677,1550,s,187,191.0,False,2026.75,2027.75
10224,1678,1281,s,187,188.0,False,2026.75,2027.0
10225,1723,1902,s,187,189.0,False,2026.75,2027.25
10226,2041,2021,s,187,189.0,False,2026.75,2027.25
10227,2043,1367,s,187,188.0,False,2026.75,2027.0
10228,169,583,s,187,188.0,False,2026.75,2027.0
10229,204,1413,s,187,189.0,False,2026.75,2027.25
10230,303,1150,s,187,196.0,False,2026.75,2029.0
10231,303,1903,s,187,188.0,False,2026.75,2027.0
10232,837,1615,s,187,188.0,False,2026.75,2027.0
10233,1079,662,s,187,190.0,False,2026.75,2027.5
10234,1079,1282,s,187,194.0,False,2026.75,2028.5
10235,1266,1508,s,187,188.0,False,2026.75,2027.0
10236,1328,1560,s,187,188.0,False,2026.75,2027.0
10237,1330,1339,s,187,188.0,False,2026.75,2027.0
10238,1359,1615,s,187,188.0,False,2026.75,2027.0
10239,1417,1463,s,187,190.0,False,2026.75,2027.5
10240,1571,1416,s,187,188.0,False,2026.75,2027.0
10241,1629,1463,s,187,194.0,False,2026.75,2028.5
10242,1677,1299,s,187,188.0,False,2026.75,2027.0
10243,1927,1590,s,187,189.0,False,2026.75,2027.25
10244,1946,1409,s,187,188.0,False,2026.75,2027.0
10245,1968,583,s,187,188.0,False,2026.75,2027.0
10246,1968,1316,s,187,188.0,False,2026.75,2027.0
10247,283,1460,l,187,222.0,True,2026.75,2035.5
10248,415,146,l,187,240.0,True,2026.75,2040.0
10249,791,572,l,187,242.0,True,2026.75,2040.5
10250,791,1190,l,187,,True,2026.75,
10251,1452,1471,l,187,194.0,True,2026.75,2028.5
10252,1293,1508,l,187,,True,2026.75,
10253,1406,1272,l,187,200.0,True,2026.75,2030.0
10254,1437,1435,l,187,229.0,True,2026.75,2037.25
10255,1452,1463,l,187,,True,2026.75,
10256,1159,1903,l,187,199.0,True,2026.75,2029.75
10257,1625,1435,l,187,205.0,True,2026.75,2031.25
10258,262,1367,s,188,192.0,False,2027.0,2028.0
10259,507,1204,s,188,189.0,False,2027.0,2027.25
10260,507,1416,s,188,189.0,False,2027.0,2027.25
10261,630,2021,s,188,189.0,False,2027.0,2027.25
10262,791,108,s,188,190.0,False,2027.0,2027.5
10263,791,1247,s,188,197.0,False,2027.0,2029.25
10264,791,1697,s,188,197.0,False,2027.0,2029.25
10265,913,1002,s,188,193.0,False,2027.0,2028.25
10266,937,572,s,188,195.0,False,2027.0,2028.75
10267,1079,1335,s,188,193.0,False,2027.0,2028.25
10268,1079,1983,s,188,188.0,False,2027.0,2027.0
10269,1220,1282,s,188,194.0,False,2027.0,2028.5
10270,1266,1613,s,188,188.0,False,2027.0,2027.0
10271,1412,1374,s,188,194.0,False,2027.0,2028.5
10272,1545,1513,s,188,190.0,False,2027.0,2027.5
10273,1595,1582,s,188,195.0,False,2027.0,2028.75
10274,1609,1599,s,188,195.0,False,2027.0,2028.75
10275,1625,1669,s,188,190.0,False,2027.0,2027.5
10276,1678,1282,s,188,188.0,False,2027.0,2027.0
10277,214,1475,s,188,189.0,False,2027.0,2027.25
10278,913,416,s,188,189.0,False,2027.0,2027.25
10279,936,1764,s,188,189.0,False,2027.0,2027.25
10280,937,159,s,188,192.0,False,2027.0,2028.0
10281,937,1696,s,188,195.0,False,2027.0,2028.75
10282,1079,789,s,188,189.0,False,2027.0,2027.25
10283,1082,733,s,188,191.0,False,2027.0,2027.75
10284,1157,1353,s,188,192.0,False,2027.0,2028.0
10285,1242,1367,s,188,190.0,False,2027.0,2027.5
10286,1405,1463,s,188,195.0,False,2027.0,2028.75
10287,1406,1821,s,188,203.0,False,2027.0,2030.75
10288,1452,1310,s,188,190.0,False,2027.0,2027.5
10289,1452,1508,s,188,192.0,False,2027.0,2028.0
10290,1481,1339,s,188,188.0,False,2027.0,2027.0
10291,1481,1388,s,188,190.0,False,2027.0,2027.5
10292,1509,1388,s,188,199.0,False,2027.0,2029.75
10293,1580,1298,s,188,195.0,False,2027.0,2028.75
10294,1595,1601,s,188,189.0,False,2027.0,2027.25
10295,1621,1550,s,188,189.0,False,2027.0,2027.25
10296,1656,2057,s,188,189.0,False,2027.0,2027.25
10297,1661,1680,s,188,198.0,False,2027.0,2029.5
10298,1723,1568,s,188,190.0,False,2027.0,2027.5
10299,1804,1463,s,188,192.0,False,2027.0,2028.0
10300,40,49,s,188,189.0,False,2027.0,2027.25
10301,731,694,s,188,195.0,False,2027.0,2028.75
10302,1186,1388,s,188,190.0,False,2027.0,2027.5
10303,1237,2021,s,188,193.0,False,2027.0,2028.25
10304,1242,1310,s,188,189.0,False,2027.0,2027.25
10305,1359,785,s,188,189.0,False,2027.0,2027.25
10306,1390,1613,s,188,190.0,False,2027.0,2027.5
10307,1401,1367,s,188,189.0,False,2027.0,2027.25
10308,1621,1903,s,188,196.0,False,2027.0,2029.0
10309,1629,1525,s,188,190.0,False,2027.0,2027.5
10310,1668,1582,s,188,190.0,False,2027.0,2027.5
10311,1678,952,s,188,191.0,False,2027.0,2027.75
10312,1751,1680,s,188,192.0,False,2027.0,2028.0
10313,1909,1615,s,188,190.0,False,2027.0,2027.5
10314,1968,1282,s,188,190.0,False,2027.0,2027.5
10315,173,1201,l,188,229.0,True,2027.0,2037.25
10316,204,1346,l,188,,True,2027.0,
10317,303,1903,l,188,,True,2027.0,
10318,837,1222,l,188,229.0,True,2027.0,2037.25
10319,1359,1150,l,188,208.0,True,2027.0,2032.0
10320,255,1400,l,188,193.0,True,2027.0,2028.25
10321,1668,1734,l,188,198.0,True,2027.0,2029.5
10322,204,1428,s,189,195.0,False,2027.25,2028.75
10323,216,733,s,189,189.0,False,2027.25,2027.25
10324,230,146,s,189,205.0,False,2027.25,2031.25
10325,260,1615,s,189,190.0,False,2027.25,2027.5
10326,262,1436,s,189,194.0,False,2027.25,2028.5
10327,303,1232,s,189,194.0,False,2027.25,2028.5
10328,507,97,s,189,194.0,False,2027.25,2028.5
10329,743,159,s,189,190.0,False,2027.25,2027.5
10330,807,85,s,189,192.0,False,2027.25,2028.0
10331,978,129,s,189,189.0,False,2027.25,2027.25
10332,1005,1721,s,189,189.0,False,2027.25,2027.25
10333,1079,1463,s,189,189.0,False,2027.25,2027.25
10334,1239,1339,s,189,190.0,False,2027.25,2027.5
10335,1330,2021,s,189,196.0,False,2027.25,2029.0
10336,1393,1255,s,189,191.0,False,2027.25,2027.75
10337,1393,1388,s,189,192.0,False,2027.25,2028.0
10338,1445,1381,s,189,197.0,False,2027.25,2029.25
10339,1621,1532,s,189,193.0,False,2027.25,2028.25
10340,1649,1903,s,189,189.0,False,2027.25,2027.25
10341,1668,1568,s,189,195.0,False,2027.25,2028.75
10342,1909,1613,s,189,190.0,False,2027.25,2027.5
10343,1986,952,s,189,190.0,False,2027.25,2027.5
10344,87,653,s,189,197.0,False,2027.25,2029.25
10345,262,1011,s,189,191.0,False,2027.25,2027.75
10346,303,1299,s,189,190.0,False,2027.25,2027.5
10347,394,1247,s,189,189.0,False,2027.25,2027.25
10348,791,1821,s,189,193.0,False,2027.25,2028.25
10349,1290,1339,s,189,190.0,False,2027.25,2027.5
10350,1293,1385,s,189,190.0,False,2027.25,2027.5
10351,1306,1463,s,189,191.0,False,2027.25,2027.75
10352,1514,1560,s,189,189.0,False,2027.25,2027.25
10353,1621,1821,s,189,204.0,False,2027.25,2031.0
10354,1677,1463,s,189,191.0,False,2027.25,2027.75
10355,1804,1416,s,189,190.0,False,2027.25,2027.5
10356,2062,929,s,189,197.0,False,2027.25,2029.25
10357,113,416,s,189,209.0,False,2027.25,2032.25
10358,113,1028,s,189,190.0,False,2027.25,2027.5
10359,230,653,s,189,192.0,False,2027.25,2028.0
10360,262,1374,s,189,193.0,False,2027.25,2028.25
10361,630,1281,s,189,200.0,False,2027.25,2030.0
10362,655,1282,s,189,193.0,False,2027.25,2028.25
10363,937,1282,s,189,192.0,False,2027.25,2028.0
10364,1006,1339,s,189,190.0,False,2027.25,2027.5
10365,1074,1400,s,189,193.0,False,2027.25,2028.25
10366,1079,97,s,189,194.0,False,2027.25,2028.5
10367,1079,1615,s,189,190.0,False,2027.25,2027.5
10368,1183,1339,s,189,199.0,False,2027.25,2029.75
10369,1239,1471,s,189,209.0,False,2027.25,2032.25
10370,1266,1281,s,189,193.0,False,2027.25,2028.25
10371,1306,1568,s,189,193.0,False,2027.25,2028.25
10372,1323,1372,s,189,195.0,False,2027.25,2028.75
10373,1325,1463,s,189,192.0,False,2027.25,2028.0
10374,1343,1026,s,189,190.0,False,2027.25,2027.5
10375,1412,1342,s,189,190.0,False,2027.25,2027.5
10376,1412,1388,s,189,191.0,False,2027.25,2027.75
10377,1412,1903,s,189,193.0,False,2027.25,2028.25
10378,1493,1403,s,189,197.0,False,2027.25,2029.25
10379,1496,1880,s,189,193.0,False,2027.25,2028.25
10380,1538,1367,s,189,192.0,False,2027.25,2028.0
10381,1595,1201,s,189,192.0,False,2027.25,2028.0
10382,1629,1353,s,189,190.0,False,2027.25,2027.5
10383,1649,1630,s,189,190.0,False,2027.25,2027.5
10384,1655,1282,s,189,191.0,False,2027.25,2027.75
10385,1677,1903,s,189,204.0,False,2027.25,2031.0
10386,1723,1428,s,189,192.0,False,2027.25,2028.0
10387,1907,1438,s,189,190.0,False,2027.25,2027.5
10388,2060,1568,s,189,192.0,False,2027.25,2028.0
10389,1079,1002,l,189,195.0,True,2027.25,2028.75
10390,1329,1513,l,189,,True,2027.25,
10391,1382,1613,l,189,,True,2027.25,
10392,791,1983,l,189,,True,2027.25,
10393,1319,1367,l,189,,True,2027.25,
10394,1595,1513,l,189,,True,2027.25,
10395,1678,1388,l,189,,True,2027.25,
10396,113,1321,s,190,192.0,False,2027.5,2028.0
10397,260,1922,s,190,195.0,False,2027.5,2028.75
10398,303,785,s,190,196.0,False,2027.5,2029.0
10399,303,1300,s,190,196.0,False,2027.5,2029.0
10400,303,1339,s,190,190.0,False,2027.5,2027.5
10401,507,1455,s,190,193.0,False,2027.5,2028.25
10402,908,1321,s,190,195.0,False,2027.5,2028.75
10403,917,572,s,190,194.0,False,2027.5,2028.5
10404,917,1026,s,190,196.0,False,2027.5,2029.0
10405,995,1315,s,190,191.0,False,2027.5,2027.75
10406,1200,1613,s,190,193.0,False,2027.5,2028.25
10407,1393,1601,s,190,190.0,False,2027.5,2027.5
10408,1412,1282,s,190,195.0,False,2027.5,2028.75
10409,1412,1299,s,190,191.0,False,2027.5,2027.75
10410,1481,1460,s,190,192.0,False,2027.5,2028.0
10411,1505,1272,s,190,194.0,False,2027.5,2028.5
10412,1618,2021,s,190,193.0,False,2027.5,2028.25
10413,1629,1714,s,190,199.0,False,2027.5,2029.75
10414,1679,1353,s,190,199.0,False,2027.5,2029.75
10415,2041,1560,s,190,191.0,False,2027.5,2027.75
10416,133,785,s,190,190.0,False,2027.5,2027.5
10417,415,1764,s,190,195.0,False,2027.5,2028.75
10418,418,1321,s,190,192.0,False,2027.5,2028.0
10419,507,1201,s,190,196.0,False,2027.5,2029.0
10420,732,685,s,190,194.0,False,2027.5,2028.5
10421,791,320,s,190,191.0,False,2027.5,2027.75
10422,916,572,s,190,192.0,False,2027.5,2028.0
10423,991,108,s,190,193.0,False,2027.5,2028.25
10424,1074,571,s,190,191.0,False,2027.5,2027.75
10425,1082,1026,s,190,191.0,False,2027.5,2027.75
10426,1187,1252,s,190,192.0,False,2027.5,2028.0
10427,1324,2021,s,190,190.0,False,2027.5,2027.5
10428,1359,1001,s,190,191.0,False,2027.5,2027.75
10429,1523,1222,s,190,197.0,False,2027.5,2029.25
10430,1527,1400,s,190,192.0,False,2027.5,2028.0
10431,1535,1613,s,190,192.0,False,2027.5,2028.0
10432,1571,1568,s,190,191.0,False,2027.5,2027.75
10433,1589,1546,s,190,198.0,False,2027.5,2029.5
10434,1619,1367,s,190,191.0,False,2027.5,2027.75
10435,1629,1560,s,190,192.0,False,2027.5,2028.0
10436,1693,1463,s,190,191.0,False,2027.5,2027.75
10437,1755,1388,s,190,191.0,False,2027.5,2027.75
10438,87,1615,s,190,192.0,False,2027.5,2028.0
10439,113,1001,s,190,192.0,False,2027.5,2028.0
10440,303,1318,s,190,197.0,False,2027.5,2029.25
10441,732,653,s,190,194.0,False,2027.5,2028.5
10442,837,146,s,190,208.0,False,2027.5,2032.0
10443,837,1903,s,190,196.0,False,2027.5,2029.0
10444,917,615,s,190,192.0,False,2027.5,2028.0
10445,927,1388,s,190,193.0,False,2027.5,2028.25
10446,1079,1463,s,190,195.0,False,2027.5,2028.75
10447,1220,1582,s,190,201.0,False,2027.5,2030.25
10448,1242,1272,s,190,192.0,False,2027.5,2028.0
10449,1293,1315,s,190,196.0,False,2027.5,2029.0
10450,1330,1190,s,190,198.0,False,2027.5,2029.5
10451,1359,1201,s,190,193.0,False,2027.5,2028.25
10452,1401,1902,s,190,211.0,False,2027.5,2032.75
10453,1545,1257,s,190,196.0,False,2027.5,2029.0
10454,1589,1560,s,190,199.0,False,2027.5,2029.75
10455,1649,1713,s,190,191.0,False,2027.5,2027.75
10456,1668,1903,s,190,210.0,False,2027.5,2032.5
10457,1968,1435,s,190,200.0,False,2027.5,2030.0
10458,630,1903,l,190,217.0,True,2027.5,2034.25
10459,1401,1404,l,190,,True,2027.5,
10460,133,336,s,191,194.0,False,2027.75,2028.5
10461,157,751,s,191,191.0,False,2027.75,2027.75
10462,248,1282,s,191,192.0,False,2027.75,2028.0
10463,283,1513,s,191,193.0,False,2027.75,2028.25
10464,418,1204,s,191,200.0,False,2027.75,2030.0
10465,507,1335,s,191,193.0,False,2027.75,2028.25
10466,815,786,s,191,194.0,False,2027.75,2028.5
10467,1330,1367,s,191,208.0,False,2027.75,2032.0
10468,1393,1409,s,191,191.0,False,2027.75,2027.75
10469,1417,1508,s,191,192.0,False,2027.75,2028.0
10470,1437,1316,s,191,192.0,False,2027.75,2028.0
10471,1483,1372,s,191,198.0,False,2027.75,2029.5
10472,1527,1365,s,191,191.0,False,2027.75,2027.75
10473,1666,1734,s,191,198.0,False,2027.75,2029.5
10474,1678,1221,s,191,194.0,False,2027.75,2028.5
10475,1678,1274,s,191,192.0,False,2027.75,2028.0
10476,1847,1367,s,191,192.0,False,2027.75,2028.0
10477,87,1321,s,191,193.0,False,2027.75,2028.25
10478,630,1190,s,191,191.0,False,2027.75,2027.75
10479,655,1205,s,191,193.0,False,2027.75,2028.25
10480,797,572,s,191,191.0,False,2027.75,2027.75
10481,815,108,s,191,199.0,False,2027.75,2029.75
10482,1074,1255,s,191,194.0,False,2027.75,2028.5
10483,1237,1381,s,191,212.0,False,2027.75,2033.0
10484,1242,1560,s,191,197.0,False,2027.75,2029.25
10485,1325,1201,s,191,206.0,False,2027.75,2031.5
10486,1330,1821,s,191,193.0,False,2027.75,2028.25
10487,1417,1365,s,191,192.0,False,2027.75,2028.0
10488,1496,1404,s,191,195.0,False,2027.75,2028.75
10489,1545,1404,s,191,193.0,False,2027.75,2028.25
10490,1619,1247,s,191,193.0,False,2027.75,2028.25
10491,1751,1568,s,191,198.0,False,2027.75,2029.5
10492,1946,1299,s,191,196.0,False,2027.75,2029.0
10493,1946,1521,s,191,196.0,False,2027.75,2029.0
10494,204,1413,s,191,198.0,False,2027.75,2029.5
10495,262,1282,s,191,194.0,False,2027.75,2028.5
10496,507,1615,s,191,196.0,False,2027.75,2029.0
10497,743,1615,s,191,193.0,False,2027.75,2028.25
10498,815,678,s,191,194.0,False,2027.75,2028.5
10499,863,324,s,191,192.0,False,2027.75,2028.0
10500,927,1201,s,191,195.0,False,2027.75,2028.75
10501,1203,1513,s,191,194.0,False,2027.75,2028.5
10502,1239,1190,s,191,201.0,False,2027.75,2030.25
10503,1242,1367,s,191,195.0,False,2027.75,2028.75
10504,1294,1902,s,191,196.0,False,2027.75,2029.0
10505,1505,1428,s,191,199.0,False,2027.75,2029.75
10506,1514,1463,s,191,192.0,False,2027.75,2028.0
10507,1527,2057,s,191,192.0,False,2027.75,2028.0
10508,1571,1821,s,191,199.0,False,2027.75,2029.75
10509,1580,1630,s,191,193.0,False,2027.75,2028.25
10510,1589,1941,s,191,196.0,False,2027.75,2029.0
10511,1596,409,s,191,192.0,False,2027.75,2028.0
10512,1661,1582,s,191,196.0,False,2027.75,2029.0
10513,1677,2021,s,191,192.0,False,2027.75,2028.0
10514,1731,1599,s,191,206.0,False,2027.75,2031.5
10515,1886,1590,s,191,206.0,False,2027.75,2031.5
10516,1986,170,s,191,193.0,False,2027.75,2028.25
10517,1986,1026,s,191,195.0,False,2027.75,2028.75
10518,507,1281,l,191,,True,2027.75,
10519,1186,1299,l,191,,True,2027.75,
10520,1239,1508,l,191,,True,2027.75,
10521,1454,1342,l,191,203.0,True,2027.75,2030.75
10522,248,1281,l,191,239.0,True,2027.75,2039.75
10523,937,1205,l,191,209.0,True,2027.75,2032.25
10524,1359,1517,l,191,,True,2027.75,
10525,260,740,s,192,193.0,False,2028.0,2028.25
10526,343,1821,s,192,195.0,False,2028.0,2028.75
10527,573,653,s,192,196.0,False,2028.0,2029.0
10528,978,1321,s,192,197.0,False,2028.0,2029.25
10529,1154,1282,s,192,199.0,False,2028.0,2029.75
10530,1187,1201,s,192,195.0,False,2028.0,2028.75
10531,1200,159,s,192,193.0,False,2028.0,2028.25
10532,1382,1388,s,192,197.0,False,2028.0,2029.25
10533,1401,1439,s,192,193.0,False,2028.0,2028.25
10534,1406,1463,s,192,195.0,False,2028.0,2028.75
10535,1437,1428,s,192,193.0,False,2028.0,2028.25
10536,1512,1255,s,192,197.0,False,2028.0,2029.25
10537,1574,1342,s,192,202.0,False,2028.0,2030.5
10538,1641,1735,s,192,193.0,False,2028.0,2028.25
10539,1661,1513,s,192,201.0,False,2028.0,2030.25
10540,1677,1615,s,192,208.0,False,2028.0,2032.0
10541,1678,1201,s,192,194.0,False,2028.0,2028.5
10542,2002,1475,s,192,198.0,False,2028.0,2029.5
10543,113,108,s,192,198.0,False,2028.0,2029.5
10544,1079,1201,s,192,193.0,False,2028.0,2028.25
10545,1239,1620,s,192,194.0,False,2028.0,2028.5
10546,1242,1479,s,192,195.0,False,2028.0,2028.75
10547,1324,1281,s,192,193.0,False,2028.0,2028.25
10548,1343,1785,s,192,195.0,False,2028.0,2028.75
10549,1481,1508,s,192,193.0,False,2028.0,2028.25
10550,1493,2057,s,192,192.0,False,2028.0,2028.0
10551,1538,1281,s,192,195.0,False,2028.0,2028.75
10552,1609,1903,s,192,202.0,False,2028.0,2030.5
10553,1649,1506,s,192,196.0,False,2028.0,2029.0
10554,1668,1560,s,192,199.0,False,2028.0,2029.75
10555,1668,1674,s,192,195.0,False,2028.0,2028.75
10556,1678,1188,s,192,192.0,False,2028.0,2028.0
10557,1729,1669,s,192,193.0,False,2028.0,2028.25
10558,1751,1734,s,192,192.0,False,2028.0,2028.0
10559,1986,733,s,192,196.0,False,2028.0,2029.0
10560,2002,1590,s,192,194.0,False,2028.0,2028.5
10561,169,146,s,192,196.0,False,2028.0,2029.0
10562,316,1785,s,192,193.0,False,2028.0,2028.25
10563,415,653,s,192,195.0,False,2028.0,2028.75
10564,415,1321,s,192,202.0,False,2028.0,2030.5
10565,630,1613,s,192,194.0,False,2028.0,2028.5
10566,927,1400,s,192,198.0,False,2028.0,2029.5
10567,995,1381,s,192,194.0,False,2028.0,2028.5
10568,1006,1339,s,192,201.0,False,2028.0,2030.25
10569,1171,1043,s,192,193.0,False,2028.0,2028.25
10570,1186,1388,s,192,194.0,False,2028.0,2028.5
10571,1328,1298,s,192,193.0,False,2028.0,2028.25
10572,1359,1353,s,192,193.0,False,2028.0,2028.25
10573,1527,1902,s,192,202.0,False,2028.0,2030.5
10574,1580,1669,s,192,197.0,False,2028.0,2029.25
10575,1609,1310,s,192,193.0,False,2028.0,2028.25
10576,1629,1680,s,192,200.0,False,2028.0,2030.0
10577,1656,1413,s,192,206.0,False,2028.0,2031.5
10578,1664,2078,s,192,196.0,False,2028.0,2029.0
10579,1668,1669,s,192,197.0,False,2028.0,2029.25
10580,1678,1282,s,192,194.0,False,2028.0,2028.5
10581,1946,1687,s,192,194.0,False,2028.0,2028.5
10582,1153,1339,l,192,220.0,True,2028.0,2035.0
10583,1619,1282,l,192,241.0,True,2028.0,2040.25
10584,1968,1532,l,192,234.0,True,2028.0,2038.5
10585,871,1201,l,192,201.0,True,2028.0,2030.25
10586,1629,1821,l,192,,True,2028.0,
10587,204,1160,s,193,195.0,False,2028.25,2028.75
10588,260,684,s,193,193.0,False,2028.25,2028.25
10589,303,416,s,193,193.0,False,2028.25,2028.25
10590,465,1190,s,193,194.0,False,2028.25,2028.5
10591,743,146,s,193,201.0,False,2028.25,2030.25
10592,743,572,s,193,197.0,False,2028.25,2029.25
10593,791,97,s,193,194.0,False,2028.25,2028.5
10594,937,583,s,193,195.0,False,2028.25,2028.75
10595,1074,1321,s,193,193.0,False,2028.25,2028.25
10596,1079,678,s,193,193.0,False,2028.25,2028.25
10597,1186,1315,s,193,193.0,False,2028.25,2028.25
10598,1187,1428,s,193,208.0,False,2028.25,2032.0
10599,1187,1821,s,193,193.0,False,2028.25,2028.25
10600,1203,1374,s,193,199.0,False,2028.25,2029.75
10601,1396,1388,s,193,195.0,False,2028.25,2028.75
10602,1417,1404,s,193,198.0,False,2028.25,2029.5
10603,1417,1903,s,193,209.0,False,2028.25,2032.25
10604,1474,1487,s,193,194.0,False,2028.25,2028.5
10605,1481,1903,s,193,195.0,False,2028.25,2028.75
10606,1527,1568,s,193,196.0,False,2028.25,2029.0
10607,1589,1521,s,193,193.0,False,2028.25,2028.25
10608,1596,1381,s,193,200.0,False,2028.25,2030.0
10609,1609,1403,s,193,197.0,False,2028.25,2029.25
10610,1621,1739,s,193,206.0,False,2028.25,2031.5
10611,1649,1507,s,193,203.0,False,2028.25,2030.75
10612,1661,1687,s,193,195.0,False,2028.25,2028.75
10613,1729,1458,s,193,197.0,False,2028.25,2029.25
10614,1729,1903,s,193,194.0,False,2028.25,2028.5
10615,2002,1568,s,193,194.0,False,2028.25,2028.5
10616,2002,1582,s,193,200.0,False,2028.25,2030.0
10617,2062,1321,s,193,201.0,False,2028.25,2030.25
10618,204,1409,s,193,196.0,False,2028.25,2029.0
10619,507,1821,s,193,200.0,False,2028.25,2030.0
10620,637,1201,s,193,197.0,False,2028.25,2029.25
10621,637,1613,s,193,199.0,False,2028.25,2029.75
10622,1187,1615,s,193,194.0,False,2028.25,2028.5
10623,1234,1903,s,193,210.0,False,2028.25,2032.5
10624,1330,1335,s,193,194.0,False,2028.25,2028.5
10625,1359,571,s,193,212.0,False,2028.25,2033.0
10626,1359,1190,s,193,202.0,False,2028.25,2030.5
10627,1412,1582,s,193,201.0,False,2028.25,2030.25
10628,1462,1508,s,193,196.0,False,2028.25,2029.0
10629,1481,1315,s,193,198.0,False,2028.25,2029.5
10630,1527,1515,s,193,196.0,False,2028.25,2029.0
10631,1595,1821,s,193,196.0,False,2028.25,2029.0
10632,1619,1388,s,193,204.0,False,2028.25,2031.0
10633,1621,1669,s,193,195.0,False,2028.25,2028.75
10634,1655,1367,s,193,195.0,False,2028.25,2028.75
10635,1751,1669,s,193,194.0,False,2028.25,2028.5
10636,1968,1582,s,193,209.0,False,2028.25,2032.25
10637,87,146,s,193,194.0,False,2028.25,2028.5
10638,204,1517,s,193,194.0,False,2028.25,2028.5
10639,230,1517,s,193,197.0,False,2028.25,2029.25
10640,913,1204,s,193,196.0,False,2028.25,2029.0
10641,1005,1463,s,193,194.0,False,2028.25,2028.5
10642,1005,1521,s,193,194.0,False,2028.25,2028.5
10643,1079,1334,s,193,195.0,False,2028.25,2028.75
10644,1187,1436,s,193,196.0,False,2028.25,2029.0
10645,1187,1463,s,193,196.0,False,2028.25,2029.0
10646,1266,1342,s,193,195.0,False,2028.25,2028.75
10647,1330,2078,s,193,194.0,False,2028.25,2028.5
10648,1343,129,s,193,195.0,False,2028.25,2028.75
10649,1609,1784,s,193,195.0,False,2028.25,2028.75
10650,1649,1487,s,193,207.0,False,2028.25,2031.75
10651,1661,1463,s,193,194.0,False,2028.25,2028.5
10652,1668,1455,s,193,194.0,False,2028.25,2028.5
10653,1678,1400,s,193,201.0,False,2028.25,2030.25
10654,1702,1388,s,193,196.0,False,2028.25,2029.0
10655,2002,1463,s,193,197.0,False,2028.25,2029.25
10656,1986,921,l,193,200.0,True,2028.25,2030.0
10657,40,320,l,193,216.0,True,2028.25,2034.0
10658,1359,1615,l,193,241.0,True,2028.25,2040.25
10659,1382,1560,l,193,,True,2028.25,
10660,2002,1903,l,193,212.0,True,2028.25,2033.0
10661,587,1281,l,193,241.0,True,2028.25,2040.25
10662,1596,409,l,193,,True,2028.25,
10663,1619,1463,l,193,,True,2028.25,
10664,230,1201,s,194,199.0,False,2028.5,2029.75
10665,262,1281,s,194,202.0,False,2028.5,2030.5
10666,754,1023,s,194,195.0,False,2028.5,2028.75
10667,791,678,s,194,194.0,False,2028.5,2028.5
10668,953,572,s,194,196.0,False,2028.5,2029.0
10669,1239,1388,s,194,214.0,False,2028.5,2033.5
10670,1239,1475,s,194,196.0,False,2028.5,2029.0
10671,1239,1613,s,194,195.0,False,2028.5,2028.75
10672,1239,1821,s,194,204.0,False,2028.5,2031.0
10673,1242,1463,s,194,197.0,False,2028.5,2029.25
10674,1306,1339,s,194,196.0,False,2028.5,2029.0
10675,1382,1224,s,194,199.0,False,2028.5,2029.75
10676,1390,1388,s,194,194.0,False,2028.5,2028.5
10677,1405,1903,s,194,199.0,False,2028.5,2029.75
10678,1496,1560,s,194,197.0,False,2028.5,2029.25
10679,1523,1416,s,194,219.0,False,2028.5,2034.75
10680,1538,1435,s,194,202.0,False,2028.5,2030.5
10681,1621,1680,s,194,195.0,False,2028.5,2028.75
10682,1647,1903,s,194,194.0,False,2028.5,2028.5
10683,1668,1710,s,194,194.0,False,2028.5,2028.5
10684,1677,1281,s,194,196.0,False,2028.5,2029.0
10685,1678,1413,s,194,194.0,False,2028.5,2028.5
10686,87,1321,s,194,201.0,False,2028.5,2030.25
10687,248,1335,s,194,195.0,False,2028.5,2028.75
10688,303,1821,s,194,199.0,False,2028.5,2029.75
10689,507,1346,s,194,202.0,False,2028.5,2030.5
10690,913,1201,s,194,195.0,False,2028.5,2028.75
10691,1079,1281,s,194,195.0,False,2028.5,2028.75
10692,1242,1669,s,194,198.0,False,2028.5,2029.5
10693,1266,1455,s,194,200.0,False,2028.5,2030.0
10694,1306,1821,s,194,200.0,False,2028.5,2030.0
10695,1481,1416,s,194,195.0,False,2028.5,2028.75
10696,1523,1903,s,194,196.0,False,2028.5,2029.0
10697,1595,1568,s,194,201.0,False,2028.5,2030.25
10698,1629,1718,s,194,200.0,False,2028.5,2030.0
10699,1723,1550,s,194,200.0,False,2028.5,2030.0
10700,2041,1601,s,194,202.0,False,2028.5,2030.5
10701,2062,572,s,194,195.0,False,2028.5,2028.75
10702,113,1185,s,194,198.0,False,2028.5,2029.5
10703,394,1388,s,194,195.0,False,2028.5,2028.75
10704,630,1943,s,194,207.0,False,2028.5,2031.75
10705,791,49,s,194,200.0,False,2028.5,2030.0
10706,837,952,s,194,195.0,False,2028.5,2028.75
10707,1079,1201,s,194,197.0,False,2028.5,2029.25
10708,1082,1201,s,194,195.0,False,2028.5,2028.75
10709,1154,1560,s,194,195.0,False,2028.5,2028.75
10710,1159,2021,s,194,199.0,False,2028.5,2029.75
10711,1239,1463,s,194,207.0,False,2028.5,2031.75
10712,1266,1315,s,194,196.0,False,2028.5,2029.0
10713,1266,1560,s,194,197.0,False,2028.5,2029.25
10714,1328,1335,s,194,211.0,False,2028.5,2032.75
10715,1359,1260,s,194,199.0,False,2028.5,2029.75
10716,1453,1224,s,194,198.0,False,2028.5,2029.5
10717,1586,1513,s,194,206.0,False,2028.5,2031.5
10718,1642,1645,s,194,196.0,False,2028.5,2029.0
10719,1661,1903,s,194,196.0,False,2028.5,2029.0
10720,1668,1590,s,194,204.0,False,2028.5,2031.0
10721,1748,1463,s,194,203.0,False,2028.5,2030.75
10722,303,1460,l,194,,True,2028.5,
10723,418,1339,l,194,223.0,True,2028.5,2035.75
10724,1382,1582,l,194,199.0,True,2028.5,2029.75
10725,1575,320,l,194,,True,2028.5,
10726,99,1281,l,194,,True,2028.5,
10727,1079,108,l,194,,True,2028.5,
10728,1293,1404,l,194,205.0,True,2028.5,2031.25
10729,1187,1435,l,194,,True,2028.5,
10730,113,572,s,195,195.0,False,2028.75,2028.75
10731,133,1321,s,195,198.0,False,2028.75,2029.5
10732,283,1339,s,195,207.0,False,2028.75,2031.75
10733,731,320,s,195,196.0,False,2028.75,2029.0
10734,937,1615,s,195,201.0,False,2028.75,2030.25
10735,1079,1188,s,195,196.0,False,2028.75,2029.0
10736,1206,1385,s,195,215.0,False,2028.75,2033.75
10737,1239,1403,s,195,199.0,False,2028.75,2029.75
10738,1359,1385,s,195,201.0,False,2028.75,2030.25
10739,1465,1205,s,195,199.0,False,2028.75,2029.75
10740,1548,2019,s,195,204.0,False,2028.75,2031.0
10741,1595,1388,s,195,195.0,False,2028.75,2028.75
10742,1621,1339,s,195,196.0,False,2028.75,2029.0
10743,1683,1734,s,195,196.0,False,2028.75,2029.0
10744,1729,1568,s,195,197.0,False,2028.75,2029.25
10745,1804,1802,s,195,195.0,False,2028.75,2028.75
10746,1885,1339,s,195,202.0,False,2028.75,2030.5
10747,1986,572,s,195,198.0,False,2028.75,2029.5
10748,133,689,s,195,197.0,False,2028.75,2029.25
10749,917,336,s,195,195.0,False,2028.75,2028.75
10750,1079,1613,s,195,197.0,False,2028.75,2029.25
10751,1097,578,s,195,204.0,False,2028.75,2031.0
10752,1186,1385,s,195,200.0,False,2028.75,2030.0
10753,1187,1903,s,195,201.0,False,2028.75,2030.25
10754,1242,1568,s,195,205.0,False,2028.75,2031.25
10755,1324,1190,s,195,195.0,False,2028.75,2028.75
10756,1325,1188,s,195,196.0,False,2028.75,2029.0
10757,1359,1335,s,195,203.0,False,2028.75,2030.75
10758,1412,1821,s,195,198.0,False,2028.75,2029.5
10759,1442,1413,s,195,195.0,False,2028.75,2028.75
10760,1481,1335,s,195,206.0,False,2028.75,2031.5
10761,1664,1232,s,195,197.0,False,2028.75,2029.25
10762,1664,1463,s,195,201.0,False,2028.75,2030.25
10763,1907,1346,s,195,199.0,False,2028.75,2029.75
10764,173,1339,s,195,196.0,False,2028.75,2029.0
10765,412,1342,s,195,203.0,False,2028.75,2030.75
10766,418,409,s,195,201.0,False,2028.75,2030.25
10767,466,973,s,195,202.0,False,2028.75,2030.5
10768,754,800,s,195,196.0,False,2028.75,2029.0
10769,1393,1388,s,195,198.0,False,2028.75,2029.5
10770,1406,1582,s,195,197.0,False,2028.75,2029.25
10771,1589,1903,s,195,196.0,False,2028.75,2029.0
10772,1629,1272,s,195,205.0,False,2028.75,2031.25
10773,1642,1903,s,195,196.0,False,2028.75,2029.0
10774,1649,1400,s,195,199.0,False,2028.75,2029.75
10775,1678,1315,s,195,202.0,False,2028.75,2030.5
10776,1968,1615,s,195,202.0,False,2028.75,2030.5
10777,637,1615,l,195,196.0,True,2028.75,2029.0
10778,1159,1560,l,195,203.0,True,2028.75,2030.75
10779,1200,1404,l,195,229.0,True,2028.75,2037.25
10780,1575,336,l,195,237.0,True,2028.75,2039.25
10781,1580,2019,l,195,,True,2028.75,
10782,1589,1687,l,195,230.0,True,2028.75,2037.5
10783,133,653,l,195,238.0,True,2028.75,2039.5
10784,507,1388,l,195,,True,2028.75,
10785,1655,1821,l,195,213.0,True,2028.75,2033.25
10786,303,416,l,195,208.0,True,2028.75,2032.0
10787,1621,1513,l,195,225.0,True,2028.75,2036.25
10788,169,1201,s,196,201.0,False,2029.0,2030.25
10789,214,1998,s,196,200.0,False,2029.0,2030.0
10790,230,1026,s,196,198.0,False,2029.0,2029.5
10791,262,1315,s,196,198.0,False,2029.0,2029.5
10792,415,108,s,196,201.0,False,2029.0,2030.25
10793,859,320,s,196,198.0,False,2029.0,2029.5
10794,913,800,s,196,206.0,False,2029.0,2031.5
10795,937,85,s,196,205.0,False,2029.0,2031.25
10796,1074,1615,s,196,204.0,False,2029.0,2031.0
10797,1079,933,s,196,200.0,False,2029.0,2030.0
10798,1187,1342,s,196,197.0,False,2029.0,2029.25
10799,1314,1272,s,196,200.0,False,2029.0,2030.0
10800,1359,1463,s,196,200.0,False,2029.0,2030.0
10801,1481,1903,s,196,199.0,False,2029.0,2029.75
10802,1649,1463,s,196,202.0,False,2029.0,2030.5
10803,1661,1784,s,196,197.0,False,2029.0,2029.25
10804,1678,1282,s,196,196.0,False,2029.0,2029.0
10805,1723,1680,s,196,200.0,False,2029.0,2030.0
10806,1751,1508,s,196,200.0,False,2029.0,2030.0
10807,1794,1383,s,196,200.0,False,2029.0,2030.0
10808,2002,1568,s,196,201.0,False,2029.0,2030.25
10809,173,933,s,196,200.0,False,2029.0,2030.0
10810,343,457,s,196,201.0,False,2029.0,2030.25
10811,837,1404,s,196,199.0,False,2029.0,2029.75
10812,937,1998,s,196,199.0,False,2029.0,2029.75
10813,1079,1615,s,196,202.0,False,2029.0,2030.5
10814,1225,1282,s,196,200.0,False,2029.0,2030.0
10815,1266,1282,s,196,200.0,False,2029.0,2030.0
10816,1330,1353,s,196,199.0,False,2029.0,2029.75
10817,1396,306,s,196,198.0,False,2029.0,2029.5
10818,1405,1508,s,196,196.0,False,2029.0,2029.0
10819,1406,1435,s,196,206.0,False,2029.0,2031.5
10820,1505,1435,s,196,202.0,False,2029.0,2030.5
10821,1702,1367,s,196,201.0,False,2029.0,2030.25
10822,1729,1511,s,196,197.0,False,2029.0,2029.25
10823,1751,1902,s,196,204.0,False,2029.0,2031.0
10824,1968,1613,s,196,203.0,False,2029.0,2030.75
10825,2002,1680,s,196,197.0,False,2029.0,2029.25
10826,204,1455,s,196,210.0,False,2029.0,2032.5
10827,507,1342,s,196,206.0,False,2029.0,2031.5
10828,705,1150,s,196,198.0,False,2029.0,2029.5
10829,1186,146,s,196,200.0,False,2029.0,2030.0
10830,1186,1281,s,196,199.0,False,2029.0,2029.75
10831,1187,1367,s,196,198.0,False,2029.0,2029.5
10832,1220,1291,s,196,202.0,False,2029.0,2030.5
10833,1239,1381,s,196,198.0,False,2029.0,2029.5
10834,1290,1460,s,196,199.0,False,2029.0,2029.75
10835,1293,1388,s,196,202.0,False,2029.0,2030.5
10836,1319,1463,s,196,198.0,False,2029.0,2029.5
10837,1359,453,s,196,199.0,False,2029.0,2029.75
10838,1448,1339,s,196,198.0,False,2029.0,2029.5
10839,1621,1463,s,196,200.0,False,2029.0,2030.0
10840,1621,1590,s,196,198.0,False,2029.0,2029.5
10841,1621,1669,s,196,198.0,False,2029.0,2029.5
10842,1642,1680,s,196,205.0,False,2029.0,2031.25
10843,1729,1821,s,196,200.0,False,2029.0,2030.0
10844,1751,1672,s,196,207.0,False,2029.0,2031.75
10845,1794,1672,s,196,199.0,False,2029.0,2029.75
10846,1401,1436,l,196,209.0,True,2029.0,2032.25
10847,1751,1339,l,196,227.0,True,2029.0,2036.75
10848,1907,1669,l,196,201.0,True,2029.0,2030.25
10849,1412,1388,l,196,202.0,True,2029.0,2030.5
10850,1505,1489,l,196,,True,2029.0,
10851,1619,1204,l,196,223.0,True,2029.0,2035.75
10852,1668,1568,l,196,,True,2029.0,
10853,1729,1560,l,196,201.0,True,2029.0,2030.25
10854,1220,1821,l,196,234.0,True,2029.0,2038.5
10855,1629,1335,l,196,,True,2029.0,
10856,1986,952,l,196,224.0,True,2029.0,2036.0
10857,92,1321,s,197,198.0,False,2029.25,2029.5
10858,173,1190,s,197,197.0,False,2029.25,2029.25
10859,262,1613,s,197,197.0,False,2029.25,2029.25
10860,522,1201,s,197,198.0,False,2029.25,2029.5
10861,630,24,s,197,204.0,False,2029.25,2031.0
10862,885,320,s,197,198.0,False,2029.25,2029.5
10863,902,800,s,197,201.0,False,2029.25,2030.25
10864,913,1281,s,197,207.0,False,2029.25,2031.75
10865,991,108,s,197,197.0,False,2029.25,2029.25
10866,1079,280,s,197,201.0,False,2029.25,2030.25
10867,1225,1274,s,197,211.0,False,2029.25,2032.75
10868,1237,1282,s,197,198.0,False,2029.25,2029.5
10869,1266,1335,s,197,208.0,False,2029.25,2032.0
10870,1306,1281,s,197,206.0,False,2029.25,2031.5
10871,1328,1247,s,197,204.0,False,2029.25,2031.0
10872,1417,1560,s,197,212.0,False,2029.25,2033.0
10873,1448,1821,s,197,197.0,False,2029.25,2029.25
10874,1481,1821,s,197,218.0,False,2029.25,2034.5
10875,1589,1282,s,197,200.0,False,2029.25,2030.0
10876,1655,1687,s,197,204.0,False,2029.25,2031.0
10877,1794,1667,s,197,203.0,False,2029.25,2030.75
10878,2002,1781,s,197,203.0,False,2029.25,2030.75
10879,133,85,s,197,203.0,False,2029.25,2030.75
10880,796,2082,s,197,199.0,False,2029.25,2029.75
10881,869,1785,s,197,198.0,False,2029.25,2029.5
10882,1079,1339,s,197,199.0,False,2029.25,2029.75
10883,1079,1400,s,197,200.0,False,2029.25,2030.0
10884,1082,1321,s,197,198.0,False,2029.25,2029.5
10885,1237,1463,s,197,197.0,False,2029.25,2029.25
10886,1319,1615,s,197,209.0,False,2029.25,2032.25
10887,1330,1582,s,197,198.0,False,2029.25,2029.5
10888,1343,336,s,197,198.0,False,2029.25,2029.5
10889,1396,1257,s,197,198.0,False,2029.25,2029.5
10890,1441,1672,s,197,217.0,False,2029.25,2034.25
10891,1454,1582,s,197,202.0,False,2029.25,2030.5
10892,1625,1315,s,197,203.0,False,2029.25,2030.75
10893,1625,1568,s,197,204.0,False,2029.25,2031.0
10894,1655,1381,s,197,201.0,False,2029.25,2030.25
10895,1723,1669,s,197,201.0,False,2029.25,2030.25
10896,1751,1582,s,197,213.0,False,2029.25,2033.25
10897,1986,336,s,197,207.0,False,2029.25,2031.75
10898,87,1190,s,197,200.0,False,2029.25,2030.0
10899,204,1318,s,197,198.0,False,2029.25,2029.5
10900,262,1282,s,197,199.0,False,2029.25,2029.75
10901,394,1339,s,197,208.0,False,2029.25,2032.0
10902,507,1409,s,197,201.0,False,2029.25,2030.25
10903,837,1983,s,197,198.0,False,2029.25,2029.5
10904,908,1247,s,197,202.0,False,2029.25,2030.5
10905,1082,1281,s,197,199.0,False,2029.25,2029.75
10906,1187,1282,s,197,198.0,False,2029.25,2029.5
10907,1200,1252,s,197,199.0,False,2029.25,2029.75
10908,1242,1902,s,197,199.0,False,2029.25,2029.75
10909,1266,1582,s,197,199.0,False,2029.25,2029.75
10910,1306,1463,s,197,198.0,False,2029.25,2029.5
10911,1371,1428,s,197,211.0,False,2029.25,2032.75
10912,1545,1560,s,197,210.0,False,2029.25,2032.5
10913,1668,1388,s,197,203.0,False,2029.25,2030.75
10914,1729,1582,s,197,199.0,False,2029.25,2029.75
10915,2002,2096,s,197,214.0,False,2029.25,2033.5
10916,230,684,l,197,201.0,True,2029.25,2030.25
10917,230,785,l,197,228.0,True,2029.25,2037.0
10918,1968,1513,l,197,222.0,True,2029.25,2035.5
10919,418,689,l,197,224.0,True,2029.25,2036.0
10920,815,1281,l,197,227.0,True,2029.25,2036.75
10921,1239,1404,l,197,213.0,True,2029.25,2033.25
10922,1477,1463,l,197,223.0,True,2029.25,2035.75
10923,507,733,l,197,,True,2029.25,
10924,1621,1687,l,197,221.0,True,2029.25,2035.25
10925,1678,1185,l,197,201.0,True,2029.25,2030.25
10926,2041,1513,l,197,235.0,True,2029.25,2038.75
10927,87,1615,s,198,199.0,False,2029.5,2029.75
10928,204,1353,s,198,201.0,False,2029.5,2030.25
10929,303,1158,s,198,199.0,False,2029.5,2029.75
10930,412,1367,s,198,200.0,False,2029.5,2030.0
10931,507,1903,s,198,203.0,False,2029.5,2030.75
10932,913,571,s,198,199.0,False,2029.5,2029.75
10933,913,1696,s,198,204.0,False,2029.5,2031.0
10934,978,1699,s,198,198.0,False,2029.5,2029.5
10935,1079,146,s,198,198.0,False,2029.5,2029.5
10936,1082,1613,s,198,199.0,False,2029.5,2029.75
10937,1206,1582,s,198,200.0,False,2029.5,2030.0
10938,1220,1190,s,198,198.0,False,2029.5,2029.5
10939,1220,1315,s,198,202.0,False,2029.5,2030.5
10940,1239,740,s,198,198.0,False,2029.5,2029.5
10941,1242,1601,s,198,211.0,False,2029.5,2032.75
10942,1242,1680,s,198,198.0,False,2029.5,2029.5
10943,1266,1400,s,198,205.0,False,2029.5,2031.25
10944,1290,1560,s,198,202.0,False,2029.5,2030.5
10945,1324,1190,s,198,202.0,False,2029.5,2030.5
10946,1401,1560,s,198,216.0,False,2029.5,2034.0
10947,1412,1361,s,198,200.0,False,2029.5,2030.0
10948,1545,1590,s,198,207.0,False,2029.5,2031.75
10949,1618,1526,s,198,198.0,False,2029.5,2029.5
10950,1621,1674,s,198,198.0,False,2029.5,2029.5
10951,1649,1781,s,198,200.0,False,2029.5,2030.0
10952,1664,2098,s,198,199.0,False,2029.5,2029.75
10953,1794,1902,s,198,198.0,False,2029.5,2029.5
10954,133,952,s,198,202.0,False,2029.5,2030.5
10955,303,1190,s,198,204.0,False,2029.5,2031.0
10956,507,1201,s,198,204.0,False,2029.5,2031.0
10957,587,409,s,198,204.0,False,2029.5,2031.0
10958,743,1517,s,198,204.0,False,2029.5,2031.0
10959,754,800,s,198,204.0,False,2029.5,2031.0
10960,913,1615,s,198,206.0,False,2029.5,2031.5
10961,917,90,s,198,198.0,False,2029.5,2029.5
10962,1220,1255,s,198,200.0,False,2029.5,2030.0
10963,1225,1508,s,198,202.0,False,2029.5,2030.5
10964,1242,1315,s,198,203.0,False,2029.5,2030.75
10965,1330,1687,s,198,200.0,False,2029.5,2030.0
10966,1401,1388,s,198,199.0,False,2029.5,2029.75
10967,1514,1338,s,198,202.0,False,2029.5,2030.5
10968,1548,1335,s,198,198.0,False,2029.5,2029.5
10969,1589,1582,s,198,203.0,False,2029.5,2030.75
10970,1595,1190,s,198,201.0,False,2029.5,2030.25
10971,1619,1673,s,198,200.0,False,2029.5,2030.0
10972,1678,1222,s,198,201.0,False,2029.5,2030.25
10973,1723,1489,s,198,199.0,False,2029.5,2029.75
10974,1737,1784,s,198,200.0,False,2029.5,2030.0
10975,1754,1673,s,198,199.0,False,2029.5,2029.75
10976,2043,1463,s,198,207.0,False,2029.5,2031.75
10977,173,1388,s,198,206.0,False,2029.5,2031.5
10978,247,1310,s,198,202.0,False,2029.5,2030.5
10979,418,336,s,198,199.0,False,2029.5,2029.75
10980,445,320,s,198,211.0,False,2029.5,2032.75
10981,815,453,s,198,200.0,False,2029.5,2030.0
10982,927,1367,s,198,200.0,False,2029.5,2030.0
10983,927,1615,s,198,199.0,False,2029.5,2029.75
10984,1079,740,s,198,201.0,False,2029.5,2030.25
10985,1082,1226,s,198,203.0,False,2029.5,2030.75
10986,1200,1903,s,198,199.0,False,2029.5,2029.75
10987,1417,1460,s,198,201.0,False,2029.5,2030.25
10988,1505,1460,s,198,199.0,False,2029.5,2029.75
10989,1527,1903,s,198,199.0,False,2029.5,2029.75
10990,1595,1201,s,198,205.0,False,2029.5,2031.25
10991,1595,1672,s,198,201.0,False,2029.5,2030.25
10992,1621,1672,s,198,205.0,False,2029.5,2031.25
10993,1661,1463,s,198,203.0,False,2029.5,2030.75
10994,1729,1902,s,198,201.0,False,2029.5,2030.25
10995,1907,1568,s,198,203.0,False,2029.5,2030.75
10996,2002,1353,s,198,205.0,False,2029.5,2031.25
10997,1382,1388,l,198,222.0,True,2029.5,2035.5
10998,1609,1628,l,198,,True,2029.5,
10999,1629,1667,l,198,229.0,True,2029.5,2037.25
11000,2062,1699,l,198,224.0,True,2029.5,2036.0
11001,937,1282,l,198,,True,2029.5,
11002,1319,1428,l,198,201.0,True,2029.5,2030.25
11003,1406,1367,l,198,214.0,True,2029.5,2033.5
11004,1412,1613,l,198,,True,2029.5,
11005,1527,1821,l,198,,True,2029.5,
11006,113,973,s,199,202.0,False,2029.75,2030.5
11007,754,205,s,199,200.0,False,2029.75,2030.0
11008,871,1982,s,199,203.0,False,2029.75,2030.75
11009,1074,1821,s,199,218.0,False,2029.75,2034.5
11010,1187,1669,s,199,208.0,False,2029.75,2032.0
11011,1200,2021,s,199,202.0,False,2029.75,2030.5
11012,1203,1582,s,199,201.0,False,2029.75,2030.25
11013,1324,1201,s,199,201.0,False,2029.75,2030.25
11014,1329,1582,s,199,201.0,False,2029.75,2030.25
11015,1341,1687,s,199,204.0,False,2029.75,2031.0
11016,1401,1463,s,199,199.0,False,2029.75,2029.75
11017,1406,1802,s,199,201.0,False,2029.75,2030.25
11018,1412,1903,s,199,202.0,False,2029.75,2030.5
11019,1514,1560,s,199,201.0,False,2029.75,2030.25
11020,1527,1475,s,199,201.0,False,2029.75,2030.25
11021,1589,1463,s,199,207.0,False,2029.75,2031.75
11022,1596,1188,s,199,200.0,False,2029.75,2030.0
11023,1609,1680,s,199,212.0,False,2029.75,2033.0
11024,1678,1282,s,199,200.0,False,2029.75,2030.0
11025,1766,1507,s,199,202.0,False,2029.75,2030.5
11026,1766,1669,s,199,200.0,False,2029.75,2030.0
11027,1804,1190,s,199,210.0,False,2029.75,2032.5
11028,2002,1672,s,199,201.0,False,2029.75,2030.25
11029,230,97,s,199,205.0,False,2029.75,2031.25
11030,248,583,s,199,200.0,False,2029.75,2030.0
11031,283,662,s,199,204.0,False,2029.75,2031.0
11032,303,1615,s,199,200.0,False,2029.75,2030.0
11033,1159,1299,s,199,201.0,False,2029.75,2030.25
11034,1306,1353,s,199,204.0,False,2029.75,2031.0
11035,1343,320,s,199,200.0,False,2029.75,2030.0
11036,1359,1201,s,199,206.0,False,2029.75,2031.5
11037,1401,1335,s,199,207.0,False,2029.75,2031.75
11038,1496,1475,s,199,203.0,False,2029.75,2030.75
11039,1538,1521,s,199,203.0,False,2029.75,2030.75
11040,1589,1506,s,199,203.0,False,2029.75,2030.75
11041,1589,1568,s,199,205.0,False,2029.75,2031.25
11042,1595,1388,s,199,204.0,False,2029.75,2031.0
11043,1637,1255,s,199,200.0,False,2029.75,2030.0
11044,1647,1316,s,199,203.0,False,2029.75,2030.75
11045,1683,1388,s,199,207.0,False,2029.75,2031.75
11046,1712,1669,s,199,208.0,False,2029.75,2032.0
11047,1751,1413,s,199,205.0,False,2029.75,2031.25
11048,2062,653,s,199,208.0,False,2029.75,2032.0
11049,133,680,s,199,203.0,False,2029.75,2030.75
11050,303,1321,s,199,201.0,False,2029.75,2030.25
11051,415,324,s,199,204.0,False,2029.75,2031.0
11052,507,97,s,199,211.0,False,2029.75,2032.75
11053,1382,1549,s,199,201.0,False,2029.75,2030.25
11054,1406,1463,s,199,204.0,False,2029.75,2031.0
11055,1481,1435,s,199,204.0,False,2029.75,2031.0
11056,1668,1546,s,199,203.0,False,2029.75,2030.75
11057,1668,1687,s,199,205.0,False,2029.75,2031.25
11058,1723,1281,s,199,217.0,False,2029.75,2034.25
11059,1729,1713,s,199,207.0,False,2029.75,2031.75
11060,1751,1734,s,199,203.0,False,2029.75,2030.75
11061,1751,2078,s,199,204.0,False,2029.75,2031.0
11062,2062,146,s,199,200.0,False,2029.75,2030.0
11063,1393,1353,l,199,238.0,True,2029.75,2039.5
11064,1527,1463,l,199,228.0,True,2029.75,2037.0
11065,1678,97,l,199,219.0,True,2029.75,2034.75
11066,2002,1674,l,199,,True,2029.75,
11067,2062,1696,l,199,,True,2029.75,
11068,1079,1035,l,199,200.0,True,2029.75,2030.0
11069,1656,1282,l,199,,True,2029.75,
11070,1794,1604,l,199,,True,2029.75,
11071,169,816,s,200,200.0,False,2030.0,2030.0
11072,204,1249,s,200,205.0,False,2030.0,2031.25
11073,204,1321,s,200,200.0,False,2030.0,2030.0
11074,303,1342,s,200,209.0,False,2030.0,2032.25
11075,394,1190,s,200,202.0,False,2030.0,2030.5
11076,587,1158,s,200,203.0,False,2030.0,2030.75
11077,908,293,s,200,201.0,False,2030.0,2030.25
11078,913,1335,s,200,201.0,False,2030.0,2030.25
11079,913,1388,s,200,201.0,False,2030.0,2030.25
11080,1079,1388,s,200,202.0,False,2030.0,2030.5
11081,1170,653,s,200,201.0,False,2030.0,2030.25
11082,1200,1190,s,200,200.0,False,2030.0,2030.0
11083,1220,1388,s,200,201.0,False,2030.0,2030.25
11084,1328,1475,s,200,206.0,False,2030.0,2031.5
11085,1548,1367,s,200,201.0,False,2030.0,2030.25
11086,1656,1205,s,200,202.0,False,2030.0,2030.5
11087,1678,1372,s,200,200.0,False,2030.0,2030.0
11088,1729,1521,s,200,204.0,False,2030.0,2031.0
11089,1788,1353,s,200,200.0,False,2030.0,2030.0
11090,1804,1353,s,200,202.0,False,2030.0,2030.5
11091,303,1388,s,200,211.0,False,2030.0,2032.75
11092,439,280,s,200,206.0,False,2030.0,2031.5
11093,507,146,s,200,202.0,False,2030.0,2030.5
11094,652,320,s,200,201.0,False,2030.0,2030.25
11095,1237,1508,s,200,202.0,False,2030.0,2030.5
11096,1600,1513,s,200,204.0,False,2030.0,2031.0
11097,1609,1403,s,200,219.0,False,2030.0,2034.75
11098,1656,1281,s,200,204.0,False,2030.0,2031.0
11099,1668,1672,s,200,201.0,False,2030.0,2030.25
11100,1712,1560,s,200,201.0,False,2030.0,2030.25
11101,1723,1568,s,200,205.0,False,2030.0,2031.25
11102,1723,1582,s,200,202.0,False,2030.0,2030.5
11103,1729,1568,s,200,204.0,False,2030.0,2031.0
11104,1751,1687,s,200,208.0,False,2030.0,2032.0
11105,1813,1590,s,200,202.0,False,2030.0,2030.5
11106,1968,1282,s,200,202.0,False,2030.0,2030.5
11107,173,1247,s,200,203.0,False,2030.0,2030.75
11108,262,571,s,200,209.0,False,2030.0,2032.25
11109,303,1201,s,200,201.0,False,2030.0,2030.25
11110,322,1315,s,200,204.0,False,2030.0,2031.0
11111,796,973,s,200,206.0,False,2030.0,2031.5
11112,1005,1232,s,200,207.0,False,2030.0,2031.75
11113,1159,1353,s,200,202.0,False,2030.0,2030.5
11114,1242,1335,s,200,201.0,False,2030.0,2030.25
11115,1242,1400,s,200,204.0,False,2030.0,2031.0
11116,1242,1615,s,200,207.0,False,2030.0,2031.75
11117,1306,1568,s,200,207.0,False,2030.0,2031.75
11118,1319,1513,s,200,201.0,False,2030.0,2030.25
11119,1393,1507,s,200,203.0,False,2030.0,2030.75
11120,1401,1435,s,200,201.0,False,2030.0,2030.25
11121,1412,1346,s,200,204.0,False,2030.0,2031.0
11122,1589,1718,s,200,210.0,False,2030.0,2032.5
11123,1596,1615,s,200,202.0,False,2030.0,2030.5
11124,1642,1630,s,200,201.0,False,2030.0,2030.25
11125,1729,2096,s,200,201.0,False,2030.0,2030.25
11126,1749,1560,s,200,207.0,False,2030.0,2031.75
11127,1751,1568,s,200,201.0,False,2030.0,2030.25
11128,1794,1568,s,200,202.0,False,2030.0,2030.5
11129,1968,1428,s,200,201.0,False,2030.0,2030.25
11130,2043,1282,s,200,202.0,False,2030.0,2030.5
11131,2127,1599,s,200,203.0,False,2030.0,2030.75
11132,2127,1903,s,200,206.0,False,2030.0,2031.5
11133,1237,1463,l,200,205.0,True,2030.0,2031.25
11134,1239,1372,l,200,210.0,True,2030.0,2032.5
11135,1609,1428,l,200,,True,2030.0,
11136,1678,1011,l,200,226.0,True,2030.0,2036.5
11137,1524,1903,l,200,,True,2030.0,
11138,1621,1669,l,200,218.0,True,2030.0,2034.5
11139,1235,1185,l,200,,True,2030.0,
11140,1585,1560,l,200,,True,2030.0,
11141,2043,1190,l,200,,True,2030.0,
11142,57,1517,s,201,206.0,False,2030.25,2031.5
11143,262,1367,s,201,202.0,False,2030.25,2030.5
11144,394,1903,s,201,210.0,False,2030.25,2032.5
11145,415,1615,s,201,209.0,False,2030.25,2032.25
11146,418,97,s,201,201.0,False,2030.25,2030.25
11147,452,1201,s,201,202.0,False,2030.25,2030.5
11148,507,1335,s,201,201.0,False,2030.25,2030.25
11149,630,1821,s,201,202.0,False,2030.25,2030.5
11150,743,653,s,201,201.0,False,2030.25,2030.25
11151,1005,2021,s,201,224.0,False,2030.25,2036.0
11152,1079,785,s,201,202.0,False,2030.25,2030.5
11153,1079,1517,s,201,202.0,False,2030.25,2030.5
11154,1087,1764,s,201,206.0,False,2030.25,2031.5
11155,1153,1902,s,201,204.0,False,2030.25,2031.0
11156,1235,1282,s,201,202.0,False,2030.25,2030.5
11157,1412,1272,s,201,207.0,False,2030.25,2031.75
11158,1412,1821,s,201,202.0,False,2030.25,2030.5
11159,1452,1601,s,201,202.0,False,2030.25,2030.5
11160,1609,1599,s,201,204.0,False,2030.25,2031.0
11161,1642,1821,s,201,210.0,False,2030.25,2032.5
11162,1668,2018,s,201,203.0,False,2030.25,2030.75
11163,1712,1388,s,201,203.0,False,2030.25,2030.75
11164,1751,1475,s,201,204.0,False,2030.25,2031.0
11165,1946,1435,s,201,205.0,False,2030.25,2031.25
11166,1968,1463,s,201,202.0,False,2030.25,2030.5
11167,2043,1367,s,201,204.0,False,2030.25,2031.0
11168,169,2121,s,201,203.0,False,2030.25,2030.75
11169,465,108,s,201,202.0,False,2030.25,2030.5
11170,551,1400,s,201,202.0,False,2030.25,2030.5
11171,791,856,s,201,203.0,False,2030.25,2030.75
11172,791,1922,s,201,202.0,False,2030.25,2030.5
11173,815,1615,s,201,209.0,False,2030.25,2032.25
11174,1156,1388,s,201,219.0,False,2030.25,2034.75
11175,1159,1903,s,201,212.0,False,2030.25,2033.0
11176,1183,1339,s,201,213.0,False,2030.25,2033.25
11177,1225,1582,s,201,205.0,False,2030.25,2031.25
11178,1239,1615,s,201,216.0,False,2030.25,2034.0
11179,1242,1367,s,201,216.0,False,2030.25,2034.0
11180,1266,1475,s,201,202.0,False,2030.25,2030.5
11181,1306,1560,s,201,208.0,False,2030.25,2032.0
11182,1341,1669,s,201,201.0,False,2030.25,2030.25
11183,1359,572,s,201,201.0,False,2030.25,2030.25
11184,1382,1247,s,201,203.0,False,2030.25,2030.75
11185,1382,2019,s,201,204.0,False,2030.25,2031.0
11186,1401,1821,s,201,208.0,False,2030.25,2032.0
11187,1412,1436,s,201,202.0,False,2030.25,2030.5
11188,1545,1582,s,201,201.0,False,2030.25,2030.25
11189,1655,1669,s,201,205.0,False,2030.25,2031.25
11190,1677,1232,s,201,213.0,False,2030.25,2033.25
11191,1678,1281,s,201,204.0,False,2030.25,2031.0
11192,1804,1582,s,201,206.0,False,2030.25,2031.5
11193,1968,1821,s,201,206.0,False,2030.25,2031.5
11194,2062,1026,s,201,205.0,False,2030.25,2031.25
11195,230,320,s,201,208.0,False,2030.25,2032.0
11196,262,224,s,201,202.0,False,2030.25,2030.5
11197,507,82,s,201,209.0,False,2030.25,2032.25
11198,637,1615,s,201,212.0,False,2030.25,2033.0
11199,859,108,s,201,203.0,False,2030.25,2030.75
11200,1079,1015,s,201,204.0,False,2030.25,2031.0
11201,1236,1463,s,201,203.0,False,2030.25,2030.75
11202,1266,1560,s,201,203.0,False,2030.25,2030.75
11203,1319,1582,s,201,203.0,False,2030.25,2030.75
11204,1359,785,s,201,208.0,False,2030.25,2032.0
11205,1393,1281,s,201,205.0,False,2030.25,2031.25
11206,1412,1409,s,201,202.0,False,2030.25,2030.5
11207,1417,1687,s,201,203.0,False,2030.25,2030.75
11208,1527,1560,s,201,214.0,False,2030.25,2033.5
11209,1619,1247,s,201,205.0,False,2030.25,2031.25
11210,1619,1517,s,201,203.0,False,2030.25,2030.75
11211,1678,1247,s,201,205.0,False,2030.25,2031.25
11212,1729,1681,s,201,205.0,False,2030.25,2031.25
11213,1799,1367,s,201,208.0,False,2030.25,2032.0
11214,1294,1601,l,201,237.0,True,2030.25,2039.25
11215,1203,1615,l,201,238.0,True,2030.25,2039.5
11216,1351,1367,l,201,207.0,True,2030.25,2031.75
11217,1677,1568,l,201,,True,2030.25,
11218,1804,1669,l,201,,True,2030.25,
11219,57,572,s,202,207.0,False,2030.5,2031.75
11220,196,866,s,202,203.0,False,2030.5,2030.75
11221,230,2121,s,202,208.0,False,2030.5,2032.0
11222,248,1232,s,202,202.0,False,2030.5,2030.5
11223,303,1282,s,202,204.0,False,2030.5,2031.0
11224,415,1190,s,202,203.0,False,2030.5,2030.75
11225,837,1615,s,202,204.0,False,2030.5,2031.0
11226,1079,97,s,202,204.0,False,2030.5,2031.0
11227,1187,1436,s,202,210.0,False,2030.5,2032.5
11228,1187,1568,s,202,204.0,False,2030.5,2031.0
11229,1187,1687,s,202,207.0,False,2030.5,2031.75
11230,1206,1339,s,202,204.0,False,2030.5,2031.0
11231,1330,1335,s,202,202.0,False,2030.5,2030.5
11232,1359,146,s,202,203.0,False,2030.5,2030.75
11233,1412,1299,s,202,204.0,False,2030.5,2031.0
11234,1445,1821,s,202,204.0,False,2030.5,2031.0
11235,1452,1513,s,202,209.0,False,2030.5,2032.25
11236,1596,1388,s,202,202.0,False,2030.5,2030.5
11237,1609,1687,s,202,205.0,False,2030.5,2031.25
11238,1621,1560,s,202,205.0,False,2030.5,2031.25
11239,1629,1669,s,202,204.0,False,2030.5,2031.0
11240,1678,1335,s,202,204.0,False,2030.5,2031.0
11241,1751,1680,s,202,203.0,False,2030.5,2030.75
11242,507,1428,s,202,204.0,False,2030.5,2031.0
11243,637,1388,s,202,210.0,False,2030.5,2032.5
11244,871,1282,s,202,203.0,False,2030.5,2030.75
11245,1082,1201,s,202,203.0,False,2030.5,2030.75
11246,1235,1385,s,202,203.0,False,2030.5,2030.75
11247,1263,1604,s,202,214.0,False,2030.5,2033.5
11248,1266,1201,s,202,208.0,False,2030.5,2032.0
11249,1266,1802,s,202,205.0,False,2030.5,2031.25
11250,1325,1321,s,202,205.0,False,2030.5,2031.25
11251,1401,1475,s,202,202.0,False,2030.5,2030.5
11252,1405,1335,s,202,203.0,False,2030.5,2030.75
11253,1574,785,s,202,212.0,False,2030.5,2033.0
11254,1589,1436,s,202,204.0,False,2030.5,2031.0
11255,1677,1463,s,202,204.0,False,2030.5,2031.0
11256,2127,1252,s,202,203.0,False,2030.5,2030.75
11257,87,1821,s,202,203.0,False,2030.5,2030.75
11258,260,97,s,202,203.0,False,2030.5,2030.75
11259,791,2021,s,202,206.0,False,2030.5,2031.5
11260,913,1675,s,202,204.0,False,2030.5,2031.0
11261,1005,1902,s,202,203.0,False,2030.5,2030.75
11262,1005,1998,s,202,203.0,False,2030.5,2030.75
11263,1079,1463,s,202,203.0,False,2030.5,2030.75
11264,1266,1413,s,202,205.0,False,2030.5,2031.25
11265,1306,1342,s,202,221.0,False,2030.5,2035.25
11266,1329,1282,s,202,205.0,False,2030.5,2031.25
11267,1595,2021,s,202,203.0,False,2030.5,2030.75
11268,1619,1599,s,202,203.0,False,2030.5,2030.75
11269,1621,1784,s,202,206.0,False,2030.5,2031.5
11270,1661,1669,s,202,206.0,False,2030.5,2031.5
11271,1737,1628,s,202,206.0,False,2030.5,2031.5
11272,2002,1463,s,202,210.0,False,2030.5,2032.5
11273,1711,1669,l,202,231.0,True,2030.5,2037.75
11274,1396,1247,l,202,,True,2030.5,
11275,1203,1455,l,202,,True,2030.5,
11276,1239,1436,l,202,222.0,True,2030.5,2035.5
11277,1595,1463,l,202,,True,2030.5,
11278,412,1487,s,203,205.0,False,2030.75,2031.25
11279,507,740,s,203,209.0,False,2030.75,2032.25
11280,630,1613,s,203,203.0,False,2030.75,2030.75
11281,791,1240,s,203,205.0,False,2030.75,2031.25
11282,917,965,s,203,210.0,False,2030.75,2032.5
11283,1074,1015,s,203,211.0,False,2030.75,2032.75
11284,1079,785,s,203,205.0,False,2030.75,2031.25
11285,1079,1201,s,203,205.0,False,2030.75,2031.25
11286,1079,1321,s,203,206.0,False,2030.75,2031.5
11287,1082,572,s,203,220.0,False,2030.75,2035.0
11288,1187,1582,s,203,203.0,False,2030.75,2030.75
11289,1239,1613,s,203,221.0,False,2030.75,2035.25
11290,1242,1463,s,203,207.0,False,2030.75,2031.75
11291,1242,1604,s,203,208.0,False,2030.75,2032.0
11292,1306,1211,s,203,211.0,False,2030.75,2032.75
11293,1396,1281,s,203,205.0,False,2030.75,2031.25
11294,1396,1367,s,203,208.0,False,2030.75,2032.0
11295,1545,1568,s,203,211.0,False,2030.75,2032.75
11296,1587,1680,s,203,203.0,False,2030.75,2030.75
11297,1595,2096,s,203,205.0,False,2030.75,2031.25
11298,1661,1674,s,203,205.0,False,2030.75,2031.25
11299,1748,1487,s,203,205.0,False,2030.75,2031.25
11300,1748,1713,s,203,204.0,False,2030.75,2031.0
11301,1788,1508,s,203,206.0,False,2030.75,2031.5
11302,2002,1560,s,203,204.0,False,2030.75,2031.0
11303,2043,1645,s,203,206.0,False,2030.75,2031.5
11304,87,1282,s,203,212.0,False,2030.75,2033.0
11305,214,1339,s,203,205.0,False,2030.75,2031.25
11306,260,789,s,203,212.0,False,2030.75,2033.0
11307,412,1158,s,203,204.0,False,2030.75,2031.0
11308,412,1517,s,203,213.0,False,2030.75,2033.25
11309,927,1615,s,203,203.0,False,2030.75,2030.75
11310,1079,1615,s,203,207.0,False,2030.75,2031.75
11311,1220,1321,s,203,218.0,False,2030.75,2034.5
11312,1270,1687,s,203,211.0,False,2030.75,2032.75
11313,1306,1508,s,203,211.0,False,2030.75,2032.75
11314,1319,1568,s,203,213.0,False,2030.75,2033.25
11315,1330,1903,s,203,205.0,False,2030.75,2031.25
11316,1359,1613,s,203,206.0,False,2030.75,2031.5
11317,1445,1568,s,203,204.0,False,2030.75,2031.0
11318,1580,1526,s,203,209.0,False,2030.75,2032.25
11319,1588,1821,s,203,208.0,False,2030.75,2032.0
11320,1621,1549,s,203,216.0,False,2030.75,2034.0
11321,1678,1282,s,203,203.0,False,2030.75,2030.75
11322,1748,1669,s,203,205.0,False,2030.75,2031.25
11323,1751,1463,s,203,209.0,False,2030.75,2032.25
11324,1794,1568,s,203,206.0,False,2030.75,2031.5
11325,1946,1513,s,203,207.0,False,2030.75,2031.75
11326,2002,1508,s,203,209.0,False,2030.75,2032.25
11327,2043,1821,s,203,203.0,False,2030.75,2030.75
11328,2060,1903,s,203,203.0,False,2030.75,2030.75
11329,87,2021,s,203,206.0,False,2030.75,2031.5
11330,262,1282,s,203,205.0,False,2030.75,2031.25
11331,262,1307,s,203,207.0,False,2030.75,2031.75
11332,655,684,s,203,210.0,False,2030.75,2032.5
11333,754,572,s,203,205.0,False,2030.75,2031.25
11334,927,1349,s,203,205.0,False,2030.75,2031.25
11335,1079,1982,s,203,204.0,False,2030.75,2031.0
11336,1187,1372,s,203,212.0,False,2030.75,2033.0
11337,1242,1416,s,203,204.0,False,2030.75,2031.0
11338,1343,129,s,203,204.0,False,2030.75,2031.0
11339,1359,1342,s,203,206.0,False,2030.75,2031.5
11340,1382,1367,s,203,214.0,False,2030.75,2033.5
11341,1535,684,s,203,217.0,False,2030.75,2034.25
11342,1656,2021,s,203,211.0,False,2030.75,2032.75
11343,1661,1388,s,203,205.0,False,2030.75,2031.25
11344,1661,1460,s,203,212.0,False,2030.75,2033.0
11345,1668,1521,s,203,208.0,False,2030.75,2032.0
11346,1678,1190,s,203,205.0,False,2030.75,2031.25
11347,1683,1903,s,203,211.0,False,2030.75,2032.75
11348,1723,1201,s,203,204.0,False,2030.75,2031.0
11349,1907,1464,s,203,204.0,False,2030.75,2031.0
11350,978,965,l,203,240.0,True,2030.75,2040.0
11351,1290,1282,l,203,,True,2030.75,
11352,1396,1409,l,203,,True,2030.75,
11353,248,1190,l,203,,True,2030.75,
11354,169,653,s,204,205.0,False,2031.0,2031.25
11355,283,1513,s,204,204.0,False,2031.0,2031.0
11356,1079,2121,s,204,207.0,False,2031.0,2031.75
11357,1082,171,s,204,204.0,False,2031.0,2031.0
11358,1239,1628,s,204,205.0,False,2031.0,2031.25
11359,1330,1902,s,204,205.0,False,2031.0,2031.25
11360,1412,1282,s,204,211.0,False,2031.0,2032.75
11361,1417,1436,s,204,207.0,False,2031.0,2031.75
11362,1595,146,s,204,213.0,False,2031.0,2033.25
11363,1619,1922,s,204,204.0,False,2031.0,2031.0
11364,1683,1940,s,204,207.0,False,2031.0,2031.75
11365,1711,1400,s,204,204.0,False,2031.0,2031.0
11366,1772,1687,s,204,206.0,False,2031.0,2031.5
11367,2002,1513,s,204,207.0,False,2031.0,2031.75
11368,2043,1400,s,204,205.0,False,2031.0,2031.25
11369,57,146,s,204,211.0,False,2031.0,2032.75
11370,204,453,s,204,207.0,False,2031.0,2031.75
11371,262,1439,s,204,210.0,False,2031.0,2032.5
11372,343,1282,s,204,209.0,False,2031.0,2032.25
11373,415,159,s,204,207.0,False,2031.0,2031.75
11374,465,572,s,204,207.0,False,2031.0,2031.75
11375,507,320,s,204,215.0,False,2031.0,2033.75
11376,587,1255,s,204,210.0,False,2031.0,2032.5
11377,743,1922,s,204,206.0,False,2031.0,2031.5
11378,837,1400,s,204,207.0,False,2031.0,2031.75
11379,1005,785,s,204,206.0,False,2031.0,2031.5
11380,1006,1339,s,204,204.0,False,2031.0,2031.0
11381,1186,1335,s,204,206.0,False,2031.0,2031.5
11382,1186,1568,s,204,209.0,False,2031.0,2032.25
11383,1187,1455,s,204,205.0,False,2031.0,2031.25
11384,1242,1350,s,204,210.0,False,2031.0,2032.5
11385,1266,1339,s,204,207.0,False,2031.0,2031.75
11386,1417,1475,s,204,207.0,False,2031.0,2031.75
11387,1544,1388,s,204,205.0,False,2031.0,2031.25
11388,1589,1560,s,204,209.0,False,2031.0,2032.25
11389,1619,1335,s,204,211.0,False,2031.0,2032.75
11390,1619,1615,s,204,205.0,False,2031.0,2031.25
11391,1661,1687,s,204,207.0,False,2031.0,2031.75
11392,1678,1613,s,204,208.0,False,2031.0,2032.0
11393,1712,2019,s,204,205.0,False,2031.0,2031.25
11394,1766,1582,s,204,210.0,False,2031.0,2032.5
11395,1829,1674,s,204,205.0,False,2031.0,2031.25
11396,87,146,s,204,206.0,False,2031.0,2031.5
11397,303,1205,s,204,221.0,False,2031.0,2035.25
11398,418,866,s,204,205.0,False,2031.0,2031.25
11399,507,1613,s,204,207.0,False,2031.0,2031.75
11400,1079,1335,s,204,211.0,False,2031.0,2032.75
11401,1082,1190,s,204,213.0,False,2031.0,2033.25
11402,1186,1549,s,204,205.0,False,2031.0,2031.25
11403,1187,2019,s,204,205.0,False,2031.0,2031.25
11404,1239,1381,s,204,205.0,False,2031.0,2031.25
11405,1242,1388,s,204,205.0,False,2031.0,2031.25
11406,1319,1903,s,204,210.0,False,2031.0,2032.5
11407,1359,572,s,204,208.0,False,2031.0,2032.0
11408,1535,453,s,204,208.0,False,2031.0,2032.0
11409,1619,1367,s,204,209.0,False,2031.0,2032.25
11410,1668,1669,s,204,208.0,False,2031.0,2032.0
11411,1678,1353,s,204,205.0,False,2031.0,2031.25
11412,1678,1463,s,204,206.0,False,2031.0,2031.5
11413,1708,1903,s,204,205.0,False,2031.0,2031.25
11414,1751,1669,s,204,208.0,False,2031.0,2032.0
11415,2002,1753,s,204,205.0,False,2031.0,2031.25
11416,2062,1201,s,204,209.0,False,2031.0,2032.25
11417,2127,1628,s,204,208.0,False,2031.0,2032.0
11418,927,1388,l,204,212.0,True,2031.0,2033.0
11419,1239,1903,l,204,,True,2031.0,
11420,262,1281,l,204,215.0,True,2031.0,2033.75
11421,637,1282,l,204,241.0,True,2031.0,2040.25
11422,303,1201,s,205,209.0,False,2031.25,2032.25
11423,465,1232,s,205,205.0,False,2031.25,2031.25
11424,913,1272,s,205,219.0,False,2031.25,2034.75
11425,1006,1339,s,205,207.0,False,2031.25,2031.75
11426,1270,1550,s,205,210.0,False,2031.25,2032.5
11427,1485,1436,s,205,206.0,False,2031.25,2031.5
11428,1548,1550,s,205,206.0,False,2031.25,2031.5
11429,1629,1680,s,205,210.0,False,2031.25,2032.5
11430,1664,1672,s,205,214.0,False,2031.25,2033.5
11431,1678,1315,s,205,209.0,False,2031.25,2032.25
11432,1777,1560,s,205,207.0,False,2031.25,2031.75
11433,1829,1735,s,205,206.0,False,2031.25,2031.5
11434,1907,1560,s,205,206.0,False,2031.25,2031.5
11435,54,1615,s,205,212.0,False,2031.25,2033.0
11436,262,1521,s,205,206.0,False,2031.25,2031.5
11437,507,571,s,205,210.0,False,2031.25,2032.5
11438,1239,1367,s,205,207.0,False,2031.25,2031.75
11439,1242,1903,s,205,214.0,False,2031.25,2033.5
11440,1313,2078,s,205,209.0,False,2031.25,2032.25
11441,1359,1155,s,205,208.0,False,2031.25,2032.0
11442,1401,1409,s,205,215.0,False,2031.25,2033.75
11443,1405,1388,s,205,213.0,False,2031.25,2033.25
11444,1412,1728,s,205,208.0,False,2031.25,2032.0
11445,1417,1367,s,205,208.0,False,2031.25,2032.0
11446,1535,1247,s,205,209.0,False,2031.25,2032.25
11447,1548,2096,s,205,214.0,False,2031.25,2033.5
11448,1668,1601,s,205,218.0,False,2031.25,2034.5
11449,1677,1582,s,205,206.0,False,2031.25,2031.5
11450,1804,1315,s,205,212.0,False,2031.25,2033.0
11451,1186,1508,s,205,215.0,False,2031.25,2033.75
11452,1200,2119,s,205,206.0,False,2031.25,2031.5
11453,1330,1713,s,205,208.0,False,2031.25,2032.0
11454,1396,1821,s,205,210.0,False,2031.25,2032.5
11455,1412,1601,s,205,206.0,False,2031.25,2031.5
11456,1481,1463,s,205,209.0,False,2031.25,2032.25
11457,1485,1568,s,205,209.0,False,2031.25,2032.25
11458,1496,1475,s,205,207.0,False,2031.25,2031.75
11459,1527,1582,s,205,206.0,False,2031.25,2031.5
11460,1589,1428,s,205,206.0,False,2031.25,2031.5
11461,1678,1416,s,205,222.0,False,2031.25,2035.5
11462,2002,1669,s,205,207.0,False,2031.25,2031.75
11463,248,97,l,205,230.0,True,2031.25,2037.5
11464,837,1201,l,205,209.0,True,2031.25,2032.25
11465,1082,929,l,205,,True,2031.25,
11466,1595,1428,l,205,,True,2031.25,
11467,1907,1475,l,205,208.0,True,2031.25,2032.0
11468,1596,1517,l,205,,True,2031.25,
11469,1677,1550,l,205,,True,2031.25,
11470,1946,1673,l,205,,True,2031.25,
11471,204,1381,s,206,210.0,False,2031.5,2032.5
11472,204,2021,s,206,206.0,False,2031.5,2031.5
11473,630,1299,s,206,206.0,False,2031.5,2031.5
11474,1187,1521,s,206,211.0,False,2031.5,2032.75
11475,1242,1201,s,206,207.0,False,2031.5,2031.75
11476,1266,2121,s,206,208.0,False,2031.5,2032.0
11477,1319,1513,s,206,207.0,False,2031.5,2031.75
11478,1382,1540,s,206,207.0,False,2031.5,2031.75
11479,1452,1455,s,206,213.0,False,2031.5,2033.25
11480,1589,1404,s,206,212.0,False,2031.5,2033.0
11481,1595,1190,s,206,206.0,False,2031.5,2031.5
11482,1619,1615,s,206,209.0,False,2031.5,2032.25
11483,1804,1513,s,206,207.0,False,2031.5,2031.75
11484,169,1190,s,206,211.0,False,2031.5,2032.75
11485,507,1339,s,206,207.0,False,2031.5,2031.75
11486,732,320,s,206,212.0,False,2031.5,2033.0
11487,837,1613,s,206,212.0,False,2031.5,2033.0
11488,913,1001,s,206,210.0,False,2031.5,2032.5
11489,1082,785,s,206,208.0,False,2031.5,2032.0
11490,1082,1201,s,206,208.0,False,2031.5,2032.0
11491,1220,1903,s,206,210.0,False,2031.5,2032.5
11492,1239,1521,s,206,209.0,False,2031.5,2032.25
11493,1382,1282,s,206,208.0,False,2031.5,2032.0
11494,1393,1568,s,206,208.0,False,2031.5,2032.0
11495,1512,1902,s,206,207.0,False,2031.5,2031.75
11496,1649,1680,s,206,208.0,False,2031.5,2032.0
11497,1649,2018,s,206,207.0,False,2031.5,2031.75
11498,1668,1460,s,206,208.0,False,2031.5,2032.0
11499,1677,571,s,206,209.0,False,2031.5,2032.25
11500,1693,1713,s,206,207.0,False,2031.5,2031.75
11501,1723,1513,s,206,218.0,False,2031.5,2034.5
11502,1748,1940,s,206,207.0,False,2031.5,2031.75
11503,87,1011,s,206,215.0,False,2031.5,2033.75
11504,465,159,s,206,214.0,False,2031.5,2033.5
11505,913,97,s,206,210.0,False,2031.5,2032.5
11506,988,453,s,206,214.0,False,2031.5,2033.5
11507,1225,1335,s,206,207.0,False,2031.5,2031.75
11508,1242,1205,s,206,212.0,False,2031.5,2033.0
11509,1382,1400,s,206,207.0,False,2031.5,2031.75
11510,1406,1903,s,206,207.0,False,2031.5,2031.75
11511,1411,1560,s,206,211.0,False,2031.5,2032.75
11512,1412,1435,s,206,211.0,False,2031.5,2032.75
11513,1595,1560,s,206,207.0,False,2031.5,2031.75
11514,1619,1346,s,206,207.0,False,2031.5,2031.75
11515,1661,1475,s,206,207.0,False,2031.5,2031.75
11516,1729,1416,s,206,207.0,False,2031.5,2031.75
11517,1749,1728,s,206,207.0,False,2031.5,2031.75
11518,1772,1781,s,206,209.0,False,2031.5,2032.25
11519,1968,1388,s,206,219.0,False,2031.5,2034.75
11520,2062,146,s,206,208.0,False,2031.5,2032.0
11521,1290,1367,l,206,,True,2031.5,
11522,2150,1346,l,206,224.0,True,2031.5,2036.0
11523,1079,416,l,206,225.0,True,2031.5,2036.25
11524,1220,1282,l,206,,True,2031.5,
11525,1242,1821,l,206,,True,2031.5,
11526,1609,2119,l,206,,True,2031.5,
11527,837,583,l,206,229.0,True,2031.5,2037.25
11528,1187,1388,l,206,232.0,True,2031.5,2038.0
11529,1237,1532,l,206,,True,2031.5,
11530,637,1201,s,207,207.0,False,2031.75,2031.75
11531,743,628,s,207,222.0,False,2031.75,2035.5
11532,831,1763,s,207,209.0,False,2031.75,2032.25
11533,917,358,s,207,207.0,False,2031.75,2031.75
11534,1005,1416,s,207,207.0,False,2031.75,2031.75
11535,1079,1255,s,207,210.0,False,2031.75,2032.5
11536,1156,1222,s,207,215.0,False,2031.75,2033.75
11537,1187,1582,s,207,209.0,False,2031.75,2032.25
11538,1203,1821,s,207,208.0,False,2031.75,2032.0
11539,1242,1282,s,207,208.0,False,2031.75,2032.0
11540,1319,1339,s,207,212.0,False,2031.75,2033.0
11541,1330,1903,s,207,208.0,False,2031.75,2032.0
11542,1343,78,s,207,207.0,False,2031.75,2031.75
11543,1412,1281,s,207,208.0,False,2031.75,2032.0
11544,1595,1732,s,207,209.0,False,2031.75,2032.25
11545,1629,1568,s,207,207.0,False,2031.75,2031.75
11546,1678,1349,s,207,214.0,False,2031.75,2033.5
11547,1678,1513,s,207,212.0,False,2031.75,2033.0
11548,1693,1735,s,207,208.0,False,2031.75,2032.0
11549,1751,1550,s,207,208.0,False,2031.75,2032.0
11550,1968,1205,s,207,212.0,False,2031.75,2033.0
11551,1968,1455,s,207,216.0,False,2031.75,2034.0
11552,2150,1282,s,207,211.0,False,2031.75,2032.75
11553,204,1353,s,207,208.0,False,2031.75,2032.0
11554,204,1998,s,207,210.0,False,2031.75,2032.5
11555,262,146,s,207,208.0,False,2031.75,2032.0
11556,262,1205,s,207,218.0,False,2031.75,2034.5
11557,415,933,s,207,208.0,False,2031.75,2032.0
11558,630,1335,s,207,214.0,False,2031.75,2033.5
11559,630,2021,s,207,209.0,False,2031.75,2032.25
11560,743,653,s,207,210.0,False,2031.75,2032.5
11561,927,1201,s,207,209.0,False,2031.75,2032.25
11562,937,653,s,207,216.0,False,2031.75,2034.0
11563,1076,2021,s,207,211.0,False,2031.75,2032.75
11564,1079,1222,s,207,208.0,False,2031.75,2032.0
11565,1159,1274,s,207,214.0,False,2031.75,2033.5
11566,1203,1385,s,207,209.0,False,2031.75,2032.25
11567,1239,1680,s,207,209.0,False,2031.75,2032.25
11568,1242,1404,s,207,208.0,False,2031.75,2032.0
11569,1290,1568,s,207,210.0,False,2031.75,2032.5
11570,1401,1201,s,207,210.0,False,2031.75,2032.5
11571,1589,1507,s,207,210.0,False,2031.75,2032.5
11572,1595,1902,s,207,209.0,False,2031.75,2032.25
11573,1603,1282,s,207,213.0,False,2031.75,2033.25
11574,1678,1339,s,207,207.0,False,2031.75,2031.75
11575,1678,1435,s,207,226.0,False,2031.75,2036.5
11576,1754,1460,s,207,209.0,False,2031.75,2032.25
11577,1968,2119,s,207,207.0,False,2031.75,2031.75
11578,204,1315,s,207,211.0,False,2031.75,2032.75
11579,418,1205,s,207,216.0,False,2031.75,2034.0
11580,837,1255,s,207,220.0,False,2031.75,2035.0
11581,927,1282,s,207,212.0,False,2031.75,2033.0
11582,927,2121,s,207,208.0,False,2031.75,2032.0
11583,1079,571,s,207,212.0,False,2031.75,2033.0
11584,1200,1802,s,207,208.0,False,2031.75,2032.0
11585,1341,1339,s,207,211.0,False,2031.75,2032.75
11586,1382,1435,s,207,208.0,False,2031.75,2032.0
11587,1412,1388,s,207,210.0,False,2031.75,2032.5
11588,1538,1299,s,207,210.0,False,2031.75,2032.5
11589,1543,1821,s,207,212.0,False,2031.75,2033.0
11590,1589,1582,s,207,210.0,False,2031.75,2032.5
11591,1655,1560,s,207,212.0,False,2031.75,2033.0
11592,1668,1604,s,207,214.0,False,2031.75,2033.5
11593,1678,1353,s,207,215.0,False,2031.75,2033.75
11594,1683,1568,s,207,213.0,False,2031.75,2033.25
11595,1712,1409,s,207,208.0,False,2031.75,2032.0
11596,1717,1568,s,207,208.0,False,2031.75,2032.0
11597,1751,1757,s,207,210.0,False,2031.75,2032.5
11598,1829,1687,s,207,210.0,False,2031.75,2032.5
11599,1887,952,s,207,212.0,False,2031.75,2033.0
11600,1968,1367,s,207,213.0,False,2031.75,2033.25
11601,1968,1568,s,207,216.0,False,2031.75,2034.0
11602,2148,1599,s,207,218.0,False,2031.75,2034.5
11603,1412,1353,l,207,,True,2031.75,
11604,1454,1463,l,207,223.0,True,2031.75,2035.75
11605,1319,1338,l,207,230.0,True,2031.75,2037.5
11606,1725,129,l,207,215.0,True,2031.75,2033.75
11607,837,1517,s,208,209.0,False,2032.0,2032.25
11608,837,1821,s,208,216.0,False,2032.0,2034.0
11609,995,856,s,208,215.0,False,2032.0,2033.75
11610,1006,1222,s,208,213.0,False,2032.0,2033.25
11611,1079,933,s,208,208.0,False,2032.0,2032.0
11612,1079,1339,s,208,208.0,False,2032.0,2032.0
11613,1200,1508,s,208,210.0,False,2032.0,2032.5
11614,1328,1682,s,208,212.0,False,2032.0,2033.0
11615,1359,1983,s,208,209.0,False,2032.0,2032.25
11616,1589,1568,s,208,215.0,False,2032.0,2033.75
11617,1609,1418,s,208,210.0,False,2032.0,2032.5
11618,1647,1604,s,208,209.0,False,2032.0,2032.25
11619,1712,2097,s,208,209.0,False,2032.0,2032.25
11620,1737,1680,s,208,210.0,False,2032.0,2032.5
11621,1737,1784,s,208,208.0,False,2032.0,2032.0
11622,1772,1784,s,208,212.0,False,2032.0,2033.0
11623,1829,1735,s,208,211.0,False,2032.0,2032.75
11624,133,146,s,208,209.0,False,2032.0,2032.25
11625,169,146,s,208,217.0,False,2032.0,2034.25
11626,262,1409,s,208,208.0,False,2032.0,2032.0
11627,507,1346,s,208,222.0,False,2032.0,2035.5
11628,913,146,s,208,215.0,False,2032.0,2033.75
11629,1239,1190,s,208,212.0,False,2032.0,2033.0
11630,1266,1479,s,208,210.0,False,2032.0,2032.5
11631,1341,1680,s,208,214.0,False,2032.0,2033.5
11632,1359,1025,s,208,216.0,False,2032.0,2034.0
11633,1359,1190,s,208,212.0,False,2032.0,2033.0
11634,1406,1385,s,208,220.0,False,2032.0,2035.0
11635,1595,1455,s,208,211.0,False,2032.0,2032.75
11636,1668,1513,s,208,221.0,False,2032.0,2035.25
11637,1668,1560,s,208,219.0,False,2032.0,2034.75
11638,1678,1428,s,208,208.0,False,2032.0,2032.0
11639,1712,1672,s,208,213.0,False,2032.0,2033.25
11640,1723,1409,s,208,234.0,False,2032.0,2038.5
11641,1729,1463,s,208,208.0,False,2032.0,2032.0
11642,1772,1568,s,208,211.0,False,2032.0,2032.75
11643,1829,1784,s,208,215.0,False,2032.0,2033.75
11644,2002,1599,s,208,211.0,False,2032.0,2032.75
11645,2043,1385,s,208,213.0,False,2032.0,2033.25
11646,173,1388,s,208,209.0,False,2032.0,2032.25
11647,204,1615,s,208,224.0,False,2032.0,2036.0
11648,262,1388,s,208,211.0,False,2032.0,2032.75
11649,303,1821,s,208,209.0,False,2032.0,2032.25
11650,482,1367,s,208,215.0,False,2032.0,2033.75
11651,507,800,s,208,217.0,False,2032.0,2034.25
11652,815,952,s,208,213.0,False,2032.0,2033.25
11653,995,785,s,208,210.0,False,2032.0,2032.5
11654,1187,1374,s,208,214.0,False,2032.0,2033.5
11655,1412,1672,s,208,213.0,False,2032.0,2033.25
11656,1420,1388,s,208,212.0,False,2032.0,2033.0
11657,1481,1682,s,208,210.0,False,2032.0,2032.5
11658,1527,1513,s,208,213.0,False,2032.0,2033.25
11659,1589,1630,s,208,213.0,False,2032.0,2033.25
11660,1655,1903,s,208,214.0,False,2032.0,2033.5
11661,1661,1513,s,208,213.0,False,2032.0,2033.25
11662,1666,1487,s,208,209.0,False,2032.0,2032.25
11663,1666,1784,s,208,211.0,False,2032.0,2032.75
11664,1712,1781,s,208,210.0,False,2032.0,2032.5
11665,1737,1960,s,208,211.0,False,2032.0,2032.75
11666,1749,1335,s,208,210.0,False,2032.0,2032.5
11667,1751,1508,s,208,213.0,False,2032.0,2033.25
11668,1751,1690,s,208,210.0,False,2032.0,2032.5
11669,1751,1811,s,208,224.0,False,2032.0,2036.0
11670,1766,1756,s,208,211.0,False,2032.0,2032.75
11671,1968,1902,s,208,211.0,False,2032.0,2032.75
11672,2150,1508,s,208,214.0,False,2032.0,2033.5
11673,1401,1281,l,208,,True,2032.0,
11674,2060,1802,l,208,219.0,True,2032.0,2034.75
11675,791,1517,l,208,,True,2032.0,
11676,1417,1672,l,208,,True,2032.0,
11677,1359,1922,l,208,,True,2032.0,
11678,1595,1821,l,208,,True,2032.0,
11679,133,572,s,209,211.0,False,2032.25,2032.75
11680,169,1321,s,209,213.0,False,2032.25,2033.25
11681,394,1282,s,209,213.0,False,2032.25,2033.25
11682,507,1615,s,209,210.0,False,2032.25,2032.5
11683,1079,1281,s,209,221.0,False,2032.25,2035.25
11684,1157,1388,s,209,211.0,False,2032.25,2032.75
11685,1186,2021,s,209,219.0,False,2032.25,2034.75
11686,1237,1568,s,209,210.0,False,2032.25,2032.5
11687,1242,1508,s,209,213.0,False,2032.25,2033.25
11688,1351,1581,s,209,211.0,False,2032.25,2032.75
11689,1390,1435,s,209,211.0,False,2032.25,2032.75
11690,1420,1342,s,209,210.0,False,2032.25,2032.5
11691,1452,1282,s,209,215.0,False,2032.25,2033.75
11692,1548,1578,s,209,212.0,False,2032.25,2033.0
11693,1595,1346,s,209,212.0,False,2032.25,2033.0
11694,1600,1682,s,209,213.0,False,2032.25,2033.25
11695,1609,1652,s,209,219.0,False,2032.25,2034.75
11696,1649,1687,s,209,210.0,False,2032.25,2032.5
11697,1655,1734,s,209,210.0,False,2032.25,2032.5
11698,1708,1756,s,209,209.0,False,2032.25,2032.25
11699,1712,1409,s,209,225.0,False,2032.25,2036.25
11700,1729,1781,s,209,211.0,False,2032.25,2032.75
11701,1788,1601,s,209,215.0,False,2032.25,2033.75
11702,1794,1568,s,209,220.0,False,2032.25,2035.0
11703,1804,1549,s,209,218.0,False,2032.25,2034.5
11704,2150,1463,s,209,216.0,False,2032.25,2034.0
11705,87,1015,s,209,215.0,False,2032.25,2033.75
11706,248,2120,s,209,210.0,False,2032.25,2032.5
11707,262,1335,s,209,215.0,False,2032.25,2033.75
11708,418,1321,s,209,215.0,False,2032.25,2033.75
11709,507,1361,s,209,215.0,False,2032.25,2033.75
11710,791,85,s,209,213.0,False,2032.25,2033.25
11711,791,146,s,209,218.0,False,2032.25,2034.5
11712,927,1335,s,209,215.0,False,2032.25,2033.75
11713,1319,1669,s,209,209.0,False,2032.25,2032.25
11714,1393,1409,s,209,211.0,False,2032.25,2032.75
11715,1396,1463,s,209,212.0,False,2032.25,2033.0
11716,1452,1428,s,209,213.0,False,2032.25,2033.25
11717,1545,2119,s,209,211.0,False,2032.25,2032.75
11718,1580,1487,s,209,222.0,False,2032.25,2035.5
11719,1595,1413,s,209,222.0,False,2032.25,2035.5
11720,1661,1687,s,209,214.0,False,2032.25,2033.5
11721,1678,1367,s,209,210.0,False,2032.25,2032.5
11722,1712,1670,s,209,212.0,False,2032.25,2033.0
11723,1729,1672,s,209,211.0,False,2032.25,2032.75
11724,1729,1903,s,209,211.0,False,2032.25,2032.75
11725,1737,1784,s,209,210.0,False,2032.25,2032.5
11726,1751,1669,s,209,212.0,False,2032.25,2033.0
11727,1908,1760,s,209,210.0,False,2032.25,2032.5
11728,2043,1560,s,209,209.0,False,2032.25,2032.25
11729,2043,1669,s,209,210.0,False,2032.25,2032.5
11730,204,1464,s,209,211.0,False,2032.25,2032.75
11731,283,97,s,209,211.0,False,2032.25,2032.75
11732,303,1615,s,209,216.0,False,2032.25,2034.0
11733,303,2121,s,209,213.0,False,2032.25,2033.25
11734,837,1335,s,209,211.0,False,2032.25,2032.75
11735,1186,1282,s,209,213.0,False,2032.25,2033.25
11736,1203,1463,s,209,210.0,False,2032.25,2032.5
11737,1237,1388,s,209,218.0,False,2032.25,2034.5
11738,1242,1463,s,209,211.0,False,2032.25,2032.75
11739,1290,1669,s,209,212.0,False,2032.25,2033.0
11740,1359,146,s,209,211.0,False,2032.25,2032.75
11741,1412,1428,s,209,212.0,False,2032.25,2033.0
11742,1412,2019,s,209,217.0,False,2032.25,2034.25
11743,1454,1903,s,209,211.0,False,2032.25,2032.75
11744,1580,1515,s,209,212.0,False,2032.25,2033.0
11745,1595,1582,s,209,216.0,False,2032.25,2034.0
11746,1655,2096,s,209,218.0,False,2032.25,2034.5
11747,1668,1409,s,209,213.0,False,2032.25,2033.25
11748,1684,2018,s,209,214.0,False,2032.25,2033.5
11749,1751,1513,s,209,215.0,False,2032.25,2033.75
11750,1847,1942,s,209,212.0,False,2032.25,2033.0
11751,2002,1680,s,209,213.0,False,2032.25,2033.25
11752,2060,1367,s,209,214.0,False,2032.25,2033.5
11753,2150,1781,s,209,213.0,False,2032.25,2033.25
11754,1183,1252,l,209,236.0,True,2032.25,2039.0
11755,1239,1902,l,209,,True,2032.25,
11756,1330,1435,l,209,,True,2032.25,
11757,1677,1526,l,209,221.0,True,2032.25,2035.25
11758,791,1615,l,209,212.0,True,2032.25,2033.0
11759,913,1339,l,209,218.0,True,2032.25,2034.5
11760,1157,1613,l,209,,True,2032.25,
11761,1527,1568,l,209,,True,2032.25,
11762,1677,1353,l,209,221.0,True,2032.25,2035.25
11763,1723,1299,l,209,212.0,True,2032.25,2033.0
11764,1799,1902,l,209,,True,2032.25,
11765,1294,2021,l,209,,True,2032.25,
11766,1481,1525,l,209,,True,2032.25,
11767,1589,1560,l,209,,True,2032.25,
11768,1684,2097,l,209,220.0,True,2032.25,2035.0
11769,1729,1463,l,209,234.0,True,2032.25,2038.5
11770,1946,2119,l,209,,True,2032.25,
11771,87,571,s,210,212.0,False,2032.5,2033.0
11772,113,311,s,210,211.0,False,2032.5,2032.75
11773,204,1205,s,210,215.0,False,2032.5,2033.75
11774,262,2021,s,210,213.0,False,2032.5,2033.25
11775,303,1201,s,210,216.0,False,2032.5,2034.0
11776,304,1763,s,210,212.0,False,2032.5,2033.0
11777,343,2021,s,210,211.0,False,2032.5,2032.75
11778,507,1998,s,210,214.0,False,2032.5,2033.5
11779,575,146,s,210,210.0,False,2032.5,2032.5
11780,637,146,s,210,230.0,False,2032.5,2037.5
11781,837,1281,s,210,210.0,False,2032.5,2032.5
11782,1079,929,s,210,218.0,False,2032.5,2034.5
11783,1080,1222,s,210,213.0,False,2032.5,2033.25
11784,1220,1582,s,210,214.0,False,2032.5,2033.5
11785,1239,1339,s,210,210.0,False,2032.5,2032.5
11786,1242,1281,s,210,217.0,False,2032.5,2034.25
11787,1266,1205,s,210,211.0,False,2032.5,2032.75
11788,1330,1388,s,210,218.0,False,2032.5,2034.5
11789,1341,1540,s,210,214.0,False,2032.5,2033.5
11790,1382,1365,s,210,212.0,False,2032.5,2033.0
11791,1412,1342,s,210,215.0,False,2032.5,2033.75
11792,1481,1653,s,210,214.0,False,2032.5,2033.5
11793,1538,2119,s,210,211.0,False,2032.5,2032.75
11794,1629,1435,s,210,211.0,False,2032.5,2032.75
11795,1656,1388,s,210,215.0,False,2032.5,2033.75
11796,1678,1190,s,210,215.0,False,2032.5,2033.75
11797,1729,1513,s,210,217.0,False,2032.5,2034.25
11798,1751,1568,s,210,211.0,False,2032.5,2032.75
11799,1751,1790,s,210,211.0,False,2032.5,2032.75
11800,2002,1942,s,210,211.0,False,2032.5,2032.75
11801,2151,1367,s,210,220.0,False,2032.5,2035.0
11802,995,571,s,210,212.0,False,2032.5,2033.0
11803,1005,1281,s,210,218.0,False,2032.5,2034.5
11804,1005,1335,s,210,214.0,False,2032.5,2033.5
11805,1082,146,s,210,212.0,False,2032.5,2033.0
11806,1401,1674,s,210,215.0,False,2032.5,2033.75
11807,1527,1436,s,210,216.0,False,2032.5,2034.0
11808,1595,1318,s,210,216.0,False,2032.5,2034.0
11809,1609,2057,s,210,210.0,False,2032.5,2032.5
11810,1625,1428,s,210,228.0,False,2032.5,2037.0
11811,1712,1902,s,210,210.0,False,2032.5,2032.5
11812,1751,1687,s,210,216.0,False,2032.5,2034.0
11813,1907,1582,s,210,211.0,False,2032.5,2032.75
11814,630,1190,s,210,219.0,False,2032.5,2034.75
11815,917,2166,s,210,213.0,False,2032.5,2033.25
11816,1154,1335,s,210,218.0,False,2032.5,2034.5
11817,1159,1315,s,210,214.0,False,2032.5,2033.5
11818,1239,1299,s,210,213.0,False,2032.5,2033.25
11819,1239,1367,s,210,215.0,False,2032.5,2033.75
11820,1324,1274,s,210,216.0,False,2032.5,2034.0
11821,1328,1902,s,210,212.0,False,2032.5,2033.0
11822,1330,1409,s,210,213.0,False,2032.5,2033.25
11823,1330,1526,s,210,213.0,False,2032.5,2033.25
11824,1417,1385,s,210,214.0,False,2032.5,2033.5
11825,1445,1756,s,210,211.0,False,2032.5,2032.75
11826,1618,1339,s,210,211.0,False,2032.5,2032.75
11827,1621,1335,s,210,211.0,False,2032.5,2032.75
11828,1661,1388,s,210,215.0,False,2032.5,2033.75
11829,1661,1903,s,210,217.0,False,2032.5,2034.25
11830,1668,1546,s,210,213.0,False,2032.5,2033.25
11831,1772,1756,s,210,215.0,False,2032.5,2033.75
11832,1829,1756,s,210,212.0,False,2032.5,2033.0
11833,2002,1902,s,210,213.0,False,2032.5,2033.25
11834,2043,1680,s,210,212.0,False,2032.5,2033.0
11835,415,578,l,210,212.0,True,2032.5,2033.0
11836,1005,1903,l,210,236.0,True,2032.5,2039.0
11837,1079,1821,l,210,,True,2032.5,
11838,1574,1513,l,210,,True,2032.5,
11839,1595,1388,l,210,239.0,True,2032.5,2039.75
11840,1647,1381,l,210,242.0,True,2032.5,2040.5
11841,342,336,s,211,211.0,False,2032.75,2032.75
11842,415,952,s,211,213.0,False,2032.75,2033.25
11843,507,1247,s,211,213.0,False,2032.75,2033.25
11844,791,49,s,211,213.0,False,2032.75,2033.25
11845,1159,1339,s,211,216.0,False,2032.75,2034.0
11846,1242,2019,s,211,211.0,False,2032.75,2032.75
11847,1324,1365,s,211,212.0,False,2032.75,2033.0
11848,1359,800,s,211,228.0,False,2032.75,2037.0
11849,1359,1321,s,211,215.0,False,2032.75,2033.75
11850,1359,1613,s,211,214.0,False,2032.75,2033.5
11851,1412,2021,s,211,215.0,False,2032.75,2033.75
11852,1535,1247,s,211,212.0,False,2032.75,2033.0
11853,1589,1682,s,211,212.0,False,2032.75,2033.0
11854,1619,1615,s,211,216.0,False,2032.75,2034.0
11855,1668,1732,s,211,215.0,False,2032.75,2033.75
11856,1668,1861,s,211,213.0,False,2032.75,2033.25
11857,1712,1568,s,211,211.0,False,2032.75,2032.75
11858,1729,1756,s,211,212.0,False,2032.75,2033.0
11859,1748,1549,s,211,219.0,False,2032.75,2034.75
11860,1775,1718,s,211,224.0,False,2032.75,2036.0
11861,1829,1838,s,211,216.0,False,2032.75,2034.0
11862,1851,1781,s,211,211.0,False,2032.75,2032.75
11863,2002,1687,s,211,217.0,False,2032.75,2034.25
11864,2150,1821,s,211,213.0,False,2032.75,2033.25
11865,204,1385,s,211,220.0,False,2032.75,2035.0
11866,262,1367,s,211,225.0,False,2032.75,2036.25
11867,303,1400,s,211,211.0,False,2032.75,2032.75
11868,507,159,s,211,215.0,False,2032.75,2033.75
11869,507,1201,s,211,213.0,False,2032.75,2033.25
11870,743,1201,s,211,218.0,False,2032.75,2034.5
11871,837,146,s,211,212.0,False,2032.75,2033.0
11872,837,1998,s,211,211.0,False,2032.75,2032.75
11873,1074,1255,s,211,214.0,False,2032.75,2033.5
11874,1079,1282,s,211,212.0,False,2032.75,2033.0
11875,1079,1615,s,211,213.0,False,2032.75,2033.25
11876,1290,1435,s,211,213.0,False,2032.75,2033.25
11877,1330,1903,s,211,211.0,False,2032.75,2032.75
11878,1354,1282,s,211,213.0,False,2032.75,2033.25
11879,1401,1455,s,211,220.0,False,2032.75,2035.0
11880,1401,2021,s,211,217.0,False,2032.75,2034.25
11881,1412,1299,s,211,222.0,False,2032.75,2035.5
11882,1441,1381,s,211,222.0,False,2032.75,2035.5
11883,1589,1513,s,211,219.0,False,2032.75,2034.75
11884,1595,1334,s,211,217.0,False,2032.75,2034.25
11885,1595,1521,s,211,214.0,False,2032.75,2033.5
11886,1596,1353,s,211,214.0,False,2032.75,2033.5
11887,1629,1669,s,211,215.0,False,2032.75,2033.75
11888,1649,1339,s,211,219.0,False,2032.75,2034.75
11889,1664,2096,s,211,214.0,False,2032.75,2033.5
11890,1804,1880,s,211,214.0,False,2032.75,2033.5
11891,2150,1902,s,211,219.0,False,2032.75,2034.75
11892,87,1318,s,211,222.0,False,2032.75,2035.5
11893,303,159,s,211,219.0,False,2032.75,2034.75
11894,412,1463,s,211,218.0,False,2032.75,2034.5
11895,507,1185,s,211,213.0,False,2032.75,2033.25
11896,522,1615,s,211,217.0,False,2032.75,2034.25
11897,1006,1339,s,211,212.0,False,2032.75,2033.0
11898,1079,1190,s,211,217.0,False,2032.75,2034.25
11899,1079,1274,s,211,212.0,False,2032.75,2033.0
11900,1187,1517,s,211,213.0,False,2032.75,2033.25
11901,1200,1582,s,211,215.0,False,2032.75,2033.75
11902,1235,1903,s,211,214.0,False,2032.75,2033.5
11903,1306,1388,s,211,212.0,False,2032.75,2033.0
11904,1382,1436,s,211,216.0,False,2032.75,2034.0
11905,1401,1299,s,211,212.0,False,2032.75,2033.0
11906,1445,1735,s,211,213.0,False,2032.75,2033.25
11907,1452,1903,s,211,213.0,False,2032.75,2033.25
11908,1454,1672,s,211,212.0,False,2032.75,2033.0
11909,1514,1463,s,211,219.0,False,2032.75,2034.75
11910,1589,1582,s,211,217.0,False,2032.75,2034.25
11911,1678,2021,s,211,215.0,False,2032.75,2033.75
11912,2041,1821,s,211,212.0,False,2032.75,2033.0
11913,893,628,l,211,216.0,True,2032.75,2034.0
11914,1079,2021,l,211,227.0,True,2032.75,2036.75
11915,1270,1367,l,211,,True,2032.75,
11916,1079,1998,l,211,,True,2032.75,
11917,1239,1821,l,211,218.0,True,2032.75,2034.5
11918,69,1247,s,212,215.0,False,2033.0,2033.75
11919,262,1353,s,212,231.0,False,2033.0,2037.75
11920,303,733,s,212,212.0,False,2033.0,2033.0
11921,303,1282,s,212,213.0,False,2033.0,2033.25
11922,343,1675,s,212,213.0,False,2033.0,2033.25
11923,1082,2021,s,212,214.0,False,2033.0,2033.5
11924,1265,1367,s,212,213.0,False,2033.0,2033.25
11925,1401,1367,s,212,214.0,False,2033.0,2033.5
11926,1412,1687,s,212,214.0,False,2033.0,2033.5
11927,1441,1568,s,212,219.0,False,2033.0,2034.75
11928,1481,1247,s,212,213.0,False,2033.0,2033.25
11929,1595,1190,s,212,216.0,False,2033.0,2034.0
11930,1595,1404,s,212,218.0,False,2033.0,2034.5
11931,1595,1455,s,212,216.0,False,2033.0,2034.0
11932,1595,1590,s,212,216.0,False,2033.0,2034.0
11933,1647,1582,s,212,214.0,False,2033.0,2033.5
11934,1656,1201,s,212,213.0,False,2033.0,2033.25
11935,1678,1201,s,212,215.0,False,2033.0,2033.75
11936,1729,1435,s,212,215.0,False,2033.0,2033.75
11937,1799,2183,s,212,212.0,False,2033.0,2033.0
11938,2127,1599,s,212,214.0,False,2033.0,2033.5
11939,204,1413,s,212,218.0,False,2033.0,2034.5
11940,507,1335,s,212,214.0,False,2033.0,2033.5
11941,705,534,s,212,213.0,False,2033.0,2033.25
11942,937,2185,s,212,224.0,False,2033.0,2036.0
11943,1079,1785,s,212,216.0,False,2033.0,2034.0
11944,1237,1436,s,212,217.0,False,2033.0,2034.25
11945,1359,1282,s,212,217.0,False,2033.0,2034.25
11946,1401,1680,s,212,217.0,False,2033.0,2034.25
11947,1596,1358,s,212,217.0,False,2033.0,2034.25
11948,1655,1540,s,212,213.0,False,2033.0,2033.25
11949,1661,1532,s,212,213.0,False,2033.0,2033.25
11950,1668,2018,s,212,213.0,False,2033.0,2033.25
11951,1723,1568,s,212,218.0,False,2033.0,2034.5
11952,1754,1739,s,212,212.0,False,2033.0,2033.0
11953,637,800,s,212,218.0,False,2033.0,2034.5
11954,913,1517,s,212,214.0,False,2033.0,2033.5
11955,937,1880,s,212,217.0,False,2033.0,2034.25
11956,995,1615,s,212,215.0,False,2033.0,2033.75
11957,1266,1508,s,212,213.0,False,2033.0,2033.25
11958,1306,1821,s,212,214.0,False,2033.0,2033.5
11959,1396,1335,s,212,218.0,False,2033.0,2034.5
11960,1401,1222,s,212,217.0,False,2033.0,2034.25
11961,1589,1581,s,212,217.0,False,2033.0,2034.25
11962,1595,1550,s,212,213.0,False,2033.0,2033.25
11963,1600,1568,s,212,223.0,False,2033.0,2035.75
11964,1677,1821,s,212,221.0,False,2033.0,2035.25
11965,1772,1436,s,212,219.0,False,2033.0,2034.75
11966,1796,1713,s,212,223.0,False,2033.0,2035.75
11967,1804,1513,s,212,216.0,False,2033.0,2034.0
11968,2041,1508,s,212,218.0,False,2033.0,2034.5
11969,1382,97,l,212,,True,2033.0,
11970,1445,1756,l,212,,True,2033.0,
11971,1005,1282,l,212,,True,2033.0,
11972,1206,1367,l,212,219.0,True,2033.0,2034.75
11973,1656,1590,l,212,230.0,True,2033.0,2037.5
11974,1766,1428,l,212,,True,2033.0,
11975,204,1463,l,212,,True,2033.0,
11976,507,653,l,212,216.0,True,2033.0,2034.0
11977,1390,1821,l,212,,True,2033.0,
11978,204,1388,s,213,216.0,False,2033.25,2034.0
11979,418,1190,s,213,216.0,False,2033.25,2034.0
11980,465,1615,s,213,215.0,False,2033.25,2033.75
11981,902,800,s,213,213.0,False,2033.25,2033.25
11982,1074,1381,s,213,218.0,False,2033.25,2034.5
11983,1079,1675,s,213,216.0,False,2033.25,2034.0
11984,1206,1428,s,213,219.0,False,2033.25,2034.75
11985,1239,1315,s,213,213.0,False,2033.25,2033.25
11986,1266,1201,s,213,215.0,False,2033.25,2033.75
11987,1401,1435,s,213,230.0,False,2033.25,2037.5
11988,1595,1291,s,213,225.0,False,2033.25,2036.25
11989,1595,1568,s,213,214.0,False,2033.25,2033.5
11990,1595,2018,s,213,214.0,False,2033.25,2033.5
11991,1609,1310,s,213,217.0,False,2033.25,2034.25
11992,1678,1532,s,213,215.0,False,2033.25,2033.75
11993,1683,1781,s,213,214.0,False,2033.25,2033.5
11994,1723,1998,s,213,216.0,False,2033.25,2034.0
11995,1772,2018,s,213,214.0,False,2033.25,2033.5
11996,133,572,s,213,216.0,False,2033.25,2034.0
11997,247,1252,s,213,216.0,False,2033.25,2034.0
11998,913,1428,s,213,227.0,False,2033.25,2036.75
11999,913,1613,s,213,216.0,False,2033.25,2034.0
12000,1074,1615,s,213,223.0,False,2033.25,2035.75
12001,1187,1513,s,213,213.0,False,2033.25,2033.25
12002,1187,1903,s,213,216.0,False,2033.25,2034.0
12003,1220,1416,s,213,215.0,False,2033.25,2033.75
12004,1266,1342,s,213,214.0,False,2033.25,2033.5
12005,1293,1436,s,213,217.0,False,2033.25,2034.25
12006,1319,1339,s,213,214.0,False,2033.25,2033.5
12007,1323,146,s,213,214.0,False,2033.25,2033.5
12008,1330,1902,s,213,213.0,False,2033.25,2033.25
12009,1406,1335,s,213,213.0,False,2033.25,2033.25
12010,1406,1413,s,213,217.0,False,2033.25,2034.25
12011,1412,1781,s,213,217.0,False,2033.25,2034.25
12012,1445,1753,s,213,227.0,False,2033.25,2036.75
12013,1535,1615,s,213,215.0,False,2033.25,2033.75
12014,1619,1367,s,213,217.0,False,2033.25,2034.25
12015,1668,1582,s,213,219.0,False,2033.25,2034.75
12016,1729,1776,s,213,217.0,False,2033.25,2034.25
12017,1737,1339,s,213,213.0,False,2033.25,2033.25
12018,1751,1400,s,213,215.0,False,2033.25,2033.75
12019,1804,1568,s,213,216.0,False,2033.25,2034.0
12020,1829,1735,s,213,220.0,False,2033.25,2035.0
12021,2127,2057,s,213,215.0,False,2033.25,2033.75
12022,262,1385,s,213,216.0,False,2033.25,2034.0
12023,412,2021,s,213,216.0,False,2033.25,2034.0
12024,507,1475,s,213,217.0,False,2033.25,2034.25
12025,630,1272,s,213,214.0,False,2033.25,2033.5
12026,927,1201,s,213,215.0,False,2033.25,2033.75
12027,1183,205,s,213,216.0,False,2033.25,2034.0
12028,1237,1205,s,213,215.0,False,2033.25,2033.75
12029,1266,1435,s,213,217.0,False,2033.25,2034.25
12030,1294,1682,s,213,223.0,False,2033.25,2035.75
12031,1401,1669,s,213,215.0,False,2033.25,2033.75
12032,1401,1903,s,213,217.0,False,2033.25,2034.25
12033,1412,1247,s,213,215.0,False,2033.25,2033.75
12034,1417,1560,s,213,220.0,False,2033.25,2035.0
12035,1481,1568,s,213,216.0,False,2033.25,2034.0
12036,1524,1568,s,213,224.0,False,2033.25,2036.0
12037,1629,1560,s,213,216.0,False,2033.25,2034.0
12038,1668,2019,s,213,216.0,False,2033.25,2034.0
12039,1678,1335,s,213,216.0,False,2033.25,2034.0
12040,1683,1811,s,213,227.0,False,2033.25,2036.75
12041,1729,1682,s,213,222.0,False,2033.25,2035.5
12042,1772,1568,s,213,218.0,False,2033.25,2034.5
12043,1772,1672,s,213,218.0,False,2033.25,2034.5
12044,1851,2098,s,213,214.0,False,2033.25,2033.5
12045,1945,1599,s,213,215.0,False,2033.25,2033.75
12046,1306,1521,l,213,228.0,True,2033.25,2037.0
12047,1406,1381,l,213,,True,2033.25,
12048,1723,1582,l,213,,True,2033.25,
12049,303,572,l,213,,True,2033.25,
12050,837,800,l,213,,True,2033.25,
12051,1354,1388,l,213,214.0,True,2033.25,2033.5
12052,1396,1281,l,213,230.0,True,2033.25,2037.5
12053,1405,1560,l,213,,True,2033.25,
12054,1589,1388,l,213,,True,2033.25,
12055,2127,1403,l,213,,True,2033.25,
12056,262,1190,l,213,219.0,True,2033.25,2034.75
12057,1907,1781,l,213,215.0,True,2033.25,2033.75
12058,2129,1739,l,213,,True,2033.25,
12059,204,1321,s,214,222.0,False,2033.5,2035.5
12060,356,952,s,214,216.0,False,2033.5,2034.0
12061,837,1274,s,214,228.0,False,2033.5,2037.0
12062,913,1388,s,214,216.0,False,2033.5,2034.0
12063,1006,1339,s,214,224.0,False,2033.5,2036.0
12064,1079,97,s,214,223.0,False,2033.5,2035.75
12065,1079,1388,s,214,216.0,False,2033.5,2034.0
12066,1187,1400,s,214,226.0,False,2033.5,2036.5
12067,1200,1821,s,214,216.0,False,2033.5,2034.0
12068,1203,1282,s,214,224.0,False,2033.5,2036.0
12069,1242,1568,s,214,221.0,False,2033.5,2035.25
12070,1266,1404,s,214,223.0,False,2033.5,2035.75
12071,1330,1560,s,214,217.0,False,2033.5,2034.25
12072,1359,1247,s,214,214.0,False,2033.5,2033.5
12073,1401,1672,s,214,216.0,False,2033.5,2034.0
12074,1437,1388,s,214,214.0,False,2033.5,2033.5
12075,1481,1475,s,214,214.0,False,2033.5,2033.5
12076,1535,1201,s,214,214.0,False,2033.5,2033.5
12077,1595,1436,s,214,217.0,False,2033.5,2034.25
12078,1619,1205,s,214,217.0,False,2033.5,2034.25
12079,1621,1463,s,214,214.0,False,2033.5,2033.5
12080,1661,1838,s,214,216.0,False,2033.5,2034.0
12081,1723,1342,s,214,215.0,False,2033.5,2033.75
12082,1968,1821,s,214,217.0,False,2033.5,2034.25
12083,2002,1604,s,214,221.0,False,2033.5,2035.25
12084,196,2122,s,214,217.0,False,2033.5,2034.25
12085,204,1281,s,214,214.0,False,2033.5,2033.5
12086,303,785,s,214,235.0,False,2033.5,2038.75
12087,418,159,s,214,215.0,False,2033.5,2033.75
12088,913,653,s,214,221.0,False,2033.5,2035.25
12089,1074,1998,s,214,214.0,False,2033.5,2033.5
12090,1187,1190,s,214,226.0,False,2033.5,2036.5
12091,1187,1367,s,214,216.0,False,2033.5,2034.0
12092,1200,1902,s,214,220.0,False,2033.5,2035.0
12093,1266,146,s,214,215.0,False,2033.5,2033.75
12094,1351,1776,s,214,215.0,False,2033.5,2033.75
12095,1527,1416,s,214,218.0,False,2033.5,2034.5
12096,1629,2078,s,214,214.0,False,2033.5,2033.5
12097,1712,1680,s,214,216.0,False,2033.5,2034.0
12098,1723,2120,s,214,215.0,False,2033.5,2033.75
12099,1794,1687,s,214,214.0,False,2033.5,2033.5
12100,204,1353,s,214,215.0,False,2033.5,2033.75
12101,507,1190,s,214,215.0,False,2033.5,2033.75
12102,791,49,s,214,216.0,False,2033.5,2034.0
12103,791,484,s,214,217.0,False,2033.5,2034.25
12104,791,952,s,214,215.0,False,2033.5,2033.75
12105,913,1201,s,214,225.0,False,2033.5,2036.25
12106,913,1211,s,214,221.0,False,2033.5,2035.25
12107,1074,1400,s,214,218.0,False,2033.5,2034.5
12108,1079,1374,s,214,217.0,False,2033.5,2034.25
12109,1319,1508,s,214,218.0,False,2033.5,2034.5
12110,1324,1201,s,214,216.0,False,2033.5,2034.0
12111,1328,1680,s,214,215.0,False,2033.5,2033.75
12112,1420,1560,s,214,215.0,False,2033.5,2033.75
12113,1668,1463,s,214,221.0,False,2033.5,2035.25
12114,1711,1734,s,214,215.0,False,2033.5,2033.75
12115,1729,2096,s,214,219.0,False,2033.5,2034.75
12116,1751,1568,s,214,218.0,False,2033.5,2034.5
12117,1945,1674,s,214,222.0,False,2033.5,2035.5
12118,1359,1367,l,214,,True,2033.5,
12119,1393,1560,l,214,,True,2033.5,
12120,1748,1568,l,214,228.0,True,2033.5,2037.0
12121,173,2121,l,214,,True,2033.5,
12122,1359,146,l,214,,True,2033.5,
12123,1412,1388,l,214,,True,2033.5,
12124,1794,1770,l,214,,True,2033.5,
12125,1907,1902,l,214,,True,2033.5,
12126,1359,583,l,214,,True,2033.5,
12127,173,1821,s,215,216.0,False,2033.75,2034.0
12128,204,159,s,215,217.0,False,2033.75,2034.25
12129,507,1367,s,215,215.0,False,2033.75,2033.75
12130,831,1150,s,215,220.0,False,2033.75,2035.0
12131,908,108,s,215,218.0,False,2033.75,2034.5
12132,1079,1232,s,215,217.0,False,2033.75,2034.25
12133,1082,146,s,215,217.0,False,2033.75,2034.25
12134,1183,1339,s,215,218.0,False,2033.75,2034.5
12135,1187,1201,s,215,216.0,False,2033.75,2034.0
12136,1266,1335,s,215,215.0,False,2033.75,2033.75
12137,1412,1903,s,215,218.0,False,2033.75,2034.5
12138,1441,1416,s,215,215.0,False,2033.75,2033.75
12139,1452,1315,s,215,215.0,False,2033.75,2033.75
12140,1514,1568,s,215,216.0,False,2033.75,2034.0
12141,1589,1732,s,215,216.0,False,2033.75,2034.0
12142,1609,1599,s,215,219.0,False,2033.75,2034.75
12143,1619,1821,s,215,217.0,False,2033.75,2034.25
12144,1647,1682,s,215,215.0,False,2033.75,2033.75
12145,1668,1403,s,215,216.0,False,2033.75,2034.0
12146,1668,1416,s,215,217.0,False,2033.75,2034.25
12147,1712,2183,s,215,219.0,False,2033.75,2034.75
12148,1723,1902,s,215,215.0,False,2033.75,2033.75
12149,1754,1790,s,215,223.0,False,2033.75,2035.75
12150,1862,1861,s,215,216.0,False,2033.75,2034.0
12151,204,1654,s,215,218.0,False,2033.75,2034.5
12152,262,1463,s,215,216.0,False,2033.75,2034.0
12153,927,1255,s,215,217.0,False,2033.75,2034.25
12154,1074,1375,s,215,219.0,False,2033.75,2034.75
12155,1079,933,s,215,218.0,False,2033.75,2034.5
12156,1079,1205,s,215,215.0,False,2033.75,2033.75
12157,1239,1316,s,215,216.0,False,2033.75,2034.0
12158,1242,1388,s,215,215.0,False,2033.75,2033.75
12159,1266,1388,s,215,217.0,False,2033.75,2034.25
12160,1290,1388,s,215,215.0,False,2033.75,2033.75
12161,1323,1339,s,215,218.0,False,2033.75,2034.5
12162,1371,1367,s,215,216.0,False,2033.75,2034.0
12163,1412,1713,s,215,218.0,False,2033.75,2034.5
12164,1441,1409,s,215,217.0,False,2033.75,2034.25
12165,1527,1582,s,215,219.0,False,2033.75,2034.75
12166,1668,2078,s,215,217.0,False,2033.75,2034.25
12167,1723,1475,s,215,220.0,False,2033.75,2035.0
12168,1729,2018,s,215,223.0,False,2033.75,2035.75
12169,1751,2184,s,215,226.0,False,2033.75,2036.5
12170,1772,1781,s,215,218.0,False,2033.75,2034.5
12171,1804,1732,s,215,218.0,False,2033.75,2034.5
12172,204,1247,s,215,216.0,False,2033.75,2034.0
12173,262,1158,s,215,219.0,False,2033.75,2034.75
12174,262,1247,s,215,216.0,False,2033.75,2034.0
12175,791,933,s,215,219.0,False,2033.75,2034.75
12176,937,572,s,215,232.0,False,2033.75,2038.0
12177,995,1321,s,215,216.0,False,2033.75,2034.0
12178,1079,1367,s,215,221.0,False,2033.75,2035.25
12179,1079,2119,s,215,216.0,False,2033.75,2034.0
12180,1186,2121,s,215,217.0,False,2033.75,2034.25
12181,1200,1464,s,215,218.0,False,2033.75,2034.5
12182,1266,1281,s,215,222.0,False,2033.75,2035.5
12183,1396,97,s,215,220.0,False,2033.75,2035.0
12184,1452,1802,s,215,217.0,False,2033.75,2034.25
12185,1589,1601,s,215,217.0,False,2033.75,2034.25
12186,1655,1732,s,215,219.0,False,2033.75,2034.75
12187,1661,1428,s,215,217.0,False,2033.75,2034.25
12188,1693,1710,s,215,219.0,False,2033.75,2034.75
12189,1754,1680,s,215,228.0,False,2033.75,2037.0
12190,1775,1902,s,215,221.0,False,2033.75,2035.25
12191,1862,1687,s,215,216.0,False,2033.75,2034.0
12192,2041,1604,s,215,224.0,False,2033.75,2036.0
12193,2062,740,s,215,220.0,False,2033.75,2035.0
12194,87,1335,l,215,,True,2033.75,
12195,1203,1903,l,215,,True,2033.75,
12196,87,1613,l,215,226.0,True,2033.75,2036.5
12197,204,1982,s,216,224.0,False,2034.0,2036.0
12198,230,129,s,216,219.0,False,2034.0,2034.75
12199,303,1315,s,216,217.0,False,2034.0,2034.25
12200,507,1526,s,216,223.0,False,2034.0,2035.75
12201,791,416,s,216,217.0,False,2034.0,2034.25
12202,837,97,s,216,216.0,False,2034.0,2034.0
12203,902,205,s,216,218.0,False,2034.0,2034.5
12204,913,1499,s,216,219.0,False,2034.0,2034.75
12205,913,2120,s,216,219.0,False,2034.0,2034.75
12206,1079,1400,s,216,217.0,False,2034.0,2034.25
12207,1239,1568,s,216,218.0,False,2034.0,2034.5
12208,1266,2021,s,216,218.0,False,2034.0,2034.5
12209,1324,1282,s,216,220.0,False,2034.0,2035.0
12210,1359,1335,s,216,220.0,False,2034.0,2035.0
12211,1382,1513,s,216,222.0,False,2034.0,2035.5
12212,1454,1342,s,216,217.0,False,2034.0,2034.25
12213,1595,1201,s,216,221.0,False,2034.0,2035.25
12214,1661,2078,s,216,230.0,False,2034.0,2037.5
12215,1668,1385,s,216,216.0,False,2034.0,2034.0
12216,1677,1560,s,216,231.0,False,2034.0,2037.75
12217,1754,1734,s,216,216.0,False,2034.0,2034.0
12218,1772,1790,s,216,218.0,False,2034.0,2034.5
12219,1780,1781,s,216,226.0,False,2034.0,2036.5
12220,1847,1560,s,216,220.0,False,2034.0,2035.0
12221,1968,1190,s,216,226.0,False,2034.0,2036.5
12222,1968,1335,s,216,222.0,False,2034.0,2035.5
12223,87,1821,s,216,217.0,False,2034.0,2034.25
12224,630,1201,s,216,218.0,False,2034.0,2034.5
12225,837,1367,s,216,219.0,False,2034.0,2034.75
12226,908,1613,s,216,216.0,False,2034.0,2034.0
12227,1082,336,s,216,217.0,False,2034.0,2034.25
12228,1186,1388,s,216,218.0,False,2034.0,2034.5
12229,1203,1201,s,216,216.0,False,2034.0,2034.0
12230,1266,1560,s,216,220.0,False,2034.0,2035.0
12231,1412,1784,s,216,218.0,False,2034.0,2034.5
12232,1454,1752,s,216,223.0,False,2034.0,2035.75
12233,1481,1463,s,216,229.0,False,2034.0,2037.25
12234,1595,1508,s,216,219.0,False,2034.0,2034.75
12235,1656,1321,s,216,223.0,False,2034.0,2035.75
12236,1748,1756,s,216,232.0,False,2034.0,2038.0
12237,1908,1400,s,216,223.0,False,2034.0,2035.75
12238,2127,1667,s,216,225.0,False,2034.0,2036.25
12239,303,1204,s,216,222.0,False,2034.0,2035.5
12240,507,457,s,216,218.0,False,2034.0,2034.5
12241,630,1274,s,216,219.0,False,2034.0,2034.75
12242,791,358,s,216,228.0,False,2034.0,2037.0
12243,791,653,s,216,219.0,False,2034.0,2034.75
12244,1074,1463,s,216,225.0,False,2034.0,2036.25
12245,1079,146,s,216,225.0,False,2034.0,2036.25
12246,1154,1247,s,216,226.0,False,2034.0,2036.5
12247,1306,1367,s,216,217.0,False,2034.0,2034.25
12248,1390,1739,s,216,220.0,False,2034.0,2035.0
12249,1412,1687,s,216,226.0,False,2034.0,2036.5
12250,1424,2018,s,216,223.0,False,2034.0,2035.75
12251,1580,1680,s,216,232.0,False,2034.0,2038.0
12252,1595,1770,s,216,222.0,False,2034.0,2035.5
12253,1619,1962,s,216,219.0,False,2034.0,2034.75
12254,1649,1732,s,216,220.0,False,2034.0,2035.0
12255,1668,1672,s,216,218.0,False,2034.0,2034.5
12256,1712,1878,s,216,226.0,False,2034.0,2036.5
12257,1748,1601,s,216,218.0,False,2034.0,2034.5
12258,1748,1680,s,216,219.0,False,2034.0,2034.75
12259,1780,1776,s,216,217.0,False,2034.0,2034.25
12260,1804,1342,s,216,223.0,False,2034.0,2035.75
12261,1933,1861,s,216,218.0,False,2034.0,2034.5
12262,1945,1628,s,216,225.0,False,2034.0,2036.25
12263,2151,1335,s,216,221.0,False,2034.0,2035.25
12264,2151,1409,s,216,230.0,False,2034.0,2037.5
12265,1445,1252,l,216,222.0,True,2034.0,2035.5
12266,1656,2021,l,216,230.0,True,2034.0,2037.5
12267,1712,1902,l,216,227.0,True,2034.0,2036.75
12268,2002,1460,l,216,,True,2034.0,
12269,1589,1568,l,216,,True,2034.0,
12270,937,416,l,216,,True,2034.0,
12271,1621,1604,l,216,222.0,True,2034.0,2035.5
12272,204,1388,s,217,223.0,False,2034.25,2035.75
12273,262,1764,s,217,222.0,False,2034.25,2035.5
12274,465,1615,s,217,217.0,False,2034.25,2034.25
12275,837,1615,s,217,224.0,False,2034.25,2036.0
12276,913,1943,s,217,217.0,False,2034.25,2034.25
12277,1200,1413,s,217,219.0,False,2034.25,2034.75
12278,1242,1903,s,217,227.0,False,2034.25,2036.75
12279,1290,1568,s,217,219.0,False,2034.25,2034.75
12280,1406,1201,s,217,221.0,False,2034.25,2035.25
12281,1420,1784,s,217,217.0,False,2034.25,2034.25
12282,1535,1222,s,217,220.0,False,2034.25,2035.0
12283,1548,1568,s,217,229.0,False,2034.25,2037.25
12284,1595,1903,s,217,224.0,False,2034.25,2036.0
12285,1621,1590,s,217,218.0,False,2034.25,2034.5
12286,1621,1903,s,217,221.0,False,2034.25,2035.25
12287,1629,1672,s,217,218.0,False,2034.25,2034.5
12288,1655,1604,s,217,224.0,False,2034.25,2036.0
12289,1712,1436,s,217,217.0,False,2034.25,2034.25
12290,1748,1513,s,217,218.0,False,2034.25,2034.5
12291,1748,1546,s,217,231.0,False,2034.25,2037.75
12292,1772,1690,s,217,217.0,False,2034.25,2034.25
12293,1862,1861,s,217,223.0,False,2034.25,2035.75
12294,1946,1568,s,217,220.0,False,2034.25,2035.0
12295,1968,1321,s,217,218.0,False,2034.25,2034.5
12296,283,1282,s,217,218.0,False,2034.25,2034.5
12297,815,1283,s,217,218.0,False,2034.25,2034.5
12298,913,97,s,217,220.0,False,2034.25,2035.0
12299,1079,320,s,217,221.0,False,2034.25,2035.25
12300,1237,1475,s,217,220.0,False,2034.25,2035.0
12301,1323,1613,s,217,219.0,False,2034.25,2034.75
12302,1330,1372,s,217,218.0,False,2034.25,2034.5
12303,1452,1388,s,217,222.0,False,2034.25,2035.5
12304,1452,1735,s,217,218.0,False,2034.25,2034.5
12305,1494,1560,s,217,218.0,False,2034.25,2034.5
12306,1589,1604,s,217,217.0,False,2034.25,2034.25
12307,1589,2119,s,217,222.0,False,2034.25,2035.5
12308,1677,1903,s,217,235.0,False,2034.25,2038.75
12309,248,1615,s,217,223.0,False,2034.25,2035.75
12310,418,1615,s,217,218.0,False,2034.25,2034.5
12311,1005,1489,s,217,218.0,False,2034.25,2034.5
12312,1079,1546,s,217,225.0,False,2034.25,2036.25
12313,1082,1613,s,217,220.0,False,2034.25,2035.0
12314,1159,1388,s,217,218.0,False,2034.25,2034.5
12315,1242,1201,s,217,218.0,False,2034.25,2034.5
12316,1242,1582,s,217,223.0,False,2034.25,2035.75
12317,1330,1582,s,217,226.0,False,2034.25,2036.5
12318,1512,1436,s,217,222.0,False,2034.25,2035.5
12319,1535,1367,s,217,221.0,False,2034.25,2035.25
12320,1656,1190,s,217,221.0,False,2034.25,2035.25
12321,1712,1739,s,217,223.0,False,2034.25,2035.75
12322,1751,1651,s,217,223.0,False,2034.25,2035.75
12323,1945,1599,s,217,219.0,False,2034.25,2034.75
12324,2041,1645,s,217,230.0,False,2034.25,2037.5
12325,630,315,l,217,223.0,True,2034.25,2035.75
12326,1717,1669,l,217,223.0,True,2034.25,2035.75
12327,630,1247,l,217,,True,2034.25,
12328,1079,1517,l,217,,True,2034.25,
12329,1723,1784,l,217,,True,2034.25,
12330,1829,1756,l,217,,True,2034.25,
12331,2150,1463,l,217,219.0,True,2034.25,2034.75
12332,465,97,l,217,,True,2034.25,
12333,2041,2057,l,217,223.0,True,2034.25,2035.75
12334,303,1998,s,218,235.0,False,2034.5,2038.75
12335,837,1346,s,218,218.0,False,2034.5,2034.5
12336,1159,1560,s,218,222.0,False,2034.5,2035.5
12337,1159,2021,s,218,222.0,False,2034.5,2035.5
12338,1186,1297,s,218,224.0,False,2034.5,2036.0
12339,1200,1281,s,218,218.0,False,2034.5,2034.5
12340,1235,1821,s,218,223.0,False,2034.5,2035.75
12341,1236,1687,s,218,218.0,False,2034.5,2034.5
12342,1306,1388,s,218,218.0,False,2034.5,2034.5
12343,1412,1568,s,218,223.0,False,2034.5,2035.75
12344,1420,1590,s,218,221.0,False,2034.5,2035.25
12345,1609,1361,s,218,218.0,False,2034.5,2034.5
12346,1619,2121,s,218,229.0,False,2034.5,2037.25
12347,1621,1781,s,218,222.0,False,2034.5,2035.5
12348,1678,1255,s,218,219.0,False,2034.5,2034.75
12349,1678,1404,s,218,223.0,False,2034.5,2035.75
12350,1684,1463,s,218,224.0,False,2034.5,2036.0
12351,1723,1615,s,218,219.0,False,2034.5,2034.75
12352,1751,1680,s,218,228.0,False,2034.5,2037.0
12353,1772,1850,s,218,228.0,False,2034.5,2037.0
12354,1862,1940,s,218,218.0,False,2034.5,2034.5
12355,1968,1201,s,218,220.0,False,2034.5,2035.0
12356,2209,1734,s,218,219.0,False,2034.5,2034.75
12357,230,1922,s,218,218.0,False,2034.5,2034.5
12358,262,1456,s,218,224.0,False,2034.5,2036.0
12359,394,1821,s,218,219.0,False,2034.5,2034.75
12360,913,1615,s,218,233.0,False,2034.5,2038.25
12361,1079,1615,s,218,219.0,False,2034.5,2034.75
12362,1159,1821,s,218,224.0,False,2034.5,2036.0
12363,1319,1682,s,218,227.0,False,2034.5,2036.75
12364,1328,2097,s,218,222.0,False,2034.5,2035.5
12365,1625,1601,s,218,220.0,False,2034.5,2035.0
12366,1678,1353,s,218,220.0,False,2034.5,2035.0
12367,1737,1784,s,218,220.0,False,2034.5,2035.0
12368,1945,1784,s,218,223.0,False,2034.5,2035.75
12369,1945,2204,s,218,218.0,False,2034.5,2034.5
12370,1968,1463,s,218,219.0,False,2034.5,2034.75
12371,2041,1669,s,218,224.0,False,2034.5,2036.0
12372,2043,1339,s,218,219.0,False,2034.5,2034.75
12373,791,293,s,218,220.0,False,2034.5,2035.0
12374,913,1614,s,218,220.0,False,2034.5,2035.0
12375,927,1008,s,218,233.0,False,2034.5,2038.25
12376,1187,1560,s,218,220.0,False,2034.5,2035.0
12377,1219,1615,s,218,225.0,False,2034.5,2036.25
12378,1393,1784,s,218,232.0,False,2034.5,2038.0
12379,1595,1560,s,218,225.0,False,2034.5,2036.25
12380,1596,1015,s,218,223.0,False,2034.5,2035.75
12381,1596,1675,s,218,219.0,False,2034.5,2034.75
12382,1619,1388,s,218,228.0,False,2034.5,2037.0
12383,1629,1669,s,218,220.0,False,2034.5,2035.0
12384,1723,1299,s,218,220.0,False,2034.5,2035.0
12385,1766,1568,s,218,224.0,False,2034.5,2036.0
12386,2002,1521,s,218,223.0,False,2034.5,2035.75
12387,2041,1582,s,218,223.0,False,2034.5,2035.75
12388,2150,1568,s,218,224.0,False,2034.5,2036.0
12389,1393,1463,l,218,236.0,True,2034.5,2039.0
12390,1723,1821,l,218,230.0,True,2034.5,2037.5
12391,1225,1218,l,218,221.0,True,2034.5,2035.25
12392,1266,1568,l,218,224.0,True,2034.5,2036.0
12393,1290,1582,l,218,,True,2034.5,
12394,1893,1672,l,218,,True,2034.5,
12395,133,706,l,218,234.0,True,2034.5,2038.5
12396,54,416,s,219,221.0,False,2034.75,2035.25
12397,507,1282,s,219,240.0,False,2034.75,2040.0
12398,913,1190,s,219,234.0,False,2034.75,2038.5
12399,1006,1456,s,219,221.0,False,2034.75,2035.25
12400,1079,1922,s,219,231.0,False,2034.75,2037.75
12401,1200,1339,s,219,221.0,False,2034.75,2035.25
12402,1209,159,s,219,221.0,False,2034.75,2035.25
12403,1239,1525,s,219,222.0,False,2034.75,2035.5
12404,1319,1416,s,219,219.0,False,2034.75,2034.75
12405,1359,241,s,219,222.0,False,2034.75,2035.5
12406,1417,1781,s,219,221.0,False,2034.75,2035.25
12407,1481,1582,s,219,221.0,False,2034.75,2035.25
12408,1661,1413,s,219,222.0,False,2034.75,2035.5
12409,1678,1232,s,219,223.0,False,2034.75,2035.75
12410,1678,1350,s,219,224.0,False,2034.75,2036.0
12411,1678,1613,s,219,220.0,False,2034.75,2035.0
12412,1775,1546,s,219,222.0,False,2034.75,2035.5
12413,1862,1508,s,219,223.0,False,2034.75,2035.75
12414,2002,1475,s,219,223.0,False,2034.75,2035.75
12415,837,1517,s,219,219.0,False,2034.75,2034.75
12416,859,1764,s,219,223.0,False,2034.75,2035.75
12417,937,97,s,219,223.0,False,2034.75,2035.75
12418,1003,1299,s,219,220.0,False,2034.75,2035.0
12419,1005,1463,s,219,223.0,False,2034.75,2035.75
12420,1328,1460,s,219,224.0,False,2034.75,2036.0
12421,1329,1546,s,219,235.0,False,2034.75,2038.75
12422,1359,1201,s,219,223.0,False,2034.75,2035.75
12423,1412,1674,s,219,222.0,False,2034.75,2035.5
12424,1609,1784,s,219,220.0,False,2034.75,2035.0
12425,1619,1568,s,219,219.0,False,2034.75,2034.75
12426,1678,1339,s,219,220.0,False,2034.75,2035.0
12427,1712,1781,s,219,228.0,False,2034.75,2037.0
12428,1794,1781,s,219,220.0,False,2034.75,2035.0
12429,1824,1582,s,219,221.0,False,2034.75,2035.25
12430,1862,2018,s,219,224.0,False,2034.75,2036.0
12431,1947,689,s,219,220.0,False,2034.75,2035.0
12432,2150,1582,s,219,221.0,False,2034.75,2035.25
12433,2150,1672,s,219,220.0,False,2034.75,2035.0
12434,837,2119,s,219,225.0,False,2034.75,2036.25
12435,871,1282,s,219,221.0,False,2034.75,2035.25
12436,1183,1339,s,219,237.0,False,2034.75,2039.25
12437,1187,2021,s,219,222.0,False,2034.75,2035.5
12438,1266,1463,s,219,221.0,False,2034.75,2035.25
12439,1290,1281,s,219,220.0,False,2034.75,2035.0
12440,1290,1687,s,219,221.0,False,2034.75,2035.25
12441,1325,1292,s,219,224.0,False,2034.75,2036.0
12442,1354,1821,s,219,223.0,False,2034.75,2035.75
12443,1390,1604,s,219,221.0,False,2034.75,2035.25
12444,1393,1252,s,219,226.0,False,2034.75,2036.5
12445,1412,1282,s,219,222.0,False,2034.75,2035.5
12446,1445,1781,s,219,220.0,False,2034.75,2035.0
12447,1505,2183,s,219,232.0,False,2034.75,2038.0
12448,1574,1615,s,219,225.0,False,2034.75,2036.25
12449,1589,1903,s,219,220.0,False,2034.75,2035.0
12450,1595,2019,s,219,241.0,False,2034.75,2040.25
12451,1610,1513,s,219,223.0,False,2034.75,2035.75
12452,1619,1613,s,219,231.0,False,2034.75,2037.75
12453,1678,1201,s,219,224.0,False,2034.75,2036.0
12454,1862,1718,s,219,229.0,False,2034.75,2037.25
12455,2002,1513,s,219,,False,2034.75,
12456,2002,1560,s,219,223.0,False,2034.75,2035.75
12457,204,1475,l,219,,True,2034.75,
12458,1329,2096,l,219,,True,2034.75,
12459,1794,1861,l,219,,True,2034.75,
12460,1804,1413,l,219,222.0,True,2034.75,2035.5
12461,204,1282,s,220,224.0,False,2035.0,2036.0
12462,262,1335,s,220,220.0,False,2035.0,2035.0
12463,303,1201,s,220,223.0,False,2035.0,2035.75
12464,303,1247,s,220,223.0,False,2035.0,2035.75
12465,507,1821,s,220,227.0,False,2035.0,2036.75
12466,1005,952,s,220,226.0,False,2035.0,2036.5
12467,1079,1247,s,220,222.0,False,2035.0,2035.5
12468,1079,1339,s,220,227.0,False,2035.0,2036.75
12469,1154,1367,s,220,221.0,False,2035.0,2035.25
12470,1206,2021,s,220,222.0,False,2035.0,2035.5
12471,1235,1388,s,220,222.0,False,2035.0,2035.5
12472,1239,1388,s,220,,False,2035.0,
12473,1239,2121,s,220,229.0,False,2035.0,2037.25
12474,1242,1365,s,220,221.0,False,2035.0,2035.25
12475,1266,1546,s,220,223.0,False,2035.0,2035.75
12476,1306,1672,s,220,220.0,False,2035.0,2035.0
12477,1396,1231,s,220,221.0,False,2035.0,2035.25
12478,1412,1560,s,220,220.0,False,2035.0,2035.0
12479,1509,1682,s,220,222.0,False,2035.0,2035.5
12480,1524,1734,s,220,227.0,False,2035.0,2036.75
12481,1571,1582,s,220,222.0,False,2035.0,2035.5
12482,1596,1321,s,220,222.0,False,2035.0,2035.5
12483,1609,1652,s,220,225.0,False,2035.0,2036.25
12484,1609,2057,s,220,220.0,False,2035.0,2035.0
12485,1668,1680,s,220,222.0,False,2035.0,2035.5
12486,1772,1680,s,220,222.0,False,2035.0,2035.5
12487,1862,1784,s,220,223.0,False,2035.0,2035.75
12488,1920,1687,s,220,227.0,False,2035.0,2036.75
12489,2062,1615,s,220,236.0,False,2035.0,2039.0
12490,322,1615,s,220,226.0,False,2035.0,2036.5
12491,1005,1479,s,220,224.0,False,2035.0,2036.0
12492,1306,1388,s,220,232.0,False,2035.0,2038.0
12493,1393,1318,s,220,223.0,False,2035.0,2035.75
12494,1412,1413,s,220,222.0,False,2035.0,2035.5
12495,1412,2096,s,220,221.0,False,2035.0,2035.25
12496,1441,1335,s,220,224.0,False,2035.0,2036.0
12497,1481,1281,s,220,223.0,False,2035.0,2035.75
12498,1524,1582,s,220,228.0,False,2035.0,2037.0
12499,1595,1582,s,220,231.0,False,2035.0,2037.75
12500,1600,1546,s,220,224.0,False,2035.0,2036.0
12501,1678,1205,s,220,226.0,False,2035.0,2036.5
12502,1678,1400,s,220,220.0,False,2035.0,2035.0
12503,1712,1346,s,220,222.0,False,2035.0,2035.5
12504,1723,1400,s,220,227.0,False,2035.0,2036.75
12505,1829,1590,s,220,223.0,False,2035.0,2035.75
12506,1862,1669,s,220,220.0,False,2035.0,2035.0
12507,1968,1282,s,220,237.0,False,2035.0,2039.25
12508,283,1321,s,220,224.0,False,2035.0,2036.0
12509,415,416,s,220,223.0,False,2035.0,2035.75
12510,415,733,s,220,223.0,False,2035.0,2035.75
12511,418,1613,s,220,223.0,False,2035.0,2035.75
12512,507,2021,s,220,225.0,False,2035.0,2036.25
12513,871,1299,s,220,222.0,False,2035.0,2035.5
12514,1079,1282,s,220,225.0,False,2035.0,2036.25
12515,1186,1201,s,220,227.0,False,2035.0,2036.75
12516,1200,1613,s,220,225.0,False,2035.0,2036.25
12517,1203,1190,s,220,223.0,False,2035.0,2035.75
12518,1237,1381,s,220,222.0,False,2035.0,2035.5
12519,1237,1416,s,220,225.0,False,2035.0,2036.25
12520,1306,1821,s,220,222.0,False,2035.0,2035.5
12521,1405,1388,s,220,221.0,False,2035.0,2035.25
12522,1405,1404,s,220,224.0,False,2035.0,2036.0
12523,1452,1506,s,220,223.0,False,2035.0,2035.75
12524,1595,1590,s,220,221.0,False,2035.0,2035.25
12525,1609,1599,s,220,223.0,False,2035.0,2035.75
12526,1678,1365,s,220,230.0,False,2035.0,2037.5
12527,1712,1582,s,220,231.0,False,2035.0,2037.75
12528,1723,1903,s,220,224.0,False,2035.0,2036.0
12529,1729,1739,s,220,226.0,False,2035.0,2036.5
12530,1729,1781,s,220,229.0,False,2035.0,2037.25
12531,1748,1783,s,220,221.0,False,2035.0,2035.25
12532,1775,1604,s,220,221.0,False,2035.0,2035.25
12533,1799,1601,s,220,227.0,False,2035.0,2036.75
12534,1887,689,s,220,224.0,False,2035.0,2036.0
12535,1920,1526,s,220,221.0,False,2035.0,2035.25
12536,2002,1689,s,220,225.0,False,2035.0,2036.25
12537,1237,1367,l,220,,True,2035.0,
12538,1596,1339,l,220,236.0,True,2035.0,2039.0
12539,1712,1463,l,220,,True,2035.0,
12540,1225,1962,l,220,,True,2035.0,
12541,1343,108,l,220,,True,2035.0,
12542,1794,2119,l,220,223.0,True,2035.0,2035.75
12543,1306,1880,l,220,,True,2035.0,
12544,1405,1568,l,220,,True,2035.0,
12545,248,146,s,221,228.0,False,2035.25,2037.0
12546,262,1615,s,221,223.0,False,2035.25,2035.75
12547,412,1201,s,221,235.0,False,2035.25,2038.75
12548,507,1615,s,221,221.0,False,2035.25,2035.25
12549,913,1616,s,221,221.0,False,2035.25,2035.25
12550,1074,1998,s,221,223.0,False,2035.25,2035.75
12551,1079,2121,s,221,222.0,False,2035.25,2035.5
12552,1206,2121,s,221,233.0,False,2035.25,2038.25
12553,1235,1274,s,221,225.0,False,2035.25,2036.25
12554,1266,1710,s,221,223.0,False,2035.25,2035.75
12555,1324,2021,s,221,222.0,False,2035.25,2035.5
12556,1481,1508,s,221,222.0,False,2035.25,2035.5
12557,1637,1247,s,221,226.0,False,2035.25,2036.5
12558,1655,1190,s,221,226.0,False,2035.25,2036.5
12559,1677,1436,s,221,227.0,False,2035.25,2036.75
12560,1677,2096,s,221,221.0,False,2035.25,2035.25
12561,1678,1190,s,221,223.0,False,2035.25,2035.75
12562,1678,1613,s,221,222.0,False,2035.25,2035.5
12563,1693,1400,s,221,232.0,False,2035.25,2038.0
12564,1729,2183,s,221,228.0,False,2035.25,2037.0
12565,1862,1916,s,221,222.0,False,2035.25,2035.5
12566,2150,1781,s,221,221.0,False,2035.25,2035.25
12567,54,1335,s,221,226.0,False,2035.25,2036.5
12568,204,1821,s,221,228.0,False,2035.25,2037.0
12569,705,1403,s,221,229.0,False,2035.25,2037.25
12570,1005,416,s,221,225.0,False,2035.25,2036.25
12571,1187,1281,s,221,222.0,False,2035.25,2035.5
12572,1187,1428,s,221,222.0,False,2035.25,2035.5
12573,1235,1281,s,221,228.0,False,2035.25,2037.0
12574,1266,1604,s,221,222.0,False,2035.25,2035.5
12575,1330,1513,s,221,223.0,False,2035.25,2035.75
12576,1359,662,s,221,224.0,False,2035.25,2036.0
12577,1453,1735,s,221,221.0,False,2035.25,2035.25
12578,1512,1682,s,221,225.0,False,2035.25,2036.25
12579,1668,1781,s,221,235.0,False,2035.25,2038.75
12580,1729,1732,s,221,222.0,False,2035.25,2035.5
12581,1824,1760,s,221,243.0,False,2035.25,2040.75
12582,1862,1739,s,221,223.0,False,2035.25,2035.75
12583,1946,2078,s,221,223.0,False,2035.25,2035.75
12584,1968,1204,s,221,222.0,False,2035.25,2035.5
12585,2235,1770,s,221,225.0,False,2035.25,2036.25
12586,283,97,s,221,224.0,False,2035.25,2036.0
12587,466,320,s,221,223.0,False,2035.25,2035.75
12588,507,1315,s,221,223.0,False,2035.25,2035.75
12589,630,1190,s,221,224.0,False,2035.25,2036.0
12590,913,1517,s,221,227.0,False,2035.25,2036.75
12591,927,1339,s,221,225.0,False,2035.25,2036.25
12592,1005,1821,s,221,225.0,False,2035.25,2036.25
12593,1079,1204,s,221,223.0,False,2035.25,2035.75
12594,1187,1413,s,221,222.0,False,2035.25,2035.5
12595,1200,2021,s,221,223.0,False,2035.25,2035.75
12596,1237,1568,s,221,226.0,False,2035.25,2036.5
12597,1239,1404,s,221,232.0,False,2035.25,2038.0
12598,1239,1821,s,221,233.0,False,2035.25,2038.25
12599,1330,1460,s,221,222.0,False,2035.25,2035.5
12600,1341,1513,s,221,222.0,False,2035.25,2035.5
12601,1401,1247,s,221,223.0,False,2035.25,2035.75
12602,1596,1002,s,221,230.0,False,2035.25,2037.5
12603,1621,1687,s,221,222.0,False,2035.25,2035.5
12604,1649,2018,s,221,222.0,False,2035.25,2035.5
12605,1655,1463,s,221,226.0,False,2035.25,2036.5
12606,1656,1201,s,221,223.0,False,2035.25,2035.75
12607,1693,1436,s,221,230.0,False,2035.25,2037.5
12608,1775,1582,s,221,,False,2035.25,
12609,1794,2018,s,221,223.0,False,2035.25,2035.75
12610,2060,1590,s,221,228.0,False,2035.25,2037.0
12611,871,1282,l,221,,True,2035.25,
12612,1206,1400,l,221,,True,2035.25,
12613,418,1190,l,221,,True,2035.25,
12614,871,159,l,221,233.0,True,2035.25,2038.25
12615,1159,1201,l,221,,True,2035.25,
12616,1483,1367,l,221,,True,2035.25,
12617,1589,1604,l,221,231.0,True,2035.25,2037.75
12618,214,1353,s,222,223.0,False,2035.5,2035.75
12619,303,1158,s,222,224.0,False,2035.5,2036.0
12620,507,1201,s,222,224.0,False,2035.5,2036.0
12621,1079,1321,s,222,223.0,False,2035.5,2035.75
12622,1180,1281,s,222,224.0,False,2035.5,2036.0
12623,1293,1560,s,222,227.0,False,2035.5,2036.75
12624,1319,1902,s,222,223.0,False,2035.5,2035.75
12625,1329,1404,s,222,222.0,False,2035.5,2035.5
12626,1329,1821,s,222,223.0,False,2035.5,2035.75
12627,1351,1568,s,222,226.0,False,2035.5,2036.5
12628,1412,1409,s,222,222.0,False,2035.5,2035.5
12629,1595,1315,s,222,230.0,False,2035.5,2037.5
12630,1595,1435,s,222,229.0,False,2035.5,2037.25
12631,1655,1388,s,222,224.0,False,2035.5,2036.0
12632,1677,2096,s,222,229.0,False,2035.5,2037.25
12633,1712,1560,s,222,228.0,False,2035.5,2037.0
12634,2150,1560,s,222,228.0,False,2035.5,2037.0
12635,87,1201,s,222,230.0,False,2035.5,2037.5
12636,303,1150,s,222,222.0,False,2035.5,2035.5
12637,303,1388,s,222,232.0,False,2035.5,2038.0
12638,507,146,s,222,228.0,False,2035.5,2037.0
12639,913,1255,s,222,225.0,False,2035.5,2036.25
12640,1200,1687,s,222,224.0,False,2035.5,2036.0
12641,1235,1903,s,222,226.0,False,2035.5,2036.5
12642,1239,2021,s,222,227.0,False,2035.5,2036.75
12643,1293,1435,s,222,230.0,False,2035.5,2037.5
12644,1396,1388,s,222,230.0,False,2035.5,2037.5
12645,1405,1578,s,222,222.0,False,2035.5,2035.5
12646,1454,1281,s,222,223.0,False,2035.5,2035.75
12647,1454,1669,s,222,231.0,False,2035.5,2037.75
12648,1548,1590,s,222,224.0,False,2035.5,2036.0
12649,1661,1568,s,222,225.0,False,2035.5,2036.25
12650,1712,1680,s,222,226.0,False,2035.5,2036.5
12651,1723,1460,s,222,223.0,False,2035.5,2035.75
12652,1748,1590,s,222,222.0,False,2035.5,2035.5
12653,57,653,s,222,224.0,False,2035.5,2036.0
12654,260,146,s,222,224.0,False,2035.5,2036.0
12655,303,1282,s,222,227.0,False,2035.5,2036.75
12656,465,1615,s,222,223.0,False,2035.5,2035.75
12657,507,97,s,222,229.0,False,2035.5,2037.25
12658,637,1205,s,222,227.0,False,2035.5,2036.75
12659,1200,1367,s,222,224.0,False,2035.5,2036.0
12660,1239,1582,s,222,223.0,False,2035.5,2035.75
12661,1242,1367,s,222,223.0,False,2035.5,2035.75
12662,1264,1381,s,222,224.0,False,2035.5,2036.0
12663,1323,1342,s,222,240.0,False,2035.5,2040.0
12664,1330,1568,s,222,226.0,False,2035.5,2036.5
12665,1393,1479,s,222,223.0,False,2035.5,2035.75
12666,1401,1690,s,222,233.0,False,2035.5,2038.25
12667,1412,1734,s,222,226.0,False,2035.5,2036.5
12668,1445,1463,s,222,229.0,False,2035.5,2037.25
12669,1580,1435,s,222,223.0,False,2035.5,2035.75
12670,1595,1672,s,222,233.0,False,2035.5,2038.25
12671,1629,1898,s,222,223.0,False,2035.5,2035.75
12672,1677,1281,s,222,224.0,False,2035.5,2036.0
12673,1729,1367,s,222,227.0,False,2035.5,2036.75
12674,1862,1690,s,222,228.0,False,2035.5,2037.0
12675,1893,1687,s,222,223.0,False,2035.5,2035.75
12676,1920,1521,s,222,224.0,False,2035.5,2036.0
12677,1242,1613,l,222,,True,2035.5,
12678,1514,2078,l,222,,True,2035.5,
12679,1661,1374,l,222,,True,2035.5,
12680,2150,1436,l,222,,True,2035.5,
12681,169,416,s,223,225.0,False,2035.75,2036.25
12682,262,1274,s,223,226.0,False,2035.75,2036.5
12683,507,1517,s,223,227.0,False,2035.75,2036.75
12684,630,1339,s,223,228.0,False,2035.75,2037.0
12685,913,1281,s,223,224.0,False,2035.75,2036.0
12686,937,1190,s,223,225.0,False,2035.75,2036.25
12687,1005,1615,s,223,229.0,False,2035.75,2037.25
12688,1074,1201,s,223,225.0,False,2035.75,2036.25
12689,1242,1335,s,223,234.0,False,2035.75,2038.5
12690,1382,1388,s,223,,False,2035.75,
12691,1424,1651,s,223,224.0,False,2035.75,2036.0
12692,1445,1416,s,223,235.0,False,2035.75,2038.75
12693,1509,1339,s,223,224.0,False,2035.75,2036.0
12694,1512,1339,s,223,233.0,False,2035.75,2038.25
12695,1527,1604,s,223,239.0,False,2035.75,2039.75
12696,1642,1436,s,223,233.0,False,2035.75,2038.25
12697,1666,1630,s,223,224.0,False,2035.75,2036.0
12698,1678,1255,s,223,227.0,False,2035.75,2036.75
12699,1712,1669,s,223,223.0,False,2035.75,2035.75
12700,1723,1513,s,223,226.0,False,2035.75,2036.5
12701,1829,1781,s,223,223.0,False,2035.75,2035.75
12702,1893,2096,s,223,231.0,False,2035.75,2037.75
12703,1920,1718,s,223,223.0,False,2035.75,2035.75
12704,204,1613,s,223,227.0,False,2035.75,2036.75
12705,234,146,s,223,226.0,False,2035.75,2036.5
12706,283,1315,s,223,224.0,False,2035.75,2036.0
12707,415,78,s,223,230.0,False,2035.75,2037.5
12708,507,1903,s,223,225.0,False,2035.75,2036.25
12709,637,108,s,223,226.0,False,2035.75,2036.5
12710,927,1190,s,223,226.0,False,2035.75,2036.5
12711,1239,1201,s,223,226.0,False,2035.75,2036.5
12712,1270,2121,s,223,224.0,False,2035.75,2036.0
12713,1290,1435,s,223,236.0,False,2035.75,2039.0
12714,1359,1282,s,223,227.0,False,2035.75,2036.75
12715,1405,1381,s,223,226.0,False,2035.75,2036.5
12716,1571,1560,s,223,231.0,False,2035.75,2037.75
12717,1619,1455,s,223,226.0,False,2035.75,2036.5
12718,1621,1560,s,223,223.0,False,2035.75,2035.75
12719,1677,1821,s,223,224.0,False,2035.75,2036.0
12720,1712,1435,s,223,224.0,False,2035.75,2036.0
12721,1723,1672,s,223,227.0,False,2035.75,2036.75
12722,1748,1916,s,223,227.0,False,2035.75,2036.75
12723,1804,1413,s,223,225.0,False,2035.75,2036.25
12724,1885,1821,s,223,226.0,False,2035.75,2036.5
12725,2041,1672,s,223,225.0,False,2035.75,2036.25
12726,2235,1463,s,223,230.0,False,2035.75,2037.5
12727,262,785,s,223,224.0,False,2035.75,2036.0
12728,413,416,s,223,227.0,False,2035.75,2036.75
12729,1079,1416,s,223,229.0,False,2035.75,2037.25
12730,1203,1463,s,223,224.0,False,2035.75,2036.0
12731,1220,1339,s,223,227.0,False,2035.75,2036.75
12732,1236,1318,s,223,225.0,False,2035.75,2036.25
12733,1242,409,s,223,226.0,False,2035.75,2036.5
12734,1319,1201,s,223,229.0,False,2035.75,2037.25
12735,1359,1613,s,223,226.0,False,2035.75,2036.5
12736,1401,1784,s,223,230.0,False,2035.75,2037.5
12737,1481,1404,s,223,224.0,False,2035.75,2036.0
12738,1545,1546,s,223,226.0,False,2035.75,2036.5
12739,1619,1361,s,223,232.0,False,2035.75,2038.0
12740,1629,1388,s,223,224.0,False,2035.75,2036.0
12741,1666,1568,s,223,228.0,False,2035.75,2037.0
12742,1678,1613,s,223,224.0,False,2035.75,2036.0
12743,1804,684,s,223,224.0,False,2035.75,2036.0
12744,1804,1346,s,223,239.0,False,2035.75,2039.75
12745,1751,1784,l,223,238.0,True,2035.75,2039.5
12746,1945,1680,l,223,,True,2035.75,
12747,87,1998,s,224,230.0,False,2036.0,2037.5
12748,204,1413,s,224,224.0,False,2036.0,2036.0
12749,913,1274,s,224,229.0,False,2036.0,2037.25
12750,913,1282,s,224,240.0,False,2036.0,2040.0
12751,1306,1381,s,224,227.0,False,2036.0,2036.75
12752,1359,653,s,224,224.0,False,2036.0,2036.0
12753,1382,1582,s,224,,False,2036.0,
12754,1481,1674,s,224,224.0,False,2036.0,2036.0
12755,1535,453,s,224,224.0,False,2036.0,2036.0
12756,1548,1560,s,224,226.0,False,2036.0,2036.5
12757,1595,1880,s,224,224.0,False,2036.0,2036.0
12758,1649,2019,s,224,228.0,False,2036.0,2037.0
12759,1666,1601,s,224,238.0,False,2036.0,2039.5
12760,1678,1339,s,224,225.0,False,2036.0,2036.25
12761,1678,1374,s,224,225.0,False,2036.0,2036.25
12762,1712,1821,s,224,231.0,False,2036.0,2037.75
12763,1723,1404,s,224,225.0,False,2036.0,2036.25
12764,1751,1781,s,224,231.0,False,2036.0,2037.75
12765,1754,1673,s,224,230.0,False,2036.0,2037.5
12766,1927,1903,s,224,232.0,False,2036.0,2038.0
12767,415,572,s,224,224.0,False,2036.0,2036.0
12768,507,1346,s,224,231.0,False,2036.0,2037.75
12769,630,1388,s,224,229.0,False,2036.0,2037.25
12770,630,1613,s,224,229.0,False,2036.0,2037.25
12771,837,682,s,224,228.0,False,2036.0,2037.0
12772,913,1339,s,224,226.0,False,2036.0,2036.5
12773,913,1513,s,224,226.0,False,2036.0,2036.5
12774,1203,1821,s,224,225.0,False,2036.0,2036.25
12775,1266,1281,s,224,232.0,False,2036.0,2038.0
12776,1266,1282,s,224,225.0,False,2036.0,2036.25
12777,1330,1335,s,224,226.0,False,2036.0,2036.5
12778,1354,1582,s,224,233.0,False,2036.0,2038.25
12779,1359,1321,s,224,228.0,False,2036.0,2037.0
12780,1564,1568,s,224,229.0,False,2036.0,2037.25
12781,1595,1321,s,224,228.0,False,2036.0,2037.0
12782,1596,1821,s,224,232.0,False,2036.0,2038.0
12783,1655,2119,s,224,224.0,False,2036.0,2036.0
12784,1712,2096,s,224,228.0,False,2036.0,2037.0
12785,1729,1690,s,224,238.0,False,2036.0,2039.5
12786,1751,2142,s,224,228.0,False,2036.0,2037.0
12787,1804,1560,s,224,224.0,False,2036.0,2036.0
12788,1893,1604,s,224,225.0,False,2036.0,2036.25
12789,54,315,s,224,229.0,False,2036.0,2037.25
12790,262,933,s,224,225.0,False,2036.0,2036.25
12791,507,159,s,224,225.0,False,2036.0,2036.25
12792,791,1025,s,224,237.0,False,2036.0,2039.25
12793,837,1201,s,224,226.0,False,2036.0,2036.5
12794,937,771,s,224,230.0,False,2036.0,2037.5
12795,1082,1298,s,224,226.0,False,2036.0,2036.5
12796,1187,1513,s,224,225.0,False,2036.0,2036.25
12797,1200,1247,s,224,227.0,False,2036.0,2036.75
12798,1294,1416,s,224,226.0,False,2036.0,2036.5
12799,1619,1464,s,224,236.0,False,2036.0,2039.0
12800,1629,1568,s,224,227.0,False,2036.0,2036.75
12801,1772,1475,s,224,226.0,False,2036.0,2036.5
12802,1772,1582,s,224,230.0,False,2036.0,2037.5
12803,1885,1739,s,224,227.0,False,2036.0,2036.75
12804,2002,1732,s,224,225.0,False,2036.0,2036.25
12805,1187,1687,l,224,,True,2036.0,
12806,262,1281,l,224,234.0,True,2036.0,2038.5
12807,398,1300,l,224,,True,2036.0,
12808,1235,1335,l,224,,True,2036.0,
12809,87,614,s,225,230.0,False,2036.25,2037.5
12810,303,1201,s,225,226.0,False,2036.25,2036.5
12811,303,1321,s,225,227.0,False,2036.25,2036.75
12812,418,1321,s,225,228.0,False,2036.25,2037.0
12813,507,1615,s,225,231.0,False,2036.25,2037.75
12814,655,1374,s,225,229.0,False,2036.25,2037.25
12815,1079,320,s,225,227.0,False,2036.25,2036.75
12816,1079,1615,s,225,227.0,False,2036.25,2036.75
12817,1239,1282,s,225,231.0,False,2036.25,2037.75
12818,1239,1615,s,225,226.0,False,2036.25,2036.5
12819,1242,1416,s,225,232.0,False,2036.25,2038.0
12820,1270,1388,s,225,232.0,False,2036.25,2038.0
12821,1271,1299,s,225,231.0,False,2036.25,2037.75
12822,1293,1404,s,225,236.0,False,2036.25,2039.0
12823,1330,1784,s,225,241.0,False,2036.25,2040.25
12824,1412,1381,s,225,228.0,False,2036.25,2037.0
12825,1412,1903,s,225,232.0,False,2036.25,2038.0
12826,1417,1682,s,225,226.0,False,2036.25,2036.5
12827,1509,1435,s,225,232.0,False,2036.25,2038.0
12828,1619,1335,s,225,225.0,False,2036.25,2036.25
12829,1621,1540,s,225,235.0,False,2036.25,2038.75
12830,1677,1201,s,225,227.0,False,2036.25,2036.75
12831,1717,1428,s,225,228.0,False,2036.25,2037.0
12832,1920,1781,s,225,230.0,False,2036.25,2037.5
12833,1945,1784,s,225,227.0,False,2036.25,2036.75
12834,2150,1672,s,225,230.0,False,2036.25,2037.5
12835,87,1321,s,225,234.0,False,2036.25,2038.5
12836,204,1201,s,225,226.0,False,2036.25,2036.5
12837,1074,336,s,225,226.0,False,2036.25,2036.5
12838,1074,1002,s,225,228.0,False,2036.25,2037.0
12839,1187,1335,s,225,227.0,False,2036.25,2036.75
12840,1200,1400,s,225,230.0,False,2036.25,2037.5
12841,1220,1388,s,225,227.0,False,2036.25,2036.75
12842,1306,2019,s,225,226.0,False,2036.25,2036.5
12843,1319,1388,s,225,225.0,False,2036.25,2036.25
12844,1341,1388,s,225,230.0,False,2036.25,2037.5
12845,1396,1460,s,225,227.0,False,2036.25,2036.75
12846,1481,1604,s,225,227.0,False,2036.25,2036.75
12847,1514,1604,s,225,235.0,False,2036.25,2038.75
12848,1595,1318,s,225,229.0,False,2036.25,2037.25
12849,1595,1903,s,225,230.0,False,2036.25,2037.5
12850,1596,1367,s,225,233.0,False,2036.25,2038.25
12851,1655,1282,s,225,229.0,False,2036.25,2037.25
12852,1661,1475,s,225,226.0,False,2036.25,2036.5
12853,1668,1630,s,225,225.0,False,2036.25,2036.25
12854,1683,1568,s,225,232.0,False,2036.25,2038.0
12855,1729,1582,s,225,228.0,False,2036.25,2037.0
12856,1748,1513,s,225,226.0,False,2036.25,2036.5
12857,1847,1247,s,225,226.0,False,2036.25,2036.5
12858,2002,1710,s,225,227.0,False,2036.25,2036.75
12859,2062,1315,s,225,227.0,False,2036.25,2036.75
12860,169,1615,s,225,230.0,False,2036.25,2037.5
12861,262,320,s,225,226.0,False,2036.25,2036.5
12862,1186,1281,s,225,228.0,False,2036.25,2037.0
12863,1187,1455,s,225,233.0,False,2036.25,2038.25
12864,1209,1463,s,225,227.0,False,2036.25,2036.75
12865,1306,1367,s,225,226.0,False,2036.25,2036.5
12866,1330,1903,s,225,226.0,False,2036.25,2036.5
12867,1589,1774,s,225,226.0,False,2036.25,2036.5
12868,1729,1436,s,225,226.0,False,2036.25,2036.5
12869,1754,1784,s,225,227.0,False,2036.25,2036.75
12870,1946,1460,s,225,227.0,False,2036.25,2036.75
12871,1946,1903,s,225,234.0,False,2036.25,2038.5
12872,343,1582,l,225,,True,2036.25,
12873,1862,1776,l,225,,True,2036.25,
12874,1884,1680,l,225,,True,2036.25,
12875,1330,1821,l,225,,True,2036.25,
12876,1412,1784,l,225,,True,2036.25,
12877,2002,1903,l,225,,True,2036.25,
12878,1396,1342,l,225,,True,2036.25,
12879,1749,2019,l,225,237.0,True,2036.25,2039.25
12880,75,1205,s,226,227.0,False,2036.5,2036.75
12881,204,1190,s,226,228.0,False,2036.5,2037.0
12882,214,1463,s,226,229.0,False,2036.5,2037.25
12883,630,952,s,226,229.0,False,2036.5,2037.25
12884,913,1342,s,226,227.0,False,2036.5,2036.75
12885,913,2121,s,226,229.0,False,2036.5,2037.25
12886,1237,1513,s,226,226.0,False,2036.5,2036.5
12887,1242,1404,s,226,234.0,False,2036.5,2038.5
12888,1242,1615,s,226,234.0,False,2036.5,2038.5
12889,1306,1201,s,226,230.0,False,2036.5,2037.5
12890,1329,1463,s,226,227.0,False,2036.5,2036.75
12891,1329,1672,s,226,232.0,False,2036.5,2038.0
12892,1401,1669,s,226,226.0,False,2036.5,2036.5
12893,1412,1682,s,226,236.0,False,2036.5,2039.0
12894,1655,1455,s,226,230.0,False,2036.5,2037.5
12895,1712,2019,s,226,227.0,False,2036.5,2036.75
12896,1751,1687,s,226,227.0,False,2036.5,2036.75
12897,1794,1811,s,226,233.0,False,2036.5,2038.25
12898,1829,1713,s,226,229.0,False,2036.5,2037.25
12899,1893,1463,s,226,,False,2036.5,
12900,1933,2203,s,226,226.0,False,2036.5,2036.5
12901,394,1404,s,226,235.0,False,2036.5,2038.75
12902,791,311,s,226,230.0,False,2036.5,2037.5
12903,791,653,s,226,230.0,False,2036.5,2037.5
12904,1079,691,s,226,230.0,False,2036.5,2037.5
12905,1306,1960,s,226,227.0,False,2036.5,2036.75
12906,1330,1388,s,226,228.0,False,2036.5,2037.0
12907,1382,1672,s,226,227.0,False,2036.5,2036.75
12908,1401,1718,s,226,232.0,False,2036.5,2038.0
12909,1401,2078,s,226,232.0,False,2036.5,2038.0
12910,1406,1774,s,226,231.0,False,2036.5,2037.75
12911,1494,1781,s,226,232.0,False,2036.5,2038.0
12912,1585,1463,s,226,227.0,False,2036.5,2036.75
12913,1661,1581,s,226,229.0,False,2036.5,2037.25
12914,1723,1962,s,226,230.0,False,2036.5,2037.5
12915,1829,1735,s,226,231.0,False,2036.5,2037.75
12916,1862,1898,s,226,228.0,False,2036.5,2037.0
12917,1907,1560,s,226,232.0,False,2036.5,2038.0
12918,1968,1298,s,226,231.0,False,2036.5,2037.75
12919,2060,1463,s,226,226.0,False,2036.5,2036.5
12920,2150,1582,s,226,229.0,False,2036.5,2037.25
12921,169,1517,s,226,227.0,False,2036.5,2036.75
12922,283,1615,s,226,229.0,False,2036.5,2037.25
12923,507,1201,s,226,229.0,False,2036.5,2037.25
12924,630,146,s,226,228.0,False,2036.5,2037.0
12925,908,1315,s,226,231.0,False,2036.5,2037.75
12926,913,1613,s,226,229.0,False,2036.5,2037.25
12927,1186,1428,s,226,227.0,False,2036.5,2036.75
12928,1266,1513,s,226,227.0,False,2036.5,2036.75
12929,1314,1903,s,226,227.0,False,2036.5,2036.75
12930,1323,1613,s,226,229.0,False,2036.5,2037.25
12931,1359,444,s,226,227.0,False,2036.5,2036.75
12932,1412,1781,s,226,228.0,False,2036.5,2037.0
12933,1417,1274,s,226,,False,2036.5,
12934,1452,1507,s,226,234.0,False,2036.5,2038.5
12935,1452,1689,s,226,231.0,False,2036.5,2037.75
12936,1619,1204,s,226,229.0,False,2036.5,2037.25
12937,1619,1255,s,226,229.0,False,2036.5,2037.25
12938,1656,691,s,226,228.0,False,2036.5,2037.0
12939,1678,1349,s,226,227.0,False,2036.5,2036.75
12940,1729,1560,s,226,227.0,False,2036.5,2036.75
12941,1772,2078,s,226,228.0,False,2036.5,2037.0
12942,1829,1940,s,226,227.0,False,2036.5,2036.75
12943,1946,1582,s,226,229.0,False,2036.5,2037.25
12944,2127,1456,s,226,227.0,False,2036.5,2036.75
12945,1452,1367,l,226,234.0,True,2036.5,2038.5
12946,913,733,l,226,,True,2036.5,
12947,1006,1339,l,226,,True,2036.5,
12948,1186,2119,l,226,,True,2036.5,
12949,1609,1599,l,226,,True,2036.5,
12950,1920,1680,l,226,235.0,True,2036.5,2038.75
12951,1481,1388,l,226,,True,2036.5,
12952,283,1335,s,227,230.0,False,2036.75,2037.5
12953,343,1400,s,227,230.0,False,2036.75,2037.5
12954,837,1255,s,227,236.0,False,2036.75,2039.0
12955,906,572,s,227,227.0,False,2036.75,2036.75
12956,1359,785,s,227,229.0,False,2036.75,2037.25
12957,1393,1781,s,227,229.0,False,2036.75,2037.25
12958,1481,1367,s,227,229.0,False,2036.75,2037.25
12959,1661,1783,s,227,228.0,False,2036.75,2037.0
12960,1661,2096,s,227,231.0,False,2036.75,2037.75
12961,1678,1282,s,227,227.0,False,2036.75,2036.75
12962,1711,1689,s,227,230.0,False,2036.75,2037.5
12963,1723,1315,s,227,232.0,False,2036.75,2038.0
12964,1729,1389,s,227,229.0,False,2036.75,2037.25
12965,1946,1902,s,227,228.0,False,2036.75,2037.0
12966,2002,1630,s,227,227.0,False,2036.75,2036.75
12967,2041,1549,s,227,229.0,False,2036.75,2037.25
12968,2150,1781,s,227,234.0,False,2036.75,2038.5
12969,2235,1582,s,227,231.0,False,2036.75,2037.75
12970,303,1315,s,227,228.0,False,2036.75,2037.0
12971,791,416,s,227,230.0,False,2036.75,2037.5
12972,815,772,s,227,228.0,False,2036.75,2037.0
12973,1319,1298,s,227,227.0,False,2036.75,2036.75
12974,1330,1581,s,227,228.0,False,2036.75,2037.0
12975,1437,1281,s,227,231.0,False,2036.75,2037.75
12976,1595,1613,s,227,230.0,False,2036.75,2037.5
12977,1655,1903,s,227,229.0,False,2036.75,2037.25
12978,1678,1526,s,227,228.0,False,2036.75,2037.0
12979,1777,1582,s,227,228.0,False,2036.75,2037.0
12980,2127,1628,s,227,227.0,False,2036.75,2036.75
12981,204,1321,s,227,232.0,False,2036.75,2038.0
12982,248,785,s,227,229.0,False,2036.75,2037.25
12983,283,1201,s,227,229.0,False,2036.75,2037.25
12984,507,952,s,227,228.0,False,2036.75,2037.0
12985,630,453,s,227,239.0,False,2036.75,2039.75
12986,913,97,s,227,237.0,False,2036.75,2039.25
12987,1266,1435,s,227,231.0,False,2036.75,2037.75
12988,1330,1475,s,227,228.0,False,2036.75,2037.0
12989,1359,1281,s,227,229.0,False,2036.75,2037.25
12990,1417,1739,s,227,229.0,False,2036.75,2037.25
12991,1524,1546,s,227,229.0,False,2036.75,2037.25
12992,1527,1281,s,227,229.0,False,2036.75,2037.25
12993,1595,1902,s,227,228.0,False,2036.75,2037.0
12994,1619,1339,s,227,228.0,False,2036.75,2037.0
12995,1751,1940,s,227,229.0,False,2036.75,2037.25
12996,1893,2018,s,227,230.0,False,2036.75,2037.5
12997,2002,1568,s,227,229.0,False,2036.75,2037.25
12998,169,1335,l,227,238.0,True,2036.75,2039.5
12999,1200,1475,l,227,,True,2036.75,
13000,1351,1428,l,227,230.0,True,2036.75,2037.5
13001,1412,1601,l,227,,True,2036.75,
13002,1466,371,l,227,232.0,True,2036.75,2038.0
13003,1619,1526,l,227,,True,2036.75,
13004,1907,1428,l,227,,True,2036.75,
13005,507,1316,l,227,,True,2036.75,
13006,1237,1680,l,227,,True,2036.75,
13007,2129,1513,l,227,,True,2036.75,
13008,173,1361,s,228,231.0,False,2037.0,2037.75
13009,214,2186,s,228,240.0,False,2037.0,2040.0
13010,655,1983,s,228,230.0,False,2037.0,2037.5
13011,1076,1255,s,228,233.0,False,2037.0,2038.25
13012,1079,572,s,228,228.0,False,2037.0,2037.0
13013,1079,1880,s,228,233.0,False,2037.0,2038.25
13014,1242,1388,s,228,238.0,False,2037.0,2039.5
13015,1264,1334,s,228,231.0,False,2037.0,2037.75
13016,1265,1568,s,228,236.0,False,2037.0,2039.0
13017,1330,1604,s,228,231.0,False,2037.0,2037.75
13018,1359,933,s,228,230.0,False,2037.0,2037.5
13019,1359,1696,s,228,233.0,False,2037.0,2038.25
13020,1412,1409,s,228,229.0,False,2037.0,2037.25
13021,1453,1599,s,228,229.0,False,2037.0,2037.25
13022,1481,1582,s,228,240.0,False,2037.0,2040.0
13023,1481,1790,s,228,234.0,False,2037.0,2038.5
13024,1548,1550,s,228,229.0,False,2037.0,2037.25
13025,1595,1339,s,228,229.0,False,2037.0,2037.25
13026,1595,2021,s,228,230.0,False,2037.0,2037.5
13027,1619,1281,s,228,231.0,False,2037.0,2037.75
13028,1711,1672,s,228,228.0,False,2037.0,2037.0
13029,1754,1582,s,228,232.0,False,2037.0,2038.0
13030,1862,2270,s,228,230.0,False,2037.0,2037.5
13031,204,1436,s,228,233.0,False,2037.0,2038.25
13032,303,1282,s,228,,False,2037.0,
13033,507,1400,s,228,235.0,False,2037.0,2038.75
13034,587,146,s,228,230.0,False,2037.0,2037.5
13035,1074,1367,s,228,230.0,False,2037.0,2037.5
13036,1266,1388,s,228,228.0,False,2037.0,2037.0
13037,1494,1941,s,228,231.0,False,2037.0,2037.75
13038,1595,1002,s,228,231.0,False,2037.0,2037.75
13039,1655,1687,s,228,232.0,False,2037.0,2038.0
13040,1668,1732,s,228,229.0,False,2037.0,2037.25
13041,1678,1353,s,228,228.0,False,2037.0,2037.0
13042,1712,1604,s,228,230.0,False,2037.0,2037.5
13043,1723,1353,s,228,233.0,False,2037.0,2038.25
13044,1862,1781,s,228,233.0,False,2037.0,2038.25
13045,2062,653,s,228,238.0,False,2037.0,2039.5
13046,630,97,s,228,229.0,False,2037.0,2037.25
13047,837,280,s,228,229.0,False,2037.0,2037.25
13048,1079,2121,s,228,240.0,False,2037.0,2040.0
13049,1220,1385,s,228,233.0,False,2037.0,2038.25
13050,1290,1532,s,228,237.0,False,2037.0,2039.25
13051,1306,1674,s,228,235.0,False,2037.0,2038.75
13052,1306,1781,s,228,238.0,False,2037.0,2039.5
13053,1330,97,s,228,229.0,False,2037.0,2037.25
13054,1382,1568,s,228,232.0,False,2037.0,2038.0
13055,1382,1682,s,228,232.0,False,2037.0,2038.0
13056,1412,1568,s,228,234.0,False,2037.0,2038.5
13057,1596,1201,s,228,236.0,False,2037.0,2039.0
13058,1729,1568,s,228,231.0,False,2037.0,2037.75
13059,1775,1916,s,228,232.0,False,2037.0,2038.0
13060,1794,1900,s,228,230.0,False,2037.0,2037.5
13061,1824,1687,s,228,231.0,False,2037.0,2037.75
13062,1893,1669,s,228,229.0,False,2037.0,2037.25
13063,2127,1599,s,228,232.0,False,2037.0,2038.0
13064,2235,1489,s,228,232.0,False,2037.0,2038.0
13065,1306,1680,l,228,,True,2037.0,
13066,1595,1346,l,228,,True,2037.0,
13067,1668,1550,l,228,233.0,True,2037.0,2038.25
13068,1824,2096,l,228,234.0,True,2037.0,2038.5
13069,1920,1774,l,228,,True,2037.0,
13070,1945,1628,l,228,,True,2037.0,
13071,1293,1463,l,228,,True,2037.0,
13072,1527,1513,l,228,,True,2037.0,
13073,133,49,s,229,235.0,False,2037.25,2038.75
13074,262,1903,s,229,233.0,False,2037.25,2038.25
13075,1209,1353,s,229,229.0,False,2037.25,2037.25
13076,1220,1506,s,229,240.0,False,2037.25,2040.0
13077,1239,1298,s,229,235.0,False,2037.25,2038.75
13078,1266,1201,s,229,242.0,False,2037.25,2040.5
13079,1314,1463,s,229,238.0,False,2037.25,2039.5
13080,1329,1388,s,229,236.0,False,2037.25,2039.0
13081,1396,1903,s,229,242.0,False,2037.25,2040.5
13082,1453,1409,s,229,230.0,False,2037.25,2037.5
13083,1751,1811,s,229,229.0,False,2037.25,2037.25
13084,1772,1732,s,229,234.0,False,2037.25,2038.5
13085,1804,1002,s,229,236.0,False,2037.25,2039.0
13086,1908,1628,s,229,236.0,False,2037.25,2039.0
13087,1920,1687,s,229,241.0,False,2037.25,2040.25
13088,248,1315,s,229,233.0,False,2037.25,2038.25
13089,262,1435,s,229,236.0,False,2037.25,2039.0
13090,1005,1002,s,229,,False,2037.25,
13091,1187,1903,s,229,230.0,False,2037.25,2037.5
13092,1206,1582,s,229,231.0,False,2037.25,2037.75
13093,1209,1513,s,229,231.0,False,2037.25,2037.75
13094,1237,1613,s,229,231.0,False,2037.25,2037.75
13095,1266,1581,s,229,232.0,False,2037.25,2038.0
13096,1306,1205,s,229,,False,2037.25,
13097,1329,1582,s,229,231.0,False,2037.25,2037.75
13098,1330,1756,s,229,231.0,False,2037.25,2037.75
13099,1401,1507,s,229,232.0,False,2037.25,2038.0
13100,1523,1582,s,229,232.0,False,2037.25,2038.0
13101,1527,1526,s,229,236.0,False,2037.25,2039.0
13102,1655,1521,s,229,229.0,False,2037.25,2037.25
13103,1666,1857,s,229,233.0,False,2037.25,2038.25
13104,1824,1940,s,229,234.0,False,2037.25,2038.5
13105,1853,1770,s,229,236.0,False,2037.25,2039.0
13106,1862,1568,s,229,233.0,False,2037.25,2038.25
13107,2002,1902,s,229,239.0,False,2037.25,2039.75
13108,2127,1628,s,229,229.0,False,2037.25,2037.25
13109,2129,1672,s,229,235.0,False,2037.25,2038.75
13110,262,97,s,229,235.0,False,2037.25,2038.75
13111,791,1999,s,229,232.0,False,2037.25,2038.0
13112,837,1281,s,229,,False,2037.25,
13113,1005,1353,s,229,232.0,False,2037.25,2038.0
13114,1005,1568,s,229,234.0,False,2037.25,2038.5
13115,1006,97,s,229,236.0,False,2037.25,2039.0
13116,1079,1282,s,229,235.0,False,2037.25,2038.75
13117,1079,1615,s,229,231.0,False,2037.25,2037.75
13118,1187,1201,s,229,234.0,False,2037.25,2038.5
13119,1242,1282,s,229,230.0,False,2037.25,2037.5
13120,1265,1282,s,229,232.0,False,2037.25,2038.0
13121,1306,2183,s,229,231.0,False,2037.25,2037.75
13122,1314,1669,s,229,240.0,False,2037.25,2040.0
13123,1319,1282,s,229,233.0,False,2037.25,2038.25
13124,1396,1315,s,229,233.0,False,2037.25,2038.25
13125,1452,1582,s,229,235.0,False,2037.25,2038.75
13126,1729,1582,s,229,230.0,False,2037.25,2037.5
13127,1804,2019,s,229,234.0,False,2037.25,2038.5
13128,1851,1582,s,229,231.0,False,2037.25,2037.75
13129,1968,1526,s,229,230.0,False,2037.25,2037.5
13130,1186,1388,l,229,236.0,True,2037.25,2039.0
13131,743,320,l,229,,True,2037.25,
13132,1186,49,l,229,,True,2037.25,
13133,303,1315,s,230,231.0,False,2037.5,2037.75
13134,507,1310,s,230,236.0,False,2037.5,2039.0
13135,507,1367,s,230,232.0,False,2037.5,2038.0
13136,837,1315,s,230,231.0,False,2037.5,2037.75
13137,1200,1669,s,230,230.0,False,2037.5,2037.5
13138,1239,146,s,230,230.0,False,2037.5,2037.5
13139,1239,1922,s,230,234.0,False,2037.5,2038.5
13140,1242,1903,s,230,231.0,False,2037.5,2037.75
13141,1271,1335,s,230,230.0,False,2037.5,2037.5
13142,1329,1374,s,230,230.0,False,2037.5,2037.5
13143,1343,336,s,230,242.0,False,2037.5,2040.5
13144,1481,1339,s,230,231.0,False,2037.5,2037.75
13145,1514,1560,s,230,232.0,False,2037.5,2038.0
13146,1595,1568,s,230,231.0,False,2037.5,2037.75
13147,1619,1443,s,230,237.0,False,2037.5,2039.25
13148,1619,1568,s,230,231.0,False,2037.5,2037.75
13149,1771,1560,s,230,237.0,False,2037.5,2039.25
13150,1772,1568,s,230,236.0,False,2037.5,2039.0
13151,1772,2019,s,230,235.0,False,2037.5,2038.75
13152,1794,1388,s,230,231.0,False,2037.5,2037.75
13153,1862,1582,s,230,238.0,False,2037.5,2039.5
13154,2002,1672,s,230,230.0,False,2037.5,2037.5
13155,2235,1783,s,230,230.0,False,2037.5,2037.5
13156,262,1299,s,230,232.0,False,2037.5,2038.0
13157,262,1367,s,230,231.0,False,2037.5,2037.75
13158,262,1428,s,230,231.0,False,2037.5,2037.75
13159,303,1418,s,230,230.0,False,2037.5,2037.5
13160,516,1615,s,230,231.0,False,2037.5,2037.75
13161,937,1190,s,230,,False,2037.5,
13162,1079,1255,s,230,237.0,False,2037.5,2039.25
13163,1187,1282,s,230,231.0,False,2037.5,2037.75
13164,1239,2021,s,230,233.0,False,2037.5,2038.25
13165,1266,1489,s,230,243.0,False,2037.5,2040.75
13166,1371,1416,s,230,233.0,False,2037.5,2038.25
13167,1393,1388,s,230,233.0,False,2037.5,2038.25
13168,1393,1513,s,230,231.0,False,2037.5,2037.75
13169,1401,1463,s,230,232.0,False,2037.5,2038.0
13170,1405,1902,s,230,236.0,False,2037.5,2039.0
13171,1417,1687,s,230,232.0,False,2037.5,2038.0
13172,1481,1902,s,230,230.0,False,2037.5,2037.5
13173,1509,1560,s,230,238.0,False,2037.5,2039.5
13174,1619,1416,s,230,239.0,False,2037.5,2039.75
13175,1655,1436,s,230,235.0,False,2037.5,2038.75
13176,1677,2019,s,230,240.0,False,2037.5,2040.0
13177,1729,1687,s,230,236.0,False,2037.5,2039.0
13178,1804,1568,s,230,231.0,False,2037.5,2037.75
13179,1893,1710,s,230,235.0,False,2037.5,2038.75
13180,1920,1582,s,230,230.0,False,2037.5,2037.5
13181,2041,1560,s,230,234.0,False,2037.5,2038.5
13182,204,2121,s,230,236.0,False,2037.5,2039.0
13183,230,85,s,230,234.0,False,2037.5,2038.5
13184,262,653,s,230,231.0,False,2037.5,2037.75
13185,837,1321,s,230,237.0,False,2037.5,2039.25
13186,1079,1613,s,230,233.0,False,2037.5,2038.25
13187,1186,1428,s,230,238.0,False,2037.5,2039.5
13188,1306,1903,s,230,233.0,False,2037.5,2038.25
13189,1328,1687,s,230,236.0,False,2037.5,2039.0
13190,1401,1902,s,230,238.0,False,2037.5,2039.5
13191,1441,1680,s,230,231.0,False,2037.5,2037.75
13192,1474,1560,s,230,237.0,False,2037.5,2039.25
13193,1595,1274,s,230,233.0,False,2037.5,2038.25
13194,1618,1400,s,230,232.0,False,2037.5,2038.0
13195,1621,2203,s,230,231.0,False,2037.5,2037.75
13196,1677,1680,s,230,240.0,False,2037.5,2040.0
13197,1678,1201,s,230,232.0,False,2037.5,2038.0
13198,1678,1526,s,230,234.0,False,2037.5,2038.5
13199,1751,1672,s,230,231.0,False,2037.5,2037.75
13200,1772,2018,s,230,233.0,False,2037.5,2038.25
13201,1804,1400,s,230,240.0,False,2037.5,2040.0
13202,1829,1781,s,230,232.0,False,2037.5,2038.0
13203,1945,1784,s,230,234.0,False,2037.5,2038.5
13204,1945,1916,s,230,232.0,False,2037.5,2038.0
13205,1968,2021,s,230,236.0,False,2037.5,2039.0
13206,630,1342,l,230,,True,2037.5,
13207,1545,1463,l,230,,True,2037.5,
13208,1766,1560,l,230,,True,2037.5,
13209,1772,1776,l,230,,True,2037.5,
13210,262,1463,s,231,235.0,False,2037.75,2038.75
13211,837,1181,s,231,233.0,False,2037.75,2038.25
13212,1074,1282,s,231,232.0,False,2037.75,2038.0
13213,1187,1400,s,231,236.0,False,2037.75,2039.0
13214,1265,1367,s,231,233.0,False,2037.75,2038.25
13215,1266,1475,s,231,238.0,False,2037.75,2039.5
13216,1330,1682,s,231,234.0,False,2037.75,2038.5
13217,1417,1734,s,231,232.0,False,2037.75,2038.0
13218,1462,1821,s,231,234.0,False,2037.75,2038.5
13219,1572,2184,s,231,235.0,False,2037.75,2038.75
13220,1655,1560,s,231,232.0,False,2037.75,2038.0
13221,1655,1902,s,231,233.0,False,2037.75,2038.25
13222,1751,1687,s,231,241.0,False,2037.75,2040.25
13223,1794,1479,s,231,,False,2037.75,
13224,1804,1418,s,231,234.0,False,2037.75,2038.5
13225,1829,2204,s,231,232.0,False,2037.75,2038.0
13226,1946,2018,s,231,234.0,False,2037.75,2038.5
13227,2127,2057,s,231,232.0,False,2037.75,2038.0
13228,204,1435,s,231,232.0,False,2037.75,2038.0
13229,343,1335,s,231,233.0,False,2037.75,2038.25
13230,1005,1190,s,231,233.0,False,2037.75,2038.25
13231,1239,1222,s,231,234.0,False,2037.75,2038.5
13232,1239,1247,s,231,232.0,False,2037.75,2038.0
13233,1290,1489,s,231,233.0,False,2037.75,2038.25
13234,1351,1404,s,231,235.0,False,2037.75,2038.75
13235,1382,1604,s,231,239.0,False,2037.75,2039.75
13236,1401,1781,s,231,233.0,False,2037.75,2038.25
13237,1412,1463,s,231,235.0,False,2037.75,2038.75
13238,1619,1201,s,231,236.0,False,2037.75,2039.0
13239,1661,1416,s,231,234.0,False,2037.75,2038.5
13240,1668,1388,s,231,239.0,False,2037.75,2039.75
13241,1678,1367,s,231,233.0,False,2037.75,2038.25
13242,1712,1521,s,231,232.0,False,2037.75,2038.0
13243,1712,1916,s,231,232.0,False,2037.75,2038.0
13244,1775,1690,s,231,,False,2037.75,
13245,1862,1898,s,231,,False,2037.75,
13246,1886,2121,s,231,234.0,False,2037.75,2038.5
13247,1893,2270,s,231,234.0,False,2037.75,2038.5
13248,1933,1628,s,231,233.0,False,2037.75,2038.25
13249,204,1903,s,231,232.0,False,2037.75,2038.0
13250,507,1463,s,231,233.0,False,2037.75,2038.25
13251,551,1615,s,231,232.0,False,2037.75,2038.0
13252,913,1201,s,231,234.0,False,2037.75,2038.5
13253,1187,2021,s,231,237.0,False,2037.75,2039.25
13254,1203,1460,s,231,234.0,False,2037.75,2038.5
13255,1239,1463,s,231,238.0,False,2037.75,2039.5
13256,1266,1315,s,231,235.0,False,2037.75,2038.75
13257,1266,1604,s,231,232.0,False,2037.75,2038.0
13258,1329,1507,s,231,234.0,False,2037.75,2038.5
13259,1330,1190,s,231,234.0,False,2037.75,2038.5
13260,1354,1388,s,231,235.0,False,2037.75,2038.75
13261,1412,1669,s,231,232.0,False,2037.75,2038.0
13262,1450,1861,s,231,235.0,False,2037.75,2038.75
13263,1619,1821,s,231,237.0,False,2037.75,2039.25
13264,1655,1821,s,231,233.0,False,2037.75,2038.25
13265,1712,1604,s,231,241.0,False,2037.75,2040.25
13266,1729,1758,s,231,234.0,False,2037.75,2038.5
13267,1754,2078,s,231,239.0,False,2037.75,2039.75
13268,1772,1687,s,231,234.0,False,2037.75,2038.5
13269,1920,2018,s,231,232.0,False,2037.75,2038.0
13270,2255,1998,s,231,237.0,False,2037.75,2039.25
13271,1180,1282,l,231,,True,2037.75,
13272,1330,1903,l,231,,True,2037.75,
13273,1452,1282,l,231,,True,2037.75,
13274,1737,1784,l,231,240.0,True,2037.75,2040.0
13275,1920,1781,l,231,,True,2037.75,
13276,1239,1582,l,231,,True,2037.75,
13277,1772,1550,l,231,,True,2037.75,
13278,1804,1282,l,231,,True,2037.75,
13279,1005,1318,l,231,,True,2037.75,
13280,1157,1513,l,231,,True,2037.75,
13281,1359,1292,l,231,242.0,True,2037.75,2040.5
13282,1595,1998,l,231,,True,2037.75,
13283,1968,1247,l,231,,True,2037.75,
13284,173,1318,s,232,233.0,False,2038.0,2038.25
13285,204,1381,s,232,233.0,False,2038.0,2038.25
13286,262,2021,s,232,235.0,False,2038.0,2038.75
13287,507,1201,s,232,234.0,False,2038.0,2038.5
13288,1186,1335,s,232,232.0,False,2038.0,2038.0
13289,1203,1350,s,232,233.0,False,2038.0,2038.25
13290,1239,1400,s,232,232.0,False,2038.0,2038.0
13291,1242,1381,s,232,233.0,False,2038.0,2038.25
13292,1266,1428,s,232,233.0,False,2038.0,2038.25
13293,1270,1201,s,232,233.0,False,2038.0,2038.25
13294,1328,1568,s,232,237.0,False,2038.0,2039.25
13295,1393,2096,s,232,233.0,False,2038.0,2038.25
13296,1396,1513,s,232,232.0,False,2038.0,2038.0
13297,1527,1388,s,232,233.0,False,2038.0,2038.25
13298,1619,1255,s,232,238.0,False,2038.0,2039.5
13299,1619,1318,s,232,236.0,False,2038.0,2039.0
13300,1655,1568,s,232,232.0,False,2038.0,2038.0
13301,1656,320,s,232,,False,2038.0,
13302,1684,1667,s,232,236.0,False,2038.0,2039.0
13303,1712,1582,s,232,235.0,False,2038.0,2038.75
13304,1729,1413,s,232,232.0,False,2038.0,2038.0
13305,1920,2078,s,232,234.0,False,2038.0,2038.5
13306,2043,1861,s,232,,False,2038.0,
13307,2293,1915,s,232,235.0,False,2038.0,2038.75
13308,173,409,s,232,233.0,False,2038.0,2038.25
13309,248,1353,s,232,242.0,False,2038.0,2040.5
13310,303,1367,s,232,236.0,False,2038.0,2039.0
13311,1225,1416,s,232,232.0,False,2038.0,2038.0
13312,1328,1560,s,232,243.0,False,2038.0,2040.75
13313,1481,1463,s,232,237.0,False,2038.0,2039.25
13314,1595,1342,s,232,233.0,False,2038.0,2038.25
13315,1595,1436,s,232,235.0,False,2038.0,2038.75
13316,1595,1582,s,232,235.0,False,2038.0,2038.75
13317,1595,1728,s,232,235.0,False,2038.0,2038.75
13318,1609,1652,s,232,,False,2038.0,
13319,1677,1281,s,232,234.0,False,2038.0,2038.5
13320,1711,1560,s,232,233.0,False,2038.0,2038.25
13321,1711,1781,s,232,238.0,False,2038.0,2039.5
13322,1840,1682,s,232,235.0,False,2038.0,2038.75
13323,1968,1456,s,232,233.0,False,2038.0,2038.25
13324,507,1601,s,232,236.0,False,2038.0,2039.0
13325,630,1334,s,232,,False,2038.0,
13326,837,1190,s,232,234.0,False,2038.0,2038.5
13327,1220,1436,s,232,239.0,False,2038.0,2039.75
13328,1239,1674,s,232,236.0,False,2038.0,2039.0
13329,1396,1582,s,232,234.0,False,2038.0,2038.5
13330,1527,1690,s,232,237.0,False,2038.0,2039.25
13331,1589,1687,s,232,234.0,False,2038.0,2038.5
13332,1609,2057,s,232,238.0,False,2038.0,2039.5
13333,1619,2119,s,232,238.0,False,2038.0,2039.5
13334,1619,2121,s,232,233.0,False,2038.0,2038.25
13335,1668,1540,s,232,234.0,False,2038.0,2038.5
13336,1723,1282,s,232,233.0,False,2038.0,2038.25
13337,1754,1735,s,232,238.0,False,2038.0,2039.5
13338,1804,1463,s,232,234.0,False,2038.0,2038.5
13339,1847,1582,s,232,238.0,False,2038.0,2039.5
13340,1870,1582,s,232,238.0,False,2038.0,2039.5
13341,1870,1756,s,232,233.0,False,2038.0,2038.25
13342,2274,1732,s,232,237.0,False,2038.0,2039.25
13343,837,1274,l,232,,True,2038.0,
13344,2293,2097,l,232,,True,2038.0,
13345,316,213,l,232,,True,2038.0,
13346,1678,146,l,232,,True,2038.0,
13347,234,2229,s,233,234.0,False,2038.25,2038.5
13348,260,1321,s,233,234.0,False,2038.25,2038.5
13349,303,1201,s,233,240.0,False,2038.25,2040.0
13350,507,653,s,233,237.0,False,2038.25,2039.25
13351,1005,1479,s,233,233.0,False,2038.25,2038.25
13352,1007,1282,s,233,,False,2038.25,
13353,1159,1367,s,233,236.0,False,2038.25,2039.0
13354,1242,1158,s,233,234.0,False,2038.25,2038.5
13355,1266,1435,s,233,236.0,False,2038.25,2039.0
13356,1306,1318,s,233,,False,2038.25,
13357,1323,740,s,233,,False,2038.25,
13358,1527,1669,s,233,233.0,False,2038.25,2038.25
13359,1619,1388,s,233,235.0,False,2038.25,2038.75
13360,1661,1713,s,233,235.0,False,2038.25,2038.75
13361,1684,1590,s,233,,False,2038.25,
13362,1693,1582,s,233,234.0,False,2038.25,2038.5
13363,1914,1690,s,233,235.0,False,2038.25,2038.75
13364,2293,1582,s,233,240.0,False,2038.25,2040.0
13365,204,1282,s,233,240.0,False,2038.25,2040.0
13366,1005,409,s,233,,False,2038.25,
13367,1153,1339,s,233,236.0,False,2038.25,2039.0
13368,1225,1525,s,233,235.0,False,2038.25,2038.75
13369,1266,1463,s,233,237.0,False,2038.25,2039.25
13370,1266,2021,s,233,233.0,False,2038.25,2038.25
13371,1280,1651,s,233,,False,2038.25,
13372,1290,1802,s,233,235.0,False,2038.25,2038.75
13373,1294,1342,s,233,235.0,False,2038.25,2038.75
13374,1330,1436,s,233,234.0,False,2038.25,2038.5
13375,1396,1487,s,233,243.0,False,2038.25,2040.75
13376,1406,1506,s,233,234.0,False,2038.25,2038.5
13377,1412,1902,s,233,,False,2038.25,
13378,1417,1903,s,233,237.0,False,2038.25,2039.25
13379,1545,1582,s,233,234.0,False,2038.25,2038.5
13380,1595,2078,s,233,239.0,False,2038.25,2039.75
13381,1655,1416,s,233,235.0,False,2038.25,2038.75
13382,1655,2078,s,233,237.0,False,2038.25,2039.25
13383,1678,1299,s,233,236.0,False,2038.25,2039.0
13384,1712,1781,s,233,236.0,False,2038.25,2039.0
13385,1772,1861,s,233,,False,2038.25,
13386,1887,1613,s,233,234.0,False,2038.25,2038.5
13387,2002,1568,s,233,234.0,False,2038.25,2038.5
13388,169,653,s,233,242.0,False,2038.25,2040.5
13389,507,1674,s,233,234.0,False,2038.25,2038.5
13390,913,572,s,233,241.0,False,2038.25,2040.25
13391,1159,1400,s,233,237.0,False,2038.25,2039.25
13392,1206,933,s,233,234.0,False,2038.25,2038.5
13393,1294,1282,s,233,,False,2038.25,
13394,1319,1680,s,233,234.0,False,2038.25,2038.5
13395,1390,1774,s,233,234.0,False,2038.25,2038.5
13396,1412,1821,s,233,235.0,False,2038.25,2038.75
13397,1509,1590,s,233,234.0,False,2038.25,2038.5
13398,1509,1760,s,233,236.0,False,2038.25,2039.0
13399,1629,1590,s,233,243.0,False,2038.25,2040.75
13400,1661,1513,s,233,240.0,False,2038.25,2040.0
13401,1712,1628,s,233,239.0,False,2038.25,2039.75
13402,1772,1758,s,233,234.0,False,2038.25,2038.5
13403,1829,1952,s,233,235.0,False,2038.25,2038.75
13404,1893,2019,s,233,235.0,False,2038.25,2038.75
13405,1914,2018,s,233,236.0,False,2038.25,2039.0
13406,1945,1599,s,233,237.0,False,2038.25,2039.25
13407,1946,1339,s,233,237.0,False,2038.25,2039.25
13408,1968,1672,s,233,235.0,False,2038.25,2038.75
13409,1453,1756,l,233,,True,2038.25,
13410,1884,1861,l,233,,True,2038.25,
13411,1596,2121,l,233,237.0,True,2038.25,2039.25
13412,204,1517,s,234,238.0,False,2038.5,2039.5
13413,255,1255,s,234,237.0,False,2038.5,2039.25
13414,837,1517,s,234,238.0,False,2038.5,2039.5
13415,1007,1247,s,234,235.0,False,2038.5,2038.75
13416,1242,1463,s,234,235.0,False,2038.5,2038.75
13417,1266,1630,s,234,237.0,False,2038.5,2039.25
13418,1319,1672,s,234,241.0,False,2038.5,2040.25
13419,1351,1513,s,234,234.0,False,2038.5,2038.5
13420,1382,1981,s,234,237.0,False,2038.5,2039.25
13421,1393,1388,s,234,,False,2038.5,
13422,1412,1690,s,234,235.0,False,2038.5,2038.75
13423,1544,1560,s,234,243.0,False,2038.5,2040.75
13424,1595,1880,s,234,236.0,False,2038.5,2039.0
13425,1619,1367,s,234,236.0,False,2038.5,2039.0
13426,1702,1568,s,234,239.0,False,2038.5,2039.75
13427,1723,1222,s,234,242.0,False,2038.5,2040.5
13428,1723,1526,s,234,238.0,False,2038.5,2039.5
13429,1824,2096,s,234,237.0,False,2038.5,2039.25
13430,173,1339,s,234,236.0,False,2038.5,2039.0
13431,262,2186,s,234,237.0,False,2038.5,2039.25
13432,303,416,s,234,243.0,False,2038.5,2040.75
13433,1079,1190,s,234,235.0,False,2038.5,2038.75
13434,1186,1282,s,234,241.0,False,2038.5,2040.25
13435,1200,1205,s,234,240.0,False,2038.5,2040.0
13436,1203,1508,s,234,237.0,False,2038.5,2039.25
13437,1242,1282,s,234,241.0,False,2038.5,2040.25
13438,1242,1339,s,234,236.0,False,2038.5,2039.0
13439,1242,1582,s,234,236.0,False,2038.5,2039.0
13440,1242,1903,s,234,237.0,False,2038.5,2039.25
13441,1324,416,s,234,235.0,False,2038.5,2038.75
13442,1393,1428,s,234,238.0,False,2038.5,2039.5
13443,1405,1669,s,234,,False,2038.5,
13444,1453,1903,s,234,239.0,False,2038.5,2039.75
13445,1514,1902,s,234,234.0,False,2038.5,2038.5
13446,1535,1321,s,234,240.0,False,2038.5,2040.0
13447,1600,1756,s,234,235.0,False,2038.5,2038.75
13448,1619,1346,s,234,236.0,False,2038.5,2039.0
13449,1649,1590,s,234,,False,2038.5,
13450,1677,1436,s,234,235.0,False,2038.5,2038.75
13451,1729,1416,s,234,236.0,False,2038.5,2039.0
13452,1862,1901,s,234,,False,2038.5,
13453,1950,1752,s,234,,False,2038.5,
13454,204,1190,s,234,241.0,False,2038.5,2040.25
13455,214,1418,s,234,,False,2038.5,
13456,248,1615,s,234,236.0,False,2038.5,2039.0
13457,630,1298,s,234,235.0,False,2038.5,2038.75
13458,1079,1299,s,234,237.0,False,2038.5,2039.25
13459,1187,1615,s,234,239.0,False,2038.5,2039.75
13460,1237,1252,s,234,241.0,False,2038.5,2040.25
13461,1239,1413,s,234,237.0,False,2038.5,2039.25
13462,1306,1428,s,234,237.0,False,2038.5,2039.25
13463,1329,1463,s,234,236.0,False,2038.5,2039.0
13464,1330,1674,s,234,237.0,False,2038.5,2039.25
13465,1412,1810,s,234,239.0,False,2038.5,2039.75
13466,1538,1582,s,234,243.0,False,2038.5,2040.75
13467,1678,1315,s,234,237.0,False,2038.5,2039.25
13468,1794,2096,s,234,239.0,False,2038.5,2039.75
13469,1831,1940,s,234,,False,2038.5,
13470,1883,1669,s,234,235.0,False,2038.5,2038.75
13471,2060,1903,s,234,235.0,False,2038.5,2038.75
13472,1203,1821,l,234,,True,2038.5,
13473,1412,2270,l,234,,True,2038.5,
13474,1448,1403,l,234,,True,2038.5,
13475,1684,1903,l,234,241.0,True,2038.5,2040.25
13476,1804,1568,l,234,,True,2038.5,
13477,1293,1342,l,234,,True,2038.5,
13478,1330,1770,l,234,,True,2038.5,
13479,1481,1400,l,234,,True,2038.5,
13480,1514,1630,l,234,,True,2038.5,
13481,1589,1902,l,234,,True,2038.5,
13482,204,1802,l,234,,True,2038.5,
13483,837,1367,l,234,243.0,True,2038.5,2040.75
13484,1225,1298,l,234,,True,2038.5,
13485,1242,1669,l,234,,True,2038.5,
13486,303,1321,s,235,242.0,False,2038.75,2040.5
13487,908,320,s,235,237.0,False,2038.75,2039.25
13488,1079,1201,s,235,237.0,False,2038.75,2039.25
13489,1159,1255,s,235,237.0,False,2038.75,2039.25
13490,1203,1388,s,235,,False,2038.75,
13491,1330,2019,s,235,239.0,False,2038.75,2039.75
13492,1354,1568,s,235,241.0,False,2038.75,2040.25
13493,1359,1190,s,235,235.0,False,2038.75,2038.75
13494,1393,1416,s,235,237.0,False,2038.75,2039.25
13495,1441,1680,s,235,235.0,False,2038.75,2038.75
13496,1481,1353,s,235,237.0,False,2038.75,2039.25
13497,1481,1903,s,235,236.0,False,2038.75,2039.0
13498,1619,1342,s,235,,False,2038.75,
13499,1678,1615,s,235,238.0,False,2038.75,2039.5
13500,1723,1463,s,235,236.0,False,2038.75,2039.0
13501,1729,1463,s,235,237.0,False,2038.75,2039.25
13502,1729,1546,s,235,236.0,False,2038.75,2039.0
13503,1968,1367,s,235,238.0,False,2038.75,2039.5
13504,204,1613,s,235,236.0,False,2038.75,2039.0
13505,204,1983,s,235,236.0,False,2038.75,2039.0
13506,1239,1190,s,235,242.0,False,2038.75,2040.5
13507,1242,1507,s,235,243.0,False,2038.75,2040.75
13508,1242,1578,s,235,235.0,False,2038.75,2038.75
13509,1266,1388,s,235,241.0,False,2038.75,2040.25
13510,1382,1475,s,235,235.0,False,2038.75,2038.75
13511,1445,1834,s,235,236.0,False,2038.75,2039.0
13512,1548,2184,s,235,237.0,False,2038.75,2039.25
13513,1649,1674,s,235,,False,2038.75,
13514,1748,2119,s,235,,False,2038.75,
13515,1829,1784,s,235,236.0,False,2038.75,2039.0
13516,1968,1281,s,235,237.0,False,2038.75,2039.25
13517,1968,1582,s,235,239.0,False,2038.75,2039.75
13518,2127,1568,s,235,238.0,False,2038.75,2039.5
13519,2129,1734,s,235,239.0,False,2038.75,2039.75
13520,2293,2096,s,235,238.0,False,2038.75,2039.5
13521,173,1011,s,235,240.0,False,2038.75,2040.0
13522,262,1205,s,235,240.0,False,2038.75,2040.0
13523,927,1615,s,235,239.0,False,2038.75,2039.75
13524,1005,1201,s,235,240.0,False,2038.75,2040.0
13525,1200,1201,s,235,242.0,False,2038.75,2040.5
13526,1237,1365,s,235,,False,2038.75,
13527,1239,1400,s,235,,False,2038.75,
13528,1239,1568,s,235,,False,2038.75,
13529,1239,1669,s,235,,False,2038.75,
13530,1239,2121,s,235,,False,2038.75,
13531,1393,1404,s,235,241.0,False,2038.75,2040.25
13532,1453,1599,s,235,239.0,False,2038.75,2039.75
13533,1509,1568,s,235,236.0,False,2038.75,2039.0
13534,1523,1497,s,235,237.0,False,2038.75,2039.25
13535,1571,1560,s,235,,False,2038.75,
13536,1641,1735,s,235,237.0,False,2038.75,2039.25
13537,1655,1680,s,235,238.0,False,2038.75,2039.5
13538,1683,1669,s,235,236.0,False,2038.75,2039.0
13539,1712,2018,s,235,236.0,False,2038.75,2039.0
13540,1772,1687,s,235,,False,2038.75,
13541,1847,1249,s,235,242.0,False,2038.75,2040.5
13542,1481,1680,l,235,,True,2038.75,
13543,1005,1821,l,235,,True,2038.75,
13544,1545,1784,l,235,,True,2038.75,
13545,1595,1962,l,235,,True,2038.75,
13546,1354,1674,l,235,,True,2038.75,
13547,1595,1281,l,235,,True,2038.75,
13548,1751,1560,l,235,,True,2038.75,
13549,204,1615,s,236,241.0,False,2039.0,2040.25
13550,283,78,s,236,,False,2039.0,
13551,283,159,s,236,240.0,False,2039.0,2040.0
13552,507,1335,s,236,237.0,False,2039.0,2039.25
13553,587,1615,s,236,238.0,False,2039.0,2039.5
13554,1157,1150,s,236,239.0,False,2039.0,2039.75
13555,1359,785,s,236,238.0,False,2039.0,2039.5
13556,1401,1687,s,236,,False,2039.0,
13557,1412,1361,s,236,238.0,False,2039.0,2039.5
13558,1412,2019,s,236,240.0,False,2039.0,2040.0
13559,1412,2183,s,236,242.0,False,2039.0,2040.5
13560,1481,1821,s,236,236.0,False,2039.0,2039.0
13561,1595,1508,s,236,239.0,False,2039.0,2039.75
13562,1649,1669,s,236,239.0,False,2039.0,2039.75
13563,1862,1669,s,236,238.0,False,2039.0,2039.5
13564,1907,1292,s,236,237.0,False,2039.0,2039.25
13565,1920,1739,s,236,243.0,False,2039.0,2040.75
13566,1971,1513,s,236,238.0,False,2039.0,2039.5
13567,2062,2311,s,236,243.0,False,2039.0,2040.75
13568,2293,1781,s,236,241.0,False,2039.0,2040.25
13569,507,97,s,236,237.0,False,2039.0,2039.25
13570,507,1149,s,236,241.0,False,2039.0,2040.25
13571,837,1463,s,236,240.0,False,2039.0,2040.0
13572,913,1388,s,236,236.0,False,2039.0,2039.0
13573,1010,1310,s,236,239.0,False,2039.0,2039.75
13574,1219,1299,s,236,243.0,False,2039.0,2040.75
13575,1220,1615,s,236,,False,2039.0,
13576,1235,1463,s,236,237.0,False,2039.0,2039.25
13577,1242,1568,s,236,240.0,False,2039.0,2040.0
13578,1290,1315,s,236,237.0,False,2039.0,2039.25
13579,1323,1615,s,236,238.0,False,2039.0,2039.5
13580,1330,1513,s,236,237.0,False,2039.0,2039.25
13581,1393,1781,s,236,243.0,False,2039.0,2040.75
13582,1396,1560,s,236,236.0,False,2039.0,2039.0
13583,1396,1669,s,236,,False,2039.0,
13584,1420,1604,s,236,237.0,False,2039.0,2039.25
13585,1454,1353,s,236,237.0,False,2039.0,2039.25
13586,1619,1388,s,236,237.0,False,2039.0,2039.25
13587,1642,1898,s,236,239.0,False,2039.0,2039.75
13588,1678,1460,s,236,239.0,False,2039.0,2039.75
13589,1751,1436,s,236,237.0,False,2039.0,2039.25
13590,1751,2097,s,236,242.0,False,2039.0,2040.5
13591,1804,159,s,236,239.0,False,2039.0,2039.75
13592,1883,1781,s,236,240.0,False,2039.0,2040.0
13593,1914,1728,s,236,237.0,False,2039.0,2039.25
13594,1946,1513,s,236,239.0,False,2039.0,2039.75
13595,342,85,s,236,237.0,False,2039.0,2039.25
13596,497,108,s,236,,False,2039.0,
13597,837,1475,s,236,,False,2039.0,
13598,988,952,s,236,240.0,False,2039.0,2040.0
13599,1074,409,s,236,237.0,False,2039.0,2039.25
13600,1079,1388,s,236,237.0,False,2039.0,2039.25
13601,1153,1375,s,236,240.0,False,2039.0,2040.0
13602,1187,1821,s,236,238.0,False,2039.0,2039.5
13603,1209,1613,s,236,,False,2039.0,
13604,1266,1902,s,236,241.0,False,2039.0,2040.25
13605,1314,1353,s,236,240.0,False,2039.0,2040.0
13606,1393,1669,s,236,237.0,False,2039.0,2039.25
13607,1441,1878,s,236,238.0,False,2039.0,2039.5
13608,1625,1680,s,236,237.0,False,2039.0,2039.25
13609,1661,1604,s,236,239.0,False,2039.0,2039.75
13610,1677,1416,s,236,,False,2039.0,
13611,1945,1568,s,236,237.0,False,2039.0,2039.25
13612,1968,1205,s,236,237.0,False,2039.0,2039.25
13613,2060,1339,s,236,237.0,False,2039.0,2039.25
13614,2293,1682,s,236,238.0,False,2039.0,2039.5
13615,1159,1342,l,236,,True,2039.0,
13616,1242,1463,l,236,,True,2039.0,
13617,1382,1568,l,236,241.0,True,2039.0,2040.25
13618,1406,1339,l,236,243.0,True,2039.0,2040.75
13619,1824,1901,l,236,,True,2039.0,
13620,303,1613,l,236,,True,2039.0,
13621,1452,1902,l,236,,True,2039.0,
13622,1647,1513,l,236,242.0,True,2039.0,2040.5
13623,1401,1463,l,236,240.0,True,2039.0,2040.0
13624,1209,1903,s,237,242.0,False,2039.25,2040.5
13625,1242,1696,s,237,243.0,False,2039.25,2040.75
13626,1265,1463,s,237,240.0,False,2039.25,2040.0
13627,1266,1282,s,237,241.0,False,2039.25,2040.25
13628,1266,1513,s,237,238.0,False,2039.25,2039.5
13629,1293,1582,s,237,239.0,False,2039.25,2039.75
13630,1294,1903,s,237,238.0,False,2039.25,2039.5
13631,1306,1353,s,237,,False,2039.25,
13632,1330,1463,s,237,237.0,False,2039.25,2039.25
13633,1382,2097,s,237,,False,2039.25,
13634,1406,2119,s,237,242.0,False,2039.25,2040.5
13635,1417,1416,s,237,241.0,False,2039.25,2040.25
13636,1481,1513,s,237,238.0,False,2039.25,2039.5
13637,1678,1204,s,237,240.0,False,2039.25,2040.0
13638,1683,1578,s,237,240.0,False,2039.25,2040.0
13639,1712,1669,s,237,239.0,False,2039.25,2039.75
13640,1751,1455,s,237,242.0,False,2039.25,2040.5
13641,1862,1513,s,237,,False,2039.25,
13642,1886,1404,s,237,,False,2039.25,
13643,1945,1834,s,237,238.0,False,2039.25,2039.5
13644,87,146,s,237,,False,2039.25,
13645,87,1615,s,237,,False,2039.25,
13646,630,1181,s,237,238.0,False,2039.25,2039.5
13647,913,1281,s,237,241.0,False,2039.25,2040.25
13648,927,1201,s,237,238.0,False,2039.25,2039.5
13649,1239,1513,s,237,238.0,False,2039.25,2039.5
13650,1306,1002,s,237,242.0,False,2039.25,2040.5
13651,1328,1680,s,237,237.0,False,2039.25,2039.25
13652,1330,1506,s,237,,False,2039.25,
13653,1359,1190,s,237,238.0,False,2039.25,2039.5
13654,1382,1901,s,237,238.0,False,2039.25,2039.5
13655,1401,1190,s,237,239.0,False,2039.25,2039.75
13656,1412,1475,s,237,,False,2039.25,
13657,1412,1714,s,237,239.0,False,2039.25,2039.75
13658,1417,2270,s,237,,False,2039.25,
13659,1452,1367,s,237,239.0,False,2039.25,2039.75
13660,1493,1403,s,237,,False,2039.25,
13661,1596,1201,s,237,,False,2039.25,
13662,1625,1762,s,237,238.0,False,2039.25,2039.5
13663,1668,1560,s,237,237.0,False,2039.25,2039.25
13664,1683,1568,s,237,,False,2039.25,
13665,1804,1335,s,237,241.0,False,2039.25,2040.25
13666,1804,1667,s,237,241.0,False,2039.25,2040.25
13667,2041,1687,s,237,238.0,False,2039.25,2039.5
13668,2150,1560,s,237,242.0,False,2039.25,2040.5
13669,837,1201,s,237,238.0,False,2039.25,2039.5
13670,909,1374,s,237,239.0,False,2039.25,2039.75
13671,927,1903,s,237,243.0,False,2039.25,2040.75
13672,1005,1388,s,237,238.0,False,2039.25,2039.5
13673,1079,1318,s,237,238.0,False,2039.25,2039.5
13674,1079,1615,s,237,238.0,False,2039.25,2039.5
13675,1079,1983,s,237,239.0,False,2039.25,2039.75
13676,1203,1339,s,237,,False,2039.25,
13677,1242,1687,s,237,,False,2039.25,
13678,1330,1710,s,237,242.0,False,2039.25,2040.5
13679,1382,1463,s,237,239.0,False,2039.25,2039.75
13680,1401,1732,s,237,238.0,False,2039.25,2039.5
13681,1406,1372,s,237,238.0,False,2039.25,2039.5
13682,1417,1784,s,237,,False,2039.25,
13683,1496,1546,s,237,241.0,False,2039.25,2040.25
13684,1589,2119,s,237,242.0,False,2039.25,2040.5
13685,1642,1680,s,237,238.0,False,2039.25,2039.5
13686,1712,1739,s,237,243.0,False,2039.25,2040.75
13687,1751,1682,s,237,238.0,False,2039.25,2039.5
13688,1751,1781,s,237,,False,2039.25,
13689,1766,1734,s,237,239.0,False,2039.25,2039.75
13690,1893,1878,s,237,239.0,False,2039.25,2039.75
13691,1908,1367,s,237,242.0,False,2039.25,2040.5
13692,1412,1375,l,237,,True,2039.25,
13693,1412,1463,l,237,,True,2039.25,
13694,169,2311,s,238,241.0,False,2039.5,2040.25
13695,248,49,s,238,242.0,False,2039.5,2040.5
13696,262,1247,s,238,240.0,False,2039.5,2040.0
13697,507,2021,s,238,239.0,False,2039.5,2039.75
13698,837,1903,s,238,241.0,False,2039.5,2040.25
13699,1237,1513,s,238,,False,2039.5,
13700,1328,1353,s,238,239.0,False,2039.5,2039.75
13701,1330,1436,s,238,240.0,False,2039.5,2040.0
13702,1393,1682,s,238,242.0,False,2039.5,2040.5
13703,1406,1201,s,238,239.0,False,2039.5,2039.75
13704,1666,1582,s,238,,False,2039.5,
13705,1723,1903,s,238,239.0,False,2039.5,2039.75
13706,1754,1682,s,238,241.0,False,2039.5,2040.25
13707,1968,1282,s,238,241.0,False,2039.5,2040.25
13708,2060,1582,s,238,240.0,False,2039.5,2040.0
13709,173,2021,s,238,241.0,False,2039.5,2040.25
13710,1079,1190,s,238,,False,2039.5,
13711,1079,1385,s,238,238.0,False,2039.5,2039.5
13712,1187,1342,s,238,239.0,False,2039.5,2039.75
13713,1266,1568,s,238,243.0,False,2039.5,2040.75
13714,1359,1321,s,238,,False,2039.5,
13715,1390,1903,s,238,,False,2039.5,
13716,1396,1404,s,238,239.0,False,2039.5,2039.75
13717,1406,1604,s,238,,False,2039.5,
13718,1412,1335,s,238,238.0,False,2039.5,2039.5
13719,1412,1672,s,238,241.0,False,2039.5,2040.25
13720,1477,1903,s,238,242.0,False,2039.5,2040.5
13721,1589,1403,s,238,239.0,False,2039.5,2039.75
13722,1595,2021,s,238,,False,2039.5,
13723,1619,1346,s,238,239.0,False,2039.5,2039.75
13724,1668,1781,s,238,242.0,False,2039.5,2040.5
13725,1862,1940,s,238,242.0,False,2039.5,2040.5
13726,2293,1508,s,238,239.0,False,2039.5,2039.75
13727,248,1015,s,238,,False,2039.5,
13728,418,1615,s,238,242.0,False,2039.5,2040.5
13729,1236,1436,s,238,,False,2039.5,
13730,1239,2019,s,238,,False,2039.5,
13731,1266,1582,s,238,239.0,False,2039.5,2039.75
13732,1271,2021,s,238,242.0,False,2039.5,2040.5
13733,1412,1680,s,238,239.0,False,2039.5,2039.75
13734,1412,1802,s,238,,False,2039.5,
13735,1452,1525,s,238,243.0,False,2039.5,2040.75
13736,1527,1521,s,238,,False,2039.5,
13737,1637,1613,s,238,241.0,False,2039.5,2040.25
13738,1655,1416,s,238,243.0,False,2039.5,2040.75
13739,1677,1674,s,238,242.0,False,2039.5,2040.5
13740,1702,1582,s,238,243.0,False,2039.5,2040.75
13741,1712,1690,s,238,240.0,False,2039.5,2040.0
13742,1712,2270,s,238,,False,2039.5,
13743,1772,1416,s,238,239.0,False,2039.5,2039.75
13744,1772,1463,s,238,239.0,False,2039.5,2039.75
13745,1893,1902,s,238,241.0,False,2039.5,2040.25
13746,1914,1687,s,238,240.0,False,2039.5,2040.0
13747,1914,1901,s,238,243.0,False,2039.5,2040.75
13748,2041,1680,s,238,243.0,False,2039.5,2040.75
13749,173,1821,l,238,,True,2039.5,
13750,1359,1205,l,238,,True,2039.5,
13751,1920,1901,l,238,,True,2039.5,
13752,394,1321,s,239,241.0,False,2039.75,2040.25
13753,927,146,s,239,240.0,False,2039.75,2040.0
13754,1225,1274,s,239,241.0,False,2039.75,2040.25
13755,1266,1463,s,239,240.0,False,2039.75,2040.0
13756,1328,1601,s,239,,False,2039.75,
13757,1363,1339,s,239,239.0,False,2039.75,2039.75
13758,1382,1550,s,239,239.0,False,2039.75,2039.75
13759,1412,1821,s,239,,False,2039.75,
13760,1417,1781,s,239,240.0,False,2039.75,2040.0
13761,1527,1582,s,239,241.0,False,2039.75,2040.25
13762,1548,1687,s,239,241.0,False,2039.75,2040.25
13763,1678,1802,s,239,240.0,False,2039.75,2040.0
13764,1847,1560,s,239,,False,2039.75,
13765,1885,1582,s,239,,False,2039.75,
13766,1886,1274,s,239,,False,2039.75,
13767,2293,1930,s,239,,False,2039.75,
13768,304,32,s,239,240.0,False,2039.75,2040.0
13769,316,785,s,239,,False,2039.75,
13770,507,2121,s,239,240.0,False,2039.75,2040.0
13771,507,2252,s,239,240.0,False,2039.75,2040.0
13772,908,740,s,239,241.0,False,2039.75,2040.25
13773,1187,85,s,239,240.0,False,2039.75,2040.0
13774,1330,1255,s,239,239.0,False,2039.75,2039.75
13775,1382,1672,s,239,,False,2039.75,
13776,1393,1902,s,239,,False,2039.75,
13777,1401,1506,s,239,239.0,False,2039.75,2039.75
13778,1417,1752,s,239,240.0,False,2039.75,2040.0
13779,1589,1674,s,239,,False,2039.75,
13780,1595,1902,s,239,240.0,False,2039.75,2040.0
13781,1609,1784,s,239,,False,2039.75,
13782,1711,1957,s,239,240.0,False,2039.75,2040.0
13783,1829,1735,s,239,241.0,False,2039.75,2040.25
13784,1907,2018,s,239,240.0,False,2039.75,2040.0
13785,1187,1205,s,239,241.0,False,2039.75,2040.25
13786,1235,1353,s,239,242.0,False,2039.75,2040.5
13787,1235,1630,s,239,242.0,False,2039.75,2040.5
13788,1237,1682,s,239,241.0,False,2039.75,2040.25
13789,1306,1821,s,239,,False,2039.75,
13790,1328,1774,s,239,240.0,False,2039.75,2040.0
13791,1412,1682,s,239,241.0,False,2039.75,2040.25
13792,1496,1901,s,239,240.0,False,2039.75,2040.0
13793,1571,1568,s,239,,False,2039.75,
13794,1723,1388,s,239,242.0,False,2039.75,2040.5
13795,1748,2078,s,239,242.0,False,2039.75,2040.5
13796,1794,1582,s,239,,False,2039.75,
13797,1893,2018,s,239,,False,2039.75,
13798,1907,1781,s,239,242.0,False,2039.75,2040.5
13799,1914,1781,s,239,241.0,False,2039.75,2040.25
13800,1920,1713,s,239,242.0,False,2039.75,2040.5
13801,1595,1255,l,239,,True,2039.75,
13802,1600,1902,l,239,,True,2039.75,
13803,1677,1672,l,239,,True,2039.75,
13804,262,1428,l,239,,True,2039.75,
13805,1913,1916,l,239,241.0,True,2039.75,2040.25
13806,1079,1385,l,239,,True,2039.75,
13807,1306,1416,l,239,,True,2039.75,
13808,1527,1560,l,239,,True,2039.75,
13809,1619,1353,l,239,,True,2039.75,
13810,204,453,s,240,,False,2040.0,
13811,204,1903,s,240,240.0,False,2040.0,2040.0
13812,303,1517,s,240,241.0,False,2040.0,2040.25
13813,418,146,s,240,,False,2040.0,
13814,522,1282,s,240,243.0,False,2040.0,2040.75
13815,1074,1190,s,240,240.0,False,2040.0,2040.0
13816,1079,159,s,240,242.0,False,2040.0,2040.5
13817,1237,1903,s,240,,False,2040.0,
13818,1239,1201,s,240,,False,2040.0,
13819,1242,1653,s,240,242.0,False,2040.0,2040.5
13820,1329,1299,s,240,,False,2040.0,
13821,1329,1463,s,240,243.0,False,2040.0,2040.75
13822,1371,1687,s,240,,False,2040.0,
13823,1445,1834,s,240,,False,2040.0,
13824,1483,1513,s,240,241.0,False,2040.0,2040.25
13825,1538,1680,s,240,,False,2040.0,
13826,1595,1201,s,240,241.0,False,2040.0,2040.25
13827,1859,1916,s,240,,False,2040.0,
13828,262,1342,s,240,242.0,False,2040.0,2040.5
13829,551,1517,s,240,,False,2040.0,
13830,837,1342,s,240,242.0,False,2040.0,2040.5
13831,837,1460,s,240,,False,2040.0,
13832,1200,97,s,240,,False,2040.0,
13833,1209,1436,s,240,243.0,False,2040.0,2040.75
13834,1242,1274,s,240,,False,2040.0,
13835,1242,1404,s,240,243.0,False,2040.0,2040.75
13836,1330,1582,s,240,,False,2040.0,
13837,1417,2096,s,240,,False,2040.0,
13838,1514,1590,s,240,243.0,False,2040.0,2040.75
13839,1595,1400,s,240,243.0,False,2040.0,2040.75
13840,1596,416,s,240,,False,2040.0,
13841,1677,1274,s,240,,False,2040.0,
13842,1677,1601,s,240,,False,2040.0,
13843,1683,1672,s,240,,False,2040.0,
13844,1693,1878,s,240,,False,2040.0,
13845,1712,2096,s,240,241.0,False,2040.0,2040.25
13846,1775,1508,s,240,243.0,False,2040.0,2040.75
13847,1837,1918,s,240,242.0,False,2040.0,2040.5
13848,1862,1713,s,240,,False,2040.0,
13849,1893,1645,s,240,243.0,False,2040.0,2040.75
13850,1907,1532,s,240,,False,2040.0,
13851,927,2121,s,240,242.0,False,2040.0,2040.5
13852,1239,1339,s,240,241.0,False,2040.0,2040.25
13853,1242,1479,s,240,242.0,False,2040.0,2040.5
13854,1266,1281,s,240,,False,2040.0,
13855,1266,1604,s,240,242.0,False,2040.0,2040.5
13856,1328,1205,s,240,241.0,False,2040.0,2040.25
13857,1412,2078,s,240,,False,2040.0,
13858,1641,1756,s,240,241.0,False,2040.0,2040.25
13859,1729,1674,s,240,241.0,False,2040.0,2040.25
13860,1749,1582,s,240,,False,2040.0,
13861,1862,1687,s,240,,False,2040.0,
13862,1907,1272,s,240,242.0,False,2040.0,2040.5
13863,1914,1669,s,240,243.0,False,2040.0,2040.75
13864,1914,1861,s,240,243.0,False,2040.0,2040.75
13865,1971,1957,s,240,,False,2040.0,
13866,2060,1404,s,240,243.0,False,2040.0,2040.75
13867,2293,1916,s,240,242.0,False,2040.0,2040.5
13868,262,1613,l,240,,True,2040.0,
13869,1005,1374,l,240,,True,2040.0,
13870,1186,1416,l,240,,True,2040.0,
13871,1239,1282,l,240,,True,2040.0,
13872,1266,1463,l,240,243.0,True,2040.0,2040.75
13873,1314,1582,l,240,,True,2040.0,
13874,1914,1930,l,240,,True,2040.0,
13875,204,146,s,241,242.0,False,2040.25,2040.5
13876,283,1463,s,241,,False,2040.25,
13877,1079,1321,s,241,,False,2040.25,
13878,1186,1339,s,241,241.0,False,2040.25,2040.25
13879,1242,1321,s,241,241.0,False,2040.25,2040.25
13880,1412,1582,s,241,241.0,False,2040.25,2040.25
13881,1417,1560,s,241,241.0,False,2040.25,2040.25
13882,1580,1776,s,241,242.0,False,2040.25,2040.5
13883,1595,1680,s,241,,False,2040.25,
13884,1609,2204,s,241,243.0,False,2040.25,2040.75
13885,1655,1902,s,241,241.0,False,2040.25,2040.25
13886,1729,1560,s,241,241.0,False,2040.25,2040.25
13887,1772,2184,s,241,,False,2040.25,
13888,1893,1918,s,241,,False,2040.25,
13889,1920,1680,s,241,,False,2040.25,
13890,2235,1735,s,241,241.0,False,2040.25,2040.25
13891,507,1321,s,241,,False,2040.25,
13892,739,1023,s,241,241.0,False,2040.25,2040.25
13893,913,1615,s,241,242.0,False,2040.25,2040.5
13894,1074,1335,s,241,,False,2040.25,
13895,1203,1190,s,241,,False,2040.25,
13896,1239,1821,s,241,243.0,False,2040.25,2040.75
13897,1242,1615,s,241,,False,2040.25,
13898,1266,1428,s,241,243.0,False,2040.25,2040.75
13899,1280,1526,s,241,,False,2040.25,
13900,1319,1339,s,241,241.0,False,2040.25,2040.25
13901,1330,1367,s,241,242.0,False,2040.25,2040.5
13902,1359,1696,s,241,,False,2040.25,
13903,1382,1680,s,241,,False,2040.25,
13904,1406,2018,s,241,243.0,False,2040.25,2040.75
13905,1412,1628,s,241,243.0,False,2040.25,2040.75
13906,1548,1568,s,241,242.0,False,2040.25,2040.5
13907,1589,1680,s,241,,False,2040.25,
13908,1629,2184,s,241,243.0,False,2040.25,2040.75
13909,1655,1630,s,241,242.0,False,2040.25,2040.5
13910,1737,1582,s,241,,False,2040.25,
13911,1751,1568,s,241,,False,2040.25,
13912,1799,1916,s,241,241.0,False,2040.25,2040.25
13913,1804,1316,s,241,,False,2040.25,
13914,1829,1878,s,241,,False,2040.25,
13915,1860,1672,s,241,,False,2040.25,
13916,1862,1952,s,241,,False,2040.25,
13917,204,1002,s,241,,False,2040.25,
13918,204,1321,s,241,,False,2040.25,
13919,204,1998,s,241,243.0,False,2040.25,2040.75
13920,283,1517,s,241,,False,2040.25,
13921,837,1190,s,241,242.0,False,2040.25,2040.5
13922,913,97,s,241,,False,2040.25,
13923,913,1821,s,241,,False,2040.25,
13924,927,1353,s,241,243.0,False,2040.25,2040.75
13925,1186,1821,s,241,,False,2040.25,
13926,1187,1281,s,241,,False,2040.25,
13927,1330,1568,s,241,,False,2040.25,
13928,1396,1400,s,241,,False,2040.25,
13929,1412,1783,s,241,242.0,False,2040.25,2040.5
13930,1481,1861,s,241,,False,2040.25,
13931,1514,1353,s,241,,False,2040.25,
13932,1619,1281,s,241,,False,2040.25,
13933,1655,1353,s,241,242.0,False,2040.25,2040.5
13934,1655,1707,s,241,243.0,False,2040.25,2040.75
13935,1678,1367,s,241,242.0,False,2040.25,2040.5
13936,1862,1582,s,241,,False,2040.25,
13937,1913,1957,s,241,,False,2040.25,
13938,1968,1342,s,241,,False,2040.25,
13939,2002,1568,s,241,,False,2040.25,
13940,2148,1784,s,241,243.0,False,2040.25,2040.75
13941,1159,1615,l,241,,True,2040.25,
13942,1242,1388,l,241,,True,2040.25,
13943,303,1222,l,241,241.0,True,2040.25,2040.25
13944,507,1385,l,241,,True,2040.25,
13945,837,1298,l,241,,True,2040.25,
13946,1323,1338,l,241,,True,2040.25,
13947,1452,1622,l,241,,True,2040.25,
13948,1524,1713,l,241,,True,2040.25,
13949,1751,1674,l,241,,True,2040.25,
13950,837,653,s,242,,False,2040.5,
13951,913,159,s,242,242.0,False,2040.5,2040.5
13952,1074,1903,s,242,,False,2040.5,
13953,1200,1568,s,242,243.0,False,2040.5,2040.75
13954,1203,1464,s,242,242.0,False,2040.5,2040.5
13955,1206,1346,s,242,,False,2040.5,
13956,1220,2121,s,242,,False,2040.5,
13957,1235,1247,s,242,,False,2040.5,
13958,1266,1388,s,242,,False,2040.5,
13959,1319,1388,s,242,,False,2040.5,
13960,1323,1201,s,242,,False,2040.5,
13961,1382,1690,s,242,242.0,False,2040.5,2040.5
13962,1454,1861,s,242,,False,2040.5,
13963,1514,1898,s,242,,False,2040.5,
13964,1548,1774,s,242,,False,2040.5,
13965,1621,1916,s,242,,False,2040.5,
13966,1655,1361,s,242,242.0,False,2040.5,2040.5
13967,1655,1568,s,242,,False,2040.5,
13968,1723,1201,s,242,,False,2040.5,
13969,1729,1672,s,242,,False,2040.5,
13970,1751,1672,s,242,,False,2040.5,
13971,1890,1784,s,242,,False,2040.5,
13972,1914,1734,s,242,,False,2040.5,
13973,2151,1680,s,242,,False,2040.5,
13974,394,1388,s,242,,False,2040.5,
13975,412,1613,s,242,243.0,False,2040.5,2040.75
13976,507,1346,s,242,,False,2040.5,
13977,913,1339,s,242,243.0,False,2040.5,2040.75
13978,1159,1282,s,242,,False,2040.5,
13979,1239,1615,s,242,,False,2040.5,
13980,1242,1353,s,242,242.0,False,2040.5,2040.5
13981,1330,1281,s,242,,False,2040.5,
13982,1390,1669,s,242,243.0,False,2040.5,2040.75
13983,1401,1252,s,242,,False,2040.5,
13984,1420,1436,s,242,243.0,False,2040.5,2040.75
13985,1481,1901,s,242,242.0,False,2040.5,2040.5
13986,1514,1568,s,242,,False,2040.5,
13987,1545,2097,s,242,242.0,False,2040.5,2040.5
13988,1548,1960,s,242,,False,2040.5,
13989,1595,1590,s,242,242.0,False,2040.5,2040.5
13990,1621,1756,s,242,,False,2040.5,
13991,1661,1687,s,242,,False,2040.5,
13992,1677,1615,s,242,243.0,False,2040.5,2040.75
13993,1804,1962,s,242,,False,2040.5,
13994,1862,2331,s,242,,False,2040.5,
13995,1890,2270,s,242,,False,2040.5,
13996,1893,1713,s,242,,False,2040.5,
13997,1914,1568,s,242,,False,2040.5,
13998,1914,1774,s,242,,False,2040.5,
13999,1946,1282,s,242,,False,2040.5,
14000,2127,1628,s,242,,False,2040.5,
14001,2274,1916,s,242,,False,2040.5,
14002,204,1247,s,242,,False,2040.5,
14003,1235,1475,s,242,,False,2040.5,
14004,1290,1281,s,242,243.0,False,2040.5,2040.75
14005,1290,1568,s,242,,False,2040.5,
14006,1306,2021,s,242,,False,2040.5,
14007,1328,1568,s,242,,False,2040.5,
14008,1393,2183,s,242,,False,2040.5,
14009,1401,1682,s,242,243.0,False,2040.5,2040.75
14010,1420,1568,s,242,243.0,False,2040.5,2040.75
14011,1483,1409,s,242,,False,2040.5,
14012,1523,1916,s,242,,False,2040.5,
14013,1619,1388,s,242,,False,2040.5,
14014,1678,97,s,242,,False,2040.5,
14015,1862,1774,s,242,,False,2040.5,
14016,1893,1952,s,242,243.0,False,2040.5,2040.75
14017,1968,1821,s,242,,False,2040.5,
14018,2150,1568,s,242,,False,2040.5,
14019,2293,1687,s,242,,False,2040.5,
14020,1777,1901,l,242,,True,2040.5,
14021,1737,1784,l,242,,True,2040.5,
14022,1678,1201,l,242,,True,2040.5,
14023,1079,1428,s,243,243.0,False,2040.75,2040.75
14024,1183,1318,s,243,,False,2040.75,
14025,1183,1339,s,243,,False,2040.75,
14026,1206,1568,s,243,,False,2040.75,
14027,1235,1463,s,243,,False,2040.75,
14028,1271,1400,s,243,,False,2040.75,
14029,1290,1604,s,243,,False,2040.75,
14030,1406,1781,s,243,,False,2040.75,
14031,1420,1582,s,243,,False,2040.75,
14032,1538,1802,s,243,,False,2040.75,
14033,1794,1784,s,243,,False,2040.75,
14034,1829,1834,s,243,,False,2040.75,
14035,173,1367,s,243,243.0,False,2040.75,2040.75
14036,262,1201,s,243,,False,2040.75,
14037,262,1353,s,243,,False,2040.75,
14038,262,1615,s,243,,False,2040.75,
14039,507,1002,s,243,,False,2040.75,
14040,837,1367,s,243,,False,2040.75,
14041,1159,1281,s,243,,False,2040.75,
14042,1186,1388,s,243,,False,2040.75,
14043,1203,1318,s,243,,False,2040.75,
14044,1237,1339,s,243,,False,2040.75,
14045,1329,1315,s,243,,False,2040.75,
14046,1382,1669,s,243,,False,2040.75,
14047,1401,2119,s,243,,False,2040.75,
14048,1405,1546,s,243,,False,2040.75,
14049,1412,1582,s,243,,False,2040.75,
14050,1412,1817,s,243,243.0,False,2040.75,2040.75
14051,1524,1669,s,243,,False,2040.75,
14052,1619,1002,s,243,,False,2040.75,
14053,1771,1781,s,243,,False,2040.75,
14054,1804,1339,s,243,,False,2040.75,
14055,1804,1475,s,243,,False,2040.75,
14056,1862,2330,s,243,,False,2040.75,
14057,1913,1560,s,243,,False,2040.75,
14058,1914,2330,s,243,,False,2040.75,
14059,412,1517,s,243,,False,2040.75,
14060,1005,1339,s,243,,False,2040.75,
14061,1079,1201,s,243,,False,2040.75,
14062,1079,2121,s,243,,False,2040.75,
14063,1187,1764,s,243,,False,2040.75,
14064,1203,1428,s,243,,False,2040.75,
14065,1239,1471,s,243,,False,2040.75,
14066,1359,406,s,243,,False,2040.75,
14067,1396,1339,s,243,,False,2040.75,
14068,1483,2078,s,243,,False,2040.75,
14069,1545,1821,s,243,,False,2040.75,
14070,1589,1756,s,243,,False,2040.75,
14071,1595,1388,s,243,,False,2040.75,
14072,1677,1388,s,243,,False,2040.75,
14073,1677,1590,s,243,,False,2040.75,
14074,1677,1821,s,243,,False,2040.75,
14075,1729,1582,s,243,,False,2040.75,
14076,1751,1861,s,243,,False,2040.75,
14077,1754,1463,s,243,,False,2040.75,
14078,1794,1513,s,243,,False,2040.75,
14079,1794,1672,s,243,,False,2040.75,
14080,1883,1560,s,243,,False,2040.75,
14081,1914,1952,s,243,,False,2040.75,
14082,2127,1680,s,243,,False,2040.75,
14083,2293,1861,s,243,,False,2040.75,
14084,1293,1388,l,243,,True,2040.75,
14085,1481,1489,l,243,,True,2040.75,
14086,1729,2077,l,243,,True,2040.75,
14087,1886,1669,l,243,,True,2040.75,
14088,2293,2331,l,243,,True,2040.75,
14089,1294,1475,l,243,,True,2040.75,
14090,1424,1902,l,243,,True,2040.75,
14091,1573,1674,l,243,,True,2040.75,
14092,1751,2077,l,243,,True,2040.75,
14093,1772,1732,l,243,,True,2040.75,
14094,1862,1878,l,243,,True,2040.75,
14095,1908,1282,l,243,,True,2040.75,
14096,2293,1739,l,243,,True,2040.75,
14097,1200,1388,l,243,,True,2040.75,
14098,1412,1672,l,243,,True,2040.75,
14099,1595,1568,l,243,,True,2040.75,
14100,1907,1682,l,243,,True,2040.75,
