eid,f,m,layer,t_start,t_end,long,start_year,end_year
0,223,144,s,-1,0.0,False,1980.0,1980.0
1,201,178,s,-1,10.0,False,1980.0,1982.5
2,42,2,s,-1,0.0,False,1980.0,1980.0
3,21,102,s,-1,0.0,False,1980.0,1980.0
4,120,128,s,-1,0.0,False,1980.0,1980.0
5,160,187,s,-1,0.0,False,1980.0,1980.0
6,201,138,s,-1,0.0,False,1980.0,1980.0
7,123,195,s,-1,0.0,False,1980.0,1980.0
8,129,4,s,-1,0.0,False,1980.0,1980.0
9,223,119,s,-1,0.0,False,1980.0,1980.0
10,239,246,s,-1,12.0,False,1980.0,1983.0
11,17,66,s,-1,8.0,False,1980.0,1982.0
12,133,29,s,-1,4.0,False,1980.0,1981.0
13,94,81,s,-1,4.0,False,1980.0,1981.0
14,160,74,s,-1,1.0,False,1980.0,1980.25
15,36,45,s,-1,0.0,False,1980.0,1980.0
16,41,81,s,-1,2.0,False,1980.0,1980.5
17,223,5,s,-1,0.0,False,1980.0,1980.0
18,200,216,s,-1,0.0,False,1980.0,1980.0
19,201,2,s,-1,0.0,False,1980.0,1980.0
20,17,215,s,-1,5.0,False,1980.0,1981.25
21,21,84,s,-1,0.0,False,1980.0,1980.0
22,86,11,s,-1,1.0,False,1980.0,1980.25
23,21,206,s,-1,0.0,False,1980.0,1980.0
24,207,246,s,-1,0.0,False,1980.0,1980.0
25,230,51,s,-1,0.0,False,1980.0,1980.0
26,12,161,s,-1,4.0,False,1980.0,1981.0
27,115,139,s,-1,0.0,False,1980.0,1980.0
28,141,217,s,-1,0.0,False,1980.0,1980.0
29,41,161,s,-1,0.0,False,1980.0,1980.0
30,160,96,s,-1,2.0,False,1980.0,1980.5
31,219,116,s,-1,1.0,False,1980.0,1980.25
32,240,10,s,-1,6.0,False,1980.0,1981.5
33,245,110,s,-1,3.0,False,1980.0,1980.75
34,21,194,s,-1,4.0,False,1980.0,1981.0
35,201,215,s,-1,15.0,False,1980.0,1983.75
36,31,168,s,-1,0.0,False,1980.0,1980.0
37,104,76,s,-1,3.0,False,1980.0,1980.75
38,136,110,s,-1,2.0,False,1980.0,1980.5
39,141,124,s,-1,0.0,False,1980.0,1980.0
40,174,28,s,-1,0.0,False,1980.0,1980.0
41,196,29,s,-1,3.0,False,1980.0,1980.75
42,200,29,s,-1,0.0,False,1980.0,1980.0
43,211,81,s,-1,0.0,False,1980.0,1980.0
44,223,145,s,-1,0.0,False,1980.0,1980.0
45,155,178,s,-1,0.0,False,1980.0,1980.0
46,160,117,s,-1,1.0,False,1980.0,1980.25
47,160,194,s,-1,1.0,False,1980.0,1980.25
48,223,28,s,-1,0.0,False,1980.0,1980.0
49,223,215,s,-1,0.0,False,1980.0,1980.0
50,50,195,s,-1,0.0,False,1980.0,1980.0
51,123,185,s,-1,0.0,False,1980.0,1980.0
52,17,93,l,-1,0.0,True,1980.0,1980.0
53,22,4,l,-1,0.0,True,1980.0,1980.0
54,42,112,l,-1,0.0,True,1980.0,1980.0
55,65,246,l,-1,154.0,True,1980.0,2018.5
56,91,33,l,-1,0.0,True,1980.0,1980.0
57,135,216,l,-1,18.0,True,1980.0,1984.5
58,141,11,l,-1,72.0,True,1980.0,1998.0
59,147,140,l,-1,0.0,True,1980.0,1980.0
60,230,124,l,-1,0.0,True,1980.0,1980.0
61,239,71,l,-1,176.0,True,1980.0,2024.0
62,135,11,l,-1,43.0,True,1980.0,1990.75
63,155,138,l,-1,12.0,True,1980.0,1983.0
64,160,93,l,-1,0.0,True,1980.0,1980.0
65,160,220,l,-1,14.0,True,1980.0,1983.5
66,158,124,l,-1,0.0,True,1980.0,1980.0
67,222,195,l,-1,0.0,True,1980.0,1980.0
68,68,244,l,-1,28.0,True,1980.0,1987.0
69,160,138,l,-1,34.0,True,1980.0,1988.5
70,42,194,l,-1,64.0,True,1980.0,1996.0
71,65,71,l,-1,133.0,True,1980.0,2013.25
72,155,20,l,-1,12.0,True,1980.0,1983.0
73,21,128,l,-1,0.0,True,1980.0,1980.0
74,17,178,l,-1,20.0,True,1980.0,1985.0
75,36,217,l,-1,0.0,True,1980.0,1980.0
76,21,112,l,-1,0.0,True,1980.0,1980.0
77,3,218,l,-1,20.0,True,1980.0,1985.0
78,201,96,l,-1,13.0,True,1980.0,1983.25
79,177,7,l,-1,12.0,True,1980.0,1983.0
80,36,202,l,-1,0.0,True,1980.0,1980.0
81,121,216,l,-1,4.0,True,1980.0,1981.0
82,160,28,l,-1,19.0,True,1980.0,1984.75
83,226,246,l,-1,7.0,True,1980.0,1981.75
84,125,4,l,-1,68.0,True,1980.0,1997.0
85,25,246,l,-1,10.0,True,1980.0,1982.5
86,105,185,l,-1,0.0,True,1980.0,1980.0
87,31,128,l,-1,0.0,True,1980.0,1980.0
88,160,148,l,-1,3.0,True,1980.0,1980.75
89,240,5,l,-1,40.0,True,1980.0,1990.0
90,155,1,l,-1,12.0,True,1980.0,1983.0
91,212,195,l,-1,0.0,True,1980.0,1980.0
92,115,51,l,-1,61.0,True,1980.0,1995.25
93,160,119,l,-1,0.0,True,1980.0,1980.0
94,123,28,l,-1,128.0,True,1980.0,2012.0
95,160,2,l,-1,0.0,True,1980.0,1980.0
96,25,145,s,0,6.0,False,1980.0,1981.5
97,41,263,s,0,0.0,False,1980.0,1980.0
98,120,102,s,0,8.0,False,1980.0,1982.0
99,288,119,s,0,0.0,False,1980.0,1980.0
100,212,161,s,0,10.0,False,1980.0,1982.5
101,290,148,s,0,3.0,False,1980.0,1980.75
102,125,81,s,0,7.0,False,1980.0,1981.75
103,197,127,s,0,7.0,False,1980.0,1981.75
104,211,216,s,0,3.0,False,1980.0,1980.75
105,222,260,s,0,13.0,False,1980.0,1983.25
106,278,262,s,0,4.0,False,1980.0,1981.0
107,212,5,l,0,76.0,True,1980.0,1999.0
108,278,29,l,0,87.0,True,1980.0,2001.75
109,280,246,l,0,10.0,True,1980.0,1982.5
110,221,1,s,1,4.0,False,1980.25,1981.0
111,212,58,s,1,7.0,False,1980.25,1981.75
112,212,264,s,1,8.0,False,1980.25,1982.0
113,280,71,s,1,5.0,False,1980.25,1981.25
114,121,264,s,1,4.0,False,1980.25,1981.0
115,133,58,s,1,2.0,False,1980.25,1980.5
116,32,11,l,1,9.0,True,1980.25,1982.25
117,221,244,l,1,44.0,True,1980.25,1991.0
118,282,264,l,1,76.0,True,1980.25,1999.0
119,17,102,s,2,4.0,False,1980.5,1981.0
120,106,264,s,2,3.0,False,1980.5,1980.75
121,111,116,s,2,2.0,False,1980.5,1980.5
122,285,266,s,2,9.0,False,1980.5,1982.25
123,25,10,s,2,7.0,False,1980.5,1981.75
124,68,1,s,2,3.0,False,1980.5,1980.75
125,121,5,s,2,4.0,False,1980.5,1981.0
126,136,96,s,2,3.0,False,1980.5,1980.75
127,201,130,s,2,3.0,False,1980.5,1980.75
128,219,66,s,2,2.0,False,1980.5,1980.5
129,135,262,s,2,7.0,False,1980.5,1981.75
130,155,263,s,2,6.0,False,1980.5,1981.5
131,290,44,s,2,4.0,False,1980.5,1981.0
132,41,263,l,2,16.0,True,1980.5,1984.0
133,17,263,l,2,20.0,True,1980.5,1985.0
134,231,76,s,3,4.0,False,1980.75,1981.0
135,231,260,s,3,3.0,False,1980.75,1980.75
136,234,110,s,3,4.0,False,1980.75,1981.0
137,286,116,s,3,3.0,False,1980.75,1980.75
138,23,45,s,3,7.0,False,1980.75,1981.75
139,120,244,s,3,5.0,False,1980.75,1981.25
140,123,220,s,3,3.0,False,1980.75,1980.75
141,68,229,s,3,7.0,False,1980.75,1981.75
142,133,237,s,3,4.0,False,1980.75,1981.0
143,135,110,s,3,4.0,False,1980.75,1981.0
144,160,96,s,3,8.0,False,1980.75,1982.0
145,280,110,s,3,4.0,False,1980.75,1981.0
146,212,229,s,4,5.0,False,1981.0,1981.25
147,236,167,s,4,4.0,False,1981.0,1981.0
148,160,246,s,4,6.0,False,1981.0,1981.5
149,19,185,s,4,10.0,False,1981.0,1982.5
150,115,263,s,4,8.0,False,1981.0,1982.0
151,289,145,s,4,5.0,False,1981.0,1981.25
152,21,4,s,5,5.0,False,1981.25,1981.25
153,135,51,s,5,7.0,False,1981.25,1981.75
154,280,261,s,5,9.0,False,1981.25,1982.25
155,285,244,s,5,5.0,False,1981.25,1981.25
156,155,229,s,5,5.0,False,1981.25,1981.25
157,156,138,s,5,7.0,False,1981.25,1981.75
158,201,185,s,5,11.0,False,1981.25,1982.75
159,31,119,s,5,6.0,False,1981.25,1981.5
160,42,56,s,5,9.0,False,1981.25,1982.25
161,86,11,s,5,7.0,False,1981.25,1981.75
162,115,216,s,5,18.0,False,1981.25,1984.5
163,234,192,s,5,6.0,False,1981.25,1981.5
164,294,271,l,5,36.0,True,1981.25,1989.0
165,94,49,s,6,7.0,False,1981.5,1981.75
166,155,215,s,6,8.0,False,1981.5,1982.0
167,160,266,s,6,7.0,False,1981.5,1981.75
168,219,5,s,6,6.0,False,1981.5,1981.5
169,235,262,s,6,6.0,False,1981.5,1981.5
170,39,44,s,6,7.0,False,1981.5,1981.75
171,40,263,s,6,15.0,False,1981.5,1983.75
172,125,263,s,6,6.0,False,1981.5,1981.5
173,42,265,s,6,10.0,False,1981.5,1982.5
174,201,264,s,6,13.0,False,1981.5,1983.25
175,147,116,l,6,40.0,True,1981.5,1990.0
176,278,266,l,6,101.0,True,1981.5,2005.25
177,290,148,l,6,40.0,True,1981.5,1990.0
178,94,247,s,7,17.0,False,1981.75,1984.25
179,201,263,s,7,17.0,False,1981.75,1984.25
180,212,218,s,7,7.0,False,1981.75,1981.75
181,245,71,s,7,13.0,False,1981.75,1983.25
182,300,194,s,7,10.0,False,1981.75,1982.5
183,17,215,s,7,9.0,False,1981.75,1982.25
184,32,81,s,7,9.0,False,1981.75,1982.25
185,123,5,s,7,7.0,False,1981.75,1981.75
186,155,44,s,7,8.0,False,1981.75,1982.0
187,201,246,s,7,15.0,False,1981.75,1983.75
188,221,10,s,7,8.0,False,1981.75,1982.0
189,277,216,s,7,13.0,False,1981.75,1983.25
190,289,145,s,7,9.0,False,1981.75,1982.25
191,232,246,s,7,10.0,False,1981.75,1982.5
192,288,220,s,7,8.0,False,1981.75,1982.0
193,289,185,l,7,28.0,True,1981.75,1987.0
194,48,58,l,7,105.0,True,1981.75,2006.25
195,104,247,s,8,16.0,False,1982.0,1984.0
196,211,263,s,8,8.0,False,1982.0,1982.0
197,222,81,s,8,18.0,False,1982.0,1984.5
198,288,215,s,8,11.0,False,1982.0,1982.75
199,78,259,s,8,16.0,False,1982.0,1984.0
200,211,247,s,8,11.0,False,1982.0,1982.75
201,41,217,s,8,9.0,False,1982.0,1982.25
202,221,268,s,8,12.0,False,1982.0,1983.0
203,153,264,l,8,84.0,True,1982.0,2001.0
204,21,56,s,9,13.0,False,1982.25,1983.25
205,31,5,s,9,17.0,False,1982.25,1984.25
206,31,244,s,9,10.0,False,1982.25,1982.5
207,48,216,s,9,21.0,False,1982.25,1985.25
208,201,268,s,9,11.0,False,1982.25,1982.75
209,212,10,s,9,14.0,False,1982.25,1983.5
210,245,246,s,9,11.0,False,1982.25,1982.75
211,288,218,s,9,18.0,False,1982.25,1984.5
212,301,145,s,9,20.0,False,1982.25,1985.0
213,156,229,s,9,10.0,False,1982.25,1982.5
214,17,269,s,9,10.0,False,1982.25,1982.5
215,123,263,s,9,18.0,False,1982.25,1984.5
216,135,96,s,9,10.0,False,1982.25,1982.5
217,155,5,s,9,11.0,False,1982.25,1982.75
218,240,229,s,9,14.0,False,1982.25,1983.5
219,285,246,s,9,11.0,False,1982.25,1982.75
220,201,161,l,9,41.0,True,1982.25,1990.25
221,212,119,l,9,136.0,True,1982.25,2014.0
222,21,11,s,10,11.0,False,1982.5,1982.75
223,91,100,s,10,19.0,False,1982.5,1984.75
224,222,189,s,10,12.0,False,1982.5,1983.0
225,125,81,s,10,10.0,False,1982.5,1982.5
226,280,29,s,10,15.0,False,1982.5,1983.75
227,160,178,s,10,17.0,False,1982.5,1984.25
228,211,259,s,10,12.0,False,1982.5,1983.0
229,290,44,s,10,13.0,False,1982.5,1983.25
230,290,220,s,10,11.0,False,1982.5,1982.75
231,306,163,s,10,12.0,False,1982.5,1983.0
232,153,266,l,10,30.0,True,1982.5,1987.5
233,160,185,l,10,29.0,True,1982.5,1987.25
234,135,28,s,11,12.0,False,1982.75,1983.0
235,211,189,s,11,11.0,False,1982.75,1982.75
236,62,185,s,11,15.0,False,1982.75,1983.75
237,212,28,s,11,12.0,False,1982.75,1983.0
238,293,10,s,11,16.0,False,1982.75,1984.0
239,120,268,l,11,12.0,True,1982.75,1983.0
240,235,263,l,11,60.0,True,1982.75,1995.0
241,133,29,l,11,26.0,True,1982.75,1986.5
242,133,261,s,12,16.0,False,1983.0,1984.0
243,160,130,s,12,20.0,False,1983.0,1985.0
244,219,218,s,12,17.0,False,1983.0,1984.25
245,275,247,s,12,17.0,False,1983.0,1984.25
246,280,192,s,12,13.0,False,1983.0,1983.25
247,287,148,s,12,20.0,False,1983.0,1985.0
248,160,96,s,12,16.0,False,1983.0,1984.0
249,201,4,s,12,23.0,False,1983.0,1985.75
250,239,262,s,12,18.0,False,1983.0,1984.5
251,278,175,l,12,124.0,True,1983.0,2011.0
252,160,119,l,12,52.0,True,1983.0,1993.0
253,196,4,l,12,59.0,True,1983.0,1994.75
254,23,268,s,13,13.0,False,1983.25,1983.25
255,278,202,s,13,17.0,False,1983.25,1984.25
256,286,138,s,13,19.0,False,1983.25,1984.75
257,94,76,s,13,13.0,False,1983.25,1983.25
258,156,178,s,13,14.0,False,1983.25,1983.5
259,160,4,s,13,15.0,False,1983.25,1983.75
260,160,144,s,13,21.0,False,1983.25,1985.25
261,212,71,s,13,17.0,False,1983.25,1984.25
262,141,265,s,13,16.0,False,1983.25,1984.0
263,160,218,s,13,21.0,False,1983.25,1985.25
264,201,96,s,13,28.0,False,1983.25,1987.0
265,280,263,s,13,17.0,False,1983.25,1984.25
266,234,192,l,13,36.0,True,1983.25,1989.0
267,68,73,s,14,14.0,False,1983.5,1983.5
268,219,44,s,14,14.0,False,1983.5,1983.5
269,222,247,s,14,22.0,False,1983.5,1985.5
270,301,73,s,14,25.0,False,1983.5,1986.25
271,21,244,s,14,25.0,False,1983.5,1986.25
272,25,145,s,14,17.0,False,1983.5,1984.25
273,212,264,s,14,18.0,False,1983.5,1984.5
274,41,29,s,15,17.0,False,1983.75,1984.25
275,68,215,s,15,24.0,False,1983.75,1986.0
276,133,76,s,15,18.0,False,1983.75,1984.5
277,156,5,s,15,17.0,False,1983.75,1984.25
278,160,11,s,15,16.0,False,1983.75,1984.0
279,290,194,s,15,15.0,False,1983.75,1983.75
280,3,216,s,15,22.0,False,1983.75,1985.5
281,125,161,s,15,18.0,False,1983.75,1984.5
282,17,5,s,15,16.0,False,1983.75,1984.0
283,68,185,s,15,24.0,False,1983.75,1986.0
284,123,117,s,15,24.0,False,1983.75,1986.0
285,160,44,s,15,18.0,False,1983.75,1984.5
286,196,29,s,15,16.0,False,1983.75,1984.0
287,219,44,s,15,18.0,False,1983.75,1984.5
288,289,265,s,15,17.0,False,1983.75,1984.25
289,94,216,s,16,19.0,False,1984.0,1984.75
290,156,244,s,16,16.0,False,1984.0,1984.0
291,276,4,s,16,19.0,False,1984.0,1984.75
292,290,18,s,16,19.0,False,1984.0,1984.75
293,290,144,s,16,22.0,False,1984.0,1985.5
294,120,45,s,16,20.0,False,1984.0,1985.0
295,211,51,s,16,20.0,False,1984.0,1985.0
296,31,229,s,16,17.0,False,1984.0,1984.25
297,31,246,s,16,37.0,False,1984.0,1989.25
298,160,148,s,16,17.0,False,1984.0,1984.25
299,239,246,s,16,17.0,False,1984.0,1984.25
300,32,264,l,16,120.0,True,1984.0,2010.0
301,282,81,l,16,30.0,True,1984.0,1987.5
302,135,220,s,17,19.0,False,1984.25,1984.75
303,141,216,s,17,17.0,False,1984.25,1984.25
304,68,116,s,17,19.0,False,1984.25,1984.75
305,133,247,s,17,33.0,False,1984.25,1988.25
306,141,261,s,17,19.0,False,1984.25,1984.75
307,48,190,s,17,20.0,False,1984.25,1985.0
308,133,262,s,17,22.0,False,1984.25,1985.5
309,160,220,s,17,19.0,False,1984.25,1984.75
310,278,247,s,17,22.0,False,1984.25,1985.5
311,142,81,s,18,26.0,False,1984.5,1986.5
312,197,49,s,18,21.0,False,1984.5,1985.25
313,219,66,s,18,26.0,False,1984.5,1986.5
314,125,58,s,18,24.0,False,1984.5,1986.0
315,160,10,s,18,19.0,False,1984.5,1984.75
316,181,45,s,18,22.0,False,1984.5,1985.5
317,181,56,s,18,18.0,False,1984.5,1984.5
318,25,263,s,18,22.0,False,1984.5,1985.5
319,211,264,s,18,28.0,False,1984.5,1987.0
320,235,4,s,18,19.0,False,1984.5,1984.75
321,279,76,s,18,29.0,False,1984.5,1987.25
322,290,178,s,18,22.0,False,1984.5,1985.5
323,48,183,l,18,36.0,True,1984.5,1989.0
324,31,119,s,19,19.0,False,1984.75,1984.75
325,211,76,s,19,20.0,False,1984.75,1985.0
326,279,216,s,19,22.0,False,1984.75,1985.5
327,286,148,s,19,19.0,False,1984.75,1984.75
328,277,161,s,19,29.0,False,1984.75,1987.25
329,160,161,s,19,21.0,False,1984.75,1985.25
330,212,4,s,19,24.0,False,1984.75,1986.0
331,212,96,s,19,23.0,False,1984.75,1985.75
332,212,218,l,19,81.0,True,1984.75,2000.25
333,91,56,s,20,25.0,False,1985.0,1986.25
334,275,247,s,20,20.0,False,1985.0,1985.0
335,276,247,s,20,20.0,False,1985.0,1985.0
336,286,209,s,20,24.0,False,1985.0,1986.0
337,21,10,s,20,27.0,False,1985.0,1986.75
338,41,263,s,20,21.0,False,1985.0,1985.25
339,281,263,s,20,22.0,False,1985.0,1985.5
340,91,264,s,20,22.0,False,1985.0,1985.5
341,156,229,s,20,22.0,False,1985.0,1985.5
342,203,76,s,20,25.0,False,1985.0,1986.25
343,280,216,l,20,94.0,True,1985.0,2003.5
344,156,267,s,21,28.0,False,1985.25,1987.0
345,160,5,s,21,28.0,False,1985.25,1987.0
346,180,192,s,21,23.0,False,1985.25,1985.75
347,212,28,s,21,22.0,False,1985.25,1985.5
348,280,246,s,21,21.0,False,1985.25,1985.25
349,281,218,s,21,22.0,False,1985.25,1985.5
350,317,119,s,21,22.0,False,1985.25,1985.5
351,123,119,s,21,21.0,False,1985.25,1985.25
352,141,262,s,21,23.0,False,1985.25,1985.75
353,160,220,s,21,25.0,False,1985.25,1986.25
354,288,178,s,21,23.0,False,1985.25,1985.75
355,160,266,s,21,24.0,False,1985.25,1986.0
356,212,161,s,21,23.0,False,1985.25,1985.75
357,290,119,s,22,22.0,False,1985.5,1985.5
358,276,216,s,22,27.0,False,1985.5,1986.75
359,3,81,s,22,27.0,False,1985.5,1986.75
360,39,178,s,22,25.0,False,1985.5,1986.25
361,104,192,s,22,23.0,False,1985.5,1985.75
362,160,44,s,22,23.0,False,1985.5,1985.75
363,239,246,s,22,39.0,False,1985.5,1989.75
364,278,263,s,22,35.0,False,1985.5,1988.75
365,318,194,s,22,29.0,False,1985.5,1987.25
366,286,119,l,22,28.0,True,1985.5,1987.0
367,238,71,l,22,27.0,True,1985.5,1986.75
368,123,119,s,23,26.0,False,1985.75,1986.5
369,160,73,s,23,28.0,False,1985.75,1987.0
370,203,46,s,23,25.0,False,1985.75,1986.25
371,280,71,s,23,23.0,False,1985.75,1985.75
372,94,264,s,23,25.0,False,1985.75,1986.25
373,280,261,s,23,27.0,False,1985.75,1986.75
374,68,102,s,23,29.0,False,1985.75,1987.25
375,279,263,s,23,32.0,False,1985.75,1988.0
376,288,144,l,23,104.0,True,1985.75,2006.0
377,160,264,s,24,25.0,False,1986.0,1986.25
378,203,247,s,24,31.0,False,1986.0,1987.75
379,222,189,s,24,28.0,False,1986.0,1987.0
380,234,71,s,24,26.0,False,1986.0,1986.5
381,106,266,s,24,28.0,False,1986.0,1987.0
382,276,192,s,24,27.0,False,1986.0,1986.75
383,120,44,s,24,25.0,False,1986.0,1986.25
384,221,215,s,24,35.0,False,1986.0,1988.75
385,277,241,s,24,29.0,False,1986.0,1987.25
386,123,161,s,25,31.0,False,1986.25,1987.75
387,288,1,s,25,35.0,False,1986.25,1988.75
388,25,266,s,25,28.0,False,1986.25,1987.0
389,317,5,s,25,30.0,False,1986.25,1987.5
390,68,194,s,25,36.0,False,1986.25,1989.0
391,160,161,s,25,29.0,False,1986.25,1987.25
392,196,217,s,25,26.0,False,1986.25,1986.5
393,196,216,l,25,49.0,True,1986.25,1992.25
394,276,262,l,25,81.0,True,1986.25,2000.25
395,234,172,l,25,54.0,True,1986.25,1993.5
396,160,1,s,26,30.0,False,1986.5,1987.5
397,203,189,s,26,35.0,False,1986.5,1988.75
398,115,216,s,26,30.0,False,1986.5,1987.5
399,180,261,s,26,30.0,False,1986.5,1987.5
400,201,215,s,26,29.0,False,1986.5,1987.25
401,275,216,s,26,28.0,False,1986.5,1987.0
402,120,178,s,26,29.0,False,1986.5,1987.25
403,156,218,s,26,27.0,False,1986.5,1986.75
404,107,263,s,27,27.0,False,1986.75,1986.75
405,160,4,s,27,31.0,False,1986.75,1987.75
406,180,192,s,27,29.0,False,1986.75,1987.25
407,160,148,s,27,30.0,False,1986.75,1987.5
408,234,247,s,27,27.0,False,1986.75,1986.75
409,160,220,s,27,33.0,False,1986.75,1988.25
410,211,216,s,27,28.0,False,1986.75,1987.0
411,238,192,s,27,36.0,False,1986.75,1989.0
412,238,261,s,27,29.0,False,1986.75,1987.25
413,115,161,l,27,109.0,True,1986.75,2007.25
414,21,215,l,27,47.0,True,1986.75,1991.75
415,196,262,s,28,40.0,False,1987.0,1990.0
416,278,264,s,28,30.0,False,1987.0,1987.5
417,288,66,s,28,28.0,False,1987.0,1987.0
418,57,46,s,28,30.0,False,1987.0,1987.5
419,94,202,s,28,30.0,False,1987.0,1987.5
420,136,4,s,28,29.0,False,1987.0,1987.25
421,3,263,s,28,30.0,False,1987.0,1987.5
422,115,263,s,28,31.0,False,1987.0,1987.75
423,142,51,s,28,33.0,False,1987.0,1988.25
424,235,264,s,28,31.0,False,1987.0,1987.75
425,181,266,l,28,180.0,True,1987.0,2025.0
426,68,10,l,28,36.0,True,1987.0,1989.0
427,201,5,s,29,29.0,False,1987.25,1987.25
428,211,260,s,29,30.0,False,1987.25,1987.5
429,288,44,s,29,34.0,False,1987.25,1988.5
430,160,28,s,29,31.0,False,1987.25,1987.75
431,203,59,s,29,38.0,False,1987.25,1989.5
432,211,247,s,29,36.0,False,1987.25,1989.0
433,286,264,s,29,32.0,False,1987.25,1988.0
434,64,247,s,29,34.0,False,1987.25,1988.5
435,120,246,s,29,36.0,False,1987.25,1989.0
436,275,9,s,29,32.0,False,1987.25,1988.0
437,243,192,l,29,36.0,True,1987.25,1989.0
438,160,5,s,30,37.0,False,1987.5,1989.25
439,180,247,s,30,31.0,False,1987.5,1987.75
440,279,189,s,30,33.0,False,1987.5,1988.25
441,153,29,s,30,36.0,False,1987.5,1989.0
442,212,266,s,30,42.0,False,1987.5,1990.5
443,285,215,s,30,41.0,False,1987.5,1990.25
444,288,194,s,30,48.0,False,1987.5,1992.0
445,115,4,s,30,33.0,False,1987.5,1988.25
446,212,194,s,30,33.0,False,1987.5,1988.25
447,277,172,s,30,39.0,False,1987.5,1989.75
448,280,263,s,30,41.0,False,1987.5,1990.25
449,288,102,s,30,33.0,False,1987.5,1988.25
450,325,5,s,30,31.0,False,1987.5,1987.75
451,21,119,l,30,68.0,True,1987.5,1997.0
452,170,247,l,30,32.0,True,1987.5,1988.0
453,106,216,l,30,63.0,True,1987.5,1995.75
454,160,44,s,31,31.0,False,1987.75,1987.75
455,222,161,s,31,32.0,False,1987.75,1988.0
456,3,217,s,31,39.0,False,1987.75,1989.75
457,120,5,s,31,32.0,False,1987.75,1988.0
458,120,244,s,31,32.0,False,1987.75,1988.0
459,135,216,s,31,46.0,False,1987.75,1991.5
460,239,183,s,31,33.0,False,1987.75,1988.25
461,290,10,s,31,37.0,False,1987.75,1989.25
462,203,191,l,31,168.0,True,1987.75,2022.0
463,212,246,l,31,136.0,True,1987.75,2014.0
464,196,260,s,32,34.0,False,1988.0,1988.5
465,275,247,s,32,33.0,False,1988.0,1988.25
466,325,194,s,32,36.0,False,1988.0,1989.0
467,47,247,s,32,36.0,False,1988.0,1989.0
468,123,9,s,32,33.0,False,1988.0,1988.25
469,211,216,s,32,36.0,False,1988.0,1989.0
470,275,183,s,32,36.0,False,1988.0,1989.0
471,277,4,s,32,34.0,False,1988.0,1988.5
472,300,5,s,32,35.0,False,1988.0,1988.75
473,41,161,s,32,34.0,False,1988.0,1988.5
474,69,175,s,32,40.0,False,1988.0,1990.0
475,201,138,s,32,34.0,False,1988.0,1988.5
476,212,189,s,32,34.0,False,1988.0,1988.5
477,141,262,l,32,115.0,True,1988.0,2008.75
478,31,119,s,33,50.0,False,1988.25,1992.5
479,160,4,s,33,37.0,False,1988.25,1989.25
480,160,28,s,33,44.0,False,1988.25,1991.0
481,201,5,s,33,35.0,False,1988.25,1988.75
482,211,224,s,33,41.0,False,1988.25,1990.25
483,238,71,s,33,39.0,False,1988.25,1989.75
484,69,262,s,33,35.0,False,1988.25,1988.75
485,123,161,s,33,33.0,False,1988.25,1988.25
486,133,216,s,33,37.0,False,1988.25,1989.25
487,280,192,s,33,35.0,False,1988.25,1988.75
488,286,11,s,33,33.0,False,1988.25,1988.25
489,160,56,s,33,35.0,False,1988.25,1988.75
490,277,247,s,33,42.0,False,1988.25,1990.5
491,57,95,l,33,58.0,True,1988.25,1994.5
492,142,224,s,34,34.0,False,1988.5,1988.5
493,160,246,s,34,34.0,False,1988.5,1988.5
494,69,169,s,34,39.0,False,1988.5,1989.75
495,160,10,s,34,36.0,False,1988.5,1989.0
496,196,224,s,34,38.0,False,1988.5,1989.5
497,277,169,s,34,37.0,False,1988.5,1989.25
498,69,216,s,34,35.0,False,1988.5,1988.75
499,90,216,s,34,35.0,False,1988.5,1988.75
500,212,265,s,34,48.0,False,1988.5,1992.0
501,290,215,s,34,37.0,False,1988.5,1989.25
502,142,9,l,34,49.0,True,1988.5,1992.25
503,201,266,l,34,74.0,True,1988.5,1998.5
504,278,4,s,35,35.0,False,1988.75,1988.75
505,282,262,s,35,39.0,False,1988.75,1989.75
506,286,161,s,35,40.0,False,1988.75,1990.0
507,123,29,s,35,42.0,False,1988.75,1990.5
508,106,45,s,35,38.0,False,1988.75,1989.5
509,317,194,s,35,41.0,False,1988.75,1990.25
510,160,88,l,35,84.0,True,1988.75,2001.0
511,135,51,l,35,86.0,True,1988.75,2001.5
512,278,189,s,36,38.0,False,1989.0,1989.5
513,54,263,s,36,36.0,False,1989.0,1989.0
514,203,247,s,36,37.0,False,1989.0,1989.25
515,325,10,s,36,37.0,False,1989.0,1989.25
516,94,28,s,36,45.0,False,1989.0,1991.25
517,104,262,s,36,38.0,False,1989.0,1989.5
518,196,67,s,36,37.0,False,1989.0,1989.25
519,288,220,s,36,37.0,False,1989.0,1989.25
520,21,244,s,37,39.0,False,1989.25,1989.75
521,24,247,s,37,37.0,False,1989.25,1989.25
522,120,51,s,37,52.0,False,1989.25,1993.0
523,136,220,s,37,37.0,False,1989.25,1989.25
524,288,10,s,37,45.0,False,1989.25,1991.25
525,142,169,s,37,39.0,False,1989.25,1989.75
526,196,76,s,37,46.0,False,1989.25,1991.5
527,288,267,s,37,38.0,False,1989.25,1989.5
528,15,260,s,37,46.0,False,1989.25,1991.5
529,107,96,s,37,39.0,False,1989.25,1989.75
530,160,138,s,37,43.0,False,1989.25,1990.75
531,275,217,s,37,40.0,False,1989.25,1990.0
532,160,73,l,37,45.0,True,1989.25,1991.25
533,24,247,s,38,40.0,False,1989.5,1990.0
534,123,56,s,38,45.0,False,1989.5,1991.25
535,125,263,s,38,39.0,False,1989.5,1989.75
536,219,66,s,38,40.0,False,1989.5,1990.0
537,290,66,s,38,43.0,False,1989.5,1990.75
538,337,247,s,38,39.0,False,1989.5,1989.75
539,21,178,s,38,40.0,False,1989.5,1990.0
540,21,220,s,38,41.0,False,1989.5,1990.25
541,208,263,s,38,46.0,False,1989.5,1991.5
542,196,58,l,38,59.0,True,1989.5,1994.75
543,325,102,l,38,40.0,True,1989.5,1990.0
544,208,185,s,39,43.0,False,1989.75,1990.75
545,54,247,s,39,41.0,False,1989.75,1990.25
546,290,272,s,39,41.0,False,1989.75,1990.25
547,125,216,s,39,56.0,False,1989.75,1994.0
548,281,175,s,39,47.0,False,1989.75,1991.75
549,325,194,s,39,44.0,False,1989.75,1991.0
550,15,257,l,39,129.0,True,1989.75,2012.25
551,142,264,s,40,51.0,False,1990.0,1992.75
552,275,67,s,40,40.0,False,1990.0,1990.0
553,107,266,s,40,42.0,False,1990.0,1990.5
554,160,220,s,40,46.0,False,1990.0,1991.5
555,201,178,s,40,43.0,False,1990.0,1990.75
556,211,216,s,40,44.0,False,1990.0,1991.0
557,69,247,s,41,46.0,False,1990.25,1991.5
558,133,262,s,41,42.0,False,1990.25,1990.5
559,120,264,s,41,43.0,False,1990.25,1990.75
560,142,4,s,41,42.0,False,1990.25,1990.5
561,197,167,s,41,47.0,False,1990.25,1991.75
562,336,247,s,41,42.0,False,1990.25,1990.5
563,15,247,s,41,55.0,False,1990.25,1993.75
564,69,49,s,41,49.0,False,1990.25,1992.25
565,133,217,s,41,45.0,False,1990.25,1991.25
566,153,51,s,41,43.0,False,1990.25,1990.75
567,239,246,s,41,46.0,False,1990.25,1991.5
568,125,51,l,41,140.0,True,1990.25,2015.0
569,25,145,s,42,42.0,False,1990.5,1990.5
570,40,266,s,42,43.0,False,1990.5,1990.75
571,141,247,s,42,42.0,False,1990.5,1990.5
572,212,81,s,42,44.0,False,1990.5,1991.0
573,285,73,s,42,44.0,False,1990.5,1991.0
574,135,29,s,42,44.0,False,1990.5,1991.0
575,290,244,s,42,45.0,False,1990.5,1991.25
576,69,169,l,42,108.0,True,1990.5,2007.0
577,24,262,s,43,59.0,False,1990.75,1994.75
578,48,216,s,43,44.0,False,1990.75,1991.0
579,160,5,s,43,46.0,False,1990.75,1991.5
580,160,44,s,43,43.0,False,1990.75,1990.75
581,15,67,s,43,50.0,False,1990.75,1992.5
582,146,216,s,43,54.0,False,1990.75,1993.5
583,160,130,s,43,46.0,False,1990.75,1991.5
584,160,266,s,43,44.0,False,1990.75,1991.0
585,24,216,s,43,48.0,False,1990.75,1992.0
586,54,81,s,43,46.0,False,1990.75,1991.5
587,120,5,s,43,47.0,False,1990.75,1991.75
588,135,167,s,43,48.0,False,1990.75,1992.0
589,135,161,s,44,53.0,False,1991.0,1993.25
590,160,265,s,44,50.0,False,1991.0,1992.5
591,238,172,s,44,50.0,False,1991.0,1992.5
592,64,262,s,44,53.0,False,1991.0,1993.25
593,125,218,s,44,44.0,False,1991.0,1991.0
594,133,247,s,44,51.0,False,1991.0,1992.75
595,142,169,s,44,45.0,False,1991.0,1991.25
596,239,58,s,44,47.0,False,1991.0,1991.75
597,54,175,s,44,45.0,False,1991.0,1991.25
598,176,49,s,44,46.0,False,1991.0,1991.5
599,300,263,s,44,48.0,False,1991.0,1992.0
600,69,241,l,44,76.0,True,1991.0,1999.0
601,146,247,l,44,55.0,True,1991.0,1993.75
602,123,161,s,45,46.0,False,1991.25,1991.5
603,160,11,s,45,46.0,False,1991.25,1991.5
604,201,246,s,45,46.0,False,1991.25,1991.5
605,211,51,s,45,45.0,False,1991.25,1991.25
606,212,266,s,45,52.0,False,1991.25,1993.0
607,280,261,s,45,47.0,False,1991.25,1991.75
608,290,272,s,45,45.0,False,1991.25,1991.25
609,300,266,s,45,46.0,False,1991.25,1991.5
610,125,161,s,45,46.0,False,1991.25,1991.5
611,212,220,s,45,47.0,False,1991.25,1991.75
612,280,127,s,45,48.0,False,1991.25,1992.0
613,317,5,s,45,48.0,False,1991.25,1992.0
614,201,244,s,45,46.0,False,1991.25,1991.5
615,226,81,s,45,57.0,False,1991.25,1994.25
616,24,247,s,46,47.0,False,1991.5,1991.75
617,69,67,s,46,50.0,False,1991.5,1992.5
618,142,51,s,46,47.0,False,1991.5,1991.75
619,94,263,s,46,47.0,False,1991.5,1991.75
620,201,218,s,46,47.0,False,1991.5,1991.75
621,278,260,s,46,47.0,False,1991.5,1991.75
622,300,51,s,46,49.0,False,1991.5,1992.25
623,300,264,l,46,83.0,True,1991.5,2000.75
624,125,96,l,46,64.0,True,1991.5,1996.0
625,15,9,s,47,52.0,False,1991.75,1993.0
626,15,241,s,47,54.0,False,1991.75,1993.5
627,91,263,s,47,49.0,False,1991.75,1992.25
628,160,5,s,47,48.0,False,1991.75,1992.0
629,201,194,s,47,51.0,False,1991.75,1992.75
630,201,220,s,47,49.0,False,1991.75,1992.25
631,21,194,s,47,52.0,False,1991.75,1993.0
632,47,79,s,47,53.0,False,1991.75,1993.25
633,125,264,s,47,48.0,False,1991.75,1992.0
634,160,145,s,47,48.0,False,1991.75,1992.0
635,196,247,s,47,49.0,False,1991.75,1992.25
636,201,246,s,47,51.0,False,1991.75,1992.75
637,285,161,s,47,48.0,False,1991.75,1992.0
638,160,96,l,47,75.0,True,1991.75,1998.75
639,337,53,l,47,85.0,True,1991.75,2001.25
640,64,161,s,48,48.0,False,1992.0,1992.0
641,69,53,s,48,51.0,False,1992.0,1992.75
642,120,145,s,48,49.0,False,1992.0,1992.25
643,123,263,s,48,49.0,False,1992.0,1992.25
644,156,334,s,48,51.0,False,1992.0,1992.75
645,92,67,s,48,60.0,False,1992.0,1995.0
646,336,247,l,48,124.0,True,1992.0,2011.0
647,170,247,s,49,63.0,False,1992.25,1995.75
648,90,189,s,49,65.0,False,1992.25,1996.25
649,135,117,s,49,50.0,False,1992.25,1992.5
650,212,264,s,49,50.0,False,1992.25,1992.5
651,285,1,s,49,50.0,False,1992.25,1992.5
652,288,264,s,49,53.0,False,1992.25,1993.25
653,290,184,s,49,50.0,False,1992.25,1992.5
654,41,4,l,49,116.0,True,1992.25,2009.0
655,142,4,l,49,69.0,True,1992.25,1997.25
656,159,67,l,49,79.0,True,1992.25,1999.75
657,69,79,s,50,51.0,False,1992.5,1992.75
658,106,11,s,50,57.0,False,1992.5,1994.25
659,160,4,s,50,52.0,False,1992.5,1993.0
660,280,81,s,50,51.0,False,1992.5,1992.75
661,136,96,s,50,55.0,False,1992.5,1993.75
662,201,244,s,50,50.0,False,1992.5,1992.5
663,201,264,s,50,52.0,False,1992.5,1993.0
664,277,247,s,50,56.0,False,1992.5,1994.0
665,286,56,s,50,57.0,False,1992.5,1994.25
666,336,67,s,50,52.0,False,1992.5,1993.0
667,290,1,s,50,60.0,False,1992.5,1995.0
668,160,266,l,50,71.0,True,1992.5,1997.75
669,42,267,l,50,83.0,True,1992.5,2000.75
670,15,216,s,51,53.0,False,1992.75,1993.25
671,136,263,s,51,52.0,False,1992.75,1993.0
672,160,263,s,51,52.0,False,1992.75,1993.0
673,180,247,s,51,58.0,False,1992.75,1994.5
674,64,247,s,51,53.0,False,1992.75,1993.25
675,54,263,s,51,53.0,False,1992.75,1993.25
676,146,262,s,51,52.0,False,1992.75,1993.0
677,196,262,s,51,61.0,False,1992.75,1995.25
678,239,246,s,51,52.0,False,1992.75,1993.0
679,24,79,s,52,57.0,False,1993.0,1994.25
680,41,260,s,52,57.0,False,1993.0,1994.25
681,104,53,s,52,53.0,False,1993.0,1993.25
682,212,51,s,52,53.0,False,1993.0,1993.25
683,236,262,s,52,57.0,False,1993.0,1994.25
684,300,216,s,52,57.0,False,1993.0,1994.25
685,336,53,s,52,58.0,False,1993.0,1994.5
686,47,171,s,52,59.0,False,1993.0,1994.75
687,107,4,s,52,54.0,False,1993.0,1993.5
688,159,171,s,52,57.0,False,1993.0,1994.25
689,160,5,s,52,52.0,False,1993.0,1993.0
690,160,246,s,52,52.0,False,1993.0,1993.0
691,286,96,s,52,65.0,False,1993.0,1996.25
692,153,266,l,52,85.0,True,1993.0,2001.25
693,160,161,s,53,55.0,False,1993.25,1993.75
694,238,257,s,53,57.0,False,1993.25,1994.25
695,239,246,s,53,56.0,False,1993.25,1994.0
696,69,67,s,53,55.0,False,1993.25,1993.75
697,201,130,s,53,64.0,False,1993.25,1996.0
698,211,263,s,53,57.0,False,1993.25,1994.25
699,275,330,s,53,62.0,False,1993.25,1995.5
700,279,51,s,53,70.0,False,1993.25,1997.5
701,337,263,s,53,53.0,False,1993.25,1993.25
702,75,241,s,53,59.0,False,1993.25,1994.75
703,123,262,s,53,68.0,False,1993.25,1997.0
704,212,220,s,53,59.0,False,1993.25,1994.75
705,279,79,s,53,57.0,False,1993.25,1994.25
706,23,178,s,54,54.0,False,1993.5,1993.5
707,69,260,s,54,54.0,False,1993.5,1993.5
708,107,81,s,54,56.0,False,1993.5,1994.0
709,234,67,s,54,55.0,False,1993.5,1993.75
710,300,215,s,54,57.0,False,1993.5,1994.25
711,337,4,s,54,60.0,False,1993.5,1995.0
712,42,130,s,54,57.0,False,1993.5,1994.25
713,123,161,s,54,55.0,False,1993.5,1993.75
714,123,266,s,54,59.0,False,1993.5,1994.75
715,243,261,s,54,59.0,False,1993.5,1994.75
716,281,217,s,54,55.0,False,1993.5,1993.75
717,41,217,l,54,116.0,True,1993.5,2009.0
718,34,79,s,55,55.0,False,1993.75,1993.75
719,69,175,s,55,59.0,False,1993.75,1994.75
720,107,263,s,55,55.0,False,1993.75,1993.75
721,125,262,s,55,55.0,False,1993.75,1993.75
722,160,138,s,55,67.0,False,1993.75,1996.75
723,286,161,s,55,57.0,False,1993.75,1994.25
724,48,67,s,55,64.0,False,1993.75,1996.0
725,64,67,s,55,57.0,False,1993.75,1994.25
726,123,5,s,55,59.0,False,1993.75,1994.75
727,239,266,s,55,57.0,False,1993.75,1994.25
728,275,247,s,55,56.0,False,1993.75,1994.0
729,69,53,s,55,56.0,False,1993.75,1994.0
730,160,267,s,55,60.0,False,1993.75,1995.0
731,181,246,s,55,56.0,False,1993.75,1994.0
732,300,11,s,55,57.0,False,1993.75,1994.25
733,54,76,l,55,184.0,True,1993.75,2026.0
734,69,79,s,56,58.0,False,1994.0,1994.5
735,120,44,s,56,61.0,False,1994.0,1995.25
736,135,161,s,56,58.0,False,1994.0,1994.5
737,279,4,s,56,57.0,False,1994.0,1994.25
738,120,265,s,56,57.0,False,1994.0,1994.25
739,286,215,s,56,57.0,False,1994.0,1994.25
740,141,247,s,56,59.0,False,1994.0,1994.75
741,196,67,s,56,61.0,False,1994.0,1995.25
742,236,79,s,56,58.0,False,1994.0,1994.5
743,277,263,s,56,57.0,False,1994.0,1994.25
744,336,263,s,56,60.0,False,1994.0,1995.0
745,47,253,s,57,59.0,False,1994.25,1994.75
746,54,247,s,57,64.0,False,1994.25,1996.0
747,219,66,s,57,60.0,False,1994.25,1995.0
748,15,67,s,57,70.0,False,1994.25,1997.5
749,115,216,s,57,58.0,False,1994.25,1994.5
750,279,216,s,57,64.0,False,1994.25,1996.0
751,280,261,s,57,58.0,False,1994.25,1994.5
752,282,58,s,57,59.0,False,1994.25,1994.75
753,288,229,s,57,66.0,False,1994.25,1996.5
754,69,53,s,57,60.0,False,1994.25,1995.0
755,69,247,s,57,65.0,False,1994.25,1996.25
756,125,265,s,57,58.0,False,1994.25,1994.5
757,136,56,s,57,59.0,False,1994.25,1994.75
758,142,263,s,57,58.0,False,1994.25,1994.5
759,273,79,s,57,58.0,False,1994.25,1994.5
760,123,138,l,57,96.0,True,1994.25,2004.0
761,32,81,l,57,88.0,True,1994.25,2002.0
762,34,247,s,58,61.0,False,1994.5,1995.25
763,160,144,s,58,58.0,False,1994.5,1994.5
764,160,161,s,58,59.0,False,1994.5,1994.75
765,288,215,s,58,61.0,False,1994.5,1995.25
766,64,53,s,58,66.0,False,1994.5,1996.5
767,64,247,s,58,61.0,False,1994.5,1995.25
768,106,264,s,58,59.0,False,1994.5,1994.75
769,160,11,s,58,58.0,False,1994.5,1994.5
770,21,215,s,58,66.0,False,1994.5,1996.5
771,135,9,s,58,62.0,False,1994.5,1995.5
772,160,5,s,58,66.0,False,1994.5,1996.5
773,196,216,l,58,138.0,True,1994.5,2014.5
774,69,171,l,58,109.0,True,1994.5,2007.25
775,120,264,s,59,64.0,False,1994.75,1996.0
776,160,56,s,59,60.0,False,1994.75,1995.0
777,212,161,s,59,62.0,False,1994.75,1995.5
778,275,81,s,59,68.0,False,1994.75,1997.0
779,281,175,s,59,63.0,False,1994.75,1995.75
780,201,218,s,59,66.0,False,1994.75,1996.5
781,234,257,s,59,65.0,False,1994.75,1996.25
782,337,81,s,59,62.0,False,1994.75,1995.5
783,288,119,s,59,67.0,False,1994.75,1996.75
784,24,173,l,59,106.0,True,1994.75,2006.5
785,24,247,s,60,60.0,False,1995.0,1995.0
786,125,264,s,60,61.0,False,1995.0,1995.25
787,24,171,s,60,61.0,False,1995.0,1995.25
788,106,266,s,60,69.0,False,1995.0,1997.25
789,31,116,s,60,65.0,False,1995.0,1996.25
790,54,262,s,60,62.0,False,1995.0,1995.5
791,146,67,s,60,63.0,False,1995.0,1995.75
792,160,264,l,60,79.0,True,1995.0,1999.75
793,337,262,s,61,65.0,False,1995.25,1996.25
794,24,241,s,61,63.0,False,1995.25,1995.75
795,239,246,s,61,67.0,False,1995.25,1996.75
796,273,67,s,61,68.0,False,1995.25,1997.0
797,300,220,s,61,76.0,False,1995.25,1999.0
798,32,4,l,61,103.0,True,1995.25,2005.75
799,106,220,s,62,67.0,False,1995.5,1996.75
800,275,53,s,62,66.0,False,1995.5,1996.5
801,300,216,s,62,67.0,False,1995.5,1996.75
802,47,171,s,62,64.0,False,1995.5,1996.0
803,181,28,s,62,64.0,False,1995.5,1996.0
804,201,5,s,62,65.0,False,1995.5,1996.25
805,3,11,s,62,64.0,False,1995.5,1996.0
806,201,194,s,62,64.0,False,1995.5,1996.0
807,235,29,s,62,66.0,False,1995.5,1996.5
808,115,79,s,63,69.0,False,1995.75,1997.25
809,337,256,s,63,63.0,False,1995.75,1995.75
810,34,79,s,63,66.0,False,1995.75,1996.5
811,142,260,s,63,64.0,False,1995.75,1996.0
812,25,360,s,63,64.0,False,1995.75,1996.0
813,125,28,s,63,64.0,False,1995.75,1996.0
814,211,262,s,63,65.0,False,1995.75,1996.25
815,32,216,l,63,90.0,True,1995.75,2002.5
816,336,260,l,63,112.0,True,1995.75,2008.0
817,91,246,s,64,65.0,False,1996.0,1996.25
818,212,45,s,64,75.0,False,1996.0,1998.75
819,278,171,s,64,66.0,False,1996.0,1996.5
820,280,189,s,64,69.0,False,1996.0,1997.25
821,317,215,s,64,67.0,False,1996.0,1996.75
822,32,175,s,64,71.0,False,1996.0,1997.75
823,32,202,s,64,67.0,False,1996.0,1996.75
824,123,264,s,64,66.0,False,1996.0,1996.5
825,160,119,s,64,67.0,False,1996.0,1996.75
826,236,29,s,64,68.0,False,1996.0,1997.0
827,356,220,s,64,69.0,False,1996.0,1997.25
828,23,44,s,65,71.0,False,1996.25,1997.75
829,24,79,s,65,66.0,False,1996.25,1996.5
830,337,67,s,65,67.0,False,1996.25,1996.75
831,25,49,s,65,66.0,False,1996.25,1996.5
832,142,216,s,65,66.0,False,1996.25,1996.5
833,142,260,s,65,66.0,False,1996.25,1996.5
834,297,67,s,65,68.0,False,1996.25,1997.0
835,337,127,s,65,67.0,False,1996.25,1996.75
836,337,216,s,65,66.0,False,1996.25,1996.5
837,278,247,l,65,68.0,True,1996.25,1997.0
838,297,253,l,65,95.0,True,1996.25,2003.75
839,142,262,s,66,66.0,False,1996.5,1996.5
840,280,261,s,66,69.0,False,1996.5,1997.25
841,286,5,s,66,66.0,False,1996.5,1996.5
842,24,53,s,66,71.0,False,1996.5,1997.75
843,133,63,s,66,67.0,False,1996.5,1996.75
844,135,28,s,66,67.0,False,1996.5,1996.75
845,160,4,s,66,73.0,False,1996.5,1998.25
846,300,9,s,66,67.0,False,1996.5,1996.75
847,75,46,s,66,74.0,False,1996.5,1998.5
848,153,88,s,66,70.0,False,1996.5,1997.5
849,153,161,s,66,75.0,False,1996.5,1998.75
850,356,81,s,66,73.0,False,1996.5,1998.25
851,279,216,l,66,160.0,True,1996.5,2020.0
852,75,253,s,67,73.0,False,1996.75,1998.25
853,123,264,s,67,67.0,False,1996.75,1996.75
854,153,11,s,67,68.0,False,1996.75,1997.0
855,94,127,s,67,67.0,False,1996.75,1996.75
856,133,257,s,67,72.0,False,1996.75,1998.0
857,282,171,s,67,69.0,False,1996.75,1997.25
858,181,246,s,67,70.0,False,1996.75,1997.5
859,279,161,s,67,77.0,False,1996.75,1999.25
860,281,9,s,67,73.0,False,1996.75,1998.25
861,14,247,l,67,119.0,True,1996.75,2009.75
862,24,175,s,68,74.0,False,1997.0,1998.5
863,107,4,s,68,69.0,False,1997.0,1997.25
864,107,161,s,68,69.0,False,1997.0,1997.25
865,123,5,s,68,70.0,False,1997.0,1997.5
866,201,81,s,68,70.0,False,1997.0,1997.5
867,203,258,s,68,75.0,False,1997.0,1998.75
868,286,116,s,68,72.0,False,1997.0,1998.0
869,64,67,s,68,74.0,False,1997.0,1998.5
870,69,216,s,68,69.0,False,1997.0,1997.25
871,196,253,s,68,71.0,False,1997.0,1997.75
872,297,189,s,68,69.0,False,1997.0,1997.25
873,277,247,s,68,84.0,False,1997.0,2001.0
874,337,247,s,69,72.0,False,1997.25,1998.0
875,75,247,s,69,83.0,False,1997.25,2000.75
876,135,119,s,69,78.0,False,1997.25,1999.5
877,208,49,s,69,88.0,False,1997.25,2002.0
878,15,79,s,69,76.0,False,1997.25,1999.0
879,15,216,s,69,71.0,False,1997.25,1997.75
880,25,49,s,69,72.0,False,1997.25,1998.0
881,125,265,l,69,125.0,True,1997.25,2011.25
882,3,261,s,70,82.0,False,1997.5,2000.5
883,24,258,s,70,72.0,False,1997.5,1998.0
884,69,247,s,70,76.0,False,1997.5,1999.0
885,94,253,s,70,70.0,False,1997.5,1997.5
886,133,253,s,70,71.0,False,1997.5,1997.75
887,181,264,s,70,70.0,False,1997.5,1997.5
888,212,4,s,70,70.0,False,1997.5,1997.5
889,25,246,s,70,71.0,False,1997.5,1997.75
890,281,171,s,70,71.0,False,1997.5,1997.75
891,47,171,s,70,71.0,False,1997.5,1997.75
892,176,81,s,70,71.0,False,1997.5,1997.75
893,297,169,s,70,73.0,False,1997.5,1998.25
894,42,44,l,70,72.0,True,1997.5,1998.0
895,135,81,l,70,89.0,True,1997.5,2002.25
896,281,242,l,70,90.0,True,1997.5,2002.5
897,142,79,s,71,72.0,False,1997.75,1998.0
898,142,190,s,71,71.0,False,1997.75,1997.75
899,142,262,s,71,79.0,False,1997.75,1999.75
900,235,216,s,71,79.0,False,1997.75,1999.75
901,239,161,s,71,76.0,False,1997.75,1999.0
902,337,173,s,71,78.0,False,1997.75,1999.5
903,146,224,s,71,73.0,False,1997.75,1998.25
904,176,49,s,71,72.0,False,1997.75,1998.0
905,212,161,s,71,74.0,False,1997.75,1998.5
906,239,246,s,71,76.0,False,1997.75,1999.0
907,32,262,l,71,123.0,True,1997.75,2010.75
908,104,189,l,71,140.0,True,1997.75,2015.0
909,106,4,s,72,72.0,False,1998.0,1998.0
910,107,264,s,72,72.0,False,1998.0,1998.0
911,273,171,s,72,73.0,False,1998.0,1998.25
912,24,53,l,72,186.0,True,1998.0,2026.5
913,160,215,l,72,76.0,True,1998.0,1999.0
914,69,76,s,73,88.0,False,1998.25,2002.0
915,236,175,s,73,75.0,False,1998.25,1998.75
916,48,175,s,73,73.0,False,1998.25,1998.25
917,125,161,s,73,74.0,False,1998.25,1998.5
918,282,81,s,73,75.0,False,1998.25,1998.75
919,15,53,s,73,80.0,False,1998.25,2000.0
920,86,247,s,73,83.0,False,1998.25,2000.75
921,107,266,l,73,169.0,True,1998.25,2022.25
922,3,264,l,73,85.0,True,1998.25,2001.25
923,201,266,s,74,82.0,False,1998.5,2000.5
924,123,81,s,74,80.0,False,1998.5,2000.0
925,201,96,s,74,76.0,False,1998.5,1999.0
926,75,67,s,74,77.0,False,1998.5,1999.25
927,135,374,s,74,75.0,False,1998.5,1998.75
928,170,373,s,74,85.0,False,1998.5,2001.25
929,196,247,s,74,76.0,False,1998.5,1999.0
930,286,10,s,74,79.0,False,1998.5,1999.75
931,288,215,s,74,75.0,False,1998.5,1998.75
932,337,67,s,74,83.0,False,1998.5,2000.75
933,24,79,l,74,138.0,True,1998.5,2014.5
934,82,253,l,74,225.0,True,1998.5,2036.25
935,297,171,l,74,77.0,True,1998.5,1999.25
936,125,81,s,75,80.0,False,1998.75,2000.0
937,170,216,s,75,76.0,False,1998.75,1999.0
938,336,253,s,75,77.0,False,1998.75,1999.25
939,48,71,s,75,80.0,False,1998.75,2000.0
940,69,259,s,75,77.0,False,1998.75,1999.25
941,90,247,s,75,76.0,False,1998.75,1999.0
942,104,260,s,75,81.0,False,1998.75,2000.25
943,123,56,s,75,76.0,False,1998.75,1999.0
944,281,167,s,75,76.0,False,1998.75,1999.0
945,3,5,s,75,76.0,False,1998.75,1999.0
946,281,46,s,75,79.0,False,1998.75,1999.75
947,160,119,l,75,84.0,True,1998.75,2001.0
948,203,216,s,76,80.0,False,1999.0,2000.0
949,211,224,s,76,76.0,False,1999.0,1999.0
950,211,258,s,76,77.0,False,1999.0,1999.25
951,243,171,s,76,76.0,False,1999.0,1999.0
952,107,264,s,76,79.0,False,1999.0,1999.75
953,176,262,s,76,78.0,False,1999.0,1999.5
954,212,374,s,76,77.0,False,1999.0,1999.25
955,115,247,s,76,77.0,False,1999.0,1999.25
956,125,264,s,76,80.0,False,1999.0,2000.0
957,236,253,l,76,105.0,True,1999.0,2006.25
958,0,71,s,77,77.0,False,1999.25,1999.25
959,146,247,s,77,80.0,False,1999.25,2000.0
960,356,51,s,77,87.0,False,1999.25,2001.75
961,3,81,s,77,78.0,False,1999.25,1999.5
962,15,247,s,77,91.0,False,1999.25,2002.75
963,104,67,s,77,87.0,False,1999.25,2001.75
964,278,189,s,77,81.0,False,1999.25,2000.25
965,3,189,s,77,78.0,False,1999.25,1999.5
966,24,257,s,77,80.0,False,1999.25,2000.0
967,201,119,s,77,81.0,False,1999.25,2000.25
968,276,95,s,77,79.0,False,1999.25,1999.75
969,133,171,s,78,79.0,False,1999.5,1999.75
970,47,171,s,78,88.0,False,1999.5,2002.0
971,115,247,s,78,79.0,False,1999.5,1999.75
972,160,229,s,78,79.0,False,1999.5,1999.75
973,234,260,s,78,79.0,False,1999.5,1999.75
974,278,247,s,78,79.0,False,1999.5,1999.75
975,297,67,s,78,84.0,False,1999.5,2001.0
976,82,247,s,78,80.0,False,1999.5,2000.0
977,297,63,s,78,80.0,False,1999.5,2000.0
978,69,247,l,78,88.0,True,1999.5,2002.0
979,106,242,s,79,85.0,False,1999.75,2001.25
980,125,4,s,79,79.0,False,1999.75,1999.75
981,135,9,s,79,80.0,False,1999.75,2000.0
982,141,224,s,79,80.0,False,1999.75,2000.0
983,212,81,s,79,81.0,False,1999.75,2000.25
984,239,246,s,79,80.0,False,1999.75,2000.0
985,153,28,s,79,84.0,False,1999.75,2001.0
986,196,175,s,79,81.0,False,1999.75,2000.25
987,153,374,s,79,83.0,False,1999.75,2000.75
988,181,244,s,79,80.0,False,1999.75,2000.0
989,196,262,s,79,83.0,False,1999.75,2000.75
990,211,67,s,79,80.0,False,1999.75,2000.0
991,41,51,l,79,107.0,True,1999.75,2006.75
992,146,67,l,79,168.0,True,1999.75,2022.0
993,201,96,l,79,116.0,True,1999.75,2009.0
994,133,216,s,80,82.0,False,2000.0,2000.5
995,278,173,s,80,82.0,False,2000.0,2000.5
996,47,46,s,80,81.0,False,2000.0,2000.25
997,160,272,s,80,84.0,False,2000.0,2001.0
998,15,224,s,80,83.0,False,2000.0,2000.75
999,212,374,s,80,81.0,False,2000.0,2000.25
1000,278,46,s,80,86.0,False,2000.0,2001.5
1001,115,175,l,80,91.0,True,2000.0,2002.75
1002,123,265,l,80,94.0,True,2000.0,2003.5
1003,281,379,l,80,81.0,True,2000.0,2000.25
1004,282,51,l,80,99.0,True,2000.0,2004.75
1005,24,247,s,81,82.0,False,2000.25,2000.5
1006,297,63,s,81,85.0,False,2000.25,2001.25
1007,307,67,s,81,84.0,False,2000.25,2001.0
1008,75,303,s,81,82.0,False,2000.25,2000.5
1009,90,67,s,81,85.0,False,2000.25,2001.25
1010,239,167,s,81,83.0,False,2000.25,2000.75
1011,356,265,s,81,85.0,False,2000.25,2001.25
1012,47,216,s,81,86.0,False,2000.25,2001.5
1013,115,247,s,81,90.0,False,2000.25,2002.5
1014,196,76,s,81,82.0,False,2000.25,2000.5
1015,196,260,s,81,82.0,False,2000.25,2000.5
1016,48,61,l,81,97.0,True,2000.25,2004.25
1017,236,216,s,82,85.0,False,2000.5,2001.25
1018,239,246,s,82,83.0,False,2000.5,2000.75
1019,277,253,s,82,82.0,False,2000.5,2000.5
1020,281,260,s,82,85.0,False,2000.5,2001.25
1021,25,44,s,82,83.0,False,2000.5,2000.75
1022,125,264,s,82,90.0,False,2000.5,2002.5
1023,142,247,s,82,85.0,False,2000.5,2001.25
1024,305,173,s,82,88.0,False,2000.5,2002.0
1025,34,59,s,82,84.0,False,2000.5,2001.0
1026,69,67,s,82,83.0,False,2000.5,2000.75
1027,123,266,l,82,128.0,True,2000.5,2012.0
1028,274,53,l,82,118.0,True,2000.5,2009.5
1029,277,63,l,82,152.0,True,2000.5,2018.0
1030,135,374,s,83,83.0,False,2000.75,2000.75
1031,275,247,s,83,88.0,False,2000.75,2002.0
1032,279,171,s,83,89.0,False,2000.75,2002.25
1033,212,81,s,83,85.0,False,2000.75,2001.25
1034,277,173,s,83,87.0,False,2000.75,2001.75
1035,135,167,s,84,84.0,False,2001.0,2001.0
1036,196,253,s,84,85.0,False,2001.0,2001.25
1037,133,67,s,84,86.0,False,2001.0,2001.5
1038,235,379,s,84,87.0,False,2001.0,2001.75
1039,236,262,s,84,86.0,False,2001.0,2001.5
1040,3,266,s,85,87.0,False,2001.25,2001.75
1041,25,145,s,85,92.0,False,2001.25,2003.0
1042,153,81,s,85,91.0,False,2001.25,2002.75
1043,278,67,s,85,85.0,False,2001.25,2001.25
1044,297,67,s,85,86.0,False,2001.25,2001.5
1045,297,247,s,85,92.0,False,2001.25,2003.0
1046,41,79,s,85,86.0,False,2001.25,2001.5
1047,41,190,s,85,94.0,False,2001.25,2003.5
1048,142,262,s,85,92.0,False,2001.25,2003.0
1049,281,224,l,85,169.0,True,2001.25,2022.25
1050,15,79,s,86,92.0,False,2001.5,2003.0
1051,133,373,s,86,88.0,False,2001.5,2002.0
1052,275,63,s,86,86.0,False,2001.5,2001.5
1053,281,247,s,86,87.0,False,2001.5,2001.75
1054,316,171,s,86,107.0,False,2001.5,2006.75
1055,48,191,s,86,90.0,False,2001.5,2002.5
1056,64,262,s,86,90.0,False,2001.5,2002.5
1057,203,175,s,86,88.0,False,2001.5,2002.0
1058,281,67,s,86,88.0,False,2001.5,2002.0
1059,82,303,s,86,87.0,False,2001.5,2001.75
1060,94,63,s,86,88.0,False,2001.5,2002.0
1061,142,175,s,86,88.0,False,2001.5,2002.0
1062,235,253,s,86,95.0,False,2001.5,2003.75
1063,41,373,l,86,116.0,True,2001.5,2009.0
1064,107,9,l,86,104.0,True,2001.5,2006.0
1065,273,46,s,87,94.0,False,2001.75,2003.5
1066,279,173,s,87,91.0,False,2001.75,2002.75
1067,15,173,s,87,108.0,False,2001.75,2007.0
1068,15,253,s,87,93.0,False,2001.75,2003.25
1069,133,247,s,87,88.0,False,2001.75,2002.0
1070,142,189,s,87,90.0,False,2001.75,2002.5
1071,47,247,l,87,228.0,True,2001.75,2037.0
1072,135,262,s,88,88.0,False,2002.0,2002.0
1073,196,247,s,88,93.0,False,2002.0,2003.25
1074,82,233,s,88,94.0,False,2002.0,2003.5
1075,142,29,s,88,90.0,False,2002.0,2002.5
1076,281,161,s,88,88.0,False,2002.0,2002.0
1077,280,261,s,88,92.0,False,2002.0,2003.0
1078,316,53,s,88,95.0,False,2002.0,2003.75
1079,54,79,s,89,93.0,False,2002.25,2003.25
1080,69,303,s,89,91.0,False,2002.25,2002.75
1081,281,29,s,89,96.0,False,2002.25,2004.0
1082,297,67,s,89,89.0,False,2002.25,2002.25
1083,305,67,s,89,91.0,False,2002.25,2002.75
1084,141,247,s,89,100.0,False,2002.25,2005.0
1085,115,4,s,89,94.0,False,2002.25,2003.5
1086,181,202,l,89,173.0,True,2002.25,2023.25
1087,123,264,s,90,92.0,False,2002.5,2003.0
1088,275,262,s,90,90.0,False,2002.5,2002.5
1089,106,29,s,90,92.0,False,2002.5,2003.0
1090,211,247,s,90,93.0,False,2002.5,2003.25
1091,234,261,s,90,104.0,False,2002.5,2006.0
1092,316,309,s,90,92.0,False,2002.5,2003.0
1093,115,260,s,90,91.0,False,2002.5,2002.75
1094,281,59,s,90,96.0,False,2002.5,2004.0
1095,297,311,s,90,101.0,False,2002.5,2005.25
1096,356,81,l,90,124.0,True,2002.5,2011.0
1097,3,264,l,90,122.0,True,2002.5,2010.5
1098,34,67,s,91,92.0,False,2002.75,2003.0
1099,41,81,s,91,94.0,False,2002.75,2003.5
1100,239,246,s,91,92.0,False,2002.75,2003.0
1101,82,79,s,91,93.0,False,2002.75,2003.25
1102,106,373,s,91,95.0,False,2002.75,2003.75
1103,135,96,s,91,96.0,False,2002.75,2004.0
1104,211,253,s,91,104.0,False,2002.75,2006.0
1105,69,67,l,91,126.0,True,2002.75,2011.5
1106,316,79,l,91,94.0,True,2002.75,2003.5
1107,107,161,s,92,97.0,False,2003.0,2004.25
1108,142,189,s,92,97.0,False,2003.0,2004.25
1109,276,216,s,92,94.0,False,2003.0,2003.5
1110,181,96,s,92,97.0,False,2003.0,2004.25
1111,54,53,s,92,93.0,False,2003.0,2003.25
1112,69,79,s,92,95.0,False,2003.0,2003.75
1113,305,79,s,92,107.0,False,2003.0,2006.75
1114,142,379,l,92,139.0,True,2003.0,2014.75
1115,41,67,l,92,112.0,True,2003.0,2008.0
1116,41,262,s,93,102.0,False,2003.25,2005.5
1117,125,264,s,93,93.0,False,2003.25,2003.25
1118,181,264,s,93,93.0,False,2003.25,2003.25
1119,236,67,s,93,94.0,False,2003.25,2003.5
1120,54,171,s,93,93.0,False,2003.25,2003.25
1121,305,309,s,93,93.0,False,2003.25,2003.25
1122,107,262,s,93,102.0,False,2003.25,2005.5
1123,208,81,s,93,96.0,False,2003.25,2004.0
1124,316,323,s,93,95.0,False,2003.25,2003.75
1125,24,171,s,94,94.0,False,2003.5,2003.5
1126,280,246,s,94,99.0,False,2003.5,2004.75
1127,305,309,s,94,99.0,False,2003.5,2004.75
1128,69,53,s,94,99.0,False,2003.5,2004.75
1129,275,309,s,94,96.0,False,2003.5,2004.0
1130,277,173,s,94,98.0,False,2003.5,2004.5
1131,278,309,s,94,109.0,False,2003.5,2007.25
1132,141,242,l,94,196.0,True,2003.5,2029.0
1133,86,264,s,95,97.0,False,2003.75,2004.25
1134,125,161,s,95,100.0,False,2003.75,2005.0
1135,133,309,s,95,97.0,False,2003.75,2004.25
1136,142,67,s,95,95.0,False,2003.75,2003.75
1137,280,261,s,95,99.0,False,2003.75,2004.75
1138,308,247,s,95,95.0,False,2003.75,2003.75
1139,3,51,s,95,111.0,False,2003.75,2007.75
1140,15,67,s,95,95.0,False,2003.75,2003.75
1141,211,97,s,95,97.0,False,2003.75,2004.25
1142,14,79,s,95,99.0,False,2003.75,2004.75
1143,336,67,s,95,103.0,False,2003.75,2005.75
1144,203,303,l,95,131.0,True,2003.75,2012.75
1145,54,53,s,96,103.0,False,2004.0,2005.75
1146,69,247,s,96,108.0,False,2004.0,2007.0
1147,69,256,s,96,98.0,False,2004.0,2004.5
1148,326,311,s,96,98.0,False,2004.0,2004.5
1149,91,266,s,96,97.0,False,2004.0,2004.25
1150,123,374,s,96,97.0,False,2004.0,2004.25
1151,133,224,s,96,103.0,False,2004.0,2005.75
1152,170,260,s,96,110.0,False,2004.0,2007.5
1153,203,79,s,96,97.0,False,2004.0,2004.25
1154,307,252,s,96,104.0,False,2004.0,2006.0
1155,307,309,s,96,107.0,False,2004.0,2006.75
1156,34,253,s,97,114.0,False,2004.25,2008.5
1157,282,79,s,97,97.0,False,2004.25,2004.25
1158,297,253,s,97,99.0,False,2004.25,2004.75
1159,337,330,s,97,97.0,False,2004.25,2004.25
1160,24,61,s,97,99.0,False,2004.25,2004.75
1161,82,247,s,97,101.0,False,2004.25,2005.25
1162,196,253,s,97,97.0,False,2004.25,2004.25
1163,203,46,s,97,99.0,False,2004.25,2004.75
1164,239,246,s,97,105.0,False,2004.25,2006.25
1165,300,167,s,97,98.0,False,2004.25,2004.5
1166,316,309,s,97,102.0,False,2004.25,2005.5
1167,41,260,l,97,110.0,True,2004.25,2007.5
1168,24,311,s,98,100.0,False,2004.5,2005.0
1169,278,253,s,98,118.0,False,2004.5,2009.5
1170,48,67,s,98,100.0,False,2004.5,2005.0
1171,64,67,s,98,101.0,False,2004.5,2005.25
1172,82,323,s,98,99.0,False,2004.5,2004.75
1173,90,4,s,98,103.0,False,2004.5,2005.75
1174,201,119,s,98,103.0,False,2004.5,2005.75
1175,305,191,s,98,101.0,False,2004.5,2005.25
1176,356,246,s,98,102.0,False,2004.5,2005.5
1177,82,46,l,98,159.0,True,2004.5,2019.75
1178,75,253,s,99,100.0,False,2004.75,2005.0
1179,125,266,s,99,102.0,False,2004.75,2005.5
1180,307,247,s,99,120.0,False,2004.75,2010.0
1181,41,81,l,99,116.0,True,2004.75,2009.0
1182,75,247,s,100,105.0,False,2005.0,2006.25
1183,25,145,s,100,105.0,False,2005.0,2006.25
1184,40,224,s,100,101.0,False,2005.0,2005.25
1185,47,67,s,100,101.0,False,2005.0,2005.25
1186,356,218,s,100,101.0,False,2005.0,2005.25
1187,308,247,s,100,113.0,False,2005.0,2008.25
1188,196,233,l,100,142.0,True,2005.0,2015.5
1189,34,53,s,101,104.0,False,2005.25,2006.0
1190,48,253,s,101,101.0,False,2005.25,2005.25
1191,24,171,s,101,103.0,False,2005.25,2005.75
1192,196,309,s,101,102.0,False,2005.25,2005.5
1193,326,67,s,101,108.0,False,2005.25,2007.0
1194,14,67,s,101,104.0,False,2005.25,2006.0
1195,15,53,s,101,106.0,False,2005.25,2006.5
1196,34,171,s,101,103.0,False,2005.25,2005.75
1197,115,264,s,101,103.0,False,2005.25,2005.75
1198,305,253,s,101,105.0,False,2005.25,2006.25
1199,69,224,l,101,205.0,True,2005.25,2031.25
1200,92,59,s,102,116.0,False,2005.5,2009.0
1201,125,373,s,102,105.0,False,2005.5,2006.25
1202,236,79,s,102,103.0,False,2005.5,2005.75
1203,15,309,s,102,103.0,False,2005.5,2005.75
1204,196,247,s,102,110.0,False,2005.5,2007.5
1205,235,59,s,102,106.0,False,2005.5,2006.5
1206,142,79,l,102,108.0,True,2005.5,2007.0
1207,54,173,s,103,108.0,False,2005.75,2007.0
1208,196,173,s,103,112.0,False,2005.75,2008.0
1209,277,53,s,103,103.0,False,2005.75,2005.75
1210,300,264,s,103,106.0,False,2005.75,2006.5
1211,15,247,s,103,104.0,False,2005.75,2006.0
1212,212,220,s,103,104.0,False,2005.75,2006.0
1213,315,253,s,103,118.0,False,2005.75,2009.5
1214,82,53,l,103,161.0,True,2005.75,2020.25
1215,94,171,s,104,108.0,False,2006.0,2007.0
1216,135,242,s,104,104.0,False,2006.0,2006.0
1217,279,247,s,104,110.0,False,2006.0,2007.5
1218,297,166,s,104,108.0,False,2006.0,2007.0
1219,337,63,s,104,109.0,False,2006.0,2007.25
1220,337,260,s,104,111.0,False,2006.0,2007.75
1221,54,309,s,104,105.0,False,2006.0,2006.25
1222,300,145,s,104,105.0,False,2006.0,2006.25
1223,381,145,s,104,105.0,False,2006.0,2006.25
1224,34,67,l,104,122.0,True,2006.0,2010.5
1225,297,247,s,105,111.0,False,2006.25,2007.75
1226,236,379,s,105,110.0,False,2006.25,2007.5
1227,305,303,s,105,108.0,False,2006.25,2007.0
1228,369,229,s,105,106.0,False,2006.25,2006.5
1229,307,320,l,105,224.0,True,2006.25,2036.0
1230,3,101,s,106,114.0,False,2006.5,2008.5
1231,75,400,s,106,108.0,False,2006.5,2007.0
1232,94,216,s,106,107.0,False,2006.5,2006.75
1233,243,253,s,106,109.0,False,2006.5,2007.25
1234,336,309,s,106,107.0,False,2006.5,2006.75
1235,48,171,s,106,106.0,False,2006.5,2006.5
1236,54,247,s,106,107.0,False,2006.5,2006.75
1237,203,247,s,106,108.0,False,2006.5,2007.0
1238,25,145,s,106,111.0,False,2006.5,2007.75
1239,32,216,s,106,112.0,False,2006.5,2008.0
1240,69,53,s,106,107.0,False,2006.5,2006.75
1241,115,171,s,106,115.0,False,2006.5,2008.75
1242,115,175,s,106,110.0,False,2006.5,2007.5
1243,135,202,s,106,112.0,False,2006.5,2008.0
1244,135,216,s,106,109.0,False,2006.5,2007.25
1245,279,253,s,106,112.0,False,2006.5,2008.0
1246,281,51,s,106,115.0,False,2006.5,2008.75
1247,25,246,l,106,120.0,True,2006.5,2010.0
1248,315,379,l,106,109.0,True,2006.5,2007.25
1249,82,171,s,107,109.0,False,2006.75,2007.25
1250,234,379,s,107,123.0,False,2006.75,2010.75
1251,278,79,s,107,109.0,False,2006.75,2007.25
1252,297,260,s,107,107.0,False,2006.75,2006.75
1253,115,253,s,107,110.0,False,2006.75,2007.5
1254,181,220,s,107,120.0,False,2006.75,2010.0
1255,307,171,s,107,113.0,False,2006.75,2008.25
1256,315,67,s,107,123.0,False,2006.75,2010.75
1257,315,233,s,107,109.0,False,2006.75,2007.25
1258,133,247,s,107,110.0,False,2006.75,2007.5
1259,282,216,s,107,109.0,False,2006.75,2007.25
1260,297,309,s,107,108.0,False,2006.75,2007.0
1261,176,49,s,108,112.0,False,2007.0,2008.0
1262,239,246,s,108,115.0,False,2007.0,2008.75
1263,281,216,s,108,111.0,False,2007.0,2007.75
1264,125,374,s,108,113.0,False,2007.0,2008.25
1265,142,264,s,108,114.0,False,2007.0,2008.5
1266,120,119,s,108,110.0,False,2007.0,2007.5
1267,48,374,s,109,112.0,False,2007.25,2008.0
1268,196,67,s,109,116.0,False,2007.25,2009.0
1269,280,261,s,109,118.0,False,2007.25,2009.5
1270,15,379,s,109,110.0,False,2007.25,2007.5
1271,64,173,s,109,112.0,False,2007.25,2008.0
1272,104,9,s,109,111.0,False,2007.25,2007.75
1273,170,247,s,109,110.0,False,2007.25,2007.5
1274,251,171,s,109,116.0,False,2007.25,2009.0
1275,251,309,s,109,110.0,False,2007.25,2007.5
1276,275,330,s,109,115.0,False,2007.25,2008.75
1277,32,9,l,109,112.0,True,2007.25,2008.0
1278,134,404,s,110,112.0,False,2007.5,2008.0
1279,211,79,s,110,111.0,False,2007.5,2007.75
1280,280,63,s,110,112.0,False,2007.5,2008.0
1281,297,171,s,110,111.0,False,2007.5,2007.75
1282,308,253,s,110,113.0,False,2007.5,2008.25
1283,211,309,s,110,111.0,False,2007.5,2007.75
1284,305,253,s,110,112.0,False,2007.5,2008.0
1285,337,79,s,110,114.0,False,2007.5,2008.5
1286,15,171,s,110,112.0,False,2007.5,2008.0
1287,104,303,s,110,116.0,False,2007.5,2009.0
1288,135,262,s,110,121.0,False,2007.5,2010.25
1289,280,246,s,110,114.0,False,2007.5,2008.5
1290,236,262,l,110,179.0,True,2007.5,2024.75
1291,125,404,s,111,117.0,False,2007.75,2009.25
1292,54,253,s,111,116.0,False,2007.75,2009.0
1293,82,171,s,111,112.0,False,2007.75,2008.0
1294,281,258,s,111,117.0,False,2007.75,2009.25
1295,3,404,s,111,112.0,False,2007.75,2008.0
1296,236,175,s,111,113.0,False,2007.75,2008.25
1297,281,81,s,111,114.0,False,2007.75,2008.5
1298,336,179,l,111,138.0,True,2007.75,2014.5
1299,48,46,s,112,113.0,False,2008.0,2008.25
1300,115,53,s,112,115.0,False,2008.0,2008.75
1301,278,171,s,112,116.0,False,2008.0,2009.0
1302,297,253,s,112,114.0,False,2008.0,2008.5
1303,321,252,s,112,119.0,False,2008.0,2009.75
1304,337,309,s,112,115.0,False,2008.0,2008.75
1305,104,400,s,112,112.0,False,2008.0,2008.0
1306,146,53,s,112,117.0,False,2008.0,2009.25
1307,208,202,s,112,120.0,False,2008.0,2010.0
1308,279,224,s,112,113.0,False,2008.0,2008.25
1309,281,264,s,112,113.0,False,2008.0,2008.25
1310,15,79,s,112,114.0,False,2008.0,2008.5
1311,54,179,s,112,125.0,False,2008.0,2011.25
1312,135,220,s,112,115.0,False,2008.0,2008.75
1313,142,4,s,112,118.0,False,2008.0,2009.5
1314,211,79,s,112,117.0,False,2008.0,2009.25
1315,278,67,s,112,117.0,False,2008.0,2009.25
1316,340,299,l,112,202.0,True,2008.0,2030.5
1317,69,247,s,113,116.0,False,2008.25,2009.0
1318,104,216,s,113,118.0,False,2008.25,2009.5
1319,142,161,s,113,115.0,False,2008.25,2008.75
1320,153,119,s,113,120.0,False,2008.25,2010.0
1321,236,216,s,113,116.0,False,2008.25,2009.0
1322,344,299,s,113,117.0,False,2008.25,2009.25
1323,133,79,s,113,114.0,False,2008.25,2008.5
1324,243,253,s,113,121.0,False,2008.25,2010.25
1325,281,202,s,113,117.0,False,2008.25,2009.25
1326,86,169,s,113,116.0,False,2008.25,2009.0
1327,104,309,s,113,115.0,False,2008.25,2008.75
1328,126,253,s,113,114.0,False,2008.25,2008.5
1329,344,309,l,113,184.0,True,2008.25,2026.0
1330,273,179,s,114,114.0,False,2008.5,2008.5
1331,315,79,s,114,115.0,False,2008.5,2008.75
1332,115,264,s,114,116.0,False,2008.5,2009.0
1333,170,9,s,114,116.0,False,2008.5,2009.0
1334,275,309,s,114,119.0,False,2008.5,2009.75
1335,24,171,s,114,123.0,False,2008.5,2010.75
1336,315,400,s,114,119.0,False,2008.5,2009.75
1337,307,304,l,114,239.0,True,2008.5,2039.75
1338,48,175,s,115,116.0,False,2008.75,2009.0
1339,146,95,s,115,116.0,False,2008.75,2009.0
1340,115,79,s,115,118.0,False,2008.75,2009.5
1341,276,309,s,115,116.0,False,2008.75,2009.0
1342,316,309,s,115,123.0,False,2008.75,2010.75
1343,25,145,s,116,120.0,False,2009.0,2010.0
1344,69,171,s,116,127.0,False,2009.0,2011.75
1345,133,253,s,116,118.0,False,2009.0,2009.5
1346,280,173,s,116,117.0,False,2009.0,2009.25
1347,300,246,s,116,118.0,False,2009.0,2009.5
1348,78,253,s,116,120.0,False,2009.0,2010.0
1349,239,246,s,116,117.0,False,2009.0,2009.25
1350,344,357,s,116,117.0,False,2009.0,2009.25
1351,354,311,s,116,118.0,False,2009.0,2009.5
1352,92,331,s,116,120.0,False,2009.0,2010.0
1353,133,79,s,116,119.0,False,2009.0,2009.75
1354,208,49,s,116,121.0,False,2009.0,2010.25
1355,133,309,s,117,118.0,False,2009.25,2009.5
1356,15,252,s,117,120.0,False,2009.25,2010.0
1357,48,262,s,117,119.0,False,2009.25,2009.75
1358,90,247,s,117,118.0,False,2009.25,2009.5
1359,279,189,s,117,125.0,False,2009.25,2011.25
1360,279,330,s,117,121.0,False,2009.25,2010.25
1361,297,303,s,117,124.0,False,2009.25,2011.0
1362,69,247,l,117,181.0,True,2009.25,2025.25
1363,3,262,s,118,127.0,False,2009.5,2011.75
1364,125,28,s,118,127.0,False,2009.5,2011.75
1365,196,63,s,118,125.0,False,2009.5,2011.25
1366,203,311,s,118,127.0,False,2009.5,2011.75
1367,211,309,s,118,130.0,False,2009.5,2012.5
1368,279,247,s,118,118.0,False,2009.5,2009.5
1369,15,67,s,118,118.0,False,2009.5,2009.5
1370,142,264,s,118,123.0,False,2009.5,2010.75
1371,277,173,s,118,120.0,False,2009.5,2010.0
1372,356,220,s,118,122.0,False,2009.5,2010.5
1373,273,53,s,118,125.0,False,2009.5,2011.25
1374,277,304,s,118,123.0,False,2009.5,2010.75
1375,281,216,l,118,161.0,True,2009.5,2020.25
1376,115,173,s,119,125.0,False,2009.75,2011.25
1377,211,247,s,119,120.0,False,2009.75,2010.0
1378,315,303,s,119,122.0,False,2009.75,2010.5
1379,34,171,s,119,121.0,False,2009.75,2010.25
1380,115,81,s,119,124.0,False,2009.75,2011.0
1381,3,4,s,119,123.0,False,2009.75,2010.75
1382,196,247,s,119,121.0,False,2009.75,2010.25
1383,316,171,s,119,120.0,False,2009.75,2010.0
1384,48,303,l,119,183.0,True,2009.75,2025.75
1385,305,67,l,119,151.0,True,2009.75,2017.75
1386,69,253,s,120,126.0,False,2010.0,2011.5
1387,106,161,s,120,126.0,False,2010.0,2011.5
1388,251,253,s,120,123.0,False,2010.0,2010.75
1389,324,253,s,120,120.0,False,2010.0,2010.0
1390,337,247,s,120,120.0,False,2010.0,2010.0
1391,351,357,s,120,128.0,False,2010.0,2012.0
1392,276,173,s,120,124.0,False,2010.0,2011.0
1393,344,323,s,120,122.0,False,2010.0,2010.5
1394,142,262,l,120,228.0,True,2010.0,2037.0
1395,326,252,l,120,156.0,True,2010.0,2019.0
1396,133,216,s,121,123.0,False,2010.25,2010.75
1397,236,171,s,121,122.0,False,2010.25,2010.5
1398,305,53,s,121,129.0,False,2010.25,2012.25
1399,282,242,s,121,122.0,False,2010.25,2010.5
1400,337,169,s,121,123.0,False,2010.25,2010.75
1401,94,247,s,121,123.0,False,2010.25,2010.75
1402,251,67,s,121,127.0,False,2010.25,2011.75
1403,158,216,l,121,196.0,True,2010.25,2029.0
1404,54,322,s,122,122.0,False,2010.5,2010.5
1405,348,345,s,122,123.0,False,2010.5,2010.75
1406,324,322,s,122,123.0,False,2010.5,2010.75
1407,196,330,s,123,127.0,False,2010.75,2011.75
1408,305,171,s,123,127.0,False,2010.75,2011.75
1409,315,303,s,123,131.0,False,2010.75,2012.75
1410,15,331,s,123,131.0,False,2010.75,2012.75
1411,196,53,s,123,124.0,False,2010.75,2011.0
1412,315,79,s,123,131.0,False,2010.75,2012.75
1413,316,253,s,123,127.0,False,2010.75,2011.75
1414,104,95,s,123,136.0,False,2010.75,2014.0
1415,277,175,s,123,126.0,False,2010.75,2011.5
1416,278,247,s,123,129.0,False,2010.75,2012.25
1417,146,233,l,123,129.0,True,2010.75,2012.25
1418,24,309,s,124,124.0,False,2011.0,2011.0
1419,278,67,s,124,126.0,False,2011.0,2011.5
1420,24,172,s,124,129.0,False,2011.0,2012.25
1421,275,67,s,124,125.0,False,2011.0,2011.25
1422,348,311,s,124,124.0,False,2011.0,2011.0
1423,94,253,s,124,136.0,False,2011.0,2014.0
1424,196,311,s,124,130.0,False,2011.0,2012.5
1425,159,67,l,124,178.0,True,2011.0,2024.5
1426,211,253,l,124,180.0,True,2011.0,2025.0
1427,15,303,s,125,128.0,False,2011.25,2012.0
1428,133,216,s,125,128.0,False,2011.25,2012.0
1429,281,253,s,125,134.0,False,2011.25,2013.5
1430,211,320,s,125,136.0,False,2011.25,2014.0
1431,24,331,s,125,127.0,False,2011.25,2011.75
1432,321,331,s,125,127.0,False,2011.25,2011.75
1433,211,247,l,125,203.0,True,2011.25,2030.75
1434,32,379,l,125,129.0,True,2011.25,2012.25
1435,141,247,l,125,151.0,True,2011.25,2017.75
1436,3,161,s,126,135.0,False,2011.5,2013.75
1437,48,247,s,126,127.0,False,2011.5,2011.75
1438,54,175,s,126,128.0,False,2011.5,2012.0
1439,86,265,s,126,129.0,False,2011.5,2012.25
1440,211,171,s,126,138.0,False,2011.5,2014.5
1441,236,380,s,126,127.0,False,2011.5,2011.75
1442,336,171,s,126,127.0,False,2011.5,2011.75
1443,381,145,s,126,126.0,False,2011.5,2011.5
1444,64,81,s,126,128.0,False,2011.5,2012.0
1445,158,262,s,126,127.0,False,2011.5,2011.75
1446,308,173,s,126,127.0,False,2011.5,2011.75
1447,142,247,l,126,228.0,True,2011.5,2037.0
1448,47,379,l,126,136.0,True,2011.5,2014.0
1449,133,63,s,127,128.0,False,2011.75,2012.0
1450,278,67,s,127,128.0,False,2011.75,2012.0
1451,75,331,s,127,130.0,False,2011.75,2012.5
1452,94,67,s,127,129.0,False,2011.75,2012.25
1453,278,169,s,127,129.0,False,2011.75,2012.25
1454,24,67,s,127,128.0,False,2011.75,2012.0
1455,305,309,s,127,139.0,False,2011.75,2014.75
1456,307,171,s,127,133.0,False,2011.75,2013.25
1457,203,171,l,127,132.0,True,2011.75,2013.0
1458,170,247,s,128,132.0,False,2012.0,2013.0
1459,278,309,s,128,128.0,False,2012.0,2012.0
1460,279,171,s,128,130.0,False,2012.0,2012.5
1461,344,322,s,128,129.0,False,2012.0,2012.25
1462,366,345,s,128,139.0,False,2012.0,2014.75
1463,3,374,s,128,131.0,False,2012.0,2012.75
1464,47,171,s,128,130.0,False,2012.0,2012.5
1465,54,304,s,128,142.0,False,2012.0,2015.5
1466,54,330,s,128,133.0,False,2012.0,2013.25
1467,366,309,s,128,130.0,False,2012.0,2012.5
1468,14,171,s,129,129.0,False,2012.25,2012.25
1469,34,299,s,129,142.0,False,2012.25,2015.5
1470,54,303,s,129,131.0,False,2012.25,2012.75
1471,94,171,s,129,138.0,False,2012.25,2014.5
1472,196,247,s,129,134.0,False,2012.25,2013.5
1473,278,79,s,129,129.0,False,2012.25,2012.25
1474,196,171,s,129,145.0,False,2012.25,2016.25
1475,366,349,s,129,134.0,False,2012.25,2013.5
1476,305,331,s,129,132.0,False,2012.25,2013.0
1477,142,76,l,129,149.0,True,2012.25,2017.25
1478,196,175,s,130,131.0,False,2012.5,2012.75
1479,278,79,s,130,131.0,False,2012.5,2012.75
1480,278,322,s,130,142.0,False,2012.5,2015.5
1481,211,202,s,130,135.0,False,2012.5,2013.75
1482,243,253,l,130,201.0,True,2012.5,2030.25
1483,211,311,s,131,138.0,False,2012.75,2014.5
1484,278,253,s,131,136.0,False,2012.75,2014.0
1485,344,311,s,131,139.0,False,2012.75,2014.75
1486,366,304,s,131,138.0,False,2012.75,2014.5
1487,366,322,s,131,139.0,False,2012.75,2014.75
1488,14,323,s,131,132.0,False,2012.75,2013.0
1489,141,189,s,131,140.0,False,2012.75,2015.0
1490,236,95,s,131,132.0,False,2012.75,2013.0
1491,277,247,s,131,142.0,False,2012.75,2015.5
1492,104,51,s,131,141.0,False,2012.75,2015.25
1493,275,63,s,131,134.0,False,2012.75,2013.5
1494,57,260,s,132,133.0,False,2013.0,2013.25
1495,65,260,s,132,135.0,False,2013.0,2013.75
1496,104,247,s,132,132.0,False,2013.0,2013.0
1497,115,216,s,132,147.0,False,2013.0,2016.75
1498,196,53,s,132,133.0,False,2013.0,2013.25
1499,203,67,s,132,132.0,False,2013.0,2013.0
1500,208,145,s,132,135.0,False,2013.0,2013.75
1501,348,322,s,132,139.0,False,2013.0,2014.75
1502,54,320,s,132,134.0,False,2013.0,2013.5
1503,69,175,s,132,132.0,False,2013.0,2013.0
1504,133,224,s,132,133.0,False,2013.0,2013.25
1505,133,247,s,132,134.0,False,2013.0,2013.5
1506,141,29,s,132,135.0,False,2013.0,2013.75
1507,142,45,s,132,134.0,False,2013.0,2013.5
1508,277,171,s,132,140.0,False,2013.0,2015.0
1509,351,361,s,132,134.0,False,2013.0,2013.5
1510,353,309,s,132,134.0,False,2013.0,2013.5
1511,348,361,l,132,222.0,True,2013.0,2035.5
1512,48,256,s,133,135.0,False,2013.25,2013.75
1513,196,309,s,133,133.0,False,2013.25,2013.25
1514,94,67,s,133,134.0,False,2013.25,2013.5
1515,196,67,s,133,138.0,False,2013.25,2014.5
1516,279,171,s,133,133.0,False,2013.25,2013.25
1517,282,202,s,133,133.0,False,2013.25,2013.25
1518,305,173,s,133,140.0,False,2013.25,2015.0
1519,326,357,s,133,135.0,False,2013.25,2013.75
1520,273,171,s,133,138.0,False,2013.25,2014.5
1521,280,169,s,133,134.0,False,2013.25,2013.5
1522,324,314,s,133,137.0,False,2013.25,2014.25
1523,176,49,l,133,234.0,True,2013.25,2038.5
1524,3,29,s,134,138.0,False,2013.5,2014.5
1525,133,67,s,134,141.0,False,2013.5,2015.25
1526,211,309,s,134,137.0,False,2013.5,2014.25
1527,277,67,s,134,135.0,False,2013.5,2013.75
1528,278,79,s,134,134.0,False,2013.5,2013.5
1529,69,322,s,134,136.0,False,2013.5,2014.0
1530,297,53,s,134,135.0,False,2013.5,2013.75
1531,315,323,s,134,136.0,False,2013.5,2014.0
1532,344,346,s,134,139.0,False,2013.5,2014.75
1533,115,247,l,134,137.0,True,2013.5,2014.25
1534,354,349,l,134,184.0,True,2013.5,2026.0
1535,280,247,s,135,136.0,False,2013.75,2014.0
1536,133,262,s,135,136.0,False,2013.75,2014.0
1537,196,247,s,135,136.0,False,2013.75,2014.0
1538,277,253,s,135,136.0,False,2013.75,2014.0
1539,348,357,s,135,142.0,False,2013.75,2015.5
1540,366,349,s,135,143.0,False,2013.75,2015.75
1541,54,379,s,135,137.0,False,2013.75,2014.25
1542,69,314,s,135,138.0,False,2013.75,2014.5
1543,142,67,s,135,142.0,False,2013.75,2015.5
1544,54,46,l,135,176.0,True,2013.75,2024.0
1545,279,53,l,135,151.0,True,2013.75,2017.75
1546,281,262,s,136,142.0,False,2014.0,2015.5
1547,297,303,s,136,143.0,False,2014.0,2015.75
1548,47,345,s,136,137.0,False,2014.0,2014.25
1549,243,355,s,136,139.0,False,2014.0,2014.75
1550,275,303,s,136,140.0,False,2014.0,2015.0
1551,275,319,s,136,139.0,False,2014.0,2014.75
1552,324,323,s,136,137.0,False,2014.0,2014.25
1553,366,357,s,136,144.0,False,2014.0,2016.0
1554,348,252,s,136,138.0,False,2014.0,2014.5
1555,348,309,s,136,148.0,False,2014.0,2017.0
1556,351,400,s,136,152.0,False,2014.0,2018.0
1557,196,309,l,136,,True,2014.0,
1558,308,355,l,136,140.0,True,2014.0,2015.0
1559,275,79,s,137,140.0,False,2014.25,2015.0
1560,315,320,s,137,143.0,False,2014.25,2015.75
1561,47,67,s,137,138.0,False,2014.25,2014.5
1562,90,262,s,137,137.0,False,2014.25,2014.25
1563,203,53,s,137,137.0,False,2014.25,2014.25
1564,278,67,s,137,138.0,False,2014.25,2014.5
1565,336,330,s,137,140.0,False,2014.25,2015.0
1566,24,314,s,137,146.0,False,2014.25,2016.5
1567,15,349,s,138,143.0,False,2014.5,2015.75
1568,48,171,s,138,146.0,False,2014.5,2016.5
1569,211,330,s,138,142.0,False,2014.5,2015.5
1570,104,4,s,138,143.0,False,2014.5,2015.75
1571,133,171,s,138,140.0,False,2014.5,2015.0
1572,142,217,s,138,139.0,False,2014.5,2014.75
1573,297,309,s,138,139.0,False,2014.5,2014.75
1574,324,299,s,138,162.0,False,2014.5,2020.5
1575,196,247,s,138,144.0,False,2014.5,2016.0
1576,351,311,s,138,140.0,False,2014.5,2015.0
1577,54,247,s,139,141.0,False,2014.75,2015.25
1578,211,171,s,139,148.0,False,2014.75,2017.0
1579,275,323,s,139,139.0,False,2014.75,2014.75
1580,348,345,s,139,140.0,False,2014.75,2015.0
1581,3,161,s,139,139.0,False,2014.75,2014.75
1582,69,171,s,139,144.0,False,2014.75,2016.0
1583,94,303,s,139,140.0,False,2014.75,2015.0
1584,115,264,s,139,142.0,False,2014.75,2015.5
1585,133,266,s,139,147.0,False,2014.75,2016.75
1586,353,345,s,139,142.0,False,2014.75,2015.5
1587,351,331,l,139,197.0,True,2014.75,2029.25
1588,351,303,l,139,,True,2014.75,
1589,277,253,s,140,143.0,False,2015.0,2015.75
1590,280,261,s,140,148.0,False,2015.0,2017.0
1591,307,309,s,140,142.0,False,2015.0,2015.5
1592,307,311,s,140,148.0,False,2015.0,2017.0
1593,54,314,s,140,153.0,False,2015.0,2018.25
1594,64,76,s,140,141.0,False,2015.0,2015.25
1595,281,189,s,140,145.0,False,2015.0,2016.25
1596,351,349,s,140,141.0,False,2015.0,2015.25
1597,82,312,s,140,142.0,False,2015.0,2015.5
1598,211,67,s,140,142.0,False,2015.0,2015.5
1599,281,191,s,140,145.0,False,2015.0,2016.25
1600,281,247,s,140,143.0,False,2015.0,2015.75
1601,337,247,s,140,141.0,False,2015.0,2015.25
1602,273,309,l,140,174.0,True,2015.0,2023.5
1603,277,79,s,141,141.0,False,2015.25,2015.25
1604,277,173,s,141,144.0,False,2015.25,2016.0
1605,278,309,s,141,145.0,False,2015.25,2016.25
1606,354,252,s,141,141.0,False,2015.25,2015.25
1607,115,175,s,141,148.0,False,2015.25,2017.0
1608,158,260,s,141,145.0,False,2015.25,2016.25
1609,196,262,s,141,144.0,False,2015.25,2016.0
1610,278,400,s,141,142.0,False,2015.25,2015.5
1611,366,173,s,141,149.0,False,2015.25,2017.25
1612,211,311,l,141,,True,2015.25,
1613,366,439,l,141,169.0,True,2015.25,2022.25
1614,351,346,l,141,,True,2015.25,
1615,358,311,s,142,142.0,False,2015.5,2015.5
1616,57,53,s,142,148.0,False,2015.5,2017.0
1617,69,67,s,142,142.0,False,2015.5,2015.5
1618,203,175,s,142,142.0,False,2015.5,2015.5
1619,282,29,s,142,149.0,False,2015.5,2017.25
1620,278,67,s,142,145.0,False,2015.5,2016.25
1621,278,233,s,142,143.0,False,2015.5,2015.75
1622,316,357,s,142,156.0,False,2015.5,2019.0
1623,281,127,l,142,158.0,True,2015.5,2019.5
1624,48,175,s,143,144.0,False,2015.75,2016.0
1625,57,299,s,143,146.0,False,2015.75,2016.5
1626,196,330,s,143,144.0,False,2015.75,2016.0
1627,277,171,s,143,147.0,False,2015.75,2016.75
1628,278,173,s,143,149.0,False,2015.75,2017.25
1629,236,216,s,143,147.0,False,2015.75,2016.75
1630,337,252,s,143,144.0,False,2015.75,2016.0
1631,104,171,s,143,146.0,False,2015.75,2016.5
1632,321,303,s,143,144.0,False,2015.75,2016.0
1633,337,53,s,143,146.0,False,2015.75,2016.5
1634,141,76,s,144,150.0,False,2016.0,2017.5
1635,196,63,s,144,144.0,False,2016.0,2016.0
1636,344,322,s,144,147.0,False,2016.0,2016.75
1637,211,262,s,144,149.0,False,2016.0,2017.25
1638,358,355,s,144,150.0,False,2016.0,2017.5
1639,315,322,s,144,150.0,False,2016.0,2017.5
1640,305,309,l,144,147.0,True,2016.0,2016.75
1641,196,172,s,145,145.0,False,2016.25,2016.25
1642,277,67,s,145,147.0,False,2016.25,2016.75
1643,321,309,s,145,153.0,False,2016.25,2018.25
1644,324,309,s,145,154.0,False,2016.25,2018.5
1645,348,355,s,145,147.0,False,2016.25,2016.75
1646,196,173,s,145,148.0,False,2016.25,2017.0
1647,203,247,s,145,147.0,False,2016.25,2016.75
1648,236,224,s,145,156.0,False,2016.25,2019.0
1649,305,173,s,145,147.0,False,2016.25,2016.75
1650,115,247,s,146,153.0,False,2016.5,2018.25
1651,203,67,s,146,147.0,False,2016.5,2016.75
1652,351,361,s,146,147.0,False,2016.5,2016.75
1653,387,347,s,146,155.0,False,2016.5,2018.75
1654,3,334,s,146,152.0,False,2016.5,2018.0
1655,48,202,s,146,146.0,False,2016.5,2016.5
1656,64,311,s,146,150.0,False,2016.5,2017.5
1657,211,309,s,146,155.0,False,2016.5,2018.75
1658,243,355,s,146,150.0,False,2016.5,2017.5
1659,278,247,s,146,153.0,False,2016.5,2018.25
1660,54,171,s,146,153.0,False,2016.5,2018.25
1661,279,171,s,146,154.0,False,2016.5,2018.5
1662,341,349,s,146,147.0,False,2016.5,2016.75
1663,358,322,s,146,149.0,False,2016.5,2017.25
1664,32,262,l,146,163.0,True,2016.5,2020.75
1665,24,247,s,147,158.0,False,2016.75,2019.5
1666,24,309,s,147,154.0,False,2016.75,2018.5
1667,159,331,s,147,148.0,False,2016.75,2017.0
1668,104,171,s,147,156.0,False,2016.75,2019.0
1669,243,252,s,147,149.0,False,2016.75,2017.25
1670,69,46,s,147,149.0,False,2016.75,2017.25
1671,276,253,s,147,153.0,False,2016.75,2018.25
1672,15,67,l,147,180.0,True,2016.75,2025.0
1673,133,247,l,147,177.0,True,2016.75,2024.25
1674,276,171,s,148,149.0,False,2017.0,2017.25
1675,90,247,s,148,155.0,False,2017.0,2018.75
1676,211,67,s,148,151.0,False,2017.0,2017.75
1677,316,322,s,148,157.0,False,2017.0,2019.25
1678,176,247,s,148,156.0,False,2017.0,2019.0
1679,366,331,s,148,156.0,False,2017.0,2019.0
1680,133,76,l,148,164.0,True,2017.0,2021.0
1681,278,224,s,149,160.0,False,2017.25,2020.0
1682,297,304,s,149,150.0,False,2017.25,2017.5
1683,324,322,s,149,151.0,False,2017.25,2017.75
1684,348,171,s,149,150.0,False,2017.25,2017.5
1685,69,311,s,149,155.0,False,2017.25,2018.75
1686,115,262,s,149,153.0,False,2017.25,2018.25
1687,196,79,s,149,151.0,False,2017.25,2017.75
1688,196,253,s,149,150.0,False,2017.25,2017.5
1689,203,379,s,149,155.0,False,2017.25,2018.75
1690,234,309,s,149,151.0,False,2017.25,2017.75
1691,236,216,s,149,152.0,False,2017.25,2018.0
1692,315,361,s,149,154.0,False,2017.25,2018.5
1693,362,349,s,149,151.0,False,2017.25,2017.75
1694,90,253,s,149,157.0,False,2017.25,2019.25
1695,133,53,s,149,162.0,False,2017.25,2020.5
1696,275,79,s,149,154.0,False,2017.25,2018.5
1697,280,189,s,149,151.0,False,2017.25,2017.75
1698,337,173,s,150,151.0,False,2017.5,2017.75
1699,32,67,s,150,150.0,False,2017.5,2017.5
1700,69,331,s,150,150.0,False,2017.5,2017.5
1701,115,67,s,150,151.0,False,2017.5,2017.75
1702,336,314,s,150,167.0,False,2017.5,2021.75
1703,354,309,s,150,156.0,False,2017.5,2019.0
1704,366,372,s,150,152.0,False,2017.5,2018.0
1705,337,331,l,150,,True,2017.5,
1706,142,216,s,151,156.0,False,2017.75,2019.0
1707,142,330,s,151,151.0,False,2017.75,2017.75
1708,234,171,s,151,152.0,False,2017.75,2018.0
1709,69,46,s,151,156.0,False,2017.75,2019.0
1710,133,79,s,151,166.0,False,2017.75,2021.5
1711,133,171,s,151,159.0,False,2017.75,2019.75
1712,297,67,s,151,155.0,False,2017.75,2018.75
1713,416,216,s,151,151.0,False,2017.75,2017.75
1714,211,303,s,151,156.0,False,2017.75,2019.0
1715,275,67,s,151,157.0,False,2017.75,2019.25
1716,279,76,s,151,152.0,False,2017.75,2018.0
1717,69,173,l,151,152.0,True,2017.75,2018.0
1718,14,299,s,152,156.0,False,2018.0,2019.0
1719,94,63,s,152,152.0,False,2018.0,2018.0
1720,141,171,s,152,153.0,False,2018.0,2018.25
1721,196,311,s,152,176.0,False,2018.0,2024.0
1722,279,260,s,152,154.0,False,2018.0,2018.5
1723,336,309,s,152,153.0,False,2018.0,2018.25
1724,48,216,s,153,154.0,False,2018.25,2018.5
1725,82,349,s,153,153.0,False,2018.25,2018.25
1726,305,319,s,153,155.0,False,2018.25,2018.75
1727,344,331,s,153,158.0,False,2018.25,2019.5
1728,297,309,s,153,157.0,False,2018.25,2019.25
1729,316,319,s,153,158.0,False,2018.25,2019.5
1730,375,331,s,153,156.0,False,2018.25,2019.0
1731,54,67,s,153,162.0,False,2018.25,2020.5
1732,308,299,s,153,157.0,False,2018.25,2019.25
1733,344,370,s,153,163.0,False,2018.25,2020.75
1734,351,322,s,153,155.0,False,2018.25,2018.75
1735,362,314,l,153,179.0,True,2018.25,2024.75
1736,48,379,s,154,154.0,False,2018.5,2018.5
1737,15,253,s,154,156.0,False,2018.5,2019.0
1738,15,349,s,154,155.0,False,2018.5,2018.75
1739,196,175,s,154,156.0,False,2018.5,2019.0
1740,279,67,s,154,156.0,False,2018.5,2019.0
1741,297,372,s,154,156.0,False,2018.5,2019.0
1742,336,346,s,154,159.0,False,2018.5,2019.75
1743,351,253,s,154,156.0,False,2018.5,2019.0
1744,203,171,s,154,171.0,False,2018.5,2022.75
1745,275,309,s,154,157.0,False,2018.5,2019.25
1746,196,67,l,154,199.0,True,2018.5,2029.75
1747,387,331,l,154,192.0,True,2018.5,2028.0
1748,336,349,s,155,161.0,False,2018.75,2020.25
1749,15,309,s,155,159.0,False,2018.75,2019.75
1750,54,247,s,155,175.0,False,2018.75,2023.75
1751,211,53,s,155,159.0,False,2018.75,2019.75
1752,387,322,s,155,166.0,False,2018.75,2021.5
1753,24,379,s,155,158.0,False,2018.75,2019.5
1754,275,79,s,155,156.0,False,2018.75,2019.0
1755,277,247,s,156,166.0,False,2019.0,2021.5
1756,278,67,s,156,157.0,False,2019.0,2019.25
1757,376,349,s,156,159.0,False,2019.0,2019.75
1758,384,319,s,156,157.0,False,2019.0,2019.25
1759,78,67,s,156,171.0,False,2019.0,2022.75
1760,115,247,s,156,156.0,False,2019.0,2019.0
1761,142,172,s,156,159.0,False,2019.0,2019.75
1762,315,322,s,156,156.0,False,2019.0,2019.0
1763,390,309,s,156,157.0,False,2019.0,2019.25
1764,115,217,s,156,159.0,False,2019.0,2019.75
1765,238,246,s,156,182.0,False,2019.0,2025.5
1766,54,303,l,156,164.0,True,2019.0,2021.0
1767,278,247,l,156,196.0,True,2019.0,2029.0
1768,278,175,l,156,160.0,True,2019.0,2020.0
1769,366,370,l,156,,True,2019.0,
1770,69,314,s,157,160.0,False,2019.25,2020.0
1771,196,247,s,157,164.0,False,2019.25,2021.0
1772,315,309,s,157,174.0,False,2019.25,2023.5
1773,375,357,s,157,161.0,False,2019.25,2020.25
1774,275,53,s,157,168.0,False,2019.25,2022.0
1775,297,323,s,157,168.0,False,2019.25,2022.0
1776,366,323,s,157,160.0,False,2019.25,2020.0
1777,211,67,s,157,158.0,False,2019.25,2019.5
1778,298,349,l,157,,True,2019.25,
1779,48,260,s,158,163.0,False,2019.5,2020.75
1780,297,361,s,158,162.0,False,2019.5,2020.5
1781,358,386,s,158,158.0,False,2019.5,2019.5
1782,115,4,s,158,160.0,False,2019.5,2020.0
1783,64,247,s,158,163.0,False,2019.5,2020.75
1784,115,51,s,158,164.0,False,2019.5,2021.0
1785,243,171,l,158,180.0,True,2019.5,2025.0
1786,82,309,l,158,,True,2019.5,
1787,133,67,s,159,161.0,False,2019.75,2020.25
1788,324,331,s,159,167.0,False,2019.75,2021.75
1789,366,361,s,159,165.0,False,2019.75,2021.25
1790,390,361,s,159,161.0,False,2019.75,2020.25
1791,24,172,s,159,160.0,False,2019.75,2020.0
1792,282,189,s,159,163.0,False,2019.75,2020.75
1793,324,322,s,159,168.0,False,2019.75,2022.0
1794,385,361,s,159,160.0,False,2019.75,2020.0
1795,34,309,s,159,168.0,False,2019.75,2022.0
1796,196,379,s,159,174.0,False,2019.75,2023.5
1797,348,253,s,159,162.0,False,2019.75,2020.5
1798,235,49,l,159,173.0,True,2019.75,2023.25
1799,14,459,s,160,164.0,False,2020.0,2021.0
1800,203,173,s,160,162.0,False,2020.0,2020.5
1801,358,303,s,160,160.0,False,2020.0,2020.0
1802,211,67,s,160,163.0,False,2020.0,2020.75
1803,273,67,s,160,166.0,False,2020.0,2021.5
1804,384,370,s,160,161.0,False,2020.0,2020.25
1805,387,439,s,160,167.0,False,2020.0,2021.75
1806,390,391,l,160,239.0,True,2020.0,2039.75
1807,15,357,s,161,162.0,False,2020.25,2020.5
1808,196,173,s,161,161.0,False,2020.25,2020.25
1809,297,322,s,161,171.0,False,2020.25,2022.75
1810,146,314,s,161,161.0,False,2020.25,2020.25
1811,305,372,s,161,166.0,False,2020.25,2021.5
1812,393,388,s,161,163.0,False,2020.25,2020.75
1813,146,253,s,161,169.0,False,2020.25,2022.25
1814,280,261,s,161,162.0,False,2020.25,2020.5
1815,366,398,s,161,164.0,False,2020.25,2021.0
1816,336,53,l,161,220.0,True,2020.25,2035.0
1817,92,53,s,162,164.0,False,2020.5,2021.0
1818,279,216,s,162,175.0,False,2020.5,2023.75
1819,24,247,s,162,164.0,False,2020.5,2021.0
1820,196,171,s,162,167.0,False,2020.5,2021.75
1821,47,322,s,162,173.0,False,2020.5,2023.25
1822,297,314,s,162,165.0,False,2020.5,2021.25
1823,393,383,s,162,163.0,False,2020.5,2020.75
1824,94,379,s,163,166.0,False,2020.75,2021.5
1825,133,173,s,163,163.0,False,2020.75,2020.75
1826,142,29,s,163,164.0,False,2020.75,2021.0
1827,211,404,s,163,168.0,False,2020.75,2022.0
1828,276,171,s,163,163.0,False,2020.75,2020.75
1829,305,445,s,163,164.0,False,2020.75,2021.0
1830,394,355,s,163,170.0,False,2020.75,2022.5
1831,15,189,s,163,165.0,False,2020.75,2021.25
1832,278,216,s,163,171.0,False,2020.75,2022.75
1833,366,349,s,163,165.0,False,2020.75,2021.25
1834,275,95,s,163,164.0,False,2020.75,2021.0
1835,376,372,s,163,167.0,False,2020.75,2021.75
1836,141,79,s,164,165.0,False,2021.0,2021.25
1837,276,303,s,164,164.0,False,2021.0,2021.0
1838,279,173,s,164,175.0,False,2021.0,2023.75
1839,351,361,s,164,175.0,False,2021.0,2023.75
1840,366,347,s,164,168.0,False,2021.0,2022.0
1841,64,171,s,164,165.0,False,2021.0,2021.25
1842,279,189,s,164,169.0,False,2021.0,2022.25
1843,337,233,s,164,165.0,False,2021.0,2021.25
1844,387,392,s,164,167.0,False,2021.0,2021.75
1845,48,299,s,164,173.0,False,2021.0,2023.25
1846,104,216,s,164,170.0,False,2021.0,2022.5
1847,146,331,s,164,188.0,False,2021.0,2027.0
1848,348,173,s,164,165.0,False,2021.0,2021.25
1849,351,332,s,164,172.0,False,2021.0,2023.0
1850,366,355,s,164,167.0,False,2021.0,2021.75
1851,337,309,l,164,205.0,True,2021.0,2031.25
1852,82,323,s,165,168.0,False,2021.25,2022.0
1853,92,331,s,165,165.0,False,2021.25,2021.25
1854,211,67,s,165,166.0,False,2021.25,2021.5
1855,278,76,s,165,166.0,False,2021.25,2021.5
1856,15,331,s,165,171.0,False,2021.25,2022.75
1857,48,4,s,165,169.0,False,2021.25,2022.25
1858,196,319,s,165,166.0,False,2021.25,2021.5
1859,211,173,s,165,168.0,False,2021.25,2022.0
1860,211,319,s,165,168.0,False,2021.25,2022.0
1861,141,216,s,165,170.0,False,2021.25,2022.5
1862,353,309,s,165,167.0,False,2021.25,2021.75
1863,387,309,s,165,171.0,False,2021.25,2022.75
1864,15,171,l,165,210.0,True,2021.25,2032.5
1865,104,171,s,166,171.0,False,2021.5,2022.75
1866,126,252,s,166,172.0,False,2021.5,2023.0
1867,393,372,s,166,186.0,False,2021.5,2026.5
1868,94,247,s,166,174.0,False,2021.5,2023.5
1869,275,319,s,166,171.0,False,2021.5,2022.75
1870,276,166,s,166,170.0,False,2021.5,2022.5
1871,279,379,s,166,168.0,False,2021.5,2022.0
1872,337,314,s,166,169.0,False,2021.5,2022.25
1873,69,328,l,166,,True,2021.5,
1874,337,173,s,167,168.0,False,2021.75,2022.0
1875,393,309,s,167,169.0,False,2021.75,2022.25
1876,69,309,s,167,171.0,False,2021.75,2022.75
1877,278,311,s,167,168.0,False,2021.75,2022.0
1878,279,172,s,167,186.0,False,2021.75,2026.5
1879,15,61,s,167,170.0,False,2021.75,2022.5
1880,47,67,s,167,175.0,False,2021.75,2023.75
1881,48,404,s,167,172.0,False,2021.75,2023.0
1882,69,357,s,167,170.0,False,2021.75,2022.5
1883,133,400,s,167,168.0,False,2021.75,2022.0
1884,275,253,s,167,170.0,False,2021.75,2022.5
1885,358,314,l,167,204.0,True,2021.75,2031.0
1886,336,67,l,167,187.0,True,2021.75,2026.75
1887,366,372,l,167,182.0,True,2021.75,2025.5
1888,203,253,s,168,175.0,False,2022.0,2023.75
1889,275,379,s,168,173.0,False,2022.0,2023.25
1890,69,400,s,168,171.0,False,2022.0,2022.75
1891,211,67,s,168,170.0,False,2022.0,2022.5
1892,279,79,s,168,171.0,False,2022.0,2022.75
1893,297,67,s,168,170.0,False,2022.0,2022.5
1894,348,439,s,168,169.0,False,2022.0,2022.25
1895,47,173,s,168,180.0,False,2022.0,2025.0
1896,297,361,s,168,171.0,False,2022.0,2022.75
1897,336,379,s,168,170.0,False,2022.0,2022.5
1898,82,322,l,168,191.0,True,2022.0,2027.75
1899,211,173,s,169,174.0,False,2022.25,2023.5
1900,348,345,s,169,169.0,False,2022.25,2022.25
1901,24,171,s,169,197.0,False,2022.25,2029.25
1902,48,309,s,169,173.0,False,2022.25,2023.25
1903,64,67,s,169,170.0,False,2022.25,2022.5
1904,64,309,s,169,169.0,False,2022.25,2022.25
1905,316,349,s,169,169.0,False,2022.25,2022.25
1906,47,253,l,169,,True,2022.25,
1907,75,388,l,169,204.0,True,2022.25,2031.0
1908,297,53,l,169,233.0,True,2022.25,2038.25
1909,348,445,s,170,174.0,False,2022.5,2023.5
1910,238,261,s,170,174.0,False,2022.5,2023.5
1911,279,379,s,170,186.0,False,2022.5,2026.5
1912,464,71,l,170,208.0,True,2022.5,2032.0
1913,196,247,s,171,172.0,False,2022.75,2023.0
1914,141,67,s,171,175.0,False,2022.75,2023.75
1915,275,253,s,171,173.0,False,2022.75,2023.25
1916,366,361,s,171,175.0,False,2022.75,2023.75
1917,384,383,s,171,180.0,False,2022.75,2025.0
1918,211,67,s,171,174.0,False,2022.75,2023.5
1919,278,260,s,171,178.0,False,2022.75,2024.5
1920,356,265,s,171,176.0,False,2022.75,2024.0
1921,280,171,s,172,174.0,False,2023.0,2023.5
1922,366,349,s,172,180.0,False,2023.0,2025.0
1923,133,216,s,172,173.0,False,2023.0,2023.25
1924,282,28,s,172,173.0,False,2023.0,2023.25
1925,384,386,s,172,173.0,False,2023.0,2023.25
1926,387,386,s,172,175.0,False,2023.0,2023.75
1927,158,220,s,172,174.0,False,2023.0,2023.5
1928,196,253,s,172,173.0,False,2023.0,2023.25
1929,277,171,s,172,175.0,False,2023.0,2023.75
1930,366,314,s,172,177.0,False,2023.0,2024.25
1931,133,224,s,173,179.0,False,2023.25,2024.75
1932,277,247,s,173,176.0,False,2023.25,2024.0
1933,348,311,s,173,174.0,False,2023.25,2023.5
1934,354,332,s,173,177.0,False,2023.25,2024.25
1935,15,253,s,173,183.0,False,2023.25,2025.75
1936,196,79,s,173,176.0,False,2023.25,2024.0
1937,251,388,s,173,181.0,False,2023.25,2025.25
1938,366,309,l,173,177.0,True,2023.25,2024.25
1939,297,309,s,174,180.0,False,2023.5,2025.0
1940,308,386,s,174,175.0,False,2023.5,2023.75
1941,315,322,s,174,175.0,False,2023.5,2023.75
1942,24,299,s,174,176.0,False,2023.5,2024.0
1943,133,175,s,174,175.0,False,2023.5,2023.75
1944,315,361,s,174,175.0,False,2023.5,2023.75
1945,401,383,s,174,174.0,False,2023.5,2023.5
1946,34,322,s,174,175.0,False,2023.5,2023.75
1947,54,53,s,174,180.0,False,2023.5,2025.0
1948,69,171,s,174,180.0,False,2023.5,2025.0
1949,196,253,s,174,176.0,False,2023.5,2024.0
1950,133,379,l,174,194.0,True,2023.5,2028.5
1951,275,247,l,174,192.0,True,2023.5,2028.0
1952,326,303,s,175,179.0,False,2023.75,2024.75
1953,336,171,s,175,175.0,False,2023.75,2023.75
1954,64,67,s,175,180.0,False,2023.75,2025.0
1955,69,67,s,175,178.0,False,2023.75,2024.5
1956,203,166,s,175,177.0,False,2023.75,2024.25
1957,324,309,s,175,176.0,False,2023.75,2024.0
1958,337,67,s,175,181.0,False,2023.75,2025.25
1959,24,309,s,175,178.0,False,2023.75,2024.5
1960,324,361,s,175,179.0,False,2023.75,2024.75
1961,277,476,l,175,185.0,True,2023.75,2026.25
1962,64,253,l,175,229.0,True,2023.75,2037.25
1963,126,309,s,176,176.0,False,2024.0,2024.0
1964,196,173,s,176,188.0,False,2024.0,2027.0
1965,141,172,s,176,179.0,False,2024.0,2024.75
1966,275,171,s,176,177.0,False,2024.0,2024.25
1967,15,247,s,176,181.0,False,2024.0,2025.25
1968,34,323,s,176,178.0,False,2024.0,2024.5
1969,133,309,s,176,178.0,False,2024.0,2024.5
1970,146,311,s,176,182.0,False,2024.0,2025.5
1971,197,259,s,176,181.0,False,2024.0,2025.25
1972,305,357,s,176,178.0,False,2024.0,2024.5
1973,336,309,s,176,185.0,False,2024.0,2026.25
1974,69,372,l,176,181.0,True,2024.0,2025.25
1975,69,97,s,177,180.0,False,2024.25,2025.0
1976,277,252,s,177,178.0,False,2024.25,2024.5
1977,297,311,s,177,184.0,False,2024.25,2026.0
1978,307,391,s,177,179.0,False,2024.25,2024.75
1979,315,304,s,177,178.0,False,2024.25,2024.5
1980,238,67,s,177,188.0,False,2024.25,2027.0
1981,394,383,s,177,178.0,False,2024.25,2024.5
1982,64,247,s,177,181.0,False,2024.25,2025.25
1983,196,189,s,177,178.0,False,2024.25,2024.5
1984,211,379,s,177,185.0,False,2024.25,2026.25
1985,64,379,l,177,196.0,True,2024.25,2029.0
1986,305,252,l,177,200.0,True,2024.25,2030.0
1987,277,175,s,178,185.0,False,2024.5,2026.25
1988,344,392,s,178,178.0,False,2024.5,2024.5
1989,104,79,s,178,178.0,False,2024.5,2024.5
1990,133,95,s,178,178.0,False,2024.5,2024.5
1991,69,303,s,178,182.0,False,2024.5,2025.5
1992,104,224,s,178,185.0,False,2024.5,2026.25
1993,297,322,s,178,195.0,False,2024.5,2028.75
1994,48,67,l,178,232.0,True,2024.5,2038.0
1995,24,331,s,179,179.0,False,2024.75,2024.75
1996,305,309,s,179,185.0,False,2024.75,2026.25
1997,393,444,s,179,184.0,False,2024.75,2026.0
1998,275,309,s,179,180.0,False,2024.75,2025.0
1999,275,400,s,179,179.0,False,2024.75,2024.75
2000,385,388,s,179,188.0,False,2024.75,2027.0
2001,413,361,s,179,181.0,False,2024.75,2025.25
2002,336,247,s,179,180.0,False,2024.75,2025.0
2003,348,445,s,179,181.0,False,2024.75,2025.25
2004,115,266,l,179,204.0,True,2024.75,2031.0
2005,308,355,s,180,185.0,False,2025.0,2026.25
2006,354,357,s,180,185.0,False,2025.0,2026.25
2007,387,392,s,180,181.0,False,2025.0,2025.25
2008,399,323,s,180,189.0,False,2025.0,2027.25
2009,15,322,s,180,187.0,False,2025.0,2026.75
2010,24,320,s,180,182.0,False,2025.0,2025.5
2011,57,260,s,180,187.0,False,2025.0,2026.75
2012,64,309,s,180,187.0,False,2025.0,2026.75
2013,159,331,s,180,185.0,False,2025.0,2026.25
2014,366,395,s,180,183.0,False,2025.0,2025.75
2015,393,392,s,180,183.0,False,2025.0,2025.75
2016,24,311,s,181,182.0,False,2025.25,2025.5
2017,54,79,s,181,184.0,False,2025.25,2026.0
2018,69,53,s,181,189.0,False,2025.25,2027.25
2019,336,331,s,181,191.0,False,2025.25,2027.75
2020,337,476,s,181,183.0,False,2025.25,2025.75
2021,203,247,s,181,194.0,False,2025.25,2028.5
2022,385,486,s,181,183.0,False,2025.25,2025.75
2023,24,372,s,181,191.0,False,2025.25,2027.75
2024,69,309,s,181,182.0,False,2025.25,2025.5
2025,280,175,s,181,185.0,False,2025.25,2026.25
2026,142,217,s,182,184.0,False,2025.5,2026.0
2027,196,247,s,182,188.0,False,2025.5,2027.0
2028,24,309,s,182,187.0,False,2025.5,2026.75
2029,324,322,s,182,186.0,False,2025.5,2026.5
2030,376,331,s,182,190.0,False,2025.5,2027.5
2031,196,260,s,182,183.0,False,2025.5,2025.75
2032,414,383,s,182,183.0,False,2025.5,2025.75
2033,279,216,l,182,196.0,True,2025.5,2029.0
2034,387,395,l,182,,True,2025.5,
2035,146,311,s,183,184.0,False,2025.75,2026.0
2036,236,81,s,183,184.0,False,2025.75,2026.0
2037,47,309,s,183,196.0,False,2025.75,2029.0
2038,336,303,s,183,191.0,False,2025.75,2027.75
2039,452,388,s,183,189.0,False,2025.75,2027.25
2040,315,311,s,184,194.0,False,2026.0,2028.5
2041,366,476,s,184,187.0,False,2026.0,2026.75
2042,315,357,s,184,193.0,False,2026.0,2028.25
2043,390,389,s,184,185.0,False,2026.0,2026.25
2044,464,246,s,184,185.0,False,2026.0,2026.25
2045,24,379,s,185,187.0,False,2026.25,2026.75
2046,64,67,s,185,186.0,False,2026.25,2026.5
2047,196,53,s,185,189.0,False,2026.25,2027.25
2048,308,388,s,185,186.0,False,2026.25,2026.5
2049,47,322,s,185,192.0,False,2026.25,2028.0
2050,69,299,s,185,191.0,False,2026.25,2027.75
2051,337,79,s,185,185.0,False,2026.25,2026.25
2052,341,355,s,185,187.0,False,2026.25,2026.75
2053,399,357,s,185,186.0,False,2026.25,2026.5
2054,414,388,l,185,219.0,True,2026.25,2034.75
2055,15,67,l,185,,True,2026.25,
2056,337,320,l,185,,True,2026.25,
2057,344,179,l,185,216.0,True,2026.25,2034.0
2058,34,439,s,186,187.0,False,2026.5,2026.75
2059,146,81,s,186,189.0,False,2026.5,2027.25
2060,273,357,s,186,189.0,False,2026.5,2027.25
2061,274,179,s,186,199.0,False,2026.5,2029.75
2062,366,361,s,186,186.0,False,2026.5,2026.5
2063,414,391,s,186,189.0,False,2026.5,2027.25
2064,126,309,s,186,187.0,False,2026.5,2026.75
2065,146,309,s,186,190.0,False,2026.5,2027.5
2066,308,355,s,186,187.0,False,2026.5,2026.75
2067,69,445,s,186,187.0,False,2026.5,2026.75
2068,344,392,s,186,187.0,False,2026.5,2026.75
2069,133,247,l,186,194.0,True,2026.5,2028.5
2070,159,311,l,186,219.0,True,2026.5,2034.75
2071,24,247,s,187,188.0,False,2026.75,2027.0
2072,82,171,s,187,189.0,False,2026.75,2027.25
2073,203,253,s,187,188.0,False,2026.75,2027.0
2074,308,377,s,187,188.0,False,2026.75,2027.0
2075,366,309,s,187,188.0,False,2026.75,2027.0
2076,397,357,s,187,189.0,False,2026.75,2027.25
2077,399,395,s,187,190.0,False,2026.75,2027.5
2078,69,322,s,187,193.0,False,2026.75,2028.25
2079,211,81,s,187,199.0,False,2026.75,2029.75
2080,432,67,l,187,,True,2026.75,
2081,275,79,s,188,190.0,False,2027.0,2027.5
2082,313,322,s,188,190.0,False,2027.0,2027.5
2083,366,361,s,188,191.0,False,2027.0,2027.75
2084,24,253,s,188,191.0,False,2027.0,2027.75
2085,211,67,s,188,194.0,False,2027.0,2028.5
2086,15,331,s,188,191.0,False,2027.0,2027.75
2087,24,400,s,188,190.0,False,2027.0,2027.5
2088,211,171,s,188,193.0,False,2027.0,2028.25
2089,274,357,s,188,197.0,False,2027.0,2029.25
2090,324,355,s,188,193.0,False,2027.0,2028.25
2091,384,319,s,188,189.0,False,2027.0,2027.25
2092,337,303,l,188,219.0,True,2027.0,2034.75
2093,69,171,s,189,191.0,False,2027.25,2027.75
2094,305,459,s,189,197.0,False,2027.25,2029.25
2095,336,169,s,189,196.0,False,2027.25,2029.0
2096,397,388,s,189,193.0,False,2027.25,2028.25
2097,251,323,s,189,189.0,False,2027.25,2027.25
2098,307,395,s,189,192.0,False,2027.25,2028.0
2099,337,67,s,189,192.0,False,2027.25,2028.0
2100,34,175,s,189,193.0,False,2027.25,2028.25
2101,275,53,s,189,192.0,False,2027.25,2028.0
2102,315,322,s,189,191.0,False,2027.25,2027.75
2103,337,171,s,189,190.0,False,2027.25,2027.5
2104,308,386,l,189,,True,2027.25,
2105,196,253,s,190,191.0,False,2027.5,2027.75
2106,297,391,s,190,194.0,False,2027.5,2028.5
2107,378,345,s,190,192.0,False,2027.5,2028.0
2108,15,259,s,190,203.0,False,2027.5,2030.75
2109,34,388,s,190,197.0,False,2027.5,2029.25
2110,308,377,s,190,191.0,False,2027.5,2027.75
2111,278,216,s,190,194.0,False,2027.5,2028.5
2112,385,349,s,190,193.0,False,2027.5,2028.25
2113,396,357,s,190,193.0,False,2027.5,2028.25
2114,203,171,l,190,218.0,True,2027.5,2034.5
2115,399,459,l,190,,True,2027.5,
2116,315,309,l,190,,True,2027.5,
2117,24,53,s,191,195.0,False,2027.75,2028.75
2118,64,322,s,191,199.0,False,2027.75,2029.75
2119,308,355,s,191,199.0,False,2027.75,2029.75
2120,324,370,s,191,193.0,False,2027.75,2028.25
2121,336,46,s,191,192.0,False,2027.75,2028.0
2122,344,331,s,191,192.0,False,2027.75,2028.0
2123,390,392,s,191,196.0,False,2027.75,2029.0
2124,344,355,s,191,195.0,False,2027.75,2028.75
2125,393,486,s,191,196.0,False,2027.75,2029.0
2126,82,323,s,191,193.0,False,2027.75,2028.25
2127,234,355,s,191,197.0,False,2027.75,2029.25
2128,277,171,s,191,201.0,False,2027.75,2030.25
2129,15,233,s,192,192.0,False,2028.0,2028.0
2130,69,67,s,192,194.0,False,2028.0,2028.5
2131,90,53,s,192,195.0,False,2028.0,2028.75
2132,146,330,s,192,195.0,False,2028.0,2028.75
2133,276,322,s,192,207.0,False,2028.0,2031.75
2134,305,322,s,192,194.0,False,2028.0,2028.5
2135,385,322,s,192,200.0,False,2028.0,2030.0
2136,402,395,s,192,193.0,False,2028.0,2028.25
2137,15,309,s,192,193.0,False,2028.0,2028.25
2138,141,216,s,192,196.0,False,2028.0,2029.0
2139,307,331,s,192,198.0,False,2028.0,2029.5
2140,402,398,s,192,194.0,False,2028.0,2028.5
2141,414,395,s,192,193.0,False,2028.0,2028.25
2142,24,309,s,193,194.0,False,2028.25,2028.5
2143,47,53,s,193,203.0,False,2028.25,2030.75
2144,344,445,s,193,200.0,False,2028.25,2030.0
2145,104,79,s,193,199.0,False,2028.25,2029.75
2146,344,361,s,193,200.0,False,2028.25,2030.0
2147,305,309,s,193,196.0,False,2028.25,2029.0
2148,15,320,l,193,,True,2028.25,
2149,92,309,s,194,196.0,False,2028.5,2029.0
2150,336,247,s,194,201.0,False,2028.5,2030.25
2151,277,79,s,194,195.0,False,2028.5,2028.75
2152,305,361,s,194,195.0,False,2028.5,2028.75
2153,394,383,s,194,199.0,False,2028.5,2029.75
2154,133,67,s,195,207.0,False,2028.75,2031.75
2155,203,175,s,195,197.0,False,2028.75,2029.25
2156,402,395,s,195,199.0,False,2028.75,2029.75
2157,69,322,s,195,198.0,False,2028.75,2029.5
2158,344,459,s,195,222.0,False,2028.75,2035.5
2159,414,331,s,195,199.0,False,2028.75,2029.75
2160,414,398,s,195,198.0,False,2028.75,2029.5
2161,203,309,s,195,207.0,False,2028.75,2031.75
2162,211,322,s,195,196.0,False,2028.75,2029.0
2163,234,314,s,195,203.0,False,2028.75,2030.75
2164,273,320,s,195,200.0,False,2028.75,2030.0
2165,315,357,s,195,199.0,False,2028.75,2029.75
2166,326,253,s,195,197.0,False,2028.75,2029.25
2167,211,171,l,195,203.0,True,2028.75,2030.75
2168,336,320,l,195,202.0,True,2028.75,2030.5
2169,348,372,l,195,196.0,True,2028.75,2029.0
2170,75,171,s,196,203.0,False,2029.0,2030.75
2171,196,372,s,196,197.0,False,2029.0,2029.25
2172,366,357,s,196,204.0,False,2029.0,2031.0
2173,64,97,s,196,199.0,False,2029.0,2029.75
2174,305,361,s,196,199.0,False,2029.0,2029.75
2175,396,370,s,196,199.0,False,2029.0,2029.75
2176,397,357,s,196,197.0,False,2029.0,2029.25
2177,277,67,l,196,,True,2029.0,
2178,203,257,l,196,228.0,True,2029.0,2037.0
2179,243,67,s,197,206.0,False,2029.25,2031.5
2180,414,426,s,197,197.0,False,2029.25,2029.25
2181,24,253,s,197,204.0,False,2029.25,2031.0
2182,336,67,s,197,204.0,False,2029.25,2031.0
2183,297,322,s,197,200.0,False,2029.25,2030.0
2184,305,349,s,197,198.0,False,2029.25,2029.5
2185,337,247,s,197,203.0,False,2029.25,2030.75
2186,393,319,s,197,198.0,False,2029.25,2029.5
2187,94,67,l,197,208.0,True,2029.25,2032.0
2188,305,389,s,198,198.0,False,2029.5,2029.5
2189,414,422,s,198,198.0,False,2029.5,2029.5
2190,64,299,s,198,201.0,False,2029.5,2030.25
2191,305,322,s,198,199.0,False,2029.5,2029.75
2192,402,497,s,198,204.0,False,2029.5,2031.0
2193,414,410,s,198,198.0,False,2029.5,2029.5
2194,64,331,s,198,200.0,False,2029.5,2030.0
2195,196,247,s,198,199.0,False,2029.5,2029.75
2196,251,320,s,198,204.0,False,2029.5,2031.0
2197,298,377,s,198,202.0,False,2029.5,2030.5
2198,387,357,s,198,201.0,False,2029.5,2030.25
2199,196,97,l,198,,True,2029.5,
2200,69,377,s,199,204.0,False,2029.75,2031.0
2201,82,322,s,199,199.0,False,2029.75,2029.75
2202,278,379,s,199,205.0,False,2029.75,2031.25
2203,305,445,s,199,200.0,False,2029.75,2030.0
2204,69,309,s,199,205.0,False,2029.75,2031.25
2205,82,67,s,199,200.0,False,2029.75,2030.0
2206,133,4,s,199,199.0,False,2029.75,2029.75
2207,203,29,s,199,200.0,False,2029.75,2030.0
2208,394,331,s,199,210.0,False,2029.75,2032.5
2209,396,349,s,199,203.0,False,2029.75,2030.75
2210,396,392,s,199,201.0,False,2029.75,2030.25
2211,464,202,s,199,204.0,False,2029.75,2031.0
2212,48,260,s,199,201.0,False,2029.75,2030.25
2213,297,173,s,199,201.0,False,2029.75,2030.25
2214,413,395,l,199,,True,2029.75,
2215,313,299,l,199,,True,2029.75,
2216,313,331,l,199,,True,2029.75,
2217,305,357,s,200,202.0,False,2030.0,2030.5
2218,305,398,s,200,204.0,False,2030.0,2031.0
2219,354,388,s,200,204.0,False,2030.0,2031.0
2220,34,320,s,200,219.0,False,2030.0,2034.75
2221,47,357,s,200,203.0,False,2030.0,2030.75
2222,82,173,s,200,202.0,False,2030.0,2030.5
2223,196,247,s,200,208.0,False,2030.0,2032.0
2224,406,459,s,200,206.0,False,2030.0,2031.5
2225,436,508,s,200,203.0,False,2030.0,2030.75
2226,275,257,s,200,204.0,False,2030.0,2031.0
2227,305,395,s,200,202.0,False,2030.0,2030.5
2228,308,377,s,200,201.0,False,2030.0,2030.25
2229,428,502,s,200,202.0,False,2030.0,2030.5
2230,337,79,l,200,,True,2030.0,
2231,133,509,s,201,205.0,False,2030.25,2031.25
2232,413,347,s,201,201.0,False,2030.25,2030.25
2233,452,322,s,201,201.0,False,2030.25,2030.25
2234,47,173,s,201,207.0,False,2030.25,2031.75
2235,159,309,s,201,201.0,False,2030.25,2030.25
2236,511,426,s,201,202.0,False,2030.25,2030.5
2237,146,67,s,201,202.0,False,2030.25,2030.5
2238,196,171,s,201,202.0,False,2030.25,2030.5
2239,297,372,s,201,206.0,False,2030.25,2031.5
2240,348,357,s,201,205.0,False,2030.25,2031.25
2241,414,349,s,201,210.0,False,2030.25,2032.5
2242,297,345,l,201,236.0,True,2030.25,2039.0
2243,211,260,l,201,,True,2030.25,
2244,275,67,l,201,,True,2030.25,
2245,24,67,s,202,204.0,False,2030.5,2031.0
2246,133,257,s,202,208.0,False,2030.5,2032.0
2247,203,173,s,202,203.0,False,2030.5,2030.75
2248,273,322,s,202,214.0,False,2030.5,2033.5
2249,275,311,s,202,203.0,False,2030.5,2030.75
2250,427,391,s,202,202.0,False,2030.5,2030.5
2251,146,322,s,202,207.0,False,2030.5,2031.75
2252,393,395,s,202,204.0,False,2030.5,2031.0
2253,402,395,s,202,212.0,False,2030.5,2033.0
2254,305,361,s,202,206.0,False,2030.5,2031.5
2255,336,79,s,202,207.0,False,2030.5,2031.75
2256,337,224,s,202,203.0,False,2030.5,2030.75
2257,366,331,s,202,203.0,False,2030.5,2030.75
2258,126,303,l,202,223.0,True,2030.5,2035.75
2259,64,247,s,203,209.0,False,2030.75,2032.25
2260,316,53,s,203,204.0,False,2030.75,2031.0
2261,366,459,s,203,203.0,False,2030.75,2030.75
2262,305,345,s,203,204.0,False,2030.75,2031.0
2263,384,361,s,203,205.0,False,2030.75,2031.25
2264,387,322,s,203,214.0,False,2030.75,2033.5
2265,413,361,s,203,207.0,False,2030.75,2031.75
2266,428,395,s,203,207.0,False,2030.75,2031.75
2267,308,355,s,203,204.0,False,2030.75,2031.0
2268,275,171,s,204,212.0,False,2031.0,2033.0
2269,337,400,s,204,208.0,False,2031.0,2032.0
2270,428,497,s,204,211.0,False,2031.0,2032.75
2271,15,330,s,204,207.0,False,2031.0,2031.75
2272,336,253,s,204,204.0,False,2031.0,2031.0
2273,376,386,s,204,216.0,False,2031.0,2034.0
2274,305,357,l,204,225.0,True,2031.0,2036.25
2275,82,355,s,205,207.0,False,2031.25,2031.75
2276,133,247,s,205,207.0,False,2031.25,2031.75
2277,305,486,s,205,206.0,False,2031.25,2031.5
2278,417,502,s,205,211.0,False,2031.25,2032.75
2279,69,314,s,205,208.0,False,2031.25,2032.0
2280,126,331,s,205,208.0,False,2031.25,2032.0
2281,348,388,s,205,212.0,False,2031.25,2033.0
2282,399,486,s,205,207.0,False,2031.25,2031.75
2283,402,388,s,205,206.0,False,2031.25,2031.5
2284,305,332,s,206,207.0,False,2031.5,2031.75
2285,337,53,s,206,210.0,False,2031.5,2032.5
2286,337,379,s,206,214.0,False,2031.5,2033.5
2287,15,173,s,206,210.0,False,2031.5,2032.5
2288,82,347,s,206,211.0,False,2031.5,2032.75
2289,414,508,s,206,207.0,False,2031.5,2031.75
2290,473,355,s,206,208.0,False,2031.5,2032.0
2291,47,252,s,206,208.0,False,2031.5,2032.0
2292,82,299,s,206,208.0,False,2031.5,2032.0
2293,308,355,s,206,210.0,False,2031.5,2032.5
2294,336,476,s,206,207.0,False,2031.5,2031.75
2295,421,422,s,206,210.0,False,2031.5,2032.5
2296,48,247,l,206,232.0,True,2031.5,2038.0
2297,126,67,s,207,208.0,False,2031.75,2032.0
2298,297,173,s,207,212.0,False,2031.75,2033.0
2299,69,323,s,207,215.0,False,2031.75,2033.75
2300,69,361,s,207,207.0,False,2031.75,2031.75
2301,280,71,s,207,208.0,False,2031.75,2032.0
2302,518,361,s,207,207.0,False,2031.75,2031.75
2303,15,322,s,207,216.0,False,2031.75,2034.0
2304,243,309,s,207,213.0,False,2031.75,2033.25
2305,275,309,s,207,218.0,False,2031.75,2034.5
2306,414,503,s,207,208.0,False,2031.75,2032.0
2307,401,502,l,207,,True,2031.75,
2308,518,486,l,207,240.0,True,2031.75,2040.0
2309,64,323,s,208,211.0,False,2032.0,2032.75
2310,315,383,s,208,212.0,False,2032.0,2033.0
2311,348,395,s,208,210.0,False,2032.0,2032.5
2312,414,415,s,208,217.0,False,2032.0,2034.25
2313,421,426,s,208,210.0,False,2032.0,2032.5
2314,15,361,s,208,209.0,False,2032.0,2032.25
2315,305,349,s,208,213.0,False,2032.0,2033.25
2316,308,377,s,208,216.0,False,2032.0,2034.0
2317,337,322,s,208,214.0,False,2032.0,2033.5
2318,344,323,s,208,209.0,False,2032.0,2032.25
2319,366,309,s,208,212.0,False,2032.0,2033.0
2320,436,508,s,208,209.0,False,2032.0,2032.25
2321,452,439,s,208,210.0,False,2032.0,2032.5
2322,64,53,s,208,213.0,False,2032.0,2033.25
2323,159,476,s,208,210.0,False,2032.0,2032.5
2324,344,395,s,208,219.0,False,2032.0,2034.75
2325,385,372,s,208,209.0,False,2032.0,2032.25
2326,414,395,s,208,211.0,False,2032.0,2032.75
2327,425,486,l,208,,True,2032.0,
2328,354,357,l,208,219.0,True,2032.0,2034.75
2329,15,309,s,209,217.0,False,2032.25,2034.25
2330,24,253,s,209,209.0,False,2032.25,2032.25
2331,351,395,s,209,211.0,False,2032.25,2032.75
2332,406,486,s,209,213.0,False,2032.25,2033.25
2333,196,67,s,209,209.0,False,2032.25,2032.25
2334,211,303,s,209,211.0,False,2032.25,2032.75
2335,211,379,s,209,215.0,False,2032.25,2033.75
2336,473,355,s,209,212.0,False,2032.25,2033.0
2337,69,400,s,209,214.0,False,2032.25,2033.5
2338,211,247,s,209,210.0,False,2032.25,2032.5
2339,305,309,s,209,213.0,False,2032.25,2033.25
2340,417,389,s,209,213.0,False,2032.25,2033.25
2341,425,389,l,209,,True,2032.25,
2342,69,175,l,209,,True,2032.25,
2343,15,53,s,210,213.0,False,2032.5,2033.25
2344,69,171,s,210,210.0,False,2032.5,2032.5
2345,413,415,s,210,210.0,False,2032.5,2032.5
2346,413,459,s,210,220.0,False,2032.5,2035.0
2347,297,331,s,210,212.0,False,2032.5,2033.0
2348,305,322,s,210,219.0,False,2032.5,2034.75
2349,321,370,s,210,210.0,False,2032.5,2032.5
2350,324,345,s,210,211.0,False,2032.5,2032.75
2351,367,361,s,210,211.0,False,2032.5,2032.75
2352,276,303,s,210,213.0,False,2032.5,2033.25
2353,348,349,s,210,213.0,False,2032.5,2033.25
2354,399,391,s,210,219.0,False,2032.5,2034.75
2355,47,67,s,211,214.0,False,2032.75,2033.5
2356,308,355,s,211,217.0,False,2032.75,2034.25
2357,375,345,s,211,227.0,False,2032.75,2036.75
2358,436,398,s,211,217.0,False,2032.75,2034.25
2359,436,456,s,211,213.0,False,2032.75,2033.25
2360,34,445,s,211,211.0,False,2032.75,2032.75
2361,297,357,s,211,214.0,False,2032.75,2033.5
2362,326,361,s,211,213.0,False,2032.75,2033.25
2363,366,419,s,211,211.0,False,2032.75,2032.75
2364,393,372,s,211,213.0,False,2032.75,2033.25
2365,425,398,s,211,213.0,False,2032.75,2033.25
2366,452,331,s,211,216.0,False,2032.75,2034.0
2367,69,322,s,211,213.0,False,2032.75,2033.25
2368,402,345,s,211,218.0,False,2032.75,2034.5
2369,425,395,s,211,212.0,False,2032.75,2033.0
2370,15,171,l,211,241.0,True,2032.75,2040.25
2371,278,171,l,211,,True,2032.75,
2372,196,53,l,211,216.0,True,2032.75,2034.0
2373,393,349,l,211,,True,2032.75,
2374,15,253,s,212,216.0,False,2033.0,2034.0
2375,316,498,s,212,216.0,False,2033.0,2034.0
2376,425,496,s,212,216.0,False,2033.0,2034.0
2377,518,357,s,212,217.0,False,2033.0,2034.25
2378,518,410,s,212,220.0,False,2033.0,2035.0
2379,47,171,s,212,219.0,False,2033.0,2034.75
2380,69,53,s,212,214.0,False,2033.0,2033.5
2381,69,171,s,212,214.0,False,2033.0,2033.5
2382,14,171,s,212,216.0,False,2033.0,2034.0
2383,196,171,s,212,228.0,False,2033.0,2037.0
2384,277,253,s,212,218.0,False,2033.0,2034.5
2385,414,410,s,212,217.0,False,2033.0,2034.25
2386,421,391,s,212,225.0,False,2033.0,2036.25
2387,425,372,s,212,216.0,False,2033.0,2034.0
2388,428,389,s,212,213.0,False,2033.0,2033.25
2389,414,361,l,212,242.0,True,2033.0,2040.5
2390,24,79,l,212,,True,2033.0,
2391,146,346,s,213,213.0,False,2033.25,2033.25
2392,321,309,s,213,224.0,False,2033.25,2036.0
2393,425,361,s,213,223.0,False,2033.25,2035.75
2394,34,361,s,213,216.0,False,2033.25,2034.0
2395,69,459,s,213,214.0,False,2033.25,2033.5
2396,133,247,s,213,222.0,False,2033.25,2035.5
2397,146,175,s,213,214.0,False,2033.25,2033.5
2398,344,349,s,213,217.0,False,2033.25,2034.25
2399,414,403,s,213,217.0,False,2033.25,2034.25
2400,15,79,s,213,218.0,False,2033.25,2034.5
2401,425,415,s,213,217.0,False,2033.25,2034.25
2402,425,525,s,213,214.0,False,2033.25,2033.5
2403,518,496,s,213,234.0,False,2033.25,2038.5
2404,15,173,s,214,216.0,False,2033.5,2034.0
2405,196,253,s,214,216.0,False,2033.5,2034.0
2406,315,312,s,214,217.0,False,2033.5,2034.25
2407,417,410,s,214,219.0,False,2033.5,2034.75
2408,69,319,s,214,218.0,False,2033.5,2034.5
2409,421,361,s,214,217.0,False,2033.5,2034.25
2410,425,388,s,214,218.0,False,2033.5,2034.5
2411,464,262,s,214,216.0,False,2033.5,2034.0
2412,24,171,s,214,216.0,False,2033.5,2034.0
2413,366,392,s,214,216.0,False,2033.5,2034.0
2414,396,496,s,214,231.0,False,2033.5,2037.75
2415,397,395,s,214,220.0,False,2033.5,2035.0
2416,452,392,s,214,218.0,False,2033.5,2034.5
2417,452,498,s,214,216.0,False,2033.5,2034.0
2418,308,508,s,215,215.0,False,2033.75,2033.75
2419,399,395,s,215,220.0,False,2033.75,2035.0
2420,425,454,s,215,221.0,False,2033.75,2035.25
2421,518,502,s,215,218.0,False,2033.75,2034.5
2422,69,173,s,215,216.0,False,2033.75,2034.0
2423,366,361,s,215,215.0,False,2033.75,2033.75
2424,393,423,s,215,218.0,False,2033.75,2034.5
2425,425,395,s,215,215.0,False,2033.75,2033.75
2426,15,303,s,215,217.0,False,2033.75,2034.25
2427,34,303,s,215,219.0,False,2033.75,2034.75
2428,413,411,s,215,216.0,False,2033.75,2034.0
2429,421,388,s,215,216.0,False,2033.75,2034.0
2430,434,437,s,215,218.0,False,2033.75,2034.5
2431,15,53,l,215,239.0,True,2033.75,2039.75
2432,146,322,s,216,216.0,False,2034.0,2034.0
2433,211,173,s,216,217.0,False,2034.0,2034.25
2434,421,486,s,216,217.0,False,2034.0,2034.25
2435,434,498,s,216,224.0,False,2034.0,2036.0
2436,203,379,s,216,217.0,False,2034.0,2034.25
2437,273,486,s,216,232.0,False,2034.0,2038.0
2438,367,395,s,216,223.0,False,2034.0,2035.75
2439,427,433,s,216,222.0,False,2034.0,2035.5
2440,427,525,s,216,218.0,False,2034.0,2034.5
2441,69,322,s,216,218.0,False,2034.0,2034.5
2442,251,345,s,216,217.0,False,2034.0,2034.25
2443,393,395,s,216,219.0,False,2034.0,2034.75
2444,211,331,l,216,225.0,True,2034.0,2036.25
2445,24,322,l,216,,True,2034.0,
2446,243,355,l,216,220.0,True,2034.0,2035.0
2447,305,309,l,216,225.0,True,2034.0,2036.25
2448,305,389,s,217,218.0,False,2034.25,2034.5
2449,425,426,s,217,220.0,False,2034.25,2035.0
2450,425,431,s,217,219.0,False,2034.25,2034.75
2451,425,508,s,217,218.0,False,2034.25,2034.5
2452,82,331,s,217,223.0,False,2034.25,2035.75
2453,104,247,s,217,219.0,False,2034.25,2034.75
2454,297,322,s,217,218.0,False,2034.25,2034.5
2455,324,309,s,217,220.0,False,2034.25,2035.0
2456,376,386,s,217,224.0,False,2034.25,2036.0
2457,414,395,s,217,223.0,False,2034.25,2035.75
2458,348,503,s,217,222.0,False,2034.25,2035.5
2459,425,395,s,217,219.0,False,2034.25,2034.75
2460,453,357,s,217,221.0,False,2034.25,2035.25
2461,336,171,l,217,220.0,True,2034.25,2035.0
2462,366,361,l,217,,True,2034.25,
2463,69,253,s,218,222.0,False,2034.5,2035.5
2464,297,377,s,218,224.0,False,2034.5,2036.0
2465,316,386,s,218,234.0,False,2034.5,2038.5
2466,430,389,s,218,219.0,False,2034.5,2034.75
2467,518,415,s,218,219.0,False,2034.5,2034.75
2468,366,415,s,218,226.0,False,2034.5,2036.5
2469,414,349,s,218,219.0,False,2034.5,2034.75
2470,146,322,s,218,224.0,False,2034.5,2036.0
2471,326,395,s,218,220.0,False,2034.5,2035.0
2472,366,525,s,218,229.0,False,2034.5,2037.25
2473,305,345,l,218,,True,2034.5,
2474,15,331,l,218,234.0,True,2034.5,2038.5
2475,15,9,s,219,220.0,False,2034.75,2035.0
2476,421,531,s,219,223.0,False,2034.75,2035.75
2477,430,502,s,219,224.0,False,2034.75,2036.0
2478,24,309,s,219,222.0,False,2034.75,2035.5
2479,308,355,s,219,228.0,False,2034.75,2037.0
2480,348,398,s,219,220.0,False,2034.75,2035.0
2481,366,355,s,219,220.0,False,2034.75,2035.0
2482,394,508,s,219,224.0,False,2034.75,2036.0
2483,15,253,s,219,221.0,False,2034.75,2035.25
2484,473,355,s,219,220.0,False,2034.75,2035.0
2485,511,497,l,219,232.0,True,2034.75,2038.0
2486,69,172,s,220,220.0,False,2035.0,2035.0
2487,297,392,s,220,222.0,False,2035.0,2035.5
2488,402,395,s,220,220.0,False,2035.0,2035.0
2489,425,392,s,220,225.0,False,2035.0,2036.25
2490,335,355,s,220,220.0,False,2035.0,2035.0
2491,428,398,s,220,221.0,False,2035.0,2035.25
2492,448,454,s,220,221.0,False,2035.0,2035.25
2493,47,63,s,220,235.0,False,2035.0,2038.75
2494,316,309,s,220,221.0,False,2035.0,2035.25
2495,405,395,s,220,223.0,False,2035.0,2035.75
2496,434,395,s,220,224.0,False,2035.0,2036.0
2497,378,357,l,220,233.0,True,2035.0,2038.25
2498,15,323,s,221,221.0,False,2035.25,2035.25
2499,297,357,s,221,222.0,False,2035.25,2035.5
2500,425,498,s,221,226.0,False,2035.25,2036.5
2501,69,309,s,221,224.0,False,2035.25,2036.0
2502,82,303,s,221,222.0,False,2035.25,2035.5
2503,305,386,s,221,226.0,False,2035.25,2036.5
2504,15,357,l,221,,True,2035.25,
2505,14,398,s,222,231.0,False,2035.5,2037.75
2506,69,67,s,222,226.0,False,2035.5,2036.5
2507,69,171,s,222,225.0,False,2035.5,2036.25
2508,402,361,s,222,222.0,False,2035.5,2035.5
2509,402,388,s,222,228.0,False,2035.5,2037.0
2510,402,415,s,222,225.0,False,2035.5,2036.25
2511,414,508,s,222,224.0,False,2035.5,2036.0
2512,82,79,s,222,233.0,False,2035.5,2038.25
2513,126,445,s,222,222.0,False,2035.5,2035.5
2514,251,303,s,222,223.0,False,2035.5,2035.75
2515,324,319,s,222,230.0,False,2035.5,2037.5
2516,405,496,s,222,226.0,False,2035.5,2036.5
2517,414,388,s,222,224.0,False,2035.5,2036.0
2518,425,454,s,222,222.0,False,2035.5,2035.5
2519,146,175,s,222,224.0,False,2035.5,2036.0
2520,297,311,s,222,227.0,False,2035.5,2036.75
2521,417,419,s,222,224.0,False,2035.5,2036.0
2522,305,349,s,223,223.0,False,2035.75,2035.75
2523,326,508,s,223,229.0,False,2035.75,2037.25
2524,399,410,s,223,223.0,False,2035.75,2035.75
2525,425,395,s,223,223.0,False,2035.75,2035.75
2526,436,454,s,223,226.0,False,2035.75,2036.5
2527,34,309,s,223,223.0,False,2035.75,2035.75
2528,69,253,s,223,235.0,False,2035.75,2038.75
2529,316,395,s,223,224.0,False,2035.75,2036.0
2530,399,395,s,223,226.0,False,2035.75,2036.5
2531,126,357,s,223,224.0,False,2035.75,2036.0
2532,324,525,s,223,226.0,False,2035.75,2036.5
2533,358,415,s,223,225.0,False,2035.75,2036.25
2534,414,433,s,223,224.0,False,2035.75,2036.0
2535,428,433,s,223,227.0,False,2035.75,2036.75
2536,511,454,s,223,231.0,False,2035.75,2037.75
2537,518,361,s,223,236.0,False,2035.75,2039.0
2538,436,395,l,223,,True,2035.75,
2539,211,171,l,223,,True,2035.75,
2540,425,398,l,223,239.0,True,2035.75,2039.75
2541,351,392,s,224,225.0,False,2036.0,2036.25
2542,452,502,s,224,237.0,False,2036.0,2039.25
2543,82,320,s,224,227.0,False,2036.0,2036.75
2544,348,377,s,224,228.0,False,2036.0,2037.0
2545,414,349,s,224,232.0,False,2036.0,2038.0
2546,203,67,s,224,228.0,False,2036.0,2037.0
2547,316,322,s,224,227.0,False,2036.0,2036.75
2548,69,322,l,224,238.0,True,2036.0,2039.5
2549,273,173,l,224,233.0,True,2036.0,2038.25
2550,351,395,l,224,,True,2036.0,
2551,425,395,s,225,225.0,False,2036.25,2036.25
2552,425,503,s,225,233.0,False,2036.25,2038.25
2553,453,415,s,225,241.0,False,2036.25,2040.25
2554,473,355,s,225,227.0,False,2036.25,2036.75
2555,15,309,s,225,232.0,False,2036.25,2038.0
2556,47,345,s,225,229.0,False,2036.25,2037.25
2557,518,388,s,225,226.0,False,2036.25,2036.5
2558,47,53,s,225,227.0,False,2036.25,2036.75
2559,146,171,s,225,227.0,False,2036.25,2036.75
2560,47,379,l,225,,True,2036.25,
2561,344,418,l,225,,True,2036.25,
2562,425,496,l,225,229.0,True,2036.25,2037.25
2563,399,433,s,226,227.0,False,2036.5,2036.75
2564,428,462,s,226,238.0,False,2036.5,2039.5
2565,24,53,s,226,228.0,False,2036.5,2037.0
2566,251,309,s,226,242.0,False,2036.5,2040.5
2567,434,418,s,226,227.0,False,2036.5,2036.75
2568,436,497,s,226,227.0,False,2036.5,2036.75
2569,340,361,s,226,233.0,False,2036.5,2038.25
2570,344,322,s,226,228.0,False,2036.5,2037.0
2571,348,355,s,226,238.0,False,2036.5,2039.5
2572,425,525,s,226,232.0,False,2036.5,2038.0
2573,430,395,s,226,231.0,False,2036.5,2037.75
2574,324,304,s,227,230.0,False,2036.75,2037.5
2575,348,388,s,227,232.0,False,2036.75,2038.0
2576,366,355,s,227,228.0,False,2036.75,2037.0
2577,425,415,s,227,227.0,False,2036.75,2036.75
2578,518,408,s,227,230.0,False,2036.75,2037.5
2579,24,311,s,227,234.0,False,2036.75,2038.5
2580,324,395,s,227,228.0,False,2036.75,2037.0
2581,337,253,s,227,,False,2036.75,
2582,351,459,s,227,228.0,False,2036.75,2037.0
2583,434,449,s,227,233.0,False,2036.75,2038.25
2584,436,449,s,227,230.0,False,2036.75,2037.5
2585,427,389,l,227,230.0,True,2036.75,2037.5
2586,425,531,l,227,,True,2036.75,
2587,14,173,s,228,228.0,False,2037.0,2037.0
2588,14,346,s,228,229.0,False,2037.0,2037.25
2589,15,323,s,228,228.0,False,2037.0,2037.0
2590,196,247,s,228,232.0,False,2037.0,2038.0
2591,326,349,s,228,232.0,False,2037.0,2038.0
2592,344,355,s,228,235.0,False,2037.0,2038.75
2593,69,67,s,228,229.0,False,2037.0,2037.25
2594,146,171,s,228,231.0,False,2037.0,2037.75
2595,315,331,s,228,233.0,False,2037.0,2038.25
2596,344,496,s,228,231.0,False,2037.0,2037.75
2597,397,498,s,228,230.0,False,2037.0,2037.5
2598,427,361,s,228,230.0,False,2037.0,2037.5
2599,47,309,s,228,229.0,False,2037.0,2037.25
2600,305,171,s,228,229.0,False,2037.0,2037.25
2601,321,349,s,228,231.0,False,2037.0,2037.75
2602,430,415,s,228,230.0,False,2037.0,2037.5
2603,399,395,l,228,243.0,True,2037.0,2040.75
2604,316,311,s,229,235.0,False,2037.25,2038.75
2605,344,389,s,229,233.0,False,2037.25,2038.25
2606,453,377,s,229,229.0,False,2037.25,2037.25
2607,518,418,s,229,229.0,False,2037.25,2037.25
2608,146,322,s,229,232.0,False,2037.25,2038.0
2609,146,331,s,229,231.0,False,2037.25,2037.75
2610,344,357,s,229,230.0,False,2037.25,2037.5
2611,421,398,s,229,231.0,False,2037.25,2037.75
2612,427,386,s,229,237.0,False,2037.25,2039.25
2613,518,531,s,229,242.0,False,2037.25,2040.5
2614,64,79,s,229,231.0,False,2037.25,2037.75
2615,297,67,s,229,231.0,False,2037.25,2037.75
2616,434,415,s,229,231.0,False,2037.25,2037.75
2617,278,379,l,229,,True,2037.25,
2618,308,355,s,230,,False,2037.5,
2619,397,370,s,230,233.0,False,2037.5,2038.25
2620,305,303,s,230,233.0,False,2037.5,2038.25
2621,305,323,s,230,242.0,False,2037.5,2040.5
2622,414,395,s,230,231.0,False,2037.5,2037.75
2623,436,408,s,230,235.0,False,2037.5,2038.75
2624,469,454,s,230,236.0,False,2037.5,2039.0
2625,518,395,s,230,240.0,False,2037.5,2040.0
2626,436,391,s,230,232.0,False,2037.5,2038.0
2627,469,449,s,231,231.0,False,2037.75,2037.75
2628,34,309,s,231,235.0,False,2037.75,2038.75
2629,366,388,s,231,233.0,False,2037.75,2038.25
2630,425,449,s,231,235.0,False,2037.75,2038.75
2631,402,415,s,231,237.0,False,2037.75,2039.25
2632,414,456,s,231,,False,2037.75,
2633,430,525,s,231,232.0,False,2037.75,2038.0
2634,442,431,s,231,233.0,False,2037.75,2038.25
2635,518,459,s,231,232.0,False,2037.75,2038.0
2636,305,331,l,231,,True,2037.75,
2637,211,67,l,231,,True,2037.75,
2638,414,418,s,232,240.0,False,2038.0,2040.0
2639,466,468,s,232,232.0,False,2038.0,2038.0
2640,34,392,s,232,237.0,False,2038.0,2039.25
2641,384,349,s,232,234.0,False,2038.0,2038.5
2642,425,415,s,232,235.0,False,2038.0,2038.75
2643,427,415,s,232,235.0,False,2038.0,2038.75
2644,511,386,s,232,242.0,False,2038.0,2040.5
2645,297,171,s,232,234.0,False,2038.0,2038.5
2646,399,503,s,232,,False,2038.0,
2647,425,395,s,232,235.0,False,2038.0,2038.75
2648,211,379,l,232,,True,2038.0,
2649,340,418,l,232,,True,2038.0,
2650,385,386,l,232,,True,2038.0,
2651,425,456,l,232,,True,2038.0,
2652,15,253,l,232,,True,2038.0,
2653,15,349,s,233,236.0,False,2038.25,2039.0
2654,348,392,s,233,233.0,False,2038.25,2038.25
2655,234,400,s,233,236.0,False,2038.25,2039.0
2656,366,415,s,233,234.0,False,2038.25,2038.5
2657,397,431,s,233,238.0,False,2038.25,2039.5
2658,366,349,s,233,238.0,False,2038.25,2039.5
2659,366,503,s,233,237.0,False,2038.25,2039.25
2660,452,303,s,233,236.0,False,2038.25,2039.0
2661,511,415,s,233,,False,2038.25,
2662,457,449,l,233,,True,2038.25,
2663,518,438,l,233,,True,2038.25,
2664,243,303,s,234,234.0,False,2038.5,2038.5
2665,397,386,s,234,235.0,False,2038.5,2038.75
2666,402,355,s,234,236.0,False,2038.5,2039.0
2667,425,438,s,234,237.0,False,2038.5,2039.25
2668,473,355,s,234,241.0,False,2038.5,2040.25
2669,414,415,s,234,236.0,False,2038.5,2039.0
2670,425,431,s,234,236.0,False,2038.5,2039.0
2671,82,531,s,234,241.0,False,2038.5,2040.25
2672,305,309,s,234,236.0,False,2038.5,2039.0
2673,393,388,s,234,237.0,False,2038.5,2039.25
2674,414,398,l,234,,True,2038.5,
2675,24,379,s,235,237.0,False,2038.75,2039.25
2676,64,171,s,235,237.0,False,2038.75,2039.25
2677,69,171,s,235,,False,2038.75,
2678,69,309,s,235,,False,2038.75,
2679,146,303,s,235,235.0,False,2038.75,2038.75
2680,420,322,s,235,236.0,False,2038.75,2039.0
2681,425,437,s,235,238.0,False,2038.75,2039.5
2682,460,456,s,235,,False,2038.75,
2683,469,395,s,235,235.0,False,2038.75,2038.75
2684,434,395,s,235,236.0,False,2038.75,2039.0
2685,452,388,s,235,237.0,False,2038.75,2039.25
2686,414,498,l,235,,True,2038.75,
2687,251,383,l,235,,True,2038.75,
2688,14,309,s,236,237.0,False,2039.0,2039.25
2689,146,179,s,236,239.0,False,2039.0,2039.75
2690,344,433,s,236,,False,2039.0,
2691,82,322,s,236,237.0,False,2039.0,2039.25
2692,425,418,s,236,236.0,False,2039.0,2039.0
2693,436,496,s,236,238.0,False,2039.0,2039.5
2694,327,486,s,236,238.0,False,2039.0,2039.5
2695,385,449,s,236,241.0,False,2039.0,2040.25
2696,421,485,s,236,237.0,False,2039.0,2039.25
2697,315,319,l,236,,True,2039.0,
2698,425,388,l,236,,True,2039.0,
2699,326,388,s,237,237.0,False,2039.25,2039.25
2700,414,392,s,237,238.0,False,2039.25,2039.5
2701,466,496,s,237,238.0,False,2039.25,2039.5
2702,234,261,s,237,238.0,False,2039.25,2039.5
2703,348,361,s,237,243.0,False,2039.25,2040.75
2704,421,502,s,237,238.0,False,2039.25,2039.5
2705,469,498,s,237,239.0,False,2039.25,2039.75
2706,517,415,s,237,239.0,False,2039.25,2039.75
2707,69,331,s,237,,False,2039.25,
2708,92,61,s,237,,False,2039.25,
2709,344,525,s,237,243.0,False,2039.25,2040.75
2710,353,322,s,237,238.0,False,2039.25,2039.5
2711,399,485,s,237,,False,2039.25,
2712,428,525,s,237,,False,2039.25,
2713,324,415,l,237,,True,2039.25,
2714,159,476,s,238,239.0,False,2039.5,2039.75
2715,274,357,s,238,241.0,False,2039.5,2040.25
2716,351,322,s,238,238.0,False,2039.5,2039.5
2717,425,411,s,238,240.0,False,2039.5,2040.0
2718,425,496,s,238,,False,2039.5,
2719,425,431,s,238,,False,2039.5,
2720,448,395,s,238,,False,2039.5,
2721,448,415,s,238,239.0,False,2039.5,2039.75
2722,315,388,s,238,240.0,False,2039.5,2040.0
2723,518,433,s,238,240.0,False,2039.5,2040.0
2724,82,171,l,238,,True,2039.5,
2725,348,395,l,238,,True,2039.5,
2726,15,445,s,239,240.0,False,2039.75,2040.0
2727,344,498,s,239,240.0,False,2039.75,2040.0
2728,427,454,s,239,242.0,False,2039.75,2040.5
2729,453,388,s,239,242.0,False,2039.75,2040.5
2730,15,379,s,239,240.0,False,2039.75,2040.0
2731,327,357,s,239,242.0,False,2039.75,2040.5
2732,366,392,s,239,241.0,False,2039.75,2040.25
2733,425,418,s,239,,False,2039.75,
2734,75,320,s,239,240.0,False,2039.75,2040.0
2735,297,322,s,239,241.0,False,2039.75,2040.25
2736,305,531,s,239,240.0,False,2039.75,2040.0
2737,436,389,s,239,,False,2039.75,
2738,384,415,s,240,,False,2040.0,
2739,414,525,s,240,240.0,False,2040.0,2040.0
2740,483,431,s,240,,False,2040.0,
2741,348,418,s,240,,False,2040.0,
2742,366,357,s,240,241.0,False,2040.0,2040.25
2743,366,525,s,240,,False,2040.0,
2744,396,345,s,240,241.0,False,2040.0,2040.25
2745,436,531,s,240,241.0,False,2040.0,2040.25
2746,448,426,s,240,,False,2040.0,
2747,518,410,s,240,,False,2040.0,
2748,64,253,s,240,241.0,False,2040.0,2040.25
2749,69,322,s,240,,False,2040.0,
2750,298,355,s,240,,False,2040.0,
2751,307,67,s,240,243.0,False,2040.0,2040.75
2752,315,299,s,240,242.0,False,2040.0,2040.5
2753,326,388,s,240,,False,2040.0,
2754,466,548,s,240,241.0,False,2040.0,2040.25
2755,353,502,l,240,241.0,True,2040.0,2040.25
2756,428,498,l,240,,True,2040.0,
2757,24,303,s,241,,False,2040.25,
2758,75,323,s,241,241.0,False,2040.25,2040.25
2759,554,478,s,241,,False,2040.25,
2760,441,456,s,241,243.0,False,2040.25,2040.75
2761,344,361,s,241,,False,2040.25,
2762,344,508,s,241,,False,2040.25,
2763,420,377,s,241,,False,2040.25,
2764,457,433,s,241,242.0,False,2040.25,2040.5
2765,24,224,l,241,,True,2040.25,
2766,387,525,l,241,243.0,True,2040.25,2040.75
2767,305,525,s,242,,False,2040.5,
2768,425,415,s,242,243.0,False,2040.5,2040.75
2769,427,433,s,242,,False,2040.5,
2770,466,454,s,242,,False,2040.5,
2771,483,508,s,242,243.0,False,2040.5,2040.75
2772,15,349,s,242,243.0,False,2040.5,2040.75
2773,34,486,s,242,,False,2040.5,
2774,315,503,s,242,,False,2040.5,
2775,393,398,s,242,,False,2040.5,
2776,428,422,s,242,,False,2040.5,
2777,466,431,l,242,243.0,True,2040.5,2040.75
2778,196,247,s,243,,False,2040.75,
2779,305,361,s,243,243.0,False,2040.75,2040.75
2780,307,309,s,243,,False,2040.75,
2781,367,355,s,243,243.0,False,2040.75,2040.75
2782,402,435,s,243,,False,2040.75,
2783,421,395,s,243,,False,2040.75,
2784,316,322,s,243,,False,2040.75,
2785,344,319,s,243,,False,2040.75,
2786,473,355,s,243,,False,2040.75,
2787,308,377,s,243,,False,2040.75,
2788,518,415,s,243,,False,2040.75,
2789,549,530,s,243,,False,2040.75,
2790,554,386,s,243,,False,2040.75,
2791,554,395,s,243,,False,2040.75,
2792,315,314,l,243,,True,2040.75,
2793,466,468,l,243,,True,2040.75,
2794,479,454,l,243,,True,2040.75,
