eid,f,m,layer,t_start,t_end,long,start_year,end_year
0,280,397,s,-1,0.0,False,1980.0,1980.0
1,49,175,s,-1,6.0,False,1980.0,1981.5
2,460,133,s,-1,4.0,False,1980.0,1981.0
3,238,175,s,-1,0.0,False,1980.0,1980.0
4,319,497,s,-1,9.0,False,1980.0,1982.25
5,145,114,s,-1,0.0,False,1980.0,1980.0
6,346,470,s,-1,2.0,False,1980.0,1980.5
7,158,439,s,-1,0.0,False,1980.0,1980.0
8,235,232,s,-1,0.0,False,1980.0,1980.0
9,17,45,s,-1,1.0,False,1980.0,1980.25
10,187,379,s,-1,0.0,False,1980.0,1980.0
11,336,199,s,-1,1.0,False,1980.0,1980.25
12,13,446,s,-1,0.0,False,1980.0,1980.0
13,467,440,s,-1,0.0,False,1980.0,1980.0
14,98,56,s,-1,0.0,False,1980.0,1980.0
15,102,84,s,-1,1.0,False,1980.0,1980.25
16,254,19,s,-1,6.0,False,1980.0,1981.5
17,279,155,s,-1,0.0,False,1980.0,1980.0
18,88,45,s,-1,1.0,False,1980.0,1980.25
19,240,446,s,-1,0.0,False,1980.0,1980.0
20,267,317,s,-1,0.0,False,1980.0,1980.0
21,276,193,s,-1,1.0,False,1980.0,1980.25
22,485,185,s,-1,2.0,False,1980.0,1980.5
23,17,168,s,-1,0.0,False,1980.0,1980.0
24,21,83,s,-1,4.0,False,1980.0,1981.0
25,127,445,s,-1,2.0,False,1980.0,1980.5
26,190,246,s,-1,1.0,False,1980.0,1980.25
27,276,441,s,-1,0.0,False,1980.0,1980.0
28,473,446,s,-1,0.0,False,1980.0,1980.0
29,0,170,s,-1,1.0,False,1980.0,1980.25
30,107,58,s,-1,0.0,False,1980.0,1980.0
31,216,374,s,-1,5.0,False,1980.0,1981.25
32,406,430,s,-1,0.0,False,1980.0,1980.0
33,194,239,s,-1,0.0,False,1980.0,1980.0
34,280,101,s,-1,4.0,False,1980.0,1981.0
35,365,170,s,-1,0.0,False,1980.0,1980.0
36,391,462,s,-1,0.0,False,1980.0,1980.0
37,12,425,s,-1,1.0,False,1980.0,1980.25
38,50,284,s,-1,0.0,False,1980.0,1980.0
39,62,5,s,-1,9.0,False,1980.0,1982.25
40,88,56,s,-1,4.0,False,1980.0,1981.0
41,112,314,s,-1,1.0,False,1980.0,1980.25
42,202,339,s,-1,6.0,False,1980.0,1981.5
43,221,226,s,-1,0.0,False,1980.0,1980.0
44,344,282,s,-1,1.0,False,1980.0,1980.25
45,367,379,s,-1,2.0,False,1980.0,1980.5
46,85,189,s,-1,0.0,False,1980.0,1980.0
47,119,246,s,-1,7.0,False,1980.0,1981.75
48,121,436,s,-1,0.0,False,1980.0,1980.0
49,153,379,s,-1,8.0,False,1980.0,1982.0
50,319,456,s,-1,5.0,False,1980.0,1981.25
51,367,479,s,-1,0.0,False,1980.0,1980.0
52,400,115,s,-1,0.0,False,1980.0,1980.0
53,0,58,s,-1,1.0,False,1980.0,1980.25
54,0,494,s,-1,0.0,False,1980.0,1980.0
55,12,494,s,-1,0.0,False,1980.0,1980.0
56,98,376,s,-1,0.0,False,1980.0,1980.0
57,123,246,s,-1,0.0,False,1980.0,1980.0
58,391,439,s,-1,4.0,False,1980.0,1981.0
59,433,105,s,-1,3.0,False,1980.0,1980.75
60,4,317,s,-1,0.0,False,1980.0,1980.0
61,66,160,s,-1,1.0,False,1980.0,1980.25
62,98,105,s,-1,0.0,False,1980.0,1980.0
63,294,78,s,-1,0.0,False,1980.0,1980.0
64,316,32,s,-1,3.0,False,1980.0,1980.75
65,320,189,s,-1,1.0,False,1980.0,1980.25
66,320,495,s,-1,0.0,False,1980.0,1980.0
67,485,86,s,-1,0.0,False,1980.0,1980.0
68,4,105,s,-1,4.0,False,1980.0,1981.0
69,156,379,s,-1,1.0,False,1980.0,1980.25
70,245,134,s,-1,4.0,False,1980.0,1981.0
71,383,497,s,-1,1.0,False,1980.0,1980.25
72,391,317,s,-1,0.0,False,1980.0,1980.0
73,392,486,s,-1,3.0,False,1980.0,1980.75
74,4,284,s,-1,1.0,False,1980.0,1980.25
75,240,366,s,-1,7.0,False,1980.0,1981.75
76,281,83,s,-1,2.0,False,1980.0,1980.5
77,365,436,s,-1,0.0,False,1980.0,1980.0
78,429,371,s,-1,0.0,False,1980.0,1980.0
79,473,370,s,-1,2.0,False,1980.0,1980.5
80,11,84,s,-1,24.0,False,1980.0,1986.0
81,71,379,s,-1,0.0,False,1980.0,1980.0
82,76,440,s,-1,4.0,False,1980.0,1981.0
83,157,282,s,-1,7.0,False,1980.0,1981.75
84,195,237,s,-1,3.0,False,1980.0,1980.75
85,21,353,s,-1,4.0,False,1980.0,1981.0
86,65,110,s,-1,3.0,False,1980.0,1980.75
87,85,176,s,-1,0.0,False,1980.0,1980.0
88,167,207,s,-1,0.0,False,1980.0,1980.0
89,363,237,s,-1,1.0,False,1980.0,1980.25
90,475,366,s,-1,3.0,False,1980.0,1980.75
91,21,333,l,-1,0.0,True,1980.0,1980.0
92,50,439,l,-1,42.0,True,1980.0,1990.5
93,66,438,l,-1,32.0,True,1980.0,1988.0
94,123,170,l,-1,0.0,True,1980.0,1980.0
95,125,32,l,-1,23.0,True,1980.0,1985.75
96,190,78,l,-1,0.0,True,1980.0,1980.0
97,216,129,l,-1,85.0,True,1980.0,2001.25
98,277,134,l,-1,8.0,True,1980.0,1982.0
99,336,196,l,-1,74.0,True,1980.0,1998.5
100,352,284,l,-1,19.0,True,1980.0,1984.75
101,383,176,l,-1,38.0,True,1980.0,1989.5
102,473,68,l,-1,64.0,True,1980.0,1996.0
103,473,468,l,-1,44.0,True,1980.0,1991.0
104,411,379,l,-1,4.0,True,1980.0,1981.0
105,302,498,l,-1,39.0,True,1980.0,1989.75
106,290,260,l,-1,0.0,True,1980.0,1980.0
107,267,105,l,-1,0.0,True,1980.0,1980.0
108,450,479,l,-1,0.0,True,1980.0,1980.0
109,336,259,l,-1,0.0,True,1980.0,1980.0
110,158,58,l,-1,0.0,True,1980.0,1980.0
111,301,120,l,-1,77.0,True,1980.0,1999.25
112,487,456,l,-1,0.0,True,1980.0,1980.0
113,265,96,l,-1,21.0,True,1980.0,1985.25
114,65,237,l,-1,48.0,True,1980.0,1992.0
115,131,80,l,-1,0.0,True,1980.0,1980.0
116,444,104,l,-1,0.0,True,1980.0,1980.0
117,476,249,l,-1,84.0,True,1980.0,2001.0
118,124,51,l,-1,0.0,True,1980.0,1980.0
119,277,56,l,-1,6.0,True,1980.0,1981.5
120,48,338,l,-1,78.0,True,1980.0,1999.5
121,142,405,l,-1,0.0,True,1980.0,1980.0
122,216,432,l,-1,12.0,True,1980.0,1983.0
123,85,439,l,-1,0.0,True,1980.0,1980.0
124,344,168,l,-1,6.0,True,1980.0,1981.5
125,391,199,l,-1,76.0,True,1980.0,1999.0
126,215,379,l,-1,68.0,True,1980.0,1997.0
127,265,333,l,-1,0.0,True,1980.0,1980.0
128,131,496,l,-1,0.0,True,1980.0,1980.0
129,183,440,l,-1,110.0,True,1980.0,2007.5
130,218,5,l,-1,72.0,True,1980.0,1998.0
131,396,337,l,-1,42.0,True,1980.0,1990.5
132,158,405,l,-1,0.0,True,1980.0,1980.0
133,21,428,l,-1,16.0,True,1980.0,1984.0
134,475,44,l,-1,56.0,True,1980.0,1994.0
135,195,282,l,-1,108.0,True,1980.0,2007.0
136,238,339,l,-1,0.0,True,1980.0,1980.0
137,316,496,l,-1,0.0,True,1980.0,1980.0
138,365,237,l,-1,0.0,True,1980.0,1980.0
139,396,437,l,-1,101.0,True,1980.0,2005.25
140,294,436,l,-1,26.0,True,1980.0,1986.5
141,252,84,l,-1,34.0,True,1980.0,1988.5
142,346,86,l,-1,2.0,True,1980.0,1980.5
143,378,32,l,-1,146.0,True,1980.0,2016.5
144,422,329,l,-1,9.0,True,1980.0,1982.25
145,467,470,l,-1,0.0,True,1980.0,1980.0
146,125,93,l,-1,0.0,True,1980.0,1980.0
147,252,438,l,-1,29.0,True,1980.0,1987.25
148,183,439,l,-1,24.0,True,1980.0,1986.0
149,17,369,l,-1,0.0,True,1980.0,1980.0
150,235,139,l,-1,7.0,True,1980.0,1981.75
151,383,424,l,-1,4.0,True,1980.0,1981.0
152,380,384,l,-1,0.0,True,1980.0,1980.0
153,392,479,l,-1,84.0,True,1980.0,2001.0
154,183,445,l,-1,190.0,True,1980.0,2027.5
155,475,370,l,-1,30.0,True,1980.0,1987.5
156,36,189,l,-1,17.0,True,1980.0,1984.25
157,473,44,l,-1,21.0,True,1980.0,1985.25
158,48,110,l,-1,42.0,True,1980.0,1990.5
159,450,139,l,-1,17.0,True,1980.0,1984.25
160,148,439,l,-1,24.0,True,1980.0,1986.0
161,186,269,l,-1,61.0,True,1980.0,1995.25
162,50,431,l,-1,1.0,True,1980.0,1980.25
163,325,445,l,-1,45.0,True,1980.0,1991.25
164,48,101,l,-1,107.0,True,1980.0,2006.75
165,181,249,l,-1,56.0,True,1980.0,1994.0
166,206,29,l,-1,13.0,True,1980.0,1983.25
167,49,274,l,-1,191.0,True,1980.0,2027.75
168,112,33,l,-1,123.0,True,1980.0,2010.75
169,267,284,l,-1,0.0,True,1980.0,1980.0
170,31,370,l,-1,49.0,True,1980.0,1992.25
171,124,269,l,-1,128.0,True,1980.0,2012.0
172,336,432,l,-1,43.0,True,1980.0,1990.75
173,81,329,l,-1,137.0,True,1980.0,2014.25
174,148,249,l,-1,72.0,True,1980.0,1998.0
175,235,58,l,-1,74.0,True,1980.0,1998.5
176,422,470,l,-1,2.0,True,1980.0,1980.5
177,481,439,l,-1,147.0,True,1980.0,2016.75
178,167,80,l,-1,50.0,True,1980.0,1992.5
179,391,129,l,-1,73.0,True,1980.0,1998.25
180,158,129,l,-1,0.0,True,1980.0,1980.0
181,450,29,l,-1,220.0,True,1980.0,2035.0
182,238,259,l,-1,0.0,True,1980.0,1980.0
183,49,231,l,-1,203.0,True,1980.0,2030.75
184,49,342,l,-1,136.0,True,1980.0,2014.0
185,476,436,l,-1,70.0,True,1980.0,1997.5
186,190,176,l,-1,172.0,True,1980.0,2023.0
187,302,78,l,-1,0.0,True,1980.0,1980.0
188,467,249,l,-1,0.0,True,1980.0,1980.0
189,158,176,l,-1,0.0,True,1980.0,1980.0
190,336,175,l,-1,8.0,True,1980.0,1982.0
191,123,333,l,-1,0.0,True,1980.0,1980.0
192,191,432,l,-1,22.0,True,1980.0,1985.5
193,476,246,l,-1,30.0,True,1980.0,1987.5
194,434,110,l,-1,25.0,True,1980.0,1986.25
195,487,168,l,-1,0.0,True,1980.0,1980.0
196,21,111,s,0,2.0,False,1980.0,1980.5
197,62,226,s,0,1.0,False,1980.0,1980.25
198,190,237,s,0,2.0,False,1980.0,1980.5
199,358,470,s,0,0.0,False,1980.0,1980.0
200,21,168,s,0,9.0,False,1980.0,1982.25
201,39,436,s,0,2.0,False,1980.0,1980.5
202,141,237,s,0,4.0,False,1980.0,1981.0
203,252,105,s,0,2.0,False,1980.0,1980.5
204,252,353,s,0,3.0,False,1980.0,1980.75
205,352,110,s,0,0.0,False,1980.0,1980.0
206,373,523,s,0,6.0,False,1980.0,1981.5
207,483,176,s,0,1.0,False,1980.0,1980.25
208,542,328,s,0,15.0,False,1980.0,1983.75
209,554,178,s,0,2.0,False,1980.0,1980.5
210,560,42,s,0,9.0,False,1980.0,1982.25
211,73,355,s,0,4.0,False,1980.0,1981.0
212,81,105,s,0,8.0,False,1980.0,1982.0
213,157,32,s,0,2.0,False,1980.0,1980.5
214,554,111,s,0,3.0,False,1980.0,1980.75
215,560,379,s,0,7.0,False,1980.0,1981.75
216,124,479,l,0,84.0,True,1980.0,2001.0
217,11,436,s,1,5.0,False,1980.25,1981.25
218,218,120,s,1,3.0,False,1980.25,1980.75
219,252,174,s,1,3.0,False,1980.25,1980.75
220,263,404,s,1,2.0,False,1980.25,1980.5
221,422,115,s,1,5.0,False,1980.25,1981.25
222,554,431,s,1,3.0,False,1980.25,1980.75
223,12,110,s,1,1.0,False,1980.25,1980.25
224,62,84,s,1,6.0,False,1980.25,1981.5
225,265,162,s,1,4.0,False,1980.25,1981.0
226,277,160,s,1,2.0,False,1980.25,1980.5
227,352,342,s,1,1.0,False,1980.25,1980.25
228,429,437,s,1,4.0,False,1980.25,1981.0
229,548,342,s,1,1.0,False,1980.25,1980.25
230,12,436,s,1,2.0,False,1980.25,1980.5
231,140,292,s,1,2.0,False,1980.25,1980.5
232,350,529,s,1,6.0,False,1980.25,1981.5
233,434,522,s,1,5.0,False,1980.25,1981.25
234,473,168,s,1,8.0,False,1980.25,1982.0
235,476,379,s,1,9.0,False,1980.25,1982.25
236,542,445,s,1,15.0,False,1980.25,1983.75
237,548,528,s,1,4.0,False,1980.25,1981.0
238,323,515,s,2,2.0,False,1980.5,1980.5
239,548,284,s,2,8.0,False,1980.5,1982.0
240,117,379,s,2,6.0,False,1980.5,1981.5
241,373,342,s,2,2.0,False,1980.5,1980.5
242,455,29,s,2,3.0,False,1980.5,1980.75
243,473,174,s,2,6.0,False,1980.5,1981.5
244,62,226,s,2,10.0,False,1980.5,1982.5
245,290,139,s,2,3.0,False,1980.5,1980.75
246,383,45,s,2,4.0,False,1980.5,1981.0
247,406,432,s,2,4.0,False,1980.5,1981.0
248,475,178,s,2,11.0,False,1980.5,1982.75
249,485,366,s,2,11.0,False,1980.5,1982.75
250,476,338,l,2,48.0,True,1980.5,1992.0
251,163,314,s,3,4.0,False,1980.75,1981.0
252,50,328,s,3,4.0,False,1980.75,1981.0
253,135,33,s,3,7.0,False,1980.75,1981.75
254,181,524,s,3,7.0,False,1980.75,1981.75
255,216,515,s,3,3.0,False,1980.75,1980.75
256,266,110,s,3,12.0,False,1980.75,1983.0
257,557,178,s,3,7.0,False,1980.75,1981.75
258,121,139,s,3,9.0,False,1980.75,1982.25
259,344,338,l,3,33.0,True,1980.75,1988.25
260,294,353,l,3,76.0,True,1980.75,1999.0
261,391,110,l,3,34.0,True,1980.75,1988.5
262,121,232,l,3,6.0,True,1980.75,1981.5
263,21,137,s,4,4.0,False,1981.0,1981.0
264,141,342,s,4,15.0,False,1981.0,1983.75
265,294,170,s,4,7.0,False,1981.0,1981.75
266,543,110,s,4,5.0,False,1981.0,1981.25
267,554,472,s,4,5.0,False,1981.0,1981.25
268,21,472,s,4,10.0,False,1981.0,1982.5
269,50,524,s,4,13.0,False,1981.0,1983.25
270,119,470,s,4,9.0,False,1981.0,1982.25
271,194,105,s,4,5.0,False,1981.0,1981.25
272,252,42,s,4,17.0,False,1981.0,1984.25
273,473,118,s,4,7.0,False,1981.0,1981.75
274,552,33,s,4,7.0,False,1981.0,1981.75
275,9,497,s,4,8.0,False,1981.0,1982.0
276,31,282,s,4,6.0,False,1981.0,1981.5
277,35,139,s,4,10.0,False,1981.0,1982.5
278,181,379,s,4,11.0,False,1981.0,1982.75
279,358,521,s,4,5.0,False,1981.0,1981.25
280,542,237,s,4,7.0,False,1981.0,1981.75
281,561,535,s,4,6.0,False,1981.0,1981.5
282,560,310,l,4,41.0,True,1981.0,1990.25
283,315,430,l,4,12.0,True,1981.0,1983.0
284,119,379,s,5,7.0,False,1981.25,1981.75
285,182,237,s,5,10.0,False,1981.25,1982.5
286,194,370,s,5,6.0,False,1981.25,1981.5
287,216,51,s,5,6.0,False,1981.25,1981.5
288,362,170,s,5,8.0,False,1981.25,1982.0
289,554,331,s,5,13.0,False,1981.25,1983.25
290,564,438,s,5,5.0,False,1981.25,1981.25
291,12,338,s,5,6.0,False,1981.25,1981.5
292,35,232,s,5,6.0,False,1981.25,1981.5
293,62,229,s,5,11.0,False,1981.25,1982.75
294,216,437,s,5,5.0,False,1981.25,1981.25
295,21,244,s,5,8.0,False,1981.25,1982.0
296,112,137,s,5,6.0,False,1981.25,1981.5
297,141,199,s,5,6.0,False,1981.25,1981.5
298,206,170,s,5,7.0,False,1981.25,1981.75
299,252,5,s,5,17.0,False,1981.25,1984.25
300,344,310,s,5,13.0,False,1981.25,1983.25
301,548,44,s,5,7.0,False,1981.25,1981.75
302,553,438,s,5,6.0,False,1981.25,1981.5
303,559,438,s,5,21.0,False,1981.25,1985.25
304,12,521,l,5,25.0,True,1981.25,1986.25
305,66,44,l,5,33.0,True,1981.25,1988.25
306,301,105,l,5,94.0,True,1981.25,2003.5
307,0,379,s,6,9.0,False,1981.5,1982.25
308,73,371,s,6,12.0,False,1981.5,1983.0
309,156,56,s,6,18.0,False,1981.5,1984.5
310,183,284,s,6,6.0,False,1981.5,1981.5
311,391,347,s,6,10.0,False,1981.5,1982.5
312,392,514,s,6,20.0,False,1981.5,1985.0
313,406,514,s,6,11.0,False,1981.5,1982.75
314,557,438,s,6,9.0,False,1981.5,1982.25
315,564,370,s,6,7.0,False,1981.5,1981.75
316,57,514,s,6,11.0,False,1981.5,1982.75
317,62,338,s,6,6.0,False,1981.5,1981.5
318,183,217,s,6,8.0,False,1981.5,1982.0
319,290,342,s,6,8.0,False,1981.5,1982.0
320,473,428,s,6,7.0,False,1981.5,1981.75
321,542,517,s,6,14.0,False,1981.5,1983.5
322,555,438,s,6,8.0,False,1981.5,1982.0
323,49,58,s,6,12.0,False,1981.5,1983.0
324,57,217,s,6,12.0,False,1981.5,1983.0
325,141,272,s,6,8.0,False,1981.5,1982.0
326,206,137,s,6,10.0,False,1981.5,1982.5
327,265,44,s,6,11.0,False,1981.5,1982.75
328,316,479,s,6,8.0,False,1981.5,1982.0
329,319,84,s,6,15.0,False,1981.5,1983.75
330,473,535,s,6,10.0,False,1981.5,1982.5
331,481,231,s,6,7.0,False,1981.5,1981.75
332,191,58,l,6,56.0,True,1981.5,1994.0
333,552,370,l,6,37.0,True,1981.5,1989.25
334,62,269,s,7,9.0,False,1981.75,1982.25
335,65,304,s,7,11.0,False,1981.75,1982.75
336,66,372,s,7,15.0,False,1981.75,1983.75
337,560,372,s,7,9.0,False,1981.75,1982.25
338,580,439,s,7,11.0,False,1981.75,1982.75
339,583,535,s,7,13.0,False,1981.75,1983.25
340,31,431,s,7,11.0,False,1981.75,1982.75
341,39,134,s,7,8.0,False,1981.75,1982.0
342,65,521,s,7,12.0,False,1981.75,1983.0
343,73,529,s,7,8.0,False,1981.75,1982.0
344,190,437,s,7,10.0,False,1981.75,1982.5
345,552,372,s,7,15.0,False,1981.75,1983.75
346,561,428,s,7,14.0,False,1981.75,1983.5
347,73,339,s,7,9.0,False,1981.75,1982.25
348,124,514,s,7,16.0,False,1981.75,1984.0
349,216,514,s,7,28.0,False,1981.75,1987.0
350,252,170,s,7,9.0,False,1981.75,1982.25
351,265,185,s,7,13.0,False,1981.75,1983.25
352,281,310,s,7,12.0,False,1981.75,1983.0
353,288,5,s,7,8.0,False,1981.75,1982.0
354,450,58,s,7,10.0,False,1981.75,1982.5
355,344,536,l,7,8.0,True,1981.75,1982.0
356,336,170,l,7,30.0,True,1981.75,1987.5
357,194,376,s,8,13.0,False,1982.0,1983.25
358,344,18,s,8,10.0,False,1982.0,1982.5
359,367,249,s,8,18.0,False,1982.0,1984.5
360,367,470,s,8,10.0,False,1982.0,1982.5
361,406,518,s,8,9.0,False,1982.0,1982.25
362,6,405,s,8,14.0,False,1982.0,1983.5
363,121,470,s,8,12.0,False,1982.0,1983.0
364,161,338,s,8,10.0,False,1982.0,1982.5
365,215,530,s,8,12.0,False,1982.0,1983.0
366,302,274,s,8,11.0,False,1982.0,1982.75
367,360,129,s,8,8.0,False,1982.0,1982.0
368,117,405,s,8,19.0,False,1982.0,1984.75
369,252,533,s,8,19.0,False,1982.0,1984.75
370,302,189,s,8,11.0,False,1982.0,1982.75
371,360,514,s,8,10.0,False,1982.0,1982.5
372,460,237,s,8,9.0,False,1982.0,1982.25
373,554,226,s,8,11.0,False,1982.0,1982.75
374,277,226,l,8,40.0,True,1982.0,1990.0
375,12,405,l,8,11.0,True,1982.0,1982.75
376,62,115,s,9,22.0,False,1982.25,1985.5
377,135,110,s,9,9.0,False,1982.25,1982.25
378,161,521,s,9,11.0,False,1982.25,1982.75
379,181,439,s,9,12.0,False,1982.25,1983.0
380,216,517,s,9,13.0,False,1982.25,1983.25
381,360,199,s,9,11.0,False,1982.25,1982.75
382,373,239,s,9,11.0,False,1982.25,1982.75
383,21,162,s,9,10.0,False,1982.25,1982.5
384,50,29,s,9,10.0,False,1982.25,1982.5
385,50,479,s,9,12.0,False,1982.25,1983.0
386,57,180,s,9,12.0,False,1982.25,1983.0
387,66,468,s,9,14.0,False,1982.25,1983.5
388,117,514,s,9,31.0,False,1982.25,1987.75
389,117,522,s,9,12.0,False,1982.25,1983.0
390,206,348,s,9,14.0,False,1982.25,1983.5
391,252,160,s,9,12.0,False,1982.25,1983.0
392,340,520,s,9,10.0,False,1982.25,1982.5
393,450,353,s,9,13.0,False,1982.25,1983.25
394,450,517,s,9,17.0,False,1982.25,1984.25
395,450,519,s,9,10.0,False,1982.25,1982.5
396,548,269,s,9,17.0,False,1982.25,1984.25
397,557,237,s,9,11.0,False,1982.25,1982.75
398,557,310,s,9,11.0,False,1982.25,1982.75
399,560,578,s,9,11.0,False,1982.25,1982.75
400,200,95,s,9,12.0,False,1982.25,1983.0
401,252,431,s,9,18.0,False,1982.25,1984.5
402,542,29,s,9,10.0,False,1982.25,1982.5
403,582,438,s,9,22.0,False,1982.25,1985.5
404,0,208,l,9,32.0,True,1982.25,1988.0
405,121,517,l,9,138.0,True,1982.25,2014.5
406,406,80,l,9,9.0,True,1982.25,1982.25
407,50,284,s,10,14.0,False,1982.5,1983.5
408,65,498,s,10,23.0,False,1982.5,1985.75
409,81,521,s,10,22.0,False,1982.5,1985.5
410,183,375,s,10,12.0,False,1982.5,1983.0
411,49,339,s,10,15.0,False,1982.5,1983.75
412,62,44,s,10,31.0,False,1982.5,1987.75
413,254,538,s,10,13.0,False,1982.5,1983.25
414,564,535,s,10,11.0,False,1982.5,1982.75
415,46,430,s,10,24.0,False,1982.5,1986.0
416,62,445,s,10,11.0,False,1982.5,1982.75
417,265,456,s,10,22.0,False,1982.5,1985.5
418,367,329,s,10,12.0,False,1982.5,1983.0
419,383,497,s,10,11.0,False,1982.5,1982.75
420,476,130,s,10,12.0,False,1982.5,1983.0
421,216,51,l,10,64.0,True,1982.5,1996.0
422,30,180,s,11,17.0,False,1982.75,1984.25
423,57,516,s,11,18.0,False,1982.75,1984.5
424,197,133,s,11,11.0,False,1982.75,1982.75
425,542,32,s,11,13.0,False,1982.75,1983.25
426,590,372,s,11,12.0,False,1982.75,1983.0
427,167,440,s,11,14.0,False,1982.75,1983.5
428,548,498,s,11,12.0,False,1982.75,1983.0
429,557,84,s,11,12.0,False,1982.75,1983.0
430,558,431,s,11,14.0,False,1982.75,1983.5
431,564,492,s,11,16.0,False,1982.75,1984.0
432,153,110,s,11,12.0,False,1982.75,1983.0
433,200,347,s,11,25.0,False,1982.75,1986.25
434,300,577,s,11,14.0,False,1982.75,1983.5
435,391,524,s,11,15.0,False,1982.75,1983.75
436,554,366,s,11,14.0,False,1982.75,1983.5
437,580,338,s,11,12.0,False,1982.75,1983.0
438,580,353,s,11,12.0,False,1982.75,1983.0
439,191,387,s,12,20.0,False,1983.0,1985.0
440,315,418,s,12,15.0,False,1983.0,1983.75
441,433,51,s,12,20.0,False,1983.0,1985.0
442,35,105,s,12,16.0,False,1983.0,1984.0
443,156,45,s,12,16.0,False,1983.0,1984.0
444,156,532,s,12,20.0,False,1983.0,1985.0
445,288,32,s,12,20.0,False,1983.0,1985.0
446,542,347,s,12,13.0,False,1983.0,1983.25
447,554,370,s,12,17.0,False,1983.0,1984.25
448,39,170,s,12,14.0,False,1983.0,1983.5
449,90,439,s,12,13.0,False,1983.0,1983.25
450,206,249,s,12,26.0,False,1983.0,1986.5
451,315,405,s,12,14.0,False,1983.0,1983.5
452,336,397,s,12,20.0,False,1983.0,1985.0
453,195,32,l,12,94.0,True,1983.0,2003.5
454,39,348,s,13,14.0,False,1983.25,1983.5
455,81,439,s,13,14.0,False,1983.25,1983.5
456,183,479,s,13,15.0,False,1983.25,1983.75
457,216,399,s,13,21.0,False,1983.25,1985.25
458,294,105,s,13,14.0,False,1983.25,1983.5
459,358,272,s,13,14.0,False,1983.25,1983.5
460,360,77,s,13,15.0,False,1983.25,1983.75
461,476,479,s,13,15.0,False,1983.25,1983.75
462,561,370,s,13,16.0,False,1983.25,1984.0
463,203,95,s,13,15.0,False,1983.25,1983.75
464,218,115,s,13,18.0,False,1983.25,1984.5
465,290,399,s,13,20.0,False,1983.25,1985.0
466,434,237,s,13,14.0,False,1983.25,1983.5
467,485,524,s,13,13.0,False,1983.25,1983.25
468,48,105,s,13,17.0,False,1983.25,1984.25
469,544,110,s,13,18.0,False,1983.25,1984.5
470,558,370,s,13,14.0,False,1983.25,1983.5
471,544,517,l,13,90.0,True,1983.25,2002.5
472,192,514,l,13,30.0,True,1983.25,1987.5
473,450,231,l,13,86.0,True,1983.25,2001.5
474,119,42,s,14,15.0,False,1983.5,1983.75
475,265,438,s,14,16.0,False,1983.5,1984.0
476,288,278,s,14,17.0,False,1983.5,1984.25
477,350,523,s,14,16.0,False,1983.5,1984.0
478,360,176,s,14,20.0,False,1983.5,1985.0
479,362,105,s,14,14.0,False,1983.5,1983.5
480,475,137,s,14,17.0,False,1983.5,1984.25
481,543,525,s,14,22.0,False,1983.5,1985.5
482,546,523,s,14,22.0,False,1983.5,1985.5
483,554,44,s,14,20.0,False,1983.5,1985.0
484,557,314,s,14,21.0,False,1983.5,1985.25
485,560,318,s,14,19.0,False,1983.5,1984.75
486,561,529,s,14,14.0,False,1983.5,1983.5
487,148,105,s,14,16.0,False,1983.5,1984.0
488,192,339,s,14,16.0,False,1983.5,1984.0
489,290,527,s,14,26.0,False,1983.5,1986.5
490,341,274,s,14,16.0,False,1983.5,1984.0
491,373,470,s,14,16.0,False,1983.5,1984.0
492,433,105,s,14,16.0,False,1983.5,1984.0
493,558,436,s,14,24.0,False,1983.5,1986.0
494,57,115,s,14,16.0,False,1983.5,1984.0
495,65,115,s,14,20.0,False,1983.5,1985.0
496,341,497,s,14,15.0,False,1983.5,1983.75
497,344,162,s,14,18.0,False,1983.5,1984.5
498,485,110,s,14,17.0,False,1983.5,1984.25
499,548,328,s,14,15.0,False,1983.5,1983.75
500,548,439,s,14,15.0,False,1983.5,1983.75
501,548,516,s,14,16.0,False,1983.5,1984.0
502,559,577,s,14,15.0,False,1983.5,1983.75
503,346,432,l,14,80.0,True,1983.5,2000.0
504,358,517,l,14,21.0,True,1983.5,1985.25
505,481,521,l,14,108.0,True,1983.5,2007.0
506,485,439,l,14,16.0,True,1983.5,1984.0
507,124,29,l,14,72.0,True,1983.5,1998.0
508,71,105,l,14,52.0,True,1983.5,1993.0
509,153,436,l,14,53.0,True,1983.5,1993.25
510,30,274,s,15,22.0,False,1983.75,1985.5
511,36,84,s,15,17.0,False,1983.75,1984.25
512,94,432,s,15,17.0,False,1983.75,1984.25
513,182,514,s,15,20.0,False,1983.75,1985.0
514,216,515,s,15,21.0,False,1983.75,1985.25
515,481,150,s,15,19.0,False,1983.75,1984.75
516,65,339,s,15,16.0,False,1983.75,1984.0
517,127,432,s,15,19.0,False,1983.75,1984.75
518,475,42,s,15,16.0,False,1983.75,1984.0
519,485,472,s,15,16.0,False,1983.75,1984.0
520,542,486,s,15,15.0,False,1983.75,1983.75
521,50,58,s,15,28.0,False,1983.75,1987.0
522,71,58,s,15,17.0,False,1983.75,1984.25
523,336,445,s,15,18.0,False,1983.75,1984.5
524,563,282,s,15,30.0,False,1983.75,1987.5
525,590,111,s,15,17.0,False,1983.75,1984.25
526,590,168,s,15,35.0,False,1983.75,1988.75
527,7,297,l,15,20.0,True,1983.75,1985.0
528,195,86,l,15,64.0,True,1983.75,1996.0
529,344,438,l,15,68.0,True,1983.75,1997.0
530,414,375,l,15,18.0,True,1983.75,1984.5
531,49,139,s,16,18.0,False,1984.0,1984.5
532,57,51,s,16,25.0,False,1984.0,1986.25
533,94,518,s,16,16.0,False,1984.0,1984.0
534,112,370,s,16,23.0,False,1984.0,1985.75
535,135,105,s,16,16.0,False,1984.0,1984.0
536,206,497,s,16,25.0,False,1984.0,1986.25
537,373,379,s,16,21.0,False,1984.0,1985.25
538,65,470,s,16,17.0,False,1984.0,1984.25
539,71,479,s,16,17.0,False,1984.0,1984.25
540,141,486,s,16,19.0,False,1984.0,1984.75
541,145,136,s,16,17.0,False,1984.0,1984.25
542,240,376,s,16,28.0,False,1984.0,1987.0
543,288,115,s,16,23.0,False,1984.0,1985.75
544,360,196,s,16,22.0,False,1984.0,1985.5
545,406,432,s,16,23.0,False,1984.0,1985.75
546,489,436,s,16,19.0,False,1984.0,1984.75
547,601,454,s,16,20.0,False,1984.0,1985.0
548,0,389,s,16,18.0,False,1984.0,1984.5
549,119,354,s,16,18.0,False,1984.0,1984.5
550,475,160,s,16,18.0,False,1984.0,1984.5
551,560,372,s,16,17.0,False,1984.0,1984.25
552,73,32,l,16,31.0,True,1984.0,1987.75
553,39,522,s,17,18.0,False,1984.25,1984.5
554,215,42,s,17,21.0,False,1984.25,1985.25
555,360,445,s,17,22.0,False,1984.25,1985.5
556,396,439,s,17,18.0,False,1984.25,1984.5
557,556,532,s,17,21.0,False,1984.25,1985.25
558,36,472,s,17,18.0,False,1984.25,1984.5
559,302,527,s,17,21.0,False,1984.25,1985.25
560,358,439,s,17,18.0,False,1984.25,1984.5
561,414,514,s,17,19.0,False,1984.25,1984.75
562,543,176,s,17,23.0,False,1984.25,1985.75
563,553,477,s,17,24.0,False,1984.25,1986.0
564,17,468,s,17,18.0,False,1984.25,1984.5
565,62,226,s,17,18.0,False,1984.25,1984.5
566,319,29,s,17,19.0,False,1984.25,1984.75
567,323,272,s,17,18.0,False,1984.25,1984.5
568,473,111,s,17,20.0,False,1984.25,1985.0
569,580,479,s,17,25.0,False,1984.25,1986.25
570,202,80,l,17,163.0,True,1984.25,2020.75
571,202,274,l,17,39.0,True,1984.25,1989.75
572,542,80,l,17,41.0,True,1984.25,1990.25
573,46,247,l,17,150.0,True,1984.25,2017.5
574,49,58,s,18,20.0,False,1984.5,1985.0
575,73,189,s,18,19.0,False,1984.5,1984.75
576,112,438,s,18,26.0,False,1984.5,1986.5
577,117,439,s,18,18.0,False,1984.5,1984.5
578,183,513,s,18,19.0,False,1984.5,1984.75
579,302,440,s,18,22.0,False,1984.5,1985.5
580,320,519,s,18,19.0,False,1984.5,1984.75
581,554,160,s,18,21.0,False,1984.5,1985.25
582,21,436,s,18,18.0,False,1984.5,1984.5
583,50,84,s,18,20.0,False,1984.5,1985.0
584,92,498,s,18,25.0,False,1984.5,1986.25
585,112,314,s,18,21.0,False,1984.5,1985.25
586,344,42,s,18,20.0,False,1984.5,1985.0
587,373,237,s,18,34.0,False,1984.5,1988.5
588,444,347,s,18,24.0,False,1984.5,1986.0
589,30,497,s,18,19.0,False,1984.5,1984.75
590,72,471,s,18,20.0,False,1984.5,1985.0
591,73,521,s,18,28.0,False,1984.5,1987.0
592,320,371,s,18,25.0,False,1984.5,1986.25
593,590,522,s,18,32.0,False,1984.5,1988.0
594,203,516,l,18,23.0,True,1984.5,1985.75
595,186,222,l,18,124.0,True,1984.5,2011.0
596,35,524,l,18,20.0,True,1984.5,1985.0
597,183,498,l,18,28.0,True,1984.5,1987.0
598,542,515,l,18,37.0,True,1984.5,1989.25
599,135,521,s,19,21.0,False,1984.75,1985.25
600,195,432,s,19,20.0,False,1984.75,1985.0
601,336,95,s,19,31.0,False,1984.75,1987.75
602,373,355,s,19,26.0,False,1984.75,1986.5
603,414,217,s,19,22.0,False,1984.75,1985.5
604,548,304,s,19,24.0,False,1984.75,1986.0
605,551,282,s,19,24.0,False,1984.75,1986.0
606,560,438,s,19,28.0,False,1984.75,1987.0
607,563,105,s,19,19.0,False,1984.75,1984.75
608,591,314,s,19,21.0,False,1984.75,1985.25
609,9,497,s,19,19.0,False,1984.75,1984.75
610,49,517,s,19,31.0,False,1984.75,1987.75
611,92,405,s,19,24.0,False,1984.75,1986.0
612,121,524,s,19,33.0,False,1984.75,1988.25
613,161,523,s,19,19.0,False,1984.75,1984.75
614,336,110,s,19,20.0,False,1984.75,1985.0
615,57,516,s,19,34.0,False,1984.75,1988.5
616,90,470,s,19,36.0,False,1984.75,1989.0
617,91,170,s,19,29.0,False,1984.75,1987.25
618,92,432,s,19,21.0,False,1984.75,1985.25
619,277,232,s,19,20.0,False,1984.75,1985.0
620,288,328,s,19,23.0,False,1984.75,1985.75
621,291,328,s,19,25.0,False,1984.75,1986.25
622,336,486,s,19,25.0,False,1984.75,1986.25
623,362,397,s,19,25.0,False,1984.75,1986.25
624,422,371,s,19,23.0,False,1984.75,1985.75
625,485,517,s,19,20.0,False,1984.75,1985.0
626,65,217,l,19,95.0,True,1984.75,2003.75
627,560,168,l,19,31.0,True,1984.75,1987.75
628,294,517,l,19,34.0,True,1984.75,1988.5
629,30,51,s,20,32.0,False,1985.0,1988.0
630,248,432,s,20,22.0,False,1985.0,1985.5
631,485,439,s,20,22.0,False,1985.0,1985.5
632,590,44,s,20,21.0,False,1985.0,1985.25
633,102,249,s,20,21.0,False,1985.0,1985.25
634,248,284,s,20,23.0,False,1985.0,1985.75
635,391,139,s,20,27.0,False,1985.0,1986.75
636,406,284,s,20,23.0,False,1985.0,1985.75
637,485,353,s,20,24.0,False,1985.0,1986.0
638,556,472,s,20,22.0,False,1985.0,1985.5
639,580,526,s,20,22.0,False,1985.0,1985.5
640,39,44,s,20,26.0,False,1985.0,1986.5
641,41,525,s,20,22.0,False,1985.0,1985.5
642,50,189,s,20,24.0,False,1985.0,1986.0
643,57,180,s,20,23.0,False,1985.0,1985.75
644,73,342,s,20,22.0,False,1985.0,1985.5
645,288,129,s,20,26.0,False,1985.0,1986.5
646,330,199,s,20,22.0,False,1985.0,1985.5
647,547,237,s,20,26.0,False,1985.0,1986.5
648,94,328,l,20,62.0,True,1985.0,1995.5
649,444,523,l,20,50.0,True,1985.0,1992.5
650,215,170,l,20,59.0,True,1985.0,1994.75
651,294,389,l,20,30.0,True,1985.0,1987.5
652,362,513,l,20,25.0,True,1985.0,1986.25
653,183,436,s,21,22.0,False,1985.25,1985.5
654,559,456,s,21,24.0,False,1985.25,1986.0
655,579,293,s,21,31.0,False,1985.25,1987.75
656,39,528,s,21,22.0,False,1985.25,1985.5
657,197,512,s,21,24.0,False,1985.25,1986.0
658,200,436,s,21,23.0,False,1985.25,1985.75
659,288,520,s,21,22.0,False,1985.25,1985.5
660,341,180,s,21,36.0,False,1985.25,1989.0
661,352,519,s,21,25.0,False,1985.25,1986.25
662,391,439,s,21,21.0,False,1985.25,1985.25
663,455,231,s,21,23.0,False,1985.25,1985.75
664,557,44,s,21,27.0,False,1985.25,1986.75
665,560,314,s,21,51.0,False,1985.25,1992.75
666,591,44,s,21,22.0,False,1985.25,1985.5
667,48,139,s,21,23.0,False,1985.25,1985.75
668,141,515,s,21,22.0,False,1985.25,1985.5
669,153,139,s,21,23.0,False,1985.25,1985.75
670,182,170,s,21,24.0,False,1985.25,1986.0
671,549,515,s,21,23.0,False,1985.25,1985.75
672,79,375,l,21,24.0,True,1985.25,1986.0
673,548,439,l,21,83.0,True,1985.25,2000.75
674,62,5,s,22,23.0,False,1985.5,1985.75
675,92,347,s,22,27.0,False,1985.5,1986.75
676,320,516,s,22,27.0,False,1985.5,1986.75
677,434,222,s,22,23.0,False,1985.5,1985.75
678,493,497,s,22,31.0,False,1985.5,1987.75
679,546,518,s,22,24.0,False,1985.5,1986.0
680,62,226,s,22,22.0,False,1985.5,1985.5
681,252,379,s,22,26.0,False,1985.5,1986.5
682,344,226,s,22,27.0,False,1985.5,1986.75
683,360,479,s,22,30.0,False,1985.5,1987.5
684,554,1,s,22,31.0,False,1985.5,1987.75
685,579,498,s,22,24.0,False,1985.5,1986.0
686,591,370,s,22,23.0,False,1985.5,1985.75
687,592,44,s,22,29.0,False,1985.5,1987.25
688,112,379,s,22,23.0,False,1985.5,1985.75
689,320,513,s,22,27.0,False,1985.5,1986.75
690,483,342,s,22,31.0,False,1985.5,1987.75
691,590,338,s,22,25.0,False,1985.5,1986.25
692,564,292,l,22,22.0,True,1985.5,1985.5
693,391,105,l,22,46.0,True,1985.5,1991.5
694,62,170,s,23,26.0,False,1985.75,1986.5
695,62,226,s,23,23.0,False,1985.75,1985.75
696,265,456,s,23,23.0,False,1985.75,1985.75
697,475,428,s,23,35.0,False,1985.75,1988.75
698,37,472,s,23,24.0,False,1985.75,1986.0
699,73,486,s,23,26.0,False,1985.75,1986.5
700,358,51,s,23,24.0,False,1985.75,1986.0
701,433,237,s,23,31.0,False,1985.75,1987.75
702,552,86,s,23,23.0,False,1985.75,1985.75
703,50,436,s,23,25.0,False,1985.75,1986.25
704,112,44,s,23,30.0,False,1985.75,1987.5
705,197,514,s,23,27.0,False,1985.75,1986.75
706,315,375,s,23,29.0,False,1985.75,1987.25
707,336,514,s,23,25.0,False,1985.75,1986.25
708,336,519,s,23,28.0,False,1985.75,1987.0
709,546,379,s,23,32.0,False,1985.75,1988.0
710,301,524,l,23,50.0,True,1985.75,1992.5
711,582,335,l,23,34.0,True,1985.75,1988.5
712,391,521,l,23,72.0,True,1985.75,1998.0
713,552,105,l,23,29.0,True,1985.75,1987.25
714,39,236,s,24,24.0,False,1986.0,1986.0
715,79,516,s,24,33.0,False,1986.0,1988.25
716,203,180,s,24,24.0,False,1986.0,1986.0
717,362,284,s,24,27.0,False,1986.0,1986.75
718,30,180,s,24,36.0,False,1986.0,1989.0
719,39,428,s,24,27.0,False,1986.0,1986.75
720,50,486,s,24,31.0,False,1986.0,1987.75
721,57,523,s,24,26.0,False,1986.0,1986.5
722,92,129,s,24,28.0,False,1986.0,1987.0
723,183,237,s,24,25.0,False,1986.0,1986.25
724,291,515,s,24,32.0,False,1986.0,1988.0
725,541,234,s,24,41.0,False,1986.0,1990.25
726,591,314,s,24,39.0,False,1986.0,1989.75
727,26,129,s,24,28.0,False,1986.0,1987.0
728,62,5,s,24,30.0,False,1986.0,1987.5
729,341,497,s,24,39.0,False,1986.0,1989.75
730,350,437,s,24,35.0,False,1986.0,1988.75
731,434,470,s,24,27.0,False,1986.0,1986.75
732,473,535,s,24,26.0,False,1986.0,1986.5
733,544,405,s,24,30.0,False,1986.0,1987.5
734,553,137,s,24,29.0,False,1986.0,1987.25
735,556,578,s,24,28.0,False,1986.0,1987.0
736,50,51,l,24,82.0,True,1986.0,2000.5
737,60,304,l,24,134.0,True,1986.0,2013.5
738,383,436,l,24,63.0,True,1986.0,1995.75
739,191,247,l,24,148.0,True,1986.0,2017.0
740,50,86,l,24,64.0,True,1986.0,1996.0
741,235,439,l,24,78.0,True,1986.0,1999.5
742,444,511,l,24,26.0,True,1986.0,1986.5
743,0,170,s,25,27.0,False,1986.25,1986.75
744,30,222,s,25,27.0,False,1986.25,1986.75
745,245,497,s,25,26.0,False,1986.25,1986.5
746,336,610,s,25,32.0,False,1986.25,1988.0
747,544,132,s,25,33.0,False,1986.25,1988.25
748,554,178,s,25,36.0,False,1986.25,1989.0
749,557,42,s,25,27.0,False,1986.25,1986.75
750,591,470,s,25,27.0,False,1986.25,1986.75
751,12,522,s,25,31.0,False,1986.25,1987.75
752,60,231,s,25,26.0,False,1986.25,1986.5
753,135,110,s,25,27.0,False,1986.25,1986.75
754,135,338,s,25,28.0,False,1986.25,1987.0
755,191,515,s,25,25.0,False,1986.25,1986.25
756,360,230,s,25,31.0,False,1986.25,1987.75
757,378,432,s,25,32.0,False,1986.25,1988.0
758,406,347,s,25,28.0,False,1986.25,1987.0
759,548,445,s,25,26.0,False,1986.25,1986.5
760,552,237,s,25,29.0,False,1986.25,1987.25
761,552,436,s,25,26.0,False,1986.25,1986.5
762,291,249,s,25,36.0,False,1986.25,1989.0
763,352,439,s,25,31.0,False,1986.25,1987.75
764,476,137,s,25,28.0,False,1986.25,1987.0
765,554,226,s,25,31.0,False,1986.25,1987.75
766,554,355,s,25,47.0,False,1986.25,1991.75
767,6,256,l,25,101.0,True,1986.25,2005.25
768,248,440,l,25,100.0,True,1986.25,2005.0
769,191,176,l,25,62.0,True,1986.25,1995.5
770,549,170,l,25,75.0,True,1986.25,1998.75
771,60,498,l,25,32.0,True,1986.25,1988.0
772,73,110,s,26,26.0,False,1986.5,1986.5
773,92,40,s,26,31.0,False,1986.5,1987.75
774,288,5,s,26,26.0,False,1986.5,1986.5
775,422,95,s,26,28.0,False,1986.5,1987.0
776,21,44,s,26,52.0,False,1986.5,1993.0
777,49,522,s,26,35.0,False,1986.5,1988.75
778,551,178,s,26,32.0,False,1986.5,1988.0
779,557,529,s,26,29.0,False,1986.5,1987.25
780,590,244,s,26,31.0,False,1986.5,1987.75
781,35,170,s,26,27.0,False,1986.5,1986.75
782,315,231,s,26,37.0,False,1986.5,1989.25
783,336,347,s,26,28.0,False,1986.5,1987.0
784,485,523,s,26,28.0,False,1986.5,1987.0
785,560,100,s,26,27.0,False,1986.5,1986.75
786,39,379,l,26,68.0,True,1986.5,1997.0
787,79,284,l,26,81.0,True,1986.5,2000.25
788,119,170,l,26,84.0,True,1986.5,2001.0
789,21,372,s,27,35.0,False,1986.75,1988.75
790,48,129,s,27,29.0,False,1986.75,1987.25
791,50,437,s,27,28.0,False,1986.75,1987.0
792,57,497,s,27,27.0,False,1986.75,1986.75
793,73,58,s,27,27.0,False,1986.75,1986.75
794,119,42,s,27,39.0,False,1986.75,1989.75
795,203,423,s,27,36.0,False,1986.75,1989.0
796,302,353,s,27,27.0,False,1986.75,1986.75
797,302,375,s,27,27.0,False,1986.75,1986.75
798,336,284,s,27,28.0,False,1986.75,1987.0
799,485,329,s,27,27.0,False,1986.75,1986.75
800,550,439,s,27,31.0,False,1986.75,1987.75
801,6,293,s,27,31.0,False,1986.75,1987.75
802,50,29,s,27,28.0,False,1986.75,1987.0
803,66,160,s,27,45.0,False,1986.75,1991.25
804,141,139,s,27,27.0,False,1986.75,1986.75
805,153,176,s,27,34.0,False,1986.75,1988.5
806,362,470,s,27,30.0,False,1986.75,1987.5
807,450,337,s,27,43.0,False,1986.75,1990.75
808,542,58,s,27,27.0,False,1986.75,1986.75
809,546,284,s,27,27.0,False,1986.75,1986.75
810,36,445,s,27,28.0,False,1986.75,1987.0
811,50,470,s,27,37.0,False,1986.75,1989.25
812,294,514,s,27,34.0,False,1986.75,1988.5
813,433,130,s,27,37.0,False,1986.75,1989.25
814,476,226,s,27,28.0,False,1986.75,1987.0
815,543,486,s,27,28.0,False,1986.75,1987.0
816,554,244,s,27,34.0,False,1986.75,1988.5
817,557,348,s,27,34.0,False,1986.75,1988.5
818,590,379,s,27,28.0,False,1986.75,1987.0
819,336,418,l,27,48.0,True,1986.75,1992.0
820,455,95,l,27,54.0,True,1986.75,1993.5
821,60,514,s,28,34.0,False,1987.0,1988.5
822,542,237,s,28,29.0,False,1987.0,1987.25
823,548,514,s,28,31.0,False,1987.0,1987.75
824,62,520,s,28,31.0,False,1987.0,1987.75
825,161,199,s,28,35.0,False,1987.0,1988.75
826,252,530,s,28,34.0,False,1987.0,1988.5
827,476,56,s,28,32.0,False,1987.0,1988.0
828,21,84,s,28,29.0,False,1987.0,1987.25
829,53,234,s,28,35.0,False,1987.0,1988.75
830,92,176,s,28,30.0,False,1987.0,1987.5
831,291,437,s,28,32.0,False,1987.0,1988.0
832,336,321,s,28,29.0,False,1987.0,1987.25
833,483,439,s,28,33.0,False,1987.0,1988.25
834,302,479,s,29,32.0,False,1987.25,1988.0
835,391,95,s,29,29.0,False,1987.25,1987.25
836,408,314,s,29,36.0,False,1987.25,1989.0
837,476,370,s,29,29.0,False,1987.25,1987.25
838,559,44,s,29,31.0,False,1987.25,1987.75
839,53,437,s,29,35.0,False,1987.25,1988.75
840,192,129,s,29,30.0,False,1987.25,1987.5
841,235,284,s,29,34.0,False,1987.25,1988.5
842,315,517,s,29,30.0,False,1987.25,1987.5
843,344,456,s,29,30.0,False,1987.25,1987.5
844,396,445,s,29,33.0,False,1987.25,1988.25
845,476,44,s,29,32.0,False,1987.25,1988.0
846,358,176,s,29,30.0,False,1987.25,1987.5
847,360,353,s,29,32.0,False,1987.25,1988.0
848,475,244,s,29,30.0,False,1987.25,1987.5
849,558,577,s,29,31.0,False,1987.25,1987.75
850,216,211,l,29,48.0,True,1987.25,1992.0
851,557,239,l,29,120.0,True,1987.25,2010.0
852,241,231,s,30,40.0,False,1987.5,1990.0
853,316,199,s,30,31.0,False,1987.5,1987.75
854,373,348,s,30,40.0,False,1987.5,1990.0
855,383,222,s,30,32.0,False,1987.5,1988.0
856,392,498,s,30,31.0,False,1987.5,1987.75
857,460,237,s,30,30.0,False,1987.5,1987.5
858,485,338,s,30,35.0,False,1987.5,1988.75
859,245,284,s,30,31.0,False,1987.5,1987.75
860,294,32,s,30,31.0,False,1987.5,1987.75
861,346,234,s,30,32.0,False,1987.5,1988.0
862,434,347,s,30,30.0,False,1987.5,1987.5
863,548,86,s,30,32.0,False,1987.5,1988.0
864,550,304,s,30,32.0,False,1987.5,1988.0
865,552,431,s,30,40.0,False,1987.5,1990.0
866,590,314,s,30,34.0,False,1987.5,1988.5
867,0,379,s,30,31.0,False,1987.5,1987.75
868,60,129,s,30,36.0,False,1987.5,1989.0
869,117,437,s,30,31.0,False,1987.5,1987.75
870,202,217,s,30,35.0,False,1987.5,1988.75
871,291,375,s,30,33.0,False,1987.5,1988.25
872,336,247,s,30,31.0,False,1987.5,1987.75
873,383,470,s,30,40.0,False,1987.5,1990.0
874,450,347,s,30,33.0,False,1987.5,1988.25
875,554,44,s,30,32.0,False,1987.5,1988.0
876,182,176,l,30,34.0,True,1987.5,1988.5
877,92,514,l,30,106.0,True,1987.5,2006.5
878,62,226,s,31,37.0,False,1987.75,1989.25
879,235,110,s,31,44.0,False,1987.75,1991.0
880,323,497,s,31,40.0,False,1987.75,1990.0
881,336,371,s,31,47.0,False,1987.75,1991.75
882,344,366,s,31,32.0,False,1987.75,1988.0
883,476,185,s,31,33.0,False,1987.75,1988.25
884,482,180,s,31,42.0,False,1987.75,1990.5
885,181,425,s,31,33.0,False,1987.75,1988.25
886,215,529,s,31,32.0,False,1987.75,1988.0
887,294,105,s,31,36.0,False,1987.75,1989.0
888,360,465,s,31,35.0,False,1987.75,1988.75
889,554,372,s,31,34.0,False,1987.75,1988.5
890,9,497,s,31,36.0,False,1987.75,1989.0
891,35,521,s,31,32.0,False,1987.75,1988.0
892,92,347,s,31,38.0,False,1987.75,1989.5
893,135,342,s,31,44.0,False,1987.75,1991.0
894,277,56,s,31,32.0,False,1987.75,1988.0
895,559,355,s,31,33.0,False,1987.75,1988.25
896,216,272,l,31,148.0,True,1987.75,2017.0
897,12,524,l,31,143.0,True,1987.75,2015.75
898,48,337,s,32,32.0,False,1988.0,1988.0
899,172,329,s,32,39.0,False,1988.0,1989.75
900,301,379,s,32,32.0,False,1988.0,1988.0
901,391,51,s,32,33.0,False,1988.0,1988.25
902,414,430,s,32,33.0,False,1988.0,1988.25
903,12,272,s,32,32.0,False,1988.0,1988.0
904,62,5,s,32,34.0,False,1988.0,1988.5
905,124,51,s,32,44.0,False,1988.0,1991.0
906,206,436,s,32,40.0,False,1988.0,1990.0
907,215,527,s,32,43.0,False,1988.0,1990.75
908,216,498,s,32,38.0,False,1988.0,1989.5
909,325,512,s,32,34.0,False,1988.0,1988.5
910,422,246,s,32,34.0,False,1988.0,1988.5
911,554,379,s,32,36.0,False,1988.0,1989.0
912,12,28,s,32,46.0,False,1988.0,1991.5
913,12,445,s,32,37.0,False,1988.0,1989.25
914,191,423,s,32,38.0,False,1988.0,1989.5
915,216,95,s,32,37.0,False,1988.0,1989.25
916,358,342,s,32,38.0,False,1988.0,1989.5
917,362,525,s,32,37.0,False,1988.0,1989.25
918,475,355,s,32,35.0,False,1988.0,1988.75
919,60,512,l,32,194.0,True,1988.0,2028.5
920,313,217,l,32,53.0,True,1988.0,1993.25
921,50,284,s,33,40.0,False,1988.25,1990.0
922,92,211,s,33,34.0,False,1988.25,1988.5
923,121,224,s,33,34.0,False,1988.25,1988.5
924,360,486,s,33,36.0,False,1988.25,1989.0
925,485,529,s,33,33.0,False,1988.25,1988.25
926,545,328,s,33,37.0,False,1988.25,1989.25
927,87,234,s,33,35.0,False,1988.25,1988.75
928,153,139,s,33,34.0,False,1988.25,1988.5
929,460,211,s,33,34.0,False,1988.25,1988.5
930,39,370,s,33,34.0,False,1988.25,1988.5
931,65,284,s,33,34.0,False,1988.25,1988.5
932,169,511,s,33,44.0,False,1988.25,1991.0
933,62,314,l,33,48.0,True,1988.25,1992.0
934,476,44,l,33,35.0,True,1988.25,1988.75
935,12,199,l,33,52.0,True,1988.25,1993.0
936,94,521,s,34,37.0,False,1988.5,1989.25
937,202,222,s,34,34.0,False,1988.5,1988.5
938,352,521,s,34,42.0,False,1988.5,1990.5
939,383,274,s,34,37.0,False,1988.5,1989.25
940,21,105,s,34,43.0,False,1988.5,1990.75
941,476,348,s,34,40.0,False,1988.5,1990.0
942,53,418,s,34,39.0,False,1988.5,1989.75
943,92,329,s,34,37.0,False,1988.5,1989.25
944,141,80,s,34,40.0,False,1988.5,1990.0
945,157,139,s,34,35.0,False,1988.5,1988.75
946,183,54,s,34,38.0,False,1988.5,1989.5
947,248,371,s,34,38.0,False,1988.5,1989.5
948,291,328,s,34,38.0,False,1988.5,1989.5
949,336,337,s,34,44.0,False,1988.5,1991.0
950,548,284,s,34,39.0,False,1988.5,1989.75
951,554,436,s,34,38.0,False,1988.5,1989.5
952,579,59,s,34,36.0,False,1988.5,1989.0
953,141,284,l,34,169.0,True,1988.5,2022.25
954,548,234,l,34,60.0,True,1988.5,1995.0
955,0,284,s,35,36.0,False,1988.75,1989.0
956,30,232,s,35,37.0,False,1988.75,1989.25
957,191,610,s,35,36.0,False,1988.75,1989.0
958,302,29,s,35,35.0,False,1988.75,1988.75
959,482,513,s,35,36.0,False,1988.75,1989.0
960,552,33,s,35,35.0,False,1988.75,1988.75
961,65,234,s,35,35.0,False,1988.75,1988.75
962,135,479,s,35,58.0,False,1988.75,1994.5
963,206,379,s,35,41.0,False,1988.75,1990.25
964,340,329,s,35,38.0,False,1988.75,1989.5
965,373,470,s,35,38.0,False,1988.75,1989.5
966,493,527,s,35,45.0,False,1988.75,1991.25
967,542,139,s,35,36.0,False,1988.75,1989.0
968,62,5,s,35,40.0,False,1988.75,1990.0
969,135,627,s,35,36.0,False,1988.75,1989.0
970,218,520,s,35,39.0,False,1988.75,1989.75
971,265,178,s,35,38.0,False,1988.75,1989.5
972,315,423,s,35,39.0,False,1988.75,1989.75
973,330,514,s,35,40.0,False,1988.75,1990.0
974,57,516,s,36,41.0,False,1989.0,1990.25
975,62,479,s,36,37.0,False,1989.0,1989.25
976,73,314,s,36,37.0,False,1989.0,1989.25
977,92,513,s,36,38.0,False,1989.0,1989.5
978,156,56,s,36,37.0,False,1989.0,1989.25
979,194,530,s,36,39.0,False,1989.0,1989.75
980,197,347,s,36,41.0,False,1989.0,1990.25
981,392,524,s,36,36.0,False,1989.0,1989.0
982,482,222,s,36,39.0,False,1989.0,1989.75
983,552,525,s,36,37.0,False,1989.0,1989.25
984,591,1,s,36,39.0,False,1989.0,1989.75
985,637,56,s,36,45.0,False,1989.0,1991.25
986,48,371,s,36,40.0,False,1989.0,1990.0
987,49,176,s,36,38.0,False,1989.0,1989.5
988,57,274,s,36,44.0,False,1989.0,1991.0
989,182,516,s,36,39.0,False,1989.0,1989.75
990,406,514,s,36,41.0,False,1989.0,1990.25
991,455,176,s,36,38.0,False,1989.0,1989.5
992,548,129,s,36,39.0,False,1989.0,1989.75
993,551,217,s,36,39.0,False,1989.0,1989.75
994,560,438,s,36,41.0,False,1989.0,1990.25
995,92,176,s,36,38.0,False,1989.0,1989.5
996,125,137,s,36,40.0,False,1989.0,1990.0
997,288,150,s,36,37.0,False,1989.0,1989.25
998,320,284,s,36,42.0,False,1989.0,1990.5
999,344,44,s,36,39.0,False,1989.0,1989.75
1000,391,324,s,36,38.0,False,1989.0,1989.5
1001,460,196,s,36,38.0,False,1989.0,1989.5
1002,591,58,s,36,43.0,False,1989.0,1990.75
1003,135,237,l,36,87.0,True,1989.0,2001.75
1004,245,497,l,36,46.0,True,1989.0,1991.5
1005,71,58,s,37,40.0,False,1989.25,1990.0
1006,117,84,s,37,38.0,False,1989.25,1989.5
1007,192,375,s,37,37.0,False,1989.25,1989.25
1008,216,115,s,37,52.0,False,1989.25,1993.0
1009,291,54,s,37,39.0,False,1989.25,1989.75
1010,305,328,s,37,39.0,False,1989.25,1989.75
1011,319,342,s,37,38.0,False,1989.25,1989.5
1012,319,370,s,37,55.0,False,1989.25,1993.75
1013,358,189,s,37,38.0,False,1989.25,1989.5
1014,476,84,s,37,37.0,False,1989.25,1989.25
1015,548,217,s,37,40.0,False,1989.25,1990.0
1016,548,337,s,37,41.0,False,1989.25,1990.25
1017,552,137,s,37,39.0,False,1989.25,1989.75
1018,552,526,s,37,38.0,False,1989.25,1989.5
1019,659,514,s,37,38.0,False,1989.25,1989.5
1020,92,440,s,37,40.0,False,1989.25,1990.0
1021,190,470,s,37,38.0,False,1989.25,1989.5
1022,315,515,s,37,44.0,False,1989.25,1991.0
1023,319,32,s,37,39.0,False,1989.25,1989.75
1024,550,176,s,37,40.0,False,1989.25,1990.0
1025,60,514,s,37,62.0,False,1989.25,1995.5
1026,73,105,s,37,45.0,False,1989.25,1991.25
1027,92,55,s,37,38.0,False,1989.25,1989.5
1028,169,293,s,37,39.0,False,1989.25,1989.75
1029,191,399,s,37,39.0,False,1989.25,1989.75
1030,206,44,s,37,43.0,False,1989.25,1990.75
1031,235,440,s,37,46.0,False,1989.25,1991.5
1032,287,247,s,37,46.0,False,1989.25,1991.5
1033,422,110,s,37,42.0,False,1989.25,1990.5
1034,434,234,s,37,39.0,False,1989.25,1989.75
1035,485,237,s,37,40.0,False,1989.25,1990.0
1036,315,328,l,37,74.0,True,1989.25,1998.5
1037,36,627,l,37,62.0,True,1989.25,1995.5
1038,135,405,l,37,54.0,True,1989.25,1993.5
1039,245,274,l,37,77.0,True,1989.25,1999.25
1040,117,523,l,37,105.0,True,1989.25,2006.25
1041,552,246,l,37,39.0,True,1989.25,1989.75
1042,60,445,s,38,38.0,False,1989.5,1989.5
1043,252,376,s,38,47.0,False,1989.5,1991.75
1044,288,139,s,38,39.0,False,1989.5,1989.75
1045,358,284,s,38,38.0,False,1989.5,1989.5
1046,542,293,s,38,42.0,False,1989.5,1990.5
1047,560,537,s,38,43.0,False,1989.5,1990.75
1048,62,226,s,38,41.0,False,1989.5,1990.25
1049,92,54,s,38,40.0,False,1989.5,1990.0
1050,204,387,s,38,43.0,False,1989.5,1990.75
1051,66,376,s,38,43.0,False,1989.5,1990.75
1052,90,199,s,38,45.0,False,1989.5,1991.25
1053,141,199,s,38,39.0,False,1989.5,1989.75
1054,148,370,s,38,43.0,False,1989.5,1990.75
1055,205,439,s,38,46.0,False,1989.5,1991.5
1056,346,524,s,38,39.0,False,1989.5,1989.75
1057,406,517,s,38,45.0,False,1989.5,1991.25
1058,542,486,s,38,41.0,False,1989.5,1990.25
1059,545,515,s,38,39.0,False,1989.5,1989.75
1060,549,456,s,38,45.0,False,1989.5,1991.25
1061,53,180,l,38,73.0,True,1989.5,1998.25
1062,206,239,l,38,44.0,True,1989.5,1991.0
1063,373,479,l,38,84.0,True,1989.5,2001.0
1064,141,237,l,38,43.0,True,1989.5,1990.75
1065,392,432,l,38,39.0,True,1989.5,1989.75
1066,12,40,s,39,42.0,False,1989.75,1990.5
1067,367,95,s,39,45.0,False,1989.75,1991.25
1068,392,284,s,39,40.0,False,1989.75,1990.0
1069,551,237,s,39,40.0,False,1989.75,1990.0
1070,554,376,s,39,46.0,False,1989.75,1991.5
1071,39,100,s,39,41.0,False,1989.75,1990.25
1072,64,469,s,39,41.0,False,1989.75,1990.25
1073,71,33,s,39,47.0,False,1989.75,1991.75
1074,157,328,s,39,40.0,False,1989.75,1990.0
1075,548,498,s,39,41.0,False,1989.75,1990.25
1076,195,387,s,39,40.0,False,1989.75,1990.0
1077,360,321,s,39,42.0,False,1989.75,1990.5
1078,658,77,s,39,41.0,False,1989.75,1990.25
1079,152,247,l,39,97.0,True,1989.75,2004.25
1080,182,237,l,39,44.0,True,1989.75,1991.0
1081,485,29,l,39,46.0,True,1989.75,1991.5
1082,580,379,l,39,68.0,True,1989.75,1997.0
1083,30,146,s,40,45.0,False,1990.0,1991.25
1084,31,42,s,40,46.0,False,1990.0,1991.5
1085,148,178,s,40,40.0,False,1990.0,1990.0
1086,190,521,s,40,48.0,False,1990.0,1992.0
1087,191,514,s,40,42.0,False,1990.0,1990.5
1088,192,217,s,40,50.0,False,1990.0,1992.5
1089,206,338,s,40,42.0,False,1990.0,1990.5
1090,252,656,s,40,42.0,False,1990.0,1990.5
1091,434,405,s,40,44.0,False,1990.0,1991.0
1092,482,497,s,40,42.0,False,1990.0,1990.5
1093,554,627,s,40,43.0,False,1990.0,1990.75
1094,182,479,s,40,46.0,False,1990.0,1991.5
1095,485,211,s,40,41.0,False,1990.0,1990.25
1096,552,137,s,40,44.0,False,1990.0,1991.0
1097,554,44,s,40,48.0,False,1990.0,1992.0
1098,39,105,s,40,41.0,False,1990.0,1990.25
1099,50,440,s,40,41.0,False,1990.0,1990.25
1100,172,237,s,40,57.0,False,1990.0,1994.25
1101,557,111,s,40,42.0,False,1990.0,1990.5
1102,0,199,l,40,71.0,True,1990.0,1997.75
1103,215,431,l,40,64.0,True,1990.0,1996.0
1104,294,211,l,40,42.0,True,1990.0,1990.5
1105,57,180,s,41,55.0,False,1990.25,1993.75
1106,206,304,s,41,43.0,False,1990.25,1990.75
1107,261,418,s,41,41.0,False,1990.25,1990.25
1108,362,517,s,41,53.0,False,1990.25,1993.25
1109,561,477,s,41,45.0,False,1990.25,1991.25
1110,50,379,s,41,42.0,False,1990.25,1990.5
1111,169,432,s,41,42.0,False,1990.25,1990.5
1112,336,445,s,41,48.0,False,1990.25,1992.0
1113,9,497,s,41,48.0,False,1990.25,1992.0
1114,90,55,s,41,42.0,False,1990.25,1990.5
1115,90,77,s,41,44.0,False,1990.25,1991.0
1116,117,80,s,41,42.0,False,1990.25,1990.5
1117,358,517,s,41,46.0,False,1990.25,1991.5
1118,544,524,s,41,48.0,False,1990.25,1992.0
1119,659,514,s,41,51.0,False,1990.25,1992.75
1120,291,176,l,41,136.0,True,1990.25,2014.0
1121,315,445,l,41,62.0,True,1990.25,1995.5
1122,476,431,l,41,64.0,True,1990.25,1996.0
1123,12,56,s,42,42.0,False,1990.5,1990.5
1124,12,304,s,42,44.0,False,1990.5,1991.0
1125,112,529,s,42,45.0,False,1990.5,1991.25
1126,203,337,s,42,43.0,False,1990.5,1990.75
1127,216,80,s,42,42.0,False,1990.5,1990.5
1128,294,237,s,42,44.0,False,1990.5,1991.0
1129,320,437,s,42,45.0,False,1990.5,1991.25
1130,373,32,s,42,43.0,False,1990.5,1990.75
1131,591,438,s,42,46.0,False,1990.5,1991.5
1132,92,146,s,42,45.0,False,1990.5,1991.25
1133,92,247,s,42,51.0,False,1990.5,1992.75
1134,182,100,s,42,47.0,False,1990.5,1991.75
1135,265,136,s,42,46.0,False,1990.5,1991.5
1136,475,438,s,42,49.0,False,1990.5,1992.25
1137,548,436,s,42,49.0,False,1990.5,1992.25
1138,49,139,s,42,47.0,False,1990.5,1991.75
1139,65,243,s,42,47.0,False,1990.5,1991.75
1140,81,129,s,42,45.0,False,1990.5,1991.25
1141,141,521,s,42,43.0,False,1990.5,1990.75
1142,287,231,s,42,48.0,False,1990.5,1992.0
1143,346,524,s,42,43.0,False,1990.5,1990.75
1144,427,196,s,42,44.0,False,1990.5,1991.0
1145,544,58,s,42,43.0,False,1990.5,1990.75
1146,36,342,l,42,46.0,True,1990.5,1991.5
1147,235,32,l,42,96.0,True,1990.5,2004.0
1148,62,520,s,43,43.0,False,1990.75,1990.75
1149,73,86,s,43,44.0,False,1990.75,1991.0
1150,285,55,s,43,47.0,False,1990.75,1991.75
1151,36,524,s,43,52.0,False,1990.75,1993.0
1152,57,516,s,43,44.0,False,1990.75,1991.0
1153,65,101,s,43,45.0,False,1990.75,1991.25
1154,92,77,s,43,45.0,False,1990.75,1991.25
1155,124,284,s,43,47.0,False,1990.75,1991.75
1156,186,189,s,43,54.0,False,1990.75,1993.5
1157,391,387,s,43,45.0,False,1990.75,1991.25
1158,402,445,s,43,45.0,False,1990.75,1991.25
1159,552,226,s,43,50.0,False,1990.75,1992.5
1160,36,139,s,43,44.0,False,1990.75,1991.0
1161,252,44,s,43,48.0,False,1990.75,1992.0
1162,360,95,s,43,44.0,False,1990.75,1991.0
1163,422,58,s,43,45.0,False,1990.75,1991.25
1164,476,168,s,43,44.0,False,1990.75,1991.0
1165,580,253,s,43,47.0,False,1990.75,1991.75
1166,658,146,s,43,46.0,False,1990.75,1991.5
1167,37,168,l,43,98.0,True,1990.75,2004.5
1168,541,307,l,43,97.0,True,1990.75,2004.25
1169,50,439,s,44,52.0,False,1991.0,1993.0
1170,157,284,s,44,45.0,False,1991.0,1991.25
1171,218,246,s,44,47.0,False,1991.0,1991.75
1172,291,375,s,44,53.0,False,1991.0,1993.25
1173,315,514,s,44,53.0,False,1991.0,1993.25
1174,350,105,s,44,47.0,False,1991.0,1991.75
1175,402,55,s,44,50.0,False,1991.0,1992.5
1176,473,477,s,44,45.0,False,1991.0,1991.25
1177,545,610,s,44,52.0,False,1991.0,1993.0
1178,548,469,s,44,50.0,False,1991.0,1992.5
1179,550,328,s,44,46.0,False,1991.0,1991.5
1180,554,84,s,44,46.0,False,1991.0,1991.5
1181,670,105,s,44,48.0,False,1991.0,1992.0
1182,0,284,s,44,45.0,False,1991.0,1991.25
1183,62,33,s,44,45.0,False,1991.0,1991.25
1184,391,293,s,44,48.0,False,1991.0,1992.0
1185,402,418,s,44,54.0,False,1991.0,1993.5
1186,50,284,s,44,50.0,False,1991.0,1992.5
1187,288,115,s,44,54.0,False,1991.0,1993.5
1188,444,55,s,44,47.0,False,1991.0,1991.75
1189,483,110,s,44,45.0,False,1991.0,1991.25
1190,545,375,s,44,59.0,False,1991.0,1994.75
1191,50,170,l,44,84.0,True,1991.0,2001.0
1192,92,231,l,44,94.0,True,1991.0,2003.5
1193,169,423,l,44,161.0,True,1991.0,2020.25
1194,406,284,l,44,46.0,True,1991.0,1991.5
1195,483,405,l,44,62.0,True,1991.0,1995.5
1196,57,516,s,45,46.0,False,1991.25,1991.5
1197,66,366,s,45,47.0,False,1991.25,1991.75
1198,67,307,s,45,46.0,False,1991.25,1991.5
1199,71,211,s,45,46.0,False,1991.25,1991.5
1200,344,18,s,45,47.0,False,1991.25,1991.75
1201,475,338,s,45,45.0,False,1991.25,1991.25
1202,547,342,s,45,47.0,False,1991.25,1991.75
1203,57,347,s,45,49.0,False,1991.25,1992.25
1204,62,226,s,45,48.0,False,1991.25,1992.0
1205,383,497,s,45,48.0,False,1991.25,1992.0
1206,49,329,s,45,46.0,False,1991.25,1991.5
1207,71,217,s,45,52.0,False,1991.25,1993.0
1208,336,432,s,45,47.0,False,1991.25,1991.75
1209,358,525,s,45,53.0,False,1991.25,1993.25
1210,402,234,s,45,47.0,False,1991.25,1991.75
1211,482,69,s,45,46.0,False,1991.25,1991.5
1212,482,432,s,45,52.0,False,1991.25,1993.0
1213,547,439,s,45,46.0,False,1991.25,1991.5
1214,11,170,l,45,55.0,True,1991.25,1993.75
1215,169,375,l,45,54.0,True,1991.25,1993.5
1216,191,479,l,45,56.0,True,1991.25,1994.0
1217,50,353,s,46,48.0,False,1991.5,1992.0
1218,62,5,s,46,48.0,False,1991.5,1992.0
1219,73,249,s,46,50.0,False,1991.5,1992.5
1220,183,284,s,46,48.0,False,1991.5,1992.0
1221,485,110,s,46,47.0,False,1991.5,1991.75
1222,543,129,s,46,55.0,False,1991.5,1993.75
1223,548,110,s,46,51.0,False,1991.5,1992.75
1224,197,29,s,46,53.0,False,1991.5,1993.25
1225,294,58,s,46,49.0,False,1991.5,1992.25
1226,482,180,s,46,48.0,False,1991.5,1992.0
1227,637,56,s,46,49.0,False,1991.5,1992.25
1228,36,529,s,46,49.0,False,1991.5,1992.25
1229,191,231,s,46,53.0,False,1991.5,1993.25
1230,294,514,s,46,58.0,False,1991.5,1994.5
1231,311,517,s,46,47.0,False,1991.5,1991.75
1232,542,479,s,46,49.0,False,1991.5,1992.25
1233,73,129,l,46,60.0,True,1991.5,1995.0
1234,203,95,l,46,70.0,True,1991.5,1997.5
1235,350,329,l,46,114.0,True,1991.5,2008.5
1236,65,517,s,47,48.0,False,1991.75,1992.0
1237,203,284,s,47,49.0,False,1991.75,1992.25
1238,235,445,s,47,48.0,False,1991.75,1992.0
1239,67,423,s,47,53.0,False,1991.75,1993.25
1240,182,405,s,47,47.0,False,1991.75,1991.75
1241,241,321,s,47,50.0,False,1991.75,1992.5
1242,362,32,s,47,61.0,False,1991.75,1995.25
1243,434,529,s,47,49.0,False,1991.75,1992.25
1244,548,80,s,47,51.0,False,1991.75,1992.75
1245,552,529,s,47,53.0,False,1991.75,1993.25
1246,580,627,s,47,66.0,False,1991.75,1996.5
1247,49,387,s,47,49.0,False,1991.75,1992.25
1248,53,517,s,47,51.0,False,1991.75,1992.75
1249,182,32,s,47,48.0,False,1991.75,1992.0
1250,291,133,s,47,52.0,False,1991.75,1993.0
1251,294,521,s,47,50.0,False,1991.75,1992.5
1252,320,199,s,47,49.0,False,1991.75,1992.25
1253,362,58,s,47,51.0,False,1991.75,1992.75
1254,422,324,s,47,51.0,False,1991.75,1992.75
1255,443,399,s,47,49.0,False,1991.75,1992.25
1256,57,516,l,47,111.0,True,1991.75,2007.75
1257,92,243,l,47,54.0,True,1991.75,1993.5
1258,169,453,l,47,78.0,True,1991.75,1999.5
1259,35,379,s,48,56.0,False,1992.0,1994.0
1260,50,445,s,48,54.0,False,1992.0,1993.5
1261,67,237,s,48,49.0,False,1992.0,1992.25
1262,141,58,s,48,53.0,False,1992.0,1993.25
1263,153,40,s,48,48.0,False,1992.0,1992.0
1264,166,418,s,48,49.0,False,1992.0,1992.25
1265,294,479,s,48,49.0,False,1992.0,1992.25
1266,367,416,s,48,52.0,False,1992.0,1993.0
1267,383,524,s,48,62.0,False,1992.0,1995.5
1268,658,453,s,48,49.0,False,1992.0,1992.25
1269,71,55,s,48,49.0,False,1992.0,1992.25
1270,71,523,s,48,51.0,False,1992.0,1992.75
1271,195,432,s,48,52.0,False,1992.0,1993.0
1272,242,515,s,48,59.0,False,1992.0,1994.75
1273,287,230,s,48,48.0,False,1992.0,1992.0
1274,290,234,s,48,63.0,False,1992.0,1995.75
1275,294,176,s,48,53.0,False,1992.0,1993.25
1276,346,139,s,48,53.0,False,1992.0,1993.25
1277,362,86,s,48,49.0,False,1992.0,1992.25
1278,546,284,s,48,54.0,False,1992.0,1993.5
1279,49,514,s,48,55.0,False,1992.0,1993.75
1280,73,436,s,48,49.0,False,1992.0,1992.25
1281,79,80,s,48,49.0,False,1992.0,1992.25
1282,182,239,s,48,50.0,False,1992.0,1992.5
1283,323,328,s,48,49.0,False,1992.0,1992.25
1284,373,56,s,48,51.0,False,1992.0,1992.75
1285,39,130,l,48,89.0,True,1992.0,2002.25
1286,544,237,l,48,103.0,True,1992.0,2005.75
1287,62,5,s,49,54.0,False,1992.25,1993.5
1288,87,418,s,49,55.0,False,1992.25,1993.75
1289,182,523,s,49,50.0,False,1992.25,1992.5
1290,235,101,s,49,59.0,False,1992.25,1994.75
1291,248,418,s,49,58.0,False,1992.25,1994.5
1292,261,416,s,49,51.0,False,1992.25,1992.75
1293,288,249,s,49,49.0,False,1992.25,1992.25
1294,358,211,s,49,62.0,False,1992.25,1995.5
1295,291,418,s,49,50.0,False,1992.25,1992.5
1296,323,284,s,49,54.0,False,1992.25,1993.5
1297,541,328,s,49,55.0,False,1992.25,1993.75
1298,62,226,s,49,62.0,False,1992.25,1995.5
1299,121,80,s,49,50.0,False,1992.25,1992.5
1300,476,470,s,49,50.0,False,1992.25,1992.5
1301,544,199,l,49,76.0,True,1992.25,1999.0
1302,47,133,s,50,56.0,False,1992.5,1994.0
1303,60,189,s,50,67.0,False,1992.5,1996.75
1304,112,105,s,50,52.0,False,1992.5,1993.0
1305,119,529,s,50,53.0,False,1992.5,1993.25
1306,181,51,s,50,54.0,False,1992.5,1993.5
1307,192,284,s,50,65.0,False,1992.5,1996.25
1308,213,115,s,50,52.0,False,1992.5,1993.0
1309,235,418,s,50,63.0,False,1992.5,1995.75
1310,121,445,s,50,52.0,False,1992.5,1993.0
1311,135,353,s,50,56.0,False,1992.5,1994.0
1312,245,237,s,50,53.0,False,1992.5,1993.25
1313,245,497,s,50,55.0,False,1992.5,1993.75
1314,291,129,s,50,57.0,False,1992.5,1994.25
1315,330,345,s,50,51.0,False,1992.5,1992.75
1316,391,418,s,50,55.0,False,1992.5,1993.75
1317,489,58,s,50,51.0,False,1992.5,1992.75
1318,37,529,s,50,52.0,False,1992.5,1993.0
1319,148,529,s,50,52.0,False,1992.5,1993.0
1320,330,418,s,50,58.0,False,1992.5,1994.5
1321,434,95,s,50,53.0,False,1992.5,1993.25
1322,544,77,s,50,55.0,False,1992.5,1993.75
1323,548,512,s,50,55.0,False,1992.5,1993.75
1324,60,284,l,50,183.0,True,1992.5,2025.75
1325,202,497,l,50,165.0,True,1992.5,2021.25
1326,658,515,l,50,152.0,True,1992.5,2018.0
1327,350,29,l,50,120.0,True,1992.5,2010.0
1328,39,338,s,51,54.0,False,1992.75,1993.5
1329,141,418,s,51,51.0,False,1992.75,1992.75
1330,346,284,s,51,62.0,False,1992.75,1995.5
1331,406,217,s,51,51.0,False,1992.75,1992.75
1332,443,418,s,51,53.0,False,1992.75,1993.25
1333,0,189,s,51,56.0,False,1992.75,1994.0
1334,0,328,s,51,58.0,False,1992.75,1994.5
1335,90,222,s,51,52.0,False,1992.75,1993.0
1336,181,130,s,51,52.0,False,1992.75,1993.0
1337,290,51,s,51,60.0,False,1992.75,1995.0
1338,319,470,s,51,54.0,False,1992.75,1993.5
1339,434,178,s,51,51.0,False,1992.75,1992.75
1340,546,80,s,51,52.0,False,1992.75,1993.0
1341,552,515,s,51,51.0,False,1992.75,1992.75
1342,39,44,s,51,52.0,False,1992.75,1993.0
1343,65,515,s,51,52.0,False,1992.75,1993.0
1344,79,418,s,51,53.0,False,1992.75,1993.25
1345,81,514,s,51,52.0,False,1992.75,1993.0
1346,112,100,s,51,53.0,False,1992.75,1993.25
1347,135,521,s,51,60.0,False,1992.75,1995.0
1348,336,437,s,51,58.0,False,1992.75,1994.5
1349,352,77,s,51,57.0,False,1992.75,1994.25
1350,476,168,s,51,53.0,False,1992.75,1993.25
1351,542,347,s,51,55.0,False,1992.75,1993.75
1352,549,110,s,51,52.0,False,1992.75,1993.0
1353,119,249,l,51,74.0,True,1992.75,1998.5
1354,302,324,l,51,212.0,True,1992.75,2033.0
1355,73,84,s,52,53.0,False,1993.0,1993.25
1356,197,146,s,52,64.0,False,1993.0,1996.0
1357,311,387,s,52,61.0,False,1993.0,1995.25
1358,350,249,s,52,56.0,False,1993.0,1994.0
1359,383,222,s,52,57.0,False,1993.0,1994.25
1360,383,497,s,52,59.0,False,1993.0,1994.75
1361,582,19,s,52,54.0,False,1993.0,1993.5
1362,0,347,s,52,52.0,False,1993.0,1993.0
1363,12,58,s,52,55.0,False,1993.0,1993.75
1364,60,154,s,52,53.0,False,1993.0,1993.25
1365,125,529,s,52,60.0,False,1993.0,1995.0
1366,141,405,s,52,54.0,False,1993.0,1993.5
1367,402,284,s,52,58.0,False,1993.0,1994.5
1368,548,249,s,52,55.0,False,1993.0,1993.75
1369,580,246,s,52,55.0,False,1993.0,1993.75
1370,141,515,s,52,66.0,False,1993.0,1996.5
1371,391,517,s,52,62.0,False,1993.0,1995.5
1372,392,247,s,52,56.0,False,1993.0,1994.0
1373,592,168,s,52,54.0,False,1993.0,1993.5
1374,203,284,l,52,69.0,True,1993.0,1997.25
1375,30,180,l,52,147.0,True,1993.0,2016.75
1376,205,284,l,52,220.0,True,1993.0,2035.0
1377,485,440,l,52,83.0,True,1993.0,2000.75
1378,35,40,s,53,60.0,False,1993.25,1995.0
1379,550,284,s,53,71.0,False,1993.25,1997.75
1380,197,347,s,53,58.0,False,1993.25,1994.5
1381,294,129,s,53,66.0,False,1993.25,1996.5
1382,358,418,s,53,60.0,False,1993.25,1995.0
1383,402,247,s,53,55.0,False,1993.25,1993.75
1384,544,486,s,53,62.0,False,1993.25,1995.5
1385,546,293,s,53,57.0,False,1993.25,1994.25
1386,39,44,s,53,56.0,False,1993.25,1994.0
1387,53,296,s,53,60.0,False,1993.25,1995.0
1388,294,284,s,53,59.0,False,1993.25,1994.75
1389,302,329,s,53,55.0,False,1993.25,1993.75
1390,392,129,s,53,62.0,False,1993.25,1995.5
1391,396,217,s,53,55.0,False,1993.25,1993.75
1392,153,137,l,53,68.0,True,1993.25,1997.0
1393,547,129,l,53,95.0,True,1993.25,2003.75
1394,60,154,l,53,150.0,True,1993.25,2017.5
1395,485,284,l,53,142.0,True,1993.25,2015.5
1396,670,105,l,53,61.0,True,1993.25,1995.25
1397,12,436,s,54,62.0,False,1993.5,1995.5
1398,62,58,s,54,59.0,False,1993.5,1994.75
1399,483,399,s,54,60.0,False,1993.5,1995.0
1400,485,525,s,54,66.0,False,1993.5,1996.5
1401,544,139,s,54,56.0,False,1993.5,1994.0
1402,544,515,s,54,59.0,False,1993.5,1994.75
1403,36,370,s,54,55.0,False,1993.5,1993.75
1404,50,110,s,54,55.0,False,1993.5,1993.75
1405,92,432,s,54,56.0,False,1993.5,1994.0
1406,135,80,s,54,56.0,False,1993.5,1994.0
1407,153,436,s,54,57.0,False,1993.5,1994.25
1408,266,347,s,54,54.0,False,1993.5,1993.5
1409,485,521,s,54,61.0,False,1993.5,1995.25
1410,0,436,s,54,60.0,False,1993.5,1995.0
1411,49,272,s,54,57.0,False,1993.5,1994.25
1412,92,243,s,54,55.0,False,1993.5,1993.75
1413,102,42,s,54,64.0,False,1993.5,1996.0
1414,206,479,s,54,59.0,False,1993.5,1994.75
1415,241,345,s,54,57.0,False,1993.5,1994.25
1416,539,296,s,54,63.0,False,1993.5,1995.75
1417,658,510,s,54,55.0,False,1993.5,1993.75
1418,475,226,l,54,56.0,True,1993.5,1994.0
1419,169,247,l,54,133.0,True,1993.5,2013.25
1420,182,514,l,54,66.0,True,1993.5,1996.5
1421,53,211,l,54,63.0,True,1993.5,1995.75
1422,288,222,l,54,59.0,True,1993.5,1994.75
1423,261,512,s,55,67.0,False,1993.75,1996.75
1424,542,517,s,55,63.0,False,1993.75,1995.75
1425,554,342,s,55,58.0,False,1993.75,1994.5
1426,0,337,s,55,55.0,False,1993.75,1993.75
1427,62,115,s,55,59.0,False,1993.75,1994.75
1428,102,342,s,55,58.0,False,1993.75,1994.5
1429,192,509,s,55,58.0,False,1993.75,1994.5
1430,288,115,s,55,63.0,False,1993.75,1995.75
1431,480,509,s,55,57.0,False,1993.75,1994.25
1432,30,610,s,55,78.0,False,1993.75,1999.5
1433,148,86,s,55,61.0,False,1993.75,1995.25
1434,205,514,s,55,56.0,False,1993.75,1994.0
1435,216,439,s,55,60.0,False,1993.75,1995.0
1436,241,189,s,55,63.0,False,1993.75,1995.75
1437,591,379,s,55,58.0,False,1993.75,1994.5
1438,57,347,l,55,204.0,True,1993.75,2031.0
1439,167,512,s,56,59.0,False,1994.0,1994.75
1440,181,405,s,56,58.0,False,1994.0,1994.5
1441,218,226,s,56,62.0,False,1994.0,1995.5
1442,373,389,s,56,56.0,False,1994.0,1994.0
1443,482,222,s,56,60.0,False,1994.0,1995.0
1444,554,160,s,56,57.0,False,1994.0,1994.25
1445,50,176,s,56,58.0,False,1994.0,1994.5
1446,73,517,s,56,67.0,False,1994.0,1996.75
1447,200,519,s,56,57.0,False,1994.0,1994.25
1448,214,585,s,56,59.0,False,1994.0,1994.75
1449,291,82,s,56,59.0,False,1994.0,1994.75
1450,360,132,s,56,56.0,False,1994.0,1994.0
1451,21,431,s,56,57.0,False,1994.0,1994.25
1452,62,520,s,56,68.0,False,1994.0,1997.0
1453,294,101,s,56,61.0,False,1994.0,1995.25
1454,323,61,s,56,57.0,False,1994.0,1994.25
1455,402,51,s,56,58.0,False,1994.0,1994.5
1456,660,372,s,56,58.0,False,1994.0,1994.5
1457,315,515,l,56,168.0,True,1994.0,2022.0
1458,670,58,l,56,82.0,True,1994.0,2000.5
1459,197,515,l,56,152.0,True,1994.0,2018.0
1460,206,627,s,57,58.0,False,1994.25,1994.5
1461,214,255,s,57,64.0,False,1994.25,1996.0
1462,288,150,s,57,59.0,False,1994.25,1994.75
1463,391,217,s,57,59.0,False,1994.25,1994.75
1464,545,217,s,57,58.0,False,1994.25,1994.5
1465,552,314,s,57,62.0,False,1994.25,1995.5
1466,12,379,s,57,60.0,False,1994.25,1995.0
1467,12,498,s,57,60.0,False,1994.25,1995.0
1468,57,180,s,57,57.0,False,1994.25,1994.25
1469,92,410,s,57,69.0,False,1994.25,1997.25
1470,295,432,s,57,63.0,False,1994.25,1995.75
1471,352,217,s,57,66.0,False,1994.25,1996.5
1472,402,133,s,57,57.0,False,1994.25,1994.25
1473,422,189,s,57,58.0,False,1994.25,1994.5
1474,427,296,s,57,62.0,False,1994.25,1995.5
1475,12,33,s,57,61.0,False,1994.25,1995.25
1476,195,237,s,57,63.0,False,1994.25,1995.75
1477,433,479,s,57,62.0,False,1994.25,1995.5
1478,591,256,s,57,59.0,False,1994.25,1994.75
1479,53,75,l,57,90.0,True,1994.25,2002.5
1480,358,154,l,57,59.0,True,1994.25,1994.75
1481,49,521,l,57,123.0,True,1994.25,2010.75
1482,67,517,s,58,58.0,False,1994.5,1994.5
1483,261,517,s,58,61.0,False,1994.5,1995.25
1484,316,211,s,58,59.0,False,1994.5,1994.75
1485,402,132,s,58,71.0,False,1994.5,1997.75
1486,450,196,s,58,58.0,False,1994.5,1994.5
1487,553,456,s,58,58.0,False,1994.5,1994.5
1488,0,348,s,58,60.0,False,1994.5,1995.0
1489,41,189,s,58,60.0,False,1994.5,1995.0
1490,191,55,s,58,60.0,False,1994.5,1995.0
1491,290,440,s,58,70.0,False,1994.5,1997.5
1492,358,189,s,58,60.0,False,1994.5,1995.0
1493,362,516,s,58,59.0,False,1994.5,1994.75
1494,553,105,s,58,61.0,False,1994.5,1995.25
1495,657,418,s,58,64.0,False,1994.5,1996.0
1496,41,513,s,58,66.0,False,1994.5,1996.5
1497,49,445,s,58,59.0,False,1994.5,1994.75
1498,67,176,s,58,60.0,False,1994.5,1995.0
1499,117,522,s,58,61.0,False,1994.5,1995.25
1500,288,520,s,58,59.0,False,1994.5,1994.75
1501,406,469,s,58,59.0,False,1994.5,1994.75
1502,450,247,s,58,68.0,False,1994.5,1997.0
1503,552,431,s,58,63.0,False,1994.5,1995.75
1504,39,244,l,58,84.0,True,1994.5,2001.0
1505,216,176,l,58,102.0,True,1994.5,2005.5
1506,60,399,s,59,61.0,False,1994.75,1995.25
1507,121,515,s,59,59.0,False,1994.75,1994.75
1508,157,525,s,59,60.0,False,1994.75,1995.0
1509,455,345,s,59,60.0,False,1994.75,1995.0
1510,466,269,s,59,65.0,False,1994.75,1996.25
1511,30,222,s,59,62.0,False,1994.75,1995.5
1512,39,269,s,59,60.0,False,1994.75,1995.0
1513,39,353,s,59,59.0,False,1994.75,1994.75
1514,60,515,s,59,61.0,False,1994.75,1995.25
1515,182,379,s,59,60.0,False,1994.75,1995.0
1516,312,247,s,59,65.0,False,1994.75,1996.25
1517,402,418,s,59,60.0,False,1994.75,1995.0
1518,540,514,s,59,60.0,False,1994.75,1995.0
1519,670,347,s,59,73.0,False,1994.75,1998.25
1520,181,486,s,59,64.0,False,1994.75,1996.0
1521,182,405,s,59,60.0,False,1994.75,1995.0
1522,406,146,s,59,61.0,False,1994.75,1995.25
1523,444,284,s,59,62.0,False,1994.75,1995.5
1524,460,234,s,59,63.0,False,1994.75,1995.75
1525,539,234,s,59,70.0,False,1994.75,1997.5
1526,550,347,s,59,66.0,False,1994.75,1996.5
1527,552,237,s,59,64.0,False,1994.75,1996.0
1528,670,627,s,59,62.0,False,1994.75,1995.5
1529,205,345,l,59,72.0,True,1994.75,1998.0
1530,248,95,l,59,199.0,True,1994.75,2029.75
1531,312,418,l,59,75.0,True,1994.75,1998.75
1532,485,517,l,59,81.0,True,1994.75,2000.25
1533,31,704,s,60,64.0,False,1995.0,1996.0
1534,60,345,s,60,64.0,False,1995.0,1996.0
1535,127,324,s,60,61.0,False,1995.0,1995.25
1536,200,132,s,60,66.0,False,1995.0,1996.5
1537,542,296,s,60,64.0,False,1995.0,1996.0
1538,542,321,s,60,61.0,False,1995.0,1995.25
1539,65,328,s,60,61.0,False,1995.0,1995.25
1540,127,234,s,60,68.0,False,1995.0,1997.0
1541,190,375,s,60,60.0,False,1995.0,1995.0
1542,591,355,s,60,63.0,False,1995.0,1995.75
1543,0,405,s,60,64.0,False,1995.0,1996.0
1544,48,189,s,60,62.0,False,1995.0,1995.5
1545,48,479,s,60,78.0,False,1995.0,1999.5
1546,50,284,s,60,66.0,False,1995.0,1996.5
1547,50,342,s,60,77.0,False,1995.0,1999.25
1548,62,5,s,60,67.0,False,1995.0,1996.75
1549,121,432,s,60,62.0,False,1995.0,1995.5
1550,159,506,s,60,67.0,False,1995.0,1996.75
1551,166,55,s,60,84.0,False,1995.0,2001.0
1552,166,224,s,60,64.0,False,1995.0,1996.0
1553,215,314,s,60,61.0,False,1995.0,1995.25
1554,312,230,s,60,71.0,False,1995.0,1997.75
1555,391,515,s,60,66.0,False,1995.0,1996.5
1556,548,397,s,60,67.0,False,1995.0,1996.75
1557,73,470,l,60,116.0,True,1995.0,2009.0
1558,480,284,l,60,218.0,True,1995.0,2034.5
1559,81,514,s,61,61.0,False,1995.25,1995.25
1560,90,77,s,61,61.0,False,1995.25,1995.25
1561,127,77,s,61,62.0,False,1995.25,1995.5
1562,206,470,s,61,62.0,False,1995.25,1995.5
1563,319,379,s,61,63.0,False,1995.25,1995.75
1564,391,247,s,61,62.0,False,1995.25,1995.5
1565,444,514,s,61,64.0,False,1995.25,1996.0
1566,117,237,s,61,64.0,False,1995.25,1996.0
1567,166,230,s,61,64.0,False,1995.25,1996.0
1568,549,314,s,61,62.0,False,1995.25,1995.5
1569,659,247,s,61,62.0,False,1995.25,1995.5
1570,0,347,s,61,77.0,False,1995.25,1999.25
1571,12,29,s,61,63.0,False,1995.25,1995.75
1572,323,284,s,61,62.0,False,1995.25,1995.5
1573,391,189,s,61,62.0,False,1995.25,1995.5
1574,214,512,l,61,116.0,True,1995.25,2009.0
1575,352,418,l,61,200.0,True,1995.25,2030.0
1576,6,272,s,62,65.0,False,1995.5,1996.25
1577,60,54,s,62,62.0,False,1995.5,1995.5
1578,352,296,s,62,62.0,False,1995.5,1995.5
1579,482,222,s,62,64.0,False,1995.5,1996.0
1580,659,234,s,62,63.0,False,1995.5,1995.75
1581,119,342,s,62,65.0,False,1995.5,1996.25
1582,124,230,s,62,70.0,False,1995.5,1997.5
1583,182,497,s,62,67.0,False,1995.5,1996.75
1584,252,244,s,62,64.0,False,1995.5,1996.0
1585,302,133,s,62,65.0,False,1995.5,1996.25
1586,402,296,s,62,69.0,False,1995.5,1997.25
1587,422,397,s,62,73.0,False,1995.5,1998.25
1588,480,247,s,62,78.0,False,1995.5,1999.5
1589,35,239,s,62,63.0,False,1995.5,1995.75
1590,153,32,s,62,69.0,False,1995.5,1997.25
1591,203,374,s,62,65.0,False,1995.5,1996.25
1592,325,133,s,62,63.0,False,1995.5,1995.75
1593,546,514,s,62,63.0,False,1995.5,1995.75
1594,161,139,l,62,156.0,True,1995.5,2019.0
1595,182,523,l,62,99.0,True,1995.5,2004.75
1596,106,370,s,63,64.0,False,1995.75,1996.0
1597,125,437,s,63,63.0,False,1995.75,1995.75
1598,552,379,s,63,64.0,False,1995.75,1996.0
1599,50,439,s,63,67.0,False,1995.75,1996.75
1600,434,176,s,63,69.0,False,1995.75,1997.25
1601,450,440,s,63,64.0,False,1995.75,1996.0
1602,485,329,s,63,65.0,False,1995.75,1996.25
1603,590,523,s,63,67.0,False,1995.75,1996.75
1604,658,486,s,63,67.0,False,1995.75,1996.75
1605,65,176,s,63,70.0,False,1995.75,1997.5
1606,91,521,s,63,69.0,False,1995.75,1997.25
1607,235,432,s,63,70.0,False,1995.75,1997.5
1608,350,436,s,63,65.0,False,1995.75,1996.25
1609,406,347,s,63,65.0,False,1995.75,1996.25
1610,427,387,s,63,71.0,False,1995.75,1997.75
1611,541,230,s,63,64.0,False,1995.75,1996.0
1612,554,168,s,63,64.0,False,1995.75,1996.0
1613,697,146,s,63,67.0,False,1995.75,1996.75
1614,316,387,l,63,163.0,True,1995.75,2020.75
1615,541,418,l,63,129.0,True,1995.75,2012.25
1616,0,342,s,64,69.0,False,1996.0,1997.25
1617,49,243,s,64,64.0,False,1996.0,1996.0
1618,62,105,s,64,66.0,False,1996.0,1996.5
1619,62,253,s,64,65.0,False,1996.0,1996.25
1620,73,524,s,64,85.0,False,1996.0,2001.25
1621,79,296,s,64,67.0,False,1996.0,1996.75
1622,121,516,s,64,67.0,False,1996.0,1996.75
1623,167,284,s,64,69.0,False,1996.0,1997.25
1624,218,520,s,64,66.0,False,1996.0,1996.5
1625,367,437,s,64,64.0,False,1996.0,1996.0
1626,481,150,s,64,75.0,False,1996.0,1998.75
1627,548,479,s,64,74.0,False,1996.0,1998.5
1628,548,724,s,64,71.0,False,1996.0,1997.75
1629,62,226,s,64,69.0,False,1996.0,1997.25
1630,166,296,s,64,68.0,False,1996.0,1997.0
1631,166,423,s,64,70.0,False,1996.0,1997.5
1632,242,512,s,64,65.0,False,1996.0,1996.25
1633,406,517,s,64,65.0,False,1996.0,1996.25
1634,550,479,s,64,69.0,False,1996.0,1997.25
1635,65,139,s,64,68.0,False,1996.0,1997.0
1636,92,82,s,64,66.0,False,1996.0,1996.5
1637,316,129,s,64,69.0,False,1996.0,1997.25
1638,350,525,s,64,66.0,False,1996.0,1996.5
1639,383,497,s,64,66.0,False,1996.0,1996.5
1640,482,506,s,64,67.0,False,1996.0,1996.75
1641,553,405,s,64,65.0,False,1996.0,1996.25
1642,12,170,l,64,84.0,True,1996.0,2001.0
1643,422,189,l,64,68.0,True,1996.0,1997.0
1644,167,58,s,65,68.0,False,1996.25,1997.0
1645,169,387,s,65,65.0,False,1996.25,1996.25
1646,182,170,s,65,66.0,False,1996.25,1996.5
1647,290,374,s,65,74.0,False,1996.25,1998.5
1648,402,387,s,65,68.0,False,1996.25,1997.0
1649,552,405,s,65,84.0,False,1996.25,2001.0
1650,12,517,s,65,69.0,False,1996.25,1997.25
1651,360,432,s,65,70.0,False,1996.25,1997.5
1652,362,237,s,65,78.0,False,1996.25,1999.5
1653,657,296,s,65,68.0,False,1996.25,1997.0
1654,36,217,s,65,69.0,False,1996.25,1997.25
1655,79,410,s,65,70.0,False,1996.25,1997.5
1656,181,470,s,65,66.0,False,1996.25,1996.5
1657,192,371,s,65,74.0,False,1996.25,1998.5
1658,235,189,s,65,73.0,False,1996.25,1998.25
1659,391,77,s,65,66.0,False,1996.25,1996.5
1660,434,440,s,65,68.0,False,1996.25,1997.0
1661,482,497,s,65,67.0,False,1996.25,1996.75
1662,290,513,l,65,220.0,True,1996.25,2035.0
1663,50,105,l,65,70.0,True,1996.25,1997.5
1664,12,725,s,66,73.0,False,1996.5,1998.25
1665,352,293,s,66,66.0,False,1996.5,1996.5
1666,362,139,s,66,70.0,False,1996.5,1997.5
1667,434,29,s,66,69.0,False,1996.5,1997.25
1668,106,110,s,66,67.0,False,1996.5,1996.75
1669,181,237,s,66,67.0,False,1996.5,1996.75
1670,294,437,s,66,67.0,False,1996.5,1996.75
1671,373,627,s,66,66.0,False,1996.5,1996.5
1672,422,110,s,66,70.0,False,1996.5,1997.5
1673,553,199,s,66,68.0,False,1996.5,1997.0
1674,190,328,s,66,69.0,False,1996.5,1997.25
1675,200,519,s,66,70.0,False,1996.5,1997.5
1676,245,610,s,66,67.0,False,1996.5,1996.75
1677,383,232,s,66,68.0,False,1996.5,1997.0
1678,433,379,s,66,68.0,False,1996.5,1997.0
1679,485,379,s,66,68.0,False,1996.5,1997.0
1680,544,222,s,66,70.0,False,1996.5,1997.5
1681,580,110,s,66,67.0,False,1996.5,1996.75
1682,670,379,s,66,68.0,False,1996.5,1997.0
1683,728,379,s,66,68.0,False,1996.5,1997.0
1684,124,512,l,66,70.0,True,1996.5,1997.5
1685,182,189,l,66,74.0,True,1996.5,1998.5
1686,135,519,s,67,68.0,False,1996.75,1997.0
1687,248,284,s,67,84.0,False,1996.75,2001.0
1688,552,438,s,67,69.0,False,1996.75,1997.25
1689,670,246,s,67,70.0,False,1996.75,1997.5
1690,106,436,s,67,72.0,False,1996.75,1998.0
1691,215,292,s,67,71.0,False,1996.75,1997.75
1692,553,529,s,67,69.0,False,1996.75,1997.25
1693,727,185,s,67,69.0,False,1996.75,1997.25
1694,0,272,s,67,77.0,False,1996.75,1999.25
1695,312,95,s,67,71.0,False,1996.75,1997.75
1696,325,432,s,67,75.0,False,1996.75,1998.75
1697,540,146,s,67,77.0,False,1996.75,1999.25
1698,544,296,s,67,73.0,False,1996.75,1998.25
1699,550,347,s,67,68.0,False,1996.75,1997.0
1700,172,375,l,67,70.0,True,1996.75,1997.5
1701,166,514,l,67,176.0,True,1996.75,2024.0
1702,412,514,l,67,148.0,True,1996.75,2017.0
1703,235,234,l,67,113.0,True,1996.75,2008.25
1704,0,328,s,68,74.0,False,1997.0,1998.5
1705,50,237,s,68,75.0,False,1997.0,1998.75
1706,65,129,s,68,76.0,False,1997.0,1999.0
1707,81,436,s,68,77.0,False,1997.0,1999.25
1708,135,110,s,68,70.0,False,1997.0,1997.5
1709,152,211,s,68,68.0,False,1997.0,1997.0
1710,235,199,s,68,68.0,False,1997.0,1997.0
1711,235,321,s,68,70.0,False,1997.0,1997.5
1712,548,58,s,68,70.0,False,1997.0,1997.5
1713,579,129,s,68,68.0,False,1997.0,1997.0
1714,39,246,s,68,73.0,False,1997.0,1998.25
1715,50,479,s,68,69.0,False,1997.0,1997.25
1716,79,513,s,68,70.0,False,1997.0,1997.5
1717,169,432,s,68,73.0,False,1997.0,1998.25
1718,195,54,s,68,69.0,False,1997.0,1997.25
1719,311,55,s,68,77.0,False,1997.0,1999.25
1720,323,284,s,68,71.0,False,1997.0,1997.75
1721,346,222,s,68,75.0,False,1997.0,1998.75
1722,402,509,s,68,74.0,False,1997.0,1998.5
1723,406,479,s,68,77.0,False,1997.0,1999.25
1724,422,176,s,68,69.0,False,1997.0,1997.25
1725,539,146,s,68,71.0,False,1997.0,1997.75
1726,548,284,s,68,76.0,False,1997.0,1999.0
1727,658,576,s,68,73.0,False,1997.0,1998.25
1728,91,436,s,68,69.0,False,1997.0,1997.25
1729,290,375,s,68,69.0,False,1997.0,1997.25
1730,383,497,s,68,69.0,False,1997.0,1997.25
1731,391,418,s,68,74.0,False,1997.0,1998.5
1732,402,133,s,68,69.0,False,1997.0,1997.25
1733,434,208,s,68,71.0,False,1997.0,1997.75
1734,548,347,s,68,71.0,False,1997.0,1997.75
1735,214,234,l,68,100.0,True,1997.0,2005.0
1736,248,423,l,68,124.0,True,1997.0,2011.0
1737,65,154,s,69,73.0,False,1997.25,1998.25
1738,67,61,s,69,71.0,False,1997.25,1997.75
1739,92,469,s,69,73.0,False,1997.25,1998.25
1740,242,524,s,69,73.0,False,1997.25,1998.25
1741,336,328,s,69,70.0,False,1997.25,1997.5
1742,539,345,s,69,71.0,False,1997.25,1997.75
1743,73,514,s,69,79.0,False,1997.25,1999.75
1744,135,139,s,69,69.0,False,1997.25,1997.25
1745,288,425,s,69,70.0,False,1997.25,1997.5
1746,316,425,s,69,74.0,False,1997.25,1998.5
1747,580,278,s,69,71.0,False,1997.25,1997.75
1748,117,58,s,69,72.0,False,1997.25,1998.0
1749,135,58,s,69,70.0,False,1997.25,1997.5
1750,153,256,s,69,83.0,False,1997.25,2000.75
1751,205,375,s,69,70.0,False,1997.25,1997.5
1752,245,293,s,69,72.0,False,1997.25,1998.0
1753,378,436,s,69,71.0,False,1997.25,1997.75
1754,434,222,s,69,71.0,False,1997.25,1997.75
1755,481,115,l,69,70.0,True,1997.25,1997.5
1756,121,217,l,69,72.0,True,1997.25,1998.0
1757,127,284,l,69,91.0,True,1997.25,2002.75
1758,35,522,s,70,70.0,False,1997.5,1997.5
1759,37,170,s,70,70.0,False,1997.5,1997.5
1760,62,5,s,70,72.0,False,1997.5,1998.0
1761,62,105,s,70,71.0,False,1997.5,1997.75
1762,92,54,s,70,77.0,False,1997.5,1999.25
1763,121,436,s,70,71.0,False,1997.5,1997.75
1764,200,129,s,70,80.0,False,1997.5,2000.0
1765,316,439,s,70,76.0,False,1997.5,1999.0
1766,358,51,s,70,79.0,False,1997.5,1999.75
1767,57,397,s,70,71.0,False,1997.5,1997.75
1768,92,512,s,70,71.0,False,1997.5,1997.75
1769,166,585,s,70,70.0,False,1997.5,1997.5
1770,205,576,s,70,78.0,False,1997.5,1999.5
1771,65,437,s,70,71.0,False,1997.5,1997.75
1772,81,328,s,70,71.0,False,1997.5,1997.75
1773,248,514,s,70,71.0,False,1997.5,1997.75
1774,406,272,s,70,72.0,False,1997.5,1998.0
1775,352,509,s,71,73.0,False,1997.75,1998.25
1776,402,432,s,71,72.0,False,1997.75,1998.0
1777,402,610,s,71,83.0,False,1997.75,2000.75
1778,450,234,s,71,71.0,False,1997.75,1997.75
1779,450,514,s,71,75.0,False,1997.75,1998.75
1780,542,61,s,71,75.0,False,1997.75,1998.75
1781,542,387,s,71,72.0,False,1997.75,1998.0
1782,402,337,s,71,72.0,False,1997.75,1998.0
1783,548,329,s,71,87.0,False,1997.75,2001.75
1784,548,527,s,71,76.0,False,1997.75,1999.0
1785,727,436,s,71,76.0,False,1997.75,1999.0
1786,127,77,s,71,72.0,False,1997.75,1998.0
1787,444,132,s,71,75.0,False,1997.75,1998.75
1788,592,111,s,71,72.0,False,1997.75,1998.0
1789,580,139,l,71,138.0,True,1997.75,2014.5
1790,336,479,l,71,84.0,True,1997.75,2001.0
1791,79,328,s,72,72.0,False,1998.0,1998.0
1792,218,115,s,72,75.0,False,1998.0,1998.75
1793,218,226,s,72,72.0,False,1998.0,1998.0
1794,433,405,s,72,73.0,False,1998.0,1998.25
1795,549,704,s,72,82.0,False,1998.0,2000.5
1796,12,470,s,72,74.0,False,1998.0,1998.5
1797,39,239,s,72,74.0,False,1998.0,1998.5
1798,190,514,s,72,78.0,False,1998.0,1999.5
1799,391,328,s,72,73.0,False,1998.0,1998.25
1800,422,189,s,72,75.0,False,1998.0,1998.75
1801,73,105,s,72,73.0,False,1998.0,1998.25
1802,79,150,s,72,82.0,False,1998.0,2000.5
1803,182,237,s,72,81.0,False,1998.0,2000.25
1804,205,505,s,72,74.0,False,1998.0,1998.5
1805,336,457,s,72,75.0,False,1998.0,1998.75
1806,434,105,s,72,83.0,False,1998.0,2000.75
1807,546,176,s,72,80.0,False,1998.0,2000.0
1808,591,68,s,72,73.0,False,1998.0,1998.25
1809,203,375,l,72,124.0,True,1998.0,2011.0
1810,6,199,l,72,76.0,True,1998.0,1999.0
1811,191,387,l,72,94.0,True,1998.0,2003.5
1812,73,170,l,72,84.0,True,1998.0,2001.0
1813,195,517,l,72,93.0,True,1998.0,2003.25
1814,37,519,s,73,76.0,False,1998.25,1999.0
1815,127,54,s,73,76.0,False,1998.25,1999.0
1816,325,132,s,73,75.0,False,1998.25,1998.75
1817,157,329,s,73,77.0,False,1998.25,1999.25
1818,166,146,s,73,79.0,False,1998.25,1999.75
1819,192,343,s,73,74.0,False,1998.25,1998.5
1820,358,445,s,73,76.0,False,1998.25,1999.0
1821,362,524,s,73,73.0,False,1998.25,1998.25
1822,450,432,s,73,78.0,False,1998.25,1999.5
1823,540,55,s,73,76.0,False,1998.25,1999.0
1824,135,371,s,73,74.0,False,1998.25,1998.5
1825,190,324,s,73,78.0,False,1998.25,1999.5
1826,200,432,s,73,74.0,False,1998.25,1998.5
1827,542,284,s,73,74.0,False,1998.25,1998.5
1828,545,432,s,73,76.0,False,1998.25,1999.0
1829,548,389,s,73,75.0,False,1998.25,1998.75
1830,747,55,s,73,79.0,False,1998.25,1999.75
1831,391,51,l,73,157.0,True,1998.25,2019.25
1832,480,196,l,73,102.0,True,1998.25,2005.5
1833,312,77,l,73,125.0,True,1998.25,2011.25
1834,11,129,s,74,79.0,False,1998.5,1999.75
1835,37,716,s,74,82.0,False,1998.5,2000.5
1836,214,457,s,74,87.0,False,1998.5,2001.75
1837,241,453,s,74,80.0,False,1998.5,2000.0
1838,288,525,s,74,76.0,False,1998.5,1999.0
1839,325,234,s,74,82.0,False,1998.5,2000.5
1840,362,80,s,74,90.0,False,1998.5,2002.5
1841,81,321,s,74,81.0,False,1998.5,2000.25
1842,117,130,s,74,76.0,False,1998.5,1999.0
1843,166,418,s,74,79.0,False,1998.5,1999.75
1844,291,231,s,74,78.0,False,1998.5,1999.5
1845,358,129,s,74,88.0,False,1998.5,2002.0
1846,550,524,s,74,80.0,False,1998.5,2000.0
1847,658,517,s,74,76.0,False,1998.5,1999.0
1848,87,55,s,74,81.0,False,1998.5,2000.25
1849,391,439,s,74,78.0,False,1998.5,1999.5
1850,402,146,s,74,80.0,False,1998.5,2000.0
1851,12,136,l,74,84.0,True,1998.5,2001.0
1852,378,440,l,74,75.0,True,1998.5,1998.75
1853,552,525,l,74,143.0,True,1998.5,2015.75
1854,336,432,l,74,217.0,True,1998.5,2034.25
1855,194,456,l,74,88.0,True,1998.5,2002.0
1856,235,63,l,74,81.0,True,1998.5,2000.25
1857,294,105,l,74,88.0,True,1998.5,2002.0
1858,65,610,s,75,81.0,False,1998.75,2000.25
1859,121,512,s,75,79.0,False,1998.75,1999.75
1860,182,139,s,75,78.0,False,1998.75,1999.5
1861,205,345,s,75,77.0,False,1998.75,1999.25
1862,315,375,s,75,76.0,False,1998.75,1999.0
1863,360,224,s,75,84.0,False,1998.75,2001.0
1864,360,655,s,75,77.0,False,1998.75,1999.25
1865,362,133,s,75,79.0,False,1998.75,1999.75
1866,485,438,s,75,78.0,False,1998.75,1999.5
1867,570,600,s,75,78.0,False,1998.75,1999.5
1868,0,524,s,75,91.0,False,1998.75,2002.75
1869,50,199,s,75,76.0,False,1998.75,1999.0
1870,50,329,s,75,79.0,False,1998.75,1999.75
1871,117,470,s,75,81.0,False,1998.75,2000.25
1872,159,423,s,75,77.0,False,1998.75,1999.25
1873,391,342,s,75,77.0,False,1998.75,1999.25
1874,414,453,s,75,80.0,False,1998.75,2000.0
1875,669,321,s,75,81.0,False,1998.75,2000.25
1876,12,33,s,75,80.0,False,1998.75,2000.0
1877,48,511,s,75,77.0,False,1998.75,1999.25
1878,182,479,s,75,78.0,False,1998.75,1999.5
1879,161,514,l,75,155.0,True,1998.75,2018.75
1880,550,244,l,75,84.0,True,1998.75,2001.0
1881,53,375,s,76,76.0,False,1999.0,1999.0
1882,117,136,s,76,78.0,False,1999.0,1999.5
1883,195,284,s,76,76.0,False,1999.0,1999.0
1884,294,610,s,76,76.0,False,1999.0,1999.0
1885,367,101,s,76,78.0,False,1999.0,1999.5
1886,427,345,s,76,76.0,False,1999.0,1999.0
1887,590,706,s,76,80.0,False,1999.0,2000.0
1888,747,457,s,76,79.0,False,1999.0,1999.75
1889,748,293,s,76,81.0,False,1999.0,2000.25
1890,748,512,s,76,76.0,False,1999.0,1999.0
1891,0,189,s,76,81.0,False,1999.0,2000.25
1892,62,226,s,76,80.0,False,1999.0,2000.0
1893,214,585,s,76,83.0,False,1999.0,2000.75
1894,288,445,s,76,79.0,False,1999.0,1999.75
1895,588,321,s,76,77.0,False,1999.0,1999.25
1896,748,416,s,76,79.0,False,1999.0,1999.75
1897,50,470,s,76,80.0,False,1999.0,2000.0
1898,73,456,s,76,80.0,False,1999.0,2000.0
1899,124,101,s,76,77.0,False,1999.0,1999.25
1900,181,347,s,76,80.0,False,1999.0,2000.0
1901,241,387,s,76,77.0,False,1999.0,1999.25
1902,394,274,s,76,78.0,False,1999.0,1999.5
1903,480,510,s,76,83.0,False,1999.0,2000.75
1904,499,405,s,76,79.0,False,1999.0,1999.75
1905,550,139,s,76,77.0,False,1999.0,1999.25
1906,550,284,s,76,78.0,False,1999.0,1999.5
1907,748,236,s,76,85.0,False,1999.0,2001.25
1908,336,296,l,76,83.0,True,1999.0,2000.75
1909,748,506,l,76,84.0,True,1999.0,2001.0
1910,0,284,s,77,79.0,False,1999.25,1999.75
1911,73,486,s,77,78.0,False,1999.25,1999.5
1912,166,630,s,77,77.0,False,1999.25,1999.25
1913,181,470,s,77,81.0,False,1999.25,2000.25
1914,202,180,s,77,80.0,False,1999.25,2000.0
1915,288,115,s,77,79.0,False,1999.25,1999.75
1916,312,517,s,77,80.0,False,1999.25,2000.0
1917,360,211,s,77,88.0,False,1999.25,2002.0
1918,434,432,s,77,77.0,False,1999.25,1999.25
1919,541,375,s,77,82.0,False,1999.25,2000.5
1920,697,139,s,77,80.0,False,1999.25,2000.0
1921,36,519,s,77,81.0,False,1999.25,2000.25
1922,190,129,s,77,78.0,False,1999.25,1999.5
1923,291,296,s,77,77.0,False,1999.25,1999.25
1924,362,29,s,77,82.0,False,1999.25,2000.5
1925,0,397,s,77,85.0,False,1999.25,2001.25
1926,12,304,s,77,79.0,False,1999.25,1999.75
1927,92,234,s,77,82.0,False,1999.25,2000.5
1928,235,29,s,77,79.0,False,1999.25,1999.75
1929,406,418,s,77,78.0,False,1999.25,1999.5
1930,450,387,s,77,85.0,False,1999.25,2001.25
1931,455,139,s,77,94.0,False,1999.25,2003.5
1932,542,432,s,77,79.0,False,1999.25,1999.75
1933,12,479,l,77,84.0,True,1999.25,2001.0
1934,92,296,l,77,158.0,True,1999.25,2019.5
1935,748,509,l,77,84.0,True,1999.25,2001.0
1936,39,519,s,78,79.0,False,1999.5,1999.75
1937,49,284,s,78,80.0,False,1999.5,2000.0
1938,216,479,s,78,84.0,False,1999.5,2001.0
1939,290,139,s,78,79.0,False,1999.5,1999.75
1940,311,509,s,78,79.0,False,1999.5,1999.75
1941,346,136,s,78,81.0,False,1999.5,2000.25
1942,570,69,s,78,80.0,False,1999.5,2000.0
1943,748,82,s,78,78.0,False,1999.5,1999.5
1944,73,522,s,78,81.0,False,1999.5,2000.25
1945,320,284,s,78,81.0,False,1999.5,2000.25
1946,346,51,s,78,79.0,False,1999.5,1999.75
1947,360,180,s,78,80.0,False,1999.5,2000.0
1948,402,517,s,78,81.0,False,1999.5,2000.25
1949,485,105,s,78,84.0,False,1999.5,2001.0
1950,544,516,s,78,79.0,False,1999.5,1999.75
1951,35,470,s,78,93.0,False,1999.5,2003.25
1952,53,234,s,78,82.0,False,1999.5,2000.5
1953,73,105,s,78,79.0,False,1999.5,1999.75
1954,235,211,s,78,79.0,False,1999.5,1999.75
1955,285,418,s,78,79.0,False,1999.5,1999.75
1956,288,520,s,78,80.0,False,1999.5,2000.0
1957,417,345,s,78,92.0,False,1999.5,2003.0
1958,427,399,l,78,103.0,True,1999.5,2005.75
1959,482,180,l,78,123.0,True,1999.5,2010.75
1960,30,222,s,79,79.0,False,1999.75,1999.75
1961,50,236,s,79,81.0,False,1999.75,2000.25
1962,79,517,s,79,86.0,False,1999.75,2001.5
1963,135,517,s,79,83.0,False,1999.75,2000.75
1964,291,654,s,79,79.0,False,1999.75,1999.75
1965,294,517,s,79,80.0,False,1999.75,2000.0
1966,378,523,s,79,81.0,False,1999.75,2000.25
1967,422,176,s,79,81.0,False,1999.75,2000.25
1968,595,418,s,79,81.0,False,1999.75,2000.25
1969,748,132,s,79,83.0,False,1999.75,2000.75
1970,62,115,s,79,80.0,False,1999.75,2000.0
1971,67,351,s,79,82.0,False,1999.75,2000.5
1972,117,32,s,79,82.0,False,1999.75,2000.5
1973,235,324,s,79,80.0,False,1999.75,2000.0
1974,550,272,s,79,80.0,False,1999.75,2000.0
1975,552,51,s,79,82.0,False,1999.75,2000.5
1976,588,457,s,79,86.0,False,1999.75,2001.5
1977,41,439,s,79,84.0,False,1999.75,2001.0
1978,57,514,s,79,93.0,False,1999.75,2003.25
1979,117,105,s,79,80.0,False,1999.75,2000.0
1980,213,150,s,79,82.0,False,1999.75,2000.5
1981,287,439,s,79,91.0,False,1999.75,2002.75
1982,362,525,s,79,82.0,False,1999.75,2000.5
1983,408,185,s,79,85.0,False,1999.75,2001.25
1984,422,347,s,79,89.0,False,1999.75,2002.25
1985,485,486,s,79,81.0,False,1999.75,2000.25
1986,548,523,s,79,87.0,False,1999.75,2001.75
1987,450,54,l,79,111.0,True,1999.75,2007.75
1988,197,514,l,79,88.0,True,1999.75,2002.0
1989,290,133,l,79,142.0,True,1999.75,2015.5
1990,30,397,s,80,81.0,False,2000.0,2000.25
1991,67,284,s,80,80.0,False,2000.0,2000.0
1992,125,470,s,80,84.0,False,2000.0,2001.0
1993,312,176,s,80,81.0,False,2000.0,2000.25
1994,548,517,s,80,91.0,False,2000.0,2002.75
1995,554,372,s,80,82.0,False,2000.0,2000.5
1996,46,243,s,80,82.0,False,2000.0,2000.5
1997,60,234,s,80,81.0,False,2000.0,2000.25
1998,218,520,s,80,83.0,False,2000.0,2000.75
1999,294,110,s,80,80.0,False,2000.0,2000.0
2000,352,284,s,80,83.0,False,2000.0,2000.75
2001,608,509,s,80,82.0,False,2000.0,2000.5
2002,9,274,s,80,83.0,False,2000.0,2000.75
2003,50,237,s,80,83.0,False,2000.0,2000.75
2004,127,375,s,80,84.0,False,2000.0,2001.0
2005,148,531,s,80,83.0,False,2000.0,2000.75
2006,166,243,s,80,88.0,False,2000.0,2002.0
2007,166,512,s,80,87.0,False,2000.0,2001.75
2008,336,129,s,80,81.0,False,2000.0,2000.25
2009,539,399,s,80,83.0,False,2000.0,2000.75
2010,584,514,s,80,82.0,False,2000.0,2000.5
2011,315,307,l,80,136.0,True,2000.0,2014.0
2012,0,439,s,81,83.0,False,2000.25,2000.75
2013,65,517,s,81,84.0,False,2000.25,2001.0
2014,117,110,s,81,87.0,False,2000.25,2001.75
2015,203,55,s,81,84.0,False,2000.25,2001.0
2016,235,486,s,81,83.0,False,2000.25,2000.75
2017,388,486,s,81,81.0,False,2000.25,2000.25
2018,427,513,s,81,90.0,False,2000.25,2002.5
2019,483,54,s,81,88.0,False,2000.25,2002.0
2020,543,77,s,81,82.0,False,2000.25,2000.5
2021,49,754,s,81,83.0,False,2000.25,2000.75
2022,53,399,s,81,82.0,False,2000.25,2000.5
2023,186,497,s,81,88.0,False,2000.25,2002.0
2024,216,321,s,81,87.0,False,2000.25,2001.75
2025,316,418,s,81,92.0,False,2000.25,2003.0
2026,346,724,s,81,85.0,False,2000.25,2001.25
2027,548,185,s,81,83.0,False,2000.25,2000.75
2028,65,231,s,81,85.0,False,2000.25,2001.25
2029,135,58,s,81,94.0,False,2000.25,2003.5
2030,336,176,s,81,83.0,False,2000.25,2000.75
2031,350,656,s,81,84.0,False,2000.25,2001.0
2032,360,387,s,81,85.0,False,2000.25,2001.25
2033,367,457,s,81,88.0,False,2000.25,2002.0
2034,394,222,s,81,92.0,False,2000.25,2003.0
2035,489,176,s,81,93.0,False,2000.25,2003.25
2036,608,345,s,81,83.0,False,2000.25,2000.75
2037,30,324,l,81,201.0,True,2000.25,2030.25
2038,53,196,s,82,85.0,False,2000.5,2001.25
2039,121,217,s,82,85.0,False,2000.5,2001.25
2040,135,105,s,82,82.0,False,2000.5,2000.5
2041,181,314,s,82,88.0,False,2000.5,2002.0
2042,235,269,s,82,83.0,False,2000.5,2000.75
2043,302,284,s,82,82.0,False,2000.5,2000.5
2044,352,513,s,82,85.0,False,2000.5,2001.25
2045,422,139,s,82,90.0,False,2000.5,2002.5
2046,152,576,s,82,83.0,False,2000.5,2000.75
2047,153,58,s,82,96.0,False,2000.5,2004.0
2048,542,95,s,82,82.0,False,2000.5,2000.5
2049,36,284,s,82,83.0,False,2000.5,2000.75
2050,192,293,s,82,91.0,False,2000.5,2002.75
2051,218,115,s,82,91.0,False,2000.5,2002.75
2052,218,342,s,82,88.0,False,2000.5,2002.0
2053,288,437,s,82,87.0,False,2000.5,2001.75
2054,362,440,s,82,84.0,False,2000.5,2001.0
2055,417,457,s,82,85.0,False,2000.5,2001.25
2056,747,101,s,82,84.0,False,2000.5,2001.0
2057,79,154,l,82,189.0,True,2000.5,2027.25
2058,216,397,l,82,134.0,True,2000.5,2013.5
2059,92,610,s,83,84.0,False,2000.75,2001.0
2060,117,33,s,83,86.0,False,2000.75,2001.5
2061,166,321,s,83,84.0,False,2000.75,2001.0
2062,182,439,s,83,83.0,False,2000.75,2000.75
2063,203,95,s,83,83.0,False,2000.75,2000.75
2064,346,105,s,83,83.0,False,2000.75,2000.75
2065,383,232,s,83,100.0,False,2000.75,2005.0
2066,747,211,s,83,84.0,False,2000.75,2001.0
2067,47,432,s,83,84.0,False,2000.75,2001.0
2068,49,293,s,83,88.0,False,2000.75,2002.0
2069,67,351,s,83,90.0,False,2000.75,2002.5
2070,166,375,s,83,86.0,False,2000.75,2001.5
2071,323,512,s,83,86.0,False,2000.75,2001.5
2072,336,418,s,83,88.0,False,2000.75,2002.0
2073,362,425,s,83,89.0,False,2000.75,2002.25
2074,367,54,s,83,83.0,False,2000.75,2000.75
2075,444,416,s,83,89.0,False,2000.75,2002.25
2076,584,82,s,83,86.0,False,2000.75,2001.5
2077,36,524,s,83,84.0,False,2000.75,2001.0
2078,73,387,s,83,94.0,False,2000.75,2003.5
2079,182,486,s,83,85.0,False,2000.75,2001.25
2080,213,115,s,83,84.0,False,2000.75,2001.0
2081,218,284,s,83,85.0,False,2000.75,2001.25
2082,580,736,s,83,90.0,False,2000.75,2002.5
2083,202,180,l,83,86.0,True,2000.75,2001.5
2084,35,524,s,84,84.0,False,2001.0,2001.0
2085,81,77,s,84,88.0,False,2001.0,2002.0
2086,288,432,s,84,85.0,False,2001.0,2001.25
2087,406,574,s,84,92.0,False,2001.0,2003.0
2088,53,387,s,84,94.0,False,2001.0,2003.5
2089,434,176,s,84,86.0,False,2001.0,2001.5
2090,548,445,s,84,85.0,False,2001.0,2001.25
2091,50,304,s,84,88.0,False,2001.0,2002.0
2092,153,337,s,84,85.0,False,2001.0,2001.25
2093,336,423,s,84,99.0,False,2001.0,2004.75
2094,549,486,s,84,86.0,False,2001.0,2001.5
2095,12,160,s,85,94.0,False,2001.25,2003.5
2096,12,440,s,85,92.0,False,2001.25,2003.0
2097,46,63,s,85,86.0,False,2001.25,2001.5
2098,50,58,s,85,101.0,False,2001.25,2005.25
2099,218,226,s,85,89.0,False,2001.25,2002.25
2100,406,54,s,85,86.0,False,2001.25,2001.5
2101,540,423,s,85,85.0,False,2001.25,2001.25
2102,544,329,s,85,96.0,False,2001.25,2004.0
2103,547,189,s,85,90.0,False,2001.25,2002.5
2104,30,222,s,85,98.0,False,2001.25,2004.5
2105,50,656,s,85,88.0,False,2001.25,2002.0
2106,65,189,s,85,91.0,False,2001.25,2002.75
2107,94,347,s,85,89.0,False,2001.25,2002.25
2108,121,405,s,85,92.0,False,2001.25,2003.0
2109,242,342,s,85,88.0,False,2001.25,2002.0
2110,92,63,s,85,90.0,False,2001.25,2002.5
2111,305,509,s,85,92.0,False,2001.25,2003.0
2112,406,432,s,85,93.0,False,2001.25,2003.25
2113,60,63,l,85,139.0,True,2001.25,2014.75
2114,73,399,l,85,107.0,True,2001.25,2006.75
2115,378,237,l,85,141.0,True,2001.25,2015.25
2116,235,284,s,86,93.0,False,2001.5,2003.25
2117,290,129,s,86,87.0,False,2001.5,2001.75
2118,391,512,s,86,90.0,False,2001.5,2002.5
2119,422,211,s,86,87.0,False,2001.5,2001.75
2120,570,655,s,86,90.0,False,2001.5,2002.5
2121,748,132,s,86,87.0,False,2001.5,2001.75
2122,748,432,s,86,92.0,False,2001.5,2003.0
2123,81,234,s,86,89.0,False,2001.5,2002.25
2124,92,146,s,86,87.0,False,2001.5,2001.75
2125,192,509,s,86,88.0,False,2001.5,2002.0
2126,195,222,s,86,88.0,False,2001.5,2002.0
2127,316,375,s,86,87.0,False,2001.5,2001.75
2128,358,132,s,86,93.0,False,2001.5,2003.25
2129,588,508,s,86,90.0,False,2001.5,2002.5
2130,608,416,s,86,89.0,False,2001.5,2002.25
2131,727,137,s,86,89.0,False,2001.5,2002.25
2132,35,338,s,86,92.0,False,2001.5,2003.0
2133,79,75,s,86,94.0,False,2001.5,2003.5
2134,312,321,s,86,89.0,False,2001.5,2002.25
2135,422,423,s,86,100.0,False,2001.5,2005.0
2136,450,293,s,86,92.0,False,2001.5,2003.0
2137,570,510,s,86,90.0,False,2001.5,2002.5
2138,579,498,s,86,87.0,False,2001.5,2001.75
2139,747,77,s,86,87.0,False,2001.5,2001.75
2140,49,189,l,86,104.0,True,2001.5,2006.0
2141,412,347,l,86,153.0,True,2001.5,2018.25
2142,182,105,l,86,116.0,True,2001.5,2009.0
2143,49,129,s,87,87.0,False,2001.75,2001.75
2144,50,347,s,87,90.0,False,2001.75,2002.5
2145,195,397,s,87,88.0,False,2001.75,2002.0
2146,402,272,s,87,88.0,False,2001.75,2002.0
2147,460,345,s,87,90.0,False,2001.75,2002.5
2148,124,129,s,87,88.0,False,2001.75,2002.0
2149,200,574,s,87,89.0,False,2001.75,2002.25
2150,214,375,s,87,93.0,False,2001.75,2003.25
2151,323,387,s,87,103.0,False,2001.75,2005.75
2152,402,613,s,87,93.0,False,2001.75,2003.25
2153,412,457,s,87,108.0,False,2001.75,2007.0
2154,748,510,s,87,88.0,False,2001.75,2002.0
2155,0,525,s,87,89.0,False,2001.75,2002.25
2156,49,296,s,87,94.0,False,2001.75,2003.5
2157,135,405,s,87,92.0,False,2001.75,2003.0
2158,195,514,s,87,88.0,False,2001.75,2002.0
2159,218,33,s,87,94.0,False,2001.75,2003.5
2160,242,284,s,87,99.0,False,2001.75,2004.75
2161,288,520,s,87,88.0,False,2001.75,2002.0
2162,402,510,s,87,89.0,False,2001.75,2002.25
2163,546,513,s,87,98.0,False,2001.75,2004.5
2164,548,28,s,87,90.0,False,2001.75,2002.5
2165,588,506,s,87,89.0,False,2001.75,2002.25
2166,748,345,s,87,89.0,False,2001.75,2002.25
2167,166,423,l,87,94.0,True,2001.75,2003.5
2168,190,217,l,87,179.0,True,2001.75,2024.75
2169,360,432,l,87,133.0,True,2001.75,2013.25
2170,12,519,s,88,90.0,False,2002.0,2002.5
2171,50,470,s,88,92.0,False,2002.0,2003.0
2172,141,129,s,88,91.0,False,2002.0,2002.75
2173,190,146,s,88,93.0,False,2002.0,2003.25
2174,192,211,s,88,91.0,False,2002.0,2002.75
2175,235,115,s,88,88.0,False,2002.0,2002.0
2176,367,284,s,88,93.0,False,2002.0,2003.25
2177,422,515,s,88,96.0,False,2002.0,2004.0
2178,544,133,s,88,90.0,False,2002.0,2002.5
2179,550,58,s,88,95.0,False,2002.0,2003.75
2180,598,511,s,88,92.0,False,2002.0,2003.0
2181,181,28,s,88,89.0,False,2002.0,2002.25
2182,216,574,s,88,93.0,False,2002.0,2003.25
2183,235,515,s,88,98.0,False,2002.0,2004.5
2184,358,432,s,88,89.0,False,2002.0,2002.25
2185,362,154,s,88,91.0,False,2002.0,2002.75
2186,383,56,s,88,95.0,False,2002.0,2003.75
2187,548,105,s,88,89.0,False,2002.0,2002.25
2188,570,613,s,88,99.0,False,2002.0,2004.75
2189,598,75,s,88,97.0,False,2002.0,2004.25
2190,599,603,s,88,88.0,False,2002.0,2002.0
2191,49,54,s,88,96.0,False,2002.0,2004.0
2192,166,418,s,88,97.0,False,2002.0,2004.25
2193,182,208,s,88,92.0,False,2002.0,2003.0
2194,214,630,s,88,95.0,False,2002.0,2003.75
2195,539,345,s,88,90.0,False,2002.0,2002.5
2196,549,328,s,88,97.0,False,2002.0,2004.25
2197,669,498,s,88,89.0,False,2002.0,2002.25
2198,0,237,l,88,156.0,True,2002.0,2019.0
2199,311,585,l,88,165.0,True,2002.0,2021.25
2200,482,274,l,88,188.0,True,2002.0,2027.0
2201,0,29,s,89,102.0,False,2002.25,2005.5
2202,30,231,s,89,98.0,False,2002.25,2004.5
2203,73,51,s,89,95.0,False,2002.25,2003.75
2204,81,517,s,89,92.0,False,2002.25,2003.0
2205,261,63,s,89,92.0,False,2002.25,2003.0
2206,288,115,s,89,91.0,False,2002.25,2002.75
2207,460,418,s,89,89.0,False,2002.25,2002.25
2208,599,506,s,89,93.0,False,2002.25,2003.25
2209,747,457,s,89,94.0,False,2002.25,2003.5
2210,47,575,s,89,101.0,False,2002.25,2005.25
2211,79,61,s,89,97.0,False,2002.25,2004.25
2212,422,445,s,89,109.0,False,2002.25,2007.25
2213,460,77,s,89,89.0,False,2002.25,2002.25
2214,489,54,s,89,92.0,False,2002.25,2003.0
2215,587,600,s,89,91.0,False,2002.25,2002.75
2216,12,110,s,89,103.0,False,2002.25,2005.75
2217,53,146,s,89,94.0,False,2002.25,2003.5
2218,127,387,s,89,97.0,False,2002.25,2004.25
2219,315,243,s,89,98.0,False,2002.25,2004.5
2220,434,284,s,89,90.0,False,2002.25,2002.5
2221,542,234,s,89,93.0,False,2002.25,2003.25
2222,580,724,s,89,102.0,False,2002.25,2005.5
2223,619,418,s,89,92.0,False,2002.25,2003.0
2224,782,115,s,89,90.0,False,2002.25,2002.5
2225,546,139,l,89,156.0,True,2002.25,2019.0
2226,548,139,l,89,156.0,True,2002.25,2019.0
2227,79,586,s,90,102.0,False,2002.5,2005.5
2228,182,456,s,90,93.0,False,2002.5,2003.25
2229,214,296,s,90,92.0,False,2002.5,2003.0
2230,383,497,s,90,93.0,False,2002.5,2003.25
2231,434,524,s,90,91.0,False,2002.5,2002.75
2232,466,517,s,90,91.0,False,2002.5,2002.75
2233,483,222,s,90,93.0,False,2002.5,2003.25
2234,493,440,s,90,92.0,False,2002.5,2003.0
2235,636,600,s,90,96.0,False,2002.5,2004.0
2236,782,520,s,90,91.0,False,2002.5,2002.75
2237,65,347,s,90,91.0,False,2002.5,2002.75
2238,182,129,s,90,91.0,False,2002.5,2002.75
2239,383,516,s,90,92.0,False,2002.5,2003.0
2240,485,521,s,90,93.0,False,2002.5,2003.25
2241,485,724,s,90,93.0,False,2002.5,2003.25
2242,544,217,s,90,98.0,False,2002.5,2004.5
2243,548,208,s,90,101.0,False,2002.5,2005.25
2244,6,269,s,90,94.0,False,2002.5,2003.5
2245,195,725,s,90,94.0,False,2002.5,2003.5
2246,245,497,s,90,94.0,False,2002.5,2003.5
2247,287,321,s,90,95.0,False,2002.5,2003.75
2248,391,189,s,90,91.0,False,2002.5,2002.75
2249,485,342,s,90,95.0,False,2002.5,2003.75
2250,545,514,s,90,96.0,False,2002.5,2004.0
2251,352,754,l,90,200.0,True,2002.5,2030.0
2252,434,347,l,90,204.0,True,2002.5,2031.0
2253,49,754,s,91,94.0,False,2002.75,2003.5
2254,50,55,s,91,93.0,False,2002.75,2003.25
2255,190,522,s,91,96.0,False,2002.75,2004.0
2256,316,517,s,91,103.0,False,2002.75,2005.75
2257,434,610,s,91,93.0,False,2002.75,2003.25
2258,549,217,s,91,101.0,False,2002.75,2005.25
2259,587,585,s,91,94.0,False,2002.75,2003.5
2260,747,508,s,91,93.0,False,2002.75,2003.25
2261,502,351,s,91,93.0,False,2002.75,2003.25
2262,60,418,s,91,94.0,False,2002.75,2003.5
2263,81,328,s,91,99.0,False,2002.75,2004.75
2264,323,231,s,91,92.0,False,2002.75,2003.0
2265,360,347,s,91,95.0,False,2002.75,2003.75
2266,362,736,s,91,92.0,False,2002.75,2003.0
2267,427,321,s,91,97.0,False,2002.75,2004.25
2268,450,328,s,91,98.0,False,2002.75,2004.5
2269,570,296,s,91,92.0,False,2002.75,2003.0
2270,153,522,s,92,94.0,False,2003.0,2003.5
2271,192,514,s,92,98.0,False,2003.0,2004.5
2272,288,115,s,92,97.0,False,2003.0,2004.25
2273,312,243,s,92,95.0,False,2003.0,2003.75
2274,604,632,s,92,96.0,False,2003.0,2004.0
2275,747,432,s,92,92.0,False,2003.0,2003.0
2276,34,54,s,92,96.0,False,2003.0,2004.0
2277,67,63,s,92,94.0,False,2003.0,2003.5
2278,186,497,s,92,99.0,False,2003.0,2004.75
2279,311,99,s,92,99.0,False,2003.0,2004.75
2280,482,243,s,92,95.0,False,2003.0,2003.75
2281,499,347,s,92,93.0,False,2003.0,2003.25
2282,550,355,s,92,94.0,False,2003.0,2003.5
2283,628,596,s,92,93.0,False,2003.0,2003.25
2284,50,314,s,92,93.0,False,2003.0,2003.25
2285,81,399,s,92,99.0,False,2003.0,2004.75
2286,195,438,s,92,93.0,False,2003.0,2003.25
2287,214,597,s,92,95.0,False,2003.0,2003.75
2288,242,139,s,92,95.0,False,2003.0,2003.75
2289,417,655,s,92,97.0,False,2003.0,2004.25
2290,550,296,s,92,93.0,False,2003.0,2003.25
2291,599,247,s,92,98.0,False,2003.0,2004.5
2292,621,506,s,92,95.0,False,2003.0,2003.75
2293,124,347,l,92,143.0,True,2003.0,2015.75
2294,598,509,l,92,123.0,True,2003.0,2010.75
2295,50,486,s,93,100.0,False,2003.25,2005.0
2296,190,397,s,93,96.0,False,2003.25,2004.0
2297,316,514,s,93,93.0,False,2003.25,2003.25
2298,67,423,s,93,95.0,False,2003.25,2003.75
2299,214,574,s,93,96.0,False,2003.25,2004.0
2300,588,630,s,93,94.0,False,2003.25,2003.5
2301,598,418,s,93,102.0,False,2003.25,2005.5
2302,205,437,s,93,96.0,False,2003.25,2004.0
2303,346,29,s,93,94.0,False,2003.25,2003.5
2304,391,517,s,93,100.0,False,2003.25,2005.0
2305,394,632,s,93,95.0,False,2003.25,2003.75
2306,544,15,s,93,96.0,False,2003.25,2004.0
2307,548,217,s,93,94.0,False,2003.25,2003.5
2308,747,585,s,93,99.0,False,2003.25,2004.75
2309,635,603,l,93,,True,2003.25,
2310,0,58,s,94,95.0,False,2003.5,2003.75
2311,191,399,s,94,99.0,False,2003.5,2004.75
2312,235,139,s,94,94.0,False,2003.5,2003.5
2313,332,129,s,94,96.0,False,2003.5,2004.0
2314,362,133,s,94,95.0,False,2003.5,2003.75
2315,444,347,s,94,99.0,False,2003.5,2004.75
2316,544,423,s,94,108.0,False,2003.5,2007.0
2317,12,139,s,94,94.0,False,2003.5,2003.5
2318,117,269,s,94,95.0,False,2003.5,2003.75
2319,161,437,s,94,95.0,False,2003.5,2003.75
2320,216,234,s,94,103.0,False,2003.5,2005.75
2321,311,511,s,94,104.0,False,2003.5,2006.0
2322,352,224,s,94,101.0,False,2003.5,2005.25
2323,406,15,s,94,96.0,False,2003.5,2004.0
2324,406,754,s,94,96.0,False,2003.5,2004.0
2325,550,304,s,94,97.0,False,2003.5,2004.25
2326,671,314,s,94,100.0,False,2003.5,2005.0
2327,73,58,s,94,101.0,False,2003.5,2005.25
2328,311,146,s,94,98.0,False,2003.5,2004.5
2329,312,432,s,94,105.0,False,2003.5,2006.25
2330,406,234,s,94,97.0,False,2003.5,2004.25
2331,500,24,s,94,99.0,False,2003.5,2004.75
2332,587,296,s,94,102.0,False,2003.5,2005.5
2333,636,410,s,94,98.0,False,2003.5,2004.5
2334,12,101,l,94,132.0,True,2003.5,2013.0
2335,166,596,l,94,102.0,True,2003.5,2005.5
2336,167,293,s,95,96.0,False,2003.75,2004.0
2337,182,272,s,95,100.0,False,2003.75,2005.0
2338,202,274,s,95,95.0,False,2003.75,2003.75
2339,315,328,s,95,102.0,False,2003.75,2005.5
2340,391,139,s,95,102.0,False,2003.75,2005.5
2341,87,655,s,95,95.0,False,2003.75,2003.75
2342,90,54,s,95,99.0,False,2003.75,2004.75
2343,186,180,s,95,100.0,False,2003.75,2005.0
2344,288,520,s,95,96.0,False,2003.75,2004.0
2345,311,231,s,95,99.0,False,2003.75,2004.75
2346,311,375,s,95,98.0,False,2003.75,2004.5
2347,383,724,s,95,97.0,False,2003.75,2004.25
2348,460,255,s,95,103.0,False,2003.75,2005.75
2349,485,716,s,95,96.0,False,2003.75,2004.0
2350,747,255,s,95,97.0,False,2003.75,2004.25
2351,50,355,s,95,96.0,False,2003.75,2004.0
2352,360,95,s,95,96.0,False,2003.75,2004.0
2353,659,133,s,95,114.0,False,2003.75,2008.5
2354,35,176,l,95,135.0,True,2003.75,2013.75
2355,190,321,l,95,99.0,True,2003.75,2004.75
2356,245,497,l,95,143.0,True,2003.75,2015.75
2357,588,99,l,95,155.0,True,2003.75,2018.75
2358,588,432,l,95,172.0,True,2003.75,2023.0
2359,182,129,s,96,102.0,False,2004.0,2005.5
2360,190,231,s,96,102.0,False,2004.0,2005.5
2361,191,515,s,96,111.0,False,2004.0,2007.75
2362,216,416,s,96,98.0,False,2004.0,2004.5
2363,315,518,s,96,99.0,False,2004.0,2004.75
2364,362,29,s,96,98.0,False,2004.0,2004.5
2365,434,517,s,96,99.0,False,2004.0,2004.75
2366,546,33,s,96,97.0,False,2004.0,2004.25
2367,0,51,s,96,104.0,False,2004.0,2006.0
2368,67,351,s,96,99.0,False,2004.0,2004.75
2369,218,226,s,96,101.0,False,2004.0,2005.25
2370,358,610,s,96,102.0,False,2004.0,2005.5
2371,417,505,s,96,100.0,False,2004.0,2005.0
2372,595,514,s,96,97.0,False,2004.0,2004.25
2373,598,568,s,96,98.0,False,2004.0,2004.5
2374,599,457,s,96,104.0,False,2004.0,2006.0
2375,41,576,s,96,99.0,False,2004.0,2004.75
2376,124,513,s,96,97.0,False,2004.0,2004.25
2377,153,524,s,96,123.0,False,2004.0,2010.75
2378,166,574,s,96,97.0,False,2004.0,2004.25
2379,190,440,s,96,97.0,False,2004.0,2004.25
2380,191,575,s,96,97.0,False,2004.0,2004.25
2381,636,653,s,96,101.0,False,2004.0,2005.25
2382,549,32,l,96,196.0,True,2004.0,2029.0
2383,49,129,s,97,99.0,False,2004.25,2004.75
2384,50,249,s,97,100.0,False,2004.25,2005.0
2385,92,77,s,97,98.0,False,2004.25,2004.5
2386,391,272,s,97,98.0,False,2004.25,2004.5
2387,645,568,s,97,97.0,False,2004.25,2004.25
2388,214,247,s,97,98.0,False,2004.25,2004.5
2389,288,516,s,97,100.0,False,2004.25,2005.0
2390,541,586,s,97,100.0,False,2004.25,2005.0
2391,608,575,s,97,98.0,False,2004.25,2004.5
2392,748,296,s,97,97.0,False,2004.25,2004.25
2393,50,32,s,97,106.0,False,2004.25,2006.5
2394,65,105,s,97,105.0,False,2004.25,2006.25
2395,81,82,s,97,99.0,False,2004.25,2004.75
2396,192,585,s,97,100.0,False,2004.25,2005.0
2397,311,77,s,97,99.0,False,2004.25,2004.75
2398,608,75,s,97,98.0,False,2004.25,2004.5
2399,435,150,l,97,125.0,True,2004.25,2011.25
2400,65,230,s,98,98.0,False,2004.5,2004.5
2401,203,345,s,98,99.0,False,2004.5,2004.75
2402,205,585,s,98,100.0,False,2004.5,2005.0
2403,332,603,s,98,103.0,False,2004.5,2005.75
2404,383,436,s,98,101.0,False,2004.5,2005.25
2405,6,231,s,98,106.0,False,2004.5,2006.5
2406,67,418,s,98,99.0,False,2004.5,2004.75
2407,135,347,s,98,99.0,False,2004.5,2004.75
2408,216,524,s,98,102.0,False,2004.5,2005.5
2409,546,272,s,98,99.0,False,2004.5,2004.75
2410,645,585,s,98,113.0,False,2004.5,2008.25
2411,697,439,s,98,102.0,False,2004.5,2005.5
2412,0,656,s,98,101.0,False,2004.5,2005.25
2413,50,522,s,98,103.0,False,2004.5,2005.75
2414,90,375,s,98,102.0,False,2004.5,2005.5
2415,124,514,s,98,99.0,False,2004.5,2004.75
2416,216,445,s,98,99.0,False,2004.5,2004.75
2417,287,176,s,98,100.0,False,2004.5,2005.0
2418,302,445,s,98,101.0,False,2004.5,2005.25
2419,311,211,s,98,100.0,False,2004.5,2005.0
2420,444,514,s,98,100.0,False,2004.5,2005.0
2421,311,432,l,98,234.0,True,2004.5,2038.5
2422,117,189,l,98,137.0,True,2004.5,2014.25
2423,182,772,s,99,108.0,False,2004.75,2007.0
2424,203,54,s,99,101.0,False,2004.75,2005.25
2425,216,99,s,99,101.0,False,2004.75,2005.25
2426,312,418,s,99,100.0,False,2004.75,2005.0
2427,336,589,s,99,110.0,False,2004.75,2007.5
2428,362,29,s,99,99.0,False,2004.75,2004.75
2429,433,105,s,99,102.0,False,2004.75,2005.5
2430,606,351,s,99,108.0,False,2004.75,2007.0
2431,748,575,s,99,113.0,False,2004.75,2008.25
2432,0,439,s,99,99.0,False,2004.75,2004.75
2433,12,517,s,99,100.0,False,2004.75,2005.0
2434,50,519,s,99,101.0,False,2004.75,2005.25
2435,57,589,s,99,102.0,False,2004.75,2005.5
2436,67,234,s,99,101.0,False,2004.75,2005.25
2437,444,387,s,99,101.0,False,2004.75,2005.25
2438,595,509,s,99,102.0,False,2004.75,2005.5
2439,645,243,s,99,100.0,False,2004.75,2005.0
2440,12,51,s,99,103.0,False,2004.75,2005.75
2441,46,284,s,99,102.0,False,2004.75,2005.5
2442,57,514,s,99,101.0,False,2004.75,2005.25
2443,60,585,s,99,101.0,False,2004.75,2005.25
2444,192,54,s,99,105.0,False,2004.75,2006.25
2445,214,224,s,99,108.0,False,2004.75,2007.0
2446,216,514,s,99,100.0,False,2004.75,2005.0
2447,311,597,s,99,102.0,False,2004.75,2005.5
2448,396,296,s,99,104.0,False,2004.75,2006.0
2449,550,58,s,99,104.0,False,2004.75,2006.0
2450,584,99,s,99,111.0,False,2004.75,2007.75
2451,584,576,s,99,101.0,False,2004.75,2005.25
2452,79,99,l,99,180.0,True,2004.75,2025.0
2453,336,576,l,99,107.0,True,2004.75,2006.75
2454,135,314,s,100,102.0,False,2005.0,2005.5
2455,141,54,s,100,105.0,False,2005.0,2006.25
2456,235,54,s,100,105.0,False,2005.0,2006.25
2457,315,139,s,100,102.0,False,2005.0,2005.5
2458,316,133,s,100,107.0,False,2005.0,2006.75
2459,336,611,s,100,100.0,False,2005.0,2005.0
2460,422,196,s,100,105.0,False,2005.0,2006.25
2461,60,15,s,100,110.0,False,2005.0,2007.5
2462,73,129,s,100,114.0,False,2005.0,2008.5
2463,92,234,s,100,107.0,False,2005.0,2006.75
2464,235,432,s,100,105.0,False,2005.0,2006.25
2465,336,418,s,100,100.0,False,2005.0,2005.0
2466,550,518,s,100,103.0,False,2005.0,2005.75
2467,645,616,s,100,107.0,False,2005.0,2006.75
2468,669,54,s,100,103.0,False,2005.0,2005.75
2469,311,514,s,100,102.0,False,2005.0,2005.5
2470,315,99,s,100,101.0,False,2005.0,2005.25
2471,336,585,s,100,102.0,False,2005.0,2005.5
2472,394,24,s,100,105.0,False,2005.0,2006.25
2473,645,586,s,100,105.0,False,2005.0,2006.25
2474,79,568,l,100,228.0,True,2005.0,2037.0
2475,65,101,l,100,132.0,True,2005.0,2013.0
2476,0,208,s,101,104.0,False,2005.25,2006.0
2477,50,724,s,101,109.0,False,2005.25,2007.25
2478,141,469,s,101,101.0,False,2005.25,2005.25
2479,166,616,s,101,104.0,False,2005.25,2006.0
2480,167,40,s,101,111.0,False,2005.25,2007.75
2481,245,222,s,101,105.0,False,2005.25,2006.25
2482,340,439,s,101,104.0,False,2005.25,2006.0
2483,434,521,s,101,103.0,False,2005.25,2005.75
2484,543,445,s,101,104.0,False,2005.25,2006.0
2485,628,589,s,101,105.0,False,2005.25,2006.25
2486,41,189,s,101,102.0,False,2005.25,2005.5
2487,81,101,s,101,104.0,False,2005.25,2006.0
2488,195,101,s,101,102.0,False,2005.25,2005.5
2489,288,115,s,101,103.0,False,2005.25,2005.75
2490,450,432,s,101,107.0,False,2005.25,2006.75
2491,482,605,s,101,103.0,False,2005.25,2005.75
2492,595,585,s,101,106.0,False,2005.25,2006.5
2493,599,418,s,101,102.0,False,2005.25,2005.5
2494,608,423,s,101,107.0,False,2005.25,2006.75
2495,665,596,s,101,103.0,False,2005.25,2005.75
2496,782,423,s,101,105.0,False,2005.25,2006.25
2497,30,410,s,101,106.0,False,2005.25,2006.5
2498,49,432,s,101,106.0,False,2005.25,2006.5
2499,67,457,s,101,103.0,False,2005.25,2005.75
2500,121,284,s,101,106.0,False,2005.25,2006.5
2501,190,95,s,101,108.0,False,2005.25,2007.0
2502,192,576,s,101,108.0,False,2005.25,2007.0
2503,323,77,s,101,106.0,False,2005.25,2006.5
2504,358,524,s,101,102.0,False,2005.25,2005.5
2505,636,632,s,101,102.0,False,2005.25,2005.5
2506,607,423,l,101,,True,2005.25,
2507,182,28,s,102,104.0,False,2005.5,2006.0
2508,203,55,s,102,107.0,False,2005.5,2006.75
2509,378,196,s,102,103.0,False,2005.5,2005.75
2510,391,610,s,102,108.0,False,2005.5,2007.0
2511,539,423,s,102,105.0,False,2005.5,2006.25
2512,570,399,s,102,102.0,False,2005.5,2005.5
2513,570,611,s,102,103.0,False,2005.5,2005.75
2514,595,457,s,102,102.0,False,2005.5,2005.5
2515,608,512,s,102,113.0,False,2005.5,2008.25
2516,94,418,s,102,107.0,False,2005.5,2006.75
2517,202,509,s,102,108.0,False,2005.5,2007.0
2518,203,589,s,102,112.0,False,2005.5,2008.0
2519,539,589,s,102,105.0,False,2005.5,2006.25
2520,606,432,s,102,106.0,False,2005.5,2006.5
2521,645,613,s,102,105.0,False,2005.5,2006.25
2522,135,716,s,102,104.0,False,2005.5,2006.0
2523,320,345,s,102,104.0,False,2005.5,2006.0
2524,360,457,s,102,104.0,False,2005.5,2006.0
2525,599,296,s,102,103.0,False,2005.5,2005.75
2526,604,630,s,102,103.0,False,2005.5,2005.75
2527,579,133,l,102,183.0,True,2005.5,2025.75
2528,30,55,s,103,104.0,False,2005.75,2006.0
2529,117,524,s,103,108.0,False,2005.75,2007.0
2530,290,296,s,103,106.0,False,2005.75,2006.5
2531,544,77,s,103,106.0,False,2005.75,2006.5
2532,549,486,s,103,105.0,False,2005.75,2006.25
2533,639,674,s,103,106.0,False,2005.75,2006.5
2534,291,585,s,103,104.0,False,2005.75,2006.0
2535,485,328,s,103,117.0,False,2005.75,2009.25
2536,548,514,s,103,107.0,False,2005.75,2006.75
2537,584,589,s,103,104.0,False,2005.75,2006.0
2538,141,511,s,103,104.0,False,2005.75,2006.0
2539,541,82,s,103,104.0,False,2005.75,2006.0
2540,541,596,s,103,110.0,False,2005.75,2007.5
2541,542,222,s,103,107.0,False,2005.75,2006.75
2542,548,231,s,103,104.0,False,2005.75,2006.0
2543,662,568,s,103,106.0,False,2005.75,2006.5
2544,599,653,l,103,113.0,True,2005.75,2008.25
2545,548,272,l,103,172.0,True,2005.75,2023.0
2546,636,410,l,103,122.0,True,2005.75,2010.5
2547,197,457,s,104,107.0,False,2006.0,2006.75
2548,367,129,s,104,115.0,False,2006.0,2008.75
2549,548,445,s,104,106.0,False,2006.0,2006.5
2550,213,150,s,104,111.0,False,2006.0,2007.75
2551,235,754,s,104,106.0,False,2006.0,2006.5
2552,433,105,s,104,105.0,False,2006.0,2006.25
2553,599,585,s,104,109.0,False,2006.0,2007.25
2554,621,616,s,104,112.0,False,2006.0,2008.0
2555,90,321,s,104,106.0,False,2006.0,2006.5
2556,202,180,s,104,105.0,False,2006.0,2006.25
2557,235,189,s,104,107.0,False,2006.0,2006.75
2558,291,387,s,104,105.0,False,2006.0,2006.25
2559,358,231,s,104,106.0,False,2006.0,2006.5
2560,358,328,s,104,108.0,False,2006.0,2007.0
2561,483,523,s,104,105.0,False,2006.0,2006.25
2562,584,585,s,104,107.0,False,2006.0,2006.75
2563,669,589,s,104,109.0,False,2006.0,2007.25
2564,190,418,l,104,184.0,True,2006.0,2026.0
2565,545,347,l,104,113.0,True,2006.0,2008.25
2566,352,514,l,104,123.0,True,2006.0,2010.75
2567,580,256,l,104,106.0,True,2006.0,2006.5
2568,747,576,l,104,126.0,True,2006.0,2011.5
2569,92,132,s,105,111.0,False,2006.25,2007.75
2570,135,137,s,105,106.0,False,2006.25,2006.5
2571,302,189,s,105,113.0,False,2006.25,2008.25
2572,443,589,s,105,106.0,False,2006.25,2006.5
2573,570,146,s,105,110.0,False,2006.25,2007.5
2574,214,243,s,105,111.0,False,2006.25,2007.75
2575,391,129,s,105,107.0,False,2006.25,2006.75
2576,434,772,s,105,107.0,False,2006.25,2006.75
2577,546,371,s,105,111.0,False,2006.25,2007.75
2578,607,585,s,105,110.0,False,2006.25,2007.5
2579,608,585,s,105,106.0,False,2006.25,2006.5
2580,697,58,s,105,124.0,False,2006.25,2011.0
2581,65,284,s,105,106.0,False,2006.25,2006.5
2582,182,176,s,105,107.0,False,2006.25,2006.75
2583,391,189,s,105,108.0,False,2006.25,2007.0
2584,391,517,s,105,111.0,False,2006.25,2007.75
2585,542,247,s,105,106.0,False,2006.25,2006.5
2586,548,284,s,105,110.0,False,2006.25,2007.5
2587,548,342,s,105,107.0,False,2006.25,2006.75
2588,570,198,s,105,109.0,False,2006.25,2007.25
2589,608,351,s,105,106.0,False,2006.25,2006.5
2590,608,418,l,105,111.0,True,2006.25,2007.75
2591,94,347,l,105,111.0,True,2006.25,2007.75
2592,216,517,l,105,216.0,True,2006.25,2034.0
2593,358,269,l,105,111.0,True,2006.25,2007.75
2594,360,514,s,106,120.0,False,2006.5,2010.0
2595,383,497,s,106,109.0,False,2006.5,2007.25
2596,546,176,s,106,106.0,False,2006.5,2006.5
2597,117,437,s,106,116.0,False,2006.5,2009.0
2598,235,40,s,106,111.0,False,2006.5,2007.75
2599,548,486,s,106,115.0,False,2006.5,2008.75
2600,587,653,s,106,117.0,False,2006.5,2009.25
2601,36,338,s,106,107.0,False,2006.5,2006.75
2602,81,342,s,106,119.0,False,2006.5,2009.75
2603,360,54,s,106,109.0,False,2006.5,2007.25
2604,362,469,s,106,109.0,False,2006.5,2007.25
2605,378,486,s,106,109.0,False,2006.5,2007.25
2606,396,808,s,106,109.0,False,2006.5,2007.25
2607,402,457,s,106,111.0,False,2006.5,2007.75
2608,483,110,s,106,109.0,False,2006.5,2007.25
2609,639,605,s,106,112.0,False,2006.5,2008.0
2610,65,243,l,106,148.0,True,2006.5,2017.0
2611,584,597,l,106,228.0,True,2006.5,2037.0
2612,747,616,l,106,200.0,True,2006.5,2030.0
2613,36,801,s,107,110.0,False,2006.75,2007.5
2614,65,247,s,107,109.0,False,2006.75,2007.25
2615,81,284,s,107,110.0,False,2006.75,2007.5
2616,218,110,s,107,107.0,False,2006.75,2006.75
2617,218,347,s,107,107.0,False,2006.75,2006.75
2618,288,342,s,107,107.0,False,2006.75,2006.75
2619,288,371,s,107,116.0,False,2006.75,2009.0
2620,391,284,s,107,111.0,False,2006.75,2007.75
2621,414,610,s,107,111.0,False,2006.75,2007.75
2622,543,15,s,107,111.0,False,2006.75,2007.75
2623,635,321,s,107,111.0,False,2006.75,2007.75
2624,657,509,s,107,108.0,False,2006.75,2007.0
2625,658,387,s,107,110.0,False,2006.75,2007.5
2626,235,375,s,107,108.0,False,2006.75,2007.0
2627,480,307,s,107,108.0,False,2006.75,2007.0
2628,549,520,s,107,111.0,False,2006.75,2007.75
2629,50,704,s,107,122.0,False,2006.75,2010.5
2630,60,589,s,107,110.0,False,2006.75,2007.5
2631,67,574,s,107,109.0,False,2006.75,2007.25
2632,127,576,s,107,117.0,False,2006.75,2009.25
2633,235,139,s,107,112.0,False,2006.75,2008.0
2634,323,387,s,107,109.0,False,2006.75,2007.25
2635,352,375,s,107,112.0,False,2006.75,2008.0
2636,422,516,s,107,108.0,False,2006.75,2007.0
2637,549,237,s,107,120.0,False,2006.75,2010.0
2638,636,600,s,107,109.0,False,2006.75,2007.25
2639,548,521,l,107,107.0,True,2006.75,2006.75
2640,548,439,l,107,172.0,True,2006.75,2023.0
2641,53,75,l,107,141.0,True,2006.75,2015.25
2642,455,497,l,107,168.0,True,2006.75,2022.0
2643,153,627,s,108,115.0,False,2007.0,2008.75
2644,305,509,s,108,108.0,False,2007.0,2007.0
2645,352,445,s,108,119.0,False,2007.0,2009.75
2646,358,247,s,108,111.0,False,2007.0,2007.75
2647,549,523,s,108,113.0,False,2007.0,2008.25
2648,588,15,s,108,111.0,False,2007.0,2007.75
2649,673,605,s,108,108.0,False,2007.0,2007.0
2650,48,375,s,108,112.0,False,2007.0,2008.0
2651,81,132,s,108,110.0,False,2007.0,2007.5
2652,197,69,s,108,110.0,False,2007.0,2007.5
2653,202,516,s,108,113.0,False,2007.0,2008.25
2654,550,284,s,108,110.0,False,2007.0,2007.5
2655,584,77,s,108,109.0,False,2007.0,2007.25
2656,673,632,s,108,114.0,False,2007.0,2008.5
2657,141,518,s,108,110.0,False,2007.0,2007.5
2658,204,585,s,108,110.0,False,2007.0,2007.5
2659,542,77,s,108,122.0,False,2007.0,2010.5
2660,604,423,s,108,116.0,False,2007.0,2009.0
2661,628,321,s,108,113.0,False,2007.0,2008.25
2662,636,506,s,108,113.0,False,2007.0,2008.25
2663,652,603,s,108,113.0,False,2007.0,2008.25
2664,152,630,l,108,231.0,True,2007.0,2037.75
2665,90,54,l,108,138.0,True,2007.0,2014.5
2666,141,217,l,108,152.0,True,2007.0,2018.0
2667,87,616,s,109,121.0,False,2007.25,2010.25
2668,406,509,s,109,111.0,False,2007.25,2007.75
2669,422,329,s,109,122.0,False,2007.25,2010.5
2670,615,603,s,109,114.0,False,2007.25,2008.5
2671,0,130,s,109,121.0,False,2007.25,2010.25
2672,0,347,s,109,118.0,False,2007.25,2009.5
2673,73,514,s,109,112.0,False,2007.25,2008.0
2674,200,80,s,109,120.0,False,2007.25,2010.0
2675,336,133,s,109,114.0,False,2007.25,2008.5
2676,92,154,s,109,112.0,False,2007.25,2008.0
2677,161,347,s,109,118.0,False,2007.25,2009.5
2678,166,247,s,109,110.0,False,2007.25,2007.5
2679,182,470,s,109,115.0,False,2007.25,2008.75
2680,204,255,s,109,110.0,False,2007.25,2007.5
2681,483,54,s,109,110.0,False,2007.25,2007.5
2682,607,603,s,109,112.0,False,2007.25,2008.0
2683,747,307,l,109,111.0,True,2007.25,2007.75
2684,124,58,l,109,144.0,True,2007.25,2016.0
2685,87,585,s,110,114.0,False,2007.5,2008.5
2686,92,624,s,110,112.0,False,2007.5,2008.0
2687,121,101,s,110,116.0,False,2007.5,2009.0
2688,235,29,s,110,119.0,False,2007.5,2009.75
2689,346,58,s,110,116.0,False,2007.5,2009.0
2690,402,133,s,110,113.0,False,2007.5,2008.25
2691,406,517,s,110,110.0,False,2007.5,2007.5
2692,450,513,s,110,112.0,False,2007.5,2008.0
2693,466,321,s,110,112.0,False,2007.5,2008.0
2694,588,255,s,110,112.0,False,2007.5,2008.0
2695,636,632,s,110,126.0,False,2007.5,2011.5
2696,30,55,s,110,112.0,False,2007.5,2008.0
2697,124,724,s,110,125.0,False,2007.5,2011.25
2698,197,95,s,110,127.0,False,2007.5,2011.75
2699,216,511,s,110,118.0,False,2007.5,2009.5
2700,302,610,s,110,114.0,False,2007.5,2008.5
2701,391,432,s,110,112.0,False,2007.5,2008.0
2702,402,808,s,110,113.0,False,2007.5,2008.25
2703,636,605,s,110,112.0,False,2007.5,2008.0
2704,765,105,s,110,113.0,False,2007.5,2008.25
2705,57,321,s,110,111.0,False,2007.5,2007.75
2706,200,211,s,110,113.0,False,2007.5,2008.25
2707,200,423,s,110,121.0,False,2007.5,2010.25
2708,406,418,s,110,114.0,False,2007.5,2008.5
2709,657,630,s,110,119.0,False,2007.5,2009.75
2710,35,525,s,111,112.0,False,2007.75,2008.0
2711,73,84,s,111,116.0,False,2007.75,2009.0
2712,434,32,s,111,112.0,False,2007.75,2008.0
2713,544,328,s,111,112.0,False,2007.75,2008.0
2714,549,389,s,111,121.0,False,2007.75,2010.25
2715,595,597,s,111,116.0,False,2007.75,2009.0
2716,697,497,s,111,116.0,False,2007.75,2009.0
2717,49,176,s,111,112.0,False,2007.75,2008.0
2718,50,347,s,111,113.0,False,2007.75,2008.25
2719,65,189,s,111,118.0,False,2007.75,2009.5
2720,67,69,s,111,112.0,False,2007.75,2008.0
2721,573,616,s,111,113.0,False,2007.75,2008.25
2722,599,568,s,111,112.0,False,2007.75,2008.0
2723,628,457,s,111,111.0,False,2007.75,2007.75
2724,665,655,s,111,112.0,False,2007.75,2008.0
2725,50,237,s,111,115.0,False,2007.75,2008.75
2726,50,521,s,111,113.0,False,2007.75,2008.25
2727,94,486,s,111,113.0,False,2007.75,2008.25
2728,262,585,s,111,114.0,False,2007.75,2008.5
2729,392,146,s,111,114.0,False,2007.75,2008.5
2730,599,808,s,111,117.0,False,2007.75,2009.25
2731,608,506,s,111,125.0,False,2007.75,2011.25
2732,53,574,l,111,,True,2007.75,
2733,161,445,l,111,142.0,True,2007.75,2015.5
2734,57,351,s,112,114.0,False,2008.0,2008.5
2735,81,347,s,112,114.0,False,2008.0,2008.5
2736,127,445,s,112,112.0,False,2008.0,2008.0
2737,141,486,s,112,113.0,False,2008.0,2008.25
2738,166,613,s,112,120.0,False,2008.0,2010.0
2739,266,99,s,112,117.0,False,2008.0,2009.25
2740,325,133,s,112,115.0,False,2008.0,2008.75
2741,542,437,s,112,115.0,False,2008.0,2008.75
2742,580,532,s,112,113.0,False,2008.0,2008.25
2743,48,347,s,112,116.0,False,2008.0,2009.0
2744,117,84,s,112,114.0,False,2008.0,2008.5
2745,195,110,s,112,113.0,False,2008.0,2008.25
2746,544,445,s,112,116.0,False,2008.0,2009.0
2747,546,347,s,112,114.0,False,2008.0,2008.5
2748,621,283,s,112,115.0,False,2008.0,2008.75
2749,625,457,s,112,115.0,False,2008.0,2008.75
2750,81,139,s,112,118.0,False,2008.0,2009.5
2751,92,603,s,112,119.0,False,2008.0,2009.75
2752,166,589,s,112,116.0,False,2008.0,2009.0
2753,195,269,s,112,115.0,False,2008.0,2008.75
2754,288,514,s,112,113.0,False,2008.0,2008.25
2755,352,61,s,112,115.0,False,2008.0,2008.75
2756,542,418,s,112,118.0,False,2008.0,2009.5
2757,598,589,s,112,113.0,False,2008.0,2008.25
2758,635,589,s,112,115.0,False,2008.0,2008.75
2759,636,634,s,112,113.0,False,2008.0,2008.25
2760,638,684,s,112,114.0,False,2008.0,2008.5
2761,65,457,l,112,120.0,True,2008.0,2010.0
2762,406,470,l,112,123.0,True,2008.0,2010.75
2763,79,146,s,113,115.0,False,2008.25,2008.75
2764,214,255,s,113,116.0,False,2008.25,2009.0
2765,216,176,s,113,114.0,False,2008.25,2008.5
2766,391,324,s,113,135.0,False,2008.25,2013.75
2767,548,521,s,113,113.0,False,2008.25,2008.25
2768,12,110,s,113,121.0,False,2008.25,2010.25
2769,47,513,s,113,117.0,False,2008.25,2009.25
2770,197,574,s,113,124.0,False,2008.25,2011.0
2771,291,82,s,113,114.0,False,2008.25,2008.5
2772,340,423,s,113,133.0,False,2008.25,2013.25
2773,391,515,s,113,117.0,False,2008.25,2009.25
2774,598,808,s,113,118.0,False,2008.25,2009.5
2775,625,345,s,113,121.0,False,2008.25,2010.25
2776,635,597,s,113,114.0,False,2008.25,2008.5
2777,12,724,s,113,116.0,False,2008.25,2009.0
2778,47,189,s,113,141.0,False,2008.25,2015.25
2779,48,54,s,113,121.0,False,2008.25,2010.25
2780,67,616,s,113,115.0,False,2008.25,2008.75
2781,290,351,s,113,119.0,False,2008.25,2009.75
2782,391,724,s,113,115.0,False,2008.25,2008.75
2783,628,505,s,113,118.0,False,2008.25,2009.5
2784,316,470,l,113,163.0,True,2008.25,2020.75
2785,200,139,l,113,156.0,True,2008.25,2019.0
2786,391,139,l,113,133.0,True,2008.25,2013.25
2787,182,342,s,114,114.0,False,2008.5,2008.5
2788,216,189,s,114,117.0,False,2008.5,2009.25
2789,336,375,s,114,115.0,False,2008.5,2008.75
2790,373,800,s,114,114.0,False,2008.5,2008.5
2791,391,55,s,114,118.0,False,2008.5,2009.5
2792,391,176,s,114,116.0,False,2008.5,2009.0
2793,391,439,s,114,120.0,False,2008.5,2010.0
2794,619,505,s,114,118.0,False,2008.5,2009.5
2795,645,510,s,114,116.0,False,2008.5,2009.0
2796,50,514,s,114,121.0,False,2008.5,2010.25
2797,92,418,s,114,118.0,False,2008.5,2009.5
2798,166,95,s,114,132.0,False,2008.5,2013.0
2799,320,82,s,114,126.0,False,2008.5,2011.5
2800,391,432,s,114,120.0,False,2008.5,2010.0
2801,402,255,s,114,116.0,False,2008.5,2009.0
2802,636,674,s,114,120.0,False,2008.5,2010.0
2803,235,399,s,114,117.0,False,2008.5,2009.25
2804,362,269,s,114,118.0,False,2008.5,2009.5
2805,599,351,s,114,120.0,False,2008.5,2010.0
2806,47,146,l,114,172.0,True,2008.5,2023.0
2807,92,255,s,115,124.0,False,2008.75,2011.0
2808,153,724,s,115,123.0,False,2008.75,2010.75
2809,202,180,s,115,120.0,False,2008.75,2010.0
2810,391,445,s,115,120.0,False,2008.75,2010.0
2811,544,345,s,115,125.0,False,2008.75,2011.25
2812,645,82,s,115,117.0,False,2008.75,2009.25
2813,262,613,s,115,125.0,False,2008.75,2011.25
2814,316,321,s,115,119.0,False,2008.75,2009.75
2815,391,514,s,115,121.0,False,2008.75,2010.25
2816,450,526,s,115,120.0,False,2008.75,2010.0
2817,588,423,s,115,116.0,False,2008.75,2009.0
2818,30,445,s,115,121.0,False,2008.75,2010.25
2819,92,63,s,115,121.0,False,2008.75,2010.25
2820,92,589,s,115,118.0,False,2008.75,2009.5
2821,94,513,s,115,121.0,False,2008.75,2010.25
2822,121,516,s,115,116.0,False,2008.75,2009.0
2823,141,132,s,115,116.0,False,2008.75,2009.0
2824,305,387,s,115,122.0,False,2008.75,2010.5
2825,325,521,s,115,119.0,False,2008.75,2009.75
2826,336,133,s,115,118.0,False,2008.75,2009.5
2827,352,29,s,115,122.0,False,2008.75,2010.5
2828,402,416,s,115,116.0,False,2008.75,2009.0
2829,621,343,s,115,116.0,False,2008.75,2009.0
2830,358,40,l,115,123.0,True,2008.75,2010.75
2831,12,515,l,115,137.0,True,2008.75,2014.25
2832,434,439,l,115,220.0,True,2008.75,2035.0
2833,450,585,l,115,133.0,True,2008.75,2013.25
2834,588,616,l,115,137.0,True,2008.75,2014.25
2835,599,243,l,115,148.0,True,2008.75,2017.0
2836,606,296,l,115,,True,2008.75,
2837,235,342,s,116,116.0,False,2009.0,2009.0
2838,621,631,s,116,122.0,False,2009.0,2010.5
2839,645,509,s,116,119.0,False,2009.0,2009.75
2840,645,653,s,116,124.0,False,2009.0,2011.0
2841,841,457,s,116,125.0,False,2009.0,2011.25
2842,121,440,s,116,118.0,False,2009.0,2009.5
2843,161,284,s,116,116.0,False,2009.0,2009.0
2844,235,110,s,116,123.0,False,2009.0,2010.75
2845,360,418,s,116,118.0,False,2009.0,2009.5
2846,402,589,s,116,120.0,False,2009.0,2010.0
2847,444,423,s,116,121.0,False,2009.0,2010.25
2848,161,272,s,116,118.0,False,2009.0,2009.5
2849,245,274,s,116,119.0,False,2009.0,2009.75
2850,302,293,s,116,121.0,False,2009.0,2010.25
2851,422,514,s,116,119.0,False,2009.0,2009.75
2852,542,507,s,116,119.0,False,2009.0,2009.75
2853,570,423,s,116,119.0,False,2009.0,2009.75
2854,92,616,s,117,120.0,False,2009.25,2010.0
2855,190,234,s,117,117.0,False,2009.25,2009.25
2856,216,345,s,117,118.0,False,2009.25,2009.5
2857,481,508,s,117,122.0,False,2009.25,2010.5
2858,482,99,s,117,117.0,False,2009.25,2009.25
2859,658,457,s,117,125.0,False,2009.25,2011.25
2860,658,603,s,117,122.0,False,2009.25,2010.5
2861,288,520,s,117,121.0,False,2009.25,2010.25
2862,546,272,s,117,125.0,False,2009.25,2011.25
2863,546,432,s,117,123.0,False,2009.25,2010.75
2864,638,296,s,117,128.0,False,2009.25,2012.0
2865,0,342,s,117,124.0,False,2009.25,2011.0
2866,30,55,s,117,123.0,False,2009.25,2010.75
2867,391,399,s,117,122.0,False,2009.25,2010.5
2868,427,576,s,117,118.0,False,2009.25,2009.5
2869,544,61,s,117,118.0,False,2009.25,2009.5
2870,584,808,s,117,123.0,False,2009.25,2010.75
2871,645,575,s,117,121.0,False,2009.25,2010.25
2872,673,575,s,117,121.0,False,2009.25,2010.25
2873,12,436,l,117,157.0,True,2009.25,2019.25
2874,205,180,l,117,118.0,True,2009.25,2009.5
2875,358,457,l,117,157.0,True,2009.25,2019.25
2876,392,568,l,117,123.0,True,2009.25,2010.75
2877,541,600,l,117,141.0,True,2009.25,2015.25
2878,67,616,s,118,121.0,False,2009.5,2010.25
2879,197,283,s,118,126.0,False,2009.5,2011.5
2880,323,517,s,118,122.0,False,2009.5,2010.5
2881,367,255,s,118,118.0,False,2009.5,2009.5
2882,542,211,s,118,131.0,False,2009.5,2012.75
2883,542,243,s,118,123.0,False,2009.5,2010.75
2884,673,674,s,118,124.0,False,2009.5,2011.0
2885,748,77,s,118,136.0,False,2009.5,2014.0
2886,0,329,s,118,119.0,False,2009.5,2009.75
2887,30,600,s,118,123.0,False,2009.5,2010.75
2888,315,517,s,118,124.0,False,2009.5,2011.0
2889,500,418,s,118,130.0,False,2009.5,2012.5
2890,598,589,s,118,126.0,False,2009.5,2011.5
2891,673,653,s,118,126.0,False,2009.5,2011.5
2892,689,630,s,118,119.0,False,2009.5,2009.75
2893,81,347,s,118,119.0,False,2009.5,2009.75
2894,352,610,s,118,122.0,False,2009.5,2010.5
2895,391,526,s,118,126.0,False,2009.5,2011.5
2896,450,77,s,118,121.0,False,2009.5,2010.25
2897,659,243,s,118,129.0,False,2009.5,2012.25
2898,662,603,s,118,121.0,False,2009.5,2010.25
2899,687,589,s,118,122.0,False,2009.5,2010.5
2900,665,641,l,118,200.0,True,2009.5,2030.0
2901,161,521,s,119,128.0,False,2009.75,2012.0
2902,181,704,s,119,121.0,False,2009.75,2010.25
2903,330,596,s,119,119.0,False,2009.75,2009.75
2904,358,176,s,119,125.0,False,2009.75,2011.25
2905,444,440,s,119,124.0,False,2009.75,2011.0
2906,466,486,s,119,121.0,False,2009.75,2010.25
2907,619,589,s,119,122.0,False,2009.75,2010.5
2908,668,722,s,119,122.0,False,2009.75,2010.5
2909,30,432,s,119,122.0,False,2009.75,2010.5
2910,288,115,s,119,124.0,False,2009.75,2011.0
2911,422,509,s,119,123.0,False,2009.75,2010.75
2912,450,509,s,119,122.0,False,2009.75,2010.5
2913,493,470,s,119,121.0,False,2009.75,2010.25
2914,619,684,s,119,121.0,False,2009.75,2010.25
2915,235,284,l,119,142.0,True,2009.75,2015.5
2916,748,99,l,119,,True,2009.75,
2917,311,508,l,119,126.0,True,2009.75,2011.5
2918,12,513,s,120,121.0,False,2010.0,2010.25
2919,124,211,s,120,124.0,False,2010.0,2011.0
2920,396,513,s,120,120.0,False,2010.0,2010.0
2921,608,597,s,120,122.0,False,2010.0,2010.5
2922,662,641,s,120,121.0,False,2010.0,2010.25
2923,360,505,s,120,123.0,False,2010.0,2010.75
2924,669,507,s,120,127.0,False,2010.0,2011.75
2925,141,324,s,120,130.0,False,2010.0,2012.5
2926,172,243,s,120,131.0,False,2010.0,2012.75
2927,190,405,s,120,126.0,False,2010.0,2011.5
2928,205,509,s,120,127.0,False,2010.0,2011.75
2929,358,517,s,120,122.0,False,2010.0,2010.5
2930,362,432,s,120,124.0,False,2010.0,2011.0
2931,633,630,s,120,124.0,False,2010.0,2011.0
2932,673,600,s,120,124.0,False,2010.0,2011.0
2933,690,634,s,120,123.0,False,2010.0,2010.75
2934,190,513,l,120,163.0,True,2010.0,2020.75
2935,542,576,l,120,228.0,True,2010.0,2037.0
2936,682,679,l,120,129.0,True,2010.0,2012.25
2937,50,342,s,121,124.0,False,2010.25,2011.0
2938,336,146,s,121,121.0,False,2010.25,2010.25
2939,396,498,s,121,122.0,False,2010.25,2010.5
2940,546,110,s,121,123.0,False,2010.25,2010.75
2941,595,596,s,121,121.0,False,2010.25,2010.25
2942,599,351,s,121,122.0,False,2010.25,2010.5
2943,652,647,s,121,121.0,False,2010.25,2010.25
2944,673,632,s,121,126.0,False,2010.25,2011.5
2945,192,55,s,121,121.0,False,2010.25,2010.25
2946,422,345,s,121,122.0,False,2010.25,2010.5
2947,481,515,s,121,123.0,False,2010.25,2010.75
2948,690,585,s,121,123.0,False,2010.25,2010.75
2949,9,497,s,121,122.0,False,2010.25,2010.5
2950,26,647,s,121,122.0,False,2010.25,2010.5
2951,287,231,s,121,122.0,False,2010.25,2010.5
2952,323,15,s,121,125.0,False,2010.25,2011.25
2953,352,189,s,121,124.0,False,2010.25,2011.0
2954,422,436,s,121,130.0,False,2010.25,2012.5
2955,669,283,s,121,123.0,False,2010.25,2010.75
2956,687,574,s,121,123.0,False,2010.25,2010.75
2957,689,589,s,121,126.0,False,2010.25,2011.5
2958,48,517,s,122,125.0,False,2010.5,2011.25
2959,60,150,s,122,130.0,False,2010.5,2012.5
2960,493,387,s,122,126.0,False,2010.5,2011.5
2961,636,600,s,122,124.0,False,2010.5,2011.0
2962,216,510,s,122,125.0,False,2010.5,2011.25
2963,235,849,s,122,128.0,False,2010.5,2012.0
2964,290,77,s,122,123.0,False,2010.5,2010.75
2965,312,666,s,122,122.0,False,2010.5,2010.5
2966,325,115,s,122,130.0,False,2010.5,2012.5
2967,406,133,s,122,123.0,False,2010.5,2010.75
2968,422,28,s,122,124.0,False,2010.5,2011.0
2969,543,324,s,122,127.0,False,2010.5,2011.75
2970,81,418,s,122,123.0,False,2010.5,2010.75
2971,166,99,s,122,123.0,False,2010.5,2010.75
2972,182,246,s,122,124.0,False,2010.5,2011.0
2973,392,603,s,122,123.0,False,2010.5,2010.75
2974,579,283,s,122,123.0,False,2010.5,2010.75
2975,709,630,s,122,127.0,False,2010.5,2011.75
2976,598,698,l,122,207.0,True,2010.5,2031.75
2977,697,754,l,122,196.0,True,2010.5,2029.0
2978,396,324,l,122,170.0,True,2010.5,2022.5
2979,548,337,l,122,125.0,True,2010.5,2011.25
2980,186,237,l,122,133.0,True,2010.5,2013.25
2981,127,418,s,123,127.0,False,2010.75,2011.75
2982,195,29,s,123,130.0,False,2010.75,2012.5
2983,216,345,s,123,125.0,False,2010.75,2011.25
2984,302,517,s,123,124.0,False,2010.75,2011.0
2985,391,439,s,123,124.0,False,2010.75,2011.0
2986,443,510,s,123,127.0,False,2010.75,2011.75
2987,483,211,s,123,124.0,False,2010.75,2011.0
2988,584,418,s,123,124.0,False,2010.75,2011.0
2989,625,641,s,123,123.0,False,2010.75,2010.75
2990,682,351,s,123,124.0,False,2010.75,2011.0
2991,192,630,s,123,136.0,False,2010.75,2014.0
2992,195,176,s,123,125.0,False,2010.75,2011.25
2993,200,512,s,123,125.0,False,2010.75,2011.25
2994,204,613,s,123,124.0,False,2010.75,2011.0
2995,315,616,s,123,127.0,False,2010.75,2011.75
2996,358,328,s,123,128.0,False,2010.75,2012.0
2997,358,416,s,123,124.0,False,2010.75,2011.0
2998,502,296,s,123,132.0,False,2010.75,2013.0
2999,607,609,s,123,126.0,False,2010.75,2011.5
3000,639,632,s,123,125.0,False,2010.75,2011.25
3001,682,667,s,123,127.0,False,2010.75,2011.75
3002,687,641,s,123,128.0,False,2010.75,2012.0
3003,195,423,s,123,127.0,False,2010.75,2011.75
3004,205,99,s,123,131.0,False,2010.75,2012.75
3005,673,605,s,123,133.0,False,2010.75,2013.25
3006,701,309,s,123,124.0,False,2010.75,2011.0
3007,701,596,s,123,127.0,False,2010.75,2011.75
3008,662,99,l,123,155.0,True,2010.75,2018.75
3009,607,585,l,123,124.0,True,2010.75,2011.0
3010,30,616,s,124,125.0,False,2011.0,2011.25
3011,117,405,s,124,127.0,False,2011.0,2011.75
3012,235,189,s,124,128.0,False,2011.0,2012.0
3013,290,517,s,124,126.0,False,2011.0,2011.5
3014,391,69,s,124,137.0,False,2011.0,2014.25
3015,450,243,s,124,133.0,False,2011.0,2013.25
3016,542,293,s,124,129.0,False,2011.0,2012.25
3017,669,457,s,124,125.0,False,2011.0,2011.25
3018,677,634,s,124,138.0,False,2011.0,2014.5
3019,49,516,s,124,126.0,False,2011.0,2011.5
3020,182,249,s,124,125.0,False,2011.0,2011.25
3021,200,345,s,124,126.0,False,2011.0,2011.5
3022,213,503,s,124,135.0,False,2011.0,2013.75
3023,542,514,s,124,125.0,False,2011.0,2011.25
3024,166,509,s,124,125.0,False,2011.0,2011.25
3025,290,416,s,124,126.0,False,2011.0,2011.5
3026,341,600,s,124,137.0,False,2011.0,2014.25
3027,541,345,s,124,138.0,False,2011.0,2014.5
3028,544,321,s,124,125.0,False,2011.0,2011.25
3029,544,469,s,124,125.0,False,2011.0,2011.25
3030,599,589,s,124,126.0,False,2011.0,2011.5
3031,709,596,s,124,132.0,False,2011.0,2013.0
3032,709,631,s,124,128.0,False,2011.0,2012.0
3033,311,611,l,124,157.0,True,2011.0,2019.25
3034,396,180,l,124,180.0,True,2011.0,2025.0
3035,316,211,l,124,138.0,True,2011.0,2014.5
3036,367,371,l,124,135.0,True,2011.0,2013.75
3037,262,655,s,125,126.0,False,2011.25,2011.5
3038,290,849,s,125,126.0,False,2011.25,2011.5
3039,392,189,s,125,127.0,False,2011.25,2011.75
3040,543,345,s,125,127.0,False,2011.25,2011.75
3041,550,432,s,125,128.0,False,2011.25,2012.0
3042,621,24,s,125,143.0,False,2011.25,2015.75
3043,628,744,s,125,131.0,False,2011.25,2012.75
3044,645,603,s,125,125.0,False,2011.25,2011.25
3045,57,600,s,125,129.0,False,2011.25,2012.25
3046,161,515,s,125,128.0,False,2011.25,2012.0
3047,204,255,s,125,128.0,False,2011.25,2012.0
3048,392,224,s,125,132.0,False,2011.25,2013.0
3049,544,231,s,125,130.0,False,2011.25,2012.5
3050,550,58,s,125,134.0,False,2011.25,2013.5
3051,687,589,s,125,126.0,False,2011.25,2011.5
3052,48,610,s,125,126.0,False,2011.25,2011.5
3053,127,508,s,125,130.0,False,2011.25,2012.5
3054,316,445,s,125,129.0,False,2011.25,2012.25
3055,316,514,s,125,136.0,False,2011.25,2014.0
3056,396,55,s,125,134.0,False,2011.25,2013.5
3057,645,146,s,125,126.0,False,2011.25,2011.5
3058,30,410,l,125,133.0,True,2011.25,2013.25
3059,541,585,l,125,139.0,True,2011.25,2014.75
3060,202,180,s,126,127.0,False,2011.5,2011.75
3061,216,849,s,126,133.0,False,2011.5,2013.25
3062,352,425,s,126,129.0,False,2011.5,2012.25
3063,391,520,s,126,130.0,False,2011.5,2012.5
3064,414,574,s,126,131.0,False,2011.5,2012.75
3065,141,234,s,126,129.0,False,2011.5,2012.25
3066,202,232,s,126,137.0,False,2011.5,2014.25
3067,235,321,s,126,131.0,False,2011.5,2012.75
3068,241,605,s,126,127.0,False,2011.5,2011.75
3069,336,589,s,126,131.0,False,2011.5,2012.75
3070,422,486,s,126,126.0,False,2011.5,2011.5
3071,544,486,s,126,127.0,False,2011.5,2011.75
3072,621,624,s,126,128.0,False,2011.5,2012.0
3073,659,154,s,126,132.0,False,2011.5,2013.0
3074,782,342,s,126,127.0,False,2011.5,2011.75
3075,49,284,s,126,128.0,False,2011.5,2012.0
3076,65,517,s,126,129.0,False,2011.5,2012.25
3077,391,284,s,126,131.0,False,2011.5,2012.75
3078,352,284,l,126,131.0,True,2011.5,2012.75
3079,648,613,l,126,148.0,True,2011.5,2017.0
3080,182,705,l,126,140.0,True,2011.5,2015.0
3081,235,293,l,126,196.0,True,2011.5,2029.0
3082,406,375,l,126,136.0,True,2011.5,2014.0
3083,406,418,l,126,136.0,True,2011.5,2014.0
3084,60,641,s,127,127.0,False,2011.75,2011.75
3085,141,54,s,127,127.0,False,2011.75,2011.75
3086,141,293,s,127,128.0,False,2011.75,2012.0
3087,340,217,s,127,139.0,False,2011.75,2014.75
3088,391,498,s,127,129.0,False,2011.75,2012.25
3089,542,247,s,127,130.0,False,2011.75,2012.5
3090,547,432,s,127,128.0,False,2011.75,2012.0
3091,190,110,s,127,136.0,False,2011.75,2014.0
3092,481,150,s,127,132.0,False,2011.75,2013.0
3093,6,525,s,127,140.0,False,2011.75,2015.0
3094,65,371,s,127,131.0,False,2011.75,2012.75
3095,81,284,s,127,132.0,False,2011.75,2013.0
3096,191,575,s,127,130.0,False,2011.75,2012.5
3097,235,515,s,127,133.0,False,2011.75,2013.25
3098,412,99,s,127,133.0,False,2011.75,2013.25
3099,450,517,s,127,137.0,False,2011.75,2014.25
3100,658,585,s,127,131.0,False,2011.75,2012.75
3101,6,304,l,127,188.0,True,2011.75,2027.0
3102,320,416,l,127,139.0,True,2011.75,2014.75
3103,638,507,l,127,184.0,True,2011.75,2026.0
3104,127,58,l,127,137.0,True,2011.75,2014.25
3105,141,397,l,127,168.0,True,2011.75,2022.0
3106,213,211,l,127,151.0,True,2011.75,2017.75
3107,205,666,s,128,138.0,False,2012.0,2014.5
3108,290,95,s,128,136.0,False,2012.0,2014.0
3109,352,63,s,128,129.0,False,2012.0,2012.25
3110,367,510,s,128,129.0,False,2012.0,2012.25
3111,606,634,s,128,131.0,False,2012.0,2012.75
3112,197,423,s,128,128.0,False,2012.0,2012.0
3113,336,512,s,128,131.0,False,2012.0,2012.75
3114,391,437,s,128,133.0,False,2012.0,2013.25
3115,460,655,s,128,130.0,False,2012.0,2012.5
3116,595,423,s,128,129.0,False,2012.0,2012.25
3117,598,611,s,128,129.0,False,2012.0,2012.25
3118,604,99,s,128,131.0,False,2012.0,2012.75
3119,216,457,s,128,130.0,False,2012.0,2012.5
3120,402,589,l,128,171.0,True,2012.0,2022.75
3121,544,526,l,128,212.0,True,2012.0,2033.0
3122,41,129,s,129,131.0,False,2012.25,2012.75
3123,391,440,s,129,129.0,False,2012.25,2012.25
3124,619,589,s,129,132.0,False,2012.25,2013.0
3125,542,231,s,129,137.0,False,2012.25,2014.25
3126,543,513,s,129,130.0,False,2012.25,2012.5
3127,687,603,s,129,133.0,False,2012.25,2013.25
3128,49,146,s,129,134.0,False,2012.25,2013.5
3129,94,231,s,129,133.0,False,2012.25,2013.25
3130,124,284,s,129,134.0,False,2012.25,2013.5
3131,202,180,s,129,130.0,False,2012.25,2012.5
3132,203,416,s,129,130.0,False,2012.25,2012.5
3133,450,231,s,129,137.0,False,2012.25,2014.25
3134,542,513,s,129,134.0,False,2012.25,2013.5
3135,545,101,s,129,131.0,False,2012.25,2012.75
3136,235,418,l,129,140.0,True,2012.25,2015.0
3137,48,231,s,130,132.0,False,2012.5,2013.0
3138,619,634,s,130,132.0,False,2012.5,2013.0
3139,708,410,s,130,130.0,False,2012.5,2012.5
3140,141,208,s,130,148.0,False,2012.5,2017.0
3141,391,180,s,130,135.0,False,2012.5,2013.75
3142,392,576,s,130,130.0,False,2012.5,2012.5
3143,434,525,s,130,135.0,False,2012.5,2013.75
3144,443,154,s,130,136.0,False,2012.5,2014.0
3145,482,603,s,130,138.0,False,2012.5,2014.5
3146,669,585,s,130,136.0,False,2012.5,2014.0
3147,673,666,s,130,130.0,False,2012.5,2012.5
3148,701,684,s,130,132.0,False,2012.5,2013.0
3149,57,196,s,130,133.0,False,2012.5,2013.25
3150,127,437,s,130,133.0,False,2012.5,2013.25
3151,195,110,s,130,132.0,False,2012.5,2013.0
3152,235,397,s,130,132.0,False,2012.5,2013.0
3153,352,139,s,130,131.0,False,2012.5,2012.75
3154,483,514,s,130,135.0,False,2012.5,2013.75
3155,543,284,s,130,131.0,False,2012.5,2012.75
3156,721,780,s,130,147.0,False,2012.5,2016.75
3157,197,631,l,130,151.0,True,2012.5,2017.75
3158,500,686,l,130,156.0,True,2012.5,2019.0
3159,49,610,s,131,131.0,False,2012.75,2012.75
3160,94,375,s,131,135.0,False,2012.75,2013.75
3161,121,176,s,131,134.0,False,2012.75,2013.5
3162,167,284,s,131,131.0,False,2012.75,2012.75
3163,169,611,s,131,134.0,False,2012.75,2013.5
3164,367,284,s,131,135.0,False,2012.75,2013.75
3165,396,457,s,131,135.0,False,2012.75,2013.75
3166,713,634,s,131,135.0,False,2012.75,2013.75
3167,30,198,s,131,131.0,False,2012.75,2012.75
3168,50,389,s,131,132.0,False,2012.75,2013.0
3169,50,521,s,131,133.0,False,2012.75,2013.25
3170,124,189,s,131,143.0,False,2012.75,2015.75
3171,166,255,s,131,136.0,False,2012.75,2014.0
3172,235,329,s,131,134.0,False,2012.75,2013.5
3173,579,457,s,131,140.0,False,2012.75,2015.0
3174,701,641,s,131,132.0,False,2012.75,2013.0
3175,352,524,s,131,140.0,False,2012.75,2015.0
3176,460,189,s,131,132.0,False,2012.75,2013.0
3177,598,653,s,131,132.0,False,2012.75,2013.0
3178,608,666,s,131,137.0,False,2012.75,2014.25
3179,628,63,s,131,140.0,False,2012.75,2015.0
3180,690,351,s,131,134.0,False,2012.75,2013.5
3181,360,509,l,131,138.0,True,2012.75,2014.5
3182,94,600,s,132,132.0,False,2013.0,2013.0
3183,621,418,s,132,147.0,False,2013.0,2016.75
3184,636,600,s,132,133.0,False,2013.0,2013.25
3185,673,507,s,132,148.0,False,2013.0,2017.0
3186,673,674,s,132,133.0,False,2013.0,2013.25
3187,701,712,s,132,132.0,False,2013.0,2013.0
3188,124,247,s,132,132.0,False,2013.0,2013.0
3189,141,387,s,132,134.0,False,2013.0,2013.5
3190,323,375,s,132,142.0,False,2013.0,2015.5
3191,460,510,s,132,135.0,False,2013.0,2013.75
3192,599,634,s,132,137.0,False,2013.0,2014.25
3193,607,603,s,132,139.0,False,2013.0,2014.75
3194,34,509,s,132,135.0,False,2013.0,2013.75
3195,49,512,s,132,134.0,False,2013.0,2013.5
3196,169,234,s,132,133.0,False,2013.0,2013.25
3197,190,139,s,132,134.0,False,2013.0,2013.5
3198,460,509,s,132,134.0,False,2013.0,2013.5
3199,604,634,s,132,137.0,False,2013.0,2014.25
3200,665,509,s,132,137.0,False,2013.0,2014.25
3201,690,686,s,132,133.0,False,2013.0,2013.25
3202,747,457,l,132,239.0,True,2013.0,2039.75
3203,544,189,l,132,208.0,True,2013.0,2032.0
3204,127,498,s,133,133.0,False,2013.25,2013.25
3205,169,507,s,133,144.0,False,2013.25,2016.0
3206,190,284,s,133,138.0,False,2013.25,2014.5
3207,235,211,s,133,138.0,False,2013.25,2014.5
3208,599,574,s,133,133.0,False,2013.25,2013.25
3209,639,575,s,133,135.0,False,2013.25,2013.75
3210,708,600,s,133,138.0,False,2013.25,2014.5
3211,49,55,s,133,135.0,False,2013.25,2013.75
3212,81,296,s,133,152.0,False,2013.25,2018.0
3213,340,849,s,133,133.0,False,2013.25,2013.25
3214,483,176,s,133,134.0,False,2013.25,2013.5
3215,690,653,s,133,134.0,False,2013.25,2013.5
3216,709,684,s,133,134.0,False,2013.25,2013.5
3217,406,432,s,133,135.0,False,2013.25,2013.75
3218,546,516,s,133,141.0,False,2013.25,2015.25
3219,673,632,s,133,134.0,False,2013.25,2013.5
3220,701,751,s,133,140.0,False,2013.25,2015.0
3221,871,154,s,133,137.0,False,2013.25,2014.25
3222,79,586,l,133,192.0,True,2013.25,2028.0
3223,94,399,l,133,171.0,True,2013.25,2022.75
3224,658,99,l,133,135.0,True,2013.25,2013.75
3225,57,808,s,134,134.0,False,2013.5,2013.5
3226,94,345,s,134,134.0,False,2013.5,2013.5
3227,183,597,s,134,134.0,False,2013.5,2013.5
3228,367,329,s,134,137.0,False,2013.5,2014.25
3229,383,521,s,134,134.0,False,2013.5,2013.5
3230,414,82,s,134,134.0,False,2013.5,2013.5
3231,450,418,s,134,136.0,False,2013.5,2014.0
3232,450,585,s,134,138.0,False,2013.5,2014.5
3233,570,596,s,134,140.0,False,2013.5,2015.0
3234,12,486,s,134,135.0,False,2013.5,2013.75
3235,121,387,s,134,142.0,False,2013.5,2015.5
3236,312,82,s,134,139.0,False,2013.5,2014.75
3237,320,514,s,134,139.0,False,2013.5,2014.75
3238,676,723,s,134,136.0,False,2013.5,2014.0
3239,748,616,s,134,135.0,False,2013.5,2013.75
3240,57,516,s,134,135.0,False,2013.5,2013.75
3241,311,603,s,134,136.0,False,2013.5,2014.0
3242,352,129,s,134,135.0,False,2013.5,2013.75
3243,482,15,s,134,136.0,False,2013.5,2014.0
3244,549,217,s,134,135.0,False,2013.5,2013.75
3245,552,704,s,134,148.0,False,2013.5,2017.0
3246,708,605,s,134,141.0,False,2013.5,2015.25
3247,628,418,l,134,142.0,True,2013.5,2015.5
3248,708,674,l,134,143.0,True,2013.5,2015.75
3249,579,437,l,134,156.0,True,2013.5,2019.0
3250,49,284,s,135,136.0,False,2013.75,2014.0
3251,81,337,s,135,141.0,False,2013.75,2015.25
3252,245,516,s,135,135.0,False,2013.75,2013.75
3253,412,630,s,135,141.0,False,2013.75,2015.25
3254,588,634,s,135,138.0,False,2013.75,2014.5
3255,665,674,s,135,135.0,False,2013.75,2013.75
3256,690,666,s,135,146.0,False,2013.75,2016.5
3257,697,517,s,135,144.0,False,2013.75,2016.0
3258,30,132,s,135,139.0,False,2013.75,2014.75
3259,65,234,s,135,137.0,False,2013.75,2014.25
3260,203,589,s,135,143.0,False,2013.75,2015.75
3261,204,345,s,135,141.0,False,2013.75,2015.25
3262,412,196,s,135,136.0,False,2013.75,2014.0
3263,619,630,s,135,137.0,False,2013.75,2014.25
3264,708,647,s,135,138.0,False,2013.75,2014.5
3265,747,647,s,135,137.0,False,2013.75,2014.25
3266,50,470,s,135,136.0,False,2013.75,2014.0
3267,65,399,s,135,137.0,False,2013.75,2014.25
3268,216,589,s,135,140.0,False,2013.75,2015.0
3269,245,512,s,135,142.0,False,2013.75,2015.5
3270,391,129,s,135,141.0,False,2013.75,2015.25
3271,579,99,s,135,138.0,False,2013.75,2014.5
3272,124,284,l,135,136.0,True,2013.75,2014.0
3273,542,345,l,135,228.0,True,2013.75,2037.0
3274,30,600,s,136,144.0,False,2014.0,2016.0
3275,305,198,s,136,140.0,False,2014.0,2015.0
3276,313,655,s,136,144.0,False,2014.0,2016.0
3277,341,632,s,136,136.0,False,2014.0,2014.0
3278,357,653,s,136,142.0,False,2014.0,2015.5
3279,711,589,s,136,136.0,False,2014.0,2014.0
3280,748,296,s,136,148.0,False,2014.0,2017.0
3281,121,133,s,136,143.0,False,2014.0,2015.75
3282,183,132,s,136,140.0,False,2014.0,2015.0
3283,192,503,s,136,147.0,False,2014.0,2016.75
3284,235,54,s,136,141.0,False,2014.0,2015.25
3285,352,509,s,136,139.0,False,2014.0,2014.75
3286,391,55,s,136,136.0,False,2014.0,2014.0
3287,450,416,s,136,142.0,False,2014.0,2015.5
3288,481,503,s,136,141.0,False,2014.0,2015.25
3289,636,600,s,136,140.0,False,2014.0,2015.0
3290,665,309,s,136,142.0,False,2014.0,2015.5
3291,709,505,s,136,138.0,False,2014.0,2014.5
3292,9,497,s,136,143.0,False,2014.0,2015.75
3293,216,387,s,136,137.0,False,2014.0,2014.25
3294,302,513,s,136,137.0,False,2014.0,2014.25
3295,683,616,s,136,140.0,False,2014.0,2015.0
3296,711,616,s,136,138.0,False,2014.0,2014.5
3297,721,666,s,136,142.0,False,2014.0,2015.5
3298,782,115,s,136,143.0,False,2014.0,2015.75
3299,67,351,l,136,149.0,True,2014.0,2017.25
3300,124,274,l,136,144.0,True,2014.0,2016.0
3301,290,416,l,136,170.0,True,2014.0,2022.5
3302,638,596,l,136,208.0,True,2014.0,2032.0
3303,312,457,l,136,192.0,True,2014.0,2028.0
3304,81,497,s,137,139.0,False,2014.25,2014.75
3305,290,849,s,137,140.0,False,2014.25,2015.0
3306,315,196,s,137,143.0,False,2014.25,2015.75
3307,358,432,s,137,137.0,False,2014.25,2014.25
3308,625,296,s,137,141.0,False,2014.25,2015.25
3309,709,586,s,137,138.0,False,2014.25,2014.5
3310,197,439,s,137,143.0,False,2014.25,2015.75
3311,570,575,s,137,142.0,False,2014.25,2015.5
3312,599,603,s,137,142.0,False,2014.25,2015.5
3313,687,694,s,137,147.0,False,2014.25,2016.75
3314,169,307,s,137,143.0,False,2014.25,2015.75
3315,336,423,s,137,151.0,False,2014.25,2017.75
3316,391,397,s,137,138.0,False,2014.25,2014.5
3317,543,514,s,137,140.0,False,2014.25,2015.0
3318,638,345,s,137,139.0,False,2014.25,2014.75
3319,673,666,s,137,143.0,False,2014.25,2015.75
3320,676,649,s,137,139.0,False,2014.25,2014.75
3321,30,410,s,138,138.0,False,2014.5,2014.5
3322,90,347,s,138,138.0,False,2014.5,2014.5
3323,121,217,s,138,143.0,False,2014.5,2015.75
3324,402,634,s,138,142.0,False,2014.5,2015.5
3325,579,77,s,138,138.0,False,2014.5,2014.5
3326,701,616,s,138,140.0,False,2014.5,2015.0
3327,60,655,s,138,140.0,False,2014.5,2015.0
3328,121,29,s,138,139.0,False,2014.5,2014.75
3329,166,69,s,138,139.0,False,2014.5,2014.75
3330,290,375,s,138,142.0,False,2014.5,2015.5
3331,360,351,s,138,143.0,False,2014.5,2015.75
3332,391,516,s,138,139.0,False,2014.5,2014.75
3333,542,77,s,138,140.0,False,2014.5,2015.0
3334,740,751,s,138,140.0,False,2014.5,2015.0
3335,65,514,s,138,145.0,False,2014.5,2016.25
3336,216,514,s,138,145.0,False,2014.5,2016.25
3337,235,514,s,138,140.0,False,2014.5,2015.0
3338,316,439,s,138,139.0,False,2014.5,2014.75
3339,341,328,s,138,153.0,False,2014.5,2018.25
3340,358,54,s,138,139.0,False,2014.5,2014.75
3341,402,574,s,138,144.0,False,2014.5,2016.0
3342,460,321,s,138,140.0,False,2014.5,2015.0
3343,687,722,s,138,139.0,False,2014.5,2014.75
3344,710,589,s,138,142.0,False,2014.5,2015.5
3345,851,296,s,138,141.0,False,2014.5,2015.25
3346,192,234,l,138,181.0,True,2014.5,2025.25
3347,290,868,l,138,196.0,True,2014.5,2029.0
3348,391,139,l,138,156.0,True,2014.5,2019.0
3349,302,754,l,138,140.0,True,2014.5,2015.0
3350,216,515,l,138,216.0,True,2014.5,2034.0
3351,216,655,l,138,148.0,True,2014.5,2017.0
3352,49,440,s,139,139.0,False,2014.75,2014.75
3353,545,754,s,139,140.0,False,2014.75,2015.0
3354,599,99,s,139,141.0,False,2014.75,2015.25
3355,675,686,s,139,142.0,False,2014.75,2015.5
3356,47,703,s,139,147.0,False,2014.75,2016.75
3357,360,77,s,139,144.0,False,2014.75,2016.0
3358,360,321,s,139,146.0,False,2014.75,2016.5
3359,481,150,s,139,142.0,False,2014.75,2015.5
3360,619,630,s,139,153.0,False,2014.75,2018.25
3361,673,600,s,139,141.0,False,2014.75,2015.25
3362,673,632,s,139,140.0,False,2014.75,2015.0
3363,60,616,s,139,158.0,False,2014.75,2019.5
3364,92,603,s,139,144.0,False,2014.75,2016.0
3365,302,321,s,139,141.0,False,2014.75,2015.25
3366,302,514,s,139,144.0,False,2014.75,2016.0
3367,316,231,s,139,144.0,False,2014.75,2016.0
3368,323,387,s,139,141.0,False,2014.75,2015.25
3369,427,418,s,139,145.0,False,2014.75,2016.25
3370,450,345,s,139,141.0,False,2014.75,2015.25
3371,483,284,s,139,144.0,False,2014.75,2016.0
3372,636,603,s,139,140.0,False,2014.75,2015.0
3373,336,63,l,139,141.0,True,2014.75,2015.25
3374,94,180,l,139,180.0,True,2014.75,2025.0
3375,191,514,s,140,142.0,False,2015.0,2015.5
3376,316,234,s,140,141.0,False,2015.0,2015.25
3377,358,231,s,140,142.0,False,2015.0,2015.5
3378,450,418,s,140,143.0,False,2015.0,2015.75
3379,542,397,s,140,144.0,False,2015.0,2016.0
3380,548,217,s,140,148.0,False,2015.0,2017.0
3381,625,457,s,140,141.0,False,2015.0,2015.25
3382,46,375,s,140,145.0,False,2015.0,2016.25
3383,127,514,s,140,149.0,False,2015.0,2017.25
3384,169,399,s,140,140.0,False,2015.0,2015.0
3385,203,15,s,140,144.0,False,2015.0,2016.0
3386,336,211,s,140,145.0,False,2015.0,2016.25
3387,336,511,s,140,141.0,False,2015.0,2015.25
3388,669,655,s,140,148.0,False,2015.0,2017.0
3389,701,642,s,140,143.0,False,2015.0,2015.75
3390,302,469,s,140,141.0,False,2015.0,2015.25
3391,360,293,s,140,144.0,False,2015.0,2016.0
3392,493,58,s,140,152.0,False,2015.0,2018.0
3393,543,54,s,140,143.0,False,2015.0,2015.75
3394,599,714,s,140,143.0,False,2015.0,2015.75
3395,657,508,s,140,144.0,False,2015.0,2016.0
3396,747,508,s,140,148.0,False,2015.0,2017.0
3397,739,647,l,140,158.0,True,2015.0,2019.5
3398,391,256,l,140,151.0,True,2015.0,2017.75
3399,216,61,s,141,141.0,False,2015.25,2015.25
3400,584,457,s,141,144.0,False,2015.25,2016.0
3401,599,146,s,141,141.0,False,2015.25,2015.25
3402,665,585,s,141,143.0,False,2015.25,2015.75
3403,668,622,s,141,142.0,False,2015.25,2015.5
3404,49,514,s,141,152.0,False,2015.25,2018.0
3405,216,387,s,141,144.0,False,2015.25,2016.0
3406,336,351,s,141,142.0,False,2015.25,2015.5
3407,540,616,s,141,143.0,False,2015.25,2015.75
3408,636,632,s,141,157.0,False,2015.25,2019.25
3409,756,730,s,141,145.0,False,2015.25,2016.25
3410,47,616,s,141,143.0,False,2015.25,2015.75
3411,336,416,s,141,150.0,False,2015.25,2017.5
3412,540,345,s,141,147.0,False,2015.25,2016.75
3413,690,614,s,141,142.0,False,2015.25,2015.5
3414,81,445,l,141,156.0,True,2015.25,2019.0
3415,662,714,l,141,,True,2015.25,
3416,676,589,l,141,183.0,True,2015.25,2025.75
3417,47,574,l,141,,True,2015.25,
3418,30,274,s,142,142.0,False,2015.5,2015.5
3419,81,129,s,142,143.0,False,2015.5,2015.75
3420,141,523,s,142,145.0,False,2015.5,2016.25
3421,166,146,s,142,143.0,False,2015.5,2015.75
3422,192,574,s,142,148.0,False,2015.5,2017.0
3423,203,613,s,142,143.0,False,2015.5,2015.75
3424,216,610,s,142,152.0,False,2015.5,2018.0
3425,542,189,s,142,143.0,False,2015.5,2015.75
3426,665,575,s,142,142.0,False,2015.5,2015.5
3427,30,605,s,142,145.0,False,2015.5,2016.25
3428,94,307,s,142,151.0,False,2015.5,2017.75
3429,241,283,s,142,145.0,False,2015.5,2016.25
3430,320,284,s,142,145.0,False,2015.5,2016.25
3431,444,568,s,142,144.0,False,2015.5,2016.0
3432,628,634,s,142,146.0,False,2015.5,2016.5
3433,90,54,s,142,158.0,False,2015.5,2019.5
3434,90,146,s,142,147.0,False,2015.5,2016.75
3435,483,509,s,142,145.0,False,2015.5,2016.25
3436,665,666,s,142,143.0,False,2015.5,2015.75
3437,748,589,s,142,146.0,False,2015.5,2016.5
3438,305,82,l,142,185.0,True,2015.5,2026.25
3439,186,890,s,143,144.0,False,2015.75,2016.0
3440,245,880,s,143,146.0,False,2015.75,2016.5
3441,541,603,s,143,143.0,False,2015.75,2015.75
3442,676,649,s,143,145.0,False,2015.75,2016.25
3443,26,585,s,143,144.0,False,2015.75,2016.0
3444,166,643,s,143,144.0,False,2015.75,2016.0
3445,216,469,s,143,151.0,False,2015.75,2017.75
3446,645,634,s,143,147.0,False,2015.75,2016.75
3447,213,274,s,143,153.0,False,2015.75,2018.25
3448,315,54,s,143,144.0,False,2015.75,2016.0
3449,315,82,s,143,144.0,False,2015.75,2016.0
3450,392,808,s,143,156.0,False,2015.75,2019.0
3451,599,655,s,143,149.0,False,2015.75,2017.25
3452,711,663,s,143,151.0,False,2015.75,2017.75
3453,60,624,l,143,,True,2015.75,
3454,204,508,l,143,,True,2015.75,
3455,542,347,l,143,204.0,True,2015.75,2031.0
3456,166,586,l,143,,True,2015.75,
3457,49,371,s,144,147.0,False,2016.0,2016.75
3458,169,457,s,144,150.0,False,2016.0,2017.5
3459,235,129,s,144,146.0,False,2016.0,2016.5
3460,645,589,s,144,145.0,False,2016.0,2016.25
3461,690,631,s,144,145.0,False,2016.0,2016.25
3462,141,347,s,144,150.0,False,2016.0,2017.5
3463,202,24,s,144,151.0,False,2016.0,2017.75
3464,599,616,s,144,150.0,False,2016.0,2017.5
3465,621,611,s,144,160.0,False,2016.0,2020.0
3466,688,678,s,144,149.0,False,2016.0,2017.25
3467,690,647,s,144,147.0,False,2016.0,2016.75
3468,752,744,s,144,146.0,False,2016.0,2016.5
3469,65,576,s,144,154.0,False,2016.0,2018.5
3470,94,576,s,144,155.0,False,2016.0,2018.75
3471,182,800,s,144,146.0,False,2016.0,2016.5
3472,315,506,s,144,147.0,False,2016.0,2016.75
3473,541,132,s,144,146.0,False,2016.0,2016.5
3474,544,445,s,144,146.0,False,2016.0,2016.5
3475,543,51,l,144,172.0,True,2016.0,2023.0
3476,266,432,l,144,,True,2016.0,
3477,216,176,l,144,195.0,True,2016.0,2028.75
3478,360,234,l,144,146.0,True,2016.0,2016.5
3479,26,609,s,145,147.0,False,2016.25,2016.75
3480,245,605,s,145,146.0,False,2016.25,2016.5
3481,291,574,s,145,146.0,False,2016.25,2016.5
3482,358,514,s,145,147.0,False,2016.25,2016.75
3483,687,634,s,145,149.0,False,2016.25,2017.25
3484,756,744,s,145,150.0,False,2016.25,2017.5
3485,53,283,s,145,148.0,False,2016.25,2017.0
3486,81,513,s,145,146.0,False,2016.25,2016.5
3487,200,399,s,145,151.0,False,2016.25,2017.75
3488,315,399,s,145,145.0,False,2016.25,2016.25
3489,323,397,s,145,145.0,False,2016.25,2016.25
3490,450,189,s,145,152.0,False,2016.25,2018.0
3491,690,712,s,145,146.0,False,2016.25,2016.5
3492,701,641,s,145,146.0,False,2016.25,2016.5
3493,778,634,s,145,155.0,False,2016.25,2018.75
3494,57,600,s,145,154.0,False,2016.25,2018.5
3495,87,613,s,145,158.0,False,2016.25,2019.5
3496,141,418,s,145,150.0,False,2016.25,2017.5
3497,205,703,s,145,153.0,False,2016.25,2018.25
3498,325,189,s,145,149.0,False,2016.25,2017.25
3499,434,486,s,145,149.0,False,2016.25,2017.25
3500,544,296,s,145,158.0,False,2016.25,2019.5
3501,710,715,s,145,153.0,False,2016.25,2018.25
3502,49,304,l,145,172.0,True,2016.25,2023.0
3503,67,653,s,146,146.0,False,2016.5,2016.5
3504,161,347,s,146,147.0,False,2016.5,2016.75
3505,245,497,s,146,149.0,False,2016.5,2017.25
3506,248,616,s,146,147.0,False,2016.5,2016.75
3507,305,457,s,146,148.0,False,2016.5,2017.0
3508,336,211,s,146,148.0,False,2016.5,2017.0
3509,490,605,s,146,154.0,False,2016.5,2018.5
3510,544,132,s,146,152.0,False,2016.5,2018.0
3511,708,632,s,146,150.0,False,2016.5,2017.5
3512,769,694,s,146,150.0,False,2016.5,2017.5
3513,49,512,s,146,151.0,False,2016.5,2017.75
3514,53,418,s,146,147.0,False,2016.5,2016.75
3515,57,321,s,146,163.0,False,2016.5,2020.75
3516,546,329,s,146,147.0,False,2016.5,2016.75
3517,584,351,s,146,152.0,False,2016.5,2018.0
3518,676,649,s,146,148.0,False,2016.5,2017.0
3519,747,575,s,146,150.0,False,2016.5,2017.5
3520,190,512,s,146,149.0,False,2016.5,2017.25
3521,216,418,s,146,151.0,False,2016.5,2017.75
3522,287,397,s,146,147.0,False,2016.5,2016.75
3523,311,99,s,146,149.0,False,2016.5,2017.25
3524,668,605,s,146,153.0,False,2016.5,2018.25
3525,740,898,s,146,147.0,False,2016.5,2016.75
3526,203,399,l,146,204.0,True,2016.5,2031.0
3527,336,55,l,146,172.0,True,2016.5,2023.0
3528,625,99,l,146,164.0,True,2016.5,2021.0
3529,197,99,l,146,177.0,True,2016.5,2024.25
3530,57,575,s,147,152.0,False,2016.75,2018.0
3531,94,146,s,147,150.0,False,2016.75,2017.5
3532,607,634,s,147,154.0,False,2016.75,2018.5
3533,731,768,s,147,148.0,False,2016.75,2017.0
3534,48,387,s,147,149.0,False,2016.75,2017.25
3535,190,284,s,147,149.0,False,2016.75,2017.25
3536,190,514,s,147,147.0,False,2016.75,2016.75
3537,336,613,s,147,151.0,False,2016.75,2017.75
3538,362,439,s,147,149.0,False,2016.75,2017.25
3539,673,674,s,147,150.0,False,2016.75,2017.5
3540,687,732,s,147,149.0,False,2016.75,2017.25
3541,688,616,s,147,150.0,False,2016.75,2017.5
3542,708,674,s,147,159.0,False,2016.75,2019.75
3543,748,600,s,147,147.0,False,2016.75,2016.75
3544,48,154,s,147,152.0,False,2016.75,2018.0
3545,186,497,s,147,154.0,False,2016.75,2018.5
3546,391,517,s,147,150.0,False,2016.75,2017.5
3547,659,611,s,147,148.0,False,2016.75,2017.0
3548,871,375,s,147,148.0,False,2016.75,2017.0
3549,628,589,l,147,152.0,True,2016.75,2018.0
3550,639,674,l,147,227.0,True,2016.75,2036.75
3551,53,345,s,148,164.0,False,2017.0,2021.0
3552,325,514,s,148,155.0,False,2017.0,2018.75
3553,330,596,s,148,149.0,False,2017.0,2017.25
3554,422,512,s,148,150.0,False,2017.0,2017.5
3555,542,516,s,148,150.0,False,2017.0,2017.5
3556,657,457,s,148,148.0,False,2017.0,2017.0
3557,687,678,s,148,149.0,False,2017.0,2017.25
3558,748,647,s,148,156.0,False,2017.0,2019.0
3559,752,663,s,148,150.0,False,2017.0,2017.5
3560,360,616,s,148,156.0,False,2017.0,2019.0
3561,367,189,s,148,150.0,False,2017.0,2017.5
3562,402,694,s,148,149.0,False,2017.0,2017.25
3563,599,575,s,148,148.0,False,2017.0,2017.0
3564,26,234,s,148,149.0,False,2017.0,2017.25
3565,216,387,s,148,154.0,False,2017.0,2018.5
3566,481,150,s,148,149.0,False,2017.0,2017.25
3567,544,576,s,148,150.0,False,2017.0,2017.5
3568,645,99,s,148,149.0,False,2017.0,2017.25
3569,659,575,s,148,153.0,False,2017.0,2018.25
3570,697,95,s,148,151.0,False,2017.0,2017.75
3571,213,150,l,148,212.0,True,2017.0,2033.0
3572,90,585,s,149,150.0,False,2017.25,2017.5
3573,192,507,s,149,161.0,False,2017.25,2020.25
3574,320,63,s,149,152.0,False,2017.25,2018.0
3575,330,247,s,149,151.0,False,2017.25,2017.75
3576,367,610,s,149,152.0,False,2017.25,2018.0
3577,391,437,s,149,151.0,False,2017.25,2017.75
3578,402,345,s,149,152.0,False,2017.25,2018.0
3579,482,600,s,149,152.0,False,2017.25,2018.0
3580,608,457,s,149,150.0,False,2017.25,2017.5
3581,673,632,s,149,149.0,False,2017.25,2017.25
3582,756,647,s,149,149.0,False,2017.25,2017.25
3583,778,784,s,149,152.0,False,2017.25,2018.0
3584,261,614,s,149,161.0,False,2017.25,2020.25
3585,450,95,s,149,153.0,False,2017.25,2018.25
3586,659,132,s,149,151.0,False,2017.25,2017.75
3587,30,516,s,149,152.0,False,2017.25,2018.0
3588,183,132,s,149,151.0,False,2017.25,2017.75
3589,186,890,s,149,151.0,False,2017.25,2017.75
3590,202,632,s,149,152.0,False,2017.25,2018.0
3591,336,575,s,149,150.0,False,2017.25,2017.5
3592,427,655,s,149,150.0,False,2017.25,2017.5
3593,608,655,s,149,161.0,False,2017.25,2020.25
3594,645,742,s,149,151.0,False,2017.25,2017.75
3595,690,722,s,149,150.0,False,2017.25,2017.5
3596,748,603,s,149,153.0,False,2017.25,2018.25
3597,841,321,s,149,151.0,False,2017.25,2017.75
3598,542,61,l,149,228.0,True,2017.25,2037.0
3599,315,99,s,150,154.0,False,2017.5,2018.5
3600,483,423,s,150,152.0,False,2017.5,2018.0
3601,483,754,s,150,153.0,False,2017.5,2018.25
3602,573,63,s,150,151.0,False,2017.5,2017.75
3603,638,647,s,150,151.0,False,2017.5,2017.75
3604,639,596,s,150,154.0,False,2017.5,2018.5
3605,659,513,s,150,166.0,False,2017.5,2021.5
3606,710,743,s,150,164.0,False,2017.5,2021.0
3607,769,730,s,150,150.0,False,2017.5,2017.5
3608,46,255,s,150,150.0,False,2017.5,2017.5
3609,216,54,s,150,158.0,False,2017.5,2019.5
3610,482,605,s,150,153.0,False,2017.5,2018.25
3611,607,624,s,150,152.0,False,2017.5,2018.0
3612,711,631,s,150,150.0,False,2017.5,2017.5
3613,912,589,s,150,153.0,False,2017.5,2018.25
3614,444,146,s,150,155.0,False,2017.5,2018.75
3615,665,596,s,150,155.0,False,2017.5,2018.75
3616,688,744,s,150,154.0,False,2017.5,2018.5
3617,731,692,s,150,155.0,False,2017.5,2018.75
3618,682,630,l,150,178.0,True,2017.5,2024.5
3619,60,351,l,150,161.0,True,2017.5,2020.25
3620,216,575,l,150,214.0,True,2017.5,2033.5
3621,747,585,s,151,153.0,False,2017.75,2018.25
3622,203,211,s,151,157.0,False,2017.75,2019.25
3623,402,418,s,151,162.0,False,2017.75,2020.5
3624,444,507,s,151,151.0,False,2017.75,2017.75
3625,450,586,s,151,152.0,False,2017.75,2018.0
3626,747,510,s,151,163.0,False,2017.75,2020.75
3627,47,624,s,151,159.0,False,2017.75,2019.75
3628,92,568,s,151,154.0,False,2017.75,2018.5
3629,320,75,s,151,155.0,False,2017.75,2018.75
3630,341,600,s,151,152.0,False,2017.75,2018.0
3631,392,514,s,151,163.0,False,2017.75,2020.75
3632,570,596,s,151,153.0,False,2017.75,2018.25
3633,584,692,s,151,152.0,False,2017.75,2018.0
3634,587,585,s,151,152.0,False,2017.75,2018.0
3635,621,630,s,151,162.0,False,2017.75,2020.5
3636,676,644,s,151,154.0,False,2017.75,2018.5
3637,900,585,s,151,153.0,False,2017.75,2018.25
3638,901,641,s,151,155.0,False,2017.75,2018.75
3639,621,624,l,151,,True,2017.75,
3640,677,723,l,151,175.0,True,2017.75,2023.75
3641,49,387,l,151,224.0,True,2017.75,2036.0
3642,668,733,l,151,176.0,True,2017.75,2024.0
3643,65,517,l,151,163.0,True,2017.75,2020.75
3644,541,296,l,151,153.0,True,2017.75,2018.25
3645,94,146,s,152,153.0,False,2018.0,2018.25
3646,166,589,s,152,152.0,False,2018.0,2018.0
3647,216,189,s,152,157.0,False,2018.0,2019.25
3648,248,133,s,152,152.0,False,2018.0,2018.0
3649,391,439,s,152,152.0,False,2018.0,2018.0
3650,434,139,s,152,152.0,False,2018.0,2018.0
3651,542,513,s,152,157.0,False,2018.0,2019.25
3652,573,686,s,152,155.0,False,2018.0,2018.75
3653,636,605,s,152,152.0,False,2018.0,2018.0
3654,675,666,s,152,156.0,False,2018.0,2019.0
3655,676,723,s,152,154.0,False,2018.0,2018.5
3656,690,576,s,152,153.0,False,2018.0,2018.25
3657,922,641,s,152,155.0,False,2018.0,2018.75
3658,127,129,s,152,154.0,False,2018.0,2018.5
3659,183,418,s,152,157.0,False,2018.0,2019.25
3660,190,129,s,152,154.0,False,2018.0,2018.5
3661,197,519,s,152,158.0,False,2018.0,2019.5
3662,302,371,s,152,152.0,False,2018.0,2018.0
3663,358,754,s,152,160.0,False,2018.0,2020.0
3664,543,129,s,152,153.0,False,2018.0,2018.25
3665,570,575,s,152,157.0,False,2018.0,2019.25
3666,735,667,s,152,162.0,False,2018.0,2020.5
3667,30,274,s,152,153.0,False,2018.0,2018.25
3668,53,418,s,152,156.0,False,2018.0,2019.0
3669,352,498,s,152,153.0,False,2018.0,2018.25
3670,402,744,s,152,157.0,False,2018.0,2019.25
3671,734,679,s,152,153.0,False,2018.0,2018.25
3672,747,568,s,152,157.0,False,2018.0,2019.25
3673,687,642,l,152,,True,2018.0,
3674,141,180,s,153,153.0,False,2018.25,2018.25
3675,205,586,s,153,168.0,False,2018.25,2022.0
3676,391,445,s,153,154.0,False,2018.25,2018.5
3677,483,517,s,153,154.0,False,2018.25,2018.5
3678,543,610,s,153,161.0,False,2018.25,2020.25
3679,548,724,s,153,155.0,False,2018.25,2018.75
3680,851,603,s,153,167.0,False,2018.25,2021.75
3681,422,176,s,153,154.0,False,2018.25,2018.5
3682,542,457,s,153,156.0,False,2018.25,2019.0
3683,708,641,s,153,156.0,False,2018.25,2019.0
3684,46,597,s,153,154.0,False,2018.25,2018.5
3685,79,575,s,153,161.0,False,2018.25,2020.25
3686,205,641,s,153,173.0,False,2018.25,2023.25
3687,216,211,s,153,170.0,False,2018.25,2022.5
3688,392,211,s,153,162.0,False,2018.25,2020.5
3689,414,234,s,153,156.0,False,2018.25,2019.0
3690,546,208,s,153,158.0,False,2018.25,2019.5
3691,690,678,s,153,155.0,False,2018.25,2018.75
3692,701,99,s,153,163.0,False,2018.25,2020.75
3693,60,613,l,153,156.0,True,2018.25,2019.0
3694,599,589,l,153,192.0,True,2018.25,2028.0
3695,312,351,s,154,161.0,False,2018.5,2020.25
3696,336,247,s,154,156.0,False,2018.5,2019.0
3697,402,603,s,154,154.0,False,2018.5,2018.5
3698,542,284,s,154,163.0,False,2018.5,2020.75
3699,709,703,s,154,162.0,False,2018.5,2020.5
3700,709,730,s,154,159.0,False,2018.5,2019.75
3701,47,387,s,154,155.0,False,2018.5,2018.75
3702,94,231,s,154,157.0,False,2018.5,2019.25
3703,242,40,s,154,165.0,False,2018.5,2021.25
3704,402,576,s,154,155.0,False,2018.5,2018.75
3705,645,634,s,154,155.0,False,2018.5,2018.75
3706,673,600,s,154,158.0,False,2018.5,2019.5
3707,747,576,s,154,162.0,False,2018.5,2020.5
3708,769,99,s,154,158.0,False,2018.5,2019.5
3709,778,751,s,154,156.0,False,2018.5,2019.0
3710,11,51,s,154,159.0,False,2018.5,2019.75
3711,203,585,s,154,157.0,False,2018.5,2019.25
3712,291,575,s,154,162.0,False,2018.5,2020.5
3713,336,77,s,154,161.0,False,2018.5,2020.25
3714,599,666,s,154,157.0,False,2018.5,2019.25
3715,673,351,s,154,155.0,False,2018.5,2018.75
3716,192,99,l,154,184.0,True,2018.5,2026.0
3717,46,296,l,154,,True,2018.5,
3718,94,513,s,155,160.0,False,2018.75,2020.0
3719,167,514,s,155,160.0,False,2018.75,2020.0
3720,203,54,s,155,157.0,False,2018.75,2019.25
3721,245,180,s,155,155.0,False,2018.75,2018.75
3722,367,610,s,155,155.0,False,2018.75,2018.75
3723,392,498,s,155,163.0,False,2018.75,2020.75
3724,761,630,s,155,160.0,False,2018.75,2020.0
3725,48,234,s,155,156.0,False,2018.75,2019.0
3726,121,272,s,155,157.0,False,2018.75,2019.25
3727,127,437,s,155,156.0,False,2018.75,2019.0
3728,482,632,s,155,160.0,False,2018.75,2020.0
3729,598,603,s,155,160.0,False,2018.75,2020.0
3730,688,674,s,155,164.0,False,2018.75,2021.0
3731,79,255,s,155,159.0,False,2018.75,2019.75
3732,94,132,s,155,156.0,False,2018.75,2019.0
3733,290,423,s,155,157.0,False,2018.75,2019.25
3734,500,730,s,155,157.0,False,2018.75,2019.25
3735,541,129,s,155,162.0,False,2018.75,2020.5
3736,544,54,s,155,157.0,False,2018.75,2019.25
3737,628,589,s,155,165.0,False,2018.75,2021.25
3738,739,730,s,155,158.0,False,2018.75,2019.5
3739,778,678,s,155,161.0,False,2018.75,2020.25
3740,901,655,s,155,156.0,False,2018.75,2019.0
3741,305,54,l,155,185.0,True,2018.75,2026.25
3742,598,641,l,155,203.0,True,2018.75,2030.75
3743,689,585,l,155,236.0,True,2018.75,2039.0
3744,92,678,l,155,,True,2018.75,
3745,245,180,s,156,156.0,False,2019.0,2019.0
3746,290,189,s,156,156.0,False,2019.0,2019.0
3747,320,328,s,156,158.0,False,2019.0,2019.5
3748,360,99,s,156,157.0,False,2019.0,2019.25
3749,544,849,s,156,158.0,False,2019.0,2019.5
3750,688,641,s,156,159.0,False,2019.0,2019.75
3751,30,410,s,156,157.0,False,2019.0,2019.25
3752,167,296,s,156,159.0,False,2019.0,2019.75
3753,183,514,s,156,158.0,False,2019.0,2019.5
3754,200,512,s,156,156.0,False,2019.0,2019.0
3755,396,517,s,156,165.0,False,2019.0,2021.25
3756,435,337,s,156,171.0,False,2019.0,2022.75
3757,450,634,s,156,160.0,False,2019.0,2020.0
3758,579,423,s,156,157.0,False,2019.0,2019.25
3759,604,743,s,156,158.0,False,2019.0,2019.5
3760,691,616,s,156,159.0,False,2019.0,2019.75
3761,748,605,s,156,160.0,False,2019.0,2020.0
3762,235,347,s,156,158.0,False,2019.0,2019.5
3763,290,132,s,156,158.0,False,2019.0,2019.5
3764,323,375,s,156,165.0,False,2019.0,2021.25
3765,336,575,s,156,158.0,False,2019.0,2019.5
3766,764,899,s,156,160.0,False,2019.0,2020.0
3767,781,663,s,156,157.0,False,2019.0,2019.25
3768,90,517,l,156,215.0,True,2019.0,2033.75
3769,213,345,l,156,212.0,True,2019.0,2033.0
3770,658,508,l,156,163.0,True,2019.0,2020.75
3771,748,507,l,156,182.0,True,2019.0,2025.5
3772,191,509,l,156,170.0,True,2019.0,2022.5
3773,691,647,s,157,158.0,False,2019.25,2019.5
3774,159,585,s,157,160.0,False,2019.25,2020.0
3775,202,180,s,157,160.0,False,2019.25,2020.0
3776,203,624,s,157,158.0,False,2019.25,2019.5
3777,773,574,s,157,160.0,False,2019.25,2020.0
3778,900,575,s,157,163.0,False,2019.25,2020.75
3779,781,768,s,157,163.0,False,2019.25,2020.75
3780,47,684,l,157,207.0,True,2019.25,2031.75
3781,402,929,l,157,224.0,True,2019.25,2036.0
3782,542,129,l,157,186.0,True,2019.25,2026.5
3783,67,575,l,157,185.0,True,2019.25,2026.25
3784,60,418,s,158,161.0,False,2019.5,2020.25
3785,94,211,s,158,158.0,False,2019.5,2019.5
3786,711,744,s,158,166.0,False,2019.5,2021.5
3787,711,758,s,158,162.0,False,2019.5,2020.5
3788,30,432,s,158,159.0,False,2019.5,2019.75
3789,57,516,s,158,158.0,False,2019.5,2019.5
3790,192,509,s,158,161.0,False,2019.5,2020.25
3791,311,603,s,158,160.0,False,2019.5,2020.0
3792,450,575,s,158,171.0,False,2019.5,2022.75
3793,606,630,s,158,160.0,False,2019.5,2020.0
3794,675,692,s,158,161.0,False,2019.5,2020.25
3795,764,743,s,158,159.0,False,2019.5,2019.75
3796,60,457,s,158,159.0,False,2019.5,2019.75
3797,167,418,s,158,171.0,False,2019.5,2022.75
3798,183,423,s,158,168.0,False,2019.5,2022.0
3799,216,507,s,158,162.0,False,2019.5,2020.5
3800,711,751,s,158,159.0,False,2019.5,2019.75
3801,741,631,s,158,161.0,False,2019.5,2020.25
3802,871,743,s,158,163.0,False,2019.5,2020.75
3803,599,585,l,158,158.0,True,2019.5,2019.5
3804,621,749,l,158,159.0,True,2019.5,2019.75
3805,49,432,s,159,160.0,False,2019.75,2020.0
3806,92,176,s,159,164.0,False,2019.75,2021.0
3807,167,234,s,159,163.0,False,2019.75,2020.75
3808,203,371,s,159,162.0,False,2019.75,2020.5
3809,216,324,s,159,159.0,False,2019.75,2019.75
3810,302,189,s,159,160.0,False,2019.75,2020.0
3811,450,95,s,159,182.0,False,2019.75,2025.5
3812,500,61,s,159,162.0,False,2019.75,2020.5
3813,701,631,s,159,161.0,False,2019.75,2020.25
3814,871,663,s,159,160.0,False,2019.75,2020.0
3815,48,469,s,159,164.0,False,2019.75,2021.0
3816,336,655,s,159,161.0,False,2019.75,2020.25
3817,360,575,s,159,159.0,False,2019.75,2019.75
3818,402,343,s,159,171.0,False,2019.75,2022.75
3819,480,630,s,159,164.0,False,2019.75,2021.0
3820,544,283,s,159,170.0,False,2019.75,2022.5
3821,544,328,s,159,162.0,False,2019.75,2020.5
3822,901,506,s,159,159.0,False,2019.75,2019.75
3823,57,95,s,159,163.0,False,2019.75,2020.75
3824,169,351,s,159,163.0,False,2019.75,2020.75
3825,412,575,s,159,162.0,False,2019.75,2020.5
3826,480,574,s,159,160.0,False,2019.75,2020.0
3827,598,574,s,159,162.0,False,2019.75,2020.5
3828,619,749,s,159,160.0,False,2019.75,2020.0
3829,673,698,s,159,162.0,False,2019.75,2020.5
3830,769,722,s,159,167.0,False,2019.75,2021.75
3831,94,517,l,159,180.0,True,2019.75,2025.0
3832,192,631,l,159,184.0,True,2019.75,2026.0
3833,312,641,l,159,,True,2019.75,
3834,769,744,l,159,203.0,True,2019.75,2030.75
3835,183,234,l,159,176.0,True,2019.75,2024.0
3836,701,715,l,159,174.0,True,2019.75,2023.5
3837,190,868,s,160,160.0,False,2020.0,2020.0
3838,261,644,s,160,169.0,False,2020.0,2022.25
3839,402,630,s,160,170.0,False,2020.0,2022.5
3840,638,634,s,160,161.0,False,2020.0,2020.25
3841,645,634,s,160,161.0,False,2020.0,2020.25
3842,668,589,s,160,169.0,False,2020.0,2022.25
3843,778,749,s,160,170.0,False,2020.0,2022.5
3844,539,715,s,160,162.0,False,2020.0,2020.5
3845,542,509,s,160,164.0,False,2020.0,2021.0
3846,543,440,s,160,161.0,False,2020.0,2020.25
3847,735,692,s,160,165.0,False,2020.0,2021.25
3848,796,759,s,160,170.0,False,2020.0,2022.5
3849,127,29,s,160,170.0,False,2020.0,2022.5
3850,172,274,s,160,162.0,False,2020.0,2020.5
3851,191,343,s,160,164.0,False,2020.0,2021.0
3852,312,99,s,160,162.0,False,2020.0,2020.5
3853,352,237,s,160,162.0,False,2020.0,2020.5
3854,427,575,s,160,163.0,False,2020.0,2020.75
3855,481,666,s,160,163.0,False,2020.0,2020.75
3856,543,418,s,160,161.0,False,2020.0,2020.25
3857,673,605,s,160,163.0,False,2020.0,2020.75
3858,682,575,s,160,161.0,False,2020.0,2020.25
3859,587,631,l,160,204.0,True,2020.0,2031.0
3860,190,514,l,160,176.0,True,2020.0,2024.0
3861,197,891,l,160,180.0,True,2020.0,2025.0
3862,402,616,s,161,161.0,False,2020.25,2020.25
3863,481,345,s,161,162.0,False,2020.25,2020.5
3864,542,510,s,161,162.0,False,2020.25,2020.5
3865,689,703,s,161,169.0,False,2020.25,2022.25
3866,708,632,s,161,164.0,False,2020.25,2021.0
3867,778,771,s,161,161.0,False,2020.25,2020.25
3868,94,230,s,161,170.0,False,2020.25,2022.5
3869,197,375,s,161,163.0,False,2020.25,2020.75
3870,290,234,s,161,166.0,False,2020.25,2021.5
3871,323,418,s,161,162.0,False,2020.25,2020.5
3872,358,211,s,161,163.0,False,2020.25,2020.75
3873,412,653,s,161,161.0,False,2020.25,2020.25
3874,480,296,s,161,162.0,False,2020.25,2020.5
3875,48,375,s,161,164.0,False,2020.25,2021.0
3876,169,576,s,161,165.0,False,2020.25,2021.25
3877,169,589,s,161,172.0,False,2020.25,2023.0
3878,323,423,s,161,162.0,False,2020.25,2020.5
3879,450,387,s,161,166.0,False,2020.25,2021.5
3880,739,686,s,161,165.0,False,2020.25,2021.25
3881,756,718,s,161,168.0,False,2020.25,2022.0
3882,796,666,s,161,166.0,False,2020.25,2021.5
3883,480,506,l,161,174.0,True,2020.25,2023.5
3884,599,674,l,161,174.0,True,2020.25,2023.5
3885,92,343,s,162,176.0,False,2020.5,2024.0
3886,248,343,s,162,163.0,False,2020.5,2020.75
3887,320,597,s,162,162.0,False,2020.5,2020.5
3888,665,653,s,162,162.0,False,2020.5,2020.5
3889,781,718,s,162,178.0,False,2020.5,2024.5
3890,202,180,s,162,163.0,False,2020.5,2020.75
3891,315,613,s,162,167.0,False,2020.5,2021.75
3892,402,514,s,162,165.0,False,2020.5,2021.25
3893,422,132,s,162,166.0,False,2020.5,2021.5
3894,659,345,s,162,168.0,False,2020.5,2022.0
3895,688,616,s,162,164.0,False,2020.5,2021.0
3896,708,674,s,162,165.0,False,2020.5,2021.25
3897,750,589,s,162,162.0,False,2020.5,2020.5
3898,922,574,s,162,168.0,False,2020.5,2022.0
3899,94,423,s,162,163.0,False,2020.5,2020.75
3900,482,410,s,162,166.0,False,2020.5,2021.5
3901,542,54,s,162,164.0,False,2020.5,2021.0
3902,636,632,s,162,170.0,False,2020.5,2022.5
3903,748,574,s,162,166.0,False,2020.5,2021.5
3904,762,760,s,162,164.0,False,2020.5,2021.0
3905,412,505,l,162,209.0,True,2020.5,2032.25
3906,81,231,s,163,165.0,False,2020.75,2021.25
3907,245,274,s,163,164.0,False,2020.75,2021.0
3908,579,99,s,163,163.0,False,2020.75,2020.75
3909,719,685,s,163,174.0,False,2020.75,2023.5
3910,81,236,s,163,172.0,False,2020.75,2023.0
3911,94,146,s,163,165.0,False,2020.75,2021.25
3912,402,642,s,163,167.0,False,2020.75,2021.75
3913,544,80,s,163,167.0,False,2020.75,2021.75
3914,546,486,s,163,167.0,False,2020.75,2021.75
3915,607,611,s,163,181.0,False,2020.75,2025.25
3916,734,749,s,163,169.0,False,2020.75,2022.25
3917,756,574,s,163,167.0,False,2020.75,2021.75
3918,796,616,s,163,167.0,False,2020.75,2021.75
3919,900,694,s,163,166.0,False,2020.75,2021.5
3920,482,180,s,163,169.0,False,2020.75,2022.25
3921,662,749,s,163,172.0,False,2020.75,2023.0
3922,761,760,s,163,167.0,False,2020.75,2021.75
3923,912,611,l,163,224.0,True,2020.75,2036.0
3924,57,516,s,164,177.0,False,2021.0,2024.25
3925,92,99,s,164,167.0,False,2021.0,2021.75
3926,216,351,s,164,167.0,False,2021.0,2021.75
3927,311,99,s,164,166.0,False,2021.0,2021.5
3928,402,508,s,164,170.0,False,2021.0,2022.5
3929,482,632,s,164,176.0,False,2021.0,2024.0
3930,579,589,s,164,168.0,False,2021.0,2022.0
3931,687,679,s,164,164.0,False,2021.0,2021.0
3932,708,759,s,164,172.0,False,2021.0,2023.0
3933,741,714,s,164,179.0,False,2021.0,2024.75
3934,764,609,s,164,166.0,False,2021.0,2021.5
3935,9,516,s,164,166.0,False,2021.0,2021.5
3936,200,154,s,164,167.0,False,2021.0,2021.75
3937,543,399,s,164,168.0,False,2021.0,2022.0
3938,621,768,s,164,169.0,False,2021.0,2022.25
3939,734,795,s,164,166.0,False,2021.0,2021.5
3940,735,685,s,164,177.0,False,2021.0,2024.25
3941,922,589,s,164,169.0,False,2021.0,2022.25
3942,960,568,s,164,171.0,False,2021.0,2022.75
3943,30,24,s,164,165.0,False,2021.0,2021.25
3944,67,506,s,164,173.0,False,2021.0,2023.25
3945,539,641,s,164,167.0,False,2021.0,2021.75
3946,544,61,s,164,173.0,False,2021.0,2023.25
3947,599,743,s,164,168.0,False,2021.0,2022.0
3948,608,351,s,164,169.0,False,2021.0,2022.25
3949,691,655,s,164,166.0,False,2021.0,2021.5
3950,709,586,s,164,172.0,False,2021.0,2023.0
3951,960,616,s,164,166.0,False,2021.0,2021.5
3952,625,616,l,164,,True,2021.0,
3953,793,804,l,164,197.0,True,2021.0,2029.25
3954,747,743,l,164,221.0,True,2021.0,2035.25
3955,81,189,s,165,167.0,False,2021.25,2021.75
3956,315,82,s,165,168.0,False,2021.25,2022.0
3957,542,234,s,165,170.0,False,2021.25,2022.5
3958,584,585,s,165,165.0,False,2021.25,2021.25
3959,688,575,s,165,175.0,False,2021.25,2023.75
3960,748,634,s,165,167.0,False,2021.25,2021.75
3961,764,678,s,165,166.0,False,2021.25,2021.5
3962,30,605,s,165,166.0,False,2021.25,2021.5
3963,79,576,s,165,170.0,False,2021.25,2022.5
3964,323,132,s,165,170.0,False,2021.25,2022.5
3965,543,146,s,165,166.0,False,2021.25,2021.5
3966,543,610,s,165,168.0,False,2021.25,2022.0
3967,708,632,s,165,170.0,False,2021.25,2022.5
3968,67,616,s,165,166.0,False,2021.25,2021.5
3969,192,77,s,165,173.0,False,2021.25,2023.25
3970,262,715,s,165,170.0,False,2021.25,2022.5
3971,291,589,s,165,170.0,False,2021.25,2022.5
3972,302,284,s,165,167.0,False,2021.25,2021.75
3973,543,33,s,165,172.0,False,2021.25,2023.0
3974,628,631,s,165,178.0,False,2021.25,2024.5
3975,673,674,s,165,166.0,False,2021.25,2021.5
3976,748,589,s,165,171.0,False,2021.25,2022.75
3977,483,40,l,165,173.0,True,2021.25,2023.25
3978,606,596,l,165,208.0,True,2021.25,2032.0
3979,127,54,s,166,168.0,False,2021.5,2022.0
3980,216,418,s,166,169.0,False,2021.5,2022.25
3981,336,457,s,166,168.0,False,2021.5,2022.0
3982,450,486,s,166,174.0,False,2021.5,2023.5
3983,579,399,s,166,170.0,False,2021.5,2022.5
3984,752,630,s,166,167.0,False,2021.5,2021.75
3985,901,758,s,166,168.0,False,2021.5,2022.0
3986,933,568,s,166,168.0,False,2021.5,2022.0
3987,183,198,s,166,172.0,False,2021.5,2023.0
3988,216,132,s,166,167.0,False,2021.5,2021.75
3989,493,375,s,166,170.0,False,2021.5,2022.5
3990,635,643,s,166,179.0,False,2021.5,2024.75
3991,709,699,s,166,167.0,False,2021.5,2021.75
3992,734,751,s,166,168.0,False,2021.5,2022.0
3993,769,803,s,166,168.0,False,2021.5,2022.0
3994,311,647,s,166,168.0,False,2021.5,2022.0
3995,412,622,s,166,176.0,False,2021.5,2024.0
3996,422,445,s,166,176.0,False,2021.5,2024.0
3997,427,589,s,166,167.0,False,2021.5,2021.75
3998,542,808,s,166,172.0,False,2021.5,2023.0
3999,619,758,s,166,168.0,False,2021.5,2022.0
4000,734,771,s,166,168.0,False,2021.5,2022.0
4001,769,692,s,166,174.0,False,2021.5,2023.5
4002,81,40,l,166,172.0,True,2021.5,2023.0
4003,305,418,l,166,,True,2021.5,
4004,587,351,l,166,198.0,True,2021.5,2029.5
4005,323,457,s,167,174.0,False,2021.75,2023.5
4006,481,679,s,167,175.0,False,2021.75,2023.75
4007,543,576,s,167,167.0,False,2021.75,2021.75
4008,544,512,s,167,179.0,False,2021.75,2024.75
4009,709,749,s,167,168.0,False,2021.75,2022.0
4010,798,797,s,167,172.0,False,2021.75,2023.0
4011,127,211,s,167,168.0,False,2021.75,2022.0
4012,315,99,s,167,168.0,False,2021.75,2022.0
4013,414,321,s,167,170.0,False,2021.75,2022.5
4014,625,666,s,167,168.0,False,2021.75,2022.0
4015,673,632,s,167,171.0,False,2021.75,2022.75
4016,701,508,s,167,171.0,False,2021.75,2022.75
4017,805,759,s,167,173.0,False,2021.75,2023.25
4018,922,644,s,167,169.0,False,2021.75,2022.25
4019,47,296,s,167,170.0,False,2021.75,2022.5
4020,53,54,s,167,177.0,False,2021.75,2024.25
4021,191,296,s,167,169.0,False,2021.75,2022.25
4022,203,603,s,167,170.0,False,2021.75,2022.5
4023,290,517,s,167,168.0,False,2021.75,2022.0
4024,291,296,s,167,174.0,False,2021.75,2023.5
4025,412,644,s,167,169.0,False,2021.75,2022.25
4026,500,634,s,167,179.0,False,2021.75,2024.75
4027,544,423,s,167,168.0,False,2021.75,2022.0
4028,687,715,s,167,169.0,False,2021.75,2022.25
4029,798,749,s,167,172.0,False,2021.75,2023.0
4030,805,674,s,167,172.0,False,2021.75,2023.0
4031,543,55,l,167,172.0,True,2021.75,2023.0
4032,960,589,l,167,227.0,True,2021.75,2036.75
4033,482,410,l,167,235.0,True,2021.75,2038.75
4034,668,695,l,167,,True,2021.75,
4035,47,506,s,168,179.0,False,2022.0,2024.75
4036,79,506,s,168,182.0,False,2022.0,2025.5
4037,192,611,s,168,169.0,False,2022.0,2022.25
4038,200,146,s,168,168.0,False,2022.0,2022.0
4039,213,585,s,168,174.0,False,2022.0,2023.5
4040,336,234,s,168,179.0,False,2022.0,2024.75
4041,481,649,s,168,171.0,False,2022.0,2022.75
4042,587,575,s,168,168.0,False,2022.0,2022.0
4043,688,596,s,168,172.0,False,2022.0,2023.0
4044,739,589,s,168,175.0,False,2022.0,2023.75
4045,787,749,s,168,175.0,False,2022.0,2023.75
4046,805,823,s,168,168.0,False,2022.0,2022.0
4047,245,180,s,168,170.0,False,2022.0,2022.5
4048,316,328,s,168,173.0,False,2022.0,2023.25
4049,341,387,s,168,183.0,False,2022.0,2025.75
4050,360,211,s,168,182.0,False,2022.0,2025.5
4051,450,516,s,168,169.0,False,2022.0,2022.25
4052,659,589,s,168,169.0,False,2022.0,2022.25
4053,776,718,s,168,170.0,False,2022.0,2022.5
4054,776,813,s,168,170.0,False,2022.0,2022.5
4055,805,605,s,168,177.0,False,2022.0,2024.25
4056,266,176,s,168,178.0,False,2022.0,2024.5
4057,542,146,s,168,170.0,False,2022.0,2022.5
4058,587,634,s,168,171.0,False,2022.0,2022.75
4059,625,718,s,168,171.0,False,2022.0,2022.75
4060,708,674,s,168,169.0,False,2022.0,2022.25
4061,841,751,s,168,169.0,False,2022.0,2022.25
4062,851,777,s,168,169.0,False,2022.0,2022.25
4063,311,309,l,168,,True,2022.0,
4064,81,486,s,169,172.0,False,2022.25,2023.0
4065,182,525,s,169,170.0,False,2022.25,2022.5
4066,241,971,s,169,172.0,False,2022.25,2023.0
4067,402,154,s,169,176.0,False,2022.25,2024.0
4068,417,506,s,169,169.0,False,2022.25,2022.25
4069,599,613,s,169,169.0,False,2022.25,2022.25
4070,756,714,s,169,183.0,False,2022.25,2025.75
4071,769,715,s,169,178.0,False,2022.25,2024.5
4072,805,857,s,169,170.0,False,2022.25,2022.5
4073,30,180,s,169,181.0,False,2022.25,2025.25
4074,49,517,s,169,174.0,False,2022.25,2023.5
4075,203,589,s,169,178.0,False,2022.25,2024.5
4076,311,609,s,169,170.0,False,2022.25,2022.5
4077,312,616,s,169,174.0,False,2022.25,2023.5
4078,323,418,s,169,174.0,False,2022.25,2023.5
4079,422,850,s,169,174.0,False,2022.25,2023.5
4080,485,724,s,169,171.0,False,2022.25,2022.75
4081,645,603,s,169,173.0,False,2022.25,2023.25
4082,789,631,s,169,170.0,False,2022.25,2022.5
4083,798,715,s,169,179.0,False,2022.25,2024.75
4084,183,418,s,169,172.0,False,2022.25,2023.0
4085,203,418,s,169,179.0,False,2022.25,2024.75
4086,323,808,s,169,171.0,False,2022.25,2022.75
4087,417,589,s,169,178.0,False,2022.25,2024.5
4088,450,589,s,169,174.0,False,2022.25,2023.5
4089,480,720,s,169,176.0,False,2022.25,2024.0
4090,539,749,s,169,180.0,False,2022.25,2025.0
4091,747,575,s,169,172.0,False,2022.25,2023.0
4092,789,596,s,169,179.0,False,2022.25,2024.75
4093,818,647,s,169,174.0,False,2022.25,2023.5
4094,587,771,l,169,174.0,True,2022.25,2023.5
4095,92,732,l,169,,True,2022.25,
4096,541,457,l,169,,True,2022.25,
4097,323,516,s,170,171.0,False,2022.5,2022.75
4098,360,630,s,170,172.0,False,2022.5,2023.0
4099,450,154,s,170,170.0,False,2022.5,2022.5
4100,683,641,s,170,173.0,False,2022.5,2023.25
4101,922,631,s,170,179.0,False,2022.5,2024.75
4102,950,309,s,170,170.0,False,2022.5,2022.5
4103,92,309,s,170,183.0,False,2022.5,2025.75
4104,167,321,s,170,173.0,False,2022.5,2023.25
4105,216,513,s,170,174.0,False,2022.5,2023.5
4106,541,575,s,170,172.0,False,2022.5,2023.0
4107,657,641,s,170,171.0,False,2022.5,2022.75
4108,57,631,s,170,180.0,False,2022.5,2025.0
4109,662,641,s,170,177.0,False,2022.5,2024.25
4110,690,674,s,170,175.0,False,2022.5,2023.75
4111,752,603,s,170,176.0,False,2022.5,2024.0
4112,781,771,s,170,175.0,False,2022.5,2023.75
4113,483,284,l,170,224.0,True,2022.5,2036.0
4114,599,351,l,170,192.0,True,2022.5,2028.0
4115,26,684,s,171,178.0,False,2022.75,2024.5
4116,169,247,s,171,172.0,False,2022.75,2023.0
4117,312,654,s,171,171.0,False,2022.75,2022.75
4118,435,520,s,171,171.0,False,2022.75,2022.75
4119,450,513,s,171,175.0,False,2022.75,2023.75
4120,543,445,s,171,172.0,False,2022.75,2023.0
4121,544,129,s,171,183.0,False,2022.75,2025.75
4122,570,510,s,171,173.0,False,2022.75,2023.25
4123,735,603,s,171,175.0,False,2022.75,2023.75
4124,819,803,s,171,172.0,False,2022.75,2023.0
4125,922,758,s,171,174.0,False,2022.75,2023.5
4126,57,514,s,171,176.0,False,2022.75,2024.0
4127,323,654,s,171,181.0,False,2022.75,2025.25
4128,427,457,s,171,174.0,False,2022.75,2023.5
4129,541,61,s,171,194.0,False,2022.75,2028.5
4130,709,715,s,171,171.0,False,2022.75,2022.75
4131,747,283,s,171,173.0,False,2022.75,2023.25
4132,748,631,s,171,172.0,False,2022.75,2023.0
4133,778,712,s,171,179.0,False,2022.75,2024.75
4134,191,418,s,171,172.0,False,2022.75,2023.0
4135,192,321,s,171,172.0,False,2022.75,2023.0
4136,450,439,s,171,180.0,False,2022.75,2025.0
4137,709,649,s,171,173.0,False,2022.75,2023.25
4138,726,631,s,171,173.0,False,2022.75,2023.25
4139,302,486,l,171,204.0,True,2022.75,2031.0
4140,57,510,l,171,199.0,True,2022.75,2029.75
4141,202,180,l,171,232.0,True,2022.75,2038.0
4142,65,347,s,172,174.0,False,2023.0,2023.5
4143,166,723,s,172,177.0,False,2023.0,2024.25
4144,203,506,s,172,174.0,False,2023.0,2023.5
4145,248,631,s,172,173.0,False,2023.0,2023.25
4146,427,730,s,172,172.0,False,2023.0,2023.0
4147,450,655,s,172,175.0,False,2023.0,2023.75
4148,47,630,s,172,174.0,False,2023.0,2023.5
4149,67,576,s,172,182.0,False,2023.0,2025.5
4150,79,644,s,172,175.0,False,2023.0,2023.75
4151,166,99,s,172,184.0,False,2023.0,2026.0
4152,360,506,s,172,176.0,False,2023.0,2024.0
4153,645,684,s,172,176.0,False,2023.0,2024.0
4154,6,436,s,172,174.0,False,2023.0,2023.5
4155,47,132,s,172,173.0,False,2023.0,2023.25
4156,598,970,s,172,178.0,False,2023.0,2024.5
4157,711,730,s,172,185.0,False,2023.0,2026.25
4158,735,597,s,172,174.0,False,2023.0,2023.5
4159,787,980,s,172,173.0,False,2023.0,2023.25
4160,92,929,s,173,174.0,False,2023.25,2023.5
4161,241,596,s,173,176.0,False,2023.25,2024.0
4162,394,632,s,173,191.0,False,2023.25,2027.75
4163,621,345,s,173,178.0,False,2023.25,2024.5
4164,691,732,s,173,182.0,False,2023.25,2025.5
4165,750,653,s,173,180.0,False,2023.25,2025.0
4166,789,603,s,173,177.0,False,2023.25,2024.25
4167,819,744,s,173,175.0,False,2023.25,2023.75
4168,360,347,s,173,178.0,False,2023.25,2024.5
4169,708,632,s,173,176.0,False,2023.25,2024.0
4170,731,506,s,173,174.0,False,2023.25,2023.5
4171,793,749,s,173,175.0,False,2023.25,2023.75
4172,960,616,s,173,177.0,False,2023.25,2024.25
4173,60,255,s,173,174.0,False,2023.25,2023.5
4174,200,655,s,173,174.0,False,2023.25,2023.5
4175,311,512,s,173,176.0,False,2023.25,2024.0
4176,336,154,s,173,177.0,False,2023.25,2024.25
4177,427,634,s,173,180.0,False,2023.25,2025.0
4178,625,692,s,173,178.0,False,2023.25,2024.5
4179,901,399,s,173,175.0,False,2023.25,2023.75
4180,166,771,l,173,205.0,True,2023.25,2031.25
4181,92,575,l,173,239.0,True,2023.25,2039.75
4182,541,321,l,173,,True,2023.25,
4183,67,146,s,174,179.0,False,2023.5,2024.75
4184,92,418,s,174,176.0,False,2023.5,2024.0
4185,94,82,s,174,176.0,False,2023.5,2024.0
4186,169,949,s,174,176.0,False,2023.5,2024.0
4187,367,469,s,174,176.0,False,2023.5,2024.0
4188,740,679,s,174,175.0,False,2023.5,2023.75
4189,67,132,s,174,186.0,False,2023.5,2026.5
4190,402,585,s,174,174.0,False,2023.5,2023.5
4191,769,722,s,174,178.0,False,2023.5,2024.5
4192,764,759,s,174,177.0,False,2023.5,2024.25
4193,798,718,s,174,175.0,False,2023.5,2023.75
4194,805,759,s,174,184.0,False,2023.5,2026.0
4195,901,568,s,174,178.0,False,2023.5,2024.5
4196,972,634,s,174,181.0,False,2023.5,2025.25
4197,635,634,l,174,187.0,True,2023.5,2026.75
4198,721,712,l,174,,True,2023.5,
4199,752,751,l,174,179.0,True,2023.5,2024.75
4200,169,506,s,175,176.0,False,2023.75,2024.0
4201,203,387,s,175,181.0,False,2023.75,2025.25
4202,480,343,s,175,176.0,False,2023.75,2024.0
4203,544,77,s,175,178.0,False,2023.75,2024.5
4204,608,509,s,175,180.0,False,2023.75,2025.0
4205,829,749,s,175,175.0,False,2023.75,2023.75
4206,205,730,s,175,175.0,False,2023.75,2023.75
4207,245,432,s,175,186.0,False,2023.75,2026.5
4208,673,760,s,175,179.0,False,2023.75,2024.75
4209,687,634,s,175,179.0,False,2023.75,2024.75
4210,690,596,s,175,176.0,False,2023.75,2024.0
4211,747,909,s,175,176.0,False,2023.75,2024.0
4212,787,780,s,175,179.0,False,2023.75,2024.75
4213,819,779,s,175,175.0,False,2023.75,2023.75
4214,820,759,s,175,175.0,False,2023.75,2023.75
4215,981,808,s,175,181.0,False,2023.75,2025.25
4216,26,600,s,175,181.0,False,2023.75,2025.25
4217,65,180,s,175,176.0,False,2023.75,2024.0
4218,92,980,s,175,179.0,False,2023.75,2024.75
4219,183,61,s,175,184.0,False,2023.75,2026.0
4220,302,509,s,175,185.0,False,2023.75,2026.25
4221,657,634,s,175,180.0,False,2023.75,2025.0
4222,747,576,s,175,176.0,False,2023.75,2024.0
4223,750,763,s,175,180.0,False,2023.75,2025.0
4224,901,929,s,175,180.0,False,2023.75,2025.0
4225,53,613,l,175,240.0,True,2023.75,2040.0
4226,796,730,l,175,214.0,True,2023.75,2033.5
4227,360,75,s,176,182.0,False,2024.0,2025.5
4228,360,77,s,176,184.0,False,2024.0,2026.0
4229,482,180,s,176,181.0,False,2024.0,2025.25
4230,579,54,s,176,177.0,False,2024.0,2024.25
4231,673,641,s,176,181.0,False,2024.0,2025.25
4232,360,354,s,176,177.0,False,2024.0,2024.25
4233,832,790,s,176,180.0,False,2024.0,2025.0
4234,981,211,s,176,177.0,False,2024.0,2024.25
4235,152,55,s,176,193.0,False,2024.0,2028.25
4236,203,613,s,176,178.0,False,2024.0,2024.5
4237,323,416,s,176,177.0,False,2024.0,2024.25
4238,658,54,s,176,178.0,False,2024.0,2024.5
4239,690,969,s,176,186.0,False,2024.0,2026.5
4240,711,574,s,176,187.0,False,2024.0,2026.75
4241,769,979,s,176,177.0,False,2024.0,2024.25
4242,821,795,s,176,178.0,False,2024.0,2024.5
4243,832,695,s,176,181.0,False,2024.0,2025.25
4244,835,616,s,176,179.0,False,2024.0,2024.75
4245,901,585,s,176,180.0,False,2024.0,2025.0
4246,912,631,s,176,177.0,False,2024.0,2024.25
4247,960,283,l,176,195.0,True,2024.0,2028.75
4248,657,616,l,176,218.0,True,2024.0,2034.5
4249,30,880,s,177,179.0,False,2024.25,2024.75
4250,47,653,s,177,178.0,False,2024.25,2024.5
4251,67,99,s,177,183.0,False,2024.25,2025.75
4252,92,616,s,177,182.0,False,2024.25,2025.5
4253,169,597,s,177,178.0,False,2024.25,2024.5
4254,595,613,s,177,178.0,False,2024.25,2024.5
4255,690,684,s,177,181.0,False,2024.25,2025.25
4256,762,959,s,177,184.0,False,2024.25,2026.0
4257,49,211,s,177,189.0,False,2024.25,2027.25
4258,192,387,s,177,179.0,False,2024.25,2024.75
4259,305,99,s,177,187.0,False,2024.25,2026.75
4260,579,154,s,177,179.0,False,2024.25,2024.75
4261,625,666,s,177,185.0,False,2024.25,2026.25
4262,682,623,s,177,185.0,False,2024.25,2026.25
4263,689,714,s,177,181.0,False,2024.25,2025.25
4264,748,82,s,177,184.0,False,2024.25,2026.0
4265,756,980,s,177,179.0,False,2024.25,2024.75
4266,776,749,s,177,182.0,False,2024.25,2025.5
4267,992,146,s,177,178.0,False,2024.25,2024.5
4268,46,644,s,177,179.0,False,2024.25,2024.75
4269,635,794,l,177,239.0,True,2024.25,2039.75
4270,835,795,l,177,,True,2024.25,
4271,669,634,l,177,204.0,True,2024.25,2031.0
4272,933,616,l,177,,True,2024.25,
4273,166,929,s,178,179.0,False,2024.5,2024.75
4274,636,632,s,178,185.0,False,2024.5,2026.25
4275,747,634,s,178,179.0,False,2024.5,2024.75
4276,851,674,s,178,178.0,False,2024.5,2024.5
4277,57,321,s,178,180.0,False,2024.5,2025.0
4278,167,849,s,178,180.0,False,2024.5,2025.0
4279,200,54,s,178,185.0,False,2024.5,2026.25
4280,205,283,s,178,182.0,False,2024.5,2025.5
4281,638,616,s,178,182.0,False,2024.5,2025.5
4282,819,784,s,178,179.0,False,2024.5,2024.75
4283,835,749,s,178,180.0,False,2024.5,2025.0
4284,960,605,s,178,179.0,False,2024.5,2024.75
4285,57,296,s,178,180.0,False,2024.5,2025.0
4286,94,296,s,178,180.0,False,2024.5,2025.0
4287,94,375,s,178,180.0,False,2024.5,2025.0
4288,305,129,s,178,179.0,False,2024.5,2024.75
4289,402,678,s,178,188.0,False,2024.5,2027.0
4290,443,630,s,178,186.0,False,2024.5,2026.5
4291,658,234,s,178,182.0,False,2024.5,2025.5
4292,691,616,s,178,180.0,False,2024.5,2025.0
4293,719,613,s,178,179.0,False,2024.5,2024.75
4294,739,603,s,178,182.0,False,2024.5,2025.5
4295,752,720,s,178,181.0,False,2024.5,2025.25
4296,752,730,s,178,182.0,False,2024.5,2025.5
4297,789,779,s,178,183.0,False,2024.5,2025.75
4298,832,722,s,178,186.0,False,2024.5,2026.5
4299,92,345,l,178,,True,2024.5,
4300,922,457,l,178,,True,2024.5,
4301,169,69,l,178,194.0,True,2024.5,2028.5
4302,336,296,l,178,206.0,True,2024.5,2031.5
4303,166,234,s,179,183.0,False,2024.75,2025.75
4304,216,416,s,179,180.0,False,2024.75,2025.0
4305,311,850,s,179,183.0,False,2024.75,2025.75
4306,541,345,s,179,191.0,False,2024.75,2027.75
4307,570,751,s,179,182.0,False,2024.75,2025.5
4308,598,759,s,179,186.0,False,2024.75,2026.5
4309,690,678,s,179,181.0,False,2024.75,2025.25
4310,901,575,s,179,179.0,False,2024.75,2024.75
4311,901,641,s,179,179.0,False,2024.75,2024.75
4312,960,575,s,179,182.0,False,2024.75,2025.5
4313,49,198,s,179,188.0,False,2024.75,2027.0
4314,92,284,s,179,181.0,False,2024.75,2025.25
4315,203,575,s,179,181.0,False,2024.75,2025.25
4316,205,82,s,179,180.0,False,2024.75,2025.0
4317,205,198,s,179,190.0,False,2024.75,2027.5
4318,402,132,s,179,182.0,False,2024.75,2025.5
4319,402,749,s,179,182.0,False,2024.75,2025.5
4320,412,457,s,179,180.0,False,2024.75,2025.0
4321,414,418,s,179,181.0,False,2024.75,2025.25
4322,805,823,s,179,187.0,False,2024.75,2026.75
4323,352,80,s,179,180.0,False,2024.75,2025.0
4324,645,959,s,179,184.0,False,2024.75,2026.0
4325,689,641,s,179,182.0,False,2024.75,2025.5
4326,708,674,s,179,182.0,False,2024.75,2025.5
4327,740,631,s,179,185.0,False,2024.75,2026.25
4328,747,255,s,179,184.0,False,2024.75,2026.0
4329,781,700,s,179,180.0,False,2024.75,2025.0
4330,798,784,s,179,184.0,False,2024.75,2026.0
4331,480,603,l,179,210.0,True,2024.75,2032.5
4332,708,759,l,179,191.0,True,2024.75,2027.75
4333,216,196,l,179,186.0,True,2024.75,2026.5
4334,500,585,l,179,,True,2024.75,
4335,781,970,l,179,190.0,True,2024.75,2027.5
4336,933,749,l,179,,True,2024.75,
4337,26,574,s,180,180.0,False,2025.0,2025.0
4338,311,283,s,180,181.0,False,2025.0,2025.25
4339,621,631,s,180,180.0,False,2025.0,2025.0
4340,657,575,s,180,181.0,False,2025.0,2025.25
4341,710,771,s,180,180.0,False,2025.0,2025.0
4342,815,758,s,180,185.0,False,2025.0,2026.25
4343,848,827,s,180,185.0,False,2025.0,2026.25
4344,981,387,s,180,180.0,False,2025.0,2025.0
4345,53,597,s,180,180.0,False,2025.0,2025.0
4346,480,989,s,180,182.0,False,2025.0,2025.5
4347,645,970,s,180,180.0,False,2025.0,2025.0
4348,789,784,s,180,186.0,False,2025.0,2026.5
4349,922,634,s,180,181.0,False,2025.0,2025.25
4350,60,611,s,180,181.0,False,2025.0,2025.25
4351,414,77,s,180,183.0,False,2025.0,2025.75
4352,417,234,s,180,189.0,False,2025.0,2027.25
4353,701,634,s,180,190.0,False,2025.0,2027.5
4354,837,803,s,180,185.0,False,2025.0,2026.25
4355,1002,211,s,180,181.0,False,2025.0,2025.25
4356,60,959,s,181,181.0,False,2025.25,2025.25
4357,79,980,s,181,182.0,False,2025.25,2025.5
4358,320,51,s,181,182.0,False,2025.25,2025.5
4359,450,234,s,181,185.0,False,2025.25,2026.25
4360,542,247,s,181,188.0,False,2025.25,2027.0
4361,682,641,s,181,185.0,False,2025.25,2026.25
4362,690,715,s,181,183.0,False,2025.25,2025.75
4363,747,644,s,181,188.0,False,2025.25,2027.0
4364,748,616,s,181,190.0,False,2025.25,2027.5
4365,756,970,s,181,182.0,False,2025.25,2025.5
4366,793,631,s,181,181.0,False,2025.25,2025.25
4367,912,744,s,181,183.0,False,2025.25,2025.75
4368,49,850,s,181,184.0,False,2025.25,2026.0
4369,79,345,s,181,181.0,False,2025.25,2025.25
4370,598,613,s,181,184.0,False,2025.25,2026.0
4371,657,505,s,181,183.0,False,2025.25,2025.75
4372,901,630,s,181,185.0,False,2025.25,2026.25
4373,320,754,s,181,182.0,False,2025.25,2025.5
4374,402,589,s,181,186.0,False,2025.25,2026.5
4375,688,795,s,181,185.0,False,2025.25,2026.25
4376,781,730,s,181,182.0,False,2025.25,2025.5
4377,960,654,s,181,190.0,False,2025.25,2027.5
4378,336,293,l,181,230.0,True,2025.25,2037.5
4379,312,568,s,182,202.0,False,2025.5,2030.5
4380,676,723,s,182,182.0,False,2025.5,2025.5
4381,805,632,s,182,182.0,False,2025.5,2025.5
4382,213,132,s,182,183.0,False,2025.5,2025.75
4383,606,664,s,182,194.0,False,2025.5,2028.5
4384,688,715,s,182,190.0,False,2025.5,2027.5
4385,781,695,s,182,185.0,False,2025.5,2026.25
4386,191,509,s,182,188.0,False,2025.5,2027.0
4387,200,328,s,182,186.0,False,2025.5,2026.5
4388,414,418,s,182,187.0,False,2025.5,2026.75
4389,584,589,s,182,186.0,False,2025.5,2026.5
4390,638,634,s,182,188.0,False,2025.5,2027.0
4391,657,631,s,182,183.0,False,2025.5,2025.75
4392,701,730,s,182,186.0,False,2025.5,2026.5
4393,710,771,s,182,201.0,False,2025.5,2030.25
4394,579,505,l,182,224.0,True,2025.5,2036.0
4395,752,575,l,182,189.0,True,2025.5,2027.25
4396,358,284,l,182,213.0,True,2025.5,2033.25
4397,701,771,l,182,191.0,True,2025.5,2027.75
4398,60,503,s,183,189.0,False,2025.75,2027.25
4399,357,880,s,183,185.0,False,2025.75,2026.25
4400,360,980,s,183,184.0,False,2025.75,2026.0
4401,502,609,s,183,185.0,False,2025.75,2026.25
4402,756,589,s,183,194.0,False,2025.75,2028.5
4403,773,743,s,183,184.0,False,2025.75,2026.0
4404,781,674,s,183,185.0,False,2025.75,2026.25
4405,798,730,s,183,188.0,False,2025.75,2027.0
4406,960,508,s,183,187.0,False,2025.75,2026.75
4407,972,589,s,183,184.0,False,2025.75,2026.0
4408,1002,416,s,183,185.0,False,2025.75,2026.25
4409,47,603,s,183,196.0,False,2025.75,2029.0
4410,92,146,s,183,184.0,False,2025.75,2026.0
4411,203,374,s,183,185.0,False,2025.75,2026.25
4412,628,505,s,183,190.0,False,2025.75,2027.5
4413,781,804,s,183,188.0,False,2025.75,2027.0
4414,843,790,s,183,187.0,False,2025.75,2026.75
4415,30,497,s,183,188.0,False,2025.75,2027.0
4416,191,498,s,183,187.0,False,2025.75,2026.75
4417,481,150,s,183,189.0,False,2025.75,2027.25
4418,709,730,s,183,185.0,False,2025.75,2026.25
4419,972,506,s,183,192.0,False,2025.75,2028.0
4420,992,418,s,183,185.0,False,2025.75,2026.25
4421,166,641,l,183,241.0,True,2025.75,2040.25
4422,636,759,l,183,,True,2025.75,
4423,60,418,l,183,,True,2025.75,
4424,302,132,l,183,204.0,True,2025.75,2031.0
4425,323,324,s,184,186.0,False,2026.0,2026.5
4426,358,971,s,184,184.0,False,2026.0,2026.0
4427,773,970,s,184,193.0,False,2026.0,2028.25
4428,793,585,s,184,186.0,False,2026.0,2026.5
4429,835,759,s,184,191.0,False,2026.0,2027.75
4430,851,692,s,184,185.0,False,2026.0,2026.25
4431,941,237,s,184,187.0,False,2026.0,2026.75
4432,1013,146,s,184,209.0,False,2026.0,2032.25
4433,166,616,s,184,200.0,False,2026.0,2030.0
4434,241,61,s,184,191.0,False,2026.0,2027.75
4435,402,61,s,184,185.0,False,2026.0,2026.25
4436,482,605,s,184,185.0,False,2026.0,2026.25
4437,595,1001,s,184,188.0,False,2026.0,2027.0
4438,789,720,s,184,187.0,False,2026.0,2026.75
4439,796,760,s,184,184.0,False,2026.0,2026.0
4440,26,351,s,184,188.0,False,2026.0,2027.0
4441,183,616,s,184,186.0,False,2026.0,2026.5
4442,311,296,s,184,190.0,False,2026.0,2027.5
4443,402,989,s,184,192.0,False,2026.0,2028.0
4444,691,723,s,184,186.0,False,2026.0,2026.5
4445,769,714,s,184,186.0,False,2026.0,2026.5
4446,871,684,s,184,188.0,False,2026.0,2027.0
4447,922,343,s,184,188.0,False,2026.0,2027.0
4448,92,82,s,185,187.0,False,2026.25,2026.75
4449,402,753,s,185,187.0,False,2026.25,2026.75
4450,657,641,s,185,186.0,False,2026.25,2026.5
4451,659,416,s,185,188.0,False,2026.25,2027.0
4452,826,797,s,185,186.0,False,2026.25,2026.5
4453,205,576,s,185,198.0,False,2026.25,2029.5
4454,450,146,s,185,189.0,False,2026.25,2027.25
4455,747,75,s,185,190.0,False,2026.25,2027.5
4456,747,624,s,185,195.0,False,2026.25,2028.75
4457,805,632,s,185,192.0,False,2026.25,2028.0
4458,901,616,s,185,185.0,False,2026.25,2026.25
4459,183,508,s,185,188.0,False,2026.25,2027.0
4460,197,82,s,185,188.0,False,2026.25,2027.0
4461,402,613,s,185,189.0,False,2026.25,2027.25
4462,659,347,s,185,191.0,False,2026.25,2027.75
4463,709,634,s,185,195.0,False,2026.25,2028.75
4464,737,631,s,185,188.0,False,2026.25,2027.0
4465,748,296,s,185,194.0,False,2026.25,2028.5
4466,805,759,s,185,199.0,False,2026.25,2029.75
4467,826,970,s,185,198.0,False,2026.25,2029.5
4468,482,632,l,185,214.0,True,2026.25,2033.5
4469,687,684,l,185,190.0,True,2026.25,2027.5
4470,691,684,l,185,186.0,True,2026.25,2026.5
4471,167,284,s,186,193.0,False,2026.5,2028.25
4472,204,634,s,186,187.0,False,2026.5,2026.75
4473,320,95,s,186,186.0,False,2026.5,2026.5
4474,752,730,s,186,187.0,False,2026.5,2026.75
4475,805,904,s,186,188.0,False,2026.5,2027.0
4476,818,733,s,186,192.0,False,2026.5,2028.0
4477,829,840,s,186,202.0,False,2026.5,2030.5
4478,166,69,s,186,187.0,False,2026.5,2026.75
4479,205,631,s,186,199.0,False,2026.5,2029.75
4480,320,375,s,186,187.0,False,2026.5,2026.75
4481,789,970,s,186,189.0,False,2026.5,2027.25
4482,805,674,s,186,190.0,False,2026.5,2027.5
4483,860,970,s,186,195.0,False,2026.5,2028.75
4484,57,498,s,186,190.0,False,2026.5,2027.5
4485,747,613,s,186,188.0,False,2026.5,2027.0
4486,843,685,s,186,191.0,False,2026.5,2027.75
4487,992,457,s,186,192.0,False,2026.5,2028.0
4488,1013,634,s,186,195.0,False,2026.5,2028.75
4489,166,15,l,186,,True,2026.5,
4490,657,644,l,186,199.0,True,2026.5,2029.75
4491,444,512,l,186,200.0,True,2026.5,2030.0
4492,30,180,s,187,195.0,False,2026.75,2028.75
4493,34,692,s,187,187.0,False,2026.75,2026.75
4494,183,575,s,187,192.0,False,2026.75,2028.0
4495,311,596,s,187,199.0,False,2026.75,2029.75
4496,482,674,s,187,192.0,False,2026.75,2028.0
4497,645,749,s,187,195.0,False,2026.75,2028.75
4498,669,771,s,187,189.0,False,2026.75,2027.25
4499,734,813,s,187,207.0,False,2026.75,2031.75
4500,166,655,s,187,193.0,False,2026.75,2028.25
4501,248,211,s,187,190.0,False,2026.75,2027.5
4502,412,585,s,187,194.0,False,2026.75,2028.5
4503,636,674,s,187,192.0,False,2026.75,2028.0
4504,676,603,s,187,190.0,False,2026.75,2027.5
4505,832,760,s,187,188.0,False,2026.75,2027.0
4506,835,685,s,187,190.0,False,2026.75,2027.5
4507,127,980,s,187,191.0,False,2026.75,2027.75
4508,305,255,s,187,188.0,False,2026.75,2027.0
4509,482,180,s,187,192.0,False,2026.75,2028.0
4510,708,605,s,187,189.0,False,2026.75,2027.25
4511,764,1001,s,187,192.0,False,2026.75,2028.0
4512,776,904,s,187,189.0,False,2026.75,2027.25
4513,789,742,s,187,188.0,False,2026.75,2027.0
4514,829,803,s,187,194.0,False,2026.75,2028.5
4515,912,647,s,187,189.0,False,2026.75,2027.25
4516,981,519,s,187,188.0,False,2026.75,2027.0
4517,747,642,l,187,,True,2026.75,
4518,805,786,l,187,,True,2026.75,
4519,960,351,l,187,216.0,True,2026.75,2034.0
4520,79,644,s,188,191.0,False,2027.0,2027.75
4521,262,613,s,188,190.0,False,2027.0,2027.5
4522,367,971,s,188,190.0,False,2027.0,2027.5
4523,662,989,s,188,190.0,False,2027.0,2027.5
4524,673,605,s,188,194.0,False,2027.0,2028.5
4525,789,744,s,188,193.0,False,2027.0,2028.25
4526,848,667,s,188,206.0,False,2027.0,2031.5
4527,992,589,s,188,195.0,False,2027.0,2028.75
4528,26,655,s,188,189.0,False,2027.0,2027.25
4529,205,509,s,188,192.0,False,2027.0,2028.0
4530,291,255,s,188,190.0,False,2027.0,2027.5
4531,402,600,s,188,195.0,False,2027.0,2028.75
4532,482,605,s,188,192.0,False,2027.0,2028.0
4533,731,970,s,188,188.0,False,2027.0,2027.0
4534,798,644,s,188,192.0,False,2027.0,2028.0
4535,858,857,s,188,189.0,False,2027.0,2027.25
4536,922,616,s,188,189.0,False,2027.0,2027.25
4537,205,616,s,188,211.0,False,2027.0,2032.75
4538,480,641,s,188,198.0,False,2027.0,2029.5
4539,500,777,s,188,195.0,False,2027.0,2028.75
4540,669,759,s,188,190.0,False,2027.0,2027.5
4541,805,600,s,188,191.0,False,2027.0,2027.75
4542,57,247,l,188,191.0,True,2027.0,2027.75
4543,805,866,l,188,213.0,True,2027.0,2033.25
4544,53,457,s,189,192.0,False,2027.25,2028.0
4545,79,641,s,189,191.0,False,2027.25,2027.75
4546,540,457,s,189,195.0,False,2027.25,2028.75
4547,676,970,s,189,193.0,False,2027.25,2028.25
4548,851,730,s,189,189.0,False,2027.25,2027.25
4549,167,347,s,189,193.0,False,2027.25,2028.25
4550,216,418,s,189,194.0,False,2027.25,2028.5
4551,311,506,s,189,190.0,False,2027.25,2027.5
4552,311,641,s,189,190.0,False,2027.25,2027.5
4553,336,82,s,189,189.0,False,2027.25,2027.25
4554,710,766,s,189,192.0,False,2027.25,2028.0
4555,710,909,s,189,190.0,False,2027.25,2027.5
4556,901,613,s,189,211.0,False,2027.25,2032.75
4557,53,521,s,189,190.0,False,2027.25,2027.5
4558,166,692,s,189,190.0,False,2027.25,2027.5
4559,414,69,s,189,190.0,False,2027.25,2027.5
4560,450,418,s,189,190.0,False,2027.25,2027.5
4561,539,611,s,189,193.0,False,2027.25,2028.25
4562,588,714,s,189,194.0,False,2027.25,2028.5
4563,676,898,s,189,191.0,False,2027.25,2027.75
4564,769,695,s,189,193.0,False,2027.25,2028.25
4565,960,375,s,189,190.0,False,2027.25,2027.5
4566,636,605,l,189,,True,2027.25,
4567,805,840,l,189,,True,2027.25,
4568,598,749,l,189,202.0,True,2027.25,2030.5
4569,789,715,l,189,222.0,True,2027.25,2035.5
4570,92,309,s,190,192.0,False,2027.5,2028.0
4571,166,507,s,190,191.0,False,2027.5,2027.75
4572,598,307,s,190,191.0,False,2027.5,2027.75
4573,604,813,s,190,197.0,False,2027.5,2029.25
4574,607,508,s,190,196.0,False,2027.5,2029.0
4575,336,929,s,190,190.0,False,2027.5,2027.5
4576,60,666,s,190,200.0,False,2027.5,2030.0
4577,79,574,s,190,192.0,False,2027.5,2028.0
4578,245,880,s,190,191.0,False,2027.5,2027.75
4579,721,803,s,190,192.0,False,2027.5,2028.0
4580,871,54,s,190,204.0,False,2027.5,2031.0
4581,912,616,s,190,203.0,False,2027.5,2030.75
4582,960,714,s,190,194.0,False,2027.5,2028.5
4583,47,596,l,190,208.0,True,2027.5,2032.0
4584,668,698,l,190,,True,2027.5,
4585,835,695,l,190,216.0,True,2027.5,2034.0
4586,53,589,l,190,,True,2027.5,
4587,216,324,l,190,212.0,True,2027.5,2033.0
4588,402,296,l,190,238.0,True,2027.5,2039.5
4589,599,1001,l,190,,True,2027.5,
4590,673,600,l,190,237.0,True,2027.5,2039.25
4591,200,189,s,191,198.0,False,2027.75,2029.5
4592,203,517,s,191,195.0,False,2027.75,2028.75
4593,414,307,s,191,200.0,False,2027.75,2030.0
4594,805,641,s,191,193.0,False,2027.75,2028.25
4595,860,749,s,191,195.0,False,2027.75,2028.75
4596,79,321,s,191,200.0,False,2027.75,2030.0
4597,570,733,s,191,194.0,False,2027.75,2028.5
4598,682,99,s,191,205.0,False,2027.75,2031.25
4599,739,692,s,191,194.0,False,2027.75,2028.5
4600,819,678,s,191,191.0,False,2027.75,2027.75
4601,822,904,s,191,193.0,False,2027.75,2028.25
4602,846,744,s,191,194.0,False,2027.75,2028.5
4603,950,506,s,191,199.0,False,2027.75,2029.75
4604,960,771,s,191,195.0,False,2027.75,2028.75
4605,67,351,s,191,192.0,False,2027.75,2028.0
4606,290,516,s,191,198.0,False,2027.75,2029.5
4607,330,146,s,191,196.0,False,2027.75,2029.0
4608,427,768,s,191,196.0,False,2027.75,2029.0
4609,607,597,s,191,196.0,False,2027.75,2029.0
4610,625,624,s,191,206.0,False,2027.75,2031.5
4611,636,777,s,191,192.0,False,2027.75,2028.0
4612,657,970,s,191,192.0,False,2027.75,2028.0
4613,676,649,s,191,192.0,False,2027.75,2028.0
4614,826,758,s,191,192.0,False,2027.75,2028.0
4615,843,889,s,191,192.0,False,2027.75,2028.0
4616,1013,77,s,191,204.0,False,2027.75,2031.0
4617,500,641,l,191,225.0,True,2027.75,2036.25
4618,778,751,l,191,,True,2027.75,
4619,203,508,l,191,,True,2027.75,
4620,789,970,l,191,203.0,True,2027.75,2030.75
4621,60,589,l,191,,True,2027.75,
4622,855,751,l,191,,True,2027.75,
4623,330,510,s,192,193.0,False,2028.0,2028.25
4624,579,234,s,192,193.0,False,2028.0,2028.25
4625,796,803,s,192,195.0,False,2028.0,2028.75
4626,841,616,s,192,197.0,False,2028.0,2029.25
4627,67,418,s,192,194.0,False,2028.0,2028.5
4628,570,718,s,192,195.0,False,2028.0,2028.75
4629,709,742,s,192,198.0,False,2028.0,2029.5
4630,793,959,s,192,203.0,False,2028.0,2030.75
4631,798,847,s,192,199.0,False,2028.0,2029.75
4632,864,723,s,192,201.0,False,2028.0,2030.25
4633,141,387,s,192,194.0,False,2028.0,2028.5
4634,290,129,s,192,194.0,False,2028.0,2028.5
4635,311,613,s,192,201.0,False,2028.0,2030.25
4636,312,730,s,192,200.0,False,2028.0,2030.0
4637,427,77,s,192,193.0,False,2028.0,2028.25
4638,599,641,s,192,193.0,False,2028.0,2028.25
4639,621,759,s,192,196.0,False,2028.0,2029.0
4640,747,609,s,192,196.0,False,2028.0,2029.0
4641,750,770,s,192,193.0,False,2028.0,2028.25
4642,846,840,s,192,194.0,False,2028.0,2028.5
4643,871,631,s,192,196.0,False,2028.0,2029.0
4644,871,722,s,192,195.0,False,2028.0,2028.75
4645,912,722,s,192,193.0,False,2028.0,2028.25
4646,922,309,s,192,193.0,False,2028.0,2028.25
4647,950,99,s,192,194.0,False,2028.0,2028.5
4648,599,600,l,192,,True,2028.0,
4649,748,343,l,192,,True,2028.0,
4650,819,795,l,192,203.0,True,2028.0,2030.75
4651,747,589,l,192,243.0,True,2028.0,2040.75
4652,191,99,s,193,199.0,False,2028.25,2029.75
4653,599,718,s,193,196.0,False,2028.25,2029.0
4654,752,790,s,193,197.0,False,2028.25,2029.25
4655,796,812,s,193,196.0,False,2028.25,2029.0
4656,805,714,s,193,193.0,False,2028.25,2028.25
4657,805,803,s,193,197.0,False,2028.25,2029.25
4658,822,647,s,193,193.0,False,2028.25,2028.25
4659,831,795,s,193,197.0,False,2028.25,2029.25
4660,1012,777,s,193,196.0,False,2028.25,2029.0
4661,669,611,s,193,194.0,False,2028.25,2028.5
4662,682,794,s,193,197.0,False,2028.25,2029.25
4663,789,616,s,193,202.0,False,2028.25,2030.5
4664,819,770,s,193,198.0,False,2028.25,2029.5
4665,127,979,s,193,208.0,False,2028.25,2032.0
4666,570,649,s,193,194.0,False,2028.25,2028.5
4667,619,770,s,193,203.0,False,2028.25,2030.75
4668,682,630,s,193,194.0,False,2028.25,2028.5
4669,688,730,s,193,195.0,False,2028.25,2028.75
4670,901,146,s,193,201.0,False,2028.25,2030.25
4671,30,410,l,193,199.0,True,2028.25,2029.75
4672,981,347,l,193,204.0,True,2028.25,2031.0
4673,26,321,s,194,194.0,False,2028.5,2028.5
4674,47,667,s,194,197.0,False,2028.5,2029.25
4675,57,180,s,194,198.0,False,2028.5,2029.5
4676,291,971,s,194,207.0,False,2028.5,2031.75
4677,312,616,s,194,194.0,False,2028.5,2028.5
4678,402,574,s,194,197.0,False,2028.5,2029.25
4679,570,699,s,194,208.0,False,2028.5,2032.0
4680,584,653,s,194,195.0,False,2028.5,2028.75
4681,676,575,s,194,206.0,False,2028.5,2031.5
4682,687,685,s,194,197.0,False,2028.5,2029.25
4683,701,692,s,194,196.0,False,2028.5,2029.0
4684,819,632,s,194,195.0,False,2028.5,2028.75
4685,480,732,s,194,196.0,False,2028.5,2029.0
4686,676,723,s,194,200.0,False,2028.5,2030.0
4687,691,634,s,194,197.0,False,2028.5,2029.25
4688,701,744,s,194,203.0,False,2028.5,2030.75
4689,848,857,s,194,195.0,False,2028.5,2028.75
4690,46,399,s,194,204.0,False,2028.5,2031.0
4691,53,509,s,194,204.0,False,2028.5,2031.0
4692,427,980,s,194,195.0,False,2028.5,2028.75
4693,756,723,s,194,197.0,False,2028.5,2029.25
4694,778,790,s,194,197.0,False,2028.5,2029.25
4695,901,255,s,194,202.0,False,2028.5,2030.5
4696,1013,589,l,194,220.0,True,2028.5,2035.0
4697,599,730,l,194,217.0,True,2028.5,2034.25
4698,864,649,l,194,,True,2028.5,
4699,79,307,s,195,195.0,False,2028.75,2028.75
4700,127,506,s,195,195.0,False,2028.75,2028.75
4701,323,211,s,195,195.0,False,2028.75,2028.75
4702,482,516,s,195,195.0,False,2028.75,2028.75
4703,588,616,s,195,197.0,False,2028.75,2029.25
4704,675,970,s,195,197.0,False,2028.75,2029.25
4705,709,830,s,195,198.0,False,2028.75,2029.5
4706,747,351,s,195,199.0,False,2028.75,2029.75
4707,819,806,s,195,197.0,False,2028.75,2029.25
4708,676,898,s,195,198.0,False,2028.75,2029.5
4709,835,678,s,195,203.0,False,2028.75,2030.75
4710,588,730,s,195,197.0,False,2028.75,2029.25
4711,677,979,s,195,198.0,False,2028.75,2029.5
4712,805,674,s,195,196.0,False,2028.75,2029.0
4713,835,812,s,195,209.0,False,2028.75,2032.25
4714,845,823,s,195,207.0,False,2028.75,2031.75
4715,912,753,s,195,197.0,False,2028.75,2029.25
4716,1013,375,l,195,203.0,True,2028.75,2030.75
4717,709,795,l,195,,True,2028.75,
4718,922,585,l,195,200.0,True,2028.75,2030.0
4719,336,457,l,195,,True,2028.75,
4720,619,634,l,195,219.0,True,2028.75,2034.75
4721,12,517,s,196,204.0,False,2029.0,2031.0
4722,67,678,s,196,200.0,False,2029.0,2030.0
4723,541,296,s,196,207.0,False,2029.0,2031.75
4724,764,795,s,196,219.0,False,2029.0,2034.75
4725,778,784,s,196,199.0,False,2029.0,2029.75
4726,860,813,s,196,198.0,False,2029.0,2029.5
4727,1013,641,s,196,197.0,False,2029.0,2029.25
4728,427,722,s,196,197.0,False,2029.0,2029.25
4729,748,296,s,196,209.0,False,2029.0,2032.25
4730,805,823,s,196,202.0,False,2029.0,2030.5
4731,871,647,s,196,204.0,False,2029.0,2031.0
4732,92,611,s,196,202.0,False,2029.0,2030.5
4733,166,634,s,196,198.0,False,2029.0,2029.5
4734,402,685,s,196,198.0,False,2029.0,2029.5
4735,444,989,s,196,197.0,False,2029.0,2029.25
4736,587,980,s,196,199.0,False,2029.0,2029.75
4737,845,889,s,196,197.0,False,2029.0,2029.25
4738,500,768,l,196,219.0,True,2029.0,2034.75
4739,53,624,l,196,212.0,True,2029.0,2033.0
4740,444,596,l,196,208.0,True,2029.0,2032.0
4741,57,80,s,197,197.0,False,2029.25,2029.25
4742,60,574,s,197,208.0,False,2029.25,2032.0
4743,203,345,s,197,200.0,False,2029.25,2030.0
4744,311,77,s,197,198.0,False,2029.25,2029.5
4745,570,813,s,197,207.0,False,2029.25,2031.75
4746,687,779,s,197,199.0,False,2029.25,2029.75
4747,708,600,s,197,200.0,False,2029.25,2030.0
4748,789,795,s,197,198.0,False,2029.25,2029.5
4749,796,828,s,197,205.0,False,2029.25,2031.25
4750,819,714,s,197,197.0,False,2029.25,2029.25
4751,829,790,s,197,208.0,False,2029.25,2032.0
4752,832,749,s,197,213.0,False,2029.25,2033.25
4753,835,1039,s,197,201.0,False,2029.25,2030.25
4754,960,929,s,197,199.0,False,2029.25,2029.75
4755,991,694,s,197,198.0,False,2029.25,2029.5
4756,46,589,s,197,198.0,False,2029.25,2029.5
4757,67,99,s,197,200.0,False,2029.25,2030.0
4758,197,603,s,197,198.0,False,2029.25,2029.5
4759,323,506,s,197,201.0,False,2029.25,2030.25
4760,482,180,s,197,197.0,False,2029.25,2029.25
4761,731,970,s,197,198.0,False,2029.25,2029.5
4762,752,959,s,197,198.0,False,2029.25,2029.5
4763,843,857,s,197,206.0,False,2029.25,2031.5
4764,992,54,s,197,200.0,False,2029.25,2030.0
4765,30,274,s,197,200.0,False,2029.25,2030.0
4766,60,99,s,197,198.0,False,2029.25,2029.5
4767,87,772,s,197,198.0,False,2029.25,2029.5
4768,92,343,s,197,203.0,False,2029.25,2030.75
4769,166,589,s,197,199.0,False,2029.25,2029.75
4770,205,418,s,197,198.0,False,2029.25,2029.5
4771,330,296,s,197,199.0,False,2029.25,2029.75
4772,482,24,s,197,199.0,False,2029.25,2029.75
4773,598,1001,s,197,199.0,False,2029.25,2029.75
4774,665,585,s,197,201.0,False,2029.25,2030.25
4775,778,865,s,197,198.0,False,2029.25,2029.5
4776,781,679,s,197,206.0,False,2029.25,2031.5
4777,781,692,s,197,199.0,False,2029.25,2029.75
4778,815,806,s,197,201.0,False,2029.25,2030.25
4779,1013,647,s,197,205.0,False,2029.25,2031.25
4780,67,82,l,197,,True,2029.25,
4781,191,351,l,197,,True,2029.25,
4782,330,293,l,197,237.0,True,2029.25,2039.25
4783,573,969,l,197,207.0,True,2029.25,2031.75
4784,182,736,s,198,199.0,False,2029.5,2029.75
4785,203,654,s,198,199.0,False,2029.5,2029.75
4786,204,589,s,198,199.0,False,2029.5,2029.75
4787,330,613,s,198,209.0,False,2029.5,2032.25
4788,412,255,s,198,198.0,False,2029.5,2029.5
4789,539,616,s,198,204.0,False,2029.5,2031.0
4790,689,703,s,198,200.0,False,2029.5,2030.0
4791,711,1001,s,198,199.0,False,2029.5,2029.75
4792,846,768,s,198,200.0,False,2029.5,2030.0
4793,846,771,s,198,200.0,False,2029.5,2030.0
4794,92,255,s,198,199.0,False,2029.5,2029.75
4795,204,585,s,198,205.0,False,2029.5,2031.25
4796,402,234,s,198,209.0,False,2029.5,2032.25
4797,412,575,s,198,199.0,False,2029.5,2029.75
4798,668,685,s,198,201.0,False,2029.5,2030.25
4799,687,730,s,198,204.0,False,2029.5,2031.0
4800,748,641,s,198,199.0,False,2029.5,2029.75
4801,796,749,s,198,200.0,False,2029.5,2030.0
4802,820,744,s,198,200.0,False,2029.5,2030.0
4803,822,889,s,198,201.0,False,2029.5,2030.25
4804,832,853,s,198,199.0,False,2029.5,2029.75
4805,860,1039,s,198,202.0,False,2029.5,2030.5
4806,877,840,s,198,206.0,False,2029.5,2031.5
4807,191,146,s,198,199.0,False,2029.5,2029.75
4808,197,284,s,198,214.0,False,2029.5,2033.5
4809,305,247,s,198,211.0,False,2029.5,2032.75
4810,311,347,s,198,203.0,False,2029.5,2030.75
4811,402,418,s,198,205.0,False,2029.5,2031.25
4812,588,970,s,198,209.0,False,2029.5,2032.25
4813,607,684,s,198,199.0,False,2029.5,2029.75
4814,676,813,s,198,212.0,False,2029.5,2033.0
4815,688,909,s,198,200.0,False,2029.5,2030.0
4816,776,779,s,198,201.0,False,2029.5,2030.25
4817,832,970,s,198,213.0,False,2029.5,2033.25
4818,205,609,l,198,,True,2029.5,
4819,481,503,l,198,205.0,True,2029.5,2031.25
4820,708,674,l,198,,True,2029.5,
4821,960,99,l,198,203.0,True,2029.5,2030.75
4822,262,654,l,198,206.0,True,2029.5,2031.5
4823,248,77,s,199,199.0,False,2029.75,2029.75
4824,798,797,s,199,200.0,False,2029.75,2030.0
4825,826,803,s,199,205.0,False,2029.75,2031.25
4826,846,686,s,199,202.0,False,2029.75,2030.5
4827,884,896,s,199,203.0,False,2029.75,2030.75
4828,47,99,s,199,202.0,False,2029.75,2030.5
4829,336,211,s,199,205.0,False,2029.75,2031.25
4830,402,723,s,199,202.0,False,2029.75,2030.5
4831,443,99,s,199,201.0,False,2029.75,2030.25
4832,544,512,s,199,201.0,False,2029.75,2030.25
4833,587,715,s,199,201.0,False,2029.75,2030.25
4834,599,766,s,199,200.0,False,2029.75,2030.0
4835,676,699,s,199,202.0,False,2029.75,2030.5
4836,689,634,s,199,212.0,False,2029.75,2033.0
4837,690,1001,s,199,203.0,False,2029.75,2030.75
4838,709,585,s,199,201.0,False,2029.75,2030.25
4839,787,641,s,199,201.0,False,2029.75,2030.25
4840,79,611,s,199,200.0,False,2029.75,2030.0
4841,92,77,s,199,200.0,False,2029.75,2030.0
4842,197,77,s,199,200.0,False,2029.75,2030.0
4843,541,513,s,199,210.0,False,2029.75,2032.5
4844,815,1001,s,199,200.0,False,2029.75,2030.0
4845,819,909,s,199,210.0,False,2029.75,2032.5
4846,829,758,s,199,202.0,False,2029.75,2030.5
4847,330,506,l,199,202.0,True,2029.75,2030.5
4848,26,603,s,200,202.0,False,2030.0,2030.5
4849,191,574,s,200,206.0,False,2030.0,2031.5
4850,402,132,s,200,202.0,False,2030.0,2030.5
4851,621,692,s,200,201.0,False,2030.0,2030.25
4852,860,879,s,200,202.0,False,2030.0,2030.5
4853,60,347,s,200,202.0,False,2030.0,2030.5
4854,203,387,s,200,202.0,False,2030.0,2030.5
4855,796,1001,s,200,200.0,False,2030.0,2030.0
4856,860,1028,s,200,201.0,False,2030.0,2030.25
4857,166,742,s,200,204.0,False,2030.0,2031.0
4858,320,387,s,200,202.0,False,2030.0,2030.5
4859,688,834,s,200,202.0,False,2030.0,2030.5
4860,708,759,s,200,201.0,False,2030.0,2030.25
4861,709,678,s,200,201.0,False,2030.0,2030.25
4862,829,1037,s,200,203.0,False,2030.0,2030.75
4863,901,655,s,200,203.0,False,2030.0,2030.75
4864,1013,929,l,200,224.0,True,2030.0,2036.0
4865,191,507,s,201,208.0,False,2030.25,2032.0
4866,204,596,s,201,206.0,False,2030.25,2031.5
4867,636,674,s,201,207.0,False,2030.25,2031.75
4868,662,1028,s,201,205.0,False,2030.25,2031.25
4869,747,609,s,201,201.0,False,2030.25,2030.25
4870,819,695,s,201,204.0,False,2030.25,2031.0
4871,832,771,s,201,208.0,False,2030.25,2032.0
4872,835,771,s,201,216.0,False,2030.25,2034.0
4873,216,284,s,201,205.0,False,2030.25,2031.25
4874,311,423,s,201,218.0,False,2030.25,2034.5
4875,608,631,s,201,202.0,False,2030.25,2030.5
4876,713,1001,s,201,204.0,False,2030.25,2031.0
4877,826,830,s,201,202.0,False,2030.25,2030.5
4878,922,730,s,201,203.0,False,2030.25,2030.75
4879,1002,387,s,201,214.0,False,2030.25,2033.5
4880,48,387,s,201,203.0,False,2030.25,2030.75
4881,336,418,s,201,213.0,False,2030.25,2033.25
4882,662,771,s,201,202.0,False,2030.25,2030.5
4883,991,743,s,201,216.0,False,2030.25,2034.0
4884,673,759,l,201,225.0,True,2030.25,2036.25
4885,92,979,s,202,214.0,False,2030.5,2033.5
4886,166,647,s,202,202.0,False,2030.5,2030.5
4887,570,980,s,202,206.0,False,2030.5,2031.5
4888,621,1039,s,202,222.0,False,2030.5,2035.5
4889,687,644,s,202,203.0,False,2030.5,2030.75
4890,687,840,s,202,209.0,False,2030.5,2032.25
4891,981,324,s,202,204.0,False,2030.5,2031.0
4892,47,1021,s,202,204.0,False,2030.5,2031.0
4893,166,969,s,202,212.0,False,2030.5,2033.0
4894,191,410,s,202,203.0,False,2030.5,2030.75
4895,341,600,s,202,210.0,False,2030.5,2032.5
4896,480,653,s,202,207.0,False,2030.5,2031.75
4897,793,732,s,202,206.0,False,2030.5,2031.5
4898,819,641,s,202,203.0,False,2030.5,2030.75
4899,826,733,s,202,212.0,False,2030.5,2033.0
4900,835,712,s,202,212.0,False,2030.5,2033.0
4901,1012,641,s,202,208.0,False,2030.5,2032.0
4902,628,631,s,202,205.0,False,2030.5,2031.25
4903,635,970,s,202,203.0,False,2030.5,2030.75
4904,676,692,s,202,203.0,False,2030.5,2030.75
4905,737,970,s,202,203.0,False,2030.5,2030.75
4906,781,824,s,202,211.0,False,2030.5,2032.75
4907,787,779,s,202,203.0,False,2030.5,2030.75
4908,789,760,s,202,207.0,False,2030.5,2031.75
4909,818,749,s,202,205.0,False,2030.5,2031.25
4910,1050,1037,s,202,203.0,False,2030.5,2030.75
4911,628,828,l,202,203.0,True,2030.5,2030.75
4912,92,77,s,203,206.0,False,2030.75,2031.5
4913,312,196,s,203,206.0,False,2030.75,2031.5
4914,628,771,s,203,203.0,False,2030.75,2030.75
4915,688,715,s,203,204.0,False,2030.75,2031.0
4916,689,692,s,203,204.0,False,2030.75,2031.0
4917,756,970,s,203,205.0,False,2030.75,2031.25
4918,805,907,s,203,203.0,False,2030.75,2030.75
4919,1002,613,s,203,203.0,False,2030.75,2030.75
4920,261,624,s,203,204.0,False,2030.75,2031.0
4921,312,624,s,203,209.0,False,2030.75,2032.25
4922,599,749,s,203,211.0,False,2030.75,2032.75
4923,688,828,s,203,212.0,False,2030.75,2033.0
4924,690,568,s,203,204.0,False,2030.75,2031.0
4925,805,1037,s,203,207.0,False,2030.75,2031.75
4926,851,768,s,203,211.0,False,2030.75,2032.75
4927,884,879,s,203,207.0,False,2030.75,2031.75
4928,912,771,s,203,207.0,False,2030.75,2031.75
4929,972,622,s,203,205.0,False,2030.75,2031.25
4930,60,133,s,203,205.0,False,2030.75,2031.25
4931,67,589,s,203,204.0,False,2030.75,2031.0
4932,197,99,s,203,209.0,False,2030.75,2032.25
4933,402,980,s,203,210.0,False,2030.75,2032.5
4934,599,803,s,203,206.0,False,2030.75,2031.5
4935,748,664,s,203,204.0,False,2030.75,2031.0
4936,756,749,s,203,214.0,False,2030.75,2033.5
4937,203,387,l,203,,True,2030.75,
4938,851,812,l,203,205.0,True,2030.75,2031.25
4939,67,296,s,204,216.0,False,2031.0,2034.0
4940,166,642,s,204,205.0,False,2031.0,2031.25
4941,305,512,s,204,212.0,False,2031.0,2033.0
4942,482,751,s,204,204.0,False,2031.0,2031.0
4943,635,732,s,204,204.0,False,2031.0,2031.0
4944,676,857,s,204,225.0,False,2031.0,2036.25
4945,748,624,s,204,205.0,False,2031.0,2031.25
4946,805,759,s,204,212.0,False,2031.0,2033.0
4947,835,853,s,204,208.0,False,2031.0,2032.0
4948,846,857,s,204,207.0,False,2031.0,2031.75
4949,877,1037,s,204,210.0,False,2031.0,2032.5
4950,893,749,s,204,207.0,False,2031.0,2031.75
4951,1014,77,s,204,204.0,False,2031.0,2031.0
4952,203,510,s,204,209.0,False,2031.0,2032.25
4953,216,55,s,204,206.0,False,2031.0,2031.5
4954,402,674,s,204,206.0,False,2031.0,2031.5
4955,414,589,s,204,214.0,False,2031.0,2033.5
4956,482,674,s,204,208.0,False,2031.0,2032.0
4957,599,653,s,204,207.0,False,2031.0,2031.75
4958,829,907,s,204,207.0,False,2031.0,2031.75
4959,845,840,s,204,219.0,False,2031.0,2034.75
4960,884,703,s,204,204.0,False,2031.0,2031.0
4961,79,589,s,204,209.0,False,2031.0,2032.25
4962,183,576,s,204,207.0,False,2031.0,2031.75
4963,657,597,s,204,205.0,False,2031.0,2031.25
4964,673,730,s,204,213.0,False,2031.0,2033.25
4965,793,804,s,204,218.0,False,2031.0,2034.5
4966,960,585,s,204,220.0,False,2031.0,2035.0
4967,336,603,l,204,224.0,True,2031.0,2036.0
4968,845,760,l,204,,True,2031.0,
4969,595,768,l,204,226.0,True,2031.0,2036.5
4970,1050,780,l,204,,True,2031.0,
4971,92,631,s,205,210.0,False,2031.25,2032.5
4972,92,653,s,205,210.0,False,2031.25,2032.5
4973,205,654,s,205,208.0,False,2031.25,2032.0
4974,336,515,s,205,216.0,False,2031.25,2034.0
4975,595,589,s,205,213.0,False,2031.25,2033.25
4976,608,1039,s,205,210.0,False,2031.25,2032.5
4977,682,749,s,205,209.0,False,2031.25,2032.25
4978,747,596,s,205,208.0,False,2031.25,2032.0
4979,747,630,s,205,205.0,False,2031.25,2031.25
4980,748,589,s,205,206.0,False,2031.25,2031.5
4981,67,146,s,205,215.0,False,2031.25,2033.75
4982,203,343,s,205,215.0,False,2031.25,2033.75
4983,312,375,s,205,225.0,False,2031.25,2036.25
4984,598,732,s,205,205.0,False,2031.25,2031.25
4985,625,743,s,205,208.0,False,2031.25,2032.0
4986,638,853,s,205,205.0,False,2031.25,2031.25
4987,748,585,s,205,219.0,False,2031.25,2034.75
4988,848,812,s,205,207.0,False,2031.25,2031.75
4989,960,505,s,205,208.0,False,2031.25,2032.0
4990,1067,759,s,205,207.0,False,2031.25,2031.75
4991,92,99,s,205,208.0,False,2031.25,2032.0
4992,482,180,s,205,206.0,False,2031.25,2031.5
4993,708,632,s,205,206.0,False,2031.25,2031.5
4994,708,759,s,205,207.0,False,2031.25,2031.75
4995,793,714,s,205,209.0,False,2031.25,2032.25
4996,829,743,s,205,208.0,False,2031.25,2032.0
4997,1051,777,s,205,209.0,False,2031.25,2032.25
4998,595,733,l,205,221.0,True,2031.25,2035.25
4999,619,718,l,205,,True,2031.25,
5000,166,644,s,206,209.0,False,2031.5,2032.25
5001,182,237,s,206,208.0,False,2031.5,2032.0
5002,312,507,s,206,207.0,False,2031.5,2031.75
5003,402,154,s,206,208.0,False,2031.5,2032.0
5004,673,632,s,206,211.0,False,2031.5,2032.75
5005,676,723,s,206,207.0,False,2031.5,2031.75
5006,710,712,s,206,210.0,False,2031.5,2032.5
5007,752,803,s,206,210.0,False,2031.5,2032.5
5008,764,771,s,206,214.0,False,2031.5,2033.5
5009,402,585,s,206,221.0,False,2031.5,2035.25
5010,604,644,s,206,207.0,False,2031.5,2031.75
5011,805,907,s,206,208.0,False,2031.5,2032.0
5012,860,1001,s,206,209.0,False,2031.5,2032.25
5013,991,664,s,206,210.0,False,2031.5,2032.5
5014,152,506,s,206,207.0,False,2031.5,2031.75
5015,444,255,s,206,208.0,False,2031.5,2032.0
5016,588,703,s,206,211.0,False,2031.5,2032.75
5017,598,684,s,206,210.0,False,2031.5,2032.5
5018,636,632,s,206,209.0,False,2031.5,2032.25
5019,747,715,s,206,208.0,False,2031.5,2032.0
5020,789,780,s,206,222.0,False,2031.5,2035.5
5021,960,641,s,206,214.0,False,2031.5,2033.5
5022,584,715,l,206,,True,2031.5,
5023,860,840,l,206,237.0,True,2031.5,2039.25
5024,197,603,l,206,,True,2031.5,
5025,871,630,l,206,214.0,True,2031.5,2033.5
5026,169,133,l,206,,True,2031.5,
5027,851,692,l,206,238.0,True,2031.5,2039.5
5028,57,971,s,207,212.0,False,2031.75,2033.0
5029,203,589,s,207,210.0,False,2031.75,2032.5
5030,402,624,s,207,211.0,False,2031.75,2032.75
5031,599,777,s,207,217.0,False,2031.75,2034.25
5032,781,804,s,207,207.0,False,2031.75,2031.75
5033,805,674,s,207,213.0,False,2031.75,2033.25
5034,805,904,s,207,210.0,False,2031.75,2032.5
5035,819,824,s,207,208.0,False,2031.75,2032.0
5036,1050,813,s,207,207.0,False,2031.75,2031.75
5037,127,29,s,207,212.0,False,2031.75,2033.0
5038,166,589,s,207,209.0,False,2031.75,2032.25
5039,323,375,s,207,208.0,False,2031.75,2032.0
5040,658,516,s,207,207.0,False,2031.75,2031.75
5041,682,847,s,207,212.0,False,2031.75,2033.0
5042,701,768,s,207,212.0,False,2031.75,2033.0
5043,750,714,s,207,208.0,False,2031.75,2032.0
5044,863,812,s,207,212.0,False,2031.75,2033.0
5045,912,770,s,207,208.0,False,2031.75,2032.0
5046,311,585,s,207,212.0,False,2031.75,2033.0
5047,541,1060,s,207,214.0,False,2031.75,2033.5
5048,708,600,s,207,211.0,False,2031.75,2032.75
5049,721,758,s,207,212.0,False,2031.75,2033.0
5050,737,296,s,207,208.0,False,2031.75,2032.0
5051,740,909,s,207,208.0,False,2031.75,2032.0
5052,608,760,l,207,236.0,True,2031.75,2039.0
5053,826,803,l,207,241.0,True,2031.75,2040.25
5054,829,970,l,207,240.0,True,2031.75,2040.0
5055,92,589,s,208,209.0,False,2032.0,2032.25
5056,166,666,s,208,208.0,False,2032.0,2032.0
5057,604,692,s,208,210.0,False,2032.0,2032.5
5058,669,283,s,208,221.0,False,2032.0,2035.25
5059,793,758,s,208,209.0,False,2032.0,2032.25
5060,912,647,s,208,213.0,False,2032.0,2033.25
5061,912,700,s,208,208.0,False,2032.0,2032.0
5062,960,255,s,208,208.0,False,2032.0,2032.0
5063,1013,234,s,208,209.0,False,2032.0,2032.25
5064,1013,585,s,208,212.0,False,2032.0,2033.0
5065,67,641,s,208,210.0,False,2032.0,2032.5
5066,311,667,s,208,210.0,False,2032.0,2032.5
5067,657,898,s,208,210.0,False,2032.0,2032.5
5068,735,854,s,208,211.0,False,2032.0,2032.75
5069,789,813,s,208,210.0,False,2032.0,2032.5
5070,858,744,s,208,212.0,False,2032.0,2033.0
5071,893,771,s,208,210.0,False,2032.0,2032.5
5072,1014,423,s,208,215.0,False,2032.0,2033.75
5073,79,616,s,208,214.0,False,2032.0,2033.5
5074,587,970,s,208,215.0,False,2032.0,2033.75
5075,658,418,s,208,212.0,False,2032.0,2033.0
5076,248,616,l,208,,True,2032.0,
5077,860,1037,l,208,241.0,True,2032.0,2040.25
5078,60,146,s,209,209.0,False,2032.25,2032.25
5079,312,574,s,209,214.0,False,2032.25,2033.5
5080,480,296,s,209,210.0,False,2032.25,2032.5
5081,584,613,s,209,210.0,False,2032.25,2032.5
5082,690,631,s,209,210.0,False,2032.25,2032.5
5083,709,666,s,209,217.0,False,2032.25,2034.25
5084,845,842,s,209,214.0,False,2032.25,2033.5
5085,972,749,s,209,210.0,False,2032.25,2032.5
5086,60,575,s,209,216.0,False,2032.25,2034.0
5087,248,255,s,209,213.0,False,2032.25,2033.25
5088,662,653,s,209,213.0,False,2032.25,2033.25
5089,669,1001,s,209,213.0,False,2032.25,2033.25
5090,737,351,s,209,213.0,False,2032.25,2033.25
5091,860,760,s,209,210.0,False,2032.25,2032.5
5092,922,695,s,209,210.0,False,2032.25,2032.5
5093,166,585,s,209,211.0,False,2032.25,2032.75
5094,166,686,s,209,210.0,False,2032.25,2032.5
5095,204,634,s,209,215.0,False,2032.25,2033.75
5096,402,351,s,209,211.0,False,2032.25,2032.75
5097,412,586,s,209,218.0,False,2032.25,2034.5
5098,835,842,s,209,217.0,False,2032.25,2034.25
5099,789,768,l,209,232.0,True,2032.25,2038.0
5100,846,797,l,209,,True,2032.25,
5101,67,307,s,210,224.0,False,2032.5,2036.0
5102,166,667,s,210,215.0,False,2032.5,2033.75
5103,241,589,s,210,211.0,False,2032.5,2032.75
5104,588,980,s,210,216.0,False,2032.5,2034.0
5105,829,1037,s,210,215.0,False,2032.5,2033.75
5106,877,908,s,210,220.0,False,2032.5,2035.0
5107,901,634,s,210,215.0,False,2032.5,2033.75
5108,912,684,s,210,210.0,False,2032.5,2032.5
5109,922,679,s,210,213.0,False,2032.5,2033.25
5110,60,613,s,210,213.0,False,2032.5,2033.25
5111,412,685,s,210,210.0,False,2032.5,2032.5
5112,587,684,s,210,211.0,False,2032.5,2032.75
5113,595,758,s,210,213.0,False,2032.5,2033.25
5114,599,692,s,210,215.0,False,2032.5,2033.75
5115,662,797,s,210,210.0,False,2032.5,2032.5
5116,689,718,s,210,211.0,False,2032.5,2032.75
5117,826,834,s,210,214.0,False,2032.5,2033.5
5118,60,99,s,210,212.0,False,2032.5,2033.0
5119,427,616,s,210,225.0,False,2032.5,2036.25
5120,604,634,s,210,213.0,False,2032.5,2033.25
5121,645,854,s,210,214.0,False,2032.5,2033.5
5122,648,797,s,210,218.0,False,2032.5,2034.5
5123,752,771,s,210,211.0,False,2032.5,2032.75
5124,835,867,s,210,224.0,False,2032.5,2036.0
5125,839,970,s,210,212.0,False,2032.5,2033.0
5126,864,857,s,210,219.0,False,2032.5,2034.75
5127,922,980,s,210,211.0,False,2032.5,2032.75
5128,248,150,l,210,230.0,True,2032.5,2037.5
5129,60,980,l,210,,True,2032.5,
5130,248,630,l,210,220.0,True,2032.5,2035.0
5131,748,666,l,210,,True,2032.5,
5132,79,574,s,211,214.0,False,2032.75,2033.5
5133,166,654,s,211,211.0,False,2032.75,2032.75
5134,305,585,s,211,232.0,False,2032.75,2038.0
5135,417,345,s,211,219.0,False,2032.75,2034.75
5136,427,585,s,211,211.0,False,2032.75,2032.75
5137,676,649,s,211,212.0,False,2032.75,2033.0
5138,701,847,s,211,212.0,False,2032.75,2033.0
5139,739,742,s,211,216.0,False,2032.75,2034.0
5140,820,797,s,211,215.0,False,2032.75,2033.75
5141,1050,714,s,211,212.0,False,2032.75,2033.0
5142,248,574,s,211,215.0,False,2032.75,2033.75
5143,305,513,s,211,212.0,False,2032.75,2033.0
5144,402,293,s,211,212.0,False,2032.75,2033.0
5145,673,410,s,211,212.0,False,2032.75,2033.0
5146,741,838,s,211,213.0,False,2032.75,2033.25
5147,793,751,s,211,216.0,False,2032.75,2034.0
5148,846,894,s,211,213.0,False,2032.75,2033.25
5149,183,432,s,211,212.0,False,2032.75,2033.0
5150,579,371,s,211,217.0,False,2032.75,2034.25
5151,595,969,s,211,220.0,False,2032.75,2035.0
5152,662,865,s,211,216.0,False,2032.75,2034.0
5153,860,1039,s,211,214.0,False,2032.75,2033.5
5154,922,296,s,211,232.0,False,2032.75,2038.0
5155,1003,284,l,211,224.0,True,2032.75,2036.0
5156,1068,685,l,211,,True,2032.75,
5157,798,867,l,211,,True,2032.75,
5158,821,867,l,211,,True,2032.75,
5159,53,509,s,212,215.0,False,2033.0,2033.75
5160,261,55,s,212,218.0,False,2033.0,2034.5
5161,662,616,s,212,214.0,False,2033.0,2033.5
5162,776,970,s,212,217.0,False,2033.0,2034.25
5163,788,867,s,212,213.0,False,2033.0,2033.25
5164,798,722,s,212,212.0,False,2033.0,2033.0
5165,805,823,s,212,215.0,False,2033.0,2033.75
5166,837,1039,s,212,213.0,False,2033.0,2033.25
5167,860,867,s,212,216.0,False,2033.0,2034.0
5168,912,692,s,212,215.0,False,2033.0,2033.75
5169,1068,674,s,212,213.0,False,2033.0,2033.25
5170,540,929,s,212,214.0,False,2033.0,2033.5
5171,739,603,s,212,219.0,False,2033.0,2034.75
5172,762,866,s,212,217.0,False,2033.0,2034.25
5173,778,857,s,212,224.0,False,2033.0,2036.0
5174,843,1037,s,212,215.0,False,2033.0,2033.75
5175,922,714,s,212,214.0,False,2033.0,2033.5
5176,53,508,s,212,217.0,False,2033.0,2034.25
5177,67,1076,s,212,215.0,False,2033.0,2033.75
5178,183,515,s,212,222.0,False,2033.0,2035.5
5179,688,718,s,212,216.0,False,2033.0,2034.0
5180,805,857,s,212,213.0,False,2033.0,2033.25
5181,843,853,s,212,214.0,False,2033.0,2033.5
5182,402,631,l,212,,True,2033.0,
5183,839,847,l,212,221.0,True,2033.0,2035.25
5184,92,568,l,212,,True,2033.0,
5185,312,585,l,212,217.0,True,2033.0,2034.25
5186,676,840,l,212,,True,2033.0,
5187,47,597,s,213,214.0,False,2033.25,2033.5
5188,588,600,s,213,225.0,False,2033.25,2036.25
5189,619,616,s,213,213.0,False,2033.25,2033.25
5190,845,730,s,213,213.0,False,2033.25,2033.25
5191,893,777,s,213,214.0,False,2033.25,2033.5
5192,1050,732,s,213,215.0,False,2033.25,2033.75
5193,1050,804,s,213,215.0,False,2033.25,2033.75
5194,305,150,s,213,216.0,False,2033.25,2034.0
5195,598,674,s,213,219.0,False,2033.25,2034.75
5196,608,585,s,213,218.0,False,2033.25,2034.5
5197,657,513,s,213,224.0,False,2033.25,2036.0
5198,832,842,s,213,216.0,False,2033.25,2034.0
5199,901,146,s,213,215.0,False,2033.25,2033.75
5200,53,296,s,213,219.0,False,2033.25,2034.75
5201,665,970,s,213,218.0,False,2033.25,2034.5
5202,688,780,s,213,216.0,False,2033.25,2034.0
5203,793,715,s,213,220.0,False,2033.25,2035.0
5204,793,770,s,213,214.0,False,2033.25,2033.5
5205,805,759,s,213,218.0,False,2033.25,2034.5
5206,815,730,s,213,214.0,False,2033.25,2033.5
5207,832,1039,s,213,231.0,False,2033.25,2037.75
5208,737,589,l,213,,True,2033.25,
5209,166,692,l,213,236.0,True,2033.25,2039.0
5210,205,508,s,214,217.0,False,2033.5,2034.25
5211,573,715,s,214,227.0,False,2033.5,2036.75
5212,675,1037,s,214,214.0,False,2033.5,2033.5
5213,778,803,s,214,217.0,False,2033.5,2034.25
5214,845,867,s,214,214.0,False,2033.5,2033.5
5215,1040,439,s,214,215.0,False,2033.5,2033.75
5216,1067,842,s,214,215.0,False,2033.5,2033.75
5217,141,1087,s,214,215.0,False,2033.5,2033.75
5218,205,622,s,214,221.0,False,2033.5,2035.25
5219,205,630,s,214,219.0,False,2033.5,2034.75
5220,305,513,s,214,217.0,False,2033.5,2034.25
5221,312,418,s,214,218.0,False,2033.5,2034.5
5222,748,589,s,214,215.0,False,2033.5,2033.75
5223,750,970,s,214,215.0,False,2033.5,2033.75
5224,587,575,s,214,218.0,False,2033.5,2034.5
5225,636,632,s,214,221.0,False,2033.5,2035.25
5226,687,589,s,214,215.0,False,2033.5,2033.75
5227,762,768,s,214,215.0,False,2033.5,2033.75
5228,776,1001,s,214,221.0,False,2033.5,2035.25
5229,826,768,s,214,216.0,False,2033.5,2034.0
5230,843,813,s,214,216.0,False,2033.5,2034.0
5231,877,730,s,214,215.0,False,2033.5,2033.75
5232,884,840,s,214,221.0,False,2033.5,2035.25
5233,60,211,l,214,,True,2033.5,
5234,26,685,s,215,229.0,False,2033.75,2037.25
5235,60,234,s,215,215.0,False,2033.75,2033.75
5236,336,15,s,215,215.0,False,2033.75,2033.75
5237,645,574,s,215,215.0,False,2033.75,2033.75
5238,645,753,s,215,220.0,False,2033.75,2035.0
5239,676,649,s,215,222.0,False,2033.75,2035.5
5240,750,771,s,215,221.0,False,2033.75,2035.25
5241,46,198,s,215,219.0,False,2033.75,2034.75
5242,166,568,s,215,218.0,False,2033.75,2034.5
5243,412,516,s,215,218.0,False,2033.75,2034.5
5244,584,506,s,215,221.0,False,2033.75,2035.25
5245,708,759,s,215,220.0,False,2033.75,2035.0
5246,747,343,s,215,219.0,False,2033.75,2034.75
5247,752,753,s,215,219.0,False,2033.75,2034.75
5248,835,854,s,215,216.0,False,2033.75,2034.0
5249,919,867,s,215,228.0,False,2033.75,2037.0
5250,972,777,s,215,223.0,False,2033.75,2035.75
5251,992,198,s,215,217.0,False,2033.75,2034.25
5252,1050,879,s,215,220.0,False,2033.75,2035.0
5253,1068,825,s,215,220.0,False,2033.75,2035.0
5254,169,211,s,215,216.0,False,2033.75,2034.0
5255,541,231,s,215,219.0,False,2033.75,2034.75
5256,657,679,s,215,218.0,False,2033.75,2034.5
5257,776,779,s,215,216.0,False,2033.75,2034.0
5258,864,886,s,215,218.0,False,2033.75,2034.5
5259,895,867,s,215,223.0,False,2033.75,2035.75
5260,1013,343,s,215,225.0,False,2033.75,2036.25
5261,1068,813,s,215,219.0,False,2033.75,2034.75
5262,778,760,l,215,219.0,True,2033.75,2034.75
5263,92,589,s,216,218.0,False,2034.0,2034.5
5264,776,712,s,216,217.0,False,2034.0,2034.25
5265,991,585,s,216,218.0,False,2034.0,2034.5
5266,248,634,s,216,216.0,False,2034.0,2034.0
5267,291,732,s,216,228.0,False,2034.0,2037.0
5268,417,418,s,216,216.0,False,2034.0,2034.0
5269,480,603,s,216,218.0,False,2034.0,2034.5
5270,595,644,s,216,217.0,False,2034.0,2034.25
5271,764,827,s,216,218.0,False,2034.0,2034.5
5272,787,970,s,216,228.0,False,2034.0,2037.0
5273,911,857,s,216,217.0,False,2034.0,2034.25
5274,922,589,s,216,218.0,False,2034.0,2034.5
5275,960,1021,s,216,219.0,False,2034.0,2034.75
5276,311,616,s,216,217.0,False,2034.0,2034.25
5277,394,600,s,216,219.0,False,2034.0,2034.75
5278,412,603,s,216,224.0,False,2034.0,2036.0
5279,570,703,s,216,219.0,False,2034.0,2034.75
5280,608,589,s,216,217.0,False,2034.0,2034.25
5281,669,744,s,216,225.0,False,2034.0,2036.25
5282,710,730,s,216,219.0,False,2034.0,2034.75
5283,778,1039,s,216,222.0,False,2034.0,2035.5
5284,789,885,s,216,224.0,False,2034.0,2036.0
5285,922,616,s,216,217.0,False,2034.0,2034.25
5286,893,866,l,216,,True,2034.0,
5287,748,1001,l,216,,True,2034.0,
5288,541,1021,l,216,,True,2034.0,
5289,843,866,l,216,236.0,True,2034.0,2039.0
5290,57,1098,s,217,219.0,False,2034.25,2034.75
5291,67,469,s,217,223.0,False,2034.25,2035.75
5292,79,980,s,217,220.0,False,2034.25,2035.0
5293,92,695,s,217,224.0,False,2034.25,2036.0
5294,203,77,s,217,228.0,False,2034.25,2037.0
5295,261,375,s,217,227.0,False,2034.25,2036.75
5296,412,77,s,217,223.0,False,2034.25,2035.75
5297,608,694,s,217,224.0,False,2034.25,2036.0
5298,628,722,s,217,225.0,False,2034.25,2036.25
5299,662,692,s,217,221.0,False,2034.25,2035.25
5300,662,867,s,217,218.0,False,2034.25,2034.5
5301,669,700,s,217,226.0,False,2034.25,2036.5
5302,789,889,s,217,218.0,False,2034.25,2034.5
5303,829,804,s,217,238.0,False,2034.25,2039.5
5304,657,980,s,217,223.0,False,2034.25,2035.75
5305,691,732,s,217,221.0,False,2034.25,2035.25
5306,748,512,s,217,221.0,False,2034.25,2035.25
5307,922,686,s,217,225.0,False,2034.25,2036.25
5308,951,217,s,217,219.0,False,2034.25,2034.75
5309,960,410,s,217,218.0,False,2034.25,2034.5
5310,248,146,s,217,220.0,False,2034.25,2035.0
5311,394,632,s,217,221.0,False,2034.25,2035.25
5312,599,899,s,217,218.0,False,2034.25,2034.5
5313,690,585,s,217,220.0,False,2034.25,2035.0
5314,905,865,s,217,219.0,False,2034.25,2034.75
5315,67,99,l,217,,True,2034.25,
5316,645,779,l,217,,True,2034.25,
5317,570,667,l,217,,True,2034.25,
5318,815,749,l,217,,True,2034.25,
5319,822,1085,l,217,,True,2034.25,
5320,34,1001,s,218,223.0,False,2034.5,2035.75
5321,166,630,s,218,219.0,False,2034.5,2034.75
5322,205,641,s,218,221.0,False,2034.5,2035.25
5323,709,703,s,218,220.0,False,2034.5,2035.0
5324,769,744,s,218,219.0,False,2034.5,2034.75
5325,846,742,s,218,223.0,False,2034.5,2035.75
5326,860,847,s,218,224.0,False,2034.5,2036.0
5327,871,630,s,218,230.0,False,2034.5,2037.5
5328,900,695,s,218,224.0,False,2034.5,2036.0
5329,901,603,s,218,219.0,False,2034.5,2034.75
5330,911,879,s,218,221.0,False,2034.5,2035.25
5331,933,351,s,218,222.0,False,2034.5,2035.5
5332,1101,296,s,218,221.0,False,2034.5,2035.25
5333,587,1001,s,218,222.0,False,2034.5,2035.5
5334,625,814,s,218,225.0,False,2034.5,2036.25
5335,628,703,s,218,223.0,False,2034.5,2035.75
5336,636,674,s,218,221.0,False,2034.5,2035.25
5337,747,715,s,218,219.0,False,2034.5,2034.75
5338,841,613,s,218,220.0,False,2034.5,2035.0
5339,47,77,s,218,225.0,False,2034.5,2036.25
5340,443,589,s,218,225.0,False,2034.5,2036.25
5341,500,751,s,218,219.0,False,2034.5,2034.75
5342,539,418,s,218,226.0,False,2034.5,2036.5
5343,752,751,s,218,227.0,False,2034.5,2036.75
5344,796,749,s,218,223.0,False,2034.5,2035.75
5345,266,521,l,218,232.0,True,2034.5,2038.0
5346,855,879,l,218,,True,2034.5,
5347,182,231,s,219,219.0,False,2034.75,2034.75
5348,248,457,s,219,219.0,False,2034.75,2034.75
5349,341,632,s,219,234.0,False,2034.75,2038.5
5350,352,445,s,219,224.0,False,2034.75,2036.0
5351,595,576,s,219,220.0,False,2034.75,2035.0
5352,608,506,s,219,221.0,False,2034.75,2035.25
5353,710,666,s,219,221.0,False,2034.75,2035.25
5354,796,744,s,219,220.0,False,2034.75,2035.0
5355,861,813,s,219,221.0,False,2034.75,2035.25
5356,79,909,s,219,224.0,False,2034.75,2036.0
5357,169,642,s,219,220.0,False,2034.75,2035.0
5358,336,971,s,219,222.0,False,2034.75,2035.5
5359,541,154,s,219,227.0,False,2034.75,2036.75
5360,662,613,s,219,221.0,False,2034.75,2035.25
5361,669,589,s,219,220.0,False,2034.75,2035.0
5362,789,760,s,219,224.0,False,2034.75,2036.0
5363,789,847,s,219,222.0,False,2034.75,2035.5
5364,819,790,s,219,230.0,False,2034.75,2037.5
5365,871,824,s,219,219.0,False,2034.75,2034.75
5366,871,959,s,219,223.0,False,2034.75,2035.75
5367,79,758,s,219,223.0,False,2034.75,2035.75
5368,320,1048,s,219,223.0,False,2034.75,2035.75
5369,320,1087,s,219,223.0,False,2034.75,2035.75
5370,402,589,s,219,235.0,False,2034.75,2038.75
5371,657,647,s,219,225.0,False,2034.75,2036.25
5372,676,723,s,219,238.0,False,2034.75,2039.5
5373,682,744,s,219,224.0,False,2034.75,2036.0
5374,747,641,s,219,221.0,False,2034.75,2035.25
5375,60,576,l,219,,True,2034.75,
5376,748,980,l,219,,True,2034.75,
5377,897,865,l,219,,True,2034.75,
5378,829,715,l,219,234.0,True,2034.75,2038.5
5379,67,959,s,220,222.0,False,2035.0,2035.5
5380,197,1048,s,220,225.0,False,2035.0,2036.25
5381,502,99,s,220,225.0,False,2035.0,2036.25
5382,668,616,s,220,222.0,False,2035.0,2035.5
5383,708,647,s,220,220.0,False,2035.0,2035.0
5384,821,1037,s,220,223.0,False,2035.0,2035.75
5385,822,779,s,220,221.0,False,2035.0,2035.25
5386,822,795,s,220,225.0,False,2035.0,2036.25
5387,871,574,s,220,221.0,False,2035.0,2035.25
5388,923,720,s,220,224.0,False,2035.0,2036.0
5389,79,808,s,220,221.0,False,2035.0,2035.25
5390,412,589,s,220,222.0,False,2035.0,2035.5
5391,598,714,s,220,221.0,False,2035.0,2035.25
5392,764,806,s,220,224.0,False,2035.0,2036.0
5393,789,803,s,220,226.0,False,2035.0,2036.5
5394,864,836,s,220,231.0,False,2035.0,2037.75
5395,864,857,s,220,230.0,False,2035.0,2037.5
5396,12,1086,s,220,224.0,False,2035.0,2036.0
5397,638,1039,s,220,222.0,False,2035.0,2035.5
5398,864,914,s,220,222.0,False,2035.0,2035.5
5399,897,867,s,220,225.0,False,2035.0,2036.25
5400,922,714,s,220,231.0,False,2035.0,2037.75
5401,1068,959,s,220,221.0,False,2035.0,2035.25
5402,402,647,l,220,,True,2035.0,
5403,662,700,l,220,229.0,True,2035.0,2037.25
5404,166,959,l,220,,True,2035.0,
5405,861,828,l,220,226.0,True,2035.0,2036.5
5406,402,603,l,220,,True,2035.0,
5407,835,824,l,220,,True,2035.0,
5408,166,575,s,221,226.0,False,2035.25,2036.5
5409,402,575,s,221,227.0,False,2035.25,2036.75
5410,621,836,s,221,223.0,False,2035.25,2035.75
5411,776,847,s,221,225.0,False,2035.25,2036.25
5412,798,779,s,221,221.0,False,2035.25,2035.25
5413,826,1039,s,221,221.0,False,2035.25,2035.25
5414,79,989,s,221,223.0,False,2035.25,2035.75
5415,748,803,s,221,226.0,False,2035.25,2036.5
5416,877,813,s,221,221.0,False,2035.25,2035.25
5417,67,589,s,221,227.0,False,2035.25,2036.75
5418,92,75,s,221,223.0,False,2035.25,2035.75
5419,203,432,s,221,224.0,False,2035.25,2036.0
5420,417,574,s,221,231.0,False,2035.25,2037.75
5421,587,828,s,221,231.0,False,2035.25,2037.75
5422,599,616,s,221,222.0,False,2035.25,2035.5
5423,619,989,s,221,228.0,False,2035.25,2037.0
5424,682,574,s,221,222.0,False,2035.25,2035.5
5425,691,743,s,221,224.0,False,2035.25,2036.0
5426,750,970,s,221,222.0,False,2035.25,2035.5
5427,781,795,s,221,225.0,False,2035.25,2036.25
5428,805,1028,s,221,226.0,False,2035.25,2036.5
5429,819,770,s,221,223.0,False,2035.25,2035.75
5430,858,842,s,221,224.0,False,2035.25,2036.0
5431,946,904,s,221,225.0,False,2035.25,2036.25
5432,960,630,s,221,226.0,False,2035.25,2036.5
5433,639,759,l,221,229.0,True,2035.25,2037.25
5434,863,914,l,221,,True,2035.25,
5435,688,813,l,221,243.0,True,2035.25,2040.75
5436,541,589,s,222,224.0,False,2035.5,2036.0
5437,599,647,s,222,223.0,False,2035.5,2035.75
5438,604,730,s,222,231.0,False,2035.5,2037.75
5439,690,852,s,222,230.0,False,2035.5,2037.5
5440,701,758,s,222,243.0,False,2035.5,2040.75
5441,748,641,s,222,224.0,False,2035.5,2036.0
5442,750,803,s,222,237.0,False,2035.5,2039.25
5443,816,825,s,222,224.0,False,2035.5,2036.0
5444,960,351,s,222,222.0,False,2035.5,2035.5
5445,604,795,s,222,223.0,False,2035.5,2035.75
5446,662,1037,s,222,226.0,False,2035.5,2036.5
5447,669,589,s,222,228.0,False,2035.5,2037.0
5448,721,744,s,222,223.0,False,2035.5,2035.75
5449,748,589,s,222,224.0,False,2035.5,2036.0
5450,819,771,s,222,222.0,False,2035.5,2035.5
5451,841,568,s,222,225.0,False,2035.5,2036.25
5452,960,345,s,222,227.0,False,2035.5,2036.75
5453,599,1039,s,222,226.0,False,2035.5,2036.5
5454,665,634,s,222,225.0,False,2035.5,2036.25
5455,752,862,s,222,229.0,False,2035.5,2037.25
5456,778,806,s,222,224.0,False,2035.5,2036.0
5457,815,896,s,222,224.0,False,2035.5,2036.0
5458,860,749,s,222,223.0,False,2035.5,2035.75
5459,1114,743,s,222,223.0,False,2035.5,2035.75
5460,1003,328,l,222,,True,2035.5,
5461,60,505,s,223,224.0,False,2035.75,2036.0
5462,336,971,s,223,226.0,False,2035.75,2036.5
5463,502,589,s,223,224.0,False,2035.75,2036.0
5464,628,804,s,223,223.0,False,2035.75,2035.75
5465,708,759,s,223,234.0,False,2035.75,2038.5
5466,734,751,s,223,229.0,False,2035.75,2037.25
5467,821,847,s,223,224.0,False,2035.75,2036.0
5468,837,842,s,223,228.0,False,2035.75,2037.0
5469,884,1001,s,223,225.0,False,2035.75,2036.25
5470,887,862,s,223,225.0,False,2035.75,2036.25
5471,946,823,s,223,223.0,False,2035.75,2035.75
5472,1013,613,s,223,225.0,False,2035.75,2036.25
5473,1100,840,s,223,230.0,False,2035.75,2037.5
5474,191,517,s,223,227.0,False,2035.75,2036.75
5475,241,345,s,223,225.0,False,2035.75,2036.25
5476,570,695,s,223,230.0,False,2035.75,2037.5
5477,662,813,s,223,228.0,False,2035.75,2037.0
5478,748,686,s,223,224.0,False,2035.75,2036.0
5479,816,813,s,223,225.0,False,2035.75,2036.25
5480,863,970,s,223,224.0,False,2035.75,2036.0
5481,893,813,s,223,238.0,False,2035.75,2039.5
5482,311,61,s,223,226.0,False,2035.75,2036.5
5483,607,655,s,223,227.0,False,2035.75,2036.75
5484,659,512,s,223,226.0,False,2035.75,2036.5
5485,676,715,s,223,224.0,False,2035.75,2036.0
5486,819,803,s,223,226.0,False,2035.75,2036.5
5487,936,955,s,223,237.0,False,2035.75,2039.25
5488,992,1021,s,223,224.0,False,2035.75,2036.0
5489,1067,803,s,223,227.0,False,2035.75,2036.75
5490,92,585,l,223,236.0,True,2035.75,2039.0
5491,599,631,l,223,,True,2035.75,
5492,933,632,l,223,,True,2035.75,
5493,887,1029,l,223,,True,2035.75,
5494,166,597,s,224,225.0,False,2036.0,2036.25
5495,204,685,s,224,225.0,False,2036.0,2036.25
5496,541,296,s,224,225.0,False,2036.0,2036.25
5497,628,574,s,224,239.0,False,2036.0,2039.75
5498,687,730,s,224,227.0,False,2036.0,2036.75
5499,688,970,s,224,234.0,False,2036.0,2038.5
5500,764,779,s,224,232.0,False,2036.0,2038.0
5501,843,760,s,224,225.0,False,2036.0,2036.25
5502,864,886,s,224,225.0,False,2036.0,2036.25
5503,871,674,s,224,224.0,False,2036.0,2036.0
5504,875,885,s,224,228.0,False,2036.0,2037.0
5505,887,854,s,224,224.0,False,2036.0,2036.0
5506,570,575,s,224,226.0,False,2036.0,2036.5
5507,657,630,s,224,225.0,False,2036.0,2036.25
5508,668,685,s,224,225.0,False,2036.0,2036.25
5509,687,803,s,224,234.0,False,2036.0,2038.5
5510,688,853,s,224,226.0,False,2036.0,2036.5
5511,789,784,s,224,226.0,False,2036.0,2036.5
5512,817,1001,s,224,229.0,False,2036.0,2037.25
5513,960,649,s,224,228.0,False,2036.0,2037.0
5514,1104,971,s,224,224.0,False,2036.0,2036.0
5515,1114,758,s,224,225.0,False,2036.0,2036.25
5516,92,666,s,224,229.0,False,2036.0,2037.25
5517,789,779,s,224,230.0,False,2036.0,2037.5
5518,805,803,s,224,231.0,False,2036.0,2037.75
5519,887,918,s,224,229.0,False,2036.0,2037.25
5520,946,823,s,224,225.0,False,2036.0,2036.25
5521,845,749,l,224,,True,2036.0,
5522,872,830,l,224,,True,2036.0,
5523,658,146,s,225,225.0,False,2036.25,2036.25
5524,747,351,s,225,225.0,False,2036.25,2036.25
5525,769,632,s,225,226.0,False,2036.25,2036.5
5526,831,813,s,225,228.0,False,2036.25,2037.0
5527,877,885,s,225,232.0,False,2036.25,2038.0
5528,911,892,s,225,231.0,False,2036.25,2037.75
5529,47,589,s,225,229.0,False,2036.25,2037.25
5530,67,15,s,225,231.0,False,2036.25,2037.75
5531,394,605,s,225,230.0,False,2036.25,2037.5
5532,579,296,s,225,226.0,False,2036.25,2036.5
5533,619,813,s,225,228.0,False,2036.25,2037.0
5534,748,695,s,225,229.0,False,2036.25,2037.25
5535,805,823,s,225,226.0,False,2036.25,2036.5
5536,858,795,s,225,232.0,False,2036.25,2038.0
5537,884,927,s,225,225.0,False,2036.25,2036.25
5538,92,1124,s,225,226.0,False,2036.25,2036.5
5539,204,641,s,225,242.0,False,2036.25,2040.5
5540,312,574,s,225,226.0,False,2036.25,2036.5
5541,402,508,s,225,227.0,False,2036.25,2036.75
5542,444,54,s,225,226.0,False,2036.25,2036.5
5543,584,959,s,225,228.0,False,2036.25,2037.0
5544,621,830,s,225,226.0,False,2036.25,2036.5
5545,651,1039,s,225,226.0,False,2036.25,2036.5
5546,659,99,s,225,227.0,False,2036.25,2036.75
5547,688,865,s,225,228.0,False,2036.25,2037.0
5548,747,506,s,225,226.0,False,2036.25,2036.5
5549,818,813,s,225,228.0,False,2036.25,2037.0
5550,819,828,s,225,228.0,False,2036.25,2037.0
5551,919,830,s,225,232.0,False,2036.25,2038.0
5552,960,198,s,225,227.0,False,2036.25,2036.75
5553,991,685,s,225,229.0,False,2036.25,2037.25
5554,1112,813,s,225,227.0,False,2036.25,2036.75
5555,820,840,l,225,234.0,True,2036.25,2038.5
5556,845,777,l,225,,True,2036.25,
5557,877,862,l,225,,True,2036.25,
5558,47,634,s,226,235.0,False,2036.5,2038.75
5559,166,666,s,226,227.0,False,2036.5,2036.75
5560,599,643,s,226,226.0,False,2036.5,2036.5
5561,855,838,s,226,227.0,False,2036.5,2036.75
5562,860,803,s,226,237.0,False,2036.5,2039.25
5563,47,603,s,226,228.0,False,2036.5,2037.0
5564,394,600,s,226,228.0,False,2036.5,2037.0
5565,402,506,s,226,228.0,False,2036.5,2037.0
5566,412,196,s,226,237.0,False,2036.5,2039.25
5567,480,624,s,226,226.0,False,2036.5,2036.5
5568,502,321,s,226,228.0,False,2036.5,2037.0
5569,690,700,s,226,227.0,False,2036.5,2036.75
5570,713,1037,s,226,234.0,False,2036.5,2038.5
5571,739,732,s,226,227.0,False,2036.5,2036.75
5572,747,666,s,226,228.0,False,2036.5,2037.0
5573,871,603,s,226,243.0,False,2036.5,2040.75
5574,897,795,s,226,229.0,False,2036.5,2037.25
5575,92,647,s,226,234.0,False,2036.5,2038.5
5576,166,1001,s,226,230.0,False,2036.5,2037.5
5577,311,506,s,226,227.0,False,2036.5,2036.75
5578,599,838,s,226,230.0,False,2036.5,2037.5
5579,619,589,s,226,228.0,False,2036.5,2037.0
5580,669,115,s,226,228.0,False,2036.5,2037.0
5581,740,1001,s,226,227.0,False,2036.5,2036.75
5582,793,806,s,226,232.0,False,2036.5,2038.0
5583,826,824,s,226,229.0,False,2036.5,2037.25
5584,1013,457,s,226,236.0,False,2036.5,2039.0
5585,621,631,l,226,,True,2036.5,
5586,877,1039,l,226,,True,2036.5,
5587,651,634,l,226,,True,2036.5,
5588,166,647,s,227,228.0,False,2036.75,2037.0
5589,402,613,s,227,240.0,False,2036.75,2040.0
5590,621,616,s,227,235.0,False,2036.75,2038.75
5591,676,751,s,227,243.0,False,2036.75,2040.75
5592,822,814,s,227,233.0,False,2036.75,2038.25
5593,829,1039,s,227,228.0,False,2036.75,2037.0
5594,843,771,s,227,231.0,False,2036.75,2037.75
5595,946,904,s,227,228.0,False,2036.75,2037.0
5596,953,918,s,227,229.0,False,2036.75,2037.25
5597,953,1000,s,227,230.0,False,2036.75,2037.5
5598,1012,842,s,227,231.0,False,2036.75,2037.75
5599,92,293,s,227,230.0,False,2036.75,2037.5
5600,159,345,s,227,239.0,False,2036.75,2039.75
5601,606,692,s,227,228.0,False,2036.75,2037.0
5602,658,351,s,227,233.0,False,2036.75,2038.25
5603,682,1085,s,227,229.0,False,2036.75,2037.25
5604,787,812,s,227,228.0,False,2036.75,2037.0
5605,793,732,s,227,231.0,False,2036.75,2037.75
5606,839,751,s,227,228.0,False,2036.75,2037.0
5607,871,749,s,227,232.0,False,2036.75,2038.0
5608,921,786,s,227,229.0,False,2036.75,2037.25
5609,625,758,s,227,231.0,False,2036.75,2037.75
5610,701,865,s,227,236.0,False,2036.75,2039.0
5611,769,749,s,227,234.0,False,2036.75,2038.5
5612,635,804,l,227,233.0,True,2036.75,2038.25
5613,636,1001,l,227,,True,2036.75,
5614,831,1085,l,227,,True,2036.75,
5615,191,321,s,228,230.0,False,2037.0,2037.5
5616,311,647,s,228,238.0,False,2037.0,2039.5
5617,599,611,s,228,234.0,False,2037.0,2038.5
5618,621,674,s,228,228.0,False,2037.0,2037.0
5619,752,712,s,228,229.0,False,2037.0,2037.25
5620,778,806,s,228,237.0,False,2037.0,2039.25
5621,805,914,s,228,231.0,False,2037.0,2037.75
5622,960,99,s,228,231.0,False,2037.0,2037.75
5623,1133,1084,s,228,229.0,False,2037.0,2037.25
5624,60,457,s,228,230.0,False,2037.0,2037.5
5625,570,703,s,228,,False,2037.0,
5626,599,674,s,228,232.0,False,2037.0,2038.0
5627,787,1085,s,228,231.0,False,2037.0,2037.75
5628,835,854,s,228,235.0,False,2037.0,2038.75
5629,858,718,s,228,232.0,False,2037.0,2038.0
5630,887,838,s,228,232.0,False,2037.0,2038.0
5631,953,1085,s,228,233.0,False,2037.0,2038.25
5632,607,733,s,228,231.0,False,2037.0,2037.75
5633,708,904,s,228,232.0,False,2037.0,2038.0
5634,739,1037,s,228,230.0,False,2037.0,2037.5
5635,750,824,s,228,233.0,False,2037.0,2038.25
5636,953,854,s,228,229.0,False,2037.0,2037.25
5637,205,634,l,228,,True,2037.0,
5638,946,904,l,228,,True,2037.0,
5639,607,770,s,229,229.0,False,2037.25,2037.25
5640,734,768,s,229,235.0,False,2037.25,2038.75
5641,960,970,s,229,236.0,False,2037.25,2039.0
5642,336,77,s,229,243.0,False,2037.25,2040.75
5643,658,589,s,229,231.0,False,2037.25,2037.75
5644,682,749,s,229,230.0,False,2037.25,2037.5
5645,819,814,s,229,233.0,False,2037.25,2038.25
5646,402,351,s,229,230.0,False,2037.25,2037.5
5647,450,445,s,229,233.0,False,2037.25,2038.25
5648,635,959,s,229,233.0,False,2037.25,2038.25
5649,636,674,s,229,232.0,False,2037.25,2038.0
5650,683,970,s,229,230.0,False,2037.25,2037.5
5651,919,840,s,229,232.0,False,2037.25,2038.0
5652,956,795,s,229,235.0,False,2037.25,2038.75
5653,972,1001,s,229,237.0,False,2037.25,2039.25
5654,1134,329,s,229,236.0,False,2037.25,2039.0
5655,604,795,l,229,,True,2037.25,
5656,747,410,l,229,,True,2037.25,
5657,422,1061,l,229,242.0,True,2037.25,2040.5
5658,285,586,l,229,237.0,True,2037.25,2039.25
5659,735,867,l,229,,True,2037.25,
5660,895,830,l,229,,True,2037.25,
5661,414,231,s,230,234.0,False,2037.5,2038.5
5662,747,585,s,230,241.0,False,2037.5,2040.25
5663,826,1037,s,230,233.0,False,2037.5,2038.25
5664,864,886,s,230,230.0,False,2037.5,2037.5
5665,871,616,s,230,232.0,False,2037.5,2038.0
5666,960,343,s,230,235.0,False,2037.5,2038.75
5667,964,854,s,230,237.0,False,2037.5,2039.25
5668,480,616,s,230,232.0,False,2037.5,2038.0
5669,658,296,s,230,236.0,False,2037.5,2039.0
5670,756,770,s,230,242.0,False,2037.5,2040.5
5671,1068,889,s,230,234.0,False,2037.5,2038.5
5672,60,585,s,230,232.0,False,2037.5,2038.0
5673,262,642,s,230,231.0,False,2037.5,2037.75
5674,312,813,s,230,235.0,False,2037.5,2038.75
5675,427,146,s,230,233.0,False,2037.5,2038.25
5676,796,1001,s,230,239.0,False,2037.5,2039.75
5677,701,624,l,230,,True,2037.5,
5678,919,1028,l,230,,True,2037.5,
5679,169,296,s,231,235.0,False,2037.75,2038.75
5680,608,641,s,231,232.0,False,2037.75,2038.0
5681,608,700,s,231,231.0,False,2037.75,2037.75
5682,675,1039,s,231,232.0,False,2037.75,2038.0
5683,798,804,s,231,233.0,False,2037.75,2038.25
5684,893,803,s,231,231.0,False,2037.75,2037.75
5685,946,907,s,231,231.0,False,2037.75,2037.75
5686,53,1123,s,231,234.0,False,2037.75,2038.5
5687,92,631,s,231,234.0,False,2037.75,2038.5
5688,92,1124,s,231,231.0,False,2037.75,2037.75
5689,262,641,s,231,232.0,False,2037.75,2038.0
5690,607,1001,s,231,231.0,False,2037.75,2037.75
5691,669,684,s,231,235.0,False,2037.75,2038.75
5692,682,751,s,231,237.0,False,2037.75,2039.25
5693,701,795,s,231,236.0,False,2037.75,2039.0
5694,805,749,s,231,234.0,False,2037.75,2038.5
5695,835,814,s,231,234.0,False,2037.75,2038.5
5696,888,842,s,231,240.0,False,2037.75,2040.0
5697,1100,1039,s,231,232.0,False,2037.75,2038.0
5698,205,506,s,231,,False,2037.75,
5699,618,600,s,231,236.0,False,2037.75,2039.0
5700,619,753,s,231,240.0,False,2037.75,2040.0
5701,683,824,s,231,235.0,False,2037.75,2038.75
5702,752,1001,s,231,237.0,False,2037.75,2039.25
5703,818,879,s,231,232.0,False,2037.75,2038.0
5704,846,853,s,231,234.0,False,2037.75,2038.5
5705,864,857,s,231,235.0,False,2037.75,2038.75
5706,60,146,l,231,,True,2037.75,
5707,789,894,l,231,,True,2037.75,
5708,846,700,l,231,,True,2037.75,
5709,311,146,s,232,235.0,False,2038.0,2038.75
5710,427,296,s,232,237.0,False,2038.0,2039.25
5711,691,730,s,232,238.0,False,2038.0,2039.5
5712,845,715,s,232,238.0,False,2038.0,2039.5
5713,845,836,s,232,234.0,False,2038.0,2038.5
5714,871,574,s,232,234.0,False,2038.0,2038.5
5715,893,824,s,232,233.0,False,2038.0,2038.25
5716,1014,237,s,232,233.0,False,2038.0,2038.25
5717,628,603,s,232,237.0,False,2038.0,2039.25
5718,662,777,s,232,234.0,False,2038.0,2038.5
5719,682,666,s,232,235.0,False,2038.0,2038.75
5720,872,867,s,232,236.0,False,2038.0,2039.0
5721,926,886,s,232,234.0,False,2038.0,2038.5
5722,1050,854,s,232,241.0,False,2038.0,2040.25
5723,205,685,s,232,235.0,False,2038.0,2038.75
5724,291,510,s,232,233.0,False,2038.0,2038.25
5725,604,616,s,232,238.0,False,2038.0,2039.5
5726,636,632,s,232,236.0,False,2038.0,2039.0
5727,701,915,s,232,238.0,False,2038.0,2039.5
5728,747,655,s,232,242.0,False,2038.0,2040.5
5729,756,751,s,232,235.0,False,2038.0,2038.75
5730,817,1029,s,232,238.0,False,2038.0,2039.5
5731,863,794,s,232,235.0,False,2038.0,2038.75
5732,871,609,s,232,,False,2038.0,
5733,922,616,s,232,233.0,False,2038.0,2038.25
5734,713,862,l,232,,True,2038.0,
5735,748,575,l,232,,True,2038.0,
5736,67,146,l,232,,True,2038.0,
5737,1112,840,l,232,,True,2038.0,
5738,500,613,s,233,236.0,False,2038.25,2039.0
5739,587,712,s,233,234.0,False,2038.25,2038.5
5740,651,622,s,233,,False,2038.25,
5741,595,959,s,233,235.0,False,2038.25,2038.75
5742,608,714,s,233,,False,2038.25,
5743,628,828,s,233,235.0,False,2038.25,2038.75
5744,709,842,s,233,,False,2038.25,
5745,871,586,s,233,235.0,False,2038.25,2038.75
5746,877,744,s,233,242.0,False,2038.25,2040.5
5747,887,937,s,233,238.0,False,2038.25,2039.5
5748,1003,1086,s,233,233.0,False,2038.25,2038.25
5749,60,82,s,233,235.0,False,2038.25,2038.75
5750,412,80,s,233,236.0,False,2038.25,2039.0
5751,588,684,s,233,237.0,False,2038.25,2039.25
5752,688,865,s,233,239.0,False,2038.25,2039.75
5753,756,918,s,233,239.0,False,2038.25,2039.75
5754,819,804,s,233,236.0,False,2038.25,2039.0
5755,832,842,s,233,234.0,False,2038.25,2038.5
5756,860,970,s,233,237.0,False,2038.25,2039.25
5757,877,723,s,233,235.0,False,2038.25,2038.75
5758,887,857,s,233,242.0,False,2038.25,2040.5
5759,960,506,s,233,235.0,False,2038.25,2038.75
5760,1050,824,s,233,235.0,False,2038.25,2038.75
5761,708,904,l,233,,True,2038.25,
5762,735,616,l,233,237.0,True,2038.25,2039.25
5763,884,916,l,233,235.0,True,2038.25,2038.75
5764,305,328,l,233,,True,2038.25,
5765,860,1084,l,233,,True,2038.25,
5766,926,836,l,233,243.0,True,2038.25,2040.75
5767,861,834,s,234,241.0,False,2038.5,2040.25
5768,864,886,s,234,236.0,False,2038.5,2039.0
5769,946,759,s,234,235.0,False,2038.5,2038.75
5770,953,795,s,234,235.0,False,2038.5,2038.75
5771,1101,510,s,234,234.0,False,2038.5,2038.5
5772,166,780,s,234,235.0,False,2038.5,2038.75
5773,205,589,s,234,235.0,False,2038.5,2038.75
5774,687,813,s,234,238.0,False,2038.5,2039.5
5775,709,867,s,234,239.0,False,2038.5,2039.75
5776,872,842,s,234,242.0,False,2038.5,2040.5
5777,911,795,s,234,240.0,False,2038.5,2040.0
5778,912,695,s,234,238.0,False,2038.5,2039.5
5779,946,786,s,234,237.0,False,2038.5,2039.25
5780,427,1124,s,234,242.0,False,2038.5,2040.5
5781,599,641,s,234,241.0,False,2038.5,2040.25
5782,608,700,s,234,240.0,False,2038.5,2040.0
5783,608,733,s,234,237.0,False,2038.5,2039.25
5784,748,61,s,234,235.0,False,2038.5,2038.75
5785,819,824,s,234,235.0,False,2038.5,2038.75
5786,895,894,s,234,236.0,False,2038.5,2039.0
5787,953,879,s,234,236.0,False,2038.5,2039.0
5788,1100,830,s,234,241.0,False,2038.5,2040.25
5789,776,928,l,234,,True,2038.5,
5790,312,307,l,234,,True,2038.5,
5791,57,516,s,235,238.0,False,2038.75,2039.5
5792,166,609,s,235,243.0,False,2038.75,2040.75
5793,166,730,s,235,236.0,False,2038.75,2039.0
5794,570,790,s,235,236.0,False,2038.75,2039.0
5795,599,568,s,235,236.0,False,2038.75,2039.0
5796,599,589,s,235,243.0,False,2038.75,2040.75
5797,608,959,s,235,237.0,False,2038.75,2039.25
5798,665,715,s,235,240.0,False,2038.75,2040.0
5799,683,838,s,235,236.0,False,2038.75,2039.0
5800,871,634,s,235,236.0,False,2038.75,2039.0
5801,933,684,s,235,238.0,False,2038.75,2039.5
5802,1133,813,s,235,240.0,False,2038.75,2040.0
5803,651,1028,s,235,236.0,False,2038.75,2039.0
5804,761,647,s,235,238.0,False,2038.75,2039.5
5805,793,908,s,235,237.0,False,2038.75,2039.25
5806,829,784,s,235,242.0,False,2038.75,2040.5
5807,829,812,s,235,241.0,False,2038.75,2040.25
5808,851,694,s,235,237.0,False,2038.75,2039.25
5809,871,575,s,235,242.0,False,2038.75,2040.5
5810,897,840,s,235,237.0,False,2038.75,2039.25
5811,942,967,s,235,236.0,False,2038.75,2039.0
5812,947,804,s,235,236.0,False,2038.75,2039.0
5813,960,457,s,235,,False,2038.75,
5814,427,653,s,235,236.0,False,2038.75,2039.0
5815,628,692,s,235,243.0,False,2038.75,2040.75
5816,645,742,s,235,237.0,False,2038.75,2039.25
5817,668,611,s,235,240.0,False,2038.75,2040.0
5818,690,1039,s,235,242.0,False,2038.75,2040.5
5819,781,749,s,235,237.0,False,2038.75,2039.25
5820,887,907,s,235,237.0,False,2038.75,2039.25
5821,1013,418,s,235,,False,2038.75,
5822,47,603,s,236,241.0,False,2039.0,2040.25
5823,205,512,s,236,239.0,False,2039.0,2039.75
5824,402,605,s,236,,False,2039.0,
5825,500,692,s,236,237.0,False,2039.0,2039.25
5826,669,664,s,236,240.0,False,2039.0,2040.0
5827,689,758,s,236,237.0,False,2039.0,2039.25
5828,747,722,s,236,237.0,False,2039.0,2039.25
5829,781,915,s,236,241.0,False,2039.0,2040.25
5830,861,812,s,236,239.0,False,2039.0,2039.75
5831,912,714,s,236,240.0,False,2039.0,2040.0
5832,919,827,s,236,237.0,False,2039.0,2039.25
5833,953,945,s,236,240.0,False,2039.0,2040.0
5834,673,823,s,236,239.0,False,2039.0,2039.75
5835,676,886,s,236,238.0,False,2039.0,2039.5
5836,735,666,s,236,236.0,False,2039.0,2039.0
5837,739,908,s,236,239.0,False,2039.0,2039.75
5838,781,730,s,236,238.0,False,2039.0,2039.5
5839,933,1001,s,236,,False,2039.0,
5840,92,375,s,236,238.0,False,2039.0,2039.5
5841,205,457,s,236,237.0,False,2039.0,2039.25
5842,500,631,s,236,240.0,False,2039.0,2040.0
5843,599,505,s,236,237.0,False,2039.0,2039.25
5844,606,714,s,236,238.0,False,2039.0,2039.5
5845,713,906,s,236,243.0,False,2039.0,2040.75
5846,789,723,s,236,,False,2039.0,
5847,822,1039,s,236,239.0,False,2039.0,2039.75
5848,1114,664,s,236,242.0,False,2039.0,2040.5
5849,166,634,l,236,,True,2039.0,
5850,539,666,s,237,240.0,False,2039.25,2040.0
5851,587,663,s,237,241.0,False,2039.25,2040.25
5852,747,423,s,237,,False,2039.25,
5853,789,759,s,237,238.0,False,2039.25,2039.5
5854,871,686,s,237,237.0,False,2039.25,2039.25
5855,924,813,s,237,,False,2039.25,
5856,1100,749,s,237,238.0,False,2039.25,2039.5
5857,166,589,s,237,,False,2039.25,
5858,402,457,s,237,241.0,False,2039.25,2040.25
5859,500,959,s,237,238.0,False,2039.25,2039.5
5860,748,679,s,237,241.0,False,2039.25,2040.25
5861,756,927,s,237,238.0,False,2039.25,2039.5
5862,781,828,s,237,239.0,False,2039.25,2039.75
5863,826,867,s,237,239.0,False,2039.25,2039.75
5864,900,795,s,237,238.0,False,2039.25,2039.5
5865,1013,296,s,237,238.0,False,2039.25,2039.5
5866,1051,1001,s,237,237.0,False,2039.25,2039.25
5867,248,574,s,237,238.0,False,2039.25,2039.5
5868,417,586,s,237,243.0,False,2039.25,2040.75
5869,422,375,s,237,,False,2039.25,
5870,502,614,s,237,240.0,False,2039.25,2040.0
5871,691,644,s,237,239.0,False,2039.25,2039.75
5872,739,630,s,237,239.0,False,2039.25,2039.75
5873,748,686,s,237,243.0,False,2039.25,2040.75
5874,864,714,s,237,238.0,False,2039.25,2039.5
5875,875,779,s,237,240.0,False,2039.25,2040.0
5876,668,836,l,237,,True,2039.25,
5877,166,611,l,237,,True,2039.25,
5878,606,679,l,237,,True,2039.25,
5879,657,679,l,237,,True,2039.25,
5880,861,723,l,237,,True,2039.25,
5881,205,686,s,238,239.0,False,2039.5,2039.75
5882,539,647,s,238,,False,2039.5,
5883,599,730,s,238,241.0,False,2039.5,2040.25
5884,701,603,s,238,242.0,False,2039.5,2040.5
5885,933,758,s,238,,False,2039.5,
5886,947,937,s,238,243.0,False,2039.5,2040.75
5887,950,751,s,238,242.0,False,2039.5,2040.5
5888,953,967,s,238,240.0,False,2039.5,2040.0
5889,1050,794,s,238,,False,2039.5,
5890,1068,842,s,238,238.0,False,2039.5,2039.5
5891,67,667,s,238,241.0,False,2039.5,2040.25
5892,166,343,s,238,238.0,False,2039.5,2039.5
5893,604,574,s,238,,False,2039.5,
5894,673,600,s,238,239.0,False,2039.5,2039.75
5895,888,744,s,238,241.0,False,2039.5,2040.25
5896,947,889,s,238,,False,2039.5,
5897,752,866,s,238,242.0,False,2039.5,2040.5
5898,900,703,s,238,240.0,False,2039.5,2040.0
5899,1113,959,s,238,242.0,False,2039.5,2040.5
5900,604,611,l,238,242.0,True,2039.5,2040.5
5901,871,1001,l,238,,True,2039.5,
5902,826,1029,l,238,,True,2039.5,
5903,598,685,s,239,240.0,False,2039.75,2040.0
5904,608,674,s,239,240.0,False,2039.75,2040.0
5905,709,768,s,239,240.0,False,2039.75,2040.0
5906,739,718,s,239,,False,2039.75,
5907,756,862,s,239,240.0,False,2039.75,2040.0
5908,761,718,s,239,239.0,False,2039.75,2039.75
5909,893,925,s,239,240.0,False,2039.75,2040.0
5910,911,914,s,239,,False,2039.75,
5911,919,797,s,239,239.0,False,2039.75,2039.75
5912,919,865,s,239,,False,2039.75,
5913,1133,896,s,239,239.0,False,2039.75,2039.75
5914,570,758,s,239,240.0,False,2039.75,2040.0
5915,599,508,s,239,242.0,False,2039.75,2040.5
5916,709,749,s,239,242.0,False,2039.75,2040.5
5917,821,1039,s,239,243.0,False,2039.75,2040.75
5918,960,307,s,239,,False,2039.75,
5919,1067,938,s,239,241.0,False,2039.75,2040.25
5920,67,75,s,239,,False,2039.75,
5921,205,616,s,239,240.0,False,2039.75,2040.0
5922,595,749,s,239,,False,2039.75,
5923,843,852,s,239,,False,2039.75,
5924,923,937,s,239,,False,2039.75,
5925,953,804,s,239,242.0,False,2039.75,2040.5
5926,964,852,s,239,,False,2039.75,
5927,1112,867,s,239,241.0,False,2039.75,2040.25
5928,711,847,l,239,,True,2039.75,
5929,991,631,l,239,241.0,True,2039.75,2040.25
5930,636,632,s,240,,False,2040.0,
5931,688,634,s,240,242.0,False,2040.0,2040.5
5932,851,634,s,240,241.0,False,2040.0,2040.25
5933,888,1037,s,240,240.0,False,2040.0,2040.0
5934,67,631,s,240,242.0,False,2040.0,2040.5
5935,864,857,s,240,241.0,False,2040.0,2040.25
5936,946,1029,s,240,,False,2040.0,
5937,953,825,s,240,240.0,False,2040.0,2040.0
5938,999,813,s,240,242.0,False,2040.0,2040.5
5939,584,768,s,240,,False,2040.0,
5940,628,797,s,240,242.0,False,2040.0,2040.5
5941,639,759,s,240,241.0,False,2040.0,2040.25
5942,690,1085,s,240,241.0,False,2040.0,2040.25
5943,764,1085,s,240,,False,2040.0,
5944,781,889,s,240,,False,2040.0,
5945,860,847,s,240,,False,2040.0,
5946,893,1037,s,240,,False,2040.0,
5947,911,927,s,240,,False,2040.0,
5948,912,771,s,240,241.0,False,2040.0,2040.25
5949,1113,842,s,240,,False,2040.0,
5950,1133,838,s,240,,False,2040.0,
5951,764,1037,l,240,,True,2040.0,
5952,402,589,l,240,,True,2040.0,
5953,762,732,l,240,,True,2040.0,
5954,394,410,s,241,241.0,False,2040.25,2040.25
5955,587,616,s,241,242.0,False,2040.25,2040.5
5956,599,695,s,241,,False,2040.25,
5957,688,777,s,241,243.0,False,2040.25,2040.75
5958,793,758,s,241,,False,2040.25,
5959,912,865,s,241,,False,2040.25,
5960,961,918,s,241,242.0,False,2040.25,2040.5
5961,1100,878,s,241,,False,2040.25,
5962,688,723,s,241,243.0,False,2040.25,2040.75
5963,708,723,s,241,,False,2040.25,
5964,747,631,s,241,,False,2040.25,
5965,748,512,s,241,,False,2040.25,
5966,877,1029,s,241,243.0,False,2040.25,2040.75
5967,922,641,s,241,,False,2040.25,
5968,1144,889,s,241,,False,2040.25,
5969,205,684,s,241,,False,2040.25,
5970,781,794,s,241,243.0,False,2040.25,2040.75
5971,911,1037,s,241,242.0,False,2040.25,2040.5
5972,961,937,s,241,,False,2040.25,
5973,811,784,l,241,,True,2040.25,
5974,961,928,l,241,,True,2040.25,
5975,688,718,l,241,,True,2040.25,
5976,648,806,s,242,,False,2040.5,
5977,668,813,s,242,,False,2040.5,
5978,871,666,s,242,,False,2040.5,
5979,923,1037,s,242,242.0,False,2040.5,2040.5
5980,953,996,s,242,242.0,False,2040.5,2040.5
5981,961,827,s,242,,False,2040.5,
5982,1101,603,s,242,,False,2040.5,
5983,657,616,s,242,,False,2040.5,
5984,861,854,s,242,,False,2040.5,
5985,901,568,s,242,243.0,False,2040.5,2040.75
5986,922,692,s,242,,False,2040.5,
5987,1101,568,s,242,,False,2040.5,
5988,541,506,s,242,,False,2040.5,
5989,584,418,s,242,,False,2040.5,
5990,659,1087,s,242,,False,2040.5,
5991,683,830,s,242,,False,2040.5,
5992,708,812,s,242,,False,2040.5,
5993,737,649,s,242,243.0,False,2040.5,2040.75
5994,748,609,s,242,243.0,False,2040.5,2040.75
5995,748,679,s,242,,False,2040.5,
5996,829,803,s,242,243.0,False,2040.5,2040.75
5997,887,743,s,242,,False,2040.5,
5998,887,803,s,242,,False,2040.5,
5999,912,970,s,242,,False,2040.5,
6000,953,937,s,242,,False,2040.5,
6001,402,351,l,242,,True,2040.5,
6002,811,847,l,242,,True,2040.5,
6003,402,980,s,243,,False,2040.75,
6004,595,795,s,243,243.0,False,2040.75,2040.75
6005,669,694,s,243,,False,2040.75,
6006,829,749,s,243,,False,2040.75,
6007,1100,842,s,243,,False,2040.75,
6008,92,211,s,243,,False,2040.75,
6009,166,703,s,243,,False,2040.75,
6010,608,575,s,243,,False,2040.75,
6011,645,827,s,243,,False,2040.75,
6012,648,1039,s,243,,False,2040.75,
6013,659,1021,s,243,,False,2040.75,
6014,750,885,s,243,,False,2040.75,
6015,818,969,s,243,,False,2040.75,
6016,843,862,s,243,,False,2040.75,
6017,912,732,s,243,,False,2040.75,
6018,1101,616,s,243,,False,2040.75,
6019,312,808,s,243,,False,2040.75,
6020,320,469,s,243,,False,2040.75,
6021,688,730,s,243,,False,2040.75,
6022,689,813,s,243,,False,2040.75,
6023,734,825,s,243,,False,2040.75,
6024,805,759,s,243,,False,2040.75,
6025,960,603,s,243,,False,2040.75,
6026,1133,925,s,243,,False,2040.75,
6027,1068,867,l,243,,True,2040.75,
6028,669,770,l,243,,True,2040.75,
6029,673,410,l,243,,True,2040.75,
