eid,f,m,layer,t_start,t_end,long,start_year,end_year
0,31,424,s,-1,0.0,False,1980.0,1980.0
1,450,40,s,-1,6.0,False,1980.0,1981.5
2,491,239,s,-1,0.0,False,1980.0,1980.0
3,252,229,s,-1,2.0,False,1980.0,1980.5
4,141,217,s,-1,8.0,False,1980.0,1982.0
5,411,217,s,-1,2.0,False,1980.0,1980.5
6,392,498,s,-1,0.0,False,1980.0,1980.0
7,85,317,s,-1,0.0,False,1980.0,1980.0
8,227,189,s,-1,0.0,False,1980.0,1980.0
9,426,164,s,-1,0.0,False,1980.0,1980.0
10,36,278,s,-1,12.0,False,1980.0,1983.0
11,408,176,s,-1,0.0,False,1980.0,1980.0
12,215,201,s,-1,2.0,False,1980.0,1980.5
13,319,333,s,-1,0.0,False,1980.0,1980.0
14,364,118,s,-1,1.0,False,1980.0,1980.25
15,288,110,s,-1,1.0,False,1980.0,1980.25
16,326,353,s,-1,4.0,False,1980.0,1981.0
17,358,133,s,-1,2.0,False,1980.0,1980.5
18,117,96,s,-1,3.0,False,1980.0,1980.75
19,391,239,s,-1,4.0,False,1980.0,1981.0
20,466,189,s,-1,0.0,False,1980.0,1980.0
21,12,470,s,-1,1.0,False,1980.0,1980.25
22,74,130,s,-1,0.0,False,1980.0,1980.0
23,121,440,s,-1,0.0,False,1980.0,1980.0
24,463,441,s,-1,0.0,False,1980.0,1980.0
25,485,170,s,-1,0.0,False,1980.0,1980.0
26,373,84,s,-1,3.0,False,1980.0,1980.75
27,49,494,s,-1,0.0,False,1980.0,1980.0
28,88,405,s,-1,2.0,False,1980.0,1980.5
29,483,29,s,-1,0.0,False,1980.0,1980.0
30,315,237,s,-1,4.0,False,1980.0,1981.0
31,141,130,s,-1,8.0,False,1980.0,1982.0
32,163,155,s,-1,1.0,False,1980.0,1980.25
33,365,208,s,-1,0.0,False,1980.0,1980.0
34,74,348,s,-1,0.0,False,1980.0,1980.0
35,221,10,s,-1,0.0,False,1980.0,1980.0
36,21,366,s,-1,0.0,False,1980.0,1980.0
37,62,379,s,-1,6.0,False,1980.0,1981.5
38,102,256,s,-1,0.0,False,1980.0,1980.0
39,455,110,s,-1,4.0,False,1980.0,1981.0
40,125,338,s,-1,2.0,False,1980.0,1980.5
41,41,105,s,-1,6.0,False,1980.0,1981.5
42,149,393,s,-1,0.0,False,1980.0,1980.0
43,319,100,s,-1,10.0,False,1980.0,1982.5
44,221,459,s,-1,0.0,False,1980.0,1980.0
45,252,333,s,-1,0.0,False,1980.0,1980.0
46,358,338,s,-1,2.0,False,1980.0,1980.5
47,406,461,s,-1,13.0,False,1980.0,1983.25
48,11,370,s,-1,13.0,False,1980.0,1983.25
49,48,51,s,-1,2.0,False,1980.0,1980.5
50,85,430,s,-1,0.0,False,1980.0,1980.0
51,156,446,s,-1,0.0,False,1980.0,1980.0
52,277,68,s,-1,1.0,False,1980.0,1980.25
53,466,110,s,-1,3.0,False,1980.0,1980.75
54,90,189,s,-1,0.0,False,1980.0,1980.0
55,98,219,s,-1,0.0,False,1980.0,1980.0
56,212,160,s,-1,4.0,False,1980.0,1981.0
57,245,249,s,-1,3.0,False,1980.0,1980.75
58,13,292,s,-1,1.0,False,1980.0,1980.25
59,301,471,s,-1,4.0,False,1980.0,1981.0
60,127,437,s,-1,0.0,False,1980.0,1980.0
61,7,369,s,-1,0.0,False,1980.0,1980.0
62,364,424,s,-1,1.0,False,1980.0,1980.25
63,463,226,s,-1,7.0,False,1980.0,1981.75
64,127,486,s,-1,1.0,False,1980.0,1980.25
65,188,220,s,-1,0.0,False,1980.0,1980.0
66,23,128,s,-1,0.0,False,1980.0,1980.0
67,66,83,s,-1,4.0,False,1980.0,1981.0
68,148,105,s,-1,1.0,False,1980.0,1980.25
69,148,128,s,-1,0.0,False,1980.0,1980.0
70,153,461,s,-1,1.0,False,1980.0,1980.25
71,218,440,s,-1,4.0,False,1980.0,1981.0
72,221,334,s,-1,0.0,False,1980.0,1980.0
73,364,297,s,-1,0.0,False,1980.0,1980.0
74,476,10,s,-1,12.0,False,1980.0,1983.0
75,52,193,s,-1,0.0,False,1980.0,1980.0
76,81,33,s,-1,1.0,False,1980.0,1980.25
77,344,393,s,-1,0.0,False,1980.0,1980.0
78,31,178,s,-1,0.0,False,1980.0,1980.0
79,66,19,s,-1,8.0,False,1980.0,1982.0
80,212,86,s,-1,5.0,False,1980.0,1981.25
81,252,144,s,-1,2.0,False,1980.0,1980.5
82,277,83,s,-1,3.0,False,1980.0,1980.75
83,435,29,s,-1,6.0,False,1980.0,1981.5
84,476,178,s,-1,9.0,False,1980.0,1982.25
85,7,278,s,-1,0.0,False,1980.0,1980.0
86,213,440,s,-1,0.0,False,1980.0,1980.0
87,361,114,s,-1,0.0,False,1980.0,1980.0
88,48,32,s,-1,0.0,False,1980.0,1980.0
89,66,201,s,-1,0.0,False,1980.0,1980.0
90,73,470,s,-1,2.0,False,1980.0,1980.5
91,163,310,s,-1,10.0,False,1980.0,1982.5
92,206,139,s,-1,1.0,False,1980.0,1980.25
93,286,393,s,-1,0.0,False,1980.0,1980.0
94,326,10,s,-1,1.0,False,1980.0,1980.25
95,473,42,s,-1,7.0,False,1980.0,1981.75
96,12,33,s,-1,8.0,False,1980.0,1982.0
97,85,337,s,-1,0.0,False,1980.0,1980.0
98,88,32,s,-1,3.0,False,1980.0,1980.75
99,119,83,s,-1,9.0,False,1980.0,1982.25
100,163,93,s,-1,0.0,False,1980.0,1980.0
101,200,134,s,-1,2.0,False,1980.0,1980.5
102,200,440,s,-1,4.0,False,1980.0,1981.0
103,215,229,s,-1,0.0,False,1980.0,1980.0
104,257,28,s,-1,4.0,False,1980.0,1981.0
105,319,494,s,-1,0.0,False,1980.0,1980.0
106,340,217,s,-1,11.0,False,1980.0,1982.75
107,414,260,s,-1,0.0,False,1980.0,1980.0
108,442,297,s,-1,3.0,False,1980.0,1980.75
109,12,134,s,-1,2.0,False,1980.0,1980.5
110,41,134,s,-1,0.0,False,1980.0,1980.0
111,167,486,s,-1,11.0,False,1980.0,1982.75
112,242,353,s,-1,4.0,False,1980.0,1981.0
113,279,144,s,-1,0.0,False,1980.0,1980.0
114,340,96,s,-1,6.0,False,1980.0,1981.5
115,411,33,s,-1,0.0,False,1980.0,1980.0
116,450,495,s,-1,0.0,False,1980.0,1980.0
117,489,40,s,-1,4.0,False,1980.0,1981.0
118,499,86,s,-1,2.0,False,1980.0,1980.5
119,73,134,s,-1,3.0,False,1980.0,1980.75
120,127,462,s,-1,2.0,False,1980.0,1980.5
121,167,176,s,-1,1.0,False,1980.0,1980.25
122,186,185,s,-1,2.0,False,1980.0,1980.5
123,242,405,s,-1,2.0,False,1980.0,1980.5
124,252,105,s,-1,3.0,False,1980.0,1980.75
125,391,272,s,-1,4.0,False,1980.0,1981.0
126,449,310,s,-1,0.0,False,1980.0,1980.0
127,41,405,s,-1,10.0,False,1980.0,1982.5
128,72,393,s,-1,0.0,False,1980.0,1980.0
129,123,479,s,-1,0.0,False,1980.0,1980.0
130,145,470,s,-1,1.0,False,1980.0,1980.25
131,151,223,s,-1,0.0,False,1980.0,1980.0
132,194,317,s,-1,0.0,False,1980.0,1980.0
133,225,193,s,-1,0.0,False,1980.0,1980.0
134,277,372,s,-1,2.0,False,1980.0,1980.5
135,420,193,s,-1,4.0,False,1980.0,1981.0
136,476,479,s,-1,8.0,False,1980.0,1982.0
137,489,317,s,-1,0.0,False,1980.0,1980.0
138,13,83,s,-1,8.0,False,1980.0,1982.0
139,13,454,s,-1,3.0,False,1980.0,1980.75
140,21,229,s,-1,0.0,False,1980.0,1980.0
141,62,354,s,-1,4.0,False,1980.0,1981.0
142,90,185,s,-1,2.0,False,1980.0,1980.5
143,91,33,s,-1,1.0,False,1980.0,1980.25
144,119,486,s,-1,7.0,False,1980.0,1981.75
145,135,419,s,-1,0.0,False,1980.0,1980.0
146,202,405,s,-1,0.0,False,1980.0,1980.0
147,221,297,s,-1,0.0,False,1980.0,1980.0
148,240,155,s,-1,0.0,False,1980.0,1980.0
149,301,310,s,-1,0.0,False,1980.0,1980.0
150,302,486,s,-1,3.0,False,1980.0,1980.75
151,378,33,s,-1,12.0,False,1980.0,1983.0
152,422,494,s,-1,0.0,False,1980.0,1980.0
153,475,100,s,-1,4.0,False,1980.0,1981.0
154,195,282,s,-1,2.0,False,1980.0,1980.5
155,228,386,s,-1,4.0,False,1980.0,1981.0
156,488,111,s,-1,4.0,False,1980.0,1981.0
157,70,147,s,-1,1.0,False,1980.0,1980.25
158,182,335,s,-1,4.0,False,1980.0,1981.0
159,183,274,s,-1,9.0,False,1980.0,1982.25
160,191,129,s,-1,8.0,False,1980.0,1982.0
161,330,231,s,-1,4.0,False,1980.0,1981.0
162,254,253,s,-1,7.0,False,1980.0,1981.75
163,380,331,s,-1,2.0,False,1980.0,1980.5
164,235,259,s,-1,0.0,False,1980.0,1980.0
165,23,366,s,-1,2.0,False,1980.0,1980.5
166,39,42,s,-1,1.0,False,1980.0,1980.25
167,48,217,s,-1,1.0,False,1980.0,1980.25
168,113,462,s,-1,3.0,False,1980.0,1980.75
169,140,111,s,-1,1.0,False,1980.0,1980.25
170,148,424,s,-1,4.0,False,1980.0,1981.0
171,151,165,s,-1,0.0,False,1980.0,1980.0
172,177,165,s,-1,0.0,False,1980.0,1980.0
173,227,461,s,-1,0.0,False,1980.0,1980.0
174,326,2,s,-1,0.0,False,1980.0,1980.0
175,373,424,s,-1,3.0,False,1980.0,1980.75
176,411,207,s,-1,0.0,False,1980.0,1980.0
177,458,1,s,-1,0.0,False,1980.0,1980.0
178,458,237,s,-1,0.0,False,1980.0,1980.0
179,475,201,s,-1,2.0,False,1980.0,1980.5
180,17,144,l,-1,100.0,True,1980.0,2005.0
181,119,134,l,-1,30.0,True,1980.0,1987.5
182,145,5,l,-1,28.0,True,1980.0,1987.0
183,286,446,l,-1,0.0,True,1980.0,1980.0
184,294,419,l,-1,0.0,True,1980.0,1980.0
185,358,232,l,-1,216.0,True,1980.0,2034.0
186,473,310,l,-1,52.0,True,1980.0,1993.0
187,478,143,l,-1,0.0,True,1980.0,1980.0
188,463,424,l,-1,4.0,True,1980.0,1981.0
189,245,496,l,-1,0.0,True,1980.0,1980.0
190,364,19,l,-1,52.0,True,1980.0,1993.0
191,383,348,l,-1,8.0,True,1980.0,1982.0
192,408,461,l,-1,124.0,True,1980.0,2011.0
193,187,462,l,-1,53.0,True,1980.0,1993.25
194,190,425,l,-1,160.0,True,1980.0,2020.0
195,88,438,l,-1,128.0,True,1980.0,2012.0
196,381,134,l,-1,88.0,True,1980.0,2002.0
197,473,229,l,-1,52.0,True,1980.0,1993.0
198,264,137,l,-1,145.0,True,1980.0,2016.25
199,346,337,l,-1,8.0,True,1980.0,1982.0
200,31,372,l,-1,21.0,True,1980.0,1985.25
201,288,249,l,-1,160.0,True,1980.0,2020.0
202,316,40,l,-1,224.0,True,1980.0,2036.0
203,264,51,l,-1,168.0,True,1980.0,2022.0
204,49,133,l,-1,10.0,True,1980.0,1982.5
205,117,239,l,-1,33.0,True,1980.0,1988.25
206,450,32,l,-1,216.0,True,1980.0,2034.0
207,411,136,l,-1,4.0,True,1980.0,1981.0
208,85,371,l,-1,0.0,True,1980.0,1980.0
209,319,120,l,-1,36.0,True,1980.0,1989.0
210,141,430,l,-1,,True,1980.0,
211,280,353,l,-1,4.0,True,1980.0,1981.0
212,31,223,l,-1,0.0,True,1980.0,1980.0
213,242,250,l,-1,0.0,True,1980.0,1980.0
214,476,208,l,-1,68.0,True,1980.0,1997.0
215,212,18,l,-1,60.0,True,1980.0,1995.0
216,489,256,l,-1,36.0,True,1980.0,1989.0
217,365,405,l,-1,0.0,True,1980.0,1980.0
218,25,130,l,-1,0.0,True,1980.0,1980.0
219,200,461,l,-1,105.0,True,1980.0,2006.25
220,290,479,l,-1,148.0,True,1980.0,2017.0
221,294,232,l,-1,212.0,True,1980.0,2033.0
222,240,370,l,-1,4.0,True,1980.0,1981.0
223,142,439,l,-1,0.0,True,1980.0,1980.0
224,145,130,l,-1,20.0,True,1980.0,1985.0
225,489,438,l,-1,36.0,True,1980.0,1989.0
226,206,58,l,-1,132.0,True,1980.0,2013.0
227,31,160,l,-1,4.0,True,1980.0,1981.0
228,240,18,l,-1,4.0,True,1980.0,1981.0
229,85,461,l,-1,0.0,True,1980.0,1980.0
230,455,78,l,-1,0.0,True,1980.0,1980.0
231,215,456,l,-1,87.0,True,1980.0,2001.75
232,277,162,l,-1,64.0,True,1980.0,1996.0
233,346,479,l,-1,4.0,True,1980.0,1981.0
234,475,44,l,-1,88.0,True,1980.0,2002.0
235,151,376,l,-1,36.0,True,1980.0,1989.0
236,113,461,l,-1,124.0,True,1980.0,2011.0
237,21,136,l,-1,88.0,True,1980.0,2002.0
238,125,189,l,-1,144.0,True,1980.0,2016.0
239,186,3,l,-1,68.0,True,1980.0,1997.0
240,135,462,l,-1,4.0,True,1980.0,1981.0
241,298,393,l,-1,0.0,True,1980.0,1980.0
242,257,139,l,-1,140.0,True,1980.0,2015.0
243,73,436,l,-1,196.0,True,1980.0,2029.0
244,11,232,l,-1,40.0,True,1980.0,1990.0
245,31,128,l,-1,0.0,True,1980.0,1980.0
246,215,424,l,-1,4.0,True,1980.0,1981.0
247,487,162,l,-1,0.0,True,1980.0,1980.0
248,473,143,l,-1,52.0,True,1980.0,1993.0
249,135,51,l,-1,4.0,True,1980.0,1981.0
250,361,382,l,-1,0.0,True,1980.0,1980.0
251,124,337,l,-1,8.0,True,1980.0,1982.0
252,49,371,l,-1,44.0,True,1980.0,1991.0
253,85,387,l,-1,0.0,True,1980.0,1980.0
254,476,100,l,-1,68.0,True,1980.0,1997.0
255,206,470,l,-1,84.0,True,1980.0,2001.0
256,112,353,l,-1,118.0,True,1980.0,2009.5
257,131,189,l,-1,0.0,True,1980.0,1980.0
258,499,440,l,-1,70.0,True,1980.0,1997.5
259,148,174,l,-1,56.0,True,1980.0,1994.0
260,112,256,l,-1,112.0,True,1980.0,2008.0
261,257,134,l,-1,88.0,True,1980.0,2002.0
262,302,337,l,-1,8.0,True,1980.0,1982.0
263,350,237,l,-1,76.0,True,1980.0,1999.0
264,302,139,l,-1,52.0,True,1980.0,1993.0
265,277,317,l,-1,0.0,True,1980.0,1980.0
266,466,2,l,-1,0.0,True,1980.0,1980.0
267,186,249,l,-1,160.0,True,1980.0,2020.0
268,257,130,l,-1,20.0,True,1980.0,1985.0
269,181,278,l,-1,12.0,True,1980.0,1983.0
270,39,232,l,-1,43.0,True,1980.0,1990.75
271,257,96,l,-1,140.0,True,1980.0,2015.0
272,316,304,l,-1,224.0,True,1980.0,2036.0
273,187,139,l,-1,96.0,True,1980.0,2004.0
274,140,165,l,-1,0.0,True,1980.0,1980.0
275,385,193,l,-1,28.0,True,1980.0,1987.0
276,23,219,l,-1,0.0,True,1980.0,1980.0
277,153,445,l,-1,12.0,True,1980.0,1983.0
278,362,33,l,-1,92.0,True,1980.0,2003.0
279,442,164,l,-1,4.0,True,1980.0,1981.0
280,12,440,l,-1,75.0,True,1980.0,1998.75
281,363,304,l,-1,204.0,True,1980.0,2031.0
282,422,29,l,-1,96.0,True,1980.0,2004.0
283,391,207,l,-1,0.0,True,1980.0,1980.0
284,66,160,l,-1,4.0,True,1980.0,1981.0
285,344,93,l,-1,0.0,True,1980.0,1980.0
286,381,80,l,-1,52.0,True,1980.0,1993.0
287,167,208,l,-1,156.0,True,1980.0,2019.0
288,212,100,l,-1,88.0,True,1980.0,2002.0
289,476,56,l,-1,68.0,True,1980.0,1997.0
290,491,217,l,-1,0.0,True,1980.0,1980.0
291,62,3,l,-1,112.0,True,1980.0,2008.0
292,11,134,l,-1,88.0,True,1980.0,2002.0
293,74,42,l,-1,0.0,True,1980.0,1980.0
294,395,459,l,-1,0.0,True,1980.0,1980.0
295,475,278,l,-1,12.0,True,1980.0,1983.0
296,435,461,l,-1,108.0,True,1980.0,2007.0
297,298,164,l,-1,4.0,True,1980.0,1981.0
298,319,379,l,-1,36.0,True,1980.0,1989.0
299,276,223,l,-1,0.0,True,1980.0,1980.0
300,326,93,l,-1,0.0,True,1980.0,1980.0
301,240,318,l,-1,4.0,True,1980.0,1981.0
302,73,232,l,-1,196.0,True,1980.0,2029.0
303,319,42,l,-1,36.0,True,1980.0,1989.0
304,359,297,l,-1,8.0,True,1980.0,1982.0
305,135,338,l,-1,4.0,True,1980.0,1981.0
306,142,207,l,-1,0.0,True,1980.0,1980.0
307,365,256,l,-1,0.0,True,1980.0,1980.0
308,395,468,l,-1,0.0,True,1980.0,1980.0
309,11,256,l,-1,148.0,True,1980.0,2017.0
310,0,486,l,-1,156.0,True,1980.0,2019.0
311,240,162,l,-1,4.0,True,1980.0,1981.0
312,0,33,l,-1,152.0,True,1980.0,2018.0
313,76,28,l,-1,4.0,True,1980.0,1981.0
314,148,137,l,-1,24.0,True,1980.0,1986.0
315,11,170,l,-1,84.0,True,1980.0,2001.0
316,41,249,l,-1,160.0,True,1980.0,2020.0
317,391,470,l,-1,84.0,True,1980.0,2001.0
318,325,256,l,-1,8.0,True,1980.0,1982.0
319,102,134,l,-1,88.0,True,1980.0,2002.0
320,102,436,l,-1,146.0,True,1980.0,2016.5
321,319,134,l,-1,36.0,True,1980.0,1989.0
322,346,440,l,-1,1.0,True,1980.0,1980.25
323,62,472,l,-1,112.0,True,1980.0,2008.0
324,346,284,l,-1,68.0,True,1980.0,1997.0
325,463,134,l,-1,88.0,True,1980.0,2002.0
326,85,260,l,-1,0.0,True,1980.0,1980.0
327,190,470,l,-1,84.0,True,1980.0,2001.0
328,388,289,l,-1,148.0,True,1980.0,2017.0
329,140,89,l,-1,0.0,True,1980.0,1980.0
330,74,456,l,-1,0.0,True,1980.0,1980.0
331,383,256,l,-1,49.0,True,1980.0,1992.25
332,153,425,l,-1,128.0,True,1980.0,2012.0
333,117,445,l,-1,122.0,True,1980.0,2010.5
334,362,128,l,-1,0.0,True,1980.0,1980.0
335,17,393,l,-1,0.0,True,1980.0,1980.0
336,378,51,l,-1,180.0,True,1980.0,2025.0
337,266,230,l,-1,220.0,True,1980.0,2035.0
338,41,58,l,-1,132.0,True,1980.0,2013.0
339,277,338,l,-1,64.0,True,1980.0,1996.0
340,145,436,l,-1,47.0,True,1980.0,1991.75
341,202,32,l,-1,204.0,True,1980.0,2031.0
342,378,134,l,-1,73.0,True,1980.0,1998.25
343,212,310,l,-1,88.0,True,1980.0,2002.0
344,12,170,l,-1,62.0,True,1980.0,1995.5
345,123,494,l,-1,0.0,True,1980.0,1980.0
346,364,2,l,-1,0.0,True,1980.0,1980.0
347,487,327,l,-1,0.0,True,1980.0,1980.0
348,458,136,l,-1,0.0,True,1980.0,1980.0
349,429,397,l,-1,44.0,True,1980.0,1991.0
350,346,134,l,-1,68.0,True,1980.0,1997.0
351,31,232,l,-1,92.0,True,1980.0,2003.0
352,442,143,l,-1,28.0,True,1980.0,1987.0
353,7,114,l,-1,0.0,True,1980.0,1980.0
354,31,136,l,-1,92.0,True,1980.0,2003.0
355,41,317,l,-1,0.0,True,1980.0,1980.0
356,281,334,l,-1,12.0,True,1980.0,1983.0
357,187,237,l,-1,116.0,True,1980.0,2009.0
358,123,284,l,-1,0.0,True,1980.0,1980.0
359,277,44,l,-1,64.0,True,1980.0,1996.0
360,119,318,l,-1,91.0,True,1980.0,2002.75
361,476,425,l,-1,68.0,True,1980.0,1997.0
362,57,217,l,-1,8.0,True,1980.0,1982.0
363,481,317,l,-1,0.0,True,1980.0,1980.0
364,21,419,l,-1,0.0,True,1980.0,1980.0
365,37,105,l,-1,112.0,True,1980.0,2008.0
366,221,468,l,-1,0.0,True,1980.0,1980.0
367,186,256,l,-1,77.0,True,1980.0,1999.25
368,116,446,l,-1,0.0,True,1980.0,1980.0
369,11,317,l,-1,0.0,True,1980.0,1980.0
370,36,33,l,-1,152.0,True,1980.0,2018.0
371,177,334,l,-1,44.0,True,1980.0,1991.0
372,344,317,l,-1,0.0,True,1980.0,1980.0
373,90,232,l,-1,214.0,True,1980.0,2033.5
374,392,196,l,-1,237.0,True,1980.0,2039.25
375,37,440,l,-1,108.0,True,1980.0,2007.0
376,98,297,l,-1,0.0,True,1980.0,1980.0
377,31,456,l,-1,92.0,True,1980.0,2003.0
378,39,496,l,-1,0.0,True,1980.0,1980.0
379,142,440,l,-1,0.0,True,1980.0,1980.0
380,481,440,l,-1,50.0,True,1980.0,1992.5
381,281,369,l,-1,0.0,True,1980.0,1980.0
382,90,479,l,-1,208.0,True,1980.0,2032.0
383,88,425,l,-1,94.0,True,1980.0,2003.5
384,221,1,l,-1,0.0,True,1980.0,1980.0
385,50,134,l,-1,39.0,True,1980.0,1989.75
386,373,137,l,-1,44.0,True,1980.0,1991.0
387,478,297,l,-1,0.0,True,1980.0,1980.0
388,125,436,l,-1,102.0,True,1980.0,2005.5
389,113,353,l,-1,160.0,True,1980.0,2020.0
390,74,494,l,-1,0.0,True,1980.0,1980.0
391,266,425,l,-1,160.0,True,1980.0,2020.0
392,467,133,l,-1,0.0,True,1980.0,1980.0
393,90,440,l,-1,108.0,True,1980.0,2007.0
394,290,199,l,-1,141.0,True,1980.0,2015.25
395,395,193,l,-1,0.0,True,1980.0,1980.0
396,119,226,l,-1,88.0,True,1980.0,2002.0
397,395,164,l,-1,0.0,True,1980.0,1980.0
398,7,18,l,-1,48.0,True,1980.0,1992.0
399,188,33,l,-1,0.0,True,1980.0,1980.0
400,476,239,l,-1,68.0,True,1980.0,1997.0
401,112,128,l,-1,0.0,True,1980.0,1980.0
402,240,10,l,-1,4.0,True,1980.0,1981.0
403,346,185,l,-1,68.0,True,1980.0,1997.0
404,225,122,l,-1,0.0,True,1980.0,1980.0
405,66,310,l,-1,76.0,True,1980.0,1999.0
406,266,342,l,-1,196.0,True,1980.0,2029.0
407,184,118,l,-1,48.0,True,1980.0,1992.0
408,186,189,l,-1,184.0,True,1980.0,2026.0
409,187,419,l,-1,0.0,True,1980.0,1980.0
410,71,176,l,-1,32.0,True,1980.0,1988.0
411,466,470,l,-1,37.0,True,1980.0,1989.25
412,91,134,l,-1,88.0,True,1980.0,2002.0
413,458,5,l,-1,0.0,True,1980.0,1980.0
414,121,354,l,-1,220.0,True,1980.0,2035.0
415,358,110,l,-1,212.0,True,1980.0,2033.0
416,493,496,l,-1,0.0,True,1980.0,1980.0
417,181,256,l,-1,37.0,True,1980.0,1989.25
418,106,133,l,-1,113.0,True,1980.0,2008.25
419,391,250,l,-1,0.0,True,1980.0,1980.0
420,187,208,l,-1,124.0,True,1980.0,2011.0
421,74,229,l,-1,0.0,True,1980.0,1980.0
422,57,199,l,-1,8.0,True,1980.0,1982.0
423,66,143,l,-1,52.0,True,1980.0,1993.0
424,190,217,l,-1,236.0,True,1980.0,2039.0
425,277,1,l,-1,64.0,True,1980.0,1996.0
426,252,3,l,-1,44.0,True,1980.0,1991.0
427,489,128,l,-1,0.0,True,1980.0,1980.0
428,466,405,l,-1,23.0,True,1980.0,1985.75
429,57,461,l,-1,8.0,True,1980.0,1982.0
430,72,103,l,-1,36.0,True,1980.0,1989.0
431,481,337,l,-1,8.0,True,1980.0,1982.0
432,475,338,l,-1,88.0,True,1980.0,2002.0
433,85,139,l,-1,0.0,True,1980.0,1980.0
434,422,405,l,-1,216.0,True,1980.0,2034.0
435,406,199,l,-1,208.0,True,1980.0,2032.0
436,156,137,l,-1,56.0,True,1980.0,1994.0
437,213,272,l,-1,196.0,True,1980.0,2029.0
438,302,40,l,-1,232.0,True,1980.0,2038.0
439,66,438,l,-1,76.0,True,1980.0,1999.0
440,475,128,l,-1,0.0,True,1980.0,1980.0
441,476,1,l,-1,68.0,True,1980.0,1997.0
442,221,5,l,-1,0.0,True,1980.0,1980.0
443,188,456,l,-1,0.0,True,1980.0,1980.0
444,148,256,l,-1,144.0,True,1980.0,2016.0
445,221,165,l,-1,0.0,True,1980.0,1980.0
446,106,170,l,-1,84.0,True,1980.0,2001.0
447,88,136,l,-1,172.0,True,1980.0,2023.0
448,72,122,l,-1,0.0,True,1980.0,1980.0
449,499,207,l,-1,0.0,True,1980.0,1980.0
450,71,436,l,-1,196.0,True,1980.0,2029.0
451,463,136,l,-1,49.0,True,1980.0,1992.25
452,473,223,l,-1,0.0,True,1980.0,1980.0
453,450,250,l,-1,0.0,True,1980.0,1980.0
454,49,304,l,-1,15.0,True,1980.0,1983.75
455,279,438,l,-1,0.0,True,1980.0,1980.0
456,57,440,l,-1,8.0,True,1980.0,1982.0
457,62,353,l,-1,112.0,True,1980.0,2008.0
458,7,100,l,-1,48.0,True,1980.0,1992.0
459,66,174,l,-1,56.0,True,1980.0,1994.0
460,362,136,l,-1,62.0,True,1980.0,1995.5
461,358,51,l,-1,78.0,True,1980.0,1999.5
462,378,249,l,-1,160.0,True,1980.0,2020.0
463,487,137,l,-1,0.0,True,1980.0,1980.0
464,145,376,l,-1,36.0,True,1980.0,1989.0
465,383,479,l,-1,164.0,True,1980.0,2021.0
466,395,404,l,-1,0.0,True,1980.0,1980.0
467,85,78,l,-1,0.0,True,1980.0,1980.0
468,476,18,l,-1,60.0,True,1980.0,1995.0
469,493,58,l,-1,132.0,True,1980.0,2013.0
470,411,470,l,-1,4.0,True,1980.0,1981.0
471,281,155,l,-1,12.0,True,1980.0,1983.0
472,74,424,l,-1,0.0,True,1980.0,1980.0
473,13,160,l,-1,4.0,True,1980.0,1981.0
474,17,335,s,0,4.0,False,1980.0,1981.0
475,23,239,s,0,2.0,False,1980.0,1980.5
476,36,405,s,0,4.0,False,1980.0,1981.0
477,37,405,s,0,0.0,False,1980.0,1980.0
478,90,517,s,0,2.0,False,1980.0,1980.5
479,91,100,s,0,1.0,False,1980.0,1980.25
480,119,10,s,0,1.0,False,1980.0,1980.25
481,121,479,s,0,16.0,False,1980.0,1984.0
482,163,100,s,0,2.0,False,1980.0,1980.5
483,184,331,s,0,2.0,False,1980.0,1980.5
484,215,10,s,0,2.0,False,1980.0,1980.5
485,254,372,s,0,0.0,False,1980.0,1980.0
486,294,525,s,0,1.0,False,1980.0,1980.25
487,326,470,s,0,4.0,False,1980.0,1981.0
488,408,405,s,0,1.0,False,1980.0,1980.25
489,422,217,s,0,1.0,False,1980.0,1980.25
490,554,201,s,0,4.0,False,1980.0,1981.0
491,566,164,s,0,1.0,False,1980.0,1980.25
492,66,10,s,0,9.0,False,1980.0,1982.25
493,66,120,s,0,1.0,False,1980.0,1980.25
494,73,29,s,0,30.0,False,1980.0,1987.5
495,119,44,s,0,3.0,False,1980.0,1980.75
496,141,348,s,0,1.0,False,1980.0,1980.25
497,280,139,s,0,4.0,False,1980.0,1981.0
498,319,208,s,0,0.0,False,1980.0,1980.0
499,392,29,s,0,3.0,False,1980.0,1980.75
500,547,256,s,0,0.0,False,1980.0,1980.0
501,548,176,s,0,3.0,False,1980.0,1980.75
502,555,334,s,0,5.0,False,1980.0,1981.25
503,558,162,s,0,14.0,False,1980.0,1983.5
504,559,253,s,0,2.0,False,1980.0,1980.5
505,12,272,s,0,7.0,False,1980.0,1981.75
506,57,470,s,0,5.0,False,1980.0,1981.25
507,62,470,s,0,3.0,False,1980.0,1980.75
508,135,40,s,0,3.0,False,1980.0,1980.75
509,140,19,s,0,7.0,False,1980.0,1981.75
510,186,84,s,0,2.0,False,1980.0,1980.5
511,240,533,s,0,4.0,False,1980.0,1981.0
512,252,178,s,0,1.0,False,1980.0,1980.25
513,319,110,s,0,3.0,False,1980.0,1980.75
514,562,335,s,0,2.0,False,1980.0,1980.5
515,563,471,s,0,1.0,False,1980.0,1980.25
516,565,253,s,0,1.0,False,1980.0,1980.25
517,17,532,s,1,1.0,False,1980.25,1980.25
518,72,174,s,1,1.0,False,1980.25,1980.25
519,288,479,s,1,4.0,False,1980.25,1981.0
520,315,189,s,1,2.0,False,1980.25,1980.5
521,542,461,s,1,11.0,False,1980.25,1982.75
522,555,1,s,1,1.0,False,1980.25,1980.25
523,41,470,s,1,3.0,False,1980.25,1980.75
524,121,526,s,1,5.0,False,1980.25,1981.25
525,344,526,s,1,10.0,False,1980.25,1982.5
526,378,470,s,1,4.0,False,1980.25,1981.0
527,391,523,s,1,10.0,False,1980.25,1982.5
528,542,134,s,1,3.0,False,1980.25,1980.75
529,553,338,s,1,19.0,False,1980.25,1984.75
530,555,335,s,1,2.0,False,1980.25,1980.5
531,7,137,s,1,4.0,False,1980.25,1981.0
532,36,526,s,1,5.0,False,1980.25,1981.25
533,70,471,s,1,5.0,False,1980.25,1981.25
534,71,208,s,1,9.0,False,1980.25,1982.25
535,102,522,s,1,5.0,False,1980.25,1981.25
536,140,335,s,1,4.0,False,1980.25,1981.0
537,181,440,s,1,2.0,False,1980.25,1980.5
538,235,436,s,1,14.0,False,1980.25,1983.5
539,277,18,s,1,2.0,False,1980.25,1980.5
540,315,284,s,1,5.0,False,1980.25,1981.25
541,319,424,s,1,2.0,False,1980.25,1980.5
542,319,470,s,1,2.0,False,1980.25,1980.5
543,323,440,s,1,3.0,False,1980.25,1980.75
544,383,249,s,1,3.0,False,1980.25,1980.75
545,411,353,s,1,4.0,False,1980.25,1981.0
546,548,134,s,1,6.0,False,1980.25,1981.5
547,554,42,s,1,6.0,False,1980.25,1981.5
548,554,130,s,1,5.0,False,1980.25,1981.25
549,558,530,s,1,2.0,False,1980.25,1980.5
550,562,229,s,1,4.0,False,1980.25,1981.0
551,286,535,l,1,16.0,True,1980.25,1984.0
552,41,461,s,2,5.0,False,1980.5,1981.25
553,66,201,s,2,4.0,False,1980.5,1981.0
554,76,525,s,2,2.0,False,1980.5,1980.5
555,213,461,s,2,7.0,False,1980.5,1981.75
556,408,437,s,2,2.0,False,1980.5,1980.5
557,549,527,s,2,8.0,False,1980.5,1982.0
558,12,379,s,2,3.0,False,1980.5,1980.75
559,37,461,s,2,6.0,False,1980.5,1981.5
560,66,178,s,2,2.0,False,1980.5,1980.5
561,102,529,s,2,15.0,False,1980.5,1983.75
562,148,170,s,2,3.0,False,1980.5,1980.75
563,153,371,s,2,11.0,False,1980.5,1982.75
564,163,331,s,2,5.0,False,1980.5,1981.25
565,163,531,s,2,6.0,False,1980.5,1981.5
566,167,217,s,2,6.0,False,1980.5,1981.5
567,182,520,s,2,4.0,False,1980.5,1981.0
568,235,522,s,2,7.0,False,1980.5,1981.75
569,252,353,s,2,2.0,False,1980.5,1980.5
570,373,470,s,2,4.0,False,1980.5,1981.0
571,463,83,s,2,3.0,False,1980.5,1980.75
572,466,272,s,2,5.0,False,1980.5,1981.25
573,476,366,s,2,4.0,False,1980.5,1981.0
574,483,529,s,2,3.0,False,1980.5,1980.75
575,557,5,s,2,7.0,False,1980.5,1981.75
576,558,83,s,2,10.0,False,1980.5,1982.5
577,560,83,s,2,3.0,False,1980.5,1980.75
578,563,297,s,2,3.0,False,1980.5,1980.75
579,21,379,s,2,5.0,False,1980.5,1981.25
580,36,523,s,2,14.0,False,1980.5,1983.5
581,41,189,s,2,4.0,False,1980.5,1981.0
582,73,527,s,2,6.0,False,1980.5,1981.5
583,76,520,s,2,4.0,False,1980.5,1981.0
584,140,292,s,2,11.0,False,1980.5,1982.75
585,156,1,s,2,3.0,False,1980.5,1980.75
586,181,338,s,2,12.0,False,1980.5,1983.0
587,206,84,s,2,5.0,False,1980.5,1981.25
588,252,239,s,2,9.0,False,1980.5,1982.25
589,373,479,s,2,5.0,False,1980.5,1981.25
590,411,524,s,2,4.0,False,1980.5,1981.0
591,485,527,s,2,7.0,False,1980.5,1981.75
592,499,527,s,2,3.0,False,1980.5,1980.75
593,547,58,s,2,3.0,False,1980.5,1980.75
594,556,239,s,2,3.0,False,1980.5,1980.75
595,543,440,l,2,67.0,True,1980.5,1996.75
596,62,486,s,3,4.0,False,1980.75,1981.0
597,71,519,s,3,5.0,False,1980.75,1981.25
598,73,239,s,3,3.0,False,1980.75,1980.75
599,73,517,s,3,3.0,False,1980.75,1980.75
600,151,297,s,3,6.0,False,1980.75,1981.5
601,194,335,s,3,4.0,False,1980.75,1981.0
602,373,100,s,3,5.0,False,1980.75,1981.25
603,31,83,s,3,10.0,False,1980.75,1982.5
604,145,472,s,3,8.0,False,1980.75,1982.0
605,181,253,s,3,4.0,False,1980.75,1981.0
606,277,370,s,3,7.0,False,1980.75,1981.75
607,315,217,s,3,6.0,False,1980.75,1981.5
608,319,130,s,3,4.0,False,1980.75,1981.0
609,422,515,s,3,9.0,False,1980.75,1982.25
610,475,438,s,3,5.0,False,1980.75,1981.25
611,554,134,s,3,3.0,False,1980.75,1980.75
612,562,310,s,3,20.0,False,1980.75,1985.0
613,320,175,s,3,4.0,False,1980.75,1981.0
614,197,437,s,3,10.0,False,1980.75,1982.5
615,172,521,s,3,4.0,False,1980.75,1981.0
616,157,269,s,3,22.0,False,1980.75,1985.5
617,551,525,s,3,4.0,False,1980.75,1981.0
618,35,528,s,3,11.0,False,1980.75,1982.75
619,565,459,s,3,8.0,False,1980.75,1982.0
620,23,468,s,3,4.0,False,1980.75,1981.0
621,552,115,s,3,4.0,False,1980.75,1981.0
622,245,95,s,3,9.0,False,1980.75,1982.25
623,561,355,s,3,5.0,False,1980.75,1981.25
624,403,209,s,3,4.0,False,1980.75,1981.0
625,66,42,s,3,16.0,False,1980.75,1984.0
626,153,96,s,3,17.0,False,1980.75,1984.25
627,215,472,s,3,9.0,False,1980.75,1982.25
628,373,353,s,3,4.0,False,1980.75,1981.0
629,476,310,s,3,4.0,False,1980.75,1981.0
630,553,42,s,3,5.0,False,1980.75,1981.25
631,553,136,s,3,7.0,False,1980.75,1981.75
632,562,226,s,3,7.0,False,1980.75,1981.75
633,562,370,s,3,6.0,False,1980.75,1981.5
634,448,273,l,3,4.0,True,1980.75,1981.0
635,119,239,l,3,156.0,True,1980.75,2019.0
636,463,208,l,3,124.0,True,1980.75,2011.0
637,39,178,s,4,5.0,False,1981.0,1981.25
638,39,256,s,4,6.0,False,1981.0,1981.5
639,57,95,s,4,4.0,False,1981.0,1981.0
640,117,437,s,4,15.0,False,1981.0,1983.75
641,124,86,s,4,18.0,False,1981.0,1984.5
642,124,176,s,4,9.0,False,1981.0,1982.25
643,140,456,s,4,7.0,False,1981.0,1981.75
644,163,144,s,4,4.0,False,1981.0,1981.0
645,167,521,s,4,5.0,False,1981.0,1981.25
646,212,5,s,4,4.0,False,1981.0,1981.0
647,254,538,s,4,6.0,False,1981.0,1981.5
648,294,170,s,4,7.0,False,1981.0,1981.75
649,319,105,s,4,6.0,False,1981.0,1981.5
650,323,217,s,4,6.0,False,1981.0,1981.5
651,326,84,s,4,4.0,False,1981.0,1981.0
652,326,239,s,4,8.0,False,1981.0,1982.0
653,326,370,s,4,4.0,False,1981.0,1981.0
654,396,528,s,4,5.0,False,1981.0,1981.25
655,466,524,s,4,7.0,False,1981.0,1981.75
656,485,348,s,4,5.0,False,1981.0,1981.25
657,555,370,s,4,5.0,False,1981.0,1981.25
658,561,289,s,4,5.0,False,1981.0,1981.25
659,565,193,s,4,7.0,False,1981.0,1981.75
660,578,528,s,4,9.0,False,1981.0,1982.25
661,0,520,s,4,6.0,False,1981.0,1981.5
662,39,42,s,4,17.0,False,1981.0,1984.25
663,113,139,s,4,7.0,False,1981.0,1981.75
664,119,33,s,4,16.0,False,1981.0,1984.0
665,124,479,s,4,20.0,False,1981.0,1985.0
666,145,575,s,4,16.0,False,1981.0,1984.0
667,157,237,s,4,14.0,False,1981.0,1983.5
668,194,355,s,4,6.0,False,1981.0,1981.5
669,288,524,s,4,21.0,False,1981.0,1985.25
670,301,44,s,4,7.0,False,1981.0,1981.75
671,325,425,s,4,4.0,False,1981.0,1981.0
672,340,440,s,4,5.0,False,1981.0,1981.25
673,406,40,s,4,4.0,False,1981.0,1981.0
674,476,269,s,4,4.0,False,1981.0,1981.0
675,485,237,s,4,13.0,False,1981.0,1983.25
676,17,386,s,4,5.0,False,1981.0,1981.25
677,21,278,s,4,12.0,False,1981.0,1983.0
678,37,370,s,4,9.0,False,1981.0,1982.25
679,57,284,s,4,6.0,False,1981.0,1981.5
680,71,110,s,4,8.0,False,1981.0,1982.0
681,71,371,s,4,11.0,False,1981.0,1982.75
682,102,239,s,4,6.0,False,1981.0,1981.5
683,156,529,s,4,9.0,False,1981.0,1982.25
684,215,100,s,4,5.0,False,1981.0,1981.25
685,215,278,s,4,6.0,False,1981.0,1981.5
686,266,189,s,4,11.0,False,1981.0,1982.75
687,435,58,s,4,13.0,False,1981.0,1983.25
688,481,437,s,4,20.0,False,1981.0,1985.0
689,499,110,s,4,12.0,False,1981.0,1983.0
690,543,105,s,4,17.0,False,1981.0,1984.25
691,548,522,s,4,5.0,False,1981.0,1981.25
692,577,528,s,4,7.0,False,1981.0,1981.75
693,578,525,s,4,7.0,False,1981.0,1981.75
694,39,289,l,4,44.0,True,1981.0,1991.0
695,429,58,l,4,132.0,True,1981.0,2013.0
696,7,331,s,5,5.0,False,1981.25,1981.25
697,11,520,s,5,9.0,False,1981.25,1982.25
698,21,83,s,5,9.0,False,1981.25,1982.25
699,21,334,s,5,13.0,False,1981.25,1983.25
700,36,524,s,5,8.0,False,1981.25,1982.0
701,194,459,s,5,8.0,False,1981.25,1982.0
702,277,310,s,5,7.0,False,1981.25,1981.75
703,290,461,s,5,9.0,False,1981.25,1982.25
704,319,353,s,5,8.0,False,1981.25,1982.0
705,319,522,s,5,14.0,False,1981.25,1983.5
706,473,137,s,5,8.0,False,1981.25,1982.0
707,558,372,s,5,12.0,False,1981.25,1983.0
708,37,472,s,5,7.0,False,1981.25,1981.75
709,106,304,s,5,15.0,False,1981.25,1983.75
710,186,133,s,5,11.0,False,1981.25,1982.75
711,212,42,s,5,9.0,False,1981.25,1982.25
712,213,437,s,5,12.0,False,1981.25,1983.0
713,215,33,s,5,9.0,False,1981.25,1982.25
714,326,33,s,5,5.0,False,1981.25,1981.25
715,350,239,s,5,11.0,False,1981.25,1982.75
716,373,521,s,5,8.0,False,1981.25,1982.0
717,466,425,s,5,12.0,False,1981.25,1983.0
718,493,521,s,5,5.0,False,1981.25,1981.25
719,553,468,s,5,10.0,False,1981.25,1982.5
720,554,521,s,5,6.0,False,1981.25,1981.5
721,561,366,s,5,5.0,False,1981.25,1981.25
722,39,379,s,5,9.0,False,1981.25,1982.25
723,41,522,s,5,29.0,False,1981.25,1987.25
724,88,29,s,5,15.0,False,1981.25,1983.75
725,117,304,s,5,8.0,False,1981.25,1982.0
726,148,239,s,5,7.0,False,1981.25,1981.75
727,186,86,s,5,7.0,False,1981.25,1981.75
728,242,526,s,5,6.0,False,1981.25,1981.5
729,252,33,s,5,9.0,False,1981.25,1982.25
730,254,111,s,5,16.0,False,1981.25,1984.0
731,298,19,s,5,8.0,False,1981.25,1982.0
732,302,436,s,5,21.0,False,1981.25,1985.25
733,326,10,s,5,11.0,False,1981.25,1982.75
734,359,537,s,5,6.0,False,1981.25,1981.5
735,363,170,s,5,32.0,False,1981.25,1988.0
736,388,83,s,5,16.0,False,1981.25,1984.0
737,392,437,s,5,6.0,False,1981.25,1981.5
738,483,470,s,5,8.0,False,1981.25,1982.0
739,485,217,s,5,6.0,False,1981.25,1981.5
740,555,174,s,5,9.0,False,1981.25,1982.25
741,558,471,s,5,7.0,False,1981.25,1981.75
742,565,575,s,5,8.0,False,1981.25,1982.0
743,579,137,s,5,6.0,False,1981.25,1981.5
744,554,1,l,5,88.0,True,1981.25,2002.0
745,17,134,s,6,7.0,False,1981.5,1981.75
746,156,5,s,6,8.0,False,1981.5,1982.0
747,187,239,s,6,11.0,False,1981.5,1982.75
748,235,170,s,6,9.0,False,1981.5,1982.25
749,286,271,s,6,6.0,False,1981.5,1981.5
750,435,170,s,6,8.0,False,1981.5,1982.0
751,442,456,s,6,11.0,False,1981.5,1982.75
752,450,527,s,6,8.0,False,1981.5,1982.0
753,466,3,s,6,11.0,False,1981.5,1982.75
754,476,33,s,6,8.0,False,1981.5,1982.0
755,483,29,s,6,16.0,False,1981.5,1984.0
756,552,28,s,6,8.0,False,1981.5,1982.0
757,557,355,s,6,9.0,False,1981.5,1982.25
758,13,535,s,6,19.0,False,1981.5,1984.75
759,31,529,s,6,7.0,False,1981.5,1981.75
760,36,100,s,6,11.0,False,1981.5,1982.75
761,37,217,s,6,8.0,False,1981.5,1982.0
762,37,229,s,6,7.0,False,1981.5,1981.75
763,50,440,s,6,6.0,False,1981.5,1981.5
764,102,100,s,6,18.0,False,1981.5,1984.5
765,145,353,s,6,11.0,False,1981.5,1982.75
766,151,162,s,6,14.0,False,1981.5,1983.5
767,187,440,s,6,10.0,False,1981.5,1982.5
768,194,256,s,6,17.0,False,1981.5,1984.25
769,257,84,s,6,9.0,False,1981.5,1982.25
770,266,58,s,6,6.0,False,1981.5,1981.5
771,325,58,s,6,8.0,False,1981.5,1982.0
772,373,523,s,6,8.0,False,1981.5,1982.0
773,408,256,s,6,7.0,False,1981.5,1981.75
774,463,253,s,6,9.0,False,1981.5,1982.25
775,466,208,s,6,13.0,False,1981.5,1983.25
776,475,292,s,6,7.0,False,1981.5,1981.75
777,548,525,s,6,7.0,False,1981.5,1981.75
778,551,278,s,6,12.0,False,1981.5,1983.0
779,12,515,s,6,7.0,False,1981.5,1981.75
780,36,134,s,6,7.0,False,1981.5,1981.75
781,62,96,s,6,15.0,False,1981.5,1983.75
782,72,271,s,6,7.0,False,1981.5,1981.75
783,106,371,s,6,8.0,False,1981.5,1982.0
784,157,256,s,6,23.0,False,1981.5,1985.75
785,167,342,s,6,8.0,False,1981.5,1982.0
786,294,239,s,6,7.0,False,1981.5,1981.75
787,373,479,s,6,8.0,False,1981.5,1982.0
788,373,525,s,6,22.0,False,1981.5,1985.5
789,429,514,s,6,9.0,False,1981.5,1982.25
790,442,355,s,6,7.0,False,1981.5,1981.75
791,485,397,s,6,8.0,False,1981.5,1982.0
792,66,456,l,6,55.0,True,1981.5,1993.75
793,294,33,l,6,152.0,True,1981.5,2018.0
794,326,529,l,6,168.0,True,1981.5,2022.0
795,119,130,s,7,11.0,False,1981.75,1982.75
796,140,334,s,7,7.0,False,1981.75,1981.75
797,213,522,s,7,9.0,False,1981.75,1982.25
798,323,129,s,7,7.0,False,1981.75,1981.75
799,383,110,s,7,20.0,False,1981.75,1985.0
800,383,133,s,7,8.0,False,1981.75,1982.0
801,383,176,s,7,8.0,False,1981.75,1982.0
802,463,83,s,7,8.0,False,1981.75,1982.0
803,466,479,s,7,15.0,False,1981.75,1983.75
804,475,162,s,7,9.0,False,1981.75,1982.25
805,481,405,s,7,13.0,False,1981.75,1983.25
806,557,318,s,7,16.0,False,1981.75,1984.0
807,562,529,s,7,10.0,False,1981.75,1982.5
808,31,120,s,7,10.0,False,1981.75,1982.5
809,36,40,s,7,13.0,False,1981.75,1983.25
810,73,521,s,7,8.0,False,1981.75,1982.0
811,102,130,s,7,8.0,False,1981.75,1982.0
812,102,185,s,7,9.0,False,1981.75,1982.25
813,206,100,s,7,21.0,False,1981.75,1985.25
814,206,185,s,7,11.0,False,1981.75,1982.75
815,245,520,s,7,16.0,False,1981.75,1984.0
816,294,269,s,7,9.0,False,1981.75,1982.25
817,350,353,s,7,12.0,False,1981.75,1983.0
818,450,115,s,7,7.0,False,1981.75,1981.75
819,466,520,s,7,11.0,False,1981.75,1982.75
820,554,5,s,7,7.0,False,1981.75,1981.75
821,577,461,s,7,10.0,False,1981.75,1982.5
822,420,331,s,7,8.0,False,1981.75,1982.0
823,210,533,s,7,15.0,False,1981.75,1983.75
824,447,537,s,7,9.0,False,1981.75,1982.25
825,263,209,s,7,8.0,False,1981.75,1982.0
826,276,451,s,7,8.0,False,1981.75,1982.0
827,433,431,s,7,8.0,False,1981.75,1982.0
828,300,45,s,7,11.0,False,1981.75,1982.75
829,161,347,s,7,8.0,False,1981.75,1982.0
830,547,519,s,7,12.0,False,1981.75,1983.0
831,550,101,s,7,12.0,False,1981.75,1983.0
832,560,386,s,7,8.0,False,1981.75,1982.0
833,216,293,s,7,16.0,False,1981.75,1984.0
834,490,497,s,7,11.0,False,1981.75,1982.75
835,248,375,s,7,15.0,False,1981.75,1983.75
836,455,439,s,7,9.0,False,1981.75,1982.25
837,36,130,s,7,10.0,False,1981.75,1982.5
838,36,232,s,7,9.0,False,1981.75,1982.25
839,37,269,s,7,8.0,False,1981.75,1982.0
840,66,136,s,7,12.0,False,1981.75,1983.0
841,66,527,s,7,10.0,False,1981.75,1982.5
842,71,249,s,7,8.0,False,1981.75,1982.0
843,71,526,s,7,16.0,False,1981.75,1984.0
844,72,428,s,7,14.0,False,1981.75,1983.5
845,73,437,s,7,8.0,False,1981.75,1982.0
846,125,486,s,7,15.0,False,1981.75,1983.75
847,145,136,s,7,9.0,False,1981.75,1982.25
848,153,523,s,7,25.0,False,1981.75,1986.25
849,157,272,s,7,8.0,False,1981.75,1982.0
850,183,461,s,7,10.0,False,1981.75,1982.5
851,187,371,s,7,13.0,False,1981.75,1983.25
852,190,80,s,7,8.0,False,1981.75,1982.0
853,194,162,s,7,10.0,False,1981.75,1982.5
854,319,226,s,7,13.0,False,1981.75,1983.25
855,362,527,s,7,8.0,False,1981.75,1982.0
856,66,366,l,7,76.0,True,1981.75,1999.0
857,301,372,l,7,104.0,True,1981.75,2006.0
858,546,328,l,7,196.0,True,1981.75,2029.0
859,242,389,l,7,220.0,True,1981.75,2035.0
860,7,42,s,8,8.0,False,1982.0,1982.0
861,31,10,s,8,12.0,False,1982.0,1983.0
862,49,405,s,8,8.0,False,1982.0,1982.0
863,66,120,s,8,9.0,False,1982.0,1982.25
864,71,101,s,8,10.0,False,1982.0,1982.5
865,117,33,s,8,11.0,False,1982.0,1982.75
866,119,170,s,8,18.0,False,1982.0,1984.5
867,242,486,s,8,12.0,False,1982.0,1983.0
868,252,386,s,8,9.0,False,1982.0,1982.25
869,252,575,s,8,13.0,False,1982.0,1983.25
870,257,272,s,8,8.0,False,1982.0,1982.0
871,294,3,s,8,12.0,False,1982.0,1983.0
872,295,293,s,8,12.0,False,1982.0,1983.0
873,364,310,s,8,10.0,False,1982.0,1982.5
874,466,217,s,8,8.0,False,1982.0,1982.0
875,0,347,s,8,8.0,False,1982.0,1982.0
876,35,470,s,8,15.0,False,1982.0,1983.75
877,37,96,s,8,12.0,False,1982.0,1983.0
878,41,353,s,8,8.0,False,1982.0,1982.0
879,71,525,s,8,26.0,False,1982.0,1986.5
880,102,44,s,8,9.0,False,1982.0,1982.25
881,187,101,s,8,9.0,False,1982.0,1982.25
882,202,479,s,8,8.0,False,1982.0,1982.0
883,251,292,s,8,11.0,False,1982.0,1982.75
884,373,42,s,8,9.0,False,1982.0,1982.25
885,450,405,s,8,9.0,False,1982.0,1982.25
886,543,479,s,8,8.0,False,1982.0,1982.0
887,577,96,s,8,13.0,False,1982.0,1983.25
888,11,436,s,8,9.0,False,1982.0,1982.25
889,119,397,s,8,11.0,False,1982.0,1982.75
890,277,10,s,8,12.0,False,1982.0,1983.0
891,301,528,s,8,17.0,False,1982.0,1984.25
892,485,32,s,8,10.0,False,1982.0,1982.5
893,88,371,l,8,132.0,True,1982.0,2013.0
894,11,470,s,9,12.0,False,1982.25,1983.0
895,31,100,s,9,10.0,False,1982.25,1982.5
896,36,42,s,9,19.0,False,1982.25,1984.75
897,41,29,s,9,12.0,False,1982.25,1983.0
898,187,176,s,9,12.0,False,1982.25,1983.0
899,206,33,s,9,18.0,False,1982.25,1984.5
900,213,461,s,9,11.0,False,1982.25,1982.75
901,245,129,s,9,9.0,False,1982.25,1982.25
902,266,284,s,9,11.0,False,1982.25,1982.75
903,319,355,s,9,10.0,False,1982.25,1982.5
904,383,397,s,9,11.0,False,1982.25,1982.75
905,406,526,s,9,14.0,False,1982.25,1983.5
906,463,103,s,9,22.0,False,1982.25,1985.5
907,466,249,s,9,9.0,False,1982.25,1982.25
908,483,527,s,9,13.0,False,1982.25,1983.25
909,493,440,s,9,13.0,False,1982.25,1983.25
910,499,524,s,9,13.0,False,1982.25,1983.25
911,547,353,s,9,11.0,False,1982.25,1982.75
912,550,371,s,9,9.0,False,1982.25,1982.25
913,557,1,s,9,16.0,False,1982.25,1984.0
914,17,438,s,9,13.0,False,1982.25,1983.25
915,21,528,s,9,11.0,False,1982.25,1982.75
916,31,105,s,9,11.0,False,1982.25,1982.75
917,151,292,s,9,12.0,False,1982.25,1983.0
918,186,354,s,9,12.0,False,1982.25,1983.0
919,213,520,s,9,9.0,False,1982.25,1982.25
920,288,338,s,9,20.0,False,1982.25,1985.0
921,300,537,s,9,16.0,False,1982.25,1984.0
922,323,101,s,9,15.0,False,1982.25,1983.75
923,388,355,s,9,12.0,False,1982.25,1983.0
924,433,525,s,9,11.0,False,1982.25,1982.75
925,476,134,s,9,10.0,False,1982.25,1982.5
926,546,232,s,9,12.0,False,1982.25,1983.0
927,576,217,s,9,12.0,False,1982.25,1983.0
928,31,355,s,9,11.0,False,1982.25,1982.75
929,46,217,s,9,18.0,False,1982.25,1984.5
930,49,497,s,9,10.0,False,1982.25,1982.5
931,62,278,s,9,12.0,False,1982.25,1983.0
932,102,528,s,9,13.0,False,1982.25,1983.25
933,121,439,s,9,10.0,False,1982.25,1982.5
934,141,423,s,9,14.0,False,1982.25,1983.5
935,153,461,s,9,11.0,False,1982.25,1982.75
936,276,451,s,9,12.0,False,1982.25,1983.0
937,344,144,s,9,10.0,False,1982.25,1982.5
938,344,168,s,9,15.0,False,1982.25,1983.75
939,358,524,s,9,10.0,False,1982.25,1982.5
940,373,520,s,9,10.0,False,1982.25,1982.5
941,475,468,s,9,17.0,False,1982.25,1984.25
942,476,45,s,9,15.0,False,1982.25,1983.75
943,543,249,s,9,14.0,False,1982.25,1983.5
944,543,521,s,9,11.0,False,1982.25,1982.75
945,554,83,s,9,11.0,False,1982.25,1982.75
946,555,42,s,9,16.0,False,1982.25,1984.0
947,489,239,l,9,36.0,True,1982.25,1989.0
948,0,440,s,10,12.0,False,1982.5,1983.0
949,21,42,s,10,11.0,False,1982.5,1982.75
950,36,86,s,10,13.0,False,1982.5,1983.25
951,37,461,s,10,10.0,False,1982.5,1982.5
952,145,370,s,10,16.0,False,1982.5,1984.0
953,212,278,s,10,12.0,False,1982.5,1983.0
954,251,331,s,10,19.0,False,1982.5,1984.75
955,294,521,s,10,18.0,False,1982.5,1984.5
956,323,440,s,10,12.0,False,1982.5,1983.0
957,344,1,s,10,15.0,False,1982.5,1983.75
958,373,445,s,10,13.0,False,1982.5,1983.25
959,489,278,s,10,12.0,False,1982.5,1983.0
960,549,479,s,10,11.0,False,1982.5,1982.75
961,555,1,s,10,20.0,False,1982.5,1985.0
962,562,386,s,10,21.0,False,1982.5,1985.25
963,151,134,s,10,21.0,False,1982.5,1985.25
964,156,376,s,10,12.0,False,1982.5,1983.0
965,202,110,s,10,16.0,False,1982.5,1984.0
966,213,129,s,10,14.0,False,1982.5,1983.5
967,215,226,s,10,12.0,False,1982.5,1983.0
968,242,29,s,10,11.0,False,1982.5,1982.75
969,294,526,s,10,15.0,False,1982.5,1983.75
970,301,144,s,10,11.0,False,1982.5,1982.75
971,388,84,s,10,14.0,False,1982.5,1983.5
972,555,136,s,10,12.0,False,1982.5,1983.0
973,11,514,s,10,19.0,False,1982.5,1984.75
974,62,239,s,10,13.0,False,1982.5,1983.25
975,151,83,s,10,20.0,False,1982.5,1985.0
976,186,232,s,10,15.0,False,1982.5,1983.75
977,202,371,s,10,15.0,False,1982.5,1983.75
978,264,58,s,10,11.0,False,1982.5,1982.75
979,288,56,s,10,18.0,False,1982.5,1984.5
980,294,353,s,10,18.0,False,1982.5,1984.5
981,319,136,s,10,11.0,False,1982.5,1982.75
982,326,5,s,10,12.0,False,1982.5,1983.0
983,341,217,s,10,25.0,False,1982.5,1986.25
984,392,272,s,10,25.0,False,1982.5,1986.25
985,408,520,s,10,15.0,False,1982.5,1983.75
986,476,521,s,10,11.0,False,1982.5,1982.75
987,358,217,l,10,206.0,True,1982.5,2031.5
988,562,334,l,10,44.0,True,1982.5,1991.0
989,21,456,s,11,15.0,False,1982.75,1983.75
990,31,278,s,11,12.0,False,1982.75,1983.0
991,62,526,s,11,11.0,False,1982.75,1982.75
992,66,178,s,11,15.0,False,1982.75,1983.75
993,145,137,s,11,30.0,False,1982.75,1987.5
994,181,28,s,11,13.0,False,1982.75,1983.25
995,186,32,s,11,15.0,False,1982.75,1983.75
996,200,462,s,11,12.0,False,1982.75,1983.0
997,202,189,s,11,14.0,False,1982.75,1983.5
998,206,239,s,11,25.0,False,1982.75,1986.25
999,212,524,s,11,15.0,False,1982.75,1983.75
1000,215,185,s,11,12.0,False,1982.75,1983.0
1001,245,461,s,11,16.0,False,1982.75,1984.0
1002,254,587,s,11,14.0,False,1982.75,1983.5
1003,301,162,s,11,17.0,False,1982.75,1984.25
1004,319,111,s,11,14.0,False,1982.75,1983.5
1005,414,486,s,11,13.0,False,1982.75,1983.25
1006,444,462,s,11,16.0,False,1982.75,1984.0
1007,450,461,s,11,13.0,False,1982.75,1983.25
1008,489,170,s,11,36.0,False,1982.75,1989.0
1009,0,44,s,11,12.0,False,1982.75,1983.0
1010,21,178,s,11,14.0,False,1982.75,1983.5
1011,113,445,s,11,12.0,False,1982.75,1983.0
1012,119,1,s,11,13.0,False,1982.75,1983.25
1013,156,83,s,11,18.0,False,1982.75,1984.5
1014,186,461,s,11,21.0,False,1982.75,1985.25
1015,187,115,s,11,13.0,False,1982.75,1983.25
1016,191,29,s,11,15.0,False,1982.75,1983.75
1017,277,111,s,11,12.0,False,1982.75,1983.0
1018,290,497,s,11,13.0,False,1982.75,1983.25
1019,301,1,s,11,12.0,False,1982.75,1983.0
1020,319,84,s,11,14.0,False,1982.75,1983.5
1021,392,40,s,11,13.0,False,1982.75,1983.25
1022,406,232,s,11,12.0,False,1982.75,1983.0
1023,466,170,s,11,18.0,False,1982.75,1984.5
1024,466,521,s,11,12.0,False,1982.75,1983.0
1025,577,56,s,11,13.0,False,1982.75,1983.25
1026,48,274,s,11,12.0,False,1982.75,1983.0
1027,30,516,s,11,23.0,False,1982.75,1985.75
1028,460,329,s,11,17.0,False,1982.75,1984.25
1029,360,77,s,11,12.0,False,1982.75,1983.0
1030,330,513,s,11,19.0,False,1982.75,1984.75
1031,315,399,s,11,13.0,False,1982.75,1983.25
1032,559,314,s,11,18.0,False,1982.75,1984.5
1033,23,271,s,11,13.0,False,1982.75,1983.25
1034,109,459,s,11,12.0,False,1982.75,1983.0
1035,448,471,s,11,12.0,False,1982.75,1983.0
1036,488,275,s,11,17.0,False,1982.75,1984.25
1037,163,534,s,11,12.0,False,1982.75,1983.0
1038,30,230,s,11,19.0,False,1982.75,1984.75
1039,35,520,s,11,13.0,False,1982.75,1983.25
1040,148,334,s,11,20.0,False,1982.75,1985.0
1041,151,533,s,11,12.0,False,1982.75,1983.0
1042,153,289,s,11,12.0,False,1982.75,1983.0
1043,161,115,s,11,19.0,False,1982.75,1984.75
1044,215,100,s,11,26.0,False,1982.75,1986.5
1045,266,525,s,11,21.0,False,1982.75,1985.25
1046,288,523,s,11,12.0,False,1982.75,1983.0
1047,294,84,s,11,12.0,False,1982.75,1983.0
1048,300,575,s,11,13.0,False,1982.75,1983.25
1049,396,129,s,11,21.0,False,1982.75,1985.25
1050,476,526,s,11,13.0,False,1982.75,1983.25
1051,555,529,l,11,140.0,True,1982.75,2015.0
1052,475,239,l,11,88.0,True,1982.75,2002.0
1053,11,58,s,12,17.0,False,1983.0,1984.25
1054,39,115,s,12,13.0,False,1983.0,1983.25
1055,90,199,s,12,13.0,False,1983.0,1983.25
1056,112,83,s,12,15.0,False,1983.0,1983.75
1057,112,239,s,12,15.0,False,1983.0,1983.75
1058,358,304,s,12,22.0,False,1983.0,1985.5
1059,362,304,s,12,16.0,False,1983.0,1984.0
1060,388,526,s,12,14.0,False,1983.0,1983.5
1061,408,28,s,12,14.0,False,1983.0,1983.5
1062,475,366,s,12,13.0,False,1983.0,1983.25
1063,476,405,s,12,17.0,False,1983.0,1984.25
1064,547,355,s,12,16.0,False,1983.0,1984.0
1065,554,33,s,12,13.0,False,1983.0,1983.25
1066,558,42,s,12,21.0,False,1983.0,1985.25
1067,17,372,s,12,23.0,False,1983.0,1985.75
1068,21,168,s,12,15.0,False,1983.0,1983.75
1069,124,405,s,12,14.0,False,1983.0,1983.5
1070,172,525,s,12,18.0,False,1983.0,1984.5
1071,197,514,s,12,17.0,False,1983.0,1984.25
1072,200,51,s,12,15.0,False,1983.0,1983.75
1073,264,354,s,12,13.0,False,1983.0,1983.25
1074,290,399,s,12,13.0,False,1983.0,1983.25
1075,323,445,s,12,12.0,False,1983.0,1983.0
1076,344,310,s,12,14.0,False,1983.0,1983.5
1077,373,199,s,12,14.0,False,1983.0,1983.5
1078,576,133,s,12,14.0,False,1983.0,1983.5
1079,7,318,s,12,14.0,False,1983.0,1983.5
1080,21,45,s,12,14.0,False,1983.0,1983.5
1081,41,479,s,12,26.0,False,1983.0,1986.5
1082,62,386,s,12,21.0,False,1983.0,1985.25
1083,71,239,s,12,15.0,False,1983.0,1983.75
1084,90,486,s,12,15.0,False,1983.0,1983.75
1085,91,105,s,12,21.0,False,1983.0,1985.25
1086,161,461,s,12,15.0,False,1983.0,1983.75
1087,257,523,s,12,19.0,False,1983.0,1984.75
1088,295,430,s,12,16.0,False,1983.0,1984.0
1089,326,425,s,12,22.0,False,1983.0,1985.5
1090,344,100,s,12,15.0,False,1983.0,1983.75
1091,422,170,s,12,15.0,False,1983.0,1983.75
1092,442,587,s,12,15.0,False,1983.0,1983.75
1093,466,110,s,12,15.0,False,1983.0,1983.75
1094,466,269,s,12,13.0,False,1983.0,1983.25
1095,597,366,s,12,17.0,False,1983.0,1984.25
1096,35,529,s,13,17.0,False,1983.25,1984.25
1097,39,338,s,13,18.0,False,1983.25,1984.5
1098,119,314,s,13,15.0,False,1983.25,1983.75
1099,145,58,s,13,13.0,False,1983.25,1983.25
1100,153,521,s,13,16.0,False,1983.25,1984.0
1101,194,45,s,13,14.0,False,1983.25,1983.5
1102,254,19,s,13,13.0,False,1983.25,1983.25
1103,257,529,s,13,17.0,False,1983.25,1984.25
1104,294,497,s,13,20.0,False,1983.25,1985.0
1105,319,96,s,13,18.0,False,1983.25,1984.5
1106,442,471,s,13,15.0,False,1983.25,1983.75
1107,489,137,s,13,24.0,False,1983.25,1986.0
1108,493,51,s,13,16.0,False,1983.25,1984.0
1109,555,370,s,13,19.0,False,1983.25,1984.75
1110,562,526,s,13,21.0,False,1983.25,1985.25
1111,49,217,s,13,23.0,False,1983.25,1985.75
1112,66,168,s,13,13.0,False,1983.25,1983.25
1113,119,84,s,13,15.0,False,1983.25,1983.75
1114,141,436,s,13,13.0,False,1983.25,1983.25
1115,212,139,s,13,14.0,False,1983.25,1983.5
1116,212,405,s,13,16.0,False,1983.25,1984.0
1117,302,516,s,13,18.0,False,1983.25,1984.5
1118,364,118,s,13,15.0,False,1983.25,1983.75
1119,388,354,s,13,22.0,False,1983.25,1985.5
1120,485,353,s,13,15.0,False,1983.25,1983.75
1121,558,438,s,13,22.0,False,1983.25,1985.5
1122,49,486,s,13,15.0,False,1983.25,1983.75
1123,119,208,s,13,15.0,False,1983.25,1983.75
1124,119,425,s,13,18.0,False,1983.25,1984.5
1125,121,342,s,13,25.0,False,1983.25,1986.25
1126,153,526,s,13,20.0,False,1983.25,1985.0
1127,161,40,s,13,22.0,False,1983.25,1985.5
1128,254,18,s,13,16.0,False,1983.25,1984.0
1129,257,461,s,13,16.0,False,1983.25,1984.0
1130,391,269,s,13,27.0,False,1983.25,1986.75
1131,422,217,s,13,16.0,False,1983.25,1984.0
1132,563,168,s,13,15.0,False,1983.25,1983.75
1133,315,129,l,13,51.0,True,1983.25,1992.75
1134,385,386,l,13,68.0,True,1983.25,1997.0
1135,0,134,s,14,15.0,False,1983.5,1983.75
1136,21,331,s,14,14.0,False,1983.5,1983.5
1137,102,226,s,14,15.0,False,1983.5,1983.75
1138,121,59,s,14,15.0,False,1983.5,1983.75
1139,125,256,s,14,17.0,False,1983.5,1984.25
1140,181,521,s,14,14.0,False,1983.5,1983.5
1141,194,3,s,14,16.0,False,1983.5,1984.0
1142,202,520,s,14,17.0,False,1983.5,1984.25
1143,213,397,s,14,14.0,False,1983.5,1983.5
1144,215,185,s,14,15.0,False,1983.5,1983.75
1145,235,217,s,14,19.0,False,1983.5,1984.75
1146,294,342,s,14,18.0,False,1983.5,1984.5
1147,319,44,s,14,23.0,False,1983.5,1985.75
1148,350,529,s,14,14.0,False,1983.5,1983.5
1149,373,96,s,14,14.0,False,1983.5,1983.5
1150,554,438,s,14,16.0,False,1983.5,1984.0
1151,577,58,s,14,14.0,False,1983.5,1983.5
1152,21,239,s,14,19.0,False,1983.5,1984.75
1153,31,575,s,14,15.0,False,1983.5,1983.75
1154,36,208,s,14,14.0,False,1983.5,1983.5
1155,37,232,s,14,19.0,False,1983.5,1984.75
1156,41,514,s,14,23.0,False,1983.5,1985.75
1157,102,56,s,14,17.0,False,1983.5,1984.25
1158,156,120,s,14,17.0,False,1983.5,1984.25
1159,190,189,s,14,15.0,False,1983.5,1983.75
1160,213,133,s,14,18.0,False,1983.5,1984.5
1161,215,28,s,14,14.0,False,1983.5,1983.5
1162,257,520,s,14,21.0,False,1983.5,1985.25
1163,277,18,s,14,16.0,False,1983.5,1984.0
1164,294,217,s,14,29.0,False,1983.5,1987.25
1165,326,208,s,14,15.0,False,1983.5,1983.75
1166,381,524,s,14,14.0,False,1983.5,1983.5
1167,396,519,s,14,16.0,False,1983.5,1984.0
1168,450,272,s,14,17.0,False,1983.5,1984.25
1169,499,526,s,14,17.0,False,1983.5,1984.25
1170,576,328,s,14,23.0,False,1983.5,1985.75
1171,12,29,s,14,15.0,False,1983.5,1983.75
1172,36,105,s,14,18.0,False,1983.5,1984.5
1173,90,399,s,14,18.0,False,1983.5,1984.5
1174,153,461,s,14,15.0,False,1983.5,1983.75
1175,181,436,s,14,17.0,False,1983.5,1984.25
1176,213,237,s,14,17.0,False,1983.5,1984.25
1177,288,479,s,14,16.0,False,1983.5,1984.0
1178,555,229,s,14,16.0,False,1983.5,1984.0
1179,562,376,s,14,15.0,False,1983.5,1983.75
1180,563,42,s,14,16.0,False,1983.5,1984.0
1181,576,329,s,14,15.0,False,1983.5,1983.75
1182,66,100,s,15,18.0,False,1983.75,1984.5
1183,109,587,s,15,23.0,False,1983.75,1985.75
1184,119,523,s,15,29.0,False,1983.75,1987.25
1185,153,189,s,15,17.0,False,1983.75,1984.25
1186,192,520,s,15,16.0,False,1983.75,1984.0
1187,212,136,s,15,15.0,False,1983.75,1983.75
1188,215,178,s,15,15.0,False,1983.75,1983.75
1189,264,208,s,15,24.0,False,1983.75,1986.0
1190,266,272,s,15,36.0,False,1983.75,1989.0
1191,288,208,s,15,15.0,False,1983.75,1983.75
1192,378,28,s,15,24.0,False,1983.75,1986.0
1193,385,100,s,15,17.0,False,1983.75,1984.25
1194,422,521,s,15,18.0,False,1983.75,1984.5
1195,476,44,s,15,18.0,False,1983.75,1984.5
1196,481,486,s,15,15.0,False,1983.75,1983.75
1197,499,170,s,15,20.0,False,1983.75,1985.0
1198,550,516,s,15,16.0,False,1983.75,1984.0
1199,555,256,s,15,15.0,False,1983.75,1983.75
1200,559,370,s,15,18.0,False,1983.75,1984.5
1201,577,239,s,15,19.0,False,1983.75,1984.75
1202,102,5,s,15,28.0,False,1983.75,1987.0
1203,112,137,s,15,17.0,False,1983.75,1984.25
1204,153,342,s,15,20.0,False,1983.75,1985.0
1205,153,529,s,15,24.0,False,1983.75,1986.0
1206,161,51,s,15,24.0,False,1983.75,1986.0
1207,197,40,s,15,27.0,False,1983.75,1986.75
1208,212,379,s,15,15.0,False,1983.75,1983.75
1209,252,100,s,15,15.0,False,1983.75,1983.75
1210,319,239,s,15,16.0,False,1983.75,1984.0
1211,350,226,s,15,24.0,False,1983.75,1986.0
1212,373,170,s,15,17.0,False,1983.75,1984.25
1213,473,534,s,15,17.0,False,1983.75,1984.25
1214,483,51,s,15,18.0,False,1983.75,1984.5
1215,577,29,s,15,15.0,False,1983.75,1983.75
1216,598,118,s,15,18.0,False,1983.75,1984.5
1217,490,387,s,15,27.0,False,1983.75,1986.75
1218,336,247,s,15,16.0,False,1983.75,1984.0
1219,94,95,s,15,20.0,False,1983.75,1985.0
1220,127,375,s,15,18.0,False,1983.75,1984.5
1221,588,374,s,15,19.0,False,1983.75,1984.75
1222,433,527,s,15,17.0,False,1983.75,1984.25
1223,589,368,s,15,22.0,False,1983.75,1985.5
1224,228,404,s,15,28.0,False,1983.75,1987.0
1225,434,498,s,15,27.0,False,1983.75,1986.75
1226,545,282,s,15,16.0,False,1983.75,1984.0
1227,87,77,s,15,19.0,False,1983.75,1984.75
1228,265,178,s,15,32.0,False,1983.75,1988.0
1229,556,168,s,15,19.0,False,1983.75,1984.75
1230,551,532,s,15,17.0,False,1983.75,1984.25
1231,578,530,s,15,23.0,False,1983.75,1985.75
1232,49,115,s,15,16.0,False,1983.75,1984.0
1233,127,519,s,15,17.0,False,1983.75,1984.25
1234,251,368,s,15,19.0,False,1983.75,1984.75
1235,301,45,s,15,20.0,False,1983.75,1985.0
1236,381,96,s,15,19.0,False,1983.75,1984.75
1237,391,217,s,15,17.0,False,1983.75,1984.25
1238,408,176,s,15,20.0,False,1983.75,1985.0
1239,543,523,s,15,18.0,False,1983.75,1984.5
1240,557,18,s,15,16.0,False,1983.75,1984.0
1241,576,437,s,15,18.0,False,1983.75,1984.5
1242,316,133,l,15,29.0,True,1983.75,1987.25
1243,37,136,l,15,112.0,True,1983.75,2008.0
1244,62,111,s,16,19.0,False,1984.0,1984.75
1245,148,310,s,16,16.0,False,1984.0,1984.0
1246,252,134,s,16,27.0,False,1984.0,1986.75
1247,277,529,s,16,16.0,False,1984.0,1984.0
1248,559,338,s,16,20.0,False,1984.0,1985.0
1249,17,130,s,16,18.0,False,1984.0,1984.5
1250,21,532,s,16,20.0,False,1984.0,1985.0
1251,21,534,s,16,20.0,False,1984.0,1985.0
1252,66,33,s,16,17.0,False,1984.0,1984.25
1253,66,404,s,16,26.0,False,1984.0,1986.5
1254,72,193,s,16,18.0,False,1984.0,1984.5
1255,106,479,s,16,17.0,False,1984.0,1984.25
1256,112,370,s,16,20.0,False,1984.0,1985.0
1257,125,470,s,16,21.0,False,1984.0,1985.25
1258,157,237,s,16,18.0,False,1984.0,1984.5
1259,167,527,s,16,23.0,False,1984.0,1985.75
1260,242,353,s,16,18.0,False,1984.0,1984.5
1261,315,375,s,16,19.0,False,1984.0,1984.75
1262,315,498,s,16,25.0,False,1984.0,1986.25
1263,346,526,s,16,17.0,False,1984.0,1984.25
1264,373,338,s,16,18.0,False,1984.0,1984.5
1265,444,399,s,16,17.0,False,1984.0,1984.25
1266,466,461,s,16,17.0,False,1984.0,1984.25
1267,545,462,s,16,18.0,False,1984.0,1984.5
1268,562,366,s,16,20.0,False,1984.0,1985.0
1269,577,354,s,16,23.0,False,1984.0,1985.75
1270,66,372,s,16,19.0,False,1984.0,1984.75
1271,206,525,s,16,18.0,False,1984.0,1984.5
1272,215,42,s,16,22.0,False,1984.0,1985.5
1273,266,516,s,16,21.0,False,1984.0,1985.25
1274,300,118,s,16,17.0,False,1984.0,1984.25
1275,326,33,s,16,29.0,False,1984.0,1987.25
1276,326,470,s,16,22.0,False,1984.0,1985.5
1277,350,208,s,16,19.0,False,1984.0,1984.75
1278,350,249,s,16,22.0,False,1984.0,1985.5
1279,466,115,s,16,23.0,False,1984.0,1985.75
1280,555,168,s,16,22.0,False,1984.0,1985.5
1281,557,174,s,16,19.0,False,1984.0,1984.75
1282,145,526,l,16,82.0,True,1984.0,2000.5
1283,0,523,s,17,22.0,False,1984.25,1985.5
1284,112,470,s,17,18.0,False,1984.25,1984.5
1285,148,44,s,17,22.0,False,1984.25,1985.5
1286,156,470,s,17,28.0,False,1984.25,1987.0
1287,197,440,s,17,23.0,False,1984.25,1985.75
1288,206,217,s,17,17.0,False,1984.25,1984.25
1289,213,170,s,17,20.0,False,1984.25,1985.0
1290,319,528,s,17,18.0,False,1984.25,1984.5
1291,319,529,s,17,18.0,False,1984.25,1984.5
1292,344,376,s,17,17.0,False,1984.25,1984.25
1293,388,249,s,17,17.0,False,1984.25,1984.25
1294,483,230,s,17,18.0,False,1984.25,1984.5
1295,553,83,s,17,19.0,False,1984.25,1984.75
1296,553,282,s,17,21.0,False,1984.25,1985.25
1297,0,470,s,17,20.0,False,1984.25,1985.0
1298,36,96,s,17,17.0,False,1984.25,1984.25
1299,66,269,s,17,28.0,False,1984.25,1987.0
1300,119,1,s,17,18.0,False,1984.25,1984.5
1301,119,314,s,17,18.0,False,1984.25,1984.5
1302,161,217,s,17,19.0,False,1984.25,1984.75
1303,191,247,s,17,19.0,False,1984.25,1984.75
1304,252,105,s,17,22.0,False,1984.25,1985.5
1305,277,5,s,17,19.0,False,1984.25,1984.75
1306,287,130,s,17,18.0,False,1984.25,1984.5
1307,358,440,s,17,19.0,False,1984.25,1984.75
1308,475,334,s,17,19.0,False,1984.25,1984.75
1309,476,528,s,17,18.0,False,1984.25,1984.5
1310,543,217,s,17,21.0,False,1984.25,1985.25
1311,554,289,s,17,27.0,False,1984.25,1986.75
1312,557,532,s,17,18.0,False,1984.25,1984.5
1313,577,217,s,17,23.0,False,1984.25,1985.75
1314,36,80,s,17,21.0,False,1984.25,1985.25
1315,41,208,s,17,19.0,False,1984.25,1984.75
1316,117,521,s,17,26.0,False,1984.25,1986.5
1317,157,461,s,17,26.0,False,1984.25,1986.5
1318,213,405,s,17,28.0,False,1984.25,1987.0
1319,215,256,s,17,25.0,False,1984.25,1986.25
1320,364,44,s,17,25.0,False,1984.25,1986.25
1321,406,304,s,17,19.0,False,1984.25,1984.75
1322,466,32,s,17,22.0,False,1984.25,1985.5
1323,481,58,s,17,20.0,False,1984.25,1985.0
1324,493,189,s,17,21.0,False,1984.25,1985.25
1325,547,528,s,17,32.0,False,1984.25,1988.0
1326,556,42,s,17,20.0,False,1984.25,1985.0
1327,36,479,s,18,19.0,False,1984.5,1984.75
1328,39,304,s,18,24.0,False,1984.5,1986.0
1329,49,342,s,18,23.0,False,1984.5,1985.75
1330,106,139,s,18,23.0,False,1984.5,1985.75
1331,125,522,s,18,19.0,False,1984.5,1984.75
1332,157,282,s,18,21.0,False,1984.5,1985.25
1333,194,208,s,18,19.0,False,1984.5,1984.75
1334,245,520,s,18,19.0,False,1984.5,1984.75
1335,373,33,s,18,18.0,False,1984.5,1984.5
1336,381,516,s,18,23.0,False,1984.5,1985.75
1337,475,178,s,18,20.0,False,1984.5,1985.0
1338,545,472,s,18,31.0,False,1984.5,1987.75
1339,554,331,s,18,31.0,False,1984.5,1987.75
1340,554,470,s,18,20.0,False,1984.5,1985.0
1341,558,310,s,18,18.0,False,1984.5,1984.5
1342,21,528,s,18,21.0,False,1984.5,1985.25
1343,30,519,s,18,19.0,False,1984.5,1984.75
1344,119,100,s,18,20.0,False,1984.5,1985.0
1345,119,468,s,18,23.0,False,1984.5,1985.75
1346,145,456,s,18,18.0,False,1984.5,1984.5
1347,148,472,s,18,21.0,False,1984.5,1985.25
1348,200,486,s,18,21.0,False,1984.5,1985.25
1349,202,304,s,18,20.0,False,1984.5,1985.0
1350,212,232,s,18,25.0,False,1984.5,1986.25
1351,285,342,s,18,24.0,False,1984.5,1986.0
1352,301,162,s,18,25.0,False,1984.5,1986.25
1353,301,438,s,18,25.0,False,1984.5,1986.25
1354,408,425,s,18,21.0,False,1984.5,1985.25
1355,466,217,s,18,25.0,False,1984.5,1986.25
1356,557,168,s,18,19.0,False,1984.5,1984.75
1357,562,105,s,18,22.0,False,1984.5,1985.5
1358,41,86,s,18,20.0,False,1984.5,1985.0
1359,41,529,s,18,21.0,False,1984.5,1985.25
1360,181,486,s,18,23.0,False,1984.5,1985.75
1361,191,217,s,18,27.0,False,1984.5,1986.75
1362,197,430,s,18,19.0,False,1984.5,1984.75
1363,212,226,s,18,25.0,False,1984.5,1986.25
1364,242,520,s,18,22.0,False,1984.5,1985.5
1365,350,486,s,18,21.0,False,1984.5,1985.25
1366,406,272,s,18,20.0,False,1984.5,1985.0
1367,578,229,s,18,24.0,False,1984.5,1986.0
1368,550,176,l,18,140.0,True,1984.5,2015.0
1369,0,514,s,19,20.0,False,1984.75,1985.0
1370,66,532,s,19,19.0,False,1984.75,1984.75
1371,117,470,s,19,19.0,False,1984.75,1984.75
1372,119,51,s,19,26.0,False,1984.75,1986.5
1373,187,521,s,19,28.0,False,1984.75,1987.0
1374,254,193,s,19,20.0,False,1984.75,1985.0
1375,316,486,s,19,23.0,False,1984.75,1985.75
1376,381,40,s,19,21.0,False,1984.75,1985.25
1377,578,462,s,19,26.0,False,1984.75,1986.5
1378,12,497,s,19,24.0,False,1984.75,1986.0
1379,36,342,s,19,20.0,False,1984.75,1985.0
1380,119,174,s,19,20.0,False,1984.75,1985.0
1381,187,176,s,19,21.0,False,1984.75,1985.25
1382,212,304,s,19,21.0,False,1984.75,1985.25
1383,213,29,s,19,19.0,False,1984.75,1984.75
1384,277,529,s,19,33.0,False,1984.75,1988.25
1385,301,379,s,19,21.0,False,1984.75,1985.25
1386,326,338,s,19,22.0,False,1984.75,1985.5
1387,362,527,s,19,26.0,False,1984.75,1986.5
1388,388,456,s,19,21.0,False,1984.75,1985.25
1389,450,461,s,19,24.0,False,1984.75,1986.0
1390,463,28,s,19,23.0,False,1984.75,1985.75
1391,483,526,s,19,20.0,False,1984.75,1985.0
1392,562,185,s,19,22.0,False,1984.75,1985.5
1393,598,103,s,19,20.0,False,1984.75,1985.0
1394,79,247,s,19,22.0,False,1984.75,1985.5
1395,195,519,s,19,29.0,False,1984.75,1987.25
1396,192,432,s,19,20.0,False,1984.75,1985.0
1397,172,439,s,19,21.0,False,1984.75,1985.25
1398,564,111,s,19,20.0,False,1984.75,1985.0
1399,163,575,s,19,24.0,False,1984.75,1986.0
1400,488,531,s,19,20.0,False,1984.75,1985.0
1401,251,271,s,19,25.0,False,1984.75,1986.25
1402,210,471,s,19,20.0,False,1984.75,1985.0
1403,367,101,s,19,29.0,False,1984.75,1987.25
1404,4,339,s,19,23.0,False,1984.75,1985.75
1405,9,175,s,19,20.0,False,1984.75,1985.0
1406,433,244,s,19,23.0,False,1984.75,1985.75
1407,455,512,s,19,20.0,False,1984.75,1985.0
1408,336,321,s,19,23.0,False,1984.75,1985.75
1409,11,379,s,19,26.0,False,1984.75,1986.5
1410,23,178,s,19,23.0,False,1984.75,1985.75
1411,36,256,s,19,20.0,False,1984.75,1985.0
1412,37,29,s,19,25.0,False,1984.75,1986.25
1413,39,105,s,19,23.0,False,1984.75,1985.75
1414,65,497,s,19,24.0,False,1984.75,1986.0
1415,113,51,s,19,22.0,False,1984.75,1985.5
1416,228,532,s,19,21.0,False,1984.75,1985.25
1417,315,520,s,19,26.0,False,1984.75,1986.5
1418,435,29,s,19,20.0,False,1984.75,1985.0
1419,466,269,s,19,29.0,False,1984.75,1987.25
1420,577,438,s,19,20.0,False,1984.75,1985.0
1421,295,498,l,19,188.0,True,1984.75,2027.0
1422,41,44,l,19,108.0,True,1984.75,2007.0
1423,9,389,s,20,25.0,False,1985.0,1986.25
1424,23,162,s,20,21.0,False,1985.0,1985.25
1425,71,521,s,20,28.0,False,1985.0,1987.0
1426,88,239,s,20,23.0,False,1985.0,1985.75
1427,117,83,s,20,21.0,False,1985.0,1985.25
1428,195,440,s,20,22.0,False,1985.0,1985.5
1429,242,176,s,20,24.0,False,1985.0,1986.0
1430,251,193,s,20,28.0,False,1985.0,1987.0
1431,21,425,s,20,20.0,False,1985.0,1985.0
1432,31,226,s,20,24.0,False,1985.0,1986.0
1433,66,529,s,20,22.0,False,1985.0,1985.5
1434,113,129,s,20,23.0,False,1985.0,1985.75
1435,257,189,s,20,22.0,False,1985.0,1985.5
1436,257,232,s,20,30.0,False,1985.0,1987.5
1437,301,376,s,20,23.0,False,1985.0,1985.75
1438,319,32,s,20,21.0,False,1985.0,1985.25
1439,319,229,s,20,27.0,False,1985.0,1986.75
1440,346,440,s,20,21.0,False,1985.0,1985.25
1441,429,437,s,20,22.0,False,1985.0,1985.5
1442,555,438,s,20,26.0,False,1985.0,1986.5
1443,36,470,s,20,21.0,False,1985.0,1985.25
1444,37,521,s,20,23.0,False,1985.0,1985.75
1445,106,524,s,20,25.0,False,1985.0,1986.25
1446,206,405,s,20,24.0,False,1985.0,1986.0
1447,251,318,s,20,21.0,False,1985.0,1985.25
1448,277,376,s,20,24.0,False,1985.0,1986.0
1449,302,230,s,20,24.0,False,1985.0,1986.0
1450,336,389,s,20,26.0,False,1985.0,1986.5
1451,344,282,s,20,24.0,False,1985.0,1986.0
1452,346,105,s,20,26.0,False,1985.0,1986.5
1453,392,514,s,20,21.0,False,1985.0,1985.25
1454,450,512,s,20,21.0,False,1985.0,1985.25
1455,17,18,s,21,23.0,False,1985.25,1985.75
1456,62,239,s,21,34.0,False,1985.25,1988.5
1457,106,5,s,21,24.0,False,1985.25,1986.0
1458,153,3,s,21,26.0,False,1985.25,1986.5
1459,163,528,s,21,26.0,False,1985.25,1986.5
1460,187,272,s,21,24.0,False,1985.25,1986.0
1461,200,462,s,21,22.0,False,1985.25,1985.5
1462,294,249,s,21,24.0,False,1985.25,1986.0
1463,408,40,s,21,28.0,False,1985.25,1987.0
1464,434,249,s,21,31.0,False,1985.25,1987.75
1465,435,199,s,21,22.0,False,1985.25,1985.5
1466,450,339,s,21,24.0,False,1985.25,1986.0
1467,11,272,s,21,34.0,False,1985.25,1988.5
1468,31,379,s,21,37.0,False,1985.25,1989.25
1469,62,96,s,21,39.0,False,1985.25,1989.75
1470,66,370,s,21,26.0,False,1985.25,1986.5
1471,66,372,s,21,24.0,False,1985.25,1986.0
1472,90,29,s,21,24.0,False,1985.25,1986.0
1473,117,405,s,21,22.0,False,1985.25,1985.5
1474,148,56,s,21,22.0,False,1985.25,1985.5
1475,212,353,s,21,23.0,False,1985.25,1985.75
1476,252,528,s,21,23.0,False,1985.25,1985.75
1477,266,520,s,21,22.0,False,1985.25,1985.5
1478,277,386,s,21,22.0,False,1985.25,1985.5
1479,294,170,s,21,22.0,False,1985.25,1985.5
1480,315,189,s,21,25.0,False,1985.25,1986.25
1481,319,472,s,21,25.0,False,1985.25,1986.25
1482,341,498,s,21,22.0,False,1985.25,1985.5
1483,499,514,s,21,26.0,False,1985.25,1986.5
1484,543,115,s,21,25.0,False,1985.25,1986.25
1485,4,521,s,21,26.0,False,1985.25,1986.5
1486,12,389,s,21,31.0,False,1985.25,1987.75
1487,23,32,s,21,23.0,False,1985.25,1985.75
1488,35,42,s,21,26.0,False,1985.25,1986.5
1489,66,111,s,21,36.0,False,1985.25,1989.0
1490,66,289,s,21,23.0,False,1985.25,1985.75
1491,66,613,s,21,30.0,False,1985.25,1987.5
1492,71,522,s,21,28.0,False,1985.25,1987.0
1493,90,175,s,21,22.0,False,1985.25,1985.5
1494,117,525,s,21,22.0,False,1985.25,1985.5
1495,153,405,s,21,22.0,False,1985.25,1985.5
1496,200,405,s,21,24.0,False,1985.25,1986.0
1497,264,526,s,21,25.0,False,1985.25,1986.25
1498,266,522,s,21,28.0,False,1985.25,1987.0
1499,358,139,s,21,24.0,False,1985.25,1986.0
1500,466,51,s,21,22.0,False,1985.25,1985.5
1501,490,272,s,21,22.0,False,1985.25,1985.5
1502,499,86,s,21,37.0,False,1985.25,1989.25
1503,543,139,s,21,25.0,False,1985.25,1986.25
1504,206,497,l,21,25.0,True,1985.25,1986.25
1505,12,613,s,22,52.0,False,1985.5,1993.0
1506,17,404,s,22,28.0,False,1985.5,1987.0
1507,36,58,s,22,35.0,False,1985.5,1988.75
1508,90,523,s,22,24.0,False,1985.5,1986.0
1509,245,217,s,22,33.0,False,1985.5,1988.25
1510,265,42,s,22,28.0,False,1985.5,1987.0
1511,319,168,s,22,24.0,False,1985.5,1986.0
1512,346,518,s,22,27.0,False,1985.5,1986.75
1513,546,342,s,22,40.0,False,1985.5,1990.0
1514,551,405,s,22,23.0,False,1985.5,1985.75
1515,555,226,s,22,24.0,False,1985.5,1986.0
1516,556,376,s,22,25.0,False,1985.5,1986.25
1517,4,440,s,22,28.0,False,1985.5,1987.0
1518,12,86,s,22,27.0,False,1985.5,1986.75
1519,30,32,s,22,25.0,False,1985.5,1986.25
1520,39,239,s,22,29.0,False,1985.5,1987.25
1521,181,33,s,22,29.0,False,1985.5,1987.25
1522,187,520,s,22,29.0,False,1985.5,1987.25
1523,326,331,s,22,23.0,False,1985.5,1985.75
1524,363,486,s,22,31.0,False,1985.5,1987.75
1525,23,5,s,22,23.0,False,1985.5,1985.75
1526,31,353,s,22,31.0,False,1985.5,1987.75
1527,62,425,s,22,37.0,False,1985.5,1989.25
1528,66,162,s,22,24.0,False,1985.5,1986.0
1529,90,397,s,22,23.0,False,1985.5,1985.75
1530,112,438,s,22,33.0,False,1985.5,1988.25
1531,112,613,s,22,27.0,False,1985.5,1986.75
1532,141,521,s,22,25.0,False,1985.5,1986.25
1533,213,139,s,22,30.0,False,1985.5,1987.5
1534,235,498,s,22,24.0,False,1985.5,1986.0
1535,252,96,s,22,23.0,False,1985.5,1985.75
1536,378,342,s,22,29.0,False,1985.5,1987.25
1537,392,129,s,22,23.0,False,1985.5,1985.75
1538,476,282,s,22,25.0,False,1985.5,1986.25
1539,555,1,s,22,23.0,False,1985.5,1985.75
1540,493,479,l,22,142.0,True,1985.5,2015.5
1541,558,613,l,22,58.0,True,1985.5,1994.5
1542,36,86,s,23,23.0,False,1985.75,1985.75
1543,41,518,s,23,26.0,False,1985.75,1986.5
1544,157,354,s,23,23.0,False,1985.75,1985.75
1545,181,129,s,23,23.0,False,1985.75,1985.75
1546,191,189,s,23,23.0,False,1985.75,1985.75
1547,213,247,s,23,30.0,False,1985.75,1987.5
1548,213,520,s,23,23.0,False,1985.75,1985.75
1549,290,405,s,23,23.0,False,1985.75,1985.75
1550,383,217,s,23,23.0,False,1985.75,1985.75
1551,422,497,s,23,27.0,False,1985.75,1986.75
1552,466,32,s,23,26.0,False,1985.75,1986.5
1553,476,289,s,23,35.0,False,1985.75,1988.75
1554,481,497,s,23,26.0,False,1985.75,1986.5
1555,550,5,s,23,24.0,False,1985.75,1986.0
1556,555,110,s,23,32.0,False,1985.75,1988.0
1557,562,168,s,23,25.0,False,1985.75,1986.25
1558,26,371,s,23,25.0,False,1985.75,1986.25
1559,71,269,s,23,28.0,False,1985.75,1987.0
1560,167,497,s,23,25.0,False,1985.75,1986.25
1561,186,405,s,23,30.0,False,1985.75,1987.5
1562,206,137,s,23,26.0,False,1985.75,1986.5
1563,206,162,s,23,25.0,False,1985.75,1986.25
1564,301,1,s,23,24.0,False,1985.75,1986.0
1565,319,18,s,23,26.0,False,1985.75,1986.5
1566,326,110,s,23,31.0,False,1985.75,1987.75
1567,383,523,s,23,25.0,False,1985.75,1986.25
1568,499,101,s,23,33.0,False,1985.75,1988.25
1569,550,284,s,23,25.0,False,1985.75,1986.25
1570,580,614,s,23,32.0,False,1985.75,1988.0
1571,488,537,s,23,28.0,False,1985.75,1987.0
1572,254,368,s,23,25.0,False,1985.75,1986.25
1573,287,59,s,23,30.0,False,1985.75,1987.5
1574,323,154,s,23,24.0,False,1985.75,1986.0
1575,542,517,s,23,24.0,False,1985.75,1986.0
1576,553,84,s,23,26.0,False,1985.75,1986.5
1577,549,513,s,23,24.0,False,1985.75,1986.0
1578,53,465,s,23,27.0,False,1985.75,1986.75
1579,183,511,s,23,28.0,False,1985.75,1987.0
1580,414,24,s,23,26.0,False,1985.75,1986.5
1581,340,246,s,23,27.0,False,1985.75,1986.75
1582,291,180,s,23,34.0,False,1985.75,1988.5
1583,541,423,s,23,28.0,False,1985.75,1987.0
1584,616,468,s,23,24.0,False,1985.75,1986.0
1585,597,155,s,23,27.0,False,1985.75,1986.75
1586,12,42,s,23,34.0,False,1985.75,1988.5
1587,21,289,s,23,27.0,False,1985.75,1986.75
1588,145,246,s,23,28.0,False,1985.75,1987.0
1589,295,133,s,23,25.0,False,1985.75,1986.25
1590,450,462,s,23,24.0,False,1985.75,1986.0
1591,466,84,s,23,32.0,False,1985.75,1988.0
1592,475,318,s,23,25.0,False,1985.75,1986.25
1593,489,217,s,23,25.0,False,1985.75,1986.25
1594,543,520,s,23,41.0,False,1985.75,1990.25
1595,225,428,l,23,40.0,True,1985.75,1990.0
1596,598,530,l,23,24.0,True,1985.75,1986.0
1597,444,175,l,23,224.0,True,1985.75,2036.0
1598,31,282,l,23,92.0,True,1985.75,2003.0
1599,35,524,s,24,29.0,False,1986.0,1987.25
1600,36,440,s,24,26.0,False,1986.0,1986.5
1601,36,461,s,24,25.0,False,1986.0,1986.25
1602,62,134,s,24,29.0,False,1986.0,1987.25
1603,145,366,s,24,24.0,False,1986.0,1986.0
1604,197,217,s,24,29.0,False,1986.0,1987.25
1605,203,154,s,24,30.0,False,1986.0,1987.5
1606,373,304,s,24,24.0,False,1986.0,1986.0
1607,463,438,s,24,26.0,False,1986.0,1986.5
1608,489,425,s,24,24.0,False,1986.0,1986.0
1609,558,614,s,24,24.0,False,1986.0,1986.0
1610,4,479,s,24,27.0,False,1986.0,1986.75
1611,31,44,s,24,27.0,False,1986.0,1986.75
1612,36,269,s,24,24.0,False,1986.0,1986.0
1613,41,353,s,24,26.0,False,1986.0,1986.5
1614,197,371,s,24,28.0,False,1986.0,1987.0
1615,212,528,s,24,28.0,False,1986.0,1987.0
1616,213,440,s,24,24.0,False,1986.0,1986.0
1617,215,168,s,24,25.0,False,1986.0,1986.25
1618,254,143,s,24,39.0,False,1986.0,1989.75
1619,266,436,s,24,32.0,False,1986.0,1988.0
1620,294,339,s,24,27.0,False,1986.0,1986.75
1621,346,339,s,24,28.0,False,1986.0,1987.0
1622,350,137,s,24,24.0,False,1986.0,1986.0
1623,358,517,s,24,28.0,False,1986.0,1987.0
1624,408,472,s,24,28.0,False,1986.0,1987.0
1625,422,217,s,24,24.0,False,1986.0,1986.0
1626,429,514,s,24,29.0,False,1986.0,1987.25
1627,0,521,s,24,25.0,False,1986.0,1986.25
1628,113,40,s,24,37.0,False,1986.0,1989.25
1629,125,269,s,24,26.0,False,1986.0,1986.5
1630,148,51,s,24,29.0,False,1986.0,1987.25
1631,163,42,s,24,26.0,False,1986.0,1986.5
1632,167,110,s,24,34.0,False,1986.0,1988.5
1633,181,526,s,24,26.0,False,1986.0,1986.5
1634,212,470,s,24,33.0,False,1986.0,1988.25
1635,251,468,s,24,26.0,False,1986.0,1986.5
1636,266,397,s,24,25.0,False,1986.0,1986.25
1637,336,304,s,24,33.0,False,1986.0,1988.25
1638,422,256,s,24,25.0,False,1986.0,1986.25
1639,466,40,s,24,25.0,False,1986.0,1986.25
1640,466,139,s,24,25.0,False,1986.0,1986.25
1641,11,115,s,25,28.0,False,1986.25,1987.0
1642,117,304,s,25,38.0,False,1986.25,1989.5
1643,148,232,s,25,25.0,False,1986.25,1986.25
1644,153,461,s,25,30.0,False,1986.25,1987.5
1645,213,101,s,25,26.0,False,1986.25,1986.5
1646,215,1,s,25,26.0,False,1986.25,1986.5
1647,264,217,s,25,29.0,False,1986.25,1987.25
1648,265,56,s,25,33.0,False,1986.25,1988.25
1649,350,527,s,25,30.0,False,1986.25,1987.5
1650,489,86,s,25,28.0,False,1986.25,1987.0
1651,546,513,s,25,28.0,False,1986.25,1987.0
1652,71,486,s,25,26.0,False,1986.25,1986.5
1653,112,472,s,25,31.0,False,1986.25,1987.75
1654,117,217,s,25,27.0,False,1986.25,1986.75
1655,119,232,s,25,31.0,False,1986.25,1987.75
1656,252,527,s,25,26.0,False,1986.25,1986.5
1657,340,461,s,25,29.0,False,1986.25,1987.25
1658,388,470,s,25,34.0,False,1986.25,1988.5
1659,408,199,s,25,27.0,False,1986.25,1986.75
1660,444,234,s,25,36.0,False,1986.25,1989.0
1661,450,522,s,25,26.0,False,1986.25,1986.5
1662,481,517,s,25,30.0,False,1986.25,1987.5
1663,499,178,s,25,33.0,False,1986.25,1988.25
1664,576,511,s,25,25.0,False,1986.25,1986.25
1665,36,366,s,25,30.0,False,1986.25,1987.5
1666,39,56,s,25,27.0,False,1986.25,1986.75
1667,39,137,s,25,27.0,False,1986.25,1986.75
1668,73,461,s,25,30.0,False,1986.25,1987.5
1669,183,115,s,25,32.0,False,1986.25,1988.0
1670,213,110,s,25,42.0,False,1986.25,1990.5
1671,245,461,s,25,26.0,False,1986.25,1986.5
1672,294,529,s,25,29.0,False,1986.25,1987.25
1673,346,517,s,25,27.0,False,1986.25,1986.75
1674,350,58,s,25,31.0,False,1986.25,1987.75
1675,392,523,s,25,26.0,False,1986.25,1986.5
1676,554,28,s,25,32.0,False,1986.25,1988.0
1677,563,178,s,25,32.0,False,1986.25,1988.0
1678,579,318,s,25,26.0,False,1986.25,1986.5
1679,252,526,l,25,44.0,True,1986.25,1991.0
1680,265,51,l,25,128.0,True,1986.25,2012.0
1681,0,84,s,26,32.0,False,1986.5,1988.0
1682,9,217,s,26,27.0,False,1986.5,1986.75
1683,11,269,s,26,27.0,False,1986.5,1986.75
1684,23,310,s,26,26.0,False,1986.5,1986.5
1685,31,470,s,26,30.0,False,1986.5,1987.5
1686,36,389,s,26,26.0,False,1986.5,1986.5
1687,65,58,s,26,28.0,False,1986.5,1987.0
1688,157,239,s,26,27.0,False,1986.5,1986.75
1689,245,176,s,26,29.0,False,1986.5,1987.25
1690,252,44,s,26,36.0,False,1986.5,1989.0
1691,301,44,s,26,26.0,False,1986.5,1986.5
1692,301,178,s,26,31.0,False,1986.5,1987.75
1693,344,525,s,26,38.0,False,1986.5,1989.5
1694,392,304,s,26,29.0,False,1986.5,1987.25
1695,414,479,s,26,26.0,False,1986.5,1986.5
1696,476,5,s,26,26.0,False,1986.5,1986.5
1697,499,217,s,26,26.0,False,1986.5,1986.5
1698,4,462,s,26,33.0,False,1986.5,1988.25
1699,12,80,s,26,36.0,False,1986.5,1989.0
1700,31,42,s,26,29.0,False,1986.5,1987.25
1701,73,217,s,26,29.0,False,1986.5,1987.25
1702,90,397,s,26,30.0,False,1986.5,1987.5
1703,91,1,s,26,34.0,False,1986.5,1988.5
1704,102,185,s,26,30.0,False,1986.5,1987.5
1705,151,379,s,26,36.0,False,1986.5,1989.0
1706,186,217,s,26,47.0,False,1986.5,1991.75
1707,202,217,s,26,32.0,False,1986.5,1988.0
1708,206,613,s,26,30.0,False,1986.5,1987.5
1709,385,376,s,26,27.0,False,1986.5,1986.75
1710,414,339,s,26,28.0,False,1986.5,1987.0
1711,475,614,s,26,29.0,False,1986.5,1987.25
1712,476,372,s,26,27.0,False,1986.5,1986.75
1713,499,328,s,26,33.0,False,1986.5,1988.25
1714,550,526,s,26,26.0,False,1986.5,1986.5
1715,112,239,s,26,30.0,False,1986.5,1987.5
1716,112,528,s,26,28.0,False,1986.5,1987.0
1717,186,272,s,26,29.0,False,1986.5,1987.25
1718,245,440,s,26,35.0,False,1986.5,1988.75
1719,326,56,s,26,27.0,False,1986.5,1986.75
1720,388,526,s,26,27.0,False,1986.5,1986.75
1721,546,58,s,26,29.0,False,1986.5,1987.25
1722,554,613,s,26,31.0,False,1986.5,1987.75
1723,576,51,s,26,33.0,False,1986.5,1988.25
1724,36,521,l,26,172.0,True,1986.5,2023.0
1725,35,353,s,27,27.0,False,1986.75,1986.75
1726,36,29,s,27,28.0,False,1986.75,1987.0
1727,294,440,s,27,28.0,False,1986.75,1987.0
1728,301,5,s,27,28.0,False,1986.75,1987.0
1729,319,185,s,27,33.0,False,1986.75,1988.25
1730,346,353,s,27,28.0,False,1986.75,1987.0
1731,450,217,s,27,31.0,False,1986.75,1987.75
1732,545,232,s,27,29.0,False,1986.75,1987.25
1733,0,237,s,27,28.0,False,1986.75,1987.0
1734,0,436,s,27,29.0,False,1986.75,1987.25
1735,9,40,s,27,30.0,False,1986.75,1987.5
1736,31,168,s,27,36.0,False,1986.75,1989.0
1737,62,256,s,27,30.0,False,1986.75,1987.5
1738,187,284,s,27,34.0,False,1986.75,1988.5
1739,213,425,s,27,31.0,False,1986.75,1987.75
1740,290,217,s,27,30.0,False,1986.75,1987.5
1741,373,472,s,27,28.0,False,1986.75,1987.0
1742,546,461,s,27,30.0,False,1986.75,1987.5
1743,549,129,s,27,30.0,False,1986.75,1987.5
1744,563,1,s,27,30.0,False,1986.75,1987.5
1745,455,418,s,27,34.0,False,1986.75,1988.5
1746,172,150,s,27,31.0,False,1986.75,1987.75
1747,330,274,s,27,32.0,False,1986.75,1988.0
1748,553,45,s,27,29.0,False,1986.75,1987.25
1749,485,329,s,27,32.0,False,1986.75,1988.0
1750,23,532,s,27,28.0,False,1986.75,1987.0
1751,556,575,s,27,35.0,False,1986.75,1988.75
1752,127,516,s,27,28.0,False,1986.75,1987.0
1753,542,515,s,27,30.0,False,1986.75,1987.5
1754,460,236,s,27,35.0,False,1986.75,1988.75
1755,448,68,s,27,28.0,False,1986.75,1987.0
1756,579,244,s,27,36.0,False,1986.75,1989.0
1757,241,24,s,27,32.0,False,1986.75,1988.0
1758,0,462,s,27,32.0,False,1986.75,1988.0
1759,39,246,s,27,31.0,False,1986.75,1987.75
1760,117,86,s,27,29.0,False,1986.75,1987.25
1761,151,19,s,27,28.0,False,1986.75,1987.0
1762,153,134,s,27,38.0,False,1986.75,1989.5
1763,157,217,s,27,38.0,False,1986.75,1989.5
1764,167,217,s,27,30.0,False,1986.75,1987.5
1765,194,525,s,27,31.0,False,1986.75,1987.75
1766,200,389,s,27,29.0,False,1986.75,1987.25
1767,213,520,s,27,31.0,False,1986.75,1987.75
1768,444,247,s,27,33.0,False,1986.75,1988.25
1769,488,366,s,27,31.0,False,1986.75,1987.75
1770,493,517,s,27,29.0,False,1986.75,1987.25
1771,555,613,s,27,33.0,False,1986.75,1988.25
1772,490,342,l,27,83.0,True,1986.75,2000.75
1773,588,375,l,27,232.0,True,1986.75,2038.0
1774,6,51,s,28,28.0,False,1987.0,1987.0
1775,11,249,s,28,29.0,False,1987.0,1987.25
1776,30,486,s,28,29.0,False,1987.0,1987.25
1777,35,631,s,28,29.0,False,1987.0,1987.25
1778,37,354,s,28,28.0,False,1987.0,1987.0
1779,66,120,s,28,33.0,False,1987.0,1988.25
1780,66,532,s,28,31.0,False,1987.0,1987.75
1781,119,338,s,28,39.0,False,1987.0,1989.75
1782,119,524,s,28,41.0,False,1987.0,1990.25
1783,264,436,s,28,38.0,False,1987.0,1989.5
1784,288,59,s,28,28.0,False,1987.0,1987.0
1785,547,230,s,28,29.0,False,1987.0,1987.25
1786,553,42,s,28,34.0,False,1987.0,1988.5
1787,553,366,s,28,31.0,False,1987.0,1987.75
1788,36,304,s,28,28.0,False,1987.0,1987.0
1789,50,133,s,28,31.0,False,1987.0,1987.75
1790,66,353,s,28,39.0,False,1987.0,1989.75
1791,117,272,s,28,33.0,False,1987.0,1988.25
1792,119,525,s,28,43.0,False,1987.0,1990.75
1793,287,397,s,28,30.0,False,1987.0,1987.5
1794,288,513,s,28,29.0,False,1987.0,1987.25
1795,291,189,s,28,30.0,False,1987.0,1987.5
1796,373,269,s,28,29.0,False,1987.0,1987.25
1797,388,208,s,28,28.0,False,1987.0,1987.0
1798,466,29,s,28,32.0,False,1987.0,1988.0
1799,490,217,s,28,34.0,False,1987.0,1988.5
1800,0,101,s,28,34.0,False,1987.0,1988.5
1801,0,176,s,28,30.0,False,1987.0,1987.5
1802,66,178,s,28,40.0,False,1987.0,1990.0
1803,106,389,s,28,33.0,False,1987.0,1988.25
1804,251,334,s,28,38.0,False,1987.0,1989.5
1805,254,575,s,28,29.0,False,1987.0,1987.25
1806,266,397,s,28,32.0,False,1987.0,1988.0
1807,444,498,s,28,31.0,False,1987.0,1987.75
1808,466,339,s,28,42.0,False,1987.0,1990.5
1809,466,353,s,28,32.0,False,1987.0,1988.0
1810,0,461,s,29,31.0,False,1987.25,1987.75
1811,4,523,s,29,37.0,False,1987.25,1989.25
1812,6,40,s,29,31.0,False,1987.25,1987.75
1813,91,137,s,29,31.0,False,1987.25,1987.75
1814,121,342,s,29,29.0,False,1987.25,1987.25
1815,181,528,s,29,30.0,False,1987.25,1987.5
1816,187,516,s,29,29.0,False,1987.25,1987.25
1817,206,45,s,29,29.0,False,1987.25,1987.25
1818,252,174,s,29,34.0,False,1987.25,1988.5
1819,264,529,s,29,34.0,False,1987.25,1988.5
1820,358,440,s,29,42.0,False,1987.25,1990.5
1821,367,176,s,29,38.0,False,1987.25,1989.5
1822,373,239,s,29,30.0,False,1987.25,1987.5
1823,466,522,s,29,31.0,False,1987.25,1987.75
1824,485,405,s,29,29.0,False,1987.25,1987.25
1825,499,498,s,29,36.0,False,1987.25,1989.0
1826,12,29,s,29,31.0,False,1987.25,1987.75
1827,12,461,s,29,33.0,False,1987.25,1988.25
1828,21,613,s,29,43.0,False,1987.25,1990.75
1829,36,86,s,29,41.0,False,1987.25,1990.25
1830,90,170,s,29,32.0,False,1987.25,1988.0
1831,153,217,s,29,36.0,False,1987.25,1989.0
1832,153,239,s,29,38.0,False,1987.25,1989.5
1833,183,498,s,29,31.0,False,1987.25,1987.75
1834,203,516,s,29,40.0,False,1987.25,1990.0
1835,206,338,s,29,30.0,False,1987.25,1987.5
1836,213,516,s,29,33.0,False,1987.25,1988.25
1837,252,376,s,29,36.0,False,1987.25,1989.0
1838,326,100,s,29,34.0,False,1987.25,1988.5
1839,350,526,s,29,30.0,False,1987.25,1987.5
1840,362,189,s,29,33.0,False,1987.25,1988.25
1841,373,523,s,29,32.0,False,1987.25,1988.0
1842,385,174,s,29,30.0,False,1987.25,1987.5
1843,466,523,s,29,32.0,False,1987.25,1988.0
1844,476,526,s,29,35.0,False,1987.25,1988.75
1845,11,29,s,29,32.0,False,1987.25,1988.0
1846,30,339,s,29,34.0,False,1987.25,1988.5
1847,30,520,s,29,31.0,False,1987.25,1987.75
1848,112,436,s,29,32.0,False,1987.25,1988.0
1849,112,529,s,29,32.0,False,1987.25,1988.0
1850,145,470,s,29,35.0,False,1987.25,1988.75
1851,148,486,s,29,34.0,False,1987.25,1988.5
1852,153,522,s,29,31.0,False,1987.25,1987.75
1853,241,101,s,29,30.0,False,1987.25,1987.5
1854,242,522,s,29,35.0,False,1987.25,1988.75
1855,350,28,s,29,30.0,False,1987.25,1987.5
1856,391,232,s,29,30.0,False,1987.25,1987.5
1857,466,486,s,29,49.0,False,1987.25,1992.25
1858,473,178,s,29,37.0,False,1987.25,1989.25
1859,633,103,s,29,42.0,False,1987.25,1990.5
1860,12,524,l,29,153.0,True,1987.25,2018.25
1861,36,199,l,29,172.0,True,1987.25,2023.0
1862,206,168,l,29,72.0,True,1987.25,1998.0
1863,35,527,s,30,30.0,False,1987.5,1987.5
1864,39,84,s,30,30.0,False,1987.5,1987.5
1865,66,1,s,30,37.0,False,1987.5,1989.25
1866,66,249,s,30,34.0,False,1987.5,1988.5
1867,90,51,s,30,30.0,False,1987.5,1987.5
1868,181,524,s,30,30.0,False,1987.5,1987.5
1869,200,514,s,30,36.0,False,1987.5,1989.0
1870,326,239,s,30,31.0,False,1987.5,1987.75
1871,350,134,s,30,31.0,False,1987.5,1987.75
1872,381,234,s,30,38.0,False,1987.5,1989.5
1873,466,134,s,30,32.0,False,1987.5,1988.0
1874,555,162,s,30,32.0,False,1987.5,1988.0
1875,555,168,s,30,33.0,False,1987.5,1988.25
1876,12,523,s,30,31.0,False,1987.5,1987.75
1877,21,244,s,30,32.0,False,1987.5,1988.0
1878,31,56,s,30,32.0,False,1987.5,1988.0
1879,31,137,s,30,35.0,False,1987.5,1988.75
1880,39,42,s,30,30.0,False,1987.5,1987.5
1881,39,51,s,30,43.0,False,1987.5,1990.75
1882,39,338,s,30,32.0,False,1987.5,1988.0
1883,50,425,s,30,37.0,False,1987.5,1989.25
1884,88,237,s,30,35.0,False,1987.5,1988.75
1885,181,353,s,30,31.0,False,1987.5,1987.75
1886,213,51,s,30,32.0,False,1987.5,1988.0
1887,252,18,s,30,31.0,False,1987.5,1987.75
1888,340,517,s,30,31.0,False,1987.5,1987.75
1889,358,342,s,30,30.0,False,1987.5,1987.5
1890,362,199,s,30,35.0,False,1987.5,1988.75
1891,388,479,s,30,36.0,False,1987.5,1989.0
1892,475,136,s,30,39.0,False,1987.5,1989.75
1893,6,189,s,30,33.0,False,1987.5,1988.25
1894,12,3,s,30,32.0,False,1987.5,1988.0
1895,127,513,s,30,32.0,False,1987.5,1988.0
1896,194,528,s,30,36.0,False,1987.5,1989.0
1897,291,517,s,30,35.0,False,1987.5,1988.75
1898,346,239,s,30,40.0,False,1987.5,1990.0
1899,350,529,s,30,33.0,False,1987.5,1988.25
1900,408,353,s,30,41.0,False,1987.5,1990.25
1901,476,472,s,30,33.0,False,1987.5,1988.25
1902,493,430,s,30,32.0,False,1987.5,1988.0
1903,548,304,s,30,31.0,False,1987.5,1987.75
1904,548,440,s,30,33.0,False,1987.5,1988.25
1905,549,234,s,30,36.0,False,1987.5,1989.0
1906,553,137,s,30,31.0,False,1987.5,1987.75
1907,554,524,s,30,34.0,False,1987.5,1988.5
1908,563,162,s,30,35.0,False,1987.5,1988.75
1909,633,118,s,30,33.0,False,1987.5,1988.25
1910,6,86,l,30,148.0,True,1987.5,2017.0
1911,30,515,s,31,32.0,False,1987.75,1988.0
1912,88,217,s,31,34.0,False,1987.75,1988.5
1913,88,523,s,31,32.0,False,1987.75,1988.0
1914,242,284,s,31,40.0,False,1987.75,1990.0
1915,265,331,s,31,33.0,False,1987.75,1988.25
1916,383,498,s,31,34.0,False,1987.75,1988.5
1917,435,256,s,31,33.0,False,1987.75,1988.25
1918,544,217,s,31,39.0,False,1987.75,1989.75
1919,558,428,s,31,32.0,False,1987.75,1988.0
1920,579,68,s,31,34.0,False,1987.75,1988.5
1921,632,529,s,31,33.0,False,1987.75,1988.25
1922,73,529,s,31,34.0,False,1987.75,1988.5
1923,113,249,s,31,31.0,False,1987.75,1987.75
1924,145,199,s,31,32.0,False,1987.75,1988.0
1925,177,386,s,31,34.0,False,1987.75,1988.5
1926,215,1,s,31,33.0,False,1987.75,1988.25
1927,225,144,s,31,34.0,False,1987.75,1988.5
1928,241,180,s,31,37.0,False,1987.75,1989.25
1929,241,514,s,31,38.0,False,1987.75,1989.5
1930,362,527,s,31,31.0,False,1987.75,1987.75
1931,490,328,s,31,42.0,False,1987.75,1990.5
1932,543,274,s,31,32.0,False,1987.75,1988.0
1933,554,137,s,31,31.0,False,1987.75,1987.75
1934,563,44,s,31,33.0,False,1987.75,1988.25
1935,588,329,s,31,34.0,False,1987.75,1988.5
1936,542,95,s,31,41.0,False,1987.75,1990.25
1937,205,150,s,31,33.0,False,1987.75,1988.25
1938,427,154,s,31,32.0,False,1987.75,1988.0
1939,140,537,s,31,33.0,False,1987.75,1988.25
1940,26,374,s,31,34.0,False,1987.75,1988.5
1941,261,59,s,31,32.0,False,1987.75,1988.0
1942,484,347,s,31,41.0,False,1987.75,1990.25
1943,287,83,s,31,34.0,False,1987.75,1988.5
1944,341,69,s,31,39.0,False,1987.75,1989.75
1945,191,77,s,31,37.0,False,1987.75,1989.25
1946,551,530,s,31,32.0,False,1987.75,1988.0
1947,561,253,s,31,34.0,False,1987.75,1988.5
1948,31,314,s,31,32.0,False,1987.75,1988.0
1949,88,58,s,31,32.0,False,1987.75,1988.0
1950,140,19,s,31,41.0,False,1987.75,1990.25
1951,153,371,s,31,33.0,False,1987.75,1988.25
1952,235,101,s,31,36.0,False,1987.75,1989.0
1953,288,517,s,31,41.0,False,1987.75,1990.25
1954,367,239,s,31,46.0,False,1987.75,1991.5
1955,373,456,s,31,39.0,False,1987.75,1989.75
1956,406,110,s,31,34.0,False,1987.75,1988.5
1957,463,44,s,31,42.0,False,1987.75,1990.5
1958,463,84,s,31,38.0,False,1987.75,1989.5
1959,466,329,s,31,32.0,False,1987.75,1988.0
1960,466,520,s,31,39.0,False,1987.75,1989.75
1961,475,226,s,31,32.0,False,1987.75,1988.0
1962,476,134,s,31,46.0,False,1987.75,1991.5
1963,485,217,s,31,32.0,False,1987.75,1988.0
1964,555,354,s,31,36.0,False,1987.75,1989.0
1965,563,229,s,31,33.0,False,1987.75,1988.25
1966,576,513,s,31,32.0,False,1987.75,1988.0
1967,540,321,l,31,220.0,True,1987.75,2035.0
1968,41,272,s,32,44.0,False,1988.0,1991.0
1969,50,236,s,32,33.0,False,1988.0,1988.25
1970,153,86,s,32,35.0,False,1988.0,1988.75
1971,187,425,s,32,34.0,False,1988.0,1988.5
1972,197,175,s,32,33.0,False,1988.0,1988.25
1973,265,100,s,32,37.0,False,1988.0,1989.25
1974,350,520,s,32,35.0,False,1988.0,1988.75
1975,490,375,s,32,34.0,False,1988.0,1988.5
1976,540,329,s,32,32.0,False,1988.0,1988.0
1977,31,208,s,32,33.0,False,1988.0,1988.25
1978,36,208,s,32,38.0,False,1988.0,1989.5
1979,39,83,s,32,33.0,False,1988.0,1988.25
1980,88,405,s,32,40.0,False,1988.0,1990.0
1981,187,470,s,32,34.0,False,1988.0,1988.5
1982,213,461,s,32,36.0,False,1988.0,1989.0
1983,235,470,s,32,39.0,False,1988.0,1989.75
1984,266,176,s,32,37.0,False,1988.0,1989.25
1985,277,318,s,32,33.0,False,1988.0,1988.25
1986,316,329,s,32,32.0,False,1988.0,1988.0
1987,319,613,s,32,34.0,False,1988.0,1988.5
1988,336,371,s,32,37.0,False,1988.0,1989.25
1989,341,236,s,32,39.0,False,1988.0,1989.75
1990,373,32,s,32,36.0,False,1988.0,1989.0
1991,378,247,s,32,33.0,False,1988.0,1988.25
1992,542,139,s,32,34.0,False,1988.0,1988.5
1993,546,272,s,32,41.0,False,1988.0,1990.25
1994,548,516,s,32,38.0,False,1988.0,1989.5
1995,548,519,s,32,34.0,False,1988.0,1988.5
1996,554,436,s,32,33.0,False,1988.0,1988.25
1997,555,338,s,32,32.0,False,1988.0,1988.0
1998,91,3,s,32,39.0,False,1988.0,1989.75
1999,91,379,s,32,34.0,False,1988.0,1988.5
2000,145,42,s,32,34.0,False,1988.0,1988.5
2001,184,19,s,32,35.0,False,1988.0,1988.75
2002,187,521,s,32,33.0,False,1988.0,1988.25
2003,257,137,s,32,36.0,False,1988.0,1989.0
2004,315,40,s,32,38.0,False,1988.0,1989.5
2005,316,524,s,32,51.0,False,1988.0,1992.75
2006,326,304,s,32,35.0,False,1988.0,1988.75
2007,344,523,s,32,40.0,False,1988.0,1990.0
2008,362,470,s,32,33.0,False,1988.0,1988.25
2009,367,461,s,32,42.0,False,1988.0,1990.5
2010,444,24,s,32,41.0,False,1988.0,1990.25
2011,466,170,s,32,35.0,False,1988.0,1988.75
2012,475,379,s,32,33.0,False,1988.0,1988.25
2013,476,256,s,32,35.0,False,1988.0,1988.75
2014,543,115,s,32,33.0,False,1988.0,1988.25
2015,554,338,s,32,34.0,False,1988.0,1988.5
2016,31,528,l,32,81.0,True,1988.0,2000.25
2017,0,170,s,33,34.0,False,1988.25,1988.5
2018,71,237,s,33,35.0,False,1988.25,1988.75
2019,72,174,s,33,34.0,False,1988.25,1988.5
2020,90,397,s,33,35.0,False,1988.25,1988.75
2021,156,456,s,33,35.0,False,1988.25,1988.75
2022,181,304,s,33,35.0,False,1988.25,1988.75
2023,213,397,s,33,34.0,False,1988.25,1988.5
2024,241,461,s,33,35.0,False,1988.25,1988.75
2025,277,334,s,33,34.0,False,1988.25,1988.5
2026,301,226,s,33,33.0,False,1988.25,1988.25
2027,373,44,s,33,34.0,False,1988.25,1988.5
2028,373,115,s,33,34.0,False,1988.25,1988.5
2029,489,217,s,33,36.0,False,1988.25,1989.0
2030,632,33,s,33,34.0,False,1988.25,1988.5
2031,119,33,s,33,35.0,False,1988.25,1988.75
2032,121,522,s,33,34.0,False,1988.25,1988.5
2033,203,247,s,33,41.0,False,1988.25,1990.25
2034,242,524,s,33,38.0,False,1988.25,1989.5
2035,264,168,s,33,38.0,False,1988.25,1989.5
2036,288,389,s,33,37.0,False,1988.25,1989.25
2037,313,440,s,33,34.0,False,1988.25,1988.5
2038,346,230,s,33,34.0,False,1988.25,1988.5
2039,558,438,s,33,35.0,False,1988.25,1988.75
2040,91,529,s,33,35.0,False,1988.25,1988.75
2041,127,515,s,33,37.0,False,1988.25,1989.25
2042,212,521,s,33,34.0,False,1988.25,1988.5
2043,266,95,s,33,38.0,False,1988.25,1989.5
2044,295,321,s,33,38.0,False,1988.25,1989.5
2045,319,440,s,33,36.0,False,1988.25,1989.0
2046,362,354,s,33,36.0,False,1988.25,1989.0
2047,373,282,s,33,34.0,False,1988.25,1988.5
2048,383,440,s,33,39.0,False,1988.25,1989.75
2049,455,133,s,33,34.0,False,1988.25,1988.5
2050,555,229,s,33,35.0,False,1988.25,1988.75
2051,562,120,s,33,35.0,False,1988.25,1988.75
2052,264,100,l,33,88.0,True,1988.25,2002.0
2053,12,274,s,34,37.0,False,1988.5,1989.25
2054,21,1,s,34,38.0,False,1988.5,1989.5
2055,30,133,s,34,34.0,False,1988.5,1988.5
2056,39,244,s,34,34.0,False,1988.5,1988.5
2057,48,425,s,34,39.0,False,1988.5,1989.75
2058,90,470,s,34,36.0,False,1988.5,1989.0
2059,125,58,s,34,36.0,False,1988.5,1989.0
2060,141,40,s,34,37.0,False,1988.5,1989.25
2061,157,405,s,34,35.0,False,1988.5,1988.75
2062,181,139,s,34,38.0,False,1988.5,1989.5
2063,183,517,s,34,36.0,False,1988.5,1989.0
2064,187,199,s,34,39.0,False,1988.5,1989.75
2065,212,229,s,34,34.0,False,1988.5,1988.5
2066,212,237,s,34,36.0,False,1988.5,1989.0
2067,245,217,s,34,46.0,False,1988.5,1991.5
2068,277,136,s,34,38.0,False,1988.5,1989.5
2069,319,246,s,34,36.0,False,1988.5,1989.0
2070,326,105,s,34,54.0,False,1988.5,1993.5
2071,326,472,s,34,35.0,False,1988.5,1988.75
2072,408,613,s,34,34.0,False,1988.5,1988.5
2073,450,486,s,34,41.0,False,1988.5,1990.25
2074,463,42,s,34,34.0,False,1988.5,1988.5
2075,476,438,s,34,37.0,False,1988.5,1989.25
2076,544,230,s,34,38.0,False,1988.5,1989.5
2077,561,68,s,34,41.0,False,1988.5,1990.25
2078,31,353,s,34,36.0,False,1988.5,1989.0
2079,145,134,s,34,40.0,False,1988.5,1990.0
2080,153,170,s,34,42.0,False,1988.5,1990.5
2081,362,470,s,34,43.0,False,1988.5,1990.75
2082,373,525,s,34,41.0,False,1988.5,1990.25
2083,383,83,s,34,41.0,False,1988.5,1990.25
2084,553,529,s,34,39.0,False,1988.5,1989.75
2085,597,318,s,34,47.0,False,1988.5,1991.75
2086,0,371,s,34,36.0,False,1988.5,1989.0
2087,0,527,s,34,46.0,False,1988.5,1991.5
2088,73,613,s,34,40.0,False,1988.5,1990.0
2089,156,226,s,34,41.0,False,1988.5,1990.25
2090,156,525,s,34,45.0,False,1988.5,1991.25
2091,157,520,s,34,37.0,False,1988.5,1989.25
2092,200,80,s,34,39.0,False,1988.5,1989.75
2093,206,137,s,34,41.0,False,1988.5,1990.25
2094,212,239,s,34,45.0,False,1988.5,1991.25
2095,252,58,s,34,36.0,False,1988.5,1989.0
2096,290,176,s,34,36.0,False,1988.5,1989.0
2097,326,134,s,34,38.0,False,1988.5,1989.5
2098,326,199,s,34,36.0,False,1988.5,1989.0
2099,346,28,s,34,39.0,False,1988.5,1989.75
2100,383,389,s,34,40.0,False,1988.5,1990.0
2101,383,526,s,34,36.0,False,1988.5,1989.0
2102,408,176,s,34,38.0,False,1988.5,1989.5
2103,466,232,s,34,35.0,False,1988.5,1988.75
2104,485,208,s,34,39.0,False,1988.5,1989.75
2105,481,95,l,34,240.0,True,1988.5,2040.0
2106,392,445,l,34,208.0,True,1988.5,2032.0
2107,4,217,s,35,38.0,False,1988.75,1989.5
2108,6,272,s,35,39.0,False,1988.75,1989.75
2109,37,613,s,35,38.0,False,1988.75,1989.5
2110,39,174,s,35,44.0,False,1988.75,1991.0
2111,41,110,s,35,46.0,False,1988.75,1991.5
2112,145,32,s,35,42.0,False,1988.75,1990.5
2113,145,338,s,35,38.0,False,1988.75,1989.5
2114,167,461,s,35,39.0,False,1988.75,1989.75
2115,186,272,s,35,46.0,False,1988.75,1991.5
2116,213,440,s,35,40.0,False,1988.75,1990.0
2117,265,318,s,35,40.0,False,1988.75,1990.0
2118,266,397,s,35,37.0,False,1988.75,1989.25
2119,340,389,s,35,39.0,False,1988.75,1989.75
2120,392,520,s,35,38.0,False,1988.75,1989.5
2121,481,59,s,35,36.0,False,1988.75,1989.0
2122,481,196,s,35,39.0,False,1988.75,1989.75
2123,499,189,s,35,44.0,False,1988.75,1991.0
2124,550,517,s,35,35.0,False,1988.75,1988.75
2125,11,342,s,35,37.0,False,1988.75,1989.25
2126,11,524,s,35,35.0,False,1988.75,1988.75
2127,106,176,s,35,36.0,False,1988.75,1989.0
2128,145,440,s,35,36.0,False,1988.75,1989.0
2129,187,28,s,35,38.0,False,1988.75,1989.5
2130,336,29,s,35,46.0,False,1988.75,1991.5
2131,549,51,s,35,38.0,False,1988.75,1989.5
2132,556,103,s,35,37.0,False,1988.75,1989.25
2133,205,61,s,35,39.0,False,1988.75,1989.75
2134,483,497,s,35,38.0,False,1988.75,1989.5
2135,433,534,s,35,37.0,False,1988.75,1989.25
2136,545,55,s,35,38.0,False,1988.75,1989.5
2137,488,368,s,35,38.0,False,1988.75,1989.5
2138,616,538,s,35,36.0,False,1988.75,1989.0
2139,482,418,s,35,48.0,False,1988.75,1992.0
2140,414,387,s,35,36.0,False,1988.75,1989.0
2141,169,211,s,35,38.0,False,1988.75,1989.5
2142,285,224,s,35,37.0,False,1988.75,1989.25
2143,60,407,s,35,40.0,False,1988.75,1990.0
2144,64,222,s,35,37.0,False,1988.75,1989.25
2145,360,329,s,35,38.0,False,1988.75,1989.5
2146,632,575,s,35,37.0,False,1988.75,1989.25
2147,551,530,s,35,36.0,False,1988.75,1989.0
2148,53,146,s,35,38.0,False,1988.75,1989.5
2149,560,532,s,35,37.0,False,1988.75,1989.25
2150,197,293,s,35,37.0,False,1988.75,1989.25
2151,0,40,s,35,36.0,False,1988.75,1989.0
2152,4,515,s,35,36.0,False,1988.75,1989.0
2153,11,528,s,35,41.0,False,1988.75,1990.25
2154,64,224,s,35,43.0,False,1988.75,1990.75
2155,71,342,s,35,40.0,False,1988.75,1990.0
2156,72,310,s,35,36.0,False,1988.75,1989.0
2157,181,528,s,35,37.0,False,1988.75,1989.25
2158,190,517,s,35,36.0,False,1988.75,1989.0
2159,242,375,s,35,38.0,False,1988.75,1989.5
2160,277,137,s,35,40.0,False,1988.75,1990.0
2161,350,379,s,35,38.0,False,1988.75,1989.5
2162,383,217,s,35,38.0,False,1988.75,1989.5
2163,383,515,s,35,36.0,False,1988.75,1989.0
2164,433,185,s,35,37.0,False,1988.75,1989.25
2165,466,196,s,35,36.0,False,1988.75,1989.0
2166,483,28,s,35,49.0,False,1988.75,1992.25
2167,489,440,s,35,36.0,False,1988.75,1989.0
2168,550,236,s,35,40.0,False,1988.75,1990.0
2169,551,28,s,35,36.0,False,1988.75,1989.0
2170,71,521,l,35,152.0,True,1988.75,2018.0
2171,106,105,s,36,36.0,False,1989.0,1989.0
2172,119,3,s,36,45.0,False,1989.0,1991.25
2173,127,522,s,36,43.0,False,1989.0,1990.75
2174,212,525,s,36,47.0,False,1989.0,1991.75
2175,252,428,s,36,40.0,False,1989.0,1990.0
2176,350,353,s,36,37.0,False,1989.0,1989.25
2177,373,162,s,36,44.0,False,1989.0,1991.0
2178,383,239,s,36,37.0,False,1989.0,1989.25
2179,463,168,s,36,37.0,False,1989.0,1989.25
2180,466,222,s,36,37.0,False,1989.0,1989.25
2181,483,189,s,36,41.0,False,1989.0,1990.25
2182,543,461,s,36,36.0,False,1989.0,1989.0
2183,554,226,s,36,40.0,False,1989.0,1990.0
2184,616,1,s,36,37.0,False,1989.0,1989.25
2185,39,436,s,36,40.0,False,1989.0,1990.0
2186,66,162,s,36,36.0,False,1989.0,1989.0
2187,73,246,s,36,43.0,False,1989.0,1990.75
2188,88,249,s,36,42.0,False,1989.0,1990.5
2189,141,217,s,36,39.0,False,1989.0,1989.75
2190,186,529,s,36,37.0,False,1989.0,1989.25
2191,202,461,s,36,46.0,False,1989.0,1991.5
2192,252,217,s,36,37.0,False,1989.0,1989.25
2193,316,461,s,36,36.0,False,1989.0,1989.0
2194,341,371,s,36,44.0,False,1989.0,1991.0
2195,341,521,s,36,38.0,False,1989.0,1989.5
2196,414,461,s,36,42.0,False,1989.0,1990.5
2197,463,185,s,36,39.0,False,1989.0,1989.75
2198,483,517,s,36,43.0,False,1989.0,1990.75
2199,485,136,s,36,49.0,False,1989.0,1992.25
2200,550,33,s,36,37.0,False,1989.0,1989.25
2201,12,237,s,36,42.0,False,1989.0,1990.5
2202,21,246,s,36,38.0,False,1989.0,1989.5
2203,21,470,s,36,42.0,False,1989.0,1990.5
2204,36,3,s,36,37.0,False,1989.0,1989.25
2205,88,80,s,36,38.0,False,1989.0,1989.5
2206,127,304,s,36,37.0,False,1989.0,1989.25
2207,181,28,s,36,39.0,False,1989.0,1989.75
2208,191,101,s,36,37.0,False,1989.0,1989.25
2209,212,208,s,36,39.0,False,1989.0,1989.75
2210,212,436,s,36,43.0,False,1989.0,1990.75
2211,215,239,s,36,38.0,False,1989.0,1989.5
2212,288,139,s,36,42.0,False,1989.0,1990.5
2213,290,461,s,36,38.0,False,1989.0,1989.5
2214,295,515,s,36,43.0,False,1989.0,1990.75
2215,326,526,s,36,43.0,False,1989.0,1990.75
2216,391,217,s,36,38.0,False,1989.0,1989.5
2217,391,520,s,36,39.0,False,1989.0,1989.75
2218,433,105,s,36,48.0,False,1989.0,1992.0
2219,460,461,s,36,40.0,False,1989.0,1990.0
2220,463,83,s,36,41.0,False,1989.0,1990.25
2221,266,329,l,36,180.0,True,1989.0,2025.0
2222,245,520,l,36,123.0,True,1989.0,2010.75
2223,41,498,s,37,39.0,False,1989.25,1989.75
2224,64,440,s,37,38.0,False,1989.25,1989.5
2225,73,486,s,37,39.0,False,1989.25,1989.75
2226,90,389,s,37,37.0,False,1989.25,1989.25
2227,106,440,s,37,43.0,False,1989.25,1990.75
2228,206,529,s,37,44.0,False,1989.25,1991.0
2229,294,249,s,37,38.0,False,1989.25,1989.5
2230,344,174,s,37,40.0,False,1989.25,1990.0
2231,373,96,s,37,44.0,False,1989.25,1991.0
2232,383,51,s,37,43.0,False,1989.25,1990.75
2233,388,199,s,37,42.0,False,1989.25,1990.5
2234,391,329,s,37,39.0,False,1989.25,1989.75
2235,484,247,s,37,40.0,False,1989.25,1990.0
2236,490,237,s,37,37.0,False,1989.25,1989.25
2237,544,95,s,37,43.0,False,1989.25,1990.75
2238,546,139,s,37,40.0,False,1989.25,1990.0
2239,563,147,s,37,46.0,False,1989.25,1991.5
2240,656,226,s,37,40.0,False,1989.25,1990.0
2241,48,189,s,37,38.0,False,1989.25,1989.5
2242,53,410,s,37,42.0,False,1989.25,1990.5
2243,73,528,s,37,37.0,False,1989.25,1989.25
2244,181,479,s,37,41.0,False,1989.25,1990.25
2245,190,247,s,37,44.0,False,1989.25,1991.0
2246,213,40,s,37,40.0,False,1989.25,1990.0
2247,265,436,s,37,39.0,False,1989.25,1989.75
2248,277,33,s,37,37.0,False,1989.25,1989.25
2249,294,520,s,37,38.0,False,1989.25,1989.5
2250,362,170,s,37,38.0,False,1989.25,1989.5
2251,362,425,s,37,41.0,False,1989.25,1990.25
2252,367,236,s,37,38.0,False,1989.25,1989.5
2253,388,366,s,37,42.0,False,1989.25,1990.5
2254,433,520,s,37,40.0,False,1989.25,1990.0
2255,460,272,s,37,38.0,False,1989.25,1989.5
2256,476,338,s,37,43.0,False,1989.25,1990.75
2257,483,237,s,37,38.0,False,1989.25,1989.5
2258,542,440,s,37,38.0,False,1989.25,1989.5
2259,553,338,s,37,40.0,False,1989.25,1990.0
2260,559,137,s,37,43.0,False,1989.25,1990.75
2261,11,520,s,37,44.0,False,1989.25,1991.0
2262,31,208,s,37,38.0,False,1989.25,1989.5
2263,36,425,s,37,39.0,False,1989.25,1989.75
2264,39,170,s,37,40.0,False,1989.25,1990.0
2265,39,405,s,37,43.0,False,1989.25,1990.75
2266,91,425,s,37,38.0,False,1989.25,1989.5
2267,127,51,s,37,39.0,False,1989.25,1989.75
2268,141,139,s,37,40.0,False,1989.25,1990.0
2269,153,51,s,37,41.0,False,1989.25,1990.25
2270,153,256,s,37,43.0,False,1989.25,1990.75
2271,187,527,s,37,38.0,False,1989.25,1989.5
2272,197,328,s,37,42.0,False,1989.25,1990.5
2273,200,236,s,37,48.0,False,1989.25,1992.0
2274,242,40,s,37,38.0,False,1989.25,1989.5
2275,252,170,s,37,44.0,False,1989.25,1991.0
2276,316,379,s,37,39.0,False,1989.25,1989.75
2277,344,134,s,37,41.0,False,1989.25,1990.25
2278,378,199,s,37,48.0,False,1989.25,1992.0
2279,466,110,s,37,41.0,False,1989.25,1990.25
2280,485,239,s,37,39.0,False,1989.25,1989.75
2281,242,445,l,37,39.0,True,1989.25,1989.75
2282,4,514,s,38,38.0,False,1989.5,1989.5
2283,39,520,s,38,44.0,False,1989.5,1991.0
2284,39,524,s,38,40.0,False,1989.5,1990.0
2285,64,211,s,38,38.0,False,1989.5,1989.5
2286,71,407,s,38,40.0,False,1989.5,1990.0
2287,191,461,s,38,41.0,False,1989.5,1990.25
2288,265,289,s,38,40.0,False,1989.5,1990.0
2289,277,289,s,38,42.0,False,1989.5,1990.5
2290,373,613,s,38,39.0,False,1989.5,1989.75
2291,435,321,s,38,39.0,False,1989.5,1989.75
2292,466,521,s,38,39.0,False,1989.5,1989.75
2293,597,226,s,38,40.0,False,1989.5,1990.0
2294,17,174,s,38,46.0,False,1989.5,1991.5
2295,36,353,s,38,45.0,False,1989.5,1991.25
2296,125,405,s,38,43.0,False,1989.5,1990.75
2297,251,19,s,38,41.0,False,1989.5,1990.25
2298,326,100,s,38,39.0,False,1989.5,1989.75
2299,362,217,s,38,39.0,False,1989.5,1989.75
2300,476,470,s,38,50.0,False,1989.5,1992.5
2301,549,479,s,38,41.0,False,1989.5,1990.25
2302,555,524,s,38,41.0,False,1989.5,1990.25
2303,50,405,s,38,40.0,False,1989.5,1990.0
2304,117,239,s,38,40.0,False,1989.5,1990.0
2305,187,236,s,38,39.0,False,1989.5,1989.75
2306,294,439,s,38,43.0,False,1989.5,1990.75
2307,388,217,s,38,47.0,False,1989.5,1991.75
2308,392,230,s,38,41.0,False,1989.5,1990.25
2309,408,524,s,38,55.0,False,1989.5,1993.75
2310,475,366,s,38,47.0,False,1989.5,1991.75
2311,555,439,s,38,40.0,False,1989.5,1990.0
2312,588,189,s,38,39.0,False,1989.5,1989.75
2313,242,397,l,38,44.0,True,1989.5,1991.0
2314,36,354,s,39,42.0,False,1989.75,1990.5
2315,39,58,s,39,40.0,False,1989.75,1990.0
2316,62,105,s,39,41.0,False,1989.75,1990.25
2317,140,366,s,39,45.0,False,1989.75,1991.25
2318,187,461,s,39,45.0,False,1989.75,1991.25
2319,301,100,s,39,39.0,False,1989.75,1989.75
2320,346,40,s,39,39.0,False,1989.75,1989.75
2321,373,170,s,39,39.0,False,1989.75,1989.75
2322,482,375,s,39,40.0,False,1989.75,1990.0
2323,490,514,s,39,43.0,False,1989.75,1990.75
2324,499,101,s,39,46.0,False,1989.75,1991.5
2325,12,133,s,39,41.0,False,1989.75,1990.25
2326,73,470,s,39,45.0,False,1989.75,1991.25
2327,113,284,s,39,40.0,False,1989.75,1990.0
2328,206,472,s,39,43.0,False,1989.75,1990.75
2329,212,527,s,39,40.0,False,1989.75,1990.0
2330,212,529,s,39,43.0,False,1989.75,1990.75
2331,228,534,s,39,40.0,False,1989.75,1990.0
2332,277,530,s,39,40.0,False,1989.75,1990.0
2333,378,522,s,39,43.0,False,1989.75,1990.75
2334,408,217,s,39,53.0,False,1989.75,1993.25
2335,408,440,s,39,41.0,False,1989.75,1990.25
2336,444,347,s,39,41.0,False,1989.75,1990.25
2337,555,178,s,39,41.0,False,1989.75,1990.25
2338,562,438,s,39,43.0,False,1989.75,1990.75
2339,588,284,s,39,39.0,False,1989.75,1989.75
2340,654,237,s,39,43.0,False,1989.75,1990.75
2341,656,136,s,39,40.0,False,1989.75,1990.0
2342,657,19,s,39,39.0,False,1989.75,1989.75
2343,578,155,s,39,43.0,False,1989.75,1990.75
2344,330,293,s,39,45.0,False,1989.75,1991.25
2345,291,432,s,39,47.0,False,1989.75,1991.75
2346,248,211,s,39,45.0,False,1989.75,1991.25
2347,552,631,s,39,46.0,False,1989.75,1991.5
2348,577,532,s,39,45.0,False,1989.75,1991.25
2349,235,269,s,39,40.0,False,1989.75,1990.0
2350,161,437,s,39,42.0,False,1989.75,1990.5
2351,616,253,s,39,40.0,False,1989.75,1990.0
2352,163,275,s,39,40.0,False,1989.75,1990.0
2353,556,120,s,39,43.0,False,1989.75,1990.75
2354,632,42,s,39,48.0,False,1989.75,1992.0
2355,47,399,s,39,45.0,False,1989.75,1991.25
2356,313,274,s,39,41.0,False,1989.75,1990.25
2357,11,217,s,39,46.0,False,1989.75,1991.5
2358,11,470,s,39,46.0,False,1989.75,1991.5
2359,12,353,s,39,45.0,False,1989.75,1991.25
2360,17,334,s,39,40.0,False,1989.75,1990.0
2361,36,389,s,39,41.0,False,1989.75,1990.25
2362,39,236,s,39,42.0,False,1989.75,1990.5
2363,71,462,s,39,41.0,False,1989.75,1990.25
2364,88,338,s,39,41.0,False,1989.75,1990.25
2365,183,101,s,39,40.0,False,1989.75,1990.0
2366,184,318,s,39,46.0,False,1989.75,1991.5
2367,206,185,s,39,43.0,False,1989.75,1990.75
2368,215,19,s,39,40.0,False,1989.75,1990.0
2369,301,256,s,39,56.0,False,1989.75,1994.0
2370,450,40,s,39,45.0,False,1989.75,1991.25
2371,466,342,s,39,40.0,False,1989.75,1990.0
2372,475,226,s,39,44.0,False,1989.75,1991.0
2373,476,137,s,39,40.0,False,1989.75,1990.0
2374,482,269,s,39,40.0,False,1989.75,1990.0
2375,499,196,s,39,40.0,False,1989.75,1990.0
2376,562,472,s,39,45.0,False,1989.75,1991.25
2377,580,318,s,39,41.0,False,1989.75,1990.25
2378,656,631,s,39,40.0,False,1989.75,1990.0
2379,125,342,l,39,168.0,True,1989.75,2022.0
2380,172,423,l,39,,True,1989.75,
2381,187,134,l,39,88.0,True,1989.75,2002.0
2382,242,304,l,39,93.0,True,1989.75,2003.25
2383,36,461,s,40,40.0,False,1990.0,1990.0
2384,50,217,s,40,45.0,False,1990.0,1991.25
2385,127,440,s,40,59.0,False,1990.0,1994.75
2386,213,514,s,40,47.0,False,1990.0,1991.75
2387,215,527,s,40,40.0,False,1990.0,1990.0
2388,245,399,s,40,42.0,False,1990.0,1990.5
2389,291,293,s,40,40.0,False,1990.0,1990.0
2390,305,95,s,40,44.0,False,1990.0,1991.0
2391,373,456,s,40,43.0,False,1990.0,1990.75
2392,485,217,s,40,41.0,False,1990.0,1990.25
2393,490,217,s,40,47.0,False,1990.0,1991.75
2394,499,461,s,40,43.0,False,1990.0,1990.75
2395,561,372,s,40,48.0,False,1990.0,1992.0
2396,562,366,s,40,44.0,False,1990.0,1991.0
2397,36,479,s,40,41.0,False,1990.0,1990.25
2398,112,226,s,40,43.0,False,1990.0,1990.75
2399,145,282,s,40,41.0,False,1990.0,1990.25
2400,153,528,s,40,42.0,False,1990.0,1990.5
2401,181,33,s,40,41.0,False,1990.0,1990.25
2402,212,338,s,40,45.0,False,1990.0,1991.25
2403,305,520,s,40,41.0,False,1990.0,1990.25
2404,313,196,s,40,47.0,False,1990.0,1991.75
2405,373,28,s,40,41.0,False,1990.0,1990.25
2406,373,44,s,40,44.0,False,1990.0,1991.0
2407,373,86,s,40,41.0,False,1990.0,1990.25
2408,378,440,s,40,52.0,False,1990.0,1993.0
2409,381,526,s,40,41.0,False,1990.0,1990.25
2410,408,134,s,40,43.0,False,1990.0,1990.75
2411,556,532,s,40,42.0,False,1990.0,1990.5
2412,576,321,s,40,43.0,False,1990.0,1990.75
2413,577,289,s,40,43.0,False,1990.0,1990.75
2414,654,523,s,40,48.0,False,1990.0,1992.0
2415,36,136,s,40,41.0,False,1990.0,1990.25
2416,53,418,s,40,43.0,False,1990.0,1990.75
2417,64,517,s,40,43.0,False,1990.0,1990.75
2418,71,526,s,40,45.0,False,1990.0,1991.25
2419,73,237,s,40,42.0,False,1990.0,1990.5
2420,73,528,s,40,41.0,False,1990.0,1990.25
2421,148,282,s,40,44.0,False,1990.0,1991.0
2422,161,405,s,40,43.0,False,1990.0,1990.75
2423,186,498,s,40,41.0,False,1990.0,1990.25
2424,206,613,s,40,41.0,False,1990.0,1990.25
2425,257,354,s,40,45.0,False,1990.0,1991.25
2426,257,522,s,40,49.0,False,1990.0,1992.25
2427,288,425,s,40,42.0,False,1990.0,1990.5
2428,294,217,s,40,42.0,False,1990.0,1990.5
2429,340,439,s,40,42.0,False,1990.0,1990.5
2430,341,230,s,40,50.0,False,1990.0,1992.5
2431,358,29,s,40,47.0,False,1990.0,1991.75
2432,392,110,s,40,42.0,False,1990.0,1990.5
2433,429,525,s,40,44.0,False,1990.0,1991.0
2434,551,137,s,40,49.0,False,1990.0,1992.25
2435,555,526,s,40,44.0,False,1990.0,1991.0
2436,632,631,s,40,46.0,False,1990.0,1991.5
2437,141,105,l,40,191.0,True,1990.0,2027.75
2438,294,95,l,40,212.0,True,1990.0,2033.0
2439,102,33,s,41,44.0,False,1990.25,1991.0
2440,148,44,s,41,43.0,False,1990.25,1990.75
2441,187,170,s,41,45.0,False,1990.25,1991.25
2442,197,445,s,41,42.0,False,1990.25,1990.5
2443,406,405,s,41,54.0,False,1990.25,1993.5
2444,414,176,s,41,43.0,False,1990.25,1990.75
2445,562,532,s,41,46.0,False,1990.25,1991.5
2446,36,232,s,41,42.0,False,1990.25,1990.5
2447,41,425,s,41,46.0,False,1990.25,1991.5
2448,49,101,s,41,46.0,False,1990.25,1991.5
2449,66,372,s,41,42.0,False,1990.25,1990.5
2450,91,529,s,41,45.0,False,1990.25,1991.25
2451,119,170,s,41,49.0,False,1990.25,1992.25
2452,119,438,s,41,42.0,False,1990.25,1990.5
2453,187,486,s,41,46.0,False,1990.25,1991.5
2454,215,170,s,41,42.0,False,1990.25,1990.5
2455,323,293,s,41,49.0,False,1990.25,1992.25
2456,323,397,s,41,43.0,False,1990.25,1990.75
2457,363,243,s,41,44.0,False,1990.25,1991.0
2458,383,269,s,41,44.0,False,1990.25,1991.0
2459,408,51,s,41,42.0,False,1990.25,1990.5
2460,408,208,s,41,46.0,False,1990.25,1991.5
2461,408,526,s,41,42.0,False,1990.25,1990.5
2462,499,211,s,41,52.0,False,1990.25,1993.0
2463,559,631,s,41,47.0,False,1990.25,1991.75
2464,656,472,s,41,41.0,False,1990.25,1990.25
2465,656,631,s,41,41.0,False,1990.25,1990.25
2466,102,51,s,41,48.0,False,1990.25,1992.0
2467,172,133,s,41,51.0,False,1990.25,1992.75
2468,429,423,s,41,46.0,False,1990.25,1991.5
2469,476,366,s,41,43.0,False,1990.25,1990.75
2470,481,439,s,41,42.0,False,1990.25,1990.5
2471,499,515,s,41,49.0,False,1990.25,1992.25
2472,551,456,s,41,48.0,False,1990.25,1992.0
2473,553,405,s,41,45.0,False,1990.25,1991.25
2474,555,28,s,41,42.0,False,1990.25,1990.5
2475,577,456,s,41,43.0,False,1990.25,1990.75
2476,540,129,l,41,232.0,True,1990.25,2038.0
2477,37,529,l,41,102.0,True,1990.25,2005.5
2478,127,462,l,41,228.0,True,1990.25,2037.0
2479,41,236,s,42,44.0,False,1990.5,1991.0
2480,60,189,s,42,42.0,False,1990.5,1990.5
2481,64,272,s,42,55.0,False,1990.5,1993.75
2482,66,1,s,42,43.0,False,1990.5,1990.75
2483,73,520,s,42,42.0,False,1990.5,1990.5
2484,119,28,s,42,48.0,False,1990.5,1992.0
2485,181,462,s,42,45.0,False,1990.5,1991.25
2486,341,339,s,42,43.0,False,1990.5,1990.75
2487,358,129,s,42,51.0,False,1990.5,1992.75
2488,378,342,s,42,42.0,False,1990.5,1990.5
2489,391,389,s,42,43.0,False,1990.5,1990.75
2490,435,58,s,42,45.0,False,1990.5,1991.25
2491,493,139,s,42,43.0,False,1990.5,1990.75
2492,499,40,s,42,42.0,False,1990.5,1990.5
2493,540,516,s,42,44.0,False,1990.5,1991.0
2494,552,136,s,42,44.0,False,1990.5,1991.0
2495,552,208,s,42,43.0,False,1990.5,1990.75
2496,553,246,s,42,45.0,False,1990.5,1991.25
2497,563,83,s,42,48.0,False,1990.5,1992.0
2498,31,58,s,42,53.0,False,1990.5,1993.25
2499,156,530,s,42,42.0,False,1990.5,1990.5
2500,172,189,s,42,47.0,False,1990.5,1991.75
2501,235,243,s,42,47.0,False,1990.5,1991.75
2502,336,176,s,42,43.0,False,1990.5,1990.75
2503,388,239,s,42,64.0,False,1990.5,1996.0
2504,388,436,s,42,49.0,False,1990.5,1992.25
2505,485,170,s,42,47.0,False,1990.5,1991.75
2506,499,217,s,42,46.0,False,1990.5,1991.5
2507,551,176,s,42,43.0,False,1990.5,1990.75
2508,654,199,s,42,47.0,False,1990.5,1991.75
2509,654,236,s,42,49.0,False,1990.5,1992.25
2510,36,217,s,42,43.0,False,1990.5,1990.75
2511,90,517,s,42,47.0,False,1990.5,1991.75
2512,91,527,s,42,49.0,False,1990.5,1992.25
2513,102,256,s,42,44.0,False,1990.5,1991.0
2514,181,185,s,42,43.0,False,1990.5,1990.75
2515,206,461,s,42,43.0,False,1990.5,1990.75
2516,212,232,s,42,46.0,False,1990.5,1991.5
2517,252,438,s,42,44.0,False,1990.5,1991.0
2518,302,284,s,42,45.0,False,1990.5,1991.25
2519,373,110,s,42,44.0,False,1990.5,1991.0
2520,466,33,s,42,52.0,False,1990.5,1993.0
2521,473,372,s,42,45.0,False,1990.5,1991.25
2522,493,217,s,42,44.0,False,1990.5,1991.0
2523,499,51,s,42,44.0,False,1990.5,1991.0
2524,555,83,s,42,43.0,False,1990.5,1990.75
2525,73,461,l,42,47.0,True,1990.5,1991.75
2526,181,32,l,42,136.0,True,1990.5,2014.0
2527,466,29,l,42,96.0,True,1990.5,2004.0
2528,60,243,s,43,44.0,False,1990.75,1991.0
2529,112,134,s,43,51.0,False,1990.75,1992.75
2530,200,129,s,43,45.0,False,1990.75,1991.25
2531,363,321,s,43,44.0,False,1990.75,1991.0
2532,435,134,s,43,44.0,False,1990.75,1991.0
2533,475,462,s,43,48.0,False,1990.75,1992.0
2534,546,462,s,43,60.0,False,1990.75,1995.0
2535,550,523,s,43,44.0,False,1990.75,1991.0
2536,561,42,s,43,53.0,False,1990.75,1993.25
2537,36,32,s,43,43.0,False,1990.75,1990.75
2538,41,469,s,43,45.0,False,1990.75,1991.25
2539,62,56,s,43,51.0,False,1990.75,1992.75
2540,125,32,s,43,44.0,False,1990.75,1991.0
2541,203,284,s,43,45.0,False,1990.75,1991.25
2542,215,136,s,43,43.0,False,1990.75,1990.75
2543,248,375,s,43,44.0,False,1990.75,1991.0
2544,277,372,s,43,45.0,False,1990.75,1991.25
2545,463,170,s,43,43.0,False,1990.75,1990.75
2546,466,189,s,43,49.0,False,1990.75,1992.25
2547,466,284,s,43,45.0,False,1990.75,1991.25
2548,466,328,s,43,77.0,False,1990.75,1999.25
2549,485,133,s,43,50.0,False,1990.75,1992.5
2550,493,526,s,43,44.0,False,1990.75,1991.0
2551,543,29,s,43,44.0,False,1990.75,1991.0
2552,558,334,s,43,44.0,False,1990.75,1991.0
2553,656,33,s,43,45.0,False,1990.75,1991.25
2554,396,77,s,43,50.0,False,1990.75,1992.5
2555,340,518,s,43,46.0,False,1990.75,1991.5
2556,81,84,s,43,44.0,False,1990.75,1991.0
2557,191,407,s,43,47.0,False,1990.75,1991.75
2558,214,146,s,43,44.0,False,1990.75,1991.0
2559,34,512,s,43,52.0,False,1990.75,1993.0
2560,539,132,s,43,59.0,False,1990.75,1994.75
2561,545,465,s,43,45.0,False,1990.75,1991.25
2562,161,513,s,43,47.0,False,1990.75,1991.75
2563,547,519,s,43,44.0,False,1990.75,1991.0
2564,484,307,s,43,44.0,False,1990.75,1991.0
2565,152,61,s,43,45.0,False,1990.75,1991.25
2566,285,574,s,43,44.0,False,1990.75,1991.0
2567,657,111,s,43,47.0,False,1990.75,1991.75
2568,380,615,s,43,50.0,False,1990.75,1992.5
2569,548,379,s,43,48.0,False,1990.75,1992.0
2570,35,253,s,43,47.0,False,1990.75,1991.75
2571,17,456,s,43,49.0,False,1990.75,1992.25
2572,62,83,s,43,52.0,False,1990.75,1993.0
2573,62,226,s,43,46.0,False,1990.75,1991.5
2574,64,518,s,43,45.0,False,1990.75,1991.25
2575,66,83,s,43,47.0,False,1990.75,1991.75
2576,106,237,s,43,54.0,False,1990.75,1993.5
2577,119,342,s,43,48.0,False,1990.75,1992.0
2578,186,472,s,43,49.0,False,1990.75,1992.25
2579,213,80,s,43,44.0,False,1990.75,1991.0
2580,213,146,s,43,46.0,False,1990.75,1991.5
2581,313,24,s,43,47.0,False,1990.75,1991.75
2582,476,613,s,43,44.0,False,1990.75,1991.0
2583,499,470,s,43,48.0,False,1990.75,1992.0
2584,551,96,s,43,44.0,False,1990.75,1991.0
2585,577,528,s,43,45.0,False,1990.75,1991.25
2586,414,321,l,43,220.0,True,1990.75,2035.0
2587,65,224,l,43,152.0,True,1990.75,2018.0
2588,6,133,s,44,48.0,False,1991.0,1992.0
2589,31,527,s,44,50.0,False,1991.0,1992.5
2590,41,293,s,44,47.0,False,1991.0,1991.75
2591,121,237,s,44,45.0,False,1991.0,1991.25
2592,148,613,s,44,46.0,False,1991.0,1991.5
2593,191,211,s,44,49.0,False,1991.0,1992.25
2594,248,469,s,44,44.0,False,1991.0,1991.0
2595,248,498,s,44,45.0,False,1991.0,1991.25
2596,291,462,s,44,48.0,False,1991.0,1992.0
2597,295,371,s,44,49.0,False,1991.0,1992.25
2598,391,514,s,44,53.0,False,1991.0,1993.25
2599,482,453,s,44,61.0,False,1991.0,1995.25
2600,546,232,s,44,48.0,False,1991.0,1992.0
2601,549,523,s,44,44.0,False,1991.0,1991.0
2602,550,40,s,44,55.0,False,1991.0,1993.75
2603,555,461,s,44,50.0,False,1991.0,1992.5
2604,558,42,s,44,44.0,False,1991.0,1991.0
2605,578,282,s,44,47.0,False,1991.0,1991.75
2606,656,486,s,44,47.0,False,1991.0,1991.75
2607,60,217,s,44,45.0,False,1991.0,1991.25
2608,71,139,s,44,48.0,False,1991.0,1992.0
2609,88,269,s,44,44.0,False,1991.0,1991.0
2610,117,439,s,44,53.0,False,1991.0,1993.25
2611,119,353,s,44,49.0,False,1991.0,1992.25
2612,141,440,s,44,49.0,False,1991.0,1992.25
2613,145,462,s,44,46.0,False,1991.0,1991.5
2614,167,423,s,44,47.0,False,1991.0,1991.75
2615,295,243,s,44,45.0,False,1991.0,1991.25
2616,301,84,s,44,47.0,False,1991.0,1991.75
2617,455,512,s,44,45.0,False,1991.0,1991.25
2618,546,110,s,44,44.0,False,1991.0,1991.0
2619,588,284,s,44,50.0,False,1991.0,1992.5
2620,31,84,s,44,52.0,False,1991.0,1993.0
2621,177,155,s,44,47.0,False,1991.0,1991.75
2622,187,353,s,44,51.0,False,1991.0,1992.75
2623,277,472,s,44,49.0,False,1991.0,1992.25
2624,294,129,s,44,47.0,False,1991.0,1991.75
2625,294,139,s,44,51.0,False,1991.0,1992.75
2626,330,230,s,44,46.0,False,1991.0,1991.5
2627,350,479,s,44,46.0,False,1991.0,1991.5
2628,408,246,s,44,45.0,False,1991.0,1991.25
2629,466,470,s,44,45.0,False,1991.0,1991.25
2630,490,247,s,44,56.0,False,1991.0,1994.0
2631,554,524,s,44,46.0,False,1991.0,1991.5
2632,294,175,l,44,212.0,True,1991.0,2033.0
2633,145,524,l,44,61.0,True,1991.0,1995.25
2634,11,133,s,45,45.0,False,1991.25,1991.25
2635,35,461,s,45,47.0,False,1991.25,1991.75
2636,36,51,s,45,51.0,False,1991.25,1992.75
2637,71,51,s,45,46.0,False,1991.25,1991.5
2638,187,520,s,45,56.0,False,1991.25,1994.0
2639,215,523,s,45,48.0,False,1991.25,1992.0
2640,242,217,s,45,48.0,False,1991.25,1992.0
2641,378,375,s,45,56.0,False,1991.25,1994.0
2642,408,32,s,45,51.0,False,1991.25,1992.75
2643,433,232,s,45,46.0,False,1991.25,1991.5
2644,499,399,s,45,48.0,False,1991.25,1992.0
2645,545,399,s,45,45.0,False,1991.25,1991.25
2646,559,269,s,45,65.0,False,1991.25,1996.25
2647,577,44,s,45,56.0,False,1991.25,1994.0
2648,90,189,s,45,46.0,False,1991.25,1991.5
2649,90,461,s,45,58.0,False,1991.25,1994.5
2650,117,170,s,45,49.0,False,1991.25,1992.25
2651,127,189,s,45,46.0,False,1991.25,1991.5
2652,167,217,s,45,48.0,False,1991.25,1992.0
2653,241,517,s,45,46.0,False,1991.25,1991.5
2654,242,518,s,45,45.0,False,1991.25,1991.25
2655,248,243,s,45,50.0,False,1991.25,1992.5
2656,291,196,s,45,46.0,False,1991.25,1991.5
2657,294,101,s,45,47.0,False,1991.25,1991.75
2658,294,520,s,45,47.0,False,1991.25,1991.75
2659,313,321,s,45,51.0,False,1991.25,1992.75
2660,336,129,s,45,46.0,False,1991.25,1991.5
2661,360,77,s,45,47.0,False,1991.25,1991.75
2662,363,243,s,45,46.0,False,1991.25,1991.5
2663,391,77,s,45,45.0,False,1991.25,1991.25
2664,444,440,s,45,47.0,False,1991.25,1991.75
2665,493,328,s,45,59.0,False,1991.25,1994.75
2666,561,318,s,45,47.0,False,1991.25,1991.75
2667,11,139,s,45,52.0,False,1991.25,1993.0
2668,12,32,s,45,47.0,False,1991.25,1991.75
2669,35,44,s,45,55.0,False,1991.25,1993.75
2670,36,525,s,45,46.0,False,1991.25,1991.5
2671,41,247,s,45,58.0,False,1991.25,1994.5
2672,62,379,s,45,47.0,False,1991.25,1991.75
2673,113,462,s,45,46.0,False,1991.25,1991.5
2674,117,236,s,45,46.0,False,1991.25,1991.5
2675,119,282,s,45,55.0,False,1991.25,1993.75
2676,172,517,s,45,58.0,False,1991.25,1994.5
2677,187,256,s,45,49.0,False,1991.25,1992.25
2678,245,521,s,45,55.0,False,1991.25,1993.75
2679,288,514,s,45,47.0,False,1991.25,1991.75
2680,358,517,s,45,46.0,False,1991.25,1991.5
2681,466,86,s,45,47.0,False,1991.25,1991.75
2682,466,439,s,45,46.0,False,1991.25,1991.5
2683,485,176,s,45,51.0,False,1991.25,1992.75
2684,485,519,s,45,54.0,False,1991.25,1993.5
2685,62,289,l,45,112.0,True,1991.25,2008.0
2686,187,529,l,45,124.0,True,1991.25,2011.0
2687,37,217,s,46,48.0,False,1991.5,1992.0
2688,79,243,s,46,47.0,False,1991.5,1991.75
2689,125,232,s,46,47.0,False,1991.5,1991.75
2690,127,461,s,46,53.0,False,1991.5,1993.25
2691,156,162,s,46,47.0,False,1991.5,1991.75
2692,172,196,s,46,51.0,False,1991.5,1992.75
2693,192,40,s,46,50.0,False,1991.5,1992.5
2694,203,519,s,46,59.0,False,1991.5,1994.75
2695,215,100,s,46,58.0,False,1991.5,1994.5
2696,336,517,s,46,55.0,False,1991.5,1993.75
2697,362,139,s,46,48.0,False,1991.5,1992.0
2698,540,95,s,46,51.0,False,1991.5,1992.75
2699,555,249,s,46,51.0,False,1991.5,1992.75
2700,555,366,s,46,53.0,False,1991.5,1993.25
2701,31,461,s,46,47.0,False,1991.5,1991.75
2702,36,170,s,46,48.0,False,1991.5,1992.0
2703,36,526,s,46,46.0,False,1991.5,1991.5
2704,66,613,s,46,50.0,False,1991.5,1992.5
2705,181,44,s,46,46.0,False,1991.5,1991.5
2706,215,342,s,46,50.0,False,1991.5,1992.5
2707,316,237,s,46,48.0,False,1991.5,1992.0
2708,422,439,s,46,47.0,False,1991.5,1991.75
2709,466,32,s,46,48.0,False,1991.5,1992.0
2710,549,339,s,46,46.0,False,1991.5,1991.5
2711,549,440,s,46,48.0,False,1991.5,1992.0
2712,554,526,s,46,46.0,False,1991.5,1991.5
2713,0,439,s,46,48.0,False,1991.5,1992.0
2714,12,439,s,46,52.0,False,1991.5,1993.0
2715,36,40,s,46,51.0,False,1991.5,1992.75
2716,41,24,s,46,47.0,False,1991.5,1991.75
2717,50,249,s,46,54.0,False,1991.5,1993.5
2718,88,526,s,46,48.0,False,1991.5,1992.0
2719,159,230,s,46,53.0,False,1991.5,1993.25
2720,181,354,s,46,50.0,False,1991.5,1992.5
2721,186,521,s,46,48.0,False,1991.5,1992.0
2722,202,399,s,46,48.0,False,1991.5,1992.0
2723,206,239,s,46,48.0,False,1991.5,1992.0
2724,241,418,s,46,54.0,False,1991.5,1993.5
2725,288,170,s,46,47.0,False,1991.5,1991.75
2726,323,519,s,46,54.0,False,1991.5,1993.5
2727,346,249,s,46,54.0,False,1991.5,1993.5
2728,383,529,s,46,49.0,False,1991.5,1992.25
2729,476,256,s,46,47.0,False,1991.5,1991.75
2730,484,133,s,46,51.0,False,1991.5,1992.75
2731,0,514,l,46,156.0,True,1991.5,2019.0
2732,71,236,l,46,232.0,True,1991.5,2038.0
2733,4,498,s,47,51.0,False,1991.75,1992.75
2734,12,405,s,47,56.0,False,1991.75,1994.0
2735,37,110,s,47,49.0,False,1991.75,1992.25
2736,62,28,s,47,49.0,False,1991.75,1992.25
2737,153,100,s,47,53.0,False,1991.75,1993.25
2738,242,329,s,47,49.0,False,1991.75,1992.25
2739,350,199,s,47,49.0,False,1991.75,1992.25
2740,350,529,s,47,54.0,False,1991.75,1993.5
2741,367,461,s,47,47.0,False,1991.75,1991.75
2742,383,379,s,47,51.0,False,1991.75,1992.75
2743,559,162,s,47,49.0,False,1991.75,1992.25
2744,652,189,s,47,51.0,False,1991.75,1992.75
2745,4,236,s,47,48.0,False,1991.75,1992.0
2746,11,217,s,47,48.0,False,1991.75,1992.0
2747,37,526,s,47,48.0,False,1991.75,1992.0
2748,65,440,s,47,49.0,False,1991.75,1992.25
2749,88,129,s,47,50.0,False,1991.75,1992.5
2750,112,527,s,47,51.0,False,1991.75,1992.75
2751,141,217,s,47,49.0,False,1991.75,1992.25
2752,215,33,s,47,54.0,False,1991.75,1993.5
2753,241,95,s,47,52.0,False,1991.75,1993.0
2754,341,133,s,47,54.0,False,1991.75,1993.5
2755,408,282,s,47,51.0,False,1991.75,1992.75
2756,414,132,s,47,47.0,False,1991.75,1991.75
2757,543,371,s,47,48.0,False,1991.75,1992.0
2758,552,162,s,47,51.0,False,1991.75,1992.75
2759,555,282,s,47,49.0,False,1991.75,1992.25
2760,652,498,s,47,47.0,False,1991.75,1991.75
2761,653,418,s,47,47.0,False,1991.75,1991.75
2762,79,75,s,47,51.0,False,1991.75,1992.75
2763,152,296,s,47,48.0,False,1991.75,1992.0
2764,26,146,s,47,48.0,False,1991.75,1992.0
2765,47,63,s,47,50.0,False,1991.75,1992.5
2766,427,410,s,47,49.0,False,1991.75,1992.25
2767,332,61,s,47,49.0,False,1991.75,1992.25
2768,556,431,s,47,50.0,False,1991.75,1992.5
2769,560,155,s,47,50.0,False,1991.75,1992.5
2770,204,345,s,47,55.0,False,1991.75,1993.75
2771,214,574,s,47,48.0,False,1991.75,1992.0
2772,578,331,s,47,49.0,False,1991.75,1992.25
2773,46,54,s,47,49.0,False,1991.75,1992.25
2774,541,432,s,47,51.0,False,1991.75,1992.75
2775,305,274,s,47,48.0,False,1991.75,1992.0
2776,673,178,s,47,48.0,False,1991.75,1992.0
2777,140,671,s,47,56.0,False,1991.75,1994.0
2778,254,103,s,47,48.0,False,1991.75,1992.0
2779,655,533,s,47,50.0,False,1991.75,1992.5
2780,553,368,s,47,53.0,False,1991.75,1993.25
2781,35,56,s,47,48.0,False,1991.75,1992.0
2782,36,342,s,47,61.0,False,1991.75,1995.25
2783,37,236,s,47,54.0,False,1991.75,1993.5
2784,62,249,s,47,53.0,False,1991.75,1993.25
2785,64,40,s,47,51.0,False,1991.75,1992.75
2786,66,249,s,47,49.0,False,1991.75,1992.25
2787,88,472,s,47,51.0,False,1991.75,1992.75
2788,190,515,s,47,48.0,False,1991.75,1992.0
2789,241,54,s,47,51.0,False,1991.75,1992.75
2790,346,137,s,47,51.0,False,1991.75,1992.75
2791,367,520,s,47,53.0,False,1991.75,1993.25
2792,433,56,s,47,53.0,False,1991.75,1993.25
2793,460,95,s,47,51.0,False,1991.75,1992.75
2794,476,134,s,47,50.0,False,1991.75,1992.5
2795,485,110,s,47,49.0,False,1991.75,1992.25
2796,541,24,s,47,48.0,False,1991.75,1992.0
2797,552,405,s,47,55.0,False,1991.75,1993.75
2798,556,1,s,47,49.0,False,1991.75,1992.25
2799,153,379,l,47,80.0,True,1991.75,2000.0
2800,257,514,l,47,121.0,True,1991.75,2010.25
2801,12,176,s,48,50.0,False,1992.0,1992.5
2802,37,232,s,48,49.0,False,1992.0,1992.25
2803,62,86,s,48,49.0,False,1992.0,1992.25
2804,79,328,s,48,54.0,False,1992.0,1993.5
2805,88,304,s,48,58.0,False,1992.0,1994.5
2806,91,405,s,48,51.0,False,1992.0,1992.75
2807,113,189,s,48,51.0,False,1992.0,1992.75
2808,192,236,s,48,48.0,False,1992.0,1992.0
2809,192,517,s,48,51.0,False,1992.0,1992.75
2810,235,61,s,48,48.0,False,1992.0,1992.0
2811,248,296,s,48,54.0,False,1992.0,1993.5
2812,266,405,s,48,50.0,False,1992.0,1992.5
2813,295,243,s,48,51.0,False,1992.0,1992.75
2814,302,371,s,48,50.0,False,1992.0,1992.5
2815,305,133,s,48,53.0,False,1992.0,1993.25
2816,483,461,s,48,51.0,False,1992.0,1992.75
2817,0,217,s,48,51.0,False,1992.0,1992.75
2818,4,189,s,48,54.0,False,1992.0,1993.5
2819,12,304,s,48,55.0,False,1992.0,1993.75
2820,12,342,s,48,50.0,False,1992.0,1992.5
2821,47,515,s,48,49.0,False,1992.0,1992.25
2822,62,329,s,48,55.0,False,1992.0,1993.75
2823,206,353,s,48,51.0,False,1992.0,1992.75
2824,257,137,s,48,51.0,False,1992.0,1992.75
2825,294,189,s,48,51.0,False,1992.0,1992.75
2826,396,515,s,48,49.0,False,1992.0,1992.25
2827,554,44,s,48,53.0,False,1992.0,1993.25
2828,556,100,s,48,52.0,False,1992.0,1993.0
2829,41,293,s,48,50.0,False,1992.0,1992.5
2830,47,432,s,48,71.0,False,1992.0,1997.75
2831,112,111,s,48,52.0,False,1992.0,1993.0
2832,187,269,s,48,50.0,False,1992.0,1992.5
2833,241,462,s,48,57.0,False,1992.0,1994.25
2834,264,185,s,48,50.0,False,1992.0,1992.5
2835,266,445,s,48,56.0,False,1992.0,1994.0
2836,362,133,s,48,51.0,False,1992.0,1992.75
2837,385,368,s,48,49.0,False,1992.0,1992.25
2838,391,54,s,48,54.0,False,1992.0,1993.5
2839,466,133,s,48,49.0,False,1992.0,1992.25
2840,540,416,s,48,50.0,False,1992.0,1992.5
2841,553,100,s,48,53.0,False,1992.0,1993.25
2842,555,44,s,48,55.0,False,1992.0,1993.75
2843,654,328,s,48,50.0,False,1992.0,1992.5
2844,483,418,l,48,140.0,True,1992.0,2015.0
2845,0,29,l,48,96.0,True,1992.0,2004.0
2846,340,284,l,48,,True,1992.0,
2847,4,236,s,49,54.0,False,1992.25,1993.5
2848,12,353,s,49,52.0,False,1992.25,1993.0
2849,36,136,s,49,51.0,False,1992.25,1992.75
2850,48,527,s,49,50.0,False,1992.25,1992.5
2851,62,136,s,49,61.0,False,1992.25,1995.25
2852,62,354,s,49,52.0,False,1992.25,1993.0
2853,64,432,s,49,52.0,False,1992.25,1993.0
2854,125,51,s,49,50.0,False,1992.25,1992.5
2855,125,353,s,49,49.0,False,1992.25,1992.25
2856,167,389,s,49,57.0,False,1992.25,1994.25
2857,291,63,s,49,50.0,False,1992.25,1992.5
2858,291,515,s,49,51.0,False,1992.25,1992.75
2859,302,133,s,49,51.0,False,1992.25,1992.75
2860,380,118,s,49,49.0,False,1992.25,1992.25
2861,476,289,s,49,58.0,False,1992.25,1994.5
2862,493,379,s,49,53.0,False,1992.25,1993.25
2863,558,338,s,49,50.0,False,1992.25,1992.5
2864,652,95,s,49,53.0,False,1992.25,1993.25
2865,6,243,s,49,52.0,False,1992.25,1993.0
2866,35,84,s,49,52.0,False,1992.25,1993.0
2867,36,134,s,49,53.0,False,1992.25,1993.25
2868,50,432,s,49,51.0,False,1992.25,1992.75
2869,79,54,s,49,50.0,False,1992.25,1992.5
2870,81,170,s,49,56.0,False,1992.25,1994.0
2871,102,110,s,49,52.0,False,1992.25,1993.0
2872,102,613,s,49,53.0,False,1992.25,1993.25
2873,106,249,s,49,50.0,False,1992.25,1992.5
2874,156,56,s,49,51.0,False,1992.25,1992.75
2875,206,282,s,49,51.0,False,1992.25,1992.75
2876,242,371,s,49,57.0,False,1992.25,1994.25
2877,248,224,s,49,52.0,False,1992.25,1993.0
2878,257,461,s,49,52.0,False,1992.25,1993.0
2879,313,375,s,49,52.0,False,1992.25,1993.0
2880,326,472,s,49,51.0,False,1992.25,1992.75
2881,388,405,s,49,51.0,False,1992.25,1992.75
2882,577,520,s,49,56.0,False,1992.25,1994.0
2883,654,498,s,49,49.0,False,1992.25,1992.25
2884,11,405,s,49,53.0,False,1992.25,1993.25
2885,11,521,s,49,52.0,False,1992.25,1993.0
2886,35,33,s,49,54.0,False,1992.25,1993.5
2887,35,272,s,49,50.0,False,1992.25,1992.5
2888,36,84,s,49,53.0,False,1992.25,1993.25
2889,73,338,s,49,53.0,False,1992.25,1993.25
2890,148,105,s,49,63.0,False,1992.25,1995.75
2891,181,105,s,49,50.0,False,1992.25,1992.5
2892,350,232,s,49,58.0,False,1992.25,1994.5
2893,444,236,s,49,51.0,False,1992.25,1992.75
2894,499,95,s,49,62.0,False,1992.25,1995.5
2895,541,423,s,49,51.0,False,1992.25,1992.75
2896,550,461,s,49,57.0,False,1992.25,1994.25
2897,577,32,l,49,168.0,True,1992.25,2022.0
2898,11,176,s,50,58.0,False,1992.5,1994.5
2899,12,462,s,50,56.0,False,1992.5,1994.0
2900,41,32,s,50,50.0,False,1992.5,1992.5
2901,65,470,s,50,51.0,False,1992.5,1992.75
2902,141,418,s,50,50.0,False,1992.5,1992.5
2903,388,613,s,50,53.0,False,1992.5,1993.25
2904,408,237,s,50,50.0,False,1992.5,1992.5
2905,548,32,s,50,51.0,False,1992.5,1992.75
2906,6,170,s,50,51.0,False,1992.5,1992.75
2907,11,479,s,50,52.0,False,1992.5,1993.0
2908,26,453,s,50,57.0,False,1992.5,1994.25
2909,87,274,s,50,51.0,False,1992.5,1992.75
2910,88,256,s,50,51.0,False,1992.5,1992.75
2911,313,453,s,50,51.0,False,1992.5,1992.75
2912,332,399,s,50,57.0,False,1992.5,1994.25
2913,346,461,s,50,56.0,False,1992.5,1994.0
2914,363,375,s,50,61.0,False,1992.5,1995.25
2915,378,371,s,50,52.0,False,1992.5,1993.0
2916,475,84,s,50,62.0,False,1992.5,1995.5
2917,654,170,s,50,59.0,False,1992.5,1994.75
2918,36,105,s,50,58.0,False,1992.5,1994.5
2919,37,28,s,50,61.0,False,1992.5,1995.25
2920,79,274,s,50,56.0,False,1992.5,1994.0
2921,117,217,s,50,55.0,False,1992.5,1993.75
2922,125,425,s,50,51.0,False,1992.5,1992.75
2923,125,524,s,50,59.0,False,1992.5,1994.75
2924,187,84,s,50,61.0,False,1992.5,1995.25
2925,191,375,s,50,64.0,False,1992.5,1996.0
2926,203,416,s,50,54.0,False,1992.5,1993.5
2927,212,354,s,50,52.0,False,1992.5,1993.0
2928,277,83,s,50,51.0,False,1992.5,1992.75
2929,294,42,s,50,52.0,False,1992.5,1993.0
2930,313,63,s,50,60.0,False,1992.5,1995.0
2931,326,110,s,50,63.0,False,1992.5,1995.75
2932,388,178,s,50,51.0,False,1992.5,1992.75
2933,483,269,s,50,60.0,False,1992.5,1995.0
2934,490,176,s,50,54.0,False,1992.5,1993.5
2935,551,208,s,50,51.0,False,1992.5,1992.75
2936,554,529,s,50,53.0,False,1992.5,1993.25
2937,6,440,s,51,57.0,False,1992.75,1994.25
2938,36,239,s,51,52.0,False,1992.75,1993.0
2939,106,405,s,51,58.0,False,1992.75,1994.5
2940,121,440,s,51,58.0,False,1992.75,1994.5
2941,190,175,s,51,56.0,False,1992.75,1994.0
2942,200,516,s,51,51.0,False,1992.75,1992.75
2943,215,436,s,51,52.0,False,1992.75,1993.0
2944,235,524,s,51,57.0,False,1992.75,1994.25
2945,248,423,s,51,53.0,False,1992.75,1993.25
2946,341,217,s,51,60.0,False,1992.75,1995.0
2947,362,520,s,51,53.0,False,1992.75,1993.25
2948,466,461,s,51,59.0,False,1992.75,1994.75
2949,480,293,s,51,53.0,False,1992.75,1993.25
2950,484,519,s,51,52.0,False,1992.75,1993.0
2951,485,528,s,51,51.0,False,1992.75,1992.75
2952,549,520,s,51,58.0,False,1992.75,1994.5
2953,4,461,s,51,52.0,False,1992.75,1993.0
2954,12,342,s,51,59.0,False,1992.75,1994.75
2955,37,528,s,51,62.0,False,1992.75,1995.5
2956,79,224,s,51,56.0,False,1992.75,1994.0
2957,323,512,s,51,52.0,False,1992.75,1993.0
2958,433,100,s,51,56.0,False,1992.75,1994.0
2959,484,61,s,51,52.0,False,1992.75,1993.0
2960,549,236,s,51,53.0,False,1992.75,1993.25
2961,322,77,s,51,52.0,False,1992.75,1993.0
2962,195,518,s,51,52.0,False,1992.75,1993.0
2963,655,527,s,51,53.0,False,1992.75,1993.25
2964,216,55,s,51,52.0,False,1992.75,1993.0
2965,49,146,s,51,55.0,False,1992.75,1993.75
2966,542,522,s,51,55.0,False,1992.75,1993.75
2967,311,255,s,51,52.0,False,1992.75,1993.0
2968,653,465,s,51,66.0,False,1992.75,1996.5
2969,402,339,s,51,53.0,False,1992.75,1993.25
2970,580,530,s,51,55.0,False,1992.75,1993.75
2971,560,575,s,51,52.0,False,1992.75,1993.0
2972,177,533,s,51,52.0,False,1992.75,1993.0
2973,380,155,s,51,54.0,False,1992.75,1993.5
2974,616,534,s,51,56.0,False,1992.75,1994.0
2975,192,283,s,51,52.0,False,1992.75,1993.0
2976,169,506,s,51,52.0,False,1992.75,1993.0
2977,46,574,s,51,54.0,False,1992.75,1993.5
2978,35,525,s,51,52.0,False,1992.75,1993.0
2979,66,1,s,51,53.0,False,1992.75,1993.25
2980,88,521,s,51,67.0,False,1992.75,1996.75
2981,91,56,s,51,54.0,False,1992.75,1993.5
2982,102,144,s,51,54.0,False,1992.75,1993.5
2983,294,512,s,51,58.0,False,1992.75,1994.5
2984,315,77,s,51,53.0,False,1992.75,1993.25
2985,358,440,s,51,56.0,False,1992.75,1994.0
2986,396,527,s,51,52.0,False,1992.75,1993.0
2987,433,110,s,51,57.0,False,1992.75,1994.25
2988,476,42,s,51,52.0,False,1992.75,1993.0
2989,483,247,s,51,63.0,False,1992.75,1995.75
2990,551,517,s,51,54.0,False,1992.75,1993.5
2991,652,146,s,51,52.0,False,1992.75,1993.0
2992,119,256,l,51,57.0,True,1992.75,1994.25
2993,36,110,s,52,56.0,False,1993.0,1994.0
2994,112,249,s,52,55.0,False,1993.0,1993.75
2995,113,329,s,52,53.0,False,1993.0,1993.25
2996,119,527,s,52,54.0,False,1993.0,1993.5
2997,153,134,s,52,53.0,False,1993.0,1993.25
2998,153,170,s,52,55.0,False,1993.0,1993.75
2999,215,44,s,52,55.0,False,1993.0,1993.75
3000,265,44,s,52,65.0,False,1993.0,1996.25
3001,322,247,s,52,63.0,False,1993.0,1995.75
3002,475,436,s,52,56.0,False,1993.0,1994.0
3003,541,519,s,52,58.0,False,1993.0,1994.5
3004,552,524,s,52,53.0,False,1993.0,1993.25
3005,563,368,s,52,53.0,False,1993.0,1993.25
3006,652,176,s,52,58.0,False,1993.0,1994.5
3007,653,512,s,52,59.0,False,1993.0,1994.75
3008,11,40,s,52,53.0,False,1993.0,1993.25
3009,46,293,s,52,53.0,False,1993.0,1993.25
3010,64,146,s,52,57.0,False,1993.0,1994.25
3011,87,321,s,52,53.0,False,1993.0,1993.25
3012,117,136,s,52,53.0,False,1993.0,1993.25
3013,125,199,s,52,58.0,False,1993.0,1994.5
3014,195,208,s,52,55.0,False,1993.0,1993.75
3015,200,328,s,52,58.0,False,1993.0,1994.5
3016,266,399,s,52,59.0,False,1993.0,1994.75
3017,290,63,s,52,59.0,False,1993.0,1994.75
3018,350,342,s,52,53.0,False,1993.0,1993.25
3019,381,176,s,52,52.0,False,1993.0,1993.0
3020,444,80,s,52,61.0,False,1993.0,1995.25
3021,466,432,s,52,58.0,False,1993.0,1994.5
3022,476,470,s,52,53.0,False,1993.0,1993.25
3023,546,425,s,52,61.0,False,1993.0,1995.25
3024,549,353,s,52,56.0,False,1993.0,1994.0
3025,0,439,s,52,54.0,False,1993.0,1993.5
3026,49,353,s,52,59.0,False,1993.0,1994.75
3027,64,418,s,52,57.0,False,1993.0,1994.25
3028,71,342,s,52,53.0,False,1993.0,1993.25
3029,71,462,s,52,53.0,False,1993.0,1993.25
3030,81,269,s,52,57.0,False,1993.0,1994.25
3031,113,375,s,52,57.0,False,1993.0,1994.25
3032,125,256,s,52,54.0,False,1993.0,1993.5
3033,187,354,s,52,55.0,False,1993.0,1993.75
3034,213,293,s,52,57.0,False,1993.0,1994.25
3035,248,375,s,52,53.0,False,1993.0,1993.25
3036,288,440,s,52,67.0,False,1993.0,1996.75
3037,294,284,s,52,53.0,False,1993.0,1993.25
3038,316,512,s,52,54.0,False,1993.0,1993.5
3039,381,77,s,52,55.0,False,1993.0,1993.75
3040,422,526,s,52,56.0,False,1993.0,1994.0
3041,475,520,s,52,56.0,False,1993.0,1994.0
3042,483,430,s,52,53.0,False,1993.0,1993.25
3043,485,479,s,52,59.0,False,1993.0,1994.75
3044,540,217,s,52,56.0,False,1993.0,1994.0
3045,543,272,s,52,53.0,False,1993.0,1993.25
3046,550,136,s,52,53.0,False,1993.0,1993.25
3047,34,146,s,53,54.0,False,1993.25,1993.5
3048,36,136,s,53,54.0,False,1993.25,1993.5
3049,49,436,s,53,53.0,False,1993.25,1993.25
3050,71,520,s,53,54.0,False,1993.25,1993.5
3051,79,321,s,53,53.0,False,1993.25,1993.25
3052,91,470,s,53,55.0,False,1993.25,1993.75
3053,102,405,s,53,54.0,False,1993.25,1993.5
3054,117,33,s,53,54.0,False,1993.25,1993.5
3055,125,526,s,53,54.0,False,1993.25,1993.5
3056,141,440,s,53,55.0,False,1993.25,1993.75
3057,141,461,s,53,69.0,False,1993.25,1997.25
3058,159,80,s,53,57.0,False,1993.25,1994.25
3059,159,418,s,53,53.0,False,1993.25,1993.25
3060,181,269,s,53,53.0,False,1993.25,1993.25
3061,190,339,s,53,55.0,False,1993.25,1993.75
3062,241,189,s,53,63.0,False,1993.25,1995.75
3063,288,284,s,53,53.0,False,1993.25,1993.25
3064,383,256,s,53,63.0,False,1993.25,1995.75
3065,429,329,s,53,54.0,False,1993.25,1993.5
3066,476,42,s,53,57.0,False,1993.25,1994.25
3067,499,514,s,53,62.0,False,1993.25,1995.5
3068,542,243,s,53,54.0,False,1993.25,1993.5
3069,549,440,s,53,53.0,False,1993.25,1993.25
3070,577,529,s,53,54.0,False,1993.25,1993.5
3071,588,61,s,53,55.0,False,1993.25,1993.75
3072,50,439,s,53,59.0,False,1993.25,1994.75
3073,64,284,s,53,56.0,False,1993.25,1994.0
3074,192,498,s,53,56.0,False,1993.25,1994.0
3075,195,524,s,53,62.0,False,1993.25,1995.5
3076,242,58,s,53,58.0,False,1993.25,1994.5
3077,367,430,s,53,54.0,False,1993.25,1993.5
3078,383,519,s,53,56.0,False,1993.25,1994.0
3079,435,470,s,53,54.0,False,1993.25,1993.5
3080,551,304,s,53,61.0,False,1993.25,1995.25
3081,551,439,s,53,53.0,False,1993.25,1993.25
3082,553,1,s,53,56.0,False,1993.25,1994.0
3083,554,137,s,53,54.0,False,1993.25,1993.5
3084,555,136,s,53,55.0,False,1993.25,1993.75
3085,49,526,s,53,56.0,False,1993.25,1994.0
3086,88,519,s,53,55.0,False,1993.25,1993.75
3087,112,83,s,53,64.0,False,1993.25,1996.0
3088,152,129,s,53,56.0,False,1993.25,1994.0
3089,157,525,s,53,60.0,False,1993.25,1995.0
3090,187,518,s,53,57.0,False,1993.25,1994.25
3091,195,518,s,53,58.0,False,1993.25,1994.5
3092,322,146,s,53,55.0,False,1993.25,1993.75
3093,341,224,s,53,56.0,False,1993.25,1994.0
3094,391,461,s,53,64.0,False,1993.25,1996.0
3095,463,96,s,53,61.0,False,1993.25,1995.25
3096,499,479,s,53,54.0,False,1993.25,1993.5
3097,654,217,s,53,54.0,False,1993.25,1993.5
3098,323,272,l,53,196.0,True,1993.25,2029.0
3099,552,613,l,53,120.0,True,1993.25,2010.0
3100,34,61,s,54,59.0,False,1993.5,1994.75
3101,81,525,s,54,55.0,False,1993.5,1993.75
3102,87,211,s,54,54.0,False,1993.5,1993.5
3103,157,304,s,54,60.0,False,1993.5,1995.0
3104,186,208,s,54,55.0,False,1993.5,1993.75
3105,206,456,s,54,55.0,False,1993.5,1993.75
3106,213,243,s,54,54.0,False,1993.5,1993.5
3107,242,129,s,54,55.0,False,1993.5,1993.75
3108,313,399,s,54,55.0,False,1993.5,1993.75
3109,323,133,s,54,60.0,False,1993.5,1995.0
3110,341,51,s,54,61.0,False,1993.5,1995.25
3111,360,175,s,54,58.0,False,1993.5,1994.5
3112,408,379,s,54,57.0,False,1993.5,1994.25
3113,408,613,s,54,57.0,False,1993.5,1994.25
3114,433,134,s,54,55.0,False,1993.5,1993.75
3115,466,423,s,54,55.0,False,1993.5,1993.75
3116,499,445,s,54,56.0,False,1993.5,1994.0
3117,549,439,s,54,61.0,False,1993.5,1995.25
3118,552,329,s,54,54.0,False,1993.5,1993.5
3119,4,29,s,54,66.0,False,1993.5,1996.5
3120,12,100,s,54,55.0,False,1993.5,1993.75
3121,31,84,s,54,60.0,False,1993.5,1995.0
3122,47,54,s,54,54.0,False,1993.5,1993.5
3123,88,28,s,54,55.0,False,1993.5,1993.75
3124,106,461,s,54,58.0,False,1993.5,1994.5
3125,187,105,s,54,54.0,False,1993.5,1993.5
3126,264,353,s,54,57.0,False,1993.5,1994.25
3127,315,518,s,54,66.0,False,1993.5,1996.5
3128,350,239,s,54,57.0,False,1993.5,1994.25
3129,388,136,s,54,58.0,False,1993.5,1994.5
3130,392,371,s,54,57.0,False,1993.5,1994.25
3131,540,512,s,54,56.0,False,1993.5,1994.0
3132,552,338,s,54,56.0,False,1993.5,1994.0
3133,577,42,s,54,55.0,False,1993.5,1993.75
3134,577,379,s,54,55.0,False,1993.5,1993.75
3135,0,199,s,54,56.0,False,1993.5,1994.0
3136,21,100,s,54,56.0,False,1993.5,1994.0
3137,41,3,s,54,55.0,False,1993.5,1993.75
3138,41,321,s,54,60.0,False,1993.5,1995.0
3139,64,29,s,54,55.0,False,1993.5,1993.75
3140,71,339,s,54,56.0,False,1993.5,1994.0
3141,112,526,s,54,60.0,False,1993.5,1995.0
3142,112,528,s,54,55.0,False,1993.5,1993.75
3143,117,518,s,54,55.0,False,1993.5,1993.75
3144,119,526,s,54,57.0,False,1993.5,1994.25
3145,152,439,s,54,55.0,False,1993.5,1993.75
3146,200,247,s,54,55.0,False,1993.5,1993.75
3147,212,83,s,54,55.0,False,1993.5,1993.75
3148,257,249,s,54,58.0,False,1993.5,1994.5
3149,408,232,s,54,57.0,False,1993.5,1994.25
3150,435,105,s,54,59.0,False,1993.5,1994.75
3151,542,440,s,54,58.0,False,1993.5,1994.5
3152,543,95,s,54,58.0,False,1993.5,1994.5
3153,555,174,s,54,56.0,False,1993.5,1994.0
3154,79,243,l,54,113.0,True,1993.5,2008.25
3155,152,95,l,54,240.0,True,1993.5,2040.0
3156,422,139,l,54,80.0,True,1993.5,2000.0
3157,546,516,l,54,92.0,True,1993.5,2003.0
3158,26,399,s,55,58.0,False,1993.75,1994.5
3159,31,530,s,55,55.0,False,1993.75,1993.75
3160,88,40,s,55,58.0,False,1993.75,1994.5
3161,213,133,s,55,57.0,False,1993.75,1994.25
3162,213,461,s,55,65.0,False,1993.75,1996.25
3163,346,521,s,55,57.0,False,1993.75,1994.25
3164,358,95,s,55,56.0,False,1993.75,1994.0
3165,551,256,s,55,58.0,False,1993.75,1994.5
3166,554,239,s,55,56.0,False,1993.75,1994.0
3167,556,100,s,55,55.0,False,1993.75,1993.75
3168,35,86,s,55,56.0,False,1993.75,1994.0
3169,41,40,s,55,58.0,False,1993.75,1994.5
3170,73,456,s,55,63.0,False,1993.75,1995.75
3171,87,517,s,55,66.0,False,1993.75,1996.5
3172,90,519,s,55,56.0,False,1993.75,1994.0
3173,112,379,s,55,67.0,False,1993.75,1996.75
3174,119,269,s,55,56.0,False,1993.75,1994.0
3175,125,479,s,55,60.0,False,1993.75,1995.0
3176,167,272,s,55,56.0,False,1993.75,1994.0
3177,181,256,s,55,58.0,False,1993.75,1994.5
3178,290,423,s,55,66.0,False,1993.75,1996.5
3179,301,170,s,55,57.0,False,1993.75,1994.25
3180,322,243,s,55,58.0,False,1993.75,1994.5
3181,322,343,s,55,59.0,False,1993.75,1994.75
3182,350,521,s,55,56.0,False,1993.75,1994.0
3183,360,518,s,55,65.0,False,1993.75,1996.25
3184,408,110,s,55,58.0,False,1993.75,1994.5
3185,466,521,s,55,56.0,False,1993.75,1994.0
3186,556,246,s,55,59.0,False,1993.75,1994.75
3187,214,510,s,55,57.0,False,1993.75,1994.25
3188,586,410,s,55,58.0,False,1993.75,1994.5
3189,9,150,s,55,58.0,False,1993.75,1994.5
3190,548,234,s,55,63.0,False,1993.75,1995.75
3191,434,515,s,55,57.0,False,1993.75,1994.25
3192,545,222,s,55,58.0,False,1993.75,1994.5
3193,287,523,s,55,60.0,False,1993.75,1995.0
3194,67,15,s,55,73.0,False,1993.75,1998.25
3195,357,180,s,55,60.0,False,1993.75,1995.0
3196,402,511,s,55,56.0,False,1993.75,1994.0
3197,261,347,s,55,56.0,False,1993.75,1994.0
3198,544,437,s,55,56.0,False,1993.75,1994.0
3199,30,345,s,55,56.0,False,1993.75,1994.0
3200,460,469,s,55,60.0,False,1993.75,1995.0
3201,305,497,s,55,56.0,False,1993.75,1994.0
3202,169,307,s,55,78.0,False,1993.75,1999.5
3203,285,574,s,55,59.0,False,1993.75,1994.75
3204,225,271,s,55,56.0,False,1993.75,1994.0
3205,597,533,s,55,56.0,False,1993.75,1994.0
3206,563,147,s,55,57.0,False,1993.75,1994.25
3207,12,425,s,55,57.0,False,1993.75,1994.25
3208,35,100,s,55,56.0,False,1993.75,1994.0
3209,35,523,s,55,56.0,False,1993.75,1994.0
3210,47,222,s,55,57.0,False,1993.75,1994.25
3211,50,470,s,55,56.0,False,1993.75,1994.0
3212,73,425,s,55,60.0,False,1993.75,1995.0
3213,119,613,s,55,65.0,False,1993.75,1996.25
3214,145,134,s,55,56.0,False,1993.75,1994.0
3215,152,196,s,55,56.0,False,1993.75,1994.0
3216,157,497,s,55,59.0,False,1993.75,1994.75
3217,187,379,s,55,57.0,False,1993.75,1994.25
3218,212,456,s,55,58.0,False,1993.75,1994.5
3219,215,56,s,55,61.0,False,1993.75,1995.25
3220,261,243,s,55,58.0,False,1993.75,1994.5
3221,305,445,s,55,61.0,False,1993.75,1995.25
3222,460,440,s,55,56.0,False,1993.75,1994.0
3223,476,134,s,55,63.0,False,1993.75,1995.75
3224,559,144,s,55,56.0,False,1993.75,1994.0
3225,4,217,l,55,73.0,True,1993.75,1998.25
3226,60,498,l,55,96.0,True,1993.75,2004.0
3227,9,80,s,56,63.0,False,1994.0,1995.75
3228,36,3,s,56,59.0,False,1994.0,1994.75
3229,36,100,s,56,58.0,False,1994.0,1994.5
3230,49,345,s,56,63.0,False,1994.0,1995.75
3231,49,462,s,56,58.0,False,1994.0,1994.5
3232,64,180,s,56,71.0,False,1994.0,1997.75
3233,66,100,s,56,61.0,False,1994.0,1995.25
3234,117,461,s,56,66.0,False,1994.0,1996.5
3235,127,519,s,56,63.0,False,1994.0,1995.75
3236,157,217,s,56,57.0,False,1994.0,1994.25
3237,181,162,s,56,57.0,False,1994.0,1994.25
3238,191,498,s,56,57.0,False,1994.0,1994.25
3239,212,479,s,56,67.0,False,1994.0,1996.75
3240,322,222,s,56,59.0,False,1994.0,1994.75
3241,357,243,s,56,60.0,False,1994.0,1995.0
3242,391,256,s,56,57.0,False,1994.0,1994.25
3243,546,236,s,56,56.0,False,1994.0,1994.0
3244,549,462,s,56,58.0,False,1994.0,1994.5
3245,81,525,s,56,57.0,False,1994.0,1994.25
3246,87,462,s,56,58.0,False,1994.0,1994.5
3247,212,110,s,56,60.0,False,1994.0,1995.0
3248,241,510,s,56,59.0,False,1994.0,1994.75
3249,242,486,s,56,56.0,False,1994.0,1994.0
3250,408,440,s,56,63.0,False,1994.0,1995.75
3251,540,375,s,56,61.0,False,1994.0,1995.25
3252,545,469,s,56,57.0,False,1994.0,1994.25
3253,577,239,s,56,63.0,False,1994.0,1995.75
3254,106,479,s,56,61.0,False,1994.0,1995.25
3255,112,304,s,56,61.0,False,1994.0,1995.25
3256,169,132,s,56,57.0,False,1994.0,1994.25
3257,235,32,s,56,58.0,False,1994.0,1994.5
3258,242,520,s,56,67.0,False,1994.0,1996.75
3259,360,339,s,56,58.0,False,1994.0,1994.5
3260,362,217,s,56,57.0,False,1994.0,1994.25
3261,378,461,s,56,60.0,False,1994.0,1995.0
3262,466,445,s,56,59.0,False,1994.0,1994.75
3263,475,42,s,56,57.0,False,1994.0,1994.25
3264,476,310,s,56,57.0,False,1994.0,1994.25
3265,541,15,s,56,59.0,False,1994.0,1994.75
3266,545,129,s,56,58.0,False,1994.0,1994.5
3267,550,134,s,56,60.0,False,1994.0,1995.0
3268,87,339,l,56,152.0,True,1994.0,2018.0
3269,490,339,l,56,152.0,True,1994.0,2018.0
3270,546,347,l,56,196.0,True,1994.0,2029.0
3271,26,514,s,57,57.0,False,1994.25,1994.25
3272,66,318,s,57,61.0,False,1994.25,1995.25
3273,71,139,s,57,62.0,False,1994.25,1995.5
3274,87,293,s,57,57.0,False,1994.25,1994.25
3275,91,208,s,57,59.0,False,1994.25,1994.75
3276,91,631,s,57,64.0,False,1994.25,1996.0
3277,102,438,s,57,58.0,False,1994.25,1994.5
3278,117,170,s,57,57.0,False,1994.25,1994.25
3279,119,208,s,57,58.0,False,1994.25,1994.5
3280,148,523,s,57,58.0,False,1994.25,1994.5
3281,195,199,s,57,67.0,False,1994.25,1996.75
3282,195,479,s,57,59.0,False,1994.25,1994.75
3283,265,105,s,57,62.0,False,1994.25,1995.5
3284,313,343,s,57,70.0,False,1994.25,1997.5
3285,340,514,s,57,60.0,False,1994.25,1995.0
3286,408,425,s,57,63.0,False,1994.25,1995.75
3287,414,63,s,57,63.0,False,1994.25,1995.75
3288,463,470,s,57,59.0,False,1994.25,1994.75
3289,540,132,s,57,57.0,False,1994.25,1994.25
3290,552,185,s,57,65.0,False,1994.25,1996.25
3291,12,175,s,57,58.0,False,1994.25,1994.5
3292,64,132,s,57,58.0,False,1994.25,1994.5
3293,157,526,s,57,57.0,False,1994.25,1994.25
3294,169,430,s,57,59.0,False,1994.25,1994.75
3295,172,272,s,57,58.0,False,1994.25,1994.5
3296,172,469,s,57,67.0,False,1994.25,1996.75
3297,290,234,s,57,57.0,False,1994.25,1994.25
3298,346,86,s,57,60.0,False,1994.25,1995.0
3299,408,134,s,57,58.0,False,1994.25,1994.5
3300,466,375,s,57,63.0,False,1994.25,1995.75
3301,485,389,s,57,59.0,False,1994.25,1994.75
3302,544,479,s,57,60.0,False,1994.25,1995.0
3303,552,256,s,57,68.0,False,1994.25,1997.0
3304,555,144,s,57,59.0,False,1994.25,1994.75
3305,597,386,s,57,59.0,False,1994.25,1994.75
3306,30,440,s,57,59.0,False,1994.25,1994.75
3307,36,525,s,57,58.0,False,1994.25,1994.5
3308,49,445,s,57,60.0,False,1994.25,1995.0
3309,67,224,s,57,71.0,False,1994.25,1997.75
3310,91,440,s,57,58.0,False,1994.25,1994.5
3311,102,58,s,57,58.0,False,1994.25,1994.5
3312,213,274,s,57,59.0,False,1994.25,1994.75
3313,245,217,s,57,59.0,False,1994.25,1994.75
3314,475,289,s,57,63.0,False,1994.25,1995.75
3315,476,217,s,57,58.0,False,1994.25,1994.5
3316,490,110,s,57,60.0,False,1994.25,1995.0
3317,499,469,s,57,58.0,False,1994.25,1994.5
3318,555,170,s,57,58.0,False,1994.25,1994.5
3319,702,86,s,57,61.0,False,1994.25,1995.25
3320,90,423,l,57,117.0,True,1994.25,2009.25
3321,159,399,l,57,,True,1994.25,
3322,11,237,s,58,60.0,False,1994.5,1995.0
3323,21,44,s,58,61.0,False,1994.5,1995.25
3324,186,29,s,58,59.0,False,1994.5,1994.75
3325,187,613,s,58,59.0,False,1994.5,1994.75
3326,195,526,s,58,60.0,False,1994.5,1995.0
3327,316,139,s,58,67.0,False,1994.5,1996.75
3328,350,354,s,58,59.0,False,1994.5,1994.75
3329,433,256,s,58,60.0,False,1994.5,1995.0
3330,466,217,s,58,62.0,False,1994.5,1995.5
3331,485,86,s,58,66.0,False,1994.5,1996.5
3332,9,274,s,58,61.0,False,1994.5,1995.25
3333,36,329,s,58,59.0,False,1994.5,1994.75
3334,73,521,s,58,61.0,False,1994.5,1995.25
3335,145,613,s,58,59.0,False,1994.5,1994.75
3336,157,134,s,58,58.0,False,1994.5,1994.5
3337,191,521,s,58,59.0,False,1994.5,1994.75
3338,245,418,s,58,64.0,False,1994.5,1996.0
3339,257,405,s,58,66.0,False,1994.5,1996.5
3340,346,170,s,58,60.0,False,1994.5,1995.0
3341,391,440,s,58,62.0,False,1994.5,1995.5
3342,408,405,s,58,61.0,False,1994.5,1995.25
3343,481,224,s,58,59.0,False,1994.5,1994.75
3344,499,136,s,58,59.0,False,1994.5,1994.75
3345,539,146,s,58,58.0,False,1994.5,1994.5
3346,541,150,s,58,58.0,False,1994.5,1994.5
3347,541,515,s,58,61.0,False,1994.5,1995.25
3348,543,304,s,58,63.0,False,1994.5,1995.75
3349,546,304,s,58,62.0,False,1994.5,1995.5
3350,577,246,s,58,59.0,False,1994.5,1994.75
3351,654,217,s,58,59.0,False,1994.5,1994.75
3352,6,371,s,58,62.0,False,1994.5,1995.5
3353,11,518,s,58,60.0,False,1994.5,1995.0
3354,36,217,s,58,59.0,False,1994.5,1994.75
3355,41,518,s,58,69.0,False,1994.5,1997.25
3356,71,498,s,58,59.0,False,1994.5,1994.75
3357,117,236,s,58,59.0,False,1994.5,1994.75
3358,121,517,s,58,61.0,False,1994.5,1995.25
3359,127,432,s,58,62.0,False,1994.5,1995.5
3360,212,105,s,58,61.0,False,1994.5,1995.25
3361,482,465,s,58,60.0,False,1994.5,1995.0
3362,550,526,s,58,60.0,False,1994.5,1995.0
3363,702,479,s,58,60.0,False,1994.5,1995.0
3364,172,519,l,58,,True,1994.5,
3365,6,272,s,59,59.0,False,1994.75,1994.75
3366,34,574,s,59,66.0,False,1994.75,1996.5
3367,60,520,s,59,59.0,False,1994.75,1994.75
3368,152,180,s,59,59.0,False,1994.75,1994.75
3369,186,269,s,59,61.0,False,1994.75,1995.25
3370,190,339,s,59,59.0,False,1994.75,1994.75
3371,212,217,s,59,60.0,False,1994.75,1995.0
3372,212,529,s,59,60.0,False,1994.75,1995.0
3373,288,389,s,59,64.0,False,1994.75,1996.0
3374,362,486,s,59,59.0,False,1994.75,1994.75
3375,391,61,s,59,62.0,False,1994.75,1995.5
3376,483,134,s,59,63.0,False,1994.75,1995.75
3377,485,170,s,59,66.0,False,1994.75,1996.5
3378,577,33,s,59,60.0,False,1994.75,1995.0
3379,9,510,s,59,59.0,False,1994.75,1994.75
3380,36,56,s,59,66.0,False,1994.75,1996.5
3381,167,180,s,59,59.0,False,1994.75,1994.75
3382,302,274,s,59,60.0,False,1994.75,1995.0
3383,392,517,s,59,67.0,False,1994.75,1996.75
3384,466,521,s,59,70.0,False,1994.75,1997.5
3385,545,105,s,59,61.0,False,1994.75,1995.25
3386,161,293,s,59,60.0,False,1994.75,1995.0
3387,547,115,s,59,66.0,False,1994.75,1996.5
3388,204,509,s,59,64.0,False,1994.75,1996.0
3389,443,296,s,59,72.0,False,1994.75,1998.0
3390,332,101,s,59,61.0,False,1994.75,1995.25
3391,434,527,s,59,78.0,False,1994.75,1999.5
3392,655,699,s,59,61.0,False,1994.75,1995.25
3393,35,530,s,59,60.0,False,1994.75,1995.0
3394,480,211,s,59,62.0,False,1994.75,1995.5
3395,94,513,s,59,62.0,False,1994.75,1995.5
3396,556,368,s,59,65.0,False,1994.75,1996.25
3397,192,505,s,59,60.0,False,1994.75,1995.0
3398,563,118,s,59,60.0,False,1994.75,1995.0
3399,589,103,s,59,60.0,False,1994.75,1995.0
3400,380,292,s,59,62.0,False,1994.75,1995.5
3401,11,101,s,59,60.0,False,1994.75,1995.0
3402,31,33,s,59,65.0,False,1994.75,1996.25
3403,388,282,s,59,76.0,False,1994.75,1999.0
3404,408,237,s,59,62.0,False,1994.75,1995.5
3405,433,137,s,59,61.0,False,1994.75,1995.25
3406,466,51,s,59,61.0,False,1994.75,1995.25
3407,541,498,s,59,60.0,False,1994.75,1995.0
3408,543,217,s,59,64.0,False,1994.75,1996.0
3409,548,33,s,59,62.0,False,1994.75,1995.5
3410,653,343,s,59,62.0,False,1994.75,1995.5
3411,66,56,l,59,76.0,True,1994.75,1999.0
3412,571,150,l,59,,True,1994.75,
3413,673,615,l,59,80.0,True,1994.75,2000.0
3414,9,176,s,60,62.0,False,1995.0,1995.5
3415,35,470,s,60,60.0,False,1995.0,1995.0
3416,36,425,s,60,62.0,False,1995.0,1995.5
3417,36,436,s,60,66.0,False,1995.0,1996.5
3418,71,486,s,60,61.0,False,1995.0,1995.25
3419,102,289,s,60,66.0,False,1995.0,1996.5
3420,113,40,s,60,61.0,False,1995.0,1995.25
3421,153,342,s,60,62.0,False,1995.0,1995.5
3422,191,423,s,60,61.0,False,1995.0,1995.25
3423,202,224,s,60,65.0,False,1995.0,1996.25
3424,383,246,s,60,60.0,False,1995.0,1995.0
3425,434,329,s,60,60.0,False,1995.0,1995.0
3426,546,230,s,60,61.0,False,1995.0,1995.25
3427,41,515,s,60,62.0,False,1995.0,1995.5
3428,60,418,s,60,66.0,False,1995.0,1996.5
3429,64,524,s,60,66.0,False,1995.0,1996.5
3430,91,199,s,60,62.0,False,1995.0,1995.5
3431,302,189,s,60,64.0,False,1995.0,1996.0
3432,326,472,s,60,60.0,False,1995.0,1995.0
3433,381,430,s,60,62.0,False,1995.0,1995.5
3434,383,80,s,60,60.0,False,1995.0,1995.0
3435,444,230,s,60,69.0,False,1995.0,1997.25
3436,493,232,s,60,61.0,False,1995.0,1995.25
3437,546,217,s,60,61.0,False,1995.0,1995.25
3438,549,520,s,60,65.0,False,1995.0,1996.25
3439,551,232,s,60,63.0,False,1995.0,1995.75
3440,9,470,s,60,67.0,False,1995.0,1996.75
3441,11,269,s,60,63.0,False,1995.0,1995.75
3442,12,371,s,60,64.0,False,1995.0,1996.0
3443,36,246,s,60,62.0,False,1995.0,1995.5
3444,37,329,s,60,64.0,False,1995.0,1996.0
3445,53,399,s,60,71.0,False,1995.0,1997.75
3446,79,95,s,60,69.0,False,1995.0,1997.25
3447,87,453,s,60,63.0,False,1995.0,1995.75
3448,119,83,s,60,61.0,False,1995.0,1995.25
3449,159,293,s,60,73.0,False,1995.0,1998.25
3450,181,304,s,60,66.0,False,1995.0,1996.5
3451,186,439,s,60,61.0,False,1995.0,1995.25
3452,195,519,s,60,61.0,False,1995.0,1995.25
3453,346,347,s,60,68.0,False,1995.0,1997.0
3454,367,517,s,60,76.0,False,1995.0,1999.0
3455,388,100,s,60,62.0,False,1995.0,1995.5
3456,466,329,s,60,62.0,False,1995.0,1995.5
3457,480,15,s,60,65.0,False,1995.0,1996.25
3458,482,328,s,60,63.0,False,1995.0,1995.75
3459,499,101,s,60,64.0,False,1995.0,1996.0
3460,545,133,s,60,63.0,False,1995.0,1995.75
3461,548,342,s,60,63.0,False,1995.0,1995.75
3462,556,671,s,60,62.0,False,1995.0,1995.5
3463,35,354,s,61,63.0,False,1995.25,1995.75
3464,91,461,s,61,65.0,False,1995.25,1996.25
3465,169,224,s,61,66.0,False,1995.25,1996.5
3466,181,232,s,61,62.0,False,1995.25,1995.5
3467,213,189,s,61,63.0,False,1995.25,1995.75
3468,241,180,s,61,64.0,False,1995.25,1996.0
3469,264,405,s,61,66.0,False,1995.25,1996.5
3470,290,101,s,61,65.0,False,1995.25,1996.25
3471,294,133,s,61,64.0,False,1995.25,1996.0
3472,322,430,s,61,62.0,False,1995.25,1995.5
3473,336,486,s,61,69.0,False,1995.25,1997.25
3474,346,436,s,61,61.0,False,1995.25,1995.25
3475,383,136,s,61,71.0,False,1995.25,1997.75
3476,433,527,s,61,66.0,False,1995.25,1996.5
3477,466,284,s,61,62.0,False,1995.25,1995.5
3478,466,347,s,61,61.0,False,1995.25,1995.25
3479,475,28,s,61,72.0,False,1995.25,1998.0
3480,544,217,s,61,64.0,False,1995.25,1996.0
3481,550,525,s,61,69.0,False,1995.25,1997.25
3482,0,208,s,61,62.0,False,1995.25,1995.5
3483,41,329,s,61,62.0,False,1995.25,1995.5
3484,67,505,s,61,63.0,False,1995.25,1995.75
3485,153,353,s,61,67.0,False,1995.25,1996.75
3486,195,371,s,61,62.0,False,1995.25,1995.5
3487,203,175,s,61,64.0,False,1995.25,1996.0
3488,213,217,s,61,66.0,False,1995.25,1996.5
3489,490,513,s,61,62.0,False,1995.25,1995.5
3490,550,105,s,61,63.0,False,1995.25,1995.75
3491,60,293,s,61,67.0,False,1995.25,1996.75
3492,157,353,s,61,62.0,False,1995.25,1995.5
3493,157,445,s,61,62.0,False,1995.25,1995.5
3494,181,631,s,61,68.0,False,1995.25,1997.0
3495,241,95,s,61,65.0,False,1995.25,1996.25
3496,322,423,s,61,65.0,False,1995.25,1996.25
3497,323,518,s,61,62.0,False,1995.25,1995.5
3498,332,293,s,61,66.0,False,1995.25,1996.5
3499,483,462,s,61,70.0,False,1995.25,1997.5
3500,499,199,s,61,64.0,False,1995.25,1996.0
3501,550,347,s,61,64.0,False,1995.25,1996.0
3502,551,237,s,61,68.0,False,1995.25,1997.0
3503,0,526,s,62,68.0,False,1995.5,1997.0
3504,36,40,s,62,62.0,False,1995.5,1995.5
3505,71,80,s,62,63.0,False,1995.5,1995.75
3506,71,189,s,62,74.0,False,1995.5,1998.5
3507,71,328,s,62,66.0,False,1995.5,1996.5
3508,73,405,s,62,63.0,False,1995.5,1995.75
3509,88,497,s,62,64.0,False,1995.5,1996.0
3510,117,269,s,62,62.0,False,1995.5,1995.5
3511,119,185,s,62,62.0,False,1995.5,1995.5
3512,125,208,s,62,79.0,False,1995.5,1999.75
3513,172,445,s,62,65.0,False,1995.5,1996.25
3514,242,436,s,62,69.0,False,1995.5,1997.25
3515,257,353,s,62,62.0,False,1995.5,1995.5
3516,288,486,s,62,66.0,False,1995.5,1996.5
3517,305,189,s,62,70.0,False,1995.5,1997.5
3518,323,133,s,62,66.0,False,1995.5,1996.5
3519,362,518,s,62,71.0,False,1995.5,1997.75
3520,406,509,s,62,64.0,False,1995.5,1996.0
3521,433,199,s,62,63.0,False,1995.5,1995.75
3522,483,515,s,62,65.0,False,1995.5,1996.25
3523,9,256,s,62,67.0,False,1995.5,1996.75
3524,36,232,s,62,67.0,False,1995.5,1996.75
3525,73,354,s,62,65.0,False,1995.5,1996.25
3526,125,368,s,62,64.0,False,1995.5,1996.0
3527,157,217,s,62,66.0,False,1995.5,1996.5
3528,187,32,s,62,63.0,False,1995.5,1995.75
3529,212,168,s,62,67.0,False,1995.5,1996.75
3530,245,40,s,62,63.0,False,1995.5,1995.75
3531,294,256,s,62,65.0,False,1995.5,1996.25
3532,303,293,s,62,62.0,False,1995.5,1995.5
3533,326,137,s,62,64.0,False,1995.5,1996.0
3534,346,520,s,62,66.0,False,1995.5,1996.5
3535,388,28,s,62,69.0,False,1995.5,1997.25
3536,388,520,s,62,62.0,False,1995.5,1995.5
3537,408,185,s,62,65.0,False,1995.5,1996.25
3538,408,520,s,62,68.0,False,1995.5,1997.0
3539,433,470,s,62,66.0,False,1995.5,1996.5
3540,433,472,s,62,62.0,False,1995.5,1995.5
3541,443,63,s,62,65.0,False,1995.5,1996.25
3542,490,222,s,62,64.0,False,1995.5,1996.0
3543,504,243,s,62,65.0,False,1995.5,1996.25
3544,543,524,s,62,65.0,False,1995.5,1996.25
3545,545,516,s,62,64.0,False,1995.5,1996.0
3546,549,3,s,62,65.0,False,1995.5,1996.25
3547,702,105,s,62,63.0,False,1995.5,1995.75
3548,11,304,s,62,68.0,False,1995.5,1997.0
3549,11,379,s,62,67.0,False,1995.5,1996.75
3550,71,321,s,62,64.0,False,1995.5,1996.0
3551,90,328,s,62,65.0,False,1995.5,1996.25
3552,181,28,s,62,65.0,False,1995.5,1996.25
3553,242,208,s,62,67.0,False,1995.5,1996.75
3554,266,440,s,62,63.0,False,1995.5,1995.75
3555,294,353,s,62,63.0,False,1995.5,1995.75
3556,362,462,s,62,64.0,False,1995.5,1996.0
3557,388,33,s,62,65.0,False,1995.5,1996.25
3558,466,189,s,62,64.0,False,1995.5,1996.0
3559,556,386,s,62,64.0,False,1995.5,1996.0
3560,653,222,s,62,66.0,False,1995.5,1996.5
3561,49,440,l,62,108.0,True,1995.5,2007.0
3562,702,269,l,62,112.0,True,1995.5,2008.0
3563,31,372,l,62,92.0,True,1995.5,2003.0
3564,350,56,l,62,73.0,True,1995.5,1998.25
3565,4,230,s,63,65.0,False,1995.75,1996.25
3566,11,115,s,63,70.0,False,1995.75,1997.5
3567,12,405,s,63,68.0,False,1995.75,1997.0
3568,34,95,s,63,64.0,False,1995.75,1996.0
3569,37,246,s,63,63.0,False,1995.75,1995.75
3570,47,465,s,63,64.0,False,1995.75,1996.0
3571,119,96,s,63,63.0,False,1995.75,1995.75
3572,266,139,s,63,63.0,False,1995.75,1995.75
3573,466,136,s,63,64.0,False,1995.75,1996.0
3574,475,379,s,63,63.0,False,1995.75,1995.75
3575,499,521,s,63,66.0,False,1995.75,1996.5
3576,702,342,s,63,63.0,False,1995.75,1995.75
3577,41,440,s,63,64.0,False,1995.75,1996.0
3578,46,189,s,63,68.0,False,1995.75,1997.0
3579,113,180,s,63,81.0,False,1995.75,2000.25
3580,141,236,s,63,69.0,False,1995.75,1997.25
3581,141,423,s,63,74.0,False,1995.75,1998.5
3582,145,520,s,63,64.0,False,1995.75,1996.0
3583,186,133,s,63,66.0,False,1995.75,1996.5
3584,187,440,s,63,65.0,False,1995.75,1996.25
3585,192,176,s,63,66.0,False,1995.75,1996.5
3586,213,211,s,63,64.0,False,1995.75,1996.0
3587,248,274,s,63,65.0,False,1995.75,1996.25
3588,248,293,s,63,65.0,False,1995.75,1996.25
3589,391,516,s,63,66.0,False,1995.75,1996.5
3590,408,524,s,63,73.0,False,1995.75,1998.25
3591,499,32,s,63,65.0,False,1995.75,1996.25
3592,555,456,s,63,64.0,False,1995.75,1996.0
3593,578,253,s,63,66.0,False,1995.75,1996.5
3594,482,82,s,63,66.0,False,1995.75,1996.5
3595,26,198,s,63,69.0,False,1995.75,1997.25
3596,291,146,s,63,64.0,False,1995.75,1996.0
3597,652,61,s,63,64.0,False,1995.75,1996.0
3598,285,457,s,63,72.0,False,1995.75,1998.0
3599,541,154,s,63,73.0,False,1995.75,1998.25
3600,161,439,s,63,65.0,False,1995.75,1996.25
3601,341,512,s,63,64.0,False,1995.75,1996.0
3602,303,283,s,63,78.0,False,1995.75,1999.5
3603,656,68,s,63,71.0,False,1995.75,1997.75
3604,654,431,s,63,66.0,False,1995.75,1996.5
3605,558,370,s,63,66.0,False,1995.75,1996.5
3606,616,42,s,63,64.0,False,1995.75,1996.0
3607,300,698,s,63,65.0,False,1995.75,1996.25
3608,140,147,s,63,66.0,False,1995.75,1996.5
3609,214,600,s,63,66.0,False,1995.75,1996.5
3610,36,519,s,63,68.0,False,1995.75,1997.0
3611,41,515,s,63,64.0,False,1995.75,1996.0
3612,47,486,s,63,64.0,False,1995.75,1996.0
3613,65,525,s,63,64.0,False,1995.75,1996.0
3614,91,440,s,63,70.0,False,1995.75,1997.5
3615,112,170,s,63,70.0,False,1995.75,1997.5
3616,206,44,s,63,71.0,False,1995.75,1997.75
3617,216,518,s,63,68.0,False,1995.75,1997.0
3618,266,389,s,63,64.0,False,1995.75,1996.0
3619,383,354,s,63,73.0,False,1995.75,1998.25
3620,480,339,s,63,67.0,False,1995.75,1996.75
3621,616,168,s,63,69.0,False,1995.75,1997.25
3622,656,42,s,63,71.0,False,1995.75,1997.75
3623,34,375,l,63,232.0,True,1995.75,2038.0
3624,11,512,s,64,64.0,False,1996.0,1996.0
3625,60,150,s,64,64.0,False,1996.0,1996.0
3626,73,199,s,64,65.0,False,1996.0,1996.25
3627,90,515,s,64,67.0,False,1996.0,1996.75
3628,94,486,s,64,66.0,False,1996.0,1996.5
3629,145,353,s,64,65.0,False,1996.0,1996.25
3630,169,371,s,64,68.0,False,1996.0,1997.0
3631,294,217,s,64,69.0,False,1996.0,1997.25
3632,302,517,s,64,68.0,False,1996.0,1997.0
3633,391,217,s,64,64.0,False,1996.0,1996.0
3634,392,497,s,64,68.0,False,1996.0,1997.0
3635,422,222,s,64,71.0,False,1996.0,1997.75
3636,493,461,s,64,67.0,False,1996.0,1996.75
3637,555,405,s,64,65.0,False,1996.0,1996.25
3638,11,520,s,64,66.0,False,1996.0,1996.5
3639,12,521,s,64,71.0,False,1996.0,1997.75
3640,91,379,s,64,67.0,False,1996.0,1996.75
3641,113,517,s,64,65.0,False,1996.0,1996.25
3642,167,339,s,64,68.0,False,1996.0,1997.0
3643,242,222,s,64,65.0,False,1996.0,1996.25
3644,285,217,s,64,66.0,False,1996.0,1996.5
3645,294,129,s,64,65.0,False,1996.0,1996.25
3646,391,243,s,64,65.0,False,1996.0,1996.25
3647,433,134,s,64,64.0,False,1996.0,1996.0
3648,434,234,s,64,70.0,False,1996.0,1997.5
3649,499,176,s,64,68.0,False,1996.0,1997.0
3650,499,236,s,64,69.0,False,1996.0,1997.25
3651,544,432,s,64,66.0,False,1996.0,1996.5
3652,31,68,s,64,69.0,False,1996.0,1997.25
3653,36,479,s,64,74.0,False,1996.0,1998.5
3654,53,505,s,64,69.0,False,1996.0,1997.25
3655,73,282,s,64,69.0,False,1996.0,1997.25
3656,112,527,s,64,66.0,False,1996.0,1996.5
3657,187,29,s,64,67.0,False,1996.0,1996.75
3658,305,15,s,64,66.0,False,1996.0,1996.5
3659,340,3,s,64,65.0,False,1996.0,1996.25
3660,378,461,s,64,65.0,False,1996.0,1996.25
3661,408,405,s,64,71.0,False,1996.0,1997.75
3662,552,170,s,64,66.0,False,1996.0,1996.5
3663,554,232,s,64,67.0,False,1996.0,1996.75
3664,555,239,s,64,67.0,False,1996.0,1996.75
3665,578,237,s,64,67.0,False,1996.0,1996.75
3666,475,96,l,64,88.0,True,1996.0,2002.0
3667,11,461,s,65,69.0,False,1996.25,1997.25
3668,157,304,s,65,69.0,False,1996.25,1997.25
3669,181,3,s,65,75.0,False,1996.25,1998.75
3670,192,236,s,65,69.0,False,1996.25,1997.25
3671,212,497,s,65,67.0,False,1996.25,1996.75
3672,241,516,s,65,69.0,False,1996.25,1997.25
3673,288,462,s,65,82.0,False,1996.25,2000.5
3674,301,56,s,65,65.0,False,1996.25,1996.25
3675,323,515,s,65,68.0,False,1996.25,1997.0
3676,350,462,s,65,68.0,False,1996.25,1997.0
3677,383,342,s,65,69.0,False,1996.25,1997.25
3678,435,232,s,65,83.0,False,1996.25,2000.75
3679,480,296,s,65,65.0,False,1996.25,1996.25
3680,545,217,s,65,65.0,False,1996.25,1996.25
3681,549,40,s,65,68.0,False,1996.25,1997.0
3682,551,168,s,65,68.0,False,1996.25,1997.0
3683,36,461,s,65,68.0,False,1996.25,1997.0
3684,125,405,s,65,76.0,False,1996.25,1999.0
3685,195,32,s,65,71.0,False,1996.25,1997.75
3686,264,269,s,65,65.0,False,1996.25,1996.25
3687,350,329,s,65,66.0,False,1996.25,1996.5
3688,362,329,s,65,66.0,False,1996.25,1996.5
3689,378,247,s,65,72.0,False,1996.25,1998.0
3690,444,440,s,65,65.0,False,1996.25,1996.25
3691,490,217,s,65,65.0,False,1996.25,1996.25
3692,499,353,s,65,72.0,False,1996.25,1998.0
3693,544,307,s,65,72.0,False,1996.25,1998.0
3694,549,211,s,65,69.0,False,1996.25,1997.25
3695,551,239,s,65,67.0,False,1996.25,1996.75
3696,576,399,s,65,68.0,False,1996.25,1997.0
3697,6,469,s,65,71.0,False,1996.25,1997.75
3698,47,196,s,65,77.0,False,1996.25,1999.25
3699,47,457,s,65,67.0,False,1996.25,1996.75
3700,62,461,s,65,72.0,False,1996.25,1998.0
3701,87,371,s,65,66.0,False,1996.25,1996.5
3702,88,269,s,65,67.0,False,1996.25,1996.75
3703,113,339,s,65,68.0,False,1996.25,1997.0
3704,117,3,s,65,68.0,False,1996.25,1997.0
3705,192,430,s,65,67.0,False,1996.25,1996.75
3706,264,33,s,65,67.0,False,1996.25,1996.75
3707,341,465,s,65,82.0,False,1996.25,2000.5
3708,383,139,s,65,70.0,False,1996.25,1997.5
3709,388,256,s,65,70.0,False,1996.25,1997.5
3710,422,129,s,65,68.0,False,1996.25,1997.0
3711,434,520,s,65,71.0,False,1996.25,1997.75
3712,31,162,s,66,68.0,False,1996.5,1997.0
3713,36,239,s,66,69.0,False,1996.5,1997.25
3714,62,105,s,66,79.0,False,1996.5,1999.75
3715,64,371,s,66,69.0,False,1996.5,1997.25
3716,87,343,s,66,66.0,False,1996.5,1996.5
3717,141,58,s,66,71.0,False,1996.5,1997.75
3718,141,284,s,66,74.0,False,1996.5,1998.5
3719,159,230,s,66,71.0,False,1996.5,1997.75
3720,181,514,s,66,72.0,False,1996.5,1998.0
3721,213,249,s,66,73.0,False,1996.5,1998.25
3722,265,525,s,66,71.0,False,1996.5,1997.75
3723,326,96,s,66,69.0,False,1996.5,1997.25
3724,391,465,s,66,70.0,False,1996.5,1997.5
3725,466,137,s,66,68.0,False,1996.5,1997.0
3726,466,234,s,66,67.0,False,1996.5,1996.75
3727,466,529,s,66,74.0,False,1996.5,1998.5
3728,483,101,s,66,73.0,False,1996.5,1998.25
3729,545,234,s,66,67.0,False,1996.5,1996.75
3730,653,224,s,66,78.0,False,1996.5,1999.5
3731,653,243,s,66,71.0,False,1996.5,1997.75
3732,4,170,s,66,69.0,False,1996.5,1997.25
3733,4,256,s,66,66.0,False,1996.5,1996.5
3734,46,512,s,66,70.0,False,1996.5,1997.5
3735,64,63,s,66,66.0,False,1996.5,1996.5
3736,88,461,s,66,76.0,False,1996.5,1999.0
3737,187,217,s,66,67.0,False,1996.5,1996.75
3738,206,462,s,66,70.0,False,1996.5,1997.5
3739,242,512,s,66,67.0,False,1996.5,1996.75
3740,303,15,s,66,75.0,False,1996.5,1998.75
3741,313,347,s,66,66.0,False,1996.5,1996.5
3742,341,15,s,66,77.0,False,1996.5,1999.25
3743,346,237,s,66,68.0,False,1996.5,1997.0
3744,466,515,s,66,69.0,False,1996.5,1997.25
3745,549,517,s,66,73.0,False,1996.5,1998.25
3746,555,698,s,66,67.0,False,1996.5,1996.75
3747,577,185,s,66,70.0,False,1996.5,1997.5
3748,578,44,s,66,77.0,False,1996.5,1999.25
3749,6,517,s,66,68.0,False,1996.5,1997.0
3750,34,517,s,66,67.0,False,1996.5,1996.75
3751,41,105,s,66,67.0,False,1996.5,1996.75
3752,153,3,s,66,69.0,False,1996.5,1997.25
3753,186,134,s,66,75.0,False,1996.5,1998.75
3754,257,525,s,66,70.0,False,1996.5,1997.5
3755,264,272,s,66,69.0,False,1996.5,1997.25
3756,265,136,s,66,71.0,False,1996.5,1997.75
3757,266,347,s,66,67.0,False,1996.5,1996.75
3758,294,518,s,66,67.0,False,1996.5,1996.75
3759,326,438,s,66,68.0,False,1996.5,1997.0
3760,383,185,s,66,67.0,False,1996.5,1996.75
3761,444,274,s,66,69.0,False,1996.5,1997.25
3762,463,472,s,66,75.0,False,1996.5,1998.75
3763,466,430,s,66,68.0,False,1996.5,1997.0
3764,483,518,s,66,70.0,False,1996.5,1997.5
3765,545,399,s,66,74.0,False,1996.5,1998.5
3766,550,199,s,66,69.0,False,1996.5,1997.25
3767,654,353,s,66,69.0,False,1996.5,1997.25
3768,702,185,s,66,69.0,False,1996.5,1997.25
3769,36,110,l,66,172.0,True,1996.5,2023.0
3770,11,342,s,67,67.0,False,1996.75,1996.75
3771,26,375,s,67,72.0,False,1996.75,1998.0
3772,41,95,s,67,72.0,False,1996.75,1998.0
3773,106,134,s,67,71.0,False,1996.75,1997.75
3774,241,247,s,67,68.0,False,1996.75,1997.0
3775,245,371,s,67,76.0,False,1996.75,1999.0
3776,350,528,s,67,69.0,False,1996.75,1997.25
3777,362,527,s,67,72.0,False,1996.75,1998.0
3778,367,371,s,67,69.0,False,1996.75,1997.25
3779,434,439,s,67,68.0,False,1996.75,1997.0
3780,435,217,s,67,70.0,False,1996.75,1997.5
3781,466,217,s,67,73.0,False,1996.75,1998.25
3782,466,222,s,67,68.0,False,1996.75,1997.0
3783,475,698,s,67,69.0,False,1996.75,1997.25
3784,549,189,s,67,68.0,False,1996.75,1997.0
3785,551,470,s,67,68.0,False,1996.75,1997.0
3786,571,95,s,67,68.0,False,1996.75,1997.0
3787,0,525,s,67,69.0,False,1996.75,1997.25
3788,4,498,s,67,69.0,False,1996.75,1997.25
3789,11,208,s,67,69.0,False,1996.75,1997.25
3790,36,529,s,67,68.0,False,1996.75,1997.0
3791,46,234,s,67,68.0,False,1996.75,1997.0
3792,67,516,s,67,68.0,False,1996.75,1997.0
3793,73,32,s,67,70.0,False,1996.75,1997.5
3794,106,96,s,67,69.0,False,1996.75,1997.25
3795,187,33,s,67,73.0,False,1996.75,1998.25
3796,303,222,s,67,69.0,False,1996.75,1997.25
3797,303,418,s,67,76.0,False,1996.75,1999.0
3798,316,189,s,67,76.0,False,1996.75,1999.0
3799,326,269,s,67,71.0,False,1996.75,1997.75
3800,358,247,s,67,72.0,False,1996.75,1998.0
3801,358,512,s,67,82.0,False,1996.75,2000.5
3802,391,236,s,67,69.0,False,1996.75,1997.25
3803,406,517,s,67,71.0,False,1996.75,1997.75
3804,450,61,s,67,70.0,False,1996.75,1997.5
3805,450,175,s,67,67.0,False,1996.75,1996.75
3806,541,440,s,67,70.0,False,1996.75,1997.5
3807,552,370,s,67,68.0,False,1996.75,1997.0
3808,555,368,s,67,68.0,False,1996.75,1997.0
3809,653,293,s,67,69.0,False,1996.75,1997.25
3810,455,510,s,67,74.0,False,1996.75,1998.5
3811,360,255,s,67,69.0,False,1996.75,1997.25
3812,330,511,s,67,75.0,False,1996.75,1998.75
3813,581,416,s,67,74.0,False,1996.75,1998.5
3814,204,583,s,67,72.0,False,1996.75,1998.0
3815,485,523,s,67,72.0,False,1996.75,1998.0
3816,558,314,s,67,69.0,False,1996.75,1997.25
3817,344,178,s,67,76.0,False,1996.75,1999.0
3818,559,530,s,67,68.0,False,1996.75,1997.0
3819,251,699,s,67,68.0,False,1996.75,1997.0
3820,711,431,s,67,71.0,False,1996.75,1997.75
3821,9,84,s,67,73.0,False,1996.75,1998.25
3822,12,185,s,67,70.0,False,1996.75,1997.5
3823,36,342,s,67,69.0,False,1996.75,1997.25
3824,47,243,s,67,77.0,False,1996.75,1999.25
3825,71,329,s,67,70.0,False,1996.75,1997.5
3826,127,154,s,67,72.0,False,1996.75,1998.0
3827,145,84,s,67,68.0,False,1996.75,1997.0
3828,153,56,s,67,72.0,False,1996.75,1998.0
3829,157,232,s,67,78.0,False,1996.75,1999.5
3830,186,175,s,67,68.0,False,1996.75,1997.0
3831,186,425,s,67,72.0,False,1996.75,1998.0
3832,241,512,s,67,72.0,False,1996.75,1998.0
3833,332,371,s,67,78.0,False,1996.75,1999.5
3834,358,150,s,67,72.0,False,1996.75,1998.0
3835,380,68,s,67,68.0,False,1996.75,1997.0
3836,422,217,s,67,72.0,False,1996.75,1998.0
3837,475,456,s,67,72.0,False,1996.75,1998.0
3838,485,479,s,67,72.0,False,1996.75,1998.0
3839,547,423,s,67,74.0,False,1996.75,1998.5
3840,550,479,s,67,69.0,False,1996.75,1997.25
3841,551,405,s,67,73.0,False,1996.75,1998.25
3842,654,178,s,67,82.0,False,1996.75,2000.5
3843,12,329,s,68,68.0,False,1997.0,1997.0
3844,34,180,s,68,70.0,False,1997.0,1997.5
3845,41,134,s,68,74.0,False,1997.0,1998.5
3846,41,405,s,68,70.0,False,1997.0,1997.5
3847,41,470,s,68,71.0,False,1997.0,1997.75
3848,64,423,s,68,69.0,False,1997.0,1997.25
3849,65,15,s,68,69.0,False,1997.0,1997.25
3850,119,405,s,68,68.0,False,1997.0,1997.0
3851,181,436,s,68,85.0,False,1997.0,2001.25
3852,192,95,s,68,79.0,False,1997.0,1999.75
3853,303,430,s,68,76.0,False,1997.0,1999.0
3854,313,255,s,68,73.0,False,1997.0,1998.25
3855,350,527,s,68,72.0,False,1997.0,1998.0
3856,388,470,s,68,74.0,False,1997.0,1998.5
3857,394,283,s,68,87.0,False,1997.0,2001.75
3858,435,304,s,68,68.0,False,1997.0,1997.0
3859,485,329,s,68,72.0,False,1997.0,1998.0
3860,542,375,s,68,70.0,False,1997.0,1997.5
3861,545,236,s,68,74.0,False,1997.0,1998.5
3862,549,196,s,68,68.0,False,1997.0,1997.0
3863,549,399,s,68,76.0,False,1997.0,1999.0
3864,731,211,s,68,68.0,False,1997.0,1997.0
3865,36,51,s,68,70.0,False,1997.0,1997.5
3866,36,525,s,68,79.0,False,1997.0,1999.75
3867,66,615,s,68,68.0,False,1997.0,1997.0
3868,71,418,s,68,73.0,False,1997.0,1998.25
3869,71,432,s,68,72.0,False,1997.0,1998.0
3870,148,445,s,68,69.0,False,1997.0,1997.25
3871,195,232,s,68,68.0,False,1997.0,1997.0
3872,202,510,s,68,69.0,False,1997.0,1997.25
3873,206,526,s,68,71.0,False,1997.0,1997.75
3874,294,440,s,68,69.0,False,1997.0,1997.25
3875,294,511,s,68,68.0,False,1997.0,1997.0
3876,303,95,s,68,77.0,False,1997.0,1999.25
3877,316,469,s,68,72.0,False,1997.0,1998.0
3878,326,379,s,68,71.0,False,1997.0,1997.75
3879,406,274,s,68,71.0,False,1997.0,1997.75
3880,427,440,s,68,72.0,False,1997.0,1998.0
3881,466,486,s,68,74.0,False,1997.0,1998.5
3882,36,439,s,68,76.0,False,1997.0,1999.0
3883,41,472,s,68,86.0,False,1997.0,2001.5
3884,90,510,s,68,72.0,False,1997.0,1998.0
3885,153,524,s,68,70.0,False,1997.0,1997.5
3886,241,418,s,68,72.0,False,1997.0,1998.0
3887,242,86,s,68,73.0,False,1997.0,1998.25
3888,313,211,s,68,75.0,False,1997.0,1998.75
3889,378,440,s,68,72.0,False,1997.0,1998.0
3890,481,29,s,68,76.0,False,1997.0,1999.0
3891,541,272,s,68,71.0,False,1997.0,1997.75
3892,547,440,s,68,70.0,False,1997.0,1997.5
3893,554,42,s,68,70.0,False,1997.0,1997.5
3894,731,269,s,68,76.0,False,1997.0,1999.0
3895,485,529,l,68,72.0,True,1997.0,1998.0
3896,41,515,s,69,71.0,False,1997.25,1997.75
3897,46,517,s,69,70.0,False,1997.25,1997.5
3898,71,211,s,69,70.0,False,1997.25,1997.5
3899,206,185,s,69,76.0,False,1997.25,1999.0
3900,212,524,s,69,69.0,False,1997.25,1997.25
3901,294,339,s,69,74.0,False,1997.25,1998.5
3902,383,527,s,69,69.0,False,1997.25,1997.25
3903,499,342,s,69,70.0,False,1997.25,1997.5
3904,541,255,s,69,70.0,False,1997.25,1997.5
3905,551,529,s,69,70.0,False,1997.25,1997.5
3906,4,137,s,69,69.0,False,1997.25,1997.25
3907,9,307,s,69,72.0,False,1997.25,1998.0
3908,46,129,s,69,78.0,False,1997.25,1999.5
3909,48,222,s,69,69.0,False,1997.25,1997.25
3910,121,520,s,69,70.0,False,1997.25,1997.5
3911,124,339,s,69,74.0,False,1997.25,1998.5
3912,153,139,s,69,71.0,False,1997.25,1997.75
3913,159,189,s,69,70.0,False,1997.25,1997.5
3914,187,517,s,69,75.0,False,1997.25,1998.75
3915,195,232,s,69,69.0,False,1997.25,1997.25
3916,200,101,s,69,73.0,False,1997.25,1998.25
3917,242,518,s,69,70.0,False,1997.25,1997.5
3918,245,329,s,69,70.0,False,1997.25,1997.5
3919,257,189,s,69,77.0,False,1997.25,1999.25
3920,302,211,s,69,71.0,False,1997.25,1997.75
3921,305,230,s,69,71.0,False,1997.25,1997.75
3922,362,405,s,69,71.0,False,1997.25,1997.75
3923,422,101,s,69,70.0,False,1997.25,1997.5
3924,475,178,s,69,73.0,False,1997.25,1998.25
3925,480,511,s,69,71.0,False,1997.25,1997.75
3926,485,524,s,69,70.0,False,1997.25,1997.5
3927,504,255,s,69,71.0,False,1997.25,1997.75
3928,541,457,s,69,74.0,False,1997.25,1998.5
3929,552,342,s,69,74.0,False,1997.25,1998.5
3930,577,134,s,69,71.0,False,1997.25,1997.75
3931,654,405,s,69,76.0,False,1997.25,1999.0
3932,11,520,s,69,74.0,False,1997.25,1998.5
3933,17,613,s,69,70.0,False,1997.25,1997.5
3934,34,371,s,69,74.0,False,1997.25,1998.5
3935,36,217,s,69,78.0,False,1997.25,1999.5
3936,37,354,s,69,74.0,False,1997.25,1998.5
3937,79,150,s,69,70.0,False,1997.25,1997.5
3938,87,154,s,69,70.0,False,1997.25,1997.5
3939,112,42,s,69,71.0,False,1997.25,1997.75
3940,242,239,s,69,71.0,False,1997.25,1997.75
3941,302,296,s,69,70.0,False,1997.25,1997.5
3942,383,269,s,69,73.0,False,1997.25,1998.25
3943,466,230,s,69,70.0,False,1997.25,1997.5
3944,485,217,s,69,72.0,False,1997.25,1998.0
3945,550,353,s,69,72.0,False,1997.25,1998.0
3946,720,431,s,69,72.0,False,1997.25,1998.0
3947,145,631,l,69,100.0,True,1997.25,2005.0
3948,213,516,l,69,228.0,True,1997.25,2037.0
3949,50,524,l,69,80.0,True,1997.25,2000.0
3950,673,162,l,69,80.0,True,1997.25,2000.0
3951,62,134,s,70,71.0,False,1997.5,1997.75
3952,73,405,s,70,72.0,False,1997.5,1998.0
3953,87,399,s,70,74.0,False,1997.5,1998.5
3954,102,524,s,70,72.0,False,1997.5,1998.0
3955,117,86,s,70,76.0,False,1997.5,1999.0
3956,121,58,s,70,73.0,False,1997.5,1998.25
3957,124,129,s,70,72.0,False,1997.5,1998.0
3958,124,486,s,70,71.0,False,1997.5,1997.75
3959,152,399,s,70,72.0,False,1997.5,1998.0
3960,153,239,s,70,74.0,False,1997.5,1998.5
3961,181,479,s,70,71.0,False,1997.5,1997.75
3962,181,524,s,70,70.0,False,1997.5,1997.5
3963,192,469,s,70,72.0,False,1997.5,1998.0
3964,216,524,s,70,92.0,False,1997.5,2003.0
3965,242,511,s,70,71.0,False,1997.5,1997.75
3966,340,86,s,70,73.0,False,1997.5,1998.25
3967,344,318,s,70,77.0,False,1997.5,1999.25
3968,466,461,s,70,73.0,False,1997.5,1998.25
3969,483,486,s,70,71.0,False,1997.5,1997.75
3970,485,470,s,70,72.0,False,1997.5,1998.0
3971,499,3,s,70,71.0,False,1997.5,1997.75
3972,544,176,s,70,77.0,False,1997.5,1999.25
3973,571,61,s,70,80.0,False,1997.5,2000.0
3974,577,461,s,70,70.0,False,1997.5,1997.5
3975,0,479,s,70,72.0,False,1997.5,1998.0
3976,34,198,s,70,79.0,False,1997.5,1999.75
3977,41,439,s,70,80.0,False,1997.5,2000.0
3978,64,418,s,70,71.0,False,1997.5,1997.75
3979,71,196,s,70,71.0,False,1997.5,1997.75
3980,112,342,s,70,71.0,False,1997.5,1997.75
3981,181,486,s,70,77.0,False,1997.5,1999.25
3982,213,399,s,70,73.0,False,1997.5,1998.25
3983,257,338,s,70,70.0,False,1997.5,1997.5
3984,294,512,s,70,73.0,False,1997.5,1998.25
3985,316,232,s,70,72.0,False,1997.5,1998.0
3986,341,175,s,70,71.0,False,1997.5,1997.75
3987,383,527,s,70,82.0,False,1997.5,2000.5
3988,388,3,s,70,78.0,False,1997.5,1999.5
3989,388,329,s,70,71.0,False,1997.5,1997.75
3990,434,293,s,70,74.0,False,1997.5,1998.5
3991,475,530,s,70,73.0,False,1997.5,1998.25
3992,483,517,s,70,74.0,False,1997.5,1998.5
3993,499,436,s,70,73.0,False,1997.5,1998.25
3994,550,256,s,70,80.0,False,1997.5,2000.0
3995,554,372,s,70,76.0,False,1997.5,1999.0
3996,11,217,s,70,85.0,False,1997.5,2001.25
3997,34,430,s,70,77.0,False,1997.5,1999.25
3998,41,519,s,70,74.0,False,1997.5,1998.5
3999,112,129,s,70,72.0,False,1997.5,1998.0
4000,112,338,s,70,73.0,False,1997.5,1998.25
4001,119,530,s,70,88.0,False,1997.5,2002.0
4002,187,269,s,70,71.0,False,1997.5,1997.75
4003,257,445,s,70,71.0,False,1997.5,1997.75
4004,294,425,s,70,75.0,False,1997.5,1998.75
4005,323,217,s,70,71.0,False,1997.5,1997.75
4006,330,461,s,70,71.0,False,1997.5,1997.75
4007,383,525,s,70,71.0,False,1997.5,1997.75
4008,466,189,s,70,77.0,False,1997.5,1999.25
4009,499,430,s,70,75.0,False,1997.5,1998.75
4010,546,101,s,70,71.0,False,1997.5,1997.75
4011,547,445,s,70,75.0,False,1997.5,1998.75
4012,731,170,s,70,84.0,False,1997.5,2001.0
4013,546,272,l,70,117.0,True,1997.5,2009.25
4014,34,569,s,71,73.0,False,1997.75,1998.25
4015,41,440,s,71,78.0,False,1997.75,1999.5
4016,71,518,s,71,73.0,False,1997.75,1998.25
4017,157,517,s,71,71.0,False,1997.75,1997.75
4018,204,416,s,71,75.0,False,1997.75,1998.75
4019,242,222,s,71,71.0,False,1997.75,1997.75
4020,242,461,s,71,77.0,False,1997.75,1999.25
4021,257,28,s,71,77.0,False,1997.75,1999.25
4022,257,523,s,71,76.0,False,1997.75,1999.0
4023,316,230,s,71,71.0,False,1997.75,1997.75
4024,350,405,s,71,71.0,False,1997.75,1997.75
4025,391,284,s,71,73.0,False,1997.75,1998.25
4026,466,321,s,71,81.0,False,1997.75,2000.25
4027,483,154,s,71,72.0,False,1997.75,1998.0
4028,499,423,s,71,76.0,False,1997.75,1999.0
4029,616,56,s,71,74.0,False,1997.75,1998.5
4030,36,96,s,71,75.0,False,1997.75,1998.75
4031,36,528,s,71,73.0,False,1997.75,1998.25
4032,41,461,s,71,95.0,False,1997.75,2003.75
4033,88,524,s,71,79.0,False,1997.75,1999.75
4034,119,479,s,71,71.0,False,1997.75,1997.75
4035,172,432,s,71,73.0,False,1997.75,1998.25
4036,242,217,s,71,73.0,False,1997.75,1998.25
4037,242,518,s,71,71.0,False,1997.75,1997.75
4038,290,457,s,71,71.0,False,1997.75,1997.75
4039,294,32,s,71,73.0,False,1997.75,1998.25
4040,408,486,s,71,72.0,False,1997.75,1998.0
4041,433,613,s,71,72.0,False,1997.75,1998.0
4042,551,425,s,71,74.0,False,1997.75,1998.5
4043,552,282,s,71,73.0,False,1997.75,1998.25
4044,53,509,s,71,72.0,False,1997.75,1998.0
4045,287,54,s,71,72.0,False,1997.75,1998.0
4046,195,515,s,71,74.0,False,1997.75,1998.5
4047,703,314,s,71,83.0,False,1997.75,2000.75
4048,558,118,s,71,75.0,False,1997.75,1998.75
4049,385,68,s,71,72.0,False,1997.75,1998.0
4050,584,608,s,71,83.0,False,1997.75,2000.75
4051,214,453,s,71,76.0,False,1997.75,1999.0
4052,502,146,s,71,72.0,False,1997.75,1998.0
4053,595,69,s,71,94.0,False,1997.75,2003.5
4054,0,170,s,71,73.0,False,1997.75,1998.25
4055,12,3,s,71,81.0,False,1997.75,2000.25
4056,34,101,s,71,73.0,False,1997.75,1998.25
4057,73,440,s,71,72.0,False,1997.75,1998.0
4058,88,521,s,71,73.0,False,1997.75,1998.25
4059,90,516,s,71,76.0,False,1997.75,1999.0
4060,112,136,s,71,75.0,False,1997.75,1998.75
4061,112,178,s,71,73.0,False,1997.75,1998.25
4062,125,232,s,71,81.0,False,1997.75,2000.25
4063,145,86,s,71,72.0,False,1997.75,1998.0
4064,157,405,s,71,76.0,False,1997.75,1999.0
4065,195,61,s,71,77.0,False,1997.75,1999.25
4066,245,498,s,71,73.0,False,1997.75,1998.25
4067,264,256,s,71,77.0,False,1997.75,1999.25
4068,408,342,s,71,78.0,False,1997.75,1999.5
4069,493,470,s,71,77.0,False,1997.75,1999.25
4070,545,516,s,71,74.0,False,1997.75,1998.5
4071,547,526,s,71,72.0,False,1997.75,1998.0
4072,549,371,s,71,75.0,False,1997.75,1998.75
4073,550,523,s,71,72.0,False,1997.75,1998.0
4074,552,134,s,71,73.0,False,1997.75,1998.25
4075,571,69,s,71,73.0,False,1997.75,1998.25
4076,493,234,l,71,216.0,True,1997.75,2034.0
4077,391,462,l,71,102.0,True,1997.75,2005.5
4078,6,445,s,72,78.0,False,1998.0,1999.5
4079,71,517,s,72,72.0,False,1998.0,1998.0
4080,117,389,s,72,72.0,False,1998.0,1998.0
4081,125,615,s,72,73.0,False,1998.0,1998.25
4082,145,256,s,72,73.0,False,1998.0,1998.25
4083,200,339,s,72,73.0,False,1998.0,1998.25
4084,288,230,s,72,77.0,False,1998.0,1999.25
4085,350,256,s,72,75.0,False,1998.0,1998.75
4086,362,631,s,72,77.0,False,1998.0,1999.25
4087,394,430,s,72,76.0,False,1998.0,1999.0
4088,443,321,s,72,76.0,False,1998.0,1999.0
4089,450,347,s,72,77.0,False,1998.0,1999.25
4090,544,243,s,72,72.0,False,1998.0,1998.0
4091,654,101,s,72,75.0,False,1998.0,1998.75
4092,0,379,s,72,73.0,False,1998.0,1998.25
4093,11,461,s,72,74.0,False,1998.0,1998.5
4094,12,371,s,72,85.0,False,1998.0,2001.25
4095,36,461,s,72,77.0,False,1998.0,1999.25
4096,73,217,s,72,86.0,False,1998.0,2001.5
4097,195,521,s,72,73.0,False,1998.0,1998.25
4098,294,328,s,72,77.0,False,1998.0,1999.25
4099,332,418,s,72,75.0,False,1998.0,1998.75
4100,363,230,s,72,74.0,False,1998.0,1998.5
4101,702,405,s,72,83.0,False,1998.0,2000.75
4102,9,217,s,72,75.0,False,1998.0,1998.75
4103,12,274,s,72,79.0,False,1998.0,1999.75
4104,36,3,s,72,76.0,False,1998.0,1999.0
4105,36,137,s,72,75.0,False,1998.0,1998.75
4106,41,170,s,72,74.0,False,1998.0,1998.5
4107,73,170,s,72,75.0,False,1998.0,1998.75
4108,88,51,s,72,76.0,False,1998.0,1999.0
4109,91,56,s,72,76.0,False,1998.0,1999.0
4110,159,211,s,72,73.0,False,1998.0,1998.25
4111,186,110,s,72,84.0,False,1998.0,2001.0
4112,195,217,s,72,80.0,False,1998.0,2000.0
4113,202,196,s,72,74.0,False,1998.0,1998.5
4114,204,75,s,72,73.0,False,1998.0,1998.25
4115,213,29,s,72,78.0,False,1998.0,1999.5
4116,301,144,s,72,82.0,False,1998.0,2000.5
4117,367,199,s,72,74.0,False,1998.0,1998.5
4118,367,217,s,72,75.0,False,1998.0,1998.75
4119,381,328,s,72,73.0,False,1998.0,1998.25
4120,396,236,s,72,73.0,False,1998.0,1998.25
4121,406,514,s,72,87.0,False,1998.0,2001.75
4122,427,154,s,72,73.0,False,1998.0,1998.25
4123,493,284,s,72,76.0,False,1998.0,1999.0
4124,499,217,s,72,73.0,False,1998.0,1998.25
4125,499,512,s,72,75.0,False,1998.0,1998.75
4126,550,405,s,72,79.0,False,1998.0,1999.75
4127,206,256,l,72,148.0,True,1998.0,2017.0
4128,313,196,l,72,,True,1998.0,
4129,0,208,s,73,73.0,False,1998.25,1998.25
4130,36,511,s,73,76.0,False,1998.25,1999.0
4131,125,170,s,73,73.0,False,1998.25,1998.25
4132,153,134,s,73,76.0,False,1998.25,1999.0
4133,195,224,s,73,79.0,False,1998.25,1999.75
4134,200,293,s,73,78.0,False,1998.25,1999.5
4135,241,328,s,73,74.0,False,1998.25,1998.5
4136,242,526,s,73,74.0,False,1998.25,1998.5
4137,264,353,s,73,77.0,False,1998.25,1999.25
4138,266,453,s,73,74.0,False,1998.25,1998.5
4139,396,224,s,73,75.0,False,1998.25,1998.75
4140,434,453,s,73,82.0,False,1998.25,2000.5
4141,455,399,s,73,73.0,False,1998.25,1998.25
4142,545,211,s,73,76.0,False,1998.25,1999.0
4143,584,129,s,73,80.0,False,1998.25,2000.0
4144,741,440,s,73,77.0,False,1998.25,1999.25
4145,21,314,s,73,76.0,False,1998.25,1999.0
4146,119,282,s,73,75.0,False,1998.25,1998.75
4147,119,524,s,73,82.0,False,1998.25,2000.5
4148,241,418,s,73,76.0,False,1998.25,1999.0
4149,242,342,s,73,78.0,False,1998.25,1999.5
4150,316,329,s,73,81.0,False,1998.25,2000.25
4151,414,512,s,73,74.0,False,1998.25,1998.5
4152,443,15,s,73,80.0,False,1998.25,2000.0
4153,540,175,s,73,80.0,False,1998.25,2000.0
4154,545,224,s,73,76.0,False,1998.25,1999.0
4155,547,517,s,73,76.0,False,1998.25,1999.0
4156,581,375,s,73,82.0,False,1998.25,2000.5
4157,595,608,s,73,75.0,False,1998.25,1998.75
4158,26,416,s,73,80.0,False,1998.25,2000.0
4159,49,457,s,73,76.0,False,1998.25,1999.0
4160,53,224,s,73,83.0,False,1998.25,2000.75
4161,90,521,s,73,80.0,False,1998.25,2000.0
4162,121,399,s,73,81.0,False,1998.25,2000.25
4163,215,68,s,73,77.0,False,1998.25,1999.25
4164,241,224,s,73,75.0,False,1998.25,1998.75
4165,287,479,s,73,76.0,False,1998.25,1999.0
4166,294,486,s,73,75.0,False,1998.25,1998.75
4167,305,189,s,73,79.0,False,1998.25,1999.75
4168,358,371,s,73,82.0,False,1998.25,2000.5
4169,388,425,s,73,74.0,False,1998.25,1998.5
4170,577,289,s,73,74.0,False,1998.25,1998.5
4171,577,631,s,73,74.0,False,1998.25,1998.5
4172,547,199,l,73,118.0,True,1998.25,2009.5
4173,9,418,s,74,77.0,False,1998.5,1999.25
4174,34,211,s,74,75.0,False,1998.5,1998.75
4175,71,256,s,74,78.0,False,1998.5,1999.5
4176,73,304,s,74,75.0,False,1998.5,1998.75
4177,183,54,s,74,79.0,False,1998.5,1999.75
4178,190,150,s,74,80.0,False,1998.5,2000.0
4179,195,51,s,74,83.0,False,1998.5,2000.75
4180,204,498,s,74,75.0,False,1998.5,1998.75
4181,264,84,s,74,75.0,False,1998.5,1998.75
4182,287,461,s,74,86.0,False,1998.5,2001.5
4183,323,440,s,74,75.0,False,1998.5,1998.75
4184,388,217,s,74,81.0,False,1998.5,2000.25
4185,422,69,s,74,74.0,False,1998.5,1998.5
4186,481,247,s,74,77.0,False,1998.5,1999.25
4187,11,237,s,74,75.0,False,1998.5,1998.75
4188,49,307,s,74,79.0,False,1998.5,1999.75
4189,73,354,s,74,87.0,False,1998.5,2001.75
4190,113,518,s,74,80.0,False,1998.5,2000.0
4191,117,58,s,74,76.0,False,1998.5,1999.0
4192,190,321,s,74,75.0,False,1998.5,1998.75
4193,213,283,s,74,83.0,False,1998.5,2000.75
4194,344,137,s,74,83.0,False,1998.5,2000.75
4195,543,416,s,74,75.0,False,1998.5,1998.75
4196,546,40,s,74,75.0,False,1998.5,1998.75
4197,36,185,s,74,76.0,False,1998.5,1999.0
4198,117,342,s,74,75.0,False,1998.5,1998.75
4199,117,461,s,74,76.0,False,1998.5,1999.0
4200,145,232,s,74,77.0,False,1998.5,1999.25
4201,153,208,s,74,77.0,False,1998.5,1999.25
4202,192,234,s,74,82.0,False,1998.5,2000.5
4203,266,518,s,74,81.0,False,1998.5,2000.25
4204,288,101,s,74,83.0,False,1998.5,2000.75
4205,294,51,s,74,79.0,False,1998.5,1999.75
4206,326,282,s,74,75.0,False,1998.5,1998.75
4207,350,528,s,74,76.0,False,1998.5,1999.0
4208,422,51,s,74,76.0,False,1998.5,1999.0
4209,422,524,s,74,76.0,False,1998.5,1999.0
4210,483,375,s,74,76.0,False,1998.5,1999.0
4211,545,329,s,74,75.0,False,1998.5,1998.75
4212,703,372,s,74,79.0,False,1998.5,1999.75
4213,241,40,l,74,106.0,True,1998.5,2006.5
4214,213,371,l,74,97.0,True,1998.5,2004.25
4215,0,249,s,75,77.0,False,1998.75,1999.25
4216,34,296,s,75,76.0,False,1998.75,1999.0
4217,71,274,s,75,75.0,False,1998.75,1998.75
4218,81,176,s,75,77.0,False,1998.75,1999.25
4219,102,185,s,75,76.0,False,1998.75,1999.0
4220,187,170,s,75,84.0,False,1998.75,2001.0
4221,213,512,s,75,79.0,False,1998.75,1999.75
4222,262,307,s,75,78.0,False,1998.75,1999.5
4223,266,516,s,75,78.0,False,1998.75,1999.5
4224,285,101,s,75,90.0,False,1998.75,2002.5
4225,341,512,s,75,75.0,False,1998.75,1998.75
4226,358,243,s,75,77.0,False,1998.75,1999.25
4227,378,217,s,75,82.0,False,1998.75,2000.5
4228,466,399,s,75,78.0,False,1998.75,1999.5
4229,499,440,s,75,81.0,False,1998.75,2000.25
4230,654,329,s,75,82.0,False,1998.75,2000.5
4231,41,338,s,75,79.0,False,1998.75,1999.75
4232,73,439,s,75,76.0,False,1998.75,1999.0
4233,106,284,s,75,83.0,False,1998.75,2000.75
4234,112,314,s,75,76.0,False,1998.75,1999.0
4235,148,529,s,75,77.0,False,1998.75,1999.25
4236,169,234,s,75,80.0,False,1998.75,2000.0
4237,195,520,s,75,76.0,False,1998.75,1999.0
4238,266,101,s,75,77.0,False,1998.75,1999.25
4239,378,518,s,75,84.0,False,1998.75,2001.0
4240,435,329,s,75,77.0,False,1998.75,1999.25
4241,493,217,s,75,87.0,False,1998.75,2001.75
4242,499,133,s,75,79.0,False,1998.75,1999.75
4243,549,521,s,75,80.0,False,1998.75,2000.0
4244,554,529,s,75,78.0,False,1998.75,1999.5
4245,653,101,s,75,78.0,False,1998.75,1999.5
4246,161,497,s,75,80.0,False,1998.75,2000.0
4247,67,63,s,75,85.0,False,1998.75,2001.25
4248,484,255,s,75,76.0,False,1998.75,1999.0
4249,357,24,s,75,89.0,False,1998.75,2002.25
4250,655,728,s,75,76.0,False,1998.75,1999.0
4251,742,42,s,75,78.0,False,1998.75,1999.5
4252,720,120,s,75,76.0,False,1998.75,1999.0
4253,205,506,s,75,83.0,False,1998.75,2000.75
4254,541,146,s,75,77.0,False,1998.75,1999.25
4255,360,437,s,75,80.0,False,1998.75,2000.0
4256,330,115,s,75,77.0,False,1998.75,1999.25
4257,570,590,s,75,82.0,False,1998.75,2000.5
4258,568,343,s,75,77.0,False,1998.75,1999.25
4259,504,77,s,75,80.0,False,1998.75,2000.0
4260,460,469,s,75,77.0,False,1998.75,1999.25
4261,94,80,s,75,79.0,False,1998.75,1999.75
4262,542,246,s,75,76.0,False,1998.75,1999.0
4263,610,507,s,75,76.0,False,1998.75,1999.0
4264,9,328,s,75,76.0,False,1998.75,1999.0
4265,50,520,s,75,76.0,False,1998.75,1999.0
4266,121,133,s,75,78.0,False,1998.75,1999.5
4267,181,208,s,75,76.0,False,1998.75,1999.0
4268,206,438,s,75,76.0,False,1998.75,1999.0
4269,287,342,s,75,79.0,False,1998.75,1999.75
4270,291,465,s,75,78.0,False,1998.75,1999.5
4271,316,110,s,75,80.0,False,1998.75,2000.0
4272,383,314,s,75,85.0,False,1998.75,2001.25
4273,544,146,s,75,85.0,False,1998.75,2001.25
4274,547,272,s,75,76.0,False,1998.75,1999.0
4275,578,42,s,75,76.0,False,1998.75,1999.0
4276,408,249,l,75,160.0,True,1998.75,2020.0
4277,383,328,l,75,107.0,True,1998.75,2006.75
4278,34,69,l,75,,True,1998.75,
4279,71,461,s,76,78.0,False,1999.0,1999.5
4280,91,526,s,76,80.0,False,1999.0,2000.0
4281,119,199,s,76,77.0,False,1999.0,1999.25
4282,212,338,s,76,88.0,False,1999.0,2002.0
4283,241,399,s,76,84.0,False,1999.0,2001.0
4284,264,525,s,76,76.0,False,1999.0,1999.0
4285,340,293,s,76,78.0,False,1999.0,1999.5
4286,408,440,s,76,76.0,False,1999.0,1999.0
4287,434,405,s,76,82.0,False,1999.0,2000.5
4288,493,461,s,76,78.0,False,1999.0,1999.5
4289,544,29,s,76,78.0,False,1999.0,1999.5
4290,545,232,s,76,79.0,False,1999.0,1999.75
4291,545,405,s,76,79.0,False,1999.0,1999.75
4292,549,29,s,76,95.0,False,1999.0,2003.75
4293,555,1,s,76,83.0,False,1999.0,2000.75
4294,702,96,s,76,79.0,False,1999.0,1999.75
4295,11,486,s,76,85.0,False,1999.0,2001.25
4296,17,528,s,76,92.0,False,1999.0,2003.0
4297,53,437,s,76,82.0,False,1999.0,2000.5
4298,88,189,s,76,77.0,False,1999.0,1999.25
4299,187,461,s,76,78.0,False,1999.0,1999.5
4300,205,321,s,76,88.0,False,1999.0,2002.0
4301,241,61,s,76,77.0,False,1999.0,1999.25
4302,264,282,s,76,77.0,False,1999.0,1999.25
4303,381,430,s,76,77.0,False,1999.0,1999.25
4304,391,243,s,76,77.0,False,1999.0,1999.25
4305,392,498,s,76,78.0,False,1999.0,1999.5
4306,444,517,s,76,82.0,False,1999.0,2000.5
4307,466,232,s,76,78.0,False,1999.0,1999.5
4308,466,517,s,76,79.0,False,1999.0,1999.75
4309,484,423,s,76,77.0,False,1999.0,1999.25
4310,549,445,s,76,78.0,False,1999.0,1999.5
4311,12,217,s,76,81.0,False,1999.0,2000.25
4312,36,405,s,76,81.0,False,1999.0,2000.25
4313,41,520,s,76,90.0,False,1999.0,2002.5
4314,62,256,s,76,79.0,False,1999.0,1999.75
4315,91,354,s,76,85.0,False,1999.0,2001.25
4316,117,40,s,76,81.0,False,1999.0,2000.25
4317,117,389,s,76,79.0,False,1999.0,1999.75
4318,213,51,s,76,80.0,False,1999.0,2000.0
4319,242,521,s,76,81.0,False,1999.0,2000.25
4320,294,371,s,76,80.0,False,1999.0,2000.0
4321,316,511,s,76,78.0,False,1999.0,1999.5
4322,435,486,s,76,78.0,False,1999.0,1999.5
4323,578,613,s,76,84.0,False,1999.0,2001.0
4324,750,232,s,76,82.0,False,1999.0,2000.5
4325,181,136,l,76,136.0,True,1999.0,2014.0
4326,305,461,l,76,124.0,True,1999.0,2011.0
4327,388,236,l,76,132.0,True,1999.0,2013.0
4328,0,479,s,77,78.0,False,1999.25,1999.5
4329,9,95,s,77,79.0,False,1999.25,1999.75
4330,11,237,s,77,78.0,False,1999.25,1999.5
4331,50,249,s,77,78.0,False,1999.25,1999.5
4332,88,236,s,77,82.0,False,1999.25,2000.5
4333,190,339,s,77,78.0,False,1999.25,1999.5
4334,241,234,s,77,82.0,False,1999.25,2000.5
4335,264,33,s,77,82.0,False,1999.25,2000.5
4336,290,224,s,77,78.0,False,1999.25,1999.5
4337,290,497,s,77,77.0,False,1999.25,1999.25
4338,341,506,s,77,77.0,False,1999.25,1999.25
4339,360,150,s,77,92.0,False,1999.25,2003.0
4340,362,528,s,77,82.0,False,1999.25,2000.5
4341,381,461,s,77,77.0,False,1999.25,1999.25
4342,422,217,s,77,77.0,False,1999.25,1999.25
4343,493,498,s,77,78.0,False,1999.25,1999.5
4344,499,461,s,77,77.0,False,1999.25,1999.25
4345,654,208,s,77,77.0,False,1999.25,1999.25
4346,741,129,s,77,78.0,False,1999.25,1999.5
4347,741,511,s,77,81.0,False,1999.25,2000.25
4348,11,631,s,77,80.0,False,1999.25,2000.0
4349,94,405,s,77,78.0,False,1999.25,1999.5
4350,153,32,s,77,79.0,False,1999.25,1999.75
4351,161,230,s,77,77.0,False,1999.25,1999.25
4352,266,465,s,77,80.0,False,1999.25,2000.0
4353,341,329,s,77,79.0,False,1999.25,1999.75
4354,362,523,s,77,80.0,False,1999.25,2000.0
4355,381,217,s,77,78.0,False,1999.25,1999.5
4356,466,461,s,77,78.0,False,1999.25,1999.5
4357,559,456,s,77,79.0,False,1999.25,1999.75
4358,581,453,s,77,79.0,False,1999.25,1999.75
4359,741,61,s,77,79.0,False,1999.25,1999.75
4360,6,339,s,77,85.0,False,1999.25,2001.25
4361,9,101,s,77,78.0,False,1999.25,1999.5
4362,11,208,s,77,78.0,False,1999.25,1999.5
4363,47,15,s,77,82.0,False,1999.25,2000.5
4364,53,54,s,77,81.0,False,1999.25,2000.25
4365,62,44,s,77,83.0,False,1999.25,2000.75
4366,119,282,s,77,99.0,False,1999.25,2004.75
4367,161,237,s,77,80.0,False,1999.25,2000.0
4368,187,58,s,77,89.0,False,1999.25,2002.25
4369,378,347,s,77,78.0,False,1999.25,1999.5
4370,466,389,s,77,82.0,False,1999.25,2000.5
4371,549,456,s,77,81.0,False,1999.25,2000.25
4372,550,354,s,77,78.0,False,1999.25,1999.5
4373,550,514,s,77,78.0,False,1999.25,1999.5
4374,0,347,s,78,82.0,False,1999.5,2000.5
4375,36,239,s,78,80.0,False,1999.5,2000.0
4376,71,479,s,78,84.0,False,1999.5,2001.0
4377,79,198,s,78,86.0,False,1999.5,2001.5
4378,106,405,s,78,80.0,False,1999.5,2000.0
4379,119,314,s,78,78.0,False,1999.5,1999.5
4380,159,375,s,78,80.0,False,1999.5,2000.0
4381,287,440,s,78,80.0,False,1999.5,2000.0
4382,288,115,s,78,82.0,False,1999.5,2000.5
4383,305,175,s,78,78.0,False,1999.5,1999.5
4384,360,146,s,78,85.0,False,1999.5,2001.25
4385,408,354,s,78,85.0,False,1999.5,2001.25
4386,444,507,s,78,84.0,False,1999.5,2001.0
4387,460,423,s,78,78.0,False,1999.5,1999.5
4388,483,520,s,78,79.0,False,1999.5,1999.75
4389,544,497,s,78,79.0,False,1999.5,1999.75
4390,570,283,s,78,78.0,False,1999.5,1999.5
4391,570,343,s,78,81.0,False,1999.5,2000.25
4392,6,511,s,78,79.0,False,1999.5,1999.75
4393,37,405,s,78,78.0,False,1999.5,1999.5
4394,91,523,s,78,82.0,False,1999.5,2000.5
4395,119,289,s,78,80.0,False,1999.5,2000.0
4396,127,445,s,78,78.0,False,1999.5,1999.5
4397,159,518,s,78,78.0,False,1999.5,1999.5
4398,181,526,s,78,92.0,False,1999.5,2003.0
4399,290,32,s,78,80.0,False,1999.5,2000.0
4400,294,525,s,78,78.0,False,1999.5,1999.5
4401,302,343,s,78,85.0,False,1999.5,2001.25
4402,326,631,s,78,81.0,False,1999.5,2000.25
4403,363,520,s,78,82.0,False,1999.5,2000.5
4404,450,198,s,78,90.0,False,1999.5,2002.5
4405,547,517,s,78,79.0,False,1999.5,1999.75
4406,549,51,s,78,80.0,False,1999.5,2000.0
4407,552,56,s,78,80.0,False,1999.5,2000.0
4408,584,512,s,78,82.0,False,1999.5,2000.5
4409,742,137,s,78,81.0,False,1999.5,2000.25
4410,11,525,s,78,81.0,False,1999.5,2000.25
4411,12,527,s,78,82.0,False,1999.5,2000.5
4412,73,239,s,78,80.0,False,1999.5,2000.0
4413,87,511,s,78,79.0,False,1999.5,1999.75
4414,94,40,s,78,82.0,False,1999.5,2000.5
4415,153,33,s,78,83.0,False,1999.5,2000.75
4416,161,329,s,78,79.0,False,1999.5,1999.75
4417,213,307,s,78,81.0,False,1999.5,2000.25
4418,313,445,s,78,80.0,False,1999.5,2000.0
4419,363,517,s,78,80.0,False,1999.5,2000.0
4420,381,80,s,78,83.0,False,1999.5,2000.75
4421,466,470,s,78,79.0,False,1999.5,1999.75
4422,560,318,s,78,82.0,False,1999.5,2000.5
4423,499,430,l,78,124.0,True,1999.5,2011.0
4424,11,139,s,79,81.0,False,1999.75,2000.25
4425,12,58,s,79,80.0,False,1999.75,2000.0
4426,37,237,s,79,84.0,False,1999.75,2001.0
4427,81,189,s,79,81.0,False,1999.75,2000.25
4428,88,342,s,79,81.0,False,1999.75,2000.25
4429,119,527,s,79,81.0,False,1999.75,2000.25
4430,213,498,s,79,83.0,False,1999.75,2000.75
4431,358,405,s,79,79.0,False,1999.75,1999.75
4432,378,269,s,79,81.0,False,1999.75,2000.25
4433,435,249,s,79,85.0,False,1999.75,2001.25
4434,555,372,s,79,89.0,False,1999.75,2002.25
4435,581,129,s,79,79.0,False,1999.75,1999.75
4436,41,269,s,79,84.0,False,1999.75,2001.0
4437,41,321,s,79,81.0,False,1999.75,2000.25
4438,91,529,s,79,88.0,False,1999.75,2002.0
4439,127,497,s,79,83.0,False,1999.75,2000.75
4440,190,61,s,79,83.0,False,1999.75,2000.75
4441,213,189,s,79,99.0,False,1999.75,2004.75
4442,257,523,s,79,81.0,False,1999.75,2000.25
4443,257,526,s,79,83.0,False,1999.75,2000.75
4444,285,440,s,79,81.0,False,1999.75,2000.25
4445,288,439,s,79,85.0,False,1999.75,2001.25
4446,360,375,s,79,81.0,False,1999.75,2000.25
4447,360,399,s,79,79.0,False,1999.75,1999.75
4448,388,439,s,79,80.0,False,1999.75,2000.0
4449,450,437,s,79,80.0,False,1999.75,2000.0
4450,466,196,s,79,91.0,False,1999.75,2002.75
4451,499,371,s,79,83.0,False,1999.75,2000.75
4452,547,461,s,79,86.0,False,1999.75,2001.5
4453,742,3,s,79,86.0,False,1999.75,2001.5
4454,750,217,s,79,89.0,False,1999.75,2002.25
4455,651,409,s,79,84.0,False,1999.75,2001.0
4456,204,309,s,79,84.0,False,1999.75,2001.0
4457,332,410,s,79,80.0,False,1999.75,2000.0
4458,417,132,s,79,85.0,False,1999.75,2001.25
4459,262,432,s,79,80.0,False,1999.75,2000.0
4460,655,739,s,79,83.0,False,1999.75,2000.75
4461,652,407,s,79,81.0,False,1999.75,2000.25
4462,46,274,s,79,86.0,False,1999.75,2001.5
4463,157,185,s,79,92.0,False,1999.75,2003.0
4464,548,118,s,79,80.0,False,1999.75,2000.0
4465,140,749,s,79,80.0,False,1999.75,2000.0
4466,691,83,s,79,84.0,False,1999.75,2001.0
4467,632,155,s,79,82.0,False,1999.75,2000.5
4468,626,601,s,79,85.0,False,1999.75,2001.25
4469,568,617,s,79,80.0,False,1999.75,2000.0
4470,502,625,s,79,86.0,False,1999.75,2001.5
4471,551,366,s,79,83.0,False,1999.75,2000.75
4472,0,256,s,79,80.0,False,1999.75,2000.0
4473,30,272,s,79,81.0,False,1999.75,2000.25
4474,34,347,s,79,84.0,False,1999.75,2001.0
4475,41,399,s,79,80.0,False,1999.75,2000.0
4476,46,150,s,79,92.0,False,1999.75,2003.0
4477,46,375,s,79,81.0,False,1999.75,2000.25
4478,50,354,s,79,80.0,False,1999.75,2000.0
4479,67,146,s,79,81.0,False,1999.75,2000.25
4480,106,615,s,79,82.0,False,1999.75,2000.5
4481,121,526,s,79,82.0,False,1999.75,2000.5
4482,167,115,s,79,80.0,False,1999.75,2000.0
4483,242,440,s,79,81.0,False,1999.75,2000.25
4484,264,134,s,79,80.0,False,1999.75,2000.0
4485,388,256,s,79,80.0,False,1999.75,2000.0
4486,408,524,s,79,81.0,False,1999.75,2000.25
4487,549,170,s,79,81.0,False,1999.75,2000.25
4488,654,519,s,79,80.0,False,1999.75,2000.0
4489,655,105,s,79,88.0,False,1999.75,2002.0
4490,750,461,s,79,87.0,False,1999.75,2001.75
4491,610,505,l,79,,True,1999.75,
4492,127,176,l,79,108.0,True,1999.75,2007.0
4493,266,440,l,79,108.0,True,1999.75,2007.0
4494,12,115,s,80,84.0,False,2000.0,2001.0
4495,30,430,s,80,81.0,False,2000.0,2000.25
4496,31,318,s,80,82.0,False,2000.0,2000.5
4497,41,437,s,80,81.0,False,2000.0,2000.25
4498,73,389,s,80,81.0,False,2000.0,2000.25
4499,88,613,s,80,85.0,False,2000.0,2001.25
4500,125,33,s,80,94.0,False,2000.0,2003.5
4501,192,95,s,80,89.0,False,2000.0,2002.25
4502,206,232,s,80,80.0,False,2000.0,2000.0
4503,294,389,s,80,80.0,False,2000.0,2000.0
4504,302,517,s,80,89.0,False,2000.0,2002.25
4505,305,198,s,80,87.0,False,2000.0,2001.75
4506,313,77,s,80,83.0,False,2000.0,2000.75
4507,316,465,s,80,84.0,False,2000.0,2001.0
4508,466,189,s,80,81.0,False,2000.0,2000.25
4509,490,237,s,80,81.0,False,2000.0,2000.25
4510,499,462,s,80,85.0,False,2000.0,2001.25
4511,549,526,s,80,83.0,False,2000.0,2000.75
4512,551,479,s,80,80.0,False,2000.0,2000.0
4513,654,461,s,80,91.0,False,2000.0,2002.75
4514,750,520,s,80,80.0,False,2000.0,2000.0
4515,30,512,s,80,83.0,False,2000.0,2000.75
4516,71,514,s,80,81.0,False,2000.0,2000.25
4517,71,517,s,80,82.0,False,2000.0,2000.5
4518,73,170,s,80,80.0,False,2000.0,2000.0
4519,88,526,s,80,82.0,False,2000.0,2000.5
4520,119,170,s,80,84.0,False,2000.0,2001.0
4521,152,410,s,80,81.0,False,2000.0,2000.25
4522,153,462,s,80,83.0,False,2000.0,2000.75
4523,186,405,s,80,81.0,False,2000.0,2000.25
4524,192,399,s,80,82.0,False,2000.0,2000.5
4525,294,440,s,80,82.0,False,2000.0,2000.5
4526,315,180,s,80,80.0,False,2000.0,2000.0
4527,460,243,s,80,88.0,False,2000.0,2002.0
4528,490,407,s,80,81.0,False,2000.0,2000.25
4529,499,339,s,80,87.0,False,2000.0,2001.75
4530,595,453,s,80,83.0,False,2000.0,2000.75
4531,0,86,s,80,85.0,False,2000.0,2001.25
4532,12,462,s,80,87.0,False,2000.0,2001.75
4533,34,175,s,80,83.0,False,2000.0,2000.75
4534,41,176,s,80,86.0,False,2000.0,2001.5
4535,102,56,s,80,89.0,False,2000.0,2002.25
4536,112,528,s,80,86.0,False,2000.0,2001.5
4537,181,525,s,80,81.0,False,2000.0,2000.25
4538,186,353,s,80,82.0,False,2000.0,2000.5
4539,266,69,s,80,90.0,False,2000.0,2002.5
4540,357,418,s,80,89.0,False,2000.0,2002.25
4541,362,461,s,80,81.0,False,2000.0,2000.25
4542,383,524,s,80,81.0,False,2000.0,2000.25
4543,391,40,s,80,84.0,False,2000.0,2001.0
4544,414,440,s,80,81.0,False,2000.0,2000.25
4545,435,523,s,80,82.0,False,2000.0,2000.5
4546,493,105,s,80,90.0,False,2000.0,2002.5
4547,493,518,s,80,85.0,False,2000.0,2001.25
4548,544,139,s,80,81.0,False,2000.0,2000.25
4549,547,234,s,80,81.0,False,2000.0,2000.25
4550,548,328,s,80,84.0,False,2000.0,2001.0
4551,549,208,s,80,82.0,False,2000.0,2000.5
4552,550,497,s,80,81.0,False,2000.0,2000.25
4553,651,15,s,80,81.0,False,2000.0,2000.25
4554,9,399,s,81,82.0,False,2000.25,2000.5
4555,12,199,s,81,81.0,False,2000.25,2000.25
4556,31,137,s,81,85.0,False,2000.25,2001.25
4557,41,328,s,81,81.0,False,2000.25,2000.25
4558,71,423,s,81,85.0,False,2000.25,2001.25
4559,73,524,s,81,95.0,False,2000.25,2003.75
4560,90,15,s,81,86.0,False,2000.25,2001.5
4561,121,329,s,81,86.0,False,2000.25,2001.5
4562,157,439,s,81,83.0,False,2000.25,2000.75
4563,212,759,s,81,87.0,False,2000.25,2001.75
4564,241,133,s,81,82.0,False,2000.25,2000.5
4565,290,101,s,81,83.0,False,2000.25,2000.75
4566,294,217,s,81,93.0,False,2000.25,2003.25
4567,357,176,s,81,81.0,False,2000.25,2000.25
4568,381,176,s,81,81.0,False,2000.25,2000.25
4569,422,217,s,81,96.0,False,2000.25,2004.0
4570,493,371,s,81,84.0,False,2000.25,2001.0
4571,504,255,s,81,83.0,False,2000.25,2000.75
4572,546,196,s,81,82.0,False,2000.25,2000.5
4573,550,405,s,81,82.0,False,2000.25,2000.5
4574,654,58,s,81,85.0,False,2000.25,2001.25
4575,654,170,s,81,81.0,False,2000.25,2000.25
4576,41,272,s,81,81.0,False,2000.25,2000.25
4577,106,329,s,81,81.0,False,2000.25,2000.25
4578,186,29,s,81,84.0,False,2000.25,2001.0
4579,187,527,s,81,85.0,False,2000.25,2001.25
4580,241,321,s,81,81.0,False,2000.25,2000.25
4581,290,217,s,81,84.0,False,2000.25,2001.0
4582,313,69,s,81,89.0,False,2000.25,2002.25
4583,340,146,s,81,83.0,False,2000.25,2000.75
4584,340,328,s,81,88.0,False,2000.25,2002.0
4585,394,596,s,81,83.0,False,2000.25,2000.75
4586,422,513,s,81,84.0,False,2000.25,2001.0
4587,466,445,s,81,85.0,False,2000.25,2001.25
4588,584,511,s,81,95.0,False,2000.25,2003.75
4589,588,505,s,81,82.0,False,2000.25,2000.5
4590,36,256,s,81,93.0,False,2000.25,2003.25
4591,36,389,s,81,83.0,False,2000.25,2000.75
4592,73,520,s,81,86.0,False,2000.25,2001.5
4593,159,321,s,81,82.0,False,2000.25,2000.5
4594,187,470,s,81,84.0,False,2000.25,2001.0
4595,195,237,s,81,82.0,False,2000.25,2000.5
4596,200,234,s,81,85.0,False,2000.25,2001.25
4597,245,514,s,81,87.0,False,2000.25,2001.75
4598,288,29,s,81,90.0,False,2000.25,2002.5
4599,313,512,s,81,86.0,False,2000.25,2001.5
4600,357,150,s,81,85.0,False,2000.25,2001.25
4601,360,224,s,81,93.0,False,2000.25,2003.25
4602,381,269,s,81,84.0,False,2000.25,2001.0
4603,548,217,s,81,87.0,False,2000.25,2001.75
4604,550,479,s,81,84.0,False,2000.25,2001.0
4605,550,521,s,81,84.0,False,2000.25,2001.0
4606,551,524,s,81,88.0,False,2000.25,2002.0
4607,577,33,s,81,90.0,False,2000.25,2002.5
4608,592,234,s,81,90.0,False,2000.25,2002.5
4609,152,418,l,81,,True,2000.25,
4610,408,329,l,81,180.0,True,2000.25,2025.0
4611,0,462,s,82,83.0,False,2000.5,2000.75
4612,36,3,s,82,93.0,False,2000.5,2003.25
4613,41,517,s,82,83.0,False,2000.5,2000.75
4614,79,418,s,82,85.0,False,2000.5,2001.25
4615,88,517,s,82,90.0,False,2000.5,2002.5
4616,106,236,s,82,83.0,False,2000.5,2000.75
4617,316,461,s,82,85.0,False,2000.5,2001.25
4618,358,347,s,82,83.0,False,2000.5,2000.75
4619,388,232,s,82,84.0,False,2000.5,2001.0
4620,391,110,s,82,82.0,False,2000.5,2000.5
4621,408,462,s,82,84.0,False,2000.5,2001.0
4622,466,272,s,82,88.0,False,2000.5,2002.0
4623,493,512,s,82,87.0,False,2000.5,2001.75
4624,0,249,s,82,84.0,False,2000.5,2001.0
4625,9,272,s,82,82.0,False,2000.5,2000.5
4626,71,217,s,82,91.0,False,2000.5,2002.75
4627,88,217,s,82,95.0,False,2000.5,2003.75
4628,125,512,s,82,85.0,False,2000.5,2001.25
4629,241,418,s,82,86.0,False,2000.5,2001.5
4630,257,517,s,82,82.0,False,2000.5,2000.5
4631,290,54,s,82,83.0,False,2000.5,2000.75
4632,294,29,s,82,88.0,False,2000.5,2002.0
4633,332,63,s,82,84.0,False,2000.5,2001.0
4634,363,249,s,82,82.0,False,2000.5,2000.5
4635,378,110,s,82,84.0,False,2000.5,2001.0
4636,417,196,s,82,83.0,False,2000.5,2000.75
4637,466,353,s,82,83.0,False,2000.5,2000.75
4638,592,230,s,82,82.0,False,2000.5,2000.5
4639,654,405,s,82,90.0,False,2000.5,2002.5
4640,750,256,s,82,85.0,False,2000.5,2001.25
4641,11,461,s,82,85.0,False,2000.5,2001.25
4642,30,516,s,82,85.0,False,2000.5,2001.25
4643,71,243,s,82,87.0,False,2000.5,2001.75
4644,117,524,s,82,83.0,False,2000.5,2000.75
4645,121,440,s,82,84.0,False,2000.5,2001.0
4646,145,239,s,82,85.0,False,2000.5,2001.25
4647,186,407,s,82,85.0,False,2000.5,2001.25
4648,187,613,s,82,83.0,False,2000.5,2000.75
4649,396,180,s,82,87.0,False,2000.5,2001.75
4650,466,234,s,82,93.0,False,2000.5,2003.25
4651,466,439,s,82,85.0,False,2000.5,2001.25
4652,466,517,s,82,87.0,False,2000.5,2001.75
4653,545,33,s,82,85.0,False,2000.5,2001.25
4654,741,150,s,82,85.0,False,2000.5,2001.25
4655,9,516,s,83,89.0,False,2000.75,2002.25
4656,12,497,s,83,90.0,False,2000.75,2002.5
4657,36,342,s,83,97.0,False,2000.75,2004.25
4658,90,110,s,83,88.0,False,2000.75,2002.0
4659,90,461,s,83,83.0,False,2000.75,2000.75
4660,125,180,s,83,92.0,False,2000.75,2003.0
4661,127,328,s,83,88.0,False,2000.75,2002.0
4662,141,519,s,83,84.0,False,2000.75,2001.0
4663,152,375,s,83,88.0,False,2000.75,2002.0
4664,153,739,s,83,97.0,False,2000.75,2004.25
4665,212,239,s,83,88.0,False,2000.75,2002.0
4666,311,243,s,83,84.0,False,2000.75,2001.0
4667,362,217,s,83,83.0,False,2000.75,2000.75
4668,652,95,s,83,85.0,False,2000.75,2001.25
4669,702,134,s,83,83.0,False,2000.75,2000.75
4670,702,759,s,83,95.0,False,2000.75,2003.75
4671,6,519,s,83,84.0,False,2000.75,2001.0
4672,9,198,s,83,83.0,False,2000.75,2000.75
4673,26,132,s,83,86.0,False,2000.75,2001.5
4674,73,136,s,83,85.0,False,2000.75,2001.25
4675,81,520,s,83,84.0,False,2000.75,2001.0
4676,90,77,s,83,86.0,False,2000.75,2001.5
4677,121,234,s,83,84.0,False,2000.75,2001.0
4678,202,418,s,83,85.0,False,2000.75,2001.25
4679,285,416,s,83,85.0,False,2000.75,2001.25
4680,285,432,s,83,85.0,False,2000.75,2001.25
4681,381,101,s,83,92.0,False,2000.75,2003.0
4682,408,527,s,83,85.0,False,2000.75,2001.25
4683,540,63,s,83,87.0,False,2000.75,2001.75
4684,731,217,s,83,94.0,False,2000.75,2003.5
4685,161,154,s,83,88.0,False,2000.75,2002.0
4686,443,569,s,83,86.0,False,2000.75,2001.5
4687,504,596,s,83,84.0,False,2000.75,2001.0
4688,730,457,s,83,88.0,False,2000.75,2002.0
4689,603,503,s,83,87.0,False,2000.75,2001.75
4690,570,296,s,83,89.0,False,2000.75,2002.25
4691,581,510,s,83,87.0,False,2000.75,2001.75
4692,568,307,s,83,94.0,False,2000.75,2003.5
4693,344,253,s,83,84.0,False,2000.75,2001.0
4694,563,68,s,83,93.0,False,2000.75,2003.25
4695,336,293,s,83,89.0,False,2000.75,2002.25
4696,576,54,s,83,94.0,False,2000.75,2003.5
4697,455,469,s,83,84.0,False,2000.75,2001.0
4698,183,211,s,83,87.0,False,2000.75,2001.75
4699,434,246,s,83,84.0,False,2000.75,2001.0
4700,402,583,s,83,87.0,False,2000.75,2001.75
4701,480,410,s,83,93.0,False,2000.75,2003.25
4702,12,249,s,83,87.0,False,2000.75,2001.75
4703,36,527,s,83,88.0,False,2000.75,2002.0
4704,36,613,s,83,87.0,False,2000.75,2001.75
4705,127,274,s,83,87.0,False,2000.75,2001.75
4706,161,29,s,83,96.0,False,2000.75,2004.0
4707,212,527,s,83,84.0,False,2000.75,2001.0
4708,257,304,s,83,84.0,False,2000.75,2001.0
4709,264,759,s,83,86.0,False,2000.75,2001.5
4710,294,461,s,83,85.0,False,2000.75,2001.25
4711,302,516,s,83,84.0,False,2000.75,2001.0
4712,394,307,s,83,86.0,False,2000.75,2001.5
4713,466,371,s,83,100.0,False,2000.75,2005.0
4714,490,514,s,83,88.0,False,2000.75,2002.0
4715,547,77,s,83,85.0,False,2000.75,2001.25
4716,548,440,s,83,84.0,False,2000.75,2001.0
4717,588,517,s,83,84.0,False,2000.75,2001.0
4718,652,77,s,83,85.0,False,2000.75,2001.25
4719,241,95,l,83,236.0,True,2000.75,2039.0
4720,558,698,l,83,92.0,True,2000.75,2003.0
4721,41,236,s,84,87.0,False,2001.0,2001.75
4722,41,517,s,84,84.0,False,2001.0,2001.0
4723,125,274,s,84,85.0,False,2001.0,2001.25
4724,127,439,s,84,93.0,False,2001.0,2003.25
4725,153,519,s,84,84.0,False,2001.0,2001.0
4726,159,154,s,84,84.0,False,2001.0,2001.0
4727,192,61,s,84,84.0,False,2001.0,2001.0
4728,332,61,s,84,87.0,False,2001.0,2001.75
4729,360,80,s,84,85.0,False,2001.0,2001.25
4730,450,410,s,84,84.0,False,2001.0,2001.0
4731,499,139,s,84,84.0,False,2001.0,2001.0
4732,499,208,s,84,85.0,False,2001.0,2001.25
4733,551,237,s,84,84.0,False,2001.0,2001.0
4734,652,180,s,84,88.0,False,2001.0,2002.0
4735,741,423,s,84,85.0,False,2001.0,2001.25
4736,9,321,s,84,86.0,False,2001.0,2001.5
4737,34,15,s,84,97.0,False,2001.0,2004.25
4738,49,465,s,84,86.0,False,2001.0,2001.5
4739,81,211,s,84,88.0,False,2001.0,2002.0
4740,106,461,s,84,85.0,False,2001.0,2001.25
4741,181,439,s,84,91.0,False,2001.0,2002.75
4742,195,405,s,84,85.0,False,2001.0,2001.25
4743,212,1,s,84,88.0,False,2001.0,2002.0
4744,212,185,s,84,87.0,False,2001.0,2001.75
4745,212,739,s,84,88.0,False,2001.0,2002.0
4746,417,77,s,84,87.0,False,2001.0,2001.75
4747,455,503,s,84,88.0,False,2001.0,2002.0
4748,483,512,s,84,85.0,False,2001.0,2001.25
4749,493,80,s,84,89.0,False,2001.0,2002.25
4750,493,237,s,84,88.0,False,2001.0,2002.0
4751,493,457,s,84,86.0,False,2001.0,2001.5
4752,741,175,s,84,87.0,False,2001.0,2001.75
4753,30,307,s,84,87.0,False,2001.0,2001.75
4754,41,115,s,84,88.0,False,2001.0,2002.0
4755,48,274,s,84,85.0,False,2001.0,2001.25
4756,73,189,s,84,88.0,False,2001.0,2002.0
4757,112,631,s,84,87.0,False,2001.0,2001.75
4758,186,436,s,84,86.0,False,2001.0,2001.5
4759,190,514,s,84,90.0,False,2001.0,2002.5
4760,242,40,s,84,89.0,False,2001.0,2002.25
4761,266,272,s,84,87.0,False,2001.0,2001.75
4762,266,457,s,84,87.0,False,2001.0,2001.75
4763,294,189,s,84,87.0,False,2001.0,2001.75
4764,323,146,s,84,95.0,False,2001.0,2003.75
4765,323,425,s,84,85.0,False,2001.0,2001.25
4766,402,189,s,84,91.0,False,2001.0,2002.75
4767,434,176,s,84,86.0,False,2001.0,2001.5
4768,490,61,s,84,85.0,False,2001.0,2001.25
4769,555,528,s,84,86.0,False,2001.0,2001.5
4770,652,283,s,84,103.0,False,2001.0,2005.75
4771,595,511,l,84,,True,2001.0,
4772,9,234,s,85,93.0,False,2001.25,2003.25
4773,9,405,s,85,85.0,False,2001.25,2001.25
4774,37,208,s,85,92.0,False,2001.25,2003.0
4775,41,526,s,85,90.0,False,2001.25,2002.5
4776,65,505,s,85,85.0,False,2001.25,2001.25
4777,117,461,s,85,87.0,False,2001.25,2001.75
4778,125,338,s,85,94.0,False,2001.25,2003.5
4779,190,24,s,85,85.0,False,2001.25,2001.25
4780,287,234,s,85,91.0,False,2001.25,2002.75
4781,305,432,s,85,92.0,False,2001.25,2003.0
4782,336,154,s,85,85.0,False,2001.25,2001.25
4783,391,339,s,85,86.0,False,2001.25,2001.5
4784,396,416,s,85,89.0,False,2001.25,2002.25
4785,466,80,s,85,86.0,False,2001.25,2001.5
4786,466,217,s,85,89.0,False,2001.25,2002.25
4787,483,29,s,85,91.0,False,2001.25,2002.75
4788,502,416,s,85,92.0,False,2001.25,2003.0
4789,36,239,s,85,87.0,False,2001.25,2001.75
4790,48,40,s,85,88.0,False,2001.25,2002.0
4791,113,24,s,85,88.0,False,2001.25,2002.0
4792,336,399,s,85,88.0,False,2001.25,2002.0
4793,360,129,s,85,86.0,False,2001.25,2001.5
4794,408,462,s,85,88.0,False,2001.25,2002.0
4795,463,44,s,85,86.0,False,2001.25,2001.5
4796,466,514,s,85,90.0,False,2001.25,2002.5
4797,549,759,s,85,93.0,False,2001.25,2003.25
4798,555,33,s,85,92.0,False,2001.25,2003.0
4799,48,224,s,85,89.0,False,2001.25,2002.25
4800,141,512,s,85,86.0,False,2001.25,2001.5
4801,152,243,s,85,90.0,False,2001.25,2002.5
4802,245,430,s,85,86.0,False,2001.25,2001.5
4803,295,520,s,85,86.0,False,2001.25,2001.5
4804,313,146,s,85,86.0,False,2001.25,2001.5
4805,378,445,s,85,92.0,False,2001.25,2003.0
4806,396,343,s,85,88.0,False,2001.25,2002.0
4807,422,513,s,85,96.0,False,2001.25,2004.0
4808,499,439,s,85,89.0,False,2001.25,2002.25
4809,651,61,s,85,86.0,False,2001.25,2001.5
4810,651,569,s,85,90.0,False,2001.25,2002.5
4811,0,234,s,86,91.0,False,2001.5,2002.75
4812,11,461,s,86,86.0,False,2001.5,2001.5
4813,12,51,s,86,90.0,False,2001.5,2002.5
4814,34,61,s,86,89.0,False,2001.5,2002.25
4815,62,96,s,86,86.0,False,2001.5,2001.5
4816,121,40,s,86,91.0,False,2001.5,2002.75
4817,121,439,s,86,99.0,False,2001.5,2004.75
4818,161,232,s,86,86.0,False,2001.5,2001.5
4819,213,284,s,86,88.0,False,2001.5,2002.0
4820,288,526,s,86,87.0,False,2001.5,2001.75
4821,326,256,s,86,89.0,False,2001.5,2002.25
4822,358,516,s,86,87.0,False,2001.5,2001.75
4823,422,154,s,86,90.0,False,2001.5,2002.5
4824,466,58,s,86,88.0,False,2001.5,2002.0
4825,466,77,s,86,86.0,False,2001.5,2001.5
4826,466,405,s,86,89.0,False,2001.5,2002.25
4827,490,189,s,86,98.0,False,2001.5,2004.5
4828,544,416,s,86,87.0,False,2001.5,2001.75
4829,576,399,s,86,98.0,False,2001.5,2004.5
4830,65,518,s,86,88.0,False,2001.5,2002.0
4831,91,613,s,86,90.0,False,2001.5,2002.5
4832,113,274,s,86,87.0,False,2001.5,2001.75
4833,157,440,s,86,89.0,False,2001.5,2002.25
4834,187,520,s,86,87.0,False,2001.5,2001.75
4835,257,86,s,86,103.0,False,2001.5,2005.75
4836,264,282,s,86,101.0,False,2001.5,2005.25
4837,295,399,s,86,90.0,False,2001.5,2002.5
4838,323,503,s,86,86.0,False,2001.5,2001.5
4839,388,353,s,86,86.0,False,2001.5,2001.5
4840,434,40,s,86,92.0,False,2001.5,2003.0
4841,551,282,s,86,102.0,False,2001.5,2005.5
4842,571,321,s,86,94.0,False,2001.5,2003.5
4843,592,569,s,86,89.0,False,2001.5,2002.25
4844,730,54,s,86,91.0,False,2001.5,2002.75
4845,750,237,s,86,87.0,False,2001.5,2001.75
4846,65,517,s,86,93.0,False,2001.5,2003.25
4847,71,96,s,86,88.0,False,2001.5,2002.0
4848,167,154,s,86,89.0,False,2001.5,2002.25
4849,195,176,s,86,104.0,False,2001.5,2006.0
4850,288,304,s,86,91.0,False,2001.5,2002.75
4851,378,54,s,86,88.0,False,2001.5,2002.0
4852,381,196,s,86,90.0,False,2001.5,2002.5
4853,422,110,s,86,88.0,False,2001.5,2002.0
4854,475,318,s,86,88.0,False,2001.5,2002.0
4855,483,512,s,86,90.0,False,2001.5,2002.5
4856,493,321,s,86,98.0,False,2001.5,2004.5
4857,241,375,l,86,232.0,True,2001.5,2038.0
4858,6,511,s,87,87.0,False,2001.75,2001.75
4859,6,512,s,87,87.0,False,2001.75,2001.75
4860,81,469,s,87,88.0,False,2001.75,2002.0
4861,106,86,s,87,91.0,False,2001.75,2002.75
4862,119,96,s,87,91.0,False,2001.75,2002.75
4863,213,505,s,87,87.0,False,2001.75,2001.75
4864,245,498,s,87,92.0,False,2001.75,2003.0
4865,290,189,s,87,88.0,False,2001.75,2002.0
4866,295,95,s,87,90.0,False,2001.75,2002.5
4867,363,407,s,87,90.0,False,2001.75,2002.5
4868,490,95,s,87,91.0,False,2001.75,2002.75
4869,750,528,s,87,87.0,False,2001.75,2001.75
4870,0,217,s,87,92.0,False,2001.75,2003.0
4871,36,353,s,87,88.0,False,2001.75,2002.0
4872,62,217,s,87,100.0,False,2001.75,2005.0
4873,65,211,s,87,92.0,False,2001.75,2003.0
4874,81,95,s,87,89.0,False,2001.75,2002.25
4875,90,61,s,87,89.0,False,2001.75,2002.25
4876,90,342,s,87,91.0,False,2001.75,2002.75
4877,117,472,s,87,89.0,False,2001.75,2002.25
4878,153,110,s,87,92.0,False,2001.75,2003.0
4879,264,232,s,87,101.0,False,2001.75,2005.25
4880,358,24,s,87,92.0,False,2001.75,2003.0
4881,381,439,s,87,89.0,False,2001.75,2002.25
4882,388,96,s,87,91.0,False,2001.75,2002.75
4883,391,514,s,87,90.0,False,2001.75,2002.5
4884,414,217,s,87,90.0,False,2001.75,2002.5
4885,483,514,s,87,91.0,False,2001.75,2002.75
4886,542,339,s,87,93.0,False,2001.75,2003.25
4887,654,269,s,87,89.0,False,2001.75,2002.25
4888,35,246,s,87,88.0,False,2001.75,2002.0
4889,599,506,s,87,88.0,False,2001.75,2002.0
4890,581,573,s,87,88.0,False,2001.75,2002.0
4891,594,255,s,87,89.0,False,2001.75,2002.25
4892,632,366,s,87,88.0,False,2001.75,2002.0
4893,742,368,s,87,89.0,False,2001.75,2002.25
4894,556,615,s,87,88.0,False,2001.75,2002.0
4895,322,99,s,87,91.0,False,2001.75,2002.75
4896,412,509,s,87,96.0,False,2001.75,2004.0
4897,312,465,s,87,89.0,False,2001.75,2002.25
4898,67,515,s,87,90.0,False,2001.75,2002.5
4899,203,508,s,87,93.0,False,2001.75,2003.25
4900,315,572,s,87,89.0,False,2001.75,2002.25
4901,330,173,s,87,93.0,False,2001.75,2003.25
4902,197,510,s,87,96.0,False,2001.75,2004.0
4903,541,345,s,87,94.0,False,2001.75,2003.5
4904,4,28,s,87,97.0,False,2001.75,2004.25
4905,214,600,s,87,93.0,False,2001.75,2003.25
4906,663,625,s,87,90.0,False,2001.75,2002.5
4907,0,284,s,87,90.0,False,2001.75,2002.5
4908,53,154,s,87,90.0,False,2001.75,2002.5
4909,121,217,s,87,91.0,False,2001.75,2002.75
4910,169,61,s,87,88.0,False,2001.75,2002.0
4911,186,237,s,87,89.0,False,2001.75,2002.25
4912,295,469,s,87,94.0,False,2001.75,2003.5
4913,313,154,s,87,88.0,False,2001.75,2002.0
4914,362,526,s,87,91.0,False,2001.75,2002.75
4915,396,61,s,87,88.0,False,2001.75,2002.0
4916,396,345,s,87,93.0,False,2001.75,2003.25
4917,408,208,s,87,90.0,False,2001.75,2002.5
4918,466,445,s,87,89.0,False,2001.75,2002.25
4919,540,180,s,87,96.0,False,2001.75,2004.0
4920,540,416,s,87,92.0,False,2001.75,2003.0
4921,549,217,s,87,91.0,False,2001.75,2002.75
4922,550,486,s,87,91.0,False,2001.75,2002.75
4923,588,514,s,87,91.0,False,2001.75,2002.75
4924,592,99,s,87,88.0,False,2001.75,2002.0
4925,750,105,s,87,89.0,False,2001.75,2002.25
4926,595,283,l,87,,True,2001.75,
4927,9,296,s,88,95.0,False,2002.0,2003.75
4928,12,425,s,88,94.0,False,2002.0,2003.5
4929,12,516,s,88,89.0,False,2002.0,2002.25
4930,34,99,s,88,95.0,False,2002.0,2003.75
4931,90,416,s,88,93.0,False,2002.0,2003.25
4932,119,33,s,88,88.0,False,2002.0,2002.0
4933,167,432,s,88,92.0,False,2002.0,2003.0
4934,186,217,s,88,96.0,False,2002.0,2004.0
4935,192,432,s,88,88.0,False,2002.0,2002.0
4936,216,101,s,88,90.0,False,2002.0,2002.5
4937,285,375,s,88,99.0,False,2002.0,2004.75
4938,290,51,s,88,90.0,False,2002.0,2002.5
4939,290,416,s,88,93.0,False,2002.0,2003.25
4940,358,129,s,88,108.0,False,2002.0,2007.0
4941,358,389,s,88,90.0,False,2002.0,2002.5
4942,391,347,s,88,92.0,False,2002.0,2003.0
4943,540,230,s,88,91.0,False,2002.0,2002.75
4944,549,237,s,88,92.0,False,2002.0,2003.0
4945,549,405,s,88,89.0,False,2002.0,2002.25
4946,588,234,s,88,88.0,False,2002.0,2002.0
4947,595,505,s,88,91.0,False,2002.0,2002.75
4948,599,573,s,88,96.0,False,2002.0,2004.0
4949,750,100,s,88,90.0,False,2002.0,2002.5
4950,31,698,s,88,92.0,False,2002.0,2003.0
4951,34,154,s,88,101.0,False,2002.0,2005.25
4952,36,405,s,88,93.0,False,2002.0,2003.25
4953,90,15,s,88,89.0,False,2002.0,2002.25
4954,161,77,s,88,92.0,False,2002.0,2003.0
4955,197,272,s,88,94.0,False,2002.0,2003.5
4956,245,129,s,88,104.0,False,2002.0,2006.0
4957,288,208,s,88,91.0,False,2002.0,2002.75
4958,499,516,s,88,92.0,False,2002.0,2003.0
4959,549,440,s,88,89.0,False,2002.0,2002.25
4960,731,146,s,88,91.0,False,2002.0,2002.75
4961,6,110,s,88,96.0,False,2002.0,2004.0
4962,12,236,s,88,90.0,False,2002.0,2002.5
4963,34,625,s,88,90.0,False,2002.0,2002.5
4964,41,462,s,88,93.0,False,2002.0,2003.25
4965,49,154,s,88,95.0,False,2002.0,2003.75
4966,60,95,s,88,93.0,False,2002.0,2003.25
4967,73,465,s,88,89.0,False,2002.0,2002.25
4968,181,237,s,88,90.0,False,2002.0,2002.5
4969,195,497,s,88,91.0,False,2002.0,2002.75
4970,241,146,s,88,90.0,False,2002.0,2002.5
4971,285,15,s,88,92.0,False,2002.0,2003.0
4972,340,196,s,88,90.0,False,2002.0,2002.5
4973,360,503,s,88,89.0,False,2002.0,2002.25
4974,363,61,s,88,89.0,False,2002.0,2002.25
4975,383,239,s,88,97.0,False,2002.0,2004.25
4976,417,371,s,88,96.0,False,2002.0,2004.0
4977,480,61,s,88,91.0,False,2002.0,2002.75
4978,544,95,s,88,93.0,False,2002.0,2003.25
4979,571,154,s,88,92.0,False,2002.0,2003.0
4980,702,366,s,88,93.0,False,2002.0,2003.25
4981,288,389,l,88,172.0,True,2002.0,2023.0
4982,62,314,s,89,92.0,False,2002.25,2003.0
4983,91,518,s,89,93.0,False,2002.25,2003.25
4984,152,513,s,89,99.0,False,2002.25,2004.75
4985,167,506,s,89,95.0,False,2002.25,2003.75
4986,266,517,s,89,89.0,False,2002.25,2002.25
4987,288,440,s,89,98.0,False,2002.25,2004.5
4988,330,432,s,89,91.0,False,2002.25,2002.75
4989,340,146,s,89,89.0,False,2002.25,2002.25
4990,341,293,s,89,90.0,False,2002.25,2002.5
4991,541,293,s,89,92.0,False,2002.25,2003.0
4992,551,405,s,89,89.0,False,2002.25,2002.25
4993,551,440,s,89,98.0,False,2002.25,2004.5
4994,592,572,s,89,91.0,False,2002.25,2002.75
4995,750,523,s,89,95.0,False,2002.25,2003.75
4996,12,3,s,89,93.0,False,2002.25,2003.25
4997,34,508,s,89,91.0,False,2002.25,2002.75
4998,53,508,s,89,90.0,False,2002.25,2002.5
4999,62,28,s,89,89.0,False,2002.25,2002.25
5000,159,293,s,89,99.0,False,2002.25,2004.75
5001,262,457,s,89,91.0,False,2002.25,2002.75
5002,287,518,s,89,93.0,False,2002.25,2003.25
5003,294,512,s,89,92.0,False,2002.25,2003.0
5004,305,95,s,89,100.0,False,2002.25,2005.0
5005,315,497,s,89,91.0,False,2002.25,2002.75
5006,362,58,s,89,91.0,False,2002.25,2002.75
5007,363,32,s,89,91.0,False,2002.25,2002.75
5008,381,146,s,89,95.0,False,2002.25,2003.75
5009,396,517,s,89,91.0,False,2002.25,2002.75
5010,483,339,s,89,91.0,False,2002.25,2002.75
5011,499,196,s,89,90.0,False,2002.25,2002.5
5012,549,526,s,89,97.0,False,2002.25,2004.25
5013,654,29,s,89,91.0,False,2002.25,2002.75
5014,731,461,s,89,91.0,False,2002.25,2002.75
5015,11,520,s,89,90.0,False,2002.25,2002.5
5016,36,472,s,89,92.0,False,2002.25,2003.0
5017,36,497,s,89,90.0,False,2002.25,2002.5
5018,49,516,s,89,95.0,False,2002.25,2003.75
5019,187,86,s,89,90.0,False,2002.25,2002.5
5020,213,440,s,89,91.0,False,2002.25,2002.75
5021,216,180,s,89,93.0,False,2002.25,2003.25
5022,313,375,s,89,93.0,False,2002.25,2003.25
5023,357,512,s,89,101.0,False,2002.25,2005.25
5024,378,54,s,89,94.0,False,2002.25,2003.5
5025,466,342,s,89,95.0,False,2002.25,2003.75
5026,568,321,s,89,94.0,False,2002.25,2003.5
5027,571,418,s,89,102.0,False,2002.25,2005.5
5028,417,296,l,89,188.0,True,2002.25,2027.0
5029,624,505,l,89,209.0,True,2002.25,2032.25
5030,730,506,l,89,204.0,True,2002.25,2031.0
5031,11,217,s,90,93.0,False,2002.5,2003.25
5032,41,498,s,90,93.0,False,2002.5,2003.25
5033,67,146,s,90,92.0,False,2002.5,2003.0
5034,90,511,s,90,91.0,False,2002.5,2002.75
5035,315,515,s,90,92.0,False,2002.5,2003.0
5036,392,347,s,90,91.0,False,2002.5,2002.75
5037,396,77,s,90,92.0,False,2002.5,2003.0
5038,406,180,s,90,101.0,False,2002.5,2005.25
5039,408,217,s,90,92.0,False,2002.5,2003.0
5040,466,389,s,90,93.0,False,2002.5,2003.25
5041,730,77,s,90,93.0,False,2002.5,2003.25
5042,0,256,s,90,91.0,False,2002.5,2002.75
5043,11,329,s,90,92.0,False,2002.5,2003.0
5044,71,440,s,90,90.0,False,2002.5,2002.5
5045,117,32,s,90,92.0,False,2002.5,2003.0
5046,141,304,s,90,90.0,False,2002.5,2002.5
5047,157,3,s,90,94.0,False,2002.5,2003.5
5048,181,100,s,90,90.0,False,2002.5,2002.5
5049,213,418,s,90,97.0,False,2002.5,2004.25
5050,287,217,s,90,91.0,False,2002.5,2002.75
5051,294,28,s,90,90.0,False,2002.5,2002.5
5052,313,293,s,90,90.0,False,2002.5,2002.5
5053,358,461,s,90,91.0,False,2002.5,2002.75
5054,654,40,s,90,91.0,False,2002.5,2002.75
5055,773,338,s,90,93.0,False,2002.5,2003.25
5056,11,389,s,90,94.0,False,2002.5,2003.5
5057,12,526,s,90,95.0,False,2002.5,2003.75
5058,41,32,s,90,95.0,False,2002.5,2003.75
5059,41,440,s,90,92.0,False,2002.5,2003.0
5060,48,508,s,90,94.0,False,2002.5,2003.5
5061,192,375,s,90,98.0,False,2002.5,2004.5
5062,294,139,s,90,91.0,False,2002.5,2002.75
5063,302,51,s,90,94.0,False,2002.5,2003.5
5064,392,146,s,90,92.0,False,2002.5,2003.0
5065,406,29,s,90,95.0,False,2002.5,2003.75
5066,422,461,s,90,95.0,False,2002.5,2003.75
5067,434,353,s,90,93.0,False,2002.5,2003.25
5068,444,462,s,90,94.0,False,2002.5,2003.5
5069,460,272,s,90,95.0,False,2002.5,2003.75
5070,466,180,s,90,100.0,False,2002.5,2005.0
5071,499,51,s,90,93.0,False,2002.5,2003.25
5072,499,423,s,90,91.0,False,2002.5,2002.75
5073,499,479,s,90,91.0,False,2002.5,2002.75
5074,594,505,s,90,91.0,False,2002.5,2002.75
5075,186,40,l,90,184.0,True,2002.5,2026.0
5076,4,462,s,91,94.0,False,2002.75,2003.5
5077,125,96,s,91,100.0,False,2002.75,2005.0
5078,169,507,s,91,92.0,False,2002.75,2003.0
5079,197,198,s,91,100.0,False,2002.75,2005.0
5080,242,284,s,91,92.0,False,2002.75,2003.0
5081,322,307,s,91,94.0,False,2002.75,2003.5
5082,336,569,s,91,92.0,False,2002.75,2003.0
5083,341,54,s,91,92.0,False,2002.75,2003.0
5084,357,399,s,91,92.0,False,2002.75,2003.0
5085,396,150,s,91,93.0,False,2002.75,2003.25
5086,414,440,s,91,97.0,False,2002.75,2004.25
5087,493,399,s,91,91.0,False,2002.75,2002.75
5088,541,399,s,91,96.0,False,2002.75,2004.0
5089,576,506,s,91,96.0,False,2002.75,2004.0
5090,577,110,s,91,92.0,False,2002.75,2003.0
5091,588,506,s,91,99.0,False,2002.75,2004.75
5092,654,51,s,91,91.0,False,2002.75,2002.75
5093,0,472,s,91,96.0,False,2002.75,2004.0
5094,36,28,s,91,95.0,False,2002.75,2003.75
5095,36,440,s,91,94.0,False,2002.75,2003.5
5096,37,526,s,91,95.0,False,2002.75,2003.75
5097,112,310,s,91,97.0,False,2002.75,2004.25
5098,157,425,s,91,102.0,False,2002.75,2005.5
5099,157,486,s,91,98.0,False,2002.75,2004.5
5100,169,224,s,91,97.0,False,2002.75,2004.25
5101,242,527,s,91,106.0,False,2002.75,2006.5
5102,313,418,s,91,97.0,False,2002.75,2004.25
5103,358,569,s,91,104.0,False,2002.75,2006.0
5104,422,101,s,91,97.0,False,2002.75,2004.25
5105,466,440,s,91,101.0,False,2002.75,2005.25
5106,466,512,s,91,91.0,False,2002.75,2002.75
5107,483,432,s,91,92.0,False,2002.75,2003.0
5108,571,510,s,91,94.0,False,2002.75,2003.5
5109,626,617,s,91,92.0,False,2002.75,2003.0
5110,593,409,s,91,92.0,False,2002.75,2003.0
5111,586,612,s,91,101.0,False,2002.75,2005.25
5112,570,582,s,91,92.0,False,2002.75,2003.0
5113,504,63,s,91,92.0,False,2002.75,2003.0
5114,311,55,s,91,93.0,False,2002.75,2003.25
5115,484,407,s,91,95.0,False,2002.75,2003.75
5116,559,100,s,91,96.0,False,2002.75,2004.0
5117,719,671,s,91,92.0,False,2002.75,2003.0
5118,766,118,s,91,92.0,False,2002.75,2003.0
5119,703,120,s,91,95.0,False,2002.75,2003.75
5120,655,699,s,91,92.0,False,2002.75,2003.0
5121,651,619,s,91,96.0,False,2002.75,2004.0
5122,312,465,s,91,93.0,False,2002.75,2003.25
5123,303,80,s,91,96.0,False,2002.75,2004.0
5124,205,437,s,91,92.0,False,2002.75,2003.0
5125,455,115,s,91,93.0,False,2002.75,2003.25
5126,4,497,s,91,99.0,False,2002.75,2004.75
5127,71,519,s,91,101.0,False,2002.75,2005.25
5128,113,517,s,91,95.0,False,2002.75,2003.75
5129,157,51,s,91,106.0,False,2002.75,2006.5
5130,161,513,s,91,100.0,False,2002.75,2005.0
5131,190,437,s,91,97.0,False,2002.75,2004.25
5132,245,515,s,91,98.0,False,2002.75,2004.5
5133,340,437,s,91,102.0,False,2002.75,2005.5
5134,434,32,s,91,94.0,False,2002.75,2003.5
5135,435,347,s,91,97.0,False,2002.75,2004.25
5136,466,461,s,91,94.0,False,2002.75,2003.5
5137,577,528,s,91,95.0,False,2002.75,2003.75
5138,652,146,s,91,92.0,False,2002.75,2003.0
5139,731,58,s,91,92.0,False,2002.75,2003.0
5140,215,368,l,91,92.0,True,2002.75,2003.0
5141,0,521,s,92,92.0,False,2003.0,2003.0
5142,36,272,s,92,95.0,False,2003.0,2003.75
5143,41,339,s,92,92.0,False,2003.0,2003.0
5144,169,15,s,92,93.0,False,2003.0,2003.25
5145,190,399,s,92,92.0,False,2003.0,2003.0
5146,313,69,s,92,93.0,False,2003.0,2003.25
5147,392,69,s,92,97.0,False,2003.0,2004.25
5148,429,63,s,92,98.0,False,2003.0,2004.5
5149,435,217,s,92,94.0,False,2003.0,2003.5
5150,466,515,s,92,99.0,False,2003.0,2004.75
5151,544,375,s,92,93.0,False,2003.0,2003.25
5152,550,304,s,92,92.0,False,2003.0,2003.0
5153,34,430,s,92,93.0,False,2003.0,2003.25
5154,36,529,s,92,99.0,False,2003.0,2004.75
5155,37,461,s,92,94.0,False,2003.0,2003.5
5156,181,497,s,92,93.0,False,2003.0,2003.25
5157,213,347,s,92,94.0,False,2003.0,2003.5
5158,315,514,s,92,95.0,False,2003.0,2003.75
5159,323,198,s,92,96.0,False,2003.0,2004.0
5160,383,33,s,92,98.0,False,2003.0,2004.5
5161,406,211,s,92,98.0,False,2003.0,2004.5
5162,408,465,s,92,92.0,False,2003.0,2003.0
5163,412,175,s,92,95.0,False,2003.0,2003.75
5164,483,440,s,92,93.0,False,2003.0,2003.25
5165,502,175,s,92,109.0,False,2003.0,2007.25
5166,547,461,s,92,98.0,False,2003.0,2004.5
5167,730,55,s,92,112.0,False,2003.0,2008.0
5168,0,405,s,92,95.0,False,2003.0,2003.75
5169,41,189,s,92,97.0,False,2003.0,2004.25
5170,119,185,s,92,93.0,False,2003.0,2003.25
5171,141,498,s,92,97.0,False,2003.0,2004.25
5172,167,146,s,92,94.0,False,2003.0,2003.5
5173,190,211,s,92,94.0,False,2003.0,2003.5
5174,190,243,s,92,98.0,False,2003.0,2004.5
5175,294,133,s,92,95.0,False,2003.0,2003.75
5176,340,232,s,92,93.0,False,2003.0,2003.25
5177,388,405,s,92,100.0,False,2003.0,2005.0
5178,391,469,s,92,93.0,False,2003.0,2003.25
5179,429,196,s,92,94.0,False,2003.0,2003.5
5180,466,32,s,92,95.0,False,2003.0,2003.75
5181,540,293,s,92,97.0,False,2003.0,2004.25
5182,577,249,s,92,95.0,False,2003.0,2003.75
5183,731,136,s,92,106.0,False,2003.0,2006.5
5184,740,418,s,92,93.0,False,2003.0,2003.25
5185,502,69,l,92,125.0,True,2003.0,2011.25
5186,0,100,s,93,96.0,False,2003.25,2004.0
5187,6,304,s,93,93.0,False,2003.25,2003.25
5188,36,518,s,93,93.0,False,2003.25,2003.25
5189,41,101,s,93,94.0,False,2003.25,2003.5
5190,49,569,s,93,101.0,False,2003.25,2005.25
5191,90,510,s,93,100.0,False,2003.25,2005.0
5192,106,272,s,93,97.0,False,2003.25,2004.25
5193,117,256,s,93,109.0,False,2003.25,2007.25
5194,161,129,s,93,99.0,False,2003.25,2004.75
5195,181,353,s,93,96.0,False,2003.25,2004.0
5196,186,461,s,93,94.0,False,2003.25,2003.5
5197,241,321,s,93,94.0,False,2003.25,2003.5
5198,294,523,s,93,98.0,False,2003.25,2004.5
5199,315,198,s,93,101.0,False,2003.25,2005.25
5200,555,671,s,93,94.0,False,2003.25,2003.5
5201,568,63,s,93,95.0,False,2003.25,2003.75
5202,592,505,s,93,101.0,False,2003.25,2005.25
5203,654,217,s,93,98.0,False,2003.25,2004.5
5204,654,521,s,93,95.0,False,2003.25,2003.75
5205,12,115,s,93,94.0,False,2003.25,2003.5
5206,106,461,s,93,100.0,False,2003.25,2005.0
5207,148,671,s,93,98.0,False,2003.25,2004.5
5208,157,115,s,93,94.0,False,2003.25,2003.5
5209,181,461,s,93,106.0,False,2003.25,2006.5
5210,190,77,s,93,94.0,False,2003.25,2003.5
5211,288,272,s,93,98.0,False,2003.25,2004.5
5212,322,508,s,93,100.0,False,2003.25,2005.0
5213,408,354,s,93,115.0,False,2003.25,2008.75
5214,460,29,s,93,96.0,False,2003.25,2004.0
5215,481,509,s,93,96.0,False,2003.25,2004.0
5216,577,304,s,93,97.0,False,2003.25,2004.25
5217,750,405,s,93,95.0,False,2003.25,2003.75
5218,41,28,s,93,95.0,False,2003.25,2003.75
5219,53,418,s,93,94.0,False,2003.25,2003.5
5220,67,236,s,93,98.0,False,2003.25,2004.5
5221,125,425,s,93,100.0,False,2003.25,2005.0
5222,141,77,s,93,95.0,False,2003.25,2003.75
5223,181,440,s,93,94.0,False,2003.25,2003.5
5224,195,437,s,93,102.0,False,2003.25,2005.5
5225,206,631,s,93,95.0,False,2003.25,2003.75
5226,330,129,s,93,100.0,False,2003.25,2005.0
5227,388,137,s,93,94.0,False,2003.25,2003.5
5228,417,15,s,93,94.0,False,2003.25,2003.5
5229,555,120,s,93,94.0,False,2003.25,2003.5
5230,584,512,s,93,102.0,False,2003.25,2005.5
5231,592,15,s,93,99.0,False,2003.25,2004.75
5232,599,375,s,93,95.0,False,2003.25,2003.75
5233,773,749,s,93,95.0,False,2003.25,2003.75
5234,290,514,l,93,148.0,True,2003.25,2017.0
5235,12,517,s,94,99.0,False,2003.5,2004.75
5236,65,418,s,94,96.0,False,2003.5,2004.0
5237,90,189,s,94,104.0,False,2003.5,2006.0
5238,117,328,s,94,95.0,False,2003.5,2003.75
5239,241,506,s,94,100.0,False,2003.5,2005.0
5240,242,96,s,94,96.0,False,2003.5,2004.0
5241,264,110,s,94,96.0,False,2003.5,2004.0
5242,287,304,s,94,97.0,False,2003.5,2004.25
5243,383,293,s,94,96.0,False,2003.5,2004.0
5244,480,198,s,94,96.0,False,2003.5,2004.0
5245,483,347,s,94,99.0,False,2003.5,2004.75
5246,542,328,s,94,94.0,False,2003.5,2003.5
5247,546,461,s,94,96.0,False,2003.5,2004.0
5248,549,139,s,94,101.0,False,2003.5,2005.25
5249,599,198,s,94,96.0,False,2003.5,2004.0
5250,12,189,s,94,94.0,False,2003.5,2003.5
5251,36,405,s,94,100.0,False,2003.5,2005.0
5252,71,432,s,94,98.0,False,2003.5,2004.5
5253,145,208,s,94,112.0,False,2003.5,2008.0
5254,186,304,s,94,97.0,False,2003.5,2004.25
5255,241,154,s,94,100.0,False,2003.5,2005.0
5256,241,307,s,94,100.0,False,2003.5,2005.0
5257,323,498,s,94,97.0,False,2003.5,2004.25
5258,483,430,s,94,95.0,False,2003.5,2003.75
5259,547,486,s,94,95.0,False,2003.5,2003.75
5260,550,613,s,94,96.0,False,2003.5,2004.0
5261,571,243,s,94,97.0,False,2003.5,2004.25
5262,626,150,s,94,103.0,False,2003.5,2005.75
5263,731,58,s,94,95.0,False,2003.5,2003.75
5264,11,217,s,94,97.0,False,2003.5,2004.25
5265,46,224,s,94,101.0,False,2003.5,2005.25
5266,124,389,s,94,99.0,False,2003.5,2004.75
5267,145,613,s,94,97.0,False,2003.5,2004.25
5268,152,24,s,94,99.0,False,2003.5,2004.75
5269,172,582,s,94,109.0,False,2003.5,2007.25
5270,181,176,s,94,95.0,False,2003.5,2003.75
5271,203,410,s,94,108.0,False,2003.5,2007.0
5272,213,582,s,94,100.0,False,2003.5,2005.0
5273,285,515,s,94,95.0,False,2003.5,2003.75
5274,288,282,s,94,98.0,False,2003.5,2004.5
5275,358,516,s,94,102.0,False,2003.5,2005.5
5276,363,329,s,94,104.0,False,2003.5,2006.0
5277,363,440,s,94,108.0,False,2003.5,2007.0
5278,392,175,s,94,107.0,False,2003.5,2006.75
5279,466,58,s,94,95.0,False,2003.5,2003.75
5280,466,95,s,94,98.0,False,2003.5,2004.5
5281,540,416,s,94,97.0,False,2003.5,2004.25
5282,549,520,s,94,97.0,False,2003.5,2004.25
5283,595,154,s,94,96.0,False,2003.5,2004.0
5284,53,345,l,94,240.0,True,2003.5,2040.0
5285,540,95,l,94,232.0,True,2003.5,2038.0
5286,4,462,s,95,97.0,False,2003.75,2004.25
5287,11,304,s,95,98.0,False,2003.75,2004.5
5288,41,469,s,95,105.0,False,2003.75,2006.25
5289,41,486,s,95,95.0,False,2003.75,2003.75
5290,106,405,s,95,96.0,False,2003.75,2004.0
5291,161,371,s,95,97.0,False,2003.75,2004.25
5292,161,462,s,95,96.0,False,2003.75,2004.0
5293,241,243,s,95,95.0,False,2003.75,2003.75
5294,245,371,s,95,96.0,False,2003.75,2004.0
5295,294,40,s,95,98.0,False,2003.75,2004.5
5296,302,293,s,95,96.0,False,2003.75,2004.0
5297,408,479,s,95,100.0,False,2003.75,2005.0
5298,542,399,s,95,97.0,False,2003.75,2004.25
5299,595,508,s,95,95.0,False,2003.75,2003.75
5300,740,63,s,95,100.0,False,2003.75,2005.0
5301,36,269,s,95,95.0,False,2003.75,2003.75
5302,102,68,s,95,101.0,False,2003.75,2005.25
5303,153,28,s,95,97.0,False,2003.75,2004.25
5304,161,51,s,95,100.0,False,2003.75,2005.0
5305,186,256,s,95,98.0,False,2003.75,2004.5
5306,187,439,s,95,96.0,False,2003.75,2004.0
5307,197,154,s,95,99.0,False,2003.75,2004.75
5308,241,15,s,95,100.0,False,2003.75,2005.0
5309,257,272,s,95,101.0,False,2003.75,2005.25
5310,408,269,s,95,98.0,False,2003.75,2004.5
5311,466,445,s,95,102.0,False,2003.75,2005.5
5312,480,498,s,95,96.0,False,2003.75,2004.0
5313,490,146,s,95,97.0,False,2003.75,2004.25
5314,584,509,s,95,95.0,False,2003.75,2003.75
5315,556,699,s,95,97.0,False,2003.75,2004.25
5316,760,641,s,95,96.0,False,2003.75,2004.0
5317,570,638,s,95,99.0,False,2003.75,2004.75
5318,504,409,s,95,101.0,False,2003.75,2005.25
5319,594,453,s,95,99.0,False,2003.75,2004.75
5320,482,585,s,95,96.0,False,2003.75,2004.0
5321,341,132,s,95,100.0,False,2003.75,2005.0
5322,311,465,s,95,96.0,False,2003.75,2004.0
5323,336,591,s,95,96.0,False,2003.75,2004.0
5324,94,507,s,95,104.0,False,2003.75,2006.0
5325,455,82,s,95,103.0,False,2003.75,2005.75
5326,81,518,s,95,104.0,False,2003.75,2006.0
5327,48,255,s,95,96.0,False,2003.75,2004.0
5328,543,274,s,95,96.0,False,2003.75,2004.0
5329,332,61,s,95,102.0,False,2003.75,2005.5
5330,35,222,s,95,102.0,False,2003.75,2005.5
5331,602,630,s,95,96.0,False,2003.75,2004.0
5332,611,343,s,95,96.0,False,2003.75,2004.0
5333,780,338,s,95,100.0,False,2003.75,2005.0
5334,9,461,s,95,99.0,False,2003.75,2004.75
5335,161,274,s,95,101.0,False,2003.75,2005.25
5336,197,440,s,95,96.0,False,2003.75,2004.0
5337,383,405,s,95,99.0,False,2003.75,2004.75
5338,499,371,s,95,96.0,False,2003.75,2004.0
5339,499,445,s,95,99.0,False,2003.75,2004.75
5340,502,24,s,95,97.0,False,2003.75,2004.25
5341,504,591,s,95,97.0,False,2003.75,2004.25
5342,543,339,s,95,105.0,False,2003.75,2006.25
5343,577,144,s,95,97.0,False,2003.75,2004.25
5344,595,307,s,95,97.0,False,2003.75,2004.25
5345,731,440,s,95,105.0,False,2003.75,2006.25
5346,169,69,l,95,95.0,True,2003.75,2003.75
5347,9,133,l,95,207.0,True,2003.75,2031.75
5348,330,512,l,95,224.0,True,2003.75,2036.0
5349,381,522,l,95,152.0,True,2003.75,2018.0
5350,639,608,l,95,,True,2003.75,
5351,121,515,l,95,162.0,True,2003.75,2020.5
5352,34,146,s,96,97.0,False,2004.0,2004.25
5353,71,423,s,96,101.0,False,2004.0,2005.25
5354,121,129,s,96,98.0,False,2004.0,2004.5
5355,141,509,s,96,97.0,False,2004.0,2004.25
5356,187,347,s,96,98.0,False,2004.0,2004.5
5357,303,585,s,96,103.0,False,2004.0,2005.75
5358,316,439,s,96,98.0,False,2004.0,2004.5
5359,316,515,s,96,102.0,False,2004.0,2005.5
5360,323,328,s,96,101.0,False,2004.0,2005.25
5361,460,409,s,96,98.0,False,2004.0,2004.5
5362,504,630,s,96,97.0,False,2004.0,2004.25
5363,595,437,s,96,97.0,False,2004.0,2004.25
5364,610,409,s,96,99.0,False,2004.0,2004.75
5365,4,95,s,96,97.0,False,2004.0,2004.25
5366,9,15,s,96,97.0,False,2004.0,2004.25
5367,12,437,s,96,104.0,False,2004.0,2006.0
5368,34,410,s,96,97.0,False,2004.0,2004.25
5369,41,132,s,96,99.0,False,2004.0,2004.75
5370,65,243,s,96,98.0,False,2004.0,2004.5
5371,65,339,s,96,99.0,False,2004.0,2004.75
5372,81,293,s,96,98.0,False,2004.0,2004.5
5373,121,526,s,96,98.0,False,2004.0,2004.5
5374,153,304,s,96,98.0,False,2004.0,2004.5
5375,195,189,s,96,102.0,False,2004.0,2005.5
5376,288,236,s,96,100.0,False,2004.0,2005.0
5377,311,339,s,96,98.0,False,2004.0,2004.5
5378,315,505,s,96,109.0,False,2004.0,2007.25
5379,357,321,s,96,104.0,False,2004.0,2006.0
5380,363,139,s,96,98.0,False,2004.0,2004.5
5381,381,389,s,96,96.0,False,2004.0,2004.0
5382,408,32,s,96,102.0,False,2004.0,2005.5
5383,450,133,s,96,98.0,False,2004.0,2004.5
5384,466,486,s,96,109.0,False,2004.0,2007.25
5385,499,51,s,96,96.0,False,2004.0,2004.0
5386,499,217,s,96,99.0,False,2004.0,2004.75
5387,703,68,s,96,107.0,False,2004.0,2006.75
5388,750,472,s,96,96.0,False,2004.0,2004.0
5389,791,339,s,96,103.0,False,2004.0,2005.75
5390,0,405,s,96,99.0,False,2004.0,2004.75
5391,41,432,s,96,97.0,False,2004.0,2004.25
5392,71,462,s,96,99.0,False,2004.0,2004.75
5393,73,522,s,96,106.0,False,2004.0,2006.5
5394,153,613,s,96,106.0,False,2004.0,2006.5
5395,161,339,s,96,102.0,False,2004.0,2005.5
5396,167,514,s,96,97.0,False,2004.0,2004.25
5397,186,522,s,96,97.0,False,2004.0,2004.25
5398,187,472,s,96,97.0,False,2004.0,2004.25
5399,288,28,s,96,98.0,False,2004.0,2004.5
5400,294,139,s,96,108.0,False,2004.0,2007.0
5401,302,569,s,96,101.0,False,2004.0,2005.25
5402,340,77,s,96,109.0,False,2004.0,2007.25
5403,408,526,s,96,99.0,False,2004.0,2004.75
5404,435,293,s,96,99.0,False,2004.0,2004.75
5405,450,453,s,96,105.0,False,2004.0,2006.25
5406,466,217,s,96,97.0,False,2004.0,2004.25
5407,493,430,s,96,99.0,False,2004.0,2004.75
5408,541,410,s,96,106.0,False,2004.0,2006.5
5409,551,522,s,96,98.0,False,2004.0,2004.5
5410,555,1,s,96,104.0,False,2004.0,2006.0
5411,555,438,s,96,115.0,False,2004.0,2008.75
5412,571,582,s,96,101.0,False,2004.0,2005.25
5413,595,69,s,96,102.0,False,2004.0,2005.5
5414,595,506,s,96,97.0,False,2004.0,2004.25
5415,651,418,s,96,98.0,False,2004.0,2004.5
5416,750,522,s,96,116.0,False,2004.0,2009.0
5417,187,217,l,96,124.0,True,2004.0,2011.0
5418,35,517,s,97,97.0,False,2004.25,2004.25
5419,73,136,s,97,97.0,False,2004.25,2004.25
5420,90,15,s,97,98.0,False,2004.25,2004.5
5421,112,144,s,97,100.0,False,2004.25,2005.0
5422,117,520,s,97,98.0,False,2004.25,2004.5
5423,117,526,s,97,101.0,False,2004.25,2005.25
5424,121,789,s,97,98.0,False,2004.25,2004.5
5425,200,508,s,97,97.0,False,2004.25,2004.25
5426,245,82,s,97,100.0,False,2004.25,2005.0
5427,245,255,s,97,104.0,False,2004.25,2006.0
5428,288,405,s,97,98.0,False,2004.25,2004.5
5429,288,445,s,97,97.0,False,2004.25,2004.25
5430,302,512,s,97,97.0,False,2004.25,2004.25
5431,357,15,s,97,100.0,False,2004.25,2005.0
5432,392,146,s,97,97.0,False,2004.25,2004.25
5433,466,339,s,97,100.0,False,2004.25,2005.0
5434,466,516,s,97,99.0,False,2004.25,2004.75
5435,480,399,s,97,98.0,False,2004.25,2004.5
5436,481,175,s,97,97.0,False,2004.25,2004.25
5437,481,339,s,97,100.0,False,2004.25,2005.0
5438,552,353,s,97,100.0,False,2004.25,2005.0
5439,563,1,s,97,100.0,False,2004.25,2005.0
5440,586,453,s,97,98.0,False,2004.25,2004.5
5441,626,591,s,97,100.0,False,2004.25,2005.0
5442,654,101,s,97,100.0,False,2004.25,2005.0
5443,731,526,s,97,99.0,False,2004.25,2004.75
5444,0,461,s,97,98.0,False,2004.25,2004.5
5445,41,217,s,97,101.0,False,2004.25,2005.25
5446,46,430,s,97,101.0,False,2004.25,2005.25
5447,121,512,s,97,97.0,False,2004.25,2004.25
5448,181,529,s,97,99.0,False,2004.25,2004.75
5449,213,585,s,97,100.0,False,2004.25,2005.0
5450,287,518,s,97,101.0,False,2004.25,2005.25
5451,316,217,s,97,101.0,False,2004.25,2005.25
5452,357,591,s,97,102.0,False,2004.25,2005.5
5453,414,573,s,97,104.0,False,2004.25,2006.0
5454,483,80,s,97,99.0,False,2004.25,2004.75
5455,552,526,s,97,101.0,False,2004.25,2005.25
5456,654,520,s,97,99.0,False,2004.25,2004.75
5457,791,461,s,97,102.0,False,2004.25,2005.5
5458,67,375,s,97,99.0,False,2004.25,2004.75
5459,73,432,s,97,98.0,False,2004.25,2004.5
5460,88,479,s,97,98.0,False,2004.25,2004.5
5461,213,508,s,97,101.0,False,2004.25,2005.25
5462,242,440,s,97,98.0,False,2004.25,2004.5
5463,242,461,s,97,99.0,False,2004.25,2004.75
5464,245,461,s,97,101.0,False,2004.25,2005.25
5465,288,274,s,97,99.0,False,2004.25,2004.75
5466,288,469,s,97,102.0,False,2004.25,2005.5
5467,311,82,s,97,98.0,False,2004.25,2004.5
5468,358,222,s,97,102.0,False,2004.25,2005.5
5469,391,95,s,97,112.0,False,2004.25,2008.0
5470,422,461,s,97,98.0,False,2004.25,2004.5
5471,610,630,s,97,102.0,False,2004.25,2005.5
5472,626,508,s,97,101.0,False,2004.25,2005.25
5473,651,416,s,97,101.0,False,2004.25,2005.25
5474,654,440,s,97,98.0,False,2004.25,2004.5
5475,6,523,l,97,224.0,True,2004.25,2036.0
5476,241,453,l,97,236.0,True,2004.25,2039.0
5477,444,498,l,97,224.0,True,2004.25,2036.0
5478,90,24,s,98,108.0,False,2004.5,2007.0
5479,117,527,s,98,104.0,False,2004.5,2006.0
5480,125,217,s,98,98.0,False,2004.5,2004.5
5481,340,409,s,98,103.0,False,2004.5,2005.75
5482,408,256,s,98,99.0,False,2004.5,2004.75
5483,414,591,s,98,99.0,False,2004.5,2004.75
5484,444,418,s,98,100.0,False,2004.5,2005.0
5485,466,63,s,98,98.0,False,2004.5,2004.5
5486,466,409,s,98,99.0,False,2004.5,2004.75
5487,483,196,s,98,102.0,False,2004.5,2005.5
5488,549,445,s,98,98.0,False,2004.5,2004.5
5489,11,526,s,98,103.0,False,2004.5,2005.75
5490,34,146,s,98,101.0,False,2004.5,2005.25
5491,37,208,s,98,100.0,False,2004.5,2005.0
5492,65,440,s,98,100.0,False,2004.5,2005.0
5493,71,329,s,98,107.0,False,2004.5,2006.75
5494,190,520,s,98,103.0,False,2004.5,2005.75
5495,202,189,s,98,107.0,False,2004.5,2006.75
5496,214,612,s,98,100.0,False,2004.5,2005.0
5497,323,176,s,98,105.0,False,2004.5,2006.25
5498,402,61,s,98,106.0,False,2004.5,2006.5
5499,417,569,s,98,103.0,False,2004.5,2005.75
5500,483,243,s,98,102.0,False,2004.5,2005.5
5501,547,68,s,98,100.0,False,2004.5,2005.0
5502,570,582,s,98,98.0,False,2004.5,2004.5
5503,651,509,s,98,99.0,False,2004.5,2004.75
5504,773,256,s,98,105.0,False,2004.5,2006.25
5505,780,518,s,98,100.0,False,2004.5,2005.0
5506,4,371,s,98,100.0,False,2004.5,2005.0
5507,11,32,s,98,102.0,False,2004.5,2005.5
5508,53,511,s,98,103.0,False,2004.5,2005.75
5509,88,176,s,98,100.0,False,2004.5,2005.0
5510,106,232,s,98,101.0,False,2004.5,2005.25
5511,106,293,s,98,100.0,False,2004.5,2005.0
5512,161,521,s,98,101.0,False,2004.5,2005.25
5513,197,82,s,98,101.0,False,2004.5,2005.25
5514,257,338,s,98,101.0,False,2004.5,2005.25
5515,316,465,s,98,104.0,False,2004.5,2006.0
5516,378,284,s,98,100.0,False,2004.5,2005.0
5517,483,432,s,98,100.0,False,2004.5,2005.0
5518,556,372,s,98,104.0,False,2004.5,2006.0
5519,654,613,s,98,102.0,False,2004.5,2005.5
5520,6,40,s,99,103.0,False,2004.75,2005.75
5521,9,511,s,99,101.0,False,2004.75,2005.25
5522,11,461,s,99,104.0,False,2004.75,2006.0
5523,12,518,s,99,104.0,False,2004.75,2006.0
5524,34,82,s,99,102.0,False,2004.75,2005.5
5525,90,321,s,99,100.0,False,2004.75,2005.0
5526,127,230,s,99,100.0,False,2004.75,2005.0
5527,202,440,s,99,108.0,False,2004.75,2007.0
5528,241,409,s,99,104.0,False,2004.75,2006.0
5529,266,272,s,99,99.0,False,2004.75,2004.75
5530,378,789,s,99,99.0,False,2004.75,2004.75
5531,392,211,s,99,101.0,False,2004.75,2005.25
5532,435,328,s,99,102.0,False,2004.75,2005.5
5533,466,86,s,99,99.0,False,2004.75,2004.75
5534,493,517,s,99,103.0,False,2004.75,2005.75
5535,499,524,s,99,103.0,False,2004.75,2005.75
5536,576,234,s,99,101.0,False,2004.75,2005.25
5537,41,461,s,99,103.0,False,2004.75,2005.75
5538,71,133,s,99,101.0,False,2004.75,2005.25
5539,94,293,s,99,102.0,False,2004.75,2005.5
5540,113,129,s,99,105.0,False,2004.75,2006.25
5541,141,243,s,99,101.0,False,2004.75,2005.25
5542,195,133,s,99,110.0,False,2004.75,2007.5
5543,195,272,s,99,103.0,False,2004.75,2005.75
5544,203,95,s,99,100.0,False,2004.75,2005.0
5545,313,418,s,99,100.0,False,2004.75,2005.0
5546,383,436,s,99,105.0,False,2004.75,2006.25
5547,391,430,s,99,100.0,False,2004.75,2005.0
5548,482,293,s,99,103.0,False,2004.75,2005.75
5549,543,524,s,99,100.0,False,2004.75,2005.0
5550,551,211,s,99,100.0,False,2004.75,2005.0
5551,556,749,s,99,101.0,False,2004.75,2005.25
5552,642,82,s,99,100.0,False,2004.75,2005.0
5553,635,619,s,99,103.0,False,2004.75,2005.75
5554,629,590,s,99,100.0,False,2004.75,2005.0
5555,620,605,s,99,113.0,False,2004.75,2008.25
5556,611,583,s,99,101.0,False,2004.75,2005.25
5557,548,84,s,99,101.0,False,2004.75,2005.25
5558,741,309,s,99,101.0,False,2004.75,2005.25
5559,480,509,s,99,103.0,False,2004.75,2005.75
5560,26,75,s,99,101.0,False,2004.75,2005.25
5561,285,457,s,99,107.0,False,2004.75,2006.75
5562,262,625,s,99,100.0,False,2004.75,2005.0
5563,204,617,s,99,103.0,False,2004.75,2005.75
5564,394,634,s,99,102.0,False,2004.75,2005.5
5565,367,528,s,99,107.0,False,2004.75,2006.75
5566,719,120,s,99,106.0,False,2004.75,2006.5
5567,344,83,s,99,100.0,False,2004.75,2005.0
5568,215,318,s,99,106.0,False,2004.75,2006.5
5569,559,671,s,99,103.0,False,2004.75,2005.75
5570,4,222,s,99,100.0,False,2004.75,2005.0
5571,6,425,s,99,101.0,False,2004.75,2005.25
5572,12,208,s,99,105.0,False,2004.75,2006.25
5573,34,345,s,99,101.0,False,2004.75,2005.25
5574,34,582,s,99,106.0,False,2004.75,2006.5
5575,41,527,s,99,102.0,False,2004.75,2005.5
5576,141,518,s,99,101.0,False,2004.75,2005.25
5577,323,180,s,99,100.0,False,2004.75,2005.0
5578,357,24,s,99,101.0,False,2004.75,2005.25
5579,391,497,s,99,103.0,False,2004.75,2005.75
5580,394,416,s,99,103.0,False,2004.75,2005.75
5581,417,399,s,99,100.0,False,2004.75,2005.0
5582,460,591,s,99,102.0,False,2004.75,2005.5
5583,482,77,s,99,103.0,False,2004.75,2005.75
5584,502,510,s,99,100.0,False,2004.75,2005.0
5585,550,514,s,99,100.0,False,2004.75,2005.0
5586,654,789,s,99,109.0,False,2004.75,2007.25
5587,791,222,s,99,102.0,False,2004.75,2005.5
5588,313,508,l,99,,True,2004.75,
5589,34,15,l,99,,True,2004.75,
5590,169,224,l,99,,True,2004.75,
5591,4,497,s,100,102.0,False,2005.0,2005.5
5592,34,430,s,100,102.0,False,2005.0,2005.5
5593,36,256,s,100,104.0,False,2005.0,2006.0
5594,121,517,s,100,101.0,False,2005.0,2005.25
5595,125,51,s,100,103.0,False,2005.0,2005.75
5596,159,418,s,100,101.0,False,2005.0,2005.25
5597,181,342,s,100,105.0,False,2005.0,2006.25
5598,266,217,s,100,100.0,False,2005.0,2005.0
5599,285,430,s,100,101.0,False,2005.0,2005.25
5600,287,230,s,100,103.0,False,2005.0,2005.75
5601,402,189,s,100,104.0,False,2005.0,2006.0
5602,406,509,s,100,104.0,False,2005.0,2006.0
5603,455,457,s,100,103.0,False,2005.0,2005.75
5604,466,523,s,100,105.0,False,2005.0,2006.25
5605,35,136,s,100,108.0,False,2005.0,2007.0
5606,41,96,s,100,105.0,False,2005.0,2006.25
5607,46,512,s,100,107.0,False,2005.0,2006.75
5608,88,405,s,100,101.0,False,2005.0,2005.25
5609,125,256,s,100,103.0,False,2005.0,2005.75
5610,141,520,s,100,102.0,False,2005.0,2005.5
5611,213,583,s,100,101.0,False,2005.0,2005.25
5612,242,526,s,100,103.0,False,2005.0,2005.75
5613,358,518,s,100,104.0,False,2005.0,2006.0
5614,381,33,s,100,101.0,False,2005.0,2005.25
5615,392,506,s,100,102.0,False,2005.0,2005.5
5616,466,461,s,100,100.0,False,2005.0,2005.0
5617,466,512,s,100,106.0,False,2005.0,2006.5
5618,483,520,s,100,103.0,False,2005.0,2005.75
5619,546,217,s,100,101.0,False,2005.0,2005.25
5620,549,199,s,100,101.0,False,2005.0,2005.25
5621,595,590,s,100,101.0,False,2005.0,2005.25
5622,773,528,s,100,101.0,False,2005.0,2005.25
5623,0,237,s,100,106.0,False,2005.0,2006.5
5624,0,517,s,100,102.0,False,2005.0,2005.5
5625,34,573,s,100,101.0,False,2005.0,2005.25
5626,79,573,s,100,103.0,False,2005.0,2005.75
5627,157,256,s,100,105.0,False,2005.0,2006.25
5628,172,505,s,100,105.0,False,2005.0,2006.25
5629,183,133,s,100,104.0,False,2005.0,2006.0
5630,202,249,s,100,103.0,False,2005.0,2005.75
5631,245,304,s,100,102.0,False,2005.0,2005.5
5632,285,371,s,100,103.0,False,2005.0,2005.75
5633,322,410,s,100,101.0,False,2005.0,2005.25
5634,483,40,s,100,103.0,False,2005.0,2005.75
5635,548,51,s,100,104.0,False,2005.0,2006.0
5636,549,196,s,100,103.0,False,2005.0,2005.75
5637,577,529,s,100,111.0,False,2005.0,2007.75
5638,654,347,s,100,111.0,False,2005.0,2007.75
5639,12,249,l,100,160.0,True,2005.0,2020.0
5640,36,436,l,100,172.0,True,2005.0,2023.0
5641,466,217,l,100,208.0,True,2005.0,2032.0
5642,11,133,s,101,111.0,False,2005.25,2007.75
5643,26,512,s,101,105.0,False,2005.25,2006.25
5644,34,410,s,101,118.0,False,2005.25,2009.5
5645,41,32,s,101,103.0,False,2005.25,2005.75
5646,119,282,s,101,104.0,False,2005.25,2006.0
5647,152,399,s,101,111.0,False,2005.25,2007.75
5648,257,189,s,101,104.0,False,2005.25,2006.0
5649,262,196,s,101,104.0,False,2005.25,2006.0
5650,305,95,s,101,104.0,False,2005.25,2006.0
5651,358,211,s,101,103.0,False,2005.25,2005.75
5652,106,526,s,101,103.0,False,2005.25,2005.75
5653,113,430,s,101,104.0,False,2005.25,2006.0
5654,195,524,s,101,110.0,False,2005.25,2007.5
5655,313,605,s,101,103.0,False,2005.25,2005.75
5656,340,146,s,101,104.0,False,2005.25,2006.0
5657,358,418,s,101,102.0,False,2005.25,2005.5
5658,381,189,s,101,101.0,False,2005.25,2005.25
5659,391,51,s,101,102.0,False,2005.25,2005.5
5660,391,86,s,101,103.0,False,2005.25,2005.75
5661,577,354,s,101,104.0,False,2005.25,2006.0
5662,0,15,s,101,105.0,False,2005.25,2006.25
5663,12,440,s,101,103.0,False,2005.25,2005.75
5664,36,237,s,101,103.0,False,2005.25,2005.75
5665,36,523,s,101,105.0,False,2005.25,2006.25
5666,73,529,s,101,102.0,False,2005.25,2005.5
5667,113,82,s,101,107.0,False,2005.25,2006.75
5668,121,175,s,101,107.0,False,2005.25,2006.75
5669,294,58,s,101,105.0,False,2005.25,2006.25
5670,408,528,s,101,106.0,False,2005.25,2006.5
5671,466,461,s,101,104.0,False,2005.25,2006.0
5672,466,517,s,101,109.0,False,2005.25,2007.25
5673,576,217,s,101,104.0,False,2005.25,2006.0
5674,654,208,s,101,104.0,False,2005.25,2006.0
5675,731,371,s,101,111.0,False,2005.25,2007.75
5676,740,505,s,101,111.0,False,2005.25,2007.75
5677,773,759,s,101,104.0,False,2005.25,2006.0
5678,302,453,l,101,154.0,True,2005.25,2018.5
5679,4,516,s,102,107.0,False,2005.5,2006.75
5680,11,176,s,102,118.0,False,2005.5,2009.5
5681,34,585,s,102,104.0,False,2005.5,2006.0
5682,35,759,s,102,104.0,False,2005.5,2006.0
5683,141,418,s,102,110.0,False,2005.5,2007.5
5684,213,510,s,102,113.0,False,2005.5,2008.25
5685,241,506,s,102,105.0,False,2005.5,2006.25
5686,257,51,s,102,103.0,False,2005.5,2005.75
5687,305,453,s,102,120.0,False,2005.5,2010.0
5688,330,432,s,102,108.0,False,2005.5,2007.0
5689,357,154,s,102,104.0,False,2005.5,2006.0
5690,378,304,s,102,102.0,False,2005.5,2005.5
5691,422,469,s,102,107.0,False,2005.5,2006.75
5692,480,154,s,102,107.0,False,2005.5,2006.75
5693,547,189,s,102,105.0,False,2005.5,2006.25
5694,592,569,s,102,110.0,False,2005.5,2007.5
5695,639,569,s,102,104.0,False,2005.5,2006.0
5696,0,139,s,102,103.0,False,2005.5,2005.75
5697,48,230,s,102,103.0,False,2005.5,2005.75
5698,73,479,s,102,116.0,False,2005.5,2009.0
5699,94,498,s,102,108.0,False,2005.5,2007.0
5700,406,304,s,102,102.0,False,2005.5,2005.5
5701,417,146,s,102,107.0,False,2005.5,2006.75
5702,435,514,s,102,102.0,False,2005.5,2005.5
5703,466,516,s,102,111.0,False,2005.5,2007.75
5704,481,309,s,102,104.0,False,2005.5,2006.0
5705,483,517,s,102,105.0,False,2005.5,2006.25
5706,546,436,s,102,107.0,False,2005.5,2006.75
5707,592,15,s,102,110.0,False,2005.5,2007.5
5708,654,180,s,102,103.0,False,2005.5,2005.75
5709,6,189,s,102,103.0,False,2005.5,2005.75
5710,49,461,s,102,108.0,False,2005.5,2007.0
5711,159,77,s,102,104.0,False,2005.5,2006.0
5712,167,196,s,102,103.0,False,2005.5,2005.75
5713,167,211,s,102,106.0,False,2005.5,2006.5
5714,197,409,s,102,109.0,False,2005.5,2007.25
5715,302,521,s,102,103.0,False,2005.5,2005.75
5716,358,371,s,102,104.0,False,2005.5,2006.0
5717,429,154,s,102,107.0,False,2005.5,2006.75
5718,435,789,s,102,105.0,False,2005.5,2006.25
5719,548,461,s,102,103.0,False,2005.5,2005.75
5720,549,208,s,102,112.0,False,2005.5,2008.0
5721,549,405,s,102,106.0,False,2005.5,2006.5
5722,586,457,s,102,105.0,False,2005.5,2006.25
5723,595,605,s,102,115.0,False,2005.5,2008.75
5724,90,296,l,102,125.0,True,2005.5,2011.25
5725,294,519,l,102,212.0,True,2005.5,2033.0
5726,294,32,l,102,212.0,True,2005.5,2033.0
5727,46,95,s,103,108.0,False,2005.75,2007.0
5728,200,509,s,103,111.0,False,2005.75,2007.75
5729,202,498,s,103,103.0,False,2005.75,2005.75
5730,242,440,s,103,103.0,False,2005.75,2005.75
5731,396,789,s,103,115.0,False,2005.75,2008.75
5732,450,505,s,103,109.0,False,2005.75,2007.25
5733,466,40,s,103,104.0,False,2005.75,2006.0
5734,550,237,s,103,116.0,False,2005.75,2009.0
5735,595,509,s,103,103.0,False,2005.75,2005.75
5736,740,399,s,103,111.0,False,2005.75,2007.75
5737,12,139,s,103,120.0,False,2005.75,2010.0
5738,88,256,s,103,107.0,False,2005.75,2006.75
5739,197,569,s,103,104.0,False,2005.75,2006.0
5740,391,293,s,103,109.0,False,2005.75,2007.25
5741,466,3,s,103,114.0,False,2005.75,2008.5
5742,689,634,s,103,119.0,False,2005.75,2009.75
5743,766,641,s,103,113.0,False,2005.75,2008.25
5744,344,749,s,103,105.0,False,2005.75,2006.25
5745,558,310,s,103,104.0,False,2005.75,2006.0
5746,780,513,s,103,108.0,False,2005.75,2007.0
5747,191,591,s,103,108.0,False,2005.75,2007.0
5748,584,607,s,103,106.0,False,2005.75,2006.5
5749,604,574,s,103,105.0,False,2005.75,2006.25
5750,303,173,s,103,106.0,False,2005.75,2006.5
5751,322,132,s,103,104.0,False,2005.75,2006.0
5752,261,247,s,103,106.0,False,2005.75,2006.5
5753,427,416,s,103,108.0,False,2005.75,2007.0
5754,205,180,s,103,107.0,False,2005.75,2006.75
5755,642,694,s,103,106.0,False,2005.75,2006.5
5756,629,630,s,103,104.0,False,2005.75,2006.0
5757,659,625,s,103,110.0,False,2005.75,2007.5
5758,544,28,s,103,104.0,False,2005.75,2006.0
5759,667,707,s,103,104.0,False,2005.75,2006.0
5760,161,42,s,103,117.0,False,2005.75,2009.25
5761,551,185,s,103,110.0,False,2005.75,2007.5
5762,41,243,s,103,118.0,False,2005.75,2009.5
5763,49,510,s,103,111.0,False,2005.75,2007.75
5764,53,457,s,103,106.0,False,2005.75,2006.5
5765,119,86,s,103,109.0,False,2005.75,2007.25
5766,186,139,s,103,107.0,False,2005.75,2006.75
5767,206,42,s,103,108.0,False,2005.75,2007.0
5768,241,399,s,103,104.0,False,2005.75,2006.0
5769,316,461,s,103,104.0,False,2005.75,2006.0
5770,330,399,s,103,105.0,False,2005.75,2006.25
5771,414,339,s,103,108.0,False,2005.75,2007.0
5772,604,591,s,103,108.0,False,2005.75,2007.0
5773,606,585,s,103,105.0,False,2005.75,2006.25
5774,412,503,l,103,188.0,True,2005.75,2027.0
5775,381,469,l,103,117.0,True,2005.75,2009.25
5776,4,486,s,104,116.0,False,2006.0,2009.0
5777,11,272,s,104,128.0,False,2006.0,2012.0
5778,36,3,s,104,105.0,False,2006.0,2006.25
5779,161,513,s,104,108.0,False,2006.0,2007.0
5780,195,272,s,104,105.0,False,2006.0,2006.25
5781,245,440,s,104,108.0,False,2006.0,2007.0
5782,264,436,s,104,107.0,False,2006.0,2006.75
5783,288,405,s,104,105.0,False,2006.0,2006.25
5784,288,462,s,104,111.0,False,2006.0,2007.75
5785,340,437,s,104,115.0,False,2006.0,2008.75
5786,406,133,s,104,104.0,False,2006.0,2006.0
5787,435,132,s,104,108.0,False,2006.0,2007.0
5788,435,418,s,104,108.0,False,2006.0,2007.0
5789,466,371,s,104,107.0,False,2006.0,2006.75
5790,499,354,s,104,113.0,False,2006.0,2008.25
5791,549,58,s,104,106.0,False,2006.0,2006.5
5792,551,472,s,104,107.0,False,2006.0,2006.75
5793,571,573,s,104,105.0,False,2006.0,2006.25
5794,651,573,s,104,114.0,False,2006.0,2008.5
5795,703,178,s,104,124.0,False,2006.0,2011.0
5796,811,243,s,104,106.0,False,2006.0,2006.5
5797,6,354,s,104,107.0,False,2006.0,2006.75
5798,6,515,s,104,104.0,False,2006.0,2006.0
5799,26,293,s,104,107.0,False,2006.0,2006.75
5800,36,32,s,104,109.0,False,2006.0,2007.25
5801,36,51,s,104,107.0,False,2006.0,2006.75
5802,73,137,s,104,111.0,False,2006.0,2007.75
5803,202,461,s,104,109.0,False,2006.0,2007.25
5804,290,430,s,104,106.0,False,2006.0,2006.5
5805,294,405,s,104,107.0,False,2006.0,2006.75
5806,294,517,s,104,112.0,False,2006.0,2008.0
5807,294,522,s,104,105.0,False,2006.0,2006.25
5808,422,513,s,104,106.0,False,2006.0,2006.5
5809,450,82,s,104,105.0,False,2006.0,2006.25
5810,466,230,s,104,108.0,False,2006.0,2007.0
5811,466,256,s,104,104.0,False,2006.0,2006.0
5812,490,375,s,104,107.0,False,2006.0,2006.75
5813,545,389,s,104,105.0,False,2006.0,2006.25
5814,811,453,s,104,105.0,False,2006.0,2006.25
5815,35,239,s,104,106.0,False,2006.0,2006.5
5816,46,461,s,104,105.0,False,2006.0,2006.25
5817,79,180,s,104,117.0,False,2006.0,2009.25
5818,121,513,s,104,114.0,False,2006.0,2008.5
5819,141,146,s,104,105.0,False,2006.0,2006.25
5820,141,519,s,104,110.0,False,2006.0,2007.5
5821,167,150,s,104,106.0,False,2006.0,2006.5
5822,167,511,s,104,106.0,False,2006.0,2006.5
5823,313,146,s,104,105.0,False,2006.0,2006.25
5824,316,211,s,104,107.0,False,2006.0,2006.75
5825,316,418,s,104,106.0,False,2006.0,2006.5
5826,323,173,s,104,105.0,False,2006.0,2006.25
5827,388,86,s,104,106.0,False,2006.0,2006.5
5828,546,516,s,104,108.0,False,2006.0,2007.0
5829,551,318,s,104,108.0,False,2006.0,2007.0
5830,571,409,s,104,108.0,False,2006.0,2007.0
5831,595,569,s,104,108.0,False,2006.0,2007.0
5832,719,354,s,104,105.0,False,2006.0,2006.25
5833,811,569,s,104,105.0,False,2006.0,2006.25
5834,294,526,l,104,196.0,True,2006.0,2029.0
5835,0,217,s,105,107.0,False,2006.25,2006.75
5836,34,146,s,105,105.0,False,2006.25,2006.25
5837,36,440,s,105,107.0,False,2006.25,2006.75
5838,195,440,s,105,106.0,False,2006.25,2006.5
5839,245,371,s,105,108.0,False,2006.25,2007.0
5840,264,96,s,105,108.0,False,2006.25,2007.0
5841,288,516,s,105,111.0,False,2006.25,2007.75
5842,302,154,s,105,106.0,False,2006.25,2006.5
5843,313,173,s,105,107.0,False,2006.25,2006.75
5844,340,339,s,105,116.0,False,2006.25,2009.0
5845,483,217,s,105,107.0,False,2006.25,2006.75
5846,549,353,s,105,106.0,False,2006.25,2006.5
5847,550,40,s,105,106.0,False,2006.25,2006.5
5848,555,42,s,105,106.0,False,2006.25,2006.5
5849,586,69,s,105,105.0,False,2006.25,2006.25
5850,12,58,s,105,109.0,False,2006.25,2007.25
5851,41,425,s,105,112.0,False,2006.25,2008.0
5852,71,272,s,105,109.0,False,2006.25,2007.25
5853,141,574,s,105,111.0,False,2006.25,2007.75
5854,152,511,s,105,112.0,False,2006.25,2008.0
5855,186,347,s,105,112.0,False,2006.25,2008.0
5856,191,224,s,105,110.0,False,2006.25,2007.5
5857,245,304,s,105,107.0,False,2006.25,2006.75
5858,266,15,s,105,105.0,False,2006.25,2006.25
5859,288,33,s,105,111.0,False,2006.25,2007.75
5860,367,329,s,105,108.0,False,2006.25,2007.0
5861,396,519,s,105,108.0,False,2006.25,2007.0
5862,429,180,s,105,107.0,False,2006.25,2006.75
5863,499,399,s,105,109.0,False,2006.25,2007.25
5864,545,461,s,105,116.0,False,2006.25,2009.0
5865,549,256,s,105,109.0,False,2006.25,2007.25
5866,549,520,s,105,109.0,False,2006.25,2007.25
5867,592,509,s,105,109.0,False,2006.25,2007.25
5868,780,440,s,105,107.0,False,2006.25,2006.75
5869,26,430,s,105,108.0,False,2006.25,2007.0
5870,65,230,s,105,106.0,False,2006.25,2006.5
5871,102,83,s,105,106.0,False,2006.25,2006.5
5872,121,217,s,105,127.0,False,2006.25,2011.75
5873,121,256,s,105,114.0,False,2006.25,2008.5
5874,125,232,s,105,111.0,False,2006.25,2007.75
5875,153,405,s,105,107.0,False,2006.25,2006.75
5876,157,199,s,105,110.0,False,2006.25,2007.5
5877,213,154,s,105,107.0,False,2006.25,2006.75
5878,248,515,s,105,106.0,False,2006.25,2006.5
5879,330,234,s,105,111.0,False,2006.25,2007.75
5880,435,339,s,105,107.0,False,2006.25,2006.75
5881,444,146,s,105,114.0,False,2006.25,2008.5
5882,499,217,s,105,118.0,False,2006.25,2009.5
5883,654,524,s,105,106.0,False,2006.25,2006.5
5884,161,217,l,105,172.0,True,2006.25,2023.0
5885,481,77,l,105,130.0,True,2006.25,2012.5
5886,0,479,s,106,107.0,False,2006.5,2006.75
5887,9,430,s,106,106.0,False,2006.5,2006.5
5888,12,523,s,106,110.0,False,2006.5,2007.5
5889,34,146,s,106,116.0,False,2006.5,2009.0
5890,41,440,s,106,107.0,False,2006.5,2006.75
5891,65,24,s,106,107.0,False,2006.5,2006.75
5892,73,110,s,106,110.0,False,2006.5,2007.5
5893,141,129,s,106,106.0,False,2006.5,2006.5
5894,153,208,s,106,110.0,False,2006.5,2007.5
5895,181,405,s,106,106.0,False,2006.5,2006.5
5896,187,232,s,106,116.0,False,2006.5,2009.0
5897,213,3,s,106,107.0,False,2006.5,2006.75
5898,213,430,s,106,107.0,False,2006.5,2006.75
5899,392,506,s,106,111.0,False,2006.5,2007.75
5900,412,69,s,106,111.0,False,2006.5,2007.75
5901,481,375,s,106,109.0,False,2006.5,2007.25
5902,549,521,s,106,107.0,False,2006.5,2006.75
5903,629,505,s,106,106.0,False,2006.5,2006.5
5904,750,217,s,106,107.0,False,2006.5,2006.75
5905,47,399,s,106,107.0,False,2006.5,2006.75
5906,117,217,s,106,108.0,False,2006.5,2007.0
5907,121,516,s,106,108.0,False,2006.5,2007.0
5908,195,328,s,106,106.0,False,2006.5,2006.5
5909,202,510,s,106,110.0,False,2006.5,2007.5
5910,245,789,s,106,120.0,False,2006.5,2010.0
5911,290,224,s,106,114.0,False,2006.5,2008.5
5912,294,58,s,106,108.0,False,2006.5,2007.0
5913,435,293,s,106,108.0,False,2006.5,2007.0
5914,466,465,s,106,108.0,False,2006.5,2007.0
5915,482,234,s,106,114.0,False,2006.5,2008.5
5916,493,416,s,106,108.0,False,2006.5,2007.0
5917,499,146,s,106,108.0,False,2006.5,2007.0
5918,543,150,s,106,110.0,False,2006.5,2007.5
5919,543,339,s,106,117.0,False,2006.5,2009.25
5920,571,196,s,106,106.0,False,2006.5,2006.5
5921,620,309,s,106,106.0,False,2006.5,2006.5
5922,642,505,s,106,106.0,False,2006.5,2006.5
5923,6,40,s,106,108.0,False,2006.5,2007.0
5924,46,375,s,106,117.0,False,2006.5,2009.25
5925,46,517,s,106,114.0,False,2006.5,2008.5
5926,48,321,s,106,108.0,False,2006.5,2007.0
5927,88,512,s,106,110.0,False,2006.5,2007.5
5928,167,453,s,106,108.0,False,2006.5,2007.0
5929,181,58,s,106,119.0,False,2006.5,2009.75
5930,195,217,s,106,108.0,False,2006.5,2007.0
5931,203,230,s,106,109.0,False,2006.5,2007.25
5932,294,523,s,106,107.0,False,2006.5,2006.75
5933,303,505,s,106,110.0,False,2006.5,2007.5
5934,323,520,s,106,125.0,False,2006.5,2011.25
5935,363,520,s,106,107.0,False,2006.5,2006.75
5936,396,189,s,106,107.0,False,2006.5,2006.75
5937,466,453,s,106,114.0,False,2006.5,2008.5
5938,548,217,s,106,111.0,False,2006.5,2007.75
5939,604,423,s,106,109.0,False,2006.5,2007.25
5940,730,296,s,106,108.0,False,2006.5,2007.0
5941,294,217,l,106,212.0,True,2006.5,2033.0
5942,466,339,l,106,152.0,True,2006.5,2018.0
5943,730,512,l,106,224.0,True,2006.5,2036.0
5944,71,430,s,107,110.0,False,2006.75,2007.5
5945,73,399,s,107,111.0,False,2006.75,2007.75
5946,106,613,s,107,110.0,False,2006.75,2007.5
5947,152,146,s,107,107.0,False,2006.75,2006.75
5948,203,510,s,107,109.0,False,2006.75,2007.25
5949,257,208,s,107,110.0,False,2006.75,2007.5
5950,316,95,s,107,110.0,False,2006.75,2007.5
5951,316,517,s,107,108.0,False,2006.75,2007.0
5952,367,517,s,107,116.0,False,2006.75,2009.0
5953,381,423,s,107,107.0,False,2006.75,2006.75
5954,417,582,s,107,111.0,False,2006.75,2007.75
5955,545,520,s,107,110.0,False,2006.75,2007.5
5956,546,86,s,107,108.0,False,2006.75,2007.0
5957,547,462,s,107,108.0,False,2006.75,2007.0
5958,555,671,s,107,108.0,False,2006.75,2007.0
5959,642,15,s,107,114.0,False,2006.75,2008.5
5960,113,418,s,107,134.0,False,2006.75,2013.5
5961,157,526,s,107,109.0,False,2006.75,2007.25
5962,167,230,s,107,128.0,False,2006.75,2012.0
5963,186,86,s,107,109.0,False,2006.75,2007.25
5964,203,416,s,107,107.0,False,2006.75,2006.75
5965,215,310,s,107,111.0,False,2006.75,2007.75
5966,242,512,s,107,116.0,False,2006.75,2009.0
5967,261,469,s,107,107.0,False,2006.75,2006.75
5968,358,189,s,107,112.0,False,2006.75,2008.0
5969,383,234,s,107,114.0,False,2006.75,2008.5
5970,414,211,s,107,108.0,False,2006.75,2007.0
5971,417,154,s,107,113.0,False,2006.75,2008.25
5972,483,430,s,107,114.0,False,2006.75,2008.5
5973,543,453,s,107,110.0,False,2006.75,2007.5
5974,543,508,s,107,110.0,False,2006.75,2007.5
5975,702,137,s,107,108.0,False,2006.75,2007.0
5976,262,628,s,107,110.0,False,2006.75,2007.5
5977,394,75,s,107,112.0,False,2006.75,2008.0
5978,602,668,s,107,111.0,False,2006.75,2007.75
5979,611,618,s,107,108.0,False,2006.75,2007.0
5980,603,617,s,107,113.0,False,2006.75,2008.25
5981,584,457,s,107,109.0,False,2006.75,2007.25
5982,357,198,s,107,113.0,False,2006.75,2008.25
5983,47,255,s,107,108.0,False,2006.75,2007.0
5984,791,63,s,107,108.0,False,2006.75,2007.0
5985,811,572,s,107,108.0,False,2006.75,2007.0
5986,30,507,s,107,108.0,False,2006.75,2007.0
5987,480,173,s,107,109.0,False,2006.75,2007.25
5988,312,407,s,107,109.0,False,2006.75,2007.25
5989,402,274,s,107,112.0,False,2006.75,2008.0
5990,64,583,s,107,118.0,False,2006.75,2009.5
5991,360,101,s,107,109.0,False,2006.75,2007.25
5992,655,699,s,107,108.0,False,2006.75,2007.0
5993,91,83,s,107,110.0,False,2006.75,2007.5
5994,344,749,s,107,113.0,False,2006.75,2008.25
5995,629,708,s,107,113.0,False,2006.75,2008.25
5996,662,694,s,107,109.0,False,2006.75,2007.25
5997,287,525,s,107,117.0,False,2006.75,2009.25
5998,81,809,s,107,109.0,False,2006.75,2007.25
5999,46,293,s,107,114.0,False,2006.75,2008.5
6000,127,82,s,107,110.0,False,2006.75,2007.5
6001,261,154,s,107,109.0,False,2006.75,2007.25
6002,288,40,s,107,109.0,False,2006.75,2007.25
6003,313,416,s,107,108.0,False,2006.75,2007.0
6004,315,507,s,107,108.0,False,2006.75,2007.0
6005,340,243,s,107,109.0,False,2006.75,2007.25
6006,367,132,s,107,111.0,False,2006.75,2007.75
6007,378,526,s,107,110.0,False,2006.75,2007.5
6008,466,272,s,107,109.0,False,2006.75,2007.25
6009,490,506,s,107,118.0,False,2006.75,2009.5
6010,549,318,s,107,108.0,False,2006.75,2007.0
6011,620,505,s,107,111.0,False,2006.75,2007.75
6012,703,671,s,107,112.0,False,2006.75,2008.0
6013,731,189,s,107,113.0,False,2006.75,2008.25
6014,71,469,l,107,143.0,True,2006.75,2015.75
6015,606,612,l,107,,True,2006.75,
6016,800,497,l,107,192.0,True,2006.75,2028.0
6017,9,198,s,108,109.0,False,2007.0,2007.25
6018,113,522,s,108,109.0,False,2007.0,2007.25
6019,181,671,s,108,110.0,False,2007.0,2007.5
6020,187,304,s,108,108.0,False,2007.0,2007.0
6021,288,58,s,108,118.0,False,2007.0,2009.5
6022,313,198,s,108,112.0,False,2007.0,2008.0
6023,358,293,s,108,127.0,False,2007.0,2011.75
6024,367,375,s,108,109.0,False,2007.0,2007.25
6025,391,515,s,108,117.0,False,2007.0,2009.25
6026,427,296,s,108,109.0,False,2007.0,2007.25
6027,499,58,s,108,111.0,False,2007.0,2007.75
6028,547,511,s,108,109.0,False,2007.0,2007.25
6029,592,173,s,108,112.0,False,2007.0,2008.0
6030,602,572,s,108,111.0,False,2007.0,2007.75
6031,731,199,s,108,117.0,False,2007.0,2009.25
6032,4,407,s,108,110.0,False,2007.0,2007.5
6033,11,139,s,108,113.0,False,2007.0,2008.25
6034,73,208,s,108,112.0,False,2007.0,2008.0
6035,90,453,s,108,119.0,False,2007.0,2009.75
6036,121,232,s,108,115.0,False,2007.0,2008.75
6037,121,339,s,108,111.0,False,2007.0,2007.75
6038,313,150,s,108,109.0,False,2007.0,2007.25
6039,340,293,s,108,109.0,False,2007.0,2007.25
6040,378,239,s,108,109.0,False,2007.0,2007.25
6041,396,33,s,108,111.0,False,2007.0,2007.75
6042,546,517,s,108,117.0,False,2007.0,2009.25
6043,577,256,s,108,110.0,False,2007.0,2007.5
6044,595,591,s,108,108.0,False,2007.0,2007.0
6045,654,110,s,108,111.0,False,2007.0,2007.75
6046,730,590,s,108,109.0,False,2007.0,2007.25
6047,740,590,s,108,124.0,False,2007.0,2011.0
6048,0,289,s,108,116.0,False,2007.0,2009.0
6049,11,217,s,108,110.0,False,2007.0,2007.5
6050,46,399,s,108,109.0,False,2007.0,2007.25
6051,81,133,s,108,113.0,False,2007.0,2008.25
6052,121,789,s,108,110.0,False,2007.0,2007.5
6053,145,529,s,108,109.0,False,2007.0,2007.25
6054,152,15,s,108,112.0,False,2007.0,2008.0
6055,213,506,s,108,110.0,False,2007.0,2007.5
6056,288,418,s,108,111.0,False,2007.0,2007.75
6057,288,517,s,108,112.0,False,2007.0,2008.0
6058,378,523,s,108,116.0,False,2007.0,2009.0
6059,381,40,s,108,109.0,False,2007.0,2007.25
6060,429,509,s,108,111.0,False,2007.0,2007.75
6061,490,457,s,108,115.0,False,2007.0,2008.75
6062,654,445,s,108,122.0,False,2007.0,2010.5
6063,750,272,s,108,111.0,False,2007.0,2007.75
6064,152,461,l,108,124.0,True,2007.0,2011.0
6065,117,249,l,108,160.0,True,2007.0,2020.0
6066,87,819,s,109,111.0,False,2007.25,2007.75
6067,88,514,s,109,112.0,False,2007.25,2008.0
6068,88,517,s,109,115.0,False,2007.25,2008.75
6069,113,173,s,109,112.0,False,2007.25,2008.0
6070,141,180,s,109,112.0,False,2007.25,2008.0
6071,145,438,s,109,115.0,False,2007.25,2008.75
6072,187,521,s,109,111.0,False,2007.25,2007.75
6073,191,505,s,109,118.0,False,2007.25,2009.5
6074,202,329,s,109,111.0,False,2007.25,2007.75
6075,266,196,s,109,112.0,False,2007.25,2008.0
6076,303,82,s,109,109.0,False,2007.25,2007.25
6077,313,55,s,109,111.0,False,2007.25,2007.75
6078,358,24,s,109,114.0,False,2007.25,2008.5
6079,460,154,s,109,119.0,False,2007.25,2009.75
6080,466,101,s,109,109.0,False,2007.25,2007.25
6081,543,272,s,109,114.0,False,2007.25,2008.5
6082,584,590,s,109,123.0,False,2007.25,2010.75
6083,586,503,s,109,110.0,False,2007.25,2007.5
6084,592,506,s,109,117.0,False,2007.25,2009.25
6085,620,574,s,109,111.0,False,2007.25,2007.75
6086,780,86,s,109,111.0,False,2007.25,2007.75
6087,12,101,s,109,109.0,False,2007.25,2007.25
6088,12,461,s,109,111.0,False,2007.25,2007.75
6089,41,497,s,109,110.0,False,2007.25,2007.5
6090,41,516,s,109,112.0,False,2007.25,2008.0
6091,81,217,s,109,115.0,False,2007.25,2008.75
6092,127,375,s,109,111.0,False,2007.25,2007.75
6093,172,503,s,109,109.0,False,2007.25,2007.25
6094,241,189,s,109,110.0,False,2007.25,2007.5
6095,303,375,s,109,115.0,False,2007.25,2008.75
6096,316,217,s,109,112.0,False,2007.25,2008.0
6097,378,217,s,109,110.0,False,2007.25,2007.5
6098,406,519,s,109,110.0,False,2007.25,2007.5
6099,604,605,s,109,114.0,False,2007.25,2008.5
6100,624,617,s,109,110.0,False,2007.25,2007.5
6101,644,628,s,109,119.0,False,2007.25,2009.75
6102,71,486,s,109,117.0,False,2007.25,2009.25
6103,241,517,s,109,110.0,False,2007.25,2007.5
6104,302,139,s,109,114.0,False,2007.25,2008.5
6105,408,479,s,109,120.0,False,2007.25,2010.0
6106,408,641,s,109,110.0,False,2007.25,2007.5
6107,460,63,s,109,110.0,False,2007.25,2007.5
6108,466,208,s,109,110.0,False,2007.25,2007.5
6109,466,375,s,109,110.0,False,2007.25,2007.5
6110,493,217,s,109,113.0,False,2007.25,2008.25
6111,502,583,s,109,116.0,False,2007.25,2009.0
6112,549,819,s,109,114.0,False,2007.25,2008.5
6113,550,293,s,109,110.0,False,2007.25,2007.5
6114,602,150,s,109,111.0,False,2007.25,2007.75
6115,620,625,s,109,112.0,False,2007.25,2008.0
6116,702,353,s,109,110.0,False,2007.25,2007.5
6117,360,583,l,109,,True,2007.25,
6118,11,520,s,110,115.0,False,2007.5,2008.75
6119,34,255,s,110,112.0,False,2007.5,2008.0
6120,36,3,s,110,112.0,False,2007.5,2008.0
6121,64,506,s,110,111.0,False,2007.5,2007.75
6122,102,524,s,110,117.0,False,2007.5,2009.25
6123,113,410,s,110,110.0,False,2007.5,2007.5
6124,125,641,s,110,110.0,False,2007.5,2007.5
6125,161,129,s,110,114.0,False,2007.5,2008.5
6126,172,243,s,110,122.0,False,2007.5,2010.5
6127,181,353,s,110,110.0,False,2007.5,2007.5
6128,186,28,s,110,111.0,False,2007.5,2007.75
6129,213,15,s,110,110.0,False,2007.5,2007.5
6130,242,461,s,110,113.0,False,2007.5,2008.25
6131,295,591,s,110,116.0,False,2007.5,2009.0
6132,302,516,s,110,114.0,False,2007.5,2008.5
6133,305,573,s,110,116.0,False,2007.5,2009.0
6134,357,515,s,110,113.0,False,2007.5,2008.25
6135,412,399,s,110,114.0,False,2007.5,2008.5
6136,490,150,s,110,115.0,False,2007.5,2008.75
6137,547,526,s,110,113.0,False,2007.5,2008.25
6138,603,283,s,110,114.0,False,2007.5,2008.5
6139,730,82,s,110,115.0,False,2007.5,2008.75
6140,731,249,s,110,110.0,False,2007.5,2007.5
6141,811,133,s,110,112.0,False,2007.5,2008.0
6142,65,321,s,110,113.0,False,2007.5,2008.25
6143,71,461,s,110,124.0,False,2007.5,2011.0
6144,161,339,s,110,111.0,False,2007.5,2007.75
6145,266,198,s,110,113.0,False,2007.5,2008.25
6146,288,236,s,110,115.0,False,2007.5,2008.75
6147,381,224,s,110,114.0,False,2007.5,2008.5
6148,417,509,s,110,112.0,False,2007.5,2008.0
6149,444,512,s,110,116.0,False,2007.5,2009.0
6150,466,133,s,110,122.0,False,2007.5,2010.5
6151,466,146,s,110,111.0,False,2007.5,2007.75
6152,584,503,s,110,112.0,False,2007.5,2008.0
6153,604,418,s,110,117.0,False,2007.5,2009.25
6154,644,605,s,110,111.0,False,2007.5,2007.75
6155,11,461,s,110,123.0,False,2007.5,2010.75
6156,12,517,s,110,111.0,False,2007.5,2007.75
6157,41,230,s,110,111.0,False,2007.5,2007.75
6158,41,236,s,110,118.0,False,2007.5,2009.5
6159,363,95,s,110,111.0,False,2007.5,2007.75
6160,367,526,s,110,115.0,False,2007.5,2008.75
6161,466,371,s,110,113.0,False,2007.5,2008.25
6162,483,40,s,110,118.0,False,2007.5,2009.5
6163,483,321,s,110,113.0,False,2007.5,2008.25
6164,548,461,s,110,124.0,False,2007.5,2011.0
6165,555,28,s,110,112.0,False,2007.5,2008.0
6166,731,461,s,110,118.0,False,2007.5,2009.5
6167,766,749,s,110,112.0,False,2007.5,2008.0
6168,141,399,l,110,,True,2007.5,
6169,295,196,l,110,188.0,True,2007.5,2027.0
6170,483,461,l,110,124.0,True,2007.5,2011.0
6171,34,198,s,111,120.0,False,2007.75,2010.0
6172,34,583,s,111,115.0,False,2007.75,2008.75
6173,121,479,s,111,111.0,False,2007.75,2007.75
6174,172,591,s,111,116.0,False,2007.75,2009.0
6175,190,462,s,111,114.0,False,2007.75,2008.5
6176,195,523,s,111,120.0,False,2007.75,2010.0
6177,200,503,s,111,113.0,False,2007.75,2008.25
6178,288,515,s,111,117.0,False,2007.75,2009.25
6179,341,196,s,111,115.0,False,2007.75,2008.75
6180,360,410,s,111,113.0,False,2007.75,2008.25
6181,466,110,s,111,114.0,False,2007.75,2008.5
6182,466,274,s,111,120.0,False,2007.75,2010.0
6183,466,462,s,111,118.0,False,2007.75,2009.5
6184,499,520,s,111,113.0,False,2007.75,2008.25
6185,545,462,s,111,117.0,False,2007.75,2009.25
6186,548,347,s,111,112.0,False,2007.75,2008.0
6187,549,512,s,111,117.0,False,2007.75,2009.25
6188,571,243,s,111,117.0,False,2007.75,2009.25
6189,750,338,s,111,115.0,False,2007.75,2008.75
6190,30,583,s,111,113.0,False,2007.75,2008.25
6191,48,283,s,111,112.0,False,2007.75,2008.0
6192,64,510,s,111,117.0,False,2007.75,2009.25
6193,64,625,s,111,115.0,False,2007.75,2008.75
6194,71,101,s,111,116.0,False,2007.75,2009.0
6195,186,399,s,111,119.0,False,2007.75,2009.75
6196,190,237,s,111,112.0,False,2007.75,2008.0
6197,315,469,s,111,112.0,False,2007.75,2008.0
6198,316,445,s,111,117.0,False,2007.75,2009.25
6199,340,217,s,111,118.0,False,2007.75,2009.5
6200,363,519,s,111,115.0,False,2007.75,2008.75
6201,367,51,s,111,127.0,False,2007.75,2011.75
6202,482,591,s,111,116.0,False,2007.75,2009.0
6203,483,217,s,111,112.0,False,2007.75,2008.0
6204,499,479,s,111,116.0,False,2007.75,2009.0
6205,550,819,s,111,118.0,False,2007.75,2009.5
6206,551,371,s,111,119.0,False,2007.75,2009.75
6207,644,591,s,111,111.0,False,2007.75,2007.75
6208,773,84,s,111,113.0,False,2007.75,2008.25
6209,556,185,s,111,114.0,False,2007.75,2008.5
6210,433,83,s,111,112.0,False,2007.75,2008.0
6211,332,54,s,111,114.0,False,2007.75,2008.5
6212,480,465,s,111,113.0,False,2007.75,2008.25
6213,205,211,s,111,117.0,False,2007.75,2009.25
6214,312,247,s,111,116.0,False,2007.75,2009.0
6215,690,600,s,111,116.0,False,2007.75,2009.0
6216,635,630,s,111,115.0,False,2007.75,2008.75
6217,791,432,s,111,117.0,False,2007.75,2009.25
6218,214,309,s,111,113.0,False,2007.75,2008.25
6219,262,650,s,111,114.0,False,2007.75,2008.5
6220,599,682,s,111,115.0,False,2007.75,2008.75
6221,626,669,s,111,113.0,False,2007.75,2008.25
6222,192,808,s,111,112.0,False,2007.75,2008.0
6223,235,115,s,111,119.0,False,2007.75,2009.75
6224,11,437,s,111,114.0,False,2007.75,2008.5
6225,186,199,s,111,112.0,False,2007.75,2008.0
6226,186,217,s,111,120.0,False,2007.75,2010.0
6227,202,339,s,111,115.0,False,2007.75,2008.75
6228,241,514,s,111,112.0,False,2007.75,2008.0
6229,242,405,s,111,115.0,False,2007.75,2008.75
6230,262,457,s,111,130.0,False,2007.75,2012.5
6231,381,808,s,111,114.0,False,2007.75,2008.5
6232,406,462,s,111,114.0,False,2007.75,2008.5
6233,408,86,s,111,113.0,False,2007.75,2008.25
6234,466,514,s,111,113.0,False,2007.75,2008.25
6235,466,519,s,111,112.0,False,2007.75,2008.0
6236,483,521,s,111,112.0,False,2007.75,2008.0
6237,609,453,s,111,116.0,False,2007.75,2009.0
6238,780,222,l,111,204.0,True,2007.75,2031.0
6239,285,818,l,111,176.0,True,2007.75,2024.0
6240,12,789,s,112,113.0,False,2008.0,2008.25
6241,121,462,s,112,116.0,False,2008.0,2009.0
6242,127,521,s,112,115.0,False,2008.0,2008.75
6243,161,269,s,112,126.0,False,2008.0,2011.5
6244,190,51,s,112,118.0,False,2008.0,2009.5
6245,195,519,s,112,115.0,False,2008.0,2008.75
6246,202,15,s,112,113.0,False,2008.0,2008.25
6247,213,154,s,112,115.0,False,2008.0,2008.75
6248,242,40,s,112,114.0,False,2008.0,2008.5
6249,242,469,s,112,112.0,False,2008.0,2008.0
6250,288,284,s,112,112.0,False,2008.0,2008.0
6251,313,583,s,112,115.0,False,2008.0,2008.75
6252,340,224,s,112,113.0,False,2008.0,2008.25
6253,417,255,s,112,118.0,False,2008.0,2009.5
6254,422,189,s,112,118.0,False,2008.0,2009.5
6255,450,243,s,112,118.0,False,2008.0,2009.5
6256,493,272,s,112,122.0,False,2008.0,2010.5
6257,499,256,s,112,122.0,False,2008.0,2010.5
6258,555,749,s,112,113.0,False,2008.0,2008.25
6259,571,309,s,112,114.0,False,2008.0,2008.5
6260,611,569,s,112,123.0,False,2008.0,2010.75
6261,624,283,s,112,117.0,False,2008.0,2009.25
6262,690,683,s,112,114.0,False,2008.0,2008.5
6263,4,520,s,112,117.0,False,2008.0,2009.25
6264,11,342,s,112,113.0,False,2008.0,2008.25
6265,64,457,s,112,113.0,False,2008.0,2008.25
6266,202,222,s,112,114.0,False,2008.0,2008.5
6267,288,436,s,112,114.0,False,2008.0,2008.5
6268,466,819,s,112,127.0,False,2008.0,2011.75
6269,499,353,s,112,113.0,False,2008.0,2008.25
6270,543,432,s,112,113.0,False,2008.0,2008.25
6271,549,437,s,112,117.0,False,2008.0,2009.25
6272,588,154,s,112,120.0,False,2008.0,2010.0
6273,6,462,s,112,113.0,False,2008.0,2008.25
6274,12,342,s,112,115.0,False,2008.0,2008.75
6275,41,189,s,112,118.0,False,2008.0,2009.5
6276,167,180,s,112,117.0,False,2008.0,2009.25
6277,287,28,s,112,138.0,False,2008.0,2014.5
6278,294,353,s,112,113.0,False,2008.0,2008.25
6279,302,430,s,112,114.0,False,2008.0,2008.5
6280,422,789,s,112,113.0,False,2008.0,2008.25
6281,429,457,s,112,115.0,False,2008.0,2008.75
6282,460,15,s,112,124.0,False,2008.0,2011.0
6283,481,40,s,112,114.0,False,2008.0,2008.5
6284,483,54,s,112,116.0,False,2008.0,2009.0
6285,548,274,s,112,124.0,False,2008.0,2011.0
6286,595,469,s,112,113.0,False,2008.0,2008.25
6287,599,283,s,112,113.0,False,2008.0,2008.25
6288,604,234,s,112,123.0,False,2008.0,2010.75
6289,780,526,s,112,113.0,False,2008.0,2008.25
6290,313,605,l,112,,True,2008.0,
6291,9,132,s,113,115.0,False,2008.25,2008.75
6292,41,129,s,113,114.0,False,2008.25,2008.5
6293,48,461,s,113,120.0,False,2008.25,2010.0
6294,90,180,s,113,120.0,False,2008.25,2010.0
6295,121,129,s,113,116.0,False,2008.25,2009.0
6296,190,189,s,113,113.0,False,2008.25,2008.25
6297,195,51,s,113,115.0,False,2008.25,2008.75
6298,213,423,s,113,117.0,False,2008.25,2009.25
6299,213,583,s,113,113.0,False,2008.25,2008.25
6300,241,511,s,113,113.0,False,2008.25,2008.25
6301,262,24,s,113,120.0,False,2008.25,2010.0
6302,408,217,s,113,116.0,False,2008.25,2009.0
6303,422,437,s,113,118.0,False,2008.25,2009.5
6304,548,524,s,113,114.0,False,2008.25,2008.5
6305,549,24,s,113,122.0,False,2008.25,2010.5
6306,555,641,s,113,114.0,False,2008.25,2008.5
6307,609,255,s,113,116.0,False,2008.25,2009.0
6308,730,457,s,113,114.0,False,2008.25,2008.5
6309,828,137,s,113,115.0,False,2008.25,2008.75
6310,117,115,s,113,118.0,False,2008.25,2009.5
6311,127,274,s,113,115.0,False,2008.25,2008.75
6312,141,234,s,113,117.0,False,2008.25,2009.25
6313,181,342,s,113,125.0,False,2008.25,2011.25
6314,181,405,s,113,114.0,False,2008.25,2008.5
6315,192,247,s,113,121.0,False,2008.25,2010.25
6316,200,512,s,113,117.0,False,2008.25,2009.25
6317,213,399,s,113,115.0,False,2008.25,2008.75
6318,213,512,s,113,115.0,False,2008.25,2008.75
6319,241,154,s,113,116.0,False,2008.25,2009.0
6320,241,230,s,113,119.0,False,2008.25,2009.75
6321,241,321,s,113,124.0,False,2008.25,2011.0
6322,287,284,s,113,114.0,False,2008.25,2008.5
6323,302,293,s,113,120.0,False,2008.25,2010.0
6324,303,15,s,113,115.0,False,2008.25,2008.75
6325,358,222,s,113,117.0,False,2008.25,2009.25
6326,414,196,s,113,114.0,False,2008.25,2008.5
6327,466,58,s,113,118.0,False,2008.25,2009.5
6328,493,517,s,113,115.0,False,2008.25,2008.75
6329,540,375,s,113,115.0,False,2008.25,2008.75
6330,626,309,s,113,116.0,False,2008.25,2009.0
6331,46,819,s,113,120.0,False,2008.25,2010.0
6332,200,198,s,113,114.0,False,2008.25,2008.5
6333,245,236,s,113,114.0,False,2008.25,2008.5
6334,294,520,s,113,117.0,False,2008.25,2009.25
6335,313,274,s,113,120.0,False,2008.25,2010.0
6336,315,75,s,113,115.0,False,2008.25,2008.75
6337,381,525,s,113,114.0,False,2008.25,2008.5
6338,466,199,s,113,114.0,False,2008.25,2008.5
6339,480,224,s,113,114.0,False,2008.25,2008.5
6340,543,236,s,113,114.0,False,2008.25,2008.5
6341,548,217,s,113,120.0,False,2008.25,2010.0
6342,586,309,s,113,114.0,False,2008.25,2008.5
6343,629,198,s,113,114.0,False,2008.25,2008.5
6344,667,198,s,113,117.0,False,2008.25,2009.25
6345,731,55,s,113,115.0,False,2008.25,2008.75
6346,780,185,s,113,116.0,False,2008.25,2009.0
6347,791,423,s,113,117.0,False,2008.25,2009.25
6348,9,54,l,113,240.0,True,2008.25,2040.0
6349,315,512,l,113,224.0,True,2008.25,2036.0
6350,36,237,s,114,116.0,False,2008.5,2009.0
6351,41,274,s,114,114.0,False,2008.5,2008.5
6352,119,526,s,114,120.0,False,2008.5,2010.0
6353,125,461,s,114,124.0,False,2008.5,2011.0
6354,167,345,s,114,115.0,False,2008.5,2008.75
6355,195,405,s,114,116.0,False,2008.5,2009.0
6356,242,517,s,114,114.0,False,2008.5,2008.5
6357,294,432,s,114,117.0,False,2008.5,2009.25
6358,303,511,s,114,119.0,False,2008.5,2009.75
6359,323,345,s,114,116.0,False,2008.5,2009.0
6360,367,247,s,114,127.0,False,2008.5,2011.75
6361,396,55,s,114,117.0,False,2008.5,2009.25
6362,466,51,s,114,115.0,False,2008.5,2008.75
6363,466,461,s,114,117.0,False,2008.5,2009.25
6364,502,198,s,114,114.0,False,2008.5,2008.5
6365,551,405,s,114,116.0,False,2008.5,2009.0
6366,602,503,s,114,114.0,False,2008.5,2008.5
6367,610,569,s,114,121.0,False,2008.5,2010.25
6368,690,650,s,114,114.0,False,2008.5,2008.5
6369,4,211,s,114,118.0,False,2008.5,2009.5
6370,41,15,s,114,117.0,False,2008.5,2009.25
6371,41,217,s,114,127.0,False,2008.5,2011.75
6372,213,217,s,114,121.0,False,2008.5,2010.25
6373,235,230,s,114,123.0,False,2008.5,2010.75
6374,245,461,s,114,124.0,False,2008.5,2011.0
6375,363,236,s,114,126.0,False,2008.5,2011.5
6376,367,101,s,114,124.0,False,2008.5,2011.0
6377,460,95,s,114,116.0,False,2008.5,2009.0
6378,466,69,s,114,115.0,False,2008.5,2008.75
6379,483,189,s,114,117.0,False,2008.5,2009.25
6380,483,479,s,114,114.0,False,2008.5,2008.5
6381,543,222,s,114,117.0,False,2008.5,2009.25
6382,551,269,s,114,120.0,False,2008.5,2010.0
6383,780,304,s,114,116.0,False,2008.5,2009.0
6384,47,591,s,114,127.0,False,2008.5,2011.75
6385,73,342,s,114,117.0,False,2008.5,2009.25
6386,79,255,s,114,119.0,False,2008.5,2009.75
6387,121,133,s,114,116.0,False,2008.5,2009.0
6388,213,517,s,114,117.0,False,2008.5,2009.25
6389,235,498,s,114,128.0,False,2008.5,2012.0
6390,241,457,s,114,117.0,False,2008.5,2009.25
6391,313,516,s,114,120.0,False,2008.5,2010.0
6392,316,399,s,114,126.0,False,2008.5,2011.5
6393,391,514,s,114,118.0,False,2008.5,2009.5
6394,543,525,s,114,115.0,False,2008.5,2008.75
6395,548,525,s,114,118.0,False,2008.5,2009.5
6396,603,503,s,114,115.0,False,2008.5,2008.75
6397,0,217,s,115,116.0,False,2008.75,2009.0
6398,0,522,s,115,118.0,False,2008.75,2009.5
6399,4,512,s,115,118.0,False,2008.75,2009.5
6400,34,154,s,115,115.0,False,2008.75,2008.75
6401,88,808,s,115,124.0,False,2008.75,2011.0
6402,141,236,s,115,116.0,False,2008.75,2009.0
6403,200,423,s,115,119.0,False,2008.75,2009.75
6404,202,445,s,115,115.0,False,2008.75,2008.75
6405,287,58,s,115,117.0,False,2008.75,2009.25
6406,302,189,s,115,119.0,False,2008.75,2009.75
6407,313,818,s,115,118.0,False,2008.75,2009.5
6408,316,328,s,115,126.0,False,2008.75,2011.5
6409,358,139,s,115,117.0,False,2008.75,2009.25
6410,391,498,s,115,115.0,False,2008.75,2008.75
6411,460,819,s,115,116.0,False,2008.75,2009.0
6412,466,272,s,115,130.0,False,2008.75,2012.5
6413,483,272,s,115,116.0,False,2008.75,2009.0
6414,499,512,s,115,117.0,False,2008.75,2009.25
6415,543,461,s,115,117.0,False,2008.75,2009.25
6416,780,461,s,115,115.0,False,2008.75,2008.75
6417,811,410,s,115,116.0,False,2008.75,2009.0
6418,4,399,s,115,123.0,False,2008.75,2010.75
6419,71,512,s,115,115.0,False,2008.75,2008.75
6420,87,347,s,115,120.0,False,2008.75,2010.0
6421,121,461,s,115,115.0,False,2008.75,2008.75
6422,167,432,s,115,116.0,False,2008.75,2009.0
6423,195,222,s,115,116.0,False,2008.75,2009.0
6424,195,230,s,115,125.0,False,2008.75,2011.25
6425,245,808,s,115,119.0,False,2008.75,2009.75
6426,357,296,s,115,118.0,False,2008.75,2009.5
6427,358,234,s,115,116.0,False,2008.75,2009.0
6428,381,437,s,115,115.0,False,2008.75,2008.75
6429,444,650,s,115,116.0,False,2008.75,2009.0
6430,466,405,s,115,121.0,False,2008.75,2010.25
6431,571,612,s,115,117.0,False,2008.75,2009.25
6432,157,407,s,115,116.0,False,2008.75,2009.0
6433,541,132,s,115,117.0,False,2008.75,2009.25
6434,568,630,s,115,125.0,False,2008.75,2011.25
6435,593,637,s,115,119.0,False,2008.75,2009.75
6436,504,99,s,115,120.0,False,2008.75,2010.0
6437,594,173,s,115,119.0,False,2008.75,2009.75
6438,586,61,s,115,116.0,False,2008.75,2009.0
6439,106,3,s,115,134.0,False,2008.75,2013.5
6440,204,617,s,115,116.0,False,2008.75,2009.0
6441,681,646,s,115,124.0,False,2008.75,2011.0
6442,666,649,s,115,127.0,False,2008.75,2011.75
6443,648,665,s,115,122.0,False,2008.75,2010.5
6444,663,572,s,115,119.0,False,2008.75,2009.75
6445,248,80,s,115,122.0,False,2008.75,2010.5
6446,710,707,s,115,117.0,False,2008.75,2009.25
6447,696,670,s,115,117.0,False,2008.75,2009.25
6448,718,682,s,115,116.0,False,2008.75,2009.0
6449,215,456,s,115,123.0,False,2008.75,2010.75
6450,344,749,s,115,117.0,False,2008.75,2009.25
6451,620,668,s,115,119.0,False,2008.75,2009.75
6452,34,508,s,115,116.0,False,2008.75,2009.0
6453,41,328,s,115,124.0,False,2008.75,2011.0
6454,106,208,s,115,116.0,False,2008.75,2009.0
6455,117,479,s,115,119.0,False,2008.75,2009.75
6456,167,175,s,115,120.0,False,2008.75,2010.0
6457,235,519,s,115,119.0,False,2008.75,2009.75
6458,288,139,s,115,116.0,False,2008.75,2009.0
6459,388,232,s,115,116.0,False,2008.75,2009.0
6460,392,497,s,115,116.0,False,2008.75,2009.0
6461,547,189,s,115,124.0,False,2008.75,2011.0
6462,549,479,s,115,125.0,False,2008.75,2011.25
6463,551,461,s,115,117.0,False,2008.75,2009.25
6464,568,637,s,115,116.0,False,2008.75,2009.0
6465,620,650,s,115,125.0,False,2008.75,2011.25
6466,750,239,s,115,117.0,False,2008.75,2009.25
6467,780,256,s,115,116.0,False,2008.75,2009.0
6468,64,255,l,115,,True,2008.75,
6469,106,461,s,116,118.0,False,2009.0,2009.5
6470,117,342,s,116,119.0,False,2009.0,2009.75
6471,159,646,s,116,117.0,False,2009.0,2009.25
6472,167,15,s,116,122.0,False,2009.0,2010.5
6473,181,256,s,116,117.0,False,2009.0,2009.25
6474,213,154,s,116,118.0,False,2009.0,2009.5
6475,245,222,s,116,118.0,False,2009.0,2009.5
6476,257,110,s,116,123.0,False,2009.0,2010.75
6477,381,274,s,116,119.0,False,2009.0,2009.75
6478,383,249,s,116,119.0,False,2009.0,2009.75
6479,406,517,s,116,118.0,False,2009.0,2009.5
6480,466,522,s,116,119.0,False,2009.0,2009.75
6481,543,15,s,116,118.0,False,2009.0,2009.5
6482,545,150,s,116,117.0,False,2009.0,2009.25
6483,548,329,s,116,116.0,False,2009.0,2009.0
6484,624,503,s,116,117.0,False,2009.0,2009.25
6485,654,256,s,116,121.0,False,2009.0,2010.25
6486,654,519,s,116,116.0,False,2009.0,2009.0
6487,780,136,s,116,120.0,False,2009.0,2010.0
6488,117,189,s,116,120.0,False,2009.0,2010.0
6489,153,461,s,116,120.0,False,2009.0,2010.0
6490,157,432,s,116,117.0,False,2009.0,2009.25
6491,195,522,s,116,116.0,False,2009.0,2009.0
6492,216,461,s,116,116.0,False,2009.0,2009.0
6493,288,101,s,116,120.0,False,2009.0,2010.0
6494,316,110,s,116,117.0,False,2009.0,2009.25
6495,450,514,s,116,124.0,False,2009.0,2011.0
6496,482,375,s,116,122.0,False,2009.0,2010.5
6497,493,196,s,116,121.0,False,2009.0,2010.25
6498,499,54,s,116,118.0,False,2009.0,2009.5
6499,540,508,s,116,116.0,False,2009.0,2009.0
6500,635,573,s,116,124.0,False,2009.0,2011.0
6501,639,572,s,116,118.0,False,2009.0,2009.5
6502,639,591,s,116,125.0,False,2009.0,2011.25
6503,730,569,s,116,123.0,False,2009.0,2010.75
6504,36,208,s,116,124.0,False,2009.0,2011.0
6505,41,512,s,116,119.0,False,2009.0,2009.75
6506,48,514,s,116,118.0,False,2009.0,2009.5
6507,53,600,s,116,117.0,False,2009.0,2009.25
6508,113,453,s,116,121.0,False,2009.0,2010.25
6509,213,132,s,116,119.0,False,2009.0,2009.75
6510,241,591,s,116,121.0,False,2009.0,2010.25
6511,257,486,s,116,119.0,False,2009.0,2009.75
6512,290,461,s,116,119.0,False,2009.0,2009.75
6513,294,293,s,116,118.0,False,2009.0,2009.5
6514,305,430,s,116,122.0,False,2009.0,2010.5
6515,378,405,s,116,124.0,False,2009.0,2011.0
6516,422,432,s,116,117.0,False,2009.0,2009.25
6517,483,469,s,116,117.0,False,2009.0,2009.25
6518,493,139,s,116,122.0,False,2009.0,2010.5
6519,543,234,s,116,118.0,False,2009.0,2009.5
6520,595,572,s,116,117.0,False,2009.0,2009.25
6521,595,643,s,116,119.0,False,2009.0,2009.75
6522,654,80,s,116,122.0,False,2009.0,2010.5
6523,121,819,l,116,204.0,True,2009.0,2031.0
6524,34,453,s,117,127.0,False,2009.25,2011.75
6525,41,511,s,117,124.0,False,2009.25,2011.0
6526,65,399,s,117,118.0,False,2009.25,2009.5
6527,102,526,s,117,123.0,False,2009.25,2010.75
6528,157,217,s,117,118.0,False,2009.25,2009.5
6529,157,486,s,117,119.0,False,2009.25,2009.75
6530,190,133,s,117,128.0,False,2009.25,2012.0
6531,241,255,s,117,120.0,False,2009.25,2010.0
6532,241,643,s,117,125.0,False,2009.25,2011.25
6533,242,525,s,117,124.0,False,2009.25,2011.0
6534,257,524,s,117,118.0,False,2009.25,2009.5
6535,294,512,s,117,125.0,False,2009.25,2011.25
6536,302,55,s,117,119.0,False,2009.25,2009.75
6537,312,196,s,117,118.0,False,2009.25,2009.5
6538,316,437,s,117,118.0,False,2009.25,2009.5
6539,330,345,s,117,119.0,False,2009.25,2009.75
6540,340,211,s,117,117.0,False,2009.25,2009.25
6541,414,243,s,117,128.0,False,2009.25,2012.0
6542,414,637,s,117,121.0,False,2009.25,2010.25
6543,450,154,s,117,117.0,False,2009.25,2009.25
6544,450,399,s,117,121.0,False,2009.25,2010.25
6545,466,789,s,117,120.0,False,2009.25,2010.0
6546,545,189,s,117,126.0,False,2009.25,2011.5
6547,546,445,s,117,120.0,False,2009.25,2010.0
6548,571,573,s,117,119.0,False,2009.25,2009.75
6549,800,189,s,117,121.0,False,2009.25,2010.25
6550,49,77,s,117,128.0,False,2009.25,2012.0
6551,73,524,s,117,134.0,False,2009.25,2013.5
6552,121,525,s,117,119.0,False,2009.25,2009.75
6553,187,133,s,117,118.0,False,2009.25,2009.5
6554,200,462,s,117,120.0,False,2009.25,2010.0
6555,215,522,s,117,125.0,False,2009.25,2011.25
6556,241,24,s,117,118.0,False,2009.25,2009.5
6557,241,61,s,117,125.0,False,2009.25,2011.25
6558,305,24,s,117,125.0,False,2009.25,2011.25
6559,358,517,s,117,117.0,False,2009.25,2009.25
6560,381,526,s,117,123.0,False,2009.25,2010.75
6561,396,95,s,117,118.0,False,2009.25,2009.5
6562,412,650,s,117,120.0,False,2009.25,2010.0
6563,422,512,s,117,121.0,False,2009.25,2010.25
6564,552,137,s,117,119.0,False,2009.25,2009.75
6565,604,650,s,117,129.0,False,2009.25,2012.25
6566,624,198,s,117,118.0,False,2009.25,2009.5
6567,730,453,s,117,120.0,False,2009.25,2010.0
6568,750,289,s,117,124.0,False,2009.25,2011.0
6569,9,110,s,117,121.0,False,2009.25,2010.25
6570,11,3,s,117,130.0,False,2009.25,2012.5
6571,11,230,s,117,118.0,False,2009.25,2009.5
6572,34,75,s,117,119.0,False,2009.25,2009.75
6573,36,105,s,117,119.0,False,2009.25,2009.75
6574,41,272,s,117,123.0,False,2009.25,2010.75
6575,49,511,s,117,124.0,False,2009.25,2011.0
6576,127,399,s,117,121.0,False,2009.25,2010.25
6577,181,51,s,117,118.0,False,2009.25,2009.5
6578,202,274,s,117,121.0,False,2009.25,2010.25
6579,257,353,s,117,123.0,False,2009.25,2010.75
6580,490,512,s,117,125.0,False,2009.25,2011.25
6581,549,389,s,117,120.0,False,2009.25,2010.0
6582,644,503,s,117,119.0,False,2009.25,2009.75
6583,811,211,s,117,121.0,False,2009.25,2010.25
6584,266,583,l,117,157.0,True,2009.25,2019.25
6585,340,418,l,117,,True,2009.25,
6586,71,498,l,117,232.0,True,2009.25,2038.0
6587,466,517,l,117,208.0,True,2009.25,2032.0
6588,4,274,s,118,120.0,False,2009.5,2010.0
6589,41,86,s,118,122.0,False,2009.5,2010.5
6590,141,461,s,118,122.0,False,2009.5,2010.5
6591,241,146,s,118,119.0,False,2009.5,2009.75
6592,241,628,s,118,118.0,False,2009.5,2009.5
6593,290,189,s,118,120.0,False,2009.5,2010.0
6594,290,328,s,118,123.0,False,2009.5,2010.75
6595,290,439,s,118,118.0,False,2009.5,2009.5
6596,315,75,s,118,121.0,False,2009.5,2010.25
6597,316,515,s,118,118.0,False,2009.5,2009.5
6598,363,498,s,118,123.0,False,2009.5,2010.75
6599,381,405,s,118,120.0,False,2009.5,2010.0
6600,402,430,s,118,120.0,False,2009.5,2010.0
6601,414,569,s,118,119.0,False,2009.5,2009.75
6602,417,612,s,118,119.0,False,2009.5,2009.75
6603,466,432,s,118,121.0,False,2009.5,2010.25
6604,490,437,s,118,120.0,False,2009.5,2010.0
6605,550,526,s,118,120.0,False,2009.5,2010.0
6606,592,505,s,118,122.0,False,2009.5,2010.5
6607,594,224,s,118,120.0,False,2009.5,2010.0
6608,606,637,s,118,119.0,False,2009.5,2009.75
6609,609,569,s,118,122.0,False,2009.5,2010.5
6610,663,617,s,118,119.0,False,2009.5,2009.75
6611,34,146,s,118,131.0,False,2009.5,2012.75
6612,36,405,s,118,121.0,False,2009.5,2010.25
6613,41,418,s,118,122.0,False,2009.5,2010.5
6614,49,399,s,118,121.0,False,2009.5,2010.25
6615,73,790,s,118,120.0,False,2009.5,2010.0
6616,113,371,s,118,121.0,False,2009.5,2010.25
6617,192,55,s,118,119.0,False,2009.5,2009.75
6618,245,176,s,118,122.0,False,2009.5,2010.5
6619,466,95,s,118,120.0,False,2009.5,2010.0
6620,620,508,s,118,119.0,False,2009.5,2009.75
6621,11,407,s,118,126.0,False,2009.5,2011.5
6622,30,573,s,118,120.0,False,2009.5,2010.0
6623,41,526,s,118,120.0,False,2009.5,2010.0
6624,117,425,s,118,119.0,False,2009.5,2009.75
6625,191,508,s,118,120.0,False,2009.5,2010.0
6626,315,375,s,118,119.0,False,2009.5,2009.75
6627,358,269,s,118,119.0,False,2009.5,2009.75
6628,363,175,s,118,132.0,False,2009.5,2013.0
6629,408,136,s,118,127.0,False,2009.5,2011.75
6630,408,178,s,118,124.0,False,2009.5,2011.0
6631,422,101,s,118,119.0,False,2009.5,2009.75
6632,455,432,s,118,120.0,False,2009.5,2010.0
6633,466,407,s,118,134.0,False,2009.5,2013.5
6634,483,479,s,118,122.0,False,2009.5,2010.5
6635,499,525,s,118,120.0,False,2009.5,2010.0
6636,540,69,s,118,127.0,False,2009.5,2011.75
6637,546,54,s,118,120.0,False,2009.5,2010.0
6638,548,105,s,118,124.0,False,2009.5,2011.0
6639,549,347,s,118,125.0,False,2009.5,2011.25
6640,571,410,s,118,119.0,False,2009.5,2009.75
6641,606,573,s,118,120.0,False,2009.5,2010.0
6642,731,342,s,118,121.0,False,2009.5,2010.25
6643,323,255,l,118,167.0,True,2009.5,2021.75
6644,34,457,s,119,123.0,False,2009.75,2010.75
6645,36,137,s,119,119.0,False,2009.75,2009.75
6646,41,51,s,119,129.0,False,2009.75,2012.25
6647,48,353,s,119,120.0,False,2009.75,2010.0
6648,64,457,s,119,122.0,False,2009.75,2010.5
6649,113,410,s,119,124.0,False,2009.75,2011.0
6650,141,321,s,119,125.0,False,2009.75,2011.25
6651,190,437,s,119,124.0,False,2009.75,2011.0
6652,190,517,s,119,123.0,False,2009.75,2010.75
6653,242,180,s,119,122.0,False,2009.75,2010.5
6654,242,272,s,119,121.0,False,2009.75,2010.25
6655,313,510,s,119,125.0,False,2009.75,2011.25
6656,316,516,s,119,129.0,False,2009.75,2012.25
6657,340,521,s,119,120.0,False,2009.75,2010.0
6658,383,217,s,119,121.0,False,2009.75,2010.25
6659,450,69,s,119,123.0,False,2009.75,2010.75
6660,555,42,s,119,120.0,False,2009.75,2010.0
6661,604,649,s,119,125.0,False,2009.75,2011.25
6662,690,628,s,119,121.0,False,2009.75,2010.25
6663,703,137,s,119,126.0,False,2009.75,2011.5
6664,0,232,s,119,128.0,False,2009.75,2012.0
6665,4,175,s,119,124.0,False,2009.75,2011.0
6666,11,296,s,119,120.0,False,2009.75,2010.0
6667,36,389,s,119,123.0,False,2009.75,2010.75
6668,47,605,s,119,120.0,False,2009.75,2010.0
6669,49,95,s,119,131.0,False,2009.75,2012.75
6670,192,24,s,119,120.0,False,2009.75,2010.0
6671,302,272,s,119,134.0,False,2009.75,2013.5
6672,340,321,s,119,119.0,False,2009.75,2009.75
6673,378,54,s,119,120.0,False,2009.75,2010.0
6674,383,137,s,119,121.0,False,2009.75,2010.25
6675,417,506,s,119,120.0,False,2009.75,2010.0
6676,429,437,s,119,121.0,False,2009.75,2010.25
6677,455,198,s,119,122.0,False,2009.75,2010.5
6678,493,154,s,119,120.0,False,2009.75,2010.0
6679,502,321,s,119,127.0,False,2009.75,2011.75
6680,548,437,s,119,123.0,False,2009.75,2010.75
6681,550,115,s,119,122.0,False,2009.75,2010.5
6682,604,508,s,119,125.0,False,2009.75,2011.25
6683,624,506,s,119,124.0,False,2009.75,2011.0
6684,626,618,s,119,121.0,False,2009.75,2010.25
6685,627,596,s,119,135.0,False,2009.75,2013.75
6686,642,507,s,119,123.0,False,2009.75,2010.75
6687,653,465,s,119,121.0,False,2009.75,2010.25
6688,773,84,s,119,129.0,False,2009.75,2012.25
6689,145,185,s,119,121.0,False,2009.75,2010.25
6690,556,809,s,119,120.0,False,2009.75,2010.0
6691,828,68,s,119,120.0,False,2009.75,2010.0
6692,655,83,s,119,121.0,False,2009.75,2010.25
6693,261,625,s,119,120.0,False,2009.75,2010.0
6694,427,607,s,119,120.0,False,2009.75,2010.0
6695,79,574,s,119,125.0,False,2009.75,2011.25
6696,357,509,s,119,127.0,False,2009.75,2011.75
6697,124,439,s,119,122.0,False,2009.75,2010.5
6698,710,669,s,119,120.0,False,2009.75,2010.0
6699,593,572,s,119,122.0,False,2009.75,2010.5
6700,603,309,s,119,139.0,False,2009.75,2014.75
6701,659,682,s,119,120.0,False,2009.75,2010.0
6702,6,462,s,119,123.0,False,2009.75,2010.75
6703,90,24,s,119,126.0,False,2009.75,2011.5
6704,167,154,s,119,124.0,False,2009.75,2011.0
6705,191,506,s,119,121.0,False,2009.75,2010.25
6706,241,15,s,119,125.0,False,2009.75,2011.25
6707,248,418,s,119,122.0,False,2009.75,2010.5
6708,294,498,s,119,120.0,False,2009.75,2010.0
6709,323,180,s,119,133.0,False,2009.75,2013.25
6710,323,509,s,119,120.0,False,2009.75,2010.0
6711,358,80,s,119,122.0,False,2009.75,2010.5
6712,378,818,s,119,127.0,False,2009.75,2011.75
6713,450,818,s,119,121.0,False,2009.75,2010.25
6714,466,176,s,119,129.0,False,2009.75,2012.25
6715,499,339,s,119,120.0,False,2009.75,2010.0
6716,546,272,s,119,122.0,False,2009.75,2010.5
6717,547,819,s,119,122.0,False,2009.75,2010.5
6718,609,198,s,119,120.0,False,2009.75,2010.0
6719,609,591,s,119,123.0,False,2009.75,2010.75
6720,624,508,s,119,122.0,False,2009.75,2010.5
6721,642,596,s,119,120.0,False,2009.75,2010.0
6722,653,646,s,119,121.0,False,2009.75,2010.25
6723,811,461,s,119,124.0,False,2009.75,2011.0
6724,94,82,l,119,233.0,True,2009.75,2038.25
6725,644,607,l,119,,True,2009.75,
6726,0,479,s,120,124.0,False,2010.0,2011.0
6727,4,80,s,120,120.0,False,2010.0,2010.0
6728,41,514,s,120,123.0,False,2010.0,2010.75
6729,64,198,s,120,123.0,False,2010.0,2010.75
6730,64,399,s,120,122.0,False,2010.0,2010.5
6731,65,247,s,120,125.0,False,2010.0,2011.25
6732,87,154,s,120,120.0,False,2010.0,2010.0
6733,90,154,s,120,121.0,False,2010.0,2010.25
6734,141,439,s,120,124.0,False,2010.0,2011.0
6735,191,243,s,120,123.0,False,2010.0,2010.75
6736,213,211,s,120,140.0,False,2010.0,2015.0
6737,242,176,s,120,120.0,False,2010.0,2010.0
6738,257,520,s,120,124.0,False,2010.0,2011.0
6739,261,418,s,120,122.0,False,2010.0,2010.5
6740,290,399,s,120,123.0,False,2010.0,2010.75
6741,305,95,s,120,125.0,False,2010.0,2011.25
6742,316,522,s,120,121.0,False,2010.0,2010.25
6743,322,198,s,120,123.0,False,2010.0,2010.75
6744,340,512,s,120,126.0,False,2010.0,2011.5
6745,460,328,s,120,120.0,False,2010.0,2010.0
6746,463,42,s,120,122.0,False,2010.0,2010.5
6747,493,526,s,120,121.0,False,2010.0,2010.25
6748,543,371,s,120,120.0,False,2010.0,2010.0
6749,581,573,s,120,122.0,False,2010.0,2010.5
6750,592,283,s,120,128.0,False,2010.0,2012.0
6751,604,99,s,120,121.0,False,2010.0,2010.25
6752,653,418,s,120,129.0,False,2010.0,2012.25
6753,654,405,s,120,120.0,False,2010.0,2010.0
6754,662,345,s,120,122.0,False,2010.0,2010.5
6755,690,618,s,120,123.0,False,2010.0,2010.75
6756,811,95,s,120,123.0,False,2010.0,2010.75
6757,4,293,s,120,131.0,False,2010.0,2012.75
6758,4,515,s,120,125.0,False,2010.0,2011.25
6759,90,321,s,120,123.0,False,2010.0,2010.75
6760,124,497,s,120,135.0,False,2010.0,2013.75
6761,141,77,s,120,129.0,False,2010.0,2012.25
6762,159,453,s,120,122.0,False,2010.0,2010.5
6763,450,507,s,120,121.0,False,2010.0,2010.25
6764,466,437,s,120,121.0,False,2010.0,2010.25
6765,493,217,s,120,131.0,False,2010.0,2012.75
6766,609,61,s,120,120.0,False,2010.0,2010.0
6767,620,198,s,120,120.0,False,2010.0,2010.0
6768,662,569,s,120,123.0,False,2010.0,2010.75
6769,688,596,s,120,123.0,False,2010.0,2010.75
6770,36,843,s,120,127.0,False,2010.0,2011.75
6771,161,439,s,120,124.0,False,2010.0,2011.0
6772,161,574,s,120,121.0,False,2010.0,2010.25
6773,187,456,s,120,124.0,False,2010.0,2011.0
6774,192,457,s,120,126.0,False,2010.0,2011.5
6775,213,255,s,120,131.0,False,2010.0,2012.75
6776,235,439,s,120,124.0,False,2010.0,2011.0
6777,245,101,s,120,122.0,False,2010.0,2010.5
6778,257,33,s,120,122.0,False,2010.0,2010.5
6779,302,423,s,120,122.0,False,2010.0,2010.5
6780,302,512,s,120,122.0,False,2010.0,2010.5
6781,422,296,s,120,121.0,False,2010.0,2010.25
6782,483,423,s,120,121.0,False,2010.0,2010.25
6783,571,61,s,120,124.0,False,2010.0,2011.0
6784,606,457,s,120,121.0,False,2010.0,2010.25
6785,610,607,s,120,121.0,False,2010.0,2010.25
6786,635,704,s,120,121.0,False,2010.0,2010.25
6787,662,283,s,120,122.0,False,2010.0,2010.5
6788,689,625,s,120,121.0,False,2010.0,2010.25
6789,11,329,l,120,180.0,True,2010.0,2025.0
6790,41,176,l,120,140.0,True,2010.0,2015.0
6791,0,439,s,121,122.0,False,2010.25,2010.5
6792,4,819,s,121,124.0,False,2010.25,2011.0
6793,6,185,s,121,121.0,False,2010.25,2010.25
6794,202,189,s,121,124.0,False,2010.25,2011.0
6795,241,255,s,121,126.0,False,2010.25,2011.5
6796,242,58,s,121,128.0,False,2010.25,2012.0
6797,294,808,s,121,125.0,False,2010.25,2011.25
6798,315,511,s,121,124.0,False,2010.25,2011.0
6799,363,522,s,121,122.0,False,2010.25,2010.5
6800,392,508,s,121,121.0,False,2010.25,2010.25
6801,466,461,s,121,123.0,False,2010.25,2010.75
6802,466,479,s,121,122.0,False,2010.25,2010.5
6803,481,69,s,121,129.0,False,2010.25,2012.25
6804,620,670,s,121,122.0,False,2010.25,2010.5
6805,0,54,s,121,124.0,False,2010.25,2011.0
6806,41,371,s,121,121.0,False,2010.25,2010.25
6807,64,618,s,121,139.0,False,2010.25,2014.75
6808,79,637,s,121,127.0,False,2010.25,2011.75
6809,106,217,s,121,122.0,False,2010.25,2010.5
6810,141,249,s,121,133.0,False,2010.25,2013.25
6811,192,329,s,121,122.0,False,2010.25,2010.5
6812,235,196,s,121,123.0,False,2010.25,2010.75
6813,261,650,s,121,125.0,False,2010.25,2011.25
6814,288,521,s,121,129.0,False,2010.25,2012.25
6815,378,189,s,121,122.0,False,2010.25,2010.5
6816,543,154,s,121,129.0,False,2010.25,2012.25
6817,546,176,s,121,132.0,False,2010.25,2013.0
6818,550,110,s,121,124.0,False,2010.25,2011.0
6819,550,469,s,121,122.0,False,2010.25,2010.5
6820,595,132,s,121,124.0,False,2010.25,2011.0
6821,604,618,s,121,124.0,False,2010.25,2011.0
6822,609,596,s,121,129.0,False,2010.25,2012.25
6823,688,309,s,121,124.0,False,2010.25,2011.0
6824,780,465,s,121,123.0,False,2010.25,2010.75
6825,12,437,s,121,122.0,False,2010.25,2010.5
6826,41,524,s,121,131.0,False,2010.25,2012.75
6827,49,515,s,121,129.0,False,2010.25,2012.25
6828,121,430,s,121,131.0,False,2010.25,2012.75
6829,124,339,s,121,123.0,False,2010.25,2010.75
6830,127,509,s,121,124.0,False,2010.25,2011.0
6831,169,375,s,121,124.0,False,2010.25,2011.0
6832,202,399,s,121,123.0,False,2010.25,2010.75
6833,248,75,s,121,122.0,False,2010.25,2010.5
6834,290,224,s,121,123.0,False,2010.25,2010.75
6835,360,230,s,121,125.0,False,2010.25,2011.25
6836,381,432,s,121,125.0,False,2010.25,2011.25
6837,381,461,s,121,124.0,False,2010.25,2011.0
6838,450,309,s,121,122.0,False,2010.25,2010.5
6839,547,517,s,121,125.0,False,2010.25,2011.25
6840,550,328,s,121,122.0,False,2010.25,2010.5
6841,568,650,s,121,133.0,False,2010.25,2013.25
6842,593,507,s,121,122.0,False,2010.25,2010.5
6843,200,196,l,121,168.0,True,2010.25,2022.0
6844,6,189,s,122,134.0,False,2010.5,2013.5
6845,9,328,s,122,123.0,False,2010.5,2010.75
6846,34,507,s,122,130.0,False,2010.5,2012.5
6847,71,146,s,122,129.0,False,2010.5,2012.25
6848,73,199,s,122,125.0,False,2010.5,2011.25
6849,124,375,s,122,147.0,False,2010.5,2016.75
6850,153,289,s,122,125.0,False,2010.5,2011.25
6851,159,146,s,122,126.0,False,2010.5,2011.5
6852,266,375,s,122,123.0,False,2010.5,2010.75
6853,287,234,s,122,127.0,False,2010.5,2011.75
6854,290,461,s,122,124.0,False,2010.5,2011.0
6855,302,399,s,122,134.0,False,2010.5,2013.5
6856,357,628,s,122,125.0,False,2010.5,2011.25
6857,402,82,s,122,124.0,False,2010.5,2011.0
6858,493,517,s,122,122.0,False,2010.5,2010.5
6859,588,173,s,122,131.0,False,2010.5,2012.75
6860,644,630,s,122,123.0,False,2010.5,2010.75
6861,710,617,s,122,122.0,False,2010.5,2010.5
6862,46,342,s,122,123.0,False,2010.5,2010.75
6863,71,462,s,122,127.0,False,2010.5,2011.75
6864,94,525,s,122,123.0,False,2010.5,2010.75
6865,117,136,s,122,124.0,False,2010.5,2011.0
6866,121,520,s,122,126.0,False,2010.5,2011.5
6867,141,222,s,122,137.0,False,2010.5,2014.25
6868,241,628,s,122,125.0,False,2010.5,2011.25
6869,262,296,s,122,127.0,False,2010.5,2011.75
6870,287,465,s,122,128.0,False,2010.5,2012.0
6871,315,95,s,122,123.0,False,2010.5,2010.75
6872,408,523,s,122,124.0,False,2010.5,2011.0
6873,422,222,s,122,123.0,False,2010.5,2010.75
6874,455,453,s,122,127.0,False,2010.5,2011.75
6875,466,40,s,122,124.0,False,2010.5,2011.0
6876,481,515,s,122,125.0,False,2010.5,2011.25
6877,483,371,s,122,122.0,False,2010.5,2010.5
6878,490,457,s,122,134.0,False,2010.5,2013.5
6879,490,465,s,122,123.0,False,2010.5,2010.75
6880,499,154,s,122,124.0,False,2010.5,2011.0
6881,548,808,s,122,129.0,False,2010.5,2012.25
6882,571,243,s,122,123.0,False,2010.5,2010.75
6883,588,293,s,122,126.0,False,2010.5,2011.5
6884,604,95,s,122,127.0,False,2010.5,2011.75
6885,730,505,s,122,122.0,False,2010.5,2010.5
6886,4,432,s,122,123.0,False,2010.5,2010.75
6887,6,461,s,122,123.0,False,2010.5,2010.75
6888,119,456,s,122,127.0,False,2010.5,2011.75
6889,141,54,s,122,130.0,False,2010.5,2012.5
6890,187,342,s,122,124.0,False,2010.5,2011.0
6891,191,512,s,122,126.0,False,2010.5,2011.5
6892,213,505,s,122,135.0,False,2010.5,2013.75
6893,302,255,s,122,123.0,False,2010.5,2010.75
6894,493,75,s,122,136.0,False,2010.5,2014.0
6895,499,217,s,122,124.0,False,2010.5,2011.0
6896,594,154,s,122,136.0,False,2010.5,2014.0
6897,651,591,s,122,124.0,False,2010.5,2011.0
6898,701,646,s,122,124.0,False,2010.5,2011.0
6899,6,234,l,122,224.0,True,2010.5,2036.0
6900,192,569,l,122,,True,2010.5,
6901,172,293,l,122,,True,2010.5,
6902,581,509,l,122,154.0,True,2010.5,2018.5
6903,611,154,l,122,,True,2010.5,
6904,690,637,l,122,,True,2010.5,
6905,64,154,s,123,124.0,False,2010.75,2011.0
6906,71,243,s,123,125.0,False,2010.75,2011.25
6907,161,110,s,123,127.0,False,2010.75,2011.75
6908,172,133,s,123,126.0,False,2010.75,2011.5
6909,186,613,s,123,123.0,False,2010.75,2010.75
6910,266,99,s,123,125.0,False,2010.75,2011.25
6911,316,54,s,123,124.0,False,2010.75,2011.0
6912,323,146,s,123,123.0,False,2010.75,2010.75
6913,360,607,s,123,128.0,False,2010.75,2012.0
6914,388,521,s,123,125.0,False,2010.75,2011.25
6915,429,407,s,123,138.0,False,2010.75,2014.5
6916,450,80,s,123,129.0,False,2010.75,2012.25
6917,460,508,s,123,129.0,False,2010.75,2012.25
6918,644,664,s,123,123.0,False,2010.75,2010.75
6919,690,664,s,123,129.0,False,2010.75,2012.25
6920,48,77,s,123,127.0,False,2010.75,2011.75
6921,65,574,s,123,133.0,False,2010.75,2013.25
6922,90,95,s,123,127.0,False,2010.75,2011.75
6923,113,247,s,123,126.0,False,2010.75,2011.5
6924,121,77,s,123,132.0,False,2010.75,2013.0
6925,124,457,s,123,137.0,False,2010.75,2014.25
6926,202,146,s,123,123.0,False,2010.75,2010.75
6927,248,506,s,123,130.0,False,2010.75,2012.5
6928,287,249,s,123,127.0,False,2010.75,2011.75
6929,290,526,s,123,125.0,False,2010.75,2011.25
6930,367,95,s,123,125.0,False,2010.75,2011.25
6931,381,176,s,123,124.0,False,2010.75,2011.0
6932,383,208,s,123,127.0,False,2010.75,2011.75
6933,422,339,s,123,127.0,False,2010.75,2011.75
6934,460,146,s,123,131.0,False,2010.75,2012.75
6935,466,133,s,123,126.0,False,2010.75,2011.5
6936,466,526,s,123,125.0,False,2010.75,2011.25
6937,543,274,s,123,124.0,False,2010.75,2011.0
6938,547,461,s,123,124.0,False,2010.75,2011.0
6939,595,508,s,123,125.0,False,2010.75,2011.25
6940,639,572,s,123,126.0,False,2010.75,2011.5
6941,645,618,s,123,130.0,False,2010.75,2012.5
6942,653,569,s,123,131.0,False,2010.75,2012.75
6943,336,513,s,123,129.0,False,2010.75,2012.25
6944,145,185,s,123,130.0,False,2010.75,2012.5
6945,827,314,s,123,124.0,False,2010.75,2011.0
6946,301,749,s,123,124.0,False,2010.75,2011.0
6947,791,307,s,123,126.0,False,2010.75,2011.5
6948,652,198,s,123,130.0,False,2010.75,2012.5
6949,623,668,s,123,124.0,False,2010.75,2011.0
6950,718,682,s,123,128.0,False,2010.75,2012.0
6951,734,708,s,123,129.0,False,2010.75,2012.25
6952,332,621,s,123,125.0,False,2010.75,2011.25
6953,322,601,s,123,124.0,False,2010.75,2011.0
6954,396,527,s,123,149.0,False,2010.75,2017.25
6955,709,704,s,123,124.0,False,2010.75,2011.0
6956,696,665,s,123,128.0,False,2010.75,2012.0
6957,4,519,s,123,129.0,False,2010.75,2012.25
6958,48,507,s,123,129.0,False,2010.75,2012.25
6959,49,217,s,123,124.0,False,2010.75,2011.0
6960,64,77,s,123,127.0,False,2010.75,2011.75
6961,64,272,s,123,125.0,False,2010.75,2011.25
6962,79,132,s,123,132.0,False,2010.75,2013.0
6963,124,269,s,123,125.0,False,2010.75,2011.25
6964,186,236,s,123,127.0,False,2010.75,2011.75
6965,186,243,s,123,128.0,False,2010.75,2012.0
6966,200,175,s,123,128.0,False,2010.75,2012.0
6967,245,234,s,123,127.0,False,2010.75,2011.75
6968,266,154,s,123,127.0,False,2010.75,2011.75
6969,290,405,s,123,131.0,False,2010.75,2012.75
6970,316,189,s,123,127.0,False,2010.75,2011.75
6971,326,521,s,123,130.0,False,2010.75,2012.5
6972,367,498,s,123,125.0,False,2010.75,2011.25
6973,499,354,s,123,124.0,False,2010.75,2011.0
6974,544,95,s,123,126.0,False,2010.75,2011.5
6975,604,345,s,123,126.0,False,2010.75,2011.5
6976,791,601,s,123,125.0,False,2010.75,2011.25
6977,800,525,s,123,124.0,False,2010.75,2011.0
6978,169,625,l,123,144.0,True,2010.75,2016.0
6979,593,590,l,123,,True,2010.75,
6980,358,430,l,123,,True,2010.75,
6981,455,247,l,123,168.0,True,2010.75,2022.0
6982,4,32,s,124,128.0,False,2011.0,2012.0
6983,6,479,s,124,124.0,False,2011.0,2011.0
6984,73,853,s,124,124.0,False,2011.0,2011.0
6985,195,189,s,124,126.0,False,2011.0,2011.5
6986,213,423,s,124,125.0,False,2011.0,2011.25
6987,242,110,s,124,134.0,False,2011.0,2013.5
6988,245,843,s,124,124.0,False,2011.0,2011.0
6989,257,456,s,124,124.0,False,2011.0,2011.0
6990,294,3,s,124,127.0,False,2011.0,2011.75
6991,294,139,s,124,131.0,False,2011.0,2012.75
6992,323,189,s,124,126.0,False,2011.0,2011.5
6993,323,650,s,124,126.0,False,2011.0,2011.5
6994,429,196,s,124,129.0,False,2011.0,2012.25
6995,444,75,s,124,124.0,False,2011.0,2011.0
6996,545,321,s,124,125.0,False,2011.0,2011.25
6997,546,40,s,124,127.0,False,2011.0,2011.75
6998,64,399,s,124,128.0,False,2011.0,2012.0
6999,161,410,s,124,132.0,False,2011.0,2013.0
7000,186,234,s,124,124.0,False,2011.0,2011.0
7001,202,101,s,124,128.0,False,2011.0,2012.0
7002,245,154,s,124,125.0,False,2011.0,2011.25
7003,313,628,s,124,127.0,False,2011.0,2011.75
7004,316,515,s,124,126.0,False,2011.0,2011.5
7005,340,469,s,124,131.0,False,2011.0,2012.75
7006,360,650,s,124,137.0,False,2011.0,2014.25
7007,367,232,s,124,129.0,False,2011.0,2012.25
7008,406,189,s,124,126.0,False,2011.0,2011.5
7009,455,511,s,124,131.0,False,2011.0,2012.75
7010,550,436,s,124,125.0,False,2011.0,2011.25
7011,653,469,s,124,124.0,False,2011.0,2011.0
7012,0,523,s,124,139.0,False,2011.0,2014.75
7013,53,506,s,124,126.0,False,2011.0,2011.5
7014,71,293,s,124,125.0,False,2011.0,2011.25
7015,106,527,s,124,125.0,False,2011.0,2011.25
7016,186,486,s,124,127.0,False,2011.0,2011.75
7017,202,80,s,124,130.0,False,2011.0,2012.5
7018,203,591,s,124,128.0,False,2011.0,2012.0
7019,241,283,s,124,136.0,False,2011.0,2014.0
7020,257,517,s,124,125.0,False,2011.0,2011.25
7021,266,511,s,124,136.0,False,2011.0,2014.0
7022,302,375,s,124,133.0,False,2011.0,2013.25
7023,358,146,s,124,125.0,False,2011.0,2011.25
7024,381,517,s,124,125.0,False,2011.0,2011.25
7025,480,643,s,124,125.0,False,2011.0,2011.25
7026,483,515,s,124,127.0,False,2011.0,2011.75
7027,603,457,s,124,137.0,False,2011.0,2014.25
7028,666,646,s,124,128.0,False,2011.0,2012.0
7029,6,217,s,125,138.0,False,2011.25,2014.5
7030,53,505,s,125,133.0,False,2011.25,2013.25
7031,65,175,s,125,129.0,False,2011.25,2012.25
7032,71,517,s,125,134.0,False,2011.25,2013.5
7033,119,527,s,125,125.0,False,2011.25,2011.25
7034,121,236,s,125,126.0,False,2011.25,2011.5
7035,152,590,s,125,128.0,False,2011.25,2012.0
7036,167,418,s,125,128.0,False,2011.25,2012.0
7037,169,574,s,125,126.0,False,2011.25,2011.5
7038,195,405,s,125,129.0,False,2011.25,2012.25
7039,202,54,s,125,128.0,False,2011.25,2012.0
7040,213,399,s,125,127.0,False,2011.25,2011.75
7041,235,189,s,125,125.0,False,2011.25,2011.25
7042,285,146,s,125,128.0,False,2011.25,2012.0
7043,288,185,s,125,128.0,False,2011.25,2012.0
7044,294,523,s,125,129.0,False,2011.25,2012.25
7045,336,457,s,125,143.0,False,2011.25,2015.75
7046,414,69,s,125,126.0,False,2011.25,2011.5
7047,422,154,s,125,128.0,False,2011.25,2012.0
7048,429,243,s,125,125.0,False,2011.25,2011.25
7049,429,375,s,125,137.0,False,2011.25,2014.25
7050,545,521,s,125,128.0,False,2011.25,2012.0
7051,548,453,s,125,125.0,False,2011.25,2011.25
7052,588,198,s,125,126.0,False,2011.25,2011.5
7053,609,573,s,125,125.0,False,2011.25,2011.25
7054,800,139,s,125,125.0,False,2011.25,2011.25
7055,4,853,s,125,125.0,False,2011.25,2011.25
7056,64,505,s,125,132.0,False,2011.25,2013.0
7057,65,189,s,125,130.0,False,2011.25,2012.5
7058,81,514,s,125,127.0,False,2011.25,2011.75
7059,159,612,s,125,128.0,False,2011.25,2012.0
7060,213,503,s,125,134.0,False,2011.25,2013.5
7061,266,407,s,125,126.0,False,2011.25,2011.5
7062,302,509,s,125,134.0,False,2011.25,2013.5
7063,302,569,s,125,128.0,False,2011.25,2012.0
7064,305,375,s,125,130.0,False,2011.25,2012.5
7065,360,505,s,125,126.0,False,2011.25,2011.5
7066,378,236,s,125,127.0,False,2011.25,2011.75
7067,406,230,s,125,129.0,False,2011.25,2012.25
7068,481,572,s,125,130.0,False,2011.25,2012.5
7069,539,505,s,125,125.0,False,2011.25,2011.25
7070,543,307,s,125,126.0,False,2011.25,2011.5
7071,546,274,s,125,137.0,False,2011.25,2014.25
7072,592,457,s,125,127.0,False,2011.25,2011.75
7073,750,853,s,125,128.0,False,2011.25,2012.0
7074,6,519,s,125,126.0,False,2011.25,2011.5
7075,36,136,s,125,126.0,False,2011.25,2011.5
7076,41,520,s,125,134.0,False,2011.25,2013.5
7077,64,243,s,125,126.0,False,2011.25,2011.5
7078,113,514,s,125,131.0,False,2011.25,2012.75
7079,127,243,s,125,128.0,False,2011.25,2012.0
7080,159,506,s,125,128.0,False,2011.25,2012.0
7081,287,217,s,125,127.0,False,2011.25,2011.75
7082,287,517,s,125,130.0,False,2011.25,2012.5
7083,412,591,s,125,126.0,False,2011.25,2011.5
7084,546,389,s,125,132.0,False,2011.25,2013.0
7085,730,574,s,125,126.0,False,2011.25,2011.5
7086,248,224,l,125,,True,2011.25,
7087,4,61,s,126,126.0,False,2011.5,2011.5
7088,34,628,s,126,140.0,False,2011.5,2015.0
7089,65,293,s,126,132.0,False,2011.5,2013.0
7090,106,425,s,126,132.0,False,2011.5,2013.0
7091,124,189,s,126,132.0,False,2011.5,2013.0
7092,161,389,s,126,126.0,False,2011.5,2011.5
7093,167,189,s,126,126.0,False,2011.5,2011.5
7094,186,520,s,126,131.0,False,2011.5,2012.75
7095,202,77,s,126,126.0,False,2011.5,2011.5
7096,290,486,s,126,127.0,False,2011.5,2011.75
7097,340,486,s,126,126.0,False,2011.5,2011.5
7098,363,371,s,126,129.0,False,2011.5,2012.25
7099,429,453,s,126,126.0,False,2011.5,2011.5
7100,444,569,s,126,141.0,False,2011.5,2015.25
7101,450,399,s,126,131.0,False,2011.5,2012.75
7102,450,430,s,126,133.0,False,2011.5,2013.25
7103,493,430,s,126,131.0,False,2011.5,2012.75
7104,543,818,s,126,131.0,False,2011.5,2012.75
7105,604,61,s,126,127.0,False,2011.5,2011.75
7106,609,646,s,126,133.0,False,2011.5,2013.25
7107,639,668,s,126,127.0,False,2011.5,2011.75
7108,800,342,s,126,130.0,False,2011.5,2012.5
7109,4,520,s,126,127.0,False,2011.5,2011.75
7110,11,101,s,126,128.0,False,2011.5,2012.0
7111,49,236,s,126,132.0,False,2011.5,2013.0
7112,64,508,s,126,126.0,False,2011.5,2011.5
7113,71,58,s,126,128.0,False,2011.5,2012.0
7114,81,243,s,126,132.0,False,2011.5,2013.0
7115,87,410,s,126,127.0,False,2011.5,2011.75
7116,87,607,s,126,127.0,False,2011.5,2011.75
7117,125,479,s,126,131.0,False,2011.5,2012.75
7118,159,511,s,126,134.0,False,2011.5,2013.5
7119,190,247,s,126,127.0,False,2011.5,2011.75
7120,202,211,s,126,127.0,False,2011.5,2011.75
7121,245,247,s,126,133.0,False,2011.5,2013.25
7122,381,371,s,126,126.0,False,2011.5,2011.5
7123,396,511,s,126,130.0,False,2011.5,2012.5
7124,466,32,s,126,127.0,False,2011.5,2011.75
7125,466,405,s,126,128.0,False,2011.5,2012.0
7126,504,506,s,126,132.0,False,2011.5,2013.0
7127,546,486,s,126,132.0,False,2011.5,2013.0
7128,4,486,s,126,129.0,False,2011.5,2012.25
7129,9,154,s,126,131.0,False,2011.5,2012.75
7130,34,307,s,126,128.0,False,2011.5,2012.0
7131,48,569,s,126,128.0,False,2011.5,2012.0
7132,64,453,s,126,140.0,False,2011.5,2015.0
7133,141,243,s,126,133.0,False,2011.5,2013.25
7134,186,347,s,126,127.0,False,2011.5,2011.75
7135,213,321,s,126,130.0,False,2011.5,2012.5
7136,235,437,s,126,129.0,False,2011.5,2012.25
7137,358,95,s,126,135.0,False,2011.5,2013.75
7138,493,339,s,126,139.0,False,2011.5,2014.75
7139,592,612,s,126,127.0,False,2011.5,2011.75
7140,358,247,l,126,,True,2011.5,
7141,417,410,l,126,,True,2011.5,
7142,635,61,l,126,,True,2011.5,
7143,206,525,l,126,144.0,True,2011.5,2016.0
7144,330,457,l,126,,True,2011.5,
7145,383,405,l,126,175.0,True,2011.5,2023.75
7146,675,508,l,126,,True,2011.5,
7147,34,309,s,127,128.0,False,2011.75,2012.0
7148,71,405,s,127,128.0,False,2011.75,2012.0
7149,121,329,s,127,139.0,False,2011.75,2014.75
7150,141,296,s,127,130.0,False,2011.75,2012.5
7151,195,520,s,127,133.0,False,2011.75,2013.25
7152,202,129,s,127,130.0,False,2011.75,2012.5
7153,241,418,s,127,137.0,False,2011.75,2014.25
7154,245,418,s,127,143.0,False,2011.75,2015.75
7155,323,247,s,127,130.0,False,2011.75,2012.5
7156,360,69,s,127,129.0,False,2011.75,2012.25
7157,429,465,s,127,129.0,False,2011.75,2012.25
7158,466,527,s,127,127.0,False,2011.75,2011.75
7159,548,512,s,127,129.0,False,2011.75,2012.25
7160,581,612,s,127,134.0,False,2011.75,2013.5
7161,6,175,s,127,128.0,False,2011.75,2012.0
7162,34,418,s,127,128.0,False,2011.75,2012.0
7163,34,637,s,127,131.0,False,2011.75,2012.75
7164,64,591,s,127,134.0,False,2011.75,2013.5
7165,65,132,s,127,127.0,False,2011.75,2011.75
7166,73,289,s,127,133.0,False,2011.75,2013.25
7167,200,272,s,127,129.0,False,2011.75,2012.25
7168,213,95,s,127,131.0,False,2011.75,2012.75
7169,213,154,s,127,129.0,False,2011.75,2012.25
7170,257,208,s,127,129.0,False,2011.75,2012.25
7171,285,510,s,127,134.0,False,2011.75,2013.5
7172,288,230,s,127,127.0,False,2011.75,2011.75
7173,323,328,s,127,132.0,False,2011.75,2013.0
7174,367,189,s,127,128.0,False,2011.75,2012.0
7175,381,137,s,127,128.0,False,2011.75,2012.0
7176,547,516,s,127,131.0,False,2011.75,2012.75
7177,594,505,s,127,128.0,False,2011.75,2012.0
7178,791,457,s,127,132.0,False,2011.75,2013.0
7179,811,524,s,127,134.0,False,2011.75,2013.5
7180,191,601,s,127,131.0,False,2011.75,2012.75
7181,341,343,s,127,129.0,False,2011.75,2012.25
7182,183,115,s,127,128.0,False,2011.75,2012.0
7183,703,269,s,127,128.0,False,2011.75,2012.0
7184,655,528,s,127,130.0,False,2011.75,2012.5
7185,626,683,s,127,129.0,False,2011.75,2012.25
7186,660,704,s,127,131.0,False,2011.75,2012.75
7187,672,634,s,127,130.0,False,2011.75,2012.5
7188,539,409,s,127,142.0,False,2011.75,2015.5
7189,676,697,s,127,133.0,False,2011.75,2013.25
7190,706,713,s,127,132.0,False,2011.75,2013.0
7191,549,809,s,127,131.0,False,2011.75,2012.75
7192,544,852,s,127,128.0,False,2011.75,2012.0
7193,622,736,s,127,132.0,False,2011.75,2013.0
7194,41,224,s,127,131.0,False,2011.75,2012.75
7195,53,132,s,127,133.0,False,2011.75,2013.25
7196,64,569,s,127,128.0,False,2011.75,2012.0
7197,102,521,s,127,128.0,False,2011.75,2012.0
7198,124,176,s,127,133.0,False,2011.75,2013.25
7199,195,347,s,127,132.0,False,2011.75,2013.0
7200,213,180,s,127,131.0,False,2011.75,2012.75
7201,213,243,s,127,130.0,False,2011.75,2012.5
7202,235,101,s,127,137.0,False,2011.75,2014.25
7203,315,101,s,127,137.0,False,2011.75,2014.25
7204,315,514,s,127,134.0,False,2011.75,2013.5
7205,330,410,s,127,135.0,False,2011.75,2013.75
7206,330,574,s,127,129.0,False,2011.75,2012.25
7207,545,189,s,127,131.0,False,2011.75,2012.75
7208,592,507,s,127,128.0,False,2011.75,2012.0
7209,609,572,s,127,130.0,False,2011.75,2012.5
7210,645,173,s,127,135.0,False,2011.75,2013.75
7211,710,572,s,127,131.0,False,2011.75,2012.75
7212,780,110,s,127,128.0,False,2011.75,2012.0
7213,159,24,l,127,,True,2011.75,
7214,11,405,s,128,129.0,False,2012.0,2012.25
7215,64,61,s,128,132.0,False,2012.0,2013.0
7216,64,596,s,128,131.0,False,2012.0,2012.75
7217,71,284,s,128,134.0,False,2012.0,2013.5
7218,190,304,s,128,134.0,False,2012.0,2013.5
7219,235,176,s,128,135.0,False,2012.0,2013.75
7220,241,198,s,128,131.0,False,2012.0,2012.75
7221,294,515,s,128,128.0,False,2012.0,2012.0
7222,381,353,s,128,129.0,False,2012.0,2012.25
7223,396,211,s,128,133.0,False,2012.0,2013.25
7224,406,375,s,128,128.0,False,2012.0,2012.0
7225,429,95,s,128,131.0,False,2012.0,2012.75
7226,429,293,s,128,130.0,False,2012.0,2012.5
7227,444,82,s,128,133.0,False,2012.0,2013.25
7228,483,650,s,128,130.0,False,2012.0,2012.5
7229,540,437,s,128,128.0,False,2012.0,2012.0
7230,570,591,s,128,132.0,False,2012.0,2013.0
7231,622,596,s,128,131.0,False,2012.0,2012.75
7232,800,132,s,128,134.0,False,2012.0,2013.5
7233,11,515,s,128,132.0,False,2012.0,2013.0
7234,41,462,s,128,133.0,False,2012.0,2013.25
7235,48,293,s,128,131.0,False,2012.0,2012.75
7236,64,375,s,128,131.0,False,2012.0,2012.75
7237,113,462,s,128,129.0,False,2012.0,2012.25
7238,141,211,s,128,132.0,False,2012.0,2013.0
7239,202,175,s,128,130.0,False,2012.0,2012.5
7240,213,453,s,128,128.0,False,2012.0,2012.0
7241,216,513,s,128,133.0,False,2012.0,2013.25
7242,302,507,s,128,130.0,False,2012.0,2012.5
7243,396,189,s,128,131.0,False,2012.0,2012.75
7244,414,132,s,128,132.0,False,2012.0,2013.0
7245,417,506,s,128,132.0,False,2012.0,2013.0
7246,540,569,s,128,138.0,False,2012.0,2014.5
7247,549,525,s,128,129.0,False,2012.0,2012.25
7248,595,309,s,128,131.0,False,2012.0,2012.75
7249,602,596,s,128,129.0,False,2012.0,2012.25
7250,639,591,s,128,135.0,False,2012.0,2013.75
7251,653,410,s,128,132.0,False,2012.0,2013.0
7252,828,249,s,128,131.0,False,2012.0,2012.75
7253,0,445,s,128,129.0,False,2012.0,2012.25
7254,9,437,s,128,136.0,False,2012.0,2014.0
7255,53,457,s,128,132.0,False,2012.0,2013.0
7256,113,198,s,128,131.0,False,2012.0,2012.75
7257,216,110,s,128,134.0,False,2012.0,2013.5
7258,266,189,s,128,130.0,False,2012.0,2012.5
7259,323,498,s,128,137.0,False,2012.0,2014.25
7260,360,618,s,128,137.0,False,2012.0,2014.25
7261,417,583,s,128,130.0,False,2012.0,2012.5
7262,422,819,s,128,129.0,False,2012.0,2012.25
7263,466,234,s,128,136.0,False,2012.0,2014.0
7264,466,521,s,128,132.0,False,2012.0,2013.0
7265,571,173,s,128,133.0,False,2012.0,2013.25
7266,730,243,s,128,133.0,False,2012.0,2013.25
7267,741,612,s,128,133.0,False,2012.0,2013.25
7268,855,354,s,128,130.0,False,2012.0,2012.5
7269,11,217,l,128,135.0,True,2012.0,2013.75
7270,71,54,l,128,232.0,True,2012.0,2038.0
7271,412,82,l,128,,True,2012.0,
7272,64,307,s,129,131.0,False,2012.25,2012.75
7273,67,591,s,129,131.0,False,2012.25,2012.75
7274,167,445,s,129,130.0,False,2012.25,2012.5
7275,192,61,s,129,130.0,False,2012.25,2012.5
7276,195,217,s,129,131.0,False,2012.25,2012.75
7277,200,818,s,129,129.0,False,2012.25,2012.25
7278,290,77,s,129,132.0,False,2012.25,2013.0
7279,305,217,s,129,129.0,False,2012.25,2012.25
7280,336,591,s,129,134.0,False,2012.25,2013.5
7281,367,527,s,129,142.0,False,2012.25,2015.5
7282,466,375,s,129,131.0,False,2012.25,2012.75
7283,550,32,s,129,132.0,False,2012.25,2013.0
7284,571,572,s,129,130.0,False,2012.25,2012.5
7285,593,77,s,129,131.0,False,2012.25,2012.75
7286,609,618,s,129,130.0,False,2012.25,2012.5
7287,666,569,s,129,133.0,False,2012.25,2013.25
7288,672,617,s,129,130.0,False,2012.25,2012.5
7289,741,503,s,129,132.0,False,2012.25,2013.0
7290,811,339,s,129,129.0,False,2012.25,2012.25
7291,48,296,s,129,136.0,False,2012.25,2014.0
7292,94,224,s,129,140.0,False,2012.25,2015.0
7293,152,410,s,129,134.0,False,2012.25,2013.5
7294,262,243,s,129,130.0,False,2012.25,2012.5
7295,288,95,s,129,138.0,False,2012.25,2014.5
7296,313,618,s,129,133.0,False,2012.25,2013.25
7297,330,198,s,129,130.0,False,2012.25,2012.5
7298,340,517,s,129,131.0,False,2012.25,2012.75
7299,388,137,s,129,129.0,False,2012.25,2012.25
7300,396,399,s,129,131.0,False,2012.25,2012.75
7301,480,618,s,129,132.0,False,2012.25,2013.0
7302,541,154,s,129,129.0,False,2012.25,2012.25
7303,543,486,s,129,134.0,False,2012.25,2013.5
7304,547,274,s,129,131.0,False,2012.25,2012.75
7305,571,608,s,129,130.0,False,2012.25,2012.5
7306,592,572,s,129,130.0,False,2012.25,2012.5
7307,609,69,s,129,130.0,False,2012.25,2012.5
7308,12,523,s,129,134.0,False,2012.25,2013.5
7309,49,101,s,129,130.0,False,2012.25,2012.5
7310,49,196,s,129,133.0,False,2012.25,2013.25
7311,71,486,s,129,135.0,False,2012.25,2013.75
7312,152,15,s,129,133.0,False,2012.25,2013.25
7313,169,572,s,129,131.0,False,2012.25,2012.75
7314,191,572,s,129,130.0,False,2012.25,2012.5
7315,213,418,s,129,130.0,False,2012.25,2012.5
7316,294,236,s,129,133.0,False,2012.25,2013.25
7317,315,211,s,129,131.0,False,2012.25,2012.75
7318,392,15,s,129,132.0,False,2012.25,2013.0
7319,392,503,s,129,133.0,False,2012.25,2013.25
7320,406,465,s,129,135.0,False,2012.25,2013.75
7321,414,418,s,129,137.0,False,2012.25,2014.25
7322,414,650,s,129,131.0,False,2012.25,2012.75
7323,450,507,s,129,133.0,False,2012.25,2013.25
7324,480,418,s,129,130.0,False,2012.25,2012.5
7325,543,243,s,129,131.0,False,2012.25,2012.75
7326,602,637,s,129,140.0,False,2012.25,2015.0
7327,644,634,s,129,139.0,False,2012.25,2014.75
7328,780,479,s,129,130.0,False,2012.25,2012.5
7329,4,189,s,130,131.0,False,2012.5,2012.75
7330,6,818,s,130,131.0,False,2012.5,2012.75
7331,48,399,s,130,135.0,False,2012.5,2013.75
7332,64,211,s,130,132.0,False,2012.5,2013.0
7333,79,668,s,130,130.0,False,2012.5,2012.5
7334,141,133,s,130,136.0,False,2012.5,2014.0
7335,313,601,s,130,135.0,False,2012.5,2013.75
7336,340,101,s,130,131.0,False,2012.5,2012.75
7337,378,809,s,130,132.0,False,2012.5,2013.0
7338,381,189,s,130,136.0,False,2012.5,2014.0
7339,383,809,s,130,144.0,False,2012.5,2016.0
7340,406,272,s,130,141.0,False,2012.5,2015.25
7341,422,407,s,130,133.0,False,2012.5,2013.25
7342,429,189,s,130,136.0,False,2012.5,2014.0
7343,466,274,s,130,134.0,False,2012.5,2013.5
7344,483,115,s,130,133.0,False,2012.5,2013.25
7345,606,628,s,130,131.0,False,2012.5,2012.75
7346,800,353,s,130,138.0,False,2012.5,2014.5
7347,864,410,s,130,131.0,False,2012.5,2012.75
7348,4,423,s,130,136.0,False,2012.5,2014.0
7349,41,217,s,130,131.0,False,2012.5,2012.75
7350,41,342,s,130,130.0,False,2012.5,2012.5
7351,90,509,s,130,132.0,False,2012.5,2013.0
7352,121,24,s,130,131.0,False,2012.5,2012.75
7353,141,574,s,130,132.0,False,2012.5,2013.0
7354,157,115,s,130,138.0,False,2012.5,2014.5
7355,157,527,s,130,132.0,False,2012.5,2013.0
7356,213,347,s,130,130.0,False,2012.5,2012.5
7357,315,307,s,130,134.0,False,2012.5,2013.5
7358,381,236,s,130,135.0,False,2012.5,2013.75
7359,466,465,s,130,130.0,False,2012.5,2012.5
7360,543,329,s,130,132.0,False,2012.5,2013.0
7361,568,82,s,130,130.0,False,2012.5,2012.5
7362,604,583,s,130,132.0,False,2012.5,2013.0
7363,609,664,s,130,131.0,False,2012.5,2012.75
7364,652,505,s,130,144.0,False,2012.5,2016.0
7365,741,618,s,130,142.0,False,2012.5,2015.5
7366,766,110,s,130,136.0,False,2012.5,2014.0
7367,4,371,s,130,132.0,False,2012.5,2013.0
7368,11,24,s,130,136.0,False,2012.5,2014.0
7369,64,607,s,130,142.0,False,2012.5,2015.5
7370,127,230,s,130,134.0,False,2012.5,2013.5
7371,248,505,s,130,136.0,False,2012.5,2014.0
7372,266,154,s,130,131.0,False,2012.5,2012.75
7373,288,304,s,130,134.0,False,2012.5,2013.5
7374,290,437,s,130,132.0,False,2012.5,2013.0
7375,323,274,s,130,131.0,False,2012.5,2012.75
7376,336,150,s,130,133.0,False,2012.5,2013.25
7377,358,512,s,130,131.0,False,2012.5,2012.75
7378,406,284,s,130,131.0,False,2012.5,2012.75
7379,480,309,s,130,137.0,False,2012.5,2014.25
7380,493,445,s,130,131.0,False,2012.5,2012.75
7381,588,296,s,130,138.0,False,2012.5,2014.5
7382,609,418,s,130,135.0,False,2012.5,2013.75
7383,710,618,s,130,133.0,False,2012.5,2013.25
7384,544,371,l,130,132.0,True,2012.5,2013.0
7385,26,634,s,131,133.0,False,2012.75,2013.25
7386,41,236,s,131,134.0,False,2012.75,2013.5
7387,41,514,s,131,134.0,False,2012.75,2013.5
7388,119,137,s,131,132.0,False,2012.75,2013.0
7389,121,525,s,131,135.0,False,2012.75,2013.75
7390,124,514,s,131,131.0,False,2012.75,2012.75
7391,183,61,s,131,141.0,False,2012.75,2015.25
7392,192,61,s,131,131.0,False,2012.75,2012.75
7393,290,101,s,131,133.0,False,2012.75,2013.25
7394,378,274,s,131,134.0,False,2012.75,2013.5
7395,392,423,s,131,135.0,False,2012.75,2013.75
7396,543,211,s,131,133.0,False,2012.75,2013.25
7397,547,133,s,131,144.0,False,2012.75,2016.0
7398,690,457,s,131,132.0,False,2012.75,2013.0
7399,828,139,s,131,133.0,False,2012.75,2013.25
7400,4,328,s,131,132.0,False,2012.75,2013.0
7401,11,176,s,131,134.0,False,2012.75,2013.5
7402,34,505,s,131,132.0,False,2012.75,2013.0
7403,41,198,s,131,133.0,False,2012.75,2013.25
7404,113,274,s,131,136.0,False,2012.75,2014.0
7405,172,296,s,131,133.0,False,2012.75,2013.25
7406,202,517,s,131,134.0,False,2012.75,2013.5
7407,287,405,s,131,132.0,False,2012.75,2013.0
7408,288,819,s,131,137.0,False,2012.75,2014.25
7409,444,69,s,131,132.0,False,2012.75,2013.0
7410,539,345,s,131,133.0,False,2012.75,2013.25
7411,543,353,s,131,136.0,False,2012.75,2014.0
7412,547,51,s,131,135.0,False,2012.75,2013.75
7413,599,591,s,131,136.0,False,2012.75,2014.0
7414,603,505,s,131,134.0,False,2012.75,2013.5
7415,610,617,s,131,139.0,False,2012.75,2014.75
7416,800,222,s,131,132.0,False,2012.75,2013.0
7417,91,269,s,131,138.0,False,2012.75,2014.5
7418,856,83,s,131,134.0,False,2012.75,2013.5
7419,145,853,s,131,132.0,False,2012.75,2013.0
7420,773,699,s,131,132.0,False,2012.75,2013.0
7421,312,680,s,131,132.0,False,2012.75,2013.0
7422,651,619,s,131,137.0,False,2012.75,2014.25
7423,443,799,s,131,134.0,False,2012.75,2013.5
7424,394,343,s,131,135.0,False,2012.75,2013.75
7425,197,99,s,131,136.0,False,2012.75,2014.0
7426,30,573,s,131,132.0,False,2012.75,2013.0
7427,549,80,s,131,136.0,False,2012.75,2014.0
7428,696,768,s,131,139.0,False,2012.75,2014.75
7429,715,685,s,131,132.0,False,2012.75,2013.0
7430,747,665,s,131,132.0,False,2012.75,2013.0
7431,738,658,s,131,133.0,False,2012.75,2013.25
7432,341,621,s,131,132.0,False,2012.75,2013.0
7433,660,754,s,131,133.0,False,2012.75,2013.25
7434,667,705,s,131,132.0,False,2012.75,2013.0
7435,648,682,s,131,135.0,False,2012.75,2013.75
7436,157,139,s,131,137.0,False,2012.75,2014.25
7437,202,230,s,131,132.0,False,2012.75,2013.0
7438,295,343,s,131,137.0,False,2012.75,2014.25
7439,358,453,s,131,135.0,False,2012.75,2013.75
7440,396,799,s,131,137.0,False,2012.75,2014.25
7441,455,375,s,131,137.0,False,2012.75,2014.25
7442,466,101,s,131,133.0,False,2012.75,2013.25
7443,466,510,s,131,139.0,False,2012.75,2014.75
7444,466,514,s,131,134.0,False,2012.75,2013.5
7445,546,809,s,131,137.0,False,2012.75,2014.25
7446,624,507,s,131,132.0,False,2012.75,2013.0
7447,675,607,s,131,132.0,False,2012.75,2013.0
7448,741,607,s,131,132.0,False,2012.75,2013.0
7449,34,685,s,132,138.0,False,2013.0,2014.5
7450,65,196,s,132,132.0,False,2013.0,2013.0
7451,73,353,s,132,133.0,False,2013.0,2013.25
7452,127,574,s,132,134.0,False,2013.0,2013.5
7453,152,590,s,132,139.0,False,2013.0,2014.75
7454,192,150,s,132,134.0,False,2013.0,2013.5
7455,213,465,s,132,132.0,False,2013.0,2013.0
7456,294,40,s,132,138.0,False,2013.0,2014.5
7457,295,236,s,132,133.0,False,2013.0,2013.25
7458,302,389,s,132,135.0,False,2013.0,2013.75
7459,311,54,s,132,132.0,False,2013.0,2013.0
7460,313,293,s,132,150.0,False,2013.0,2017.5
7461,313,590,s,132,134.0,False,2013.0,2013.5
7462,332,198,s,132,147.0,False,2013.0,2016.75
7463,396,15,s,132,140.0,False,2013.0,2015.0
7464,422,175,s,132,134.0,False,2013.0,2013.5
7465,466,54,s,132,134.0,False,2013.0,2013.5
7466,466,80,s,132,136.0,False,2013.0,2014.0
7467,493,519,s,132,134.0,False,2013.0,2013.5
7468,541,618,s,132,133.0,False,2013.0,2013.25
7469,546,462,s,132,142.0,False,2013.0,2015.5
7470,595,617,s,132,133.0,False,2013.0,2013.25
7471,606,637,s,132,132.0,False,2013.0,2013.0
7472,609,617,s,132,134.0,False,2013.0,2013.5
7473,624,569,s,132,132.0,False,2013.0,2013.0
7474,627,410,s,132,147.0,False,2013.0,2016.75
7475,696,637,s,132,132.0,False,2013.0,2013.0
7476,864,591,s,132,133.0,False,2013.0,2013.25
7477,6,304,s,132,136.0,False,2013.0,2014.0
7478,11,274,s,132,139.0,False,2013.0,2014.75
7479,34,307,s,132,133.0,False,2013.0,2013.25
7480,49,198,s,132,133.0,False,2013.0,2013.25
7481,65,236,s,132,140.0,False,2013.0,2015.0
7482,167,486,s,132,134.0,False,2013.0,2013.5
7483,167,799,s,132,134.0,False,2013.0,2013.5
7484,191,77,s,132,133.0,False,2013.0,2013.25
7485,290,329,s,132,135.0,False,2013.0,2013.75
7486,291,430,s,132,146.0,False,2013.0,2016.5
7487,294,457,s,132,140.0,False,2013.0,2015.0
7488,360,799,s,132,134.0,False,2013.0,2013.5
7489,367,375,s,132,139.0,False,2013.0,2014.75
7490,408,520,s,132,140.0,False,2013.0,2015.0
7491,429,430,s,132,132.0,False,2013.0,2013.0
7492,466,86,s,132,134.0,False,2013.0,2013.5
7493,480,132,s,132,133.0,False,2013.0,2013.25
7494,481,569,s,132,132.0,False,2013.0,2013.0
7495,584,601,s,132,138.0,False,2013.0,2014.5
7496,609,650,s,132,135.0,False,2013.0,2013.75
7497,611,646,s,132,137.0,False,2013.0,2014.25
7498,741,590,s,132,143.0,False,2013.0,2015.75
7499,34,601,s,132,137.0,False,2013.0,2014.25
7500,36,405,s,132,133.0,False,2013.0,2013.25
7501,48,418,s,132,141.0,False,2013.0,2015.25
7502,64,445,s,132,134.0,False,2013.0,2013.5
7503,121,86,s,132,138.0,False,2013.0,2014.5
7504,202,423,s,132,133.0,False,2013.0,2013.25
7505,206,853,s,132,135.0,False,2013.0,2013.75
7506,302,430,s,132,135.0,False,2013.0,2013.75
7507,312,591,s,132,135.0,False,2013.0,2013.75
7508,330,573,s,132,145.0,False,2013.0,2016.25
7509,381,95,s,132,133.0,False,2013.0,2013.25
7510,417,569,s,132,136.0,False,2013.0,2014.0
7511,480,583,s,132,134.0,False,2013.0,2013.5
7512,481,274,s,132,140.0,False,2013.0,2015.0
7513,541,343,s,132,134.0,False,2013.0,2013.5
7514,545,457,s,132,151.0,False,2013.0,2017.75
7515,588,818,s,132,133.0,False,2013.0,2013.25
7516,595,569,s,132,133.0,False,2013.0,2013.25
7517,599,506,s,132,133.0,False,2013.0,2013.25
7518,610,625,s,132,140.0,False,2013.0,2015.0
7519,624,154,s,132,133.0,False,2013.0,2013.25
7520,780,479,s,132,141.0,False,2013.0,2015.25
7521,47,608,s,133,133.0,False,2013.25,2013.25
7522,48,54,s,133,135.0,False,2013.25,2013.75
7523,113,650,s,133,148.0,False,2013.25,2017.0
7524,145,136,s,133,134.0,False,2013.25,2013.5
7525,241,818,s,133,141.0,False,2013.25,2015.25
7526,288,486,s,133,139.0,False,2013.25,2014.75
7527,340,574,s,133,137.0,False,2013.25,2014.25
7528,358,328,s,133,133.0,False,2013.25,2013.25
7529,363,272,s,133,137.0,False,2013.25,2014.25
7530,450,375,s,133,142.0,False,2013.25,2015.5
7531,466,423,s,133,139.0,False,2013.25,2014.75
7532,480,173,s,133,137.0,False,2013.25,2014.25
7533,481,617,s,133,134.0,False,2013.25,2013.5
7534,543,217,s,133,134.0,False,2013.25,2013.5
7535,577,136,s,133,135.0,False,2013.25,2013.75
7536,4,469,s,133,136.0,False,2013.25,2014.0
7537,30,516,s,133,135.0,False,2013.25,2013.75
7538,41,40,s,133,134.0,False,2013.25,2013.5
7539,48,132,s,133,135.0,False,2013.25,2013.75
7540,87,498,s,133,140.0,False,2013.25,2015.0
7541,159,99,s,133,136.0,False,2013.25,2014.0
7542,302,150,s,133,136.0,False,2013.25,2014.0
7543,316,418,s,133,136.0,False,2013.25,2014.0
7544,330,572,s,133,138.0,False,2013.25,2014.5
7545,341,77,s,133,135.0,False,2013.25,2013.75
7546,392,573,s,133,136.0,False,2013.25,2014.0
7547,394,612,s,133,135.0,False,2013.25,2013.75
7548,466,189,s,133,134.0,False,2013.25,2013.5
7549,544,54,s,133,135.0,False,2013.25,2013.75
7550,606,658,s,133,136.0,False,2013.25,2014.0
7551,811,176,s,133,137.0,False,2013.25,2014.25
7552,811,375,s,133,135.0,False,2013.25,2013.75
7553,41,272,s,133,135.0,False,2013.25,2013.75
7554,65,80,s,133,136.0,False,2013.25,2014.0
7555,65,189,s,133,137.0,False,2013.25,2014.25
7556,94,255,s,133,134.0,False,2013.25,2013.5
7557,113,591,s,133,135.0,False,2013.25,2013.75
7558,124,243,s,133,135.0,False,2013.25,2013.75
7559,191,503,s,133,139.0,False,2013.25,2014.75
7560,213,583,s,133,137.0,False,2013.25,2014.25
7561,241,607,s,133,134.0,False,2013.25,2013.5
7562,242,329,s,133,139.0,False,2013.25,2014.75
7563,285,625,s,133,136.0,False,2013.25,2014.0
7564,288,514,s,133,141.0,False,2013.25,2015.25
7565,290,150,s,133,138.0,False,2013.25,2014.5
7566,313,505,s,133,135.0,False,2013.25,2013.75
7567,340,457,s,133,136.0,False,2013.25,2014.0
7568,360,469,s,133,136.0,False,2013.25,2014.0
7569,383,137,s,133,134.0,False,2013.25,2013.5
7570,406,512,s,133,138.0,False,2013.25,2014.5
7571,450,329,s,133,138.0,False,2013.25,2014.5
7572,450,498,s,133,147.0,False,2013.25,2016.75
7573,543,347,s,133,135.0,False,2013.25,2013.75
7574,543,375,s,133,134.0,False,2013.25,2013.5
7575,549,462,s,133,136.0,False,2013.25,2014.0
7576,588,521,s,133,140.0,False,2013.25,2015.0
7577,599,607,s,133,136.0,False,2013.25,2014.0
7578,450,508,l,133,,True,2013.25,
7579,48,469,l,133,224.0,True,2013.25,2036.0
7580,676,628,l,133,,True,2013.25,
7581,690,625,l,133,,True,2013.25,
7582,41,497,s,134,141.0,False,2013.5,2015.25
7583,48,139,s,134,143.0,False,2013.5,2015.75
7584,213,799,s,134,138.0,False,2013.5,2014.5
7585,214,646,s,134,141.0,False,2013.5,2015.25
7586,287,95,s,134,136.0,False,2013.5,2014.0
7587,358,139,s,134,135.0,False,2013.5,2013.75
7588,422,462,s,134,134.0,False,2013.5,2013.5
7589,483,199,s,134,149.0,False,2013.5,2017.25
7590,864,418,s,134,137.0,False,2013.5,2014.25
7591,6,236,s,134,139.0,False,2013.5,2014.75
7592,48,24,s,134,138.0,False,2013.5,2014.5
7593,94,469,s,134,134.0,False,2013.5,2013.5
7594,169,650,s,134,141.0,False,2013.5,2015.25
7595,200,453,s,134,136.0,False,2013.5,2014.0
7596,216,453,s,134,156.0,False,2013.5,2019.0
7597,241,617,s,134,137.0,False,2013.5,2014.25
7598,302,347,s,134,137.0,False,2013.5,2014.25
7599,311,173,s,134,138.0,False,2013.5,2014.5
7600,315,375,s,134,139.0,False,2013.5,2014.75
7601,336,515,s,134,143.0,False,2013.5,2015.75
7602,429,453,s,134,136.0,False,2013.5,2014.0
7603,443,198,s,134,138.0,False,2013.5,2014.5
7604,502,283,s,134,148.0,False,2013.5,2017.0
7605,549,110,s,134,134.0,False,2013.5,2013.5
7606,568,591,s,134,134.0,False,2013.5,2013.5
7607,571,99,s,134,134.0,False,2013.5,2013.5
7608,627,591,s,134,139.0,False,2013.5,2014.75
7609,4,133,s,134,136.0,False,2013.5,2014.0
7610,6,115,s,134,136.0,False,2013.5,2014.0
7611,30,61,s,134,143.0,False,2013.5,2015.75
7612,34,307,s,134,137.0,False,2013.5,2014.25
7613,41,389,s,134,135.0,False,2013.5,2013.75
7614,48,77,s,134,146.0,False,2013.5,2016.5
7615,186,284,s,134,136.0,False,2013.5,2014.0
7616,481,309,s,134,139.0,False,2013.5,2014.75
7617,539,591,s,134,141.0,False,2013.5,2015.25
7618,547,329,s,134,140.0,False,2013.5,2015.0
7619,547,405,s,134,135.0,False,2013.5,2013.75
7620,547,515,s,134,148.0,False,2013.5,2017.0
7621,571,572,s,134,141.0,False,2013.5,2015.25
7622,606,601,s,134,140.0,False,2013.5,2015.0
7623,645,665,s,134,137.0,False,2013.5,2014.25
7624,811,132,s,134,150.0,False,2013.5,2017.5
7625,242,520,l,134,,True,2013.5,
7626,4,437,s,135,136.0,False,2013.75,2014.0
7627,47,601,s,135,136.0,False,2013.75,2014.0
7628,53,180,s,135,136.0,False,2013.75,2014.0
7629,87,154,s,135,137.0,False,2013.75,2014.25
7630,183,230,s,135,135.0,False,2013.75,2013.75
7631,186,526,s,135,140.0,False,2013.75,2015.0
7632,190,819,s,135,137.0,False,2013.75,2014.25
7633,195,523,s,135,150.0,False,2013.75,2017.5
7634,213,514,s,135,135.0,False,2013.75,2013.75
7635,367,339,s,135,136.0,False,2013.75,2014.0
7636,422,232,s,135,138.0,False,2013.75,2014.5
7637,422,514,s,135,136.0,False,2013.75,2014.0
7638,581,99,s,135,136.0,False,2013.75,2014.0
7639,581,508,s,135,136.0,False,2013.75,2014.0
7640,593,321,s,135,135.0,False,2013.75,2013.75
7641,706,625,s,135,138.0,False,2013.75,2014.5
7642,48,101,s,135,154.0,False,2013.75,2018.5
7643,71,513,s,135,147.0,False,2013.75,2016.75
7644,81,465,s,135,140.0,False,2013.75,2015.0
7645,294,405,s,135,139.0,False,2013.75,2014.75
7646,302,272,s,135,142.0,False,2013.75,2015.5
7647,302,328,s,135,142.0,False,2013.75,2015.5
7648,332,508,s,135,136.0,False,2013.75,2014.0
7649,358,274,s,135,137.0,False,2013.75,2014.25
7650,396,101,s,135,141.0,False,2013.75,2015.25
7651,450,230,s,135,136.0,False,2013.75,2014.0
7652,455,75,s,135,144.0,False,2013.75,2016.0
7653,466,222,s,135,138.0,False,2013.75,2014.5
7654,466,329,s,135,139.0,False,2013.75,2014.75
7655,549,232,s,135,136.0,False,2013.75,2014.0
7656,570,574,s,135,138.0,False,2013.75,2014.5
7657,588,457,s,135,143.0,False,2013.75,2015.75
7658,609,596,s,135,136.0,False,2013.75,2014.0
7659,730,685,s,135,136.0,False,2013.75,2014.0
7660,741,637,s,135,136.0,False,2013.75,2014.0
7661,715,708,s,135,137.0,False,2013.75,2014.25
7662,701,737,s,135,136.0,False,2013.75,2014.0
7663,716,683,s,135,136.0,False,2013.75,2014.0
7664,734,638,s,135,137.0,False,2013.75,2014.25
7665,391,146,s,135,138.0,False,2013.75,2014.5
7666,205,582,s,135,140.0,False,2013.75,2015.0
7667,660,694,s,135,138.0,False,2013.75,2014.5
7668,663,724,s,135,138.0,False,2013.75,2014.5
7669,568,55,s,135,140.0,False,2013.75,2015.0
7670,203,843,s,135,146.0,False,2013.75,2016.5
7671,551,83,s,135,140.0,False,2013.75,2015.0
7672,703,641,s,135,140.0,False,2013.75,2015.0
7673,773,739,s,135,141.0,False,2013.75,2015.25
7674,548,3,s,135,138.0,False,2013.75,2014.5
7675,4,582,s,135,136.0,False,2013.75,2014.0
7676,34,293,s,135,137.0,False,2013.75,2014.25
7677,216,437,s,135,138.0,False,2013.75,2014.5
7678,241,345,s,135,144.0,False,2013.75,2016.0
7679,360,180,s,135,142.0,False,2013.75,2015.5
7680,406,247,s,135,141.0,False,2013.75,2015.25
7681,414,61,s,135,137.0,False,2013.75,2014.25
7682,483,217,s,135,140.0,False,2013.75,2015.0
7683,490,54,s,135,140.0,False,2013.75,2015.0
7684,490,515,s,135,136.0,False,2013.75,2014.0
7685,577,239,s,135,136.0,False,2013.75,2014.0
7686,620,605,s,135,137.0,False,2013.75,2014.25
7687,681,708,s,135,137.0,False,2013.75,2014.25
7688,715,605,s,135,140.0,False,2013.75,2015.0
7689,358,236,l,135,232.0,True,2013.75,2038.0
7690,654,439,l,135,188.0,True,2013.75,2027.0
7691,41,77,s,136,137.0,False,2014.0,2014.25
7692,64,82,s,136,137.0,False,2014.0,2014.25
7693,167,243,s,136,140.0,False,2014.0,2015.0
7694,190,517,s,136,137.0,False,2014.0,2014.25
7695,214,665,s,136,141.0,False,2014.0,2015.25
7696,302,517,s,136,137.0,False,2014.0,2014.25
7697,391,520,s,136,136.0,False,2014.0,2014.0
7698,540,375,s,136,137.0,False,2014.0,2014.25
7699,543,509,s,136,139.0,False,2014.0,2014.75
7700,26,15,s,136,136.0,False,2014.0,2014.0
7701,26,409,s,136,142.0,False,2014.0,2015.5
7702,65,243,s,136,141.0,False,2014.0,2015.25
7703,73,110,s,136,140.0,False,2014.0,2015.0
7704,102,239,s,136,137.0,False,2014.0,2014.25
7705,102,249,s,136,138.0,False,2014.0,2014.5
7706,127,133,s,136,141.0,False,2014.0,2015.25
7707,169,24,s,136,137.0,False,2014.0,2014.25
7708,172,418,s,136,140.0,False,2014.0,2015.0
7709,213,15,s,136,138.0,False,2014.0,2014.5
7710,235,115,s,136,138.0,False,2014.0,2014.5
7711,332,69,s,136,136.0,False,2014.0,2014.0
7712,332,509,s,136,138.0,False,2014.0,2014.5
7713,360,77,s,136,139.0,False,2014.0,2014.75
7714,378,375,s,136,143.0,False,2014.0,2015.75
7715,412,293,s,136,141.0,False,2014.0,2015.25
7716,422,457,s,136,137.0,False,2014.0,2014.25
7717,444,512,s,136,138.0,False,2014.0,2014.5
7718,450,399,s,136,138.0,False,2014.0,2014.5
7719,483,198,s,136,145.0,False,2014.0,2016.25
7720,595,307,s,136,138.0,False,2014.0,2014.5
7721,6,497,s,136,138.0,False,2014.0,2014.5
7722,34,608,s,136,144.0,False,2014.0,2016.0
7723,41,399,s,136,137.0,False,2014.0,2014.25
7724,41,582,s,136,142.0,False,2014.0,2015.5
7725,119,289,s,136,137.0,False,2014.0,2014.25
7726,124,328,s,136,138.0,False,2014.0,2014.5
7727,167,133,s,136,140.0,False,2014.0,2015.0
7728,183,54,s,136,138.0,False,2014.0,2014.5
7729,245,517,s,136,143.0,False,2014.0,2015.75
7730,266,469,s,136,139.0,False,2014.0,2014.75
7731,288,146,s,136,139.0,False,2014.0,2014.75
7732,294,399,s,136,139.0,False,2014.0,2014.75
7733,313,618,s,136,139.0,False,2014.0,2014.75
7734,316,513,s,136,144.0,False,2014.0,2016.0
7735,358,176,s,136,140.0,False,2014.0,2015.0
7736,392,517,s,136,139.0,False,2014.0,2014.75
7737,396,69,s,136,138.0,False,2014.0,2014.5
7738,406,95,s,136,140.0,False,2014.0,2015.0
7739,483,110,s,136,137.0,False,2014.0,2014.25
7740,490,133,s,136,150.0,False,2014.0,2017.5
7741,543,196,s,136,141.0,False,2014.0,2015.25
7742,595,572,s,136,140.0,False,2014.0,2015.0
7743,654,80,s,136,138.0,False,2014.0,2014.5
7744,660,617,s,136,143.0,False,2014.0,2015.75
7745,730,99,s,136,138.0,False,2014.0,2014.5
7746,9,274,s,137,143.0,False,2014.25,2015.75
7747,9,304,s,137,139.0,False,2014.25,2014.75
7748,41,572,s,137,144.0,False,2014.25,2016.0
7749,48,129,s,137,140.0,False,2014.25,2015.0
7750,73,83,s,137,140.0,False,2014.25,2015.0
7751,124,272,s,137,140.0,False,2014.25,2015.0
7752,186,105,s,137,138.0,False,2014.25,2014.5
7753,202,61,s,137,142.0,False,2014.25,2015.5
7754,213,293,s,137,138.0,False,2014.25,2014.5
7755,216,146,s,137,144.0,False,2014.25,2016.0
7756,291,569,s,137,146.0,False,2014.25,2016.5
7757,316,573,s,137,143.0,False,2014.25,2015.75
7758,336,514,s,137,138.0,False,2014.25,2014.5
7759,392,410,s,137,140.0,False,2014.25,2015.0
7760,466,224,s,137,152.0,False,2014.25,2018.0
7761,609,582,s,137,139.0,False,2014.25,2014.75
7762,610,569,s,137,141.0,False,2014.25,2015.25
7763,706,683,s,137,139.0,False,2014.25,2014.75
7764,730,133,s,137,141.0,False,2014.25,2015.25
7765,79,339,s,137,146.0,False,2014.25,2016.5
7766,87,453,s,137,137.0,False,2014.25,2014.25
7767,117,28,s,137,140.0,False,2014.25,2015.0
7768,202,343,s,137,145.0,False,2014.25,2016.25
7769,302,101,s,137,145.0,False,2014.25,2016.25
7770,311,605,s,137,137.0,False,2014.25,2014.25
7771,316,189,s,137,140.0,False,2014.25,2015.0
7772,340,423,s,137,139.0,False,2014.25,2014.75
7773,341,54,s,137,138.0,False,2014.25,2014.5
7774,363,139,s,137,143.0,False,2014.25,2015.75
7775,414,437,s,137,148.0,False,2014.25,2017.0
7776,443,569,s,137,141.0,False,2014.25,2015.25
7777,493,217,s,137,142.0,False,2014.25,2015.5
7778,555,354,s,137,140.0,False,2014.25,2015.0
7779,588,101,s,137,143.0,False,2014.25,2015.75
7780,588,307,s,137,141.0,False,2014.25,2015.25
7781,791,307,s,137,138.0,False,2014.25,2014.5
7782,811,498,s,137,143.0,False,2014.25,2015.75
7783,30,465,s,137,142.0,False,2014.25,2015.5
7784,41,189,s,137,149.0,False,2014.25,2017.25
7785,48,80,s,137,143.0,False,2014.25,2015.75
7786,64,173,s,137,138.0,False,2014.25,2014.5
7787,64,650,s,137,140.0,False,2014.25,2015.0
7788,79,343,s,137,138.0,False,2014.25,2014.5
7789,192,175,s,137,138.0,False,2014.25,2014.5
7790,241,503,s,137,143.0,False,2014.25,2015.75
7791,264,479,s,137,142.0,False,2014.25,2015.5
7792,336,61,s,137,139.0,False,2014.25,2014.75
7793,341,399,s,137,144.0,False,2014.25,2016.0
7794,344,529,s,137,140.0,False,2014.25,2015.0
7795,358,517,s,137,141.0,False,2014.25,2015.25
7796,391,819,s,137,138.0,False,2014.25,2014.5
7797,414,75,s,137,143.0,False,2014.25,2015.75
7798,480,418,s,137,142.0,False,2014.25,2015.5
7799,544,40,s,137,141.0,False,2014.25,2015.25
7800,546,405,s,137,138.0,False,2014.25,2014.5
7801,581,601,s,137,145.0,False,2014.25,2016.25
7802,593,585,s,137,138.0,False,2014.25,2014.5
7803,635,617,s,137,141.0,False,2014.25,2015.25
7804,648,590,s,137,138.0,False,2014.25,2014.5
7805,666,708,s,137,140.0,False,2014.25,2015.0
7806,690,694,s,137,138.0,False,2014.25,2014.5
7807,41,329,s,138,141.0,False,2014.5,2015.25
7808,64,569,s,138,143.0,False,2014.5,2015.75
7809,124,399,s,138,146.0,False,2014.5,2016.5
7810,141,519,s,138,139.0,False,2014.5,2014.75
7811,195,516,s,138,140.0,False,2014.5,2015.0
7812,216,479,s,138,145.0,False,2014.5,2016.25
7813,294,347,s,138,140.0,False,2014.5,2015.0
7814,357,224,s,138,145.0,False,2014.5,2016.25
7815,466,519,s,138,138.0,False,2014.5,2014.5
7816,654,329,s,138,147.0,False,2014.5,2016.75
7817,741,573,s,138,140.0,False,2014.5,2015.0
7818,6,40,s,138,139.0,False,2014.5,2014.75
7819,41,54,s,138,142.0,False,2014.5,2015.5
7820,49,506,s,138,140.0,False,2014.5,2015.0
7821,94,465,s,138,141.0,False,2014.5,2015.25
7822,121,524,s,138,148.0,False,2014.5,2017.0
7823,200,211,s,138,146.0,False,2014.5,2016.5
7824,206,83,s,138,140.0,False,2014.5,2015.0
7825,213,307,s,138,146.0,False,2014.5,2016.5
7826,323,32,s,138,139.0,False,2014.5,2014.75
7827,391,520,s,138,139.0,False,2014.5,2014.75
7828,406,115,s,138,144.0,False,2014.5,2016.0
7829,417,569,s,138,139.0,False,2014.5,2014.75
7830,480,154,s,138,142.0,False,2014.5,2015.5
7831,493,154,s,138,143.0,False,2014.5,2015.75
7832,543,40,s,138,139.0,False,2014.5,2014.75
7833,544,328,s,138,142.0,False,2014.5,2015.5
7834,606,24,s,138,146.0,False,2014.5,2016.5
7835,26,650,s,138,140.0,False,2014.5,2015.0
7836,191,591,s,138,139.0,False,2014.5,2014.75
7837,205,569,s,138,142.0,False,2014.5,2015.5
7838,288,189,s,138,139.0,False,2014.5,2014.75
7839,315,296,s,138,139.0,False,2014.5,2014.75
7840,358,465,s,138,140.0,False,2014.5,2015.0
7841,381,425,s,138,139.0,False,2014.5,2014.75
7842,417,650,s,138,142.0,False,2014.5,2015.5
7843,422,55,s,138,145.0,False,2014.5,2016.25
7844,429,283,s,138,141.0,False,2014.5,2015.25
7845,466,486,s,138,139.0,False,2014.5,2014.75
7846,546,513,s,138,144.0,False,2014.5,2016.0
7847,635,198,s,138,141.0,False,2014.5,2015.25
7848,675,658,s,138,147.0,False,2014.5,2016.75
7849,811,375,s,138,145.0,False,2014.5,2016.25
7850,287,132,l,138,154.0,True,2014.5,2018.5
7851,6,526,l,138,196.0,True,2014.5,2029.0
7852,41,196,s,139,142.0,False,2014.75,2015.5
7853,257,809,s,139,140.0,False,2014.75,2015.0
7854,316,230,s,139,140.0,False,2014.75,2015.0
7855,422,77,s,139,139.0,False,2014.75,2014.75
7856,429,423,s,139,142.0,False,2014.75,2015.5
7857,466,236,s,139,153.0,False,2014.75,2018.25
7858,539,650,s,139,141.0,False,2014.75,2015.25
7859,543,95,s,139,141.0,False,2014.75,2015.25
7860,546,526,s,139,139.0,False,2014.75,2014.75
7861,577,239,s,139,140.0,False,2014.75,2015.0
7862,610,309,s,139,142.0,False,2014.75,2015.5
7863,622,583,s,139,145.0,False,2014.75,2016.25
7864,6,139,s,139,143.0,False,2014.75,2015.75
7865,48,154,s,139,140.0,False,2014.75,2015.0
7866,71,522,s,139,148.0,False,2014.75,2017.0
7867,90,69,s,139,140.0,False,2014.75,2015.0
7868,121,189,s,139,151.0,False,2014.75,2017.75
7869,200,524,s,139,151.0,False,2014.75,2017.75
7870,235,180,s,139,147.0,False,2014.75,2016.75
7871,266,255,s,139,140.0,False,2014.75,2015.0
7872,367,497,s,139,140.0,False,2014.75,2015.0
7873,429,583,s,139,144.0,False,2014.75,2016.0
7874,466,430,s,139,144.0,False,2014.75,2016.0
7875,568,569,s,139,141.0,False,2014.75,2015.25
7876,652,283,s,139,141.0,False,2014.75,2015.25
7877,811,511,s,139,140.0,False,2014.75,2015.0
7878,402,694,s,139,140.0,False,2014.75,2015.0
7879,604,697,s,139,147.0,False,2014.75,2016.75
7880,586,643,s,139,141.0,False,2014.75,2015.25
7881,603,596,s,139,143.0,False,2014.75,2015.75
7882,570,600,s,139,143.0,False,2014.75,2015.75
7883,774,737,s,139,145.0,False,2014.75,2016.25
7884,757,712,s,139,147.0,False,2014.75,2016.75
7885,112,84,s,139,140.0,False,2014.75,2015.0
7886,855,613,s,139,141.0,False,2014.75,2015.25
7887,106,42,s,139,140.0,False,2014.75,2015.0
7888,696,743,s,139,140.0,False,2014.75,2015.0
7889,688,649,s,139,141.0,False,2014.75,2015.25
7890,659,638,s,139,142.0,False,2014.75,2015.5
7891,681,619,s,139,145.0,False,2014.75,2016.25
7892,626,768,s,139,143.0,False,2014.75,2015.75
7893,620,678,s,139,144.0,False,2014.75,2016.0
7894,645,636,s,139,140.0,False,2014.75,2015.0
7895,710,724,s,139,141.0,False,2014.75,2015.25
7896,706,726,s,139,141.0,False,2014.75,2015.25
7897,735,684,s,139,146.0,False,2014.75,2016.5
7898,718,507,s,139,143.0,False,2014.75,2015.75
7899,740,574,s,139,145.0,False,2014.75,2016.25
7900,34,512,s,139,143.0,False,2014.75,2015.75
7901,49,150,s,139,146.0,False,2014.75,2016.5
7902,64,175,s,139,141.0,False,2014.75,2015.25
7903,127,453,s,139,141.0,False,2014.75,2015.25
7904,167,445,s,139,140.0,False,2014.75,2015.0
7905,213,189,s,139,146.0,False,2014.75,2016.5
7906,266,514,s,139,149.0,False,2014.75,2017.25
7907,302,224,s,139,140.0,False,2014.75,2015.0
7908,316,843,s,139,142.0,False,2014.75,2015.5
7909,340,217,s,139,143.0,False,2014.75,2015.75
7910,358,423,s,139,140.0,False,2014.75,2015.0
7911,363,176,s,139,140.0,False,2014.75,2015.0
7912,466,189,s,139,151.0,False,2014.75,2017.75
7913,544,132,s,139,141.0,False,2014.75,2015.25
7914,546,189,s,139,140.0,False,2014.75,2015.0
7915,549,436,s,139,141.0,False,2014.75,2015.25
7916,106,239,l,139,156.0,True,2014.75,2019.0
7917,34,818,s,140,143.0,False,2015.0,2015.75
7918,41,339,s,140,145.0,False,2015.0,2016.25
7919,90,243,s,140,140.0,False,2015.0,2015.0
7920,113,517,s,140,146.0,False,2015.0,2016.5
7921,124,497,s,140,142.0,False,2015.0,2015.5
7922,141,274,s,140,141.0,False,2015.0,2015.25
7923,191,607,s,140,140.0,False,2015.0,2015.0
7924,213,339,s,140,152.0,False,2015.0,2018.0
7925,245,519,s,140,142.0,False,2015.0,2015.5
7926,302,418,s,140,141.0,False,2015.0,2015.25
7927,316,818,s,140,142.0,False,2015.0,2015.5
7928,323,180,s,140,144.0,False,2015.0,2016.0
7929,367,54,s,140,140.0,False,2015.0,2015.0
7930,388,137,s,140,148.0,False,2015.0,2017.0
7931,412,618,s,140,144.0,False,2015.0,2016.0
7932,450,307,s,140,143.0,False,2015.0,2015.75
7933,466,516,s,140,140.0,False,2015.0,2015.0
7934,466,520,s,140,147.0,False,2015.0,2016.75
7935,481,418,s,140,145.0,False,2015.0,2016.25
7936,502,607,s,140,142.0,False,2015.0,2015.5
7937,544,139,s,140,141.0,False,2015.0,2015.25
7938,548,42,s,140,142.0,False,2015.0,2015.5
7939,581,608,s,140,143.0,False,2015.0,2015.75
7940,620,583,s,140,142.0,False,2015.0,2015.5
7941,652,507,s,140,141.0,False,2015.0,2015.25
7942,681,600,s,140,144.0,False,2015.0,2016.0
7943,688,708,s,140,141.0,False,2015.0,2015.25
7944,690,643,s,140,142.0,False,2015.0,2015.5
7945,9,95,s,140,145.0,False,2015.0,2016.25
7946,41,61,s,140,145.0,False,2015.0,2016.25
7947,186,199,s,140,140.0,False,2015.0,2015.0
7948,213,517,s,140,141.0,False,2015.0,2015.25
7949,214,410,s,140,143.0,False,2015.0,2015.75
7950,235,423,s,140,142.0,False,2015.0,2015.5
7951,330,582,s,140,141.0,False,2015.0,2015.25
7952,367,486,s,140,145.0,False,2015.0,2016.25
7953,455,507,s,140,155.0,False,2015.0,2018.75
7954,480,608,s,140,145.0,False,2015.0,2016.25
7955,791,198,s,140,145.0,False,2015.0,2016.25
7956,791,304,s,140,143.0,False,2015.0,2015.75
7957,791,646,s,140,153.0,False,2015.0,2018.25
7958,34,508,s,140,143.0,False,2015.0,2015.75
7959,141,146,s,140,141.0,False,2015.0,2015.25
7960,152,888,s,140,141.0,False,2015.0,2015.25
7961,167,274,s,140,155.0,False,2015.0,2018.75
7962,200,82,s,140,143.0,False,2015.0,2015.75
7963,206,526,s,140,141.0,False,2015.0,2015.25
7964,213,608,s,140,144.0,False,2015.0,2016.0
7965,266,234,s,140,146.0,False,2015.0,2016.5
7966,285,307,s,140,141.0,False,2015.0,2015.25
7967,341,509,s,140,143.0,False,2015.0,2015.75
7968,367,80,s,140,145.0,False,2015.0,2016.25
7969,443,150,s,140,143.0,False,2015.0,2015.75
7970,540,582,s,140,143.0,False,2015.0,2015.75
7971,604,638,s,140,143.0,False,2015.0,2015.75
7972,644,574,s,140,144.0,False,2015.0,2016.0
7973,127,175,l,140,228.0,True,2015.0,2037.0
7974,546,375,l,140,196.0,True,2015.0,2029.0
7975,26,505,s,141,144.0,False,2015.25,2016.0
7976,26,646,s,141,145.0,False,2015.25,2016.25
7977,30,512,s,141,142.0,False,2015.25,2015.5
7978,79,498,s,141,148.0,False,2015.25,2017.0
7979,200,32,s,141,144.0,False,2015.25,2016.0
7980,203,293,s,141,141.0,False,2015.25,2015.25
7981,248,612,s,141,147.0,False,2015.25,2016.75
7982,290,375,s,141,141.0,False,2015.25,2015.25
7983,408,405,s,141,141.0,False,2015.25,2015.25
7984,540,24,s,141,145.0,False,2015.25,2016.25
7985,654,526,s,141,151.0,False,2015.25,2017.75
7986,654,613,s,141,141.0,False,2015.25,2015.25
7987,34,505,s,141,145.0,False,2015.25,2016.25
7988,64,582,s,141,148.0,False,2015.25,2017.0
7989,167,328,s,141,148.0,False,2015.25,2017.0
7990,172,509,s,141,143.0,False,2015.25,2015.75
7991,235,77,s,141,143.0,False,2015.25,2015.75
7992,241,15,s,141,143.0,False,2015.25,2015.75
7993,341,150,s,141,142.0,False,2015.25,2015.5
7994,358,469,s,141,142.0,False,2015.25,2015.5
7995,429,230,s,141,142.0,False,2015.25,2015.5
7996,543,423,s,141,142.0,False,2015.25,2015.5
7997,675,636,s,141,142.0,False,2015.25,2015.5
7998,747,708,s,141,148.0,False,2015.25,2017.0
7999,800,522,s,141,152.0,False,2015.25,2018.0
8000,11,479,s,141,143.0,False,2015.25,2015.75
8001,26,457,s,141,151.0,False,2015.25,2017.75
8002,64,339,s,141,147.0,False,2015.25,2016.75
8003,87,343,s,141,144.0,False,2015.25,2016.0
8004,127,321,s,141,143.0,False,2015.25,2015.75
8005,190,515,s,141,148.0,False,2015.25,2017.0
8006,195,154,s,141,146.0,False,2015.25,2016.5
8007,195,199,s,141,145.0,False,2015.25,2016.25
8008,316,888,s,141,150.0,False,2015.25,2017.5
8009,443,634,s,141,146.0,False,2015.25,2016.5
8010,540,75,s,141,146.0,False,2015.25,2016.5
8011,549,42,s,141,149.0,False,2015.25,2017.25
8012,652,649,s,141,148.0,False,2015.25,2017.0
8013,706,625,s,141,142.0,False,2015.25,2015.5
8014,715,658,s,141,142.0,False,2015.25,2015.5
8015,800,217,s,141,149.0,False,2015.25,2017.25
8016,94,321,l,141,220.0,True,2015.25,2035.0
8017,681,572,l,141,182.0,True,2015.25,2025.5
8018,9,515,s,142,143.0,False,2015.5,2015.75
8019,65,115,s,142,147.0,False,2015.5,2016.75
8020,88,529,s,142,149.0,False,2015.5,2017.25
8021,94,55,s,142,148.0,False,2015.5,2017.0
8022,94,498,s,142,143.0,False,2015.5,2015.75
8023,186,217,s,142,144.0,False,2015.5,2016.0
8024,245,222,s,142,151.0,False,2015.5,2017.75
8025,341,343,s,142,143.0,False,2015.5,2015.75
8026,396,222,s,142,145.0,False,2015.5,2016.25
8027,417,508,s,142,144.0,False,2015.5,2016.0
8028,466,132,s,142,148.0,False,2015.5,2017.0
8029,466,462,s,142,148.0,False,2015.5,2017.0
8030,481,375,s,142,147.0,False,2015.5,2016.75
8031,624,618,s,142,149.0,False,2015.5,2017.25
8032,34,569,s,142,144.0,False,2015.5,2016.0
8033,41,217,s,142,145.0,False,2015.5,2016.25
8034,172,515,s,142,143.0,False,2015.5,2015.75
8035,192,508,s,142,145.0,False,2015.5,2016.25
8036,192,612,s,142,146.0,False,2015.5,2016.5
8037,245,445,s,142,143.0,False,2015.5,2015.75
8038,358,509,s,142,148.0,False,2015.5,2017.0
8039,396,818,s,142,148.0,False,2015.5,2017.0
8040,429,175,s,142,144.0,False,2015.5,2016.0
8041,543,486,s,142,143.0,False,2015.5,2015.75
8042,547,154,s,142,152.0,False,2015.5,2018.0
8043,547,339,s,142,147.0,False,2015.5,2016.75
8044,627,283,s,142,143.0,False,2015.5,2015.75
8045,773,42,s,142,146.0,False,2015.5,2016.5
8046,6,888,s,142,143.0,False,2015.5,2015.75
8047,9,101,s,142,144.0,False,2015.5,2016.0
8048,48,247,s,142,146.0,False,2015.5,2016.5
8049,159,345,s,142,145.0,False,2015.5,2016.25
8050,172,154,s,142,143.0,False,2015.5,2015.75
8051,183,513,s,142,145.0,False,2015.5,2016.25
8052,202,139,s,142,145.0,False,2015.5,2016.25
8053,316,514,s,142,154.0,False,2015.5,2018.5
8054,332,509,s,142,147.0,False,2015.5,2016.75
8055,392,601,s,142,143.0,False,2015.5,2015.75
8056,402,146,s,142,145.0,False,2015.5,2016.25
8057,450,95,s,142,145.0,False,2015.5,2016.25
8058,481,61,s,142,146.0,False,2015.5,2016.5
8059,483,222,s,142,144.0,False,2015.5,2016.0
8060,639,591,s,142,146.0,False,2015.5,2016.5
8061,381,339,l,142,152.0,True,2015.5,2018.0
8062,6,199,l,142,208.0,True,2015.5,2032.0
8063,41,51,s,143,143.0,False,2015.75,2015.75
8064,41,418,s,143,144.0,False,2015.75,2016.0
8065,41,521,s,143,144.0,False,2015.75,2016.0
8066,64,503,s,143,148.0,False,2015.75,2017.0
8067,73,613,s,143,153.0,False,2015.75,2018.25
8068,79,307,s,143,143.0,False,2015.75,2015.75
8069,81,339,s,143,144.0,False,2015.75,2016.0
8070,121,217,s,143,144.0,False,2015.75,2016.0
8071,127,255,s,143,158.0,False,2015.75,2019.5
8072,159,596,s,143,148.0,False,2015.75,2017.0
8073,245,274,s,143,145.0,False,2015.75,2016.25
8074,396,129,s,143,149.0,False,2015.75,2017.25
8075,396,479,s,143,145.0,False,2015.75,2016.25
8076,402,628,s,143,143.0,False,2015.75,2015.75
8077,417,503,s,143,144.0,False,2015.75,2016.0
8078,549,289,s,143,145.0,False,2015.75,2016.25
8079,706,726,s,143,147.0,False,2015.75,2016.75
8080,811,517,s,143,146.0,False,2015.75,2016.5
8081,6,453,s,143,147.0,False,2015.75,2016.75
8082,34,453,s,143,152.0,False,2015.75,2018.0
8083,65,888,s,143,143.0,False,2015.75,2015.75
8084,90,503,s,143,157.0,False,2015.75,2019.25
8085,94,423,s,143,143.0,False,2015.75,2015.75
8086,241,569,s,143,148.0,False,2015.75,2017.0
8087,294,522,s,143,150.0,False,2015.75,2017.5
8088,295,582,s,143,144.0,False,2015.75,2016.0
8089,315,321,s,143,144.0,False,2015.75,2016.0
8090,336,418,s,143,144.0,False,2015.75,2016.0
8091,357,503,s,143,146.0,False,2015.75,2016.5
8092,358,101,s,143,143.0,False,2015.75,2015.75
8093,402,708,s,143,143.0,False,2015.75,2015.75
8094,493,222,s,143,155.0,False,2015.75,2018.75
8095,539,582,s,143,149.0,False,2015.75,2017.25
8096,609,605,s,143,146.0,False,2015.75,2016.5
8097,624,583,s,143,149.0,False,2015.75,2017.25
8098,651,583,s,143,148.0,False,2015.75,2017.0
8099,741,646,s,143,150.0,False,2015.75,2017.5
8100,827,809,s,143,144.0,False,2015.75,2016.0
8101,715,668,s,143,144.0,False,2015.75,2016.0
8102,745,621,s,143,146.0,False,2015.75,2016.5
8103,753,643,s,143,145.0,False,2015.75,2016.25
8104,543,243,s,143,144.0,False,2015.75,2016.0
8105,427,705,s,143,146.0,False,2015.75,2016.5
8106,205,694,s,143,144.0,False,2015.75,2016.0
8107,303,585,s,143,144.0,False,2015.75,2016.0
8108,311,465,s,143,144.0,False,2015.75,2016.0
8109,484,852,s,143,148.0,False,2015.75,2017.0
8110,197,872,s,143,150.0,False,2015.75,2017.5
8111,629,762,s,143,153.0,False,2015.75,2018.25
8112,663,724,s,143,144.0,False,2015.75,2016.0
8113,662,758,s,143,153.0,False,2015.75,2018.25
8114,703,853,s,143,144.0,False,2015.75,2016.0
8115,35,528,s,143,147.0,False,2015.75,2016.75
8116,26,423,s,143,148.0,False,2015.75,2017.0
8117,65,514,s,143,152.0,False,2015.75,2018.0
8118,71,437,s,143,149.0,False,2015.75,2017.25
8119,113,430,s,143,145.0,False,2015.75,2016.25
8120,124,888,s,143,148.0,False,2015.75,2017.0
8121,213,154,s,143,152.0,False,2015.75,2018.0
8122,213,591,s,143,144.0,False,2015.75,2016.0
8123,235,54,s,143,146.0,False,2015.75,2016.5
8124,235,189,s,143,150.0,False,2015.75,2017.5
8125,248,569,s,143,150.0,False,2015.75,2017.5
8126,341,418,s,143,146.0,False,2015.75,2016.5
8127,358,189,s,143,145.0,False,2015.75,2016.25
8128,367,175,s,143,144.0,False,2015.75,2016.0
8129,466,479,s,143,147.0,False,2015.75,2016.75
8130,740,503,s,143,144.0,False,2015.75,2016.0
8131,262,619,l,143,179.0,True,2015.75,2024.75
8132,41,523,s,144,145.0,False,2016.0,2016.25
8133,141,818,s,144,148.0,False,2016.0,2017.0
8134,159,508,s,144,146.0,False,2016.0,2016.5
8135,159,664,s,144,147.0,False,2016.0,2016.75
8136,195,520,s,144,146.0,False,2016.0,2016.5
8137,203,469,s,144,144.0,False,2016.0,2016.0
8138,295,345,s,144,144.0,False,2016.0,2016.0
8139,358,293,s,144,148.0,False,2016.0,2017.0
8140,396,272,s,144,147.0,False,2016.0,2016.75
8141,414,243,s,144,147.0,False,2016.0,2016.75
8142,422,469,s,144,146.0,False,2016.0,2016.5
8143,443,694,s,144,147.0,False,2016.0,2016.75
8144,455,591,s,144,154.0,False,2016.0,2018.5
8145,546,284,s,144,144.0,False,2016.0,2016.0
8146,547,375,s,144,151.0,False,2016.0,2017.75
8147,549,115,s,144,146.0,False,2016.0,2016.5
8148,624,608,s,144,144.0,False,2016.0,2016.0
8149,624,619,s,144,144.0,False,2016.0,2016.0
8150,676,712,s,144,145.0,False,2016.0,2016.25
8151,741,457,s,144,147.0,False,2016.0,2016.75
8152,741,852,s,144,145.0,False,2016.0,2016.25
8153,745,708,s,144,146.0,False,2016.0,2016.5
8154,800,139,s,144,147.0,False,2016.0,2016.75
8155,811,423,s,144,166.0,False,2016.0,2021.5
8156,9,516,s,144,153.0,False,2016.0,2018.25
8157,26,601,s,144,146.0,False,2016.0,2016.5
8158,41,139,s,144,154.0,False,2016.0,2018.5
8159,67,637,s,144,155.0,False,2016.0,2018.75
8160,117,522,s,144,145.0,False,2016.0,2016.25
8161,121,439,s,144,148.0,False,2016.0,2017.0
8162,127,650,s,144,145.0,False,2016.0,2016.25
8163,172,15,s,144,158.0,False,2016.0,2019.5
8164,341,61,s,144,158.0,False,2016.0,2019.5
8165,357,582,s,144,144.0,False,2016.0,2016.0
8166,358,486,s,144,149.0,False,2016.0,2017.25
8167,406,514,s,144,148.0,False,2016.0,2017.0
8168,444,453,s,144,147.0,False,2016.0,2016.75
8169,549,524,s,144,146.0,False,2016.0,2016.5
8170,581,423,s,144,146.0,False,2016.0,2016.5
8171,593,658,s,144,144.0,False,2016.0,2016.0
8172,609,569,s,144,145.0,False,2016.0,2016.25
8173,676,684,s,144,152.0,False,2016.0,2018.0
8174,49,498,s,144,145.0,False,2016.0,2016.25
8175,64,69,s,144,145.0,False,2016.0,2016.25
8176,81,430,s,144,145.0,False,2016.0,2016.25
8177,94,469,s,144,152.0,False,2016.0,2018.0
8178,172,343,s,144,151.0,False,2016.0,2017.75
8179,190,339,s,144,152.0,False,2016.0,2018.0
8180,203,582,s,144,148.0,False,2016.0,2017.0
8181,266,872,s,144,145.0,False,2016.0,2016.25
8182,291,399,s,144,146.0,False,2016.0,2016.5
8183,305,498,s,144,149.0,False,2016.0,2017.25
8184,388,232,s,144,148.0,False,2016.0,2017.0
8185,429,224,s,144,146.0,False,2016.0,2016.5
8186,450,328,s,144,145.0,False,2016.0,2016.25
8187,484,508,s,144,145.0,False,2016.0,2016.25
8188,493,230,s,144,146.0,False,2016.0,2016.5
8189,543,506,s,144,149.0,False,2016.0,2017.25
8190,588,339,s,144,148.0,False,2016.0,2017.0
8191,627,591,s,144,145.0,False,2016.0,2016.25
8192,660,625,s,144,146.0,False,2016.0,2016.5
8193,690,619,s,144,149.0,False,2016.0,2017.25
8194,716,697,s,144,147.0,False,2016.0,2016.75
8195,747,637,s,144,145.0,False,2016.0,2016.25
8196,791,75,s,144,155.0,False,2016.0,2018.75
8197,9,339,l,144,152.0,True,2016.0,2018.0
8198,667,628,l,144,,True,2016.0,
8199,71,217,l,144,232.0,True,2016.0,2038.0
8200,127,818,l,144,228.0,True,2016.0,2037.0
8201,26,503,s,145,151.0,False,2016.25,2017.75
8202,41,146,s,145,149.0,False,2016.25,2017.25
8203,41,343,s,145,150.0,False,2016.25,2017.5
8204,64,508,s,145,146.0,False,2016.25,2016.5
8205,79,621,s,145,150.0,False,2016.25,2017.5
8206,213,423,s,145,146.0,False,2016.25,2016.5
8207,294,453,s,145,155.0,False,2016.25,2018.75
8208,295,180,s,145,146.0,False,2016.25,2016.5
8209,313,82,s,145,147.0,False,2016.25,2016.75
8210,357,274,s,145,152.0,False,2016.25,2018.0
8211,363,439,s,145,146.0,False,2016.25,2016.5
8212,391,888,s,145,146.0,False,2016.25,2016.5
8213,392,569,s,145,150.0,False,2016.25,2017.5
8214,396,154,s,145,148.0,False,2016.25,2017.0
8215,396,524,s,145,149.0,False,2016.25,2017.25
8216,417,712,s,145,147.0,False,2016.25,2016.75
8217,490,69,s,145,149.0,False,2016.25,2017.25
8218,581,596,s,145,148.0,False,2016.25,2017.0
8219,753,649,s,145,148.0,False,2016.25,2017.0
8220,0,613,s,145,146.0,False,2016.25,2016.5
8221,12,529,s,145,155.0,False,2016.25,2018.75
8222,26,508,s,145,153.0,False,2016.25,2018.25
8223,65,517,s,145,146.0,False,2016.25,2016.5
8224,81,175,s,145,149.0,False,2016.25,2017.25
8225,94,189,s,145,162.0,False,2016.25,2020.5
8226,195,284,s,145,155.0,False,2016.25,2018.75
8227,213,175,s,145,148.0,False,2016.25,2017.0
8228,242,137,s,145,147.0,False,2016.25,2016.75
8229,288,196,s,145,146.0,False,2016.25,2016.5
8230,290,512,s,145,147.0,False,2016.25,2016.75
8231,311,150,s,145,147.0,False,2016.25,2016.75
8232,341,601,s,145,151.0,False,2016.25,2017.75
8233,358,399,s,145,146.0,False,2016.25,2016.5
8234,378,236,s,145,148.0,False,2016.25,2017.0
8235,378,375,s,145,149.0,False,2016.25,2017.25
8236,466,256,s,145,148.0,False,2016.25,2017.0
8237,609,612,s,145,145.0,False,2016.25,2016.25
8238,676,650,s,145,146.0,False,2016.25,2016.5
8239,706,678,s,145,146.0,False,2016.25,2016.5
8240,735,605,s,145,147.0,False,2016.25,2016.75
8241,864,664,s,145,148.0,False,2016.25,2017.0
8242,49,462,s,145,146.0,False,2016.25,2016.5
8243,81,150,s,145,163.0,False,2016.25,2020.75
8244,87,646,s,145,146.0,False,2016.25,2016.5
8245,192,457,s,145,147.0,False,2016.25,2016.75
8246,203,198,s,145,147.0,False,2016.25,2016.75
8247,206,353,s,145,153.0,False,2016.25,2018.25
8248,245,272,s,145,151.0,False,2016.25,2017.75
8249,248,284,s,145,146.0,False,2016.25,2016.5
8250,358,329,s,145,146.0,False,2016.25,2016.5
8251,378,139,s,145,146.0,False,2016.25,2016.5
8252,427,95,s,145,150.0,False,2016.25,2017.5
8253,540,508,s,145,146.0,False,2016.25,2016.5
8254,546,418,s,145,151.0,False,2016.25,2017.75
8255,586,573,s,145,146.0,False,2016.25,2016.5
8256,627,625,s,145,150.0,False,2016.25,2017.5
8257,652,234,s,145,146.0,False,2016.25,2016.5
8258,663,628,s,145,149.0,False,2016.25,2017.25
8259,667,605,s,145,147.0,False,2016.25,2016.75
8260,864,569,s,145,152.0,False,2016.25,2018.0
8261,305,82,l,145,,True,2016.25,
8262,744,694,l,145,223.0,True,2016.25,2035.75
8263,41,819,l,145,204.0,True,2016.25,2031.0
8264,49,410,s,146,147.0,False,2016.5,2016.75
8265,71,133,s,146,147.0,False,2016.5,2016.75
8266,127,293,s,146,148.0,False,2016.5,2017.0
8267,190,517,s,146,157.0,False,2016.5,2019.25
8268,241,582,s,146,150.0,False,2016.5,2017.5
8269,291,283,s,146,153.0,False,2016.5,2018.25
8270,302,146,s,146,148.0,False,2016.5,2017.0
8271,326,239,s,146,151.0,False,2016.5,2017.75
8272,429,512,s,146,148.0,False,2016.5,2017.0
8273,490,283,s,146,146.0,False,2016.5,2016.5
8274,653,255,s,146,146.0,False,2016.5,2016.5
8275,741,712,s,146,150.0,False,2016.5,2017.5
8276,6,515,s,146,147.0,False,2016.5,2016.75
8277,41,133,s,146,152.0,False,2016.5,2018.0
8278,81,843,s,146,149.0,False,2016.5,2017.25
8279,113,515,s,146,148.0,False,2016.5,2017.0
8280,124,818,s,146,148.0,False,2016.5,2017.0
8281,192,591,s,146,147.0,False,2016.5,2016.75
8282,444,852,s,146,151.0,False,2016.5,2017.75
8283,502,573,s,146,146.0,False,2016.5,2016.5
8284,571,321,s,146,147.0,False,2016.5,2016.75
8285,571,897,s,146,147.0,False,2016.5,2016.75
8286,716,646,s,146,147.0,False,2016.5,2016.75
8287,30,146,s,146,150.0,False,2016.5,2017.5
8288,34,243,s,146,154.0,False,2016.5,2018.5
8289,34,296,s,146,151.0,False,2016.5,2017.75
8290,64,399,s,146,149.0,False,2016.5,2017.25
8291,141,217,s,146,154.0,False,2016.5,2018.5
8292,161,508,s,146,159.0,False,2016.5,2019.75
8293,190,224,s,146,151.0,False,2016.5,2017.75
8294,202,133,s,146,147.0,False,2016.5,2016.75
8295,290,339,s,146,148.0,False,2016.5,2017.0
8296,313,457,s,146,147.0,False,2016.5,2016.75
8297,332,61,s,146,153.0,False,2016.5,2018.25
8298,417,707,s,146,152.0,False,2016.5,2018.0
8299,466,872,s,146,150.0,False,2016.5,2017.5
8300,483,479,s,146,148.0,False,2016.5,2017.0
8301,502,619,s,146,151.0,False,2016.5,2017.75
8302,595,600,s,146,149.0,False,2016.5,2017.25
8303,675,724,s,146,150.0,False,2016.5,2017.5
8304,730,618,s,146,149.0,False,2016.5,2017.25
8305,856,136,s,146,148.0,False,2016.5,2017.0
8306,363,198,l,146,204.0,True,2016.5,2031.0
8307,248,15,l,146,,True,2016.5,
8308,26,617,s,147,152.0,False,2016.75,2018.0
8309,67,608,s,147,151.0,False,2016.75,2017.75
8310,161,517,s,147,149.0,False,2016.75,2017.25
8311,192,573,s,147,150.0,False,2016.75,2017.5
8312,203,509,s,147,149.0,False,2016.75,2017.25
8313,295,650,s,147,150.0,False,2016.75,2017.5
8314,323,217,s,147,148.0,False,2016.75,2017.0
8315,392,24,s,147,151.0,False,2016.75,2017.75
8316,466,77,s,147,152.0,False,2016.75,2018.0
8317,466,239,s,147,156.0,False,2016.75,2019.0
8318,466,405,s,147,160.0,False,2016.75,2020.0
8319,483,453,s,147,148.0,False,2016.75,2017.0
8320,540,505,s,147,147.0,False,2016.75,2016.75
8321,568,418,s,147,147.0,False,2016.75,2016.75
8322,571,601,s,147,160.0,False,2016.75,2020.0
8323,652,198,s,147,151.0,False,2016.75,2017.75
8324,744,596,s,147,149.0,False,2016.75,2017.25
8325,30,154,s,147,149.0,False,2016.75,2017.25
8326,65,515,s,147,148.0,False,2016.75,2017.0
8327,81,55,s,147,153.0,False,2016.75,2018.25
8328,81,345,s,147,148.0,False,2016.75,2017.0
8329,81,437,s,147,155.0,False,2016.75,2018.75
8330,102,239,s,147,148.0,False,2016.75,2017.0
8331,192,572,s,147,152.0,False,2016.75,2018.0
8332,213,522,s,147,150.0,False,2016.75,2017.5
8333,241,77,s,147,150.0,False,2016.75,2017.5
8334,266,453,s,147,156.0,False,2016.75,2019.0
8335,305,15,s,147,149.0,False,2016.75,2017.25
8336,341,224,s,147,150.0,False,2016.75,2017.5
8337,378,445,s,147,148.0,False,2016.75,2017.0
8338,450,189,s,147,147.0,False,2016.75,2016.75
8339,455,572,s,147,152.0,False,2016.75,2018.0
8340,540,612,s,147,149.0,False,2016.75,2017.25
8341,540,650,s,147,151.0,False,2016.75,2017.75
8342,545,523,s,147,148.0,False,2016.75,2017.0
8343,609,503,s,147,158.0,False,2016.75,2019.5
8344,639,283,s,147,153.0,False,2016.75,2018.25
8345,642,678,s,147,148.0,False,2016.75,2017.0
8346,780,445,s,147,150.0,False,2016.75,2017.5
8347,856,217,s,147,148.0,False,2016.75,2017.0
8348,701,683,s,147,149.0,False,2016.75,2017.25
8349,706,630,s,147,154.0,False,2016.75,2018.5
8350,731,808,s,147,151.0,False,2016.75,2017.75
8351,550,96,s,147,149.0,False,2016.75,2017.25
8352,755,685,s,147,153.0,False,2016.75,2018.25
8353,757,658,s,147,151.0,False,2016.75,2017.75
8354,645,679,s,147,152.0,False,2016.75,2018.0
8355,659,661,s,147,152.0,False,2016.75,2018.0
8356,660,585,s,147,154.0,False,2016.75,2018.5
8357,666,409,s,147,155.0,False,2016.75,2018.75
8358,672,99,s,147,149.0,False,2016.75,2017.25
8359,35,853,s,147,148.0,False,2016.75,2017.0
8360,367,513,s,147,149.0,False,2016.75,2017.25
8361,402,668,s,147,149.0,False,2016.75,2017.25
8362,443,574,s,147,150.0,False,2016.75,2017.5
8363,204,432,s,147,151.0,False,2016.75,2017.75
8364,771,763,s,147,151.0,False,2016.75,2017.75
8365,36,137,s,147,148.0,False,2016.75,2017.0
8366,113,418,s,147,152.0,False,2016.75,2018.0
8367,161,843,s,147,155.0,False,2016.75,2018.75
8368,186,33,s,147,152.0,False,2016.75,2018.0
8369,203,628,s,147,156.0,False,2016.75,2019.0
8370,241,296,s,147,151.0,False,2016.75,2017.75
8371,245,343,s,147,150.0,False,2016.75,2017.5
8372,261,607,s,147,149.0,False,2016.75,2017.25
8373,305,154,s,147,148.0,False,2016.75,2017.0
8374,341,512,s,147,149.0,False,2016.75,2017.25
8375,417,596,s,147,149.0,False,2016.75,2017.25
8376,460,199,s,147,153.0,False,2016.75,2018.25
8377,460,457,s,147,149.0,False,2016.75,2017.25
8378,493,389,s,147,149.0,False,2016.75,2017.25
8379,652,573,s,147,165.0,False,2016.75,2021.25
8380,681,409,s,147,151.0,False,2016.75,2017.75
8381,811,618,s,147,149.0,False,2016.75,2017.25
8382,205,596,l,147,,True,2016.75,
8383,48,328,l,147,224.0,True,2016.75,2036.0
8384,203,75,l,147,217.0,True,2016.75,2034.25
8385,6,249,s,148,150.0,False,2017.0,2017.5
8386,49,139,s,148,158.0,False,2017.0,2019.5
8387,53,453,s,148,151.0,False,2017.0,2017.75
8388,119,136,s,148,148.0,False,2017.0,2017.0
8389,205,569,s,148,149.0,False,2017.0,2017.25
8390,235,819,s,148,149.0,False,2017.0,2017.25
8391,330,82,s,148,148.0,False,2017.0,2017.0
8392,378,196,s,148,151.0,False,2017.0,2017.75
8393,429,222,s,148,149.0,False,2017.0,2017.25
8394,450,457,s,148,153.0,False,2017.0,2018.25
8395,543,304,s,148,153.0,False,2017.0,2018.25
8396,629,573,s,148,150.0,False,2017.0,2017.5
8397,644,612,s,148,156.0,False,2017.0,2019.0
8398,740,664,s,148,152.0,False,2017.0,2018.0
8399,41,347,s,148,151.0,False,2017.0,2017.75
8400,64,457,s,148,151.0,False,2017.0,2017.75
8401,90,399,s,148,149.0,False,2017.0,2017.25
8402,94,503,s,148,153.0,False,2017.0,2018.25
8403,124,230,s,148,149.0,False,2017.0,2017.25
8404,127,224,s,148,152.0,False,2017.0,2018.0
8405,186,208,s,148,149.0,False,2017.0,2017.25
8406,202,217,s,148,151.0,False,2017.0,2017.75
8407,202,423,s,148,151.0,False,2017.0,2017.75
8408,285,345,s,148,150.0,False,2017.0,2017.5
8409,311,596,s,148,150.0,False,2017.0,2017.5
8410,341,573,s,148,150.0,False,2017.0,2017.5
8411,360,608,s,148,163.0,False,2017.0,2020.75
8412,363,418,s,148,153.0,False,2017.0,2018.25
8413,408,105,s,148,149.0,False,2017.0,2017.25
8414,422,95,s,148,151.0,False,2017.0,2017.75
8415,543,224,s,148,149.0,False,2017.0,2017.25
8416,543,418,s,148,150.0,False,2017.0,2017.5
8417,602,591,s,148,154.0,False,2017.0,2018.5
8418,623,283,s,148,153.0,False,2017.0,2018.25
8419,864,503,s,148,149.0,False,2017.0,2017.25
8420,11,101,s,148,154.0,False,2017.0,2018.5
8421,71,115,s,148,149.0,False,2017.0,2017.25
8422,186,329,s,148,149.0,False,2017.0,2017.25
8423,197,573,s,148,155.0,False,2017.0,2018.75
8424,206,110,s,148,156.0,False,2017.0,2019.0
8425,242,512,s,148,151.0,False,2017.0,2017.75
8426,340,293,s,148,151.0,False,2017.0,2017.75
8427,363,511,s,148,158.0,False,2017.0,2019.5
8428,429,95,s,148,151.0,False,2017.0,2017.75
8429,483,304,s,148,154.0,False,2017.0,2018.5
8430,502,637,s,148,151.0,False,2017.0,2017.75
8431,549,888,s,148,150.0,False,2017.0,2017.5
8432,571,247,s,148,149.0,False,2017.0,2017.25
8433,593,345,s,148,151.0,False,2017.0,2017.75
8434,681,708,s,148,150.0,False,2017.0,2017.5
8435,611,591,l,148,,True,2017.0,
8436,34,507,s,149,156.0,False,2017.25,2019.0
8437,41,61,s,149,157.0,False,2017.25,2019.25
8438,81,519,s,149,154.0,False,2017.25,2018.5
8439,167,189,s,149,152.0,False,2017.25,2018.0
8440,169,905,s,149,155.0,False,2017.25,2018.75
8441,190,133,s,149,150.0,False,2017.25,2017.5
8442,192,345,s,149,152.0,False,2017.25,2018.0
8443,202,189,s,149,161.0,False,2017.25,2020.25
8444,204,569,s,149,149.0,False,2017.25,2017.25
8445,266,243,s,149,154.0,False,2017.25,2018.5
8446,291,75,s,149,151.0,False,2017.25,2017.75
8447,305,75,s,149,157.0,False,2017.25,2019.25
8448,323,430,s,149,151.0,False,2017.25,2017.75
8449,340,508,s,149,156.0,False,2017.25,2019.0
8450,378,808,s,149,160.0,False,2017.25,2020.0
8451,629,668,s,149,151.0,False,2017.25,2017.75
8452,639,619,s,149,150.0,False,2017.25,2017.5
8453,651,637,s,149,152.0,False,2017.25,2018.0
8454,662,612,s,149,149.0,False,2017.25,2017.25
8455,791,82,s,149,150.0,False,2017.25,2017.5
8456,6,498,s,149,156.0,False,2017.25,2019.0
8457,46,508,s,149,150.0,False,2017.25,2017.5
8458,141,445,s,149,149.0,False,2017.25,2017.25
8459,172,95,s,149,152.0,False,2017.25,2018.0
8460,192,498,s,149,154.0,False,2017.25,2018.5
8461,216,69,s,149,158.0,False,2017.25,2019.5
8462,241,15,s,149,151.0,False,2017.25,2017.75
8463,242,133,s,149,162.0,False,2017.25,2020.5
8464,262,15,s,149,164.0,False,2017.25,2021.0
8465,266,77,s,149,150.0,False,2017.25,2017.5
8466,285,82,s,149,155.0,False,2017.25,2018.75
8467,302,339,s,149,152.0,False,2017.25,2018.0
8468,323,239,s,149,150.0,False,2017.25,2017.5
8469,330,574,s,149,156.0,False,2017.25,2019.0
8470,357,82,s,149,154.0,False,2017.25,2018.5
8471,358,101,s,149,149.0,False,2017.25,2017.25
8472,363,375,s,149,158.0,False,2017.25,2019.5
8473,381,819,s,149,167.0,False,2017.25,2021.75
8474,396,423,s,149,155.0,False,2017.25,2018.75
8475,427,724,s,149,151.0,False,2017.25,2017.75
8476,450,293,s,149,150.0,False,2017.25,2017.5
8477,455,445,s,149,154.0,False,2017.25,2018.5
8478,481,154,s,149,152.0,False,2017.25,2018.0
8479,540,77,s,149,153.0,False,2017.25,2018.25
8480,586,507,s,149,150.0,False,2017.25,2017.5
8481,624,637,s,149,161.0,False,2017.25,2020.25
8482,629,679,s,149,154.0,False,2017.25,2018.5
8483,663,649,s,149,149.0,False,2017.25,2017.25
8484,735,697,s,149,161.0,False,2017.25,2020.25
8485,741,590,s,149,152.0,False,2017.25,2018.0
8486,757,684,s,149,152.0,False,2017.25,2018.0
8487,811,345,s,149,150.0,False,2017.25,2017.5
8488,26,596,s,149,153.0,False,2017.25,2018.25
8489,41,445,s,149,153.0,False,2017.25,2018.25
8490,48,198,s,149,152.0,False,2017.25,2018.0
8491,64,82,s,149,154.0,False,2017.25,2018.5
8492,64,418,s,149,153.0,False,2017.25,2018.25
8493,64,605,s,149,152.0,False,2017.25,2018.0
8494,127,375,s,149,152.0,False,2017.25,2018.0
8495,305,230,s,149,155.0,False,2017.25,2018.75
8496,315,234,s,149,150.0,False,2017.25,2017.5
8497,330,508,s,149,150.0,False,2017.25,2017.5
8498,466,462,s,149,152.0,False,2017.25,2018.0
8499,545,61,s,149,155.0,False,2017.25,2018.75
8500,571,582,s,149,151.0,False,2017.25,2017.75
8501,604,617,s,149,151.0,False,2017.25,2017.75
8502,623,612,s,149,151.0,False,2017.25,2017.75
8503,690,600,s,149,162.0,False,2017.25,2020.5
8504,741,637,s,149,153.0,False,2017.25,2018.25
8505,53,517,l,149,159.0,True,2017.25,2019.75
8506,381,217,l,149,191.0,True,2017.25,2027.75
8507,36,42,s,150,160.0,False,2017.5,2020.0
8508,119,529,s,150,150.0,False,2017.5,2017.5
8509,172,430,s,150,157.0,False,2017.5,2019.25
8510,195,110,s,150,154.0,False,2017.5,2018.5
8511,205,409,s,150,153.0,False,2017.5,2018.25
8512,235,101,s,150,152.0,False,2017.5,2018.0
8513,241,612,s,150,150.0,False,2017.5,2017.5
8514,242,498,s,150,150.0,False,2017.5,2017.5
8515,295,61,s,150,154.0,False,2017.5,2018.5
8516,295,375,s,150,156.0,False,2017.5,2019.0
8517,313,82,s,150,150.0,False,2017.5,2017.5
8518,323,418,s,150,157.0,False,2017.5,2019.25
8519,360,469,s,150,150.0,False,2017.5,2017.5
8520,406,189,s,150,155.0,False,2017.5,2018.75
8521,422,32,s,150,152.0,False,2017.5,2018.0
8522,466,527,s,150,156.0,False,2017.5,2019.0
8523,493,198,s,150,151.0,False,2017.5,2017.75
8524,493,520,s,150,157.0,False,2017.5,2019.25
8525,595,596,s,150,159.0,False,2017.5,2019.75
8526,609,617,s,150,152.0,False,2017.5,2018.0
8527,610,708,s,150,166.0,False,2017.5,2021.5
8528,741,619,s,150,151.0,False,2017.5,2017.75
8529,47,582,s,150,151.0,False,2017.5,2017.75
8530,87,608,s,150,156.0,False,2017.5,2019.0
8531,127,69,s,150,154.0,False,2017.5,2018.5
8532,169,574,s,150,156.0,False,2017.5,2019.0
8533,190,375,s,150,152.0,False,2017.5,2018.0
8534,200,272,s,150,154.0,False,2017.5,2018.5
8535,235,198,s,150,152.0,False,2017.5,2018.0
8536,241,607,s,150,151.0,False,2017.5,2017.75
8537,363,55,s,150,155.0,False,2017.5,2018.75
8538,466,154,s,150,154.0,False,2017.5,2018.5
8539,466,437,s,150,152.0,False,2017.5,2018.0
8540,483,234,s,150,152.0,False,2017.5,2018.0
8541,543,189,s,150,153.0,False,2017.5,2018.25
8542,588,146,s,150,162.0,False,2017.5,2020.5
8543,675,897,s,150,157.0,False,2017.5,2019.25
8544,690,694,s,150,160.0,False,2017.5,2020.0
8545,740,572,s,150,154.0,False,2017.5,2018.5
8546,741,509,s,150,157.0,False,2017.5,2019.25
8547,64,517,s,150,151.0,False,2017.5,2017.75
8548,90,498,s,150,151.0,False,2017.5,2017.75
8549,121,55,s,150,151.0,False,2017.5,2017.75
8550,197,430,s,150,153.0,False,2017.5,2018.25
8551,204,608,s,150,159.0,False,2017.5,2019.75
8552,213,150,s,150,151.0,False,2017.5,2017.75
8553,295,508,s,150,153.0,False,2017.5,2018.25
8554,315,15,s,150,151.0,False,2017.5,2017.75
8555,323,189,s,150,151.0,False,2017.5,2017.75
8556,466,101,s,150,153.0,False,2017.5,2018.25
8557,490,293,s,150,153.0,False,2017.5,2018.25
8558,540,196,s,150,153.0,False,2017.5,2018.25
8559,550,888,s,150,153.0,False,2017.5,2018.25
8560,568,637,s,150,153.0,False,2017.5,2018.25
8561,645,664,s,150,151.0,False,2017.5,2017.75
8562,41,520,s,151,156.0,False,2017.75,2019.0
8563,46,345,s,151,154.0,False,2017.75,2018.5
8564,46,469,s,151,152.0,False,2017.75,2018.0
8565,49,591,s,151,151.0,False,2017.75,2017.75
8566,67,198,s,151,160.0,False,2017.75,2020.0
8567,190,296,s,151,151.0,False,2017.75,2017.75
8568,200,230,s,151,154.0,False,2017.75,2018.5
8569,242,809,s,151,156.0,False,2017.75,2019.0
8570,305,582,s,151,152.0,False,2017.75,2018.0
8571,357,24,s,151,161.0,False,2017.75,2020.25
8572,378,514,s,151,158.0,False,2017.75,2019.5
8573,396,437,s,151,154.0,False,2017.75,2018.5
8574,466,243,s,151,155.0,False,2017.75,2018.75
8575,466,514,s,151,153.0,False,2017.75,2018.25
8576,466,516,s,151,159.0,False,2017.75,2019.75
8577,595,591,s,151,153.0,False,2017.75,2018.25
8578,675,646,s,151,153.0,False,2017.75,2018.25
8579,780,33,s,151,152.0,False,2017.75,2018.0
8580,811,399,s,151,151.0,False,2017.75,2017.75
8581,41,888,s,151,155.0,False,2017.75,2018.75
8582,46,506,s,151,156.0,False,2017.75,2019.0
8583,67,591,s,151,153.0,False,2017.75,2018.25
8584,81,457,s,151,155.0,False,2017.75,2018.75
8585,127,389,s,151,160.0,False,2017.75,2020.0
8586,192,905,s,151,152.0,False,2017.75,2018.0
8587,195,42,s,151,160.0,False,2017.75,2020.0
8588,200,418,s,151,160.0,False,2017.75,2020.0
8589,248,585,s,151,156.0,False,2017.75,2019.0
8590,266,196,s,151,158.0,False,2017.75,2019.5
8591,294,445,s,151,154.0,False,2017.75,2018.5
8592,313,418,s,151,155.0,False,2017.75,2018.75
8593,443,343,s,151,153.0,False,2017.75,2018.25
8594,466,498,s,151,156.0,False,2017.75,2019.0
8595,490,243,s,151,161.0,False,2017.75,2020.25
8596,490,513,s,151,153.0,False,2017.75,2018.25
8597,539,569,s,151,154.0,False,2017.75,2018.5
8598,644,255,s,151,151.0,False,2017.75,2017.75
8599,644,678,s,151,152.0,False,2017.75,2018.0
8600,755,756,s,151,151.0,False,2017.75,2017.75
8601,594,677,s,151,154.0,False,2017.75,2018.5
8602,622,636,s,151,160.0,False,2017.75,2020.0
8603,774,736,s,151,152.0,False,2017.75,2018.0
8604,777,724,s,151,157.0,False,2017.75,2019.25
8605,648,680,s,151,156.0,False,2017.75,2019.0
8606,124,84,s,151,153.0,False,2017.75,2018.25
8607,549,407,s,151,154.0,False,2017.75,2018.5
8608,584,692,s,151,155.0,False,2017.75,2018.75
8609,504,173,s,151,159.0,False,2017.75,2019.75
8610,570,510,s,151,158.0,False,2017.75,2019.5
8611,729,796,s,151,155.0,False,2017.75,2018.75
8612,102,3,s,151,153.0,False,2017.75,2018.25
8613,157,120,s,151,153.0,False,2017.75,2018.25
8614,53,574,s,151,153.0,False,2017.75,2018.25
8615,94,453,s,151,165.0,False,2017.75,2021.25
8616,113,407,s,151,155.0,False,2017.75,2018.75
8617,119,208,s,151,156.0,False,2017.75,2019.0
8618,214,582,s,151,153.0,False,2017.75,2018.25
8619,241,418,s,151,154.0,False,2017.75,2018.5
8620,266,95,s,151,154.0,False,2017.75,2018.5
8621,323,243,s,151,154.0,False,2017.75,2018.5
8622,332,607,s,151,152.0,False,2017.75,2018.0
8623,360,234,s,151,158.0,False,2017.75,2019.5
8624,360,605,s,151,154.0,False,2017.75,2018.5
8625,392,55,s,151,153.0,False,2017.75,2018.25
8626,466,24,s,151,152.0,False,2017.75,2018.0
8627,543,217,s,151,152.0,False,2017.75,2018.0
8628,543,513,s,151,158.0,False,2017.75,2019.5
8629,709,637,s,151,152.0,False,2017.75,2018.0
8630,811,230,s,151,153.0,False,2017.75,2018.25
8631,161,180,l,151,172.0,True,2017.75,2023.0
8632,783,670,l,151,,True,2017.75,
8633,548,115,l,151,192.0,True,2017.75,2028.0
8634,773,185,l,151,160.0,True,2017.75,2020.0
8635,11,136,s,152,152.0,False,2018.0,2018.0
8636,121,888,s,152,152.0,False,2018.0,2018.0
8637,197,101,s,152,154.0,False,2018.0,2018.5
8638,203,591,s,152,152.0,False,2018.0,2018.0
8639,241,196,s,152,157.0,False,2018.0,2019.25
8640,241,619,s,152,156.0,False,2018.0,2019.0
8641,248,612,s,152,155.0,False,2018.0,2018.75
8642,302,133,s,152,153.0,False,2018.0,2018.25
8643,330,601,s,152,153.0,False,2018.0,2018.25
8644,363,236,s,152,153.0,False,2018.0,2018.25
8645,412,418,s,152,163.0,False,2018.0,2020.75
8646,422,284,s,152,153.0,False,2018.0,2018.25
8647,422,498,s,152,160.0,False,2018.0,2020.0
8648,450,469,s,152,158.0,False,2018.0,2019.5
8649,466,61,s,152,154.0,False,2018.0,2018.5
8650,466,852,s,152,169.0,False,2018.0,2022.25
8651,484,511,s,152,152.0,False,2018.0,2018.0
8652,548,199,s,152,152.0,False,2018.0,2018.0
8653,571,154,s,152,155.0,False,2018.0,2018.75
8654,690,708,s,152,163.0,False,2018.0,2020.75
8655,722,664,s,152,153.0,False,2018.0,2018.25
8656,791,453,s,152,153.0,False,2018.0,2018.25
8657,791,617,s,152,153.0,False,2018.0,2018.25
8658,922,509,s,152,152.0,False,2018.0,2018.0
8659,36,354,s,152,165.0,False,2018.0,2021.25
8660,71,519,s,152,157.0,False,2018.0,2019.25
8661,81,405,s,152,153.0,False,2018.0,2018.25
8662,90,596,s,152,154.0,False,2018.0,2018.5
8663,94,95,s,152,160.0,False,2018.0,2020.0
8664,202,852,s,152,153.0,False,2018.0,2018.25
8665,214,573,s,152,155.0,False,2018.0,2018.75
8666,241,628,s,152,156.0,False,2018.0,2019.0
8667,241,685,s,152,153.0,False,2018.0,2018.25
8668,358,274,s,152,153.0,False,2018.0,2018.25
8669,378,55,s,152,153.0,False,2018.0,2018.25
8670,381,505,s,152,158.0,False,2018.0,2019.5
8671,422,423,s,152,162.0,False,2018.0,2020.5
8672,444,507,s,152,156.0,False,2018.0,2019.0
8673,460,507,s,152,156.0,False,2018.0,2019.0
8674,586,607,s,152,162.0,False,2018.0,2020.5
8675,635,321,s,152,156.0,False,2018.0,2019.0
8676,659,506,s,152,156.0,False,2018.0,2019.0
8677,675,680,s,152,156.0,False,2018.0,2019.0
8678,681,600,s,152,153.0,False,2018.0,2018.25
8679,722,682,s,152,153.0,False,2018.0,2018.25
8680,909,507,s,152,158.0,False,2018.0,2019.5
8681,12,239,s,152,154.0,False,2018.0,2018.5
8682,36,3,s,152,154.0,False,2018.0,2018.5
8683,64,905,s,152,156.0,False,2018.0,2019.0
8684,90,453,s,152,155.0,False,2018.0,2018.75
8685,152,585,s,152,154.0,False,2018.0,2018.5
8686,159,708,s,152,154.0,False,2018.0,2018.5
8687,202,809,s,152,158.0,False,2018.0,2019.5
8688,216,234,s,152,154.0,False,2018.0,2018.5
8689,242,354,s,152,155.0,False,2018.0,2018.75
8690,302,457,s,152,153.0,False,2018.0,2018.25
8691,302,520,s,152,153.0,False,2018.0,2018.25
8692,340,101,s,152,157.0,False,2018.0,2019.25
8693,381,40,s,152,158.0,False,2018.0,2019.5
8694,466,75,s,152,156.0,False,2018.0,2019.0
8695,466,511,s,152,153.0,False,2018.0,2018.25
8696,483,462,s,152,155.0,False,2018.0,2018.75
8697,545,523,s,152,154.0,False,2018.0,2018.5
8698,690,756,s,152,164.0,False,2018.0,2021.0
8699,481,399,l,152,,True,2018.0,
8700,167,430,l,152,,True,2018.0,
8701,90,296,s,153,166.0,False,2018.25,2021.5
8702,161,32,s,153,155.0,False,2018.25,2018.75
8703,190,497,s,153,164.0,False,2018.25,2021.0
8704,216,347,s,153,155.0,False,2018.25,2018.75
8705,266,129,s,153,153.0,False,2018.25,2018.25
8706,402,399,s,153,156.0,False,2018.25,2019.0
8707,417,457,s,153,157.0,False,2018.25,2019.25
8708,547,217,s,153,153.0,False,2018.25,2018.25
8709,623,619,s,153,153.0,False,2018.25,2018.25
8710,652,75,s,153,160.0,False,2018.25,2020.0
8711,689,503,s,153,157.0,False,2018.25,2019.25
8712,731,189,s,153,158.0,False,2018.25,2019.5
8713,734,684,s,153,154.0,False,2018.25,2018.5
8714,811,234,s,153,154.0,False,2018.25,2018.5
8715,921,69,s,153,156.0,False,2018.25,2019.0
8716,11,222,s,153,155.0,False,2018.25,2018.75
8717,64,54,s,153,154.0,False,2018.25,2018.5
8718,64,154,s,153,155.0,False,2018.25,2018.75
8719,81,582,s,153,156.0,False,2018.25,2019.0
8720,113,255,s,153,157.0,False,2018.25,2019.25
8721,113,423,s,153,155.0,False,2018.25,2018.75
8722,157,524,s,153,153.0,False,2018.25,2018.25
8723,203,375,s,153,170.0,False,2018.25,2022.5
8724,316,146,s,153,155.0,False,2018.25,2018.75
8725,381,354,s,153,154.0,False,2018.25,2018.5
8726,392,69,s,153,156.0,False,2018.25,2019.0
8727,396,40,s,153,156.0,False,2018.25,2019.0
8728,396,243,s,153,158.0,False,2018.25,2019.5
8729,466,293,s,153,168.0,False,2018.25,2022.0
8730,493,399,s,153,154.0,False,2018.25,2018.5
8731,493,888,s,153,153.0,False,2018.25,2018.25
8732,921,175,s,153,157.0,False,2018.25,2019.25
8733,34,607,s,153,156.0,False,2018.25,2019.0
8734,48,498,s,153,165.0,False,2018.25,2021.25
8735,64,51,s,153,161.0,False,2018.25,2020.25
8736,71,230,s,153,157.0,False,2018.25,2019.25
8737,81,524,s,153,159.0,False,2018.25,2019.75
8738,90,469,s,153,154.0,False,2018.25,2018.5
8739,141,133,s,153,161.0,False,2018.25,2020.25
8740,159,457,s,153,154.0,False,2018.25,2018.5
8741,169,375,s,153,160.0,False,2018.25,2020.0
8742,248,591,s,153,158.0,False,2018.25,2019.5
8743,315,509,s,153,168.0,False,2018.25,2022.0
8744,414,418,s,153,154.0,False,2018.25,2018.5
8745,571,637,s,153,167.0,False,2018.25,2021.75
8746,722,612,s,153,155.0,False,2018.25,2018.75
8747,747,608,s,153,159.0,False,2018.25,2019.75
8748,466,430,l,153,208.0,True,2018.25,2032.0
8749,740,637,l,153,186.0,True,2018.25,2026.5
8750,41,284,s,154,161.0,False,2018.5,2020.25
8751,71,189,s,154,155.0,False,2018.5,2018.75
8752,125,907,s,154,159.0,False,2018.5,2019.75
8753,159,508,s,154,157.0,False,2018.5,2019.25
8754,202,243,s,154,156.0,False,2018.5,2019.0
8755,214,507,s,154,165.0,False,2018.5,2021.25
8756,294,439,s,154,157.0,False,2018.5,2019.25
8757,305,154,s,154,155.0,False,2018.5,2018.75
8758,313,15,s,154,155.0,False,2018.5,2018.75
8759,396,418,s,154,160.0,False,2018.5,2020.0
8760,466,511,s,154,159.0,False,2018.5,2019.75
8761,568,572,s,154,154.0,False,2018.5,2018.5
8762,586,198,s,154,160.0,False,2018.5,2020.0
8763,623,619,s,154,159.0,False,2018.5,2019.75
8764,645,509,s,154,155.0,False,2018.5,2018.75
8765,652,328,s,154,154.0,False,2018.5,2018.5
8766,741,574,s,154,157.0,False,2018.5,2019.25
8767,49,55,s,154,158.0,False,2018.5,2019.5
8768,102,84,s,154,156.0,False,2018.5,2019.0
8769,141,69,s,154,159.0,False,2018.5,2019.75
8770,141,516,s,154,155.0,False,2018.5,2018.75
8771,169,180,s,154,169.0,False,2018.5,2022.25
8772,192,516,s,154,157.0,False,2018.5,2019.25
8773,242,136,s,154,156.0,False,2018.5,2019.0
8774,262,146,s,154,156.0,False,2018.5,2019.0
8775,315,572,s,154,155.0,False,2018.5,2018.75
8776,323,132,s,154,161.0,False,2018.5,2020.25
8777,381,120,s,154,156.0,False,2018.5,2019.0
8778,412,198,s,154,156.0,False,2018.5,2019.0
8779,444,321,s,154,157.0,False,2018.5,2019.25
8780,481,497,s,154,155.0,False,2018.5,2018.75
8781,481,521,s,154,155.0,False,2018.5,2018.75
8782,581,75,s,154,156.0,False,2018.5,2019.0
8783,595,708,s,154,155.0,False,2018.5,2018.75
8784,610,628,s,154,154.0,False,2018.5,2018.5
8785,635,664,s,154,155.0,False,2018.5,2018.75
8786,690,682,s,154,157.0,False,2018.5,2019.25
8787,722,708,s,154,156.0,False,2018.5,2019.0
8788,791,596,s,154,155.0,False,2018.5,2018.75
8789,791,625,s,154,159.0,False,2018.5,2019.75
8790,11,462,s,154,157.0,False,2018.5,2019.25
8791,53,897,s,154,156.0,False,2018.5,2019.0
8792,192,905,s,154,169.0,False,2018.5,2022.25
8793,202,95,s,154,156.0,False,2018.5,2019.0
8794,213,54,s,154,164.0,False,2018.5,2021.0
8795,302,234,s,154,159.0,False,2018.5,2019.75
8796,303,505,s,154,157.0,False,2018.5,2019.25
8797,313,457,s,154,163.0,False,2018.5,2020.75
8798,315,453,s,154,156.0,False,2018.5,2019.0
8799,466,321,s,154,160.0,False,2018.5,2020.0
8800,466,508,s,154,156.0,False,2018.5,2019.0
8801,481,407,s,154,155.0,False,2018.5,2018.75
8802,484,375,s,154,155.0,False,2018.5,2018.75
8803,490,457,s,154,155.0,False,2018.5,2018.75
8804,586,173,s,154,157.0,False,2018.5,2019.25
8805,602,625,s,154,168.0,False,2018.5,2022.0
8806,662,692,s,154,155.0,False,2018.5,2018.75
8807,755,682,s,154,161.0,False,2018.5,2020.25
8808,466,506,l,154,208.0,True,2018.5,2032.0
8809,9,517,s,155,159.0,False,2018.75,2019.75
8810,49,608,s,155,155.0,False,2018.75,2018.75
8811,64,506,s,155,155.0,False,2018.75,2018.75
8812,88,354,s,155,161.0,False,2018.75,2020.25
8813,94,146,s,155,156.0,False,2018.75,2019.0
8814,94,154,s,155,157.0,False,2018.75,2019.25
8815,167,284,s,155,156.0,False,2018.75,2019.0
8816,213,321,s,155,157.0,False,2018.75,2019.25
8817,213,409,s,155,158.0,False,2018.75,2019.5
8818,242,329,s,155,157.0,False,2018.75,2019.25
8819,288,342,s,155,160.0,False,2018.75,2020.0
8820,302,15,s,155,155.0,False,2018.75,2018.75
8821,315,375,s,155,155.0,False,2018.75,2018.75
8822,396,236,s,155,161.0,False,2018.75,2020.25
8823,450,375,s,155,155.0,False,2018.75,2018.75
8824,466,95,s,155,159.0,False,2018.75,2019.75
8825,547,217,s,155,161.0,False,2018.75,2020.25
8826,570,507,s,155,160.0,False,2018.75,2020.0
8827,571,596,s,155,158.0,False,2018.75,2019.5
8828,666,905,s,155,155.0,False,2018.75,2018.75
8829,689,646,s,155,157.0,False,2018.75,2019.25
8830,755,664,s,155,163.0,False,2018.75,2020.75
8831,811,55,s,155,156.0,False,2018.75,2019.0
8832,36,529,s,155,159.0,False,2018.75,2019.75
8833,190,146,s,155,155.0,False,2018.75,2018.75
8834,191,293,s,155,160.0,False,2018.75,2020.0
8835,200,133,s,155,155.0,False,2018.75,2018.75
8836,285,418,s,155,157.0,False,2018.75,2019.25
8837,294,517,s,155,160.0,False,2018.75,2020.0
8838,295,505,s,155,156.0,False,2018.75,2019.0
8839,323,453,s,155,156.0,False,2018.75,2019.0
8840,332,573,s,155,156.0,False,2018.75,2019.0
8841,396,293,s,155,156.0,False,2018.75,2019.0
8842,406,15,s,155,159.0,False,2018.75,2019.75
8843,444,255,s,155,155.0,False,2018.75,2018.75
8844,483,129,s,155,164.0,False,2018.75,2021.0
8845,539,409,s,155,156.0,False,2018.75,2019.0
8846,539,410,s,155,159.0,False,2018.75,2019.75
8847,547,189,s,155,156.0,False,2018.75,2019.0
8848,644,637,s,155,157.0,False,2018.75,2019.25
8849,648,723,s,155,157.0,False,2018.75,2019.25
8850,909,628,s,155,160.0,False,2018.75,2020.0
8851,696,763,s,155,157.0,False,2018.75,2019.25
8852,729,713,s,155,156.0,False,2018.75,2019.0
8853,738,617,s,155,160.0,False,2018.75,2020.0
8854,710,638,s,155,157.0,False,2018.75,2019.25
8855,502,677,s,155,161.0,False,2018.75,2020.25
8856,592,618,s,155,158.0,False,2018.75,2019.5
8857,584,309,s,155,158.0,False,2018.75,2019.5
8858,367,888,s,155,163.0,False,2018.75,2020.75
8859,336,28,s,155,157.0,False,2018.75,2019.25
8860,753,743,s,155,159.0,False,2018.75,2019.75
8861,774,712,s,155,160.0,False,2018.75,2020.0
8862,427,737,s,155,156.0,False,2018.75,2019.0
8863,651,643,s,155,156.0,False,2018.75,2019.0
8864,908,669,s,155,157.0,False,2018.75,2019.25
8865,920,683,s,155,157.0,False,2018.75,2019.25
8866,482,668,s,155,156.0,False,2018.75,2019.0
8867,541,274,s,155,164.0,False,2018.75,2021.0
8868,781,803,s,155,157.0,False,2018.75,2019.25
8869,787,768,s,155,161.0,False,2018.75,2020.25
8870,549,80,s,155,157.0,False,2018.75,2019.25
8871,550,919,s,155,158.0,False,2018.75,2019.5
8872,35,739,s,155,157.0,False,2018.75,2019.25
8873,827,338,s,155,156.0,False,2018.75,2019.0
8874,157,137,s,155,156.0,False,2018.75,2019.0
8875,11,809,s,155,156.0,False,2018.75,2019.0
8876,30,95,s,155,159.0,False,2018.75,2019.75
8877,34,591,s,155,161.0,False,2018.75,2020.25
8878,64,409,s,155,167.0,False,2018.75,2021.75
8879,94,462,s,155,165.0,False,2018.75,2021.25
8880,94,507,s,155,157.0,False,2018.75,2019.25
8881,127,465,s,155,158.0,False,2018.75,2019.5
8882,202,437,s,155,156.0,False,2018.75,2019.0
8883,261,628,s,155,158.0,False,2018.75,2019.5
8884,303,608,s,155,156.0,False,2018.75,2019.0
8885,303,818,s,155,157.0,False,2018.75,2019.25
8886,305,133,s,155,156.0,False,2018.75,2019.0
8887,316,189,s,155,157.0,False,2018.75,2019.25
8888,358,230,s,155,159.0,False,2018.75,2019.75
8889,363,217,s,155,160.0,False,2018.75,2020.0
8890,466,189,s,155,159.0,False,2018.75,2019.75
8891,493,439,s,155,157.0,False,2018.75,2019.25
8892,539,293,s,155,158.0,False,2018.75,2019.5
8893,548,808,s,155,156.0,False,2018.75,2019.0
8894,595,628,s,155,156.0,False,2018.75,2019.0
8895,609,630,s,155,157.0,False,2018.75,2019.25
8896,624,607,s,155,159.0,False,2018.75,2019.75
8897,639,591,s,155,167.0,False,2018.75,2021.75
8898,654,284,s,155,159.0,False,2018.75,2019.75
8899,722,601,s,155,156.0,False,2018.75,2019.0
8900,722,724,s,155,157.0,False,2018.75,2019.25
8901,800,217,s,155,159.0,False,2018.75,2019.75
8902,547,520,l,155,212.0,True,2018.75,2033.0
8903,568,630,l,155,,True,2018.75,
8904,124,465,l,155,240.0,True,2018.75,2040.0
8905,6,430,s,156,164.0,False,2019.0,2021.0
8906,41,173,s,156,159.0,False,2019.0,2019.75
8907,71,110,s,156,168.0,False,2019.0,2022.0
8908,90,196,s,156,166.0,False,2019.0,2021.5
8909,202,129,s,156,157.0,False,2019.0,2019.25
8910,213,375,s,156,156.0,False,2019.0,2019.0
8911,266,321,s,156,157.0,False,2019.0,2019.25
8912,311,818,s,156,162.0,False,2019.0,2020.5
8913,313,507,s,156,161.0,False,2019.0,2020.25
8914,330,399,s,156,164.0,False,2019.0,2021.0
8915,363,80,s,156,156.0,False,2019.0,2019.0
8916,396,437,s,156,158.0,False,2019.0,2019.5
8917,540,509,s,156,163.0,False,2019.0,2020.75
8918,547,28,s,156,159.0,False,2019.0,2019.75
8919,571,505,s,156,161.0,False,2019.0,2020.25
8920,584,628,s,156,158.0,False,2019.0,2019.5
8921,609,637,s,156,171.0,False,2019.0,2022.75
8922,781,664,s,156,156.0,False,2019.0,2019.0
8923,787,677,s,156,157.0,False,2019.0,2019.25
8924,791,55,s,156,157.0,False,2019.0,2019.25
8925,908,723,s,156,158.0,False,2019.0,2019.5
8926,921,512,s,156,162.0,False,2019.0,2020.5
8927,64,508,s,156,157.0,False,2019.0,2019.25
8928,71,354,s,156,158.0,False,2019.0,2019.5
8929,81,95,s,156,162.0,False,2019.0,2020.5
8930,102,445,s,156,160.0,False,2019.0,2020.0
8931,119,520,s,156,157.0,False,2019.0,2019.25
8932,159,608,s,156,158.0,False,2019.0,2019.5
8933,159,636,s,156,159.0,False,2019.0,2019.75
8934,159,650,s,156,159.0,False,2019.0,2019.75
8935,241,680,s,156,158.0,False,2019.0,2019.5
8936,295,243,s,156,162.0,False,2019.0,2020.5
8937,332,591,s,156,157.0,False,2019.0,2019.25
8938,336,40,s,156,158.0,False,2019.0,2019.5
8939,358,517,s,156,157.0,False,2019.0,2019.25
8940,466,329,s,156,158.0,False,2019.0,2019.5
8941,482,818,s,156,166.0,False,2019.0,2021.5
8942,483,342,s,156,160.0,False,2019.0,2020.0
8943,543,321,s,156,158.0,False,2019.0,2019.5
8944,609,646,s,156,157.0,False,2019.0,2019.25
8945,629,572,s,156,160.0,False,2019.0,2020.0
8946,652,243,s,156,156.0,False,2019.0,2019.0
8947,659,608,s,156,157.0,False,2019.0,2019.25
8948,722,643,s,156,156.0,False,2019.0,2019.0
8949,729,764,s,156,157.0,False,2019.0,2019.25
8950,753,737,s,156,159.0,False,2019.0,2019.75
8951,773,51,s,156,157.0,False,2019.0,2019.25
8952,783,712,s,156,169.0,False,2019.0,2022.25
8953,71,105,s,156,160.0,False,2019.0,2020.0
8954,81,304,s,156,159.0,False,2019.0,2019.75
8955,102,42,s,156,160.0,False,2019.0,2020.0
8956,117,217,s,156,158.0,False,2019.0,2019.5
8957,124,40,s,156,157.0,False,2019.0,2019.25
8958,124,569,s,156,157.0,False,2019.0,2019.25
8959,127,515,s,156,158.0,False,2019.0,2019.5
8960,190,40,s,156,162.0,False,2019.0,2020.5
8961,291,608,s,156,157.0,False,2019.0,2019.25
8962,295,309,s,156,162.0,False,2019.0,2020.5
8963,357,596,s,156,158.0,False,2019.0,2019.5
8964,358,95,s,156,157.0,False,2019.0,2019.25
8965,358,888,s,156,160.0,False,2019.0,2020.0
8966,363,139,s,156,161.0,False,2019.0,2020.25
8967,417,345,s,156,166.0,False,2019.0,2021.5
8968,417,692,s,156,157.0,False,2019.0,2019.25
8969,417,713,s,156,158.0,False,2019.0,2019.5
8970,460,293,s,156,157.0,False,2019.0,2019.25
8971,592,713,s,156,157.0,False,2019.0,2019.25
8972,602,605,s,156,164.0,False,2019.0,2021.0
8973,642,608,s,156,159.0,False,2019.0,2019.75
8974,696,198,s,156,162.0,False,2019.0,2020.5
8975,730,583,s,156,162.0,False,2019.0,2020.5
8976,755,724,s,156,158.0,False,2019.0,2019.5
8977,213,445,l,156,208.0,True,2019.0,2032.0
8978,6,217,s,157,162.0,False,2019.25,2020.5
8979,6,479,s,157,166.0,False,2019.25,2021.5
8980,53,694,s,157,162.0,False,2019.25,2020.5
8981,64,591,s,157,158.0,False,2019.25,2019.5
8982,64,852,s,157,159.0,False,2019.25,2019.75
8983,159,505,s,157,160.0,False,2019.25,2020.0
8984,242,479,s,157,158.0,False,2019.25,2019.5
8985,295,799,s,157,163.0,False,2019.25,2020.75
8986,332,75,s,157,157.0,False,2019.25,2019.25
8987,381,329,s,157,159.0,False,2019.25,2019.75
8988,392,418,s,157,161.0,False,2019.25,2020.25
8989,427,596,s,157,160.0,False,2019.25,2020.0
8990,460,133,s,157,158.0,False,2019.25,2019.5
8991,483,347,s,157,157.0,False,2019.25,2019.25
8992,539,612,s,157,162.0,False,2019.25,2020.5
8993,541,612,s,157,161.0,False,2019.25,2020.25
8994,568,583,s,157,159.0,False,2019.25,2019.75
8995,722,637,s,157,158.0,False,2019.25,2019.5
8996,30,503,s,157,159.0,False,2019.25,2019.75
8997,46,619,s,157,158.0,False,2019.25,2019.5
8998,67,637,s,157,167.0,False,2019.25,2021.75
8999,121,222,s,157,161.0,False,2019.25,2020.25
9000,241,154,s,157,159.0,False,2019.25,2019.75
9001,302,517,s,157,158.0,False,2019.25,2019.5
9002,315,234,s,157,158.0,False,2019.25,2019.5
9003,330,590,s,157,160.0,False,2019.25,2020.0
9004,336,506,s,157,162.0,False,2019.25,2020.5
9005,341,507,s,157,167.0,False,2019.25,2021.75
9006,392,55,s,157,157.0,False,2019.25,2019.25
9007,483,469,s,157,158.0,False,2019.25,2019.5
9008,484,506,s,157,158.0,False,2019.25,2019.5
9009,543,453,s,157,161.0,False,2019.25,2020.25
9010,576,818,s,157,159.0,False,2019.25,2019.75
9011,586,410,s,157,159.0,False,2019.25,2019.75
9012,593,601,s,157,158.0,False,2019.25,2019.5
9013,654,304,s,157,160.0,False,2019.25,2020.0
9014,654,809,s,157,162.0,False,2019.25,2020.5
9015,675,737,s,157,162.0,False,2019.25,2020.5
9016,689,664,s,157,158.0,False,2019.25,2019.5
9017,689,694,s,157,162.0,False,2019.25,2020.5
9018,722,646,s,157,157.0,False,2019.25,2019.25
9019,753,692,s,157,158.0,False,2019.25,2019.5
9020,783,717,s,157,157.0,False,2019.25,2019.25
9021,921,517,s,157,163.0,False,2019.25,2020.75
9022,6,69,s,157,160.0,False,2019.25,2020.0
9023,64,573,s,157,165.0,False,2019.25,2021.25
9024,67,680,s,157,169.0,False,2019.25,2022.25
9025,71,405,s,157,166.0,False,2019.25,2021.5
9026,241,619,s,157,160.0,False,2019.25,2020.0
9027,262,453,s,157,158.0,False,2019.25,2019.5
9028,266,296,s,157,168.0,False,2019.25,2022.0
9029,316,236,s,157,159.0,False,2019.25,2019.75
9030,358,819,s,157,160.0,False,2019.25,2020.0
9031,549,32,s,157,160.0,False,2019.25,2020.0
9032,571,582,s,157,160.0,False,2019.25,2020.0
9033,731,437,s,157,159.0,False,2019.25,2019.75
9034,741,503,s,157,160.0,False,2019.25,2020.0
9035,811,180,s,157,167.0,False,2019.25,2021.75
9036,908,637,s,157,162.0,False,2019.25,2020.5
9037,172,905,l,157,,True,2019.25,
9038,783,756,l,157,201.0,True,2019.25,2030.25
9039,30,180,s,158,158.0,False,2019.5,2019.5
9040,152,508,s,158,164.0,False,2019.5,2021.0
9041,167,146,s,158,161.0,False,2019.5,2020.25
9042,186,42,s,158,160.0,False,2019.5,2020.0
9043,213,425,s,158,160.0,False,2019.5,2020.0
9044,213,503,s,158,161.0,False,2019.5,2020.25
9045,242,137,s,158,162.0,False,2019.5,2020.5
9046,266,54,s,158,159.0,False,2019.5,2019.75
9047,311,905,s,158,160.0,False,2019.5,2020.0
9048,357,724,s,158,162.0,False,2019.5,2020.5
9049,455,574,s,158,165.0,False,2019.5,2021.25
9050,541,296,s,158,159.0,False,2019.5,2019.75
9051,570,572,s,158,172.0,False,2019.5,2023.0
9052,609,585,s,158,160.0,False,2019.5,2020.0
9053,644,612,s,158,159.0,False,2019.5,2019.75
9054,667,650,s,158,162.0,False,2019.5,2020.5
9055,675,636,s,158,158.0,False,2019.5,2019.5
9056,689,590,s,158,158.0,False,2019.5,2019.5
9057,690,630,s,158,160.0,False,2019.5,2020.0
9058,710,664,s,158,166.0,False,2019.5,2021.5
9059,741,508,s,158,159.0,False,2019.5,2019.75
9060,41,329,s,158,162.0,False,2019.5,2020.5
9061,46,512,s,158,161.0,False,2019.5,2020.25
9062,48,196,s,158,162.0,False,2019.5,2020.5
9063,121,217,s,158,162.0,False,2019.5,2020.5
9064,295,95,s,158,159.0,False,2019.5,2019.75
9065,311,82,s,158,163.0,False,2019.5,2020.75
9066,340,808,s,158,160.0,False,2019.5,2020.0
9067,357,255,s,158,159.0,False,2019.5,2019.75
9068,358,146,s,158,170.0,False,2019.5,2022.5
9069,444,650,s,158,160.0,False,2019.5,2020.0
9070,482,410,s,158,159.0,False,2019.5,2019.75
9071,484,636,s,158,169.0,False,2019.5,2022.25
9072,546,105,s,158,162.0,False,2019.5,2020.5
9073,588,410,s,158,161.0,False,2019.5,2020.25
9074,592,643,s,158,163.0,False,2019.5,2020.75
9075,644,457,s,158,159.0,False,2019.5,2019.75
9076,648,630,s,158,160.0,False,2019.5,2020.0
9077,696,669,s,158,160.0,False,2019.5,2020.0
9078,735,596,s,158,168.0,False,2019.5,2022.0
9079,753,717,s,158,163.0,False,2019.5,2020.75
9080,94,591,s,158,169.0,False,2019.5,2022.25
9081,200,132,s,158,159.0,False,2019.5,2019.75
9082,202,818,s,158,159.0,False,2019.5,2019.75
9083,248,625,s,158,167.0,False,2019.5,2021.75
9084,316,272,s,158,159.0,False,2019.5,2019.75
9085,455,510,s,158,160.0,False,2019.5,2020.0
9086,466,521,s,158,163.0,False,2019.5,2020.75
9087,540,583,s,158,163.0,False,2019.5,2020.75
9088,568,596,s,158,165.0,False,2019.5,2021.25
9089,568,664,s,158,163.0,False,2019.5,2020.75
9090,586,799,s,158,167.0,False,2019.5,2021.75
9091,482,154,l,158,,True,2019.5,
9092,195,272,l,158,182.0,True,2019.5,2025.5
9093,481,284,l,158,,True,2019.5,
9094,12,42,s,159,160.0,False,2019.75,2020.0
9095,34,569,s,159,166.0,False,2019.75,2021.5
9096,64,82,s,159,159.0,False,2019.75,2019.75
9097,64,222,s,159,160.0,False,2019.75,2020.0
9098,71,520,s,159,166.0,False,2019.75,2021.5
9099,79,692,s,159,161.0,False,2019.75,2020.25
9100,90,150,s,159,160.0,False,2019.75,2020.0
9101,113,888,s,159,159.0,False,2019.75,2019.75
9102,127,423,s,159,165.0,False,2019.75,2021.25
9103,241,664,s,159,160.0,False,2019.75,2020.0
9104,248,180,s,159,161.0,False,2019.75,2020.25
9105,336,283,s,159,172.0,False,2019.75,2023.0
9106,422,189,s,159,163.0,False,2019.75,2020.75
9107,547,347,s,159,164.0,False,2019.75,2021.0
9108,571,146,s,159,162.0,False,2019.75,2020.5
9109,696,608,s,159,159.0,False,2019.75,2019.75
9110,738,670,s,159,165.0,False,2019.75,2021.25
9111,64,180,s,159,171.0,False,2019.75,2022.75
9112,124,133,s,159,167.0,False,2019.75,2021.75
9113,141,139,s,159,165.0,False,2019.75,2021.25
9114,200,95,s,159,164.0,False,2019.75,2021.0
9115,203,309,s,159,164.0,False,2019.75,2021.0
9116,213,101,s,159,165.0,False,2019.75,2021.25
9117,213,508,s,159,165.0,False,2019.75,2021.25
9118,241,24,s,159,166.0,False,2019.75,2021.5
9119,261,617,s,159,170.0,False,2019.75,2022.5
9120,291,509,s,159,160.0,False,2019.75,2020.0
9121,311,15,s,159,164.0,False,2019.75,2021.0
9122,624,669,s,159,174.0,False,2019.75,2023.5
9123,729,637,s,159,161.0,False,2019.75,2020.25
9124,773,907,s,159,160.0,False,2019.75,2020.0
9125,777,763,s,159,161.0,False,2019.75,2020.25
9126,800,101,s,159,169.0,False,2019.75,2022.25
9127,26,77,s,159,162.0,False,2019.75,2020.5
9128,332,684,s,159,166.0,False,2019.75,2021.5
9129,443,638,s,159,163.0,False,2019.75,2020.75
9130,322,513,s,159,166.0,False,2019.75,2021.5
9131,303,661,s,159,162.0,False,2019.75,2020.5
9132,480,678,s,159,166.0,False,2019.75,2021.5
9133,402,918,s,159,160.0,False,2019.75,2020.0
9134,855,486,s,159,163.0,False,2019.75,2020.75
9135,119,3,s,159,170.0,False,2019.75,2022.5
9136,550,338,s,159,161.0,False,2019.75,2020.25
9137,645,713,s,159,160.0,False,2019.75,2020.0
9138,626,726,s,159,161.0,False,2019.75,2020.25
9139,49,432,s,159,160.0,False,2019.75,2020.0
9140,544,407,s,159,163.0,False,2019.75,2020.75
9141,662,803,s,159,160.0,False,2019.75,2020.0
9142,663,764,s,159,161.0,False,2019.75,2020.25
9143,701,733,s,159,164.0,False,2019.75,2021.0
9144,779,832,s,159,160.0,False,2019.75,2020.0
9145,716,770,s,159,160.0,False,2019.75,2020.0
9146,706,784,s,159,161.0,False,2019.75,2020.25
9147,725,775,s,159,163.0,False,2019.75,2020.75
9148,26,608,s,159,174.0,False,2019.75,2023.5
9149,26,630,s,159,161.0,False,2019.75,2020.25
9150,64,345,s,159,163.0,False,2019.75,2020.75
9151,67,175,s,159,164.0,False,2019.75,2021.0
9152,241,572,s,159,162.0,False,2019.75,2020.5
9153,266,819,s,159,161.0,False,2019.75,2020.25
9154,358,293,s,159,160.0,False,2019.75,2020.0
9155,414,150,s,159,167.0,False,2019.75,2021.75
9156,543,129,s,159,166.0,False,2019.75,2021.5
9157,543,173,s,159,172.0,False,2019.75,2023.0
9158,570,637,s,159,160.0,False,2019.75,2020.0
9159,571,591,s,159,162.0,False,2019.75,2020.5
9160,595,569,s,159,167.0,False,2019.75,2021.75
9161,595,607,s,159,161.0,False,2019.75,2020.25
9162,610,636,s,159,161.0,False,2019.75,2020.25
9163,645,607,s,159,161.0,False,2019.75,2020.25
9164,722,669,s,159,163.0,False,2019.75,2020.75
9165,922,230,s,159,161.0,False,2019.75,2020.25
9166,216,347,l,159,171.0,True,2019.75,2022.75
9167,64,503,l,159,188.0,True,2019.75,2027.0
9168,730,573,l,159,,True,2019.75,
9169,811,173,l,159,,True,2019.75,
9170,933,683,l,159,,True,2019.75,
9171,26,399,s,160,160.0,False,2020.0,2020.0
9172,41,217,s,160,164.0,False,2020.0,2021.0
9173,41,509,s,160,160.0,False,2020.0,2020.0
9174,64,77,s,160,162.0,False,2020.0,2020.5
9175,64,572,s,160,163.0,False,2020.0,2020.75
9176,190,199,s,160,170.0,False,2020.0,2022.5
9177,213,61,s,160,162.0,False,2020.0,2020.5
9178,213,293,s,160,160.0,False,2020.0,2020.0
9179,216,82,s,160,161.0,False,2020.0,2020.25
9180,241,601,s,160,163.0,False,2020.0,2020.75
9181,245,321,s,160,161.0,False,2020.0,2020.25
9182,294,907,s,160,164.0,False,2020.0,2021.0
9183,313,15,s,160,162.0,False,2020.0,2020.5
9184,323,185,s,160,160.0,False,2020.0,2020.0
9185,340,574,s,160,161.0,False,2020.0,2020.25
9186,367,230,s,160,160.0,False,2020.0,2020.0
9187,480,582,s,160,162.0,False,2020.0,2020.5
9188,490,375,s,160,162.0,False,2020.0,2020.5
9189,490,418,s,160,162.0,False,2020.0,2020.5
9190,493,574,s,160,164.0,False,2020.0,2021.0
9191,543,15,s,160,160.0,False,2020.0,2020.0
9192,588,591,s,160,163.0,False,2020.0,2020.75
9193,648,664,s,160,160.0,False,2020.0,2020.0
9194,706,650,s,160,162.0,False,2020.0,2020.5
9195,730,708,s,160,164.0,False,2020.0,2021.0
9196,774,832,s,160,161.0,False,2020.0,2020.25
9197,777,764,s,160,166.0,False,2020.0,2021.5
9198,811,517,s,160,164.0,False,2020.0,2021.0
9199,30,375,s,160,165.0,False,2020.0,2021.25
9200,53,637,s,160,160.0,False,2020.0,2020.0
9201,64,132,s,160,162.0,False,2020.0,2020.5
9202,113,407,s,160,163.0,False,2020.0,2020.75
9203,195,526,s,160,163.0,False,2020.0,2020.75
9204,291,508,s,160,191.0,False,2020.0,2027.75
9205,302,101,s,160,162.0,False,2020.0,2020.5
9206,303,505,s,160,161.0,False,2020.0,2020.25
9207,357,590,s,160,161.0,False,2020.0,2020.25
9208,392,432,s,160,160.0,False,2020.0,2020.0
9209,444,293,s,160,161.0,False,2020.0,2020.25
9210,493,101,s,160,164.0,False,2020.0,2021.0
9211,586,669,s,160,161.0,False,2020.0,2020.25
9212,716,694,s,160,161.0,False,2020.0,2020.25
9213,740,410,s,160,161.0,False,2020.0,2020.25
9214,744,507,s,160,171.0,False,2020.0,2022.75
9215,908,737,s,160,161.0,False,2020.0,2020.25
9216,921,486,s,160,163.0,False,2020.0,2020.75
9217,64,154,s,160,162.0,False,2020.0,2020.5
9218,64,399,s,160,161.0,False,2020.0,2020.25
9219,79,453,s,160,161.0,False,2020.0,2020.25
9220,119,524,s,160,164.0,False,2020.0,2021.0
9221,159,683,s,160,161.0,False,2020.0,2020.25
9222,172,15,s,160,163.0,False,2020.0,2020.75
9223,191,508,s,160,161.0,False,2020.0,2020.25
9224,248,95,s,160,164.0,False,2020.0,2021.0
9225,288,437,s,160,163.0,False,2020.0,2020.75
9226,332,724,s,160,161.0,False,2020.0,2020.25
9227,378,222,s,160,161.0,False,2020.0,2020.25
9228,466,519,s,160,161.0,False,2020.0,2020.25
9229,482,399,s,160,163.0,False,2020.0,2020.75
9230,547,439,s,160,178.0,False,2020.0,2024.5
9231,588,321,s,160,168.0,False,2020.0,2022.0
9232,606,591,s,160,162.0,False,2020.0,2020.5
9233,644,572,s,160,165.0,False,2020.0,2021.25
9234,689,664,s,160,164.0,False,2020.0,2021.0
9235,716,572,s,160,161.0,False,2020.0,2020.25
9236,722,733,s,160,164.0,False,2020.0,2021.0
9237,811,574,s,160,163.0,False,2020.0,2020.75
9238,921,293,s,160,165.0,False,2020.0,2021.25
9239,49,296,s,161,164.0,False,2020.25,2021.0
9240,71,293,s,161,161.0,False,2020.25,2020.25
9241,94,309,s,161,162.0,False,2020.25,2020.5
9242,113,405,s,161,161.0,False,2020.25,2020.25
9243,157,940,s,161,165.0,False,2020.25,2021.25
9244,169,508,s,161,168.0,False,2020.25,2022.0
9245,200,512,s,161,163.0,False,2020.25,2020.75
9246,202,511,s,161,163.0,False,2020.25,2020.75
9247,241,619,s,161,161.0,False,2020.25,2020.25
9248,248,345,s,161,163.0,False,2020.25,2020.75
9249,266,574,s,161,167.0,False,2020.25,2021.75
9250,302,274,s,161,162.0,False,2020.25,2020.5
9251,305,304,s,161,162.0,False,2020.25,2020.5
9252,330,150,s,161,170.0,False,2020.25,2022.5
9253,396,513,s,161,161.0,False,2020.25,2020.25
9254,408,217,s,161,163.0,False,2020.25,2020.75
9255,466,819,s,161,163.0,False,2020.25,2020.75
9256,480,453,s,161,164.0,False,2020.25,2021.0
9257,541,198,s,161,169.0,False,2020.25,2022.25
9258,606,680,s,161,161.0,False,2020.25,2020.25
9259,626,508,s,161,161.0,False,2020.25,2020.25
9260,626,661,s,161,163.0,False,2020.25,2020.75
9261,652,630,s,161,165.0,False,2020.25,2021.25
9262,722,775,s,161,161.0,False,2020.25,2020.25
9263,792,726,s,161,162.0,False,2020.25,2020.5
9264,41,486,s,161,162.0,False,2020.25,2020.5
9265,94,905,s,161,165.0,False,2020.25,2021.25
9266,124,255,s,161,162.0,False,2020.25,2020.5
9267,172,507,s,161,162.0,False,2020.25,2020.5
9268,195,328,s,161,166.0,False,2020.25,2021.5
9269,213,328,s,161,162.0,False,2020.25,2020.5
9270,241,82,s,161,168.0,False,2020.25,2022.0
9271,241,612,s,161,162.0,False,2020.25,2020.5
9272,381,808,s,161,162.0,False,2020.25,2020.5
9273,414,95,s,161,167.0,False,2020.25,2021.75
9274,502,457,s,161,168.0,False,2020.25,2022.0
9275,547,526,s,161,163.0,False,2020.25,2020.75
9276,609,713,s,161,165.0,False,2020.25,2021.25
9277,735,724,s,161,163.0,False,2020.25,2020.75
9278,761,625,s,161,164.0,False,2020.25,2021.0
9279,9,82,s,161,162.0,False,2020.25,2020.5
9280,34,399,s,161,162.0,False,2020.25,2020.5
9281,34,756,s,161,163.0,False,2020.25,2020.75
9282,81,274,s,161,165.0,False,2020.25,2021.25
9283,113,852,s,161,162.0,False,2020.25,2020.5
9284,169,650,s,161,168.0,False,2020.25,2022.0
9285,195,217,s,161,167.0,False,2020.25,2021.75
9286,205,505,s,161,163.0,False,2020.25,2020.75
9287,245,180,s,161,174.0,False,2020.25,2023.5
9288,261,697,s,161,177.0,False,2020.25,2024.25
9289,266,129,s,161,163.0,False,2020.25,2020.75
9290,291,82,s,161,166.0,False,2020.25,2021.5
9291,302,198,s,161,163.0,False,2020.25,2020.75
9292,315,572,s,161,164.0,False,2020.25,2021.0
9293,316,375,s,161,164.0,False,2020.25,2021.0
9294,455,321,s,161,166.0,False,2020.25,2021.5
9295,540,601,s,161,164.0,False,2020.25,2021.0
9296,592,591,s,161,164.0,False,2020.25,2021.0
9297,606,630,s,161,162.0,False,2020.25,2020.5
9298,609,756,s,161,164.0,False,2020.25,2021.0
9299,715,625,s,161,171.0,False,2020.25,2022.75
9300,716,619,s,161,162.0,False,2020.25,2020.5
9301,341,154,l,161,,True,2020.25,
9302,744,756,l,161,,True,2020.25,
9303,141,799,l,161,,True,2020.25,
9304,169,515,l,161,212.0,True,2020.25,2033.0
9305,316,296,l,161,188.0,True,2020.25,2027.0
9306,340,234,l,161,,True,2020.25,
9307,610,569,l,161,,True,2020.25,
9308,644,756,l,161,,True,2020.25,
9309,190,852,l,161,236.0,True,2020.25,2039.0
9310,34,684,s,162,162.0,False,2020.5,2020.5
9311,34,905,s,162,163.0,False,2020.5,2020.75
9312,94,154,s,162,166.0,False,2020.5,2021.5
9313,167,418,s,162,170.0,False,2020.5,2022.5
9314,191,505,s,162,163.0,False,2020.5,2020.75
9315,192,61,s,162,168.0,False,2020.5,2022.0
9316,266,399,s,162,167.0,False,2020.5,2021.75
9317,266,506,s,162,165.0,False,2020.5,2021.25
9318,358,69,s,162,162.0,False,2020.5,2020.5
9319,422,196,s,162,167.0,False,2020.5,2021.75
9320,481,507,s,162,163.0,False,2020.5,2020.75
9321,490,515,s,162,167.0,False,2020.5,2021.75
9322,544,146,s,162,165.0,False,2020.5,2021.25
9323,609,799,s,162,164.0,False,2020.5,2021.0
9324,716,601,s,162,163.0,False,2020.5,2020.75
9325,741,508,s,162,166.0,False,2020.5,2021.5
9326,761,669,s,162,163.0,False,2020.5,2020.75
9327,11,497,s,162,168.0,False,2020.5,2022.0
9328,46,132,s,162,162.0,False,2020.5,2020.5
9329,49,189,s,162,162.0,False,2020.5,2020.5
9330,64,95,s,162,163.0,False,2020.5,2020.75
9331,64,799,s,162,163.0,False,2020.5,2020.75
9332,71,199,s,162,165.0,False,2020.5,2021.25
9333,216,512,s,162,164.0,False,2020.5,2021.0
9334,241,643,s,162,166.0,False,2020.5,2021.5
9335,248,600,s,162,168.0,False,2020.5,2022.0
9336,285,309,s,162,168.0,False,2020.5,2022.0
9337,322,503,s,162,163.0,False,2020.5,2020.75
9338,322,664,s,162,164.0,False,2020.5,2021.0
9339,406,234,s,162,163.0,False,2020.5,2020.75
9340,466,808,s,162,163.0,False,2020.5,2020.75
9341,483,818,s,162,170.0,False,2020.5,2022.5
9342,490,818,s,162,163.0,False,2020.5,2020.75
9343,547,436,s,162,165.0,False,2020.5,2021.25
9344,571,717,s,162,163.0,False,2020.5,2020.75
9345,592,619,s,162,168.0,False,2020.5,2022.0
9346,602,650,s,162,164.0,False,2020.5,2021.0
9347,622,643,s,162,166.0,False,2020.5,2021.5
9348,753,661,s,162,163.0,False,2020.5,2020.75
9349,11,110,s,162,164.0,False,2020.5,2021.0
9350,12,110,s,162,165.0,False,2020.5,2021.25
9351,26,582,s,162,168.0,False,2020.5,2022.0
9352,190,517,s,162,168.0,False,2020.5,2022.0
9353,200,574,s,162,163.0,False,2020.5,2020.75
9354,213,517,s,162,165.0,False,2020.5,2021.25
9355,213,572,s,162,163.0,False,2020.5,2020.75
9356,285,283,s,162,166.0,False,2020.5,2021.5
9357,291,198,s,162,164.0,False,2020.5,2021.0
9358,295,321,s,162,164.0,False,2020.5,2021.0
9359,378,69,s,162,164.0,False,2020.5,2021.0
9360,417,508,s,162,170.0,False,2020.5,2022.5
9361,466,523,s,162,165.0,False,2020.5,2021.25
9362,544,591,s,162,163.0,False,2020.5,2020.75
9363,581,509,s,162,164.0,False,2020.5,2021.0
9364,610,601,s,162,163.0,False,2020.5,2020.75
9365,731,217,s,162,165.0,False,2020.5,2021.25
9366,922,507,s,162,166.0,False,2020.5,2021.5
9367,422,437,l,162,,True,2020.5,
9368,504,457,l,162,,True,2020.5,
9369,367,196,l,162,,True,2020.5,
9370,213,146,s,163,168.0,False,2020.75,2022.0
9371,241,418,s,163,165.0,False,2020.75,2021.25
9372,303,617,s,163,166.0,False,2020.75,2021.5
9373,311,585,s,163,164.0,False,2020.75,2021.0
9374,383,3,s,163,163.0,False,2020.75,2020.75
9375,392,180,s,163,163.0,False,2020.75,2020.75
9376,455,173,s,163,164.0,False,2020.75,2021.0
9377,544,852,s,163,164.0,False,2020.75,2021.0
9378,624,617,s,163,169.0,False,2020.75,2022.25
9379,626,684,s,163,163.0,False,2020.75,2020.75
9380,730,608,s,163,165.0,False,2020.75,2021.25
9381,731,199,s,163,168.0,False,2020.75,2022.0
9382,753,726,s,163,167.0,False,2020.75,2021.75
9383,41,95,s,163,170.0,False,2020.75,2022.5
9384,152,345,s,163,167.0,False,2020.75,2021.75
9385,266,196,s,163,165.0,False,2020.75,2021.25
9386,341,409,s,163,164.0,False,2020.75,2021.0
9387,367,513,s,163,166.0,False,2020.75,2021.5
9388,443,591,s,163,166.0,False,2020.75,2021.5
9389,588,506,s,163,167.0,False,2020.75,2021.75
9390,644,591,s,163,164.0,False,2020.75,2021.0
9391,667,737,s,163,166.0,False,2020.75,2021.5
9392,735,636,s,163,170.0,False,2020.75,2022.5
9393,197,77,s,163,171.0,False,2020.75,2022.75
9394,46,888,s,163,175.0,False,2020.75,2023.75
9395,745,833,s,163,174.0,False,2020.75,2023.5
9396,729,754,s,163,165.0,False,2020.75,2021.25
9397,752,682,s,163,167.0,False,2020.75,2021.75
9398,716,677,s,163,165.0,False,2020.75,2021.25
9399,755,646,s,163,166.0,False,2020.75,2021.5
9400,810,770,s,163,173.0,False,2020.75,2023.25
9401,771,748,s,163,167.0,False,2020.75,2021.75
9402,772,705,s,163,165.0,False,2020.75,2021.25
9403,920,707,s,163,166.0,False,2020.75,2021.5
9404,666,695,s,163,167.0,False,2020.75,2021.75
9405,706,618,s,163,169.0,False,2020.75,2022.25
9406,709,634,s,163,175.0,False,2020.75,2023.75
9407,696,897,s,163,165.0,False,2020.75,2021.25
9408,396,930,s,163,164.0,False,2020.75,2021.0
9409,91,338,s,163,168.0,False,2020.75,2022.0
9410,357,514,s,163,172.0,False,2020.75,2023.0
9411,47,843,s,163,164.0,False,2020.75,2021.0
9412,545,269,s,163,173.0,False,2020.75,2023.25
9413,801,763,s,163,164.0,False,2020.75,2021.0
9414,6,304,s,163,164.0,False,2020.75,2021.0
9415,30,505,s,163,164.0,False,2020.75,2021.0
9416,41,399,s,163,172.0,False,2020.75,2023.0
9417,48,54,s,163,169.0,False,2020.75,2022.25
9418,152,905,s,163,164.0,False,2020.75,2021.0
9419,190,423,s,163,173.0,False,2020.75,2023.25
9420,192,664,s,163,180.0,False,2020.75,2025.0
9421,295,508,s,163,169.0,False,2020.75,2022.25
9422,302,95,s,163,172.0,False,2020.75,2023.0
9423,302,321,s,163,175.0,False,2020.75,2023.75
9424,450,272,s,163,164.0,False,2020.75,2021.0
9425,483,272,s,163,166.0,False,2020.75,2021.5
9426,539,569,s,163,169.0,False,2020.75,2022.25
9427,539,705,s,163,167.0,False,2020.75,2021.75
9428,570,726,s,163,164.0,False,2020.75,2021.0
9429,644,628,s,163,168.0,False,2020.75,2022.0
9430,644,664,s,163,165.0,False,2020.75,2021.25
9431,675,737,s,163,164.0,False,2020.75,2021.0
9432,676,764,s,163,166.0,False,2020.75,2021.5
9433,722,754,s,163,164.0,False,2020.75,2021.0
9434,761,601,s,163,171.0,False,2020.75,2022.75
9435,811,54,l,163,,True,2020.75,
9436,12,520,s,164,164.0,False,2021.0,2021.0
9437,36,232,s,164,167.0,False,2021.0,2021.75
9438,46,224,s,164,169.0,False,2021.0,2022.25
9439,48,189,s,164,164.0,False,2021.0,2021.0
9440,172,198,s,164,165.0,False,2021.0,2021.25
9441,241,423,s,164,169.0,False,2021.0,2022.25
9442,261,582,s,164,173.0,False,2021.0,2023.25
9443,322,637,s,164,175.0,False,2021.0,2023.75
9444,406,347,s,164,172.0,False,2021.0,2023.0
9445,412,591,s,164,167.0,False,2021.0,2021.75
9446,483,405,s,164,166.0,False,2021.0,2021.5
9447,504,423,s,164,165.0,False,2021.0,2021.25
9448,541,508,s,164,173.0,False,2021.0,2023.25
9449,690,650,s,164,168.0,False,2021.0,2022.0
9450,715,680,s,164,166.0,False,2021.0,2021.5
9451,715,756,s,164,164.0,False,2021.0,2021.0
9452,26,505,s,164,166.0,False,2021.0,2021.5
9453,26,572,s,164,166.0,False,2021.0,2021.5
9454,49,196,s,164,166.0,False,2021.0,2021.5
9455,71,888,s,164,168.0,False,2021.0,2022.0
9456,79,505,s,164,179.0,False,2021.0,2024.75
9457,141,506,s,164,169.0,False,2021.0,2022.25
9458,172,150,s,164,167.0,False,2021.0,2021.75
9459,203,618,s,164,166.0,False,2021.0,2021.5
9460,205,582,s,164,164.0,False,2021.0,2021.0
9461,241,670,s,164,175.0,False,2021.0,2023.75
9462,363,180,s,164,166.0,False,2021.0,2021.5
9463,383,129,s,164,176.0,False,2021.0,2024.0
9464,450,498,s,164,168.0,False,2021.0,2022.0
9465,481,418,s,164,166.0,False,2021.0,2021.5
9466,482,569,s,164,169.0,False,2021.0,2022.25
9467,484,583,s,164,165.0,False,2021.0,2021.25
9468,568,733,s,164,168.0,False,2021.0,2022.0
9469,570,670,s,164,175.0,False,2021.0,2023.75
9470,676,708,s,164,169.0,False,2021.0,2022.25
9471,701,670,s,164,169.0,False,2021.0,2022.25
9472,722,678,s,164,167.0,False,2021.0,2021.75
9473,11,930,s,164,166.0,False,2021.0,2021.5
9474,26,75,s,164,166.0,False,2021.0,2021.5
9475,121,519,s,164,165.0,False,2021.0,2021.25
9476,161,101,s,164,165.0,False,2021.0,2021.25
9477,203,573,s,164,166.0,False,2021.0,2021.5
9478,204,617,s,164,165.0,False,2021.0,2021.25
9479,205,680,s,164,171.0,False,2021.0,2022.75
9480,213,69,s,164,165.0,False,2021.0,2021.25
9481,311,154,s,164,171.0,False,2021.0,2022.75
9482,330,453,s,164,166.0,False,2021.0,2021.5
9483,417,283,s,164,173.0,False,2021.0,2023.25
9484,443,756,s,164,166.0,False,2021.0,2021.5
9485,483,511,s,164,166.0,False,2021.0,2021.5
9486,545,457,s,164,166.0,False,2021.0,2021.5
9487,568,569,s,164,172.0,False,2021.0,2023.0
9488,586,634,s,164,165.0,False,2021.0,2021.25
9489,622,590,s,164,174.0,False,2021.0,2023.5
9490,624,664,s,164,165.0,False,2021.0,2021.25
9491,688,508,s,164,165.0,False,2021.0,2021.25
9492,722,601,s,164,165.0,False,2021.0,2021.25
9493,722,695,s,164,169.0,False,2021.0,2022.25
9494,722,724,s,164,165.0,False,2021.0,2021.25
9495,740,733,s,164,165.0,False,2021.0,2021.25
9496,761,680,s,164,167.0,False,2021.0,2021.75
9497,676,664,l,164,,True,2021.0,
9498,696,763,l,164,,True,2021.0,
9499,34,661,s,165,168.0,False,2021.25,2022.0
9500,41,389,s,165,166.0,False,2021.25,2021.5
9501,152,646,s,165,170.0,False,2021.25,2022.5
9502,213,309,s,165,169.0,False,2021.25,2022.25
9503,302,423,s,165,171.0,False,2021.25,2022.75
9504,323,569,s,165,167.0,False,2021.25,2021.75
9505,493,445,s,165,168.0,False,2021.25,2022.0
9506,722,680,s,165,175.0,False,2021.25,2023.75
9507,752,756,s,165,165.0,False,2021.25,2021.25
9508,127,272,s,165,173.0,False,2021.25,2023.25
9509,159,628,s,165,169.0,False,2021.25,2022.25
9510,190,54,s,165,166.0,False,2021.25,2021.5
9511,203,506,s,165,175.0,False,2021.25,2023.75
9512,214,650,s,165,166.0,False,2021.25,2021.5
9513,241,61,s,165,168.0,False,2021.25,2022.0
9514,261,756,s,165,176.0,False,2021.25,2024.0
9515,302,61,s,165,171.0,False,2021.25,2022.75
9516,367,508,s,165,168.0,False,2021.25,2022.0
9517,378,517,s,165,171.0,False,2021.25,2022.75
9518,540,222,s,165,168.0,False,2021.25,2022.0
9519,639,726,s,165,179.0,False,2021.25,2024.75
9520,645,636,s,165,172.0,False,2021.25,2023.0
9521,696,585,s,165,172.0,False,2021.25,2023.0
9522,722,756,s,165,173.0,False,2021.25,2023.25
9523,729,697,s,165,171.0,False,2021.25,2022.75
9524,811,234,s,165,167.0,False,2021.25,2021.75
9525,889,705,s,165,183.0,False,2021.25,2025.75
9526,6,430,s,165,170.0,False,2021.25,2022.5
9527,11,105,s,165,178.0,False,2021.25,2024.5
9528,161,133,s,165,172.0,False,2021.25,2023.0
9529,241,154,s,165,176.0,False,2021.25,2024.0
9530,285,697,s,165,166.0,False,2021.25,2021.5
9531,288,105,s,165,170.0,False,2021.25,2022.5
9532,322,503,s,165,166.0,False,2021.25,2021.5
9533,340,230,s,165,168.0,False,2021.25,2022.0
9534,357,664,s,165,171.0,False,2021.25,2022.75
9535,480,897,s,165,167.0,False,2021.25,2021.75
9536,546,905,s,165,166.0,False,2021.25,2021.5
9537,547,199,s,165,166.0,False,2021.25,2021.5
9538,593,582,s,165,174.0,False,2021.25,2023.5
9539,602,600,s,165,167.0,False,2021.25,2021.75
9540,652,457,s,165,166.0,False,2021.25,2021.5
9541,690,628,s,165,169.0,False,2021.25,2022.25
9542,690,713,s,165,166.0,False,2021.25,2021.5
9543,722,628,s,165,172.0,False,2021.25,2023.0
9544,722,694,s,165,167.0,False,2021.25,2021.75
9545,755,762,s,165,167.0,False,2021.25,2021.75
9546,933,664,s,165,171.0,False,2021.25,2022.75
9547,690,692,l,165,,True,2021.25,
9548,34,678,s,166,171.0,False,2021.5,2022.75
9549,64,15,s,166,170.0,False,2021.5,2022.5
9550,202,399,s,166,167.0,False,2021.5,2021.75
9551,288,514,s,166,168.0,False,2021.5,2022.0
9552,303,897,s,166,167.0,False,2021.5,2021.75
9553,332,255,s,166,167.0,False,2021.5,2021.75
9554,358,520,s,166,168.0,False,2021.5,2022.0
9555,360,430,s,166,174.0,False,2021.5,2023.5
9556,466,101,s,166,169.0,False,2021.5,2022.25
9557,483,175,s,166,168.0,False,2021.5,2022.0
9558,541,61,s,166,171.0,False,2021.5,2022.75
9559,543,196,s,166,169.0,False,2021.5,2022.25
9560,581,582,s,166,166.0,False,2021.5,2021.5
9561,606,150,s,166,166.0,False,2021.5,2021.5
9562,622,636,s,166,168.0,False,2021.5,2022.0
9563,651,628,s,166,170.0,False,2021.5,2022.5
9564,722,643,s,166,169.0,False,2021.5,2022.25
9565,753,677,s,166,173.0,False,2021.5,2023.25
9566,772,695,s,166,169.0,False,2021.5,2022.25
9567,777,661,s,166,170.0,False,2021.5,2022.5
9568,811,508,s,166,168.0,False,2021.5,2022.0
9569,30,198,s,166,170.0,False,2021.5,2022.5
9570,34,799,s,166,170.0,False,2021.5,2022.5
9571,41,497,s,166,167.0,False,2021.5,2021.75
9572,67,643,s,166,168.0,False,2021.5,2022.0
9573,192,133,s,166,168.0,False,2021.5,2022.0
9574,204,683,s,166,168.0,False,2021.5,2022.0
9575,241,625,s,166,167.0,False,2021.5,2021.75
9576,295,154,s,166,167.0,False,2021.5,2021.75
9577,490,618,s,166,167.0,False,2021.5,2021.75
9578,493,95,s,166,167.0,False,2021.5,2021.75
9579,504,508,s,166,170.0,False,2021.5,2022.5
9580,541,321,s,166,168.0,False,2021.5,2022.0
9581,544,375,s,166,166.0,False,2021.5,2021.5
9582,544,618,s,166,169.0,False,2021.5,2022.25
9583,577,105,s,166,168.0,False,2021.5,2022.0
9584,609,650,s,166,169.0,False,2021.5,2022.25
9585,611,600,s,166,175.0,False,2021.5,2023.75
9586,652,852,s,166,176.0,False,2021.5,2024.0
9587,753,664,s,166,170.0,False,2021.5,2022.5
9588,9,189,s,166,169.0,False,2021.5,2022.25
9589,30,150,s,166,168.0,False,2021.5,2022.0
9590,64,608,s,166,182.0,False,2021.5,2025.5
9591,113,255,s,166,177.0,False,2021.5,2024.25
9592,241,146,s,166,168.0,False,2021.5,2022.0
9593,266,517,s,166,167.0,False,2021.5,2021.75
9594,313,694,s,166,172.0,False,2021.5,2023.0
9595,316,514,s,166,167.0,False,2021.5,2021.75
9596,323,75,s,166,167.0,False,2021.5,2021.75
9597,330,469,s,166,167.0,False,2021.5,2021.75
9598,490,453,s,166,167.0,False,2021.5,2021.75
9599,539,694,s,166,172.0,False,2021.5,2023.0
9600,546,437,s,166,173.0,False,2021.5,2023.25
9601,676,582,s,166,175.0,False,2021.5,2023.75
9602,706,646,s,166,169.0,False,2021.5,2022.25
9603,722,682,s,166,170.0,False,2021.5,2022.5
9604,920,670,s,166,170.0,False,2021.5,2022.5
9605,921,519,s,166,167.0,False,2021.5,2021.75
9606,644,508,l,166,201.0,True,2021.5,2030.25
9607,90,189,s,167,175.0,False,2021.75,2023.75
9608,169,15,s,167,169.0,False,2021.75,2022.25
9609,383,521,s,167,168.0,False,2021.75,2022.0
9610,392,198,s,167,168.0,False,2021.75,2022.0
9611,414,650,s,167,167.0,False,2021.75,2021.75
9612,466,498,s,167,169.0,False,2021.75,2022.25
9613,593,756,s,167,170.0,False,2021.75,2022.5
9614,667,754,s,167,169.0,False,2021.75,2022.25
9615,688,724,s,167,169.0,False,2021.75,2022.25
9616,706,630,s,167,169.0,False,2021.75,2022.25
9617,738,708,s,167,175.0,False,2021.75,2023.75
9618,745,608,s,167,186.0,False,2021.75,2026.5
9619,807,756,s,167,175.0,False,2021.75,2023.75
9620,34,596,s,167,171.0,False,2021.75,2022.75
9621,141,189,s,167,168.0,False,2021.75,2022.0
9622,192,583,s,167,168.0,False,2021.75,2022.0
9623,216,799,s,167,169.0,False,2021.75,2022.25
9624,248,409,s,167,173.0,False,2021.75,2023.25
9625,264,521,s,167,168.0,False,2021.75,2022.0
9626,295,513,s,167,168.0,False,2021.75,2022.0
9627,313,507,s,167,168.0,False,2021.75,2022.0
9628,367,222,s,167,167.0,False,2021.75,2021.75
9629,480,637,s,167,174.0,False,2021.75,2023.5
9630,480,646,s,167,171.0,False,2021.75,2022.75
9631,484,661,s,167,168.0,False,2021.75,2022.0
9632,609,756,s,167,168.0,False,2021.75,2022.0
9633,629,637,s,167,183.0,False,2021.75,2025.75
9634,654,888,s,167,172.0,False,2021.75,2023.0
9635,729,678,s,167,169.0,False,2021.75,2022.25
9636,735,756,s,167,180.0,False,2021.75,2025.0
9637,745,708,s,167,168.0,False,2021.75,2022.0
9638,745,756,s,167,168.0,False,2021.75,2022.0
9639,753,712,s,167,167.0,False,2021.75,2021.75
9640,777,708,s,167,168.0,False,2021.75,2022.0
9641,807,814,s,167,167.0,False,2021.75,2021.75
9642,332,343,s,167,168.0,False,2021.75,2022.0
9643,427,510,s,167,168.0,False,2021.75,2022.0
9644,741,55,s,167,168.0,False,2021.75,2022.0
9645,653,132,s,167,169.0,False,2021.75,2022.25
9646,551,843,s,167,170.0,False,2021.75,2022.5
9647,12,527,s,167,170.0,False,2021.75,2022.5
9648,106,528,s,167,168.0,False,2021.75,2022.0
9649,191,808,s,167,170.0,False,2021.75,2022.5
9650,765,775,s,167,170.0,False,2021.75,2022.5
9651,757,723,s,167,169.0,False,2021.75,2022.25
9652,725,743,s,167,173.0,False,2021.75,2023.25
9653,801,748,s,167,170.0,False,2021.75,2022.5
9654,787,737,s,167,180.0,False,2021.75,2025.0
9655,793,721,s,167,168.0,False,2021.75,2022.0
9656,771,758,s,167,169.0,False,2021.75,2022.25
9657,287,407,s,167,170.0,False,2021.75,2022.5
9658,932,714,s,167,171.0,False,2021.75,2022.75
9659,718,707,s,167,169.0,False,2021.75,2022.25
9660,864,679,s,167,168.0,False,2021.75,2022.0
9661,642,897,s,167,170.0,False,2021.75,2022.5
9662,152,75,s,167,170.0,False,2021.75,2022.5
9663,202,905,s,167,172.0,False,2021.75,2023.0
9664,205,737,s,167,171.0,False,2021.75,2022.75
9665,241,75,s,167,173.0,False,2021.75,2023.25
9666,266,236,s,167,171.0,False,2021.75,2022.75
9667,302,343,s,167,170.0,False,2021.75,2022.5
9668,336,55,s,167,170.0,False,2021.75,2022.5
9669,392,508,s,167,171.0,False,2021.75,2022.75
9670,484,154,s,167,173.0,False,2021.75,2023.25
9671,543,189,s,167,171.0,False,2021.75,2022.75
9672,546,819,s,167,171.0,False,2021.75,2022.75
9673,568,409,s,167,176.0,False,2021.75,2024.0
9674,584,721,s,167,172.0,False,2021.75,2023.0
9675,639,636,s,167,168.0,False,2021.75,2022.0
9676,722,733,s,167,171.0,False,2021.75,2022.75
9677,889,505,s,167,175.0,False,2021.75,2023.75
9678,629,650,l,167,,True,2021.75,
9679,192,585,s,168,173.0,False,2022.0,2023.25
9680,200,852,s,168,168.0,False,2022.0,2022.0
9681,202,479,s,168,171.0,False,2022.0,2022.75
9682,241,601,s,168,169.0,False,2022.0,2022.25
9683,287,269,s,168,171.0,False,2022.0,2022.75
9684,357,505,s,168,170.0,False,2022.0,2022.5
9685,480,572,s,168,173.0,False,2022.0,2023.25
9686,592,733,s,168,171.0,False,2022.0,2022.75
9687,606,630,s,168,173.0,False,2022.0,2023.25
9688,688,733,s,168,171.0,False,2022.0,2022.75
9689,715,582,s,168,169.0,False,2022.0,2022.25
9690,722,707,s,168,170.0,False,2022.0,2022.5
9691,725,409,s,168,169.0,False,2022.0,2022.25
9692,725,612,s,168,172.0,False,2022.0,2023.0
9693,30,399,s,168,168.0,False,2022.0,2022.0
9694,172,69,s,168,172.0,False,2022.0,2023.0
9695,172,146,s,168,170.0,False,2022.0,2022.5
9696,241,101,s,168,169.0,False,2022.0,2022.25
9697,241,515,s,168,169.0,False,2022.0,2022.25
9698,322,677,s,168,170.0,False,2022.0,2022.5
9699,332,506,s,168,169.0,False,2022.0,2022.25
9700,341,101,s,168,170.0,False,2022.0,2022.5
9701,360,437,s,168,172.0,False,2022.0,2023.0
9702,392,852,s,168,168.0,False,2022.0,2022.0
9703,412,410,s,168,169.0,False,2022.0,2022.25
9704,417,679,s,168,177.0,False,2022.0,2024.25
9705,450,24,s,168,170.0,False,2022.0,2022.5
9706,493,457,s,168,186.0,False,2022.0,2026.5
9707,606,505,s,168,172.0,False,2022.0,2023.0
9708,606,600,s,168,169.0,False,2022.0,2022.25
9709,644,82,s,168,182.0,False,2022.0,2025.5
9710,722,669,s,168,170.0,False,2022.0,2022.5
9711,909,695,s,168,168.0,False,2022.0,2022.0
9712,34,756,s,168,170.0,False,2022.0,2022.5
9713,127,55,s,168,169.0,False,2022.0,2022.25
9714,141,196,s,168,171.0,False,2022.0,2022.75
9715,216,516,s,168,169.0,False,2022.0,2022.25
9716,285,457,s,168,169.0,False,2022.0,2022.25
9717,302,510,s,168,178.0,False,2022.0,2024.5
9718,341,569,s,168,170.0,False,2022.0,2022.5
9719,358,347,s,168,171.0,False,2022.0,2022.75
9720,360,905,s,168,170.0,False,2022.0,2022.5
9721,381,462,s,168,174.0,False,2022.0,2023.5
9722,480,399,s,168,174.0,False,2022.0,2023.5
9723,481,75,s,168,186.0,False,2022.0,2026.5
9724,481,515,s,168,172.0,False,2022.0,2023.0
9725,544,343,s,168,169.0,False,2022.0,2022.25
9726,588,583,s,168,172.0,False,2022.0,2023.0
9727,602,508,s,168,169.0,False,2022.0,2022.25
9728,676,630,s,168,187.0,False,2022.0,2026.75
9729,715,669,s,168,172.0,False,2022.0,2023.0
9730,738,707,s,168,170.0,False,2022.0,2022.5
9731,757,637,s,168,170.0,False,2022.0,2022.5
9732,772,726,s,168,176.0,False,2022.0,2024.0
9733,787,705,s,168,182.0,False,2022.0,2025.5
9734,810,756,s,168,174.0,False,2022.0,2023.5
9735,962,634,s,168,178.0,False,2022.0,2024.5
9736,313,309,l,168,,True,2022.0,
9737,302,888,l,168,232.0,True,2022.0,2038.0
9738,422,110,l,168,207.0,True,2022.0,2031.75
9739,652,591,l,168,,True,2022.0,
9740,722,712,l,168,216.0,True,2022.0,2034.0
9741,48,519,s,169,169.0,False,2022.25,2022.25
9742,152,255,s,169,171.0,False,2022.25,2022.75
9743,261,309,s,169,176.0,False,2022.25,2024.0
9744,266,175,s,169,169.0,False,2022.25,2022.25
9745,311,132,s,169,174.0,False,2022.25,2023.5
9746,311,453,s,169,169.0,False,2022.25,2022.25
9747,311,799,s,169,175.0,False,2022.25,2023.75
9748,316,465,s,169,178.0,False,2022.25,2024.5
9749,422,189,s,169,176.0,False,2022.25,2024.0
9750,427,723,s,169,173.0,False,2022.25,2023.25
9751,466,354,s,169,175.0,False,2022.25,2023.75
9752,602,630,s,169,173.0,False,2022.25,2023.25
9753,645,569,s,169,169.0,False,2022.25,2022.25
9754,745,683,s,169,169.0,False,2022.25,2022.25
9755,761,756,s,169,174.0,False,2022.25,2023.5
9756,933,418,s,169,169.0,False,2022.25,2022.25
9757,141,507,s,169,171.0,False,2022.25,2022.75
9758,202,133,s,169,177.0,False,2022.25,2024.25
9759,241,505,s,169,170.0,False,2022.25,2022.5
9760,482,572,s,169,170.0,False,2022.25,2022.5
9761,539,634,s,169,176.0,False,2022.25,2024.0
9762,543,51,s,169,176.0,False,2022.25,2024.0
9763,543,54,s,169,175.0,False,2022.25,2023.75
9764,602,625,s,169,169.0,False,2022.25,2022.25
9765,730,173,s,169,187.0,False,2022.25,2026.75
9766,9,293,s,169,172.0,False,2022.25,2023.0
9767,90,608,s,169,171.0,False,2022.25,2022.75
9768,213,15,s,169,174.0,False,2022.25,2023.5
9769,213,513,s,169,175.0,False,2022.25,2023.75
9770,241,569,s,169,171.0,False,2022.25,2022.75
9771,262,694,s,169,174.0,False,2022.25,2023.5
9772,266,423,s,169,179.0,False,2022.25,2024.75
9773,323,511,s,169,171.0,False,2022.25,2022.75
9774,363,516,s,169,170.0,False,2022.25,2022.5
9775,363,521,s,169,174.0,False,2022.25,2023.5
9776,392,54,s,169,172.0,False,2022.25,2023.0
9777,406,498,s,169,178.0,False,2022.25,2024.5
9778,408,136,s,169,170.0,False,2022.25,2022.5
9779,490,418,s,169,171.0,False,2022.25,2022.75
9780,539,505,s,169,172.0,False,2022.25,2023.0
9781,571,712,s,169,170.0,False,2022.25,2022.5
9782,609,410,s,169,175.0,False,2022.25,2023.75
9783,741,569,s,169,174.0,False,2022.25,2023.5
9784,771,683,s,169,176.0,False,2022.25,2024.0
9785,262,24,l,169,,True,2022.25,
9786,41,101,l,169,224.0,True,2022.25,2036.0
9787,213,905,l,169,228.0,True,2022.25,2037.0
9788,745,733,l,169,,True,2022.25,
9789,34,724,s,170,174.0,False,2022.5,2023.5
9790,36,405,s,170,171.0,False,2022.5,2022.75
9791,41,462,s,170,171.0,False,2022.5,2022.75
9792,90,129,s,170,181.0,False,2022.5,2025.25
9793,113,154,s,170,171.0,False,2022.5,2022.75
9794,113,516,s,170,170.0,False,2022.5,2022.5
9795,121,497,s,170,172.0,False,2022.5,2023.0
9796,124,819,s,170,172.0,False,2022.5,2023.0
9797,152,15,s,170,174.0,False,2022.5,2023.5
9798,205,664,s,170,171.0,False,2022.5,2022.75
9799,315,572,s,170,172.0,False,2022.5,2023.0
9800,323,513,s,170,175.0,False,2022.5,2023.75
9801,341,818,s,170,171.0,False,2022.5,2022.75
9802,358,453,s,170,171.0,False,2022.5,2022.75
9803,406,465,s,170,174.0,False,2022.5,2023.5
9804,422,462,s,170,177.0,False,2022.5,2024.25
9805,540,509,s,170,171.0,False,2022.5,2022.75
9806,540,661,s,170,171.0,False,2022.5,2022.75
9807,544,582,s,170,171.0,False,2022.5,2022.75
9808,547,32,s,170,171.0,False,2022.5,2022.75
9809,547,338,s,170,171.0,False,2022.5,2022.75
9810,653,607,s,170,173.0,False,2022.5,2023.25
9811,653,650,s,170,170.0,False,2022.5,2022.5
9812,722,643,s,170,173.0,False,2022.5,2023.25
9813,741,509,s,170,180.0,False,2022.5,2025.0
9814,932,756,s,170,171.0,False,2022.5,2022.75
9815,9,24,s,170,176.0,False,2022.5,2024.0
9816,36,526,s,170,172.0,False,2022.5,2023.0
9817,41,51,s,170,179.0,False,2022.5,2024.75
9818,64,405,s,170,179.0,False,2022.5,2024.75
9819,190,510,s,170,178.0,False,2022.5,2024.5
9820,213,54,s,170,173.0,False,2022.5,2023.25
9821,336,296,s,170,175.0,False,2022.5,2023.75
9822,417,630,s,170,171.0,False,2022.5,2022.75
9823,450,198,s,170,177.0,False,2022.5,2024.25
9824,481,180,s,170,177.0,False,2022.5,2024.25
9825,482,600,s,170,171.0,False,2022.5,2022.75
9826,490,293,s,170,171.0,False,2022.5,2022.75
9827,490,399,s,170,175.0,False,2022.5,2023.75
9828,571,569,s,170,171.0,False,2022.5,2022.75
9829,586,714,s,170,176.0,False,2022.5,2024.0
9830,602,669,s,170,175.0,False,2022.5,2023.75
9831,609,723,s,170,172.0,False,2022.5,2023.0
9832,709,712,s,170,172.0,False,2022.5,2023.0
9833,34,569,s,170,176.0,False,2022.5,2024.0
9834,34,608,s,170,172.0,False,2022.5,2023.0
9835,34,661,s,170,174.0,False,2022.5,2023.5
9836,41,445,s,170,175.0,False,2022.5,2023.75
9837,124,526,s,170,177.0,False,2022.5,2024.25
9838,141,650,s,170,174.0,False,2022.5,2023.5
9839,161,54,s,170,172.0,False,2022.5,2023.0
9840,190,512,s,170,171.0,False,2022.5,2022.75
9841,241,173,s,170,174.0,False,2022.5,2023.5
9842,323,175,s,170,172.0,False,2022.5,2023.0
9843,336,375,s,170,174.0,False,2022.5,2023.5
9844,417,453,s,170,171.0,False,2022.5,2022.75
9845,450,61,s,170,171.0,False,2022.5,2022.75
9846,480,596,s,170,171.0,False,2022.5,2022.75
9847,481,321,s,170,173.0,False,2022.5,2023.25
9848,544,224,s,170,179.0,False,2022.5,2024.75
9849,609,569,s,170,175.0,False,2022.5,2023.75
9850,627,146,s,170,173.0,False,2022.5,2023.25
9851,722,646,s,170,173.0,False,2022.5,2023.25
9852,722,708,s,170,173.0,False,2022.5,2023.25
9853,752,705,s,170,178.0,False,2022.5,2024.5
9854,811,430,s,170,171.0,False,2022.5,2022.75
9855,962,591,s,170,171.0,False,2022.5,2022.75
9856,706,283,l,170,,True,2022.5,
9857,34,636,s,171,172.0,False,2022.75,2023.0
9858,127,343,s,171,178.0,False,2022.75,2024.5
9859,169,437,s,171,172.0,False,2022.75,2023.0
9860,213,132,s,171,188.0,False,2022.75,2027.0
9861,213,650,s,171,174.0,False,2022.75,2023.5
9862,216,469,s,171,171.0,False,2022.75,2022.75
9863,285,283,s,171,176.0,False,2022.75,2024.0
9864,285,664,s,171,173.0,False,2022.75,2023.25
9865,294,479,s,171,172.0,False,2022.75,2023.0
9866,311,596,s,171,173.0,False,2022.75,2023.25
9867,313,646,s,171,172.0,False,2022.75,2023.0
9868,323,82,s,171,173.0,False,2022.75,2023.25
9869,340,389,s,171,179.0,False,2022.75,2024.75
9870,358,418,s,171,180.0,False,2022.75,2025.0
9871,466,457,s,171,180.0,False,2022.75,2025.0
9872,483,514,s,171,171.0,False,2022.75,2022.75
9873,627,714,s,171,172.0,False,2022.75,2023.0
9874,645,679,s,171,172.0,False,2022.75,2023.0
9875,753,669,s,171,172.0,False,2022.75,2023.0
9876,889,708,s,171,178.0,False,2022.75,2024.5
9877,920,762,s,171,178.0,False,2022.75,2024.5
9878,30,469,s,171,178.0,False,2022.75,2024.5
9879,48,432,s,171,175.0,False,2022.75,2023.75
9880,48,601,s,171,173.0,False,2022.75,2023.25
9881,152,154,s,171,172.0,False,2022.75,2023.0
9882,313,679,s,171,173.0,False,2022.75,2023.25
9883,315,505,s,171,173.0,False,2022.75,2023.25
9884,383,354,s,171,177.0,False,2022.75,2024.25
9885,414,189,s,171,176.0,False,2022.75,2024.0
9886,414,514,s,171,175.0,False,2022.75,2023.75
9887,490,234,s,171,173.0,False,2022.75,2023.25
9888,548,432,s,171,176.0,False,2022.75,2024.0
9889,584,762,s,171,175.0,False,2022.75,2023.75
9890,610,705,s,171,175.0,False,2022.75,2023.75
9891,627,763,s,171,183.0,False,2022.75,2025.75
9892,741,418,s,171,171.0,False,2022.75,2022.75
9893,771,694,s,171,173.0,False,2022.75,2023.25
9894,932,692,s,171,171.0,False,2022.75,2022.75
9895,47,621,s,171,173.0,False,2022.75,2023.25
9896,963,736,s,171,172.0,False,2022.75,2023.0
9897,626,649,s,171,175.0,False,2022.75,2023.75
9898,700,713,s,171,172.0,False,2022.75,2023.0
9899,81,486,s,171,172.0,False,2022.75,2023.0
9900,581,768,s,171,174.0,False,2022.75,2023.5
9901,502,767,s,171,181.0,False,2022.75,2025.25
9902,909,99,s,171,186.0,False,2022.75,2026.5
9903,663,695,s,171,174.0,False,2022.75,2023.5
9904,820,832,s,171,176.0,False,2022.75,2024.0
9905,777,831,s,171,175.0,False,2022.75,2023.75
9906,792,805,s,171,173.0,False,2022.75,2023.25
9907,396,80,s,171,172.0,False,2022.75,2023.0
9908,49,872,s,171,172.0,False,2022.75,2023.0
9909,755,796,s,171,176.0,False,2022.75,2024.0
9910,443,574,s,171,172.0,False,2022.75,2023.0
9911,550,843,s,171,181.0,False,2022.75,2025.25
9912,106,809,s,171,176.0,False,2022.75,2024.0
9913,35,940,s,171,174.0,False,2022.75,2023.5
9914,117,930,s,171,182.0,False,2022.75,2025.5
9915,12,137,s,171,172.0,False,2022.75,2023.0
9916,287,952,s,171,174.0,False,2022.75,2023.5
9917,576,55,s,171,174.0,False,2022.75,2023.5
9918,11,217,s,171,176.0,False,2022.75,2024.0
9919,64,154,s,171,172.0,False,2022.75,2023.0
9920,124,930,s,171,173.0,False,2022.75,2023.25
9921,197,321,s,171,177.0,False,2022.75,2024.25
9922,202,512,s,171,176.0,False,2022.75,2024.0
9923,203,236,s,171,176.0,False,2022.75,2024.0
9924,203,574,s,171,174.0,False,2022.75,2023.5
9925,213,189,s,171,178.0,False,2022.75,2024.5
9926,241,583,s,171,176.0,False,2022.75,2024.0
9927,245,516,s,171,173.0,False,2022.75,2023.25
9928,295,643,s,171,173.0,False,2022.75,2023.25
9929,302,506,s,171,180.0,False,2022.75,2025.0
9930,358,509,s,171,173.0,False,2022.75,2023.25
9931,406,137,s,171,172.0,False,2022.75,2023.0
9932,443,505,s,171,174.0,False,2022.75,2023.5
9933,484,507,s,171,177.0,False,2022.75,2024.25
9934,586,591,s,171,176.0,False,2022.75,2024.0
9935,611,605,s,171,181.0,False,2022.75,2025.25
9936,644,697,s,171,174.0,False,2022.75,2023.5
9937,690,743,s,171,172.0,False,2022.75,2023.0
9938,722,723,s,171,174.0,False,2022.75,2023.5
9939,753,596,s,171,172.0,False,2022.75,2023.0
9940,753,713,s,171,172.0,False,2022.75,2023.0
9941,932,507,s,171,173.0,False,2022.75,2023.25
9942,729,658,l,171,,True,2022.75,
9943,313,569,l,171,,True,2022.75,
9944,482,607,l,171,,True,2022.75,
9945,35,526,s,172,178.0,False,2023.0,2024.5
9946,71,930,s,172,176.0,False,2023.0,2024.0
9947,79,506,s,172,180.0,False,2023.0,2025.0
9948,203,15,s,172,178.0,False,2023.0,2024.5
9949,213,872,s,172,174.0,False,2023.0,2023.5
9950,302,437,s,172,174.0,False,2023.0,2023.5
9951,312,590,s,172,176.0,False,2023.0,2024.0
9952,358,512,s,172,174.0,False,2023.0,2023.5
9953,381,952,s,172,175.0,False,2023.0,2023.75
9954,408,354,s,172,178.0,False,2023.0,2024.5
9955,466,236,s,172,174.0,False,2023.0,2023.5
9956,466,342,s,172,178.0,False,2023.0,2024.5
9957,541,132,s,172,176.0,False,2023.0,2024.0
9958,541,247,s,172,173.0,False,2023.0,2023.25
9959,622,82,s,172,172.0,False,2023.0,2023.0
9960,652,180,s,172,175.0,False,2023.0,2023.75
9961,652,309,s,172,174.0,False,2023.0,2023.5
9962,690,585,s,172,180.0,False,2023.0,2025.0
9963,735,697,s,172,177.0,False,2023.0,2024.25
9964,908,619,s,172,180.0,False,2023.0,2025.0
9965,9,405,s,172,173.0,False,2023.0,2023.25
9966,41,196,s,172,178.0,False,2023.0,2024.5
9967,64,423,s,172,177.0,False,2023.0,2024.25
9968,152,224,s,172,173.0,False,2023.0,2023.25
9969,392,399,s,172,178.0,False,2023.0,2024.5
9970,427,591,s,172,183.0,False,2023.0,2025.75
9971,466,40,s,172,180.0,False,2023.0,2025.0
9972,481,80,s,172,178.0,False,2023.0,2024.5
9973,484,569,s,172,182.0,False,2023.0,2025.5
9974,490,15,s,172,174.0,False,2023.0,2023.5
9975,490,410,s,172,180.0,False,2023.0,2025.0
9976,593,591,s,172,182.0,False,2023.0,2025.5
9977,610,669,s,172,173.0,False,2023.0,2023.25
9978,654,133,s,172,179.0,False,2023.0,2024.75
9979,681,680,s,172,177.0,False,2023.0,2024.25
9980,962,971,s,172,175.0,False,2023.0,2023.75
9981,34,713,s,172,173.0,False,2023.0,2023.25
9982,81,430,s,172,178.0,False,2023.0,2024.5
9983,90,347,s,172,181.0,False,2023.0,2025.25
9984,94,154,s,172,183.0,False,2023.0,2025.75
9985,241,508,s,172,177.0,False,2023.0,2024.25
9986,295,569,s,172,179.0,False,2023.0,2024.75
9987,360,469,s,172,174.0,False,2023.0,2023.5
9988,406,133,s,172,173.0,False,2023.0,2023.25
9989,412,680,s,172,173.0,False,2023.0,2023.25
9990,417,669,s,172,174.0,False,2023.0,2023.5
9991,422,432,s,172,173.0,False,2023.0,2023.25
9992,609,649,s,172,173.0,False,2023.0,2023.25
9993,722,726,s,172,178.0,False,2023.0,2024.5
9994,753,697,s,172,175.0,False,2023.0,2023.75
9995,933,409,s,172,177.0,False,2023.0,2024.25
9996,933,508,s,172,175.0,False,2023.0,2023.75
9997,963,605,s,172,177.0,False,2023.0,2024.25
9998,311,515,l,172,193.0,True,2023.0,2028.25
9999,34,680,s,173,177.0,False,2023.25,2024.25
10000,64,572,s,173,174.0,False,2023.25,2023.5
10001,106,930,s,173,177.0,False,2023.25,2024.25
10002,202,234,s,173,176.0,False,2023.25,2024.0
10003,202,888,s,173,174.0,False,2023.25,2023.5
10004,203,509,s,173,181.0,False,2023.25,2025.25
10005,248,590,s,173,181.0,False,2023.25,2025.25
10006,313,607,s,173,179.0,False,2023.25,2024.75
10007,313,799,s,173,178.0,False,2023.25,2024.5
10008,406,905,s,173,174.0,False,2023.25,2023.5
10009,422,354,s,173,177.0,False,2023.25,2024.25
10010,466,101,s,173,175.0,False,2023.25,2023.75
10011,466,230,s,173,175.0,False,2023.25,2023.75
10012,539,669,s,173,175.0,False,2023.25,2023.75
10013,544,905,s,173,179.0,False,2023.25,2024.75
10014,595,756,s,173,182.0,False,2023.25,2025.5
10015,602,601,s,173,176.0,False,2023.25,2024.0
10016,626,596,s,173,180.0,False,2023.25,2025.0
10017,681,457,s,173,176.0,False,2023.25,2024.0
10018,47,173,s,173,173.0,False,2023.25,2023.25
10019,49,133,s,173,175.0,False,2023.25,2023.75
10020,79,247,s,173,176.0,False,2023.25,2024.0
10021,81,196,s,173,177.0,False,2023.25,2024.25
10022,90,819,s,173,175.0,False,2023.25,2023.75
10023,152,574,s,173,187.0,False,2023.25,2026.75
10024,159,630,s,173,177.0,False,2023.25,2024.25
10025,202,462,s,173,182.0,False,2023.25,2025.5
10026,216,154,s,173,175.0,False,2023.25,2023.75
10027,241,591,s,173,189.0,False,2023.25,2027.25
10028,262,583,s,173,179.0,False,2023.25,2024.75
10029,295,15,s,173,174.0,False,2023.25,2023.5
10030,295,173,s,173,174.0,False,2023.25,2023.5
10031,315,905,s,173,173.0,False,2023.25,2023.25
10032,322,596,s,173,182.0,False,2023.25,2025.5
10033,341,453,s,173,180.0,False,2023.25,2025.0
10034,357,95,s,173,194.0,False,2023.25,2028.5
10035,358,486,s,173,176.0,False,2023.25,2024.0
10036,394,972,s,173,174.0,False,2023.25,2023.5
10037,466,432,s,173,174.0,False,2023.25,2023.5
10038,484,596,s,173,175.0,False,2023.25,2023.75
10039,571,505,s,173,173.0,False,2023.25,2023.25
10040,571,630,s,173,174.0,False,2023.25,2023.5
10041,576,95,s,173,175.0,False,2023.25,2023.75
10042,593,705,s,173,185.0,False,2023.25,2026.25
10043,602,733,s,173,175.0,False,2023.25,2023.75
10044,653,293,s,173,184.0,False,2023.25,2026.0
10045,741,15,s,173,173.0,False,2023.25,2023.25
10046,761,762,s,173,180.0,False,2023.25,2025.0
10047,909,694,s,173,184.0,False,2023.25,2026.0
10048,35,405,s,173,175.0,False,2023.25,2023.75
10049,46,510,s,173,178.0,False,2023.25,2024.5
10050,64,409,s,173,174.0,False,2023.25,2023.5
10051,94,517,s,173,177.0,False,2023.25,2024.25
10052,141,95,s,173,174.0,False,2023.25,2023.5
10053,202,54,s,173,186.0,False,2023.25,2026.5
10054,241,175,s,173,188.0,False,2023.25,2027.0
10055,245,843,s,173,178.0,False,2023.25,2024.5
10056,316,110,s,173,175.0,False,2023.25,2023.75
10057,392,505,s,173,174.0,False,2023.25,2023.5
10058,541,296,s,173,181.0,False,2023.25,2025.25
10059,586,150,s,173,175.0,False,2023.25,2023.75
10060,706,726,s,173,176.0,False,2023.25,2024.0
10061,741,24,s,173,175.0,False,2023.25,2023.75
10062,811,75,s,173,176.0,False,2023.25,2024.0
10063,889,569,s,173,175.0,False,2023.25,2023.75
10064,909,972,s,173,176.0,False,2023.25,2024.0
10065,53,418,l,173,,True,2023.25,
10066,9,232,s,174,175.0,False,2023.5,2023.75
10067,11,517,s,174,176.0,False,2023.5,2024.0
10068,34,683,s,174,175.0,False,2023.5,2023.75
10069,41,437,s,174,177.0,False,2023.5,2024.25
10070,64,82,s,174,176.0,False,2023.5,2024.0
10071,64,971,s,174,177.0,False,2023.5,2024.25
10072,121,521,s,174,176.0,False,2023.5,2024.0
10073,195,521,s,174,176.0,False,2023.5,2024.0
10074,213,247,s,174,176.0,False,2023.5,2024.0
10075,262,637,s,174,178.0,False,2023.5,2024.5
10076,313,677,s,174,175.0,False,2023.5,2023.75
10077,323,453,s,174,178.0,False,2023.5,2024.5
10078,330,423,s,174,175.0,False,2023.5,2023.75
10079,412,677,s,174,177.0,False,2023.5,2024.25
10080,443,637,s,174,180.0,False,2023.5,2025.0
10081,482,628,s,174,178.0,False,2023.5,2024.5
10082,635,762,s,174,175.0,False,2023.5,2023.75
10083,706,309,s,174,175.0,False,2023.5,2023.75
10084,802,601,s,174,179.0,False,2023.5,2024.75
10085,41,80,s,174,175.0,False,2023.5,2023.75
10086,41,512,s,174,175.0,False,2023.5,2023.75
10087,46,95,s,174,178.0,False,2023.5,2024.5
10088,49,222,s,174,177.0,False,2023.5,2024.25
10089,113,101,s,174,179.0,False,2023.5,2024.75
10090,121,941,s,174,179.0,False,2023.5,2024.75
10091,152,506,s,174,179.0,False,2023.5,2024.75
10092,152,852,s,174,181.0,False,2023.5,2025.25
10093,203,513,s,174,177.0,False,2023.5,2024.25
10094,213,574,s,174,175.0,False,2023.5,2023.75
10095,262,590,s,174,178.0,False,2023.5,2024.5
10096,305,569,s,174,184.0,False,2023.5,2026.0
10097,316,479,s,174,187.0,False,2023.5,2026.75
10098,392,510,s,174,183.0,False,2023.5,2025.75
10099,408,405,s,174,182.0,False,2023.5,2025.5
10100,466,338,s,174,176.0,False,2023.5,2024.0
10101,588,230,s,174,176.0,False,2023.5,2024.0
10102,667,683,s,174,176.0,False,2023.5,2024.0
10103,741,634,s,174,179.0,False,2023.5,2024.75
10104,761,721,s,174,181.0,False,2023.5,2025.25
10105,6,818,s,174,175.0,False,2023.5,2023.75
10106,64,345,s,174,186.0,False,2023.5,2026.5
10107,106,952,s,174,177.0,False,2023.5,2024.25
10108,203,255,s,174,175.0,False,2023.5,2023.75
10109,213,514,s,174,177.0,False,2023.5,2024.25
10110,266,146,s,174,180.0,False,2023.5,2025.0
10111,266,321,s,174,179.0,False,2023.5,2024.75
10112,302,582,s,174,176.0,False,2023.5,2024.0
10113,313,343,s,174,175.0,False,2023.5,2023.75
10114,406,650,s,174,175.0,False,2023.5,2023.75
10115,493,55,s,174,178.0,False,2023.5,2024.5
10116,541,343,s,174,178.0,False,2023.5,2024.5
10117,581,650,s,174,178.0,False,2023.5,2024.5
10118,586,69,s,174,183.0,False,2023.5,2025.75
10119,588,605,s,174,176.0,False,2023.5,2024.0
10120,609,733,s,174,181.0,False,2023.5,2025.25
10121,624,721,s,174,175.0,False,2023.5,2023.75
10122,689,680,s,174,181.0,False,2023.5,2025.25
10123,689,756,s,174,179.0,False,2023.5,2024.75
10124,722,733,s,174,176.0,False,2023.5,2024.0
10125,734,788,s,174,175.0,False,2023.5,2023.75
10126,741,619,s,174,177.0,False,2023.5,2024.25
10127,889,585,s,174,184.0,False,2023.5,2026.0
10128,543,343,l,174,212.0,True,2023.5,2033.0
10129,172,591,l,174,,True,2023.5,
10130,35,354,s,175,178.0,False,2023.75,2024.5
10131,64,430,s,175,176.0,False,2023.75,2024.0
10132,190,439,s,175,179.0,False,2023.75,2024.75
10133,213,69,s,175,183.0,False,2023.75,2025.75
10134,262,101,s,175,182.0,False,2023.75,2025.5
10135,262,634,s,175,180.0,False,2023.75,2025.0
10136,305,55,s,175,178.0,False,2023.75,2024.5
10137,588,347,s,175,176.0,False,2023.75,2024.0
10138,609,505,s,175,180.0,False,2023.75,2025.0
10139,654,872,s,175,176.0,False,2023.75,2024.0
10140,722,697,s,175,178.0,False,2023.75,2024.5
10141,738,677,s,175,178.0,False,2023.75,2024.5
10142,771,712,s,175,182.0,False,2023.75,2025.5
10143,932,658,s,175,188.0,False,2023.75,2027.0
10144,962,762,s,175,177.0,False,2023.75,2024.25
10145,975,497,s,175,176.0,False,2023.75,2024.0
10146,241,99,s,175,181.0,False,2023.75,2025.25
10147,241,572,s,175,181.0,False,2023.75,2025.25
10148,266,399,s,175,175.0,False,2023.75,2023.75
10149,291,680,s,175,178.0,False,2023.75,2024.5
10150,313,661,s,175,178.0,False,2023.75,2024.5
10151,341,508,s,175,181.0,False,2023.75,2025.25
10152,406,101,s,175,178.0,False,2023.75,2024.5
10153,450,574,s,175,181.0,False,2023.75,2025.25
10154,482,591,s,175,176.0,False,2023.75,2024.0
10155,568,591,s,175,179.0,False,2023.75,2024.75
10156,581,708,s,175,178.0,False,2023.75,2024.5
10157,610,677,s,175,180.0,False,2023.75,2025.0
10158,653,508,s,175,176.0,False,2023.75,2024.0
10159,729,664,s,175,176.0,False,2023.75,2024.0
10160,908,768,s,175,178.0,False,2023.75,2024.5
10161,933,283,s,175,179.0,False,2023.75,2024.75
10162,396,621,s,175,180.0,False,2023.75,2025.0
10163,921,243,s,175,176.0,False,2023.75,2024.0
10164,801,816,s,175,180.0,False,2023.75,2025.0
10165,817,754,s,175,176.0,False,2023.75,2024.0
10166,824,743,s,175,179.0,False,2023.75,2024.75
10167,797,724,s,175,177.0,False,2023.75,2024.25
10168,716,960,s,175,177.0,False,2023.75,2024.25
10169,725,704,s,175,179.0,False,2023.75,2024.75
10170,715,682,s,175,176.0,False,2023.75,2024.0
10171,810,723,s,175,176.0,False,2023.75,2024.0
10172,974,407,s,175,180.0,False,2023.75,2025.0
10173,731,185,s,175,176.0,False,2023.75,2024.0
10174,119,919,s,175,180.0,False,2023.75,2025.0
10175,545,906,s,175,178.0,False,2023.75,2024.5
10176,332,617,s,175,177.0,False,2023.75,2024.25
10177,651,636,s,175,182.0,False,2023.75,2025.5
10178,834,870,s,175,179.0,False,2023.75,2024.75
10179,34,75,s,175,177.0,False,2023.75,2024.25
10180,48,80,s,175,177.0,False,2023.75,2024.25
10181,197,437,s,175,176.0,False,2023.75,2024.0
10182,203,146,s,175,183.0,False,2023.75,2025.75
10183,213,54,s,175,178.0,False,2023.75,2024.5
10184,213,196,s,175,179.0,False,2023.75,2024.75
10185,302,508,s,175,176.0,False,2023.75,2024.0
10186,313,612,s,175,179.0,False,2023.75,2024.75
10187,357,818,s,175,178.0,False,2023.75,2024.5
10188,406,399,s,175,186.0,False,2023.75,2026.5
10189,481,572,s,175,176.0,False,2023.75,2024.0
10190,493,512,s,175,176.0,False,2023.75,2024.0
10191,540,345,s,175,184.0,False,2023.75,2026.0
10192,541,591,s,175,177.0,False,2023.75,2024.25
10193,571,670,s,175,176.0,False,2023.75,2024.0
10194,595,726,s,175,183.0,False,2023.75,2025.75
10195,599,608,s,175,188.0,False,2023.75,2027.0
10196,624,619,s,175,188.0,False,2023.75,2027.0
10197,653,230,s,175,176.0,False,2023.75,2024.0
10198,722,601,s,175,180.0,False,2023.75,2025.0
10199,774,756,s,175,186.0,False,2023.75,2026.5
10200,802,756,s,175,178.0,False,2023.75,2024.5
10201,854,723,s,175,181.0,False,2023.75,2025.25
10202,412,505,l,175,,True,2023.75,
10203,313,572,l,175,,True,2023.75,
10204,124,462,s,176,177.0,False,2024.0,2024.25
10205,295,509,s,176,179.0,False,2024.0,2024.75
10206,311,24,s,176,181.0,False,2024.0,2025.25
10207,316,941,s,176,184.0,False,2024.0,2026.0
10208,332,505,s,176,177.0,False,2024.0,2024.25
10209,406,189,s,176,176.0,False,2024.0,2024.0
10210,412,682,s,176,187.0,False,2024.0,2026.75
10211,466,436,s,176,176.0,False,2024.0,2024.0
10212,484,658,s,176,179.0,False,2024.0,2024.75
10213,540,498,s,176,177.0,False,2024.0,2024.25
10214,543,133,s,176,177.0,False,2024.0,2024.25
10215,595,508,s,176,182.0,False,2024.0,2025.5
10216,639,756,s,176,180.0,False,2024.0,2025.0
10217,706,768,s,176,179.0,False,2024.0,2024.75
10218,729,756,s,176,181.0,False,2024.0,2025.25
10219,730,619,s,176,180.0,False,2024.0,2025.0
10220,730,971,s,176,177.0,False,2024.0,2024.25
10221,735,582,s,176,180.0,False,2024.0,2025.0
10222,741,283,s,176,178.0,False,2024.0,2024.5
10223,741,508,s,176,176.0,False,2024.0,2024.0
10224,802,763,s,176,177.0,False,2024.0,2024.25
10225,6,479,s,176,178.0,False,2024.0,2024.5
10226,64,512,s,176,178.0,False,2024.0,2024.5
10227,152,198,s,176,185.0,False,2024.0,2026.25
10228,192,591,s,176,184.0,False,2024.0,2026.0
10229,195,217,s,176,178.0,False,2024.0,2024.5
10230,203,101,s,176,182.0,False,2024.0,2025.5
10231,242,439,s,176,177.0,False,2024.0,2024.25
10232,305,508,s,176,177.0,False,2024.0,2024.25
10233,323,418,s,176,187.0,False,2024.0,2026.75
10234,341,15,s,176,177.0,False,2024.0,2024.25
10235,358,437,s,176,180.0,False,2024.0,2025.0
10236,381,232,s,176,189.0,False,2024.0,2027.25
10237,396,69,s,176,176.0,False,2024.0,2024.0
10238,417,99,s,176,178.0,False,2024.0,2024.5
10239,481,972,s,176,183.0,False,2024.0,2025.75
10240,541,24,s,176,179.0,False,2024.0,2024.75
10241,571,582,s,176,186.0,False,2024.0,2026.5
10242,581,982,s,176,177.0,False,2024.0,2024.25
10243,599,784,s,176,178.0,False,2024.0,2024.5
10244,709,683,s,176,179.0,False,2024.0,2024.75
10245,722,972,s,176,179.0,False,2024.0,2024.75
10246,889,573,s,176,179.0,False,2024.0,2024.75
10247,909,637,s,176,177.0,False,2024.0,2024.25
10248,986,61,s,176,184.0,False,2024.0,2026.0
10249,9,236,s,176,180.0,False,2024.0,2025.0
10250,34,600,s,176,189.0,False,2024.0,2027.25
10251,49,69,s,176,184.0,False,2024.0,2026.0
10252,79,670,s,176,183.0,False,2024.0,2025.75
10253,90,423,s,176,204.0,False,2024.0,2031.0
10254,192,512,s,176,184.0,False,2024.0,2026.0
10255,262,628,s,176,179.0,False,2024.0,2024.75
10256,305,24,s,176,184.0,False,2024.0,2026.0
10257,313,619,s,176,179.0,False,2024.0,2024.75
10258,330,95,s,176,179.0,False,2024.0,2024.75
10259,482,55,s,176,182.0,False,2024.0,2025.5
10260,482,230,s,176,178.0,False,2024.0,2024.5
10261,593,619,s,176,179.0,False,2024.0,2024.75
10262,609,591,s,176,177.0,False,2024.0,2024.25
10263,610,607,s,176,183.0,False,2024.0,2025.75
10264,653,591,s,176,180.0,False,2024.0,2025.0
10265,722,670,s,176,182.0,False,2024.0,2025.5
10266,781,683,s,176,177.0,False,2024.0,2024.25
10267,811,61,s,176,177.0,False,2024.0,2024.25
10268,820,704,s,176,177.0,False,2024.0,2024.25
10269,599,723,l,176,181.0,True,2024.0,2025.25
10270,46,971,s,177,178.0,False,2024.25,2024.5
10271,64,596,s,177,185.0,False,2024.25,2026.25
10272,186,919,s,177,182.0,False,2024.25,2025.5
10273,192,506,s,177,178.0,False,2024.25,2024.5
10274,197,677,s,177,184.0,False,2024.25,2026.0
10275,203,61,s,177,179.0,False,2024.25,2024.75
10276,241,569,s,177,189.0,False,2024.25,2027.25
10277,241,605,s,177,178.0,False,2024.25,2024.5
10278,248,650,s,177,182.0,False,2024.25,2025.5
10279,340,293,s,177,179.0,False,2024.25,2024.75
10280,341,95,s,177,179.0,False,2024.25,2024.75
10281,358,51,s,177,178.0,False,2024.25,2024.5
10282,406,146,s,177,177.0,False,2024.25,2024.25
10283,422,217,s,177,179.0,False,2024.25,2024.75
10284,466,146,s,177,179.0,False,2024.25,2024.75
10285,466,930,s,177,181.0,False,2024.25,2025.25
10286,482,75,s,177,192.0,False,2024.25,2028.0
10287,502,61,s,177,184.0,False,2024.25,2026.0
10288,550,185,s,177,179.0,False,2024.25,2024.75
10289,653,636,s,177,182.0,False,2024.25,2025.5
10290,689,762,s,177,178.0,False,2024.25,2024.5
10291,722,682,s,177,179.0,False,2024.25,2024.75
10292,752,617,s,177,178.0,False,2024.25,2024.5
10293,921,972,s,177,180.0,False,2024.25,2025.0
10294,9,486,s,177,177.0,False,2024.25,2024.25
10295,26,15,s,177,178.0,False,2024.25,2024.5
10296,34,670,s,177,181.0,False,2024.25,2025.25
10297,34,677,s,177,179.0,False,2024.25,2024.75
10298,64,61,s,177,180.0,False,2024.25,2025.0
10299,152,621,s,177,180.0,False,2024.25,2025.0
10300,213,799,s,177,188.0,False,2024.25,2027.0
10301,311,457,s,177,179.0,False,2024.25,2024.75
10302,367,95,s,177,195.0,False,2024.25,2028.75
10303,392,15,s,177,190.0,False,2024.25,2027.5
10304,586,508,s,177,183.0,False,2024.25,2025.75
10305,706,754,s,177,179.0,False,2024.25,2024.75
10306,745,960,s,177,177.0,False,2024.25,2024.25
10307,771,768,s,177,182.0,False,2024.25,2025.5
10308,34,733,s,177,178.0,False,2024.25,2024.5
10309,124,272,s,177,188.0,False,2024.25,2027.0
10310,167,61,s,177,180.0,False,2024.25,2025.0
10311,202,818,s,177,188.0,False,2024.25,2027.0
10312,262,683,s,177,178.0,False,2024.25,2024.5
10313,266,515,s,177,207.0,False,2024.25,2031.75
10314,305,505,s,177,178.0,False,2024.25,2024.5
10315,311,574,s,177,178.0,False,2024.25,2024.5
10316,322,505,s,177,180.0,False,2024.25,2025.0
10317,332,583,s,177,180.0,False,2024.25,2025.0
10318,367,150,s,177,193.0,False,2024.25,2028.25
10319,392,375,s,177,182.0,False,2024.25,2025.5
10320,626,590,s,177,185.0,False,2024.25,2026.25
10321,629,708,s,177,183.0,False,2024.25,2025.75
10322,652,507,s,177,179.0,False,2024.25,2024.75
10323,811,40,s,177,178.0,False,2024.25,2024.5
10324,889,507,s,177,181.0,False,2024.25,2025.25
10325,986,146,s,177,181.0,False,2024.25,2025.25
10326,392,345,l,177,227.0,True,2024.25,2036.75
10327,203,636,l,177,,True,2024.25,
10328,9,189,s,178,185.0,False,2024.5,2026.25
10329,34,634,s,178,178.0,False,2024.5,2024.5
10330,34,682,s,178,180.0,False,2024.5,2025.0
10331,64,591,s,178,181.0,False,2024.5,2025.25
10332,213,596,s,178,182.0,False,2024.5,2025.5
10333,266,418,s,178,178.0,False,2024.5,2024.5
10334,313,75,s,178,178.0,False,2024.5,2024.5
10335,357,198,s,178,178.0,False,2024.5,2024.5
10336,417,636,s,178,178.0,False,2024.5,2024.5
10337,450,819,s,178,180.0,False,2024.5,2025.0
10338,482,146,s,178,178.0,False,2024.5,2024.5
10339,540,508,s,178,180.0,False,2024.5,2025.0
10340,635,756,s,178,181.0,False,2024.5,2025.25
10341,722,707,s,178,186.0,False,2024.5,2026.5
10342,730,707,s,178,182.0,False,2024.5,2025.5
10343,774,697,s,178,179.0,False,2024.5,2024.75
10344,908,682,s,178,178.0,False,2024.5,2024.5
10345,963,612,s,178,181.0,False,2024.5,2025.25
10346,34,664,s,178,179.0,False,2024.5,2024.75
10347,34,708,s,178,184.0,False,2024.5,2026.0
10348,46,569,s,178,182.0,False,2024.5,2025.5
10349,53,799,s,178,179.0,False,2024.5,2024.75
10350,94,15,s,178,179.0,False,2024.5,2024.75
10351,248,636,s,178,181.0,False,2024.5,2025.25
10352,311,516,s,178,179.0,False,2024.5,2024.75
10353,357,418,s,178,181.0,False,2024.5,2025.25
10354,396,516,s,178,187.0,False,2024.5,2026.75
10355,406,132,s,178,184.0,False,2024.5,2026.0
10356,466,405,s,178,178.0,False,2024.5,2024.5
10357,466,432,s,178,181.0,False,2024.5,2025.25
10358,581,418,s,178,179.0,False,2024.5,2024.75
10359,581,707,s,178,187.0,False,2024.5,2026.75
10360,622,636,s,178,179.0,False,2024.5,2024.75
10361,676,683,s,178,180.0,False,2024.5,2025.0
10362,730,569,s,178,179.0,False,2024.5,2024.75
10363,740,582,s,178,185.0,False,2024.5,2026.25
10364,741,605,s,178,183.0,False,2024.5,2025.75
10365,889,24,s,178,183.0,False,2024.5,2025.75
10366,889,99,s,178,186.0,False,2024.5,2026.5
10367,985,591,s,178,184.0,False,2024.5,2026.0
10368,213,293,s,178,179.0,False,2024.5,2024.75
10369,295,146,s,178,181.0,False,2024.5,2025.25
10370,295,375,s,178,188.0,False,2024.5,2027.0
10371,311,99,s,178,181.0,False,2024.5,2025.25
10372,341,132,s,178,183.0,False,2024.5,2025.75
10373,360,101,s,178,179.0,False,2024.5,2024.75
10374,363,189,s,178,183.0,False,2024.5,2025.75
10375,396,650,s,178,186.0,False,2024.5,2026.5
10376,402,600,s,178,180.0,False,2024.5,2025.0
10377,466,175,s,178,185.0,False,2024.5,2026.25
10378,466,196,s,178,183.0,False,2024.5,2025.75
10379,544,293,s,178,179.0,False,2024.5,2024.75
10380,593,628,s,178,184.0,False,2024.5,2026.0
10381,623,154,s,178,180.0,False,2024.5,2025.0
10382,644,762,s,178,180.0,False,2024.5,2025.0
10383,676,572,s,178,181.0,False,2024.5,2025.25
10384,696,670,s,178,181.0,False,2024.5,2025.25
10385,709,756,s,178,183.0,False,2024.5,2025.75
10386,722,582,s,178,191.0,False,2024.5,2027.75
10387,722,723,s,178,184.0,False,2024.5,2026.0
10388,722,762,s,178,182.0,False,2024.5,2025.5
10389,817,756,s,178,192.0,False,2024.5,2028.0
10390,363,405,l,178,195.0,True,2024.5,2028.75
10391,186,941,l,178,184.0,True,2024.5,2026.0
10392,341,625,l,178,208.0,True,2024.5,2032.0
10393,9,507,s,179,180.0,False,2024.75,2025.0
10394,41,520,s,179,179.0,False,2024.75,2024.75
10395,48,198,s,179,195.0,False,2024.75,2028.75
10396,113,497,s,179,179.0,False,2024.75,2024.75
10397,159,508,s,179,198.0,False,2024.75,2029.5
10398,197,180,s,179,185.0,False,2024.75,2026.25
10399,213,61,s,179,182.0,False,2024.75,2025.5
10400,213,601,s,179,189.0,False,2024.75,2027.25
10401,241,61,s,179,182.0,False,2024.75,2025.5
10402,266,799,s,179,182.0,False,2024.75,2025.5
10403,295,505,s,179,179.0,False,2024.75,2024.75
10404,303,508,s,179,180.0,False,2024.75,2025.0
10405,392,512,s,179,184.0,False,2024.75,2026.0
10406,417,756,s,179,182.0,False,2024.75,2025.5
10407,422,101,s,179,182.0,False,2024.75,2025.5
10408,443,682,s,179,183.0,False,2024.75,2025.75
10409,483,497,s,179,181.0,False,2024.75,2025.25
10410,610,756,s,179,192.0,False,2024.75,2028.0
10411,963,658,s,179,183.0,False,2024.75,2025.75
10412,46,15,s,179,180.0,False,2024.75,2025.0
10413,159,569,s,179,181.0,False,2024.75,2025.25
10414,248,512,s,179,184.0,False,2024.75,2026.0
10415,294,101,s,179,186.0,False,2024.75,2026.5
10416,294,930,s,179,181.0,False,2024.75,2025.25
10417,313,255,s,179,180.0,False,2024.75,2025.0
10418,315,75,s,179,179.0,False,2024.75,2024.75
10419,450,222,s,179,180.0,False,2024.75,2025.0
10420,540,636,s,179,179.0,False,2024.75,2024.75
10421,543,101,s,179,181.0,False,2024.75,2025.25
10422,547,185,s,179,188.0,False,2024.75,2027.0
10423,547,407,s,179,187.0,False,2024.75,2026.75
10424,586,677,s,179,180.0,False,2024.75,2025.0
10425,644,636,s,179,184.0,False,2024.75,2026.0
10426,675,694,s,179,182.0,False,2024.75,2025.5
10427,722,591,s,179,180.0,False,2024.75,2025.0
10428,722,692,s,179,183.0,False,2024.75,2025.75
10429,722,721,s,179,182.0,False,2024.75,2025.5
10430,730,694,s,179,181.0,False,2024.75,2025.25
10431,741,585,s,179,183.0,False,2024.75,2025.75
10432,802,708,s,179,183.0,False,2024.75,2025.75
10433,889,69,s,179,186.0,False,2024.75,2026.5
10434,889,283,s,179,190.0,False,2024.75,2027.5
10435,909,658,s,179,179.0,False,2024.75,2024.75
10436,666,788,s,179,185.0,False,2024.75,2026.25
10437,701,776,s,179,185.0,False,2024.75,2026.25
10438,660,736,s,179,183.0,False,2024.75,2025.75
10439,700,643,s,179,185.0,False,2024.75,2026.25
10440,810,833,s,179,180.0,False,2024.75,2025.0
10441,779,786,s,179,181.0,False,2024.75,2025.25
10442,765,775,s,179,184.0,False,2024.75,2026.0
10443,781,685,s,179,185.0,False,2024.75,2026.25
10444,752,661,s,179,186.0,False,2024.75,2026.5
10445,777,669,s,179,181.0,False,2024.75,2025.25
10446,88,514,s,179,180.0,False,2024.75,2025.0
10447,383,952,s,179,180.0,False,2024.75,2025.0
10448,35,906,s,179,180.0,False,2024.75,2025.0
10449,731,940,s,179,180.0,False,2024.75,2025.0
10450,12,269,s,179,180.0,False,2024.75,2025.0
10451,822,796,s,179,182.0,False,2024.75,2025.5
10452,820,830,s,179,182.0,False,2024.75,2025.5
10453,592,617,s,179,181.0,False,2024.75,2025.25
10454,394,618,s,179,182.0,False,2024.75,2025.5
10455,204,971,s,179,181.0,False,2024.75,2025.25
10456,725,836,s,179,188.0,False,2024.75,2027.0
10457,718,831,s,179,182.0,False,2024.75,2025.5
10458,715,814,s,179,180.0,False,2024.75,2025.0
10459,544,28,s,179,186.0,False,2024.75,2026.5
10460,642,77,s,179,182.0,False,2024.75,2025.5
10461,30,211,s,179,180.0,False,2024.75,2025.0
10462,191,872,s,179,181.0,False,2024.75,2025.25
10463,12,497,s,179,184.0,False,2024.75,2026.0
10464,64,621,s,179,184.0,False,2024.75,2026.0
10465,167,888,s,179,181.0,False,2024.75,2025.25
10466,186,526,s,179,182.0,False,2024.75,2025.5
10467,241,605,s,179,180.0,False,2024.75,2025.0
10468,262,569,s,179,183.0,False,2024.75,2025.75
10469,262,591,s,179,181.0,False,2024.75,2025.25
10470,358,132,s,179,181.0,False,2024.75,2025.25
10471,392,573,s,179,182.0,False,2024.75,2025.5
10472,417,658,s,179,181.0,False,2024.75,2025.25
10473,481,509,s,179,183.0,False,2024.75,2025.75
10474,543,799,s,179,181.0,False,2024.75,2025.25
10475,550,405,s,179,182.0,False,2024.75,2025.5
10476,642,591,s,179,182.0,False,2024.75,2025.5
10477,642,682,s,179,180.0,False,2024.75,2025.0
10478,652,283,s,179,182.0,False,2024.75,2025.5
10479,722,583,s,179,182.0,False,2024.75,2025.5
10480,722,664,s,179,185.0,False,2024.75,2026.25
10481,933,572,s,179,182.0,False,2024.75,2025.5
10482,986,321,s,179,189.0,False,2024.75,2027.25
10483,119,445,l,179,180.0,True,2024.75,2025.0
10484,192,509,l,179,,True,2024.75,
10485,332,508,l,179,,True,2024.75,
10486,94,506,s,180,182.0,False,2025.0,2025.5
10487,186,354,s,180,184.0,False,2025.0,2026.0
10488,191,507,s,180,191.0,False,2025.0,2027.75
10489,241,309,s,180,191.0,False,2025.0,2027.75
10490,291,375,s,180,184.0,False,2025.0,2026.0
10491,311,596,s,180,182.0,False,2025.0,2025.5
10492,315,132,s,180,180.0,False,2025.0,2025.0
10493,392,972,s,180,180.0,False,2025.0,2025.0
10494,402,628,s,180,185.0,False,2025.0,2026.25
10495,460,224,s,180,188.0,False,2025.0,2027.0
10496,653,255,s,180,181.0,False,2025.0,2025.25
10497,706,670,s,180,183.0,False,2025.0,2025.75
10498,780,304,s,180,185.0,False,2025.0,2026.25
10499,781,763,s,180,189.0,False,2025.0,2027.25
10500,811,465,s,180,184.0,False,2025.0,2026.0
10501,817,776,s,180,191.0,False,2025.0,2027.75
10502,46,224,s,180,184.0,False,2025.0,2026.0
10503,46,445,s,180,181.0,False,2025.0,2025.25
10504,127,82,s,180,190.0,False,2025.0,2027.5
10505,190,497,s,180,199.0,False,2025.0,2029.75
10506,191,508,s,180,185.0,False,2025.0,2026.25
10507,202,906,s,180,180.0,False,2025.0,2025.0
10508,213,508,s,180,181.0,False,2025.0,2025.25
10509,294,284,s,180,181.0,False,2025.0,2025.25
10510,303,591,s,180,183.0,False,2025.0,2025.75
10511,414,439,s,180,188.0,False,2025.0,2027.0
10512,444,508,s,180,180.0,False,2025.0,2025.0
10513,546,479,s,180,184.0,False,2025.0,2026.0
10514,571,694,s,180,184.0,False,2025.0,2026.0
10515,653,309,s,180,184.0,False,2025.0,2026.0
10516,653,569,s,180,190.0,False,2025.0,2027.5
10517,735,736,s,180,182.0,False,2025.0,2025.5
10518,811,24,s,180,180.0,False,2025.0,2025.0
10519,854,756,s,180,190.0,False,2025.0,2027.5
10520,908,637,s,180,182.0,False,2025.0,2025.5
10521,933,799,s,180,183.0,False,2025.0,2025.75
10522,48,437,s,180,187.0,False,2025.0,2026.75
10523,113,375,s,180,181.0,False,2025.0,2025.25
10524,192,510,s,180,185.0,False,2025.0,2026.25
10525,242,304,s,180,181.0,False,2025.0,2025.25
10526,291,636,s,180,184.0,False,2025.0,2026.0
10527,294,436,s,180,187.0,False,2025.0,2026.75
10528,313,618,s,180,181.0,False,2025.0,2025.25
10529,357,453,s,180,182.0,False,2025.0,2025.5
10530,360,512,s,180,183.0,False,2025.0,2025.75
10531,483,498,s,180,187.0,False,2025.0,2026.75
10532,483,888,s,180,182.0,False,2025.0,2025.5
10533,490,296,s,180,181.0,False,2025.0,2025.25
10534,811,508,s,180,188.0,False,2025.0,2027.0
10535,963,762,s,180,186.0,False,2025.0,2026.5
10536,824,768,l,180,,True,2025.0,
10537,330,296,l,180,188.0,True,2025.0,2027.0
10538,64,423,s,181,182.0,False,2025.25,2025.5
10539,79,591,s,181,181.0,False,2025.25,2025.25
10540,241,618,s,181,182.0,False,2025.25,2025.5
10541,305,608,s,181,187.0,False,2025.25,2026.75
10542,332,585,s,181,186.0,False,2025.25,2026.5
10543,341,445,s,181,184.0,False,2025.25,2026.0
10544,396,255,s,181,190.0,False,2025.25,2027.5
10545,402,399,s,181,187.0,False,2025.25,2026.75
10546,466,498,s,181,200.0,False,2025.25,2030.0
10547,466,906,s,181,187.0,False,2025.25,2026.75
10548,493,347,s,181,182.0,False,2025.25,2025.5
10549,609,582,s,181,187.0,False,2025.25,2026.75
10550,652,572,s,181,182.0,False,2025.25,2025.5
10551,787,756,s,181,199.0,False,2025.25,2029.75
10552,9,115,s,181,182.0,False,2025.25,2025.5
10553,113,432,s,181,183.0,False,2025.25,2025.75
10554,291,150,s,181,183.0,False,2025.25,2025.75
10555,294,843,s,181,188.0,False,2025.25,2027.0
10556,311,61,s,181,185.0,False,2025.25,2026.25
10557,392,465,s,181,185.0,False,2025.25,2026.25
10558,394,694,s,181,192.0,False,2025.25,2028.0
10559,396,296,s,181,187.0,False,2025.25,2026.75
10560,406,77,s,181,185.0,False,2025.25,2026.25
10561,406,95,s,181,182.0,False,2025.25,2025.5
10562,414,328,s,181,188.0,False,2025.25,2027.0
10563,427,636,s,181,186.0,False,2025.25,2026.5
10564,480,630,s,181,186.0,False,2025.25,2026.5
10565,482,505,s,181,188.0,False,2025.25,2027.0
10566,581,664,s,181,183.0,False,2025.25,2025.75
10567,653,399,s,181,181.0,False,2025.25,2025.25
10568,660,664,s,181,184.0,False,2025.25,2026.0
10569,761,682,s,181,184.0,False,2025.25,2026.0
10570,783,708,s,181,183.0,False,2025.25,2025.75
10571,889,596,s,181,181.0,False,2025.25,2025.25
10572,963,601,s,181,186.0,False,2025.25,2026.5
10573,986,457,s,181,183.0,False,2025.25,2025.75
10574,986,582,s,181,183.0,False,2025.25,2025.75
10575,64,154,s,181,184.0,False,2025.25,2026.0
10576,124,101,s,181,184.0,False,2025.25,2026.0
10577,172,669,s,181,183.0,False,2025.25,2025.75
10578,183,508,s,181,182.0,False,2025.25,2025.5
10579,203,503,s,181,185.0,False,2025.25,2026.25
10580,213,101,s,181,182.0,False,2025.25,2025.5
10581,241,905,s,181,185.0,False,2025.25,2026.25
10582,266,198,s,181,186.0,False,2025.25,2026.5
10583,295,852,s,181,184.0,False,2025.25,2026.0
10584,316,101,s,181,196.0,False,2025.25,2029.0
10585,460,508,s,181,189.0,False,2025.25,2027.25
10586,544,230,s,181,185.0,False,2025.25,2026.25
10587,635,643,s,181,186.0,False,2025.25,2026.5
10588,652,799,s,181,182.0,False,2025.25,2025.5
10589,653,585,s,181,187.0,False,2025.25,2026.75
10590,675,707,s,181,185.0,False,2025.25,2026.25
10591,725,694,s,181,184.0,False,2025.25,2026.0
10592,741,375,s,181,193.0,False,2025.25,2028.25
10593,781,680,s,181,182.0,False,2025.25,2025.5
10594,824,694,s,181,182.0,False,2025.25,2025.5
10595,889,971,s,181,184.0,False,2025.25,2026.0
10596,932,786,s,181,186.0,False,2025.25,2026.5
10597,962,634,s,181,183.0,False,2025.25,2025.75
10598,127,407,l,181,228.0,True,2025.25,2037.0
10599,480,283,l,181,,True,2025.25,
10600,611,737,l,181,,True,2025.25,
10601,48,453,s,182,183.0,False,2025.5,2025.75
10602,88,952,s,182,182.0,False,2025.5,2025.5
10603,159,585,s,182,186.0,False,2025.5,2026.5
10604,169,972,s,182,185.0,False,2025.5,2026.25
10605,262,636,s,182,183.0,False,2025.5,2025.75
10606,322,82,s,182,187.0,False,2025.5,2026.75
10607,340,129,s,182,182.0,False,2025.5,2025.5
10608,358,515,s,182,185.0,False,2025.5,2026.25
10609,360,569,s,182,182.0,False,2025.5,2025.5
10610,417,643,s,182,186.0,False,2025.5,2026.5
10611,450,150,s,182,184.0,False,2025.5,2026.0
10612,484,637,s,182,182.0,False,2025.5,2025.5
10613,490,61,s,182,185.0,False,2025.5,2026.25
10614,504,572,s,182,185.0,False,2025.5,2026.25
10615,624,726,s,182,183.0,False,2025.5,2025.75
10616,626,506,s,182,183.0,False,2025.5,2025.75
10617,718,736,s,182,183.0,False,2025.5,2025.75
10618,722,685,s,182,188.0,False,2025.5,2027.0
10619,30,799,s,182,184.0,False,2025.5,2026.0
10620,34,661,s,182,185.0,False,2025.5,2026.25
10621,48,506,s,182,184.0,False,2025.5,2026.0
10622,94,342,s,182,182.0,False,2025.5,2025.5
10623,159,888,s,182,184.0,False,2025.5,2026.0
10624,191,517,s,182,183.0,False,2025.5,2025.75
10625,302,432,s,182,192.0,False,2025.5,2028.0
10626,330,283,s,182,198.0,False,2025.5,2029.5
10627,392,453,s,182,184.0,False,2025.5,2026.0
10628,394,173,s,182,193.0,False,2025.5,2028.25
10629,482,971,s,182,185.0,False,2025.5,2026.25
10630,490,196,s,182,184.0,False,2025.5,2026.0
10631,493,888,s,182,182.0,False,2025.5,2025.5
10632,592,173,s,182,185.0,False,2025.5,2026.25
10633,722,683,s,182,183.0,False,2025.5,2025.75
10634,722,831,s,182,190.0,False,2025.5,2027.5
10635,783,617,s,182,185.0,False,2025.5,2026.25
10636,824,796,s,182,185.0,False,2025.5,2026.25
10637,889,506,s,182,183.0,False,2025.5,2025.75
10638,986,146,s,182,185.0,False,2025.5,2026.25
10639,9,517,s,182,192.0,False,2025.5,2028.0
10640,64,505,s,182,183.0,False,2025.5,2025.75
10641,205,512,s,182,186.0,False,2025.5,2026.5
10642,242,952,s,182,183.0,False,2025.5,2025.75
10643,315,457,s,182,194.0,False,2025.5,2028.5
10644,357,591,s,182,184.0,False,2025.5,2026.0
10645,460,573,s,182,183.0,False,2025.5,2025.75
10646,696,694,s,182,189.0,False,2025.5,2027.25
10647,722,776,s,182,186.0,False,2025.5,2026.5
10648,740,697,s,182,188.0,False,2025.5,2027.0
10649,779,788,s,182,183.0,False,2025.5,2025.75
10650,986,503,s,182,184.0,False,2025.5,2026.0
10651,986,574,s,182,188.0,False,2025.5,2027.0
10652,303,180,l,182,,True,2025.5,
10653,34,685,s,183,183.0,False,2025.75,2025.75
10654,48,173,s,183,188.0,False,2025.75,2027.0
10655,90,664,s,183,187.0,False,2025.75,2026.75
10656,197,516,s,183,183.0,False,2025.75,2025.75
10657,241,75,s,183,183.0,False,2025.75,2025.75
10658,311,664,s,183,184.0,False,2025.75,2026.0
10659,313,509,s,183,183.0,False,2025.75,2025.75
10660,315,508,s,183,184.0,False,2025.75,2026.0
10661,330,505,s,183,186.0,False,2025.75,2026.5
10662,412,607,s,183,186.0,False,2025.75,2026.5
10663,450,196,s,183,190.0,False,2025.75,2027.5
10664,480,972,s,183,185.0,False,2025.75,2026.25
10665,593,591,s,183,185.0,False,2025.75,2026.25
10666,609,619,s,183,192.0,False,2025.75,2028.0
10667,741,607,s,183,189.0,False,2025.75,2027.25
10668,811,345,s,183,183.0,False,2025.75,2025.75
10669,9,497,s,183,187.0,False,2025.75,2026.75
10670,48,296,s,183,186.0,False,2025.75,2026.5
10671,141,439,s,183,185.0,False,2025.75,2026.25
10672,152,185,s,183,188.0,False,2025.75,2027.0
10673,167,154,s,183,186.0,False,2025.75,2026.5
10674,183,423,s,183,200.0,False,2025.75,2030.0
10675,213,230,s,183,185.0,False,2025.75,2026.25
10676,241,55,s,183,183.0,False,2025.75,2025.75
10677,241,505,s,183,187.0,False,2025.75,2026.75
10678,266,418,s,183,189.0,False,2025.75,2027.25
10679,394,582,s,183,189.0,False,2025.75,2027.25
10680,412,510,s,183,190.0,False,2025.75,2027.5
10681,412,685,s,183,186.0,False,2025.75,2026.5
10682,414,574,s,183,184.0,False,2025.75,2026.0
10683,429,469,s,183,184.0,False,2025.75,2026.0
10684,443,708,s,183,186.0,False,2025.75,2026.5
10685,484,583,s,183,187.0,False,2025.75,2026.75
10686,609,605,s,183,183.0,False,2025.75,2025.75
10687,654,930,s,183,192.0,False,2025.75,2028.0
10688,986,410,s,183,189.0,False,2025.75,2027.25
10689,791,634,s,183,185.0,False,2025.75,2026.25
10690,79,513,s,183,188.0,False,2025.75,2027.0
10691,801,806,s,183,191.0,False,2025.75,2027.75
10692,804,821,s,183,187.0,False,2025.75,2026.75
10693,837,721,s,183,184.0,False,2025.75,2026.0
10694,829,618,s,183,190.0,False,2025.75,2027.5
10695,864,794,s,183,184.0,False,2025.75,2026.0
10696,584,959,s,183,184.0,False,2025.75,2026.0
10697,663,684,s,183,184.0,False,2025.75,2026.0
10698,576,243,s,183,186.0,False,2025.75,2026.5
10699,216,808,s,183,194.0,False,2025.75,2028.5
10700,200,872,s,183,184.0,False,2025.75,2026.0
10701,113,486,s,183,189.0,False,2025.75,2027.25
10702,861,816,s,183,185.0,False,2025.75,2026.25
10703,845,803,s,183,185.0,False,2025.75,2026.25
10704,734,767,s,183,184.0,False,2025.75,2026.0
10705,716,726,s,183,184.0,False,2025.75,2026.0
10706,757,746,s,183,185.0,False,2025.75,2026.25
10707,408,521,s,183,184.0,False,2025.75,2026.0
10708,792,859,s,183,184.0,False,2025.75,2026.0
10709,34,618,s,183,187.0,False,2025.75,2026.75
10710,67,423,s,183,184.0,False,2025.75,2026.0
10711,81,28,s,183,185.0,False,2025.75,2026.25
10712,113,230,s,183,185.0,False,2025.75,2026.25
10713,113,591,s,183,184.0,False,2025.75,2026.0
10714,159,605,s,183,186.0,False,2025.75,2026.5
10715,197,272,s,183,186.0,False,2025.75,2026.5
10716,203,583,s,183,188.0,False,2025.75,2027.0
10717,214,704,s,183,192.0,False,2025.75,2028.0
10718,214,972,s,183,187.0,False,2025.75,2026.75
10719,248,321,s,183,199.0,False,2025.75,2029.75
10720,262,95,s,183,185.0,False,2025.75,2026.25
10721,305,154,s,183,185.0,False,2025.75,2026.25
10722,363,941,s,183,184.0,False,2025.75,2026.0
10723,392,309,s,183,184.0,False,2025.75,2026.0
10724,402,505,s,183,184.0,False,2025.75,2026.0
10725,406,230,s,183,184.0,False,2025.75,2026.0
10726,408,519,s,183,184.0,False,2025.75,2026.0
10727,417,146,s,183,186.0,False,2025.75,2026.5
10728,417,574,s,183,191.0,False,2025.75,2027.75
10729,444,573,s,183,185.0,False,2025.75,2026.25
10730,480,574,s,183,186.0,False,2025.75,2026.5
10731,544,95,s,183,198.0,False,2025.75,2029.5
10732,571,756,s,183,187.0,False,2025.75,2026.75
10733,599,637,s,183,186.0,False,2025.75,2026.5
10734,757,618,s,183,193.0,False,2025.75,2028.25
10735,824,664,s,183,191.0,False,2025.75,2027.75
10736,323,650,l,183,240.0,True,2025.75,2040.0
10737,662,704,l,183,,True,2025.75,
10738,157,996,l,183,196.0,True,2025.75,2029.0
10739,124,479,s,184,191.0,False,2026.0,2027.75
10740,192,198,s,184,184.0,False,2026.0,2026.0
10741,192,309,s,184,186.0,False,2026.0,2026.5
10742,197,905,s,184,189.0,False,2026.0,2027.25
10743,205,574,s,184,207.0,False,2026.0,2031.75
10744,213,375,s,184,192.0,False,2026.0,2028.0
10745,214,723,s,184,187.0,False,2026.0,2026.75
10746,242,95,s,184,187.0,False,2026.0,2026.75
10747,262,905,s,184,186.0,False,2026.0,2026.5
10748,313,198,s,184,190.0,False,2026.0,2027.5
10749,313,607,s,184,189.0,False,2026.0,2027.25
10750,315,423,s,184,185.0,False,2026.0,2026.25
10751,315,905,s,184,192.0,False,2026.0,2028.0
10752,332,509,s,184,185.0,False,2026.0,2026.25
10753,340,526,s,184,191.0,False,2026.0,2027.75
10754,360,453,s,184,185.0,False,2026.0,2026.25
10755,363,469,s,184,184.0,False,2026.0,2026.0
10756,402,503,s,184,188.0,False,2026.0,2027.0
10757,427,457,s,184,185.0,False,2026.0,2026.25
10758,429,69,s,184,184.0,False,2026.0,2026.0
10759,568,625,s,184,185.0,False,2026.0,2026.25
10760,571,506,s,184,185.0,False,2026.0,2026.25
10761,571,636,s,184,185.0,False,2026.0,2026.25
10762,690,582,s,184,185.0,False,2026.0,2026.25
10763,696,796,s,184,185.0,False,2026.0,2026.25
10764,722,756,s,184,191.0,False,2026.0,2027.75
10765,800,523,s,184,187.0,False,2026.0,2026.75
10766,986,573,s,184,187.0,False,2026.0,2026.75
10767,34,99,s,184,190.0,False,2026.0,2027.5
10768,127,55,s,184,194.0,False,2026.0,2028.5
10769,127,506,s,184,185.0,False,2026.0,2026.25
10770,152,517,s,184,185.0,False,2026.0,2026.25
10771,172,95,s,184,187.0,False,2026.0,2026.75
10772,183,605,s,184,189.0,False,2026.0,2027.25
10773,295,150,s,184,184.0,False,2026.0,2026.0
10774,313,636,s,184,197.0,False,2026.0,2029.25
10775,392,905,s,184,185.0,False,2026.0,2026.25
10776,422,498,s,184,189.0,False,2026.0,2027.25
10777,460,189,s,184,186.0,False,2026.0,2026.5
10778,502,684,s,184,190.0,False,2026.0,2027.5
10779,502,763,s,184,185.0,False,2026.0,2026.25
10780,540,818,s,184,185.0,False,2026.0,2026.25
10781,663,788,s,184,188.0,False,2026.0,2027.0
10782,793,821,s,184,194.0,False,2026.0,2028.5
10783,811,180,s,184,188.0,False,2026.0,2027.0
10784,67,905,s,184,190.0,False,2026.0,2027.5
10785,152,605,s,184,186.0,False,2026.0,2026.5
10786,192,75,s,184,195.0,False,2026.0,2028.75
10787,203,309,s,184,186.0,False,2026.0,2026.5
10788,241,512,s,184,191.0,False,2026.0,2027.75
10789,295,154,s,184,187.0,False,2026.0,2026.75
10790,303,510,s,184,192.0,False,2026.0,2028.0
10791,313,283,s,184,190.0,False,2026.0,2027.5
10792,341,517,s,184,187.0,False,2026.0,2026.75
10793,427,971,s,184,190.0,False,2026.0,2027.5
10794,450,479,s,184,188.0,False,2026.0,2027.0
10795,482,511,s,184,185.0,False,2026.0,2026.25
10796,544,664,s,184,194.0,False,2026.0,2028.5
10797,581,971,s,184,188.0,False,2026.0,2027.0
10798,606,619,s,184,186.0,False,2026.0,2026.5
10799,624,636,s,184,192.0,False,2026.0,2028.0
10800,629,591,s,184,186.0,False,2026.0,2026.5
10801,725,658,s,184,185.0,False,2026.0,2026.25
10802,774,959,s,184,193.0,False,2026.0,2028.25
10803,864,694,s,184,190.0,False,2026.0,2027.5
10804,609,99,l,184,,True,2026.0,
10805,30,55,s,185,187.0,False,2026.25,2026.75
10806,113,304,s,185,192.0,False,2026.25,2028.0
10807,159,630,s,185,185.0,False,2026.25,2026.25
10808,241,15,s,185,186.0,False,2026.25,2026.5
10809,242,105,s,185,190.0,False,2026.25,2027.5
10810,248,650,s,185,189.0,False,2026.25,2027.25
10811,262,726,s,185,189.0,False,2026.25,2027.25
10812,303,146,s,185,186.0,False,2026.25,2026.5
10813,311,24,s,185,188.0,False,2026.25,2027.0
10814,341,410,s,185,185.0,False,2026.25,2026.25
10815,358,507,s,185,185.0,False,2026.25,2026.25
10816,396,55,s,185,191.0,False,2026.25,2027.75
10817,466,930,s,185,193.0,False,2026.25,2028.25
10818,490,132,s,185,195.0,False,2026.25,2028.75
10819,504,737,s,185,200.0,False,2026.25,2030.0
10820,588,511,s,185,188.0,False,2026.25,2027.0
10821,626,685,s,185,192.0,False,2026.25,2028.0
10822,741,600,s,185,187.0,False,2026.25,2026.75
10823,747,705,s,185,186.0,False,2026.25,2026.5
10824,781,721,s,185,199.0,False,2026.25,2029.75
10825,986,150,s,185,192.0,False,2026.25,2028.0
10826,205,708,s,185,186.0,False,2026.25,2026.5
10827,266,99,s,185,187.0,False,2026.25,2026.75
10828,295,520,s,185,186.0,False,2026.25,2026.5
10829,311,572,s,185,190.0,False,2026.25,2027.5
10830,313,670,s,185,190.0,False,2026.25,2027.5
10831,392,255,s,185,186.0,False,2026.25,2026.5
10832,392,818,s,185,188.0,False,2026.25,2027.0
10833,417,670,s,185,188.0,False,2026.25,2027.0
10834,443,705,s,185,185.0,False,2026.25,2026.25
10835,482,498,s,185,188.0,False,2026.25,2027.0
10836,592,601,s,185,191.0,False,2026.25,2027.75
10837,654,328,s,185,190.0,False,2026.25,2027.5
10838,740,705,s,185,187.0,False,2026.25,2026.75
10839,757,737,s,185,189.0,False,2026.25,2027.25
10840,810,625,s,185,187.0,False,2026.25,2026.75
10841,889,619,s,185,192.0,False,2026.25,2028.0
10842,889,707,s,185,190.0,False,2026.25,2027.5
10843,933,224,s,185,191.0,False,2026.25,2027.75
10844,9,510,s,185,188.0,False,2026.25,2027.0
10845,30,799,s,185,193.0,False,2026.25,2028.25
10846,46,513,s,185,187.0,False,2026.25,2026.75
10847,159,905,s,185,188.0,False,2026.25,2027.0
10848,172,230,s,185,188.0,False,2026.25,2027.0
10849,203,605,s,185,187.0,False,2026.25,2026.75
10850,213,95,s,185,191.0,False,2026.25,2027.75
10851,213,146,s,185,191.0,False,2026.25,2027.75
10852,242,28,s,185,193.0,False,2026.25,2028.25
10853,266,572,s,185,186.0,False,2026.25,2026.5
10854,291,154,s,185,194.0,False,2026.25,2028.5
10855,341,321,s,185,187.0,False,2026.25,2026.75
10856,504,643,s,185,189.0,False,2026.25,2027.25
10857,550,872,s,185,187.0,False,2026.25,2026.75
10858,595,707,s,185,191.0,False,2026.25,2027.75
10859,653,198,s,185,191.0,False,2026.25,2027.75
10860,662,505,s,185,191.0,False,2026.25,2027.75
10861,722,708,s,185,186.0,False,2026.25,2026.5
10862,963,664,s,185,192.0,False,2026.25,2028.0
10863,986,972,s,185,188.0,False,2026.25,2027.0
10864,358,410,l,185,,True,2026.25,
10865,34,582,s,186,187.0,False,2026.5,2026.75
10866,46,234,s,186,188.0,False,2026.5,2027.0
10867,64,309,s,186,191.0,False,2026.5,2027.75
10868,127,591,s,186,188.0,False,2026.5,2027.0
10869,291,507,s,186,191.0,False,2026.5,2027.75
10870,295,569,s,186,188.0,False,2026.5,2027.0
10871,330,453,s,186,188.0,False,2026.5,2027.0
10872,358,843,s,186,187.0,False,2026.5,2026.75
10873,414,512,s,186,197.0,False,2026.5,2029.25
10874,443,692,s,186,196.0,False,2026.5,2029.0
10875,443,746,s,186,197.0,False,2026.5,2029.25
10876,444,150,s,186,195.0,False,2026.5,2028.75
10877,480,15,s,186,193.0,False,2026.5,2028.25
10878,490,650,s,186,190.0,False,2026.5,2027.5
10879,568,173,s,186,190.0,False,2026.5,2027.5
10880,581,605,s,186,200.0,False,2026.5,2030.0
10881,581,617,s,186,188.0,False,2026.5,2027.0
10882,592,585,s,186,189.0,False,2026.5,2027.25
10883,624,708,s,186,190.0,False,2026.5,2027.5
10884,626,959,s,186,187.0,False,2026.5,2026.75
10885,652,600,s,186,190.0,False,2026.5,2027.5
10886,653,605,s,186,186.0,False,2026.5,2026.5
10887,666,572,s,186,186.0,False,2026.5,2026.5
10888,725,684,s,186,186.0,False,2026.5,2026.5
10889,730,607,s,186,186.0,False,2026.5,2026.5
10890,779,685,s,186,187.0,False,2026.5,2026.75
10891,34,146,s,186,186.0,False,2026.5,2026.5
10892,48,503,s,186,188.0,False,2026.5,2027.0
10893,53,505,s,186,187.0,False,2026.5,2026.75
10894,64,101,s,186,192.0,False,2026.5,2028.0
10895,121,272,s,186,188.0,False,2026.5,2027.0
10896,313,243,s,186,189.0,False,2026.5,2027.25
10897,332,634,s,186,188.0,False,2026.5,2027.0
10898,417,636,s,186,192.0,False,2026.5,2028.0
10899,480,591,s,186,189.0,False,2026.5,2027.25
10900,543,508,s,186,188.0,False,2026.5,2027.0
10901,576,82,s,186,189.0,False,2026.5,2027.25
10902,588,457,s,186,188.0,False,2026.5,2027.0
10903,609,905,s,186,194.0,False,2026.5,2028.5
10904,611,723,s,186,190.0,False,2026.5,2027.5
10905,611,897,s,186,186.0,False,2026.5,2026.5
10906,639,636,s,186,186.0,False,2026.5,2026.5
10907,722,661,s,186,189.0,False,2026.5,2027.25
10908,722,736,s,186,190.0,False,2026.5,2027.5
10909,729,736,s,186,195.0,False,2026.5,2028.75
10910,757,763,s,186,200.0,False,2026.5,2030.0
10911,837,746,s,186,186.0,False,2026.5,2026.5
10912,845,836,s,186,186.0,False,2026.5,2026.5
10913,985,708,s,186,187.0,False,2026.5,2026.75
10914,67,683,s,186,188.0,False,2026.5,2027.0
10915,127,453,s,186,190.0,False,2026.5,2027.5
10916,141,293,s,186,201.0,False,2026.5,2030.25
10917,197,15,s,186,188.0,False,2026.5,2027.0
10918,216,607,s,186,190.0,False,2026.5,2027.5
10919,266,872,s,186,187.0,False,2026.5,2026.75
10920,305,77,s,186,201.0,False,2026.5,2030.25
10921,313,596,s,186,190.0,False,2026.5,2027.5
10922,322,510,s,186,189.0,False,2026.5,2027.25
10923,417,505,s,186,193.0,False,2026.5,2028.25
10924,639,756,s,186,192.0,False,2026.5,2028.0
10925,653,600,s,186,192.0,False,2026.5,2028.0
10926,667,634,s,186,191.0,False,2026.5,2027.75
10927,722,637,s,186,194.0,False,2026.5,2028.5
10928,792,959,s,186,202.0,False,2026.5,2030.5
10929,793,697,s,186,190.0,False,2026.5,2027.5
10930,811,217,s,186,190.0,False,2026.5,2027.5
10931,933,255,s,186,190.0,False,2026.5,2027.5
10932,1005,708,s,186,187.0,False,2026.5,2026.75
10933,481,852,l,186,196.0,True,2026.5,2029.0
10934,12,521,s,187,194.0,False,2026.75,2028.5
10935,64,664,s,187,188.0,False,2026.75,2027.0
10936,79,574,s,187,187.0,False,2026.75,2026.75
10937,90,437,s,187,194.0,False,2026.75,2028.5
10938,94,345,s,187,198.0,False,2026.75,2029.5
10939,172,650,s,187,189.0,False,2026.75,2027.25
10940,197,612,s,187,191.0,False,2026.75,2027.75
10941,241,972,s,187,187.0,False,2026.75,2026.75
10942,295,510,s,187,188.0,False,2026.75,2027.0
10943,303,69,s,187,187.0,False,2026.75,2026.75
10944,305,569,s,187,195.0,False,2026.75,2028.75
10945,396,479,s,187,188.0,False,2026.75,2027.0
10946,406,469,s,187,192.0,False,2026.75,2028.0
10947,427,637,s,187,188.0,False,2026.75,2027.0
10948,543,154,s,187,189.0,False,2026.75,2027.25
10949,609,573,s,187,189.0,False,2026.75,2027.25
10950,629,173,s,187,189.0,False,2026.75,2027.25
10951,629,712,s,187,190.0,False,2026.75,2027.5
10952,629,803,s,187,194.0,False,2026.75,2028.5
10953,660,637,s,187,192.0,False,2026.75,2028.0
10954,700,708,s,187,191.0,False,2026.75,2027.75
10955,741,591,s,187,205.0,False,2026.75,2031.25
10956,779,625,s,187,195.0,False,2026.75,2028.75
10957,802,768,s,187,189.0,False,2026.75,2027.25
10958,986,457,s,187,191.0,False,2026.75,2027.75
10959,986,479,s,187,188.0,False,2026.75,2027.0
10960,46,283,s,187,191.0,False,2026.75,2027.75
10961,46,852,s,187,193.0,False,2026.75,2028.25
10962,64,24,s,187,191.0,False,2026.75,2027.75
10963,64,572,s,187,195.0,False,2026.75,2028.75
10964,64,971,s,187,188.0,False,2026.75,2027.0
10965,67,682,s,187,187.0,False,2026.75,2026.75
10966,172,509,s,187,188.0,False,2026.75,2027.0
10967,197,457,s,187,191.0,False,2026.75,2027.75
10968,213,40,s,187,188.0,False,2026.75,2027.0
10969,216,498,s,187,190.0,False,2026.75,2027.5
10970,313,591,s,187,194.0,False,2026.75,2028.5
10971,315,15,s,187,190.0,False,2026.75,2027.5
10972,322,618,s,187,188.0,False,2026.75,2027.0
10973,322,685,s,187,188.0,False,2026.75,2027.0
10974,381,407,s,187,187.0,False,2026.75,2026.75
10975,450,972,s,187,193.0,False,2026.75,2028.25
10976,490,347,s,187,189.0,False,2026.75,2027.25
10977,490,888,s,187,189.0,False,2026.75,2027.25
10978,540,511,s,187,188.0,False,2026.75,2027.0
10979,576,852,s,187,188.0,False,2026.75,2027.0
10980,609,637,s,187,187.0,False,2026.75,2026.75
10981,722,684,s,187,188.0,False,2026.75,2027.0
10982,777,733,s,187,188.0,False,2026.75,2027.0
10983,801,756,s,187,194.0,False,2026.75,2028.5
10984,811,132,s,187,190.0,False,2026.75,2027.5
10985,336,982,s,187,188.0,False,2026.75,2027.0
10986,771,848,s,187,190.0,False,2026.75,2027.5
10987,804,849,s,187,189.0,False,2026.75,2027.25
10988,782,814,s,187,188.0,False,2026.75,2027.0
10989,620,784,s,187,188.0,False,2026.75,2027.0
10990,909,794,s,187,190.0,False,2026.75,2027.5
10991,622,713,s,187,193.0,False,2026.75,2028.25
10992,834,748,s,187,200.0,False,2026.75,2030.0
10993,550,211,s,187,196.0,False,2026.75,2029.0
10994,391,189,s,187,188.0,False,2026.75,2027.0
10995,26,668,s,187,188.0,False,2026.75,2027.0
10996,747,762,s,187,189.0,False,2026.75,2027.25
10997,752,743,s,187,190.0,False,2026.75,2027.5
10998,30,61,s,187,188.0,False,2026.75,2027.0
10999,34,507,s,187,197.0,False,2026.75,2029.25
11000,34,643,s,187,191.0,False,2026.75,2027.75
11001,159,596,s,187,196.0,False,2026.75,2029.0
11002,213,462,s,187,191.0,False,2026.75,2027.75
11003,241,996,s,187,189.0,False,2026.75,2027.25
11004,262,596,s,187,193.0,False,2026.75,2028.25
11005,266,154,s,187,188.0,False,2026.75,2027.0
11006,295,222,s,187,188.0,False,2026.75,2027.0
11007,313,608,s,187,203.0,False,2026.75,2030.75
11008,396,399,s,187,189.0,False,2026.75,2027.25
11009,417,99,s,187,192.0,False,2026.75,2028.0
11010,483,28,s,187,188.0,False,2026.75,2027.0
11011,624,643,s,187,188.0,False,2026.75,2027.0
11012,652,469,s,187,193.0,False,2026.75,2028.25
11013,660,625,s,187,191.0,False,2026.75,2027.75
11014,718,697,s,187,193.0,False,2026.75,2028.25
11015,782,756,s,187,198.0,False,2026.75,2029.5
11016,837,851,s,187,196.0,False,2026.75,2029.0
11017,864,506,s,187,189.0,False,2026.75,2027.25
11018,986,230,s,187,189.0,False,2026.75,2027.25
11019,330,799,l,187,,True,2026.75,
11020,734,712,l,187,,True,2026.75,
11021,49,95,s,188,197.0,False,2027.0,2029.25
11022,159,619,s,188,190.0,False,2027.0,2027.5
11023,159,743,s,188,188.0,False,2027.0,2027.0
11024,241,972,s,188,189.0,False,2027.0,2027.25
11025,323,54,s,188,190.0,False,2027.0,2027.5
11026,330,509,s,188,189.0,False,2027.0,2027.25
11027,332,726,s,188,190.0,False,2027.0,2027.5
11028,357,457,s,188,188.0,False,2027.0,2027.0
11029,358,930,s,188,191.0,False,2027.0,2027.75
11030,406,198,s,188,190.0,False,2027.0,2027.5
11031,482,407,s,188,196.0,False,2027.0,2029.0
11032,490,453,s,188,194.0,False,2027.0,2028.5
11033,504,636,s,188,189.0,False,2027.0,2027.25
11034,504,708,s,188,206.0,False,2027.0,2031.5
11035,568,708,s,188,204.0,False,2027.0,2031.0
11036,627,505,s,188,190.0,False,2027.0,2027.5
11037,663,600,s,188,194.0,False,2027.0,2028.5
11038,779,704,s,188,188.0,False,2027.0,2027.0
11039,792,694,s,188,190.0,False,2027.0,2027.5
11040,837,756,s,188,188.0,False,2027.0,2027.0
11041,26,661,s,188,192.0,False,2027.0,2028.0
11042,46,198,s,188,211.0,False,2027.0,2032.75
11043,64,509,s,188,197.0,False,2027.0,2029.25
11044,67,591,s,188,191.0,False,2027.0,2027.75
11045,152,230,s,188,196.0,False,2027.0,2029.0
11046,191,399,s,188,190.0,False,2027.0,2027.5
11047,241,99,s,188,191.0,False,2027.0,2027.75
11048,241,154,s,188,189.0,False,2027.0,2027.25
11049,248,234,s,188,191.0,False,2027.0,2027.75
11050,266,399,s,188,191.0,False,2027.0,2027.75
11051,358,347,s,188,194.0,False,2027.0,2028.5
11052,443,601,s,188,200.0,False,2027.0,2030.0
11053,450,99,s,188,196.0,False,2027.0,2029.0
11054,481,217,s,188,191.0,False,2027.0,2027.75
11055,544,498,s,188,208.0,False,2027.0,2032.0
11056,609,1013,s,188,195.0,False,2027.0,2028.75
11057,652,723,s,188,192.0,False,2027.0,2028.0
11058,676,590,s,188,194.0,False,2027.0,2028.5
11059,722,713,s,188,189.0,False,2027.0,2027.25
11060,782,806,s,188,189.0,False,2027.0,2027.25
11061,34,707,s,188,194.0,False,2027.0,2028.5
11062,34,721,s,188,192.0,False,2027.0,2028.0
11063,64,713,s,188,195.0,False,2027.0,2028.75
11064,71,930,s,188,190.0,False,2027.0,2027.5
11065,152,457,s,188,195.0,False,2027.0,2028.75
11066,192,175,s,188,193.0,False,2027.0,2028.25
11067,192,507,s,188,189.0,False,2027.0,2027.25
11068,315,510,s,188,194.0,False,2027.0,2028.5
11069,341,69,s,188,193.0,False,2027.0,2028.25
11070,357,343,s,188,193.0,False,2027.0,2028.25
11071,367,293,s,188,191.0,False,2027.0,2027.75
11072,460,507,s,188,189.0,False,2027.0,2027.25
11073,466,906,s,188,190.0,False,2027.0,2027.5
11074,481,517,s,188,192.0,False,2027.0,2028.0
11075,482,574,s,188,191.0,False,2027.0,2027.75
11076,543,293,s,188,196.0,False,2027.0,2029.0
11077,543,345,s,188,201.0,False,2027.0,2030.25
11078,595,591,s,188,191.0,False,2027.0,2027.75
11079,653,601,s,188,198.0,False,2027.0,2029.5
11080,690,694,s,188,189.0,False,2027.0,2027.25
11081,745,608,s,188,190.0,False,2027.0,2027.5
11082,752,704,s,188,189.0,False,2027.0,2027.25
11083,787,851,s,188,192.0,False,2027.0,2028.0
11084,933,509,s,188,189.0,False,2027.0,2027.25
11085,1005,682,s,188,192.0,False,2027.0,2028.0
11086,626,628,l,188,,True,2027.0,
11087,213,40,l,188,228.0,True,2027.0,2037.0
11088,540,410,l,188,232.0,True,2027.0,2038.0
11089,933,668,l,188,,True,2027.0,
11090,34,591,s,189,192.0,False,2027.25,2028.0
11091,49,347,s,189,191.0,False,2027.25,2027.75
11092,124,405,s,189,191.0,False,2027.25,2027.75
11093,248,505,s,189,195.0,False,2027.25,2028.75
11094,381,436,s,189,194.0,False,2027.25,2028.5
11095,444,972,s,189,191.0,False,2027.25,2027.75
11096,480,721,s,189,191.0,False,2027.25,2027.75
11097,653,664,s,189,195.0,False,2027.25,2028.75
11098,696,726,s,189,192.0,False,2027.25,2028.0
11099,741,418,s,189,193.0,False,2027.25,2028.25
11100,741,818,s,189,192.0,False,2027.25,2028.0
11101,793,784,s,189,190.0,False,2027.25,2027.5
11102,802,794,s,189,197.0,False,2027.25,2029.25
11103,811,430,s,189,189.0,False,2027.25,2027.25
11104,834,733,s,189,195.0,False,2027.25,2028.75
11105,1015,189,s,189,190.0,False,2027.25,2027.5
11106,34,682,s,189,194.0,False,2027.25,2028.5
11107,34,708,s,189,195.0,False,2027.25,2028.75
11108,34,803,s,189,190.0,False,2027.25,2027.5
11109,192,61,s,189,193.0,False,2027.25,2028.25
11110,262,591,s,189,189.0,False,2027.25,2027.25
11111,305,650,s,189,191.0,False,2027.25,2027.75
11112,311,95,s,189,196.0,False,2027.25,2029.0
11113,311,601,s,189,194.0,False,2027.25,2028.5
11114,315,133,s,189,194.0,False,2027.25,2028.5
11115,357,574,s,189,193.0,False,2027.25,2028.25
11116,396,293,s,189,190.0,False,2027.25,2027.5
11117,396,321,s,189,189.0,False,2027.25,2027.25
11118,414,511,s,189,190.0,False,2027.25,2027.5
11119,417,596,s,189,191.0,False,2027.25,2027.75
11120,417,704,s,189,201.0,False,2027.25,2030.25
11121,548,526,s,189,189.0,False,2027.25,2027.25
11122,588,321,s,189,194.0,False,2027.25,2028.5
11123,592,506,s,189,191.0,False,2027.25,2027.75
11124,623,736,s,189,189.0,False,2027.25,2027.25
11125,741,198,s,189,195.0,False,2027.25,2028.75
11126,744,591,s,189,190.0,False,2027.25,2027.5
11127,783,826,s,189,190.0,False,2027.25,2027.5
11128,854,636,s,189,196.0,False,2027.25,2029.0
11129,64,469,s,189,191.0,False,2027.25,2027.75
11130,113,506,s,189,190.0,False,2027.25,2027.5
11131,152,608,s,189,193.0,False,2027.25,2028.25
11132,241,15,s,189,193.0,False,2027.25,2028.25
11133,302,321,s,189,191.0,False,2027.25,2027.75
11134,303,605,s,189,191.0,False,2027.25,2027.75
11135,311,569,s,189,191.0,False,2027.25,2027.75
11136,313,707,s,189,191.0,False,2027.25,2027.75
11137,315,572,s,189,192.0,False,2027.25,2028.0
11138,396,437,s,189,190.0,False,2027.25,2027.5
11139,443,636,s,189,192.0,False,2027.25,2028.0
11140,450,247,s,189,191.0,False,2027.25,2027.75
11141,480,685,s,189,192.0,False,2027.25,2028.0
11142,502,625,s,189,191.0,False,2027.25,2027.75
11143,639,670,s,189,195.0,False,2027.25,2028.75
11144,710,628,s,189,193.0,False,2027.25,2028.25
11145,730,733,s,189,195.0,False,2027.25,2028.75
11146,783,1012,s,189,194.0,False,2027.25,2028.5
11147,889,664,s,189,193.0,False,2027.25,2028.25
11148,985,712,s,189,203.0,False,2027.25,2030.75
11149,986,198,s,189,195.0,False,2027.25,2028.75
11150,1015,236,s,189,200.0,False,2027.25,2030.0
11151,652,573,l,189,228.0,True,2027.25,2037.0
11152,599,776,l,189,,True,2027.25,
11153,745,713,l,189,,True,2027.25,
11154,417,682,l,189,,True,2027.25,
11155,46,146,s,190,191.0,False,2027.5,2027.75
11156,53,590,s,190,191.0,False,2027.5,2027.75
11157,53,625,s,190,191.0,False,2027.5,2027.75
11158,64,224,s,190,193.0,False,2027.5,2028.25
11159,167,888,s,190,193.0,False,2027.5,2028.25
11160,192,82,s,190,198.0,False,2027.5,2029.5
11161,291,375,s,190,191.0,False,2027.5,2027.75
11162,315,971,s,190,192.0,False,2027.5,2028.0
11163,332,664,s,190,190.0,False,2027.5,2027.5
11164,443,628,s,190,194.0,False,2027.5,2028.5
11165,480,345,s,190,191.0,False,2027.5,2027.75
11166,482,146,s,190,193.0,False,2027.5,2028.25
11167,576,101,s,190,197.0,False,2027.5,2029.25
11168,639,643,s,190,190.0,False,2027.5,2027.5
11169,675,658,s,190,191.0,False,2027.5,2027.75
11170,676,705,s,190,194.0,False,2027.5,2028.5
11171,700,756,s,190,190.0,False,2027.5,2027.5
11172,741,799,s,190,199.0,False,2027.5,2029.75
11173,777,814,s,190,195.0,False,2027.5,2028.75
11174,793,756,s,190,199.0,False,2027.5,2029.75
11175,811,843,s,190,192.0,False,2027.5,2028.0
11176,963,682,s,190,193.0,False,2027.5,2028.25
11177,48,243,s,190,190.0,False,2027.5,2027.5
11178,152,55,s,190,194.0,False,2027.5,2028.5
11179,192,1014,s,190,191.0,False,2027.5,2027.75
11180,197,69,s,190,192.0,False,2027.5,2028.0
11181,203,399,s,190,198.0,False,2027.5,2029.5
11182,248,852,s,190,195.0,False,2027.5,2028.75
11183,303,650,s,190,190.0,False,2027.5,2027.5
11184,322,591,s,190,191.0,False,2027.5,2027.75
11185,323,582,s,190,190.0,False,2027.5,2027.5
11186,341,75,s,190,193.0,False,2027.5,2028.25
11187,363,105,s,190,192.0,False,2027.5,2028.0
11188,367,930,s,190,194.0,False,2027.5,2028.5
11189,412,600,s,190,195.0,False,2027.5,2028.75
11190,414,574,s,190,206.0,False,2027.5,2031.5
11191,422,115,s,190,191.0,False,2027.5,2027.75
11192,504,726,s,190,192.0,False,2027.5,2028.0
11193,546,437,s,190,190.0,False,2027.5,2027.5
11194,581,756,s,190,192.0,False,2027.5,2028.0
11195,620,569,s,190,194.0,False,2027.5,2028.5
11196,639,628,s,190,193.0,False,2027.5,2028.25
11197,744,705,s,190,191.0,False,2027.5,2027.75
11198,774,821,s,190,191.0,False,2027.5,2027.75
11199,782,848,s,190,197.0,False,2027.5,2029.25
11200,864,1013,s,190,192.0,False,2027.5,2028.0
11201,963,605,s,190,191.0,False,2027.5,2027.75
11202,986,154,s,190,195.0,False,2027.5,2028.75
11203,34,634,s,190,193.0,False,2027.5,2028.25
11204,167,175,s,190,198.0,False,2027.5,2029.5
11205,192,650,s,190,195.0,False,2027.5,2028.75
11206,203,255,s,190,192.0,False,2027.5,2028.0
11207,216,583,s,190,192.0,False,2027.5,2028.0
11208,248,650,s,190,194.0,False,2027.5,2028.5
11209,392,407,s,190,194.0,False,2027.5,2028.5
11210,414,498,s,190,193.0,False,2027.5,2028.25
11211,450,852,s,190,193.0,False,2027.5,2028.25
11212,480,625,s,190,193.0,False,2027.5,2028.25
11213,606,600,s,190,197.0,False,2027.5,2029.25
11214,700,705,s,190,195.0,False,2027.5,2028.75
11215,706,643,s,190,192.0,False,2027.5,2028.0
11216,706,683,s,190,191.0,False,2027.5,2027.75
11217,722,707,s,190,193.0,False,2027.5,2028.25
11218,740,255,s,190,195.0,False,2027.5,2028.75
11219,792,612,s,190,194.0,False,2027.5,2028.5
11220,722,684,l,190,,True,2027.5,
11221,837,814,l,190,,True,2027.5,
11222,394,591,l,190,,True,2027.5,
11223,6,432,s,191,196.0,False,2027.75,2029.0
11224,41,405,s,191,192.0,False,2027.75,2028.0
11225,79,569,s,191,194.0,False,2027.75,2028.5
11226,90,469,s,191,191.0,False,2027.75,2027.75
11227,192,507,s,191,192.0,False,2027.75,2028.0
11228,213,399,s,191,191.0,False,2027.75,2027.75
11229,266,95,s,191,198.0,False,2027.75,2029.5
11230,305,54,s,191,202.0,False,2027.75,2030.5
11231,311,574,s,191,197.0,False,2027.75,2029.25
11232,313,77,s,191,191.0,False,2027.75,2027.75
11233,394,457,s,191,195.0,False,2027.75,2028.75
11234,396,222,s,191,193.0,False,2027.75,2028.25
11235,480,569,s,191,207.0,False,2027.75,2031.75
11236,490,625,s,191,191.0,False,2027.75,2027.75
11237,502,608,s,191,196.0,False,2027.75,2029.0
11238,504,465,s,191,194.0,False,2027.75,2028.5
11239,544,432,s,191,196.0,False,2027.75,2029.0
11240,547,523,s,191,191.0,False,2027.75,2027.75
11241,581,585,s,191,192.0,False,2027.75,2028.0
11242,624,697,s,191,193.0,False,2027.75,2028.25
11243,635,572,s,191,192.0,False,2027.75,2028.0
11244,690,600,s,191,191.0,False,2027.75,2027.75
11245,777,830,s,191,193.0,False,2027.75,2028.25
11246,802,756,s,191,192.0,False,2027.75,2028.0
11247,817,848,s,191,192.0,False,2027.75,2028.0
11248,986,69,s,191,191.0,False,2027.75,2027.75
11249,986,507,s,191,191.0,False,2027.75,2027.75
11250,34,733,s,191,198.0,False,2027.75,2029.5
11251,64,498,s,191,192.0,False,2027.75,2028.0
11252,64,905,s,191,198.0,False,2027.75,2029.5
11253,71,479,s,191,194.0,False,2027.75,2028.5
11254,79,852,s,191,192.0,False,2027.75,2028.0
11255,113,24,s,191,194.0,False,2027.75,2028.5
11256,141,95,s,191,192.0,False,2027.75,2028.0
11257,141,101,s,191,196.0,False,2027.75,2029.0
11258,159,628,s,191,195.0,False,2027.75,2028.75
11259,202,328,s,191,191.0,False,2027.75,2027.75
11260,213,818,s,191,192.0,False,2027.75,2028.0
11261,303,600,s,191,193.0,False,2027.75,2028.25
11262,305,512,s,191,195.0,False,2027.75,2028.75
11263,341,321,s,191,192.0,False,2027.75,2028.0
11264,392,24,s,191,204.0,False,2027.75,2031.0
11265,392,222,s,191,193.0,False,2027.75,2028.25
11266,394,154,s,191,194.0,False,2027.75,2028.5
11267,406,217,s,191,191.0,False,2027.75,2027.75
11268,417,457,s,191,194.0,False,2027.75,2028.5
11269,450,819,s,191,196.0,False,2027.75,2029.0
11270,466,293,s,191,192.0,False,2027.75,2028.0
11271,568,756,s,191,193.0,False,2027.75,2028.25
11272,581,508,s,191,194.0,False,2027.75,2028.5
11273,595,664,s,191,201.0,False,2027.75,2030.25
11274,599,733,s,191,195.0,False,2027.75,2028.75
11275,599,1012,s,191,211.0,False,2027.75,2032.75
11276,653,180,s,191,201.0,False,2027.75,2030.25
11277,741,243,s,191,193.0,False,2027.75,2028.25
11278,779,726,s,191,204.0,False,2027.75,2031.0
11279,793,634,s,191,193.0,False,2027.75,2028.25
11280,985,596,s,191,192.0,False,2027.75,2028.0
11281,985,756,s,191,194.0,False,2027.75,2028.5
11282,986,180,s,191,195.0,False,2027.75,2028.75
11283,986,1014,s,191,197.0,False,2027.75,2029.25
11284,861,758,s,191,197.0,False,2027.75,2029.25
11285,797,798,s,191,196.0,False,2027.75,2029.0
11286,804,754,s,191,192.0,False,2027.75,2028.0
11287,402,638,s,191,194.0,False,2027.75,2028.5
11288,81,929,s,191,192.0,False,2027.75,2028.0
11289,427,665,s,191,192.0,False,2027.75,2028.0
11290,651,617,s,191,213.0,False,2027.75,2033.25
11291,920,695,s,191,200.0,False,2027.75,2030.0
11292,908,649,s,191,193.0,False,2027.75,2028.25
11293,659,646,s,191,193.0,False,2027.75,2028.25
11294,584,680,s,191,198.0,False,2027.75,2029.5
11295,541,409,s,191,194.0,False,2027.75,2028.5
11296,623,786,s,191,192.0,False,2027.75,2028.0
11297,709,796,s,191,200.0,False,2027.75,2030.0
11298,810,833,s,191,195.0,False,2027.75,2028.75
11299,747,836,s,191,197.0,False,2027.75,2029.25
11300,48,293,s,191,192.0,False,2027.75,2028.0
11301,49,905,s,191,199.0,False,2027.75,2029.75
11302,159,255,s,191,199.0,False,2027.75,2029.75
11303,159,683,s,191,195.0,False,2027.75,2028.75
11304,213,1014,s,191,193.0,False,2027.75,2028.25
11305,216,55,s,191,195.0,False,2027.75,2028.75
11306,248,618,s,191,197.0,False,2027.75,2029.25
11307,311,661,s,191,192.0,False,2027.75,2028.0
11308,341,517,s,191,202.0,False,2027.75,2030.5
11309,357,607,s,191,194.0,False,2027.75,2028.5
11310,644,634,s,191,196.0,False,2027.75,2029.0
11311,730,590,s,191,204.0,False,2027.75,2031.0
11312,740,508,s,191,192.0,False,2027.75,2028.0
11313,797,721,s,191,193.0,False,2027.75,2028.25
11314,986,309,s,191,211.0,False,2027.75,2032.75
11315,986,905,s,191,193.0,False,2027.75,2028.25
11316,205,510,l,191,,True,2027.75,
11317,722,723,l,191,205.0,True,2027.75,2031.25
11318,302,293,l,191,232.0,True,2027.75,2038.0
11319,921,486,l,191,224.0,True,2027.75,2036.0
11320,26,457,s,192,194.0,False,2028.0,2028.5
11321,90,799,s,192,196.0,False,2028.0,2029.0
11322,141,905,s,192,192.0,False,2028.0,2028.0
11323,167,465,s,192,199.0,False,2028.0,2029.75
11324,183,650,s,192,200.0,False,2028.0,2030.0
11325,248,818,s,192,192.0,False,2028.0,2028.0
11326,262,507,s,192,197.0,False,2028.0,2029.25
11327,262,733,s,192,194.0,False,2028.0,2028.5
11328,291,680,s,192,192.0,False,2028.0,2028.0
11329,302,180,s,192,193.0,False,2028.0,2028.25
11330,303,608,s,192,194.0,False,2028.0,2028.5
11331,311,423,s,192,193.0,False,2028.0,2028.25
11332,341,453,s,192,205.0,False,2028.0,2031.25
11333,357,799,s,192,202.0,False,2028.0,2030.5
11334,450,173,s,192,194.0,False,2028.0,2028.5
11335,490,243,s,192,204.0,False,2028.0,2031.0
11336,588,453,s,192,193.0,False,2028.0,2028.25
11337,620,630,s,192,192.0,False,2028.0,2028.0
11338,635,619,s,192,196.0,False,2028.0,2029.0
11339,722,694,s,192,193.0,False,2028.0,2028.25
11340,729,634,s,192,194.0,False,2028.0,2028.5
11341,729,695,s,192,192.0,False,2028.0,2028.0
11342,810,692,s,192,197.0,False,2028.0,2029.25
11343,811,154,s,192,192.0,False,2028.0,2028.0
11344,824,836,s,192,192.0,False,2028.0,2028.0
11345,1005,707,s,192,193.0,False,2028.0,2028.25
11346,12,436,s,192,196.0,False,2028.0,2029.0
11347,34,617,s,192,193.0,False,2028.0,2028.25
11348,49,430,s,192,193.0,False,2028.0,2028.25
11349,311,75,s,192,197.0,False,2028.0,2029.25
11350,323,410,s,192,193.0,False,2028.0,2028.25
11351,330,321,s,192,196.0,False,2028.0,2029.0
11352,332,682,s,192,193.0,False,2028.0,2028.25
11353,422,354,s,192,204.0,False,2028.0,2031.0
11354,444,32,s,192,193.0,False,2028.0,2028.25
11355,450,410,s,192,194.0,False,2028.0,2028.5
11356,480,506,s,192,197.0,False,2028.0,2029.25
11357,540,658,s,192,195.0,False,2028.0,2028.75
11358,729,605,s,192,193.0,False,2028.0,2028.25
11359,729,794,s,192,194.0,False,2028.0,2028.5
11360,730,505,s,192,195.0,False,2028.0,2028.75
11361,738,708,s,192,193.0,False,2028.0,2028.25
11362,744,704,s,192,195.0,False,2028.0,2028.75
11363,765,636,s,192,201.0,False,2028.0,2030.25
11364,801,821,s,192,195.0,False,2028.0,2028.75
11365,34,255,s,192,194.0,False,2028.0,2028.5
11366,34,399,s,192,197.0,False,2028.0,2029.25
11367,34,664,s,192,193.0,False,2028.0,2028.25
11368,152,617,s,192,198.0,False,2028.0,2029.5
11369,204,737,s,192,193.0,False,2028.0,2028.25
11370,305,150,s,192,193.0,False,2028.0,2028.25
11371,330,40,s,192,194.0,False,2028.0,2028.5
11372,360,77,s,192,199.0,False,2028.0,2029.75
11373,392,175,s,192,194.0,False,2028.0,2028.5
11374,412,569,s,192,199.0,False,2028.0,2029.75
11375,595,707,s,192,193.0,False,2028.0,2028.25
11376,700,600,s,192,202.0,False,2028.0,2030.5
11377,718,796,s,192,194.0,False,2028.0,2028.5
11378,741,506,s,192,193.0,False,2028.0,2028.25
11379,793,851,s,192,193.0,False,2028.0,2028.25
11380,921,573,s,192,196.0,False,2028.0,2029.0
11381,214,684,l,192,,True,2028.0,
11382,9,217,s,193,197.0,False,2028.25,2029.25
11383,12,520,s,193,195.0,False,2028.25,2028.75
11384,71,110,s,193,194.0,False,2028.25,2028.5
11385,159,605,s,193,195.0,False,2028.25,2028.75
11386,191,453,s,193,193.0,False,2028.25,2028.25
11387,241,600,s,193,194.0,False,2028.25,2028.5
11388,241,617,s,193,200.0,False,2028.25,2030.0
11389,248,637,s,193,194.0,False,2028.25,2028.5
11390,303,601,s,193,197.0,False,2028.25,2029.25
11391,358,77,s,193,196.0,False,2028.25,2029.0
11392,392,180,s,193,196.0,False,2028.25,2029.0
11393,394,585,s,193,199.0,False,2028.25,2029.75
11394,544,888,s,193,195.0,False,2028.25,2028.75
11395,548,342,s,193,196.0,False,2028.25,2029.0
11396,548,520,s,193,195.0,False,2028.25,2028.75
11397,599,99,s,193,201.0,False,2028.25,2030.25
11398,744,758,s,193,193.0,False,2028.25,2028.25
11399,802,851,s,193,194.0,False,2028.25,2028.5
11400,817,695,s,193,195.0,False,2028.25,2028.75
11401,986,799,s,193,193.0,False,2028.25,2028.25
11402,30,150,s,193,201.0,False,2028.25,2030.25
11403,34,705,s,193,199.0,False,2028.25,2029.75
11404,46,465,s,193,193.0,False,2028.25,2028.25
11405,64,418,s,193,195.0,False,2028.25,2028.75
11406,79,508,s,193,195.0,False,2028.25,2028.75
11407,94,799,s,193,197.0,False,2028.25,2029.25
11408,121,526,s,193,195.0,False,2028.25,2028.75
11409,266,462,s,193,193.0,False,2028.25,2028.25
11410,315,69,s,193,193.0,False,2028.25,2028.25
11411,341,61,s,193,195.0,False,2028.25,2028.75
11412,394,726,s,193,198.0,False,2028.25,2029.5
11413,576,437,s,193,204.0,False,2028.25,2031.0
11414,676,665,s,193,193.0,False,2028.25,2028.25
11415,722,664,s,193,198.0,False,2028.25,2029.5
11416,741,605,s,193,194.0,False,2028.25,2028.5
11417,761,630,s,193,196.0,False,2028.25,2029.0
11418,761,798,s,193,195.0,False,2028.25,2028.75
11419,908,694,s,193,196.0,False,2028.25,2029.0
11420,933,661,s,193,196.0,False,2028.25,2029.0
11421,30,375,s,193,196.0,False,2028.25,2029.0
11422,34,628,s,193,196.0,False,2028.25,2029.0
11423,34,638,s,193,197.0,False,2028.25,2029.25
11424,64,132,s,193,195.0,False,2028.25,2028.75
11425,71,517,s,193,198.0,False,2028.25,2029.5
11426,121,930,s,193,197.0,False,2028.25,2029.25
11427,203,505,s,193,198.0,False,2028.25,2029.5
11428,214,643,s,193,196.0,False,2028.25,2029.0
11429,241,583,s,193,202.0,False,2028.25,2030.5
11430,248,636,s,193,196.0,False,2028.25,2029.0
11431,305,517,s,193,200.0,False,2028.25,2030.0
11432,313,399,s,193,194.0,False,2028.25,2028.5
11433,358,224,s,193,196.0,False,2028.25,2029.0
11434,481,508,s,193,195.0,False,2028.25,2028.75
11435,588,243,s,193,195.0,False,2028.25,2028.75
11436,610,712,s,193,196.0,False,2028.25,2029.0
11437,620,972,s,193,200.0,False,2028.25,2030.0
11438,729,712,s,193,195.0,False,2028.25,2028.75
11439,741,1014,s,193,194.0,False,2028.25,2028.5
11440,745,683,s,193,195.0,False,2028.25,2028.75
11441,779,637,s,193,194.0,False,2028.25,2028.5
11442,780,105,s,193,196.0,False,2028.25,2029.0
11443,787,665,s,193,198.0,False,2028.25,2029.5
11444,824,796,s,193,196.0,False,2028.25,2029.0
11445,311,511,l,193,,True,2028.25,
11446,921,418,l,193,,True,2028.25,
11447,30,506,s,194,200.0,False,2028.5,2030.0
11448,34,198,s,194,198.0,False,2028.5,2029.5
11449,64,234,s,194,199.0,False,2028.5,2029.75
11450,152,569,s,194,194.0,False,2028.5,2028.5
11451,169,852,s,194,195.0,False,2028.5,2028.75
11452,241,507,s,194,195.0,False,2028.5,2028.75
11453,248,423,s,194,203.0,False,2028.5,2030.75
11454,291,619,s,194,194.0,False,2028.5,2028.5
11455,303,255,s,194,198.0,False,2028.5,2029.5
11456,303,507,s,194,195.0,False,2028.5,2028.75
11457,340,272,s,194,195.0,False,2028.5,2028.75
11458,412,649,s,194,199.0,False,2028.5,2029.75
11459,541,437,s,194,194.0,False,2028.5,2028.5
11460,581,704,s,194,195.0,False,2028.5,2028.75
11461,653,243,s,194,201.0,False,2028.5,2030.25
11462,722,685,s,194,194.0,False,2028.5,2028.5
11463,777,707,s,194,198.0,False,2028.5,2029.5
11464,780,486,s,194,198.0,False,2028.5,2029.5
11465,838,1012,s,194,196.0,False,2028.5,2029.0
11466,864,668,s,194,198.0,False,2028.5,2029.5
11467,962,649,s,194,197.0,False,2028.5,2029.25
11468,34,222,s,194,194.0,False,2028.5,2028.5
11469,46,507,s,194,195.0,False,2028.5,2028.75
11470,113,591,s,194,196.0,False,2028.5,2029.0
11471,169,293,s,194,194.0,False,2028.5,2028.5
11472,172,680,s,194,196.0,False,2028.5,2029.0
11473,205,283,s,194,195.0,False,2028.5,2028.75
11474,213,409,s,194,197.0,False,2028.5,2029.25
11475,357,505,s,194,195.0,False,2028.5,2028.75
11476,417,664,s,194,196.0,False,2028.5,2029.0
11477,417,712,s,194,195.0,False,2028.5,2028.75
11478,466,888,s,194,198.0,False,2028.5,2029.5
11479,482,628,s,194,198.0,False,2028.5,2029.5
11480,504,704,s,194,197.0,False,2028.5,2029.25
11481,540,507,s,194,194.0,False,2028.5,2028.5
11482,722,707,s,194,198.0,False,2028.5,2029.5
11483,740,668,s,194,197.0,False,2028.5,2029.25
11484,741,409,s,194,197.0,False,2028.5,2029.25
11485,782,821,s,194,194.0,False,2028.5,2028.5
11486,783,758,s,194,194.0,False,2028.5,2028.5
11487,792,756,s,194,204.0,False,2028.5,2031.0
11488,34,95,s,194,197.0,False,2028.5,2029.25
11489,48,511,s,194,205.0,False,2028.5,2031.25
11490,67,321,s,194,197.0,False,2028.5,2029.25
11491,81,929,s,194,196.0,False,2028.5,2029.0
11492,159,972,s,194,202.0,False,2028.5,2030.5
11493,172,617,s,194,196.0,False,2028.5,2029.0
11494,303,15,s,194,198.0,False,2028.5,2029.5
11495,303,418,s,194,195.0,False,2028.5,2028.75
11496,303,508,s,194,197.0,False,2028.5,2029.25
11497,311,465,s,194,196.0,False,2028.5,2029.0
11498,316,389,s,194,197.0,False,2028.5,2029.25
11499,330,971,s,194,195.0,False,2028.5,2028.75
11500,414,972,s,194,199.0,False,2028.5,2029.75
11501,547,929,s,194,205.0,False,2028.5,2031.25
11502,571,617,s,194,196.0,False,2028.5,2029.0
11503,595,705,s,194,200.0,False,2028.5,2030.0
11504,609,601,s,194,195.0,False,2028.5,2028.75
11505,622,198,s,194,197.0,False,2028.5,2029.25
11506,629,763,s,194,197.0,False,2028.5,2029.25
11507,690,754,s,194,199.0,False,2028.5,2029.75
11508,696,721,s,194,201.0,False,2028.5,2030.25
11509,722,682,s,194,195.0,False,2028.5,2028.75
11510,765,756,s,194,201.0,False,2028.5,2030.25
11511,774,721,s,194,195.0,False,2028.5,2028.75
11512,779,763,s,194,195.0,False,2028.5,2028.75
11513,813,794,s,194,198.0,False,2028.5,2029.5
11514,986,173,s,194,200.0,False,2028.5,2030.0
11515,48,905,l,194,224.0,True,2028.5,2036.0
11516,394,638,l,194,,True,2028.5,
11517,765,763,l,194,,True,2028.5,
11518,303,905,l,194,,True,2028.5,
11519,740,343,l,194,212.0,True,2028.5,2033.0
11520,34,343,s,195,199.0,False,2028.75,2029.75
11521,41,247,s,195,200.0,False,2028.75,2030.0
11522,167,590,s,195,198.0,False,2028.75,2029.5
11523,241,573,s,195,198.0,False,2028.75,2029.5
11524,341,69,s,195,202.0,False,2028.75,2030.5
11525,341,569,s,195,201.0,False,2028.75,2030.25
11526,541,664,s,195,198.0,False,2028.75,2029.5
11527,584,506,s,195,197.0,False,2028.75,2029.25
11528,588,15,s,195,198.0,False,2028.75,2029.5
11529,734,721,s,195,195.0,False,2028.75,2028.75
11530,740,509,s,195,199.0,False,2028.75,2029.75
11531,765,634,s,195,196.0,False,2028.75,2029.0
11532,792,796,s,195,197.0,False,2028.75,2029.25
11533,837,798,s,195,196.0,False,2028.75,2029.0
11534,34,650,s,195,215.0,False,2028.75,2033.75
11535,64,636,s,195,200.0,False,2028.75,2030.0
11536,67,99,s,195,201.0,False,2028.75,2030.25
11537,169,132,s,195,204.0,False,2028.75,2031.0
11538,192,852,s,195,198.0,False,2028.75,2029.5
11539,266,61,s,195,201.0,False,2028.75,2030.25
11540,313,410,s,195,197.0,False,2028.75,2029.25
11541,316,486,s,195,196.0,False,2028.75,2029.0
11542,323,309,s,195,199.0,False,2028.75,2029.75
11543,427,505,s,195,202.0,False,2028.75,2030.5
11544,450,399,s,195,211.0,False,2028.75,2032.75
11545,571,619,s,195,198.0,False,2028.75,2029.5
11546,571,972,s,195,198.0,False,2028.75,2029.5
11547,644,814,s,195,196.0,False,2028.75,2029.0
11548,659,1012,s,195,198.0,False,2028.75,2029.5
11549,675,682,s,195,196.0,False,2028.75,2029.0
11550,710,707,s,195,197.0,False,2028.75,2029.25
11551,741,309,s,195,201.0,False,2028.75,2030.25
11552,741,507,s,195,196.0,False,2028.75,2029.0
11553,761,733,s,195,197.0,False,2028.75,2029.25
11554,817,737,s,195,200.0,False,2028.75,2030.0
11555,807,830,s,195,200.0,False,2028.75,2030.0
11556,825,821,s,195,197.0,False,2028.75,2029.25
11557,801,685,s,195,198.0,False,2028.75,2029.5
11558,191,139,s,195,196.0,False,2028.75,2029.0
11559,396,971,s,195,202.0,False,2028.75,2030.5
11560,738,784,s,195,196.0,False,2028.75,2029.0
11561,715,736,s,195,197.0,False,2028.75,2029.25
11562,735,724,s,195,198.0,False,2028.75,2029.5
11563,716,669,s,195,200.0,False,2028.75,2030.0
11564,627,697,s,195,196.0,False,2028.75,2029.0
11565,603,678,s,195,196.0,False,2028.75,2029.0
11566,592,918,s,195,213.0,False,2028.75,2033.25
11567,845,847,s,195,200.0,False,2028.75,2030.0
11568,771,994,s,195,198.0,False,2028.75,2029.5
11569,774,859,s,195,196.0,False,2028.75,2029.0
11570,34,680,s,195,197.0,False,2028.75,2029.25
11571,53,619,s,195,197.0,False,2028.75,2029.25
11572,64,410,s,195,198.0,False,2028.75,2029.5
11573,71,437,s,195,196.0,False,2028.75,2029.0
11574,159,637,s,195,199.0,False,2028.75,2029.75
11575,169,650,s,195,198.0,False,2028.75,2029.5
11576,192,634,s,195,205.0,False,2028.75,2031.25
11577,241,596,s,195,196.0,False,2028.75,2029.0
11578,303,736,s,195,196.0,False,2028.75,2029.0
11579,341,175,s,195,215.0,False,2028.75,2033.75
11580,360,211,s,195,197.0,False,2028.75,2029.25
11581,427,572,s,195,197.0,False,2028.75,2029.25
11582,541,15,s,195,200.0,False,2028.75,2030.0
11583,588,345,s,195,197.0,False,2028.75,2029.25
11584,593,638,s,195,198.0,False,2028.75,2029.5
11585,635,685,s,195,197.0,False,2028.75,2029.25
11586,716,697,s,195,197.0,False,2028.75,2029.25
11587,716,737,s,195,201.0,False,2028.75,2030.25
11588,716,746,s,195,198.0,False,2028.75,2029.5
11589,811,284,s,195,196.0,False,2028.75,2029.0
11590,730,721,l,195,,True,2028.75,
11591,48,150,l,195,224.0,True,2028.75,2036.0
11592,34,649,s,196,199.0,False,2029.0,2029.75
11593,94,293,s,196,199.0,False,2029.0,2029.75
11594,169,407,s,196,198.0,False,2029.0,2029.5
11595,191,180,s,196,200.0,False,2029.0,2030.0
11596,261,75,s,196,215.0,False,2029.0,2033.75
11597,262,818,s,196,197.0,False,2029.0,2029.25
11598,266,399,s,196,211.0,False,2029.0,2032.75
11599,417,733,s,196,196.0,False,2029.0,2029.0
11600,417,756,s,196,200.0,False,2029.0,2030.0
11601,422,930,s,196,197.0,False,2029.0,2029.25
11602,427,748,s,196,200.0,False,2029.0,2030.0
11603,466,1037,s,196,197.0,False,2029.0,2029.25
11604,493,132,s,196,196.0,False,2029.0,2029.0
11605,504,685,s,196,204.0,False,2029.0,2031.0
11606,540,101,s,196,205.0,False,2029.0,2031.25
11607,540,423,s,196,197.0,False,2029.0,2029.25
11608,541,180,s,196,199.0,False,2029.0,2029.75
11609,544,399,s,196,200.0,False,2029.0,2030.0
11610,568,683,s,196,197.0,False,2029.0,2029.25
11611,588,628,s,196,199.0,False,2029.0,2029.75
11612,635,409,s,196,204.0,False,2029.0,2031.0
11613,716,796,s,196,196.0,False,2029.0,2029.0
11614,722,713,s,196,201.0,False,2029.0,2030.25
11615,730,82,s,196,200.0,False,2029.0,2030.0
11616,738,736,s,196,205.0,False,2029.0,2031.25
11617,740,1013,s,196,201.0,False,2029.0,2030.25
11618,811,445,s,196,201.0,False,2029.0,2030.25
11619,837,756,s,196,200.0,False,2029.0,2030.0
11620,986,255,s,196,209.0,False,2029.0,2032.25
11621,26,154,s,196,198.0,False,2029.0,2029.5
11622,34,619,s,196,199.0,False,2029.0,2029.75
11623,64,309,s,196,202.0,False,2029.0,2030.5
11624,167,585,s,196,198.0,False,2029.0,2029.5
11625,172,95,s,196,197.0,False,2029.0,2029.25
11626,191,410,s,196,198.0,False,2029.0,2029.5
11627,241,677,s,196,199.0,False,2029.0,2029.75
11628,266,418,s,196,202.0,False,2029.0,2030.5
11629,313,637,s,196,197.0,False,2029.0,2029.25
11630,341,972,s,196,198.0,False,2029.0,2029.5
11631,541,511,s,196,207.0,False,2029.0,2031.75
11632,588,669,s,196,198.0,False,2029.0,2029.5
11633,624,972,s,196,208.0,False,2029.0,2032.0
11634,624,1012,s,196,200.0,False,2029.0,2030.0
11635,741,510,s,196,197.0,False,2029.0,2029.25
11636,782,713,s,196,200.0,False,2029.0,2030.0
11637,933,930,s,196,197.0,False,2029.0,2029.25
11638,986,55,s,196,203.0,False,2029.0,2030.75
11639,986,818,s,196,200.0,False,2029.0,2030.0
11640,30,154,s,196,210.0,False,2029.0,2032.5
11641,48,591,s,196,203.0,False,2029.0,2030.75
11642,64,321,s,196,199.0,False,2029.0,2029.75
11643,67,508,s,196,197.0,False,2029.0,2029.25
11644,141,354,s,196,208.0,False,2029.0,2032.0
11645,192,591,s,196,206.0,False,2029.0,2031.5
11646,202,196,s,196,200.0,False,2029.0,2030.0
11647,213,423,s,196,203.0,False,2029.0,2030.75
11648,248,612,s,196,204.0,False,2029.0,2031.0
11649,391,819,s,196,197.0,False,2029.0,2029.25
11650,414,32,s,196,197.0,False,2029.0,2029.25
11651,466,405,s,196,198.0,False,2029.0,2029.5
11652,502,569,s,196,204.0,False,2029.0,2031.0
11653,504,694,s,196,197.0,False,2029.0,2029.25
11654,595,708,s,196,207.0,False,2029.0,2031.75
11655,606,680,s,196,198.0,False,2029.0,2029.5
11656,624,733,s,196,201.0,False,2029.0,2030.25
11657,629,683,s,196,203.0,False,2029.0,2030.75
11658,675,583,s,196,203.0,False,2029.0,2030.75
11659,722,833,s,196,197.0,False,2029.0,2029.25
11660,845,833,s,196,205.0,False,2029.0,2031.25
11661,986,852,l,196,,True,2029.0,
11662,394,665,l,196,,True,2029.0,
11663,9,95,s,197,202.0,False,2029.25,2030.5
11664,67,572,s,197,199.0,False,2029.25,2029.75
11665,117,515,s,197,210.0,False,2029.25,2032.5
11666,241,519,s,197,198.0,False,2029.25,2029.5
11667,332,637,s,197,208.0,False,2029.25,2032.0
11668,360,15,s,197,199.0,False,2029.25,2029.75
11669,392,469,s,197,198.0,False,2029.25,2029.5
11670,396,211,s,197,200.0,False,2029.25,2030.0
11671,466,199,s,197,201.0,False,2029.25,2030.25
11672,541,585,s,197,197.0,False,2029.25,2029.25
11673,576,905,s,197,197.0,False,2029.25,2029.25
11674,593,1013,s,197,200.0,False,2029.25,2030.0
11675,595,591,s,197,201.0,False,2029.25,2030.25
11676,626,643,s,197,197.0,False,2029.25,2029.25
11677,722,661,s,197,201.0,False,2029.25,2030.25
11678,730,630,s,197,199.0,False,2029.25,2029.75
11679,793,959,s,197,202.0,False,2029.25,2030.5
11680,824,756,s,197,198.0,False,2029.25,2029.5
11681,986,399,s,197,197.0,False,2029.25,2029.25
11682,34,591,s,197,199.0,False,2029.25,2029.75
11683,41,217,s,197,199.0,False,2029.25,2029.75
11684,64,511,s,197,198.0,False,2029.25,2029.5
11685,159,198,s,197,199.0,False,2029.25,2029.75
11686,159,583,s,197,197.0,False,2029.25,2029.25
11687,241,664,s,197,200.0,False,2029.25,2030.0
11688,303,583,s,197,201.0,False,2029.25,2030.25
11689,313,343,s,197,200.0,False,2029.25,2030.0
11690,330,101,s,197,199.0,False,2029.25,2029.75
11691,444,591,s,197,198.0,False,2029.25,2029.5
11692,550,423,s,197,198.0,False,2029.25,2029.5
11693,571,707,s,197,206.0,False,2029.25,2031.5
11694,581,664,s,197,199.0,False,2029.25,2029.75
11695,599,799,s,197,199.0,False,2029.25,2029.75
11696,651,636,s,197,202.0,False,2029.25,2030.5
11697,722,726,s,197,199.0,False,2029.25,2029.75
11698,761,794,s,197,198.0,False,2029.25,2029.5
11699,845,851,s,197,201.0,False,2029.25,2030.25
11700,933,234,s,197,202.0,False,2029.25,2030.5
11701,26,712,s,197,198.0,False,2029.25,2029.5
11702,34,569,s,197,198.0,False,2029.25,2029.5
11703,53,508,s,197,203.0,False,2029.25,2030.75
11704,213,321,s,197,200.0,False,2029.25,2030.0
11705,248,694,s,197,201.0,False,2029.25,2030.25
11706,266,677,s,197,199.0,False,2029.25,2029.75
11707,311,508,s,197,200.0,False,2029.25,2030.0
11708,312,852,s,197,206.0,False,2029.25,2031.5
11709,341,61,s,197,199.0,False,2029.25,2029.75
11710,466,110,s,197,204.0,False,2029.25,2031.0
11711,599,746,s,197,201.0,False,2029.25,2030.25
11712,676,607,s,197,200.0,False,2029.25,2030.0
11713,696,608,s,197,199.0,False,2029.25,2029.75
11714,706,756,s,197,217.0,False,2029.25,2034.25
11715,722,607,s,197,201.0,False,2029.25,2030.25
11716,722,721,s,197,201.0,False,2029.25,2030.25
11717,730,569,s,197,198.0,False,2029.25,2029.5
11718,741,664,s,197,204.0,False,2029.25,2031.0
11719,745,682,s,197,202.0,False,2029.25,2030.5
11720,810,634,s,197,206.0,False,2029.25,2031.5
11721,986,343,s,197,201.0,False,2029.25,2030.25
11722,1038,930,s,197,199.0,False,2029.25,2029.75
11723,481,591,l,197,,True,2029.25,
11724,12,342,s,198,203.0,False,2029.5,2030.75
11725,12,523,s,198,212.0,False,2029.5,2033.0
11726,64,99,s,198,199.0,False,2029.5,2029.75
11727,90,95,s,198,199.0,False,2029.5,2029.75
11728,213,77,s,198,204.0,False,2029.5,2031.0
11729,262,721,s,198,199.0,False,2029.5,2029.75
11730,291,708,s,198,206.0,False,2029.5,2031.5
11731,303,685,s,198,199.0,False,2029.5,2029.75
11732,332,345,s,198,206.0,False,2029.5,2031.5
11733,341,399,s,198,199.0,False,2029.5,2029.75
11734,427,154,s,198,198.0,False,2029.5,2029.5
11735,460,196,s,198,200.0,False,2029.5,2030.0
11736,480,695,s,198,201.0,False,2029.5,2030.25
11737,490,101,s,198,207.0,False,2029.5,2031.75
11738,541,506,s,198,198.0,False,2029.5,2029.5
11739,568,612,s,198,205.0,False,2029.5,2031.25
11740,609,661,s,198,202.0,False,2029.5,2030.5
11741,652,243,s,198,200.0,False,2029.5,2030.0
11742,690,664,s,198,205.0,False,2029.5,2031.25
11743,64,506,s,198,200.0,False,2029.5,2030.0
11744,67,596,s,198,201.0,False,2029.5,2030.25
11745,113,101,s,198,201.0,False,2029.5,2030.25
11746,113,1037,s,198,204.0,False,2029.5,2031.0
11747,183,343,s,198,207.0,False,2029.5,2031.75
11748,202,930,s,198,201.0,False,2029.5,2030.25
11749,266,75,s,198,203.0,False,2029.5,2030.75
11750,336,69,s,198,198.0,False,2029.5,2029.5
11751,340,293,s,198,199.0,False,2029.5,2029.75
11752,392,224,s,198,201.0,False,2029.5,2030.25
11753,412,972,s,198,211.0,False,2029.5,2032.75
11754,653,423,s,198,200.0,False,2029.5,2030.0
11755,653,638,s,198,203.0,False,2029.5,2030.75
11756,690,669,s,198,210.0,False,2029.5,2032.5
11757,730,198,s,198,207.0,False,2029.5,2031.75
11758,781,847,s,198,199.0,False,2029.5,2029.75
11759,802,836,s,198,198.0,False,2029.5,2029.5
11760,817,664,s,198,206.0,False,2029.5,2031.5
11761,909,683,s,198,200.0,False,2029.5,2030.0
11762,962,737,s,198,202.0,False,2029.5,2030.5
11763,41,110,s,198,203.0,False,2029.5,2030.75
11764,172,15,s,198,200.0,False,2029.5,2030.0
11765,248,607,s,198,203.0,False,2029.5,2030.75
11766,313,591,s,198,199.0,False,2029.5,2029.75
11767,340,345,s,198,205.0,False,2029.5,2031.25
11768,396,101,s,198,206.0,False,2029.5,2031.5
11769,414,432,s,198,199.0,False,2029.5,2029.75
11770,571,756,s,198,199.0,False,2029.5,2029.75
11771,581,569,s,198,200.0,False,2029.5,2030.0
11772,588,283,s,198,202.0,False,2029.5,2030.5
11773,588,972,s,198,199.0,False,2029.5,2029.75
11774,610,628,s,198,203.0,False,2029.5,2030.75
11775,620,776,s,198,199.0,False,2029.5,2029.75
11776,624,794,s,198,204.0,False,2029.5,2031.0
11777,700,708,s,198,199.0,False,2029.5,2029.75
11778,706,754,s,198,201.0,False,2029.5,2030.25
11779,740,508,s,198,199.0,False,2029.5,2029.75
11780,745,756,s,198,200.0,False,2029.5,2030.0
11781,757,619,s,198,200.0,False,2029.5,2030.0
11782,765,746,s,198,204.0,False,2029.5,2031.0
11783,793,748,s,198,206.0,False,2029.5,2031.5
11784,854,833,s,198,200.0,False,2029.5,2030.0
11785,909,507,s,198,208.0,False,2029.5,2032.0
11786,1038,234,s,198,199.0,False,2029.5,2029.75
11787,34,726,l,198,,True,2029.5,
11788,6,232,s,199,204.0,False,2029.75,2031.0
11789,46,453,s,199,201.0,False,2029.75,2030.25
11790,203,69,s,199,209.0,False,2029.75,2032.25
11791,241,636,s,199,200.0,False,2029.75,2030.0
11792,266,507,s,199,205.0,False,2029.75,2031.25
11793,294,342,s,199,200.0,False,2029.75,2030.0
11794,312,343,s,199,204.0,False,2029.75,2031.0
11795,313,574,s,199,203.0,False,2029.75,2030.75
11796,427,572,s,199,204.0,False,2029.75,2031.0
11797,504,669,s,199,205.0,False,2029.75,2031.25
11798,568,918,s,199,203.0,False,2029.75,2030.75
11799,581,668,s,199,199.0,False,2029.75,2029.75
11800,610,959,s,199,202.0,False,2029.75,2030.5
11801,662,754,s,199,206.0,False,2029.75,2031.5
11802,722,637,s,199,204.0,False,2029.75,2031.0
11803,741,77,s,199,203.0,False,2029.75,2030.75
11804,757,704,s,199,199.0,False,2029.75,2029.75
11805,777,680,s,199,200.0,False,2029.75,2030.0
11806,864,343,s,199,202.0,False,2029.75,2030.5
11807,909,708,s,199,201.0,False,2029.75,2030.25
11808,909,726,s,199,202.0,False,2029.75,2030.5
11809,933,617,s,199,199.0,False,2029.75,2029.75
11810,34,198,s,199,200.0,False,2029.75,2030.0
11811,53,180,s,199,202.0,False,2029.75,2030.5
11812,113,852,s,199,200.0,False,2029.75,2030.0
11813,152,15,s,199,201.0,False,2029.75,2030.25
11814,169,636,s,199,202.0,False,2029.75,2030.5
11815,241,15,s,199,202.0,False,2029.75,2030.5
11816,391,1037,s,199,204.0,False,2029.75,2031.0
11817,481,15,s,199,200.0,False,2029.75,2030.0
11818,490,293,s,199,204.0,False,2029.75,2031.0
11819,493,40,s,199,205.0,False,2029.75,2031.25
11820,576,591,s,199,210.0,False,2029.75,2032.5
11821,581,590,s,199,203.0,False,2029.75,2030.75
11822,676,661,s,199,200.0,False,2029.75,2030.0
11823,735,707,s,199,201.0,False,2029.75,2030.25
11824,761,708,s,199,204.0,False,2029.75,2031.0
11825,825,836,s,199,202.0,False,2029.75,2030.5
11826,804,848,s,199,200.0,False,2029.75,2030.0
11827,813,1034,s,199,200.0,False,2029.75,2030.0
11828,774,758,s,199,201.0,False,2029.75,2030.25
11829,772,743,s,199,201.0,False,2029.75,2030.25
11830,881,859,s,199,201.0,False,2029.75,2030.25
11831,890,823,s,199,208.0,False,2029.75,2032.0
11832,1026,513,s,199,201.0,False,2029.75,2030.25
11833,922,189,s,199,204.0,False,2029.75,2031.0
11834,381,521,s,199,207.0,False,2029.75,2031.75
11835,91,269,s,199,204.0,False,2029.75,2031.0
11836,844,815,s,199,201.0,False,2029.75,2030.25
11837,642,806,s,199,206.0,False,2029.75,2031.5
11838,645,995,s,199,207.0,False,2029.75,2031.75
11839,715,786,s,199,206.0,False,2029.75,2031.5
11840,710,960,s,199,211.0,False,2029.75,2032.75
11841,79,697,s,199,200.0,False,2029.75,2030.0
11842,701,649,s,199,209.0,False,2029.75,2032.25
11843,672,646,s,199,200.0,False,2029.75,2030.0
11844,857,925,s,199,208.0,False,2029.75,2032.0
11845,876,870,s,199,201.0,False,2029.75,2030.25
11846,34,683,s,199,201.0,False,2029.75,2030.25
11847,64,133,s,199,201.0,False,2029.75,2030.25
11848,94,505,s,199,207.0,False,2029.75,2031.75
11849,167,247,s,199,201.0,False,2029.75,2030.25
11850,192,255,s,199,201.0,False,2029.75,2030.25
11851,312,591,s,199,206.0,False,2029.75,2031.5
11852,396,410,s,199,205.0,False,2029.75,2031.25
11853,480,971,s,199,203.0,False,2029.75,2030.75
11854,543,430,s,199,210.0,False,2029.75,2032.5
11855,544,375,s,199,205.0,False,2029.75,2031.25
11856,740,457,s,199,202.0,False,2029.75,2030.5
11857,781,708,s,199,202.0,False,2029.75,2030.5
11858,783,704,s,199,202.0,False,2029.75,2030.5
11859,810,1012,s,199,203.0,False,2029.75,2030.75
11860,811,217,s,199,203.0,False,2029.75,2030.75
11861,824,848,s,199,206.0,False,2029.75,2031.5
11862,920,685,s,199,200.0,False,2029.75,2030.0
11863,986,972,s,199,215.0,False,2029.75,2033.75
11864,599,685,l,199,,True,2029.75,
11865,648,678,l,199,230.0,True,2029.75,2037.5
11866,866,862,l,199,,True,2029.75,
11867,64,445,s,200,201.0,False,2030.0,2030.25
11868,113,196,s,200,205.0,False,2030.0,2031.25
11869,169,819,s,200,204.0,False,2030.0,2031.0
11870,214,508,s,200,207.0,False,2030.0,2031.75
11871,241,99,s,200,202.0,False,2030.0,2030.5
11872,341,211,s,200,205.0,False,2030.0,2031.25
11873,414,101,s,200,203.0,False,2030.0,2030.75
11874,414,293,s,200,200.0,False,2030.0,2030.0
11875,417,636,s,200,203.0,False,2030.0,2030.75
11876,417,670,s,200,206.0,False,2030.0,2031.5
11877,427,668,s,200,204.0,False,2030.0,2031.0
11878,443,506,s,200,207.0,False,2030.0,2031.75
11879,481,224,s,200,200.0,False,2030.0,2030.0
11880,504,508,s,200,208.0,False,2030.0,2032.0
11881,539,607,s,200,205.0,False,2030.0,2031.25
11882,586,756,s,200,203.0,False,2030.0,2030.75
11883,588,132,s,200,204.0,False,2030.0,2031.0
11884,592,713,s,200,201.0,False,2030.0,2030.25
11885,595,697,s,200,203.0,False,2030.0,2030.75
11886,611,1012,s,200,200.0,False,2030.0,2030.0
11887,681,754,s,200,202.0,False,2030.0,2030.5
11888,689,723,s,200,201.0,False,2030.0,2030.25
11889,710,669,s,200,200.0,False,2030.0,2030.0
11890,722,754,s,200,203.0,False,2030.0,2030.75
11891,722,768,s,200,202.0,False,2030.0,2030.5
11892,722,918,s,200,205.0,False,2030.0,2031.25
11893,811,469,s,200,204.0,False,2030.0,2031.0
11894,824,756,s,200,200.0,False,2030.0,2030.0
11895,854,1012,s,200,206.0,False,2030.0,2031.5
11896,857,708,s,200,202.0,False,2030.0,2030.5
11897,34,572,s,200,205.0,False,2030.0,2031.25
11898,48,437,s,200,200.0,False,2030.0,2030.0
11899,94,591,s,200,200.0,False,2030.0,2030.0
11900,113,269,s,200,202.0,False,2030.0,2030.5
11901,214,658,s,200,202.0,False,2030.0,2030.5
11902,241,343,s,200,202.0,False,2030.0,2030.5
11903,312,619,s,200,206.0,False,2030.0,2031.5
11904,414,399,s,200,204.0,False,2030.0,2031.0
11905,490,508,s,200,202.0,False,2030.0,2030.5
11906,588,591,s,200,203.0,False,2030.0,2030.75
11907,606,726,s,200,202.0,False,2030.0,2030.5
11908,609,453,s,200,201.0,False,2030.0,2030.25
11909,610,601,s,200,205.0,False,2030.0,2031.25
11910,662,664,s,200,201.0,False,2030.0,2030.25
11911,690,721,s,200,201.0,False,2030.0,2030.25
11912,745,833,s,200,203.0,False,2030.0,2030.75
11913,761,704,s,200,203.0,False,2030.0,2030.75
11914,774,638,s,200,206.0,False,2030.0,2031.5
11915,781,712,s,200,202.0,False,2030.0,2030.5
11916,783,637,s,200,204.0,False,2030.0,2031.0
11917,857,806,s,200,204.0,False,2030.0,2031.0
11918,876,756,s,200,206.0,False,2030.0,2031.5
11919,909,705,s,200,203.0,False,2030.0,2030.75
11920,933,99,s,200,208.0,False,2030.0,2032.0
11921,933,573,s,200,201.0,False,2030.0,2030.25
11922,986,293,s,200,206.0,False,2030.0,2031.5
11923,34,505,s,200,203.0,False,2030.0,2030.75
11924,261,54,s,200,203.0,False,2030.0,2030.75
11925,311,600,s,200,201.0,False,2030.0,2030.25
11926,323,469,s,200,206.0,False,2030.0,2031.5
11927,323,511,s,200,204.0,False,2030.0,2031.0
11928,417,457,s,200,207.0,False,2030.0,2031.75
11929,593,664,s,200,203.0,False,2030.0,2030.75
11930,606,668,s,200,204.0,False,2030.0,2031.0
11931,652,75,s,200,207.0,False,2030.0,2031.75
11932,725,713,s,200,204.0,False,2030.0,2031.0
11933,837,708,s,200,203.0,False,2030.0,2030.75
11934,1045,756,s,200,204.0,False,2030.0,2031.0
11935,67,15,l,200,,True,2030.0,
11936,576,508,l,200,,True,2030.0,
11937,64,180,s,201,205.0,False,2030.25,2031.25
11938,64,510,s,201,202.0,False,2030.25,2030.5
11939,67,505,s,201,216.0,False,2030.25,2034.0
11940,106,517,s,201,204.0,False,2030.25,2031.0
11941,241,75,s,201,202.0,False,2030.25,2030.5
11942,261,150,s,201,206.0,False,2030.25,2031.5
11943,360,506,s,201,204.0,False,2030.25,2031.0
11944,396,243,s,201,206.0,False,2030.25,2031.5
11945,417,591,s,201,204.0,False,2030.25,2031.0
11946,427,708,s,201,201.0,False,2030.25,2030.25
11947,624,721,s,201,202.0,False,2030.25,2030.5
11948,629,637,s,201,203.0,False,2030.25,2030.75
11949,644,625,s,201,207.0,False,2030.25,2031.75
11950,645,786,s,201,203.0,False,2030.25,2030.75
11951,651,309,s,201,203.0,False,2030.25,2030.75
11952,696,697,s,201,206.0,False,2030.25,2031.5
11953,722,669,s,201,203.0,False,2030.25,2030.75
11954,774,712,s,201,205.0,False,2030.25,2031.25
11955,782,748,s,201,202.0,False,2030.25,2030.5
11956,782,1013,s,201,207.0,False,2030.25,2031.75
11957,854,680,s,201,203.0,False,2030.25,2030.75
11958,933,15,s,201,201.0,False,2030.25,2030.25
11959,986,75,s,201,216.0,False,2030.25,2034.0
11960,986,328,s,201,201.0,False,2030.25,2030.25
11961,1046,776,s,201,209.0,False,2030.25,2032.25
11962,12,517,s,201,204.0,False,2030.25,2031.0
11963,67,799,s,201,210.0,False,2030.25,2032.5
11964,91,110,s,201,204.0,False,2030.25,2031.0
11965,94,510,s,201,206.0,False,2030.25,2031.5
11966,159,678,s,201,208.0,False,2030.25,2032.0
11967,262,1012,s,201,203.0,False,2030.25,2030.75
11968,291,453,s,201,204.0,False,2030.25,2031.0
11969,305,513,s,201,204.0,False,2030.25,2031.0
11970,312,569,s,201,211.0,False,2030.25,2032.75
11971,332,704,s,201,206.0,False,2030.25,2031.5
11972,443,508,s,201,206.0,False,2030.25,2031.5
11973,502,852,s,201,201.0,False,2030.25,2030.25
11974,540,574,s,201,211.0,False,2030.25,2032.75
11975,541,132,s,201,206.0,False,2030.25,2031.5
11976,592,754,s,201,203.0,False,2030.25,2030.75
11977,602,569,s,201,204.0,False,2030.25,2031.0
11978,609,756,s,201,221.0,False,2030.25,2035.25
11979,644,726,s,201,205.0,False,2030.25,2031.25
11980,681,692,s,201,204.0,False,2030.25,2031.0
11981,722,743,s,201,212.0,False,2030.25,2033.0
11982,757,746,s,201,207.0,False,2030.25,2031.75
11983,772,726,s,201,209.0,False,2030.25,2032.25
11984,781,638,s,201,203.0,False,2030.25,2030.75
11985,792,754,s,201,205.0,False,2030.25,2031.25
11986,908,1013,s,201,204.0,False,2030.25,2031.0
11987,90,389,s,201,217.0,False,2030.25,2034.25
11988,169,852,s,201,203.0,False,2030.25,2030.75
11989,192,309,s,201,203.0,False,2030.25,2030.75
11990,203,255,s,201,206.0,False,2030.25,2031.5
11991,241,154,s,201,208.0,False,2030.25,2032.0
11992,241,222,s,201,203.0,False,2030.25,2030.75
11993,241,661,s,201,203.0,False,2030.25,2030.75
11994,313,682,s,201,202.0,False,2030.25,2030.5
11995,315,972,s,201,208.0,False,2030.25,2032.0
11996,360,694,s,201,207.0,False,2030.25,2031.75
11997,450,222,s,201,204.0,False,2030.25,2031.0
11998,466,150,s,201,205.0,False,2030.25,2031.25
11999,481,101,s,201,204.0,False,2030.25,2031.0
12000,504,625,s,201,207.0,False,2030.25,2031.75
12001,504,972,s,201,205.0,False,2030.25,2031.25
12002,571,756,s,201,204.0,False,2030.25,2031.0
12003,571,796,s,201,204.0,False,2030.25,2031.0
12004,581,1044,s,201,215.0,False,2030.25,2033.75
12005,592,638,s,201,203.0,False,2030.25,2030.75
12006,602,668,s,201,213.0,False,2030.25,2033.25
12007,662,830,s,201,212.0,False,2030.25,2033.0
12008,672,723,s,201,202.0,False,2030.25,2030.5
12009,675,918,s,201,202.0,False,2030.25,2030.5
12010,740,665,s,201,202.0,False,2030.25,2030.5
12011,745,748,s,201,204.0,False,2030.25,2031.0
12012,772,736,s,201,202.0,False,2030.25,2030.5
12013,783,758,s,201,220.0,False,2030.25,2035.0
12014,811,505,s,201,203.0,False,2030.25,2030.75
12015,986,465,s,201,203.0,False,2030.25,2030.75
12016,1047,746,s,201,205.0,False,2030.25,2031.25
12017,34,737,l,201,213.0,True,2030.25,2033.25
12018,311,590,l,201,,True,2030.25,
12019,729,756,l,201,,True,2030.25,
12020,341,971,l,201,,True,2030.25,
12021,30,972,s,202,203.0,False,2030.5,2030.75
12022,34,585,s,202,204.0,False,2030.5,2031.0
12023,34,596,s,202,207.0,False,2030.5,2031.75
12024,48,224,s,202,205.0,False,2030.5,2031.25
12025,169,505,s,202,205.0,False,2030.5,2031.25
12026,191,321,s,202,209.0,False,2030.5,2032.25
12027,303,608,s,202,202.0,False,2030.5,2030.5
12028,305,818,s,202,203.0,False,2030.5,2030.75
12029,313,283,s,202,209.0,False,2030.5,2032.25
12030,392,95,s,202,203.0,False,2030.5,2030.75
12031,392,150,s,202,202.0,False,2030.5,2030.5
12032,417,569,s,202,204.0,False,2030.5,2031.0
12033,480,243,s,202,206.0,False,2030.5,2031.5
12034,606,345,s,202,206.0,False,2030.5,2031.5
12035,610,794,s,202,210.0,False,2030.5,2032.5
12036,653,24,s,202,203.0,False,2030.5,2030.75
12037,690,794,s,202,205.0,False,2030.5,2031.25
12038,700,664,s,202,204.0,False,2030.5,2031.0
12039,716,733,s,202,205.0,False,2030.5,2031.25
12040,757,630,s,202,204.0,False,2030.5,2031.0
12041,863,851,s,202,202.0,False,2030.5,2030.5
12042,908,705,s,202,203.0,False,2030.5,2030.75
12043,986,573,s,202,203.0,False,2030.5,2030.75
12044,12,445,s,202,205.0,False,2030.5,2031.25
12045,214,569,s,202,210.0,False,2030.5,2032.5
12046,360,625,s,202,207.0,False,2030.5,2031.75
12047,443,507,s,202,203.0,False,2030.5,2030.75
12048,570,694,s,202,204.0,False,2030.5,2031.0
12049,588,418,s,202,202.0,False,2030.5,2030.5
12050,681,705,s,202,210.0,False,2030.5,2032.5
12051,722,756,s,202,203.0,False,2030.5,2030.75
12052,772,746,s,202,207.0,False,2030.5,2031.75
12053,792,995,s,202,208.0,False,2030.5,2032.0
12054,845,859,s,202,207.0,False,2030.5,2031.75
12055,864,705,s,202,205.0,False,2030.5,2031.25
12056,932,1034,s,202,214.0,False,2030.5,2033.5
12057,986,905,s,202,203.0,False,2030.5,2030.75
12058,34,309,s,202,206.0,False,2030.5,2031.5
12059,79,95,s,202,204.0,False,2030.5,2031.0
12060,117,54,s,202,203.0,False,2030.5,2030.75
12061,159,15,s,202,203.0,False,2030.5,2030.75
12062,183,54,s,202,204.0,False,2030.5,2031.0
12063,205,585,s,202,208.0,False,2030.5,2032.0
12064,213,15,s,202,206.0,False,2030.5,2031.5
12065,213,437,s,202,204.0,False,2030.5,2031.0
12066,241,418,s,202,203.0,False,2030.5,2030.75
12067,262,669,s,202,213.0,False,2030.5,2033.25
12068,294,269,s,202,206.0,False,2030.5,2031.5
12069,303,573,s,202,204.0,False,2030.5,2031.0
12070,313,585,s,202,207.0,False,2030.5,2031.75
12071,412,677,s,202,204.0,False,2030.5,2031.0
12072,482,574,s,202,211.0,False,2030.5,2032.75
12073,571,99,s,202,216.0,False,2030.5,2034.0
12074,609,1012,s,202,205.0,False,2030.5,2031.25
12075,774,756,s,202,206.0,False,2030.5,2031.5
12076,780,40,s,202,204.0,False,2030.5,2031.0
12077,782,736,s,202,204.0,False,2030.5,2031.0
12078,810,721,s,202,203.0,False,2030.5,2030.75
12079,837,959,s,202,206.0,False,2030.5,2031.5
12080,844,786,s,202,220.0,False,2030.5,2035.0
12081,909,723,s,202,206.0,False,2030.5,2031.5
12082,909,768,s,202,203.0,False,2030.5,2030.75
12083,909,918,s,202,210.0,False,2030.5,2032.5
12084,922,196,s,202,204.0,False,2030.5,2031.0
12085,986,77,s,202,212.0,False,2030.5,2033.0
12086,460,799,l,202,,True,2030.5,
12087,167,217,s,203,203.0,False,2030.75,2030.75
12088,191,430,s,203,203.0,False,2030.75,2030.75
12089,203,399,s,203,207.0,False,2030.75,2031.75
12090,203,818,s,203,203.0,False,2030.75,2030.75
12091,303,600,s,203,212.0,False,2030.75,2033.0
12092,315,409,s,203,204.0,False,2030.75,2031.0
12093,323,608,s,203,204.0,False,2030.75,2031.0
12094,396,432,s,203,203.0,False,2030.75,2030.75
12095,414,410,s,203,204.0,False,2030.75,2031.0
12096,466,40,s,203,206.0,False,2030.75,2031.5
12097,593,708,s,203,205.0,False,2030.75,2031.25
12098,609,708,s,203,209.0,False,2030.75,2032.25
12099,611,636,s,203,209.0,False,2030.75,2032.25
12100,645,704,s,203,206.0,False,2030.75,2031.5
12101,653,508,s,203,205.0,False,2030.75,2031.25
12102,689,723,s,203,203.0,False,2030.75,2030.75
12103,690,695,s,203,208.0,False,2030.75,2032.0
12104,783,736,s,203,204.0,False,2030.75,2031.0
12105,986,625,s,203,210.0,False,2030.75,2032.5
12106,34,506,s,203,210.0,False,2030.75,2032.5
12107,169,243,s,203,203.0,False,2030.75,2030.75
12108,191,590,s,203,203.0,False,2030.75,2030.75
12109,241,508,s,203,208.0,False,2030.75,2032.0
12110,241,650,s,203,210.0,False,2030.75,2032.5
12111,262,173,s,203,208.0,False,2030.75,2032.0
12112,294,479,s,203,206.0,False,2030.75,2031.5
12113,330,852,s,203,205.0,False,2030.75,2031.25
12114,357,99,s,203,204.0,False,2030.75,2031.0
12115,443,649,s,203,205.0,False,2030.75,2031.25
12116,444,409,s,203,210.0,False,2030.75,2032.5
12117,571,768,s,203,209.0,False,2030.75,2032.25
12118,594,786,s,203,205.0,False,2030.75,2031.25
12119,667,707,s,203,210.0,False,2030.75,2032.5
12120,716,670,s,203,206.0,False,2030.75,2031.5
12121,722,758,s,203,204.0,False,2030.75,2031.0
12122,729,677,s,203,206.0,False,2030.75,2031.5
12123,774,685,s,203,204.0,False,2030.75,2031.0
12124,777,733,s,203,206.0,False,2030.75,2031.5
12125,777,758,s,203,204.0,False,2030.75,2031.0
12126,336,146,s,203,212.0,False,2030.75,2033.0
12127,204,680,s,203,205.0,False,2030.75,2031.25
12128,920,826,s,203,204.0,False,2030.75,2031.0
12129,666,836,s,203,205.0,False,2030.75,2031.25
12130,861,770,s,203,216.0,False,2030.75,2034.0
12131,868,798,s,203,209.0,False,2030.75,2032.25
12132,402,646,s,203,205.0,False,2030.75,2031.25
12133,586,767,s,203,204.0,False,2030.75,2031.0
12134,807,858,s,203,207.0,False,2030.75,2031.75
12135,660,618,s,203,208.0,False,2030.75,2032.0
12136,731,1036,s,203,212.0,False,2030.75,2033.0
12137,974,28,s,203,204.0,False,2030.75,2031.0
12138,429,347,s,203,205.0,False,2030.75,2031.25
12139,46,173,s,203,205.0,False,2030.75,2031.25
12140,64,243,s,203,210.0,False,2030.75,2032.5
12141,167,520,s,203,204.0,False,2030.75,2031.0
12142,203,650,s,203,217.0,False,2030.75,2034.25
12143,205,569,s,203,206.0,False,2030.75,2031.5
12144,311,154,s,203,205.0,False,2030.75,2031.25
12145,315,321,s,203,205.0,False,2030.75,2031.25
12146,341,498,s,203,208.0,False,2030.75,2032.0
12147,367,304,s,203,216.0,False,2030.75,2034.0
12148,412,664,s,203,212.0,False,2030.75,2033.0
12149,414,224,s,203,205.0,False,2030.75,2031.25
12150,443,678,s,203,211.0,False,2030.75,2032.75
12151,571,664,s,203,208.0,False,2030.75,2032.0
12152,576,507,s,203,206.0,False,2030.75,2031.5
12153,592,695,s,203,210.0,False,2030.75,2032.5
12154,611,638,s,203,217.0,False,2030.75,2034.25
12155,651,650,s,203,212.0,False,2030.75,2033.0
12156,676,826,s,203,204.0,False,2030.75,2031.0
12157,722,692,s,203,214.0,False,2030.75,2033.5
12158,738,682,s,203,221.0,False,2030.75,2035.25
12159,866,814,s,203,204.0,False,2030.75,2031.0
12160,962,692,s,203,211.0,False,2030.75,2032.75
12161,172,409,l,203,,True,2030.75,
12162,67,905,s,204,204.0,False,2031.0,2031.0
12163,90,511,s,204,215.0,False,2031.0,2033.75
12164,124,511,s,204,205.0,False,2031.0,2031.25
12165,261,704,s,204,206.0,False,2031.0,2031.5
12166,323,255,s,204,205.0,False,2031.0,2031.25
12167,323,486,s,204,207.0,False,2031.0,2031.75
12168,330,704,s,204,204.0,False,2031.0,2031.0
12169,609,607,s,204,214.0,False,2031.0,2033.5
12170,644,591,s,204,205.0,False,2031.0,2031.25
12171,696,637,s,204,206.0,False,2031.0,2031.5
12172,722,708,s,204,208.0,False,2031.0,2032.0
12173,793,786,s,204,209.0,False,2031.0,2032.25
12174,30,61,s,204,205.0,False,2031.0,2031.25
12175,90,284,s,204,207.0,False,2031.0,2031.75
12176,117,269,s,204,208.0,False,2031.0,2032.0
12177,183,224,s,204,209.0,False,2031.0,2032.25
12178,183,905,s,204,209.0,False,2031.0,2032.25
12179,241,665,s,204,204.0,False,2031.0,2031.0
12180,262,713,s,204,205.0,False,2031.0,2031.25
12181,332,713,s,204,206.0,False,2031.0,2031.5
12182,414,146,s,204,207.0,False,2031.0,2031.75
12183,540,506,s,204,210.0,False,2031.0,2032.5
12184,629,798,s,204,207.0,False,2031.0,2031.75
12185,642,591,s,204,206.0,False,2031.0,2031.5
12186,700,685,s,204,204.0,False,2031.0,2031.0
12187,718,708,s,204,208.0,False,2031.0,2032.0
12188,722,794,s,204,206.0,False,2031.0,2031.5
12189,722,1044,s,204,213.0,False,2031.0,2033.25
12190,729,726,s,204,206.0,False,2031.0,2031.5
12191,876,1012,s,204,207.0,False,2031.0,2031.75
12192,986,573,s,204,212.0,False,2031.0,2033.0
12193,1054,796,s,204,204.0,False,2031.0,2031.0
12194,12,199,s,204,205.0,False,2031.0,2031.25
12195,64,608,s,204,207.0,False,2031.0,2031.75
12196,67,154,s,204,205.0,False,2031.0,2031.25
12197,67,591,s,204,210.0,False,2031.0,2032.5
12198,71,445,s,204,205.0,False,2031.0,2031.25
12199,141,511,s,204,207.0,False,2031.0,2031.75
12200,159,695,s,204,206.0,False,2031.0,2031.5
12201,302,505,s,204,207.0,False,2031.0,2031.75
12202,330,591,s,204,209.0,False,2031.0,2032.25
12203,330,646,s,204,206.0,False,2031.0,2031.5
12204,417,15,s,204,219.0,False,2031.0,2034.75
12205,466,154,s,204,205.0,False,2031.0,2031.25
12206,481,520,s,204,206.0,False,2031.0,2031.5
12207,539,684,s,204,205.0,False,2031.0,2031.25
12208,541,515,s,204,207.0,False,2031.0,2031.75
12209,568,712,s,204,211.0,False,2031.0,2032.75
12210,571,726,s,204,209.0,False,2031.0,2032.25
12211,599,658,s,204,205.0,False,2031.0,2031.25
12212,620,612,s,204,205.0,False,2031.0,2031.25
12213,651,55,s,204,205.0,False,2031.0,2031.25
12214,653,573,s,204,209.0,False,2031.0,2032.25
12215,690,612,s,204,217.0,False,2031.0,2034.25
12216,844,743,s,204,208.0,False,2031.0,2032.0
12217,908,634,s,204,206.0,False,2031.0,2031.5
12218,777,1013,l,204,212.0,True,2031.0,2033.0
12219,152,506,l,204,,True,2031.0,
12220,34,617,s,205,213.0,False,2031.25,2033.25
12221,67,601,s,205,207.0,False,2031.25,2031.75
12222,152,574,s,205,206.0,False,2031.25,2031.5
12223,152,682,s,205,207.0,False,2031.25,2031.75
12224,159,591,s,205,205.0,False,2031.25,2031.25
12225,191,133,s,205,224.0,False,2031.25,2036.0
12226,202,217,s,205,216.0,False,2031.25,2034.0
12227,262,646,s,205,207.0,False,2031.25,2031.75
12228,302,321,s,205,206.0,False,2031.25,2031.5
12229,311,409,s,205,209.0,False,2031.25,2032.25
12230,313,704,s,205,206.0,False,2031.25,2031.5
12231,392,505,s,205,205.0,False,2031.25,2031.25
12232,422,430,s,205,205.0,False,2031.25,2031.25
12233,443,668,s,205,211.0,False,2031.25,2032.75
12234,620,971,s,205,208.0,False,2031.25,2032.0
12235,672,649,s,205,212.0,False,2031.25,2033.0
12236,715,708,s,205,212.0,False,2031.25,2033.0
12237,718,684,s,205,205.0,False,2031.25,2031.25
12238,757,756,s,205,211.0,False,2031.25,2032.75
12239,908,619,s,205,209.0,False,2031.25,2032.25
12240,908,756,s,205,208.0,False,2031.25,2032.0
12241,921,217,s,205,222.0,False,2031.25,2035.5
12242,94,343,s,205,211.0,False,2031.25,2032.75
12243,159,572,s,205,208.0,False,2031.25,2032.0
12244,241,591,s,205,206.0,False,2031.25,2031.5
12245,443,763,s,205,205.0,False,2031.25,2031.25
12246,482,596,s,205,205.0,False,2031.25,2031.25
12247,493,217,s,205,206.0,False,2031.25,2031.5
12248,592,723,s,205,212.0,False,2031.25,2033.0
12249,609,695,s,205,207.0,False,2031.25,2031.75
12250,611,1034,s,205,214.0,False,2031.25,2033.5
12251,653,737,s,205,208.0,False,2031.25,2032.0
12252,667,712,s,205,206.0,False,2031.25,2031.5
12253,845,754,s,205,207.0,False,2031.25,2031.75
12254,854,756,s,205,207.0,False,2031.25,2031.75
12255,866,960,s,205,207.0,False,2031.25,2031.75
12256,30,399,s,205,208.0,False,2031.25,2032.0
12257,34,410,s,205,215.0,False,2031.25,2033.75
12258,34,664,s,205,209.0,False,2031.25,2032.25
12259,48,129,s,205,215.0,False,2031.25,2033.75
12260,71,520,s,205,217.0,False,2031.25,2034.25
12261,203,95,s,205,209.0,False,2031.25,2032.25
12262,291,173,s,205,209.0,False,2031.25,2032.25
12263,315,224,s,205,207.0,False,2031.25,2031.75
12264,357,505,s,205,214.0,False,2031.25,2033.5
12265,417,638,s,205,212.0,False,2031.25,2033.0
12266,539,692,s,205,208.0,False,2031.25,2032.0
12267,544,572,s,205,209.0,False,2031.25,2032.25
12268,593,649,s,205,207.0,False,2031.25,2031.75
12269,595,737,s,205,209.0,False,2031.25,2032.25
12270,602,669,s,205,210.0,False,2031.25,2032.5
12271,602,682,s,205,207.0,False,2031.25,2031.75
12272,611,682,s,205,206.0,False,2031.25,2031.5
12273,716,665,s,205,210.0,False,2031.25,2032.5
12274,741,665,s,205,210.0,False,2031.25,2032.5
12275,744,754,s,205,211.0,False,2031.25,2032.75
12276,864,646,s,205,208.0,False,2031.25,2032.0
12277,303,505,l,205,,True,2031.25,
12278,392,507,l,205,,True,2031.25,
12279,807,721,l,205,,True,2031.25,
12280,53,82,s,206,212.0,False,2031.5,2033.0
12281,71,407,s,206,208.0,False,2031.5,2032.0
12282,90,574,s,206,208.0,False,2031.5,2032.0
12283,241,198,s,206,208.0,False,2031.5,2032.0
12284,311,743,s,206,208.0,False,2031.5,2032.0
12285,402,661,s,206,211.0,False,2031.5,2032.75
12286,540,596,s,206,206.0,False,2031.5,2031.5
12287,544,405,s,206,211.0,False,2031.5,2032.75
12288,547,222,s,206,207.0,False,2031.5,2031.75
12289,581,786,s,206,207.0,False,2031.5,2031.75
12290,586,723,s,206,207.0,False,2031.5,2031.75
12291,609,173,s,206,209.0,False,2031.5,2032.25
12292,609,704,s,206,209.0,False,2031.5,2032.25
12293,620,685,s,206,216.0,False,2031.5,2034.0
12294,645,505,s,206,210.0,False,2031.5,2032.5
12295,652,55,s,206,207.0,False,2031.5,2031.75
12296,652,905,s,206,211.0,False,2031.5,2032.75
12297,672,670,s,206,206.0,False,2031.5,2031.5
12298,701,768,s,206,228.0,False,2031.5,2037.0
12299,722,665,s,206,210.0,False,2031.5,2032.5
12300,722,776,s,206,210.0,False,2031.5,2032.5
12301,783,726,s,206,213.0,False,2031.5,2033.25
12302,34,625,s,206,212.0,False,2031.5,2033.0
12303,41,321,s,206,215.0,False,2031.5,2033.75
12304,41,389,s,206,214.0,False,2031.5,2033.5
12305,79,243,s,206,208.0,False,2031.5,2032.0
12306,192,574,s,206,210.0,False,2031.5,2032.5
12307,213,375,s,206,208.0,False,2031.5,2032.0
12308,241,343,s,206,207.0,False,2031.5,2031.75
12309,311,661,s,206,211.0,False,2031.5,2032.75
12310,358,445,s,206,208.0,False,2031.5,2032.0
12311,406,304,s,206,213.0,False,2031.5,2033.25
12312,417,591,s,206,207.0,False,2031.5,2031.75
12313,480,601,s,206,216.0,False,2031.5,2034.0
12314,482,61,s,206,210.0,False,2031.5,2032.5
12315,493,54,s,206,207.0,False,2031.5,2031.75
12316,504,658,s,206,210.0,False,2031.5,2032.5
12317,539,708,s,206,210.0,False,2031.5,2032.5
12318,543,198,s,206,209.0,False,2031.5,2032.25
12319,568,707,s,206,209.0,False,2031.5,2032.25
12320,592,569,s,206,211.0,False,2031.5,2032.75
12321,696,756,s,206,208.0,False,2031.5,2032.0
12322,745,786,s,206,208.0,False,2031.5,2032.0
12323,787,836,s,206,207.0,False,2031.5,2031.75
12324,845,756,s,206,207.0,False,2031.5,2031.75
12325,864,707,s,206,210.0,False,2031.5,2032.5
12326,909,506,s,206,211.0,False,2031.5,2032.75
12327,933,971,s,206,207.0,False,2031.5,2031.75
12328,1055,726,s,206,209.0,False,2031.5,2032.25
12329,30,515,s,206,208.0,False,2031.5,2032.0
12330,47,972,s,206,212.0,False,2031.5,2033.0
12331,64,852,s,206,210.0,False,2031.5,2032.5
12332,90,345,s,206,209.0,False,2031.5,2032.25
12333,113,198,s,206,214.0,False,2031.5,2033.5
12334,124,154,s,206,210.0,False,2031.5,2032.5
12335,159,508,s,206,211.0,False,2031.5,2032.75
12336,336,469,s,206,212.0,False,2031.5,2033.0
12337,336,511,s,206,209.0,False,2031.5,2032.25
12338,357,498,s,206,207.0,False,2031.5,2031.75
12339,417,798,s,206,207.0,False,2031.5,2031.75
12340,450,61,s,206,207.0,False,2031.5,2031.75
12341,460,196,s,206,211.0,False,2031.5,2032.75
12342,482,569,s,206,209.0,False,2031.5,2032.25
12343,610,758,s,206,212.0,False,2031.5,2033.0
12344,611,723,s,206,214.0,False,2031.5,2033.5
12345,652,243,s,206,213.0,False,2031.5,2033.25
12346,675,695,s,206,207.0,False,2031.5,2031.75
12347,676,758,s,206,211.0,False,2031.5,2032.75
12348,722,758,s,206,210.0,False,2031.5,2032.5
12349,817,833,s,206,209.0,False,2031.5,2032.25
12350,854,1013,s,206,208.0,False,2031.5,2032.0
12351,169,818,l,206,,True,2031.5,
12352,922,520,l,206,227.0,True,2031.5,2036.75
12353,67,630,s,207,212.0,False,2031.75,2033.0
12354,204,591,s,207,208.0,False,2031.75,2032.0
12355,248,247,s,207,210.0,False,2031.75,2032.5
12356,261,309,s,207,207.0,False,2031.75,2031.75
12357,262,649,s,207,207.0,False,2031.75,2031.75
12358,313,717,s,207,207.0,False,2031.75,2031.75
12359,315,269,s,207,208.0,False,2031.75,2032.0
12360,330,196,s,207,207.0,False,2031.75,2031.75
12361,417,646,s,207,210.0,False,2031.75,2032.5
12362,480,82,s,207,214.0,False,2031.75,2033.5
12363,541,697,s,207,208.0,False,2031.75,2032.0
12364,595,630,s,207,208.0,False,2031.75,2032.0
12365,620,707,s,207,211.0,False,2031.75,2032.75
12366,623,658,s,207,212.0,False,2031.75,2033.0
12367,642,758,s,207,212.0,False,2031.75,2033.0
12368,700,612,s,207,210.0,False,2031.75,2032.5
12369,700,833,s,207,210.0,False,2031.75,2032.5
12370,741,591,s,207,218.0,False,2031.75,2034.5
12371,783,925,s,207,209.0,False,2031.75,2032.25
12372,854,995,s,207,209.0,False,2031.75,2032.25
12373,34,670,s,207,208.0,False,2031.75,2032.0
12374,48,101,s,207,212.0,False,2031.75,2033.0
12375,64,684,s,207,209.0,False,2031.75,2032.25
12376,71,453,s,207,208.0,False,2031.75,2032.0
12377,113,509,s,207,208.0,False,2031.75,2032.0
12378,169,628,s,207,210.0,False,2031.75,2032.5
12379,203,818,s,207,208.0,False,2031.75,2032.0
12380,392,583,s,207,208.0,False,2031.75,2032.0
12381,412,649,s,207,207.0,False,2031.75,2031.75
12382,427,685,s,207,211.0,False,2031.75,2032.75
12383,466,407,s,207,208.0,False,2031.75,2032.0
12384,480,309,s,207,219.0,False,2031.75,2034.75
12385,504,591,s,207,207.0,False,2031.75,2031.75
12386,571,712,s,207,211.0,False,2031.75,2032.75
12387,592,612,s,207,210.0,False,2031.75,2032.5
12388,609,960,s,207,210.0,False,2031.75,2032.5
12389,623,721,s,207,209.0,False,2031.75,2032.25
12390,700,695,s,207,209.0,False,2031.75,2032.25
12391,722,721,s,207,207.0,False,2031.75,2031.75
12392,741,634,s,207,217.0,False,2031.75,2034.25
12393,793,842,s,207,215.0,False,2031.75,2033.75
12394,845,786,s,207,208.0,False,2031.75,2032.0
12395,861,756,s,207,209.0,False,2031.75,2032.25
12396,861,858,s,207,215.0,False,2031.75,2033.75
12397,876,806,s,207,209.0,False,2031.75,2032.25
12398,909,776,s,207,208.0,False,2031.75,2032.0
12399,986,15,s,207,207.0,False,2031.75,2031.75
12400,663,812,s,207,218.0,False,2031.75,2034.5
12401,920,1025,s,207,210.0,False,2031.75,2032.5
12402,659,736,s,207,214.0,False,2031.75,2033.5
12403,622,897,s,207,210.0,False,2031.75,2032.5
12404,795,805,s,207,210.0,False,2031.75,2032.5
12405,801,746,s,207,208.0,False,2031.75,2032.0
12406,804,748,s,207,209.0,False,2031.75,2032.25
12407,889,982,s,207,210.0,False,2031.75,2032.5
12408,322,1014,s,207,213.0,False,2031.75,2033.25
12409,550,432,s,207,216.0,False,2031.75,2034.0
12410,1015,513,s,207,215.0,False,2031.75,2033.75
12411,391,497,s,207,208.0,False,2031.75,2032.0
12412,381,952,s,207,213.0,False,2031.75,2033.25
12413,1038,929,s,207,211.0,False,2031.75,2032.75
12414,985,849,s,207,209.0,False,2031.75,2032.25
12415,896,899,s,207,208.0,False,2031.75,2032.0
12416,881,867,s,207,212.0,False,2031.75,2033.0
12417,863,1035,s,207,212.0,False,2031.75,2033.0
12418,200,1037,s,207,208.0,False,2031.75,2032.0
12419,825,916,s,207,212.0,False,2031.75,2033.0
12420,64,321,s,207,213.0,False,2031.75,2033.25
12421,64,510,s,207,219.0,False,2031.75,2034.75
12422,191,621,s,207,219.0,False,2031.75,2034.75
12423,213,269,s,207,208.0,False,2031.75,2032.0
12424,241,505,s,207,212.0,False,2031.75,2033.0
12425,262,721,s,207,208.0,False,2031.75,2032.0
12426,302,418,s,207,213.0,False,2031.75,2033.25
12427,394,511,s,207,208.0,False,2031.75,2032.0
12428,547,217,s,207,212.0,False,2031.75,2033.0
12429,571,707,s,207,211.0,False,2031.75,2032.75
12430,611,637,s,207,209.0,False,2031.75,2032.25
12431,659,737,s,207,208.0,False,2031.75,2032.0
12432,696,812,s,207,215.0,False,2031.75,2033.75
12433,811,523,s,207,210.0,False,2031.75,2032.5
12434,985,743,s,207,216.0,False,2031.75,2034.0
12435,986,69,s,207,216.0,False,2031.75,2034.0
12436,367,321,l,207,220.0,True,2031.75,2035.0
12437,594,960,l,207,,True,2031.75,
12438,67,972,s,208,211.0,False,2032.0,2032.75
12439,172,457,s,208,227.0,False,2032.0,2036.75
12440,192,321,s,208,212.0,False,2032.0,2033.0
12441,241,621,s,208,209.0,False,2032.0,2032.25
12442,291,591,s,208,209.0,False,2032.0,2032.25
12443,315,507,s,208,209.0,False,2032.0,2032.25
12444,332,569,s,208,217.0,False,2032.0,2034.25
12445,412,918,s,208,208.0,False,2032.0,2032.0
12446,417,637,s,208,214.0,False,2032.0,2033.5
12447,444,146,s,208,209.0,False,2032.0,2032.25
12448,493,453,s,208,211.0,False,2032.0,2032.75
12449,568,637,s,208,216.0,False,2032.0,2034.0
12450,592,756,s,208,215.0,False,2032.0,2033.75
12451,620,918,s,208,211.0,False,2032.0,2032.75
12452,642,756,s,208,208.0,False,2032.0,2032.0
12453,642,833,s,208,220.0,False,2032.0,2035.0
12454,653,591,s,208,208.0,False,2032.0,2032.0
12455,681,646,s,208,210.0,False,2032.0,2032.5
12456,701,726,s,208,209.0,False,2032.0,2032.25
12457,715,694,s,208,208.0,False,2032.0,2032.0
12458,730,982,s,208,222.0,False,2032.0,2035.5
12459,807,726,s,208,208.0,False,2032.0,2032.0
12460,820,697,s,208,211.0,False,2032.0,2032.75
12461,876,823,s,208,209.0,False,2032.0,2032.25
12462,1026,418,s,208,209.0,False,2032.0,2032.25
12463,67,605,s,208,211.0,False,2032.0,2032.75
12464,213,75,s,208,209.0,False,2032.0,2032.25
12465,311,24,s,208,211.0,False,2032.0,2032.75
12466,414,457,s,208,219.0,False,2032.0,2034.75
12467,480,897,s,208,210.0,False,2032.0,2032.5
12468,610,146,s,208,212.0,False,2032.0,2033.0
12469,660,756,s,208,214.0,False,2032.0,2033.5
12470,681,572,s,208,209.0,False,2032.0,2032.25
12471,730,664,s,208,212.0,False,2032.0,2033.0
12472,824,823,s,208,218.0,False,2032.0,2034.5
12473,908,1025,s,208,209.0,False,2032.0,2032.25
12474,909,569,s,208,214.0,False,2032.0,2033.5
12475,1046,756,s,208,212.0,False,2032.0,2033.0
12476,46,506,s,208,209.0,False,2032.0,2032.25
12477,64,224,s,208,211.0,False,2032.0,2032.75
12478,159,628,s,208,213.0,False,2032.0,2033.25
12479,205,283,s,208,209.0,False,2032.0,2032.25
12480,302,255,s,208,213.0,False,2032.0,2033.25
12481,311,198,s,208,211.0,False,2032.0,2032.75
12482,360,818,s,208,221.0,False,2032.0,2035.25
12483,392,510,s,208,210.0,False,2032.0,2032.5
12484,414,465,s,208,213.0,False,2032.0,2033.25
12485,480,457,s,208,215.0,False,2032.0,2033.75
12486,484,198,s,208,209.0,False,2032.0,2032.25
12487,543,217,s,208,210.0,False,2032.0,2032.5
12488,624,754,s,208,210.0,False,2032.0,2032.5
12489,722,833,s,208,220.0,False,2032.0,2035.0
12490,792,776,s,208,225.0,False,2032.0,2036.25
12491,795,786,s,208,219.0,False,2032.0,2034.75
12492,817,658,s,208,214.0,False,2032.0,2033.5
12493,863,756,s,208,210.0,False,2032.0,2032.5
12494,876,858,s,208,211.0,False,2032.0,2032.75
12495,152,283,l,208,242.0,True,2032.0,2040.5
12496,730,643,l,208,,True,2032.0,
12497,417,707,l,208,,True,2032.0,
12498,213,217,s,209,209.0,False,2032.25,2032.25
12499,241,591,s,209,210.0,False,2032.25,2032.5
12500,294,520,s,209,212.0,False,2032.25,2033.0
12501,341,198,s,209,210.0,False,2032.25,2032.5
12502,392,146,s,209,210.0,False,2032.25,2032.5
12503,482,628,s,209,213.0,False,2032.25,2033.25
12504,540,630,s,209,210.0,False,2032.25,2032.5
12505,581,704,s,209,211.0,False,2032.25,2032.75
12506,622,721,s,209,213.0,False,2032.25,2033.25
12507,651,574,s,209,211.0,False,2032.25,2032.75
12508,782,768,s,209,210.0,False,2032.25,2032.5
12509,863,768,s,209,210.0,False,2032.25,2032.5
12510,876,756,s,209,212.0,False,2032.25,2033.0
12511,34,628,s,209,210.0,False,2032.25,2032.5
12512,34,634,s,209,213.0,False,2032.25,2033.25
12513,64,508,s,209,220.0,False,2032.25,2035.0
12514,141,497,s,209,210.0,False,2032.25,2032.5
12515,159,99,s,209,209.0,False,2032.25,2032.25
12516,204,457,s,209,219.0,False,2032.25,2034.75
12517,213,453,s,209,212.0,False,2032.25,2033.0
12518,241,24,s,209,209.0,False,2032.25,2032.25
12519,323,508,s,209,209.0,False,2032.25,2032.25
12520,414,569,s,209,212.0,False,2032.25,2033.0
12521,417,664,s,209,216.0,False,2032.25,2034.0
12522,417,669,s,209,212.0,False,2032.25,2033.0
12523,543,1037,s,209,209.0,False,2032.25,2032.25
12524,571,572,s,209,210.0,False,2032.25,2032.5
12525,592,636,s,209,221.0,False,2032.25,2035.25
12526,609,309,s,209,211.0,False,2032.25,2032.75
12527,610,756,s,209,216.0,False,2032.25,2034.0
12528,620,646,s,209,210.0,False,2032.25,2032.5
12529,622,649,s,209,209.0,False,2032.25,2032.25
12530,639,756,s,209,210.0,False,2032.25,2032.5
12531,662,670,s,209,219.0,False,2032.25,2034.75
12532,722,685,s,209,212.0,False,2032.25,2033.0
12533,722,1035,s,209,215.0,False,2032.25,2033.75
12534,34,658,s,209,212.0,False,2032.25,2033.0
12535,64,799,s,209,212.0,False,2032.25,2033.0
12536,79,982,s,209,211.0,False,2032.25,2032.75
12537,90,77,s,209,210.0,False,2032.25,2032.5
12538,241,669,s,209,217.0,False,2032.25,2034.25
12539,248,345,s,209,216.0,False,2032.25,2034.0
12540,305,905,s,209,215.0,False,2032.25,2033.75
12541,392,612,s,209,211.0,False,2032.25,2032.75
12542,392,618,s,209,212.0,False,2032.25,2033.0
12543,443,664,s,209,212.0,False,2032.25,2033.0
12544,444,585,s,209,217.0,False,2032.25,2034.25
12545,539,409,s,209,215.0,False,2032.25,2033.75
12546,539,628,s,209,211.0,False,2032.25,2032.75
12547,595,664,s,209,210.0,False,2032.25,2032.5
12548,602,960,s,209,212.0,False,2032.25,2033.0
12549,609,805,s,209,211.0,False,2032.25,2032.75
12550,825,794,s,209,210.0,False,2032.25,2032.5
12551,700,646,l,209,,True,2032.25,
12552,722,756,l,209,237.0,True,2032.25,2039.25
12553,12,405,l,209,216.0,True,2032.25,2034.0
12554,381,304,l,209,216.0,True,2032.25,2034.0
12555,41,497,s,210,216.0,False,2032.5,2034.0
12556,48,650,s,210,211.0,False,2032.5,2032.75
12557,79,628,s,210,211.0,False,2032.5,2032.75
12558,303,573,s,210,215.0,False,2032.5,2033.75
12559,313,410,s,210,211.0,False,2032.5,2032.75
12560,313,509,s,210,210.0,False,2032.5,2032.5
12561,322,572,s,210,213.0,False,2032.5,2033.25
12562,332,509,s,210,215.0,False,2032.5,2033.75
12563,357,972,s,210,214.0,False,2032.5,2033.5
12564,360,375,s,210,216.0,False,2032.5,2034.0
12565,360,498,s,210,211.0,False,2032.5,2032.75
12566,443,132,s,210,228.0,False,2032.5,2037.0
12567,481,430,s,210,211.0,False,2032.5,2032.75
12568,482,255,s,210,219.0,False,2032.5,2034.75
12569,539,601,s,210,218.0,False,2032.5,2034.5
12570,571,600,s,210,212.0,False,2032.5,2033.0
12571,602,569,s,210,229.0,False,2032.5,2037.25
12572,623,678,s,210,210.0,False,2032.5,2032.5
12573,626,733,s,210,213.0,False,2032.5,2033.25
12574,629,743,s,210,213.0,False,2032.5,2033.25
12575,662,99,s,210,214.0,False,2032.5,2033.5
12576,722,723,s,210,217.0,False,2032.5,2034.25
12577,734,1044,s,210,235.0,False,2032.5,2038.75
12578,740,658,s,210,212.0,False,2032.5,2033.0
12579,741,618,s,210,210.0,False,2032.5,2032.5
12580,757,833,s,210,223.0,False,2032.5,2035.75
12581,777,664,s,210,211.0,False,2032.5,2032.75
12582,825,862,s,210,210.0,False,2032.5,2032.5
12583,864,723,s,210,210.0,False,2032.5,2032.5
12584,985,726,s,210,221.0,False,2032.5,2035.25
12585,986,507,s,210,212.0,False,2032.5,2033.0
12586,46,726,s,210,212.0,False,2032.5,2033.0
12587,90,437,s,210,216.0,False,2032.5,2034.0
12588,121,405,s,210,212.0,False,2032.5,2033.0
12589,172,99,s,210,211.0,False,2032.5,2032.75
12590,214,506,s,210,212.0,False,2032.5,2033.0
12591,340,304,s,210,212.0,False,2032.5,2033.0
12592,341,905,s,210,212.0,False,2032.5,2033.0
12593,357,685,s,210,210.0,False,2032.5,2032.5
12594,394,628,s,210,222.0,False,2032.5,2035.5
12595,504,692,s,210,212.0,False,2032.5,2033.0
12596,606,683,s,210,213.0,False,2032.5,2033.25
12597,606,708,s,210,214.0,False,2032.5,2033.5
12598,624,723,s,210,210.0,False,2032.5,2032.5
12599,652,1014,s,210,214.0,False,2032.5,2033.5
12600,659,754,s,210,212.0,False,2032.5,2033.0
12601,663,713,s,210,210.0,False,2032.5,2032.5
12602,675,1012,s,210,211.0,False,2032.5,2032.75
12603,777,658,s,210,213.0,False,2032.5,2033.25
12604,782,756,s,210,211.0,False,2032.5,2032.75
12605,889,607,s,210,212.0,False,2032.5,2033.0
12606,909,669,s,210,216.0,False,2032.5,2034.0
12607,1046,733,s,210,214.0,False,2032.5,2033.5
12608,34,636,s,210,212.0,False,2032.5,2033.0
12609,41,217,s,210,217.0,False,2032.5,2034.25
12610,47,506,s,210,217.0,False,2032.5,2034.25
12611,64,95,s,210,217.0,False,2032.5,2034.25
12612,64,650,s,210,212.0,False,2032.5,2033.0
12613,113,345,s,210,232.0,False,2032.5,2038.0
12614,159,574,s,210,216.0,False,2032.5,2034.0
12615,311,321,s,210,212.0,False,2032.5,2033.0
12616,313,905,s,210,217.0,False,2032.5,2034.25
12617,313,971,s,210,214.0,False,2032.5,2033.5
12618,392,574,s,210,225.0,False,2032.5,2036.25
12619,539,612,s,210,215.0,False,2032.5,2033.75
12620,541,133,s,210,211.0,False,2032.5,2032.75
12621,576,150,s,210,212.0,False,2032.5,2033.0
12622,586,505,s,210,213.0,False,2032.5,2033.25
12623,594,637,s,210,214.0,False,2032.5,2033.5
12624,623,668,s,210,212.0,False,2032.5,2033.0
12625,623,756,s,210,215.0,False,2032.5,2033.75
12626,663,695,s,210,218.0,False,2032.5,2034.5
12627,663,830,s,210,215.0,False,2032.5,2033.75
12628,667,776,s,210,211.0,False,2032.5,2032.75
12629,696,605,s,210,213.0,False,2032.5,2033.25
12630,783,694,s,210,212.0,False,2032.5,2033.0
12631,866,833,s,210,215.0,False,2032.5,2033.75
12632,311,569,l,210,,True,2032.5,
12633,64,154,l,210,,True,2032.5,
12634,34,628,s,211,220.0,False,2032.75,2035.0
12635,172,596,s,211,213.0,False,2032.75,2033.25
12636,183,573,s,211,211.0,False,2032.75,2032.75
12637,213,572,s,211,213.0,False,2032.75,2033.25
12638,417,694,s,211,213.0,False,2032.75,2033.25
12639,444,972,s,211,212.0,False,2032.75,2033.0
12640,540,309,s,211,215.0,False,2032.75,2033.75
12641,593,713,s,211,220.0,False,2032.75,2035.0
12642,595,664,s,211,213.0,False,2032.75,2033.25
12643,645,897,s,211,213.0,False,2032.75,2033.25
12644,651,638,s,211,225.0,False,2032.75,2036.25
12645,690,684,s,211,215.0,False,2032.75,2033.75
12646,820,768,s,211,229.0,False,2032.75,2037.25
12647,837,768,s,211,213.0,False,2032.75,2033.25
12648,857,842,s,211,216.0,False,2032.75,2034.0
12649,864,596,s,211,214.0,False,2032.75,2033.5
12650,864,694,s,211,214.0,False,2032.75,2033.5
12651,909,608,s,211,211.0,False,2032.75,2032.75
12652,34,583,s,211,212.0,False,2032.75,2033.0
12653,48,40,s,211,212.0,False,2032.75,2033.0
12654,64,247,s,211,227.0,False,2032.75,2036.75
12655,200,517,s,211,218.0,False,2032.75,2034.5
12656,213,110,s,211,212.0,False,2032.75,2033.0
12657,261,638,s,211,212.0,False,2032.75,2033.0
12658,316,110,s,211,211.0,False,2032.75,2032.75
12659,414,399,s,211,212.0,False,2032.75,2033.0
12660,422,888,s,211,211.0,False,2032.75,2032.75
12661,482,683,s,211,212.0,False,2032.75,2033.0
12662,540,612,s,211,212.0,False,2032.75,2033.0
12663,581,723,s,211,213.0,False,2032.75,2033.25
12664,602,572,s,211,215.0,False,2032.75,2033.75
12665,653,505,s,211,212.0,False,2032.75,2033.0
12666,653,669,s,211,214.0,False,2032.75,2033.5
12667,722,1025,s,211,213.0,False,2032.75,2033.25
12668,745,756,s,211,218.0,False,2032.75,2034.5
12669,866,1035,s,211,226.0,False,2032.75,2036.5
12670,868,812,s,211,214.0,False,2032.75,2033.5
12671,890,842,s,211,212.0,False,2032.75,2033.0
12672,933,621,s,211,217.0,False,2032.75,2034.25
12673,850,875,s,211,217.0,False,2032.75,2034.25
12674,1054,869,s,211,217.0,False,2032.75,2034.25
12675,829,848,s,211,214.0,False,2032.75,2033.5
12676,1045,677,s,211,213.0,False,2032.75,2033.25
12677,908,746,s,211,213.0,False,2032.75,2033.25
12678,709,1024,s,211,218.0,False,2032.75,2034.5
12679,689,859,s,211,217.0,False,2032.75,2034.25
12680,1005,1012,s,211,219.0,False,2032.75,2034.75
12681,710,705,s,211,214.0,False,2032.75,2033.5
12682,771,680,s,211,214.0,False,2032.75,2033.5
12683,924,923,s,211,213.0,False,2032.75,2033.25
12684,183,347,s,211,215.0,False,2032.75,2033.75
12685,117,28,s,211,212.0,False,2032.75,2033.0
12686,1064,919,s,211,212.0,False,2032.75,2033.0
12687,81,527,s,211,212.0,False,2032.75,2033.0
12688,30,189,s,211,215.0,False,2032.75,2033.75
12689,787,873,s,211,214.0,False,2032.75,2033.5
12690,802,886,s,211,213.0,False,2032.75,2033.25
12691,30,101,s,211,216.0,False,2032.75,2034.0
12692,191,569,s,211,217.0,False,2032.75,2034.25
12693,192,1036,s,211,214.0,False,2032.75,2033.5
12694,213,515,s,211,212.0,False,2032.75,2033.0
12695,303,591,s,211,226.0,False,2032.75,2036.5
12696,313,284,s,211,214.0,False,2032.75,2033.5
12697,414,574,s,211,222.0,False,2032.75,2035.5
12698,417,506,s,211,212.0,False,2032.75,2033.0
12699,482,457,s,211,217.0,False,2032.75,2034.25
12700,581,726,s,211,214.0,False,2032.75,2033.5
12701,595,770,s,211,212.0,False,2032.75,2033.0
12702,609,737,s,211,213.0,False,2032.75,2033.25
12703,663,99,s,211,212.0,False,2032.75,2033.0
12704,700,721,s,211,213.0,False,2032.75,2033.25
12705,709,625,s,211,214.0,False,2032.75,2033.5
12706,792,664,s,211,217.0,False,2032.75,2034.25
12707,810,1013,s,211,215.0,False,2032.75,2033.75
12708,813,708,s,211,212.0,False,2032.75,2033.0
12709,876,862,s,211,215.0,False,2032.75,2033.75
12710,1047,754,s,211,213.0,False,2032.75,2033.25
12711,248,321,l,211,220.0,True,2032.75,2035.0
12712,741,612,l,211,,True,2032.75,
12713,64,217,s,212,215.0,False,2033.0,2033.75
12714,71,486,s,212,216.0,False,2033.0,2034.0
12715,117,95,s,212,212.0,False,2033.0,2033.0
12716,121,234,s,212,215.0,False,2033.0,2033.75
12717,152,432,s,212,214.0,False,2033.0,2033.5
12718,203,196,s,212,213.0,False,2033.0,2033.25
12719,241,905,s,212,212.0,False,2033.0,2033.0
12720,241,972,s,212,212.0,False,2033.0,2033.0
12721,332,634,s,212,213.0,False,2033.0,2033.25
12722,357,457,s,212,215.0,False,2033.0,2033.75
12723,450,293,s,212,220.0,False,2033.0,2035.0
12724,581,971,s,212,216.0,False,2033.0,2034.0
12725,586,677,s,212,216.0,False,2033.0,2034.0
12726,588,321,s,212,214.0,False,2033.0,2033.5
12727,594,658,s,212,218.0,False,2033.0,2034.5
12728,639,682,s,212,213.0,False,2033.0,2033.25
12729,738,695,s,212,216.0,False,2033.0,2034.0
12730,986,283,s,212,213.0,False,2033.0,2033.25
12731,1045,1034,s,212,220.0,False,2033.0,2035.0
12732,1048,677,s,212,212.0,False,2033.0,2033.0
12733,34,574,s,212,216.0,False,2033.0,2034.0
12734,34,600,s,212,222.0,False,2033.0,2035.5
12735,34,646,s,212,212.0,False,2033.0,2033.0
12736,152,399,s,212,214.0,False,2033.0,2033.5
12737,248,972,s,212,213.0,False,2033.0,2033.25
12738,303,328,s,212,213.0,False,2033.0,2033.25
12739,394,410,s,212,214.0,False,2033.0,2033.5
12740,406,462,s,212,213.0,False,2033.0,2033.25
12741,417,668,s,212,224.0,False,2033.0,2036.0
12742,417,695,s,212,215.0,False,2033.0,2033.75
12743,571,591,s,212,216.0,False,2033.0,2034.0
12744,576,572,s,212,214.0,False,2033.0,2033.5
12745,581,636,s,212,221.0,False,2033.0,2035.25
12746,609,848,s,212,213.0,False,2033.0,2033.25
12747,642,707,s,212,215.0,False,2033.0,2033.75
12748,651,582,s,212,221.0,False,2033.0,2035.25
12749,690,1025,s,212,213.0,False,2033.0,2033.25
12750,725,685,s,212,213.0,False,2033.0,2033.25
12751,730,650,s,212,215.0,False,2033.0,2033.75
12752,740,670,s,212,215.0,False,2033.0,2033.75
12753,741,505,s,212,214.0,False,2033.0,2033.5
12754,787,859,s,212,214.0,False,2033.0,2033.5
12755,825,814,s,212,218.0,False,2033.0,2034.5
12756,889,591,s,212,217.0,False,2033.0,2034.25
12757,973,469,s,212,213.0,False,2033.0,2033.25
12758,986,601,s,212,218.0,False,2033.0,2034.5
12759,9,304,s,212,213.0,False,2033.0,2033.25
12760,79,591,s,212,214.0,False,2033.0,2033.5
12761,124,405,s,212,216.0,False,2033.0,2034.0
12762,172,799,s,212,213.0,False,2033.0,2033.25
12763,204,600,s,212,218.0,False,2033.0,2034.5
12764,241,638,s,212,229.0,False,2033.0,2037.25
12765,261,173,s,212,213.0,False,2033.0,2033.25
12766,322,583,s,212,221.0,False,2033.0,2035.25
12767,323,69,s,212,224.0,False,2033.0,2036.0
12768,360,507,s,212,213.0,False,2033.0,2033.25
12769,392,508,s,212,215.0,False,2033.0,2033.75
12770,402,608,s,212,215.0,False,2033.0,2033.75
12771,406,437,s,212,214.0,False,2033.0,2033.5
12772,550,154,s,212,213.0,False,2033.0,2033.25
12773,595,569,s,212,226.0,False,2033.0,2036.5
12774,595,683,s,212,213.0,False,2033.0,2033.25
12775,606,786,s,212,213.0,False,2033.0,2033.25
12776,667,858,s,212,215.0,False,2033.0,2033.75
12777,696,1024,s,212,214.0,False,2033.0,2033.5
12778,729,754,s,212,214.0,False,2033.0,2033.5
12779,741,243,s,212,213.0,False,2033.0,2033.25
12780,741,283,s,212,213.0,False,2033.0,2033.25
12781,813,661,s,212,220.0,False,2033.0,2035.0
12782,868,763,s,212,213.0,False,2033.0,2033.25
12783,986,61,s,212,214.0,False,2033.0,2033.5
12784,986,591,s,212,223.0,False,2033.0,2035.75
12785,986,636,s,212,220.0,False,2033.0,2035.0
12786,1005,692,s,212,215.0,False,2033.0,2033.75
12787,414,607,l,212,,True,2033.0,
12788,41,405,s,213,213.0,False,2033.25,2033.25
12789,41,519,s,213,217.0,False,2033.25,2034.25
12790,53,583,s,213,214.0,False,2033.25,2033.5
12791,117,486,s,213,216.0,False,2033.25,2034.0
12792,141,232,s,213,213.0,False,2033.25,2033.25
12793,205,607,s,213,213.0,False,2033.25,2033.25
12794,241,646,s,213,213.0,False,2033.25,2033.25
12795,248,637,s,213,219.0,False,2033.25,2034.75
12796,313,621,s,213,214.0,False,2033.25,2033.5
12797,358,486,s,213,214.0,False,2033.25,2033.5
12798,360,982,s,213,215.0,False,2033.25,2033.75
12799,444,101,s,213,217.0,False,2033.25,2034.25
12800,595,756,s,213,214.0,False,2033.25,2033.5
12801,609,708,s,213,213.0,False,2033.25,2033.25
12802,639,636,s,213,215.0,False,2033.25,2033.75
12803,782,768,s,213,216.0,False,2033.25,2034.0
12804,861,859,s,213,228.0,False,2033.25,2037.0
12805,890,743,s,213,214.0,False,2033.25,2033.5
12806,1005,713,s,213,213.0,False,2033.25,2033.25
12807,47,665,s,213,214.0,False,2033.25,2033.5
12808,64,569,s,213,216.0,False,2033.25,2034.0
12809,172,82,s,213,215.0,False,2033.25,2033.75
12810,192,573,s,213,214.0,False,2033.25,2033.5
12811,192,591,s,213,218.0,False,2033.25,2034.5
12812,204,768,s,213,217.0,False,2033.25,2034.25
12813,330,596,s,213,217.0,False,2033.25,2034.25
12814,381,517,s,213,216.0,False,2033.25,2034.0
12815,402,625,s,213,219.0,False,2033.25,2034.75
12816,417,721,s,213,216.0,False,2033.25,2034.0
12817,539,154,s,213,217.0,False,2033.25,2034.25
12818,620,786,s,213,215.0,False,2033.25,2033.75
12819,653,410,s,213,216.0,False,2033.25,2034.0
12820,676,733,s,213,220.0,False,2033.25,2035.0
12821,689,858,s,213,219.0,False,2033.25,2034.75
12822,715,723,s,213,214.0,False,2033.25,2033.5
12823,722,721,s,213,221.0,False,2033.25,2035.25
12824,722,995,s,213,214.0,False,2033.25,2033.5
12825,729,694,s,213,213.0,False,2033.25,2033.25
12826,738,1044,s,213,214.0,False,2033.25,2033.5
12827,757,1012,s,213,219.0,False,2033.25,2034.75
12828,787,776,s,213,216.0,False,2033.25,2034.0
12829,811,405,s,213,214.0,False,2033.25,2033.5
12830,820,756,s,213,214.0,False,2033.25,2033.5
12831,973,437,s,213,218.0,False,2033.25,2034.5
12832,34,799,s,213,215.0,False,2033.25,2033.75
12833,46,423,s,213,220.0,False,2033.25,2035.0
12834,204,1044,s,213,221.0,False,2033.25,2035.25
12835,213,583,s,213,214.0,False,2033.25,2033.5
12836,248,572,s,213,215.0,False,2033.25,2033.75
12837,332,852,s,213,219.0,False,2033.25,2034.75
12838,358,304,s,213,217.0,False,2033.25,2034.25
12839,412,721,s,213,227.0,False,2033.25,2036.75
12840,595,618,s,213,215.0,False,2033.25,2033.75
12841,635,743,s,213,217.0,False,2033.25,2034.25
12842,644,768,s,213,219.0,False,2033.25,2034.75
12843,662,708,s,213,225.0,False,2033.25,2036.25
12844,738,758,s,213,215.0,False,2033.25,2033.75
12845,864,677,s,213,215.0,False,2033.25,2033.75
12846,889,150,s,213,216.0,False,2033.25,2034.0
12847,782,776,l,213,226.0,True,2033.25,2036.5
12848,172,628,l,213,,True,2033.25,
12849,623,736,l,213,224.0,True,2033.25,2036.0
12850,30,596,s,214,215.0,False,2033.5,2033.75
12851,34,585,s,214,215.0,False,2033.5,2033.75
12852,213,15,s,214,216.0,False,2033.5,2034.0
12853,313,661,s,214,216.0,False,2033.5,2034.0
12854,402,621,s,214,218.0,False,2033.5,2034.5
12855,571,677,s,214,215.0,False,2033.5,2033.75
12856,592,682,s,214,219.0,False,2033.5,2034.75
12857,594,649,s,214,217.0,False,2033.5,2034.25
12858,700,721,s,214,214.0,False,2033.5,2033.5
12859,757,726,s,214,220.0,False,2033.5,2035.0
12860,757,814,s,214,215.0,False,2033.5,2033.75
12861,908,733,s,214,219.0,False,2033.5,2034.75
12862,985,682,s,214,217.0,False,2033.5,2034.25
12863,986,1013,s,214,219.0,False,2033.5,2034.75
12864,1005,960,s,214,227.0,False,2033.5,2036.75
12865,34,497,s,214,215.0,False,2033.5,2033.75
12866,34,683,s,214,217.0,False,2033.5,2034.25
12867,124,189,s,214,219.0,False,2033.5,2034.75
12868,152,15,s,214,216.0,False,2033.5,2034.0
12869,266,77,s,214,220.0,False,2033.5,2035.0
12870,302,523,s,214,216.0,False,2033.5,2034.0
12871,313,708,s,214,215.0,False,2033.5,2033.75
12872,322,638,s,214,217.0,False,2033.5,2034.25
12873,322,818,s,214,222.0,False,2033.5,2035.5
12874,323,569,s,214,215.0,False,2033.5,2033.75
12875,336,274,s,214,214.0,False,2033.5,2033.5
12876,341,591,s,214,216.0,False,2033.5,2034.0
12877,482,982,s,214,217.0,False,2033.5,2034.25
12878,586,601,s,214,221.0,False,2033.5,2035.25
12879,626,756,s,214,219.0,False,2033.5,2034.75
12880,642,768,s,214,220.0,False,2033.5,2035.0
12881,653,972,s,214,214.0,False,2033.5,2033.5
12882,782,694,s,214,216.0,False,2033.5,2034.0
12883,986,453,s,214,215.0,False,2033.5,2033.75
12884,986,618,s,214,217.0,False,2033.5,2034.25
12885,64,509,s,214,217.0,False,2033.5,2034.25
12886,214,677,s,214,219.0,False,2033.5,2034.75
12887,241,768,s,214,215.0,False,2033.5,2033.75
12888,313,574,s,214,216.0,False,2033.5,2034.0
12889,313,608,s,214,236.0,False,2033.5,2039.0
12890,316,517,s,214,216.0,False,2033.5,2034.0
12891,336,95,s,214,215.0,False,2033.5,2033.75
12892,422,217,s,214,215.0,False,2033.5,2033.75
12893,427,309,s,214,225.0,False,2033.5,2036.25
12894,443,669,s,214,218.0,False,2033.5,2034.5
12895,568,669,s,214,215.0,False,2033.5,2033.75
12896,576,217,s,214,218.0,False,2033.5,2034.5
12897,593,646,s,214,215.0,False,2033.5,2033.75
12898,620,1072,s,214,217.0,False,2033.5,2034.25
12899,623,678,s,214,215.0,False,2033.5,2033.75
12900,741,173,s,214,217.0,False,2033.5,2034.25
12901,889,569,s,214,219.0,False,2033.5,2034.75
12902,908,661,s,214,229.0,False,2033.5,2037.25
12903,922,517,s,214,215.0,False,2033.5,2033.75
12904,986,469,s,214,216.0,False,2033.5,2034.0
12905,1046,708,s,214,215.0,False,2033.5,2033.75
12906,417,646,l,214,,True,2033.5,
12907,663,677,l,214,,True,2033.5,
12908,623,704,l,214,,True,2033.5,
12909,191,799,s,215,216.0,False,2033.75,2034.0
12910,241,154,s,215,219.0,False,2033.75,2034.75
12911,248,82,s,215,217.0,False,2033.75,2034.25
12912,262,713,s,215,216.0,False,2033.75,2034.0
12913,262,776,s,215,223.0,False,2033.75,2035.75
12914,303,99,s,215,220.0,False,2033.75,2035.0
12915,313,643,s,215,222.0,False,2033.75,2035.5
12916,315,321,s,215,216.0,False,2033.75,2034.0
12917,322,1073,s,215,215.0,False,2033.75,2033.75
12918,402,573,s,215,215.0,False,2033.75,2033.75
12919,480,664,s,215,216.0,False,2033.75,2034.0
12920,482,506,s,215,217.0,False,2033.75,2034.25
12921,581,617,s,215,225.0,False,2033.75,2036.25
12922,586,621,s,215,215.0,False,2033.75,2033.75
12923,595,695,s,215,221.0,False,2033.75,2035.25
12924,606,713,s,215,225.0,False,2033.75,2036.25
12925,606,723,s,215,216.0,False,2033.75,2034.0
12926,620,814,s,215,215.0,False,2033.75,2033.75
12927,622,573,s,215,215.0,False,2033.75,2033.75
12928,663,608,s,215,219.0,False,2033.75,2034.75
12929,667,694,s,215,216.0,False,2033.75,2034.0
12930,667,1025,s,215,217.0,False,2033.75,2034.25
12931,802,664,s,215,218.0,False,2033.75,2034.5
12932,807,685,s,215,218.0,False,2033.75,2034.5
12933,817,823,s,215,227.0,False,2033.75,2036.75
12934,857,823,s,215,219.0,False,2033.75,2034.75
12935,868,814,s,215,216.0,False,2033.75,2034.0
12936,34,133,s,215,218.0,False,2033.75,2034.5
12937,34,247,s,215,222.0,False,2033.75,2035.5
12938,53,505,s,215,218.0,False,2033.75,2034.5
12939,81,520,s,215,218.0,False,2033.75,2034.5
12940,311,15,s,215,220.0,False,2033.75,2035.0
12941,332,646,s,215,216.0,False,2033.75,2034.0
12942,341,601,s,215,216.0,False,2033.75,2034.0
12943,341,982,s,215,236.0,False,2033.75,2039.0
12944,602,664,s,215,216.0,False,2033.75,2034.0
12945,610,669,s,215,228.0,False,2033.75,2037.0
12946,642,756,s,215,220.0,False,2033.75,2035.0
12947,651,572,s,215,217.0,False,2033.75,2034.25
12948,734,862,s,215,223.0,False,2033.75,2035.75
12949,807,770,s,215,216.0,False,2033.75,2034.0
12950,857,1024,s,215,215.0,False,2033.75,2033.75
12951,986,643,s,215,216.0,False,2033.75,2034.0
12952,1048,832,s,215,221.0,False,2033.75,2035.25
12953,710,851,s,215,230.0,False,2033.75,2037.5
12954,1055,805,s,215,219.0,False,2033.75,2034.75
12955,725,717,s,215,217.0,False,2033.75,2034.25
12956,291,918,s,215,217.0,False,2033.75,2034.25
12957,791,1014,s,215,223.0,False,2033.75,2035.75
12958,660,803,s,215,218.0,False,2033.75,2034.5
12959,688,806,s,215,216.0,False,2033.75,2034.0
12960,659,794,s,215,218.0,False,2033.75,2034.5
12961,841,994,s,215,221.0,False,2033.75,2035.25
12962,834,796,s,215,216.0,False,2033.75,2034.0
12963,845,826,s,215,216.0,False,2033.75,2034.0
12964,829,746,s,215,216.0,False,2033.75,2034.0
12965,584,995,s,215,218.0,False,2033.75,2034.5
12966,864,697,s,215,217.0,False,2033.75,2034.25
12967,1047,916,s,215,216.0,False,2033.75,2034.0
12968,902,923,s,215,223.0,False,2033.75,2035.75
12969,183,211,s,215,216.0,False,2033.75,2034.0
12970,490,55,s,215,216.0,False,2033.75,2034.0
12971,336,521,s,215,216.0,False,2033.75,2034.0
12972,543,274,s,215,220.0,False,2033.75,2035.0
12973,544,1074,s,215,217.0,False,2033.75,2034.25
12974,396,527,s,215,219.0,False,2033.75,2034.75
12975,12,497,s,215,216.0,False,2033.75,2034.0
12976,34,630,s,215,223.0,False,2033.75,2035.75
12977,41,129,s,215,216.0,False,2033.75,2034.0
12978,113,234,s,215,221.0,False,2033.75,2035.25
12979,141,523,s,215,216.0,False,2033.75,2034.0
12980,152,650,s,215,216.0,False,2033.75,2034.0
12981,213,154,s,215,225.0,False,2033.75,2036.25
12982,241,677,s,215,217.0,False,2033.75,2034.25
12983,262,321,s,215,218.0,False,2033.75,2034.5
12984,262,726,s,215,226.0,False,2033.75,2036.5
12985,262,733,s,215,217.0,False,2033.75,2034.25
12986,417,453,s,215,223.0,False,2033.75,2035.75
12987,417,669,s,215,218.0,False,2033.75,2034.5
12988,429,1014,s,215,219.0,False,2033.75,2034.75
12989,484,1014,s,215,219.0,False,2033.75,2034.75
12990,675,736,s,215,218.0,False,2033.75,2034.5
12991,690,859,s,215,216.0,False,2033.75,2034.0
12992,706,737,s,215,223.0,False,2033.75,2035.75
12993,779,677,s,215,219.0,False,2033.75,2034.75
12994,985,851,s,215,217.0,False,2033.75,2034.25
12995,986,569,s,215,226.0,False,2033.75,2036.5
12996,248,453,l,215,,True,2033.75,
12997,986,508,l,215,,True,2033.75,
12998,845,877,l,215,,True,2033.75,
12999,1005,707,l,215,,True,2033.75,
13000,169,636,s,216,223.0,False,2034.0,2035.75
13001,205,649,s,216,216.0,False,2034.0,2034.0
13002,266,972,s,216,218.0,False,2034.0,2034.5
13003,330,1014,s,216,219.0,False,2034.0,2034.75
13004,332,628,s,216,220.0,False,2034.0,2035.0
13005,412,582,s,216,226.0,False,2034.0,2036.5
13006,460,354,s,216,218.0,False,2034.0,2034.5
13007,480,637,s,216,217.0,False,2034.0,2034.25
13008,540,234,s,216,219.0,False,2034.0,2034.75
13009,581,638,s,216,217.0,False,2034.0,2034.25
13010,602,818,s,216,217.0,False,2034.0,2034.25
13011,644,678,s,216,221.0,False,2034.0,2035.25
13012,675,826,s,216,221.0,False,2034.0,2035.25
13013,820,733,s,216,220.0,False,2034.0,2035.0
13014,825,1035,s,216,217.0,False,2034.0,2034.25
13015,933,591,s,216,217.0,False,2034.0,2034.25
13016,1055,658,s,216,217.0,False,2034.0,2034.25
13017,26,664,s,216,218.0,False,2034.0,2034.5
13018,34,617,s,216,220.0,False,2034.0,2035.0
13019,64,304,s,216,217.0,False,2034.0,2034.25
13020,152,508,s,216,219.0,False,2034.0,2034.75
13021,159,971,s,216,233.0,False,2034.0,2038.25
13022,192,507,s,216,218.0,False,2034.0,2034.5
13023,241,293,s,216,218.0,False,2034.0,2034.5
13024,241,309,s,216,217.0,False,2034.0,2034.25
13025,241,972,s,216,218.0,False,2034.0,2034.5
13026,313,668,s,216,218.0,False,2034.0,2034.5
13027,332,410,s,216,221.0,False,2034.0,2035.25
13028,332,583,s,216,218.0,False,2034.0,2034.5
13029,357,717,s,216,219.0,False,2034.0,2034.75
13030,502,658,s,216,218.0,False,2034.0,2034.5
13031,592,713,s,216,221.0,False,2034.0,2035.25
13032,639,704,s,216,224.0,False,2034.0,2036.0
13033,653,418,s,216,217.0,False,2034.0,2034.25
13034,667,823,s,216,225.0,False,2034.0,2036.25
13035,725,1012,s,216,228.0,False,2034.0,2037.0
13036,730,625,s,216,217.0,False,2034.0,2034.25
13037,793,713,s,216,220.0,False,2034.0,2035.0
13038,34,756,s,216,217.0,False,2034.0,2034.25
13039,67,704,s,216,218.0,False,2034.0,2034.5
13040,152,196,s,216,217.0,False,2034.0,2034.25
13041,204,82,s,216,219.0,False,2034.0,2034.75
13042,213,636,s,216,218.0,False,2034.0,2034.5
13043,214,596,s,216,221.0,False,2034.0,2035.25
13044,262,573,s,216,221.0,False,2034.0,2035.25
13045,262,918,s,216,217.0,False,2034.0,2034.25
13046,330,15,s,216,220.0,False,2034.0,2035.0
13047,392,469,s,216,218.0,False,2034.0,2034.5
13048,502,694,s,216,219.0,False,2034.0,2034.75
13049,571,743,s,216,217.0,False,2034.0,2034.25
13050,609,646,s,216,221.0,False,2034.0,2035.25
13051,609,1072,s,216,222.0,False,2034.0,2035.5
13052,639,708,s,216,218.0,False,2034.0,2034.5
13053,667,756,s,216,218.0,False,2034.0,2034.5
13054,740,591,s,216,220.0,False,2034.0,2035.0
13055,761,658,s,216,222.0,False,2034.0,2035.5
13056,825,833,s,216,224.0,False,2034.0,2036.0
13057,868,803,s,216,222.0,False,2034.0,2035.5
13058,1048,768,s,216,219.0,False,2034.0,2034.75
13059,741,510,l,216,,True,2034.0,
13060,26,410,s,217,217.0,False,2034.25,2034.25
13061,34,409,s,217,222.0,False,2034.25,2035.5
13062,48,189,s,217,217.0,False,2034.25,2034.25
13063,192,583,s,217,222.0,False,2034.25,2035.5
13064,291,692,s,217,220.0,False,2034.25,2035.0
13065,360,410,s,217,218.0,False,2034.25,2034.5
13066,427,707,s,217,218.0,False,2034.25,2034.5
13067,586,683,s,217,220.0,False,2034.25,2035.0
13068,606,683,s,217,,False,2034.25,
13069,644,636,s,217,218.0,False,2034.25,2034.5
13070,651,756,s,217,228.0,False,2034.25,2037.0
13071,667,695,s,217,221.0,False,2034.25,2035.25
13072,690,862,s,217,219.0,False,2034.25,2034.75
13073,696,1034,s,217,220.0,False,2034.25,2035.0
13074,709,814,s,217,219.0,False,2034.25,2034.75
13075,722,786,s,217,238.0,False,2034.25,2039.5
13076,734,569,s,217,220.0,False,2034.25,2035.0
13077,741,1014,s,217,217.0,False,2034.25,2034.25
13078,791,508,s,217,219.0,False,2034.25,2034.75
13079,817,859,s,217,218.0,False,2034.25,2034.5
13080,1085,713,s,217,220.0,False,2034.25,2035.0
13081,67,354,s,217,219.0,False,2034.25,2034.75
13082,67,684,s,217,218.0,False,2034.25,2034.5
13083,159,905,s,217,220.0,False,2034.25,2035.0
13084,203,818,s,217,217.0,False,2034.25,2034.25
13085,205,75,s,217,219.0,False,2034.25,2034.75
13086,241,506,s,217,224.0,False,2034.25,2036.0
13087,248,569,s,217,221.0,False,2034.25,2035.25
13088,341,649,s,217,224.0,False,2034.25,2036.0
13089,414,582,s,217,218.0,False,2034.25,2034.5
13090,480,399,s,217,220.0,False,2034.25,2035.0
13091,602,669,s,217,219.0,False,2034.25,2034.75
13092,609,664,s,217,221.0,False,2034.25,2035.25
13093,609,832,s,217,224.0,False,2034.25,2036.0
13094,611,786,s,217,220.0,False,2034.25,2035.0
13095,761,1012,s,217,217.0,False,2034.25,2034.25
13096,791,418,s,217,227.0,False,2034.25,2036.75
13097,902,862,s,217,218.0,False,2034.25,2034.5
13098,908,621,s,217,218.0,False,2034.25,2034.5
13099,908,669,s,217,242.0,False,2034.25,2040.5
13100,64,585,s,217,224.0,False,2034.25,2036.0
13101,64,607,s,217,221.0,False,2034.25,2035.25
13102,113,150,s,217,218.0,False,2034.25,2034.5
13103,192,418,s,217,219.0,False,2034.25,2034.75
13104,241,617,s,217,218.0,False,2034.25,2034.5
13105,262,600,s,217,223.0,False,2034.25,2035.75
13106,443,712,s,217,220.0,False,2034.25,2035.0
13107,571,591,s,217,223.0,False,2034.25,2035.75
13108,609,574,s,217,226.0,False,2034.25,2036.5
13109,620,737,s,217,220.0,False,2034.25,2035.0
13110,623,708,s,217,222.0,False,2034.25,2035.5
13111,653,24,s,217,223.0,False,2034.25,2035.75
13112,662,756,s,217,219.0,False,2034.25,2034.75
13113,689,1034,s,217,218.0,False,2034.25,2034.5
13114,701,733,s,217,220.0,False,2034.25,2035.0
13115,722,636,s,217,218.0,False,2034.25,2034.5
13116,740,637,s,217,218.0,False,2034.25,2034.5
13117,761,717,s,217,218.0,False,2034.25,2034.5
13118,844,658,s,217,227.0,False,2034.25,2036.75
13119,889,574,s,217,221.0,False,2034.25,2035.25
13120,1085,572,s,217,226.0,False,2034.25,2036.5
13121,30,509,s,218,221.0,False,2034.5,2035.25
13122,94,457,s,218,219.0,False,2034.5,2034.75
13123,113,274,s,218,219.0,False,2034.5,2034.75
13124,159,569,s,218,220.0,False,2034.5,2035.0
13125,213,453,s,218,221.0,False,2034.5,2035.25
13126,241,590,s,218,218.0,False,2034.5,2034.5
13127,248,905,s,218,226.0,False,2034.5,2036.5
13128,316,517,s,218,222.0,False,2034.5,2035.5
13129,460,54,s,218,219.0,False,2034.5,2034.75
13130,539,707,s,218,224.0,False,2034.5,2036.0
13131,568,726,s,218,222.0,False,2034.5,2035.5
13132,584,1072,s,218,218.0,False,2034.5,2034.5
13133,610,683,s,218,223.0,False,2034.5,2035.75
13134,652,508,s,218,220.0,False,2034.5,2035.0
13135,722,682,s,218,222.0,False,2034.5,2035.5
13136,722,994,s,218,219.0,False,2034.5,2034.75
13137,730,617,s,218,228.0,False,2034.5,2037.0
13138,837,803,s,218,234.0,False,2034.5,2038.5
13139,844,668,s,218,219.0,False,2034.5,2034.75
13140,902,814,s,218,222.0,False,2034.5,2035.5
13141,909,621,s,218,220.0,False,2034.5,2035.0
13142,1005,677,s,218,219.0,False,2034.5,2034.75
13143,1084,1024,s,218,226.0,False,2034.5,2036.5
13144,113,799,s,218,219.0,False,2034.5,2034.75
13145,159,453,s,218,223.0,False,2034.5,2035.75
13146,192,54,s,218,221.0,False,2034.5,2035.25
13147,204,255,s,218,227.0,False,2034.5,2036.75
13148,313,601,s,218,219.0,False,2034.5,2034.75
13149,406,196,s,218,219.0,False,2034.5,2034.75
13150,490,511,s,218,225.0,False,2034.5,2036.25
13151,540,236,s,218,226.0,False,2034.5,2036.5
13152,544,101,s,218,220.0,False,2034.5,2035.0
13153,599,786,s,218,225.0,False,2034.5,2036.25
13154,609,758,s,218,223.0,False,2034.5,2035.75
13155,610,607,s,218,228.0,False,2034.5,2037.0
13156,651,572,s,218,218.0,False,2034.5,2034.5
13157,730,601,s,218,221.0,False,2034.5,2035.25
13158,734,607,s,218,221.0,False,2034.5,2035.25
13159,771,776,s,218,227.0,False,2034.5,2036.75
13160,772,994,s,218,224.0,False,2034.5,2036.0
13161,793,768,s,218,222.0,False,2034.5,2035.5
13162,807,708,s,218,227.0,False,2034.5,2036.75
13163,824,814,s,218,224.0,False,2034.5,2036.0
13164,837,758,s,218,224.0,False,2034.5,2036.0
13165,844,694,s,218,223.0,False,2034.5,2035.75
13166,866,851,s,218,219.0,False,2034.5,2034.75
13167,902,842,s,218,218.0,False,2034.5,2034.5
13168,1005,743,s,218,218.0,False,2034.5,2034.5
13169,67,409,s,218,219.0,False,2034.5,2034.75
13170,213,77,s,218,220.0,False,2034.5,2035.0
13171,303,309,s,218,225.0,False,2034.5,2036.25
13172,330,646,s,218,219.0,False,2034.5,2034.75
13173,330,918,s,218,219.0,False,2034.5,2034.75
13174,396,1014,s,218,225.0,False,2034.5,2036.25
13175,417,712,s,218,219.0,False,2034.5,2034.75
13176,540,309,s,218,226.0,False,2034.5,2036.5
13177,540,582,s,218,229.0,False,2034.5,2037.25
13178,544,453,s,218,224.0,False,2034.5,2036.0
13179,593,704,s,218,228.0,False,2034.5,2037.0
13180,594,582,s,218,222.0,False,2034.5,2035.5
13181,652,818,s,218,221.0,False,2034.5,2035.25
13182,653,708,s,218,225.0,False,2034.5,2036.25
13183,734,661,s,218,221.0,False,2034.5,2035.25
13184,741,733,s,218,219.0,False,2034.5,2034.75
13185,802,859,s,218,224.0,False,2034.5,2036.0
13186,1087,354,s,218,219.0,False,2034.5,2034.75
13187,34,960,l,218,,True,2034.5,
13188,396,462,l,218,240.0,True,2034.5,2040.0
13189,689,683,l,218,,True,2034.5,
13190,41,293,s,219,223.0,False,2034.75,2035.75
13191,53,154,s,219,223.0,False,2034.75,2035.75
13192,53,173,s,219,223.0,False,2034.75,2035.75
13193,67,1014,s,219,221.0,False,2034.75,2035.25
13194,127,511,s,219,228.0,False,2034.75,2037.0
13195,169,506,s,219,219.0,False,2034.75,2034.75
13196,242,486,s,219,224.0,False,2034.75,2036.0
13197,311,818,s,219,221.0,False,2034.75,2035.25
13198,417,786,s,219,222.0,False,2034.75,2035.5
13199,584,628,s,219,219.0,False,2034.75,2034.75
13200,595,677,s,219,219.0,False,2034.75,2034.75
13201,606,646,s,219,223.0,False,2034.75,2035.75
13202,606,821,s,219,222.0,False,2034.75,2035.5
13203,663,758,s,219,221.0,False,2034.75,2035.25
13204,722,1013,s,219,221.0,False,2034.75,2035.25
13205,734,713,s,219,230.0,False,2034.75,2037.5
13206,740,457,s,219,222.0,False,2034.75,2035.5
13207,744,737,s,219,220.0,False,2034.75,2035.0
13208,765,694,s,219,236.0,False,2034.75,2039.0
13209,792,756,s,219,221.0,False,2034.75,2035.25
13210,824,875,s,219,219.0,False,2034.75,2034.75
13211,889,638,s,219,221.0,False,2034.75,2035.25
13212,909,704,s,219,220.0,False,2034.75,2035.0
13213,47,918,s,219,222.0,False,2034.75,2035.5
13214,64,55,s,219,224.0,False,2034.75,2036.0
13215,204,636,s,219,223.0,False,2034.75,2035.75
13216,241,418,s,219,221.0,False,2034.75,2035.25
13217,303,574,s,219,224.0,False,2034.75,2036.0
13218,311,972,s,219,223.0,False,2034.75,2035.75
13219,313,649,s,219,220.0,False,2034.75,2035.0
13220,323,154,s,219,221.0,False,2034.75,2035.25
13221,480,15,s,219,222.0,False,2034.75,2035.5
13222,480,409,s,219,225.0,False,2034.75,2036.25
13223,540,457,s,219,220.0,False,2034.75,2035.0
13224,571,585,s,219,221.0,False,2034.75,2035.25
13225,581,918,s,219,220.0,False,2034.75,2035.0
13226,611,726,s,219,230.0,False,2034.75,2037.5
13227,651,15,s,219,224.0,False,2034.75,2036.0
13228,696,612,s,219,221.0,False,2034.75,2035.25
13229,722,851,s,219,220.0,False,2034.75,2035.0
13230,734,708,s,219,220.0,False,2034.75,2035.0
13231,793,858,s,219,221.0,False,2034.75,2035.25
13232,896,832,s,219,221.0,False,2034.75,2035.25
13233,986,585,s,219,220.0,False,2034.75,2035.0
13234,1064,1036,s,219,221.0,False,2034.75,2035.25
13235,550,1083,s,219,220.0,False,2034.75,2035.0
13236,200,521,s,219,220.0,False,2034.75,2035.0
13237,974,347,s,219,225.0,False,2034.75,2036.25
13238,12,919,s,219,220.0,False,2034.75,2035.0
13239,216,1062,s,219,223.0,False,2034.75,2035.75
13240,90,527,s,219,220.0,False,2034.75,2035.0
13241,1086,952,s,219,221.0,False,2034.75,2035.25
13242,755,959,s,219,228.0,False,2034.75,2037.0
13243,753,762,s,219,235.0,False,2034.75,2038.75
13244,777,784,s,219,225.0,False,2034.75,2036.25
13245,787,746,s,219,227.0,False,2034.75,2036.75
13246,429,198,s,219,227.0,False,2034.75,2036.75
13247,336,146,s,219,224.0,False,2034.75,2036.0
13248,874,842,s,219,220.0,False,2034.75,2035.0
13249,876,806,s,219,221.0,False,2034.75,2035.25
13250,865,798,s,219,225.0,False,2034.75,2036.25
13251,839,830,s,219,220.0,False,2034.75,2035.0
13252,541,513,s,219,234.0,False,2034.75,2038.5
13253,659,873,s,219,220.0,False,2034.75,2035.0
13254,932,679,s,219,220.0,False,2034.75,2035.0
13255,735,870,s,219,220.0,False,2034.75,2035.0
13256,1055,743,s,219,220.0,False,2034.75,2035.0
13257,715,705,s,219,230.0,False,2034.75,2037.5
13258,718,619,s,219,228.0,False,2034.75,2037.0
13259,913,939,s,219,220.0,False,2034.75,2035.0
13260,884,917,s,219,221.0,False,2034.75,2035.25
13261,894,892,s,219,224.0,False,2034.75,2036.0
13262,881,899,s,219,226.0,False,2034.75,2036.5
13263,904,885,s,219,220.0,False,2034.75,2035.0
13264,898,869,s,219,,False,2034.75,
13265,801,937,s,219,221.0,False,2034.75,2035.25
13266,261,432,s,219,225.0,False,2034.75,2036.25
13267,34,95,s,219,220.0,False,2034.75,2035.0
13268,34,664,s,219,221.0,False,2034.75,2035.25
13269,53,608,s,219,221.0,False,2034.75,2035.25
13270,205,637,s,219,226.0,False,2034.75,2036.5
13271,429,852,s,219,220.0,False,2034.75,2035.0
13272,443,649,s,219,230.0,False,2034.75,2037.5
13273,568,658,s,219,221.0,False,2034.75,2035.25
13274,581,601,s,219,222.0,False,2034.75,2035.5
13275,594,713,s,219,226.0,False,2034.75,2036.5
13276,594,746,s,219,221.0,False,2034.75,2035.25
13277,609,784,s,219,222.0,False,2034.75,2035.5
13278,652,180,s,219,223.0,False,2034.75,2035.75
13279,706,695,s,219,220.0,False,2034.75,2035.0
13280,718,636,s,219,220.0,False,2034.75,2035.0
13281,718,669,s,219,221.0,False,2034.75,2035.25
13282,722,733,s,219,220.0,False,2034.75,2035.0
13283,813,682,s,219,220.0,False,2034.75,2035.0
13284,817,776,s,219,227.0,False,2034.75,2036.75
13285,902,770,s,219,220.0,False,2034.75,2035.0
13286,241,630,l,219,236.0,True,2034.75,2039.0
13287,700,756,l,219,,True,2034.75,
13288,883,737,l,219,231.0,True,2034.75,2037.75
13289,311,453,s,220,222.0,False,2035.0,2035.5
13290,571,1044,s,220,223.0,False,2035.0,2035.75
13291,609,658,s,220,228.0,False,2035.0,2037.0
13292,624,721,s,220,224.0,False,2035.0,2036.0
13293,676,707,s,220,222.0,False,2035.0,2035.5
13294,755,786,s,220,222.0,False,2035.0,2035.5
13295,761,762,s,220,220.0,False,2035.0,2035.0
13296,813,823,s,220,220.0,False,2035.0,2035.0
13297,837,762,s,220,222.0,False,2035.0,2035.5
13298,844,628,s,220,220.0,False,2035.0,2035.0
13299,883,830,s,220,224.0,False,2035.0,2036.0
13300,933,1012,s,220,220.0,False,2035.0,2035.0
13301,64,432,s,220,223.0,False,2035.0,2035.75
13302,303,612,s,220,221.0,False,2035.0,2035.25
13303,336,61,s,220,224.0,False,2035.0,2036.0
13304,450,1083,s,220,222.0,False,2035.0,2035.5
13305,484,224,s,220,221.0,False,2035.0,2035.25
13306,504,600,s,220,224.0,False,2035.0,2036.0
13307,568,1013,s,220,225.0,False,2035.0,2036.25
13308,592,637,s,220,226.0,False,2035.0,2036.5
13309,594,743,s,220,224.0,False,2035.0,2036.0
13310,595,669,s,220,221.0,False,2035.0,2035.25
13311,626,669,s,220,220.0,False,2035.0,2035.0
13312,696,776,s,220,226.0,False,2035.0,2036.5
13313,722,885,s,220,225.0,False,2035.0,2036.25
13314,729,682,s,220,232.0,False,2035.0,2038.0
13315,791,569,s,220,221.0,False,2035.0,2035.25
13316,807,862,s,220,221.0,False,2035.0,2035.25
13317,908,768,s,220,222.0,False,2035.0,2035.5
13318,986,146,s,220,221.0,False,2035.0,2035.25
13319,34,457,s,220,229.0,False,2035.0,2037.25
13320,34,636,s,220,225.0,False,2035.0,2036.25
13321,47,99,s,220,221.0,False,2035.0,2035.25
13322,47,628,s,220,222.0,False,2035.0,2035.5
13323,64,180,s,220,227.0,False,2035.0,2036.75
13324,64,217,s,220,222.0,False,2035.0,2035.5
13325,242,498,s,220,223.0,False,2035.0,2035.75
13326,291,409,s,220,222.0,False,2035.0,2035.5
13327,357,506,s,220,226.0,False,2035.0,2036.5
13328,358,469,s,220,222.0,False,2035.0,2035.5
13329,394,650,s,220,223.0,False,2035.0,2035.75
13330,444,619,s,220,224.0,False,2035.0,2036.0
13331,539,591,s,220,224.0,False,2035.0,2036.0
13332,543,520,s,220,221.0,False,2035.0,2035.25
13333,584,646,s,220,226.0,False,2035.0,2036.5
13334,595,705,s,220,221.0,False,2035.0,2035.25
13335,624,737,s,220,225.0,False,2035.0,2036.25
13336,629,726,s,220,222.0,False,2035.0,2035.5
13337,644,960,s,220,227.0,False,2035.0,2036.75
13338,675,859,s,220,222.0,False,2035.0,2035.5
13339,725,851,s,220,223.0,False,2035.0,2035.75
13340,741,309,s,220,224.0,False,2035.0,2036.0
13341,889,637,s,220,221.0,False,2035.0,2035.25
13342,896,877,s,220,224.0,False,2035.0,2036.0
13343,986,465,s,220,222.0,False,2035.0,2035.5
13344,121,509,s,221,224.0,False,2035.25,2036.0
13345,167,175,s,221,223.0,False,2035.25,2035.75
13346,192,591,s,221,227.0,False,2035.25,2036.75
13347,192,684,s,221,224.0,False,2035.25,2036.0
13348,313,591,s,221,226.0,False,2035.25,2036.5
13349,313,982,s,221,222.0,False,2035.25,2035.5
13350,322,619,s,221,222.0,False,2035.25,2035.5
13351,332,952,s,221,222.0,False,2035.25,2035.5
13352,412,591,s,221,221.0,False,2035.25,2035.25
13353,444,511,s,221,221.0,False,2035.25,2035.25
13354,450,236,s,221,227.0,False,2035.25,2036.75
13355,576,513,s,221,224.0,False,2035.25,2036.0
13356,586,678,s,221,226.0,False,2035.25,2036.5
13357,609,685,s,221,223.0,False,2035.25,2035.75
13358,696,708,s,221,223.0,False,2035.25,2035.75
13359,722,733,s,221,228.0,False,2035.25,2037.0
13360,741,628,s,221,226.0,False,2035.25,2036.5
13361,777,770,s,221,223.0,False,2035.25,2035.75
13362,813,736,s,221,222.0,False,2035.25,2035.5
13363,837,708,s,221,222.0,False,2035.25,2035.5
13364,837,798,s,221,225.0,False,2035.25,2036.25
13365,844,717,s,221,226.0,False,2035.25,2036.5
13366,889,601,s,221,224.0,False,2035.25,2036.0
13367,34,646,s,221,226.0,False,2035.25,2036.5
13368,48,61,s,221,224.0,False,2035.25,2036.0
13369,53,605,s,221,221.0,False,2035.25,2035.25
13370,64,196,s,221,221.0,False,2035.25,2035.25
13371,167,437,s,221,223.0,False,2035.25,2035.75
13372,172,175,s,221,224.0,False,2035.25,2036.0
13373,303,573,s,221,226.0,False,2035.25,2036.5
13374,330,905,s,221,225.0,False,2035.25,2036.25
13375,427,905,s,221,222.0,False,2035.25,2035.5
13376,504,630,s,221,237.0,False,2035.25,2039.25
13377,571,608,s,221,225.0,False,2035.25,2036.25
13378,610,601,s,221,225.0,False,2035.25,2036.25
13379,620,972,s,221,222.0,False,2035.25,2035.5
13380,624,583,s,221,222.0,False,2035.25,2035.5
13381,635,505,s,221,231.0,False,2035.25,2037.75
13382,652,646,s,221,224.0,False,2035.25,2036.0
13383,696,803,s,221,231.0,False,2035.25,2037.75
13384,718,803,s,221,222.0,False,2035.25,2035.5
13385,725,814,s,221,223.0,False,2035.25,2035.75
13386,738,590,s,221,238.0,False,2035.25,2039.5
13387,740,505,s,221,223.0,False,2035.25,2035.75
13388,755,717,s,221,225.0,False,2035.25,2036.25
13389,841,768,s,221,223.0,False,2035.25,2035.75
13390,844,664,s,221,225.0,False,2035.25,2036.25
13391,881,826,s,221,222.0,False,2035.25,2035.5
13392,894,851,s,221,234.0,False,2035.25,2038.5
13393,986,509,s,221,228.0,False,2035.25,2037.0
13394,64,146,s,221,223.0,False,2035.25,2035.75
13395,90,304,s,221,222.0,False,2035.25,2035.5
13396,113,196,s,221,229.0,False,2035.25,2037.25
13397,248,217,s,221,224.0,False,2035.25,2036.0
13398,311,101,s,221,225.0,False,2035.25,2036.25
13399,414,509,s,221,226.0,False,2035.25,2036.5
13400,443,682,s,221,230.0,False,2035.25,2037.5
13401,443,972,s,221,225.0,False,2035.25,2036.25
13402,539,146,s,221,227.0,False,2035.25,2036.75
13403,571,664,s,221,225.0,False,2035.25,2036.25
13404,593,617,s,221,222.0,False,2035.25,2035.5
13405,626,733,s,221,223.0,False,2035.25,2035.75
13406,639,694,s,221,225.0,False,2035.25,2036.25
13407,644,636,s,221,223.0,False,2035.25,2035.75
13408,648,786,s,221,226.0,False,2035.25,2036.5
13409,722,875,s,221,227.0,False,2035.25,2036.75
13410,740,198,s,221,224.0,False,2035.25,2036.0
13411,740,255,s,221,226.0,False,2035.25,2036.5
13412,779,821,s,221,224.0,False,2035.25,2036.0
13413,779,858,s,221,223.0,False,2035.25,2035.75
13414,933,309,s,221,224.0,False,2035.25,2036.0
13415,974,284,s,221,232.0,False,2035.25,2038.0
13416,986,507,s,221,226.0,False,2035.25,2036.5
13417,539,508,l,221,,True,2035.25,
13418,543,230,l,221,228.0,True,2035.25,2037.0
13419,837,875,l,221,,True,2035.25,
13420,761,733,l,221,,True,2035.25,
13421,94,217,l,221,,True,2035.25,
13422,741,591,l,221,,True,2035.25,
13423,46,133,s,222,225.0,False,2035.5,2036.25
13424,152,695,s,222,223.0,False,2035.5,2035.75
13425,302,132,s,222,227.0,False,2035.5,2036.75
13426,330,661,s,222,227.0,False,2035.5,2036.75
13427,357,636,s,222,224.0,False,2035.5,2036.0
13428,412,453,s,222,225.0,False,2035.5,2036.25
13429,443,418,s,222,226.0,False,2035.5,2036.5
13430,460,511,s,222,222.0,False,2035.5,2035.5
13431,490,293,s,222,223.0,False,2035.5,2035.75
13432,568,590,s,222,229.0,False,2035.5,2037.25
13433,581,982,s,222,222.0,False,2035.5,2035.5
13434,588,345,s,222,224.0,False,2035.5,2036.0
13435,592,704,s,222,224.0,False,2035.5,2036.0
13436,609,677,s,222,236.0,False,2035.5,2039.0
13437,652,255,s,222,232.0,False,2035.5,2038.0
13438,706,756,s,222,225.0,False,2035.5,2036.25
13439,722,638,s,222,226.0,False,2035.5,2036.5
13440,735,1013,s,222,222.0,False,2035.5,2035.5
13441,777,762,s,222,229.0,False,2035.5,2037.25
13442,782,959,s,222,223.0,False,2035.5,2035.75
13443,787,873,s,222,234.0,False,2035.5,2038.5
13444,837,756,s,222,223.0,False,2035.5,2035.75
13445,986,95,s,222,228.0,False,2035.5,2037.0
13446,986,457,s,222,226.0,False,2035.5,2036.5
13447,986,573,s,222,223.0,False,2035.5,2035.75
13448,986,684,s,222,222.0,False,2035.5,2035.5
13449,34,685,s,222,229.0,False,2035.5,2037.25
13450,46,399,s,222,223.0,False,2035.5,2035.75
13451,53,410,s,222,224.0,False,2035.5,2036.0
13452,141,234,s,222,237.0,False,2035.5,2039.25
13453,241,410,s,222,225.0,False,2035.5,2036.25
13454,291,508,s,222,236.0,False,2035.5,2039.0
13455,305,591,s,222,237.0,False,2035.5,2039.25
13456,312,818,s,222,224.0,False,2035.5,2036.0
13457,330,668,s,222,229.0,False,2035.5,2037.25
13458,358,952,s,222,227.0,False,2035.5,2036.75
13459,450,347,s,222,225.0,False,2035.5,2036.25
13460,581,756,s,222,230.0,False,2035.5,2037.5
13461,594,705,s,222,223.0,False,2035.5,2035.75
13462,595,712,s,222,226.0,False,2035.5,2036.5
13463,620,798,s,222,224.0,False,2035.5,2036.0
13464,626,694,s,222,225.0,False,2035.5,2036.25
13465,676,786,s,222,225.0,False,2035.5,2036.25
13466,722,707,s,222,223.0,False,2035.5,2035.75
13467,807,859,s,222,230.0,False,2035.5,2037.5
13468,866,877,s,222,223.0,False,2035.5,2035.75
13469,1085,685,s,222,228.0,False,2035.5,2037.0
13470,41,520,s,222,224.0,False,2035.5,2036.0
13471,64,919,s,222,228.0,False,2035.5,2037.0
13472,67,637,s,222,229.0,False,2035.5,2037.25
13473,159,799,s,222,224.0,False,2035.5,2036.0
13474,190,1083,s,222,224.0,False,2035.5,2036.0
13475,213,129,s,222,223.0,False,2035.5,2035.75
13476,303,375,s,222,231.0,False,2035.5,2037.75
13477,460,457,s,222,223.0,False,2035.5,2035.75
13478,480,508,s,222,223.0,False,2035.5,2035.75
13479,480,982,s,222,223.0,False,2035.5,2035.75
13480,540,664,s,222,232.0,False,2035.5,2038.0
13481,544,175,s,222,223.0,False,2035.5,2035.75
13482,581,682,s,222,223.0,False,2035.5,2035.75
13483,584,756,s,222,224.0,False,2035.5,2036.0
13484,611,721,s,222,223.0,False,2035.5,2035.75
13485,623,717,s,222,230.0,False,2035.5,2037.5
13486,639,960,s,222,226.0,False,2035.5,2036.5
13487,651,505,s,222,227.0,False,2035.5,2036.75
13488,666,746,s,222,224.0,False,2035.5,2036.0
13489,688,776,s,222,228.0,False,2035.5,2037.0
13490,688,833,s,222,224.0,False,2035.5,2036.0
13491,865,830,s,222,223.0,False,2035.5,2035.75
13492,884,756,s,222,223.0,False,2035.5,2035.75
13493,889,905,s,222,239.0,False,2035.5,2039.75
13494,908,875,s,222,224.0,False,2035.5,2036.0
13495,909,569,s,222,223.0,False,2035.5,2035.75
13496,986,600,s,222,224.0,False,2035.5,2036.0
13497,34,707,s,223,223.0,False,2035.75,2035.75
13498,34,972,s,223,223.0,False,2035.75,2035.75
13499,141,437,s,223,227.0,False,2035.75,2036.75
13500,152,583,s,223,224.0,False,2035.75,2036.0
13501,203,506,s,223,223.0,False,2035.75,2035.75
13502,241,423,s,223,227.0,False,2035.75,2036.75
13503,241,569,s,223,225.0,False,2035.75,2036.25
13504,312,677,s,223,224.0,False,2035.75,2036.0
13505,427,274,s,223,227.0,False,2035.75,2036.75
13506,480,682,s,223,235.0,False,2035.75,2038.75
13507,629,733,s,223,224.0,False,2035.75,2036.0
13508,782,869,s,223,231.0,False,2035.75,2037.75
13509,874,770,s,223,234.0,False,2035.75,2038.5
13510,1045,823,s,223,223.0,False,2035.75,2035.75
13511,47,574,s,223,227.0,False,2035.75,2036.75
13512,94,469,s,223,223.0,False,2035.75,2035.75
13513,172,198,s,223,224.0,False,2035.75,2036.0
13514,241,726,s,223,226.0,False,2035.75,2036.5
13515,313,630,s,223,224.0,False,2035.75,2036.0
13516,315,55,s,223,224.0,False,2035.75,2036.0
13517,357,283,s,223,231.0,False,2035.75,2037.75
13518,539,756,s,223,228.0,False,2035.75,2037.0
13519,540,132,s,223,232.0,False,2035.75,2038.0
13520,635,591,s,223,226.0,False,2035.75,2036.5
13521,639,636,s,223,227.0,False,2035.75,2036.75
13522,653,217,s,223,230.0,False,2035.75,2037.5
13523,659,832,s,223,228.0,False,2035.75,2037.0
13524,700,708,s,223,233.0,False,2035.75,2038.25
13525,722,713,s,223,225.0,False,2035.75,2036.25
13526,734,736,s,223,230.0,False,2035.75,2037.5
13527,783,763,s,223,227.0,False,2035.75,2036.75
13528,903,840,s,223,227.0,False,2035.75,2036.75
13529,570,794,s,223,225.0,False,2035.75,2036.25
13530,603,796,s,223,232.0,False,2035.75,2038.0
13531,864,679,s,223,227.0,False,2035.75,2036.75
13532,863,816,s,223,230.0,False,2035.75,2037.5
13533,642,748,s,223,224.0,False,2035.75,2036.0
13534,627,680,s,223,230.0,False,2035.75,2037.5
13535,183,1074,s,223,225.0,False,2035.75,2036.25
13536,502,75,s,223,225.0,False,2035.75,2036.25
13537,484,243,s,223,224.0,False,2035.75,2036.0
13538,1055,867,s,223,224.0,False,2035.75,2036.0
13539,1098,848,s,223,225.0,False,2035.75,2036.25
13540,735,1071,s,223,230.0,False,2035.75,2037.5
13541,752,897,s,223,224.0,False,2035.75,2036.0
13542,801,831,s,223,230.0,False,2035.75,2037.5
13543,1076,1037,s,223,224.0,False,2035.75,2036.0
13544,53,569,s,223,229.0,False,2035.75,2037.25
13545,192,453,s,223,224.0,False,2035.75,2036.0
13546,192,457,s,223,225.0,False,2035.75,2036.25
13547,205,617,s,223,224.0,False,2035.75,2036.0
13548,241,628,s,223,224.0,False,2035.75,2036.0
13549,261,972,s,223,227.0,False,2035.75,2036.75
13550,586,770,s,223,225.0,False,2035.75,2036.25
13551,592,591,s,223,231.0,False,2035.75,2037.75
13552,592,649,s,223,228.0,False,2035.75,2037.0
13553,606,707,s,223,233.0,False,2035.75,2038.25
13554,626,786,s,223,224.0,False,2035.75,2036.0
13555,639,708,s,223,224.0,False,2035.75,2036.0
13556,642,721,s,223,225.0,False,2035.75,2036.25
13557,644,705,s,223,227.0,False,2035.75,2036.75
13558,648,569,s,223,226.0,False,2035.75,2036.5
13559,648,733,s,223,230.0,False,2035.75,2037.5
13560,652,650,s,223,231.0,False,2035.75,2037.75
13561,667,875,s,223,226.0,False,2035.75,2036.5
13562,753,600,s,223,226.0,False,2035.75,2036.5
13563,863,733,s,223,232.0,False,2035.75,2038.0
13564,986,572,s,223,239.0,False,2035.75,2039.75
13565,1076,437,s,223,224.0,False,2035.75,2036.0
13566,81,930,l,223,228.0,True,2035.75,2037.0
13567,1015,517,l,223,228.0,True,2035.75,2037.0
13568,34,601,s,224,232.0,False,2036.0,2038.0
13569,34,625,s,224,237.0,False,2036.0,2039.25
13570,46,453,s,224,226.0,False,2036.0,2036.5
13571,67,146,s,224,233.0,False,2036.0,2038.25
13572,141,61,s,224,228.0,False,2036.0,2037.0
13573,191,399,s,224,229.0,False,2036.0,2037.25
13574,192,146,s,224,225.0,False,2036.0,2036.25
13575,291,625,s,224,233.0,False,2036.0,2038.25
13576,422,217,s,224,227.0,False,2036.0,2036.75
13577,480,583,s,224,226.0,False,2036.0,2036.5
13578,482,799,s,224,234.0,False,2036.0,2038.5
13579,595,664,s,224,230.0,False,2036.0,2037.5
13580,620,583,s,224,229.0,False,2036.0,2037.25
13581,620,636,s,224,226.0,False,2036.0,2036.5
13582,620,756,s,224,224.0,False,2036.0,2036.0
13583,622,733,s,224,229.0,False,2036.0,2037.25
13584,663,721,s,224,227.0,False,2036.0,2036.75
13585,722,717,s,224,229.0,False,2036.0,2037.25
13586,729,858,s,224,224.0,False,2036.0,2036.0
13587,745,858,s,224,229.0,False,2036.0,2037.25
13588,824,821,s,224,224.0,False,2036.0,2036.0
13589,986,799,s,224,231.0,False,2036.0,2037.75
13590,124,230,s,224,224.0,False,2036.0,2036.0
13591,241,510,s,224,225.0,False,2036.0,2036.25
13592,291,582,s,224,227.0,False,2036.0,2036.75
13593,341,399,s,224,228.0,False,2036.0,2037.0
13594,412,684,s,224,237.0,False,2036.0,2039.25
13595,443,664,s,224,227.0,False,2036.0,2036.75
13596,482,309,s,224,235.0,False,2036.0,2038.75
13597,504,678,s,224,236.0,False,2036.0,2039.0
13598,571,607,s,224,229.0,False,2036.0,2037.25
13599,595,726,s,224,225.0,False,2036.0,2036.25
13600,611,601,s,224,226.0,False,2036.0,2036.5
13601,741,658,s,224,226.0,False,2036.0,2036.5
13602,820,959,s,224,230.0,False,2036.0,2037.5
13603,861,851,s,224,228.0,False,2036.0,2037.0
13604,863,851,s,224,230.0,False,2036.0,2037.5
13605,864,637,s,224,225.0,False,2036.0,2036.25
13606,1045,891,s,224,229.0,False,2036.0,2037.25
13607,248,569,s,224,225.0,False,2036.0,2036.25
13608,417,409,s,224,225.0,False,2036.0,2036.25
13609,481,217,s,224,227.0,False,2036.0,2036.75
13610,588,432,s,224,225.0,False,2036.0,2036.25
13611,593,786,s,224,226.0,False,2036.0,2036.5
13612,622,756,s,224,237.0,False,2036.0,2039.25
13613,644,762,s,224,225.0,False,2036.0,2036.25
13614,718,875,s,224,227.0,False,2036.0,2036.75
13615,740,637,s,224,226.0,False,2036.0,2036.5
13616,777,756,s,224,226.0,False,2036.0,2036.5
13617,825,1035,s,224,225.0,False,2036.0,2036.25
13618,974,217,s,224,230.0,False,2036.0,2037.5
13619,1055,668,s,224,,False,2036.0,
13620,1055,756,s,224,225.0,False,2036.0,2036.25
13621,305,309,l,224,,True,2036.0,
13622,986,75,l,224,,True,2036.0,
13623,81,418,s,225,226.0,False,2036.25,2036.5
13624,159,99,s,225,232.0,False,2036.25,2038.0
13625,205,591,s,225,234.0,False,2036.25,2038.5
13626,242,180,s,225,229.0,False,2036.25,2037.25
13627,303,692,s,225,227.0,False,2036.25,2036.75
13628,332,605,s,225,234.0,False,2036.25,2038.5
13629,357,636,s,225,230.0,False,2036.25,2037.5
13630,484,243,s,225,230.0,False,2036.25,2037.5
13631,539,661,s,225,226.0,False,2036.25,2036.5
13632,544,1074,s,225,226.0,False,2036.25,2036.5
13633,623,758,s,225,230.0,False,2036.25,2037.5
13634,652,704,s,225,226.0,False,2036.25,2036.5
13635,659,803,s,225,226.0,False,2036.25,2036.5
13636,663,712,s,225,225.0,False,2036.25,2036.25
13637,741,508,s,225,228.0,False,2036.25,2037.0
13638,744,736,s,225,233.0,False,2036.25,2038.25
13639,761,746,s,225,229.0,False,2036.25,2037.25
13640,909,410,s,225,228.0,False,2036.25,2037.0
13641,262,637,s,225,227.0,False,2036.25,2036.75
13642,305,55,s,225,238.0,False,2036.25,2039.5
13643,315,643,s,225,230.0,False,2036.25,2037.5
13644,358,574,s,225,230.0,False,2036.25,2037.5
13645,417,607,s,225,229.0,False,2036.25,2037.25
13646,460,243,s,225,226.0,False,2036.25,2036.5
13647,539,507,s,225,225.0,False,2036.25,2036.25
13648,541,517,s,225,230.0,False,2036.25,2037.5
13649,586,591,s,225,226.0,False,2036.25,2036.5
13650,593,959,s,225,232.0,False,2036.25,2038.0
13651,595,628,s,225,226.0,False,2036.25,2036.5
13652,626,770,s,225,228.0,False,2036.25,2037.0
13653,663,784,s,225,226.0,False,2036.25,2036.5
13654,700,840,s,225,226.0,False,2036.25,2036.5
13655,765,756,s,225,225.0,False,2036.25,2036.25
13656,781,794,s,225,225.0,False,2036.25,2036.25
13657,817,862,s,225,239.0,False,2036.25,2039.75
13658,861,746,s,225,225.0,False,2036.25,2036.25
13659,861,821,s,225,229.0,False,2036.25,2037.25
13660,962,1012,s,225,229.0,False,2036.25,2037.25
13661,204,628,s,225,229.0,False,2036.25,2037.25
13662,248,511,s,225,228.0,False,2036.25,2037.0
13663,313,733,s,225,231.0,False,2036.25,2037.75
13664,332,15,s,225,229.0,False,2036.25,2037.25
13665,412,585,s,225,230.0,False,2036.25,2037.5
13666,412,591,s,225,229.0,False,2036.25,2037.25
13667,460,971,s,225,228.0,False,2036.25,2037.0
13668,484,409,s,225,235.0,False,2036.25,2038.75
13669,490,519,s,225,229.0,False,2036.25,2037.25
13670,568,628,s,225,226.0,False,2036.25,2036.5
13671,599,796,s,225,227.0,False,2036.25,2036.75
13672,602,803,s,225,235.0,False,2036.25,2038.75
13673,603,664,s,225,235.0,False,2036.25,2038.75
13674,622,628,s,225,227.0,False,2036.25,2036.75
13675,659,708,s,225,230.0,False,2036.25,2037.5
13676,696,721,s,225,227.0,False,2036.25,2036.75
13677,730,972,s,225,227.0,False,2036.25,2036.75
13678,734,683,s,225,230.0,False,2036.25,2037.5
13679,761,756,s,225,230.0,False,2036.25,2037.5
13680,822,708,s,225,228.0,False,2036.25,2037.0
13681,902,796,s,225,229.0,False,2036.25,2037.25
13682,986,582,s,225,231.0,False,2036.25,2037.75
13683,1076,146,s,225,228.0,False,2036.25,2037.0
13684,1098,786,s,225,231.0,False,2036.25,2037.75
13685,722,794,l,225,,True,2036.25,
13686,248,510,l,225,,True,2036.25,
13687,392,146,l,225,,True,2036.25,
13688,34,99,s,226,226.0,False,2036.5,2036.5
13689,46,99,s,226,228.0,False,2036.5,2037.0
13690,53,628,s,226,228.0,False,2036.5,2037.0
13691,71,345,s,226,226.0,False,2036.5,2036.5
13692,169,601,s,226,230.0,False,2036.5,2037.5
13693,303,600,s,226,226.0,False,2036.5,2036.5
13694,357,507,s,226,239.0,False,2036.5,2039.75
13695,539,982,s,226,229.0,False,2036.5,2037.25
13696,606,685,s,226,227.0,False,2036.5,2036.75
13697,642,726,s,226,226.0,False,2036.5,2036.5
13698,644,726,s,226,242.0,False,2036.5,2040.5
13699,666,646,s,226,227.0,False,2036.5,2036.75
13700,667,717,s,226,229.0,False,2036.5,2037.25
13701,745,1012,s,226,226.0,False,2036.5,2036.5
13702,757,1044,s,226,228.0,False,2036.5,2037.0
13703,782,836,s,226,227.0,False,2036.5,2036.75
13704,792,708,s,226,238.0,False,2036.5,2039.5
13705,817,736,s,226,233.0,False,2036.5,2038.25
13706,854,776,s,226,227.0,False,2036.5,2036.75
13707,864,661,s,226,228.0,False,2036.5,2037.0
13708,881,830,s,226,229.0,False,2036.5,2037.25
13709,933,591,s,226,230.0,False,2036.5,2037.5
13710,1005,585,s,226,226.0,False,2036.5,2036.5
13711,1005,892,s,226,231.0,False,2036.5,2037.75
13712,1047,704,s,226,230.0,False,2036.5,2037.5
13713,9,930,s,226,228.0,False,2036.5,2037.0
13714,34,520,s,226,226.0,False,2036.5,2036.5
13715,34,590,s,226,229.0,False,2036.5,2037.25
13716,34,708,s,226,227.0,False,2036.5,2036.75
13717,241,61,s,226,228.0,False,2036.5,2037.0
13718,248,572,s,226,229.0,False,2036.5,2037.25
13719,262,658,s,226,228.0,False,2036.5,2037.0
13720,313,520,s,226,231.0,False,2036.5,2037.75
13721,412,608,s,226,228.0,False,2036.5,2037.0
13722,427,897,s,226,227.0,False,2036.5,2036.75
13723,540,498,s,226,227.0,False,2036.5,2036.75
13724,581,668,s,226,229.0,False,2036.5,2037.25
13725,594,596,s,226,226.0,False,2036.5,2036.5
13726,663,786,s,226,231.0,False,2036.5,2037.75
13727,753,737,s,226,226.0,False,2036.5,2036.5
13728,761,897,s,226,227.0,False,2036.5,2036.75
13729,902,726,s,226,228.0,False,2036.5,2037.0
13730,1047,794,s,226,232.0,False,2036.5,2038.0
13731,34,743,s,226,230.0,False,2036.5,2037.5
13732,192,457,s,226,227.0,False,2036.5,2036.75
13733,214,596,s,226,227.0,False,2036.5,2036.75
13734,262,418,s,226,233.0,False,2036.5,2038.25
13735,291,972,s,226,233.0,False,2036.5,2038.25
13736,302,1037,s,226,232.0,False,2036.5,2038.0
13737,311,423,s,226,229.0,False,2036.5,2037.25
13738,313,1044,s,226,228.0,False,2036.5,2037.0
13739,341,508,s,226,227.0,False,2036.5,2036.75
13740,394,510,s,226,229.0,False,2036.5,2037.25
13741,417,601,s,226,234.0,False,2036.5,2038.5
13742,427,569,s,226,231.0,False,2036.5,2037.75
13743,427,668,s,226,233.0,False,2036.5,2038.25
13744,504,569,s,226,233.0,False,2036.5,2038.25
13745,576,40,s,226,227.0,False,2036.5,2036.75
13746,592,664,s,226,229.0,False,2036.5,2037.25
13747,603,748,s,226,229.0,False,2036.5,2037.25
13748,689,646,s,226,232.0,False,2036.5,2038.0
13749,709,704,s,226,230.0,False,2036.5,2037.5
13750,722,869,s,226,234.0,False,2036.5,2038.5
13751,738,758,s,226,229.0,False,2036.5,2037.25
13752,753,713,s,226,227.0,False,2036.5,2036.75
13753,783,796,s,226,230.0,False,2036.5,2037.5
13754,909,737,s,226,229.0,False,2036.5,2037.25
13755,922,328,s,226,229.0,False,2036.5,2037.25
13756,1055,867,s,226,228.0,False,2036.5,2037.0
13757,1084,763,s,226,228.0,False,2036.5,2037.0
13758,1085,762,s,226,228.0,False,2036.5,2037.0
13759,152,15,l,226,,True,2036.5,
13760,729,733,l,226,,True,2036.5,
13761,34,608,s,227,231.0,False,2036.75,2037.75
13762,34,612,s,227,227.0,False,2036.75,2036.75
13763,241,457,s,227,233.0,False,2036.75,2038.25
13764,241,585,s,227,229.0,False,2036.75,2037.25
13765,303,630,s,227,233.0,False,2036.75,2038.25
13766,417,683,s,227,228.0,False,2036.75,2037.0
13767,480,569,s,227,228.0,False,2036.75,2037.0
13768,541,293,s,227,232.0,False,2036.75,2038.0
13769,568,704,s,227,233.0,False,2036.75,2038.25
13770,571,636,s,227,240.0,False,2036.75,2040.0
13771,581,770,s,227,228.0,False,2036.75,2037.0
13772,592,737,s,227,229.0,False,2036.75,2037.25
13773,594,803,s,227,228.0,False,2036.75,2037.0
13774,609,897,s,227,230.0,False,2036.75,2037.5
13775,622,345,s,227,231.0,False,2036.75,2037.75
13776,622,678,s,227,236.0,False,2036.75,2039.0
13777,648,505,s,227,227.0,False,2036.75,2036.75
13778,706,831,s,227,234.0,False,2036.75,2038.5
13779,725,712,s,227,227.0,False,2036.75,2036.75
13780,729,1024,s,227,229.0,False,2036.75,2037.25
13781,740,665,s,227,229.0,False,2036.75,2037.25
13782,741,572,s,227,228.0,False,2036.75,2037.0
13783,792,756,s,227,236.0,False,2036.75,2039.0
13784,854,756,s,227,233.0,False,2036.75,2038.25
13785,865,1024,s,227,238.0,False,2036.75,2039.5
13786,962,677,s,227,227.0,False,2036.75,2036.75
13787,962,816,s,227,233.0,False,2036.75,2038.25
13788,34,756,s,227,232.0,False,2036.75,2038.0
13789,127,399,s,227,228.0,False,2036.75,2037.0
13790,159,591,s,227,229.0,False,2036.75,2037.25
13791,169,1014,s,227,229.0,False,2036.75,2037.25
13792,241,628,s,227,233.0,False,2036.75,2038.25
13793,262,646,s,227,238.0,False,2036.75,2039.5
13794,262,670,s,227,228.0,False,2036.75,2037.0
13795,302,154,s,227,230.0,False,2036.75,2037.5
13796,313,897,s,227,227.0,False,2036.75,2036.75
13797,570,630,s,227,233.0,False,2036.75,2038.25
13798,571,569,s,227,231.0,False,2036.75,2037.75
13799,581,713,s,227,228.0,False,2036.75,2037.0
13800,609,636,s,227,230.0,False,2036.75,2037.5
13801,611,680,s,227,229.0,False,2036.75,2037.25
13802,620,707,s,227,231.0,False,2036.75,2037.75
13803,624,707,s,227,228.0,False,2036.75,2037.0
13804,635,796,s,227,234.0,False,2036.75,2038.5
13805,659,680,s,227,230.0,False,2036.75,2037.5
13806,722,669,s,227,,False,2036.75,
13807,755,664,s,227,234.0,False,2036.75,2038.5
13808,782,798,s,227,229.0,False,2036.75,2037.25
13809,861,899,s,227,235.0,False,2036.75,2038.75
13810,863,937,s,227,233.0,False,2036.75,2038.25
13811,894,798,s,227,242.0,False,2036.75,2040.5
13812,896,885,s,227,228.0,False,2036.75,2037.0
13813,902,814,s,227,231.0,False,2036.75,2037.75
13814,986,423,s,227,230.0,False,2036.75,2037.5
13815,986,591,s,227,234.0,False,2036.75,2038.5
13816,1005,796,s,227,227.0,False,2036.75,2036.75
13817,1047,770,s,227,231.0,False,2036.75,2037.75
13818,1055,636,s,227,228.0,False,2036.75,2037.0
13819,1084,848,s,227,238.0,False,2036.75,2039.5
13820,839,886,s,227,229.0,False,2036.75,2037.25
13821,834,823,s,227,230.0,False,2036.75,2037.5
13822,932,1025,s,227,228.0,False,2036.75,2037.0
13823,26,274,s,227,229.0,False,2036.75,2037.25
13824,924,1094,s,227,229.0,False,2036.75,2037.25
13825,913,724,s,227,230.0,False,2036.75,2037.5
13826,645,806,s,227,230.0,False,2036.75,2037.5
13827,781,767,s,227,237.0,False,2036.75,2039.25
13828,774,784,s,227,233.0,False,2036.75,2038.25
13829,752,879,s,227,229.0,False,2036.75,2037.25
13830,202,101,s,227,230.0,False,2036.75,2037.5
13831,90,1096,s,227,229.0,False,2036.75,2037.25
13832,216,1036,s,227,232.0,False,2036.75,2038.0
13833,1064,523,s,227,230.0,False,2036.75,2037.5
13834,544,1062,s,227,228.0,False,2036.75,2037.0
13835,402,695,s,227,232.0,False,2036.75,2038.0
13836,890,925,s,227,235.0,False,2036.75,2038.75
13837,871,910,s,227,230.0,False,2036.75,2037.5
13838,895,723,s,227,229.0,False,2036.75,2037.25
13839,159,630,s,227,230.0,False,2036.75,2037.5
13840,192,905,s,227,229.0,False,2036.75,2037.25
13841,205,15,s,227,230.0,False,2036.75,2037.5
13842,248,646,s,227,228.0,False,2036.75,2037.0
13843,313,509,s,227,228.0,False,2036.75,2037.0
13844,367,284,s,227,235.0,False,2036.75,2038.75
13845,394,705,s,227,230.0,False,2036.75,2037.5
13846,396,217,s,227,228.0,False,2036.75,2037.0
13847,450,217,s,227,228.0,False,2036.75,2037.0
13848,584,685,s,227,228.0,False,2036.75,2037.0
13849,652,15,s,227,230.0,False,2036.75,2037.5
13850,722,858,s,227,233.0,False,2036.75,2038.25
13851,740,650,s,227,230.0,False,2036.75,2037.5
13852,774,887,s,227,233.0,False,2036.75,2038.25
13853,791,15,s,227,228.0,False,2036.75,2037.0
13854,839,995,s,227,231.0,False,2036.75,2037.75
13855,845,798,s,227,231.0,False,2036.75,2037.75
13856,903,937,s,227,230.0,False,2036.75,2037.5
13857,791,150,l,227,,True,2036.75,
13858,584,995,l,227,,True,2036.75,
13859,793,887,l,227,,True,2036.75,
13860,34,607,s,228,231.0,False,2037.0,2037.75
13861,34,612,s,228,234.0,False,2037.0,2038.5
13862,46,95,s,228,229.0,False,2037.0,2037.25
13863,172,574,s,228,230.0,False,2037.0,2037.5
13864,205,625,s,228,231.0,False,2037.0,2037.75
13865,341,905,s,228,231.0,False,2037.0,2037.75
13866,360,217,s,228,237.0,False,2037.0,2039.25
13867,394,601,s,228,230.0,False,2037.0,2037.5
13868,427,132,s,228,230.0,False,2037.0,2037.5
13869,480,173,s,228,235.0,False,2037.0,2038.75
13870,480,680,s,228,229.0,False,2037.0,2037.25
13871,480,692,s,228,229.0,False,2037.0,2037.25
13872,482,132,s,228,231.0,False,2037.0,2037.75
13873,539,569,s,228,236.0,False,2037.0,2039.0
13874,606,682,s,228,232.0,False,2037.0,2038.0
13875,611,573,s,228,228.0,False,2037.0,2037.0
13876,623,590,s,228,235.0,False,2037.0,2038.75
13877,639,684,s,228,229.0,False,2037.0,2037.25
13878,663,708,s,228,230.0,False,2037.0,2037.5
13879,701,806,s,228,231.0,False,2037.0,2037.75
13880,722,724,s,228,231.0,False,2037.0,2037.75
13881,729,721,s,228,235.0,False,2037.0,2038.75
13882,730,636,s,228,243.0,False,2037.0,2040.75
13883,755,608,s,228,231.0,False,2037.0,2037.75
13884,817,746,s,228,234.0,False,2037.0,2038.5
13885,864,507,s,228,231.0,False,2037.0,2037.75
13886,895,887,s,228,230.0,False,2037.0,2037.5
13887,909,99,s,228,230.0,False,2037.0,2037.5
13888,1005,694,s,228,231.0,False,2037.0,2037.75
13889,159,583,s,228,229.0,False,2037.0,2037.25
13890,159,682,s,228,234.0,False,2037.0,2038.5
13891,191,520,s,228,233.0,False,2037.0,2038.25
13892,205,905,s,228,230.0,False,2037.0,2037.5
13893,402,583,s,228,228.0,False,2037.0,2037.0
13894,417,692,s,228,236.0,False,2037.0,2039.0
13895,592,794,s,228,233.0,False,2037.0,2038.25
13896,595,708,s,228,229.0,False,2037.0,2037.25
13897,610,713,s,228,,False,2037.0,
13898,611,173,s,228,229.0,False,2037.0,2037.25
13899,611,762,s,228,232.0,False,2037.0,2038.0
13900,620,637,s,228,239.0,False,2037.0,2039.75
13901,627,661,s,228,230.0,False,2037.0,2037.5
13902,774,756,s,228,233.0,False,2037.0,2038.25
13903,845,836,s,228,232.0,False,2037.0,2038.0
13904,898,879,s,228,231.0,False,2037.0,2037.75
13905,908,723,s,228,229.0,False,2037.0,2037.25
13906,1076,437,s,228,231.0,False,2037.0,2037.75
13907,203,520,s,228,234.0,False,2037.0,2038.5
13908,241,69,s,228,234.0,False,2037.0,2038.5
13909,302,517,s,228,232.0,False,2037.0,2038.0
13910,303,704,s,228,240.0,False,2037.0,2040.0
13911,305,24,s,228,232.0,False,2037.0,2038.0
13912,313,649,s,228,230.0,False,2037.0,2037.5
13913,427,852,s,228,229.0,False,2037.0,2037.25
13914,484,972,s,228,236.0,False,2037.0,2039.0
13915,581,601,s,228,232.0,False,2037.0,2038.0
13916,593,649,s,228,231.0,False,2037.0,2037.75
13917,606,743,s,228,234.0,False,2037.0,2038.5
13918,644,836,s,228,230.0,False,2037.0,2037.5
13919,651,574,s,228,229.0,False,2037.0,2037.25
13920,651,646,s,228,234.0,False,2037.0,2038.5
13921,696,646,s,228,232.0,False,2037.0,2038.0
13922,722,617,s,228,229.0,False,2037.0,2037.25
13923,722,695,s,228,231.0,False,2037.0,2037.75
13924,722,1071,s,228,230.0,False,2037.0,2037.5
13925,782,830,s,228,230.0,False,2037.0,2037.5
13926,881,840,s,228,229.0,False,2037.0,2037.25
13927,889,572,s,228,243.0,False,2037.0,2040.75
13928,903,830,s,228,231.0,False,2037.0,2037.75
13929,986,905,s,228,230.0,False,2037.0,2037.5
13930,1076,498,s,228,229.0,False,2037.0,2037.25
13931,330,649,l,228,,True,2037.0,
13932,541,418,l,228,,True,2037.0,
13933,623,708,l,228,,True,2037.0,
13934,47,146,s,229,241.0,False,2037.25,2040.25
13935,191,82,s,229,231.0,False,2037.25,2037.75
13936,203,1037,s,229,229.0,False,2037.25,2037.25
13937,322,664,s,229,229.0,False,2037.25,2037.25
13938,330,573,s,229,229.0,False,2037.25,2037.25
13939,539,619,s,229,229.0,False,2037.25,2037.25
13940,581,583,s,229,230.0,False,2037.25,2037.5
13941,581,971,s,229,231.0,False,2037.25,2037.75
13942,595,619,s,229,230.0,False,2037.25,2037.5
13943,622,601,s,229,230.0,False,2037.25,2037.5
13944,624,971,s,229,229.0,False,2037.25,2037.25
13945,639,694,s,229,235.0,False,2037.25,2038.75
13946,675,692,s,229,229.0,False,2037.25,2037.25
13947,676,596,s,229,237.0,False,2037.25,2039.25
13948,690,867,s,229,239.0,False,2037.25,2039.75
13949,722,1024,s,229,229.0,False,2037.25,2037.25
13950,761,723,s,229,230.0,False,2037.25,2037.5
13951,822,756,s,229,230.0,False,2037.25,2037.5
13952,822,1025,s,229,232.0,False,2037.25,2038.0
13953,864,677,s,229,234.0,False,2037.25,2038.5
13954,909,509,s,229,229.0,False,2037.25,2037.25
13955,913,830,s,229,229.0,False,2037.25,2037.25
13956,933,505,s,229,230.0,False,2037.25,2037.5
13957,64,418,s,229,235.0,False,2037.25,2038.75
13958,172,95,s,229,233.0,False,2037.25,2038.25
13959,262,995,s,229,231.0,False,2037.25,2037.75
13960,402,224,s,229,232.0,False,2037.25,2038.0
13961,450,520,s,229,241.0,False,2037.25,2040.25
13962,626,960,s,229,240.0,False,2037.25,2040.0
13963,644,794,s,229,,False,2037.25,
13964,689,717,s,229,231.0,False,2037.25,2037.75
13965,709,836,s,229,230.0,False,2037.25,2037.5
13966,722,682,s,229,232.0,False,2037.25,2038.0
13967,741,705,s,229,235.0,False,2037.25,2038.75
13968,752,875,s,229,230.0,False,2037.25,2037.5
13969,753,879,s,229,231.0,False,2037.25,2037.75
13970,801,798,s,229,229.0,False,2037.25,2037.25
13971,837,821,s,229,231.0,False,2037.25,2037.75
13972,845,1071,s,229,232.0,False,2037.25,2038.0
13973,889,664,s,229,236.0,False,2037.25,2039.0
13974,962,637,s,229,230.0,False,2037.25,2037.5
13975,64,234,s,229,234.0,False,2037.25,2038.5
13976,202,516,s,229,231.0,False,2037.25,2037.75
13977,303,569,s,229,230.0,False,2037.25,2037.5
13978,396,69,s,229,240.0,False,2037.25,2040.0
13979,427,637,s,229,232.0,False,2037.25,2038.0
13980,480,643,s,229,230.0,False,2037.25,2037.5
13981,539,582,s,229,234.0,False,2037.25,2038.5
13982,570,682,s,229,235.0,False,2037.25,2038.75
13983,581,736,s,229,236.0,False,2037.25,2039.0
13984,602,736,s,229,231.0,False,2037.25,2037.75
13985,606,1012,s,229,235.0,False,2037.25,2038.75
13986,639,636,s,229,233.0,False,2037.25,2038.25
13987,676,758,s,229,234.0,False,2037.25,2038.5
13988,709,887,s,229,230.0,False,2037.25,2037.5
13989,722,1012,s,229,234.0,False,2037.25,2038.5
13990,730,982,s,229,231.0,False,2037.25,2037.75
13991,740,506,s,229,232.0,False,2037.25,2038.0
13992,757,796,s,229,232.0,False,2037.25,2038.0
13993,757,891,s,229,233.0,False,2037.25,2038.25
13994,793,733,s,229,232.0,False,2037.25,2038.0
13995,896,832,s,229,232.0,False,2037.25,2038.0
13996,986,69,s,229,231.0,False,2037.25,2037.75
13997,1005,995,s,229,231.0,False,2037.25,2037.75
13998,1064,508,s,229,232.0,False,2037.25,2038.0
13999,571,776,l,229,,True,2037.25,
14000,986,650,l,229,,True,2037.25,
14001,204,150,l,229,,True,2037.25,
14002,34,82,s,230,232.0,False,2037.5,2038.0
14003,141,517,s,230,232.0,False,2037.5,2038.0
14004,159,506,s,230,236.0,False,2037.5,2039.0
14005,305,61,s,230,230.0,False,2037.5,2037.5
14006,412,583,s,230,230.0,False,2037.5,2037.5
14007,484,146,s,230,232.0,False,2037.5,2038.0
14008,539,173,s,230,232.0,False,2037.5,2038.0
14009,541,605,s,230,231.0,False,2037.5,2037.75
14010,544,82,s,230,230.0,False,2037.5,2037.5
14011,568,708,s,230,232.0,False,2037.5,2038.0
14012,592,786,s,230,230.0,False,2037.5,2037.5
14013,599,726,s,230,231.0,False,2037.5,2037.75
14014,626,724,s,230,240.0,False,2037.5,2040.0
14015,644,708,s,230,230.0,False,2037.5,2037.5
14016,666,569,s,230,234.0,False,2037.5,2038.5
14017,730,677,s,230,239.0,False,2037.5,2039.75
14018,865,816,s,230,236.0,False,2037.5,2039.0
14019,47,505,s,230,237.0,False,2037.5,2039.25
14020,64,608,s,230,237.0,False,2037.5,2039.25
14021,204,605,s,230,232.0,False,2037.5,2038.0
14022,214,664,s,230,236.0,False,2037.5,2039.0
14023,394,612,s,230,231.0,False,2037.5,2037.75
14024,427,982,s,230,232.0,False,2037.5,2038.0
14025,570,646,s,230,240.0,False,2037.5,2040.0
14026,571,637,s,230,231.0,False,2037.5,2037.75
14027,571,748,s,230,234.0,False,2037.5,2038.5
14028,584,1012,s,230,232.0,False,2037.5,2038.0
14029,624,737,s,230,232.0,False,2037.5,2038.0
14030,635,721,s,230,230.0,False,2037.5,2037.5
14031,645,763,s,230,232.0,False,2037.5,2038.0
14032,663,756,s,230,232.0,False,2037.5,2038.0
14033,722,873,s,230,233.0,False,2037.5,2038.25
14034,741,650,s,230,231.0,False,2037.5,2037.75
14035,837,891,s,230,238.0,False,2037.5,2039.5
14036,844,596,s,230,235.0,False,2037.5,2038.75
14037,889,799,s,230,232.0,False,2037.5,2038.0
14038,34,596,s,230,,False,2037.5,
14039,34,619,s,230,232.0,False,2037.5,2038.0
14040,214,972,s,230,238.0,False,2037.5,2039.5
14041,241,665,s,230,234.0,False,2037.5,2038.5
14042,262,309,s,230,231.0,False,2037.5,2037.75
14043,303,596,s,230,241.0,False,2037.5,2040.25
14044,313,670,s,230,236.0,False,2037.5,2039.0
14045,394,574,s,230,234.0,False,2037.5,2038.5
14046,412,572,s,230,233.0,False,2037.5,2038.25
14047,593,596,s,230,237.0,False,2037.5,2039.25
14048,593,707,s,230,233.0,False,2037.5,2038.25
14049,610,677,s,230,234.0,False,2037.5,2038.5
14050,729,823,s,230,231.0,False,2037.5,2037.75
14051,744,887,s,230,,False,2037.5,
14052,782,756,s,230,232.0,False,2037.5,2038.0
14053,793,786,s,230,234.0,False,2037.5,2038.5
14054,839,798,s,230,233.0,False,2037.5,2038.25
14055,844,756,s,230,235.0,False,2037.5,2038.75
14056,898,887,s,230,242.0,False,2037.5,2040.5
14057,924,976,s,230,232.0,False,2037.5,2038.0
14058,1076,513,s,230,232.0,False,2037.5,2038.0
14059,761,1094,l,230,,True,2037.5,
14060,417,591,l,230,,True,2037.5,
14061,676,959,l,230,,True,2037.5,
14062,53,799,s,231,231.0,False,2037.75,2037.75
14063,67,664,s,231,235.0,False,2037.75,2038.75
14064,203,284,s,231,234.0,False,2037.75,2038.5
14065,204,628,s,231,233.0,False,2037.75,2038.25
14066,241,726,s,231,231.0,False,2037.75,2037.75
14067,313,154,s,231,234.0,False,2037.75,2038.5
14068,480,605,s,231,233.0,False,2037.75,2038.25
14069,481,40,s,231,231.0,False,2037.75,2037.75
14070,490,293,s,231,231.0,False,2037.75,2037.75
14071,540,409,s,231,231.0,False,2037.75,2037.75
14072,584,636,s,231,234.0,False,2037.75,2038.5
14073,609,971,s,231,231.0,False,2037.75,2037.75
14074,653,82,s,231,234.0,False,2037.75,2038.5
14075,676,786,s,231,234.0,False,2037.75,2038.5
14076,690,717,s,231,235.0,False,2037.75,2038.75
14077,722,892,s,231,234.0,False,2037.75,2038.5
14078,734,776,s,231,233.0,False,2037.75,2038.25
14079,740,717,s,231,237.0,False,2037.75,2039.25
14080,774,796,s,231,236.0,False,2037.75,2039.0
14081,844,679,s,231,232.0,False,2037.75,2038.0
14082,854,636,s,231,238.0,False,2037.75,2039.5
14083,896,899,s,231,233.0,False,2037.75,2038.25
14084,909,505,s,231,232.0,False,2037.75,2038.0
14085,953,877,s,231,233.0,False,2037.75,2038.25
14086,974,462,s,231,231.0,False,2037.75,2037.75
14087,986,608,s,231,232.0,False,2037.75,2038.0
14088,1098,862,s,231,236.0,False,2037.75,2039.0
14089,113,274,s,231,232.0,False,2037.75,2038.0
14090,248,677,s,231,233.0,False,2037.75,2038.25
14091,311,572,s,231,233.0,False,2037.75,2038.25
14092,394,345,s,231,232.0,False,2037.75,2038.0
14093,414,650,s,231,238.0,False,2037.75,2039.5
14094,427,453,s,231,235.0,False,2037.75,2038.75
14095,480,638,s,231,234.0,False,2037.75,2038.5
14096,482,569,s,231,233.0,False,2037.75,2038.25
14097,539,649,s,231,233.0,False,2037.75,2038.25
14098,540,756,s,231,232.0,False,2037.75,2038.0
14099,541,519,s,231,236.0,False,2037.75,2039.0
14100,568,509,s,231,232.0,False,2037.75,2038.0
14101,581,724,s,231,231.0,False,2037.75,2037.75
14102,593,591,s,231,241.0,False,2037.75,2040.25
14103,627,684,s,231,233.0,False,2037.75,2038.25
14104,639,668,s,231,233.0,False,2037.75,2038.25
14105,663,726,s,231,237.0,False,2037.75,2039.25
14106,722,625,s,231,234.0,False,2037.75,2038.5
14107,722,748,s,231,239.0,False,2037.75,2039.75
14108,722,836,s,231,236.0,False,2037.75,2039.0
14109,734,758,s,231,,False,2037.75,
14110,839,796,s,231,,False,2037.75,
14111,864,583,s,231,233.0,False,2037.75,2038.25
14112,871,831,s,231,233.0,False,2037.75,2038.25
14113,874,806,s,231,232.0,False,2037.75,2038.0
14114,1055,1012,s,231,234.0,False,2037.75,2038.5
14115,914,993,s,231,,False,2037.75,
14116,931,970,s,231,233.0,False,2037.75,2038.25
14117,954,992,s,231,234.0,False,2037.75,2038.5
14118,913,847,s,231,242.0,False,2037.75,2040.5
14119,801,901,s,231,232.0,False,2037.75,2038.0
14120,820,821,s,231,233.0,False,2037.75,2038.25
14121,795,812,s,231,232.0,False,2037.75,2038.0
14122,777,788,s,231,232.0,False,2037.75,2038.0
14123,121,1014,s,231,234.0,False,2037.75,2038.5
14124,202,919,s,231,232.0,False,2037.75,2038.0
14125,200,432,s,231,233.0,False,2037.75,2038.25
14126,336,101,s,231,237.0,False,2037.75,2039.25
14127,81,527,s,231,239.0,False,2037.75,2039.75
14128,586,1034,s,231,233.0,False,2037.75,2038.25
14129,322,600,s,231,233.0,False,2037.75,2038.25
14130,312,621,s,231,233.0,False,2037.75,2038.25
14131,443,918,s,231,233.0,False,2037.75,2038.25
14132,883,916,s,231,235.0,False,2037.75,2038.75
14133,878,926,s,231,241.0,False,2037.75,2040.25
14134,895,1033,s,231,232.0,False,2037.75,2038.0
14135,876,764,s,231,232.0,False,2037.75,2038.0
14136,846,885,s,231,232.0,False,2037.75,2038.0
14137,834,1082,s,231,243.0,False,2037.75,2040.75
14138,850,697,s,231,235.0,False,2037.75,2038.75
14139,648,1073,s,231,239.0,False,2037.75,2039.75
14140,79,469,s,231,235.0,False,2037.75,2038.75
14141,261,1096,s,231,232.0,False,2037.75,2038.0
14142,203,40,s,231,233.0,False,2037.75,2038.25
14143,205,1073,s,231,235.0,False,2037.75,2038.75
14144,394,683,s,231,232.0,False,2037.75,2038.0
14145,412,569,s,231,235.0,False,2037.75,2038.75
14146,482,637,s,231,236.0,False,2037.75,2039.0
14147,504,596,s,231,232.0,False,2037.75,2038.0
14148,571,573,s,231,237.0,False,2037.75,2039.25
14149,571,649,s,231,233.0,False,2037.75,2038.25
14150,592,748,s,231,237.0,False,2037.75,2039.25
14151,595,658,s,231,234.0,False,2037.75,2038.5
14152,599,733,s,231,233.0,False,2037.75,2038.25
14153,644,612,s,231,232.0,False,2037.75,2038.0
14154,644,851,s,231,236.0,False,2037.75,2039.0
14155,663,776,s,231,236.0,False,2037.75,2039.0
14156,700,887,s,231,233.0,False,2037.75,2038.25
14157,753,679,s,231,233.0,False,2037.75,2038.25
14158,889,628,s,231,,False,2037.75,
14159,1084,899,s,231,235.0,False,2037.75,2038.75
14160,46,75,l,231,232.0,True,2037.75,2038.0
14161,169,410,l,231,,True,2037.75,
14162,311,574,l,231,,True,2037.75,
14163,973,328,l,231,232.0,True,2037.75,2038.0
14164,152,409,s,232,242.0,False,2038.0,2040.5
14165,172,173,s,232,232.0,False,2038.0,2038.0
14166,303,612,s,232,234.0,False,2038.0,2038.5
14167,341,432,s,232,234.0,False,2038.0,2038.5
14168,417,569,s,232,240.0,False,2038.0,2040.0
14169,570,505,s,232,240.0,False,2038.0,2040.0
14170,581,508,s,232,236.0,False,2038.0,2039.0
14171,581,591,s,232,235.0,False,2038.0,2038.75
14172,581,670,s,232,234.0,False,2038.0,2038.5
14173,581,972,s,232,239.0,False,2038.0,2039.75
14174,592,601,s,232,,False,2038.0,
14175,595,764,s,232,233.0,False,2038.0,2038.25
14176,609,786,s,232,240.0,False,2038.0,2040.0
14177,626,508,s,232,239.0,False,2038.0,2039.75
14178,690,767,s,232,238.0,False,2038.0,2039.5
14179,722,770,s,232,236.0,False,2038.0,2039.0
14180,722,960,s,232,236.0,False,2038.0,2039.0
14181,761,848,s,232,234.0,False,2038.0,2038.5
14182,782,762,s,232,233.0,False,2038.0,2038.25
14183,944,1082,s,232,235.0,False,2038.0,2038.75
14184,962,733,s,232,233.0,False,2038.0,2038.25
14185,986,574,s,232,233.0,False,2038.0,2038.25
14186,1085,733,s,232,234.0,False,2038.0,2038.5
14187,34,630,s,232,237.0,False,2038.0,2039.25
14188,34,643,s,232,235.0,False,2038.0,2038.75
14189,262,590,s,232,,False,2038.0,
14190,313,527,s,232,232.0,False,2038.0,2038.0
14191,313,852,s,232,241.0,False,2038.0,2040.25
14192,322,746,s,232,233.0,False,2038.0,2038.25
14193,332,283,s,232,232.0,False,2038.0,2038.0
14194,568,505,s,232,232.0,False,2038.0,2038.0
14195,595,664,s,232,234.0,False,2038.0,2038.5
14196,609,669,s,232,,False,2038.0,
14197,639,763,s,232,242.0,False,2038.0,2040.5
14198,652,596,s,232,,False,2038.0,
14199,663,748,s,232,234.0,False,2038.0,2038.5
14200,676,685,s,232,233.0,False,2038.0,2038.25
14201,735,708,s,232,,False,2038.0,
14202,811,498,s,232,238.0,False,2038.0,2039.5
14203,822,885,s,232,237.0,False,2038.0,2039.25
14204,837,806,s,232,233.0,False,2038.0,2038.25
14205,861,1024,s,232,234.0,False,2038.0,2038.5
14206,864,505,s,232,233.0,False,2038.0,2038.25
14207,874,832,s,232,236.0,False,2038.0,2039.0
14208,908,649,s,232,237.0,False,2038.0,2039.25
14209,986,758,s,232,233.0,False,2038.0,2038.25
14210,192,418,s,232,234.0,False,2038.0,2038.5
14211,427,649,s,232,,False,2038.0,
14212,443,583,s,232,233.0,False,2038.0,2038.25
14213,570,607,s,232,233.0,False,2038.0,2038.25
14214,594,607,s,232,242.0,False,2038.0,2040.5
14215,611,694,s,232,233.0,False,2038.0,2038.25
14216,624,636,s,232,233.0,False,2038.0,2038.25
14217,648,600,s,232,238.0,False,2038.0,2039.5
14218,676,851,s,232,233.0,False,2038.0,2038.25
14219,722,685,s,232,234.0,False,2038.0,2038.5
14220,722,812,s,232,237.0,False,2038.0,2039.25
14221,753,758,s,232,234.0,False,2038.0,2038.5
14222,755,858,s,232,236.0,False,2038.0,2039.0
14223,791,255,s,232,233.0,False,2038.0,2038.25
14224,837,768,s,232,,False,2038.0,
14225,850,858,s,232,235.0,False,2038.0,2038.75
14226,866,877,s,232,238.0,False,2038.0,2039.5
14227,889,196,s,232,233.0,False,2038.0,2038.25
14228,1085,806,s,232,234.0,False,2038.0,2038.5
14229,241,669,l,232,233.0,True,2038.0,2038.25
14230,46,457,s,233,,False,2038.25,
14231,64,24,s,233,237.0,False,2038.25,2039.25
14232,248,601,s,233,,False,2038.25,
14233,248,678,s,233,236.0,False,2038.25,2039.0
14234,330,453,s,233,234.0,False,2038.25,2038.5
14235,480,669,s,233,239.0,False,2038.25,2039.75
14236,480,713,s,233,237.0,False,2038.25,2039.25
14237,571,643,s,233,233.0,False,2038.25,2038.25
14238,584,583,s,233,236.0,False,2038.25,2039.0
14239,599,862,s,233,239.0,False,2038.25,2039.75
14240,620,643,s,233,237.0,False,2038.25,2039.25
14241,626,608,s,233,233.0,False,2038.25,2038.25
14242,652,697,s,233,243.0,False,2038.25,2040.75
14243,706,803,s,233,236.0,False,2038.25,2039.0
14244,710,636,s,233,234.0,False,2038.25,2038.5
14245,729,885,s,233,233.0,False,2038.25,2038.25
14246,793,746,s,233,233.0,False,2038.25,2038.25
14247,807,887,s,233,234.0,False,2038.25,2038.5
14248,845,885,s,233,239.0,False,2038.25,2039.75
14249,846,873,s,233,235.0,False,2038.25,2038.75
14250,908,607,s,233,238.0,False,2038.25,2039.5
14251,1055,697,s,233,237.0,False,2038.25,2039.25
14252,192,591,s,233,235.0,False,2038.25,2038.75
14253,214,668,s,233,238.0,False,2038.25,2039.5
14254,262,600,s,233,237.0,False,2038.25,2039.25
14255,312,628,s,233,234.0,False,2038.25,2038.5
14256,341,146,s,233,236.0,False,2038.25,2039.0
14257,396,217,s,233,240.0,False,2038.25,2040.0
14258,417,625,s,233,234.0,False,2038.25,2038.5
14259,443,508,s,233,,False,2038.25,
14260,443,605,s,233,238.0,False,2038.25,2039.5
14261,570,636,s,233,239.0,False,2038.25,2039.75
14262,584,506,s,233,234.0,False,2038.25,2038.5
14263,595,972,s,233,235.0,False,2038.25,2038.75
14264,602,794,s,233,240.0,False,2038.25,2040.0
14265,609,756,s,233,234.0,False,2038.25,2038.5
14266,610,665,s,233,235.0,False,2038.25,2038.75
14267,624,685,s,233,234.0,False,2038.25,2038.5
14268,652,69,s,233,233.0,False,2038.25,2038.25
14269,662,821,s,233,237.0,False,2038.25,2039.25
14270,667,713,s,233,237.0,False,2038.25,2039.25
14271,675,733,s,233,233.0,False,2038.25,2038.25
14272,716,607,s,233,234.0,False,2038.25,2038.5
14273,740,621,s,233,243.0,False,2038.25,2040.75
14274,837,812,s,233,233.0,False,2038.25,2038.25
14275,850,794,s,233,237.0,False,2038.25,2039.25
14276,854,736,s,233,234.0,False,2038.25,2038.5
14277,895,926,s,233,234.0,False,2038.25,2038.5
14278,913,756,s,233,234.0,False,2038.25,2038.5
14279,1126,517,s,233,235.0,False,2038.25,2038.75
14280,47,650,s,233,235.0,False,2038.25,2038.75
14281,67,591,s,233,238.0,False,2038.25,2039.5
14282,172,636,s,233,236.0,False,2038.25,2039.0
14283,313,75,s,233,240.0,False,2038.25,2040.0
14284,313,756,s,233,235.0,False,2038.25,2038.75
14285,484,173,s,233,235.0,False,2038.25,2038.75
14286,539,682,s,233,235.0,False,2038.25,2038.75
14287,539,758,s,233,234.0,False,2038.25,2038.5
14288,568,99,s,233,235.0,False,2038.25,2038.75
14289,571,713,s,233,234.0,False,2038.25,2038.5
14290,666,705,s,233,239.0,False,2038.25,2039.75
14291,741,683,s,233,241.0,False,2038.25,2040.25
14292,811,905,s,233,241.0,False,2038.25,2040.25
14293,845,869,s,233,235.0,False,2038.25,2038.75
14294,890,836,s,233,235.0,False,2038.25,2038.75
14295,962,694,s,233,235.0,False,2038.25,2038.75
14296,620,756,l,233,,True,2038.25,
14297,718,607,l,233,,True,2038.25,
14298,755,776,l,233,,True,2038.25,
14299,570,670,l,233,,True,2038.25,
14300,662,721,l,233,,True,2038.25,
14301,291,590,s,234,241.0,False,2038.5,2040.25
14302,311,284,s,234,235.0,False,2038.5,2038.75
14303,322,638,s,234,235.0,False,2038.5,2038.75
14304,360,15,s,234,,False,2038.5,
14305,417,82,s,234,236.0,False,2038.5,2039.0
14306,484,670,s,234,239.0,False,2038.5,2039.75
14307,539,601,s,234,235.0,False,2038.5,2038.75
14308,594,646,s,234,241.0,False,2038.5,2040.25
14309,599,959,s,234,238.0,False,2038.5,2039.5
14310,610,746,s,234,235.0,False,2038.5,2038.75
14311,624,721,s,234,237.0,False,2038.5,2039.25
14312,675,712,s,234,237.0,False,2038.5,2039.25
14313,675,851,s,234,235.0,False,2038.5,2038.75
14314,706,786,s,234,239.0,False,2038.5,2039.75
14315,722,677,s,234,238.0,False,2038.5,2039.5
14316,725,892,s,234,238.0,False,2038.5,2039.5
14317,761,788,s,234,235.0,False,2038.5,2038.75
14318,834,887,s,234,234.0,False,2038.5,2038.5
14319,902,851,s,234,236.0,False,2038.5,2039.0
14320,909,607,s,234,234.0,False,2038.5,2038.5
14321,944,873,s,234,234.0,False,2038.5,2038.5
14322,986,15,s,234,238.0,False,2038.5,2039.5
14323,1045,887,s,234,236.0,False,2038.5,2039.0
14324,1125,69,s,234,,False,2038.5,
14325,34,591,s,234,235.0,False,2038.5,2038.75
14326,152,82,s,234,242.0,False,2038.5,2040.5
14327,169,573,s,234,235.0,False,2038.5,2038.75
14328,191,99,s,234,239.0,False,2038.5,2039.75
14329,341,82,s,234,239.0,False,2038.5,2039.75
14330,341,345,s,234,237.0,False,2038.5,2039.25
14331,412,283,s,234,237.0,False,2038.5,2039.25
14332,412,649,s,234,235.0,False,2038.5,2038.75
14333,443,82,s,234,235.0,False,2038.5,2038.75
14334,571,75,s,234,,False,2038.5,
14335,584,573,s,234,240.0,False,2038.5,2040.0
14336,602,1012,s,234,237.0,False,2038.5,2039.25
14337,623,625,s,234,235.0,False,2038.5,2038.75
14338,627,713,s,234,237.0,False,2038.5,2039.25
14339,667,1044,s,234,240.0,False,2038.5,2040.0
14340,681,756,s,234,234.0,False,2038.5,2038.5
14341,757,756,s,234,236.0,False,2038.5,2039.0
14342,761,721,s,234,242.0,False,2038.5,2040.5
14343,777,885,s,234,241.0,False,2038.5,2040.25
14344,793,875,s,234,234.0,False,2038.5,2038.5
14345,834,806,s,234,234.0,False,2038.5,2038.5
14346,850,1082,s,234,235.0,False,2038.5,2038.75
14347,871,851,s,234,,False,2038.5,
14348,889,82,s,234,,False,2038.5,
14349,909,608,s,234,238.0,False,2038.5,2039.5
14350,169,582,s,234,240.0,False,2038.5,2040.0
14351,394,582,s,234,235.0,False,2038.5,2038.75
14352,584,695,s,234,235.0,False,2038.5,2038.75
14353,586,708,s,234,236.0,False,2038.5,2039.0
14354,593,721,s,234,236.0,False,2038.5,2039.0
14355,603,646,s,234,237.0,False,2038.5,2039.25
14356,606,628,s,234,,False,2038.5,
14357,606,803,s,234,237.0,False,2038.5,2039.25
14358,644,763,s,234,242.0,False,2038.5,2040.5
14359,675,669,s,234,239.0,False,2038.5,2039.75
14360,676,814,s,234,242.0,False,2038.5,2040.5
14361,722,776,s,234,240.0,False,2038.5,2040.0
14362,774,756,s,234,236.0,False,2038.5,2039.0
14363,801,796,s,234,238.0,False,2038.5,2039.5
14364,807,893,s,234,239.0,False,2038.5,2039.75
14365,834,899,s,234,237.0,False,2038.5,2039.25
14366,837,708,s,234,236.0,False,2038.5,2039.0
14367,839,851,s,234,239.0,False,2038.5,2039.75
14368,844,607,s,234,238.0,False,2038.5,2039.5
14369,863,746,s,234,238.0,False,2038.5,2039.5
14370,889,650,s,234,243.0,False,2038.5,2040.75
14371,913,893,s,234,239.0,False,2038.5,2039.75
14372,689,721,l,234,,True,2038.5,
14373,64,520,s,235,237.0,False,2038.75,2039.25
14374,191,573,s,235,237.0,False,2038.75,2039.25
14375,202,527,s,235,235.0,False,2038.75,2038.75
14376,205,685,s,235,237.0,False,2038.75,2039.25
14377,323,1123,s,235,240.0,False,2038.75,2040.0
14378,402,418,s,235,241.0,False,2038.75,2040.25
14379,417,982,s,235,238.0,False,2038.75,2039.5
14380,427,173,s,235,242.0,False,2038.75,2040.5
14381,443,669,s,235,236.0,False,2038.75,2039.0
14382,539,1073,s,235,237.0,False,2038.75,2039.25
14383,581,726,s,235,240.0,False,2038.75,2040.0
14384,586,683,s,235,,False,2038.75,
14385,592,309,s,235,239.0,False,2038.75,2039.75
14386,595,309,s,235,237.0,False,2038.75,2039.25
14387,599,736,s,235,235.0,False,2038.75,2038.75
14388,609,713,s,235,235.0,False,2038.75,2038.75
14389,626,726,s,235,238.0,False,2038.75,2039.5
14390,645,763,s,235,243.0,False,2038.75,2040.75
14391,663,1034,s,235,,False,2038.75,
14392,735,670,s,235,243.0,False,2038.75,2040.75
14393,740,590,s,235,238.0,False,2038.75,2039.5
14394,753,875,s,235,235.0,False,2038.75,2038.75
14395,896,803,s,235,240.0,False,2038.75,2040.0
14396,921,222,s,235,237.0,False,2038.75,2039.25
14397,1084,901,s,235,235.0,False,2038.75,2038.75
14398,205,637,s,235,237.0,False,2038.75,2039.25
14399,262,713,s,235,239.0,False,2038.75,2039.75
14400,332,569,s,235,235.0,False,2038.75,2038.75
14401,443,721,s,235,241.0,False,2038.75,2040.25
14402,568,959,s,235,237.0,False,2038.75,2039.25
14403,581,608,s,235,240.0,False,2038.75,2040.0
14404,581,612,s,235,240.0,False,2038.75,2040.0
14405,586,283,s,235,237.0,False,2038.75,2039.25
14406,595,612,s,235,236.0,False,2038.75,2039.0
14407,620,726,s,235,,False,2038.75,
14408,623,707,s,235,238.0,False,2038.75,2039.5
14409,639,851,s,235,238.0,False,2038.75,2039.5
14410,681,1094,s,235,,False,2038.75,
14411,700,995,s,235,237.0,False,2038.75,2039.25
14412,839,836,s,235,237.0,False,2038.75,2039.25
14413,898,814,s,235,,False,2038.75,
14414,931,879,s,235,240.0,False,2038.75,2040.0
14415,857,842,s,235,242.0,False,2038.75,2040.5
14416,860,1072,s,235,242.0,False,2038.75,2040.5
14417,651,243,s,235,241.0,False,2038.75,2040.25
14418,322,230,s,235,,False,2038.75,
14419,904,927,s,235,238.0,False,2038.75,2039.5
14420,911,935,s,235,242.0,False,2038.75,2040.5
14421,880,923,s,235,236.0,False,2038.75,2039.0
14422,915,833,s,235,238.0,False,2038.75,2039.5
14423,884,784,s,235,,False,2038.75,
14424,771,775,s,235,238.0,False,2038.75,2039.5
14425,779,764,s,235,237.0,False,2038.75,2039.25
14426,938,970,s,235,236.0,False,2038.75,2039.0
14427,709,886,s,235,239.0,False,2038.75,2039.75
14428,701,618,s,235,236.0,False,2038.75,2039.0
14429,932,830,s,235,242.0,False,2038.75,2040.5
14430,312,432,s,235,239.0,False,2038.75,2039.75
14431,864,1074,s,235,236.0,False,2038.75,2039.0
14432,502,407,s,235,238.0,False,2038.75,2039.5
14433,406,132,s,235,238.0,False,2038.75,2039.5
14434,1064,523,s,235,238.0,False,2038.75,2039.5
14435,1086,516,s,235,239.0,False,2038.75,2039.75
14436,202,808,s,235,,False,2038.75,
14437,46,905,s,235,236.0,False,2038.75,2039.0
14438,169,309,s,235,241.0,False,2038.75,2040.25
14439,191,150,s,235,237.0,False,2038.75,2039.25
14440,205,646,s,235,241.0,False,2038.75,2040.25
14441,241,591,s,235,236.0,False,2038.75,2039.0
14442,357,669,s,235,237.0,False,2038.75,2039.25
14443,412,75,s,235,242.0,False,2038.75,2040.5
14444,539,733,s,235,239.0,False,2038.75,2039.75
14445,570,643,s,235,237.0,False,2038.75,2039.25
14446,581,704,s,235,240.0,False,2038.75,2040.0
14447,599,625,s,235,236.0,False,2038.75,2039.0
14448,609,758,s,235,236.0,False,2038.75,2039.0
14449,622,717,s,235,238.0,False,2038.75,2039.5
14450,709,625,s,235,237.0,False,2038.75,2039.25
14451,753,851,s,235,238.0,False,2038.75,2039.5
14452,791,309,s,235,237.0,False,2038.75,2039.25
14453,837,803,s,235,236.0,False,2038.75,2039.0
14454,908,764,s,235,236.0,False,2038.75,2039.0
14455,676,649,l,235,,True,2038.75,
14456,755,959,l,235,,True,2038.75,
14457,688,1035,l,235,,True,2038.75,
14458,34,457,l,235,,True,2038.75,
14459,644,736,l,235,,True,2038.75,
14460,203,234,s,236,241.0,False,2039.0,2040.25
14461,205,960,s,236,239.0,False,2039.0,2039.75
14462,214,572,s,236,239.0,False,2039.0,2039.75
14463,311,498,s,236,237.0,False,2039.0,2039.25
14464,322,646,s,236,242.0,False,2039.0,2040.5
14465,322,972,s,236,236.0,False,2039.0,2039.0
14466,357,583,s,236,238.0,False,2039.0,2039.5
14467,392,243,s,236,240.0,False,2039.0,2040.0
14468,417,1044,s,236,239.0,False,2039.0,2039.75
14469,480,304,s,236,239.0,False,2039.0,2039.75
14470,480,591,s,236,238.0,False,2039.0,2039.5
14471,581,569,s,236,239.0,False,2039.0,2039.75
14472,586,601,s,236,238.0,False,2039.0,2039.5
14473,586,684,s,236,240.0,False,2039.0,2040.0
14474,609,959,s,236,239.0,False,2039.0,2039.75
14475,635,508,s,236,,False,2039.0,
14476,722,875,s,236,240.0,False,2039.0,2040.0
14477,779,867,s,236,241.0,False,2039.0,2040.25
14478,824,704,s,236,237.0,False,2039.0,2039.25
14479,889,345,s,236,237.0,False,2039.0,2039.25
14480,921,217,s,236,238.0,False,2039.0,2039.5
14481,986,217,s,236,237.0,False,2039.0,2039.25
14482,1114,255,s,236,237.0,False,2039.0,2039.25
14483,34,591,s,236,,False,2039.0,
14484,53,154,s,236,239.0,False,2039.0,2039.75
14485,313,418,s,236,,False,2039.0,
14486,336,1123,s,236,,False,2039.0,
14487,417,1036,s,236,,False,2039.0,
14488,443,650,s,236,243.0,False,2039.0,2040.75
14489,592,608,s,236,,False,2039.0,
14490,595,677,s,236,236.0,False,2039.0,2039.0
14491,599,670,s,236,236.0,False,2039.0,2039.0
14492,626,636,s,236,238.0,False,2039.0,2039.5
14493,635,704,s,236,,False,2039.0,
14494,639,705,s,236,240.0,False,2039.0,2040.0
14495,639,713,s,236,241.0,False,2039.0,2040.25
14496,651,697,s,236,237.0,False,2039.0,2039.25
14497,651,724,s,236,239.0,False,2039.0,2039.75
14498,681,763,s,236,236.0,False,2039.0,2039.0
14499,700,814,s,236,240.0,False,2039.0,2040.0
14500,820,786,s,236,237.0,False,2039.0,2039.25
14501,834,798,s,236,,False,2039.0,
14502,844,726,s,236,240.0,False,2039.0,2040.0
14503,861,867,s,236,242.0,False,2039.0,2040.5
14504,865,887,s,236,237.0,False,2039.0,2039.25
14505,1005,784,s,236,,False,2039.0,
14506,1055,814,s,236,237.0,False,2039.0,2039.25
14507,1098,733,s,236,,False,2039.0,
14508,303,409,s,236,,False,2039.0,
14509,358,508,s,236,237.0,False,2039.0,2039.25
14510,417,685,s,236,,False,2039.0,
14511,584,683,s,236,,False,2039.0,
14512,592,628,s,236,240.0,False,2039.0,2040.0
14513,595,410,s,236,241.0,False,2039.0,2040.25
14514,602,677,s,236,237.0,False,2039.0,2039.25
14515,610,664,s,236,241.0,False,2039.0,2040.25
14516,624,767,s,236,240.0,False,2039.0,2040.0
14517,629,625,s,236,,False,2039.0,
14518,639,756,s,236,237.0,False,2039.0,2039.25
14519,651,607,s,236,237.0,False,2039.0,2039.25
14520,706,796,s,236,241.0,False,2039.0,2040.25
14521,722,721,s,236,237.0,False,2039.0,2039.25
14522,782,763,s,236,237.0,False,2039.0,2039.25
14523,782,893,s,236,,False,2039.0,
14524,793,794,s,236,242.0,False,2039.0,2040.5
14525,820,848,s,236,241.0,False,2039.0,2040.25
14526,902,836,s,236,,False,2039.0,
14527,305,952,l,236,,True,2039.0,
14528,606,746,l,236,,True,2039.0,
14529,644,708,l,236,,True,2039.0,
14530,689,1012,l,236,,True,2039.0,
14531,34,646,s,237,,False,2039.25,
14532,34,668,s,237,241.0,False,2039.25,2040.25
14533,64,818,s,237,239.0,False,2039.25,2039.75
14534,311,309,s,237,237.0,False,2039.25,2039.25
14535,484,410,s,237,240.0,False,2039.25,2040.0
14536,571,591,s,237,238.0,False,2039.25,2039.5
14537,571,637,s,237,,False,2039.25,
14538,592,972,s,237,237.0,False,2039.25,2039.25
14539,609,756,s,237,239.0,False,2039.25,2039.75
14540,627,733,s,237,242.0,False,2039.25,2040.5
14541,722,877,s,237,238.0,False,2039.25,2039.5
14542,755,756,s,237,,False,2039.25,
14543,884,842,s,237,238.0,False,2039.25,2039.5
14544,908,569,s,237,239.0,False,2039.25,2039.75
14545,932,746,s,237,,False,2039.25,
14546,312,255,s,237,239.0,False,2039.25,2039.75
14547,313,638,s,237,243.0,False,2039.25,2040.75
14548,422,217,s,237,240.0,False,2039.25,2040.0
14549,427,636,s,237,237.0,False,2039.25,2039.25
14550,539,591,s,237,,False,2039.25,
14551,570,150,s,237,242.0,False,2039.25,2040.5
14552,571,1034,s,237,237.0,False,2039.25,2039.25
14553,586,756,s,237,238.0,False,2039.25,2039.5
14554,620,764,s,237,239.0,False,2039.25,2039.75
14555,627,608,s,237,237.0,False,2039.25,2039.25
14556,627,636,s,237,237.0,False,2039.25,2039.25
14557,644,665,s,237,,False,2039.25,
14558,645,573,s,237,,False,2039.25,
14559,645,733,s,237,240.0,False,2039.25,2040.0
14560,651,972,s,237,242.0,False,2039.25,2040.5
14561,663,737,s,237,242.0,False,2039.25,2040.5
14562,675,756,s,237,239.0,False,2039.25,2039.75
14563,681,764,s,237,240.0,False,2039.25,2040.0
14564,701,630,s,237,238.0,False,2039.25,2039.5
14565,722,768,s,237,,False,2039.25,
14566,777,682,s,237,240.0,False,2039.25,2040.0
14567,846,812,s,237,240.0,False,2039.25,2040.0
14568,846,858,s,237,238.0,False,2039.25,2039.5
14569,1125,625,s,237,239.0,False,2039.25,2039.75
14570,192,905,s,237,243.0,False,2039.25,2040.75
14571,402,462,s,237,243.0,False,2039.25,2040.75
14572,412,658,s,237,,False,2039.25,
14573,480,69,s,237,242.0,False,2039.25,2040.5
14574,502,737,s,237,240.0,False,2039.25,2040.0
14575,568,508,s,237,,False,2039.25,
14576,570,708,s,237,,False,2039.25,
14577,595,628,s,237,240.0,False,2039.25,2040.0
14578,599,591,s,237,240.0,False,2039.25,2040.0
14579,609,812,s,237,242.0,False,2039.25,2040.5
14580,622,704,s,237,242.0,False,2039.25,2040.5
14581,626,756,s,237,,False,2039.25,
14582,846,726,s,237,239.0,False,2039.25,2039.75
14583,871,796,s,237,,False,2039.25,
14584,898,816,s,237,241.0,False,2039.25,2040.25
14585,1005,887,s,237,239.0,False,2039.25,2039.75
14586,570,692,l,237,,True,2039.25,
14587,795,1082,l,237,,True,2039.25,
14588,484,15,l,237,,True,2039.25,
14589,412,1073,s,238,239.0,False,2039.5,2039.75
14590,443,972,s,238,241.0,False,2039.5,2040.25
14591,480,583,s,238,239.0,False,2039.5,2039.75
14592,586,636,s,238,239.0,False,2039.5,2039.75
14593,593,630,s,238,241.0,False,2039.5,2040.25
14594,595,569,s,238,240.0,False,2039.5,2040.0
14595,595,638,s,238,238.0,False,2039.5,2039.5
14596,624,717,s,238,243.0,False,2039.5,2040.75
14597,627,708,s,238,239.0,False,2039.5,2039.75
14598,645,643,s,238,,False,2039.5,
14599,652,510,s,238,239.0,False,2039.5,2039.75
14600,681,705,s,238,240.0,False,2039.5,2040.0
14601,681,712,s,238,239.0,False,2039.5,2039.75
14602,729,708,s,238,239.0,False,2039.5,2039.75
14603,747,1094,s,238,240.0,False,2039.5,2040.0
14604,817,833,s,238,,False,2039.5,
14605,850,851,s,238,238.0,False,2039.5,2039.5
14606,864,636,s,238,243.0,False,2039.5,2040.75
14607,909,583,s,238,242.0,False,2039.5,2040.5
14608,1085,815,s,238,239.0,False,2039.5,2039.75
14609,1085,1044,s,238,238.0,False,2039.5,2039.5
14610,34,637,s,238,238.0,False,2039.5,2039.5
14611,46,643,s,238,239.0,False,2039.5,2039.75
14612,169,24,s,238,,False,2039.5,
14613,172,590,s,238,,False,2039.5,
14614,262,971,s,238,241.0,False,2039.5,2040.25
14615,303,572,s,238,,False,2039.5,
14616,358,347,s,238,,False,2039.5,
14617,484,643,s,238,238.0,False,2039.5,2039.5
14618,504,788,s,238,239.0,False,2039.5,2039.75
14619,639,704,s,238,,False,2039.5,
14620,681,309,s,238,239.0,False,2039.5,2039.75
14621,706,901,s,238,241.0,False,2039.5,2040.25
14622,741,453,s,238,241.0,False,2039.5,2040.25
14623,837,705,s,238,,False,2039.5,
14624,864,748,s,238,242.0,False,2039.5,2040.5
14625,883,886,s,238,,False,2039.5,
14626,933,650,s,238,241.0,False,2039.5,2040.25
14627,942,1024,s,238,239.0,False,2039.5,2039.75
14628,1086,154,s,238,238.0,False,2039.5,2039.5
14629,152,146,s,238,240.0,False,2039.5,2040.0
14630,192,24,s,238,241.0,False,2039.5,2040.25
14631,484,808,s,238,241.0,False,2039.5,2040.25
14632,570,776,s,238,242.0,False,2039.5,2040.5
14633,592,596,s,238,,False,2039.5,
14634,594,649,s,238,242.0,False,2039.5,2040.5
14635,626,821,s,238,240.0,False,2039.5,2040.0
14636,651,768,s,238,,False,2039.5,
14637,681,786,s,238,241.0,False,2039.5,2040.25
14638,690,1034,s,238,240.0,False,2039.5,2040.0
14639,718,721,s,238,,False,2039.5,
14640,725,704,s,238,240.0,False,2039.5,2040.0
14641,753,885,s,238,,False,2039.5,
14642,850,842,s,238,,False,2039.5,
14643,860,796,s,238,243.0,False,2039.5,2040.75
14644,884,887,s,238,239.0,False,2039.5,2039.75
14645,909,959,s,238,239.0,False,2039.5,2039.75
14646,931,1035,s,238,,False,2039.5,
14647,986,399,s,238,239.0,False,2039.5,2039.75
14648,1085,776,s,238,,False,2039.5,
14649,1086,407,s,238,,False,2039.5,
14650,568,737,l,238,,True,2039.5,
14651,986,636,l,238,,True,2039.5,
14652,67,520,s,239,240.0,False,2039.75,2040.0
14653,204,814,s,239,,False,2039.75,
14654,291,217,s,239,240.0,False,2039.75,2040.0
14655,313,591,s,239,,False,2039.75,
14656,417,692,s,239,,False,2039.75,
14657,427,24,s,239,241.0,False,2039.75,2040.25
14658,599,705,s,239,,False,2039.75,
14659,623,972,s,239,240.0,False,2039.75,2040.0
14660,651,637,s,239,,False,2039.75,
14661,690,756,s,239,,False,2039.75,
14662,730,574,s,239,242.0,False,2039.75,2040.5
14663,837,935,s,239,242.0,False,2039.75,2040.5
14664,857,1082,s,239,,False,2039.75,
14665,860,939,s,239,243.0,False,2039.75,2040.75
14666,861,798,s,239,239.0,False,2039.75,2039.75
14667,902,798,s,239,,False,2039.75,
14668,913,821,s,239,243.0,False,2039.75,2040.75
14669,931,848,s,239,,False,2039.75,
14670,47,569,s,239,241.0,False,2039.75,2040.25
14671,172,818,s,239,,False,2039.75,
14672,205,505,s,239,240.0,False,2039.75,2040.0
14673,248,410,s,239,,False,2039.75,
14674,313,573,s,239,243.0,False,2039.75,2040.75
14675,313,601,s,239,,False,2039.75,
14676,332,685,s,239,243.0,False,2039.75,2040.75
14677,396,952,s,239,240.0,False,2039.75,2040.0
14678,443,664,s,239,240.0,False,2039.75,2040.0
14679,541,658,s,239,239.0,False,2039.75,2039.75
14680,570,582,s,239,243.0,False,2039.75,2040.75
14681,586,959,s,239,239.0,False,2039.75,2039.75
14682,594,707,s,239,,False,2039.75,
14683,599,646,s,239,240.0,False,2039.75,2040.0
14684,644,705,s,239,,False,2039.75,
14685,675,768,s,239,,False,2039.75,
14686,676,830,s,239,242.0,False,2039.75,2040.5
14687,722,756,s,239,243.0,False,2039.75,2040.75
14688,738,885,s,239,,False,2039.75,
14689,747,788,s,239,241.0,False,2039.75,2040.25
14690,777,669,s,239,242.0,False,2039.75,2040.5
14691,782,875,s,239,241.0,False,2039.75,2040.25
14692,817,885,s,239,239.0,False,2039.75,2039.75
14693,824,815,s,239,,False,2039.75,
14694,861,885,s,239,241.0,False,2039.75,2040.25
14695,932,708,s,239,242.0,False,2039.75,2040.5
14696,1098,848,s,239,243.0,False,2039.75,2040.75
14697,1125,572,s,239,,False,2039.75,
14698,1125,1123,s,239,,False,2039.75,
14699,943,891,s,239,,False,2039.75,
14700,944,923,s,239,,False,2039.75,
14701,954,859,s,239,240.0,False,2039.75,2040.0
14702,1084,805,s,239,243.0,False,2039.75,2040.75
14703,865,806,s,239,240.0,False,2039.75,2040.0
14704,874,823,s,239,240.0,False,2039.75,2040.0
14705,709,762,s,239,,False,2039.75,
14706,710,661,s,239,241.0,False,2039.75,2040.25
14707,642,723,s,239,,False,2039.75,
14708,792,927,s,239,,False,2039.75,
14709,835,873,s,239,241.0,False,2039.75,2040.25
14710,797,754,s,239,,False,2039.75,
14711,490,1073,s,239,,False,2039.75,
14712,315,77,s,239,,False,2039.75,
14713,588,516,s,239,240.0,False,2039.75,2040.0
14714,183,888,s,239,243.0,False,2039.75,2040.75
14715,49,222,s,239,242.0,False,2039.75,2040.5
14716,659,1013,s,239,243.0,False,2039.75,2040.75
14717,985,618,s,239,243.0,False,2039.75,2040.75
14718,701,619,s,239,242.0,False,2039.75,2040.5
14719,989,949,s,239,241.0,False,2039.75,2040.25
14720,771,617,s,239,241.0,False,2039.75,2040.25
14721,928,976,s,239,240.0,False,2039.75,2040.0
14722,895,936,s,239,240.0,False,2039.75,2040.0
14723,880,970,s,239,240.0,False,2039.75,2040.0
14724,79,513,s,239,240.0,False,2039.75,2040.0
14725,34,505,s,239,241.0,False,2039.75,2040.25
14726,64,650,s,239,240.0,False,2039.75,2040.0
14727,303,591,s,239,,False,2039.75,
14728,541,527,s,239,240.0,False,2039.75,2040.0
14729,571,646,s,239,240.0,False,2039.75,2040.0
14730,571,833,s,239,241.0,False,2039.75,2040.25
14731,584,758,s,239,,False,2039.75,
14732,602,507,s,239,240.0,False,2039.75,2040.0
14733,606,842,s,239,,False,2039.75,
14734,622,636,s,239,240.0,False,2039.75,2040.0
14735,624,756,s,239,240.0,False,2039.75,2040.0
14736,690,1035,s,239,,False,2039.75,
14737,722,733,s,239,243.0,False,2039.75,2040.75
14738,722,887,s,239,242.0,False,2039.75,2040.5
14739,741,173,s,239,,False,2039.75,
14740,761,1013,s,239,240.0,False,2039.75,2040.0
14741,807,875,s,239,,False,2039.75,
14742,880,847,s,239,241.0,False,2039.75,2040.25
14743,898,893,s,239,,False,2039.75,
14744,909,243,s,239,240.0,False,2039.75,2040.0
14745,1085,875,s,239,241.0,False,2039.75,2040.25
14746,1098,893,s,239,240.0,False,2039.75,2040.0
14747,113,132,l,239,,True,2039.75,
14748,34,756,s,240,240.0,False,2040.0,2040.0
14749,64,1074,s,240,240.0,False,2040.0,2040.0
14750,152,243,s,240,241.0,False,2040.0,2040.25
14751,214,628,s,240,243.0,False,2040.0,2040.75
14752,322,708,s,240,,False,2040.0,
14753,539,75,s,240,241.0,False,2040.0,2040.25
14754,576,309,s,240,243.0,False,2040.0,2040.75
14755,581,798,s,240,,False,2040.0,
14756,592,704,s,240,,False,2040.0,
14757,593,692,s,240,243.0,False,2040.0,2040.75
14758,595,664,s,240,243.0,False,2040.0,2040.75
14759,629,842,s,240,,False,2040.0,
14760,635,767,s,240,,False,2040.0,
14761,662,637,s,240,241.0,False,2040.0,2040.25
14762,722,836,s,240,243.0,False,2040.0,2040.75
14763,792,867,s,240,,False,2040.0,
14764,824,869,s,240,240.0,False,2040.0,2040.0
14765,880,851,s,240,241.0,False,2040.0,2040.25
14766,902,859,s,240,,False,2040.0,
14767,902,923,s,240,243.0,False,2040.0,2040.75
14768,908,721,s,240,241.0,False,2040.0,2040.25
14769,908,796,s,240,,False,2040.0,
14770,989,885,s,240,243.0,False,2040.0,2040.75
14771,46,255,s,240,,False,2040.0,
14772,152,905,s,240,241.0,False,2040.0,2040.25
14773,183,347,s,240,241.0,False,2040.0,2040.25
14774,205,607,s,240,,False,2040.0,
14775,214,507,s,240,242.0,False,2040.0,2040.5
14776,332,756,s,240,240.0,False,2040.0,2040.0
14777,480,625,s,240,,False,2040.0,
14778,611,972,s,240,241.0,False,2040.0,2040.25
14779,644,683,s,240,241.0,False,2040.0,2040.25
14780,651,457,s,240,242.0,False,2040.0,2040.5
14781,690,763,s,240,,False,2040.0,
14782,730,590,s,240,243.0,False,2040.0,2040.75
14783,741,649,s,240,,False,2040.0,
14784,761,756,s,240,243.0,False,2040.0,2040.75
14785,839,805,s,240,241.0,False,2040.0,2040.25
14786,846,764,s,240,,False,2040.0,
14787,878,900,s,240,241.0,False,2040.0,2040.25
14788,878,939,s,240,,False,2040.0,
14789,1086,230,s,240,,False,2040.0,
14790,79,708,s,240,241.0,False,2040.0,2040.25
14791,204,736,s,240,241.0,False,2040.0,2040.25
14792,214,569,s,240,,False,2040.0,
14793,341,230,s,240,241.0,False,2040.0,2040.25
14794,358,418,s,240,,False,2040.0,
14795,480,573,s,240,243.0,False,2040.0,2040.75
14796,576,54,s,240,242.0,False,2040.0,2040.5
14797,595,608,s,240,243.0,False,2040.0,2040.75
14798,626,758,s,240,242.0,False,2040.0,2040.5
14799,629,756,s,240,241.0,False,2040.0,2040.25
14800,639,717,s,240,241.0,False,2040.0,2040.25
14801,644,569,s,240,243.0,False,2040.0,2040.75
14802,662,664,s,240,,False,2040.0,
14803,690,697,s,240,,False,2040.0,
14804,718,939,s,240,241.0,False,2040.0,2040.25
14805,725,764,s,240,,False,2040.0,
14806,820,887,s,240,,False,2040.0,
14807,845,847,s,240,,False,2040.0,
14808,860,746,s,240,,False,2040.0,
14809,883,821,s,240,243.0,False,2040.0,2040.75
14810,898,936,s,240,241.0,False,2040.0,2040.25
14811,1005,833,s,240,,False,2040.0,
14812,1086,1074,s,240,242.0,False,2040.0,2040.5
14813,1142,724,s,240,,False,2040.0,
14814,909,726,l,240,,True,2040.0,
14815,986,799,l,240,,True,2040.0,
14816,34,600,s,241,242.0,False,2040.25,2040.5
14817,34,630,s,241,242.0,False,2040.25,2040.5
14818,64,462,s,241,,False,2040.25,
14819,67,972,s,241,,False,2040.25,
14820,169,453,s,241,242.0,False,2040.25,2040.5
14821,169,705,s,241,241.0,False,2040.25,2040.25
14822,303,704,s,241,242.0,False,2040.25,2040.5
14823,311,15,s,241,,False,2040.25,
14824,311,520,s,241,241.0,False,2040.25,2040.25
14825,443,573,s,241,,False,2040.25,
14826,594,572,s,241,,False,2040.25,
14827,603,591,s,241,,False,2040.25,
14828,603,692,s,241,243.0,False,2040.25,2040.75
14829,603,737,s,241,,False,2040.25,
14830,609,649,s,241,243.0,False,2040.25,2040.75
14831,629,875,s,241,,False,2040.25,
14832,681,887,s,241,243.0,False,2040.25,2040.75
14833,706,833,s,241,243.0,False,2040.25,2040.75
14834,722,847,s,241,,False,2040.25,
14835,738,851,s,241,,False,2040.25,
14836,779,842,s,241,,False,2040.25,
14837,839,836,s,241,241.0,False,2040.25,2040.25
14838,864,583,s,241,,False,2040.25,
14839,914,887,s,241,,False,2040.25,
14840,986,69,s,241,,False,2040.25,
14841,53,748,s,241,,False,2040.25,
14842,205,410,s,241,242.0,False,2040.25,2040.5
14843,214,399,s,241,,False,2040.25,
14844,360,612,s,241,,False,2040.25,
14845,402,99,s,241,,False,2040.25,
14846,644,707,s,241,242.0,False,2040.25,2040.5
14847,659,704,s,241,,False,2040.25,
14848,782,717,s,241,,False,2040.25,
14849,857,814,s,241,243.0,False,2040.25,2040.75
14850,861,833,s,241,241.0,False,2040.25,2040.25
14851,895,875,s,241,,False,2040.25,
14852,1005,736,s,241,,False,2040.25,
14853,1086,437,s,241,242.0,False,2040.25,2040.5
14854,34,309,s,241,242.0,False,2040.25,2040.5
14855,79,423,s,241,,False,2040.25,
14856,141,75,s,241,243.0,False,2040.25,2040.75
14857,152,650,s,241,,False,2040.25,
14858,169,430,s,241,,False,2040.25,
14859,480,669,s,241,243.0,False,2040.25,2040.75
14860,541,24,s,241,243.0,False,2040.25,2040.75
14861,581,1035,s,241,,False,2040.25,
14862,592,796,s,241,243.0,False,2040.25,2040.75
14863,606,767,s,241,,False,2040.25,
14864,676,625,s,241,242.0,False,2040.25,2040.5
14865,740,697,s,241,,False,2040.25,
14866,741,507,s,241,242.0,False,2040.25,2040.5
14867,801,885,s,241,242.0,False,2040.25,2040.5
14868,820,836,s,241,,False,2040.25,
14869,908,812,s,241,242.0,False,2040.25,2040.5
14870,986,972,s,241,,False,2040.25,
14871,1085,786,s,241,,False,2040.25,
14872,1086,513,s,241,242.0,False,2040.25,2040.5
14873,696,748,l,241,,True,2040.25,
14874,913,891,l,241,,True,2040.25,
14875,568,733,l,241,,True,2040.25,
14876,747,748,l,241,,True,2040.25,
14877,417,618,s,242,,False,2040.5,
14878,571,650,s,242,,False,2040.5,
14879,609,617,s,242,,False,2040.5,
14880,609,707,s,242,,False,2040.5,
14881,629,768,s,242,242.0,False,2040.5,2040.5
14882,644,625,s,242,242.0,False,2040.5,2040.5
14883,645,972,s,242,,False,2040.5,
14884,710,886,s,242,,False,2040.5,
14885,734,815,s,242,243.0,False,2040.5,2040.75
14886,738,712,s,242,243.0,False,2040.5,2040.75
14887,782,887,s,242,,False,2040.5,
14888,911,926,s,242,,False,2040.5,
14889,921,230,s,242,,False,2040.5,
14890,121,146,s,242,,False,2040.5,
14891,191,423,s,242,,False,2040.5,
14892,192,69,s,242,243.0,False,2040.5,2040.75
14893,242,196,s,242,,False,2040.5,
14894,262,705,s,242,,False,2040.5,
14895,315,519,s,242,,False,2040.5,
14896,315,952,s,242,,False,2040.5,
14897,504,82,s,242,,False,2040.5,
14898,588,430,s,242,,False,2040.5,
14899,588,888,s,242,,False,2040.5,
14900,644,638,s,242,,False,2040.5,
14901,688,796,s,242,243.0,False,2040.5,2040.75
14902,718,669,s,242,,False,2040.5,
14903,730,600,s,242,,False,2040.5,
14904,730,971,s,242,,False,2040.5,
14905,740,605,s,242,243.0,False,2040.5,2040.75
14906,741,684,s,242,243.0,False,2040.5,2040.75
14907,741,707,s,242,,False,2040.5,
14908,795,668,s,242,243.0,False,2040.5,2040.75
14909,844,712,s,242,,False,2040.5,
14910,865,756,s,242,,False,2040.5,
14911,874,796,s,242,,False,2040.5,
14912,909,664,s,242,,False,2040.5,
14913,1086,1141,s,242,,False,2040.5,
14914,34,636,s,242,,False,2040.5,
14915,34,637,s,242,243.0,False,2040.5,2040.75
14916,34,763,s,242,,False,2040.5,
14917,64,516,s,242,,False,2040.5,
14918,242,230,s,242,243.0,False,2040.5,2040.75
14919,322,506,s,242,243.0,False,2040.5,2040.75
14920,360,601,s,242,243.0,False,2040.5,2040.75
14921,480,505,s,242,,False,2040.5,
14922,480,509,s,242,,False,2040.5,
14923,490,230,s,242,,False,2040.5,
14924,541,437,s,242,,False,2040.5,
14925,586,664,s,242,,False,2040.5,
14926,652,469,s,242,,False,2040.5,
14927,676,1013,s,242,243.0,False,2040.5,2040.75
14928,689,756,s,242,,False,2040.5,
14929,706,816,s,242,,False,2040.5,
14930,722,758,s,242,,False,2040.5,
14931,729,935,s,242,243.0,False,2040.5,2040.75
14932,755,887,s,242,,False,2040.5,
14933,755,923,s,242,243.0,False,2040.5,2040.75
14934,861,814,s,242,,False,2040.5,
14935,34,283,s,243,,False,2040.75,
14936,46,217,s,243,,False,2040.75,
14937,183,234,s,243,,False,2040.75,
14938,392,1123,s,243,,False,2040.75,
14939,571,601,s,243,243.0,False,2040.75,2040.75
14940,571,685,s,243,,False,2040.75,
14941,571,748,s,243,,False,2040.75,
14942,581,683,s,243,,False,2040.75,
14943,609,756,s,243,,False,2040.75,
14944,688,842,s,243,,False,2040.75,
14945,741,309,s,243,,False,2040.75,
14946,889,507,s,243,,False,2040.75,
14947,895,803,s,243,,False,2040.75,
14948,931,851,s,243,243.0,False,2040.75,2040.75
14949,1125,55,s,243,,False,2040.75,
14950,34,617,s,243,243.0,False,2040.75,2040.75
14951,214,1074,s,243,,False,2040.75,
14952,303,15,s,243,,False,2040.75,
14953,315,852,s,243,,False,2040.75,
14954,480,582,s,243,,False,2040.75,
14955,482,15,s,243,,False,2040.75,
14956,570,506,s,243,,False,2040.75,
14957,593,636,s,243,,False,2040.75,
14958,609,1073,s,243,,False,2040.75,
14959,651,608,s,243,,False,2040.75,
14960,706,658,s,243,,False,2040.75,
14961,722,893,s,243,,False,2040.75,
14962,755,859,s,243,,False,2040.75,
14963,835,842,s,243,243.0,False,2040.75,2040.75
14964,845,815,s,243,,False,2040.75,
14965,846,833,s,243,,False,2040.75,
14966,908,756,s,243,,False,2040.75,
14967,909,708,s,243,,False,2040.75,
14968,944,875,s,243,,False,2040.75,
14969,1125,154,s,243,,False,2040.75,
14970,653,243,s,243,,False,2040.75,
14971,47,1096,s,243,,False,2040.75,
14972,813,826,s,243,,False,2040.75,
14973,1047,830,s,243,,False,2040.75,
14974,801,812,s,243,,False,2040.75,
14975,804,743,s,243,,False,2040.75,
14976,502,694,s,243,,False,2040.75,
14977,1043,992,s,243,,False,2040.75,
14978,622,678,s,243,,False,2040.75,
14979,777,937,s,243,,False,2040.75,
14980,787,917,s,243,,False,2040.75,
14981,771,935,s,243,,False,2040.75,
14982,774,892,s,243,,False,2040.75,
14983,854,831,s,243,,False,2040.75,
14984,894,955,s,243,,False,2040.75,
14985,924,879,s,243,,False,2040.75,
14986,890,858,s,243,,False,2040.75,
14987,312,1140,s,243,,False,2040.75,
14988,922,274,s,243,,False,2040.75,
14989,1064,129,s,243,,False,2040.75,
14990,81,328,s,243,,False,2040.75,
14991,30,101,s,243,,False,2040.75,
14992,863,1002,s,243,,False,2040.75,
14993,34,669,s,243,,False,2040.75,
14994,64,520,s,243,,False,2040.75,
14995,202,430,s,243,,False,2040.75,
14996,313,283,s,243,,False,2040.75,
14997,443,682,s,243,,False,2040.75,
14998,609,643,s,243,,False,2040.75,
14999,611,683,s,243,,False,2040.75,
15000,706,630,s,243,,False,2040.75,
15001,709,682,s,243,,False,2040.75,
15002,740,733,s,243,,False,2040.75,
15003,839,762,s,243,,False,2040.75,
15004,871,875,s,243,,False,2040.75,
15005,908,1035,s,243,,False,2040.75,
15006,909,724,s,243,,False,2040.75,
