year,t,infections,cins,cancers,cancer_deaths,reinfections,reactivations,n_susceptible,n_infectious,n_inactive,n_normal,n_cin,n_cancerous,n_infected,n_abnormal,n_latent,n_precin,n_screened,n_cin_treated,n_cancer_treated,n_vaccinated,n_tx_vaccinated,hpv_incidence,cin_incidence,cancer_incidence,births,other_deaths,migration,asr_cancer_incidence,asr_cancer_mortality,new_vaccinated,cum_vaccinated,new_doses,cum_doses,new_txvx_doses,new_tx_vaccinated,cum_txvx_doses,cum_tx_vaccinated,new_screens,new_screened,new_cin_treatments,new_cin_treated,new_cancer_treatments,new_cancer_treated,cum_screens,cum_screened,cum_cin_treatments,cum_cin_treated,cum_cancer_treatments,cum_cancer_treated,cancer_mortality,n_alive,cdr,cbr,hpv_prevalence,precin_prevalence,cin_prevalence,infections_by_community_Large,infections_by_community_Small,cancers_by_community_Large,cancers_by_community_Small,n_vaccinated_by_community_Large,n_vaccinated_by_community_Small,mean_degree_by_community_Large,mean_degree_by_community_Small,within_edge_frac_by_community_Large,within_edge_frac_by_community_Small,single_frac_by_community_Large,single_frac_by_community_Small,hpv_prevalence_by_community_Large,hpv_prevalence_by_community_Small,cancer_incidence_by_community_Large,cancer_incidence_by_community_Small,Seed
1980.0,0,43531227.0,279542.123046875,28.125782012939453,0.0,9471159.65625,0.0,189912304.0,18868632.0,28.125782012939453,55595704.0,248716.28125,28.125782012939453,18868658.0,248744.40625,0.0,9909501.0,13726646.0,3459.47119140625,0.0,0.0,0.0,0.05730437955194309,0.009995695020489847,0.09968400478017675,739989.337575,713916.6875,-27282.009025000003,0.08364374854222874,0.0,0.0,0.0,0.0,0.0,0.0,0.0,0.0,0.0,14103559.87109375,14103559.87109375,3684.4774780273438,3684.4774780273438,0.0,0.0,14103559.87109375,14103559.87109375,3684.4774780273438,3684.4774780273438,0.0,0.0,0.0,55595704.0,0.012841220384582233,0.013310189175318295,0.3393901082716751,0.08780358177262508,0.008815047433333967,34955145.0,8576084.875,28.125782012939453,0.0,0.0,0.0,0.955973510591061,0.9539111342755894,1.0,1.0,0.5062900202544443,0.5044426374249033,0.43730798987445874,0.4316584420577327,0.1584359248570308,0.0,0
1981.0,1,61624175.0,931666.5,0.0,0.0,32373671.5,0.0,170834592.0,21362234.0,28.125782012939453,55115228.0,845685.9375,28.125782012939453,21362262.0,845714.0625,0.0,10682678.0,13752269.0,75798.9765625,0.0,0.0,0.0,0.09018105507577763,0.03467823743177109,0.0,718051.227225,694397.4375,40501.126800000005,0.0,0.0,0.0,0.0,0.0,0.0,0.0,0.0,0.0,0.0,3101739.3840942383,526570.8997192383,73942.67578125,73942.67578125,0.0,0.0,17205299.25518799,14630130.770812988,77627.15325927734,77627.15325927734,0.0,0.0,0.0,55115228.0,0.01259901233648167,0.013028182106495142,0.3875922276870559,0.0963733062487582,0.030517272857969017,49592083.0,12032096.75,0.0,0.0,0.0,0.0,0.9561144957522459,0.9437826987805811,1.0,1.0,0.5076708210764027,0.5101669587017653,0.49869194041628306,0.48924326824391473,0.0,0.0,0
1982.0,2,57766978.0,1346381.0625,140.62891006469727,0.0,41427110.0,0.0,126899896.0,22454190.0,168.7546844482422,54734964.0,1474437.75,168.7546844482422,22454358.0,1474606.5,0.0,10944163.0,13742004.0,161807.609375,0.0,0.0,0.0,0.11380422644318007,0.05204476691814292,0.5142964169029189,709894.7503000001,715154.25,6750.187800000001,0.4182048158136964,0.0,0.0,0.0,0.0,0.0,0.0,0.0,0.0,0.0,1706334.82421875,382538.734375,89721.240234375,89721.240234375,0.0,0.0,18911634.07940674,15012669.505187988,167348.39349365234,167348.39349365234,0.0,0.0,0.0,54734964.0,0.0130657663353903,0.012969676024633909,0.4102348546351469,0.10005960150101795,0.05392158494096169,46543782.0,11223199.25,56.251564025878906,28.125782012939453,0.0,0.0,0.9546612077414175,0.944085628754391,1.0,1.0,0.5083538029957317,0.511183871438465,0.5264560330073261,0.5164758091322348,0.3265407503454639,0.6548617106142417,0
1983.0,3,52562190.0,1505010.5,787.5218658447266,0.0,41801661.0,0.0,128426536.0,22937756.0,956.276611328125,54454556.0,1999236.75,928.1508178710938,22938714.0,2000164.875,28.125782012939453,10900709.0,13837209.0,287220.46875,28.125782012939453,0.0,0.0,0.102319566573064,0.06002673324761536,2.9091358596770216,711019.7816000001,685706.5625,-19969.305575000002,2.746383021497969,0.0,0.0,0.0,0.0,0.0,0.0,0.0,0.0,0.0,1543317.869140625,408189.4375,129266.08476638794,129237.95781326294,28.125782012939453,0.0,20454951.948547363,15420858.942687988,296614.4782600403,296586.3513069153,28.125782012939453,28.125782012939453,0.0,54454556.0,0.01259227166410098,0.013057122008303586,0.4212274910477647,0.10066563732127286,0.07385003731220062,42267816.0,10294373.5,478.13829040527344,140.62891006469727,0.0,0.0,0.9624505949648576,0.9572132277660489,1.0,1.0,0.5037443513211151,0.5049692379111469,0.5384905212756979,0.528978890061385,2.7961216664962842,3.302728140736732,0
1984.0,4,48130861.0,1481862.96875,1659.4211730957031,0.0,39968141.0,0.0,131552464.0,22932920.0,2615.697509765625,54330492.0,2325580.0,2531.3203125,22935534.0,2328111.25,84.37734985351562,10650473.0,14015808.0,425514.9375,168.7546844482422,0.0,0.0,0.09146704580158985,0.06041795513482686,6.180359664078494,717207.4537500001,669196.75,49220.119375,5.581890758060422,0.0,0.0,0.0,0.0,0.0,0.0,0.0,0.0,0.0,1527651.8125,433052.6484375,150107.2988319397,144257.12031555176,140.62891006469727,0.0,21982603.761047363,15853911.591125488,446721.77709198,440843.47162246704,168.75469207763672,168.75469207763672,0.0,54330492.0,0.012317148720096259,0.013200827515973904,0.422100355726578,0.09915738954711162,0.08660589702747355,38604240.0,9526623.75,1181.2828674316406,421.8867378234863,0.0,0.0,0.9662788556714397,0.9625562393252064,1.0,1.0,0.5025470888035262,0.506459148477626,0.5368440048115809,0.5327416608496272,6.943939581312288,9.963931014236868,0
1985.0,5,43956181.0,1482397.34375,2446.9429931640625,0.0,37569797.0,28.125782012939453,136241424.0,22429608.0,4950.1376953125,54316876.0,1982755.0,4528.2509765625,22434530.0,1987283.125,421.88677978515625,10257641.0,14238114.0,1348321.75,618.7672729492188,0.0,0.0,0.08065862002440609,0.05979213739849607,9.140363755743149,734645.4389000001,691922.375,118972.05997500001,8.215440526213264,0.0,0.0,0.0,0.0,0.0,0.0,0.0,0.0,0.0,9718751.44140625,442756.03985595703,952282.6140708923,938641.6843833923,450.012508392334,0.0,31701355.202453613,16296667.630981445,1399004.3911628723,1379485.1560058594,618.7672004699707,618.7672004699707,0.0,54316876.0,0.012738626113180737,0.013525178416004632,0.4129399489028051,0.09577533453633405,0.07405173311430534,35396492.0,8559688.0,1912.5531158447266,421.88673400878906,0.0,0.0,0.9723401807253569,0.9590925555072662,1.0,1.0,0.5014764168277132,0.5068915456110462,0.5243263312662206,0.5169805430702825,11.253303526129761,10.004869389835083,0
1986.0,6,39605461.0,1374844.40625,3375.0941162109375,56.251564025878906,34215518.5,28.125782012939453,140512896.0,21844056.0,8184.6015625,54345364.0,2062126.0,7565.83544921875,21852184.0,2069691.625,618.7672729492188,9746370.0,14508289.0,1720482.125,787.52197265625,0.0,0.0,0.07046588271869367,0.055703573464514225,12.623781027223247,741395.6267,693525.5625,128534.82602500002,10.468778713562335,0.1390414557834591,0.0,0.0,0.0,0.0,0.0,0.0,0.0,0.0,4697933.5703125,460165.90625,411423.8882904053,390245.1851654053,196.88047790527344,0.0,36399288.77276611,16756833.537231445,1810428.2794532776,1769730.3411712646,815.6476783752441,815.6476783752441,0.21033681157508655,54345364.0,0.01276144847424336,0.013642297560100988,0.40194883964711325,0.09110948405309897,0.07710736855361772,31922620.5,7682838.625,2278.1883850097656,787.5218963623047,0.0,0.0,0.9824016576794796,0.9726356365439035,1.0,1.0,0.49591219257512226,0.5043036679825138,0.5104139717838226,0.49986234915082245,13.413528058728028,18.675631459847242,0
1987.0,7,36591136.0,1260484.9375,4387.6220703125,28.125782012939453,31930300.0,0.0,144027664.0,21263288.0,12487.84765625,54390820.0,2178060.5,11559.697265625,21275746.0,2189620.25,928.1508178710938,9276670.0,14805410.0,1949510.25,1125.03125,0.0,0.0,0.06351407601806275,0.051336088579493906,16.42068947313724,760802.4166250001,669843.625,66939.36235000001,14.138608605287443,0.08639041550081844,0.0,0.0,0.0,0.0,0.0,0.0,0.0,0.0,3109867.5087890625,460334.65625,264213.5875053406,247225.5976638794,337.5093803405762,0.0,39509156.281555176,17217168.193481445,2074641.8669586182,2016955.938835144,1153.1570587158203,1153.1570587158203,0.10521530966422961,54390820.0,0.012315380150547464,0.013987698965101098,0.3909352350267931,0.08675738387059172,0.0814787335937887,29347255.5,7243879.5,3459.4711303710938,759.3960876464844,0.0,0.0,0.983387428315308,0.9878270414149223,1.0,1.0,0.49417904635010507,0.49631573017141545,0.49424091546664733,0.49020942532183925,20.36450833598494,17.929000995033707,0
1988.0,8,33859418.5,1167585.53125,6187.672119140625,196.88047790527344,29620723.0,0.0,147658256.0,20574432.0,18422.38671875,54452416.0,2041397.25,16509.83203125,20592826.0,2057907.125,1912.5528564453125,8821651.0,15069428.0,2302826.5,2278.188232421875,0.0,0.0,0.05732733715207906,0.047357318314815024,23.192440213836683,769802.6670250001,679856.375,72845.776675,18.711133485216404,0.6189397971269297,0.0,0.0,0.0,0.0,0.0,0.0,0.0,0.0,3758673.056640625,442362.28125,482610.2625579834,371204.0414581299,1293.7859954833984,0.0,43267829.3381958,17659530.474731445,2557252.1295166016,2388159.980293274,2446.9430541992188,2446.9430541992188,0.7374849169764863,54452416.0,0.012485329852030809,0.0141371627482057,0.377842408314812,0.08261147352634854,0.07646769742994172,27144022.5,6715395.875,4781.3828125,1321.9117736816406,0.0,0.0,0.9893611153900538,0.9890325397579661,1.0,1.0,0.49106512230594584,0.493410279260696,0.47715947875402004,0.47299733261836363,28.149004243617437,31.364071395724107,0
1989.0,9,30697716.0,1070607.84375,6215.7977294921875,337.5093803405762,26814697.0,56.251564025878906,151465360.0,19643720.0,24075.671875,54535584.0,1990911.375,21403.72265625,19667742.0,2012315.25,2671.948974609375,8286445.5,15442572.0,2547267.5,3065.710205078125,0.0,0.0,0.05066788208208134,0.04280511201882504,23.037921911792985,766990.0887750001,711160.375,108846.778275,18.73557192182791,0.9499943863579902,0.0,0.0,0.0,0.0,0.0,0.0,0.0,0.0,3252409.03515625,577562.9226074219,336328.08203125,271751.28515625,843.7734375,0.0,46520238.37335205,18237093.397338867,2893580.2115478516,2659911.265449524,3290.7164916992188,3290.7164916992188,1.2499363210903327,54535584.0,0.013040299981017899,0.014064029987741583,0.36020004846743736,0.07672030620848151,0.07373165264838775,24617175.0,6080540.875,4978.263427734375,1209.4086608886719,0.0,0.0,0.9814617453339844,0.9844767602940842,1.0,1.0,0.49332018418955664,0.49570946608870275,0.4553452336798348,0.4541786859845352,28.98731191611519,28.493994622925534,0
1990.0,10,28634521.0,984908.59375,7790.842041015625,562.5156288146973,24957523.5,253.13203811645508,154446768.0,19001186.0,31163.36328125,54641680.0,1845248.125,27675.7734375,19032124.0,1872923.75,3487.59716796875,7933607.5,15746415.0,2915152.5,4021.986328125,0.0,0.0,0.04635014602571677,0.0391090395548061,28.853657973052396,784146.8161,658930.8125,63001.7528,23.685125068761252,1.4403513680074047,0.0,0.0,0.0,0.0,0.0,0.0,0.0,0.0,6307403.33203125,458253.3515625,436427.7391052246,391201.47814941406,1012.5281677246094,0.0,52827641.7053833,18695346.748901367,3330007.950653076,3051112.743598938,4303.244659423828,4303.244659423828,2.0811632939859392,54641680.0,0.012059124325972408,0.014350708398790083,0.34774161409385657,0.07338077322706092,0.06826943944896915,23015354.5,5619165.125,5878.28857421875,1659.4212036132812,0.0,0.0,0.9906607049874211,0.9756464147537479,1.0,1.0,0.489160006863628,0.49483986800504903,0.43994816752298943,0.4374371018514389,34.24921467861131,38.93002088240761,0
1991.0,11,26631879.5,885202.6875,8690.8671875,956.2765808105469,23304938.0,225.00625228881836,157379072.0,18215688.0,38504.1953125,54787556.0,1738904.5,34341.578125,18253800.0,1773245.875,4162.615234375,7523815.0,16036336.0,3146234.25,4809.5087890625,0.0,0.0,0.042305306483189836,0.03492994794952417,32.13271168940981,780209.2065500001,672824.9375,120378.3491,25.360430722775867,2.734496437653309,0.0,0.0,0.0,0.0,0.0,0.0,0.0,0.0,4119526.7734375,455103.234375,322490.20391845703,253638.27967834473,871.8992309570312,0.0,56947168.4788208,19150449.983276367,3652498.154571533,3304751.0232772827,5175.143890380859,5175.143890380859,3.531154387529099,54787556.0,0.012280616012512038,0.014240628046084043,0.3324785650230501,0.06945624540362641,0.06421092367926126,21387463.0,5244417.5,6975.19384765625,1659.4211120605469,0.0,0.0,0.9927469864803573,0.9911770220183782,1.0,1.0,0.4890172228921732,0.4897459571834275,0.421281393018024,0.41772285024351263,40.63515419619317,38.94723678724397,0
1992.0,12,24930833.5,872939.859375,10125.281494140625,1378.163345336914,21788199.0,253.1320457458496,159862144.0,17527228.0,46632.55078125,54914412.0,1715757.0,41738.6640625,17573496.0,1757495.625,4893.8857421875,7173199.0,16329799.0,3320529.5,5597.0302734375,0.0,0.0,0.038988019421283375,0.0343517752916039,37.38224824349716,770083.9248500001,666102.875,93658.855725,29.268545255577724,4.076993258910978,0.0,0.0,0.0,0.0,0.0,0.0,0.0,0.0,3257246.609375,455159.5,256957.12655639648,199749.29766845703,900.0249938964844,0.0,60204415.0881958,19605609.483276367,3909455.2811279297,3504500.3209457397,6075.168884277344,6075.168884277344,5.080310803474676,54914412.0,0.012129837154588853,0.014023348276040907,0.31917355320129803,0.06610624295457679,0.06324779172752118,19987897.0,4942937.25,8240.854125976562,1828.1758117675781,0.0,0.0,0.9950113270292091,0.9946355208751202,1.0,1.0,0.4865259681942558,0.4868560409216704,0.40457057690605214,0.40324426437729977,48.01444817223865,42.81978209297057,0
1993.0,13,23550532.5,764374.34375,10603.4189453125,2081.3080444335938,20538203.5,168.75469207763672,162111088.0,16876228.0,54535.8984375,55053932.0,1586040.875,48516.9765625,16930426.0,1634558.0,6018.91748046875,6861228.0,16582230.0,3506553.5,6722.0625,0.0,0.0,0.03631850971847157,0.029937605570234352,39.17070054316997,749833.3614500001,673078.0625,125440.98995000002,30.02045124649654,5.856956445390806,0.0,0.0,0.0,0.0,0.0,0.0,0.0,0.0,3808343.140625,439662.203125,287473.5993347168,215668.47891235352,1321.9118347167969,0.0,64012758.2288208,20045271.686401367,4196928.8804626465,3720168.7998580933,7397.080718994141,7397.080718994141,7.674924185603434,55053932.0,0.01222579456268446,0.01361997834141983,0.3065399216172244,0.06325277613395064,0.05848602518713571,18887418.0,4663114.0,8353.357177734375,1968.8047180175781,0.0,0.0,1.0049312833489628,0.9966766841758972,1.0,1.0,0.4828237349408028,0.4850795231992223,0.38895079160624996,0.3883916856785104,48.77039569777683,46.38311191813128,0
1994.0,14,22275252.5,735207.921875,11700.324951171875,3009.4588623046875,19453843.0,281.2578239440918,164110672.0,16271552.0,62495.48046875,55149480.0,1529001.875,55717.1796875,16333568.0,1584719.0,6778.314453125,6506983.5,16840564.0,3667461.25,7368.955078125,0.0,0.0,0.033933278422015115,0.028694908507399843,43.18286771659912,738583.0484500001,650240.0,64408.041925000005,31.826038845592006,8.018889049892742,0.0,0.0,0.0,0.0,0.0,0.0,0.0,0.0,3459724.15625,427174.3515625,241487.93363952637,187964.5937538147,984.4023895263672,0.0,67472482.3850708,20472446.037963867,4438416.814102173,3908133.393611908,8381.483108520508,8381.483108520508,11.084339300645746,55149480.0,0.011790501016510038,0.013392384632638425,0.295044522631945,0.05991576578859476,0.05631569112343515,17907262.5,4367989.875,9309.634033203125,2221.936737060547,0.0,0.0,1.010330207143133,1.0076905460747603,1.0,1.0,0.48123200489456286,0.4804758318693901,0.3751451905310768,0.37153516398676184,54.34238579225425,52.25489844713091,0
1995.0,15,21112758.5,674512.453125,11222.186279296875,3065.71044921875,18415047.0,478.13829803466797,165989520.0,15591780.0,69948.8125,55284656.0,1425977.0,61961.08984375,15660969.0,1487938.25,7987.72119140625,6233657.5,17104862.0,3851685.25,8606.48828125,0.0,0.0,0.03179833055122998,0.026162885961867433,41.34119604791563,721988.8367750001,672487.375,145691.55335,29.644380068927696,7.803835876151704,0.0,0.0,0.0,0.0,0.0,0.0,0.0,0.0,5200231.9765625,431730.734375,255128.95477294922,208468.28047180176,1321.9118041992188,0.0,72672714.3616333,20904176.772338867,4693545.768875122,4116601.6740837097,9703.394912719727,9703.394912719727,11.267991710219095,55284656.0,0.01216408717456793,0.013059479591859992,0.28202725906443193,0.057279382868859065,0.052411658834439996,17041496.0,4071263.25,8887.747192382812,2109.43359375,0.0,0.0,1.0152049671562648,0.9981319526379859,1.0,1.0,0.4789105387494397,0.4854507806723176,0.3594188962980036,0.35239809034369923,51.83293572208392,49.46413844901449,0
1996.0,16,20001396.0,677184.40625,11700.32470703125,4162.615539550781,17445354.5,365.63516998291016,167725904.0,14979989.0,76277.1171875,55407476.0,1382410.25,67361.2421875,15055337.0,1449771.5,8915.873046875,5977347.0,17371438.0,4006179.75,9703.39453125,0.0,0.0,0.02981262214571221,0.026180666717512402,43.04617637973131,721988.8367750001,670406.125,122628.41170000001,31.267130396260434,10.716484428184906,0.0,0.0,0.0,0.0,0.0,0.0,0.0,0.0,3971135.15234375,441884.140625,237128.45315551758,182986.33438110352,1125.0312805175781,0.0,76643849.51397705,21346060.912963867,4930674.22203064,4299588.008464813,10828.426193237305,10828.426193237305,15.276645637352521,55407476.0,0.01209956080655975,0.013030531056404736,0.2703604293398963,0.054841608060413466,0.05073394675544063,16201434.25,3799961.75,9590.891845703125,1940.678955078125,0.0,0.0,1.0190749314478058,1.0082904232714607,1.0,1.0,0.47807499499907424,0.48159225730118427,0.34460510268839045,0.33769677120443337,55.88469321173215,45.53343517776284,0
1997.0,17,19081739.0,610554.40625,12122.211181640625,4612.6278076171875,16615222.75,506.2640609741211,169216656.0,14451477.0,82464.796875,55532700.0,1316033.5,73098.90625,14533097.0,1389132.375,9365.884765625,5709477.0,17568038.0,4122170.25,9984.65234375,0.0,0.0,0.028191283664180198,0.023507241953188027,44.540803011216035,716926.195925,654908.75,120659.60692500001,33.31391506611198,11.629383196442348,0.0,0.0,0.0,0.0,0.0,0.0,0.0,0.0,3353324.3046875,390751.453125,193083.48046875,146394.67891311646,562.515625,0.0,79997173.81866455,21736812.366088867,5123757.70249939,4445982.68737793,11390.941818237305,11390.941818237305,16.902841121643245,55532700.0,0.01179320922627569,0.01290998269353012,0.2602336461220146,0.05230553311677775,0.04822566677616106,15373186.75,3708553.125,9956.526611328125,1996.9304504394531,0.0,0.0,1.0233157161855042,1.0090882768774743,1.0,1.0,0.47741432691886976,0.48319824008195067,0.33132007607993025,0.32529065907829874,57.901417337226164,46.733892785971655,0
1998.0,18,18363265.5,574469.03125,11897.205078125,5231.3944091796875,15930048.25,478.1382827758789,170609040.0,14010211.0,87808.6875,55677288.0,1234271.875,77514.65625,14097148.0,1311786.375,10294.0361328125,5524184.0,17763288.0,4252843.0,10997.1806640625,0.0,0.0,0.026908400486867518,0.021996231702627347,43.62191436067816,707644.6877,633955.125,121222.12257500002,31.672739223078302,13.128451069510563,0.0,0.0,0.0,0.0,0.0,0.0,0.0,0.0,3725794.1015625,378235.484375,207258.88050842285,157504.36952209473,1181.2828521728516,0.0,83722967.92022705,22115047.850463867,5331016.5830078125,4603487.056900024,12572.224670410156,12572.224670410156,19.12690352153341,55677288.0,0.01138624289674454,0.012709754966872669,0.2516324250563354,0.050493485168023634,0.04512716347871194,14834043.5,3529223.0,10069.029907226562,1771.9242553710938,0.0,0.0,1.021762472331366,1.0161995451782373,1.0,1.0,0.47864256354345863,0.48269454029536785,0.32031680667607043,0.31463764279808837,58.45251181651117,41.40378630252176,0
1999.0,19,17465492.5,534952.3359375,12234.714599609375,7509.582763671875,15109591.5,478.13829040527344,172230128.0,13526474.0,91240.0390625,55870564.0,1177738.875,80214.734375,13616787.0,1257953.625,11025.306640625,5360745.5,17954036.0,4363321.0,11700.326171875,0.0,0.0,0.025351970504254633,0.02037449733409988,44.72814825714716,691894.2495,628751.875,178879.97670000003,31.338806714720285,19.255014639605253,0.0,0.0,0.0,0.0,0.0,0.0,0.0,0.0,3511278.62890625,390498.34375,186642.68281555176,141753.92811584473,815.6476593017578,0.0,87234246.5491333,22505546.194213867,5517659.265823364,4745240.985015869,13387.872329711914,13387.872329711914,27.373552907203223,55870564.0,0.01125372342759955,0.012383878020275579,0.24210376684223198,0.04885179882302492,0.04293034436166067,14148195.25,3317295.375,9844.02392578125,2278.1883544921875,0.0,0.0,1.0202200331529212,1.0119716949632056,1.0,1.0,0.47940852688261165,0.48199237412330936,0.3083749846632375,0.3007464135170787,56.931215222146385,53.162863786252665,0
2000.0,20,16659941.75,520383.1875,11587.822265625,5850.16162109375,14346680.25,590.6414260864258,173753856.0,13099837.0,94896.390625,56082704.0,1108521.375,83083.5625,13193608.0,1191605.0,11812.8291015625,5171262.5,18142564.0,4480268.0,12572.224609375,0.0,0.0,0.02397060723360292,0.019697164666855522,42.222548020874584,672487.4595750001,655893.25,245256.82340000002,29.09243780013415,14.759505788305868,0.0,0.0,0.0,0.0,0.0,0.0,0.0,0.0,4715709.0234375,401439.28125,192774.10159301758,152216.71171569824,984.4023742675781,0.0,91949955.5725708,22906985.475463867,5710433.367416382,4897457.696731567,14372.274703979492,14372.274703979492,21.251897709681778,56082704.0,0.01169510746129502,0.01199099564769559,0.2335806953958568,0.04696414765861052,0.040269285528031856,13494637.0,3165303.4375,8831.49560546875,2671.9492797851562,0.0,0.0,1.0223522536414273,1.0074400604307232,1.0,1.0,0.47932189047017465,0.48254608221311557,0.2972038516094602,0.2895964556925,50.85671042935621,62.1004340984354,0
2001.0,21,16263621.0,512479.8203125,11644.0732421875,7340.82763671875,13841625.75,421.88673400878906,174910224.0,12846478.0,97174.5859375,56302524.0,1085767.625,84714.859375,12942782.0,1170482.5,12459.72265625,5059519.0,18308026.0,4582027.0,13078.490234375,0.0,0.0,0.02324566944697298,0.019316474170343493,42.29323177323591,662924.693525,652040.0,258194.68335000004,28.13832364537102,17.811921999096374,0.0,0.0,0.0,0.0,0.0,0.0,0.0,0.0,3848478.75,382426.2421875,177192.42344665527,138913.2304763794,759.3961029052734,0.0,95798434.3225708,23289411.717651367,5887625.790863037,5036370.927207947,15131.670806884766,15131.670806884766,26.581329831748107,56302524.0,0.011581008339874781,0.011774333483255564,0.2281687762346143,0.04580162823067965,0.03931593110345707,13238917.75,3024702.75,9450.2626953125,2165.6851501464844,0.0,0.0,1.027470722286174,1.0164447204090346,1.0,1.0,0.4763132734513034,0.4827756972957664,0.2900853503678184,0.2800586605597624,54.0977440933821,50.076415118607656,0
2002.0,22,15788379.5,484016.5625,11559.6962890625,7256.450439453125,13353840.5,478.1382827758789,176266672.0,12553858.0,99874.6640625,56545224.0,1021472.125,86655.5390625,12652608.0,1108127.625,13219.119140625,4969516.0,18494360.0,4666123.0,13809.759765625,0.0,0.0,0.02239274634401675,0.018131663617846534,41.83844440361863,664612.2404750001,628583.125,251725.75337500003,28.2390303575046,16.413227989813336,0.0,0.0,0.0,0.0,0.0,0.0,0.0,0.0,3431288.8828125,402592.4375,166532.74609375,127522.28476715088,843.7734375,0.0,99229723.2053833,23692004.155151367,6054158.536956787,5163893.211975098,15975.444244384766,15975.444244384766,26.181430232237982,56545224.0,0.011116467148489854,0.011753640598806367,0.22201447110723269,0.04482530320009871,0.03685493534064415,12783841.75,3004536.5625,9422.13671875,2109.4336547851562,0.0,0.0,1.0317459578875388,1.022627089582912,1.0,1.0,0.47537366075508614,0.47821330017940933,0.2817155151623002,0.2705895412736215,53.60437406406755,48.46589429080821,0
2003.0,23,15493873.75,460840.8984375,12628.475341796875,7734.5889892578125,13055961.0,534.3898468017578,177621552.0,12299122.0,102434.1015625,56814252.0,984402.25,88539.9609375,12400404.0,1072942.25,13894.13671875,4876588.5,18580652.0,4736241.0,14456.6533203125,0.0,0.0,0.021807423670636546,0.017161812618426784,45.510387365812406,688519.1556,630580.0,260163.48812500003,30.720015344865967,17.770471411486998,0.0,0.0,0.0,0.0,0.0,0.0,0.0,0.0,3661301.6328125,322124.5703125,147575.97033691406,110956.20389556885,1040.6539306640625,0.0,102891024.8381958,24014128.725463867,6201734.507293701,5274849.4158706665,17016.098175048828,17016.098175048828,27.785186318493178,56814252.0,0.01109897565843162,0.012118775331232031,0.21647951996270232,0.04379577255472338,0.03536296494433184,12497353.75,2996520.875,10125.28173828125,2418.8172302246094,0.0,0.0,1.0275739615740502,1.0180627707279495,1.0,1.0,0.47727591538020636,0.4803208213752093,0.27373145610172034,0.26495217023808165,57.23252413069136,55.33179869269856,0
2004.0,24,15158925.25,458759.59375,10434.665283203125,8606.487915039062,12682731.5,590.6414184570312,178902736.0,12042194.0,102040.34375,57106836.0,954757.6875,87611.8125,12143053.0,1042369.5625,14428.52734375,4813614.5,18650094.0,4803939.5,14906.6640625,0.0,0.0,0.021183193713147013,0.016985616434179746,37.43262704835665,707363.429875,592863.375,224725.00217500003,24.981795588056126,19.482935376302613,0.0,0.0,0.0,0.0,0.0,0.0,0.0,0.0,3463492.91796875,302380.26171875,144763.39727783203,112165.6132888794,590.6414184570312,0.0,106354517.75616455,24316508.987182617,6346497.904571533,5387015.029159546,17606.73959350586,17606.73959350586,30.777612830565445,57106836.0,0.010381653345319288,0.012386668206850053,0.2108713219552209,0.04303484907522915,0.03414303574578089,12311779.25,2847144.75,8072.099365234375,2334.43994140625,0.0,0.0,1.0281474518881906,1.017025709506647,1.0,1.0,0.47429098332251973,0.4824034306235579,0.2666499384887302,0.2553293317235328,45.32977090797015,52.988421323752576,0
2005.0,25,15303715.25,453865.7109375,11362.81591796875,8550.236450195312,12580213.0,478.13829040527344,180218064.0,11917568.0,102321.6015625,57509740.0,920641.1875,87443.0625,12018736.0,1008084.3125,14878.5390625,4788920.5,18865142.0,4879176.0,15581.681640625,0.0,0.0,0.0212294413089467,0.016664239627986896,40.481572653058514,713832.35985,601469.875,340603.226075,26.857087040078422,18.607545153348287,0.0,0.0,0.0,0.0,0.0,0.0,0.0,0.0,4555223.42578125,468519.2568359375,155029.30313110352,125609.73516845703,787.5218811035156,0.0,110909741.1819458,24785028.244018555,6501527.207702637,5512624.764328003,18394.261474609375,18394.261474609375,30.36677593737625,57509740.0,0.010458574060672158,0.012412373275379092,0.20722694973060216,0.04252048368852008,0.032697229863033646,12356893.25,2946822.1875,8915.872802734375,2362.5657348632812,0.0,0.0,1.027487724591397,1.012558383607446,1.0,1.0,0.4751819055780379,0.48177453780468654,0.2609750179575645,0.25315741692967586,49.614277158504606,53.17802217475083,0
2006.0,26,15260205.5,471838.078125,10434.6650390625,8887.746215820312,12521345.0,450.0125198364258,181738064.0,11844610.0,101534.0859375,57956324.0,916000.4375,85896.140625,11945104.0,1001896.625,15637.93359375,4783182.5,19080926.0,4945271.0,16284.826171875,0.0,0.0,0.020992032659707435,0.017189686381143487,36.89897592225359,738020.5328,580769.25,338634.42130000005,23.579444769731772,18.806971985770065,0.0,0.0,0.0,0.0,0.0,0.0,0.0,0.0,3918652.45703125,467084.8623046875,145944.67658996582,112784.37538909912,871.8992462158203,0.0,114828393.63897705,25252113.106323242,6647471.884292603,5625409.139717102,19266.160720825195,19266.160720825195,31.33360010366441,57956324.0,0.010020808945715743,0.012734081147037554,0.2043713124386564,0.04215757404590024,0.03229344167401789,12313467.5,2946737.9375,8072.0992431640625,2334.4398803710938,0.0,0.0,1.029045869597552,1.0030805546460748,1.0,1.0,0.4743513127971687,0.48197645888471835,0.2571358980067206,0.2486512997895805,44.50840706384122,51.92660282726315,0
2007.0,27,15269655.25,449140.5703125,9928.400634765625,8634.614135742188,12416746.0,675.0187530517578,183268048.0,11755902.0,100774.6875,58416012.0,892740.375,84827.3671875,11855692.0,977567.6875,15947.31640625,4763241.5,19286552.0,5012661.0,16678.5859375,0.0,0.0,0.02082967464410381,0.016226430137833484,34.85180301739241,761364.932275,588363.25,336665.616525,22.33275114465167,18.240722655446802,0.0,0.0,0.0,0.0,0.0,0.0,0.0,0.0,3650726.38671875,474144.435546875,146872.82109069824,122009.63204956055,590.6414031982422,0.0,118479120.0256958,25726257.541870117,6794344.705383301,5747418.771766663,19856.802124023438,19856.802124023438,30.220219296747704,58416012.0,0.010071951676536905,0.013033497258850878,0.2012445149456625,0.04167708030446823,0.03124495140539574,12292373.0,2977282.625,7790.8414306640625,2053.1820373535156,0.0,0.0,1.0268833157938233,1.011059354129101,1.0,1.0,0.47685110256331326,0.4852602681539061,0.2524504076539236,0.24570470748895304,42.59886945511644,45.23541012423045,0
2008.0,28,15345849.0,457156.4140625,10462.79150390625,8465.859008789062,12352815.0,843.7734451293945,184902304.0,11692479.0,100155.921875,58904892.0,893049.8125,83730.453125,11791311.0,976780.3125,16425.455078125,4762032.0,19473814.0,5057324.5,17072.34765625,284914.15625,0.0,0.02074859083421697,0.016386797225950225,36.44661479712202,781896.7535000001,587800.6875,356072.40645,23.652451741100506,17.606675898153867,284914.1640625,284914.1640625,743926.9140625,743926.9140625,0.0,0.0,0.0,0.0,3857816.421875,463540.9912109375,138041.32696533203,107834.23867797852,731.2703247070312,0.0,122336936.4475708,26189798.533081055,6932386.032348633,5855253.010444641,20588.07244873047,20588.07244873047,29.404634828327918,58904892.0,0.009978809357633659,0.013273884849835564,0.19849758828180178,0.04135014883174892,0.031018475021621417,12270237.5,3075610.625,8493.986083984375,1968.8047790527344,35719.7421875,3937.609375,1.026403314338799,1.0124153231747086,1.0,1.0,0.4757153787565869,0.4837497819493702,0.2484366801913632,0.2432543714833235,46.09877730286205,42.983023666153926,0
2009.0,29,15313672.5,458140.828125,9112.75390625,8184.6014404296875,12273051.25,1153.1570434570312,186481248.0,11648349.0,98609.0,59385332.0,880280.625,81733.5234375,11745382.0,962014.1875,16875.46875,4768726.0,19677582.0,5110285.0,17522.359375,570109.625,0.0,0.020529775331619402,0.016284406612747757,31.49686113752528,780209.2065500001,594213.375,341446.99955,19.637219910668627,16.81565689879485,285195.4296875,570109.59375,750395.8515625,1494322.765625,0.0,0.0,0.0,0.0,3694855.68359375,468884.8916015625,143553.9843673706,108987.39766311646,562.5156173706055,0.0,126031792.13116455,26658683.424682617,7075940.016716003,5964240.408107758,21150.588066101074,21150.588066101074,28.20915121313421,59385332.0,0.010006063029166866,0.013138079392231067,0.19614858766807938,0.04108987890464167,0.030339863756778884,12232971.25,3080701.125,7256.45166015625,1828.1758117675781,104909.1640625,8156.4765625,1.022304395792889,1.0104364980645812,1.0,1.0,0.476604061167368,0.48348125555656796,0.24440349688125387,0.2434149961436251,39.00816498862808,39.62351626771066,0
2010.0,30,15210197.75,453415.671875,8072.0997314453125,8634.61376953125,12193231.0,956.2765960693359,188272672.0,11517620.0,95712.0390625,59852592.0,879211.9375,78358.4375,11611673.0,957570.3125,17353.60546875,4737056.5,19890442.0,5170559.0,18028.625,858680.125,0.0,0.020197033361804097,0.01599665566703075,27.696100177311006,793990.8399750001,586844.375,322040.209625,17.50422040337587,16.485585866056187,288851.7734375,858961.3671875,765302.5078125,2259625.2734375,0.0,0.0,0.0,0.0,4487468.390625,486407.2685546875,150107.29374694824,119590.81837081909,731.2703094482422,0.0,130519260.52178955,27145090.693237305,7226047.310462952,6083831.226478577,21881.858375549316,21881.858375549316,29.546698702622052,59852592.0,0.009804828084972494,0.013265772014936297,0.1924331029807364,0.04052421592865168,0.030085665562399944,12269759.5,2940438.0625,6553.3072509765625,1490.6664733886719,193505.375,16031.6953125,1.029492154153844,1.001877995684056,1.0,1.0,0.4749169708764042,0.48522850403054535,0.2398010953046402,0.23830165458586403,34.97758096240784,32.069125504791614,0
2011.0,31,15192927.75,449590.5859375,8775.244140625,8100.223876953125,12126683.75,562.5156173706055,189866672.0,11551427.0,94080.75,60366696.0,851311.125,76277.1171875,11644074.0,927588.25,17803.62109375,4795445.5,20095390.0,5243404.0,18422.38671875,1147588.125,0.0,0.020004732254958364,0.01572005341092638,29.87332725727152,797084.6760500001,551068.4375,322040.209625,19.385529845576798,16.55625090360937,289161.1640625,1148122.53125,764543.1171875,3024168.390625,0.0,0.0,0.0,0.0,4045893.40625,465903.5751953125,154101.15704345703,127325.40783691406,590.6414184570312,0.0,134565153.92803955,27610994.268432617,7380148.467506409,6211156.634315491,22472.499794006348,22472.499794006348,27.503954949064507,60366696.0,0.009128683098707274,0.013204046748723835,0.19135430237891435,0.040706812242548025,0.02890589591758875,12199389.25,2993539.4375,7031.445556640625,1743.7984313964844,302408.4000015259,26438.234375,1.0332831347928462,1.01202082832073,1.0,1.0,0.47412199415062084,0.48227022992972873,0.23795098636804848,0.23863699569655317,37.23219012431803,37.18966111069775,0
2012.0,32,15428172.5,453443.8203125,7622.0872802734375,8015.8463134765625,12320556.25,703.14453125,191293840.0,11617213.0,91521.296875,60835608.0,861267.6875,73323.90625,11707216.0,934591.5,18197.37890625,4824359.0,20262234.0,5294256.0,18788.021484375,1429464.75,0.0,0.020162923829643443,0.01574610888850509,25.763226879629013,800178.5121250001,579559.875,311914.927925,15.896488672825514,15.564425385232774,282382.84375,1430505.375,775146.53125,3799314.921875,0.0,0.0,0.0,0.0,3828593.75390625,453471.9638671875,144341.50468826294,121165.86036682129,450.01250076293945,0.0,138393747.6819458,28064466.232299805,7524489.972194672,6332322.494682312,22922.512294769287,22922.512294769287,27.027177715383402,60835608.0,0.00952665542522399,0.013153127558534471,0.19096074456920034,0.040665951839855774,0.029039522391346877,12410866.5,3017305.625,6018.9171142578125,1603.1695861816406,460812.80000305176,40782.3828125,1.0338614382514504,1.0102057727284175,1.0,1.0,0.47378966867028166,0.48045613479153604,0.23790529713074604,0.23655241987925954,31.648143215428284,33.9989990586853,0
2013.0,33,15332319.75,458703.359375,8128.3511962890625,8297.104370117188,12338836.5,703.1445465087891,192770544.0,11548585.0,89383.7421875,61246920.0,866358.375,70848.84375,11636367.0,937207.25,18534.890625,4797161.0,20390462.0,5344938.5,19209.91015625,1694100.25,0.0,0.019884157911075874,0.01582699005809126,27.29662718074554,769802.6670250001,567915.75,267476.191575,17.870053529881837,15.710755134776337,266069.890625,1696575.265625,713832.328125,4513147.25,0.0,0.0,0.0,0.0,3973300.88671875,404954.9970703125,141444.55976867676,117368.88613510132,675.0187530517578,0.0,142367048.56866455,28469421.229370117,7665934.531963348,6449691.380817413,23597.531047821045,23597.531047821045,27.797197688145122,61246920.0,0.009272560154861664,0.012568838841610322,0.1885578082946865,0.040178966875216174,0.029024987446692834,12296620.0,3035699.9375,6581.432861328125,1518.792236328125,637105.1968841553,55154.65703201294,1.0351954071634435,1.01085058838137,1.0,1.0,0.47303485639187925,0.4837717334893204,0.23498751898763265,0.23426304029820993,34.406856893107985,32.02600136850328,0
2014.0,34,15387896.5,470347.4375,7425.20703125,7565.834228515625,12452661.75,478.13829803466797,194171792.0,11550639.0,87583.6875,61685544.0,873755.4375,68626.90625,11636733.0,942382.375,18956.77734375,4787767.0,20565036.0,5393512.0,19519.29296875,1954516.75,0.0,0.019812219300113378,0.01612108522768881,24.7663382248069,763333.7370500001,589094.5,318946.37355,15.708399385404487,14.137179742010243,260754.1171875,1957329.3828125,485507.234375,4998654.484375,0.0,0.0,0.0,0.0,3888445.34375,459097.0966796875,151316.69804382324,122994.03984832764,590.6414031982422,0.0,146255493.91241455,28928518.326049805,7817251.230007172,6572685.420665741,24188.172451019287,24188.172451019287,25.17775977227181,61685544.0,0.009549960360242587,0.012374596826932418,0.18725033858824364,0.039832106986059615,0.029077037429892746,12264978.5,3122917.9375,5934.5401611328125,1490.66650390625,850551.7507972717,70342.57890701294,1.0360539555368184,1.0141613079286973,1.0,1.0,0.4727489040171361,0.47903770788078553,0.2324392771686695,0.2369559356970102,30.823935602008767,31.21797414474579,0
2015.0,35,15301690.5,449253.078125,8353.35791015625,7284.576171875,12369607.0,618.7671813964844,195769040.0,11471465.0,86486.78125,62188520.0,859523.875,66939.3515625,11556630.0,926463.1875,19547.41796875,4770217.0,20749850.0,5433647.5,20138.060546875,2218252.25,0.0,0.019540488245741002,0.015269298143787361,27.64678673528737,761646.1901000001,622704.75,424418.05792500003,18.008884609460623,12.817930078590045,267194.921875,2224524.3046875,505420.2890625,5504074.7734375,0.0,0.0,0.0,0.0,4415128.83203125,486997.876953125,147463.4656677246,122262.76776885986,871.8992614746094,0.0,150670622.7444458,29415516.20300293,7964714.695674896,6694948.188434601,25060.071712493896,25060.071712493896,24.05618534833633,62188520.0,0.01001317847731382,0.012247376044646185,0.18446274328445186,0.03938225834841129,0.02838444565677207,12127358.5,3174331.875,6637.6845703125,1715.6727142333984,1075979.8875427246,89243.10390853882,1.036348276405,1.0263179586052307,1.0,1.0,0.4730758064945544,0.4756556753657889,0.2280833939390398,0.23675079368231589,34.22184553382495,35.598612241874406,0
2016.0,36,15013036.25,452515.6796875,7509.5843505859375,7228.3250732421875,12213087.0,759.3961029052734,197694800.0,11452593.0,84546.109375,62710928.0,842114.0,64829.921875,11535789.0,906943.9375,19716.173828125,4752694.5,20943920.0,5482277.0,20334.94140625,2492366.0,0.0,0.018985117780032656,0.015252421686752877,24.665474725048604,758833.6118500001,612663.875,433699.56615,15.754606364605396,12.687561851215628,276757.6875,2501281.9921875,514983.0546875,6019057.828125,0.0,0.0,0.0,0.0,4216842.12890625,494704.337890625,160766.9554862976,132500.5478515625,506.2640800476074,0.0,154887464.87335205,29910220.540893555,8125481.651161194,6827448.736286163,25566.335792541504,25566.335792541504,23.69122231587274,62710928.0,0.00976965091315504,0.012100500439891434,0.18262515585800293,0.03894302651652238,0.02760073708245689,11857463.75,3155571.9375,6103.2945556640625,1378.163330078125,1309733.2555351257,109353.03750610352,1.0334990293259327,1.02416700316597,1.0,1.0,0.47351354575662197,0.4771149651765286,0.22517561052173884,0.23666062126363402,31.229357420089165,28.396579482666738,0
2017.0,37,14537232.0,443937.3125,7340.8292236328125,6468.928466796875,11949772.75,928.1508178710938,199599040.0,11381323.0,83646.078125,63201332.0,835757.5625,63536.13671875,11463000.0,899293.625,20109.93359375,4726622.0,21136524.0,5532060.0,20756.828125,2767323.75,0.0,0.01820804348557989,0.01485034379396689,23.93777447920267,741114.368875,630495.625,437355.91787500004,16.2597363043476,11.504100499487718,279570.2578125,2780852.25,528511.546875,6547569.375,0.0,0.0,0.0,0.0,4076635.01953125,487644.763671875,150782.30624771118,125356.60390090942,618.7671852111816,0.0,158964099.8928833,30397865.30456543,8276263.957408905,6952805.340187073,26185.102977752686,26185.102977752686,21.050971075199673,63201332.0,0.009975986344718179,0.011726246036634165,0.180080429317534,0.03845303882865101,0.027196943611865917,11476865.75,3060366.25,5793.910888671875,1546.9180603027344,1555946.344631195,128534.8203201294,1.0324589195377392,1.0262230276916444,1.0,1.0,0.47409901411446626,0.4752118755320963,0.22183752094646692,0.2343161603350324,29.435846013735862,31.664701462876778,0
2018.0,38,14074759.75,444921.7265625,7340.82958984375,6243.922607421875,11657687.0,984.4023590087891,201261600.0,11234309.0,83027.3125,63627888.0,820175.8125,62326.7265625,11315564.0,882502.625,20700.576171875,4658079.0,21302718.0,5575823.5,21319.34375,3058228.75,0.0,0.017483165877146958,0.014773743766539062,23.777078878115265,718613.7428750001,617810.875,373791.649425,14.968580930271223,11.05630188578156,295601.9609375,3076454.2109375,556609.2109375,7104178.5859375,0.0,0.0,0.0,0.0,4115054.83984375,464328.5126953125,154579.28945922852,128731.69258499146,928.1507873535156,0.0,163079154.73272705,30862193.817260742,8430843.246868134,7081537.032772064,27113.2537651062,27113.2537651062,20.18343167788743,63627888.0,0.00970974983485229,0.011294005906262363,0.17656265755669903,0.03764301111570053,0.026512119890423683,10994199.25,3080560.625,6215.7979736328125,1125.0312957763672,1810062.778251648,150416.6781387329,1.032435892159871,1.0217869709721554,1.0,1.0,0.47484220140505007,0.47891323542183395,0.21717544890732873,0.23099023611897276,31.37239472029057,22.875705768011226,0
2019.0,39,13852904.0,421577.3203125,6047.0430908203125,7059.5706787109375,11446125.0,871.8992156982422,202708656.0,11136151.0,79961.6015625,64001056.0,800909.6875,59092.26953125,11214171.0,860002.0,20869.33203125,4617972.0,21462558.0,5612274.5,21572.4765625,3686024.0,0.0,0.017084746494496022,0.013909950134159072,19.475539236419305,701175.757725,616629.625,344540.835625,13.12577122629123,12.095543212224964,634517.6328125,3710971.84375,802709.8046875,7906888.390625,0.0,0.0,0.0,0.0,4103438.828125,458731.5,156407.46758651733,122544.0292930603,450.012508392334,0.0,167182593.56085205,31320925.317260742,8587250.71445465,7204081.0620651245,27563.266273498535,27563.266273498535,22.693368673849836,64001056.0,0.009634678918422845,0.010955690445560775,0.17399948838344168,0.03711179683969516,0.025745671571368332,10842742.0,3010161.6875,4865.760314941406,1181.2828369140625,2139837.563434601,173367.31564331055,1.035312360288087,1.0163163919145377,1.0,1.0,0.47399223256492184,0.4804590140758882,0.21363964129296495,0.22862842848078474,24.410205086949322,23.876524732456872,0
2020.0,40,13463445.75,405742.484375,6328.30126953125,7115.82177734375,11159297.5,928.1507720947266,204016752.0,11030172.0,77177.1484375,64348552.0,775034.0,56054.6875,11105718.0,831088.625,21122.4609375,4556320.0,21599024.0,5637700.0,21825.607421875,4321301.0,0.0,0.016497965997909817,0.013304447344333935,20.272792571370733,675300.037825,687309.6875,411480.197975,12.870602670399208,12.23203236473418,641549.0703125,4352520.9140625,1042341.4453125,8949229.8359375,0.0,0.0,0.0,0.0,4297675.533203125,443627.9443359375,146169.6859474182,120800.22480010986,506.2640724182129,0.0,171480269.09405518,31764553.26159668,8733420.40040207,7324881.286865234,28069.530345916748,28069.530345916748,22.754763246183703,64348552.0,0.01068104356878147,0.01049440922656659,0.17141290141229595,0.03642516146341479,0.02478380674723129,10468894.25,2994551.9375,4893.885986328125,1434.4148559570312,2503757.047065735,205374.45471191406,1.0374125898853146,1.0230348737301058,1.0,1.0,0.47274054252982095,0.47662758902131896,0.21044242795076265,0.22394375483648996,24.378523023934868,28.80037970698745,0
2021.0,41,13158814.75,379163.6640625,6665.8106689453125,5428.275146484375,10940986.25,675.0187530517578,204758768.0,10936372.0,76389.625,64538680.0,741367.4375,55154.6640625,11011299.0,796522.125,21234.966796875,4537138.5,21682108.0,5622484.0,22050.61328125,4945637.0,0.0,0.01606624087277181,0.012379064248254208,21.285882659844166,681487.709975,658424.5,189005.25840000002,14.301858804902182,9.095652979397858,647455.4921875,4999976.40625,1048810.390625,9998040.2265625,0.0,0.0,0.0,0.0,4267721.515625,492313.669921875,139560.12168884277,111687.47871780396,618.7671966552734,0.0,175747990.60968018,32256866.931518555,8872980.522090912,7436568.765583038,28688.29754257202,28688.29754257202,17.303593910987704,64538680.0,0.010202013738117978,0.010559368582918028,0.1694545348618844,0.03615734280379752,0.02363240759016762,10234831.0,2923984.25,5484.52734375,1096.905502319336,2878251.8244361877,235553.41799545288,1.0331281528218064,1.0207065858928346,1.0,1.0,0.47331558698219117,0.4790758391688973,0.20827485564216927,0.21893259559689962,27.18649093991331,21.961685958688136,0
2022.0,42,12965169.25,390329.5625,6947.068359375,5343.8980712890625,10745427.75,928.1508026123047,206373920.0,10901722.0,76305.2421875,65032928.0,727782.625,54929.65625,10976227.0,782712.3125,21375.595703125,4537701.0,21933048.0,5656966.0,22050.61328125,5590617.5,0.0,0.015705920169079506,0.012636327826507941,22.010631926456167,673893.7487000001,654205.6875,518920.68712500005,13.895670171200196,9.263925565079758,651111.8515625,5651088.2578125,1122499.9375,11120540.1640625,0.0,0.0,0.0,0.0,4268227.8203125,551293.4453125,145325.90664672852,120743.97305679321,506.2640686035156,0.0,180016218.42999268,32808160.376831055,9018306.42873764,7557312.738639832,29194.561611175537,29194.561611175537,16.901838019135948,65032928.0,0.01005960684255213,0.01036234672841426,0.1676338792557518,0.035879935516233856,0.023018522952336792,10010893.5,2954275.8125,5203.2694091796875,1743.7984771728516,3295216.531517029,268094.94690704346,1.0291468599698392,1.0166168066523305,1.0,1.0,0.47493869321607307,0.4790640727034635,0.20496780824823826,0.2185377428643831,25.513299394564125,34.630101017288325,0
2023.0,43,12893476.25,368757.09375,6131.4207763671875,5990.7906494140625,10747283.5,703.1445465087891,208122336.0,10912381.0,74955.2109375,65557168.0,707447.75,53298.36328125,10985649.0,760746.125,21656.853515625,4534101.0,22161624.0,5664110.5,22303.74609375,6237848.0,0.0,0.015487857403733927,0.01182989362868542,19.26557797183246,673331.23305,668240.5,571234.6425750001,12.502780003735417,9.978610594663042,654205.6953125,6305293.953125,654205.6953125,11774745.859375,0.0,0.0,0.0,0.0,4278634.38671875,538580.58984375,124456.583984375,98215.22402572632,562.515625,0.0,184294852.81671143,33346740.966674805,9142763.012722015,7655527.962665558,29757.077236175537,29757.077236175537,18.792231925808593,65557168.0,0.010193248433184301,0.010270901773090625,0.1664559549003093,0.0355570251713663,0.022191598691053818,9902665.75,2990811.3125,4837.634521484375,1293.7859649658203,3727791.0471954346,306121.00315856934,1.0253430009717377,1.017755245426133,1.0,1.0,0.4762050113896809,0.4763330530310551,0.2032639734851644,0.21567037338400794,23.466524739677034,25.44402642674557,0
2024.0,44,12730488.0,359025.5546875,5962.6661376953125,4865.759521484375,10625555.5,871.8992309570312,209700384.0,11021791.0,74083.3046875,66048092.0,692006.6875,52060.828125,11094130.0,744067.5,22022.48828125,4577302.0,22400412.0,5679692.0,22697.5078125,6900885.0,0.0,0.015176996528532823,0.011421315650142944,18.589971053902744,669956.1391500001,655190.0625,520045.718425,12.40545708087854,8.063605419445057,667987.28125,6973281.234375,667987.28125,12442733.140625,0.0,0.0,0.0,0.0,4202441.58984375,519708.193359375,125440.97421646118,98524.60273361206,618.7671852111816,0.0,188497294.40655518,33866449.16003418,9268203.986938477,7754052.56539917,30375.84442138672,30375.84442138672,15.145531665201764,66048092.0,0.009919893863096,0.010143459392437862,0.1668752369107044,0.03561914233332399,0.02153992434641591,9842841.5,2887645.75,4500.1251220703125,1434.4148864746094,4215520.219905853,346706.50550460815,1.0283579848119344,1.0205947470818235,1.0,1.0,0.4758229038730588,0.47807240173405313,0.20283978717666426,0.2169983071214806,21.587694503125196,27.891715326947836,0
2025.0,45,12879385.5,368391.453125,5259.5213623046875,5512.6524658203125,10650615.5,506.2640686035156,210980544.0,11141634.0,72395.765625,66491260.0,696506.75,50317.03125,11212567.0,746823.875,22078.73828125,4650570.0,22569676.0,5693417.0,22781.884765625,7573036.0,0.0,0.015261342652524396,0.011639830459439966,16.28566670342306,666581.0452500001,661799.625,488544.842025,10.910615016580715,8.631888526861236,681487.6796875,7654768.9140625,681487.6796875,13124220.8203125,0.0,0.0,0.0,0.0,4275287.27734375,469756.767578125,137028.79609298706,108284.24629974365,393.76093673706055,0.0,192772581.68389893,34336205.927612305,9405232.783031464,7862336.811698914,30769.60535812378,30769.60535812378,17.042912653292507,66491260.0,0.009953182192667127,0.010025092700153376,0.1675653913010522,0.0359442477053686,0.021533197995481194,9879461.75,2999923.9375,4275.118896484375,984.4023590087891,4704965.065280914,388782.6742591858,1.0287502321115096,1.0168175736843958,1.0,1.0,0.47553098635312413,0.47880543039746265,0.20313450281856432,0.2182542611431631,20.329308721420617,18.943802136146,0
2026.0,46,12815062.25,375760.4140625,5653.2823486328125,5878.2877197265625,10639337.0,815.6476898193359,212181168.0,11195917.0,70736.34375,66884604.0,691472.3125,48488.8515625,11265107.0,739961.125,22247.494140625,4686993.0,22732266.0,5702502.0,22894.38671875,8226904.0,0.0,0.01509919844771521,0.011798909630414679,17.400053175713104,664893.4983000001,694734.875,478700.81815000006,11.53650349455283,10.36200219616838,662671.53125,8317440.4453125,662671.53125,13786892.3515625,0.0,0.0,0.0,0.0,4258580.71875,463737.857421875,135706.8867263794,106737.32969284058,421.88672637939453,0.0,197031162.40264893,34799943.78503418,9540939.669757843,7969074.141391754,31191.492084503174,31191.492084503174,18.065628310811704,66884604.0,0.010387067179167271,0.009940905059406499,0.16739154200569087,0.036011113044546156,0.021250885258511158,9855808.0,2959253.9375,4612.628234863281,1040.6539001464844,5221157.528633118,434768.3266067505,1.0268646986306873,1.0139387482363589,1.0,1.0,0.47599882424217477,0.4796705908055462,0.2028235845678404,0.21602315905561859,21.758599459441122,19.847549230797554,0
2027.0,47,12946578.25,379248.0078125,6103.2947998046875,5175.1429443359375,10695391.5,731.2703247070312,213207728.0,11326562.0,70061.3203125,67262864.0,689362.8125,47448.1953125,11395160.0,736811.0625,22613.12890625,4734328.5,22866090.0,5702417.5,23288.1484375,8874808.0,0.0,0.015180709408900976,0.011838120509012591,18.677028952566,664049.724825,688631.625,448043.71522500005,12.104041065254105,8.50791207647045,658705.8046875,8976146.25,658705.8046875,14445598.15625,0.0,0.0,0.0,0.0,4278493.6875,447621.8359375,123640.92541885376,102405.96211242676,618.7672157287598,0.0,201309656.09014893,35247565.62097168,9664580.595176697,8071480.103504181,31810.259300231934,31810.259300231934,15.813778858084003,67262864.0,0.010237917091963256,0.009872456885347613,0.1683925025850817,0.03616693526430283,0.0210649854257517,9840366.25,3106211.3125,4978.2633056640625,1125.0312957763672,5791267.114639282,476844.4953613281,1.0295418124861218,1.0117679358215015,1.0,1.0,0.4745578703650265,0.48192337361706694,0.2031717558024651,0.2175203427689097,23.28065163843953,21.249695382300438,0
2028.0,48,13022516.75,362260.015625,6384.5528564453125,4359.495910644531,10795688.25,534.3898658752441,214229712.0,11465952.0,70623.84375,67628832.0,679125.0625,47870.08203125,11535368.0,726995.1875,22753.7578125,4802196.0,23011754.0,5704892.5,23541.28125,9520690.0,0.0,0.015196907829013,0.011241367196936866,19.43140687207535,664049.724825,703903.9375,454512.6452,13.130617856623177,7.159679982615508,658143.296875,9634289.546875,658143.296875,15103741.453125,0.0,0.0,0.0,0.0,4312075.8203125,466044.197265625,129547.34258270264,104402.89356613159,450.0125045776367,0.0,205621731.91046143,35713609.818237305,9794127.9377594,8175882.9970703125,32260.27180480957,32260.27180480957,13.248837038952594,67628832.0,0.010408340890760912,0.009819032876761793,0.16954236323348007,0.03648559004136303,0.0206391231154997,9989349.25,3033168.625,4978.263488769531,1406.2891235351562,6370826.963134766,524883.3297424316,1.0265832422883039,1.0145636425333904,1.0,1.0,0.47417855500819983,0.4794382813670133,0.2044676082033244,0.21604616873104118,23.071629879077037,26.34018992753141,0
2029.0,49,13064819.5,350784.703125,5484.52783203125,5034.5142822265625,10822126.5,843.7734375,215087488.0,11635270.0,69751.9375,67972744.0,681768.875,46885.6796875,11703532.0,728654.5625,22866.26171875,4872567.0,23168076.0,5705061.5,23766.287109375,10164264.0,0.0,0.015185471295289849,0.010830045306057193,16.607280395108816,665174.7561250001,705563.375,433699.56615,10.827592353041776,8.504811349627307,656483.8671875,10290773.4140625,656483.8671875,15760225.3203125,0.0,0.0,0.0,0.0,4247330.48046875,470713.08203125,125806.61251068115,102518.46620941162,534.3898544311523,0.0,209869062.39093018,36184322.900268555,9919934.55027008,8278401.463279724,32794.66165924072,32794.66165924072,15.223016428675548,67972744.0,0.0103800925706339,0.009785904128351801,0.1711755229419604,0.0368333285659176,0.02061485617654186,9935544.25,3129274.4375,4415.747802734375,1068.7797241210938,6960512.092910767,567522.0141220093,1.0284039896244799,1.0145051827558085,1.0,1.0,0.4731850251846873,0.48058214118837506,0.20552155137254374,0.219165672172018,20.28950736405614,19.8523617885194,0
2030.0,50,13258493.5,369882.1015625,5934.540283203125,5315.772216796875,11004831.5,1012.5281524658203,215832352.0,11870739.0,68739.40625,68294792.0,682640.8125,45816.90234375,11937649.0,728457.6875,22922.51171875,4973903.5,23332894.0,5705512.0,23794.4140625,10793494.0,0.0,0.01535739820413948,0.011364881364947588,17.884341953464222,666581.0452500001,707054.0,418230.38577500003,12.590838222439842,8.77724458015011,643517.8515625,10934291.265625,643517.8515625,16403743.171875,0.0,0.0,0.0,0.0,4347064.322265625,489304.19921875,124906.59218978882,106118.56602478027,365.63515853881836,0.0,214216126.7131958,36673627.099487305,10044841.14245987,8384520.029304504,33160.29681777954,33160.29681777954,15.997532906183135,68294792.0,0.010352970984961782,0.009760349592250023,0.1738161674172754,0.03742174310159591,0.020543711084092968,10103315.25,3155178.4375,4640.754150390625,1265.66015625,7552812.920352936,614295.1883430481,1.0300738591523537,1.0153606223377314,1.0,1.0,0.4733035058448874,0.4782216356743106,0.20824261262432658,0.22114543688847407,21.169099858513523,23.317995254803147,0
2031.0,51,13695090.25,390217.0390625,5737.6597900390625,4809.5079345703125,11330218.25,731.2703247070312,216420608.0,12161447.0,68514.40625,68617896.0,695859.9375,45620.01953125,12228190.0,741479.9375,22894.38671875,5105223.0,23514528.0,5703064.5,23653.78515625,11413779.0,0.0,0.015819993272082482,0.011936585005772975,17.208977948647952,668549.850025,703538.25,404448.75235,11.953687019471277,7.971541217848968,634236.3671875,11568527.6328125,634236.3671875,17037979.5390625,0.0,0.0,0.0,0.0,4330020.06640625,506320.31134033203,124512.82637405396,98018.34433746338,393.7609443664551,0.0,218546146.77960205,37179947.41082764,10169353.968833923,8482538.373641968,33554.057762145996,33554.057762145996,14.40545893530045,68617896.0,0.010252984877297899,0.009743082912728773,0.1772343325711998,0.03822796494077403,0.02084242689844436,10483013.25,3212076.75,4331.370300292969,1406.2890930175781,8135550.982170105,663937.1922531128,1.033171578815228,1.017682893469581,1.0,1.0,0.4720081792624956,0.4779830150508149,0.21249146700746552,0.22203556675445033,19.605496598335947,25.715138524094762,0
2032.0,52,14015667.25,368138.3046875,7031.446044921875,4865.7596435546875,11617581.0,618.7671966552734,216874832.0,12445405.0,69245.671875,68906400.0,687928.4375,46323.16796875,12512935.0,734251.625,22922.51171875,5255499.0,23686180.0,5699464.5,23569.40625,12006756.0,0.0,0.016156401276197878,0.01121230538937139,21.00505227495676,671362.4282750001,707307.125,384479.446775,14.170983704040918,8.600599604387867,612017.015625,12180544.6484375,612017.015625,17649996.5546875,0.0,0.0,0.0,0.0,4340595.5390625,511523.58984375,126706.63497161865,105752.93008422852,393.76094818115234,0.0,222886742.31866455,37691471.00067139,10296060.603805542,8588291.303726196,33947.81871032715,33947.81871032715,14.51540652202536,68906400.0,0.010264752258135675,0.009743107001309023,0.18061319413000823,0.03919516686471957,0.02052210067877346,10740673.5,3274994.25,5681.408203125,1350.0375366210938,8709935.686973572,713466.6930427551,1.035653731849167,1.0191440181101976,1.0,1.0,0.4710264320214294,0.47602446790500064,0.21562772795761861,0.22747890974239438,25.553416597576827,24.531475037797506,0
2033.0,53,14424363.0,389710.796875,5428.2763671875,4162.61572265625,11975002.25,900.0249938964844,217387744.0,12714794.0,68936.2890625,69178816.0,702582.0,45563.76953125,12781761.0,748145.75,23372.52734375,5386003.0,23872602.0,5692967.0,23991.29296875,12563619.0,0.0,0.016588289126363995,0.011829962789165063,16.15572471627909,674456.2643500001,725279.5,380823.09505000006,11.320674305422948,7.0287664655924145,579391.09375,12759935.7421875,579391.09375,18229387.6484375,0.0,0.0,0.0,0.0,4379493.5234375,516333.0947265625,128112.92227172852,106512.32735443115,646.8929748535156,0.0,227266235.84210205,38207804.09539795,10424173.52607727,8694803.631080627,34594.711685180664,34594.711685180664,12.37206738187835,69178816.0,0.010484127106193897,0.009749462383831491,0.1837960626559437,0.04002050421824499,0.020882042505110377,11065272.75,3359090.25,4190.741516113281,1237.534423828125,9276838.93396759,764458.7344589233,1.0377730617905103,1.0190910918915213,1.0,1.0,0.4693763011786254,0.4753543026766244,0.21917636076798033,0.2299133417902066,18.73346724982338,22.36136043443036,0
2034.0,54,14874544.25,378685.46875,5090.766540527344,5118.8914794921875,12310121.5,871.8992309570312,217784272.0,13031462.0,67839.3828125,69461232.0,707194.625,44523.11328125,13097474.0,751717.6875,23316.275390625,5544266.5,24047458.0,5685992.0,24019.41796875,13125289.0,0.0,0.017074860495435593,0.011449561489647075,15.089607531043645,679237.6473750001,735489.1875,394042.21282500005,10.190671719001964,8.497011901862756,583666.2109375,13343601.953125,583666.2109375,18813053.859375,0.0,0.0,0.0,0.0,4382502.859375,524264.544921875,123472.17401885986,103756.00234603882,393.7609329223633,0.0,231648738.70147705,38732068.640319824,10547645.70009613,8798559.633426666,34988.47261810303,34988.47261810303,15.152975414456096,69461232.0,0.010588484631254454,0.009778658221538599,0.18760770036442775,0.04103043320134365,0.02093442068227548,11432004.5,3442539.3125,3881.3579711914062,1209.4086608886719,9843601.552066803,811963.1789970398,1.039156382022233,1.0268970583503143,1.0,1.0,0.46988689075094076,0.47441108782354535,0.22384874312027167,0.23213555455114782,17.252782703797337,21.7463877488522,0
2035.0,55,15076768.5,429030.6328125,5118.8924560546875,4865.759948730469,12462759.25,703.1445465087891,218114160.0,13342363.0,66770.59375,69725752.0,724041.9375,43369.95703125,13407279.0,767411.875,23400.65234375,5678932.0,24222992.0,5695780.5,24103.796875,13696834.0,0.0,0.017280822689365972,0.012928147473429455,15.114936610007804,685144.0617000001,746711.375,374916.68072500004,10.016810068008525,8.669429439196286,592891.484375,13936493.4375,592891.484375,19405945.34375,0.0,0.0,0.0,0.0,4446320.40234375,512114.21484375,143497.72344207764,118128.27637863159,450.0125045776367,0.0,236095059.1038208,39244182.855163574,10691143.423538208,8916687.909805298,35438.485122680664,35438.485122680664,14.349117596998358,69725752.0,0.010709262411397155,0.009826269951165246,0.19135488133566492,0.04186790139257596,0.02135198410077081,11515060.5,3561708.4375,4218.867248535156,900.0249938964844,10406060.925624847,855361.259475708,1.0360323149906012,1.0309959340398622,1.0,1.0,0.46995839746894574,0.4719563516342674,0.22786716899814582,0.2365210827556675,18.64760161519932,16.101357926362677,0
2036.0,56,15438381.25,428102.4921875,5962.6661376953125,3853.2320556640625,12822263.75,871.8992462158203,218541056.0,13624241.0,67558.125,69975824.0,748005.125,44185.60546875,13689914.0,792190.75,23372.52734375,5803445.5,24396388.0,5700758.0,24131.921875,14265734.0,0.0,0.01766073333378603,0.012866494793692678,17.549394226374694,690769.2182000001,757258.5625,371822.84465000004,12.175855365915504,6.239900490162905,591203.921875,14527697.359375,591203.921875,19997149.265625,0.0,0.0,0.0,0.0,4489324.5078125,522520.7529296875,136128.7812614441,112390.61777877808,281.2578239440918,0.0,240584383.6116333,39766703.60809326,10827272.204799652,9029078.527584076,35719.742946624756,35719.742946624756,11.326151822504295,69975824.0,0.010821716976137359,0.009871541036801513,0.19469925784653855,0.04264647436040637,0.0219867879415875,11774042.5,3664339.375,4471.999328613281,1490.6664123535156,10943994.617961884,898984.3462028503,1.0365642597556899,1.0327583559018965,1.0,1.0,0.4702464181170584,0.47144841174576235,0.23159484724749035,0.24037032253473478,19.672082938316404,26.56934607976133,0
2037.0,57,15570038.25,427765.0,5625.1566162109375,4781.382568359375,12986855.5,928.1507873535156,218930176.0,13825958.0,67023.734375,70204208.0,749748.875,43510.5859375,13890986.0,793259.5,23513.15625,5915077.0,24563538.0,5711895.5,24300.677734375,14821105.0,0.0,0.01777968498275907,0.012818990968093897,16.50774202664815,697238.1481750001,751408.375,349603.47647500003,11.538156340169035,7.977605808565772,585578.765625,15113276.125,585578.765625,20582728.03125,0.0,0.0,0.0,0.0,4521556.7734375,529411.5576171875,141585.17852020264,120406.46368408203,450.0125045776367,0.0,245105940.3850708,40296115.16571045,10968857.383319855,9149484.991268158,36169.75545120239,36169.75545120239,14.013685384550877,70204208.0,0.010703181424680411,0.009931572024500299,0.19693916353276145,0.04334103521224594,0.021974281918370146,11915965.25,3654073.4375,4303.24462890625,1321.9116973876953,11480747.027500153,943479.3321495056,1.0376707215332073,1.0350199947379024,1.0,1.0,0.4701035411849949,0.46998407727234526,0.23449778950708666,0.24108759868105706,18.854090704344568,23.50058711539141,0
2038.0,58,15556790.75,452628.1796875,4865.760498046875,4275.1187744140625,13052782.25,703.1445465087891,219443120.0,14008889.0,66461.21875,70425656.0,786537.375,42948.0703125,14073214.0,829485.5,23513.15625,5969781.5,24705180.0,5714736.5,24328.8046875,15376281.0,0.0,0.017723033137243036,0.013540381516583946,14.239189266396929,703707.0781500001,765049.375,344540.835625,10.35266168579662,7.91116314961015,578012.9375,15691289.0625,578012.9375,21160740.96875,0.0,0.0,0.0,0.0,4510812.734375,507782.8701171875,128984.83458328247,109296.77793121338,478.1382942199707,0.0,249616753.1194458,40803898.03582764,11097842.217903137,9258781.769199371,36647.89374542236,36647.89374542236,12.495027773012607,70425656.0,0.010863219719245497,0.009992197703490331,0.1989174087352484,0.04362018319101575,0.022988381992929324,11964622.75,3592168.4375,3853.2320556640625,1012.5281372070312,11989233.026863098,990168.1290397644,1.039662278708727,1.0295997564735127,1.0,1.0,0.4683326454170596,0.47048975668737786,0.23763244733810507,0.2395777892533053,16.82941250227782,17.908398742446558,0
2039.0,59,15731958.75,432490.125,5400.150146484375,5203.2686767578125,13186436.5,1125.0312805175781,219796512.0,14240645.0,65336.1875,70648352.0,778465.3125,41766.7890625,14303648.0,820232.125,23569.40625,6054271.0,24837228.0,5718224.5,24469.43359375,15935110.0,0.0,0.017893776619621698,0.012897960874734106,15.758411915024178,710738.523775,778606.0,344540.835625,11.102060872652048,8.815537960370435,583609.96875,16274899.03125,583609.96875,21744350.9375,0.0,0.0,0.0,0.0,4486343.203125,501482.6845703125,145663.421875,124175.32070922852,562.515625,0.0,254103096.3225708,41305380.72039795,11243505.639778137,9382957.0899086,37210.40937042236,37210.40937042236,15.165399762256271,70648352.0,0.011020865709648825,0.010060227926831188,0.20157080238757727,0.04411430856634419,0.022689079496983573,12171854.5,3560105.1875,4246.9930419921875,1153.1570739746094,12508631.829364777,1031006.7634315491,1.0470237533280478,1.0339091293663514,1.0,1.0,0.4665861846938316,0.4691345230351689,0.24141058806477925,0.2394773498108172,18.487728616711358,20.339421013579702,0
2040.0,60,15768438.25,454568.859375,5512.653564453125,4359.495849609375,13344024.25,871.8992309570312,220360784.0,14357648.0,65279.9375,70851184.0,801894.0625,41457.40625,14420820.0,843351.5,23822.5390625,6112379.0,24955440.0,5732456.0,24750.69140625,16482214.0,0.0,0.01788934260871027,0.013532138417263603,16.04743804775975,716363.680275,808194.25,360010.01600000006,11.033589544394484,7.001912348124561,578266.046875,16853165.078125,578266.046875,22322616.984375,0.0,0.0,0.0,0.0,4584839.7890625,499063.8708496094,154691.79299926758,126115.99551391602,703.1445617675781,0.0,258687936.1116333,41804444.59124756,11398197.432777405,9509073.085422516,37913.55393218994,37913.55393218994,12.67527734332614,70851184.0,0.011406926523627325,0.010110821581683097,0.20264513857665384,0.044429506143161365,0.02331514925760224,12215926.75,3552511.0,4303.24462890625,1209.4086303710938,13013095.842029572,1075051.736881256,1.048290145571443,1.038876288199608,1.0,1.0,0.4660727998948127,0.4688268874645275,0.2431168008582823,0.23851251353282565,18.682870294742656,21.294824994276578,0
2041.0,61,15770378.75,449393.7109375,5118.8924560546875,4218.867248535156,13403707.25,646.8929901123047,220882720.0,14443405.0,65083.0546875,71052000.0,806084.8125,41429.28125,14506350.0,847514.125,23653.78515625,6139998.5,25079478.0,5738728.0,24581.935546875,17014468.0,0.0,0.01784926719256264,0.013348002731381451,14.866610242258314,723395.1259000001,786284.3125,330196.68655000004,10.320711725017645,6.960289610286447,565890.7265625,17419055.8046875,565890.7265625,22888507.7109375,0.0,0.0,0.0,0.0,4614624.98828125,495913.7744140625,147407.2168045044,122600.27910614014,281.25782012939453,0.0,263302561.09991455,42300358.36566162,11545604.64958191,9631673.364528656,38194.811752319336,38194.811752319336,12.237975364244692,71052000.0,0.011066322024714293,0.010181207086359287,0.20327935877948544,0.04452685161259182,0.02338268899143959,12309051.0,3461327.3125,3684.4774169921875,1434.4149169921875,13531228.984401703,1117015.4025230408,1.054246385735388,1.0381131572951048,1.0,1.0,0.4653756445117161,0.4694390982930045,0.24478747005789392,0.23514443845811686,15.951196949801465,25.1721342325183,0
2042.0,62,16048036.0,441209.1171875,4725.1314697265625,4528.250915527344,13668089.25,815.6476287841797,221262816.0,14656120.0,63958.0234375,71254304.0,803665.9375,40304.2421875,14718080.0,843970.3125,23653.78515625,6263695.5,25186186.0,5744606.0,24610.0625,17560836.0,0.0,0.018132323688766574,0.013071280210951202,13.689110222980206,727895.2511000001,816828.9375,347072.15605000005,9.772882190263878,7.886542632731523,578547.328125,17997603.1328125,578547.328125,23467055.0390625,0.0,0.0,0.0,0.0,4608915.5859375,482019.6494140625,144763.39375686646,125525.36017227173,393.7609443664551,0.0,267911476.68585205,42782378.01507568,11690368.043338776,9757198.724700928,38588.57269668579,38588.57269668579,13.103430210180754,71254304.0,0.01146357330919968,0.0102154566143822,0.20568750485584703,0.04531324476777309,0.023255735428045203,12535379.5,3512657.125,3543.8486328125,1181.2828521728516,14035777.374404907,1160244.7283172607,1.0510709818973476,1.0356505859231964,1.0,1.0,0.4667736167734223,0.470747227166541,0.24842058363811487,0.2351873739790811,15.302944462951034,20.74135597868419,0
2043.0,63,16005088.75,461965.9453125,4725.1314697265625,5006.3887939453125,13672730.75,900.0250091552734,221731552.0,14783417.0,62720.48828125,71459648.0,826644.8125,39122.96484375,14843888.0,865767.75,23597.53125,6299921.5,25289522.0,5749556.0,24581.935546875,18096382.0,0.0,0.018045569750488193,0.013661473674542663,13.655361232996116,731832.86065,789912.5,320352.662675,9.621761813650853,8.005784655505568,570109.578125,18567712.7109375,570109.578125,24037164.6171875,0.0,0.0,0.0,0.0,4683645.65234375,478053.884765625,152216.7168006897,124512.82442474365,421.88672256469727,0.0,272595122.3381958,43260431.89984131,11842584.760139465,9881711.549125671,39010.45941925049,39010.45941925049,14.451839201409719,71459648.0,0.011053965729022343,0.010241204387824582,0.2068778312482032,0.045464633414814666,0.023862585185907923,12473727.25,3531360.5625,3318.84228515625,1406.2890625,14544882.141002655,1203558.4314575195,1.0521328072778169,1.0321743991757089,1.0,1.0,0.46751560093511785,0.47165899973798964,0.25032702420334624,0.23412378616882307,14.289261062103932,24.61417282022789,0
2044.0,64,16151651.5,467112.9609375,5850.1627197265625,4556.3760986328125,13843426.25,759.3961029052734,222128736.0,14914820.0,62720.48828125,71659336.0,835110.625,39376.09375,14975433.0,874486.75,23344.400390625,6366917.5,25364618.0,5754000.0,24300.677734375,18624358.0,0.0,0.01817825531137043,0.013783659317777886,16.866730516870824,732676.6341250001,809825.625,328227.881775,11.989675486213415,7.746036459771134,568140.7734375,19135853.484375,568140.7734375,24605305.390625,0.0,0.0,0.0,0.0,4612627.9453125,460053.3984375,155535.55743408203,131150.51348114014,309.38360595703125,0.0,277207750.2835083,43720485.29827881,11998120.317573547,10012862.062606812,39319.84302520752,39319.84302520752,13.12168982192495,71659336.0,0.011301048407705034,0.010224440736165907,0.20813505723804082,0.04583945373926348,0.024049951871909704,12650075.75,3501575.4375,4528.2508544921875,1321.9117431640625,15050358.681819916,1242653.2674102783,1.0555143652423806,1.0272119966429905,1.0,1.0,0.466631505101485,0.47682941260592726,0.25219476489275966,0.23447989963415025,19.44637059341435,23.071108507344658,0
2045.0,65,16319140.25,459575.265625,4978.263671875,3965.7352905273438,14049278.75,871.8992156982422,222523888.0,15093673.0,62607.984375,71845208.0,830976.125,39404.21875,15153861.0,870380.375,23203.7734375,6453404.0,25413024.0,5759991.5,24188.173828125,19143842.0,0.0,0.018334144253762095,0.013530072449142592,14.322427143633588,732676.6341250001,818938.375,336103.100875,9.646920395142134,6.504364780006271,559140.515625,19694994.0,559140.515625,25164445.90625,0.0,0.0,0.0,0.0,4661623.109375,446609.259765625,159754.4316482544,132584.92696380615,421.88672637939453,0.0,281869373.3928833,44167094.55804443,12157874.749221802,10145446.989570618,39741.729751586914,39741.729751586914,11.396470923171577,71845208.0,0.011398649928050873,0.010197988905884997,0.2100860087982486,0.04636342673775597,0.023880048850040594,12735917.0,3583224.625,3881.3578491210938,1096.905502319336,15546469.337486267,1286276.3541526794,1.05894594032109,1.0383979248561694,1.0,1.0,0.466693230608923,0.4705523761389024,0.25428505759831466,0.23811627837813948,16.644976076364742,19.102478013018956,0
2046.0,66,16223850.75,463456.6171875,6384.5528564453125,3853.2321166992188,14035018.75,590.6414031982422,222928752.0,15188372.0,63986.1484375,72010976.0,821075.8125,40979.265625,15250052.0,862055.1875,23006.890625,6478295.5,25462100.0,5757543.5,23963.16796875,19661298.0,0.0,0.018193986424415994,0.013617664302706438,18.339257232942153,732114.118475,837585.75,330759.20220000006,12.158776686463986,6.706062900872716,562796.8828125,20257790.8828125,562796.8828125,25727242.7890625,0.0,0.0,0.0,0.0,4736100.2421875,444612.3720703125,152413.60234832764,126903.5234451294,309.3835983276367,0.0,286605473.6350708,44611706.930114746,12310288.35157013,10272350.513015747,40051.11334991455,40051.11334991455,11.055172334673928,72010976.0,0.011631362280105743,0.010166701788280165,0.21091745791641542,0.04646662270685698,0.023557196483651323,12688299.25,3535551.4375,4753.257080078125,1631.2953186035156,16026463.92048645,1328802.535419464,1.0613699932108018,1.0442705267253964,1.0,1.0,0.4671031861897114,0.4697602601162555,0.2563052081168233,0.23563565223121838,20.372245722602496,28.355341397649617,0
2047.0,67,16265617.5,454203.234375,5878.288818359375,3965.7352905273438,14138437.0,675.0187721252441,223385968.0,15277588.0,65195.55859375,72166144.0,833563.75,42216.80078125,15340418.0,875780.5,22978.765625,6516265.0,25515290.0,5781591.5,23963.16796875,20186690.0,0.0,0.018203490628381815,0.013329327453132521,16.859259332007955,729301.5402250001,845348.5,332446.74915000005,11.719534509744792,6.772708841708086,573203.4296875,20830994.3125,573203.4296875,26300446.21875,0.0,0.0,0.0,0.0,4706089.89453125,442559.19140625,161132.59453582764,136888.17696380615,450.0125045776367,0.0,291311563.52960205,45054266.121520996,12471420.946105957,10409238.689979553,40501.12585449219,40501.12585449219,11.36019448291779,72166144.0,0.011713920865717863,0.010105868206357265,0.21170021222139845,0.046666022993926734,0.023878160341486293,12826621.75,3438995.5625,4781.3829345703125,1096.905502319336,16517793.19334793,1362300.3409042358,1.0595300127535692,1.044021102604061,1.0,1.0,0.4672759096859449,0.46978902424062136,0.25825007855763493,0.2331720701597249,20.489037668470335,19.06298172453835,0
2048.0,68,16278583.0,465791.0546875,5428.2762451171875,3712.6033325195312,14188809.75,843.7734375,223684976.0,15390652.0,65701.8203125,72310624.0,843829.625,42863.6953125,15453963.0,886693.3125,22838.13671875,6548047.5,25541920.0,5788988.5,23906.916015625,20726844.0,0.0,0.018193648150960303,0.013656180765056118,15.549608282499303,725645.1885,847654.8125,338071.90565000003,10.634960993653792,5.986152143301664,588953.859375,21419948.171875,588953.859375,26889400.078125,0.0,0.0,0.0,0.0,4736747.0859375,444106.0849609375,164338.9355545044,135847.5199317932,421.88672637939453,0.0,296048310.61553955,45498372.20648193,12635759.881660461,10545086.209911346,40923.01258087158,40923.01258087158,10.62192275374697,72310624.0,0.011722410423397812,0.010035111693960767,0.2128408129903567,0.04683563560617748,0.02414233973116254,12883436.0,3395147.5625,3909.4837036132812,1518.792251586914,17020597.784965515,1406964.0815505981,1.0612615125288047,1.0407521820680936,1.0,1.0,0.46777218719705743,0.47023103382367737,0.2602546470119502,0.23195480339970506,16.732896489310967,26.38110049913982,0
2049.0,69,16567575.0,468575.4921875,5118.8924560546875,4359.495910644531,14411285.25,843.7734680175781,223869968.0,15594873.0,65083.0546875,72451496.0,849679.75,42385.5546875,15657452.0,892065.375,22697.5078125,6628515.0,25562566.0,5793404.0,23906.916015625,21270320.0,0.0,0.01850133712441501,0.013721735838172095,14.643939363843474,720863.8054750001,877552.5,362822.59425,9.391280016715594,7.966137112322078,591766.4453125,22011714.6171875,591766.4453125,27481166.5234375,0.0,0.0,0.0,0.0,4656054.296875,437468.4052734375,155029.29611206055,132331.7958946228,675.0187683105469,0.0,300704364.91241455,45935840.61175537,12790789.177772522,10677418.00580597,41598.03134918213,41598.03134918213,12.456381652589892,72451496.0,0.01211227577688665,0.009949605532989961,0.21524570037863677,0.04734911691757368,0.024277887777425122,13150209.25,3417366.875,3909.4837036132812,1209.4086456298828,17495726.607837677,1451684.073753357,1.066884375070883,1.049396532883573,1.0,1.0,0.4670342663087057,0.4699764699065392,0.2639988732578021,0.2317947157849281,16.728446036620937,20.908906128273216,0
2050.0,70,16522687.25,489810.484375,5484.52783203125,3965.7352294921875,14435109.5,618.7672119140625,224074528.0,15737556.0,65392.4375,72581768.0,880927.5,42863.6953125,15800642.0,923791.25,22528.75390625,6665416.0,25585940.0,5789017.0,23906.916015625,21809236.0,0.0,0.01843436578610131,0.014336968249958901,15.669083725335597,716082.4224500001,868158.5,338353.163475,10.089712435308483,6.133055350425159,589797.6484375,22601512.265625,589797.6484375,28070964.171875,0.0,0.0,0.0,0.0,4702180.58984375,436652.7529296875,157026.22579193115,127831.67539596558,534.3898544311523,0.0,305406545.5022583,46372493.36468506,12947815.403564453,10805249.681201935,42132.42120361328,42132.42120361328,11.31609436818132,72581768.0,0.011961109847861518,0.009865871859858802,0.21682519499938332,0.04754886048509851,0.025136974973496998,13183031.75,3339655.25,3937.6094970703125,1546.9180297851562,17961770.80335617,1489119.4886131287,1.0652901472377645,1.0453916526353602,1.0,1.0,0.46739486526195767,0.47008325256600714,0.26647766151332525,0.23176363907128747,16.83825702891661,26.6858167921546,0
2051.0,71,16878422.5,464609.7578125,5175.1441650390625,4725.1307373046875,14785723.5,703.14453125,223982960.0,16064829.0,64604.9140625,72694936.0,867427.1875,42160.546875,16126986.0,909587.6875,22444.375,6782447.5,25605148.0,5794585.5,23794.4140625,22355072.0,0.0,0.018838958218071588,0.013580281948872829,14.770363484701948,710176.008125,883458.875,349040.960825,9.605379398116579,7.408203857803235,599360.3984375,23200872.6640625,599360.3984375,28670324.5703125,0.0,0.0,0.0,0.0,4723837.38671875,432883.921875,157194.9886817932,132163.04473495483,365.6351661682129,0.0,310130382.88897705,46805377.28656006,13105010.392246246,10937412.72593689,42498.056369781494,42498.056369781494,13.469773289048854,72694936.0,0.012152963103234592,0.00976926381949081,0.22098965738136148,0.0483362446718187,0.02472745879418163,13530779.0,3347643.0,4303.244689941406,871.8992462158203,18462212.829345703,1534233.2417564392,1.0693589006259234,1.0492496067765547,1.0,1.0,0.4668955757262697,0.4708506791292953,0.2720417004105973,0.23360037322858954,18.3668184271425,15.030886507678632,0
2052.0,72,17111556.0,498135.6875,5372.0247802734375,4584.501892089844,15020771.5,703.1445465087891,223953808.0,16271385.0,64126.78125,72795376.0,887030.875,41569.90625,16332867.0,928600.6875,22556.87890625,6823624.0,25612010.0,5804907.5,23738.162109375,22885920.0,0.0,0.019101657784716033,0.014557184425505737,15.32032410124735,704269.5938,878396.25,338353.163475,10.291164625896998,7.49215662704015,587266.3046875,23788138.96875,587266.3046875,29257590.875,0.0,0.0,0.0,0.0,4688736.31640625,434121.423828125,164648.3140487671,133738.0849647522,618.7671737670898,0.0,314819119.2053833,47239498.71038818,13269658.706295013,11071150.810901642,43116.823543548584,43116.823543548584,13.058928435363683,72795376.0,0.012066648986056477,0.009674647381449063,0.22352223306051747,0.04859263862426375,0.025267025708004702,13687608.75,3423948.125,4162.615661621094,1209.4086151123047,18945244.996757507,1570234.241771698,1.067039167697403,1.0598057876041893,1.0,1.0,0.46832224666582073,0.47004702739652027,0.27644130090168867,0.2314224954921496,17.7653368509604,20.83313181288084,0
2053.0,73,17109756.0,491188.6328125,5400.150634765625,3993.8607177734375,15123346.5,421.88672637939453,224088720.0,16391426.0,64351.78515625,72872928.0,904159.375,41794.9140625,16453695.0,945954.3125,22556.87890625,6865025.0,25609592.0,5819365.0,23653.78515625,23422616.0,0.0,0.019088149550767215,0.014355964136381733,15.394993355779043,698644.4373000001,904750.125,351291.023425,10.222261256343604,6.366371411294835,596829.09375,24384968.0625,596829.09375,29854419.96875,0.0,0.0,0.0,0.0,4755788.296875,431983.8583984375,165126.4593849182,137956.95000076294,506.2640724182129,0.0,319574907.5022583,47671482.56878662,13434785.165679932,11209107.760902405,43623.0876159668,43623.0876159668,11.372328314489948,72872928.0,0.012415449054002606,0.009587160231849063,0.22493162344183562,0.04886957990281759,0.025745507887557067,13687636.75,3422120.0625,4021.9868774414062,1378.163345336914,19418292.511821747,1603788.298828125,1.0677735910513582,1.0543391014646184,1.0,1.0,0.4674341692693683,0.47002682623654174,0.2786535210596997,0.23127447360815157,17.164909829237676,23.769447160762567,0
2054.0,74,17323737.5,477322.609375,5259.521484375,4078.2383422851562,15263469.0,759.3961181640625,224024480.0,16575311.0,64492.4140625,72940896.0,890743.4375,42104.296875,16637468.0,932847.6875,22388.123046875,6923104.5,25605906.0,5839024.0,23372.52734375,23963926.0,0.0,0.01933241570296246,0.013943089694135056,14.991963829715454,692738.0229750001,877299.375,318102.600075,9.816817439480184,6.214959881583983,604141.796875,24989109.859375,604141.796875,30458561.765625,0.0,0.0,0.0,0.0,4684489.46875,421858.5908203125,173704.82421875,143750.85702896118,281.2578125,0.0,324259396.9710083,48093341.15960693,13608489.989898682,11352858.617931366,43904.3454284668,43904.3454284668,11.610849235542736,72940896.0,0.012027537679273914,0.009497251349572126,0.22724304072162754,0.0492756405124464,0.02535969429036974,13863113.25,3460624.3125,3993.8609619140625,1265.6602172851562,19917103.24254608,1646005.0965003967,1.0687014027787518,1.0597104374835062,1.0,1.0,0.46772847306873266,0.46985094444591197,0.2814783091757732,0.23305792426039001,17.036694973396386,21.83014312487471,0
2055.0,75,17433230.5,468294.234375,5568.9051513671875,4443.873291015625,15434305.0,900.0250244140625,223906848.0,16793764.0,64492.4140625,72984408.0,878508.6875,42469.93359375,16856118.0,920978.625,22022.48828125,6995866.0,25597354.0,5852496.5,22922.51171875,24503348.0,0.0,0.019464825055283703,0.013677431434372585,15.877360541921957,686550.3508250001,906465.8125,336665.616525,9.621179656694077,6.903034352425891,609485.65625,25598595.515625,609485.65625,31068047.421875,0.0,0.0,0.0,0.0,4668429.7421875,433249.53515625,167067.13204193115,139138.23126602173,393.76094818115234,0.0,328927826.7131958,48526590.69476318,13775557.121940613,11491996.849197388,44298.10637664795,44298.10637664795,12.654488806767352,72984408.0,0.012419992671585415,0.009406808517580908,0.23010070863354815,0.049804023535970014,0.025016641169973312,13966419.5,3466811.875,4500.125,1068.7797088623047,20406744.96857071,1687349.9949531555,1.0685066886934345,1.0588381345661526,1.0,1.0,0.46887784305466723,0.4718907930258816,0.2855477293178334,0.23296949622507665,19.18536538983564,18.42879971694276,0
2056.0,76,17763062.0,511579.8125,5793.9114990234375,5006.388427734375,15682964.5,421.88673400878906,223638096.0,17024564.0,63986.1484375,73002464.0,898196.6875,42132.421875,17086692.0,940329.1875,21853.734375,7082325.0,25581240.0,5859838.0,22725.6328125,25051436.0,0.0,0.019856927685522774,0.014960322081453026,16.529550428044516,681487.709975,914509.75,317258.82660000003,10.509932279216589,7.478169585079497,615954.609375,26214550.125,615954.609375,31684002.03125,0.0,0.0,0.0,0.0,4757757.1171875,423208.650390625,176039.2597541809,140347.63985443115,562.5156135559082,0.0,333685583.8303833,48949799.34515381,13951596.381694794,11632344.489051819,44860.62199020386,44860.62199020386,14.26566484903554,73002464.0,0.01252710798912212,0.009335132989141298,0.2332053340007811,0.05045257487525208,0.025594044683799257,14303535.5,3459527.4375,4331.370422363281,1462.5406646728516,20912446.51568985,1731423.0941848755,1.0679966878037497,1.0620913447730969,1.0,1.0,0.4677104604984547,0.4687899974889477,0.28997585684013694,0.23230962588705772,18.456000273061246,25.172090623441747,0
2057.0,77,17940058.0,507839.078125,4950.1376953125,4162.615478515625,15933902.75,590.6414184570312,223394464.0,17269174.0,63479.8828125,73013880.0,912681.625,41991.79296875,17330882.0,954673.375,21488.09765625,7170583.5,25555900.0,5862059.0,22416.248046875,25578544.0,0.0,0.020076659106467384,0.014868160844301335,14.132414546532223,677831.35825,907872.125,319790.147025,9.421710389041973,6.5130951807559985,607798.140625,26822348.265625,607798.140625,32291800.171875,0.0,0.0,0.0,0.0,4653579.3359375,426386.8466796875,164142.05234527588,135228.7484512329,337.5093765258789,0.0,338339163.1663208,49376186.191833496,14115738.43404007,11767573.237503052,45198.131366729736,45198.131366729736,11.869844861982912,73013880.0,0.012434240243088026,0.009283595916968116,0.23651905637667797,0.051117929432942556,0.026025438460618073,14461180.25,3478877.875,3796.9805297851562,1153.1570281982422,21377140.673763275,1771052.3199882507,1.0687332560669742,1.0674236312255818,1.0,1.0,0.4672392141208025,0.4705383018134059,0.29432307849713507,0.23400741551858958,16.18875877497479,19.86395605601227,0
2058.0,78,17883975.5,514870.515625,5231.395751953125,5006.3885498046875,15810965.5,1012.5281829833984,223163312.0,17395148.0,62523.60546875,73021416.0,929810.125,41260.5234375,17455422.0,971070.6875,21263.091796875,7214881.0,25537056.0,5860850.0,22219.3671875,26109950.0,0.0,0.020034627712461985,0.015091308893004014,14.944466070081827,673612.490875,913722.25,316696.31095,9.450925004366797,7.25561471630599,603579.25,27425927.515625,603579.25,32895379.421875,0.0,0.0,0.0,0.0,4718690.5,426864.9736328125,161666.98906326294,130644.24531173706,309.38359451293945,0.0,343057853.6663208,49803051.16546631,14277405.423103333,11898217.482814789,45507.514961242676,45507.514961242676,14.28485333511653,73021416.0,0.012513072192409963,0.009224862071628412,0.2382198121164892,0.05146599983701808,0.02653050424072567,14440451.0,3443523.6875,4078.2384033203125,1153.1570739746094,21873504.46152115,1811159.6840705872,1.0732942429429857,1.060621095996976,1.0,1.0,0.4663268153681817,0.47198561825513696,0.29631370567546383,0.234372800543956,17.379256627957304,19.847513728905643,0
2059.0,79,18179773.5,519848.78125,6103.2950439453125,4275.11865234375,16168105.25,787.5218963623047,222842784.0,17596754.0,62917.3671875,73030152.0,953801.4375,42048.04296875,17657648.0,995849.5,20869.33203125,7219438.0,25516888.0,5880622.5,22106.865234375,26650444.0,0.0,0.02039529076696511,0.015257137080699524,17.44583549032739,670518.6548,945251.25,344822.09345000004,11.148603696234545,6.230895654731466,608360.6484375,28034288.1640625,608360.6484375,33503740.0703125,0.0,0.0,0.0,0.0,4705752.484375,429227.53009033203,177248.66954803467,148419.7402496338,337.50939178466797,0.0,347763606.1506958,50232278.69555664,14454654.092651367,12046637.223064423,45845.024353027344,45845.024353027344,12.205453194724393,73030152.0,0.012943301144984608,0.009181394758701857,0.24095190162003222,0.051528694152679556,0.027231007485803524,14787917.0,3391856.8125,4922.0118408203125,1181.2828216552734,22360558.615646362,1851942.066898346,1.073992280232294,1.06487712281268,1.0,1.0,0.46554027489941685,0.4682020979183178,0.301070593454538,0.23069264954861796,20.987441621158972,20.309968950514534,0
2060.0,80,18294583.0,494141.8203125,5793.9111328125,4471.9990234375,16299087.75,534.3898773193359,222506544.0,17859476.0,62495.48046875,73015712.0,938866.625,42132.421875,17920060.0,980999.0,20363.06640625,7355257.0,25496610.0,5893307.0,21656.853515625,27184160.0,0.0,0.020555106684862268,0.014511785661430493,16.578756143745476,668268.5922000001,915972.3125,303195.93535000004,10.646647614048769,6.719817814993743,613142.015625,28647430.1796875,613142.015625,34116882.0859375,0.0,0.0,0.0,0.0,4623203.2578125,424839.9365234375,173536.05938720703,139306.99337768555,450.01251220703125,0.0,352386809.4085083,50657118.63208008,14628190.152038574,12185944.216442108,46295.036865234375,46295.036865234375,12.780815099054482,73015712.0,0.012544865857091142,0.009152394380541001,0.2445977106954733,0.052552661142335325,0.026832476201156814,14963028.0,3331555.125,4753.2572021484375,1040.6539459228516,22860691.25807953,1897618.3356666565,1.0739175062852313,1.061992479125903,1.0,1.0,0.46528764661397953,0.4715534641511157,0.30592456816863706,0.23102412144923098,20.267993955463368,17.90857016055452,0
2061.0,81,18786278.5,522464.4765625,6047.04345703125,4134.489990234375,16699289.5,731.2703094482422,222009072.0,18153842.0,62889.2421875,73010728.0,939738.5,43060.57421875,18214706.0,982799.125,19828.67578125,7485676.0,25497512.0,5915329.5,21009.9609375,27703052.0,0.0,0.02115485454125947,0.015354691752928064,17.315335316223656,665456.01395,905312.625,296445.74755000003,10.939256014407857,6.285242704632824,590078.890625,29237509.0703125,590078.890625,34706960.9765625,0.0,0.0,0.0,0.0,4733231.3671875,428918.1630859375,174632.9726638794,144932.14961242676,140.62891387939453,0.0,357120040.7756958,51086036.795166016,14802823.124702454,12330876.366054535,46435.66577911377,46435.66577911377,11.824277146496515,73010728.0,0.012399720558874582,0.009114496351138974,0.24864622634635283,0.05352093478394166,0.02687569324264591,15277221.25,3509056.75,4950.1376953125,1096.9054870605469,23360345.762218475,1937388.1903648376,1.0772193118129267,1.065978589583565,1.0,1.0,0.4657580673518649,0.47028927309118806,0.3111662713109856,0.23241939907508485,21.095327723428067,18.858345117058576,0
2062.0,82,18993339.5,532646.046875,6075.169189453125,4528.2503662109375,16928822.75,675.0187606811523,221569072.0,18415438.0,63029.875,72995072.0,956501.5,43341.83203125,18476416.0,999843.3125,19688.046875,7581669.5,25492142.0,5919520.5,20728.703125,28216852.0,0.0,0.021430494933877775,0.015676892704522168,17.412517391841863,663487.2091750001,954448.375,343415.80432500003,11.299193830637332,6.734068817041629,592891.4609375,29830400.53125,592891.4609375,35299852.4375,0.0,0.0,0.0,0.0,4682211.14453125,435218.322265625,175729.87187576294,142794.58516311646,450.01250076293945,0.0,361802251.92022705,51521255.11743164,14978552.996578217,12473670.951217651,46885.67827987671,46885.67827987671,12.962669479281422,72995072.0,0.013075517960993313,0.009089479481231282,0.2522833048236462,0.05425863627317751,0.027381023128612344,15496602.75,3496737.6875,4753.257080078125,1321.9117584228516,23837077.754642487,1983458.2200660706,1.0763428801929067,1.070887855007344,1.0,1.0,0.4665862110462736,0.46765687088268726,0.3161113599338203,0.2325541348944344,20.264275116852797,22.667426124667642,0
2063.0,83,19154332.5,544599.453125,6525.181396484375,4443.873046875,17109080.5,478.13829803466797,221272864.0,18579918.0,63789.265625,72975768.0,970198.75,44438.734375,18641514.0,1014637.5625,19350.5390625,7638202.5,25486148.0,5945593.0,20391.19140625,28718030.0,0.0,0.021641077167962177,0.016055193871119634,18.725654195893128,662924.693525,930232.0625,328509.13960000005,12.439832769055753,6.295599349550702,590078.90625,30420479.4375,590078.90625,35889931.34375,0.0,0.0,0.0,0.0,4731937.51171875,435021.45684814453,188808.3613357544,149657.27267074585,421.88672637939453,0.0,366534189.4319458,51956276.574279785,15167361.357913971,12623328.223888397,47307.5650062561,47307.5650062561,12.736572096374124,72975768.0,0.012747136316537292,0.009084175633821353,0.2546039392144527,0.054729576993860704,0.027806839207246685,15577885.75,3576446.3125,5231.3955078125,1293.7860107421875,24314906.652565002,2021990.5404014587,1.0754694593283987,1.0648729786676094,1.0,1.0,0.46609676781345266,0.46918269582411837,0.3185999501921797,0.2345305281992232,22.291467739199238,22.204845756759184,0
2064.0,84,19416520.5,554302.875,5400.1502685546875,4387.6217041015625,17366179.5,703.1445617675781,221029120.0,18785998.0,63676.765625,72955552.0,1002290.375,44579.3671875,18847648.0,1046869.625,19097.40625,7658678.0,25477010.0,5956196.0,20025.556640625,29218162.0,0.0,0.021961495955827,0.01637452382938557,15.513548439314391,663205.9513500001,926435.125,320633.9205,10.01391404935339,6.473448636983212,592610.1875,31013089.625,592610.1875,36482541.53125,0.0,0.0,0.0,0.0,4704965.08203125,436455.869140625,177108.03984832764,138097.58477401733,309.3835983276367,0.0,371239154.51397705,52392732.44342041,15344469.397762299,12761425.808662415,47616.94860458374,47616.94860458374,12.588635029002155,72955552.0,0.012698624019731904,0.009090548055204902,0.2574992236368796,0.0549342608870095,0.02875696350977993,15799376.25,3617144.0625,4078.2384033203125,1321.9117736816406,24775325.69190979,2070423.1357383728,1.0750830844766552,1.0685823925247668,1.0,1.0,0.467016110348345,0.46801482626928265,0.32152363883690793,0.23860226621367256,17.389844839375595,22.668300993831476,0
2065.0,85,19562155.5,530086.5625,6215.7982177734375,4865.7593994140625,17512659.0,703.1445465087891,220675664.0,19061602.0,63817.39453125,72940056.0,1005355.9375,45057.5078125,19123168.0,1050413.5,18759.896484375,7770506.5,25476954.0,5959796.0,19631.796875,29703610.0,0.0,0.02216165927113739,0.015675825339975632,17.87389685575507,663205.9513500001,935772.875,332728.006975,11.669181301890408,7.669983248016122,581078.6484375,31594168.2734375,581078.6484375,37063620.1796875,0.0,0.0,0.0,0.0,4615553.16796875,440534.1025390625,179048.71719360352,142457.0761795044,365.6351623535156,0.0,375854707.6819458,52833266.54595947,15523518.114955902,12903882.884841919,47982.583766937256,47982.583766937256,13.973675003845571,72940056.0,0.012829341329269064,0.009092479327819546,0.26133242891944036,0.05578909864477943,0.028872198521577557,15956683.75,3605472.0625,4640.7540283203125,1575.0437927246094,25232060.253925323,2111514.902168274,1.0792925442580235,1.0642716417475018,1.0,1.0,0.46393030133954744,0.46748705183635175,0.326992849765163,0.23849761617564263,19.805379648169144,26.94471112544771,0
2066.0,86,19877475.5,554724.78125,5681.408203125,4500.1246337890625,17810398.5,618.7671813964844,220256640.0,19283458.0,63789.265625,72923664.0,1028194.0625,45338.765625,19345278.0,1073532.875,18450.51171875,7848583.5,25470848.0,5968825.0,19350.5390625,30178342.0,0.0,0.022561721067750784,0.0164321075695699,16.353402009607585,664330.98265,944857.5,344259.5778,11.403467779240701,6.142897822441981,572078.40625,32166246.6796875,572078.40625,37635698.5859375,0.0,0.0,0.0,0.0,4681142.34375,441237.263671875,172326.6582145691,140741.40548324585,281.2578239440918,0.0,380535850.0256958,53274503.80963135,15695844.773170471,13044624.290325165,48263.84159088135,48263.84159088135,12.936305448037572,72923664.0,0.012956802335110314,0.009109950682812647,0.26443347662838224,0.05640492305928596,0.02955703127084125,16279230.0,3598243.4375,4528.251037597656,1153.1570434570312,25683507.169036865,2151397.2600097656,1.083673259210626,1.0708446994621714,1.0,1.0,0.46427319571518577,0.46505969584476814,0.3306469861007029,0.2409724983526387,19.323765349748278,19.744192510987844,0
2067.0,87,20109342.5,561728.0625,5625.156494140625,5175.1431884765625,18021847.0,984.4023590087891,219850480.0,19582886.0,63086.125,72914880.0,1047657.125,44607.4921875,19643608.0,1092264.625,18478.63671875,7940470.5,25475092.0,5989581.5,19406.7890625,30662364.0,0.0,0.022867066858348457,0.01666280096093165,16.20402997525227,664893.4983000001,924606.9375,327665.366125,9.990495259945895,7.940910810671406,582484.9375,32748731.6171875,582484.9375,38218183.5234375,0.0,0.0,0.0,0.0,4720799.8125,445371.76953125,182958.20391845703,149319.76406860352,590.6414184570312,0.0,385256649.8381958,53719875.5791626,15878802.977088928,13193944.054393768,48854.48300933838,48854.48300933838,14.888573798896642,72914880.0,0.012680634426059536,0.009118762841000357,0.268571874492559,0.0571106328518871,0.030140461535894423,16492170.5,3617172.4375,4303.24462890625,1321.9117431640625,26138160.4231987,2180479.317840576,1.0843159517785563,1.065358835873547,1.0,1.0,0.46256918568282646,0.4652624945110365,0.3361359855593108,0.24231555981313388,18.366752021864084,22.59789254453114,0
2068.0,88,20344981.5,572612.78125,5850.1629638671875,5287.646240234375,18324508.0,675.0187377929688,219720672.0,19691872.0,62411.1015625,72901032.0,1072014.125,44101.2265625,19751976.0,1116115.25,18309.8828125,7990196.5,25479596.0,6011716.0,19238.03515625,31134202.0,0.0,0.023148688417446675,0.017013611101323607,16.867002152317962,666862.3030750001,933494.625,335259.3274,10.965595470856949,7.943209995923527,569265.8125,33317997.4296875,569265.8125,38787449.3359375,0.0,0.0,0.0,0.0,4722037.21484375,451896.9130859375,185658.26876068115,151372.9515724182,393.76094818115234,0.0,389978687.05303955,54171772.492248535,16064461.24584961,13345317.005966187,49248.24395751953,49248.24395751953,15.225812174146036,72901032.0,0.012804957617060894,0.009147501548057647,0.27011787706928486,0.05751955861656064,0.03086871733415741,16696083.0,3648898.25,4359.4962158203125,1490.6664733886719,26582997.779720306,2215917.8022384644,1.0874969545037534,1.069302433194609,1.0,1.0,0.4632777752690433,0.46508968121509603,0.33805659494462126,0.2427685361620268,18.61320844045813,25.519417552507573,0
2069.0,89,20369843.5,575256.59375,6722.0616455078125,4387.62158203125,18336012.0,646.8929824829102,219482176.0,19781762.0,63367.3828125,72882168.0,1082786.25,45085.6328125,19842964.0,1127872.0,18281.7578125,7979030.5,25483644.0,6030252.0,19294.28515625,31593380.0,0.0,0.0232021614137815,0.017115681939231398,19.40122507214765,668831.10785,937151.0,329915.428725,11.163754556531067,6.7413784289576,562234.359375,33880231.7890625,562234.359375,39349683.6953125,0.0,0.0,0.0,0.0,4670089.03125,443768.5849609375,178401.82890319824,141641.42500686646,590.6414031982422,0.0,394648776.08428955,54615541.07720947,16242863.074752808,13486958.430973053,49838.88536071777,49838.88536071777,12.64710322929968,72882168.0,0.012858440215444744,0.009176882716359372,0.2714211520162243,0.057497906620124696,0.03121078065414338,16727555.75,3642288.75,5484.527587890625,1237.534423828125,27028622.658115387,2254225.116317749,1.0821816761486778,1.0604399368629078,1.0,1.0,0.46424359424966455,0.46596902819956393,0.339303359188605,0.2445931888637775,23.42542229343316,21.191339340816516,0
2070.0,90,20426798.5,566903.21875,6890.81640625,4753.2564697265625,18434593.5,590.6414184570312,219271024.0,19887796.0,64351.78515625,72865152.0,1100168.0,46520.046875,19949814.0,1146688.0,17831.74609375,8021697.5,25498300.0,6048364.5,18844.2734375,32052030.0,0.0,0.023289441221380897,0.016891780431521307,19.90728871619135,671081.1704500001,931638.375,316133.79530000006,13.032154603986639,7.736197249797911,558859.265625,34439091.0546875,558859.265625,39908542.9609375,0.0,0.0,0.0,0.0,4646463.25390625,440084.111328125,177839.30000305176,147772.84922790527,393.7609405517578,0.0,399295239.3381958,55055625.1885376,16420702.37475586,13634731.280200958,50232.64630126953,50232.64630126953,13.71353464010207,72865152.0,0.012785787848215838,0.009209905586280806,0.27293974491400225,0.05785813748915931,0.031740748840341296,16892288.5,3534510.875,5653.2822265625,1237.534439086914,27461309.67712021,2299310.7436790466,1.0872130987004531,1.0622329136582556,1.0,1.0,0.4626630075166763,0.4678698665699494,0.34146315090962587,0.24428240811742685,24.170652836394108,21.16626205882868,0
1980.0,0,40685572.5,265085.4609375,0.0,0.0,8761293.2578125,0.0,192094864.0,18326620.0,0.0,55672648.0,232487.6875,0.0,18326620.0,232487.6875,0.0,9659547.0,13801320.0,3825.106201171875,0.0,0.0,0.0,0.05294984422384141,0.009447190302269403,0.0,739708.07975,729864.0,-9281.508225000001,0.0,0.0,0.0,0.0,0.0,0.0,0.0,0.0,0.0,0.0,14125807.8046875,14125807.8046875,3825.106201171875,3825.106201171875,0.0,0.0,14125807.8046875,14125807.8046875,3825.106201171875,3825.106201171875,0.0,0.0,0.0,55672648.0,0.013109920692114375,0.013286741448870907,0.32918534789291864,0.08535520671031545,0.008217376911843058,32725107.5,7960467.75,0.0,0.0,0.0,0.0,0.9358146778402744,0.9188682989564267,1.0,1.0,0.5111349588746573,0.5169686899034164,0.4239475081858039,0.41759853291735494,0.0,0.0,1
1981.0,1,59943209.0,886468.375,28.125782012939453,0.0,30854771.5,0.0,172808736.0,20987880.0,28.125782012939453,55206104.0,800572.25,28.125782012939453,20987908.0,800600.375,0.0,10465237.0,13815496.0,67755.0078125,0.0,0.0,0.0,0.08671900852280987,0.032833127878215455,0.10117278802937661,718332.48505,686184.625,32907.165525000004,0.11895140438239096,0.0,0.0,0.0,0.0,0.0,0.0,0.0,0.0,0.0,3057581.8095703125,522070.7470703125,65223.68359375,65223.68359375,0.0,0.0,17183389.614257812,14647878.551757812,69048.78979492188,69048.78979492188,0.0,0.0,0.0,55206104.0,0.01242950643646217,0.013011830812223228,0.3801731779514816,0.09411259507180238,0.028797792917626897,48294864.0,11648347.75,28.125782012939453,0.0,0.0,0.0,0.9383483958353839,0.9144843102529217,1.0,1.0,0.5125482711299562,0.517233261970424,0.4881254232026962,0.4825901878345287,0.1609632081142893,0.0,1
1982.0,2,57038944.0,1318536.625,225.00625610351562,0.0,40114368.0,0.0,167968016.0,22212278.0,253.1320343017578,54817372.0,1444905.75,253.1320343017578,22212534.0,1445158.875,0.0,10834473.0,13805230.0,157223.09375,0.0,0.0,0.0,0.08489554344679526,0.05074883386046731,0.8204042394348842,710176.008125,686044.0625,-26156.977725,0.7657267476475969,0.0,0.0,0.0,0.0,0.0,0.0,0.0,0.0,0.0,1698797.15234375,391088.9765625,92224.4296875,92224.4296875,0.0,0.0,18882186.766601562,15038967.528320312,161273.21948242188,161273.21948242188,0.0,0.0,0.0,54817372.0,0.012515084862149174,0.012955309279054823,0.40520508717564935,0.098759093388443,0.05268279570284527,45843982.0,11194961.25,196.88047790527344,28.125782012939453,0.0,0.0,0.9407726726462543,0.916594377611723,1.0,1.0,0.5109592936982218,0.5171391768309953,0.5179624200231139,0.5163801376133083,1.140412523302111,0.6496417398594458,1
1983.0,3,52408004.0,1531111.125,843.7734832763672,0.0,41288843.0,0.0,169253920.0,22714408.0,1096.9053955078125,54534228.0,1990855.25,1040.6539306640625,22715510.0,1991895.875,56.251564025878906,10828595.0,13892027.0,267926.1875,56.251564025878906,0.0,0.0,0.07741032526750341,0.06085606463828172,3.1078941797673063,711019.7816000001,692203.625,-14625.406900000002,2.472725911685569,0.0,0.0,0.0,0.0,0.0,0.0,0.0,0.0,0.0,1509032.484375,403351.8203125,117340.75351715088,117003.24570465088,56.251564025878906,0.0,20391219.250976562,15442319.348632812,278613.97299957275,278276.46518707275,56.251564025878906,56.251564025878906,0.0,54534228.0,0.012693012267451554,0.013038046153325947,0.41651654076775413,0.09970933581688139,0.07332691071558273,42013475.0,10394529.5,562.5156402587891,140.62891006469727,0.0,0.0,0.943370073142233,0.9229057738215831,1.0,1.0,0.5084894357250962,0.5157668833247034,0.5304911417895554,0.5297902899216959,3.2878785012695633,3.266244754319402,1
1984.0,4,47828987.0,1498766.5625,1631.2953796386719,0.0,39575365.0,0.0,172900144.0,22750130.0,2671.948974609375,54400976.0,2320208.0,2531.3203125,22752800.0,2322739.5,140.62890625,10543737.0,14065084.0,405067.5,140.62890625,0.0,0.0,0.06915695078889003,0.06091873429035489,6.059700379042142,716926.195925,687225.375,61876.72150000001,5.057739409660352,0.0,0.0,0.0,0.0,0.0,0.0,0.0,0.0,0.0,1485041.166809082,453443.82891845703,149291.63906478882,143075.84140777588,84.37734603881836,0.0,21876260.417785645,15895763.17755127,427905.6120643616,421352.30659484863,140.62891006469727,140.62891006469727,0.0,54400976.0,0.012632592749806548,0.013178553927506742,0.41819341623576756,0.09790667084947076,0.08617963098218738,38389244.0,9439743.5,1293.7859954833984,140.62891387939453,0.0,0.0,0.9517418400188089,0.9309085415070504,1.0,1.0,0.5046323465745529,0.5139205300385623,0.5318075224077897,0.5268466195670416,7.61274340539324,3.28534556413715,1
1985.0,5,43418863.0,1451684.0,2362.5656127929688,0.0,36830035.0,28.125782012939453,178774784.0,22329450.0,5006.38916015625,54392032.0,1992345.75,4528.2509765625,22334428.0,1996874.125,478.1383056640625,10197424.0,14292509.0,1337493.5,590.6414794921875,0.0,0.0,0.06071726396268503,0.058398896961931554,8.800474243469285,734645.4389000001,705000.8125,127691.05255000001,7.824833933596721,0.0,0.0,0.0,0.0,0.0,0.0,0.0,0.0,0.0,9769742.921875,437412.140625,955798.3796768188,942635.5273323059,450.01248931884766,0.0,31646003.339660645,16333175.31817627,1383703.9917411804,1363987.8339271545,590.6413993835449,590.6413993835449,0.0,54392032.0,0.012961472233653635,0.013506490048027625,0.41052796115431023,0.09494660381078611,0.0742016660597239,34782252.0,8636611.875,1715.6727294921875,534.3898620605469,0.0,0.0,0.9579705027989895,0.9477066636741192,1.0,1.0,0.5042304380521796,0.5070114336654062,0.5208715800777408,0.5145715601790243,10.093973658753068,12.53198997138315,1
1986.0,6,39578936.0,1369303.625,3262.5906372070312,0.0,34119019.5,28.125782012939453,184169872.0,21746742.0,8240.853515625,54422936.0,2073798.125,7593.9609375,21754956.0,2081392.125,646.89306640625,9749353.0,14579701.0,1732913.625,843.7735595703125,0.0,0.0,0.0537261273657181,0.055338260104622394,12.169099694602227,741114.368875,708741.5625,147379.10030000002,9.954642597795244,0.0,0.0,0.0,0.0,0.0,0.0,0.0,0.0,0.0,4737056.326171875,480613.3359375,428018.10860061646,413448.9593849182,253.13203811645508,0.0,36383059.66583252,16813788.65411377,1811722.1003417969,1777436.7933120728,843.7734375,843.7734375,0.0,54422936.0,0.013022846883894688,0.013617684442364521,0.39958781349098843,0.09088425942740198,0.07732845730072951,31790824.5,7788113.5,2700.0750732421875,478.13829803466797,0.0,0.0,0.966009566120238,0.9492925731142908,1.0,1.0,0.5006189647220092,0.5056066773932794,0.5061141655503137,0.4993235298986942,15.886912084256647,11.203596078668497,1
1987.0,7,36362191.0,1269682.15625,4809.50927734375,56.251564025878906,31641643.5,56.251564025878906,188627232.0,21144678.0,12825.357421875,54457848.0,2183320.0,11953.4580078125,21157420.0,2195273.25,871.8993530273438,9242779.0,14847994.0,1976679.875,1125.03125,0.0,0.0,0.04819318851055398,0.05158210039195147,17.95521020800719,760521.1588000001,692203.625,86346.15227500001,15.03380372266036,0.13285662685805755,0.0,0.0,0.0,0.0,0.0,0.0,0.0,0.0,3107814.310546875,449674.9921875,282354.7031288147,263229.17500686646,281.25781631469727,0.0,39490873.976379395,17263463.64630127,2094076.8034706116,2040665.9683189392,1125.0312538146973,1125.0312538146973,0.2099087615454218,54457848.0,0.01271081488567084,0.013965317887699126,0.38827604792609505,0.08622605996499304,0.0814729341652629,29089511.0,7272680.0,4106.3642578125,562.5156402587891,0.0,0.0,0.9691656802193463,0.9604174780703397,1.0,1.0,0.4972060621037087,0.5002044212129167,0.4903450311435413,0.4883316272995726,24.15291221434231,13.201407616016247,1
1988.0,8,33427180.5,1119546.71875,4893.88623046875,225.00625610351562,29228536.0,56.251564025878906,193497776.0,20434112.0,17297.35546875,54502792.0,2023453.125,15806.6875,20451352.0,2039259.75,1490.6661376953125,8765597.0,15109816.0,2324089.5,1800.0499267578125,0.0,0.0,0.04318806808921669,0.045282869588972825,18.30787039857376,770365.182675,652349.375,38251.0642,14.97622302524871,0.7289130564536976,0.0,0.0,0.0,0.0,0.0,0.0,0.0,0.0,3682705.2236328125,439043.4296875,476506.97735595703,371457.1734466553,731.2703247070312,0.0,43173579.20001221,17702507.07598877,2570583.7808265686,2412123.1417655945,1856.3015785217285,1856.3015785217285,0.8412436933845301,54502792.0,0.011969100133439036,0.01413441686941469,0.37491862802184517,0.08193109074718234,0.07565199340423462,26729281.0,6697901.5,3375.0938720703125,1378.1632995605469,0.0,0.0,0.9779080074602149,0.9687382487573324,1.0,1.0,0.49461517811336003,0.49540066364416385,0.47256951520319584,0.47304327941986557,19.877291557835033,32.42692401141754,1
1989.0,9,30338802.0,1044985.296875,6103.2950439453125,365.6351661682129,26543172.0,56.251564025878906,198175104.0,19469738.0,22781.884765625,54583960.0,1971898.5,20756.828125,19492460.0,1992655.375,2025.05615234375,8283718.0,15503154.0,2532782.75,2362.5654296875,0.0,0.0,0.03827272117894284,0.04166933105746467,22.580388587873696,767271.3466,683990.875,80158.480125,18.961603078373887,0.9182069455490619,0.0,0.0,0.0,0.0,0.0,0.0,0.0,0.0,3261943.640625,599866.640625,301367.73361206055,236819.07656860352,675.0187683105469,0.0,46435522.84063721,18302373.71661377,2871951.514438629,2648942.218334198,2531.3203468322754,2531.3203468322754,1.351704067122262,54583960.0,0.01253098666714544,0.014056718248364538,0.35669339490942026,0.07655948023844192,0.07289843726836827,24275503.0,6063299.5,4556.376770019531,1406.2891540527344,0.0,0.0,0.9743931622994181,0.9680170371765997,1.0,1.0,0.49547772666013784,0.4972128989916477,0.44960216212028803,0.45404227778045153,26.581519481974897,32.71544967834392,1
1990.0,10,28487956.5,974333.3125,7622.0870361328125,956.2765808105469,24923323.5,84.37734603881836,201887424.0,18784364.0,29166.439453125,54682820.0,1839988.5,26466.36328125,18813450.0,1866455.0,2700.0751953125,7863884.0,15772065.0,2872345.25,3178.213623046875,0.0,0.0,0.03527703204039098,0.03861924117390948,28.1853339373827,783865.5582750001,688069.125,95065.14485000001,22.947223377151495,2.638915807258495,0.0,0.0,0.0,0.0,0.0,0.0,0.0,0.0,6337469.55078125,442615.4140625,407401.93438720703,359306.8437576294,871.8992309570312,0.0,52772992.39141846,18744989.13067627,3279353.448825836,3008249.0620918274,3403.2195777893066,3403.2195777893066,3.532709862846918,54682820.0,0.0125829122382496,0.014334768365548815,0.3435149101673981,0.07262757743041466,0.0679734885483166,22823678.0,5664279.125,5709.5338134765625,1715.6726989746094,0.0,0.0,0.9814046523092009,0.9615119651889117,1.0,1.0,0.49253077086768815,0.49923761804723327,0.43254072319471437,0.43957920465349204,33.306809455856445,39.87058495969428,1
1991.0,11,26522470.5,905143.890625,9450.262451171875,1012.5281524658203,23190916.0,84.37734603881836,205483856.0,18100770.0,37238.53125,54841056.0,1743995.375,33469.67578125,18137894.0,1777465.0,3768.854248046875,7477407.5,16058077.0,3103286.25,4246.9921875,0.0,0.0,0.032268314183280654,0.035649129229974943,34.87068956042071,780209.2065500001,682612.6875,135285.013825,26.46672259048466,2.957054167360192,0.0,0.0,0.0,0.0,0.0,0.0,0.0,0.0,4173893.9609375,450124.984375,331377.95710754395,254650.80235290527,1265.6602325439453,0.0,56946886.35235596,19195114.11505127,3610731.40593338,3262899.8644447327,4668.879810333252,4668.879810333252,3.73153696966133,54841056.0,0.012447110564391758,0.014226735651297454,0.3300587428513412,0.06889246105286635,0.06427261504662762,21171879.0,5350592.375,7115.8228759765625,2025.0563659667969,0.0,0.0,0.9828912491623552,0.9699659486962154,1.0,1.0,0.4909359000981955,0.49561236274938436,0.4161987788136074,0.42108607479820576,41.447417082153926,47.07882698576273,1
1992.0,12,24802438.0,857470.671875,9169.00537109375,1434.4149322509766,21688830.0,281.25782775878906,208743648.0,17410138.0,44663.7421875,54968580.0,1714519.5,40191.7421875,17454550.0,1754711.125,4471.9990234375,7087752.5,16353705.0,3281069.0,5090.7666015625,0.0,0.0,0.029704422431095962,0.03367148072249649,33.78396258642732,769802.6670250001,679293.875,105752.9422,26.388413285970916,3.999395162007872,0.0,0.0,0.0,0.0,0.0,0.0,0.0,0.0,3251087.109375,462528.4609375,252147.62187194824,198146.12657165527,871.8992156982422,0.0,60197973.46173096,19657642.57598877,3862879.0278053284,3461045.991016388,5540.779026031494,5540.779026031494,5.27740577239672,54968580.0,0.012357857434192406,0.01400441246663094,0.31672890222014105,0.06519199067824996,0.06307948211322434,19864256.0,4938184.125,7256.4520263671875,1771.9242553710938,0.0,0.0,0.990428173438782,0.975020821955837,1.0,1.0,0.4878389194794063,0.4937015249761232,0.400680871916528,0.4008055282934971,42.2442530187841,41.2341452996698,1
1993.0,13,23553710.5,784821.765625,10350.287353515625,1856.3017120361328,20533675.5,225.0062599182129,211459744.0,16770896.0,52595.21875,55106392.0,1624320.0,47420.0703125,16823156.0,1671740.25,5175.14404296875,6777694.0,16619638.0,3462930.25,5906.41455078125,0.0,0.0,0.027846565561906667,0.030720381806217542,38.15891474910643,749833.3614500001,676031.25,123472.185175,29.82875848397141,5.45749321731025,0.0,0.0,0.0,0.0,0.0,0.0,0.0,0.0,3707877.859375,444246.703125,278417.1078643799,210015.20233917236,1068.7797393798828,0.0,63905851.32110596,20101889.27911377,4141296.1356697083,3671061.1933555603,6609.558765411377,6609.558765411377,6.831775340740627,55106392.0,0.012267746543812921,0.013607012439682134,0.30433667295801187,0.06236012502177826,0.059780095280415356,18873720.5,4679989.125,8184.602294921875,2053.1820678710938,0.0,0.0,0.9956610535544368,0.9759345102043542,1.0,1.0,0.4857681081906406,0.49198574358735175,0.3858664602002246,0.384752463885984,47.79934098775964,47.82620169994236,1
1994.0,14,22336371.0,725870.15625,11278.43798828125,2868.8299560546875,19514735.0,225.00625610351562,213869568.0,16175418.0,60273.546875,55199124.0,1521267.125,54367.140625,16235298.0,1575634.375,5906.41455078125,6490305.5,16905620.0,3639195.0,6665.810546875,0.0,0.0,0.02610980515937639,0.02826467648983084,41.54415079455798,738583.0484500001,649058.625,67501.87800000001,31.19184627792485,7.828680539946636,0.0,0.0,0.0,0.0,0.0,0.0,0.0,0.0,3478652.81640625,451025.0078125,265394.8578567505,204361.9242324829,928.1508255004883,0.0,67384504.1375122,20552914.28692627,4406690.993526459,3875423.117588043,7537.709590911865,7537.709590911865,10.546221347077076,55199124.0,0.011758495026116719,0.013380340029490324,0.29303758516167755,0.05964818363379408,0.05592391349100838,17929764.5,4406606.875,9281.508056640625,1856.3016357421875,0.0,0.0,1.0006296889032233,0.9779876052067646,1.0,1.0,0.48410359807926107,0.4921509197448893,0.3715298522720055,0.37120255439481764,54.20223483051242,43.1245728613171,1
1995.0,15,21430495.0,711160.375,11109.68359375,2812.5784301757812,18670934.0,309.383602142334,216146352.0,15649550.0,67530.0,55336304.0,1445524.5,60779.8125,15716574.0,1506304.25,6750.1884765625,6258548.5,17153858.0,3825977.75,7425.20654296875,0.0,0.0,0.02478701907492753,0.02754888606639973,40.845577982365604,721426.321125,706350.875,179442.49235000001,29.801724877093204,7.745958165571476,0.0,0.0,0.0,0.0,0.0,0.0,0.0,0.0,5248383.28125,429311.9140625,260838.48049926758,213249.6664276123,984.4023742675781,0.0,72632887.4187622,20982226.20098877,4667529.474025726,4088672.7840156555,8522.111965179443,8522.111965179443,10.31759791659586,55336304.0,0.01276469196424828,0.013037125159732389,0.28280800972901987,0.0573967878297339,0.05302728773560334,17289509.0,4140986.875,8550.23779296875,2503.1946716308594,0.0,0.0,1.0065921422088042,0.9834520256101316,1.0,1.0,0.48222588344243034,0.4912869712632958,0.3594482529304318,0.3559525579359937,49.86353304502197,58.07921279757428,1
1996.0,16,20224237.0,643067.828125,12178.46337890625,3712.603271484375,17615430.0,337.5093803405762,218263088.0,15099523.0,74617.6953125,55463340.0,1353890.625,67136.234375,15173437.0,1421027.0,7481.4580078125,6020295.0,17419366.0,3985760.25,8184.6015625,0.0,0.0,0.02316497625104617,0.02478353475563389,44.71764216684981,721988.8367750001,655302.5625,117565.77085000002,32.99958650943086,9.230424040216958,0.0,0.0,0.0,0.0,0.0,0.0,0.0,0.0,3975466.640625,436258.984375,235975.29927062988,186952.06484222412,1068.7797393798828,0.0,76608354.0593872,21418485.18536377,4903504.773296356,4275624.84885788,9590.891704559326,9590.891704559326,13.59864577549491,55463340.0,0.011815057702980022,0.013017406394476065,0.27224330521746437,0.055128337976340445,0.04959075258471474,16228687.75,3995548.3125,9900.275146484375,2109.4337158203125,0.0,0.0,1.0075261240921913,0.9830692401884716,1.0,1.0,0.48167914302271037,0.4906507296191822,0.3457361750277812,0.34331962706128377,57.668615960923795,48.92942697908943,1
1997.0,17,19129863.5,624954.828125,12684.727294921875,4809.5081787109375,16607093.0,365.6351661682129,220259744.0,14576524.0,81367.8828125,55589436.0,1327255.5,73098.90625,14657188.0,1400354.625,8268.978515625,5788482.5,17625188.0,4113817.25,9084.626953125,0.0,0.0,0.02171284587981724,0.024018554584006327,46.50879460918987,716926.195925,658227.6875,123190.92735000001,33.16328055376103,12.003282795512211,0.0,0.0,0.0,0.0,0.0,0.0,0.0,0.0,3355124.296875,388838.921875,209537.0648803711,157616.88359069824,1068.7797241210938,0.0,79963478.3562622,21807324.10723877,5113041.838176727,4433241.732448578,10659.67142868042,10659.67142868042,17.587017021405906,55589436.0,0.011840877239697125,0.012896806435039205,0.262217519170369,0.05291712607238752,0.048533995998965004,15376166.75,3753695.0,9872.1494140625,2531.3204345703125,0.0,0.0,1.009769225751097,0.9841004216269669,1.0,1.0,0.4811016546265087,0.49265246712991423,0.33297263929414894,0.3307273015316794,57.41054040898631,58.628869014225614,1
1998.0,18,18519224.0,598404.078125,11250.31298828125,5709.532958984375,16011053.0,421.88672637939453,222041792.0,14048181.0,85389.8828125,55730028.0,1254353.5,76586.5,14132952.0,1330940.0,8803.369140625,5567751.5,17813772.0,4241255.0,9562.765625,0.0,0.0,0.020851056723591926,0.022886792256637062,41.173696537991404,707363.429875,643742.875,135847.52947500002,30.025244942611252,15.163523403095088,0.0,0.0,0.0,0.0,0.0,0.0,0.0,0.0,3716175.0078125,384816.9296875,206218.21484375,161301.34804534912,703.14453125,0.0,83679653.3640747,22192141.03692627,5319260.053020477,4594543.080493927,11362.81595993042,11362.81595993042,20.83724307141261,55730028.0,0.011551095488414253,0.012692680324420436,0.2520756135274147,0.050799510310279156,0.04577829564123668,14901573.75,3617650.625,8803.369506835938,2362.5657348632812,0.0,0.0,1.0179245484421742,0.9855854994079312,1.0,1.0,0.47958137932856854,0.4921238368287528,0.3208704315107954,0.3141193457123008,51.04944927146525,54.627753381093235,1
1999.0,19,17732911.0,562403.09375,12009.708984375,6412.6773681640625,15293338.75,534.3898506164551,223956880.0,13654701.0,89214.984375,55914360.0,1200802.0,79539.7109375,13743129.0,1280341.875,9675.26953125,5396943.5,17994818.0,4350214.5,10350.2880859375,0.0,0.0,0.01979500585112634,0.021403334553819042,43.83475618220151,691894.2495,639805.25,190411.54752500003,30.780715411216036,15.616924028299195,0.0,0.0,0.0,0.0,0.0,0.0,0.0,0.0,3515441.32421875,396460.9921875,188695.86645507812,142625.826171875,1096.905517578125,0.0,87195094.68829346,22588602.02911377,5507955.919475555,4737168.906665802,12459.721477508545,12459.721477508545,23.3381541796252,55914360.0,0.011442592743617204,0.012374178109165516,0.24420740933098403,0.04910378780594519,0.04370171865238507,14170134.5,3562776.9375,9731.520263671875,2081.3079223632812,0.0,0.0,1.0161669456992124,0.992367757412175,1.0,1.0,0.47971990114900176,0.4921851978060782,0.30977401147431555,0.307576514775804,56.209436673037196,48.177085826536484,1
2000.0,20,16989237.0,537146.1484375,11306.564453125,7622.085693359375,14617447.75,506.2640686035156,225852560.0,13238468.0,91099.40625,56127076.0,1130600.125,80917.875,13328696.0,1211518.0,10181.533203125,5231873.0,18173390.0,4474530.5,10884.677734375,0.0,0.0,0.01880567238201772,0.02031559465103747,41.1300770399711,673049.9752250001,624617.375,211787.14222500002,28.229059311374314,17.841475328931434,0.0,0.0,0.0,0.0,0.0,0.0,0.0,0.0,4730475.09765625,384985.6953125,199496.16485595703,154494.91328430176,871.8992309570312,0.0,91925569.7859497,22973587.72442627,5707452.084331512,4891663.819950104,13331.620708465576,13331.620708465576,27.64561094901642,56127076.0,0.011128628453760891,0.011991538187825784,0.23586598382570295,0.04744053376973881,0.041007320636516534,13496972.0,3492266.0,9225.256591796875,1996.9304809570312,0.0,0.0,1.0179645272818072,0.9887792146913161,1.0,1.0,0.47957080107652905,0.4937623382154449,0.2981631884393744,0.29856715294818825,53.00359258048258,46.030367309863294,1
2001.0,21,16541869.0,496841.9140625,11897.205810546875,6722.060791015625,14086150.75,309.38359451293945,227481600.0,12877727.0,94362.0078125,56342016.0,1068723.375,83533.5703125,12971273.0,1152257.125,10828.4267578125,5144008.0,18347602.0,4575389.5,11587.822265625,0.0,0.0,0.018179348351690862,0.018687823088430804,43.15023721207389,663487.2091750001,630636.25,232881.47910000003,28.931597928940498,16.795812737926827,0.0,0.0,0.0,0.0,0.0,0.0,0.0,0.0,3866647.90234375,384226.2890625,173986.08906555176,134975.61640548706,815.6476593017578,0.0,95792217.68829346,23357814.01348877,5881438.173397064,5026639.436355591,14147.268367767334,14147.268367767334,24.306747918217916,56342016.0,0.01119300115210645,0.011776064405913344,0.2285634756129422,0.04650140397138729,0.038644681263745644,13108020.25,3433848.4375,9506.51416015625,2306.3140869140625,0.0,0.0,1.0175826443622296,0.9914797117643006,1.0,1.0,0.4784407691136079,0.4880320031581985,0.28728010905682705,0.2919925124497496,54.27669925972374,52.998966380326685,1
2002.0,22,15832592.25,505279.65625,10631.545166015625,8100.224365234375,13428795.75,421.8867301940918,229328336.0,12456543.0,94643.265625,56567916.0,1047910.375,82999.1875,12550174.0,1130909.5,11644.07421875,4967491.0,18518380.0,4664463.5,12290.966796875,0.0,0.0,0.017259742653432938,0.018930454934746706,38.44171074410358,664893.4983000001,636430.1875,252850.78467500003,25.564844132558633,18.35189835039587,0.0,0.0,0.0,0.0,0.0,0.0,0.0,0.0,3470496.234375,401045.5078125,166504.63088989258,132219.28985595703,984.4023742675781,0.0,99262713.92266846,23758859.52130127,6047942.804286957,5158858.726211548,15131.670742034912,15131.670742034912,29.201284666766604,56567916.0,0.011250727134794926,0.011753897709436566,0.220205089400854,0.04476947558180506,0.03777713775061308,12594866.0,3237727.375,8550.23779296875,2053.182098388672,0.0,0.0,1.0155160624222839,0.9845424669699878,1.0,1.0,0.48014359504819853,0.4888362255916937,0.27600925872631255,0.2815256476974132,48.55780296958058,47.09920661199615,1
2003.0,23,15531168.25,503732.71875,11644.073486328125,7959.595458984375,13099049.0,590.6414184570312,230896352.0,12129524.0,96415.1875,56828024.0,1025212.875,84039.8359375,12224871.0,1109252.75,12375.345703125,4859488.0,18588976.0,4746169.0,12769.10546875,0.0,0.0,0.016816168938433466,0.01877919580689323,41.937729194778484,688519.1556,631395.625,256507.13640000002,28.077149341316243,18.168788447647703,0.0,0.0,0.0,0.0,0.0,0.0,0.0,0.0,3651991.8671875,319818.26953125,156744.97734069824,124597.20079040527,731.2703094482422,0.0,102914705.78985596,24078677.79083252,6204687.781627655,5283455.927001953,15862.941051483154,15862.941051483154,28.58106630384717,56828024.0,0.011110638388552804,0.012115838403953656,0.21344264935201687,0.043623243620371004,0.03681302310767387,12393316.0,3137852.9375,9394.011108398438,2221.936737060547,0.0,0.0,1.0129927062016724,0.9866223991276413,1.0,1.0,0.48071614640848503,0.4900585013517477,0.26680393575090783,0.2735683428675769,53.078135423742445,50.77577710751875,1
2004.0,24,15390483.5,476535.0703125,11447.193115234375,8550.236572265625,12852104.5,421.88674545288086,232452272.0,11989036.0,96865.203125,57115508.0,1004174.75,83983.5859375,12084861.0,1088158.25,12881.609375,4804924.5,18642696.0,4813755.0,13219.119140625,0.0,0.0,0.016552304874869108,0.017670234279494854,41.04639008436282,707363.429875,586197.5,222193.68175000002,27.34086287981327,19.666805305613412,0.0,0.0,0.0,0.0,0.0,0.0,0.0,0.0,3469286.9296875,301227.1064453125,155113.68047332764,114753.18633270264,590.6414108276367,0.0,106383992.71954346,24379904.897277832,6359801.462100983,5398209.113334656,16453.58246231079,16453.58246231079,30.566676095953486,57115508.0,0.010263368400750284,0.012384787505960728,0.20990859435234296,0.042943423148493594,0.03589875445850004,12297436.0,3093048.1875,9084.62744140625,2250.0625915527344,0.0,0.0,1.0218188577984113,0.9885607688753789,1.0,1.0,0.4777957456661418,0.49103983936520484,0.2622941596930118,0.2674625026459419,51.03653191096893,51.08230839303624,1
2005.0,25,15126241.75,458253.3359375,11559.69580078125,7847.0919189453125,12514707.75,506.26407623291016,234455392.0,11788584.0,98693.375,57505916.0,942860.625,85193.0,11886208.0,1028053.5,13500.376953125,4747182.0,18847478.0,4889498.0,13781.6337890625,0.0,0.0,0.016129125482002137,0.016842312286273083,41.1873594975482,714113.6176750001,593932.125,321196.43615,27.132405540419686,17.083158559904167,0.0,0.0,0.0,0.0,0.0,0.0,0.0,0.0,4493374.7109375,464441.0322265625,162201.37149047852,129153.58477020264,787.5218811035156,0.0,110877367.43048096,24844345.929504395,6522002.833591461,5527362.698104858,17241.104343414307,17241.104343414307,27.874687497563393,57505916.0,0.010328191711614506,0.012418089604467827,0.20499776057823338,0.04215772419607494,0.033492592602591464,12075354.0,3050887.8125,8634.614990234375,2840.7039184570312,0.0,0.0,1.0211070146971493,0.9843570041694928,1.0,1.0,0.47752843310416027,0.49099122726960875,0.25537913334176976,0.26185498901439297,48.09733598916904,63.951979240129695,1
2006.0,26,15095781.75,463766.0,10462.790771484375,8831.49462890625,12412302.25,703.1445617675781,236472000.0,11718382.0,97877.7265625,57949240.0,930850.875,83871.078125,11814965.0,1014721.9375,14006.640625,4733850.0,19044672.0,4941812.0,14428.52734375,0.0,0.0,0.01595937547574343,0.0169092982942101,37.00542819756429,737739.2749750001,604676.125,355509.89080000005,24.95608614415363,18.596424655153985,0.0,0.0,0.0,0.0,0.0,0.0,0.0,0.0,3900708.34375,469475.544921875,136916.29804992676,108256.13124847412,675.0187530517578,0.0,114778075.77423096,25313821.47442627,6658919.131641388,5635618.8293533325,17916.123096466064,17916.123096466064,31.143378003315416,57949240.0,0.010434582489778986,0.01273078430321088,0.20221804461973963,0.04173361536065757,0.03282552034845341,12000933.5,3094848.5,7875.2191162109375,2531.3204345703125,0.0,0.0,1.0183330701467397,0.9848164807213924,1.0,1.0,0.4777663655939773,0.488770553518648,0.2513807326306997,0.25812594967948976,43.49082386416906,56.37826320647144,1
2007.0,27,14931949.0,458450.21875,9900.275634765625,7847.092041015625,12177001.0,646.8929901123047,238684096.0,11598819.0,97455.84375,58412164.0,916281.625,82802.3046875,11694925.0,999083.875,14653.533203125,4712924.5,19250576.0,5005319.5,15216.046875,0.0,0.0,0.01563986588364899,0.016577828994025986,34.75256665357462,760802.4166250001,615279.5625,365353.914675,22.71579331908589,16.82562653374206,0.0,0.0,0.0,0.0,0.0,0.0,0.0,0.0,3647576.1796875,468772.3759765625,154016.77310180664,123050.28476715088,900.0250549316406,0.0,118425651.95391846,25782593.850402832,6812935.904743195,5758669.114120483,18816.148151397705,18816.148151397705,27.465522514378804,58412164.0,0.010533414966444318,0.01302472575104391,0.19856855500166026,0.041239140973094814,0.032070674677204265,11883227.5,3048722.3125,7903.344970703125,1940.6789245605469,0.0,0.0,1.0144773260892617,0.9912818763955588,1.0,1.0,0.48008111127173775,0.4880908789328917,0.24668918775431437,0.2526591641482262,43.272046468703415,42.823363299849674,1
2008.0,28,14750312.5,447874.9140625,10153.407470703125,8212.727172851562,11981697.0,787.5218811035156,240875376.0,11512106.0,97540.21875,58904900.0,888409.0,82324.171875,11608270.0,970733.25,15216.046875,4662073.0,19444842.0,5061937.0,15834.8134765625,285476.6875,0.0,0.015309070550241714,0.016052889044327202,35.370280345495885,781615.495675,576662.875,345384.60910000006,23.617281632523817,16.687646077342357,285476.6875,285476.6875,753489.6875,753489.6875,0.0,0.0,0.0,0.0,3835765.84375,464272.28088378906,142288.32186889648,109381.15664672852,759.3960876464844,0.0,122261417.79766846,26246866.13128662,6955224.226612091,5868050.270767212,19575.54423904419,19575.54423904419,28.52793789286812,58904900.0,0.009789726745992268,0.013269108269006484,0.1954354561335305,0.04048573823189548,0.030860000876743055,11798398.75,2951913.3125,7987.72216796875,2109.4336853027344,39094.8359375,1968.8046875,1.0185566953398515,1.0015133131132514,1.0,1.0,0.47726487043629423,0.4814042341119815,0.24315433345836365,0.24625942087496042,43.37103000845206,46.19307669454236,1
2009.0,29,15031880.0,450181.21875,10237.78515625,8465.859375,12111216.0,618.7671966552734,242745184.0,11472619.0,97399.59375,59365508.0,869733.5625,81846.03125,11568723.0,951579.5625,15553.5556640625,4684123.5,19646868.0,5119482.0,16087.9453125,568984.5625,0.0,0.015481131028329691,0.01600740836662573,35.41114862132279,780490.4643750001,574666.0,314727.50617500005,22.906179740727456,16.55477995544602,283507.875,568984.5625,749833.328125,1503323.015625,0.0,0.0,0.0,0.0,3709734.2578125,471134.9658203125,146844.70351409912,116384.4785232544,506.2640609741211,0.0,125971152.05548096,26718001.097106934,7102068.93012619,5984434.749290466,20081.80830001831,20081.80830001831,29.199628459080415,59365508.0,0.009680132780132194,0.013147204339176212,0.19325395143590787,0.0403900714026588,0.029998014092210687,12034993.5,2996886.3125,8100.2249755859375,1968.8046875,100971.5546875,7593.9609375,1.0230024494030439,0.9956779882275465,1.0,1.0,0.47764571997343125,0.48411593565633904,0.23983288378128687,0.24517380272088574,43.61184831927465,42.82838661356883,1
2010.0,30,15013372.75,465678.5625,8493.98681640625,8381.481689453125,12101313.75,590.6414184570312,244803712.0,11418476.0,95149.5234375,59836340.0,873249.1875,79089.703125,11512332.0,952339.0,16059.8203125,4703474.5,19867712.0,5185353.0,16566.083984375,848892.3125,0.0,0.01533205177664953,0.016435426556066335,29.160911250838183,794272.0978000001,573850.25,305164.740125,19.576012867554915,16.65960268053703,279851.5234375,848836.0859375,743926.9140625,2247249.9296875,0.0,0.0,0.0,0.0,4393359.5390625,482835.296875,148082.22972106934,118887.67539215088,815.6476898193359,0.0,130364511.59454346,27200836.393981934,7250151.1598472595,6103322.424682617,20897.455989837646,20897.455989837646,28.69674840274376,59836340.0,0.009590330056952014,0.013274075550075424,0.19082844973472643,0.04025971461438217,0.029898546766643348,12025572.0,2987801.75,6553.30712890625,1912.5531616210938,195249.17343902588,16312.953125,1.019831171636796,0.994745048316273,1.0,1.0,0.4783131736066021,0.48356759066580896,0.23646702003817538,0.2428123868340458,35.01321685157174,41.2266137413603,1
2011.0,31,15068444.5,440843.4609375,8662.740966796875,8578.362182617188,12075102.0,675.0187683105469,246946608.0,11421261.0,92899.46875,60360208.0,861211.375,76445.875,11512642.0,937657.25,16453.58203125,4688540.0,20073930.0,5246583.0,16875.46875,1132428.25,0.0,0.015254759543002105,0.015423352071532143,29.49759067971144,796803.418225,567747.0,347634.6717,19.544499120658337,17.157818155798722,283789.1328125,1132625.21875,748427.0390625,2995676.96875,0.0,0.0,0.0,0.0,4080853.83984375,473694.3974609375,146479.0589981079,119787.69805145264,646.8929824829102,0.0,134445365.4343872,27674530.79144287,7396630.218845367,6223110.12273407,21544.348972320557,21544.348972320557,29.13443272382467,60360208.0,0.009405981503575998,0.013200806369404825,0.1892183837404934,0.03980886744318075,0.029249062154047465,12074510.25,2993933.125,6778.3133544921875,1856.3016662597656,317343.1898460388,29813.328125,1.0185350099459367,0.9962041312539033,1.0,1.0,0.47838873331809895,0.48466626386742195,0.23505818039707985,0.2373979186621327,35.8916166095988,39.616561898846875,1
2012.0,32,14985894.0,460756.53125,8465.861206054688,7481.4571533203125,12045513.75,759.3960876464844,249034672.0,11361832.0,91943.1875,60835788.0,864727.125,75039.5859375,11452142.0,939766.6875,16903.59375,4681845.5,20250056.0,5295381.0,17325.48046875,1413320.5,0.0,0.015043983514070684,0.016001092582177044,28.615379222423403,800178.5121250001,579869.25,309102.349675,18.239446373547178,15.174376432799601,280695.296875,1413320.515625,759396.09375,3755073.0625,0.0,0.0,0.0,0.0,3888642.2578125,446665.5009765625,141107.04609680176,112615.62950134277,675.0187530517578,0.0,138334007.6921997,28121196.292419434,7537737.264942169,6335725.752235413,22219.367725372314,22219.367725372314,25.224025808324196,60835788.0,0.00953171264914001,0.013153088641261622,0.1867623051089599,0.03946256367657445,0.029154613695111173,11932982.0,3052912.9375,6975.1937255859375,1462.5406494140625,474453.80391311646,40247.99296951294,1.017185704026286,1.0005381699551752,1.0,1.0,0.4792969646681709,0.4821420303016157,0.2312629341216678,0.23748611186946278,36.68275465394994,30.94354042824724,1
2013.0,33,14971241.0,462809.703125,8043.9742431640625,7959.59521484375,12044135.25,871.8992462158203,250825712.0,11348331.0,90227.515625,61245012.0,869227.25,72789.5234375,11436534.0,942016.75,17437.984375,4671579.5,20374796.0,5345304.5,17859.87109375,1686815.5,0.0,0.014921956047313044,0.01597239260622456,27.018552018618056,769802.6670250001,581134.875,278726.504575,16.806207240119022,15.194880612094353,275070.140625,1688390.65625,750958.359375,4506031.421875,0.0,0.0,0.0,0.0,3932996.64453125,405911.2517089844,138660.10216903687,114978.19219207764,618.7672080993652,0.0,142267004.33673096,28527107.544128418,7676397.367111206,6450703.94442749,22838.13493347168,22838.13493347168,26.669929816466535,61245012.0,0.009488689054383726,0.01256923040565328,0.18529396320470964,0.03913223412564253,0.029124885281638393,11841319.75,3129921.25,6187.672119140625,1828.1757507324219,653446.2757987976,54029.62578201294,1.0237704705491704,1.0103208239951766,1.0,1.0,0.4762641628395647,0.4795829061404103,0.22888574861334715,0.23871186920343734,32.35479806642785,38.4897788043363,1
2014.0,34,14959118.75,459490.8515625,8325.232177734375,7931.469482421875,12011763.5,759.3961334228516,252710704.0,11330723.0,88005.5703125,61665520.0,852408.0,70117.578125,11416677.0,922525.625,17887.99609375,4669329.5,20552240.0,5395424.5,18309.8828125,1953645.0,0.0,0.014798659606836441,0.015746900885233343,27.78591901781009,763052.479225,602482.375,323165.24092500005,17.801915761878274,15.634737856020898,268319.953125,1956710.609375,499513.875,5005545.296875,0.0,0.0,0.0,0.0,3901270.75390625,464047.2734375,147379.095703125,122515.89336395264,703.14453125,0.0,146168275.0906372,28991154.817565918,7823776.462814331,6573219.837791443,23541.27946472168,23541.27946472168,26.409909620995357,61665520.0,0.009770166131737801,0.012374054077951504,0.18374487071543386,0.03886939562679649,0.02838316189718146,11782677.5,3176441.4375,7059.571533203125,1265.6602172851562,865964.6789360046,69245.67343902588,1.0230977484172032,1.0270409569769772,1.0,1.0,0.4770614806014375,0.4714271805318903,0.22687086734252374,0.23751889785482788,36.672639786672946,26.501299816636624,1
2015.0,35,14860425.0,453106.3359375,7565.835693359375,7031.4442138671875,12032209.5,675.0187835693359,255053872.0,11261000.0,86318.03125,62174124.0,830104.25,68233.1484375,11345489.0,898337.375,18084.876953125,4671692.0,20749008.0,5447710.5,18534.890625,2217689.75,0.0,0.01456596687150078,0.015392552139991317,25.053600107807366,761927.4479250001,611257.625,421324.22185000003,16.40966401993017,13.288774919072534,266632.40625,2223343.015625,507107.8359375,5512653.1328125,0.0,0.0,0.0,0.0,4311260.35546875,492369.9345703125,146310.30741882324,123753.43086242676,590.6414031982422,0.0,150479535.44610596,29483524.75213623,7970086.770233154,6696973.26865387,24131.920867919922,24131.920867919922,23.231518510089057,62174124.0,0.009831382988202617,0.01225473555405461,0.18112036447831578,0.03858755608036917,0.02742620386740204,11712869.25,3147556.25,5990.7916259765625,1575.0438232421875,1096202.3242607117,87864.94062805176,1.016940570551393,1.0214880919148004,1.0,1.0,0.4774543008226058,0.47422621838871815,0.22364042229909833,0.23388393146970857,30.89168297607397,32.658394695129154,1
2016.0,36,14473274.5,431674.4609375,7706.464599609375,7115.82177734375,11738239.5,871.8992309570312,257540752.0,11158960.0,84911.7421875,62700828.0,825997.875,66404.9609375,11242240.0,892402.875,18506.763671875,4623006.5,20957760.0,5502500.0,18928.65234375,2490116.0,0.0,0.014049499339040527,0.014546445167480512,25.32090102446999,758833.6118500001,604535.5625,423293.02662500006,15.808658055363521,12.820782320091784,275351.3984375,2498694.4140625,515545.5703125,6028198.703125,0.0,0.0,0.0,0.0,4172881.453125,492819.951171875,149769.78009033203,124400.32774353027,590.6414184570312,0.0,154652416.89923096,29976344.703308105,8119856.550323486,6821373.5963974,24722.562286376953,24722.562286376953,23.329342429634664,62700828.0,0.009641588186044369,0.01210244961757124,0.1779714934546,0.0378915131195102,0.027080480477152738,11447334.25,3025940.4375,5653.2822265625,2025.0563354492188,1306076.9039649963,110759.32656860352,1.0162264081069878,1.0214809103021283,1.0,1.0,0.4771962239744358,0.47750812418512634,0.21975080535425334,0.23034248939051408,28.956320150962007,41.63582703279481,1
2017.0,37,14102913.25,428186.8828125,7678.339111328125,7959.59521484375,11510421.0,815.6476898193359,259984032.0,11059760.0,83167.9375,63203728.0,799981.5,64436.1640625,11141044.0,864417.75,18731.76953125,4582674.0,21157256.0,5550819.5,19125.53125,2772105.0,0.0,0.013561326383691133,0.01430601045458273,25.038521855945408,741114.368875,615082.6875,427793.15182500007,16.21721013962722,13.886956247207609,284942.2890625,2783636.703125,535289.8671875,6563488.5703125,0.0,0.0,0.0,0.0,4099444.96875,493044.9453125,148391.6171989441,124062.81425857544,421.8867301940918,0.0,158751861.86798096,30469389.648620605,8268248.16752243,6945436.410655975,25144.449016571045,25144.449016571045,25.901253980059412,63203728.0,0.009731746954863169,0.011725801504540998,0.17498588057970252,0.03728110537595499,0.026032132855459095,11097309.0,3005605.375,6187.671875,1434.4148559570312,1561233.9914894104,132247.42344665527,1.0197462789456093,1.0166777818498554,1.0,1.0,0.4758381483863321,0.4805807225997156,0.21594648270690633,0.22713536721295416,31.464440863316753,29.24462867175814,1
2018.0,38,13852566.25,407570.671875,7087.6976318359375,6947.0670166015625,11375952.0,562.515625,262063376.0,10988377.0,81311.6328125,63634716.0,777396.5,62214.22265625,11067889.0,839610.875,19097.40625,4578145.5,21334388.0,5589239.5,19463.041015625,3059016.0,0.0,0.01321490097303791,0.013511357007491138,22.95222089028912,718613.7428750001,632858.25,389823.34545,14.587744289735225,11.97530830073243,291383.09375,3075019.796875,554077.890625,7117566.4609375,0.0,0.0,0.0,0.0,4085241.4296875,462162.845703125,141472.67696380615,118465.78672027588,534.3898544311523,0.0,162837103.29766846,30931552.49432373,8409720.844486237,7063902.197376251,25678.838871002197,25678.838871002197,22.451581118365464,63634716.0,0.009945172851875381,0.011292794060320787,0.17267896661941573,0.036989208834209586,0.025123955964687982,10855679.75,2996886.5,5681.407958984375,1406.2891082763672,1803031.3329238892,149516.65313720703,1.0198404757045936,1.0099905831326825,1.0,1.0,0.4767913153784147,0.47968369140894557,0.21277408205404436,0.22547640160707613,28.698563513474532,28.47915700650856,1
2019.0,39,13373639.5,405348.734375,6693.936279296875,6075.168212890625,11069098.5,843.7734527587891,264110080.0,10858943.0,80158.484375,64017904.0,769999.5,60695.4296875,10937104.0,830694.9375,19463.041015625,4500912.0,21506774.0,5628109.0,19856.802734375,3680877.25,0.0,0.012659152861564391,0.013352578137737601,21.547021903466476,701175.757725,617473.375,349884.7343,13.5848932763182,11.374604458031433,626079.8828125,3701099.6796875,805803.6328125,7923370.09375,0.0,0.0,0.0,0.0,4100654.4609375,450321.873046875,148025.984375,121981.50880050659,562.515625,0.0,166937757.75860596,31381874.367370605,8557746.828861237,7185883.706176758,26241.354496002197,26241.354496002197,19.517146673096896,64017904.0,0.009645323205208342,0.010952807166648256,0.16962353219186932,0.03614918821519527,0.02473708159689081,10454099.5,2919540.4375,5090.7664794921875,1603.1696166992188,2124199.629055023,174576.72423171997,1.022507348928739,1.0132887535007702,1.0,1.0,0.4769483005509671,0.4790335450776423,0.20856390509754913,0.2225873029975155,25.5293463988998,32.326121197819006,1
2020.0,40,13154906.0,407486.3125,6862.69091796875,7453.3314208984375,10884790.75,590.6414184570312,265760512.0,10867915.0,77514.65625,64375584.0,760549.1875,57939.1171875,10943432.0,818488.3125,19575.544921875,4492587.0,21643942.0,5654603.5,19969.3046875,4309770.0,0.0,0.012374774849922023,0.013342970993037783,21.96622804797996,675018.78,705535.1875,435387.1131,15.490818804577946,13.12639755957556,635080.1484375,4336179.828125,1042341.4609375,8965711.5546875,0.0,0.0,0.0,0.0,4237964.46875,455834.5341796875,143722.74180984497,117622.01055526733,478.1382942199707,0.0,171175722.22735596,31837708.901550293,8701469.570671082,7303505.716732025,26719.492790222168,26719.492790222168,23.81260001102378,64375584.0,0.010959670478484514,0.010485633497320972,0.16882044906963484,0.035883342362102326,0.024298736454769827,10213681.0,2941225.5625,5878.2884521484375,984.4024047851562,2473071.8197288513,202590.0023612976,1.020764428936765,1.004477624537996,1.0,1.0,0.4778235331088157,0.480510853579552,0.2070631779389299,0.2224187372337818,29.281716146248936,19.700331043249488,1
2021.0,41,12793546.0,400764.2265625,7143.9488525390625,6243.9228515625,10607188.5,731.2703247070312,266793280.0,10723516.0,76699.0,64563864.0,748427.0,56926.59375,10798415.0,805353.625,19772.42578125,4443704.5,21727024.0,5643353.0,20109.93359375,4938831.0,0.0,0.011988257350410026,0.013076435441050471,22.795481803329604,681206.45215,679125.125,204193.18095,15.155287163653039,10.422892552384871,652799.3984375,4988979.2265625,1063154.546875,10028866.1015625,0.0,0.0,0.0,0.0,4240720.90234375,493129.3154296875,137197.55585479736,111153.08380508423,534.3898391723633,0.0,175416443.1296997,32330838.21697998,8838667.126525879,7414658.800537109,27253.88262939453,27253.88262939453,19.887482253650642,64563864.0,0.010518656767506976,0.010550893486641382,0.16609160814786425,0.03538404320694901,0.023838104721182272,9923900.75,2869645.125,5568.9049072265625,1575.0437927246094,2818597.0424194336,237212.83908081055,1.0138606045916418,1.0025251428196345,1.0,1.0,0.4799169985098644,0.480893905735176,0.20303418777788795,0.22051821271954106,27.657495131185215,31.306429260590868,1
2022.0,42,12828534.25,368025.828125,5372.0245361328125,6187.6707763671875,10624149.25,675.0187683105469,268892320.0,10772061.0,74477.0703125,65054400.0,719907.4375,54367.140625,10844795.0,774274.5625,20109.93359375,4476499.5,21961340.0,5651566.0,20503.6953125,5572420.5,0.0,0.011927204029107265,0.011902541500403508,17.007894356163003,673612.490875,655555.75,519764.46060000005,11.55675803548494,10.141807064800993,642111.5859375,5631090.8125,1103374.3984375,11132240.5,0.0,0.0,0.0,0.0,4282740.6953125,550505.9404296875,133878.70664215088,106174.81993103027,618.7671890258789,0.0,179699183.8250122,32881344.157409668,8972545.83316803,7520833.62046814,27872.64981842041,27872.64981842041,19.556578017158326,65054400.0,0.010077039370127156,0.010354603084111144,0.1655854331144396,0.035370745664864846,0.02275319175088221,9899065.75,2929468.875,4331.370361328125,1040.6539306640625,3222652.0159072876,266491.7773628235,1.0195896656027843,1.0064098418998733,1.0,1.0,0.47769572081130535,0.48150395308506055,0.20248053659812246,0.21701237214071295,21.293688579373164,20.483182109198413,1
2023.0,43,12684277.5,382791.8671875,6468.9300537109375,5822.0355224609375,10464929.25,1068.7796936035156,271179488.0,10791216.0,73886.421875,65589776.0,703144.5,53523.37109375,10863105.0,756667.8125,20363.06640625,4497453.0,22209410.0,5666022.5,20813.078125,6227442.0,0.0,0.011693618121293894,0.01226572538535359,20.305592036705903,673049.9752250001,667143.5,570953.3847500001,13.656397776154817,9.895879348852684,661799.6484375,6292890.4609375,661799.6484375,11794040.1484375,0.0,0.0,0.0,0.0,4226207.94140625,536105.5185546875,127437.9062576294,103587.24415588379,421.88672637939453,0.0,183925391.76641846,33417449.675964355,9099983.73942566,7624420.864624023,28294.536544799805,28294.536544799805,18.24437626474696,65589776.0,0.010171455685410483,0.01026150745239624,0.16452588586367486,0.03523390764641524,0.022034274399385448,9752670.75,2931606.625,5034.5150146484375,1434.4148254394531,3678430.3011131287,306824.14767837524,1.0188428595141605,1.0035639690515363,1.0,1.0,0.47820783224295615,0.48174399699720377,0.20076158192273227,0.21474512031158263,24.46200748735097,27.897969631461464,1
2024.0,44,12685599.25,361810.03125,5540.7794189453125,5568.9039306640625,10474661.25,871.8992462158203,273281344.0,10833995.0,72255.1328125,66077216.0,676312.5,51610.8125,10904084.0,727923.3125,20644.32421875,4508366.0,22429158.0,5672463.5,21038.0859375,6898241.5,0.0,0.011604889547454802,0.011493194457695647,17.25826752235094,669393.6235000001,690684.8125,560265.5874000001,11.310053476058204,8.943290820794703,681768.921875,6974659.3828125,681768.921875,12475809.0703125,0.0,0.0,0.0,0.0,4241311.49609375,532983.5517578125,127325.40860748291,101702.81466293335,365.63516998291016,0.0,188166703.2625122,33950433.22772217,9227309.148033142,7726123.679286957,28660.171714782715,28660.171714782715,17.318029218012846,66077216.0,0.010452692384921301,0.010130475586320103,0.16395961657948785,0.035049991473001384,0.02103178611326964,9735710.75,2949888.25,4218.8673095703125,1321.9117584228516,4150240.281639099,346340.87033843994,1.0189677951362754,1.0063878169585705,1.0,1.0,0.47876620490321986,0.48113267396157366,0.20022617397428014,0.21087726729410544,20.286335424790643,25.466525807226564,1
2025.0,45,12678231.5,377251.078125,6215.7982177734375,5822.0355224609375,10504755.25,815.6476593017578,275056640.0,10951250.0,71214.484375,66525736.0,693609.875,50260.77734375,11020469.0,743870.625,20953.70703125,4550245.0,22589250.0,5671648.0,21431.84765625,7564597.0,0.0,0.011523291620954869,0.011905384968931117,19.225635702912214,666581.0452500001,687703.5,513858.04627500003,13.074528310271848,9.505282567370251,676453.171875,7651112.5546875,676453.171875,13152262.2421875,0.0,0.0,0.0,0.0,4210344.984375,472428.7626953125,119984.5800857544,97596.45136642456,562.5156326293945,0.0,192377048.2468872,34422861.99041748,9347293.728118896,7823720.130653381,29222.68734741211,29222.68734741211,17.979765822424543,66525736.0,0.010337405361437865,0.010019897340932839,0.16461674321047723,0.03513047078596174,0.02142024567955534,9735317.5,2942912.9375,4753.257141113281,1462.5406494140625,4659851.31218338,388895.17737197876,1.0187538253478834,1.00477256909292,1.0,1.0,0.47809519960631724,0.4806632295756204,0.20076000231492663,0.2106748203337752,22.64068085083481,27.92531097636285,1
2026.0,46,12720250.5,371344.640625,6468.93017578125,5287.6458740234375,10470386.0,900.0249938964844,276619872.0,11048483.0,70876.96875,66923636.0,688715.9375,49613.8828125,11117165.0,738329.875,21263.091796875,4581155.5,22733622.0,5680535.5,21628.7265625,8218522.5,0.0,0.011496146686815038,0.011645896410996578,19.888850447923648,665174.7561250001,682190.8125,465200.44255000004,13.46985451413067,8.057739358249517,667424.7734375,8318537.328125,667424.7734375,13819687.015625,0.0,0.0,0.0,0.0,4273149.82421875,458928.37890625,126509.7587966919,106709.20918655396,421.88672637939453,0.0,196650198.07110596,34881790.36932373,9473803.486915588,7930429.339839935,29644.574073791504,29644.574073791504,16.232208682404767,66923636.0,0.010193570661641876,0.009939309874391762,0.16509089553950715,0.03515849673664093,0.021142453724669552,9776690.25,2943559.75,5203.2696533203125,1265.6601867675781,5189375.395843506,435387.093788147,1.0196163038830468,1.0091639640767023,1.0,1.0,0.4786564827212151,0.4802686292685469,0.20030396906180883,0.21254106379272675,24.557011981584672,23.97378921484665,1
2027.0,47,13162556.5,376801.0546875,5484.527648925781,5512.6524658203125,10887069.0,843.7734527587891,277846720.0,11305861.0,69245.671875,67293008.0,691500.4375,47729.453125,11373024.0,739229.875,21516.224609375,4703080.5,22862438.0,5679663.5,22022.48828125,8861590.0,0.0,0.011843361422441842,0.011751154773145662,16.7677461823483,663768.4670000001,720976.25,479825.84945000004,11.576319304293142,9.792015520846494,653080.6328125,8971617.9609375,653080.6328125,14472767.6484375,0.0,0.0,0.0,0.0,4320204.44921875,449196.859375,123894.05863189697,101309.05819702148,703.1445693969727,0.0,200970402.5203247,35330987.22869873,9597697.545547485,8031738.398036957,30347.718643188477,30347.718643188477,16.829174138929737,67293008.0,0.010713984579200263,0.009863854904509545,0.1680094460928244,0.03589422751327339,0.021110311872529576,10118671.5,3043884.625,4359.496276855469,1125.031265258789,5734312.407649994,475860.0930137634,1.020572906186481,1.0017297200259192,1.0,1.0,0.47903675202563634,0.48470617986359676,0.20391618665962266,0.21301368810579593,20.387146153245308,21.15719292069352,1
2028.0,48,13233349.0,366928.90625,5822.036865234375,5428.27490234375,10934151.25,787.5218963623047,279181280.0,11481224.0,68430.03125,67666720.0,692119.1875,46660.67578125,11547406.0,738779.875,21769.35546875,4807343.0,23012626.0,5674460.5,22247.494140625,9517006.0,0.0,0.011850139987896037,0.011377559780530316,17.69848067879714,664330.98265,694566.125,451418.809125,11.930609842001736,9.033706449615478,668831.0859375,9640449.046875,668831.0859375,15141598.734375,0.0,0.0,0.0,0.0,4231945.46484375,460053.4169921875,126481.63710784912,97483.95430755615,506.2640609741211,0.0,205202347.98516846,35791040.64569092,9724179.182655334,8129222.352344513,30853.982704162598,30853.982704162598,16.47810563577238,67666720.0,0.010264515924519468,0.00981769151290324,0.16967312735122966,0.03648300206166239,0.02101001384297197,10092430.75,3140918.4375,4556.376770019531,1265.6601867675781,6315391.048358917,521789.49379730225,1.0187846838112864,1.0130285899241742,1.0,1.0,0.4783761022677875,0.47984067325739943,0.20466004412062597,0.21715939332894701,21.105485374336485,23.62291582696057,1
2029.0,49,13131842.5,365269.4921875,5400.1505126953125,4837.634033203125,10860349.0,562.5156402587891,280533568.0,11628014.0,67558.125,68018720.0,685200.25,45620.01953125,11693547.0,730820.25,21938.111328125,4872595.0,23184502.0,5682363.5,22528.75390625,10163645.0,0.0,0.01170255897861036,0.011262349150483016,16.32828010094838,665174.7561250001,694706.75,428636.92530000006,11.313336484732321,7.65599273051728,659830.828125,10300279.875,659830.828125,15801429.5625,0.0,0.0,0.0,0.0,4272137.3203125,477406.982421875,125497.22891616821,100409.03242492676,506.2640724182129,0.0,209474485.30548096,36268447.62811279,9849676.411571503,8229631.38476944,31360.24677658081,31360.24677658081,14.607265913848792,68018720.0,0.01021346402872621,0.009779289526839083,0.17095314348755755,0.036782076923852706,0.020689663970630108,10016462.5,3115380.25,4415.7476806640625,984.4024047851562,6919420.326572418,575650.364894867,1.0182716157894236,1.0072689726601003,1.0,1.0,0.47819270164616695,0.4792409543410368,0.206094763017506,0.21599123051601438,20.279993172925085,18.20953562571112,1
2030.0,50,13621962.5,380879.2734375,5822.037109375,4275.118408203125,11256951.0,478.13830184936523,281475232.0,11923448.0,67783.1328125,68344040.0,701147.5,45507.515625,11989459.0,746655.125,22275.62109375,5003211.0,23358208.0,5675501.0,22922.51171875,10789303.0,0.0,0.012098722153287007,0.011692137746449425,17.519731613723728,666581.0452500001,691416.125,407823.84625000006,12.677085669267525,7.1147132757633,640705.296875,10940985.171875,640705.296875,16442134.859375,0.0,0.0,0.0,0.0,4326138.91796875,494704.392578125,119056.4218826294,95683.8994064331,703.1445388793945,0.0,213800624.2234497,36763152.02069092,9968732.833454132,8325315.284175873,32063.391315460205,32063.391315460205,12.847135487286392,68344040.0,0.010116699641987801,0.009753316386476422,0.17446214768690876,0.037587806612061694,0.021070146061423774,10351862.75,3270100.1875,4725.131408691406,1068.7797241210938,7498755.168849945,624786.1047439575,1.020589806832812,1.0138794558536377,1.0,1.0,0.47675093351749703,0.4781910500502226,0.21012573430491052,0.21825866748018252,21.548628778004474,19.641288711221534,1
2031.0,51,13637038.25,362597.5390625,5118.892639160156,5203.26904296875,11319306.25,506.2640686035156,282513920.0,12169519.0,66489.34375,68652360.0,698981.875,43932.47265625,12234012.0,742914.3125,22556.87890625,5136330.0,23538554.0,5674882.5,23231.8984375,11392376.0,0.0,0.012067580820442405,0.011080998051961225,15.336351947527971,668268.5922000001,728851.5,423855.542275,10.511212136880962,9.081357789449433,621298.515625,11562283.6875,621298.515625,17063433.375,0.0,0.0,0.0,0.0,4360227.2734375,504857.7724609375,122319.01699829102,101168.42696762085,506.2640686035156,0.0,218160851.4968872,37268009.793151855,10091051.850452423,8426483.711143494,32569.65538406372,32569.65538406372,15.568654193902423,68652360.0,0.010616554186920887,0.009734094970660878,0.17726293750134736,0.038420916223727494,0.020914173397175776,10382210.75,3254828.0,3993.861083984375,1096.9054870605469,8078624.400985718,674146.8508491516,1.0218582481249256,1.0080041114284963,1.0,1.0,0.476291071422394,0.47992579952216297,0.21298870556518415,0.22099669114506704,18.077589150019367,20.022589905395606,1
2032.0,52,13946168.5,399076.6796875,5484.5274658203125,4528.25048828125,11556350.25,956.2765502929688,283426016.0,12399475.0,66489.34375,68931856.0,717882.375,43791.84375,12463940.0,761674.1875,22697.5078125,5257017.5,23708572.0,5682223.0,23344.400390625,11983439.0,0.0,0.012301418811884932,0.012156253082147957,16.370251845540913,671362.4282750001,721032.5,391510.8924,11.353983291651424,7.844369418501398,610891.9921875,12173175.6796875,610891.9921875,17674325.3671875,0.0,0.0,0.0,0.0,4391137.4921875,504829.658203125,134722.4906387329,109212.40781402588,365.63516998291016,0.0,222551988.9890747,37772839.45135498,10225774.341091156,8535696.11895752,32935.29055404663,32935.29055404663,13.498306689010525,68931856.0,0.01046007668791045,0.009739508947430635,0.17988018485966778,0.039176738714066475,0.02139942675314167,10617820.5,3328348.75,4275.118835449219,1153.1570434570312,8658324.878429413,720385.6352348328,1.024361592172283,1.0134305156349965,1.0,1.0,0.4753118541863217,0.4772124030032206,0.21579709554610754,0.22293312113819705,19.220118775824975,20.938986041774477,1
2033.0,53,14161415.75,389992.046875,6131.4208984375,4612.6278076171875,11723614.0,703.14453125,284262208.0,12591742.0,66489.34375,69214544.0,719119.875,43960.6015625,12656039.0,763080.5,22528.75390625,5318247.5,23883344.0,5681098.5,23175.646484375,12558161.0,0.0,0.01245453612145305,0.011831207496918638,18.227577659393017,674175.0065250001,741648.6875,401636.17410000006,12.195601726853363,8.237617023206845,594579.0234375,12767754.703125,594579.0234375,18268904.390625,0.0,0.0,0.0,0.0,4363039.951171875,524602.0703125,133569.3281288147,111153.0830154419,421.88672256469727,0.0,226915028.94024658,38297441.52166748,10359343.66921997,8646849.201972961,33357.17727661133,33357.17727661133,13.694590350609763,69214544.0,0.010715214529189125,0.009740366223101897,0.1819233541436031,0.039473822695699996,0.021350198871116055,10702422.75,3458993.0625,4865.7603759765625,1265.660171508789,9239234.764492035,767355.6899375916,1.0248562069727343,1.01785348222331,1.0,1.0,0.47442001867603484,0.4762715170407092,0.21747791898453175,0.2259349736879703,21.74230067263398,22.808138199031706,1
2034.0,54,14397220.75,377785.46875,5625.156494140625,4443.87353515625,11927441.25,871.8992309570312,285171232.0,12780384.0,66404.9609375,69483600.0,713916.625,43848.09375,12844650.0,757764.8125,22556.87890625,5393568.5,24047234.0,5663013.5,23231.8984375,13131225.0,0.0,0.012621557799701198,0.011416174914765499,16.66111166526278,678956.3895500001,764486.875,413449.00275000004,11.9311851652167,7.668719504908447,594579.03125,13362333.734375,594579.03125,18863483.421875,0.0,0.0,0.0,0.0,4353955.140625,515236.2158203125,119450.1836013794,98665.24140167236,421.88672637939453,0.0,231268984.08087158,38812677.73748779,10478793.85282135,8745514.443374634,33779.06400299072,33779.06400299072,13.145205812796322,69483600.0,0.011002407402610112,0.009771462468121975,0.1839338203547312,0.039886130555368216,0.021118019886387167,10905350.0,3491871.9375,4443.873596191406,1181.2828521728516,9796969.006816864,823466.6235427856,1.0226040417245013,1.0111237461776337,1.0,1.0,0.4729859245596444,0.4766006772404139,0.21908803260357138,0.2290133956281434,19.754445440931097,21.12856802369475,1
2035.0,55,14648975.75,398092.28125,5793.911376953125,4246.992980957031,12188645.75,703.1445503234863,285847648.0,13121858.0,66854.9765625,69737984.0,724154.4375,44213.73046875,13186913.0,768368.1875,22641.25390625,5573067.5,24219618.0,5663970.0,23400.65234375,13688761.0,0.0,0.012811873608629447,0.011992099053721708,17.103214641351013,685144.0617000001,741676.875,369291.52422500006,12.366012857926457,7.570310657346142,587547.5703125,13949881.3046875,587547.5703125,19451030.9921875,0.0,0.0,0.0,0.0,4459286.15625,519455.060546875,129828.59747314453,106484.20137405396,309.38360595703125,0.0,235728270.23712158,39332132.79803467,10608622.450294495,8851998.644748688,34088.447608947754,34088.447608947754,12.520480264120456,69737984.0,0.010635192365182223,0.009824546429389184,0.18815941108937131,0.04107463913716974,0.02134866100214479,11168775.75,3480199.6875,4528.250915527344,1265.660171508789,10341821.641330719,867370.9680900574,1.022738058885578,1.0109077611052542,1.0,1.0,0.4731640310171765,0.4762640978958531,0.22433024803297122,0.2316576236839987,20.028413557627402,22.55435625046581,1
2036.0,56,14907339.25,420536.65625,5034.5150146484375,4275.1185302734375,12403583.0,731.2703094482422,286586528.0,13400613.0,66348.7109375,69983904.0,744376.9375,43538.7109375,13464769.0,787915.625,22810.01171875,5707424.0,24394782.0,5659469.0,23653.78515625,14243007.0,0.0,0.013004221930836888,0.012634664407957836,14.81384840694345,690769.2182000001,761589.875,376041.712025,10.779682534114318,7.404321157946075,576859.75,14526741.0546875,576859.75,20027890.7421875,0.0,0.0,0.0,0.0,4480802.3984375,526008.376953125,129997.35311889648,108734.26289367676,478.1382751464844,0.0,240209072.63555908,39858141.17498779,10738619.803413391,8960732.907642365,34566.58588409424,34566.58588409424,12.56326133537223,69983904.0,0.010882357677559686,0.009870401316851374,0.19148135834205535,0.041930918848225085,0.021874953715583643,11376766.0,3530573.0625,3712.603271484375,1321.9117736816406,10888389.948516846,907675.2126312256,1.0251808483434108,1.0206133763313923,1.0,1.0,0.4729101919592919,0.47545257890150655,0.2283560596749904,0.23388935157402035,16.34078016225266,23.486378856551816,1
2037.0,57,14904694.75,416345.9140625,5315.77294921875,4443.872985839844,12477160.75,703.1445465087891,287403872.0,13482403.0,66179.953125,70216520.0,739342.375,43398.08203125,13546642.0,782740.4375,22781.884765625,5740387.5,24547986.0,5653563.0,23597.53125,14800404.0,0.0,0.012964939064912806,0.012467460126279003,15.593098269197661,696956.8903500001,779534.125,370135.29770000005,11.25291213029982,7.693056206380229,584172.46875,15110913.5234375,584172.46875,20612063.2109375,0.0,0.0,0.0,0.0,4477286.625,527695.890625,142091.44219970703,117059.49766540527,309.38360595703125,0.0,244686359.26055908,40385837.06561279,10880711.245613098,9077792.40530777,34875.96949005127,34875.96949005127,13.018924695847794,70216520.0,0.011101862140134543,0.00992582501026824,0.19201183710044303,0.04204309665556413,0.021660031092799462,11331483.75,3573211.875,4106.3641357421875,1209.4086303710938,11436308.293201447,950904.5384254456,1.0212992949521658,1.0246153849532726,1.0,1.0,0.47368908890967554,0.4733965797175498,0.22857288093520306,0.2347718896156951,17.98971167151265,21.414129971273873,1
2038.0,58,15246395.75,413252.0859375,5315.7730712890625,4668.8792724609375,12734032.0,562.5156478881836,288011360.0,13740344.0,65729.953125,70440216.0,750227.0625,43060.57421875,13804274.0,793287.625,22669.3828125,5872297.0,24705770.0,5650610.0,23485.029296875,15355804.0,0.0,0.013234196517456812,0.012343563092373343,15.549414323039572,703707.0781500001,750199.0,329071.65525,10.707574375100345,8.41851864870365,583609.953125,15694523.4765625,583609.953125,21195673.1640625,0.0,0.0,0.0,0.0,4492924.76953125,513183.0341796875,123725.31074905396,108059.24433898926,253.13203811645508,0.0,249179284.03009033,40899020.09979248,11004436.556362152,9185851.649646759,35129.101528167725,35129.101528167725,13.639974568227514,70440216.0,0.010650151896183851,0.009990132315181999,0.195063910650132,0.04288929797860224,0.021917632596017502,11610941.25,3635454.1875,4078.2384033203125,1237.5343933105469,11961416.629299164,995821.4110946655,1.02439383371177,1.030795574756469,1.0,1.0,0.4726854129223867,0.475995973100325,0.23247815994529125,0.23685883703776256,17.793027125818075,21.87215754549761,1
2039.0,59,15304897.5,452375.0390625,5343.8985595703125,4697.0050048828125,12843638.75,984.4023895263672,288747424.0,13916440.0,65364.3125,70660056.0,779393.4375,42554.3125,13979638.0,821947.75,22810.01171875,5932599.0,24850672.0,5647038.0,23625.658203125,15905945.0,0.0,0.013251111722472024,0.013486081216703038,15.58865714730699,710738.523775,771574.5625,336665.616525,11.311682928985665,7.721920073059125,578294.1796875,16272817.65625,578294.1796875,21773967.34375,0.0,0.0,0.0,0.0,4503190.6875,507079.7138671875,132866.18515014648,106427.95412063599,618.7671813964844,0.0,253682474.71759033,41406099.81365967,11137302.741512299,9292279.603767395,35747.86870956421,35747.86870956421,13.684620114193219,70660056.0,0.010919529450981472,0.01005856156942474,0.19694917875525034,0.04321123967317771,0.022707455283941726,11706990.75,3597906.125,4218.8673095703125,1125.031234741211,12472237.068531036,1036547.5423583984,1.0310130067709857,1.0290811894307512,1.0,1.0,0.47117392973130984,0.4740505202935173,0.23530176402692027,0.23621111188241686,18.343284063115952,19.84008859725762,1
2040.0,60,15492862.0,432377.6171875,5175.14404296875,4246.992858886719,13045357.0,618.7671966552734,289410912.0,14086797.0,65308.0625,70873088.0,791375.0625,42441.80859375,14150052.0,833816.875,22866.26171875,5986628.5,24967340.0,5632046.5,23653.78515625,16451754.0,0.0,0.013383101118177603,0.012859645731470448,15.056384413476579,716644.9381,794103.25,349040.960825,10.219091446970905,7.661443658548999,573484.65625,16846302.3125,573484.65625,22347452.0,0.0,0.0,0.0,0.0,4545604.40234375,497348.1982421875,135200.62969589233,111996.85489654541,309.383602142334,0.0,258228079.11993408,41903448.011901855,11272503.37120819,9404276.45866394,36057.25231170654,36057.25231170654,12.340815299750448,70873088.0,0.011204580926401852,0.010111665207814848,0.19876087521401636,0.04348952249362182,0.022995596657774987,11896474.25,3596387.375,4190.7415771484375,984.4023742675781,12983648.149162292,1081633.169719696,1.0308064516361515,1.03384644128149,1.0,1.0,0.47087773554548723,0.4726276148454908,0.23797890467276503,0.235968093939462,18.167187618170033,17.306171407475432,1
2041.0,61,15625897.25,429902.5625,5568.9051513671875,4837.6337890625,13215152.5,703.1445617675781,289971456.0,14306094.0,65054.9296875,71083952.0,791459.375,42329.3046875,14369152.0,833788.75,22725.6328125,6078347.0,25088194.0,5623721.5,23653.78515625,16994018.0,0.0,0.01347192708685092,0.012751644134552105,16.159257256366832,723113.8680750001,804538.0,350728.507775,11.139044925697382,8.089873243844448,574047.203125,17420349.515625,574047.203125,22921499.203125,0.0,0.0,0.0,0.0,4595133.78125,496195.0390625,137113.18321228027,114050.03555297852,337.50938415527344,0.0,262823212.90118408,42399643.050964355,11409616.554420471,9518326.494216919,36394.76169586182,36394.76169586182,14.020111279834842,71083952.0,0.011318138304972126,0.010172673968310036,0.2012563116918429,0.0440396612544979,0.022937553760386913,11949941.25,3675955.25,4218.8673095703125,1350.0375366210938,13500881.26651764,1120446.7478599548,1.0336236417929179,1.0434685112473625,1.0,1.0,0.47008331724738467,0.46746362501455685,0.24132835892231455,0.23740090709192077,18.23910052455634,23.706279823090444,1
2042.0,62,15743265.0,423152.3515625,5934.5401611328125,4078.2383422851562,13386268.75,618.7672119140625,290750272.0,14397784.0,65758.078125,71297312.0,782487.25,42948.0703125,14461433.0,825435.375,22810.01171875,6138255.0,25208574.0,5641356.5,23569.40625,17540222.0,0.0,0.01353675861737457,0.012512849653417207,17.173210508908497,728176.5089250001,790447.0,331321.71785,11.060054350225183,6.961942324705495,579109.8203125,17999459.3359375,579109.8203125,23500609.0234375,0.0,0.0,0.0,0.0,4612853.0859375,489894.8798828125,150219.79061889648,126341.00859451294,478.1382751464844,0.0,267436065.98712158,42889537.93084717,11559836.345039368,9644667.502811432,36872.8999710083,36872.8999710083,11.786845996270616,71297312.0,0.011086631148170075,0.010213239300311911,0.2019400675301756,0.044351666270133865,0.02261529595797816,12178069.75,3565196.125,4725.1312255859375,1209.4086303710938,14006864.071372986,1169948.1228752136,1.03616732188869,1.0395494317819027,1.0,1.0,0.470377538184187,0.4680977892944225,0.2432921951630133,0.23349197762088073,20.392234808374763,21.128352904778957,1
2043.0,63,15840862.0,466466.0703125,5428.276123046875,4640.753356933594,13505410.25,956.276611328125,291421056.0,14573148.0,65673.6953125,71494328.0,835110.625,42891.8203125,14636797.0,878002.4375,22781.884765625,6183397.0,25293234.0,5648247.0,23541.28125,18072250.0,0.0,0.013589325199617697,0.013783064813212904,15.672515636741009,731551.6028250001,827432.375,355228.632975,11.252926682195811,7.633500220475246,568422.046875,18567881.3828125,568422.046875,24069031.0703125,0.0,0.0,0.0,0.0,4591646.2890625,471894.341796875,142653.96133041382,119225.17852401733,365.63515853881836,0.0,272027712.2761841,43361432.27264404,11702490.306369781,9763892.68133545,37238.53512954712,37238.53512954712,13.38220821150559,71494328.0,0.011573398871586009,0.010232302663576333,0.20383642182076317,0.04457654810763039,0.024081487215202767,12296197.75,3544664.0625,4162.61572265625,1265.66015625,14498671.482513428,1213824.3416404724,1.0369318768197684,1.0434935985665112,1.0,1.0,0.470759844429876,0.46763371705082507,0.24627469389988932,0.23280237895531292,17.924706951288467,22.057958492284676,1
2044.0,64,15999660.75,458253.34375,5259.521484375,4640.753723144531,13672224.0,703.1445159912109,292002144.0,14778186.0,65336.1875,71689752.0,836066.9375,42694.9375,14841441.0,878761.875,22641.25390625,6269630.5,25380790.0,5668863.0,23456.904296875,18610408.0,0.0,0.013698239104367672,0.013510711178469505,15.152252288781195,732676.6341250001,797928.375,329634.1709,9.556905062226924,8.370544538471865,576859.7734375,19144741.15625,576859.7734375,24645890.84375,0.0,0.0,0.0,0.0,4623681.42578125,467619.25,157813.74961090088,134047.46953582764,196.8804702758789,0.0,276651393.70196533,43829051.52264404,11860304.055980682,9897940.150871277,37435.415599823,37435.415599823,13.353208321405248,71689752.0,0.011130299000057917,0.010220102785751025,0.20614084423112525,0.0451002612717878,0.02405681631282959,12518251.5,3481409.1875,3796.9805908203125,1462.5406494140625,15011066.965515137,1258431.8307228088,1.0376701594616793,1.0396730173991582,1.0,1.0,0.47114313713440686,0.4694888351105958,0.2498625390683297,0.23210262038165058,16.314377346045262,25.444919492735707,1
2045.0,65,15892585.25,458562.7265625,5597.0306396484375,4050.1126708984375,13678439.75,590.6414184570312,292660000.0,14848387.0,65561.1953125,71866208.0,839695.1875,43060.57421875,14911952.0,882755.6875,22500.626953125,6279390.0,25424188.0,5671732.0,23428.77734375,19142350.0,0.0,0.013575980019476526,0.013494487633271955,16.09354022604029,732676.6341250001,829682.375,337228.13217500004,10.503074295112793,7.247336341827198,569547.0546875,19714288.2109375,569547.0546875,25215437.8984375,0.0,0.0,0.0,0.0,4714077.796875,442137.2861328125,153679.26486206055,132247.41816711426,534.3898620605469,0.0,281365471.49884033,44271188.808776855,12013983.320842743,10030187.569038391,37969.805461883545,37969.805461883545,11.631175827178854,71866208.0,0.011544819158957156,0.010195008955043239,0.20661152735371818,0.04508312182413118,0.024114495473731793,12457583.75,3435001.6875,4556.376708984375,1040.6538848876953,15518849.820381165,1294967.2205810547,1.0389728963399347,1.044918295324675,1.0,1.0,0.4716545905290778,0.4701948321710964,0.25097424953053427,0.23052679512550328,19.533958953825646,18.079912829610365,1
2046.0,66,16018167.0,454343.859375,5793.9112548828125,4584.502014160156,13814287.5,843.7734527587891,293231232.0,15053340.0,65617.4453125,72038472.0,826110.4375,43060.57421875,15116707.0,869171.0,22556.87890625,6383877.5,25479932.0,5690127.0,23456.904296875,19680230.0,0.0,0.013656600365134367,0.013341315577828902,16.630794474966777,732395.3763000001,812441.25,314164.99052500003,10.883200317253433,7.550027263360167,578828.578125,20293116.7890625,578828.578125,25794266.4765625,0.0,0.0,0.0,0.0,4665954.44921875,443065.447265625,155985.57460784912,132697.4375114441,506.2640609741211,0.0,286031425.9480591,44714254.25604248,12169968.895450592,10162885.006549835,38476.069522857666,38476.069522857666,13.143071361585921,72038472.0,0.011277880102731773,0.010166725583796393,0.20896251103160546,0.04575401934984928,0.02368333223341924,12610812.5,3407353.9375,4612.628173828125,1181.2828369140625,16018785.582317352,1338534.05575943,1.0407360585025123,1.053492191556789,1.0,1.0,0.4715238170625598,0.46981417943448067,0.25442297331962666,0.2308615311563164,19.744358906745965,20.50701185090753,1
2047.0,67,16171115.0,481597.7421875,5287.647216796875,4640.75341796875,14036565.5,646.8929901123047,293669440.0,15243949.0,65251.80859375,72204704.0,846389.0625,42441.80859375,15306894.0,888830.875,22810.01171875,6462742.0,25515314.0,5694064.0,23681.91015625,20202696.0,0.0,0.013766426462351683,0.014123180904519453,15.149222022938613,729301.5402250001,850664.25,350447.24995,10.14794247312142,6.943748775243317,567578.2421875,20860695.03125,567578.2421875,26361844.71875,0.0,0.0,0.0,0.0,4645788.3125,438480.9267578125,150051.0472869873,125244.10508346558,506.2640838623047,0.0,290677214.2605591,45152735.18280029,12320019.94273758,10288129.1116333,38982.33360671997,38982.33360671997,13.279709808669162,72204704.0,0.011781285745593529,0.010100471296509992,0.21112127265281774,0.04623351565932956,0.02421977666753772,12740726.0,3430389.0625,3937.6094970703125,1350.0375671386719,16539618.799724579,1378135.1557731628,1.0440724782276238,1.0526538433394403,1.0,1.0,0.47147464010881,0.4695792156374016,0.2571065862143184,0.2332773228505175,16.82389043340533,23.4586918581246,1
2048.0,68,16257630.25,463006.59375,5737.659912109375,4500.1246337890625,14104151.75,703.14453125,294116640.0,15391834.0,64773.671875,72354504.0,838373.25,42329.3046875,15454329.0,880702.5625,22444.375,6518487.0,25554802.0,5703402.0,23344.400390625,20744284.0,0.0,0.01381903302886909,0.013554717966747487,16.414710048554845,725645.1885,848723.5625,330759.20220000006,10.945045105168504,7.159668456043546,586985.0390625,21447680.0703125,586985.0390625,26948829.7578125,0.0,0.0,0.0,0.0,4688933.23046875,445737.3974609375,158516.9008026123,133147.44688034058,365.6351776123047,0.0,295366147.49102783,45598472.58026123,12478536.843540192,10421276.558513641,39347.968784332275,39347.968784332275,12.858708407056636,72354504.0,0.01173007229100762,0.010029025815725307,0.21272807011433595,0.0465650011995414,0.023955774640289022,12841023.0,3416607.375,4303.244812011719,1434.4148864746094,17016716.42727661,1419845.689376831,1.0449146129275968,1.0502398298867928,1.0,1.0,0.47153850334621555,0.46893480002115356,0.25987876839657614,0.23224275825590265,18.365077292344573,24.921814637922967,1
2049.0,69,16221094.25,469025.5,5540.7791748046875,4218.8671875,14135962.75,646.8929748535156,294695200.0,15472498.0,64886.171875,72492912.0,841860.875,42694.9375,15535164.0,884555.75,22191.2421875,6543800.0,25589006.0,5723174.0,23035.017578125,21285112.0,0.0,0.013760908092496926,0.013715596691953082,15.83275499490813,721426.321125,824113.5,300383.3571,10.533747534656873,6.907517501744965,592610.21875,22040290.2890625,592610.21875,27541439.9765625,0.0,0.0,0.0,0.0,4646575.97265625,433530.8056640625,170048.46954345703,142119.5664138794,309.38360595703125,0.0,300012723.4636841,46032003.38592529,12648585.313083649,10563396.12492752,39657.35239028931,39657.35239028931,12.040706883094554,72492912.0,0.011368194176004407,0.009951680808807902,0.21343463206444238,0.04669024539042458,0.02402682896075525,12937494.0,3283600.5,4415.747802734375,1125.031234741211,17492379.640022278,1461949.9839286804,1.0461893433348788,1.053242362750609,1.0,1.0,0.4706080182365743,0.4696569610379326,0.26185557348272515,0.22901432284324588,18.83539724066172,19.540695660021743,1
2050.0,70,16277289.25,446243.6484375,5681.4083251953125,4303.244445800781,14200061.25,506.26408767700195,295011040.0,15648932.0,65392.4375,72620096.0,844054.6875,43285.578125,15712159.0,887340.1875,22106.865234375,6638471.5,25612884.0,5734790.0,23035.017578125,21815116.0,0.0,0.013793796708421489,0.013033914168777758,16.215042930352876,716363.680275,842310.875,311914.927925,11.101645686995917,6.502377636549954,582484.921875,22622775.2109375,582484.921875,28123924.8984375,0.0,0.0,0.0,0.0,4712896.4609375,434402.712890625,159079.41328430176,136944.42832183838,534.3898468017578,0.0,304725619.9246216,46466406.09881592,12807664.72636795,10700340.55324936,40191.742237091064,40191.742237091064,12.26653558153867,72620096.0,0.011598867550381647,0.009864537775810707,0.21549037886152064,0.04730793700392906,0.02406004815061481,13007780.25,3269509.625,4050.112548828125,1631.2953796386719,17968802.248836517,1506248.0894088745,1.0421121498904913,1.0608730011842862,1.0,1.0,0.4721926195715697,0.465230290017397,0.2652930189653885,0.22757590429748492,17.256110836382565,28.30663026043943,1
2051.0,71,16420842.0,482385.265625,6075.1693115234375,5147.0174560546875,14361418.25,900.0250244140625,295296224.0,15754094.0,65195.55859375,72738472.0,869761.625,43088.703125,15817012.0,912850.25,22106.865234375,6669185.0,25628182.0,5747362.5,22922.51171875,22353190.0,0.0,0.013902008106950938,0.014083465662115668,17.318753772378127,710457.26595,857920.6875,324009.01440000004,11.58179199407188,8.453636834742007,587828.8203125,23210604.03125,587828.8203125,28711753.71875,0.0,0.0,0.0,0.0,4659766.73046875,434318.326171875,158151.26718521118,134103.71250534058,478.13827896118164,0.0,309385386.65509033,46900724.42498779,12965815.993553162,10834444.2657547,40669.880516052246,40669.880516052246,14.654828999068288,72738472.0,0.01179459320371756,0.009767283342850534,0.21658544050801617,0.04747203918221605,0.02476426006547301,13121155.0,3299688.5,4471.999267578125,1603.1695861816406,18461537.810760498,1542305.3409881592,1.0444647661284345,1.0563443766473029,1.0,1.0,0.47133840266941907,0.46872533300022456,0.2666212801846955,0.22887115087377438,19.034530508555886,27.842908315811595,1
2052.0,72,16477180.0,451362.5078125,5934.540283203125,4331.370178222656,14474034.5,900.0250244140625,295517024.0,15886340.0,65420.5625,72824576.0,859383.1875,43623.08984375,15949202.0,903006.25,21797.48046875,6693992.0,25627988.0,5745703.5,22781.884765625,22884316.0,0.0,0.013939281548801736,0.013168117121182557,16.911048484430825,703988.335975,894231.125,343697.06215,11.282874375440002,6.9488450158704085,590078.8984375,23800682.9296875,590078.8984375,29301832.6171875,0.0,0.0,0.0,0.0,4650288.5,431421.34844970703,153848.01681518555,127100.40118408203,393.7609558105469,0.0,314035675.15509033,47332145.7734375,13119664.010368347,10961544.666938782,41063.64147186279,41063.64147186279,12.327335789850453,72824576.0,0.0122792493155058,0.009666906072683485,0.2181453140214644,0.04762874319393411,0.024458553964583185,13205448.25,3271731.625,4528.250915527344,1406.2891235351562,18942516.796146393,1580640.7808418274,1.0484824669515656,1.0611273795614684,1.0,1.0,0.4717108776458348,0.46895953582117345,0.2693677180172822,0.22704022165081977,19.269691249545076,24.377996483493003,1
2053.0,73,16617639.75,474172.5234375,4865.760498046875,5006.388427734375,14638316.75,843.7734680175781,295650048.0,16125916.0,64211.15625,72925000.0,863123.9375,42498.05859375,16187709.0,905622.0,21713.10546875,6808520.0,25647312.0,5760778.5,23035.017578125,23437042.0,0.0,0.014051781711532142,0.013821354401393565,13.851568740791226,698925.6951250001,897353.0,351572.28125000006,8.943546212297598,8.17380973728769,606391.828125,24407074.7578125,606391.828125,29908224.4453125,0.0,0.0,0.0,0.0,4717002.7578125,436596.48876953125,174351.70430374146,145691.5429840088,675.0187568664551,0.0,318752677.91290283,47768742.26220703,13294015.714672089,11107236.20992279,41738.66022872925,41738.66022872925,14.234679026166392,72925000.0,0.012305149125814192,0.009584171342132328,0.22113014741172438,0.04839671264135907,0.024541228447337082,13345964.5,3271675.1875,3571.9742431640625,1293.7859649658203,19455109.15963745,1620776.2706985474,1.0472608870125681,1.0655803364755312,1.0,1.0,0.4720772962449222,0.467049164163934,0.2734833122454117,0.22811776711465992,15.177626121298832,22.399252516294872,1
2054.0,74,16901879.5,479882.046875,4922.0120849609375,4781.382385253906,14883882.75,928.1508178710938,295492544.0,16394939.0,63254.875,72990456.0,874233.5625,41598.03125,16455803.0,915831.625,21656.853515625,6905132.5,25649756.0,5755687.5,22866.26171875,23985778.0,0.0,0.014299751248545885,0.013990278936027688,14.009359120753098,692738.0229750001,903709.5,338915.679125,9.336989715260556,7.722825816552396,612016.9921875,25019091.75,612016.9921875,30520241.4375,0.0,0.0,0.0,0.0,4687076.953125,425768.0576171875,158151.26525115967,133766.20782089233,337.50939178466797,0.0,323439754.86602783,48194510.31982422,13452166.979923248,11241002.417743683,42076.169620513916,42076.169620513916,13.592995505527185,72990456.0,0.01238120090659524,0.009490802783517343,0.2246175719192657,0.049076515678313275,0.02485359238887243,13610853.0,3291025.75,3234.4649047851562,1687.5469665527344,19928550.43564987,1664568.1121177673,1.0503832914809605,1.064446734275132,1.0,1.0,0.4720696572196381,0.4679254759953755,0.27833621930154145,0.22929278606251347,13.742534468716379,29.217413190071653,1
2055.0,75,17055671.0,494732.484375,6553.307861328125,4050.1123657226562,15036943.0,787.5218887329102,295430112.0,16547073.0,64661.16796875,73041464.0,895749.875,43285.578125,16609427.0,939035.375,21375.595703125,6921810.5,25642950.0,5751553.5,22500.626953125,24531786.0,0.0,0.014432915186384251,0.01443258356421696,18.65374659864104,686269.0930000001,926716.375,355791.14862500003,12.054411739880395,6.219978071402967,610048.171875,25629139.921875,610048.171875,31130289.609375,0.0,0.0,0.0,0.0,4680242.42578125,431196.359375,154101.1429824829,124231.56777954102,365.63516998291016,0.0,328119997.2918091,48625706.67919922,13606268.122905731,11365233.985523224,42441.804790496826,42441.804790496826,11.514307041382398,73041464.0,0.012687538341235876,0.009395609773100935,0.2265435561368266,0.04919607419647719,0.025465809739798662,13815552.5,3240118.125,5175.1439208984375,1378.1633605957031,20406069.949947357,1704084.8347854614,1.047791343158707,1.061711719381083,1.0,1.0,0.47355884700330214,0.4668343681646915,0.2810630528070263,0.22929400256614943,21.9965195230045,23.83883140118247,1
2056.0,76,17349444.5,465650.40625,4837.6348876953125,4922.0115966796875,15306360.5,815.6476898193359,295200608.0,16797702.0,63142.375,73077360.0,885821.5,41851.1640625,16858648.0,927672.5625,21291.21875,7022107.0,25633670.0,5765138.0,22303.74609375,25077508.0,0.0,0.014692927478658852,0.013582861435171793,13.772166157384332,681206.45215,917153.5625,331884.23350000003,9.070692566638433,7.222493559513958,608951.2890625,26238091.2109375,608951.2890625,31739240.8984375,0.0,0.0,0.0,0.0,4731712.71875,429986.9287109375,163832.67304992676,139897.62871932983,393.7609405517578,0.0,332851710.0105591,49055693.607910156,13770100.795955658,11505131.614242554,42835.565731048584,42835.565731048584,13.995701312873555,73077360.0,0.012550447395746097,0.009321716769051318,0.22986191619401686,0.04991826524003737,0.025188264771429866,14054453.0,3294991.625,3965.7353515625,871.8992309570312,20875123.6040802,1745598.4879226685,1.0521141486760754,1.0672767244213288,1.0,1.0,0.47145574294795434,0.46557156853092546,0.2863445495548711,0.2274167988031783,16.86360891344435,15.059875347149855,1
2057.0,77,17511477.0,495013.7265625,5287.6473388671875,4387.621826171875,15501103.75,787.5218811035156,295004288.0,17040200.0,62776.7421875,73087312.0,899800.0,41738.6640625,17100446.0,941538.625,21038.0859375,7115766.5,25628408.0,5770172.5,21938.111328125,25620900.0,0.0,0.014840019037282604,0.014456136292134235,15.06429686809689,677831.35825,898281.125,299258.32580000005,9.933608308074227,6.798896751221529,614829.5625,26852920.7734375,614829.5625,32354070.4609375,0.0,0.0,0.0,0.0,4665954.546875,425458.6875,163185.77227783203,134891.2431640625,450.01251220703125,0.0,337517664.5574341,49481152.295410156,13933286.56823349,11640022.857406616,43285.578243255615,43285.578243255615,12.485313485129685,73087312.0,0.01229052075413582,0.009274268538566586,0.2331485388325678,0.0506211445284231,0.025604497194603056,14143189.5,3368287.4375,4331.370361328125,956.2765808105469,21356327.595737457,1790909.1215400696,1.0487654631993237,1.0623593240633638,1.0,1.0,0.47174521082070453,0.46862310117590344,0.29063755150700077,0.22896875311755974,18.426100167359824,16.502771797149162,1
2058.0,78,17701579.5,483257.15625,5625.156494140625,4359.495849609375,15677339.0,703.1445388793945,294722176.0,17292096.0,63114.25,73089680.0,900053.125,42498.05859375,17352566.0,942551.125,20616.197265625,7196487.0,25613052.0,5787273.0,21459.97265625,26156724.0,0.0,0.01501547978188109,0.014125045060363852,16.039639714773386,673893.7487000001,882643.25,282945.37195,9.597696271099045,6.939764561927394,610610.7109375,27463531.484375,610610.7109375,32964681.171875,0.0,0.0,0.0,0.0,4693799.171875,418652.2431640625,175561.12149047852,145719.66289520264,225.00625610351562,0.0,342211463.7293091,49899804.53857422,14108847.689723969,11785742.520301819,43510.58449935913,43510.58449935913,12.415674293533007,73089680.0,0.012076167935062788,0.009220094392258935,0.23658738141964775,0.0512382863362804,0.025633162256314214,14384677.25,3316901.375,4668.8797607421875,956.2765808105469,21869988.738952637,1825166.3231163025,1.0461594452476686,1.0703256343530871,1.0,1.0,0.4729944072002497,0.46713862679671464,0.2951343470991642,0.22962265601980503,19.84067727106018,16.51102626843483,1
2059.0,79,17931928.5,508260.96875,5175.1439208984375,4893.885070800781,15920740.25,534.3898468017578,294441504.0,17534090.0,62242.34765625,73100816.0,926153.8125,41794.9140625,17594166.0,967948.75,20447.443359375,7271836.5,25606018.0,5787244.5,21375.595703125,26699302.0,0.0,0.015225374358229063,0.014874976680840252,14.763677491315281,670799.9126250001,906803.3125,304883.48230000003,9.52754422172613,7.188472611167937,608360.6328125,28071892.1171875,608360.6328125,33573041.8046875,0.0,0.0,0.0,0.0,4694811.7109375,424755.54638671875,162623.2679786682,132528.66836547852,365.6351661682129,0.0,346906275.4402466,50324560.08496094,14271470.957702637,11918271.188667297,43876.219665527344,43876.219665527344,13.944674162814877,73100816.0,0.012404831602700577,0.009176366959091128,0.239861754757977,0.05180106862479489,0.0263898987269188,14559479.5,3372449.9375,3740.7289428710938,1434.4148864746094,22379177.88293457,1866145.5864105225,1.0479172872509304,1.0690274430650573,1.0,1.0,0.4724441169629833,0.4673562689754477,0.2989788869176296,0.2322264010005391,15.889969870070923,24.75319679127132,1
2060.0,80,18075736.5,495576.25,5962.666015625,4612.627746582031,16095261.0,618.7672119140625,294109056.0,17728834.0,62467.35546875,73080264.0,928207.0,42526.1875,17789078.0,970733.125,19941.1796875,7356607.5,25574828.0,5790029.5,20841.203125,27227752.0,0.0,0.01536482482538722,0.014521120965884836,17.029551074850794,667706.0765500001,948795.125,337228.13217500004,11.075365124959552,6.892954294804652,614548.3359375,28686440.453125,614548.3359375,34187590.140625,0.0,0.0,0.0,0.0,4669976.56640625,430155.69921875,167967.17110061646,136353.77890777588,253.13203811645508,0.0,351576252.00665283,50754715.78417969,14439438.128803253,12054624.967575073,44129.3517036438,44129.3517036438,13.157820748069302,73080264.0,0.012982918685132282,0.009136612814507623,0.24259400595487723,0.05246300380007307,0.0264777085732816,14741200.0,3334536.375,4697.005676269531,1265.6602172851562,22857794.30274582,1900234.0333099365,1.046929006674769,1.0697121013550153,1.0,1.0,0.47325011224207963,0.469732954747775,0.3031907088178386,0.23027515502859763,19.954929018214134,21.85548287643332,1
2061.0,81,18343550.0,512423.5703125,5568.9051513671875,4556.376159667969,16366646.0,675.0187683105469,293661856.0,17986634.0,62101.71875,73060752.0,938894.8125,42610.5625,18046458.0,981505.3125,19491.16796875,7416571.5,25569008.0,5804654.5,20419.31640625,27756238.0,0.0,0.015616217790300965,0.015036631249158569,15.922697692654516,665174.7561250001,941426.125,325134.0457,9.98737305588822,6.6914214815650634,609485.703125,29295926.15625,609485.703125,34797075.84375,0.0,0.0,0.0,0.0,4715034.0859375,430352.576171875,172326.6562538147,144003.98946380615,421.88672256469727,0.0,356291286.09259033,51185068.36035156,14611764.785057068,12198628.95703888,44551.238426208496,44551.238426208496,13.011806867690584,73060752.0,0.012885524706890507,0.00910440609925559,0.24618736472901345,0.05294942328985114,0.02681235600665775,14928040.25,3415510.5,3965.7353515625,1603.1696166992188,23359051.976428986,1940678.9067687988,1.0499424126482244,1.0702093184419612,1.0,1.0,0.4720147815878566,0.4713077223185241,0.3074138367327514,0.23325907094954165,16.841130439588476,27.714166309915843,1
2062.0,82,18562453.0,515011.140625,5456.40185546875,4218.8670654296875,16609595.75,450.0125045776367,293391552.0,18180926.0,62017.34375,73048496.0,946629.375,42919.9453125,18240776.0,989549.375,19097.40625,7507502.5,25560482.0,5816917.5,20109.93359375,28268968.0,0.0,0.015817133173623214,0.015130167190569812,15.615416291704111,663768.4670000001,918644.25,315571.27965000004,9.853421571085539,6.0092749389571996,598235.3671875,29894161.5234375,598235.3671875,35395311.2109375,0.0,0.0,0.0,0.0,4642891.390625,432546.4013671875,176939.2832183838,144847.76876449585,421.88673400878906,0.0,360934177.48321533,51617614.76171875,14788704.068275452,12343476.725803375,44973.125160217285,44973.125160217285,12.058962396431392,73048496.0,0.01257581333365166,0.009086682181656418,0.2488884370733656,0.0536475130257476,0.027057899335161225,15134145.5,3428307.75,3909.4835815429688,1546.917984008789,23834012.044670105,1979576.8622550964,1.0510505052951167,1.0739465625908262,1.0,1.0,0.4711584284454904,0.468940592743828,0.31090910755319695,0.2337252779484691,16.618782987392482,26.647416168648014,1
2063.0,83,18769993.0,530817.8359375,5878.2886962890625,4781.3822021484375,16733546.75,759.3961181640625,293044192.0,18386526.0,61932.96484375,73037936.0,965923.6875,43004.3203125,18446068.0,1008928.0,18928.65234375,7545415.5,25562762.0,5820236.5,19744.298828125,28789100.0,0.0,0.016012937222792664,0.01561896120144307,16.839183187411624,663205.9513500001,937713.5625,329071.65525,10.876220061684014,7.0722234278229195,598797.890625,30492959.4140625,598797.890625,35994109.1015625,0.0,0.0,0.0,0.0,4670370.11328125,432602.61328125,163551.41055297852,131516.14492797852,365.6351623535156,0.0,365604547.5964966,52050217.375,14952255.47882843,12474992.870731354,45338.7603225708,45338.7603225708,13.68008778517724,73037936.0,0.012838719354008031,0.009080294264476478,0.2517393974550431,0.053970767265402814,0.027636194472896652,15368883.0,3401110.125,4725.13134765625,1153.1570434570312,24316875.45742798,2017406.0380630493,1.0508096061409316,1.0637240961379102,1.0,1.0,0.47174766511191507,0.47092465257931754,0.3143420034775131,0.23548198364618222,20.09535765623714,19.866362566358596,1
2064.0,84,18968507.0,522408.2421875,5118.8922119140625,4640.7535400390625,17022708.5,562.5156402587891,292748032.0,18583802.0,61117.3203125,73012832.0,978692.8125,42441.80859375,18642782.0,1021134.5625,18675.51953125,7635699.5,25555222.0,5833455.0,19491.16796875,29274634.0,0.0,0.016198663122012038,0.015395671182201554,14.680604473398201,663205.9513500001,931469.625,316133.79530000006,9.676852138492368,7.0624994457211905,576297.2578125,31069256.671875,576297.2578125,36570406.359375,0.0,0.0,0.0,0.0,4754409.9765625,435977.7255859375,170582.85586547852,136185.02460861206,365.6351623535156,0.0,370358957.5730591,52486195.10058594,15122838.334693909,12611177.895339966,45704.39548492432,45704.39548492432,13.293157679141366,73012832.0,0.012757615332603452,0.009083416341801398,0.25452788901545415,0.05467999785396194,0.028034063355787103,15560898.0,3407607.0625,3881.35791015625,1237.5343780517578,24777294.496749878,2057147.7669944763,1.0521740074666548,1.067785453783245,1.0,1.0,0.4714001573956806,0.4698119263649954,0.31838688615294186,0.23464497465605016,16.520377930765253,21.305545771987656,1
2065.0,85,19115181.0,541843.171875,6187.6722412109375,4668.8792724609375,17125846.0,675.0187454223633,292437248.0,18787910.0,61286.0703125,72997856.0,991321.25,42666.8125,18846974.0,1033988.0625,18619.265625,7706407.5,25552046.0,5837983.5,19491.16796875,29767032.0,0.0,0.016341267340882648,0.015990325823188458,17.763138415350106,663487.2091750001,936082.25,332728.006975,11.494349399927517,6.8737124705439046,576297.265625,31645553.9375,576297.265625,37146703.625,0.0,0.0,0.0,0.0,4665195.15234375,439465.3291015625,175420.49375152588,143160.22032165527,618.7671890258789,0.0,375024152.72540283,52925660.4296875,15298258.828445435,12754338.115661621,46323.162673950195,46323.162673950195,13.386696681266173,72997856.0,0.012823421142670273,0.009089132825695595,0.2573761892404073,0.055239883965964055,0.02842334554615465,15699023.5,3416157.3125,4668.879943847656,1518.7921905517578,25252535.822795868,2099898.9545021057,1.0504737769388794,1.0725168794991224,1.0,1.0,0.47313881600698826,0.4702090196583574,0.3209926693986817,0.23982513143012954,19.85800439023526,26.18499215163745,1
2066.0,86,19342606.5,540886.890625,6272.0494384765625,4218.8670654296875,17318138.5,478.13829040527344,292138272.0,18907416.0,62017.34375,72990192.0,1009124.875,43848.09375,18967322.0,1052973.0,18169.25390625,7725167.5,25551652.0,5858656.0,19097.40625,30253074.0,0.0,0.016552612541639186,0.015982733638115552,18.019387971284985,664330.98265,923369.375,325415.30352500005,11.232514173965392,5.837179968063428,575734.75,32221288.6875,575734.75,37722438.375,0.0,0.0,0.0,0.0,4687161.2890625,441827.908203125,173339.19102859497,145944.67266464233,337.5093879699707,0.0,379711314.01446533,53367488.337890625,15471598.01947403,12900282.788326263,46660.672061920166,46660.672061920166,12.105414092321533,72990192.0,0.012650595233397934,0.009101647282281434,0.2590405023184485,0.05541555947942611,0.028955343444776283,15899926.75,3442680.0625,4922.011901855469,1350.0375366210938,25721448.848056793,2144028.3053131104,1.050769745469512,1.0719039378492483,1.0,1.0,0.47161586194218347,0.4707665495145928,0.3231075915325531,0.2396836338128567,20.952764853633973,23.218242409739652,1
2067.0,87,19433452.0,528652.1796875,6693.9361572265625,4443.873229980469,17475335.5,506.2640686035156,291861248.0,19104014.0,63423.6328125,72978264.0,1017506.3125,45254.3828125,19165330.0,1062760.75,18169.25390625,7784316.0,25556744.0,5874126.0,19069.28125,30721426.0,0.0,0.016646139332618767,0.0156382606910641,19.248003283608156,664893.4983000001,954364.0,353259.82820000005,11.914599543410969,6.32852169108364,564484.421875,32785773.109375,564484.421875,38286922.796875,0.0,0.0,0.0,0.0,4696245.953125,443684.19140625,175786.13204193115,141135.16954040527,393.76094818115234,0.0,384407559.96759033,53811172.529296875,15647384.15151596,13041417.957866669,47054.43301010132,47054.43301010132,12.76147916879068,72978264.0,0.01307737328473585,0.009110842898373139,0.2617767668466326,0.05588558749105034,0.029219748042044934,15987369.25,3446083.25,5512.6531982421875,1181.2828674316406,26187464.917816162,2176457.3311195374,1.0554281299193802,1.074671715986223,1.0,1.0,0.47132631037196476,0.47088912348301437,0.3271348810322599,0.2385901877490672,23.46192733373664,20.347260832107853,1
2068.0,88,19573068.5,534783.6015625,5653.282470703125,4275.11865234375,17617455.5,900.0250244140625,291632000.0,19257582.0,63676.765625,72965496.0,1008506.0625,45479.390625,19318782.0,1053985.5,18197.37890625,7830864.0,25564394.0,5882197.5,19097.40625,31195796.0,0.0,0.016778910150463597,0.015828907660940993,16.269245621170988,666581.0452500001,970339.4375,360291.27382500004,8.89393959958416,5.777712389037998,569265.8046875,33355038.9140625,569265.8046875,38856188.6015625,0.0,0.0,0.0,0.0,4652932.37109375,449337.478515625,178429.94297027588,141950.81797790527,618.7671890258789,0.0,389060492.3386841,54260510.0078125,15825814.094486237,13183368.775844574,47673.2001991272,47673.2001991272,12.287028317218036,72965496.0,0.01329860674831841,0.009135565188921625,0.26392724034932896,0.0562663024940452,0.028985259955838054,16206582.25,3366487.25,4275.118835449219,1378.1633605957031,26653902.874320984,2211389.5514564514,1.0547763893176227,1.0715954728683088,1.0,1.0,0.47203911323697795,0.47108755261129986,0.330742501998012,0.2352185416836539,18.187017931337095,23.77959845560344,1
2069.0,89,19833035.5,552980.96875,5456.402099609375,4640.753601074219,17810201.0,506.2640686035156,291269472.0,19449400.0,63508.0078125,72947168.0,1040766.3125,45423.140625,19510630.0,1086189.5,18084.876953125,7894569.0,25572296.0,5893138.0,18928.65234375,31657790.0,0.0,0.01702292671097368,0.01639987065528485,15.718177829701032,668831.10785,943423.0625,329634.1709,10.236433879143291,6.849872332220709,560828.078125,33915866.9921875,560828.078125,39417016.6796875,0.0,0.0,0.0,0.0,4732134.484375,441406.0205078125,170273.47735214233,137647.56875228882,309.383602142334,0.0,393792626.8230591,54701916.02832031,15996087.571838379,13321016.344596863,47982.58380126953,47982.58380126953,13.351081253552188,72947168.0,0.012932963518199912,0.009168705601429242,0.2666230990625983,0.056780127346330415,0.02994202407326896,16441319.5,3391716.0,4387.622009277344,1068.7797088623047,27099696.507362366,2249246.853038788,1.0546042296579934,1.0724769208485385,1.0,1.0,0.4719436471258783,0.4707590888595819,0.33481305513828524,0.23392728821550507,18.680688918166794,18.449916115410783,1
2070.0,90,19960417.0,550280.890625,6440.803955078125,5203.26904296875,17957664.0,759.3961181640625,291060224.0,19617844.0,63620.51171875,72940168.0,1041103.875,45760.6484375,19679300.0,1086864.625,17859.87109375,7999647.0,25568304.0,5903798.0,18788.021484375,32120260.0,0.0,0.017144576409038974,0.01633029449869606,18.565525458297795,670799.9126250001,961057.875,350447.24995,11.46622161530663,7.837377132188053,566171.9765625,34482038.96875,566171.9765625,39983188.65625,0.0,0.0,0.0,0.0,4655575.9375,444949.8369140625,173029.8027420044,140938.28985214233,421.88672637939453,0.0,398448202.7605591,55146865.865234375,16169117.374580383,13461954.634449005,48404.470527648926,48404.470527648926,14.978591316518576,72940168.0,0.013175975616069324,0.009196577565121596,0.26895803146491243,0.057571231710251934,0.029970138643400722,16520634.0,3439783.0625,5175.1439208984375,1265.66015625,27553112.22713852,2286710.3936805725,1.0591456491191318,1.0654334033982684,1.0,1.0,0.471279915998069,0.4707140176055931,0.33700292496281564,0.2378164007779272,22.03226121022359,21.84253954160784,1
1980.0,0,41612064.5,277938.94921875,0.0,0.0,8969846.015625,0.0,191243776.0,18390550.0,0.0,55593132.0,242669.234375,0.0,18390550.0,242669.234375,0.0,9669757.0,13740738.0,3375.093505859375,0.0,0.0,0.0,0.054396625827969426,0.00993623118936443,0.0,739989.337575,718304.3125,-25031.946425000002,0.0,0.0,0.0,0.0,0.0,0.0,0.0,0.0,0.0,0.0,14120098.5234375,14120098.5234375,3375.0938110351562,3375.0938110351562,0.0,0.0,14120098.5234375,14120098.5234375,3375.0938110351562,3375.0938110351562,0.0,0.0,0.0,55593132.0,0.01292073834767935,0.013310804967329417,0.33080615065904184,0.08567940424470157,0.00860073543927437,33347305.5,8264761.125,0.0,0.0,0.0,0.0,0.9311961382793693,0.9359420000555765,1.0,1.0,0.5134770954963016,0.5139055813022864,0.4256522122491815,0.4237565965021351,0.0,0.0,2
1981.0,1,59985148.0,879577.546875,84.37734603881836,0.0,31171494.0,0.0,172386576.0,20917536.0,84.37734985351562,55122440.0,797844.0,84.37734985351562,20917620.0,797928.375,0.0,10453649.0,13733230.0,65336.1875,0.0,0.0,0.0,0.0869921971186434,0.03267412872059393,0.30441954440528723,717769.9694000001,722213.8125,69470.68277500001,0.27198661801848845,0.0,0.0,0.0,0.0,0.0,0.0,0.0,0.0,0.0,3009374.0822753906,504042.0979003906,63564.2646484375,63564.2646484375,0.0,0.0,17129472.60571289,14624140.62133789,66939.35845947266,66939.35845947266,0.0,0.0,0.0,55122440.0,0.013101992809099162,0.013021375131434676,0.3794740581149891,0.09428731548956476,0.028784807654994467,47878545.0,12106602.0,28.125782012939453,0.0,0.0,0.0,0.9301105559368945,0.9387353584344115,1.0,1.0,0.5139492304735768,0.5152998735258485,0.48698339302047505,0.4824948860298346,0.16146611661408508,0.0,2
1982.0,2,56655955.0,1320336.6875,225.00625610351562,0.0,40076313.0,0.0,167889824.0,22119606.0,309.38360595703125,54738676.0,1442543.25,309.38360595703125,22119914.0,1442852.625,0.0,10772596.0,13736209.0,152019.84375,0.0,0.0,0.0,0.08436478407410802,0.050967862582833624,0.8227668061066398,709894.7503000001,695831.8125,-11250.313000000002,0.8279166148479349,0.0,0.0,0.0,0.0,0.0,0.0,0.0,0.0,0.0,1681134.15625,396460.9921875,89186.8466796875,89186.8466796875,0.0,0.0,18810606.76196289,15020601.61352539,156126.20513916016,156126.20513916016,0.0,0.0,0.0,54738676.0,0.012711886062059667,0.012968796510533065,0.4040946478135496,0.09847764110794636,0.05274801225486988,45122810.0,11533145.25,140.62891387939453,56.251564025878906,0.0,0.0,0.9329489074883179,0.9455273545052311,1.0,1.0,0.5151630080776658,0.5125107144737384,0.5168709601008501,0.5149611658784121,0.8175077897802667,1.3008468858809628,2
1983.0,3,51845576.0,1486391.28125,534.3898773193359,0.0,40897050.0,0.0,169413392.0,22606578.0,843.7735595703125,54452636.0,1947119.75,787.52197265625,22607418.0,1947907.125,56.251564025878906,10783284.0,13819518.0,277123.3125,56.251564025878906,0.0,0.0,0.07650749357524227,0.05916896518818057,1.9742887895499608,710738.523775,703482.0625,0.0,1.5754634108253756,0.0,0.0,0.0,0.0,0.0,0.0,0.0,0.0,0.0,1520873.44921875,403998.703125,132275.54453277588,131656.77500152588,56.251564025878906,0.0,20331480.21118164,15424600.31665039,288401.74967193604,287782.98014068604,56.251564025878906,56.251564025878906,0.0,54452636.0,0.012919155327944087,0.013052417219526342,0.41516039737727295,0.09959347205674544,0.0719337138529458,41360623.0,10484954.0,337.5093803405762,140.62891006469727,0.0,0.0,0.940690393495704,0.9459447947083379,1.0,1.0,0.5117866652928067,0.5118969963590514,0.5291276822314548,0.5279945720152233,1.978418778787561,3.2761106881955406,2
1984.0,4,47293696.0,1479106.625,1603.1695556640625,0.0,39061590.0,0.0,172946560.0,22666792.0,2446.942626953125,54343024.0,2309717.25,2390.691162109375,22669238.0,2312107.75,56.251564025878906,10592928.0,14018002.0,404701.875,56.251564025878906,0.0,0.0,0.06836460927583642,0.060235123213434744,5.967974082719052,716644.9381,705675.875,77064.64405,5.163461838357687,0.0,0.0,0.0,0.0,0.0,0.0,0.0,0.0,0.0,1502563.5380859375,443234.171875,137197.560546875,132528.671875,0.0,0.0,21834043.749267578,15867834.48852539,425599.31021881104,420311.65201568604,56.251564025878906,56.251564025878906,0.0,54343024.0,0.012985583485379834,0.013187432081438825,0.41710582760355774,0.0985745610280158,0.08597410046309607,37601834.0,9691862.75,1153.1570434570312,225.00626373291016,0.0,0.0,0.9417450721103117,0.9506814080697017,1.0,1.0,0.5094592134939254,0.5075668314683391,0.5293999028842526,0.5303262379608139,6.789833202445313,5.265271248517313,2
1985.0,5,43277139.0,1475900.3125,2250.062530517578,0.0,36690560.0,28.125782012939453,178822880.0,22212784.0,4697.0048828125,54307084.0,1994145.875,4331.3701171875,22217456.0,1998477.25,365.63519287109375,10194414.0,14239212.0,1326524.25,393.760986328125,0.0,0.0,0.06050279891476974,0.05957760600414905,8.407504059068195,734926.696725,673668.75,101815.33265000001,6.989982285977913,0.0,0.0,0.0,0.0,0.0,0.0,0.0,0.0,0.0,9758942.46875,450771.8828125,952226.41563797,939176.08360672,337.5093879699707,0.0,31592986.218017578,16318606.37133789,1377825.725856781,1359487.735622406,393.7609519958496,393.7609519958496,0.0,54307084.0,0.012404804316136732,0.013532796139910588,0.40902185063002094,0.09521480686469197,0.07450049187649126,34487663.0,8789475.25,1884.4274291992188,309.383602142334,0.0,0.0,0.9484789710759179,0.960706589672567,1.0,1.0,0.5051234544483167,0.5031998953568829,0.5168881510201753,0.5207601386214733,11.116384053239889,7.2470931182200875,2
1986.0,6,39224439.0,1344327.9375,3121.9617309570312,0.0,33793829.0,28.125782012939453,184080704.0,21748006.0,7762.71484375,54344064.0,2063701.0,7312.703125,21755740.0,2071013.75,450.01251220703125,9749689.0,14506461.0,1701187.875,506.26409912109375,0.0,0.0,0.05327070973174896,0.05448156747300385,11.679048828505785,741114.368875,690178.5625,132191.17775,10.135864519688226,0.0,0.0,0.0,0.0,0.0,0.0,0.0,0.0,0.0,4670454.53125,457268.953125,406726.89375686646,387741.98750686646,112.50313186645508,0.0,36263440.74926758,16775875.32446289,1784552.6196136475,1747229.7231292725,506.2640838623047,506.2640838623047,0.0,54344064.0,0.012700164685879952,0.013637448404208417,0.4001910125823494,0.09115738945930406,0.07718055244000306,31292294.0,7932145.25,2503.194580078125,393.76094818115234,0.0,0.0,0.9526999815296451,0.9683709564353854,1.0,1.0,0.5036564117332201,0.5014000487315426,0.5047322126424226,0.5092494501093837,14.776861371108026,9.227098912986541,2
1987.0,7,36094294.0,1274210.375,4218.8675537109375,84.37734603881836,31311728.5,28.125782012939453,188499264.0,21163018.0,11840.955078125,54379232.0,2175894.75,11137.810546875,21174832.0,2187032.5,703.1445922851562,9247898.0,14773938.0,1944110.125,787.52197265625,0.0,0.0,0.04787060335683857,0.051916207141657456,15.796060811931813,761083.67445,659493.375,57376.596300000005,12.651111538936016,0.24703883744616398,0.0,0.0,0.0,0.0,0.0,0.0,0.0,0.0,3101261.064453125,446637.40625,280554.6523475647,262694.7953224182,281.25781631469727,0.0,39364701.8137207,17222512.73071289,2065107.2719612122,2009924.5184516907,787.521900177002,787.521900177002,0.3157895081037039,54379232.0,0.012127669897949276,0.013995851843770064,0.38917463931818674,0.08652764330456907,0.08143474108225868,28783588.0,7310706.25,3234.4649047851562,731.2703285217285,0.0,0.0,0.9606263373076387,0.9794728852818321,1.0,1.0,0.4987548616691326,0.4951129786567196,0.4906620769793622,0.493154917953223,19.100134874243448,17.115960992810958,2
1988.0,8,33667600.5,1135128.40625,5259.5213623046875,84.37734603881836,29303549.5,28.125782012939453,192978016.0,20456442.0,16791.08984375,54432388.0,2052422.625,15244.1728515625,20473232.0,2067666.75,1546.9176025390625,8759887.0,15061047.0,2271578.5,1828.1756591796875,0.0,0.0,0.043615849615740686,0.04609891875389204,19.727447624126153,770365.182675,653136.875,39938.611150000004,16.26254767541468,0.29200779787550557,0.0,0.0,0.0,0.0,0.0,0.0,0.0,0.0,3685855.5,445821.734375,450434.3656768799,348169.0414428711,1068.7797393798828,0.0,43050557.3137207,17668334.46508789,2515541.637638092,2358093.559894562,1856.3016395568848,1856.3016395568848,0.31630225426169917,54432388.0,0.01199904870974979,0.014152698622647238,0.3758137893931826,0.08209466566722307,0.07693841219970958,26733189.5,6934410.875,4021.9867553710938,956.2765960693359,0.0,0.0,0.9699393948775169,0.983881791700002,1.0,1.0,0.4958230126856968,0.49306417766027716,0.4730088255838854,0.4763656877355713,23.774294030776087,22.401139270165185,2
1989.0,9,30452541.5,1091280.296875,6581.43359375,393.76094818115234,26528573.5,112.50312805175781,197705120.0,19607128.0,22697.5078125,54512208.0,2008912.0,20559.947265625,19629742.0,2029471.875,2137.55908203125,8304221.5,15419678.0,2510113.25,2559.446044921875,0.0,0.0,0.03850752765027026,0.043707867761507174,24.41551701014177,767271.3466,679209.5,77345.90187500001,19.908393009446534,1.144567540064778,0.0,0.0,0.0,0.0,0.0,0.0,0.0,0.0,3274740.9140625,574862.8453369141,328284.10234832764,267166.7914047241,731.2703170776367,0.0,46325298.2277832,18243197.310424805,2843825.7399864197,2625260.351299286,2587.5719566345215,2587.5719566345215,1.4596439886661094,54512208.0,0.012459768644851077,0.014075220482721962,0.359683247466329,0.07695790459298175,0.07446894716461798,24196440.5,6256102.25,5287.6468505859375,1068.7796936035156,0.0,0.0,0.9627397417758617,0.9695691263506521,1.0,1.0,0.4983826849206872,0.4951369663432642,0.4527282194980795,0.4606592438600793,30.95868151416391,24.82427041495909,2
1990.0,10,28383244.5,988761.828125,6609.55908203125,815.6476745605469,24850420.5,225.00625610351562,201605312.0,18836510.0,28294.5390625,54607752.0,1846710.5,25341.33203125,18864694.0,1872052.0,2953.207275390625,7896960.0,15711707.0,2874989.0,3515.722900390625,0.0,0.0,0.035196548417335355,0.03931860423845705,24.50817021331218,783865.5582750001,678984.5,76502.1284,20.178219319500542,2.2089453919305013,0.0,0.0,0.0,0.0,0.0,0.0,0.0,0.0,6325234.96875,456143.9140625,436371.47579956055,388501.39766311646,956.2765808105469,0.0,52650533.1965332,18699341.224487305,3280197.21578598,3013761.7489624023,3543.8485374450684,3543.8485374450684,3.021573106461428,54607752.0,0.012433848219937711,0.014354474036488447,0.3449420514508636,0.07313587319321897,0.06841153302161136,22611469.0,5771776.0,5006.3890380859375,1434.4149169921875,0.0,0.0,0.9695150162307544,0.9783930593085884,1.0,1.0,0.49451998326831215,0.4907329290755484,0.4334881215481758,0.44490700501904495,29.299446759890568,33.3540450305257,2
1991.0,11,26052151.0,923341.265625,9197.130126953125,1153.1571350097656,22813550.5,196.88047409057617,205482464.0,18071628.0,35972.875,54761776.0,1761995.75,32035.263671875,18107376.0,1794031.125,3937.60888671875,7479095.0,16008294.0,3113580.0,4584.501953125,0.0,0.0,0.03169631910779501,0.03650652392995429,34.03513179904005,780490.4643750001,660955.875,110534.32522500001,26.80011996186508,3.230693947282778,0.0,0.0,0.0,0.0,0.0,0.0,0.0,0.0,4126305.125,457325.203125,326371.55014038086,261963.5234527588,1237.5345153808594,0.0,56776838.3215332,19156666.427612305,3606568.765926361,3275725.272415161,4781.383052825928,4781.383052825928,4.262349352247278,54761776.0,0.012069657401177054,0.014252468078737989,0.33000441767995253,0.06911138725334229,0.0651276501325325,20874196.0,5177956.125,7593.9610595703125,1406.2890930175781,0.0,0.0,0.9687960419927251,0.9799733588364279,1.0,1.0,0.4941160407039518,0.4917789969654021,0.41661892395797134,0.4199631167020625,44.37906361309266,32.73965494681319,2
1992.0,12,24530180.0,876877.53125,9253.382080078125,1321.9118041992188,21398205.5,309.38360595703125,208775712.0,17367304.0,43651.21484375,54895112.0,1740901.375,39066.7109375,17410788.0,1779968.125,4584.501953125,7078443.5,16304403.0,3280112.75,5315.7724609375,0.0,0.0,0.02937384306465687,0.03456564426811993,34.18277696268489,770365.182675,656708.875,86346.15227500001,26.943212623322605,3.4488290100532915,0.0,0.0,0.0,0.0,0.0,0.0,0.0,0.0,3297747.75390625,450884.40625,248688.140625,190130.27891540527,984.40234375,0.0,60074586.07543945,19607550.833862305,3855256.906551361,3465855.5513305664,5765.785396575928,5765.785396575928,4.876216993146203,54895112.0,0.01196297541026968,0.014033402148355214,0.31637250325675625,0.06527671961563698,0.06421769471458062,19555687.0,4974494.75,7509.583740234375,1687.5469055175781,0.0,0.0,0.9723298694268031,0.987924987917241,1.0,1.0,0.49175132912549985,0.4911055170511342,0.39956952181882655,0.4047394103025233,43.88199604510371,39.30457179242695,2
1993.0,13,22887074.0,770337.0,9844.023681640625,1828.1759490966797,19985449.0,253.1320343017578,211723856.0,16654821.0,50907.671875,55038808.0,1618104.25,45620.01953125,16705392.0,1663724.375,5287.64697265625,6701051.5,16572413.0,3457389.5,6159.546875,0.0,0.0,0.027024675481066244,0.030227682328046793,36.382577062749654,749833.3614500001,675975.0625,127128.5369,28.5332165280168,4.871120704983379,0.0,0.0,0.0,0.0,0.0,0.0,0.0,0.0,3722278.23046875,445146.7265625,278360.8398742676,210577.71406555176,984.4023742675781,0.0,63796864.3059082,20052697.560424805,4133617.7464256287,3676433.265396118,6750.187770843506,6750.187770843506,6.745391544457002,55038808.0,0.012281789651040407,0.01362372094704522,0.30260141171662003,0.06181190621915424,0.0597029335791942,18270113.5,4616959.375,7875.2188720703125,1856.3016357421875,0.0,0.0,0.9788921547246789,0.9881201374678065,1.0,1.0,0.4902216954130762,0.48772737393128934,0.38301290124537757,0.3857545088970968,46.108447734912325,43.35431147842982,2
1994.0,14,21797762.0,723057.59375,12600.35009765625,2221.9369506835938,19038763.0,281.2578239440918,214126080.0,16008604.0,60526.6796875,55132100.0,1526076.75,54254.640625,16068736.0,1580331.375,6272.0498046875,6405506.0,16843322.0,3616244.0,7115.82275390625,0.0,0.0,0.025449681327935392,0.02823599816675885,46.531001288080695,738583.0484500001,656483.875,72002.0032,34.919395553483355,6.270887342046048,0.0,0.0,0.0,0.0,0.0,0.0,0.0,0.0,3447686.2734375,432124.4921875,249981.9398803711,189961.51406860352,1209.4086303710938,0.0,67244550.5793457,20484822.052612305,4383599.686306,3866394.7794647217,7959.5964012146,7959.5964012146,8.188837710334509,55132100.0,0.011907470874499611,0.013396606486058034,0.2903681158526521,0.059017931483650164,0.05624279678782068,17495670.5,4302091.5,9675.26904296875,2812.5781860351562,0.0,0.0,0.9851208285429133,0.9946403581839274,1.0,1.0,0.48830008618642257,0.48424271597248275,0.3681973789198573,0.3688617065591261,56.63288066476522,65.78211783341015,2
1995.0,15,20579437.5,671559.25,12853.482177734375,2868.8300170898438,17932548.5,253.1320343017578,216510576.0,15393661.0,69611.3046875,55260752.0,1427073.875,62411.1015625,15462964.0,1489485.0,7200.201171875,6136961.0,17097352.0,3806571.0,7875.21826171875,0.0,0.0,0.02376262384060167,0.026073055059216064,47.392236946052776,722270.0946000001,657130.75,119534.57562500001,35.0626559154364,7.665087250318275,0.0,0.0,0.0,0.0,0.0,0.0,0.0,0.0,5225741.81640625,427061.859375,266744.88986206055,218256.05311584473,1096.9054870605469,0.0,72470292.39575195,20911883.911987305,4650344.57616806,4084650.8325805664,9056.501888275146,9056.501888275146,10.553414318597666,55260752.0,0.011891455078280513,0.01307021834592479,0.27856408830629015,0.05643929032415653,0.052497017168689236,16489189.25,4090248.25,10631.545166015625,2025.0562744140625,0.0,0.0,0.9887344030365611,0.988282547490738,1.0,1.0,0.486927121792044,0.48784898489479617,0.353926309057006,0.35211026996858613,62.161747896827016,47.35346784827222,2
1996.0,16,19406677.5,631086.234375,11700.324462890625,3825.1065673828125,16913775.75,393.7609558105469,218755856.0,14765164.0,76924.015625,55380532.0,1321264.75,68514.40625,14841609.0,1389779.25,8409.6083984375,5883210.5,17338870.0,3966972.5,9028.3759765625,0.0,0.0,0.022178466276121085,0.024367301367435635,43.09250266486188,722270.0946000001,654346.25,109409.293925,31.845232516827615,10.101679868343941,0.0,0.0,0.0,0.0,0.0,0.0,0.0,0.0,3926274.578125,425796.1953125,244581.7735900879,187177.0726661682,1406.2892150878906,0.0,76396566.97387695,21337680.107299805,4894926.349758148,4271827.905246735,10462.791103363037,10462.791103363037,14.05247539446243,55380532.0,0.011815456196773263,0.013041949373111837,0.2666128956652132,0.05403357353273651,0.04853992970357781,15611636.5,3795039.8125,9337.759521484375,2250.0625915527344,0.0,0.0,0.9921954822817936,0.998913480768574,1.0,1.0,0.48559904561574674,0.4811739554925512,0.339124112285787,0.33610749492647085,54.61613328744991,52.58660564842807,2
1997.0,17,18385935.5,587350.65625,12853.482177734375,4809.50830078125,15969763.25,450.0125274658203,220728320.0,14234036.0,83758.578125,55508732.0,1265519.5,74308.3125,14317259.0,1339827.75,9450.2626953125,5686892.0,17537802.0,4075369.0,10125.28125,0.0,0.0,0.02082416916415619,0.022591015903215095,47.27193581356783,716926.195925,664584.125,135566.27165,35.06306616625848,12.105836241393133,0.0,0.0,0.0,0.0,0.0,0.0,0.0,0.0,3372112.3046875,400679.8828125,188077.095413208,144482.12773132324,1462.5407257080078,0.0,79768679.27856445,21738359.990112305,5083003.445171356,4416310.032978058,11925.331829071045,11925.331829071045,17.639976893233523,55508732.0,0.011972605048877715,0.012915557068120382,0.2564287723236049,0.05214495807087976,0.0464158357608203,14796946.0,3588990.375,10040.903564453125,2756.3265991210938,0.0,0.0,0.9954678139591424,0.9923346472092469,1.0,1.0,0.48619816343297734,0.4843791574971561,0.3268648379837831,0.320178377540498,58.64129389971684,64.22691842000089,2
1998.0,18,17670190.5,550534.015625,12487.8466796875,5287.6461181640625,15231348.5,562.5156478881836,222462272.0,13737700.0,89552.5,55652872.0,1183898.5,79427.2109375,13826494.0,1263325.75,10125.28125,5457189.0,17710692.0,4200332.0,10800.30078125,0.0,0.0,0.019857513749567388,0.021059742861126118,45.83367675258952,707363.429875,662446.5,149910.420725,34.52407438688979,13.983239322294896,0.0,0.0,0.0,0.0,0.0,0.0,0.0,0.0,3702618.34375,369263.3671875,200339.93284606934,155648.07188415527,815.6476898193359,0.0,83471297.62231445,22107623.357299805,5283343.378017426,4571958.104862213,12740.97951889038,12740.97951889038,19.35063910847331,55652872.0,0.01190318623628265,0.01271027719602683,0.2468462004979725,0.04992774314215833,0.043325880935687976,14220311.0,3449880.25,10294.0361328125,2137.5594482421875,0.0,0.0,0.9968301462205591,1.0014329821726475,1.0,1.0,0.48422171315762874,0.4827352957267439,0.31486149952329157,0.3068792738821751,59.929657413688105,49.86124307111327,2
1999.0,19,17125394.5,571262.703125,12065.960205078125,6103.2939453125,14721372.0,450.0125045776367,224215360.0,13369814.0,93771.359375,55850200.0,1178301.5,82774.1796875,13462884.0,1261075.625,10997.1806640625,5272796.0,17908474.0,4290559.5,11784.703125,0.0,0.0,0.019094805213166484,0.021774319773465205,44.14729322857942,691612.991675,665652.875,223599.97087500003,31.27798531592495,14.712926911032552,0.0,0.0,0.0,0.0,0.0,0.0,0.0,0.0,3482505.984375,397107.89923095703,169542.20945739746,126256.62306213379,1209.408676147461,0.0,86953803.60668945,22504731.25653076,5452885.587474823,4698214.727924347,13950.388195037842,13950.388195037842,22.263486544727023,55850200.0,0.011918540578189514,0.01238335747544324,0.23938703890048738,0.04808502746670505,0.042981871471272366,13805259.25,3320135.9375,9309.633666992188,2643.8235473632812,0.0,0.0,1.0018562186840088,1.0028258052650936,1.0,1.0,0.48341783740377664,0.48186987884793453,0.30537824056723534,0.29622471225360447,53.97666157914117,61.401792286151995,2
2000.0,20,16432459.25,540915.015625,12600.349609375,7256.450439453125,14060500.25,506.2640838623047,225875344.0,12993267.0,97371.46875,56050916.0,1114905.875,85446.1328125,13089851.0,1200352.0,11925.33203125,5119708.0,18103892.0,4411444.5,12628.4775390625,0.0,0.0,0.01818753096176801,0.02050459591418792,45.97049735643983,672768.7174000001,635952.0,221349.90827500002,33.03810184749291,17.49039501322463,0.0,0.0,0.0,0.0,0.0,0.0,0.0,0.0,4725018.55078125,403154.9375,197892.99615478516,157391.85546875,1125.0313110351562,0.0,91678822.1574707,22907886.19403076,5650778.583629608,4855606.583393097,15075.419506072998,15075.419506072998,26.391804643858688,56050916.0,0.011345969796461488,0.012002813966501458,0.23181185834679313,0.04655111148936046,0.04054927170633011,13259336.75,3173122.5625,9365.88525390625,3121.9617919921875,0.0,0.0,1.003806274819643,1.0046051822737971,1.0,1.0,0.48324817955686666,0.4792306934250681,0.295255751116046,0.2868184602207801,54.07801901286213,72.04798167852532,2
2001.0,21,16018925.5,503929.59375,12178.463134765625,8437.733032226562,13609391.75,731.2703094482422,227482448.0,12657108.0,99480.90625,56278392.0,1067682.75,87021.171875,12755603.0,1154704.0,12459.72265625,5007289.0,18278044.0,4518125.0,13219.119140625,0.0,0.0,0.01760457305699471,0.019000338811307523,44.280813785074294,663487.2091750001,605238.6875,215724.751775,29.91916625614735,20.234749755915164,0.0,0.0,0.0,0.0,0.0,0.0,0.0,0.0,3824571.7734375,384085.6508178711,178570.57817077637,139306.98399734497,843.7734832763672,0.0,95503393.9309082,23291971.844848633,5829349.1618003845,4994913.567390442,15919.192989349365,15919.192989349365,30.582776662647902,56278392.0,0.0107543706561481,0.01178937751410879,0.2249017349322987,0.04537261388439649,0.038698431160478754,12897386.5,3121539.75,9675.269287109375,2418.8171997070312,0.0,0.0,1.0058001366166243,1.0007575071880823,1.0,1.0,0.4828893613963738,0.48021838806725353,0.2854423375243005,0.27779436694848414,55.52256068003564,55.45667953083161,2
2002.0,22,15702680.25,497741.921875,11503.4443359375,7762.71435546875,13216727.0,787.5218963623047,228932896.0,12382066.0,101421.578125,56504804.0,1038150.6875,88427.4609375,12482362.0,1126578.125,12994.1123046875,4912336.5,18440472.0,4602362.0,13781.6337890625,0.0,0.0,0.017147688825375276,0.018685793773424095,41.698523056969876,664612.2404750001,635642.625,255663.36292500002,28.51491927020629,17.872997480608326,0.0,0.0,0.0,0.0,0.0,0.0,0.0,0.0,3470890.05859375,406305.0390625,165463.97108459473,127972.29844665527,787.5218658447266,0.0,98974283.98950195,23698276.883911133,5994813.132884979,5122885.865837097,16706.71485519409,16706.71485519409,28.048944899080247,56504804.0,0.011249355453033693,0.011762048417600035,0.21913297849860694,0.044374251551962625,0.03751140399764385,12660961.0,3041719.0625,9562.765869140625,1856.3016357421875,0.0,0.0,1.0008430168925262,0.9921154079243925,1.0,1.0,0.4853322195800397,0.4835060819621083,0.2773845182681901,0.2689289576017398,54.514350637206505,42.36417950832065,2
2003.0,23,15232529.75,468434.8671875,10772.174072265625,8578.362182617188,12813825.0,590.6414260864258,230603840.0,12073695.0,101534.0859375,56764748.0,985836.75,87893.0703125,12174217.0,1073729.75,13641.005859375,4823711.5,18514274.0,4680186.5,14287.8984375,0.0,0.0,0.016513742518337943,0.017478501264312572,38.89071585672065,688519.1556,635502.0625,265226.128975,26.65135546640769,20.798749371954532,0.0,0.0,0.0,0.0,0.0,0.0,0.0,0.0,3638407.3359375,314727.484375,152385.4726715088,120518.96601867676,703.1445465087891,0.0,102612691.32543945,24013004.368286133,6147198.605556488,5243404.831855774,17409.85940170288,17409.85940170288,30.872445474600035,56764748.0,0.011195364815149008,0.012129344000611084,0.2126970598019743,0.0433998259512508,0.03547902345846907,12283878.25,2948650.875,8634.614868164062,2053.1821899414062,0.0,0.0,1.0017146866762958,0.9872419929710787,1.0,1.0,0.48503581978903093,0.4853908243688923,0.26908425494128074,0.2594955762761851,48.95152851024048,46.68116483648364,2
2004.0,24,15264424.0,450771.8828125,11756.576416015625,8409.607788085938,12672324.75,759.3961029052734,232019696.0,11910453.0,102968.4921875,57060824.0,943704.25,88877.4765625,12012128.0,1032581.8125,14091.017578125,4764592.0,18576572.0,4743047.5,14597.28125,0.0,0.0,0.016447336436472185,0.016711677081731546,42.24684486544449,707363.429875,603860.5,238787.89342500002,28.94597858565385,18.962286583094738,0.0,0.0,0.0,0.0,0.0,0.0,0.0,0.0,3466614.98046875,299539.556640625,149544.77265930176,111603.10078811646,675.0187530517578,0.0,106079306.3059082,24312543.924926758,6296743.37821579,5355007.93264389,18084.87815475464,18084.87815475464,30.1234229172136,57060824.0,0.01058275113587564,0.0123966564148285,0.2087325798169336,0.04266721571941456,0.03380371944550831,12338892.5,2925531.25,9197.130615234375,2503.1946411132812,0.0,0.0,1.0028443717379538,0.9976994671651864,1.0,1.0,0.4842867056420878,0.4837363365752871,0.2636962745317798,0.25398748868482685,51.848305637187586,56.429117310005694,2
2005.0,25,14971944.75,441237.25,11278.438720703125,9056.500732421875,12391881.5,562.5156326293945,233997504.0,11775055.0,103334.1328125,57462012.0,916141.0625,88596.21875,11877152.0,1004737.25,14737.91015625,4735903.0,18783746.0,4811871.0,15300.423828125,0.0,0.0,0.01599583809022168,0.016227667868507305,40.25429821856285,713832.35985,599838.5,331602.97567500005,26.803663491329317,18.942074376711385,0.0,0.0,0.0,0.0,0.0,0.0,0.0,0.0,4495906.07421875,463034.7451171875,146507.1894683838,116271.970703125,843.7734527587891,0.0,110575212.38012695,24775578.670043945,6443250.567684174,5471279.903347015,18928.651607513428,18928.651607513428,32.222006215706415,57462012.0,0.010438870466283012,0.012422683004034039,0.20491894714720396,0.0421245192849928,0.03259526375861587,12027934.25,2944010.0,8915.873291015625,2362.565673828125,0.0,0.0,1.0054475029017995,0.9878618574161713,1.0,1.0,0.4828069431347848,0.4804478302234823,0.257718381283977,0.2512687105653941,49.825770494190586,52.81291757203183,2
2006.0,26,14903879.75,456790.7890625,9590.891845703125,9140.878173828125,12193146.5,871.8992309570312,236115376.0,11595050.0,101590.3359375,57904768.0,894456.0625,86205.5234375,11695375.0,980661.625,15384.80078125,4672873.5,18990694.0,4868038.0,16031.6943359375,0.0,0.0,0.015780293518453455,0.016659537474930722,33.97720955421329,738020.5328,601976.0625,359728.758175,22.140622482888503,19.344490105379933,0.0,0.0,0.0,0.0,0.0,0.0,0.0,0.0,3892579.83984375,466803.59326171875,141022.65899658203,109774.91719055176,871.8992309570312,0.0,114467792.2199707,25242382.263305664,6584273.226680756,5581054.820537567,19800.55083847046,19800.55083847046,32.28437161939565,57904768.0,0.010395967090309386,0.012745419043903259,0.20024344109279568,0.0412599264905329,0.03159100402590526,11985971.0,2917909.25,8072.099365234375,1490.6664581298828,0.0,0.0,1.0010967116949194,0.9897584458131505,1.0,1.0,0.48464148242241434,0.48447622911409105,0.2515519643372634,0.2450097317209281,44.727668494117204,32.98645799826824,2
2007.0,27,14931949.25,433615.15625,9422.13720703125,8578.362060546875,12158467.0,618.7671813964844,238057168.0,11543467.0,100605.9296875,58370204.0,884640.125,84686.734375,11642723.0,969326.9375,15919.19140625,4693714.5,19200936.0,4931686.5,16650.4609375,0.0,0.0,0.015681054025224732,0.01568690914626488,33.127779492710694,761083.67445,589882.0,351572.28125000006,21.15278649956081,17.05708470696099,0.0,0.0,0.0,0.0,0.0,0.0,0.0,0.0,3674211.3828125,461937.806640625,136325.66367340088,110759.32735061646,759.3960952758789,0.0,118142003.6027832,25704320.06994629,6720598.8903541565,5691814.147888184,20559.946933746338,20559.946933746338,30.071567381680055,58370204.0,0.010105875251009916,0.013038907221396726,0.19776300593364382,0.041134703472786416,0.031011182484152973,11991089.25,2940859.9375,7284.5775146484375,2025.0563659667969,0.0,0.0,0.9992083218855216,0.9934072703736843,1.0,1.0,0.48449146123186476,0.481027222500967,0.24840176607962694,0.2408318914857496,40.04607708224467,44.38280416490182,2
2008.0,28,14914736.25,441434.1171875,9703.395263671875,9281.50732421875,12041295.0,675.0187530517578,240304144.0,11483812.0,98862.1328125,58866416.0,873164.875,82436.671875,11581269.0,955601.5625,16425.455078125,4714752.5,19391178.0,4986785.0,17044.22265625,290820.5625,0.0,0.015516520025139474,0.01583394350790361,33.845467993220694,781615.495675,581641.125,353541.086025,22.46344033522171,19.92277141498163,290820.578125,290820.578125,768396.34375,768396.34375,0.0,0.0,0.0,0.0,3774507.90234375,459068.9736328125,139700.75039672852,109212.41310119629,646.8929748535156,0.0,121916511.50512695,26163389.0435791,6860299.640750885,5801026.56098938,21206.839908599854,21206.839908599854,32.2811008996852,58866416.0,0.009880695386653062,0.013277782966691909,0.19508257475705673,0.04099479638732978,0.030368691686949216,12043880.75,2870854.8125,7931.470703125,1771.924301147461,40501.125,4218.8671875,0.9994550962222378,0.9809337799243115,1.0,1.0,0.4845870482860179,0.4857040392275262,0.24582345862577726,0.23385684194382786,43.23349977097518,38.47915887728363,2
2009.0,29,14723818.75,428383.7578125,9309.634765625,8522.110717773438,11837046.0,646.8929901123047,242364352.0,11380282.0,97512.09375,59337640.0,862111.375,80327.234375,11476219.0,942438.625,17184.8515625,4686542.5,19602938.0,5041124.5,17859.87109375,580797.375,0.0,0.01518769017441971,0.015243162512777785,32.2298604758018,780771.7222000001,547777.75,291101.848875,20.606259099667454,17.52249534935897,290258.0546875,581078.6328125,758833.5703125,1527229.9140625,0.0,0.0,0.0,0.0,3719240.72265625,464244.1318359375,128956.70350646973,103924.76171875,928.1507720947266,0.0,125635752.2277832,26627633.17541504,6989256.344257355,5904951.32270813,22134.99068069458,22134.99068069458,29.421641016360656,59337640.0,0.009231539205131853,0.01315811889721263,0.19178858478362132,0.0404494190492466,0.029763437992504863,11888430.25,2835388.1875,7987.7222900390625,1293.7859649658203,102377.84375,9844.0234375,1.0022890020446382,0.9816665493799341,1.0,1.0,0.4816787391301458,0.48327330069294666,0.24130397642993862,0.23068660699272509,43.17375985579171,27.87676104437981,2
2010.0,30,14963956.0,447312.40625,8493.98681640625,8747.117553710938,11977843.5,675.0187683105469,244244560.0,11394036.0,94980.765625,59809844.0,854714.375,77289.6484375,11487441.0,932004.0,17691.1171875,4685473.5,19819590.0,5106066.5,18366.134765625,867117.875,0.0,0.015316570407955043,0.01579244049144814,29.18706413066904,794272.0978000001,557987.375,292789.395825,19.632027739783393,18.16411260803866,286320.453125,867399.0859375,756021.0,2283250.9140625,0.0,0.0,0.0,0.0,4446629.70703125,482357.1142578125,150922.9297027588,122600.2714920044,703.1445465087891,0.0,130082381.93481445,27109990.28967285,7140179.2739601135,6027551.594200134,22838.13522720337,22838.13522720337,29.97725828229615,59809844.0,0.00932935680287011,0.013279956018611252,0.1905043591151985,0.04014398126636741,0.029291927791797286,12054963.25,2908993.3125,6722.0618896484375,1715.6726684570312,196317.953125,17719.2421875,1.005076772001274,0.9879156374380935,1.0,1.0,0.4804472018598653,0.4825401084410115,0.23916811103670588,0.23076990416098672,36.06551033553797,36.698793379047935,2
2011.0,31,15086949.5,447790.5390625,7875.21923828125,7818.9661865234375,12087814.5,562.5156402587891,246451872.0,11415693.0,93377.6015625,60325096.0,843239.0,74983.3359375,11507550.0,918222.375,18394.26171875,4712137.0,20012616.0,5168140.0,19069.28125,1152791.375,0.0,0.015304153887701044,0.015675027723734507,26.84546096281068,796803.418225,569490.875,340603.226075,17.506427250982327,14.791256619401054,287164.2265625,1154563.3125,770927.6640625,3054178.578125,0.0,0.0,0.0,0.0,4033349.50390625,466156.6982421875,149122.89140319824,119843.95429992676,871.8992156982422,0.0,134115731.4387207,27576146.98791504,7289302.165363312,6147395.548500061,23710.03444290161,23710.03444290161,26.58574753815878,60325096.0,0.009440364172814578,0.013208489850144623,0.18923621770945875,0.04005506663500436,0.02867148755160085,12206561.0,2880389.4375,6328.30078125,1490.6664428710938,315486.8882865906,27844.5234375,1.00547101276777,0.9858824009522382,1.0,1.0,0.4829438916126325,0.4824606526421107,0.23784544637837837,0.2274248459337481,33.67683704066369,31.56452936361229,2
2012.0,32,14945196.0,447846.7890625,7987.72265625,7790.8404541015625,11990781.25,675.0187835693359,248554848.0,11374572.0,91858.8125,60790244.0,834857.5,73042.65625,11464884.0,907900.1875,18816.146484375,4713768.0,20187166.0,5218626.0,19406.7890625,1424908.25,0.0,0.015032090623313853,0.015562296240744629,27.040823017784057,800741.0277750001,548762.125,279851.535875,17.525268371616573,14.903940680800636,271976.3046875,1426539.6171875,738864.2734375,3793042.8515625,0.0,0.0,0.0,0.0,3847438.0625,440027.8447265625,133794.33477783203,110196.80604934692,590.6414184570312,0.0,137963169.5012207,28016174.8326416,7423096.500141144,6257592.354549408,24300.675861358643,24300.675861358643,26.309262833538828,60790244.0,0.009027141345246122,0.013172196311220599,0.18711180037375735,0.039795373162543515,0.0281927033744963,12041041.0,2904155.625,6665.8101806640625,1321.9117431640625,479882.0796966553,41063.640625,1.0055975495928244,0.9958868486158066,1.0,1.0,0.4820730550761804,0.48217825170645895,0.23470971020190007,0.22626344805585585,35.215610270473825,27.773182231033196,2
2013.0,33,14760381.25,454428.234375,7678.3389892578125,8325.230590820312,11921592.0,675.0187530517578,250584112.0,11298014.0,89580.625,61199624.0,836179.375,70426.9609375,11386159.0,906606.375,19153.65625,4677598.0,20318150.0,5274259.0,19772.42578125,1698937.75,0.0,0.014725974775687295,0.015689056705351492,25.82654490080047,769521.4092000001,591541.4375,288851.786275,15.706280924982932,16.139031904224677,275632.6484375,1702172.265625,740833.0703125,4533875.921875,0.0,0.0,0.0,0.0,3917921.24609375,413814.6337890625,146282.18085479736,120828.3515663147,534.3898391723633,0.0,141881090.74731445,28429989.466430664,7569378.680995941,6378420.706115723,24835.065700531006,24835.065700531006,27.936226066432326,61199624.0,0.00966576914753594,0.012573956487052928,0.18460920609577602,0.0392404852185049,0.02805891776480678,11866913.75,2893468.0,6356.426513671875,1321.9117889404297,667284.1601753235,56814.078125,1.0061481948796969,1.000549107021814,1.0,1.0,0.4805746722120705,0.48210993498143695,0.2314025896761176,0.2241037898011213,33.36793135933867,27.583132301231785,2
2014.0,34,14607348.25,433980.7578125,8100.2257080078125,7397.0794677734375,11778543.5,984.4023742675781,252519456.0,11255909.0,87949.3203125,61630868.0,839723.3125,68373.7734375,11342030.0,908097.0625,19575.544921875,4661060.5,20504118.0,5318500.5,20222.4375,1960113.75,0.0,0.014461606722691499,0.014884871305289323,27.066453264271622,763333.7370500001,577619.125,301789.64622500003,16.736991632816025,14.440638824359109,262413.5390625,1964585.8046875,491357.3984375,5025233.3203125,0.0,0.0,0.0,0.0,3936315.484375,459772.1455078125,142485.2050857544,113684.4091835022,703.1445388793945,0.0,145817406.23168945,28889761.611938477,7711863.886081696,6492105.115299225,25538.2102394104,25538.2102394104,24.660587902411123,61630868.0,0.009372237382734898,0.012385574985736046,0.1826342767069255,0.03884793068652312,0.027994927797961512,11670961.5,2936387.875,6243.923583984375,1856.3015441894531,857751.9508171082,78864.69062805176,1.0100866578896512,1.0117000365347113,1.0,1.0,0.47873518627573824,0.4773287081608565,0.22894333691053295,0.22236848063003822,32.6044340571825,38.391958216703706,2
2015.0,35,14629569.0,426864.9609375,7172.074951171875,6947.0670166015625,11800650.25,787.5218811035156,254663200.0,11294245.0,85727.390625,62141208.0,801978.5,65954.953125,11378509.0,867933.4375,19772.42578125,4686289.5,20687834.0,5371714.5,20278.6875,2231387.0,0.0,0.014361683392025232,0.014503736086767527,23.77425375338969,761646.1901000001,648636.75,444668.621325,15.65280309127322,13.767831487252652,272566.953125,2237152.7578125,512789.25,5538022.5703125,0.0,0.0,0.0,0.0,4322651.1796875,483904.0732421875,146141.55625152588,125469.10898971558,337.5093765258789,0.0,150140057.41137695,29373665.685180664,7858005.442333221,6617574.22428894,25875.71961593628,25875.71961593628,22.978152200630717,62141208.0,0.01043810976445775,0.012256700740352523,0.1817512945676885,0.038750984095117715,0.026526279350113872,11578006.25,3051563.0625,5709.53369140625,1434.4149169921875,1072154.7813110352,96358.92656707764,1.0118431135763981,1.014363442560685,1.0,1.0,0.47792215853901027,0.4769565423141741,0.22693069821240422,0.2253944761773792,29.587481039929894,29.466144302457938,2
2016.0,36,14506096.75,447537.421875,7340.82958984375,6862.6898193359375,11776575.5,703.1445770263672,257003552.0,11231890.0,84236.71875,62668636.0,817138.25,64211.15625,11314692.0,881349.4375,20025.556640625,4690508.0,20923526.0,5424563.0,20531.8203125,2508679.0,0.0,0.014110794030971215,0.015092292548682253,24.14246029044157,759114.8696750001,599360.375,414855.29187500005,15.312698212669432,12.65313599870018,278163.9765625,2515316.734375,519201.921875,6057224.4921875,0.0,0.0,0.0,0.0,4185931.6875,497826.3154296875,145269.66015625,120097.07969665527,562.515625,0.0,154325989.09887695,29871492.00061035,8003275.102489471,6737671.303985596,26438.23524093628,26438.23524093628,22.52239597709424,62668636.0,0.009563960750637687,0.01211315449206522,0.1792266549410777,0.038483991441693434,0.02681734380982218,11375866.5,3130230.6875,6103.2945556640625,1181.2828674316406,1322108.5993003845,116384.48281860352,1.0087890573956093,1.0161497112882591,1.0,1.0,0.4792569562538047,0.4771075691127672,0.22291938830944402,0.22592908821737376,31.37760718635553,24.09555718998735,2
2017.0,37,14127467.75,445034.2109375,7340.829345703125,6412.6773681640625,11555703.0,618.7671890258789,259455264.0,11084820.0,83392.9453125,63165972.0,804003.5625,63058.0,11166638.0,867061.625,20334.94140625,4615637.5,21118018.0,5470211.0,20841.203125,2789937.0,0.0,0.013612623937743656,0.01488953099585876,23.966131212682843,741395.6267,622086.0,430324.47225000005,15.195365993736397,11.359892880250074,284070.390625,2799387.125,535796.1328125,6593020.625,0.0,0.0,0.0,0.0,4048199.859375,487729.1396484375,145719.66485595703,122656.5263748169,450.01251220703125,0.0,158374188.95825195,30359221.14025879,8148994.7673454285,6860327.830360413,26888.24775314331,26888.24775314331,20.892914753414264,63165972.0,0.009848435483586004,0.01173726301085021,0.1754872069411043,0.0375951085964937,0.026194952479829975,11077648.0,3049819.0,5568.9046630859375,1743.7984924316406,1571443.650100708,137900.7054786682,1.006775856380493,1.0085312119574574,1.0,1.0,0.4799480115483415,0.47916511250828564,0.2179561228012509,0.22239719319895357,28.421610035072042,35.3501960784367,2
2018.0,38,13830824.5,418483.46875,6525.1817626953125,6834.5633544921875,11352691.25,759.3961181640625,261523360.0,11002524.0,81086.625,63582528.0,789518.75,60386.05078125,11082063.0,849904.75,20700.576171875,4564223.5,21282664.0,5516534.0,21263.091796875,3080588.75,0.0,0.013221404485626065,0.013901996231945117,21.16398675927915,718613.7428750001,644755.375,400792.400625,13.438109553589216,12.351792063883124,293914.421875,3093301.546875,552952.8671875,7145973.4921875,0.0,0.0,0.0,0.0,4079588.234375,473328.77734375,148447.87033081055,125834.74375915527,675.0187683105469,0.0,162453777.19262695,30832549.91760254,8297442.637676239,6986162.574119568,27563.266521453857,27563.266521453857,22.124113213073798,63582528.0,0.010140448882435125,0.01130206308995767,0.17304319828239606,0.03693703321127337,0.025557451592519986,10795406.75,3035418.875,5147.0181884765625,1378.163330078125,1820469.3173217773,160120.0726661682,1.0075949825094839,1.008285218027994,1.0,1.0,0.4784231263799985,0.4788263612179626,0.2141961690581196,0.22175705843580137,26.093913509661252,27.720420724005617,2
2019.0,39,13372767.75,414433.375,7453.332275390625,6525.1806640625,11043447.5,759.3961029052734,263505376.0,10923013.0,80270.984375,63966968.0,757230.375,59232.8984375,11001793.0,816463.25,21038.0859375,4539135.5,21453924.0,5561620.0,21544.349609375,3695643.25,0.0,0.01268737658506064,0.013669908592693208,24.03122498418892,701457.01555,594185.25,325696.56135000003,15.987238985541843,10.332385897485358,617923.4140625,3711224.9609375,786959.3515625,7932932.84375,0.0,0.0,0.0,0.0,4178534.7578125,455187.62353515625,155001.17813110352,129350.46543502808,646.8929748535156,0.0,166632311.95043945,31287737.541137695,8452443.815807343,7115513.039554596,28210.159496307373,28210.159496307373,20.998551684106406,63966968.0,0.009288938784780295,0.010965925656348133,0.17076021173928393,0.036518249955461775,0.024368277270522595,10461244.0,2911524.625,5850.1624755859375,1603.1695556640625,2127968.4837608337,183605.1000137329,1.0067913977293939,1.011456067288532,1.0,1.0,0.47897046736622784,0.4787448702289542,0.21093523353952115,0.22000441151368022,29.48568724351511,32.04443540960314,2
2020.0,40,13190710.5,404336.203125,6272.0496826171875,5962.6649169921875,10854302.0,843.7734680175781,265192928.0,10851292.0,78527.1875,64307744.0,763614.875,57235.9765625,10928301.0,820850.875,21291.21875,4503612.5,21588392.0,5584233.5,21853.734375,4338626.5,0.0,0.012435013444249916,0.013270389515099183,20.118565407215204,675300.037825,682556.4375,403042.463225,13.55706524151038,10.273148523195282,647736.75,4358961.7109375,1058935.6796875,8991868.5234375,0.0,0.0,0.0,0.0,4242970.88671875,441884.166015625,140544.5195465088,108199.87442016602,562.5156402587891,0.0,170875282.8371582,31729621.70715332,8592988.335353851,7223712.913974762,28772.675136566162,28772.675136566162,19.091116125565026,64307744.0,0.01061390736238547,0.010501068702161283,0.1687400509649351,0.036048893581553776,0.02444923613314111,10205692.75,2985017.25,4950.137451171875,1321.9117736816406,2479062.6111450195,209705.82501983643,1.0099242007997595,1.0091712797771502,1.0,1.0,0.4797928067098036,0.47833708569638245,0.2081642444873555,0.21763432479475403,24.790827127948752,26.31358055701998,2
2021.0,41,13197994.75,387320.109375,6384.5528564453125,6525.1802978515625,10926867.0,843.7734680175781,266051616.0,10811607.0,76333.3671875,64496800.0,730173.375,54564.0234375,10886562.0,784737.375,21769.35546875,4486202.5,21670690.0,5582151.5,22416.248046875,4957169.5,0.0,0.01240172391022049,0.01265804169648186,20.414663356786843,681206.45215,676059.375,210380.8531,13.815414448493295,10.444497535160828,642674.0859375,5001635.796875,1033059.9296875,10024928.453125,0.0,0.0,0.0,0.0,4214395.13671875,491554.2734375,150810.43481445312,123050.28985595703,956.276611328125,0.0,175089677.97387695,32221175.98059082,8743798.770168304,7346763.203830719,29728.951747894287,29728.951747894287,20.827982465051967,64496800.0,0.010482060737897075,0.010561864342882128,0.16763013048709394,0.035799220381480215,0.023306694308439437,10195511.25,3002483.4375,4837.6346435546875,1546.9180297851562,2858085.6393203735,241937.97033691406,1.0087464114183196,1.010816944382345,1.0,1.0,0.48087074583886147,0.47786092486630105,0.2055097844138807,0.22027501630269242,24.109086518213125,30.70241662732987,2
2022.0,42,13023108.75,377672.9921875,6722.0621337890625,5456.400634765625,10761713.0,646.8929748535156,268253584.0,10780528.0,75911.484375,64991584.0,713860.4375,53973.3828125,10854921.0,767833.8125,21938.111328125,4501447.0,21913106.0,5596664.5,22585.00390625,5596918.0,0.0,0.012136938261745648,0.012236561323227969,21.32350156893171,673612.490875,671024.875,531014.7736000001,14.36584864374698,8.858585927864857,644361.65625,5645997.453125,1121374.8984375,11146303.3515625,0.0,0.0,0.0,0.0,4277312.41015625,548255.861328125,137675.6992111206,108649.89316558838,421.88671112060547,0.0,179366990.3840332,32769431.841918945,8881474.469379425,7455413.096996307,30150.838459014893,30150.838459014893,17.27902845651345,64991584.0,0.010324796438258836,0.010364611068334632,0.1658757540053186,0.035637334946093134,0.02260613844033004,9971657.75,3051450.375,5484.527587890625,1237.5343933105469,3275556.6104621887,279992.1523704529,1.003846900558869,1.0118265619630757,1.0,1.0,0.4825217507332449,0.4796794518810641,0.20235406934898095,0.21920077069058155,27.04078283984047,24.29811612999201,2
2023.0,43,12834328.5,376407.3203125,6328.3011474609375,5822.035888671875,10640208.5,1040.6539459228516,270612768.0,10756283.0,75377.09375,65517936.0,693919.1875,53326.4921875,10830084.0,747245.75,22050.61328125,4481871.0,22163958.0,5622877.5,22810.01171875,6256721.0,0.0,0.011856728522875904,0.01208550122143484,19.90911094651705,673331.23305,668971.6875,576578.54125,12.577857237737966,9.447125492119804,666581.03125,6312578.484375,666581.03125,11812884.3828125,0.0,0.0,0.0,0.0,4212229.47265625,541871.3330078125,143413.35470581055,117228.25197219849,393.7609558105469,0.0,183579219.85668945,33311303.174926758,9024887.824085236,7572641.348968506,30544.59941482544,30544.59941482544,18.28570094222563,65517936.0,0.010210512240495488,0.010277051967113251,0.1641731052089309,0.035191363611779936,0.021794435801033452,9842279.25,2992048.6875,4922.0118408203125,1406.2891540527344,3740813.2839546204,316471.29065704346,0.9989820646103704,1.0111105237576261,1.0,1.0,0.48434417502426513,0.4761127712805557,0.19964355657906407,0.21621485820008218,23.99429678821176,27.256424727183347,2
2024.0,44,12764717.0,385013.7890625,6412.678955078125,5147.0174560546875,10515583.75,815.6476593017578,272687616.0,10816163.0,74898.953125,66003464.0,702131.9375,52538.96875,10889542.0,754670.875,22359.998046875,4499787.5,22394984.0,5639444.0,23203.7734375,6917114.0,0.0,0.01170269224840779,0.01226908538600577,20.02060276808193,669393.6235000001,684103.375,551546.594825,13.153554756425647,8.32036486980522,666299.75,6978878.234375,666299.75,12479184.1328125,0.0,0.0,0.0,0.0,4227164.16015625,523786.4482421875,134750.6142654419,107749.86289596558,703.1445388793945,0.0,187806384.0168457,33835089.623168945,9159638.438350677,7680391.211864471,31247.743953704834,31247.743953704834,16.042849492321082,66003464.0,0.010364658663975575,0.01014179533819619,0.16387265674419754,0.03506371127856183,0.021884901485643243,9823969.0,2940747.3125,5175.14404296875,1237.534408569336,4221314.130870819,355734.8812866211,1.0005369954788237,1.0038650004825804,1.0,1.0,0.4843374221228697,0.47882241948598364,0.1989175966314916,0.21461887176917502,24.965944589980296,23.720060785985357,2
2025.0,45,12619363.0,377476.09375,5822.0372314453125,5709.5325927734375,10467123.25,956.2765808105469,274563040.0,10904478.0,73464.5390625,66441668.0,706575.875,50907.671875,10976143.0,757483.5,22556.87890625,4516438.0,22560166.0,5651116.0,23260.0234375,7598489.5,0.0,0.011490405809900706,0.011948758334791709,18.054559439322958,666299.7874250001,700303.8125,525670.874925,12.508228328936278,9.830169511864256,693581.765625,7672460.0,693581.765625,13172765.8984375,0.0,0.0,0.0,0.0,4228373.55078125,473216.263671875,121897.12773895264,101899.69277572632,309.3835983276367,0.0,192034757.56762695,34308305.88684082,9281535.56608963,7782290.904640198,31557.12755203247,31557.12755203247,17.67776679628566,66441668.0,0.01054012991516107,0.010028342265955757,0.1641210753468742,0.03495931427685389,0.02187689331687319,9700750.5,2918612.375,4809.5089111328125,984.4023590087891,4742428.605937958,403773.7156677246,0.9968196511421479,1.0015466783665563,1.0,1.0,0.48386182825695345,0.4799814189692918,0.1992182972164824,0.2123101038403547,22.990392590644653,18.6726421857337,2
2026.0,46,12674546.0,366450.78125,5878.2886962890625,5231.3946533203125,10478541.25,646.8929901123047,276150720.0,11013353.0,72789.5234375,66841564.0,695241.1875,50092.0234375,11084257.0,745333.125,22697.5078125,4590380.5,22709794.0,5658794.5,23344.400390625,8263945.0,0.0,0.011474301062839887,0.011524131751088932,18.11842438150278,664893.4983000001,690234.8125,480107.107275,12.397834584484343,8.64921490723717,677550.0703125,8350010.0703125,677550.0703125,13850315.96875,0.0,0.0,0.0,0.0,4279646.88671875,461403.4296875,132022.41328811646,106146.69180297852,393.7609443664551,0.0,196314404.4543457,34769709.31652832,9413557.979377747,7888437.596443176,31950.888496398926,31950.888496398926,16.099670255003456,66841564.0,0.010326431208282319,0.009947306114800068,0.16476803265704554,0.03531735669573888,0.021396118259483347,9693184.75,2981360.8125,4781.3828125,1096.9054718017578,5259746.100540161,450659.3930168152,0.9971421362853664,1.0040988998306142,1.0,1.0,0.48367363657955736,0.47890871299420723,0.1993093872612229,0.213490793032028,22.654191740288393,20.657436187343215,2
2027.0,47,12811237.25,356775.515625,5287.647216796875,4725.130920410156,10560528.75,815.6476745605469,277592736.0,11197267.0,71805.1171875,67224160.0,680953.25,48657.609375,11267132.0,729610.875,23147.51953125,4668711.0,22855064.0,5664785.5,23710.03515625,8927602.0,0.0,0.01153779943470855,0.011147091573666255,16.20066969334145,664049.724825,688237.875,454793.90302500007,10.934894898164554,8.108663072518006,673331.1875,9023341.2578125,673331.1875,14523647.15625,0.0,0.0,0.0,0.0,4276468.65625,442840.4453125,121447.1146697998,95824.53360366821,646.8929901123047,0.0,200590873.1105957,35212549.76184082,9535005.094047546,7984262.1300468445,32597.78148651123,32597.78148651123,14.455641684553402,67224160.0,0.010237954256326893,0.009878140906855511,0.1665661125404914,0.0357075891025654,0.020832472902312,9822000.75,2989236.1875,4078.2383422851562,1181.2828521728516,5803895.590457916,497320.06411743164,0.998668095363155,1.0037470992755624,1.0,1.0,0.48324008919061806,0.4786522711306987,0.20133856455171129,0.213865799757884,19.15486137896697,22.056275732446636,2
2028.0,48,12969135.5,376857.2890625,5147.0181884765625,4893.8856201171875,10721998.25,618.7671890258789,278986368.0,11359216.0,70708.21875,67600096.0,681262.625,47532.57421875,11428292.0,728795.1875,23175.646484375,4733906.5,22997354.0,5663519.0,23710.03515625,9572414.0,0.0,0.011621656994366118,0.01170586176890997,15.678923229196894,664049.724825,693131.75,454231.38737500005,11.032397469319449,8.026570099776846,657580.765625,9680922.0234375,657580.765625,15181227.921875,0.0,0.0,0.0,0.0,4204269.78515625,458815.8501586914,124034.69375610352,103671.6250076294,365.6351623535156,0.0,204795142.89575195,35671365.61199951,9659039.78780365,8087933.755054474,32963.416648864746,32963.416648864746,14.886272546940116,67600096.0,0.010253413693377003,0.009823206831318702,0.16803550101467313,0.0359991159586214,0.02072271789537863,9998827.25,2970307.5,4303.2447509765625,815.6476440429688,6389474.356151581,541365.0375595093,1.0002196558022178,1.0030429410240598,1.0,1.0,0.48233741355426885,0.477384439065358,0.20327527918215998,0.21196704207545966,20.02528783964536,15.095832270557398,2
2029.0,49,13284679.25,365832.0,6159.5467529296875,5568.9039306640625,10978534.25,703.1445465087891,280082720.0,11639995.0,70230.078125,67945464.0,673753.0625,46829.4296875,11708481.0,720582.5,23400.65234375,4872876.0,23152356.0,5655448.0,23963.16796875,10223692.0,0.0,0.011857817620808595,0.01130151934389035,18.666942346995818,664893.4983000001,718782.4375,452262.5826,11.69077001794084,8.880921024464282,664330.96875,10345252.9921875,664330.96875,15845558.890625,0.0,0.0,0.0,0.0,4292950.384765625,485675.9912109375,119984.57735443115,98412.10371398926,393.76094818115234,0.0,209088093.28051758,36157041.60321045,9779024.365158081,8186345.858768463,33357.1775970459,33357.1775970459,16.853039657057764,67945464.0,0.0105788141722014,0.009785693689574335,0.17131379071898015,0.03686666779244129,0.02038962643771558,10187523.75,3097154.875,5006.389404296875,1153.1570892333984,6973815.587482452,590303.8969421387,1.000212855912365,1.004762720228188,1.0,1.0,0.4820436151249775,0.47506620469589544,0.20673820217132213,0.21536707187147222,23.111752067391322,21.220654438217238,2
2030.0,50,13468902.0,375732.25,6103.295166015625,4612.627685546875,11099390.5,984.4023132324219,281245984.0,11866802.0,70426.9609375,68281456.0,697603.75,46801.3046875,11935597.0,744404.9375,23625.658203125,4980879.0,23328142.0,5648359.5,24328.8046875,10846764.0,0.0,0.011972528290395072,0.011555376661297455,18.401933795270033,666862.3030750001,685706.5625,401354.916275,12.894258080526404,7.730681910027453,636205.1796875,10981458.171875,636205.1796875,16481764.0703125,0.0,0.0,0.0,0.0,4306366.31640625,493523.091796875,119197.05509185791,94868.25743103027,506.26407623291016,0.0,213394459.59692383,36650564.695007324,9898221.420249939,8281214.116199493,33863.44167327881,33863.44167327881,13.887852382785027,68281456.0,0.010042354142243247,0.009766374974121817,0.17379245691538855,0.037491489127369625,0.021003685018919173,10353494.0,3115408.4375,4865.76025390625,1237.534423828125,7570560.288352966,635473.9016418457,1.0062679656693687,1.0052484713015726,1.0,1.0,0.48089004471439173,0.4775183407608843,0.209266969796304,0.21721518489505232,22.271973404930407,22.602353572309504,2
2031.0,51,13689211.25,366985.15625,5990.7918701171875,4359.4959716796875,11306255.0,871.8992309570312,282214944.0,12083596.0,70680.09375,68601408.0,693638.0,46829.4296875,12152306.0,740467.375,23850.6640625,5102945.0,23516554.0,5652691.0,24553.80859375,11461847.0,0.0,0.012126582540221541,0.011230354920193013,17.97699143463706,668268.5922000001,715829.25,418792.90142500005,13.450604525283946,7.222541651211799,630298.75,11611756.921875,630298.75,17112062.8203125,0.0,0.0,0.0,0.0,4315704.1796875,503788.9931640625,122937.78555297852,103530.99063110352,506.2640686035156,0.0,217710163.77661133,37154353.68817139,10021159.205802917,8384745.106830597,34369.705741882324,34369.705741882324,13.063489461518502,68601408.0,0.010434614549019169,0.009741324729078448,0.17614209900764718,0.03822819694252635,0.020785276008908653,10482618.75,3206592.1875,5062.640625,928.1507720947266,8143707.458770752,689784.785243988,1.0041686615085215,0.9990989451355338,1.0,1.0,0.4793079884817262,0.4804361800861513,0.2115116559486413,0.2196762655967047,22.996964383283238,16.833900234600137,2
2032.0,52,14037042.75,386954.46875,5034.5150146484375,5062.639892578125,11570328.25,618.7672119140625,283056160.0,12335096.0,69217.546875,68897584.0,696338.0,45085.6328125,12402598.0,741423.625,24131.921875,5198938.0,23691976.0,5647825.5,24778.81640625,12060138.0,0.0,0.012397754168289431,0.01179116315472119,15.042511392518643,671081.1704500001,738808.0,416542.83882500004,10.438963552889632,8.216768699167249,616235.8515625,12227992.7734375,616235.8515625,17728298.671875,0.0,0.0,0.0,0.0,4414116.13671875,518808.1474609375,124175.32265472412,104009.13222885132,506.2640609741211,0.0,222124279.91333008,37673161.835632324,10145334.528457642,8488754.239059448,34875.969802856445,34875.969802856445,15.106195462406664,68897584.0,0.010723278772736065,0.009740271450592522,0.17903524744786406,0.03878222394410686,0.02077773288067023,10835935.5,3201107.6875,3881.3577880859375,1153.1570434570312,8736092.66356659,735067.2930641174,1.009044582454164,1.0059389283220717,1.0,1.0,0.47830168169190695,0.4764096008471189,0.21533171783894026,0.2189113035397834,17.494618380061176,20.812711185477447,2
2033.0,53,14186981.75,371710.296875,6018.9178466796875,5203.269287109375,11765691.25,871.8992309570312,284061664.0,12519967.0,68739.40625,69181232.0,690234.75,44438.734375,12586738.0,734673.5625,24300.677734375,5293131.0,23867258.0,5657388.5,24947.5703125,12640542.0,0.0,0.012485829265226019,0.011278296690466112,17.911413205110076,674456.2643500001,725785.75,389542.08762500004,12.40894642524675,8.755181907315523,594860.2734375,12822853.046875,594860.2734375,18323158.9453125,0.0,0.0,0.0,0.0,4319276.17578125,517429.9599609375,134188.099609375,113543.77579498291,562.515625,0.0,226443556.08911133,38190591.79559326,10279522.628067017,8602298.014854431,35438.485427856445,35438.485427856445,15.46371350021206,69181232.0,0.010491078707589365,0.009749121905634754,0.1809734611259886,0.039326938885265124,0.020513242411522595,10888080.75,3298901.0625,4753.257080078125,1265.660140991211,9297370.754310608,777255.9649467468,1.0092170439763226,1.0052820577971688,1.0,1.0,0.47693751188648076,0.4763399660447884,0.21730056657849373,0.22056517041313217,21.279864414556524,22.726583749936704,2
2034.0,54,14451448.0,386110.703125,5484.527587890625,4640.7535400390625,11979108.75,759.3961181640625,284816288.0,12872073.0,68514.40625,69455240.0,711329.0625,44044.9765625,12938815.0,755374.125,24469.43359375,5450945.0,24050690.0,5652775.5,25313.20703125,13208289.0,0.0,0.012684885493627387,0.011677540063115227,16.25928221605107,679237.6473750001,727670.25,376885.4855,11.732739563743559,7.678779573019096,585578.7578125,13408431.8046875,585578.7578125,18908737.703125,0.0,0.0,0.0,0.0,4368383.69140625,515517.4501953125,121025.2353515625,100409.03458023071,562.515625,0.0,230811939.78051758,38706109.245788574,10400547.86341858,8702707.049434662,36001.001052856445,36001.001052856445,13.739911657354837,69455240.0,0.010476822915016924,0.009779501839961968,0.1853290406886507,0.0403466280329927,0.021060369601047096,11109964.25,3341483.3125,4303.244567871094,1181.2828369140625,9886183.984905243,827066.7235488892,1.012072767538729,1.0081157343653542,1.0,1.0,0.4774942321341933,0.47582609616262955,0.22258283319865832,0.2231375306533416,19.16147881387292,21.090478569624644,2
2035.0,55,14666609.75,425318.0390625,5287.647216796875,4922.01123046875,12188279.25,731.2703552246094,285543616.0,13101665.0,67670.625,69718872.0,742689.375,43201.203125,13167338.0,785890.5,24469.43359375,5554532.5,24223748.0,5652691.0,25285.080078125,13778145.0,0.0,0.012840953998075026,0.012826906561943172,15.617239311436391,684862.8038750001,755036.625,386448.25155000004,11.045326461172746,8.985094554002963,589235.1171875,13997666.921875,589235.1171875,19497972.8203125,0.0,0.0,0.0,0.0,4425844.73046875,517964.4072265625,135847.5179786682,113459.3945350647,506.2640724182129,0.0,235237784.51098633,39224073.65301514,10536395.381397247,8816166.443969727,36507.26512527466,36507.26512527466,14.518796017778701,69718872.0,0.010829730937127038,0.009823205456838143,0.18792135650157965,0.040961469085241245,0.02190762075764226,11276526.0,3390084.75,4050.1126098632812,1209.4086456298828,10435030.480335236,868608.5024681091,1.012628992071156,1.0094076624604813,1.0,1.0,0.4766032232338253,0.4752083574860679,0.22562665677574972,0.2252083576983437,17.944216392301968,21.500215906543623,2
2036.0,56,14863997.5,425627.4296875,5540.7794189453125,4584.502014160156,12355346.75,731.2703247070312,286330016.0,13269434.0,67586.25,69977064.0,762377.375,43257.453125,13334799.0,805634.8125,24328.8046875,5621106.0,24392336.0,5661326.0,25172.578125,14347327.0,0.0,0.012978029432303737,0.01279640273751261,16.30570884328877,690487.960375,763586.8125,378291.774625,11.941039716526642,8.726406137533887,592047.6875,14589714.609375,592047.6875,20090020.5078125,0.0,0.0,0.0,0.0,4427532.3359375,515489.3310546875,137478.81954193115,113937.53730773926,253.13204193115234,0.0,239665316.84692383,39739562.984069824,10673874.200939178,8930103.981277466,36760.39716720581,36760.39716720581,13.474370445359583,69977064.0,0.01091195841683212,0.009867346826311548,0.1896254749984938,0.04130266729226671,0.022407134162406226,11408464.0,3455533.5625,4303.2447509765625,1237.534423828125,10977239.291416168,912456.595451355,1.0087815200691395,1.004570103836356,1.0,1.0,0.4786978199364506,0.47625695949431773,0.2278736689168822,0.22475875320485608,18.978981424215704,21.88009791322811,2
2037.0,57,15112066.5,403914.3359375,5034.515380859375,4106.3641357421875,12569440.25,759.3961181640625,287074240.0,13547739.0,67642.5,70212104.0,752505.25,43313.70703125,13613216.0,795818.875,24328.8046875,5777035.5,24552626.0,5671339.0,25116.326171875,14904415.0,0.0,0.01316041670962884,0.012101667384069733,14.77006367489478,696675.632525,792612.625,388698.31415000005,10.657258183697486,7.7125776458543855,582203.6640625,15171918.2734375,582203.6640625,20672224.171875,0.0,0.0,0.0,0.0,4528222.546875,525136.44140625,137394.43418884277,117762.64395141602,337.50938415527344,0.0,244193539.39379883,40264699.425476074,10811268.635128021,9047866.625228882,37097.906551361084,37097.906551361084,12.031800915150884,70212104.0,0.01128883169488839,0.009922443465374575,0.19295446551494883,0.04231732666542746,0.022048686030542244,11676502.5,3435564.125,3937.6094360351562,1096.9055480957031,11520488.75641632,957795.3548355103,1.0142619357149694,1.0093493914256058,1.0,1.0,0.4772785942832218,0.4741466604744338,0.23181769453692413,0.22763975387245008,17.298644041830745,19.326354102772548,2
2038.0,58,15257786.5,431111.9375,5568.9049072265625,4078.2383422851562,12822460.5,703.1445503234863,287676672.0,13810743.0,68064.390625,70443792.0,782740.4375,43819.96875,13876810.0,826560.4375,24244.42578125,5871003.5,24706250.0,5675473.0,25088.19921875,15463724.0,0.0,0.01325949232685784,0.012887397196282156,16.287571005653444,703707.0781500001,780124.8125,360010.01600000006,11.320820450699935,6.877779416775638,586985.046875,15758903.3203125,586985.046875,21259209.21875,0.0,0.0,0.0,0.0,4449358.015625,514786.169921875,136241.2822418213,113178.13458251953,421.88673400878906,0.0,248642897.40942383,40779485.59539795,10947509.917369843,9161044.759811401,37519.79328536987,37519.79328536987,11.912499080720652,70443792.0,0.011074429560805017,0.009989625177332874,0.19605337259527425,0.042872876672939396,0.022863780778778365,11884127.0,3373659.375,3965.735107421875,1603.1695404052734,12064666.372200012,1003865.3845367432,1.0168984830112462,1.0017931275603258,1.0,1.0,0.47536537248380634,0.4761818119570736,0.23653344405058999,0.2257856004751304,17.34754743341477,28.09044150227515,2
2039.0,59,15321631.5,443684.171875,5568.9051513671875,4359.495910644531,12878092.75,506.26408767700195,288464768.0,13965098.0,67670.625,70663824.0,790700.0625,43707.46875,14030716.0,834407.5,23963.16796875,5946465.0,24851126.0,5695301.5,24806.94140625,16023145.0,0.0,0.013278598636350628,0.013229852714368407,16.24364904518968,710457.26595,801387.875,371260.329,11.884277671563638,7.609267703609064,585297.515625,16344200.8359375,585297.515625,21844506.734375,0.0,0.0,0.0,0.0,4533313.34375,506404.697265625,151007.3144607544,133288.07442092896,281.25782012939453,0.0,253176210.75317383,41285890.292663574,11098517.231830597,9294332.83423233,37801.05110549927,37801.05110549927,12.69979557561526,70663824.0,0.011340850659313314,0.010054044994083536,0.19762726115699597,0.04330712279896707,0.02303415202399304,11929494.25,3392138.125,4190.741455078125,1378.1633605957031,12586315.237194061,1046419.6915855408,1.0157544022426501,1.004085692542293,1.0,1.0,0.4776443360338065,0.4795739239438534,0.23865346855490416,0.22598671978837692,18.27180618986154,24.07200120889306,2
2040.0,60,15456973.0,448859.328125,5484.5277099609375,4134.489929199219,13060686.25,843.7734832763672,289149344.0,14134162.0,68008.140625,70877048.0,817532.0625,44101.2265625,14200144.0,861633.25,23906.916015625,6004714.0,24981148.0,5696567.5,24835.068359375,16562035.0,0.0,0.013364177820856478,0.01335865573972814,15.955422866051732,716644.9381,792134.5,346790.898225,11.510467413460129,7.1527904308976185,569265.796875,16913466.6328125,569265.796875,22413772.53125,0.0,0.0,0.0,0.0,4548641.8203125,501426.4287109375,143047.72032165527,117200.12481307983,196.88047790527344,0.0,257724852.57348633,41787316.72137451,11241564.952152252,9411532.95904541,37997.93158340454,37997.93158340454,12.012521785584925,70877048.0,0.011176177935627342,0.010111100254909036,0.1994180400967038,0.0436158746159877,0.02375292207592223,12114532.75,3342439.75,4556.376708984375,928.1507720947266,13118342.515476227,1090970.929096222,1.0189526169939525,1.014399646404758,1.0,1.0,0.4761402523265905,0.47387774796788545,0.2408986365222551,0.2271738019504557,19.80108528172914,16.179325590406247,2
2041.0,61,15593974.0,443909.1953125,5315.77294921875,5428.27490234375,13244543.5,646.8929901123047,289857280.0,14321759.0,66601.84375,71085464.0,812750.6875,42694.9375,14386591.0,855445.5625,23906.916015625,6092494.0,25118402.0,5716677.0,24694.4375,17099126.0,0.0,0.013449700142083718,0.013175050147265662,15.424479106579406,723395.1259000001,785749.9375,326540.334825,10.770081030807534,10.074848327451011,566453.25,17479919.8828125,566453.25,22980225.78125,0.0,0.0,0.0,0.0,4604021.52734375,500020.16796875,154916.80235290527,133906.83828735352,478.13829040527344,0.0,262328874.10083008,42287336.88934326,11396481.754505157,9545439.797332764,38476.069873809814,38476.069873809814,15.731430729404549,71085464.0,0.011053595113341315,0.01017641420895839,0.20147239947677628,0.04414093291817752,0.023553949220887313,12243321.5,3350652.5,3965.7352294921875,1350.0375061035156,13631469.268772125,1132934.5947303772,1.0221017593986907,1.0134901216525745,1.0,1.0,0.47549851838960056,0.4748503731072664,0.24397856454036865,0.22706987648642799,17.183533848843304,23.45399117419518,2
2042.0,62,15530493.0,453612.5703125,5512.653564453125,4556.3763427734375,13252447.0,731.2703247070312,290651552.0,14387913.0,66573.71875,71287296.0,809684.9375,42751.19140625,14452432.0,852436.125,23822.5390625,6104419.5,25221708.0,5724187.0,24722.5625,17637594.0,0.0,0.013358343429729906,0.0134287958121199,15.9574161041682,728176.5089250001,802484.8125,331321.71785,10.951051631405623,8.341114819554019,568703.3046875,18048623.1875,568703.3046875,23548929.0859375,0.0,0.0,0.0,0.0,4657432.421875,485000.978515625,149291.63945770264,127100.39591217041,309.3835983276367,0.0,266986306.52270508,42772337.86785889,11545773.39396286,9672540.193244934,38785.45347213745,38785.45347213745,13.172989457198078,71287296.0,0.011257052203242496,0.010214674279762274,0.2018299726223309,0.044121384882612226,0.023408889746906365,12179503.25,3350990.0,4471.9993896484375,1040.6539001464844,14150896.197063446,1176726.4361495972,1.023239396328938,1.0117047567332813,1.0,1.0,0.4746556330066373,0.47675482659960305,0.24473904367501556,0.22592780892410033,19.3310256825625,18.042707455714396,2
2043.0,63,15685522.75,450434.3671875,5568.905029296875,4275.118469238281,13353249.5,843.7734680175781,291316704.0,14592332.0,66714.34375,71484968.0,813763.1875,43144.953125,14656991.0,856908.1875,23569.40625,6198809.5,25310418.0,5722921.0,24469.43359375,18168300.0,0.0,0.013460885124870835,0.01330498804406419,16.083402635307955,731551.6028250001,805972.375,325977.819175,11.334839625691446,7.712448589241838,567015.75,18615638.9375,567015.75,24115944.8359375,0.0,0.0,0.0,0.0,4567936.0078125,474960.0947265625,140910.1601753235,119281.43223953247,281.2578315734863,0.0,271554242.5305176,43247297.96258545,11686683.554138184,9791821.625484467,39066.71130371094,39066.71130371094,12.331487236062378,71484968.0,0.011274711279160117,0.010233642446688933,0.20413147558518877,0.0447008315547639,0.023472824044620345,12263684.5,3421838.8125,4190.741455078125,1378.163330078125,14647006.852722168,1222571.4595947266,1.0258683489134972,1.00743266249828,1.0,1.0,0.4735955865600266,0.47962392793675945,0.2465792150537576,0.23232499724298608,18.061481966332057,23.893115708679872,2
2044.0,64,15806801.5,471894.34375,5175.1441650390625,4134.489990234375,13518236.0,900.0250549316406,291972608.0,14711386.0,66770.59375,71683600.0,850579.8125,43285.578125,14776104.0,893865.375,23485.029296875,6225754.5,25392910.0,5741709.0,24441.3046875,18710788.0,0.0,0.01353449010874335,0.01392021990435254,14.910860036573007,732395.3763000001,833226.25,357197.43775000004,10.260839130351071,7.063844492247327,575453.4921875,19191092.4296875,575453.4921875,24691398.328125,0.0,0.0,0.0,0.0,4665504.47265625,468688.037109375,155366.80821990967,132950.56270980835,337.50939178466797,0.0,276219747.0031738,43715985.999694824,11842050.362358093,9924772.188194275,39404.220695495605,39404.220695495605,11.897641732448095,71683600.0,0.011623666361622462,0.010217056290420684,0.20522666272341233,0.044788956274010444,0.024476764722809744,12372109.25,3434692.3125,4021.9866943359375,1153.1570739746094,15141373.709934235,1261975.6791419983,1.0289119231061787,1.0155968258150287,1.0,1.0,0.473451529227887,0.4771445339036626,0.24850587709408328,0.23162122609155752,17.308597656174666,19.959206054404547,2
2045.0,65,15922708.0,465369.15625,5653.2823486328125,5006.3885498046875,13706903.0,590.6414031982422,292530048.0,14908886.0,66123.703125,71878688.0,848189.1875,42948.0703125,14973097.0,891137.1875,23175.646484375,6318850.0,25458134.0,5753353.0,24131.921875,19253052.0,0.0,0.013607754236583587,0.013693518073435449,16.249793503288682,732395.3763000001,811203.75,332165.491325,11.365396660387775,8.496742487131094,575172.2421875,19766264.671875,575172.2421875,25266570.5703125,0.0,0.0,0.0,0.0,4663451.3671875,445681.1484375,158657.5179824829,133991.21504211426,365.63516998291016,0.0,280883198.3703613,44161667.148132324,12000707.880340576,10058763.40323639,39769.855865478516,39769.855865478516,14.372619127032172,71878688.0,0.011285733957748366,0.010189325886137489,0.2074173362763661,0.045351266420576915,0.024350287674095868,12532202.0,3390506.5625,4303.244567871094,1321.9117431640625,15625896.54371643,1307342.564315796,1.0319766901945127,1.0206224137105224,1.0,1.0,0.4743160358611215,0.47577660489616336,0.2521012720246201,0.23096397143994907,18.474445639040162,22.836153434129443,2
2046.0,66,16189087.75,458112.71875,5850.162841796875,4050.1126098632812,13950220.0,450.0125198364258,293037184.0,15033792.0,66770.59375,72046744.0,831594.9375,43707.46875,15098736.0,875302.375,23063.142578125,6384271.0,25495878.0,5762888.0,23906.916015625,19780636.0,0.0,0.013811462020806206,0.013450219609164125,16.78777466363063,731832.86065,842367.125,343415.80432500003,11.586230563526943,6.788675789618885,567578.28125,20333842.953125,567578.28125,25834148.8515625,0.0,0.0,0.0,0.0,4649641.48046875,446918.6416015625,156576.21954345703,129772.34532165527,450.01251220703125,0.0,285532839.8508301,44608585.78973389,12157284.099884033,10188535.748558044,40219.86837768555,40219.86837768555,11.607746266718074,72046744.0,0.011691952727246078,0.010157750649356203,0.20866719528643793,0.045743788509418806,0.023833764541952154,12762720.5,3426367.0625,4331.370422363281,1518.792221069336,16104625.466587067,1350009.3744850159,1.0362978525128677,1.016691106938277,1.0,1.0,0.4728984195213925,0.4765998379773631,0.25434023938246075,0.2302171440069068,18.586688044980214,26.168369782627394,2
2047.0,67,16247617.25,480303.953125,5203.2698974609375,5203.2686767578125,14019381.25,731.2703247070312,293576352.0,15199902.0,64970.55078125,72217776.0,838457.5625,42582.4375,15262935.0,881040.0625,22388.123046875,6465413.5,25553228.0,5772338.0,23175.646484375,20316942.0,0.0,0.013835938367747004,0.014076914213543951,14.902315030734082,729582.7980500001,812835.0625,316696.31095,9.565552314548126,8.460688367818763,575734.7421875,20909577.6953125,575734.7421875,26409883.59375,0.0,0.0,0.0,0.0,4730053.0859375,447509.291015625,158235.6371192932,132697.42695617676,225.0062599182129,0.0,290262892.9367676,45056095.08074951,12315519.737003326,10321233.175514221,40444.87463760376,40444.87463760376,14.884159211596826,72217776.0,0.01125533223980755,0.01010253760860761,0.21047313891250266,0.0462364380358936,0.023984415619670813,12804177.25,3443439.375,4303.244689941406,900.0250244140625,16600061.103500366,1399032.611213684,1.0383377181814974,1.0235153758591027,1.0,1.0,0.4725361905104018,0.47551261493530295,0.25714782599998315,0.2299884201827136,18.442490234366154,15.470521811737477,2
2048.0,68,16336326.25,490879.2421875,5822.0369873046875,4106.364013671875,14215023.75,787.5219116210938,293979104.0,15414671.0,65645.5703125,72361168.0,855867.5,43398.08203125,15478292.0,899265.5,22247.494140625,6539075.0,25574968.0,5775769.5,23119.39453125,20843734.0,0.0,0.013892421287534776,0.01437502218280662,16.65316763994161,725363.9306750001,870296.0625,351572.28125000006,11.015337585788197,6.731986773167499,576015.984375,21485593.6796875,576015.984375,26985899.578125,0.0,0.0,0.0,0.0,4685333.12890625,439971.578125,154298.0273590088,131403.64629745483,281.25782775878906,0.0,294948226.0656738,45496066.65887451,12469817.764362335,10452636.821811676,40726.13246536255,40726.13246536255,11.731149358951734,72361168.0,0.012027114632809687,0.010024215345376957,0.21302407667051476,0.046702426549974266,0.024450607497396862,12837169.0,3499156.5625,4331.370361328125,1490.6664123535156,17079746.302936554,1436299.2713890076,1.0405181426733408,1.0296882803984377,1.0,1.0,0.4727197941372841,0.47662450354702,0.26067113116870777,0.23181400390994278,18.57184913226435,25.544261541139676,2
2049.0,69,16297512.0,471697.4609375,4978.263610839844,5090.765808105469,14198457.0,843.7734680175781,294579296.0,15485858.0,64183.03125,72510144.0,832298.125,42273.05078125,15547960.0,874571.125,21909.984375,6578648.5,25614796.0,5798804.5,22978.765625,21384566.0,0.0,0.01383117569810473,0.013782249531768598,14.217507776761053,721145.0633,852211.125,340603.226075,9.642342480272173,8.49616593270026,583891.203125,22069484.8828125,583891.203125,27569790.78125,0.0,0.0,0.0,0.0,4737478.45703125,436962.1484375,174576.7187576294,147660.3476753235,421.88672637939453,0.0,299685704.5227051,45933028.80731201,12644394.483119965,10600297.169487,41148.01919174194,41148.01919174194,14.52127342652288,72510144.0,0.011752991760711439,0.009945436921212017,0.21356815951158503,0.046913547610745565,0.023741081599676143,12922783.75,3374728.0625,3515.7227783203125,1462.5406341552734,17567362.97267151,1477700.4214057922,1.0426281370241075,1.0128667838991365,1.0,1.0,0.47307980519030324,0.48104515569548767,0.2627666905413565,0.22686746267021815,15.059606432433572,24.991469394035672,2
2050.0,70,16395559.25,474538.1796875,5625.15673828125,4246.992858886719,14294479.25,787.5218811035156,294857184.0,15657762.0,64464.2890625,72615832.0,846670.3125,42807.4453125,15720033.0,889477.75,21656.853515625,6639259.5,25631050.0,5807692.5,22753.7578125,21910096.0,0.0,0.013901271649192715,0.013862211532754489,16.05519525149667,716644.9381,832804.375,294758.20060000004,11.2379937972063,6.621626735979158,583609.953125,22653094.8359375,583609.953125,28153400.734375,0.0,0.0,0.0,0.0,4705358.75,431674.482421875,158573.1468887329,132275.54317474365,365.63516998291016,0.0,304391063.2727051,46364703.28973389,12802967.630008698,10732572.712661743,41513.65436172485,41513.65436172485,12.106878859303517,72615832.0,0.011468633658290936,0.00986899025132701,0.21562463127875475,0.047316250081387325,0.024135983383530263,13047072.0,3348486.6875,4359.496154785156,1265.6602020263672,18049241.98307419,1513195.157360077,1.049304568119463,1.01920376809555,1.0,1.0,0.4714390951326324,0.47788114618919636,0.2661968291449871,0.22563787852710182,18.66493930401899,21.642211733276632,2
2051.0,71,16470570.75,495407.4765625,5540.779296875,4725.1307373046875,14388897.75,787.5219116210938,295201728.0,15821089.0,63733.015625,72722208.0,874627.3125,42582.4375,15882769.0,917209.8125,21150.58984375,6713821.0,25647506.0,5811798.5,22275.62109375,22449354.0,0.0,0.013948572440267017,0.014471747876072916,15.801552674900131,710457.26595,852126.75,311071.15445000003,10.415207860795764,7.712697947415565,590922.671875,23244017.5078125,590922.671875,28744323.40625,0.0,0.0,0.0,0.0,4647475.85546875,432996.38037109375,153651.13633346558,128816.07539749146,196.88047409057617,0.0,309038539.1281738,46797699.67010498,12956618.766342163,10861388.788059235,41710.53483581543,41710.53483581543,13.459088741804248,72722208.0,0.011717558823296455,0.009769467752546787,0.21755512428885548,0.04780921293996473,0.02491293314279399,13138030.25,3332539.3125,3881.35791015625,1659.4211120605469,18542005.67079544,1555468.2065963745,1.0442919853719612,1.0182396417982749,1.0,1.0,0.47310715728331504,0.4785220855413084,0.2688821717903398,0.22608062286213482,16.597171430019173,28.346169473040703,2
2052.0,72,16677968.25,459012.71875,5259.521484375,4500.124694824219,14638991.75,731.2703247070312,295321824.0,15990942.0,63451.7578125,72816144.0,860058.1875,42582.4375,16052256.0,902640.625,20869.33203125,6768272.0,25652118.0,5811742.5,22050.61328125,22994400.0,0.0,0.014118469153502181,0.013395295937707996,14.991146010801744,703988.335975,880871.375,333571.78045,10.124568542842757,6.7824467466837035,606673.109375,23850690.6171875,606673.109375,29350996.515625,0.0,0.0,0.0,0.0,4733512.4609375,434571.4443359375,160457.57578659058,138350.71543502808,337.5093803405762,0.0,313772051.5891113,47232271.11444092,13117076.342128754,10999739.503494263,42048.044216156006,42048.044216156006,12.811098062947947,72816144.0,0.012097198871173404,0.009668025485873024,0.219607097019584,0.048170329817989514,0.024484409937743205,13345852.25,3332117.5625,4218.867431640625,1040.6539001464844,19036738.163211823,1599597.5573921204,1.042999042232167,1.0229174105168315,1.0,1.0,0.4733334486555198,0.47883691059730865,0.2719228683145681,0.22574888885092909,18.028435477303336,17.76173342653446,2
2053.0,73,16700863.25,471697.46875,5990.7919921875,4781.382568359375,14698337.0,843.7734527587891,295384832.0,16223653.0,63733.015625,72892152.0,875696.125,42891.8203125,16285165.0,918587.9375,20841.203125,6865166.0,25635666.0,5808311.0,22078.73828125,23537172.0,0.0,0.014134834833022164,0.013767892532426277,17.07094854371614,698925.6951250001,887874.625,334134.29610000004,11.193569001899373,8.599193890617643,606110.5703125,24456801.1875,606110.5703125,29957107.0859375,0.0,0.0,0.0,0.0,4660216.87890625,425177.453125,152554.23516845703,124034.68790054321,450.01251220703125,0.0,318432268.4680176,47657448.56756592,13269630.57729721,11123774.191394806,42498.05672836304,42498.05672836304,13.608066693372248,72892152.0,0.0121806614380105,0.009588490337409713,0.22257064107532454,0.04884656030626259,0.02492277307192453,13441479.5,3259384.4375,4697.0054931640625,1293.7859497070312,19504835.540786743,1641645.6003799438,1.0472892769398776,1.0191807922066227,1.0,1.0,0.47273768147226564,0.4823340296178239,0.2762402878114787,0.22624115782431234,20.066881684676474,22.09636918066666,2
2054.0,74,16872825.0,493691.828125,5793.9110107421875,4865.759521484375,14889479.5,450.01251220703125,295422240.0,16349658.0,63142.375,72948264.0,905340.6875,42751.19140625,16410774.0,948091.875,20391.19140625,6846996.0,25617438.0,5813289.0,21600.6015625,24071728.0,0.0,0.014278567009714638,0.014423228941386146,16.51085377996779,692456.7651500001,907365.8125,343134.54650000005,10.564658070590763,7.988217628151431,598235.359375,25055036.546875,598235.359375,30555342.4453125,0.0,0.0,0.0,0.0,4720237.171875,425177.439453125,162567.01133728027,138125.70664596558,337.50938415527344,0.0,323152505.6398926,48082626.00701904,13432197.588634491,11261899.898040771,42835.56611251831,42835.56611251831,13.849037240792681,72948264.0,0.012438483971325211,0.009492436518434491,0.22412675920567485,0.04872019577461101,0.025768015951942093,13624072.5,3248752.6875,4471.999328613281,1321.9117889404297,19992508.462108612,1687124.9886817932,1.046136983406163,1.0229426782862931,1.0,1.0,0.47340100763343534,0.4811563736693838,0.27839836978991644,0.22628983271646452,19.10653561191363,22.531701362709335,2
2055.0,75,17095834.5,490935.4921875,5315.772705078125,4021.9866943359375,15077444.25,871.8992614746094,295307488.0,16643262.0,63339.2578125,73010288.0,907393.8125,43060.57421875,16704491.0,950454.5,20278.6875,6960821.5,25625538.0,5818436.5,21459.97265625,24623700.0,0.0,0.014472909759064423,0.014339616239521341,15.144375692408943,686831.6086500001,893246.625,328790.39742500003,9.889758515557128,5.759263803576174,613704.53125,25668741.078125,613704.53125,31169046.9765625,0.0,0.0,0.0,0.0,4706286.734375,431618.25390625,165013.9515724182,136972.54610443115,506.2640724182129,0.0,327858792.3742676,48514244.26092529,13597211.54020691,11398872.444145203,43341.83018493652,43341.83018493652,11.444403105922078,73010288.0,0.01223453090611011,0.009407326384604866,0.22795776397978323,0.04951685152673167,0.02581952988729132,13776036.0,3319798.4375,4218.867248535156,1096.9054718017578,20479534.490436554,1725629.1832351685,1.0452056294610048,1.028297838306052,1.0,1.0,0.4729832470543058,0.48037795044578946,0.28259786871456527,0.23156971787893915,18.0062520184476,18.71356257141389,2
2056.0,76,17300027.5,488319.8046875,6890.81640625,4753.256530761719,15338817.0,871.8992156982422,295169120.0,16808980.0,64154.90625,73032584.0,897381.0625,44298.109375,16870746.0,941679.25,19856.802734375,7001238.0,25631222.0,5840655.5,21009.9609375,25161774.0,0.0,0.014652640069530308,0.014267213860519665,19.64326366265098,681487.709975,890209.0625,304883.48230000003,12.83932729671541,7.22030200244548,612298.2578125,26281039.3359375,612298.2578125,31781345.234375,0.0,0.0,0.0,0.0,4708002.55078125,430661.9765625,166785.875,138435.0898475647,281.2578125,0.0,332566794.9250488,48944906.23748779,13763997.41520691,11537307.533992767,43623.08799743652,43623.08799743652,13.53275276343576,73032584.0,0.012189203965451914,0.009331283006157908,0.23015726788470198,0.04983216363287057,0.02554887575456755,13928533.5,3371493.6875,5428.2760009765625,1462.5405883789062,20969007.461784363,1767761.6035614014,1.0435104311407037,1.0241729109959146,1.0,1.0,0.47374501283185133,0.481214985462288,0.2855180654945581,0.23197463984418112,23.16590359348862,24.929405987802713,2
2057.0,77,17491366.0,493663.6875,5822.0369873046875,4725.1309814453125,15470643.25,703.1445617675781,294979552.0,17054686.0,63958.0234375,73039480.0,904046.875,44157.4765625,17116310.0,948204.4375,19800.55078125,7103306.5,25608720.0,5838940.0,20813.078125,25691830.0,0.0,0.01482421906993743,0.014438316949699175,16.610135600159335,677831.35825,930766.5,332165.491325,10.925260637573825,7.083008698297572,603016.75,26884056.0859375,603016.75,32384361.984375,0.0,0.0,0.0,0.0,4712643.3828125,424530.5390625,156210.5859413147,125187.84864807129,421.88672256469727,0.0,337279438.3078613,49369436.77655029,13920208.001148224,11662495.382640839,44044.97472000122,44044.97472000122,13.463726737876208,73039480.0,0.012743334152981374,0.009280342059527259,0.23349955393986924,0.05060017279252576,0.025759794026932632,14127046.25,3364321.5,4387.622009277344,1434.4148559570312,21451111.478427887,1801371.9121742249,1.0430910478121183,1.0244852085947602,1.0,1.0,0.4739085310794911,0.4814416475721076,0.2900421445478478,0.23330994602215394,18.723108595809048,24.50403374475052,2
2058.0,78,17555071.5,480247.6953125,5906.414794921875,3825.1063842773438,15569111.5,675.0187835693359,294754816.0,17198522.0,64801.796875,73044456.0,911922.125,45338.765625,17261158.0,957260.9375,19463.041015625,7136748.0,25607794.0,5831824.0,20391.19140625,26229174.0,0.0,0.014889554425465265,0.014059966125638989,16.86405858034852,673612.490875,903372.0,300945.87275000004,11.084844817925182,6.156330178131107,612579.515625,27496635.6015625,612579.515625,32996941.5,0.0,0.0,0.0,0.0,4675235.94921875,429143.18359375,155563.68984603882,128984.82969284058,365.63515853881836,0.0,341954674.2570801,49798579.96014404,14075771.690994263,11791480.21233368,44410.60987854004,44410.60987854004,10.907364813680996,73044456.0,0.012367427310294433,0.009221952325512562,0.23545280424841553,0.050876437279805675,0.02600363571566748,14193732.25,3361340.25,4781.3829345703125,1125.031265258789,21942862.63805008,1845276.2567214966,1.0449243102694794,1.0253447035114978,1.0,1.0,0.47276155468353914,0.47886366085954873,0.29265888382158517,0.23316250909519584,20.403460933519135,19.211650189532868,2
2059.0,79,17840126.5,495294.984375,5737.659912109375,4753.256774902344,15819881.0,534.3898544311523,294392544.0,17483774.0,64436.1640625,73044144.0,909081.4375,45366.890625,17545960.0,954448.3125,19069.28125,7249055.0,25600198.0,5855928.0,20081.80859375,26755354.0,0.0,0.015149947632505259,0.014512089581372793,16.39634355918242,671081.1704500001,911303.4375,311914.927925,11.055967701574327,7.524880486723785,601047.9375,28097683.5390625,601047.9375,33597989.4375,0.0,0.0,0.0,0.0,4693067.7578125,424530.5634765625,175195.4945411682,147041.5859489441,365.6351661682129,0.0,346647742.0148926,50223110.523620605,14250967.18553543,11938521.798282623,44776.24504470825,44776.24504470825,13.565656384482228,73044144.0,0.01247606430297821,0.009187337049907793,0.2393590100802605,0.05172147955557965,0.025944919432402274,14457523.5,3382603.25,4500.125183105469,1237.534423828125,22419650.882083893,1889321.230178833,1.051230527680818,1.0280963807653223,1.0,1.0,0.47205185668462074,0.4792062840312514,0.29832266454408907,0.2324673890287126,19.206254324199758,21.122873527016758,2
2060.0,80,18034728.5,486519.7578125,6328.30126953125,4584.5020751953125,16068456.0,759.3961029052734,293974880.0,17731758.0,64633.04296875,73018240.0,899040.5,45901.28125,17794056.0,944941.8125,18731.76953125,7354920.0,25559272.0,5885291.5,19744.298828125,27268392.0,0.0,0.015336963909977614,0.01426901514498395,18.107049399811444,667706.0765500001,956979.6875,333571.78045,11.817901387933983,6.649949765812755,593735.234375,28691418.7734375,593735.234375,34191724.671875,0.0,0.0,0.0,0.0,4657657.56640625,422561.73046875,190411.53594207764,159613.8031387329,450.0125045776367,0.0,351305399.5812988,50645672.254089355,14441378.721477509,12098135.601421356,45226.25754928589,45226.25754928589,13.100344032667584,73018240.0,0.01310603607400014,0.009144373742095127,0.24284011775687828,0.05254222855196472,0.025690335953877208,14668185.0,3366543.5,4809.5087890625,1518.792236328125,22901501.76669693,1929794.2294120789,1.0495337704940353,1.0245351195307146,1.0,1.0,0.47292029406460295,0.48078569443227764,0.3040156479694379,0.2293519286419976,20.541873806198897,25.928878860527455,2
2061.0,81,18448712.0,535374.2265625,5962.666259765625,5034.5142822265625,16413503.0,618.7671852111816,293527680.0,17993694.0,64379.9140625,73008936.0,934394.625,45985.65625,18055964.0,980380.25,18394.26171875,7454372.5,25549882.0,5899944.5,19547.41796875,27795560.0,0.0,0.015712923564823598,0.015731937811218392,17.075487159931324,665174.7561250001,923003.75,311071.15445000003,9.978859445803987,7.498878148384269,602172.9921875,29293591.765625,602172.9921875,34793897.6640625,0.0,0.0,0.0,0.0,4673492.21875,430155.689453125,174604.84765625,141275.7929763794,421.88671875,0.0,355978891.8000488,51075827.94354248,14615983.569133759,12239411.394397736,45648.14426803589,45648.14426803589,14.39854570160819,73008936.0,0.012642339425409514,0.009110867690565988,0.2464587896473385,0.05329815206651506,0.026723379768523407,15026535.5,3422176.375,4640.754150390625,1321.9117431640625,23401578.15755844,1965598.3489608765,1.0520676839183827,1.032055134872853,1.0,1.0,0.4728096260844032,0.4786026621935407,0.30766783880119913,0.2348376520210643,19.812348083146485,22.607892958960555,2
2062.0,82,18637689.0,525473.9609375,5878.2886962890625,4725.1307373046875,16637807.0,646.8929901123047,293180608.0,18168834.0,64379.9140625,72995552.0,951663.875,45957.53125,18231132.0,997621.5,18422.38671875,7492961.0,25537308.0,5912854.5,19547.41796875,28320808.0,0.0,0.015892668624249526,0.015463768874811863,16.84966376941855,663487.2091750001,946460.625,332446.74915000005,10.141346005676493,7.004398125522579,599922.9296875,29893514.6953125,599922.9296875,35393820.59375,0.0,0.0,0.0,0.0,4722937.3671875,434908.9462890625,172354.7890663147,140094.51250457764,421.88672256469727,0.0,360701829.1672363,51510736.88983154,14788338.358200073,12379505.906902313,46070.030990600586,46070.030990600586,13.526406069809461,72995552.0,0.012966004079262254,0.009089419711148976,0.24890330303961536,0.05362435389939037,0.027242827195425253,15182015.75,3455673.875,4809.5086669921875,1068.7797546386719,23894904.360889435,2001739.9778938293,1.0520911291100967,1.0293001558454327,1.0,1.0,0.47269221750129176,0.47977420642981655,0.3105347646117369,0.23592419799048717,20.51609403390787,18.3027576264497,2
2063.0,83,18889471.0,518104.9921875,5709.5340576171875,4640.7537841796875,16849649.5,871.8992614746094,292905248.0,18374292.0,63761.140625,72988824.0,948851.25,45873.15234375,18436028.0,994724.375,17887.99609375,7557284.5,25519364.0,5916736.5,19041.15234375,28822260.0,0.0,0.016122509863667586,0.015258517644508399,16.37935596272016,662924.693525,948935.6875,349884.7343,9.990648908673514,6.608790456316326,588391.3359375,30481906.03125,588391.3359375,35982211.9296875,0.0,0.0,0.0,0.0,4737900.16015625,432208.875,177895.56407546997,138744.4668006897,337.5093879699707,0.0,365439729.3273926,51942945.76483154,14966233.922275543,12518250.373703003,46407.54037857056,46407.54037857056,13.295771004764633,72988824.0,0.0130011094232728,0.009082550686458518,0.251741170675664,0.0541290966956666,0.02718461164777064,15429578.75,3459893.125,4387.6220703125,1321.9117279052734,24351442.042377472,2050875.7177505493,1.0525947696404496,1.0302047937975212,1.0,1.0,0.4725239402139851,0.47965985082811663,0.31460774877123854,0.23523524452273367,18.72794146747708,22.62933642494578,2
2064.0,84,18985409.5,518976.890625,5822.0372314453125,4612.627624511719,16961786.25,590.6414337158203,292519936.0,18619776.0,63423.6328125,72970896.0,971576.875,46070.03515625,18681144.0,1017647.0,17353.60546875,7660787.5,25504206.0,5908720.0,18619.265625,29321100.0,0.0,0.016225739824447385,0.01531102061439349,16.719830440187582,663205.9513500001,913806.625,306571.02925,10.799771899828398,6.657986540685854,591766.4375,31073672.46875,591766.4375,36573978.3671875,0.0,0.0,0.0,0.0,4698580.421875,434571.4453125,165632.71798324585,132584.92539215088,393.7609519958496,0.0,370138309.7492676,52377517.21014404,15131866.640258789,12650835.299095154,46801.301330566406,46801.301330566406,13.229123585166008,72970896.0,0.012522891660806796,0.00908863653462608,0.25516715595763,0.05492829296399311,0.027865051329013325,15576086.25,3409322.8125,4471.999328613281,1350.0375366210938,24808710.994197845,2091039.3333969116,1.0528329618154015,1.0285841650722356,1.0,1.0,0.4722374509961087,0.4791087437792,0.3185483572530121,0.23814009924641133,19.09634692844882,23.09235559512355,2
2065.0,85,19132338.5,558803.0078125,5709.5338134765625,4753.256591796875,17138022.5,759.3961219787598,292236992.0,18841546.0,62861.1171875,72969024.0,1002796.625,45676.2734375,18902296.0,1048472.8125,17184.8515625,7695438.0,25526794.0,5923373.5,18394.26171875,29825310.0,0.0,0.016367142955673455,0.016510326170293164,16.4053921724175,663487.2091750001,921091.1875,320352.662675,10.925217519796758,7.440467356745156,588672.6015625,31662345.0703125,588672.6015625,37162650.96875,0.0,0.0,0.0,0.0,4662410.6640625,443374.837890625,173564.1953125,140347.64121627808,421.88671875,0.0,374800720.4133301,52820892.04803467,15305430.835571289,12791182.940311432,47223.188049316406,47223.188049316406,13.639787945307646,72969024.0,0.012623043820621748,0.009092724183552189,0.2582129370402433,0.05520643607132871,0.028775920367681056,15682120.5,3450217.625,4218.867370605469,1490.6664123535156,25284064.823349,2129459.1505966187,1.0508487234704411,1.0292814489932443,1.0,1.0,0.47154090172660423,0.47768344466484,0.32223208887494126,0.23974874102608434,18.011225364379268,25.44846933449949,2
2066.0,86,19236740.5,533996.0703125,5850.1629638671875,5231.394775390625,17299943.0,675.0187530517578,292087360.0,18939396.0,62045.46875,72958424.0,998662.0625,45057.5078125,18999498.0,1043719.5625,16987.970703125,7753125.0,25507496.0,5933892.5,18253.6328125,30301646.0,0.0,0.01646488613885928,0.01578814469838358,16.82231682766809,664330.98265,944463.6875,345103.351275,10.462267023187541,7.559536218933574,578266.0546875,32240611.125,578266.0546875,37740917.0234375,0.0,0.0,0.0,0.0,4683308.01171875,438621.578125,175307.9882888794,143216.47384262085,421.88672637939453,0.0,379484028.4250488,53259513.62615967,15480738.823860168,12934399.414154053,47645.0747756958,47645.0747756958,15.023565417766688,72958424.0,0.012945231485537572,0.009105610376808577,0.2595916271437004,0.05566373100801062,0.028679664736428263,15809811.0,3426929.6875,4640.754150390625,1209.4086303710938,25736524.26658249,2169650.892024994,1.0549497818758093,1.0296359001775595,1.0,1.0,0.4719898821384422,0.4793562186311774,0.3249690941939151,0.23553608408226173,19.810016972456843,20.61648132676146,2
2067.0,87,19452549.5,550027.765625,6131.4207763671875,4809.508056640625,17426481.5,590.6414184570312,291798784.0,19083822.0,61961.08984375,72954312.0,1020487.625,45057.5078125,19143784.0,1065545.25,16903.59375,7788225.5,25516974.0,5942387.0,18084.876953125,30793118.0,0.0,0.016666064567972975,0.016283422391818004,17.642437701473014,664612.2404750001,940160.5,339759.4526,11.184467855290782,7.004654680230017,580234.875,32820846.0,580234.875,38321151.8984375,0.0,0.0,0.0,0.0,4701589.82421875,446496.779296875,169289.07500457764,137310.05898284912,450.0125045776367,0.0,384185618.2492676,53706010.40545654,15650027.898864746,13071709.473136902,48095.08728027344,48095.08728027344,13.82087184839138,72954312.0,0.012886976440816822,0.009109978865608385,0.2615859361404162,0.05595170300902822,0.029325304213848748,16015297.75,3437251.6875,4697.0054931640625,1434.4149017333984,26197280.815250397,2207676.948284149,1.0518629192300082,1.035615949984801,1.0,1.0,0.4722072443160106,0.4769985088283109,0.32775437957690157,0.23527703334552363,20.062831592563295,24.442613548611135,2
2068.0,88,19555687.5,548227.7109375,6103.2947998046875,5034.5145263671875,17561992.5,703.14453125,291601632.0,19261660.0,61539.203125,72949680.0,1031147.375,45001.25390625,19321144.0,1076148.625,16537.958984375,7827348.0,25535710.0,5959009.0,17662.990234375,31269934.0,0.0,0.01676575621840141,0.016245739954698916,17.572498730992784,667143.5609,907787.75,312196.18575,11.034192860350188,6.489022753095211,577450.4296875,33398296.4296875,577450.4296875,38898602.328125,0.0,0.0,0.0,0.0,4682042.4921875,449534.3701171875,176179.88905715942,142091.43907546997,365.6351509094238,0.0,388867660.7414551,54155544.77557373,15826207.787921906,13213800.912212372,48460.72243118286,48460.72243118286,14.476528642732632,72949680.0,0.012444026485105897,0.009145256852394692,0.26404036316540386,0.05626800107795121,0.02965019652021429,16122344.75,3433342.1875,4612.6282958984375,1490.6664276123047,26643130.69989395,2243143.558456421,1.0548567492580434,1.0340134189208217,1.0,1.0,0.4711066058782755,0.4759887101420921,0.33061888053097305,0.23717829869417995,19.70159366206317,25.41795789148686,2
2069.0,89,19749107.0,550843.3984375,5540.779296875,5315.7716064453125,17787701.0,618.7672119140625,291477888.0,19354504.0,60470.42578125,72934512.0,1041469.5,43932.47265625,19413116.0,1085402.0,16537.958984375,7834858.5,25559472.0,5974759.0,17522.359375,31735360.0,0.0,0.01693876946850939,0.016343360554075193,15.966765709153526,669393.6235000001,895890.5,284632.91890000005,10.138192394799074,7.943367028889783,567015.75,33965312.1796875,567015.75,39465618.078125,0.0,0.0,0.0,0.0,4691605.3203125,443627.958984375,181467.53593444824,142569.57540130615,590.6414031982422,0.0,393559266.0617676,54599172.734558105,16007675.323856354,13356370.487613678,49051.3638343811,49051.3638343811,15.298996584589164,72934512.0,0.012283492072998309,0.009178009218735845,0.2653682525496297,0.05637256559654663,0.02997389561307463,16378542.0,3370565.4375,4697.005554199219,843.7734527587891,27113225.007946014,2291069.8897247314,1.0539179415610556,1.0300958126848203,1.0,1.0,0.4707946141812719,0.4781093333036278,0.33239555099911006,0.23593591200634112,20.062783647683712,14.340618615519755,2
2070.0,90,19827945.0,565665.703125,5681.4078369140625,5034.5145263671875,17862487.5,534.3898468017578,291222784.0,19554592.0,60020.41796875,72913440.0,1060145.0,43651.21484375,19612724.0,1103796.25,16369.203125,7922610.0,25564364.0,5998976.0,17325.48046875,32191084.0,0.0,0.017021285841426474,0.016810106143816995,16.388599811433416,671081.1704500001,949104.5,335259.3274,10.16953983266225,7.748712814982382,568422.0234375,34533734.203125,568422.0234375,40034040.1015625,0.0,0.0,0.0,0.0,4672198.3828125,447453.03515625,183717.59921646118,148250.98594665527,337.50937271118164,0.0,398231464.4445801,55046625.769714355,16191392.923072815,13504621.473560333,49388.873207092285,49388.873207092285,14.504306844408914,72913440.0,0.013016866300643613,0.009203806190600801,0.26818912946639195,0.05706208902901948,0.03054250474208366,16409311.5,3418632.375,4556.376647949219,1125.03125,27536518.01604843,2323780.173336029,1.057911272427951,1.0329137971038302,1.0,1.0,0.4714357253725422,0.47648867741488865,0.3354124473532609,0.2401312260634485,19.488042272720463,19.107215347160505,2
1980.0,0,42201413.5,264522.95703125,0.0,0.0,9129684.8984375,0.0,190853120.0,18677094.0,0.0,55609960.0,234259.625,0.0,18677094.0,234259.625,0.0,9774468.0,13736941.0,4415.7490234375,0.0,0.0,0.0,0.05527996280595256,0.009448946449515322,0.0,739708.07975,725054.5,-16594.211675000002,0.0,0.0,0.0,0.0,0.0,0.0,0.0,0.0,0.0,0.0,14114838.45703125,14114838.45703125,4612.628082275391,4612.628082275391,0.0,0.0,14114838.45703125,14114838.45703125,4612.628082275391,4612.628082275391,0.0,0.0,0.0,55609960.0,0.01303821293883326,0.013301719327796675,0.33585879220197246,0.08656336616785978,0.008298477910908509,33899610.5,8301802.375,0.0,0.0,0.0,0.0,0.9456003506784121,0.9396601809663105,1.0,1.0,0.5093331573980976,0.5105694486828307,0.4325914200527051,0.42805212514437974,0.0,0.0,3
1981.0,1,60736330.0,885371.453125,28.125782012939453,0.0,31649520.0,0.0,171844016.0,21150700.0,28.125782012939453,55157996.0,792950.125,28.125782012939453,21150728.0,792978.25,0.0,10575660.0,13764054.0,71720.7421875,0.0,0.0,0.0,0.08835968137523043,0.03284105002572513,0.10134608410130665,718051.227225,702525.75,49782.635025,0.11026432127263817,0.0,0.0,0.0,0.0,0.0,0.0,0.0,0.0,0.0,3049931.5239257812,526008.3676757812,70005.064453125,70005.064453125,0.0,0.0,17164769.98095703,14640846.824707031,74617.69253540039,74617.69253540039,0.0,0.0,0.0,55157996.0,0.012736607580884556,0.013018080410771269,0.38345664334868146,0.09526851920648428,0.02857247082956397,48700801.0,12035528.25,28.125782012939453,0.0,0.0,0.0,0.9436151353311522,0.9423558327148301,1.0,1.0,0.5106411689906389,0.5110000718064441,0.4919751633487308,0.4888071164892569,0.1612089423760833,0.0,3
1982.0,2,57616734.0,1350881.25,168.75469589233398,0.0,40750150.0,0.0,167172336.0,22364636.0,196.88046264648438,54755832.0,1462090.625,196.88046264648438,22364832.0,1462287.5,0.0,10935078.0,13738318.0,156885.59375,0.0,0.0,0.0,0.08616367901923677,0.05215289478618867,0.6166983795705957,709894.7503000001,702807.0,-7875.2191,0.4457597481744374,0.0,0.0,0.0,0.0,0.0,0.0,0.0,0.0,0.0,1663471.176574707,389457.68048095703,88821.2138671875,88821.2138671875,0.0,0.0,18828241.15753174,15030304.505187988,163438.9064025879,163438.9064025879,0.0,0.0,0.0,54755832.0,0.012835290312089496,0.012964733150251467,0.40844299471150397,0.09990235128716067,0.053430360984133556,46155814.0,11460918.75,56.251564025878906,56.251564025878906,0.0,0.0,0.9471728610834467,0.9444129626147035,1.0,1.0,0.5095599833388563,0.5081349679631266,0.5227973896451443,0.5186594910353691,0.3268860594741103,1.3002633378847215,3
1983.0,3,52942649.0,1524839.15625,843.7734603881836,0.0,41790917.0,0.0,168254896.0,22909828.0,1040.6539306640625,54471852.0,1969226.375,1012.5281982421875,22910868.0,1970239.0,28.125782012939453,10947173.0,13832793.0,284745.40625,28.125782012939453,0.0,0.0,0.07866435131849002,0.06070509654180977,3.1150479592981792,710738.523775,711244.75,7031.445625,3.158196746702439,0.0,0.0,0.0,0.0,0.0,0.0,0.0,0.0,0.0,1525739.216796875,415895.90625,134497.47929763794,133906.83867263794,28.125782012939453,0.0,20353980.374328613,15446200.411437988,297936.38570022583,297345.74507522583,28.125782012939453,28.125782012939453,0.0,54471852.0,0.013057106081137098,0.01304781272674555,0.420581036973004,0.10103332188177906,0.07269730082952519,42399617.0,10543033.75,590.6414070129395,168.75469207763672,0.0,0.0,0.9562828311515083,0.9408373112640301,1.0,1.0,0.5064027535622312,0.5107983904591898,0.5360172387809824,0.5342096960190192,3.4592842267941264,3.936388074609993,3
1984.0,4,47958028.0,1528354.90625,1575.0437927246094,0.0,39823096.0,0.0,172353664.0,22870452.0,2615.697509765625,54341856.0,2323273.75,2418.81689453125,22873066.0,2325692.75,196.88046264648438,10641669.0,14004867.0,420874.15625,196.88046264648438,0.0,0.0,0.06956340075253636,0.06227951592506682,5.863659674417445,716926.195925,689475.375,62157.97932500001,5.501698579421406,0.0,0.0,0.0,0.0,0.0,0.0,0.0,0.0,0.0,1502479.1953125,433108.890625,146929.08672332764,139335.11992645264,168.75469207763672,0.0,21856459.569641113,15879309.302062988,444865.47242355347,436680.86500167847,196.88047409057617,196.88047409057617,0.0,54341856.0,0.012687740643234562,0.013192891238845431,0.4208625483825948,0.09903455890597228,0.08648432536252504,38459135.0,9498892.25,1153.1570434570312,309.3836097717285,0.0,0.0,0.9574141985733297,0.9390134239577808,1.0,1.0,0.5044821967974089,0.508740030702951,0.5352543611502868,0.5287209952773175,6.787247986607182,7.256319965111893,3
1985.0,5,43811977.0,1447071.4375,2250.0626525878906,0.0,37313684.0,0.0,178242912.0,22452558.0,4837.63427734375,54309052.0,1974795.375,4275.11865234375,22457398.0,1979070.5,562.5156860351562,10265910.0,14225570.0,1345621.75,618.7672729492188,0.0,0.0,0.06144981658513299,0.05836629236726225,8.40722170905111,734645.4389000001,687422.25,108003.00480000001,7.479428282661166,0.0,0.0,0.0,0.0,0.0,0.0,0.0,0.0,0.0,9752952.09765625,448606.20391845703,954138.9882888794,940722.9336013794,421.88672637939453,0.0,31609411.667297363,16327915.505981445,1399004.4607124329,1377403.7986030579,618.7672004699707,618.7672004699707,0.0,54309052.0,0.01265759987856168,0.013527126912471241,0.4134220203291341,0.09587954912568965,0.07377523869603268,35136524.0,8675453.75,1603.1695861816406,562.5156402587891,0.0,0.0,0.9675086052044313,0.9514604478060354,1.0,1.0,0.5014657678176229,0.507997063213289,0.5249648225707254,0.5171838539766137,9.46267008409976,13.202453363197588,3
1986.0,6,39927384.0,1362609.71875,2840.7041625976562,0.0,34423030.0,84.37734603881836,183580064.0,21859076.0,7593.9609375,54338672.0,2075654.5,6806.43994140625,21866614.0,2082460.875,787.52197265625,9772696.0,14479995.0,1717388.25,900.0250244140625,0.0,0.0,0.05437325700028082,0.055256918354268006,10.628044832327383,741114.368875,701063.25,138097.59207500002,9.473823554872524,0.0,0.0,0.0,0.0,0.0,0.0,0.0,0.0,0.0,4701843.0078125,448184.3125,404251.8242340088,387910.7500152588,281.25782775878906,0.0,36311254.67510986,16776099.818481445,1803256.2849464417,1765314.5486183167,900.0250282287598,900.0250282287598,0.0,54338672.0,0.012901736906636216,0.01363880164158226,0.4022747556289193,0.09138421554276825,0.07763755599082049,31958650.0,7968737.125,2278.1883544921875,450.012508392334,0.0,0.0,0.971729896548711,0.9593350188326951,1.0,1.0,0.49811829941924307,0.5037226433019092,0.509438779668975,0.503027097116079,13.449519890676385,10.53636711637215,3
1987.0,7,36884964.0,1278682.40625,4528.251281738281,28.125782012939453,32057511.5,28.125782012939453,188171600.0,21270882.0,12009.7099609375,54378216.0,2176457.25,10828.4267578125,21282836.0,2187285.75,1181.28271484375,9295599.0,14780577.0,1971785.875,1321.911376953125,0.0,0.0,0.04900442468470269,0.052102351633308654,16.955062793885496,760802.4166250001,669224.8125,64689.299750000006,14.584249625887768,0.0650536729256403,0.0,0.0,0.0,0.0,0.0,0.0,0.0,0.0,3146599.88671875,478250.7734375,288204.8710975647,270429.37969970703,421.88672256469727,0.0,39457854.56182861,17254350.591918945,2091461.1560440063,2035743.9283180237,1321.911750793457,1321.911750793457,0.10526825953209663,54378216.0,0.012306854871811167,0.01399094108981067,0.3911654990667586,0.08697816185058588,0.08145973205228886,29494776.5,7390189.75,3628.2258911132812,759.3961067199707,0.0,0.0,0.9770322704303973,0.9686259148407359,1.0,1.0,0.4950629347399014,0.49766849512667655,0.49482188344393174,0.49033111305186583,21.430423190325968,17.797699770338706,3
1988.0,8,33884675.5,1182942.1875,5653.2825927734375,196.88047790527344,29722538.0,56.251564025878906,192936112.0,20601008.0,17437.984375,54438492.0,2082995.25,15244.1728515625,20618390.0,2098239.5,2193.810546875,8828711.0,15047238.0,2302742.0,2475.06884765625,0.0,0.0,0.04390660093222984,0.04808903025550497,21.19974043116579,770083.9248500001,674175.0,64970.557575000006,17.309245882495414,0.5395953458862686,0.0,0.0,0.0,0.0,0.0,0.0,0.0,0.0,3688977.46875,440280.953125,452600.0610046387,352584.78829956055,1209.4086608886719,0.0,43146832.03057861,17694631.545043945,2544061.217048645,2388328.716617584,2531.320411682129,2531.320411682129,0.7378775678840597,54438492.0,0.012384160090253785,0.014145945204543875,0.3784272349057722,0.08272160690515006,0.07806743895266015,27185142.5,6699533.125,4443.8734130859375,1068.7797241210938,0.0,0.0,0.9854661620625674,0.9687039913603184,1.0,1.0,0.4923290910618417,0.5000488591193039,0.478624430195528,0.4720492243175198,26.25413319467144,25.05670811981513,3
1989.0,9,30518132.5,1101461.8125,6890.81689453125,309.38360595703125,26701576.5,84.37734603881836,197880064.0,19645238.0,23822.5390625,54501268.0,2033465.75,21234.966796875,19669004.0,2054700.875,2587.57177734375,8330856.0,15416837.0,2528395.0,3037.58447265625,0.0,0.0,0.03855635060336346,0.04417696882524966,25.573474276969968,767271.3466,685200.25,78470.93317500001,20.621802242118353,1.017497936411124,0.0,0.0,0.0,0.0,0.0,0.0,0.0,0.0,3237136.6484375,581191.1491699219,317258.8140716553,250178.81017303467,618.7671966552734,0.0,46383968.67901611,18275822.694213867,2861320.0311203003,2638507.526790619,3150.0876083374023,3150.0876083374023,1.1472926092234133,54501268.0,0.012572189146131426,0.014078045791521769,0.36045469621000376,0.07723364565276918,0.07540736422885837,24489061.5,6029070.375,5653.2821044921875,1040.6539764404297,0.0,0.0,0.9747377383240662,0.9507981415811306,1.0,1.0,0.49553947980848795,0.502427991135469,0.4566094497342174,0.4525515094732442,33.12835546655036,24.16137344993162,3
1990.0,10,28443519.0,987186.765625,8015.8480224609375,478.1382827758789,24894832.5,56.251564025878906,201817392.0,18851698.0,30994.609375,54600520.0,1842210.625,27816.400390625,18882552.0,1870026.875,3178.213623046875,7926548.0,15703974.0,2897124.0,3740.728515625,0.0,0.0,0.03523422674097384,0.039262872272026905,29.73523764201494,784146.8161,670237.375,73689.55015000001,22.793935402347202,1.471505457992056,0.0,0.0,0.0,0.0,0.0,0.0,0.0,0.0,6311256.35546875,455806.3984375,448296.80859375,392157.7515716553,703.14453125,0.0,52695225.03448486,18731629.092651367,3309616.8397140503,3030665.278362274,3853.2321395874023,3853.2321395874023,1.771852453957681,54600520.0,0.012275292890983456,0.014361526522091732,0.34526590589247136,0.07343416136685192,0.06826739322488384,22879986.5,5563532.5,6159.546142578125,1631.2953186035156,0.0,0.0,0.9789038512712366,0.9668967860423153,1.0,1.0,0.49290956912659195,0.4976792545697084,0.43741619643667917,0.43322968228070363,36.085260327120686,38.00786380071457,3
1991.0,11,26420908.0,911275.296875,9112.75341796875,956.2765655517578,23156995.5,309.38360595703125,205757248.0,18097816.0,38644.82421875,54766720.0,1748720.375,34622.8359375,18136150.0,1783343.25,4021.986328125,7498332.5,15998394.0,3138780.75,4528.2509765625,0.0,0.0,0.03210203802881345,0.036002316978622856,33.7188792191273,780209.2065500001,680756.375,135003.75600000002,26.438191709100373,2.837798089047844,0.0,0.0,0.0,0.0,0.0,0.0,0.0,0.0,4160168.546875,451475.0390625,338606.2820739746,264944.8460998535,1012.5281677246094,0.0,56855393.58135986,19183104.131713867,3648223.121788025,3295610.1244621277,4865.760307312012,4865.760307312012,3.5338735253643505,54766720.0,0.012430110384554707,0.014246045893381968,0.33045280053287834,0.06927430740405112,0.06462311070973582,21096585.5,5324323.0,7143.9486083984375,1884.4273986816406,0.0,0.0,0.9850499221914777,0.9784356944310107,1.0,1.0,0.48917504769669035,0.492117358529197,0.4183868576626342,0.4168210691279999,41.78937592607734,43.859363244595905,3
1992.0,12,24784158.0,848132.921875,9140.87890625,1546.9181060791016,21673473.5,56.251564025878906,208815920.0,17483012.0,45620.01953125,54912132.0,1720847.75,40894.88671875,17528464.0,1761742.625,4725.13134765625,7129575.5,16305162.0,3319854.5,5456.40185546875,0.0,0.0,0.029672256310725734,0.033384887326688664,33.74929786986855,770365.182675,646864.875,82127.28490000001,25.968758782372696,4.652382867192922,0.0,0.0,0.0,0.0,0.0,0.0,0.0,0.0,3305369.8125,456087.65625,256394.60314941406,199046.14530944824,1040.6539306640625,0.0,60160763.39385986,19639191.787963867,3904617.724937439,3494656.269771576,5906.414237976074,5906.414237976074,5.702809521826,54912132.0,0.01177999927229196,0.014029052499272839,0.3183815918857421,0.06570905545709978,0.06344011939447186,19870780.0,4913377.125,7059.5711669921875,1828.1758728027344,0.0,0.0,0.9925437609475414,0.9850536350413426,1.0,1.0,0.4869308957553857,0.48923744998640195,0.40336617766123695,0.4019088053421967,41.2502612808574,42.42404672514143,3
1993.0,13,23608442.0,776918.390625,10322.162109375,1771.9243774414062,20618193.5,421.88672637939453,211462848.0,16893160.0,53298.36328125,55040100.0,1618357.5,47757.578125,16945978.0,1666115.0,5540.779296875,6841596.0,16570839.0,3504725.5,6300.17578125,0.0,0.0,0.027910862621125767,0.03048334141403298,38.14933307139187,749833.3614500001,674428.125,118972.05997500001,28.992284129976785,4.761233064364745,0.0,0.0,0.0,0.0,0.0,0.0,0.0,0.0,3717468.6875,444752.9609375,283479.73988342285,210858.98359680176,1040.6539459228516,0.0,63878232.08135986,20083944.748901367,4188097.464820862,3705515.2533683777,6947.068183898926,6947.068183898926,6.537257306661242,55040100.0,0.012253395706039779,0.013623401146618558,0.306924587709688,0.06310268373981905,0.05970694644960865,18828832.0,4779610.75,8184.6025390625,1996.9304504394531,0.0,0.0,0.9979549462125096,1.0019308151739479,1.0,1.0,0.48537980429529715,0.48332242641987777,0.38856113526759634,0.390021316916858,47.908412065151595,46.53967623906345,3
1994.0,14,22063578.0,733660.96875,11222.18701171875,2418.8173828125,19303426.0,365.6351661682129,213969408.0,16209029.0,61004.8125,55146892.0,1542642.75,54873.40625,16269499.0,1597516.125,6131.4208984375,6522453.0,16854910.0,3665970.5,7031.4453125,0.0,0.0,0.025778893121020365,0.02865330918365252,41.42171015803971,738583.0484500001,647596.125,68908.167125,30.71730612927678,6.4148302989979715,0.0,0.0,0.0,0.0,0.0,0.0,0.0,0.0,3424623.078125,441715.3671875,241656.70236206055,185461.39609527588,815.6476745605469,0.0,67302855.15948486,20525660.116088867,4429754.167182922,3890976.6494636536,7762.715858459473,7762.715858459473,8.909941876611896,55146892.0,0.011743111923696443,0.01339301312665091,0.29392461500822203,0.06006517641211876,0.056824700105697054,17726864.0,4336714.0,8690.866455078125,2334.4400634765625,0.0,0.0,1.0017079866858292,0.9871583730351227,1.0,1.0,0.4841267272081076,0.48632841608684807,0.37294184456769797,0.37242016554522067,50.885054353668465,54.502717076931155,3
1995.0,15,20612878.5,682753.328125,11953.45703125,3093.8363037109375,18062741.5,196.8804817199707,216687488.0,15524476.0,68823.78125,55283104.0,1446902.75,61567.328125,15592905.0,1508470.0,7256.4521484375,6197403.5,17100728.0,3857113.0,7987.72119140625,0.0,0.0,0.023781805182032476,0.026505923011277133,44.03743379762318,721988.8367750001,658930.75,134159.982525,32.876683448047864,8.056695171641412,0.0,0.0,0.0,0.0,0.0,0.0,0.0,0.0,5256792.8359375,413898.9921875,264157.31729125977,218002.91640472412,1293.7860412597656,0.0,72559647.99542236,20939559.108276367,4693911.484474182,4108979.5658683777,9056.501899719238,9056.501899719238,11.372131274828002,55283104.0,0.011919206815883565,0.013059846219470601,0.28081773411275895,0.05695007690011204,0.053184352369171115,16589569.75,4023308.625,9872.1494140625,1968.8047485351562,0.0,0.0,0.9970999474289745,0.9823859971755763,1.0,1.0,0.4857362919752621,0.48976876353944065,0.3569729647904182,0.35388838671355854,57.79280974767018,45.7794620906564,3
1996.0,16,19535604.0,673106.140625,12515.97216796875,4106.364013671875,17015112.5,337.5093803405762,218859072.0,14878594.0,76136.4921875,55405904.0,1387135.5,68064.390625,14954140.0,1455199.75,8072.09814453125,5911336.5,17342610.0,4004380.0,8831.4951171875,0.0,0.0,0.022315277842355104,0.026031034914662705,46.053709237321705,721988.8367750001,671334.3125,128253.56820000001,34.780126393394596,10.948224543468225,0.0,0.0,0.0,0.0,0.0,0.0,0.0,0.0,3930324.6875,425908.6953125,233331.47116088867,178598.7070350647,1068.7797546386719,0.0,76489972.68292236,21365467.803588867,4927242.955635071,4287578.272903442,10125.28165435791,10125.28165435791,15.072008943713477,55405904.0,0.012116656602155612,0.013030900764203759,0.26853806049261464,0.05424246139690823,0.050913456752821294,15737134.5,3798471.125,9675.26904296875,2728.2008666992188,0.0,0.0,1.0021950081116018,0.9849277646351531,1.0,1.0,0.48452616343299715,0.4874440991527647,0.34150739988211803,0.3382167207761287,56.56797037054614,63.4152738884117,3
1997.0,17,18565377.5,613563.875,12234.715087890625,4865.7598876953125,16092110.25,534.3898468017578,220834640.0,14324912.0,82239.7890625,55539164.0,1326833.5,73464.5390625,14406504.0,1400298.25,8775.244140625,5692489.0,17561906.0,4127992.75,9450.2626953125,0.0,0.0,0.021017284131692383,0.023626283770492487,44.942706836254814,716926.195925,673471.875,138660.107725,31.809111325232074,11.811166504351732,0.0,0.0,0.0,0.0,0.0,0.0,0.0,0.0,3370959.109375,401889.2734375,203124.3836364746,153707.38751220703,871.8992614746094,0.0,79860931.79229736,21767357.077026367,5130367.339271545,4441285.660415649,10997.18091583252,10997.18091583252,17.825659987497655,55539164.0,0.012126071523150763,0.012908480147900678,0.25792451611263,0.052135933409485066,0.048608405217102045,14966965.75,3598412.375,9787.772216796875,2362.565704345703,0.0,0.0,1.0092041675227807,0.993615701068265,1.0,1.0,0.48270412059693274,0.48439625736215236,0.3279021652351035,0.3249335037709873,57.157406530554184,54.89406930761487,3
1998.0,18,17813070.5,597700.953125,11953.45751953125,5062.639892578125,15470163.25,365.6351623535156,222680816.0,13817128.0,87583.6875,55690516.0,1250950.25,78133.4296875,13904008.0,1329083.75,9450.2626953125,5443829.0,17767170.0,4259452.5,10237.78515625,0.0,0.0,0.019998434103995738,0.022889546905932832,43.80928538688177,707363.429875,645655.4375,137816.33425,30.65269667633696,13.103892688707347,0.0,0.0,0.0,0.0,0.0,0.0,0.0,0.0,3737888.109375,389317.0546875,217159.14376831055,161920.11795043945,956.2765808105469,0.0,83598819.90167236,22156674.131713867,5347526.483039856,4603205.778366089,11953.457496643066,11953.457496643066,18.501536773124855,55690516.0,0.011593633600019077,0.01270168568513533,0.24810558408185696,0.04973650336939763,0.04571627163459676,14365608.25,3447461.4375,9084.62744140625,2756.32666015625,0.0,0.0,1.0117810983809719,1.012522665601932,1.0,1.0,0.4815675973097885,0.48025974340831123,0.31592555428370467,0.3100360721210122,52.90823339543797,63.735694181792816,3
1999.0,19,17172645.5,553459.0625,11222.1865234375,6272.04833984375,14778523.5,646.8930053710938,224465952.0,13396084.0,90874.40625,55873720.0,1183420.375,80805.3671875,13486171.0,1264225.75,10069.029296875,5255358.5,17945428.0,4365486.5,10856.552734375,0.0,0.0,0.019126113946225574,0.021080711478645577,41.02140755502544,691331.7338500001,671137.375,221631.16610000003,28.40646676586777,16.162652497077076,0.0,0.0,0.0,0.0,0.0,0.0,0.0,0.0,3520729.0546875,383523.1484375,192070.9570388794,144257.11837005615,843.7734451293945,0.0,87119548.95635986,22540197.280151367,5539597.440078735,4747462.896736145,12797.230941772461,12797.230941772461,22.85922840145303,55873720.0,0.012011682325787507,0.012373110898110955,0.23975643647854483,0.047884452484150644,0.043131167333656295,13792208.0,3380437.5625,8831.49560546875,2306.3141174316406,0.0,0.0,1.014609303939745,1.0159139350909872,1.0,1.0,0.48297309155216367,0.4830076951691985,0.30464851639907803,0.30031649222176443,51.23812019648882,53.109497448789924,3
2000.0,20,16775565.5,506573.40625,13584.752197265625,7256.450439453125,14364737.25,393.7609443664551,226193440.0,13014164.0,95768.2890625,56081352.0,1087286.5,84855.4921875,13109117.0,1172141.875,10912.8037109375,5141140.0,18136798.0,4494077.5,11784.703125,0.0,0.0,0.0185411715521016,0.019160840352109704,49.50642070411927,673049.9752250001,616179.625,201661.86052500003,34.32215792287394,17.419396971481916,0.0,0.0,0.0,0.0,0.0,0.0,0.0,0.0,4733118.87890625,395870.3671875,212405.8953704834,166785.87422180176,1153.1570892333984,0.0,91852667.83526611,22936067.647338867,5752003.335449219,4914248.770957947,13950.38803100586,13950.38803100586,26.362896161679696,56081352.0,0.01098724625968361,0.012001315075731413,0.23205867076813697,0.046694779046431566,0.03950143577313041,13406378.75,3369187.4375,10490.916748046875,2868.8297119140625,0.0,0.0,1.0145463032834154,1.0064187017159776,1.0,1.0,0.48093485405847297,0.4844373476478727,0.29362363541427333,0.29362542356154386,60.583028269846125,65.71995616535656,3
2001.0,21,16011191.0,512057.9375,12459.721435546875,7537.708984375,13645674.0,534.3898620605469,227841328.0,12609323.0,98524.625,56304636.0,1061804.375,86768.0390625,12706807.0,1148572.375,11756.578125,4992692.0,18316914.0,4587314.5,12684.728515625,0.0,0.0,0.017568356825939848,0.019283053768143044,45.25894818913721,663205.9513500001,634855.125,239631.6669,29.094886300553018,16.978083092880887,0.0,0.0,0.0,0.0,0.0,0.0,0.0,0.0,3815459.02734375,395870.375,167320.27578735352,131909.90505981445,1068.7796936035156,0.0,95668126.86260986,23331938.022338867,5919323.611236572,5046158.676017761,15019.167724609375,15019.167724609375,27.294104001050815,56304636.0,0.011275361499539754,0.011778887112421792,0.2239482198233197,0.04519644330117154,0.038448020612225534,12776417.75,3234774.125,10012.778564453125,2362.565673828125,0.0,0.0,1.0125000694608197,1.0189266094086034,1.0,1.0,0.48032635855457595,0.48025008341479214,0.2822227634809611,0.28404423796024897,57.45763149768131,53.787195864541474,3
2002.0,22,15773332.75,483650.9140625,11812.82861328125,7762.7147216796875,13318036.0,703.1445465087891,229345216.0,12384146.0,100352.796875,56539340.0,1028419.125,87808.6875,12483458.0,1116227.875,12544.099609375,4915598.5,18477624.0,4670876.5,13219.119140625,0.0,0.0,0.01719387592327193,0.018127634131718116,42.767684971953805,664893.4983000001,619104.6875,240756.6982,28.972805698843686,18.386525930305723,0.0,0.0,0.0,0.0,0.0,0.0,0.0,0.0,3432104.6171875,386391.96875,162285.76252746582,123500.3007850647,871.8992462158203,0.0,99100231.47979736,23718329.991088867,6081609.373764038,5169658.976802826,15891.066970825195,15891.066970825195,28.015411466637723,56539340.0,0.010949980800978575,0.011759838340879113,0.21903591375491827,0.04435062974737565,0.03711534685999683,12516619.75,3256712.3125,9028.376220703125,2728.200897216797,0.0,0.0,1.0121183723219391,1.0093853773521115,1.0,1.0,0.48223436814927695,0.48355366187645077,0.2744890631891678,0.279957396310793,51.49636482294496,61.74765201634691,3
2003.0,23,15380330.5,462162.8203125,10350.287109375,8240.852905273438,12914712.0,675.0187759399414,230876384.0,12153459.0,100437.171875,56801336.0,991124.375,87330.5625,12252659.0,1078455.0,13106.615234375,4823599.0,18569792.0,4750472.5,13809.759765625,0.0,0.0,0.0166542916100072,0.017223814557098833,37.31638708976703,688800.413425,628386.1875,249475.69077500002,24.702546393300803,19.30074234611069,0.0,0.0,0.0,0.0,0.0,0.0,0.0,0.0,3670976.83984375,319452.625,157673.1273651123,120040.83634185791,928.1508026123047,0.0,102771208.31964111,24037782.616088867,6239282.50112915,5289699.813144684,16819.2177734375,16819.2177734375,29.617888651691143,56801336.0,0.011062876892543514,0.012126482613454727,0.21396431590975254,0.04334042232175614,0.03562132671964366,12222817.5,3157512.8125,8297.105590820312,1996.9305419921875,0.0,0.0,1.0116399161033927,1.0080528936969397,1.0,1.0,0.4827227407501567,0.4849323424485815,0.26767920504201764,0.27252522186382133,47.05326973159562,44.915389869242105,3
2004.0,24,15119042.25,461459.6640625,10687.797119140625,8718.991821289062,12571015.75,675.0187683105469,232480672.0,11927357.0,100071.546875,57096008.0,969861.3125,86261.7734375,12026078.0,1056123.125,13809.759765625,4746366.0,18639460.0,4808692.5,14484.779296875,0.0,0.0,0.01625838625629919,0.017100936972612533,38.35141280435716,707363.429875,591232.0,228381.35390000002,25.938676866434438,19.39772466240527,0.0,0.0,0.0,0.0,0.0,0.0,0.0,0.0,3482843.59765625,315430.630859375,145747.79536437988,107777.98907470703,928.1508331298828,0.0,106254051.91729736,24353213.246948242,6385030.29649353,5397477.802219391,17747.368606567383,17747.368606567383,31.190132065736165,57096008.0,0.010355049691039696,0.01238901728252175,0.20890001626733695,0.04244750580303701,0.03469449569669498,11964370.5,3154671.9375,8522.111938476562,2137.5594482421875,0.0,0.0,1.0115860823693925,1.020004697989915,1.0,1.0,0.4822271339732434,0.4785705895578616,0.2600325341324061,0.2694159606387374,48.04429708126488,47.72760258718877,3
2005.0,25,15138279.75,436062.078125,10378.4130859375,8831.494750976562,12492910.25,562.5156555175781,234386768.0,11797808.0,99537.15625,57496488.0,928263.25,85249.25,11895827.0,1013512.5,14287.8984375,4711462.0,18858926.0,4881117.0,15159.7958984375,0.0,0.0,0.016146687672659064,0.016023332019588783,36.990183800580304,713551.102025,596041.5625,336665.616525,24.541803183558276,18.470737246231348,0.0,0.0,0.0,0.0,0.0,0.0,0.0,0.0,4478664.92578125,459856.529296875,152976.12344360352,120490.84610748291,787.5218811035156,0.0,110732716.84307861,24813069.776245117,6538006.419937134,5517968.648326874,18534.8904876709,18534.8904876709,31.381390889795636,57496488.0,0.010366573389665122,0.01241034238517316,0.205191802323648,0.04185368243243003,0.03298444116004366,12061741.5,3076538.6875,8043.973876953125,2278.1882934570312,0.0,0.0,1.0114831529265682,1.0120563205158586,1.0,1.0,0.4802406911187281,0.4794656215371018,0.2552929798278239,0.2638101897572737,45.01300267364847,50.42362088773179,3
2006.0,26,14950822.25,443712.296875,10575.29443359375,8297.104370117188,12242308.25,646.892951965332,236444160.0,11675040.0,99284.0234375,57950500.0,899996.875,84574.234375,11773030.0,984571.125,14709.78515625,4718493.5,19076252.0,4947690.5,15412.9267578125,0.0,0.0,0.015807984272058147,0.016159527403736263,37.403331513941446,737739.2749750001,607207.5,374354.165075,24.78322903044573,18.95825729259014,0.0,0.0,0.0,0.0,0.0,0.0,0.0,0.0,3956116.10546875,476591.341796875,152301.09881973267,119984.58438491821,534.389835357666,0.0,114688832.94854736,25289661.118041992,6690307.518756866,5637953.232711792,19069.280323028564,19069.280323028564,29.258173990311906,57950500.0,0.010478037290446156,0.0127305075016609,0.2014657336865083,0.04159719392357298,0.03173669268802398,11885646.0,3065175.75,8015.847412109375,2531.3203735351562,0.0,0.0,1.0092852852658387,1.010086910531277,1.0,1.0,0.4808452140013347,0.4815285733432976,0.25018785162512663,0.2581235435439054,44.401443755419905,55.41360224540796,3
2007.0,27,15033117.75,459265.875,11362.81591796875,7903.3433837890625,12179083.5,506.2640686035156,238377248.0,11580172.0,100887.1875,58413488.0,892937.25,85305.5078125,11679849.0,978242.8125,15581.681640625,4675601.5,19289112.0,5021239.0,16200.44921875,0.0,0.0,0.015766099613248326,0.016593533444429386,39.89047904749694,761364.932275,583638.0625,335540.58522500005,26.681643582259486,16.497906318848372,0.0,0.0,0.0,0.0,0.0,0.0,0.0,0.0,3657363.98828125,468350.51171875,151119.81880187988,121053.36289978027,928.1508331298828,0.0,118346196.93682861,25758011.629760742,6841427.337558746,5759006.595611572,19997.431156158447,19997.431156158447,27.6627577307243,58413488.0,0.009991494815375517,0.013034060425821517,0.1982448300296671,0.04091307477706424,0.03125399671505461,11950841.5,3082276.375,9169.005004882812,2193.8109130859375,0.0,0.0,1.0122328068480302,1.0019579540590582,1.0,1.0,0.48105214437203986,0.4805558060313362,0.24646483475646877,0.2512105628576987,50.34243836163735,47.68892092240811,3
2008.0,28,15056265.0,452909.4296875,9309.634033203125,8831.494995117188,12126769.25,787.5219116210938,240429872.0,11517508.0,98890.2578125,58902556.0,889787.25,82746.0546875,11615048.0,972533.25,16144.197265625,4693658.5,19489956.0,5072625.0,16791.08984375,287192.34375,0.0,0.015655568165007384,0.01623320539794992,32.42958428284939,781334.23785,599276.0,363947.62555000006,21.608893273810956,18.009610805841653,287192.3515625,287192.3515625,741761.2265625,741761.2265625,0.0,0.0,0.0,0.0,3802380.5,467309.853515625,134947.4902496338,107018.59825134277,843.7734527587891,0.0,122148577.43682861,26225321.483276367,6976374.82780838,5866025.193862915,20841.204608917236,20841.204608917236,30.675594248987764,58902556.0,0.010174023687528943,0.01326486133895446,0.19553494418816053,0.04075775499191177,0.030906151975416997,11969572.75,3086691.9375,7172.0743408203125,2081.307891845703,38560.44609451294,2531.3203125,1.013697436815971,1.0032932647204642,1.0,1.0,0.48020053805383484,0.48410389548224303,0.24266434888082594,0.24904641252617496,39.08177809840434,44.842507516680215,3
2009.0,29,15180019.0,442137.265625,8662.741333007812,8240.853393554688,12166680.5,787.5218811035156,242409920.0,11502826.0,97483.96875,59379852.0,874261.75,80720.9921875,11598904.0,954982.75,16762.96484375,4725553.0,19695866.0,5131548.0,17409.859375,581134.875,0.0,0.015655319510026654,0.015715426033291697,29.946380552835926,780490.4643750001,563275.0,307696.06055000005,19.094288185480835,16.644056287489985,293914.40625,581106.7578125,772615.203125,1514376.4296875,0.0,0.0,0.0,0.0,3745538.38671875,470178.6865234375,146141.5546875,117565.75937652588,843.7734375,0.0,125894115.82354736,26695500.169799805,7122516.38249588,5983590.953239441,21684.978046417236,21684.978046417236,28.40867561284573,59379852.0,0.009485961669288095,0.013144028455560989,0.1937159762540331,0.04072597092107798,0.03013840590331819,11962485.75,3217533.0,6440.8040771484375,2221.9368286132812,102996.61093902588,6468.9296875,1.0102504471356422,1.0114547811452559,1.0,1.0,0.48071516102324335,0.4814810446302045,0.23913377351117096,0.2506669183246533,34.81184968924544,47.430072967558424,3
2010.0,30,15161848.75,443543.546875,9112.75341796875,8775.242797851562,12171601.25,815.6476745605469,244400384.0,11467810.0,95655.7890625,59863248.0,859158.25,78611.5625,11561890.0,937769.75,17044.22265625,4724118.5,19919494.0,5199022.5,17691.1171875,869986.625,0.0,0.015509231718310229,0.015631582224688804,31.255820645193214,794553.3556250001,559871.75,299820.84145,20.508438258897865,17.2749392113428,288851.78125,869958.5390625,770927.671875,2285304.1015625,0.0,0.0,0.0,0.0,4414481.85546875,484466.5859375,147575.97109222412,122037.75704193115,506.2640609741211,0.0,130308597.67901611,27179966.755737305,7270092.353588104,6105628.710281372,22191.242107391357,22191.242107391357,30.0172579846487,59863248.0,0.009352512078863479,0.013272807309503155,0.191566785684599,0.040399190948673724,0.02938901570473167,11961754.5,3200095.0,7087.697021484375,1968.8046875,198905.52500152588,13500.375,1.0085241118462385,1.013315661441176,1.0,1.0,0.4806064027306787,0.4786147731828505,0.23679867395361642,0.24573261017308518,37.942208142412284,41.734485168292466,3
2011.0,31,15285940.0,467900.484375,9084.627197265625,7790.841064453125,12204761.75,450.0125045776367,246454128.0,11468371.0,95008.890625,60374180.0,862139.5,77542.78125,11561861.0,939682.375,17466.109375,4736184.5,20124052.0,5253586.5,18169.25390625,1147616.25,0.0,0.015505867282531376,0.016361694280712567,30.91911805196202,797084.6760500001,557818.625,329915.428725,19.15410633141281,15.501186849997111,277601.4609375,1147560.0,754614.7109375,3039918.8125,0.0,0.0,0.0,0.0,4038580.89453125,474172.544921875,139531.99493408203,115596.95254898071,590.6414184570312,0.0,134347178.57354736,27654139.30065918,7409624.348522186,6221225.662830353,22781.88352584839,22781.88352584839,26.445980951896612,60374180.0,0.0092393573709821,0.013202409971448061,0.18995489462548393,0.040192401576241134,0.029265293190110935,12067141.0,3218798.9375,7734.5899658203125,1350.0375366210938,317343.1898460388,25031.9453125,1.0107589982937815,1.010108907879897,1.0,1.0,0.47984274570042756,0.47766397640962693,0.23453280733557913,0.2442759145043141,41.059300691101576,28.380033027166217,3
2012.0,32,15132795.5,450603.1328125,8043.973876953125,7706.4632568359375,12162742.0,590.6414184570312,248624320.0,11478497.0,93265.1015625,60856180.0,846529.6875,75292.71875,11570272.0,921822.5,17972.375,4751794.0,20291230.0,5296337.0,18563.015625,1419986.25,0.0,0.015216527791810552,0.015628306917030016,27.17215851490168,799897.2543,582063.0,323165.24092500005,17.197164621243388,15.123028125196054,273101.3359375,1420661.3359375,741114.3359375,3781033.1484375,0.0,0.0,0.0,0.0,3867913.67578125,453415.7255859375,133428.70669937134,110759.32656478882,759.3961524963379,0.0,138215092.2493286,28107555.026245117,7543053.055221558,6331984.989395142,23541.279678344727,23541.279678344727,25.96602306799245,60856180.0,0.009564566819672217,0.013144059556482185,0.18861678468809576,0.040026529844575776,0.028522823843826692,11933206.75,3199589.0625,6665.8101806640625,1350.0375366210938,480303.9664115906,36563.515625,1.014255430343464,1.0024757953303307,1.0,1.0,0.47779204775790685,0.4793994903319858,0.23364192304387243,0.238828047249966,35.11901949052537,28.13450712452456,3
2013.0,33,14948459.5,456453.265625,7762.7164306640625,7593.9603271484375,12058845.25,815.6476745605469,250519424.0,11440443.0,90958.78125,61274488.0,847626.6875,72845.7734375,11529883.0,920472.4375,18113.00390625,4730053.0,20428738.0,5347217.0,18788.021484375,1694747.0,0.0,0.014917465541514258,0.01572560751454208,26.048602339405313,769521.4092000001,591232.0625,292226.880175,16.53836649400064,14.87921417562804,275632.65625,1696293.9921875,750958.359375,4531991.5078125,0.0,0.0,0.0,0.0,3989698.28515625,418089.7255859375,140150.76446533203,115231.31837081909,450.01251220703125,0.0,142204790.53448486,28525644.751831055,7683203.81968689,6447216.307765961,23991.292190551758,23991.292190551758,25.42018618073411,61274488.0,0.009648910693468382,0.012558593866994044,0.18670809619820894,0.03958370294445891,0.028373638101556752,11818200.5,3130258.875,6497.0555419921875,1265.6601867675781,676284.4101676941,53467.11015701294,1.0154263433748614,1.0117127554864176,1.0,1.0,0.47830594588576036,0.4773019013935876,0.23066419742091585,0.23930419513571355,34.035205425858486,26.210488298947645,3
2014.0,34,14996441.75,447565.53125,7847.0936279296875,8325.230224609375,12069307.75,731.2703247070312,252390352.0,11453914.0,89046.234375,61713028.0,831623.0625,70539.4609375,11541470.0,902162.5,18506.763671875,4768445.0,20610150.0,5404818.5,19322.41015625,1968185.875,0.0,0.014854412650052487,0.015302992399866565,26.14999449801897,763333.7370500001,581416.1875,307133.54490000004,16.059381221725825,15.439672482509936,275632.65625,1971926.6484375,512732.9921875,5044724.5,0.0,0.0,0.0,0.0,3971219.546875,455356.42578125,148250.9882888794,125440.9853591919,703.1445388793945,0.0,146176010.08135986,28981001.177612305,7831454.807975769,6572657.293125153,24694.436729431152,24694.436729431152,27.678294568865464,61713028.0,0.009421287633139635,0.012369085779586122,0.18559961115503845,0.03963326592317343,0.02764837424687199,11817159.75,3179282.1875,6440.8040771484375,1406.2890930175781,886046.486743927,67642.5039100647,1.0206282059305565,1.0104510751177334,1.0,1.0,0.47602470459589735,0.4774604397310676,0.22906951342227738,0.2392264050914936,33.49853511481858,28.96250574401949,3
2015.0,35,15149699.5,482525.9140625,8072.099853515625,7312.7022705078125,12199193.0,646.8929901123047,254447472.0,11434650.0,87077.421875,62213380.0,853673.625,68205.0234375,11520236.0,921878.75,18872.3984375,4749375.5,20798678.0,5463151.0,19631.796875,2226774.25,0.0,0.014884898817151541,0.016383236876689036,26.695319000559532,761646.1901000001,623998.625,419074.15925,16.29613681065345,13.542496512388155,261851.0234375,2233777.671875,488263.5625,5532988.0625,0.0,0.0,0.0,0.0,4335757.81640625,488741.69921875,159163.78750610352,130053.61348724365,646.8929748535156,0.0,150511767.8977661,29469742.876831055,7990618.595481873,6702710.906612396,25341.329704284668,25341.329704284668,24.12948113896518,62213380.0,0.010029974661399203,0.012242482085043445,0.1837972796205575,0.03917839203275645,0.02816838546311979,11996910.75,3152787.5625,6440.8040771484375,1631.2953491210938,1106046.3476982117,84574.22422409058,1.0210672133538943,1.00795138702325,1.0,1.0,0.4770359278498635,0.47835643221421703,0.2277019590766626,0.23379718775053496,33.26172706369772,33.32682191506081,3
2016.0,36,14987075.75,412830.1953125,7397.0809326171875,7678.337158203125,12251844.0,478.13829040527344,256795696.0,11422162.0,85052.375,62733548.0,816041.375,65898.703125,11505611.0,881940.125,19153.65625,4776939.0,21006246.0,5509530.5,19856.802734375,2486628.5,0.0,0.014590466257269358,0.013891989156089945,24.278767688407253,758833.6118500001,596575.9375,415980.323175,15.363140938312958,14.532231500200588,264382.34375,2498160.015625,496701.296875,6029689.359375,0.0,0.0,0.0,0.0,4173584.609375,495773.13671875,157982.50742340088,129237.96543121338,478.1382827758789,0.0,154685352.5071411,29965516.013549805,8148601.102905273,6831948.87204361,25819.467987060547,25819.467987060547,25.14751707897043,62733548.0,0.009509679533827737,0.01209613733069904,0.1820742228703532,0.03911268566767787,0.026726378370914634,11823234.75,3163840.9375,5681.407958984375,1715.6727294921875,1347759.3117866516,102434.09532165527,1.0225631690847707,1.0107841501761876,1.0,1.0,0.4757404389276346,0.47757064021844203,0.22548645165646858,0.231680878443136,29.110194336244,34.785585396471895,3
2017.0,37,14813032.75,423518.0078125,7143.9488525390625,6497.0545654296875,12104437.25,787.5219268798828,259061504.0,11430627.0,83392.9453125,63235396.0,809094.375,63873.64453125,11512333.0,872968.0,19519.29296875,4769260.5,21207062.0,5555516.5,20278.6875,2760798.5,0.0,0.014294899590716496,0.014138834481937512,23.270602268676353,741395.6267,604844.875,416261.58100000006,14.842354726863622,11.535858796654807,279570.2578125,2777730.2734375,524827.0703125,6554516.4296875,0.0,0.0,0.0,0.0,4126783.1796875,499317.0078125,149966.66018676758,127606.67011260986,843.7734680175781,0.0,158812135.6868286,30464833.021362305,8298567.763092041,6959555.5421562195,26663.241455078125,26663.241455078125,21.11947615241966,63235396.0,0.009564973310201142,0.011724377067236204,0.18076311248212948,0.038757671795759965,0.026300609277304553,11676643.5,3136390.1875,5512.653137207031,1603.1695709228516,1582834.5915107727,119309.56407165527,1.026933719268731,1.0176086491735021,1.0,1.0,0.47447538183192434,0.477717808485705,0.22402763039734977,0.22970516917390896,28.05675484416163,32.24729793757996,3
2018.0,38,14377224.5,430633.8203125,7003.3199462890625,7312.7022705078125,11885422.25,703.1445388793945,261211168.0,11332778.0,80889.75,63659108.0,794468.875,61257.9453125,11412064.0,855726.875,19631.796875,4711237.0,21372470.0,5590561.0,20222.4375,3055697.25,0.0,0.013760154868263519,0.01427179694254659,22.65935168514792,718613.7428750001,624251.6875,386448.25155000004,14.429487545274922,13.183439392890948,299258.3125,3076988.5859375,561109.3359375,7115625.765625,0.0,0.0,0.0,0.0,4186353.5859375,475353.84228515625,154185.52657699585,124569.08281326294,253.1320457458496,0.0,162998489.2727661,30940186.86364746,8452753.289669037,7084124.624969482,26916.373500823975,26916.373500823975,23.613560730582915,63659108.0,0.009806164539723052,0.011288467046616488,0.17802288401527713,0.03803282182851123,0.025654318108957592,11354153.25,3023071.375,5653.2821044921875,1350.0375671386719,1846373.1618537903,141388.30235671997,1.0269443543661534,1.0176798951463923,1.0,1.0,0.4748380549660909,0.47659933154361894,0.22045499452450873,0.22687322051176825,28.562780910404953,27.001486401300934,3
2019.0,39,14199863.25,419721.0,6750.1881103515625,7031.444580078125,11701422.5,731.2703247070312,263039904.0,11331568.0,78667.8125,64036888.0,785890.5625,58754.765625,11408492.0,844645.375,19913.0546875,4708902.5,21538216.0,5634915.5,20503.6953125,3666617.25,0.0,0.013495921183502256,0.01382486273578282,21.713859195303275,701175.757725,607207.5,338634.42130000005,14.688848001177403,11.676764873700304,615954.625,3692943.2109375,783865.53125,7899491.296875,0.0,0.0,0.0,0.0,4132577.09375,460447.14453125,156041.8296737671,127269.15586090088,618.7671737670898,0.0,167131066.3665161,31400634.00817871,8608795.119342804,7211393.780830383,27535.140674591064,27535.140674591064,22.575930179891994,64036888.0,0.00948215191219161,0.010949560161714916,0.17695375827757276,0.03779730212377557,0.025232667719950818,11150663.0,3049200.5,5568.904968261719,1181.2828979492188,2147825.2853279114,167910.9140777588,1.0265324247326286,1.022684129659065,1.0,1.0,0.4752848226872815,0.4756319734214125,0.21917361572803892,0.2245960969573247,27.960653122693426,23.523351406406903,3
2020.0,40,13801462.0,446159.25,7256.4521484375,6412.677001953125,11450541.0,787.5218811035156,264818848.0,11180645.0,77627.1640625,64389956.0,777227.8125,57601.609375,11256584.0,834829.375,20025.556640625,4616059.0,21663826.0,5666191.5,20700.576171875,4315986.0,0.0,0.01302915380101646,0.014610404830995655,23.215657261470906,674737.522175,714169.8125,443824.84785,14.917000228791652,11.254928728217532,653080.625,4346023.8359375,1068217.15625,8967708.453125,0.0,0.0,0.0,0.0,4230258.029296875,447199.9140625,153032.36836624146,125581.60976409912,534.3898506164551,0.0,171361324.395813,31847833.92224121,8761827.487709045,7336975.390594482,28069.53052520752,28069.53052520752,20.478418217357074,64389956.0,0.011091323194878407,0.010478925038790212,0.17363958130364307,0.03685262281618268,0.024820205648419358,10741235.75,3060225.5625,5962.665771484375,1293.7859497070312,2484237.7548980713,195952.31798934937,1.022774490583365,1.0309050536149842,1.0,1.0,0.47658879103609436,0.4742852015872435,0.2138905850100076,0.22443265997482736,29.74086240442945,25.644885459177825,3
2021.0,41,13254752.25,421830.4609375,7425.207275390625,5793.9097900390625,11037232.75,675.0187530517578,266093520.0,10976789.0,77120.890625,64579124.0,752533.375,56926.59375,11052166.0,809460.0,20194.3125,4541863.5,21736022.0,5659610.0,20953.70703125,4939281.0,0.0,0.012453095672904774,0.013758788610080307,23.68140491072907,680925.194325,714366.75,247506.88600000003,15.459349667429878,9.981173157413284,648018.0,4994041.8359375,1043185.2265625,10010893.6796875,0.0,0.0,0.0,0.0,4297563.0546875,499795.1640625,149882.28672027588,119281.43048095703,618.7671890258789,0.0,175658887.4505005,32347629.08630371,8911709.774429321,7456256.821075439,28688.2977142334,28688.2977142334,18.445177208381356,64579124.0,0.01106188355853201,0.010544045074457808,0.16997426289028014,0.036148076234206586,0.02395724469331566,10293614.75,2961138.375,5793.9111328125,1631.2954406738281,2861235.72681427,223431.20627593994,1.0198545666102006,1.0086391457356811,1.0,1.0,0.477123851254927,0.48166208925700527,0.2092404338878651,0.21882771456503733,28.792545074819166,32.12638102344801,3
2022.0,42,13062427.75,401270.5,6215.798095703125,5878.287353515625,10885746.5,675.0187530517578,268349488.0,10890500.0,75630.234375,65065712.0,741704.9375,55154.6640625,10964414.0,796859.625,20475.5703125,4539979.0,21976080.0,5685654.5,21178.71484375,5564742.0,0.0,0.01216923110917208,0.012982248896859934,19.672913355991987,673893.7487000001,647511.75,507951.63195000007,12.919198071139686,9.718526731179463,632267.5625,5626309.3984375,1088748.9921875,11099642.671875,0.0,0.0,0.0,0.0,4281418.7265625,547074.587890625,148954.12812042236,119618.9472694397,534.3898391723633,0.0,179940306.177063,32894703.674194336,9060663.902549744,7575875.768344879,29222.68755340576,29222.68755340576,18.57227615566366,65065712.0,0.009951658563269085,0.01035712555792827,0.16737694348138388,0.03585982559974967,0.023433949544897213,10153688.25,2908740.1875,5147.0181884765625,1040.6539154052734,3276709.7674865723,253413.28909301758,1.0212411487446034,1.0050743890061675,1.0,1.0,0.4774614546264182,0.48273904507489307,0.20535900234822982,0.21558787940608648,25.305219326859273,20.332016493368133,3
2023.0,43,13072187.75,396235.9921875,6834.5654296875,5315.7716064453125,10809048.0,534.3898620605469,270536256.0,10942026.0,75742.734375,65597172.0,725617.0,55014.03515625,11016136.0,780631.0,20728.703125,4521979.0,22230956.0,5703374.0,21459.97265625,6221676.0,0.0,0.01207988528347195,0.012702533783843352,21.449132907931048,673612.490875,645064.8125,550984.0791750001,14.390761060046573,8.669220426799795,663205.9453125,6289515.34375,663205.9453125,11762848.6171875,0.0,0.0,0.0,0.0,4272390.34765625,538777.4479980469,142400.82733535767,112081.2314529419,534.389835357666,0.0,184212696.52471924,33433481.122192383,9203064.729885101,7687956.999797821,29757.077388763428,29757.077388763428,16.653900862817252,65597172.0,0.009833728998256205,0.010268925783492618,0.16680636781110014,0.03541752521799032,0.022733018792084156,10181870.75,2890317.875,5906.4141845703125,928.1507720947266,3699327.756591797,287473.6101875305,1.0196815400153723,1.0000477163318446,1.0,1.0,0.4761572374152251,0.4824219577061619,0.20431852403805584,0.21417059007956554,28.740588027792636,17.939267233642486,3
2024.0,44,12988119.5,351150.3515625,7087.697265625,5343.897705078125,10820072.75,731.2703247070312,272585504.0,10993243.0,75855.234375,66078680.0,684862.75,54732.7734375,11067551.0,739595.5,21122.4609375,4575586.5,22446146.0,5725762.0,22022.48828125,6891210.0,0.0,0.011911968271797755,0.011157392306746608,22.078286680433212,669393.6235000001,682190.875,546765.2118,14.471392471139051,8.862544239541325,677859.4609375,6967374.8046875,677859.4609375,12440708.078125,0.0,0.0,0.0,0.0,4218951.4921875,518386.2763671875,134666.23847961426,113459.39610290527,675.0187530517578,0.0,188431648.01690674,33951867.39855957,9337730.968364716,7801416.395900726,30432.096141815186,30432.096141815186,16.61799147539842,66078680.0,0.01032391801712746,0.010130251141517962,0.16636595948950553,0.035571909142128905,0.021297270212532134,10080954.75,2907165.125,5653.2821044921875,1434.4148406982422,4164753.184776306,328734.1312866211,1.0170967116046745,1.0081420881630119,1.0,1.0,0.4781556249938675,0.4835282728979287,0.20343996293760072,0.2126123669415939,27.24995152486605,27.40211794156278,3
2025.0,45,12853538.0,388417.0234375,6525.1817626953125,5906.4130859375,10677166.0,843.7734527587891,274570624.0,10992820.0,74280.1875,66526280.0,689897.25,53073.35546875,11065272.0,742970.5625,21206.83984375,4580874.0,22596506.0,5735915.0,22134.9921875,7567861.0,0.0,0.011703307707091054,0.012256336751680627,20.18433970402736,666299.7874250001,699403.75,528764.711,14.016294288199578,10.083545403051259,685425.2890625,7652800.09375,685425.2890625,13126133.3671875,0.0,0.0,0.0,0.0,4244377.17578125,471219.3125,132584.9355354309,108706.13907241821,562.5156135559082,0.0,192676025.192688,34423086.71105957,9470315.903900146,7910122.5349731445,30994.611755371094,30994.611755371094,18.240357516692807,66526280.0,0.01051319493589601,0.010015587635818508,0.1652402629457111,0.035366972426065936,0.021305608508392696,9929779.25,2923759.375,5231.3953857421875,1265.6601867675781,4686430.175468445,372047.8344192505,1.0137063857702913,1.0137726809689842,1.0,1.0,0.47843178582842183,0.48045926239721404,0.2013328310464027,0.211538711407133,24.978983067191056,23.92052064246745,3
2026.0,46,12947028.0,381357.4296875,6468.9300537109375,5118.8917236328125,10771162.0,1153.1570434570312,276096160.0,11206548.0,74167.6796875,66936884.0,696984.9375,52679.59375,11278775.0,749664.5,21488.09765625,4658838.5,22744700.0,5748881.0,22388.123046875,8227156.5,0.0,0.011723295970505348,0.011957833769378983,19.8822822541938,664612.2404750001,696731.875,493326.22505000007,13.157740024578237,8.214516411869573,668549.8203125,8321349.9140625,668549.8203125,13794683.1875,0.0,0.0,0.0,0.0,4301191.296875,462078.4423828125,126987.90117263794,105331.03594207764,590.6414070129395,0.0,196977216.489563,34885165.15344238,9597303.805072784,8015453.570915222,31585.253162384033,31585.253162384033,15.707501911951843,66936884.0,0.010408788598525141,0.009928939035689205,0.16741962473185934,0.03573953044776011,0.021387231513100468,9952982.5,2994045.75,5231.3953857421875,1237.534408569336,5229960.898189545,411873.9406738281,1.0167989583253814,1.0117153802175878,1.0,1.0,0.47833409621937384,0.47857932012406074,0.20288547725942135,0.21576489927859718,24.734865182492445,23.209567171973905,3
2027.0,47,12917411.75,384929.3984375,5709.5341796875,4753.256530761719,10699385.0,393.76094818115234,277706656.0,11305383.0,73267.65625,67312888.0,702441.3125,51385.80859375,11376934.0,753827.125,21881.859375,4705612.0,22889574.0,5758781.5,22697.5078125,8881700.0,0.0,0.011628647955416668,0.012001409447987013,17.4471500621107,663768.4670000001,702975.75,465762.95820000005,11.108627591412887,7.041230733196709,665737.234375,8987087.1484375,665737.234375,14460420.421875,0.0,0.0,0.0,0.0,4286931.44921875,453865.73046875,130981.75587463379,105837.30899810791,703.1445465087891,0.0,201264147.93878174,35339030.88391113,9728285.560947418,8121290.87991333,32288.397708892822,32288.397708892822,14.50219229937536,67312888.0,0.010443404983604328,0.00986094174120118,0.16795272548698253,0.035892071924062775,0.021431494233424307,9885566.0,3031846.75,4528.250732421875,1181.2828216552734,5804851.867023468,453837.6063079834,1.0159070092355018,1.00188219584092,1.0,1.0,0.47817492902681774,0.48031739370595283,0.20298105396489513,0.21560970884867522,21.21293147394412,21.975032330148604,3
2028.0,48,13057646.5,366535.1484375,6581.433349609375,4753.2564697265625,10816023.0,1040.6539611816406,278994528.0,11521192.0,73408.28125,67678784.0,696844.3125,50907.671875,11592603.0,747752.0,22500.626953125,4807596.0,23035352.0,5770313.0,23260.0234375,9529099.0,0.0,0.01170062957292123,0.011362663864382685,20.00205229846665,664330.98265,700163.1875,452262.5826,13.493561643110365,7.414249212165703,658424.5546875,9645511.703125,658424.5546875,15118844.9765625,0.0,0.0,0.0,0.0,4301331.85546875,464159.77734375,131853.65509033203,107356.10020828247,731.2703247070312,0.0,205565479.7942505,35803190.66125488,9860139.21603775,8228646.980121613,33019.66803359985,33019.66803359985,14.423608038303255,67678784.0,0.010345386635492742,0.009815941472145836,0.17023343681825015,0.036471249106879995,0.021145522635346255,9970899.0,3086748.25,5343.8984375,1237.5343933105469,6382555.413990021,500751.4094390869,1.0140484157954996,1.005882770741093,1.0,1.0,0.47763915078278973,0.4808309380224454,0.20508822277574357,0.21847357197653758,24.838062350317934,22.862725244752205,3
2029.0,49,13216501.75,364200.71875,4893.8863525390625,5400.149169921875,10971108.75,984.4023742675781,280327424.0,11640361.0,71664.4921875,68025432.0,697181.875,49023.2421875,11710056.0,746205.125,22641.25390625,4868713.0,23202758.0,5782013.0,23569.40625,10179958.0,0.0,0.011786665001780204,0.01123131609629103,14.796146866847643,665174.7561250001,700303.8125,430043.214425,9.67260442164991,8.951143625454522,660674.5859375,10306186.2890625,660674.5859375,15779519.5625,0.0,0.0,0.0,0.0,4264402.7890625,471950.59648513794,131797.4043045044,106793.58809280396,562.5156326293945,0.0,209829882.583313,36275141.25774002,9991936.620342255,8335440.5682144165,33582.18366622925,33582.18366622925,16.302615676155778,68025432.0,0.010294735246958814,0.009778324614314835,0.1711177813615355,0.03674563163856626,0.02104735963186571,10042169.5,3174332.0,3965.7352294921875,928.1507720947266,6985403.409374237,549043.3758506775,1.0121605395538487,1.0107709825173152,1.0,1.0,0.477636302923643,0.4781476723986795,0.20546469740680787,0.21884997282143984,18.26112665909513,17.01583485757278,3
2030.0,50,13536798.25,371935.28125,5540.7794189453125,4837.633850097656,11151001.5,759.3961334228516,281311520.0,11923025.0,71073.8515625,68349104.0,697069.3125,48291.96875,11992243.0,745361.25,22781.884765625,5009792.5,23374604.0,5787751.5,23681.91015625,10801790.0,0.0,0.012030078123000438,0.011413980182952789,16.671660682468914,666299.7874250001,724295.125,439043.46482500003,10.816890502228542,7.680789468520406,639017.7421875,10945204.03125,639017.7421875,16418537.3046875,0.0,0.0,0.0,0.0,4344392.3984375,495773.1455078125,131909.9125213623,102912.22637939453,506.2640838623047,0.0,214174274.9817505,36770914.40324783,10123846.532863617,8438352.794593811,34088.44775009155,34088.44775009155,14.534844805495824,68349104.0,0.01059699517055849,0.009748478742676717,0.1744430329328092,0.037630254144682226,0.020943698075985315,10253394.5,3283403.8125,4246.992919921875,1293.7859497070312,7580460.56337738,596069.6821098328,1.0136889822556956,1.0105904417601639,1.0,1.0,0.4779203326613825,0.47748502563097045,0.2087951849980398,0.22246659792810575,19.399563978548052,23.51906598473865,3
2031.0,51,13804358.25,391257.6875,5625.15673828125,5681.4068603515625,11397073.25,731.2703132629395,282325184.0,12132927.0,69864.4375,68672224.0,706857.125,46970.05859375,12200879.0,753827.125,22894.38671875,5089726.0,23554302.0,5792139.0,23850.6640625,11408576.0,0.0,0.012223810549256562,0.011952476634140568,16.844645217491276,668549.850025,708685.25,416261.58100000006,11.71565538591776,9.718858463648507,621298.5078125,11566502.5390625,621298.5078125,17039835.8125,0.0,0.0,0.0,0.0,4375668.3203125,501932.6884765625,133147.44375610352,104290.39082717896,365.6351623535156,0.0,218549943.302063,37272847.091724396,10256993.97661972,8542643.18542099,34454.08291244507,34454.08291244507,16.98919157020729,68672224.0,0.010319823776203899,0.009735374960697357,0.1766788126739568,0.03804969973956158,0.021137248932472784,10400013.75,3404344.625,4697.005676269531,900.0250396728516,8181452.257225037,649114.9055595398,1.0154777184795862,1.0105196263408378,1.0,1.0,0.4776519279555203,0.4805866656126279,0.21087532095655556,0.22433461024957194,21.283592676914036,16.22915638045558,3
2032.0,52,14075041.25,387179.46875,5428.276123046875,5203.26904296875,11629280.25,928.1508178710938,283311008.0,12390447.0,69330.046875,68962024.0,703425.75,46041.91015625,12457724.0,749467.625,23288.1484375,5216038.5,23732730.0,5780438.5,24216.298828125,11988362.0,0.0,0.012420132692126103,0.011777739882897901,16.188723321957227,671362.4282750001,735461.0,401636.17410000006,11.059124818271842,8.888988575678795,595422.7734375,12161925.3125,595422.7734375,17635258.5859375,0.0,0.0,0.0,0.0,4343773.7890625,512057.984375,121165.86015319824,99874.63731384277,590.6414031982422,0.0,222893717.0911255,37784905.076099396,10378159.836772919,8642517.822734833,35044.72431564331,35044.72431564331,15.496407517971239,68962024.0,0.01066472468963498,0.009735248319785395,0.1796705821743283,0.038836093981462455,0.020949468479560272,10647661.25,3427379.4375,4162.615783691406,1265.660171508789,8767115.400310516,690487.9297866821,1.0168672272354564,1.0095213755087318,1.0,1.0,0.4766069052697028,0.478179976961509,0.21441574600455188,0.22555631481780403,18.732731463914693,22.691287809291122,3
2033.0,53,14345160.25,386166.9453125,5709.5338134765625,4640.7535400390625,11849251.75,928.1507873535156,284066176.0,12638264.0,69133.1640625,69236224.0,713944.8125,45873.15234375,12705147.0,759817.9375,23260.0234375,5333632.0,23919882.0,5774025.5,24160.048828125,12544437.0,0.0,0.012624840144642916,0.011705428474232052,16.96313277337402,674456.2643500001,714422.9375,370697.81335,12.144537765785625,7.779388879811635,577984.796875,12739910.109375,577984.796875,18213243.3828125,0.0,0.0,0.0,0.0,4376202.859375,520664.45178222656,121222.1171951294,104009.12324523926,281.25782012939453,0.0,227269919.9505005,38305569.52788162,10499381.953968048,8746526.945980072,35325.982135772705,35325.982135772705,13.769000627927847,69236224.0,0.01031862941427886,0.009741378506574826,0.18253831982518284,0.03956188457517069,0.02118256547520855,10937919.5,3407241.6875,4359.4962158203125,1350.0375213623047,9315399.380115509,737936.1227607727,1.022027229042545,1.006740349113188,1.0,1.0,0.47532312254406794,0.48209984204571676,0.2179160254530819,0.22674591898594937,19.501639298254428,24.09191100086509,3
2034.0,54,14583133.25,387573.2421875,5765.78564453125,4725.1309814453125,12092933.75,787.5218887329102,284855648.0,12932768.0,68711.28125,69515504.0,721173.125,45507.515625,12999399.0,766680.625,23203.7734375,5468073.5,24094344.0,5766010.0,24160.048828125,13114011.0,0.0,0.01279870467058459,0.011703922961686193,17.06334317204337,678956.3895500001,745558.1875,398823.59585000004,11.745037051262083,7.493095429891738,587828.828125,13327738.9375,587828.828125,18801072.2109375,0.0,0.0,0.0,0.0,4335448.375,517739.3994140625,127494.16641616821,100099.64492416382,506.2640724182129,0.0,231605368.3255005,38823308.927295685,10626876.120384216,8846626.590904236,35832.24620819092,35832.24620819092,13.96480865711772,69515504.0,0.010725063397368161,0.009766977875180192,0.18604149083059227,0.040401313979659764,0.02131378947764138,11079982.5,3503150.375,4387.622009277344,1350.0375213623047,9874877.420856476,781784.2157440186,1.0222986587163558,1.0136046817579671,1.0,1.0,0.47500832254573905,0.47860958003164866,0.22199272471612658,0.22946351955405142,19.50980425897853,23.95412820484582,3
2035.0,55,14658735.75,399779.828125,6300.1754150390625,5006.388671875,12167495.0,703.1445541381836,285775936.0,13093282.0,68626.90625,69778544.0,736586.0,45535.64453125,13159827.0,782121.6875,23091.26953125,5540385.0,24254772.0,5762634.5,24131.921875,13680240.0,0.0,0.012823626750364314,0.012032841627142597,18.576309263134554,684862.8038750001,756583.5,388979.571975,13.840258062652534,8.042186732398466,588110.0859375,13915849.0234375,588110.0859375,19389182.296875,0.0,0.0,0.0,0.0,4435576.3515625,513548.6640625,132978.6836051941,109015.51739120483,281.2578239440918,0.0,236040944.677063,39336857.591358185,10759854.80398941,8955642.10829544,36113.50403213501,36113.50403213501,14.741736557984588,69778544.0,0.010842638103770121,0.009814805019075779,0.18764051597293288,0.04078533522509173,0.021689400236344164,11173754.25,3484981.125,5034.5150146484375,1265.6602478027344,10436774.278812408,822960.3595046997,1.0242632695579084,1.0226257702940627,1.0,1.0,0.47554340262670536,0.4738589130001906,0.22414449341080778,0.22865043774362268,22.269028006067668,22.367140793112686,3
2036.0,56,14965391.5,401833.015625,5737.659912109375,4246.9927978515625,12413679.5,815.6476745605469,286387680.0,13362446.0,69020.6640625,70029632.0,726798.25,45957.53125,13429583.0,772755.75,23063.142578125,5682786.5,24430448.0,5765194.5,24103.796875,14239662.0,0.0,0.013063927453164186,0.012049492857510028,16.86089930482402,690769.2182000001,759846.125,372385.36030000006,12.455137512658075,6.8501139672542735,579672.359375,14495521.3828125,579672.359375,19968854.65625,0.0,0.0,0.0,0.0,4511431.45703125,524208.326171875,138294.4593963623,115625.07618331909,365.6351776123047,0.0,240552376.13409424,39861065.91753006,10898149.263385773,9071267.18447876,36479.139209747314,36479.139209747314,12.463537554875645,70029632.0,0.010850351534047759,0.009863956135025815,0.19081131255980324,0.04169280849435398,0.021329156216783163,11403514.0,3561876.875,4359.496337890625,1378.1632843017578,10963485.78440094,871139.8227958679,1.0236320975856652,1.0306387635307621,1.0,1.0,0.47383052429738254,0.4695093605756361,0.22790593098555254,0.231227405169157,19.194120478036144,24.22588415521278,3
2037.0,57,15074968.25,427202.46875,5484.52783203125,4584.501953125,12584516.5,646.8929595947266,287140896.0,13610571.0,68739.40625,70267712.0,761055.4375,45620.01953125,13677371.0,806675.5,23119.39453125,5763085.0,24597824.0,5763535.5,23991.29296875,14807576.0,0.0,0.013125061999179665,0.012781490711763712,16.065304377078284,696956.8903500001,756611.625,353541.086025,10.823868216187973,7.788493952629398,593454.0,15088975.3828125,593454.0,20562308.65625,0.0,0.0,0.0,0.0,4480971.13671875,519342.5478515625,133906.8408317566,113628.14980697632,421.8867301940918,0.0,245033347.270813,40380408.46538162,11032056.10421753,9184895.334285736,36901.025939941406,36901.025939941406,13.411023195619194,70267712.0,0.010767557438044945,0.00991859376821605,0.19369594672443582,0.04214681736619259,0.02226312090129526,11535001.75,3539967.125,4387.6220703125,1096.905502319336,11484037.743927002,917378.6071891785,1.0234527483654126,1.0335383032891843,1.0,1.0,0.47442751531659316,0.4704088603096109,0.2317798181499015,0.2322677311525182,19.250941794382346,19.20822760363789,3
2038.0,58,15445216.25,417105.3203125,5456.401611328125,4893.885498046875,12912631.25,731.2703247070312,287709600.0,13922065.0,68261.2734375,70499248.0,756639.6875,45113.7578125,13988273.0,801753.4375,23147.51953125,5918395.5,24755892.0,5772591.0,24131.921875,15357070.0,0.0,0.013420838451341214,0.012438895307329103,15.933951310812962,703707.0781500001,759142.9375,345947.12475,11.766994322754101,8.81033171629319,575172.21875,15664147.6015625,575172.21875,21137480.875,0.0,0.0,0.0,0.0,4475796.11328125,508317.2451171875,146563.44199752808,126425.38184738159,337.5093803405762,0.0,249509143.38409424,40888725.71049881,11178619.546215057,9311320.716133118,37238.53532028198,37238.53532028198,14.272471584596602,70499248.0,0.010768099788809094,0.009981767155161712,0.19747820572497454,0.043150852034577636,0.022066553138465696,11899567.75,3545648.6875,4246.992980957031,1209.4086456298828,12014799.362056732,960298.5493888855,1.0245663502568731,1.037720488156658,1.0,1.0,0.4744286547666737,0.47118258813500397,0.23654820524807835,0.2343259066254091,18.552488223436335,21.107921267294252,3
2039.0,59,15433404.5,433587.0234375,5428.276123046875,4697.0050048828125,12956198.25,590.6414108276367,288464768.0,14064073.0,67951.890625,70719296.0,764543.0,44945.00390625,14130083.0,809488.0625,23006.890625,5985222.5,24886756.0,5770650.5,23991.29296875,15912216.0,0.0,0.013375467485166161,0.012897602536926664,15.808712783563907,710457.26595,799616.0,366760.2038,11.117121168602422,7.955484867873015,580234.8671875,16244382.46875,580234.8671875,21717715.7421875,0.0,0.0,0.0,0.0,4514187.7890625,504520.2607421875,140375.77363586426,120012.7011795044,253.1320343017578,0.0,254023331.17315674,41393245.971241,11318995.319850922,9431333.417312622,37491.66735458374,37491.66735458374,13.661157937019052,70719296.0,0.01130689988769119,0.010046158631867603,0.19887179023954085,0.04351979068347832,0.022236601114507315,11917681.75,3515722.4375,4331.370361328125,1096.905517578125,12515297.639549255,1004259.1454925537,1.02690187068688,1.0405462607931237,1.0,1.0,0.4713840101546219,0.47123167783844583,0.23880623623853267,0.2332878354912301,18.86124633951521,19.091817787813408,3
2040.0,60,15664456.5,432799.5,4978.2635498046875,3543.8487548828125,13193608.0,900.0250091552734,289084640.0,14303112.0,68401.8984375,70933144.0,784146.6875,45395.015625,14369462.0,829541.6875,23006.890625,6113729.0,25009474.0,5777175.0,24019.41796875,16466436.0,0.0,0.013546600486971566,0.012846596821390822,14.459687685724068,716363.680275,795537.75,350447.24995,10.0337399575795,5.9183810747758,580234.859375,16824617.328125,580234.859375,22297950.6015625,0.0,0.0,0.0,0.0,4572380.0390625,493073.05859375,145016.5175933838,123078.40958404541,421.88673400878906,0.0,258595711.21221924,41886319.02983475,11464011.837444305,9554411.826896667,37913.55408859253,37913.55408859253,10.279783186183092,70933144.0,0.011215317764569972,0.010099138990300502,0.20164215475913488,0.04433584284070147,0.022746055182397938,12174047.75,3490409.4375,3937.6095581054688,1040.6539459228516,13024768.041275024,1050694.810344696,1.0277928009220811,1.0480366709341578,1.0,1.0,0.47314519667136734,0.4679191522986884,0.24302395911683333,0.23254680264746788,17.10669646605967,18.026182483616065,3
2041.0,61,15642293.5,455215.765625,5400.150390625,5400.1495361328125,13248453.5,787.5218963623047,289913792.0,14365019.0,67192.484375,71135048.0,808306.8125,44410.609375,14430016.0,852717.375,22781.884765625,6129648.0,25132550.0,5781732.5,23794.4140625,17003048.0,0.0,0.013488745561301202,0.013489220186670807,15.647834113179337,723676.3837250001,776496.5625,321477.693975,10.50848349105528,9.49560995495759,572359.640625,17396976.96875,572359.640625,22870310.2421875,0.0,0.0,0.0,0.0,4639937.95703125,493944.982421875,143328.97735214233,121531.50215148926,309.383602142334,0.0,263235649.1692505,42380264.01225662,11607340.814796448,9675943.329048157,38222.93769073486,38222.93769073486,15.627720772001956,71135048.0,0.010915808512563316,0.010173274694704642,0.2019401041242005,0.044347117951876056,0.023391932166573,12112255.5,3530038.6875,3909.4837036132812,1490.6664733886719,13554263.999282837,1093811.6330184937,1.0273522404405395,1.0429653838956072,1.0,1.0,0.472848701263067,0.4698236474750566,0.2434177642259085,0.23199937674582977,16.92661445878172,25.794646561628152,3
2042.0,62,15763487.0,435977.7109375,5822.037109375,4500.1248779296875,13389756.75,562.5156402587891,290556192.0,14480333.0,67586.25,71327624.0,794637.6875,44494.98828125,14546063.0,839132.625,23091.26953125,6172484.0,25239144.0,5798242.0,24075.671875,17528324.0,0.0,0.013563200022940829,0.012885499534318511,16.834044951477694,728176.5089250001,796944.0,328227.881775,11.66204356941644,8.370619130208375,564765.6796875,17961742.6484375,564765.6796875,23435075.921875,0.0,0.0,0.0,0.0,4657038.609375,494141.87109375,158741.90241241455,134047.4711265564,703.1445999145508,0.0,267892687.7786255,42874405.88335037,11766082.717208862,9809990.800174713,38926.082290649414,38926.082290649414,12.995102189289629,71327624.0,0.01117300640772781,0.010208898994378393,0.20301157094479974,0.044561019148127115,0.0229469142137985,12253587.0,3509900.6875,4359.496154785156,1462.5406799316406,14064887.558063507,1141653.5869407654,1.0294951696482073,1.0427723401305244,1.0,1.0,0.4735326381531939,0.46839283680392924,0.24556034297917093,0.2295367961316297,18.815429387388704,25.293429015588593,3
2043.0,63,15803595.75,446862.3984375,4415.747985839844,4922.01123046875,13433043.5,1040.6539154052734,291280704.0,14604592.0,65954.953125,71529344.0,808953.625,43060.57421875,14668467.0,852014.25,22894.38671875,6237342.0,25337276.0,5805527.0,23850.6640625,18068170.0,0.0,0.013563888315444335,0.013180325073662305,12.736642373488827,731832.86065,796747.125,323446.49875,8.533486436264083,8.38507061394387,572922.1875,18534664.8359375,572922.1875,24007998.109375,0.0,0.0,0.0,0.0,4577020.6171875,473497.5498046875,149094.75704574585,123444.04610824585,253.1320457458496,0.0,272469708.395813,43347903.43315506,11915177.474254608,9933434.846282959,39179.214336395264,39179.214336395264,14.179280869735717,71529344.0,0.011138745030291344,0.01023122567222202,0.2041762329037996,0.04492118158483783,0.02330425535898965,12208894.75,3594699.875,3178.21337890625,1237.5343933105469,14583020.700435638,1177148.32289505,1.0318097972832037,1.0461034702876915,1.0,1.0,0.4724370422036695,0.46770122472915665,0.24650378470036519,0.2328485165802511,13.683999335311773,21.351864461646947,3
2044.0,64,16126226.25,467619.21875,5484.527587890625,4471.998840332031,13790380.5,478.13829803466797,291909056.0,14738950.0,65533.0703125,71727440.0,820597.75,42582.4375,14802542.0,863180.1875,22950.640625,6301131.5,25398790.0,5822290.0,23906.916015625,18595950.0,0.0,0.013811002021465206,0.013765500942339486,15.783544667662683,732395.3763000001,821469.6875,348197.18735,11.168136392125316,7.635758262921138,566171.96875,19100836.8046875,566171.96875,24574170.078125,0.0,0.0,0.0,0.0,4647335.17578125,459097.119140625,163157.65644073486,140713.2812576294,534.3898391723633,0.0,277117043.57159424,43807000.552295685,12078335.130695343,10074148.127540588,39713.60417556763,39713.60417556763,12.85390600852437,71727440.0,0.011452655880371584,0.010210811598741014,0.20548551572452606,0.04527849566835902,0.023586514053128494,12420485.25,3705740.4375,4218.867248535156,1265.66015625,15069568.590454102,1219505.7494773865,1.033248164457401,1.0557896546275245,1.0,1.0,0.47139479507012577,0.46407479029501647,0.24815770679366514,0.2347611919712773,18.126735128893056,21.844129978738085,3
2045.0,65,16084205.25,456565.78125,5709.5341796875,4697.005310058594,13832738.5,956.2765960693359,292506432.0,14926999.0,65476.8125,71904184.0,826363.5625,42610.5625,14990732.0,868974.125,22866.26171875,6333616.5,25449500.0,5823218.0,23906.916015625,19135992.0,0.0,0.013746881683955586,0.01341646608183894,16.40010522182906,732395.3763000001,837107.5625,343697.06215,11.910359558322533,7.282441328975538,577422.28125,19678259.0859375,577422.28125,25151592.359375,0.0,0.0,0.0,0.0,4703727.47265625,452712.5986328125,154073.0302734375,128281.68321990967,562.515625,0.0,281820771.0442505,44259713.1509285,12232408.16096878,10202429.810760498,40276.11980056763,40276.11980056763,13.475217362035085,71904184.0,0.011641986820961629,0.01018571292457752,0.20759569429228208,0.04542620956937305,0.02370750699580166,12488268.75,3595937.4375,4471.999328613281,1209.4085998535156,15584607.896911621,1264197.6158981323,1.0348948425360873,1.0510570368950627,1.0,1.0,0.4735942830104747,0.4668662181279312,0.2511077149312545,0.23571504040173952,19.174276538046584,20.891229658385026,3
2046.0,66,16096947.25,463119.109375,5822.0372314453125,4471.999206542969,13892477.75,815.6476593017578,293020288.0,15088524.0,65589.3203125,72074120.0,834998.125,42919.9453125,15152231.0,877918.125,22669.3828125,6457989.0,25500942.0,5825467.5,23738.162109375,19678174.0,0.0,0.013733645680192629,0.013587422347122803,16.693307036858197,732114.118475,835588.8125,336665.616525,11.240351099403433,7.3592724058215975,578828.5703125,20257087.65625,578828.5703125,25730420.9296875,0.0,0.0,0.0,0.0,4672226.421875,442446.677734375,160598.20469665527,131150.51211166382,196.88047790527344,0.0,286492997.4661255,44702159.82866287,12393006.365665436,10333580.322872162,40473.0002784729,40473.0002784729,12.806633902095468,72074120.0,0.011593465345119718,0.010157794760102517,0.20934732189584834,0.046234970673605005,0.02391215830308176,12569355.5,3527591.6875,4471.999450683594,1350.0375366210938,16056867.890071869,1304023.7221679688,1.0380732235169876,1.0475093238356172,1.0,1.0,0.47274970613577294,0.4669218560757777,0.2536620632060602,0.2368129280145738,19.15789698515575,23.25603991420819,3
2047.0,67,16175249.75,478925.7734375,6075.1693115234375,4668.8795166015625,14001998.5,590.6414337158203,293557504.0,15227017.0,65645.5703125,72225304.0,853898.625,43116.828125,15290638.0,897015.5,22528.75390625,6464570.0,25545100.0,5823246.0,23597.53125,20224940.0,0.0,0.013775196962772922,0.01403932376760566,17.395425785135483,729582.7980500001,855501.875,340603.226075,11.713876697663848,7.494628636717191,590078.875,20847166.53125,590078.875,26320499.8046875,0.0,0.0,0.0,0.0,4711040.125,440759.1376953125,147519.71953201294,121587.74922943115,450.01250076293945,0.0,291204037.5911255,45142918.966358185,12540526.085197449,10455168.072101593,40923.01277923584,40923.01277923584,13.352220582779163,72225304.0,0.011844905145709045,0.01010148462718828,0.21082662386578532,0.04621899339332579,0.024420083567782528,12672942.5,3502306.6875,4753.2572021484375,1293.7860107421875,16574016.630119324,1344609.2245292664,1.0388880787397596,1.0506961485611004,1.0,1.0,0.4737848818425824,0.46953342971311285,0.2562350593624739,0.2350953184717485,20.329849505774366,22.2815332434845,3
2048.0,68,16383576.5,467141.0703125,5934.5404052734375,4725.1312255859375,14231842.75,590.6414108276367,294004704.0,15396447.0,65673.6953125,72368560.0,841860.8125,43201.203125,15460067.0,885062.0625,22472.5,6551479.0,25578544.0,5834581.0,23513.15625,20747152.0,0.0,0.013931389767831742,0.013671184152898268,16.971143132739492,725363.9306750001,850354.875,333009.2648,11.104041682036927,8.293105475559825,568703.28125,21415869.8125,568703.28125,26889203.0859375,0.0,0.0,0.0,0.0,4641710.1015625,437974.65625,165801.4726600647,137450.68965911865,421.88672256469727,0.0,295845747.692688,45580893.622608185,12706327.557857513,10592618.761760712,41344.89950180054,41344.89950180054,13.495894293340147,72368560.0,0.011750335712082706,0.010023191433890629,0.2127504955190486,0.046780747363303954,0.024045183070649116,12860344.5,3523232.1875,4584.502502441406,1350.0375518798828,17057498.810020447,1376306.9800109863,1.0421397888613508,1.0547120636533696,1.0,1.0,0.47388169905911354,0.4666105635839835,0.25938694899816933,0.23476746504197682,19.589910538636737,23.263028169809626,3
2049.0,69,16394911.5,457859.5703125,5737.6597900390625,4584.501953125,14260165.5,928.1508026123047,294395936.0,15599178.0,65701.8203125,72503992.0,834323.0625,43482.4609375,15662881.0,877805.5625,22219.3671875,6627531.0,25602364.0,5834468.5,23203.7734375,21279964.0,0.0,0.013922501549070296,0.013381787078717771,16.390518147587702,720863.8054750001,869480.375,350165.99212500005,11.63860144082922,7.644678406035415,581641.1484375,21997510.9609375,581641.1484375,27470844.234375,0.0,0.0,0.0,0.0,4666713.875,440956.03125,153763.6406211853,129266.08827972412,281.25780868530273,0.0,300512461.567688,46021849.653858185,12860091.198478699,10721884.850040436,41626.15731048584,41626.15731048584,13.080095954495949,72503992.0,0.011992172444794488,0.00994240159183235,0.21514922930036734,0.047272714848722884,0.023804168535930318,13030758.75,3364152.875,4078.2384033203125,1659.421142578125,17528802.5266304,1415598.6964302063,1.0437604803696223,1.0440688011428356,1.0,1.0,0.47269432974756737,0.46864124488595704,0.26384323668315385,0.2318761138690287,17.42700539606405,28.56866244763382,3
2050.0,70,16533205.25,476422.59375,5400.150390625,4528.2503662109375,14402453.5,759.3961029052734,294672416.0,15718740.0,65504.9453125,72622512.0,851704.875,43538.7109375,15782191.0,895243.5625,21966.236328125,6668369.5,25622840.0,5840065.0,23006.890625,21807634.0,0.0,0.014026766972650742,0.01391762274001034,15.411487814365032,716363.680275,846361.0,309946.12315,10.422612345524147,7.589038809892231,577422.2734375,22574933.234375,577422.2734375,28048266.5078125,0.0,0.0,0.0,0.0,4727268.75,435527.7158203125,158207.50860595703,133850.5898551941,450.01251220703125,0.0,305239730.317688,46457377.3696785,13018298.707084656,10855735.43989563,42076.16982269287,42076.16982269287,12.907134783087006,72622512.0,0.011654251232730698,0.009864209603146198,0.21644445457904293,0.04751810134117326,0.024276638277480757,13165790.0,3367415.5625,3909.4837036132812,1490.6664428710938,18013719.12136841,1465381.329257965,1.0427445230951586,1.0456495272458446,1.0,1.0,0.4740753003645473,0.4685065899427322,0.26625105798667,0.22990909605570378,16.7104268020622,25.53269449802104,3
2051.0,71,16631112.25,468772.375,5765.78564453125,4443.873291015625,14566118.0,731.2703094482422,294879424.0,15921415.0,65645.5703125,72714648.0,852576.75,43848.09375,15984978.0,896424.875,21797.48046875,6752634.0,25622978.0,5842906.0,22838.13671875,22354820.0,0.0,0.014099926017557603,0.01368834684162678,16.447911185825994,710457.26595,876933.75,327665.366125,11.024697861172742,7.221817841743376,599922.921875,23174856.15625,599922.921875,28648189.4296875,0.0,0.0,0.0,0.0,4710730.6875,432208.8671875,160626.3343849182,135763.1425933838,365.6351661682129,0.0,309950461.005188,46889586.236866,13178925.041469574,10991498.582489014,42441.804988861084,42441.804988861084,12.661088138773886,72714648.0,0.012059932546190694,0.009770483465037196,0.2189574650763626,0.04809750899948682,0.024290857704343652,13318964.0,3312148.4375,4331.370544433594,1434.4148864746094,18488004.17081833,1506782.4792747498,1.0438225558442744,1.0454379764729844,1.0,1.0,0.4745741826729148,0.4670243812767142,0.2710455863870971,0.22643528985283307,18.52950440042532,24.580920134565787,3
2052.0,72,16833392.5,491047.9921875,5428.276123046875,4584.5020751953125,14786286.0,618.7672119140625,295088960.0,16125269.0,65083.0546875,72811088.0,870858.5,43679.34375,16188496.0,914537.8125,21403.72265625,6821852.0,25636254.0,5849459.0,22472.5,22891404.0,0.0,0.014261286240596733,0.014337048144824954,15.475109664402957,704269.5938,867792.8125,320633.9205,10.57940150704943,7.463134985071292,590922.671875,23765778.828125,590922.671875,29239112.1015625,0.0,0.0,0.0,0.0,4696499.0546875,429480.69775390625,170442.23008346558,139672.62578582764,196.88047409057617,0.0,314646960.0598755,47319066.9346199,13349367.27155304,11131171.208274841,42638.68546295166,42638.68546295166,13.053396196875912,72811088.0,0.011918415674546712,0.009672559676625078,0.2214672166415093,0.048559437585518284,0.02479584662731943,13506900.0,3326492.4375,4190.741455078125,1237.534408569336,18991230.649166107,1545202.2964820862,1.043571275455669,1.0433817134761725,1.0,1.0,0.4745526752914826,0.46634181416796144,0.2743756395425599,0.227733110653606,17.905275282293513,21.230603507440467,3
2053.0,73,16831957.75,491160.5,5906.414794921875,4359.4959716796875,14778580.5,956.2765655517578,295157568.0,16305330.0,65448.6875,72896624.0,888240.25,44241.85546875,16368839.0,932482.125,21206.83984375,6852959.0,25646858.0,5862762.0,22247.494140625,23434402.0,0.0,0.014256756030392554,0.014339476319010018,16.829152138125245,698925.6951250001,900475.0,346790.898225,11.24150974951242,6.725714316622957,599979.171875,24365758.0,599979.171875,29839091.2734375,0.0,0.0,0.0,0.0,4619912.4921875,430999.4736328125,160373.19882965088,133091.19454193115,478.1382827758789,0.0,319266872.552063,47750066.408252716,13509740.47038269,11264262.402816772,43116.82374572754,43116.82374572754,12.40587652266926,72896624.0,0.012352766844181975,0.009587902110871419,0.22367743669446202,0.048753894785776394,0.025276772671770965,13503524.75,3328433.125,4725.131408691406,1181.2828369140625,19455277.914230347,1584775.2707138062,1.0466834353704124,1.0458833244874712,1.0,1.0,0.4728415501212086,0.4666408498707303,0.27786976041177863,0.22738993528666018,20.181877818462596,20.24164710776434,3
2054.0,74,17197255.0,481850.8828125,6159.546630859375,4697.005432128906,15126328.25,646.8929595947266,295045056.0,16541757.0,65786.203125,72957264.0,869902.25,44691.8671875,16605687.0,914594.0625,21094.3359375,6946112.0,25643512.0,5872241.0,22078.73828125,23971238.0,0.0,0.01457171934445158,0.014059275744455122,17.549555808422728,692738.0229750001,898365.5625,333009.2648,11.641934949286489,7.186950619091798,604985.546875,24970743.546875,604985.546875,30444076.8203125,0.0,0.0,0.0,0.0,4690255.2265625,426752.5087890625,173986.06915283203,142203.94415664673,450.01251220703125,0.0,323957127.7786255,48176818.91704178,13683726.539535522,11406466.34697342,43566.83625793457,43566.83625793457,13.365517812424113,72957264.0,0.012313586245503943,0.009495120636308403,0.2267321455475633,0.04941360245617925,0.02475341829054058,13800195.5,3397059.9375,4697.005554199219,1462.5406494140625,19934456.84962082,1618526.2082366943,1.0476286537034747,1.0457175393744766,1.0,1.0,0.47178872990737586,0.4686105606815023,0.28199512531906695,0.22877747132971532,20.061626784229325,25.038159514815614,3
2055.0,75,17255560.5,495604.3828125,5737.6597900390625,4471.999084472656,15254974.75,618.7671966552734,295180064.0,16581386.0,65786.203125,73007528.0,885146.4375,44916.875,16645203.0,930063.25,20869.33203125,6940711.0,25636592.0,5881747.5,21881.859375,24519972.0,0.0,0.014614435902419209,0.014468346659870505,16.349115428786014,687112.866475,860733.25,294758.20060000004,10.521432624600557,6.906502255692414,611735.75,25582479.296875,611735.75,31055812.5703125,0.0,0.0,0.0,0.0,4767404.1796875,425796.189453125,170667.23593902588,143863.36289596558,337.5093765258789,0.0,328724531.958313,48602615.1064949,13854393.775474548,11550329.709869385,43904.34563446045,43904.34563446045,12.726403343722742,73007528.0,0.011789650650820556,0.009411534471828714,0.22711885272981713,0.049379643203029205,0.02518947425771359,13851159.5,3404400.875,4190.741516113281,1546.9180908203125,20435545.76859665,1662796.1879425049,1.0470408073089474,1.0361943635543145,1.0,1.0,0.4730668804916268,0.47361775101130826,0.2827938691359893,0.22658470098128608,17.88831494505321,26.47859051816154,3
2056.0,76,17319013.0,493101.1796875,5512.6534423828125,3993.8611450195312,15342782.75,871.8992309570312,294948320.0,16861716.0,66433.0859375,73033880.0,903625.125,45732.5234375,16925984.0,949357.625,20700.576171875,7020561.0,25622504.0,5887653.5,21656.853515625,25059818.0,0.0,0.014679701345645908,0.014408165535444417,15.713792282348999,681487.709975,908350.25,320633.9205,9.952086490149254,5.9777809674191715,608641.9140625,26191121.2109375,608641.9140625,31664454.484375,0.0,0.0,0.0,0.0,4694474.03515625,424474.3115234375,163242.02890777588,131516.14532089233,478.1382827758789,0.0,333419005.99346924,49027089.41801834,14017635.804382324,11681845.855190277,44382.48391723633,44382.48391723633,11.369660571719464,73033880.0,0.012437381801432432,0.009331117420777864,0.2308752595370806,0.04996505430126879,0.025724256758749505,13931290.0,3387722.0625,4218.8673095703125,1293.7859497070312,20944875.541496277,1699500.3324928284,1.0524099667639604,1.039618292810926,1.0,1.0,0.47196787811877466,0.47221786820708644,0.28736481105594974,0.22941406977869747,17.997459267050406,22.151380799668924,3
2057.0,77,17642739.5,493129.3125,4978.2635498046875,4978.2628173828125,15605084.75,618.7672004699707,294735680.0,17080310.0,65195.55859375,73065016.0,897184.25,44804.375,17143674.0,941988.625,20391.19140625,7143132.0,25601464.0,5898539.0,21319.34375,25596882.0,0.0,0.014964882687430311,0.014408916461952878,14.192678365628371,677550.1004250001,926153.875,340321.96825000003,9.601480667311852,7.602934124968022,604985.5703125,26796106.78125,604985.5703125,32269440.0546875,0.0,0.0,0.0,0.0,4699114.796875,424277.435546875,175983.00351333618,140938.28087234497,478.13827896118164,0.0,338118120.79034424,49451366.853565216,14193618.80789566,11822784.136062622,44860.62219619751,44860.62219619751,14.174570515485263,73065016.0,0.01267574997862178,0.009273249189803778,0.23376864791215538,0.050846465900653864,0.02554546010026342,14242642.5,3400097.5625,3768.8548583984375,1209.4085845947266,21430242.14876938,1739945.2059440613,1.0551484231731008,1.0438488614250323,1.0,1.0,0.4709672897790591,0.47071723621009487,0.29124372411736965,0.2302806557720888,16.08093341210597,20.6509365629447,3
2058.0,78,17815545.0,515911.1953125,5625.1568603515625,5456.400634765625,15773446.0,731.2703247070312,294462880.0,17324330.0,64183.03125,73072768.0,914144.0,43932.47265625,17386598.0,958076.5,20250.5625,7215219.0,25586048.0,5902026.0,21122.4609375,26128652.0,0.0,0.015125459107103754,0.015092783802318955,16.047644100975734,673612.490875,914622.25,316977.56877500005,10.238982198662754,7.839438489772902,603297.984375,27399404.765625,603297.984375,32872738.0390625,0.0,0.0,0.0,0.0,4649866.5234375,423911.794921875,164254.55391311646,134131.84453201294,393.7609443664551,0.0,342767987.31378174,49875278.64848709,14357873.361808777,11956915.980594635,45254.383140563965,45254.383140563965,15.546725405853781,73072768.0,0.012516595101474738,0.009218379285632098,0.23708325925192816,0.05139515774436769,0.02604637507527755,14389543.75,3426001.5,4331.370422363281,1293.7859344482422,21906383.499778748,1780952.5950279236,1.0541521573202135,1.0443340712093117,1.0,1.0,0.470982762749451,0.4718103613184751,0.29556514838149894,0.2316567667794111,18.481626839084765,22.106244463366927,3
2059.0,79,17900905.5,489444.828125,5456.4022216796875,4303.244384765625,15940596.75,759.3961029052734,294217600.0,17531474.0,64014.2734375,73067464.0,913131.5625,44044.9765625,17593406.0,957176.5625,19969.3046875,7272708.0,25559302.0,5899973.0,20784.953125,26649684.0,0.0,0.015210600504524543,0.014332118324277797,15.581130968021657,670518.6548,929894.5625,332165.491325,10.545611443407159,6.743919170212912,600485.421875,27999890.1875,600485.421875,33473223.4609375,0.0,0.0,0.0,0.0,4636816.3046875,425993.0849609375,160795.08828353882,133878.71407318115,365.63515853881836,0.0,347404803.61846924,50301271.73344803,14518668.450092316,12090794.694667816,45620.01829910278,45620.01829910278,12.272773742506063,73067464.0,0.01272652028131153,0.009176706266964459,0.23993543829576458,0.05185407322861998,0.026042344012293182,14490627.5,3410279.125,4303.2447509765625,1153.1570281982422,22372118.311748505,1824716.31067276,1.0535905855962617,1.0421648507550338,1.0,1.0,0.4714390148438231,0.47243975373212016,0.2991838080926069,0.2326767278155924,18.371494131493634,19.697144326356806,3
2060.0,80,18159269.5,516726.84375,5343.8985595703125,5400.1495361328125,16140176.5,534.3898620605469,293867712.0,17748972.0,63001.74609375,73048392.0,929500.75,43088.703125,17810174.0,972589.5,19913.0546875,7329663.0,25536436.0,5916792.0,20813.078125,27171194.0,0.0,0.015448506894830284,0.015156588878740615,15.277462351061844,668268.5922000001,904947.0,289133.0441,8.854764321279317,7.781147471702385,600204.1875,28600094.375,600204.1875,34073427.6484375,0.0,0.0,0.0,0.0,4706146.39453125,423799.2626953125,183745.72499084473,148672.87226104736,506.26405334472656,0.0,352110950.0130005,50725070.99614334,14702414.17508316,12239467.566928864,46126.28235244751,46126.28235244751,15.419281883772937,73048392.0,0.01238832197702586,0.009148299831158502,0.24297553326019825,0.05232176403349935,0.026540439259191407,14740834.5,3418435.625,3965.7352294921875,1378.163330078125,22858441.195610046,1864964.3036575317,1.0555614763970733,1.041720513231455,1.0,1.0,0.47042076460254745,0.47188310544876383,0.30324646236332037,0.23322747401881144,16.92305321958459,23.591833227988722,3
2061.0,81,18543524.5,520383.1640625,5850.1629638671875,4865.7598876953125,16541870.5,618.7671966552734,293419392.0,18054954.0,62467.35546875,73029552.0,945194.875,43088.703125,18115676.0,988283.5625,19378.6640625,7446441.5,25543216.0,5937971.0,20306.814453125,27685248.0,0.0,0.01579950491138636,0.015287017073383988,16.74203448106067,665456.01395,904806.375,294758.20060000004,11.180290823433696,8.164826164399612,601047.953125,29201142.328125,601047.953125,34674475.6015625,0.0,0.0,0.0,0.0,4708874.421875,430971.3544921875,171286.00509262085,141219.5429725647,253.1320457458496,0.0,356819824.4348755,51156042.35063553,14873700.180175781,12380687.109901428,46379.41439819336,46379.41439819336,13.907713530224308,73029552.0,0.01238959229819731,0.009112147010706022,0.24722805365148617,0.05321007283131003,0.027016334252290025,15018548.25,3524976.125,4443.873596191406,1406.289047241211,23343864.05449295,1905690.434928894,1.055889366649562,1.0447132248968338,1.0,1.0,0.4703861357588604,0.4748729749657205,0.30827892017125613,0.23672272317337262,18.96722338258652,24.05511479914931,3
2062.0,82,18618394.5,532561.6640625,5709.5341796875,5062.64013671875,16653079.25,562.5156402587891,293127456.0,18243366.0,61932.96484375,73025712.0,956557.8125,42498.05859375,18303328.0,999055.8125,19434.916015625,7477492.0,25527914.0,5941205.0,20419.31640625,28200060.0,0.0,0.015879094672728303,0.01566147133988428,16.350966619336095,663768.4670000001,919319.25,318102.600075,10.622714158477152,7.2941572962372225,596829.078125,29797971.40625,596829.078125,35271304.6796875,0.0,0.0,0.0,0.0,4705049.3359375,428299.40087890625,162201.3769683838,129687.96953582764,703.1445465087891,0.0,361524873.770813,51584341.751514435,15035901.557144165,12510375.079437256,47082.55894470215,47082.55894470215,14.480767203758592,73025712.0,0.012588980303266335,0.009089517223741688,0.24982113149406882,0.05347003638211715,0.027360607559846747,15117129.75,3501266.0625,4246.993103027344,1462.5406494140625,23855950.15398407,1946107.182598114,1.0555117353081398,1.0473462764594836,1.0,1.0,0.4711715758008486,0.4735839563315798,0.3119456457593593,0.2352290138167921,18.115660048202916,25.017560800302917,3
2063.0,83,18774747.0,528708.390625,6131.4208984375,4021.9867553710938,16819864.75,731.2703247070312,292892608.0,18390436.0,62776.7421875,73012336.0,949441.875,43623.08984375,18451610.0,993065.0625,19153.65625,7550226.0,25514558.0,5941036.5,20194.3125,28724832.0,0.0,0.016025282379267147,0.01556067695611015,17.577088601535763,662924.693525,955685.9375,350728.507775,11.197451313344201,6.21663603911981,609766.9375,30407738.34375,609766.9375,35881071.6171875,0.0,0.0,0.0,0.0,4658416.8515625,440055.943359375,173451.6879119873,139025.73008728027,365.6351776123047,0.0,366183290.6223755,52024397.69487381,15209353.245056152,12649400.809524536,47448.19412231445,47448.19412231445,11.515523318327487,73012336.0,0.01308937625965015,0.009079625852883272,0.25188121634678284,0.054043442240040644,0.02718387880407203,15311113.25,3463633.5,4725.1314697265625,1406.2890930175781,24332372.762836456,1983205.0880813599,1.0535840324356172,1.0371598312766803,1.0,1.0,0.4720073867781389,0.47539586414611673,0.3150212539118627,0.23350851144181622,20.15463978933238,24.034302257611294,3
2064.0,84,19001046.0,532280.3984375,5822.037109375,4359.4959716796875,17049454.5,843.7734680175781,292633568.0,18558768.0,63029.875,73003248.0,964939.25,43848.09375,18619688.0,1008787.3125,19181.783203125,7593904.5,25509046.0,5955775.0,20194.3125,29224406.0,0.0,0.01623279766728607,0.01568507391539138,16.70284289935725,663205.9513500001,932763.375,329071.65525,10.384486648517996,6.39684198980444,586985.0625,30994723.40625,586985.0625,36468056.6796875,0.0,0.0,0.0,0.0,4679792.1796875,437862.1796875,171426.63125610352,135819.38946151733,506.2640686035156,0.0,370863082.802063,52462259.87456131,15380779.876312256,12785220.198986053,47954.45819091797,47954.45819091797,12.491245007880387,73003248.0,0.012777011989932283,0.009084608829322225,0.2542183876531083,0.05439695454025013,0.027648362718468766,15513675.0,3487371.875,4528.2508544921875,1293.7859497070312,24782160.256824493,2021456.1505966187,1.054382575642197,1.0363904640974013,1.0,1.0,0.47153616295428935,0.47520832655414175,0.318384470335713,0.23270785924450788,19.321445543277598,22.080459464119897,3
2065.0,85,18930816.5,544543.2265625,6384.552734375,4612.6278076171875,16998350.0,534.3898544311523,292314336.0,18716974.0,63929.8984375,72998592.0,1001277.6875,44776.25,18779022.0,1046053.9375,19153.65625,7649706.5,25519224.0,5963115.0,20109.93359375,29716068.0,0.0,0.01619046191768029,0.01607504912726783,18.329792809163532,663205.9513500001,954617.125,349322.21865000005,11.655988907313342,6.818950063550155,573765.9296875,31568489.3359375,573765.9296875,37041822.609375,0.0,0.0,0.0,0.0,4667642.08203125,442924.82421875,172017.2812538147,135903.76719284058,421.88672256469727,0.0,375530724.88409424,52905184.69878006,15552797.15756607,12921123.966178894,48376.344913482666,48376.344913482666,13.225666273020158,72998592.0,0.013077199146526004,0.009085188264316113,0.2564018495041658,0.05483450512118016,0.0287093715205634,15526837.5,3403978.875,5203.2696533203125,1181.2828674316406,25252760.82894516,2063616.6967048645,1.0548117745464882,1.0324082615764383,1.0,1.0,0.47065464031006077,0.47716007628183316,0.32165124411876683,0.23132950379277892,22.205471933810053,20.134904775977677,3
2066.0,86,19284723.5,538468.078125,5765.7855224609375,4331.369873046875,17234664.0,703.1445770263672,292012000.0,18902184.0,64267.40625,72965984.0,1016128.125,45282.51171875,18964316.0,1061410.75,18984.90234375,7678282.0,25509662.0,5966153.0,19969.3046875,30205880.0,0.0,0.016510214905551827,0.015924890867827914,16.576051594329037,664612.2404750001,939907.375,325134.0457,10.085955776151383,5.976446058886304,588391.3203125,32156880.65625,588391.3203125,37630213.9296875,0.0,0.0,0.0,0.0,4694136.43359375,441068.5068359375,173704.8203315735,140094.5140724182,281.2578315734863,0.0,380224861.317688,53346253.205616,15726501.977897644,13061218.480251312,48657.60274505615,48657.60274505615,12.436061743540504,72965984.0,0.012881445894020974,0.009108521588292432,0.259054739808621,0.05511396615566885,0.029174677924605142,15828683.25,3456039.8125,5034.5150146484375,731.2703399658203,25716301.83002472,2099730.199848175,1.0545183929949231,1.0318679046592745,1.0,1.0,0.4710898716111587,0.47798443002065477,0.3251497672491126,0.23186608387577134,21.501063155729312,12.44453850179723,3
2067.0,87,19418152.0,564484.421875,5625.15673828125,5034.51416015625,17428113.0,618.767204284668,291904544.0,18998598.0,63395.5078125,72954568.0,1034128.6875,44776.25,19060194.0,1078905.0,18619.265625,7686101.0,25523896.0,6003813.0,19547.41796875,30683344.0,0.0,0.016630566737597618,0.016718590998528467,16.185997970451105,665174.7561250001,911950.3125,304883.48230000003,10.057671621737548,7.785060960621565,570672.0859375,32727552.7421875,570672.0859375,38200886.015625,0.0,0.0,0.0,0.0,4707271.2578125,441237.2666015625,189230.2484474182,154551.15937805176,365.6351661682129,0.0,384932132.5755005,53787490.47221756,15915732.226345062,13215769.639629364,49023.237911224365,49023.237911224365,14.467824534292975,72954568.0,0.012500249641667401,0.009117657390898402,0.260416839148441,0.055219409998343585,0.029718046112644853,15930836.25,3487315.6875,4303.2447509765625,1321.9117431640625,26170364.44277191,2133256.1311149597,1.0596471149154534,1.039641906287562,1.0,1.0,0.4695351125720494,0.4747339426171277,0.3268713868812988,0.2322243729418196,18.389932378646805,22.488146273589223,3
2068.0,88,19811407.5,531408.4765625,5681.4080810546875,4922.01123046875,17714995.5,1153.1570892333984,291486304.0,19306380.0,62917.3671875,72941840.0,1020206.375,44326.234375,19366908.0,1064532.625,18591.140625,7845771.0,25536462.0,6010113.5,19575.544921875,31159768.0,0.0,0.016991713871400284,0.015746008505886856,16.361309516292106,667143.5609,929078.875,319508.88920000003,10.668398300970406,6.930100566524174,574047.1796875,33301599.921875,574047.1796875,38774933.1953125,0.0,0.0,0.0,0.0,4645507.12890625,447228.0419921875,180483.1347808838,146732.19258880615,421.88673400878906,0.0,389577639.70440674,54234718.51420975,16096215.361125946,13362501.83221817,49445.124645233154,49445.124645233154,14.156329091243833,72941840.0,0.01273725580544719,0.00914623981106043,0.26468183418460517,0.056413583314782315,0.029342430379033266,16250261.5,3561145.8125,4415.747741699219,1265.6602172851562,26629883.457107544,2169847.7725372314,1.0611140418563638,1.0419141812889718,1.0,1.0,0.4690485167734077,0.475365987664219,0.3312008631535151,0.23858858934318095,18.857658663013392,21.5159682587018,3
2069.0,89,19926356.0,566847.0,6272.049560546875,4246.992858886719,17916291.0,928.1507720947266,291171584.0,19495722.0,63508.0078125,72917376.0,1057529.375,45085.6328125,19556952.0,1102615.0,18422.38671875,7864924.5,25536074.0,6009382.0,19322.41015625,31617036.0,0.0,0.01710877459800473,0.01683405349704756,18.082844648165832,668831.10785,941116.75,329352.91307500005,11.869321491486646,6.201955617359064,568703.3046875,33870303.2265625,568703.3046875,39343636.5,0.0,0.0,0.0,0.0,4685108.1953125,442390.3935546875,166363.99882888794,131544.26915359497,450.01250076293945,0.0,394262747.89971924,54677108.907764435,16262579.359954834,13494046.101371765,49895.137145996094,49895.137145996094,12.228541073820084,72917376.0,0.012906618444415773,0.009172451678047219,0.2673673007651839,0.056614500828213676,0.030449877898661475,16401690.25,3524666.75,5118.8922119140625,1153.1570587158203,27057760.967556,2209927.0108451843,1.0629433430476953,1.0513179648389939,1.0,1.0,0.46987020800601287,0.4721184518327164,0.3349664801272504,0.2385614599848847,21.88470616663987,19.642412731922494,3
2070.0,90,19915697.5,557931.125,6159.546630859375,4584.5018310546875,17881218.0,590.6414108276367,291074272.0,19530176.0,63620.51171875,72915688.0,1056348.0,45338.765625,19591774.0,1101686.75,18281.7578125,7867202.5,25538152.0,6020154.0,19125.53125,32078214.0,0.0,0.017105339955982093,0.01657672115832224,17.766974541247404,670799.9126250001,949245.125,344822.09345000004,11.49061414986918,5.869531182968869,557171.734375,34427474.9609375,557171.734375,39900808.234375,0.0,0.0,0.0,0.0,4686542.51171875,444640.4873046875,190552.15782165527,150276.04648590088,478.13829040527344,0.0,398949290.411438,55121749.39506912,16453131.51777649,13644322.147857666,50373.27543640137,50373.27543640137,13.206547354044124,72915688.0,0.01301839358630203,0.009199665134134099,0.2678460086668866,0.05665750946826535,0.030430154460512827,16377220.25,3538476.4375,4471.999206542969,1687.546875,27525211.45215988,2253718.8522644043,1.0621170460583205,1.053653734136982,1.0,1.0,0.4696131495400079,0.4697453060833168,0.3354880337128586,0.23818337687329585,19.104124623133995,28.77518425808007,3
1980.0,0,42638907.5,280723.41796875,0.0,0.0,9198143.0625,0.0,190467792.0,18743414.0,0.0,55611756.0,248435.015625,0.0,18743414.0,248435.015625,0.0,9845317.0,13754267.0,4303.2451171875,0.0,0.0,0.0,0.055966033748110024,0.010031368302980587,0.0,740270.5954000001,698728.75,-42751.1894,0.0,0.0,0.0,0.0,0.0,0.0,0.0,0.0,0.0,0.0,14112757.14453125,14112757.14453125,4275.118835449219,4275.118835449219,0.0,0.0,14112757.14453125,14112757.14453125,4275.118835449219,4275.118835449219,0.0,0.0,0.0,55611756.0,0.012564407245115584,0.013311404793619539,0.3370404991347513,0.08717917943807164,0.008799456962481557,33807920.0,8830988.875,0.0,0.0,0.0,0.0,0.9389967366846431,0.9787181072575053,1.0,1.0,0.5109096544944837,0.5002150175622705,0.4302578660988252,0.4418563294978149,0.0,0.0,4
1981.0,1,61572428.0,944154.28125,28.125782012939453,0.0,32195835.0,0.0,171190944.0,21201438.0,28.125782012939453,55137300.0,862814.625,28.125782012939453,21201466.0,862842.75,0.0,10603420.0,13762423.0,67670.625,0.0,0.0,0.0,0.08991776457521024,0.03513989246763407,0.10142276455842658,718332.48505,690994.1875,38532.322025,0.12017014342941224,0.0,0.0,0.0,0.0,0.0,0.0,0.0,0.0,0.0,3088492.0405273438,529777.2124023438,64520.5400390625,64520.5400390625,0.0,0.0,17201249.185058594,14642534.356933594,68795.65887451172,68795.65887451172,0.0,0.0,0.0,55137300.0,0.012532245639521704,0.013028067842458736,0.38452078719850263,0.09559086027825638,0.031113430294909067,48905869.0,12666558.0,28.125782012939453,0.0,0.0,0.0,0.9406423812995004,0.9764962548159057,1.0,1.0,0.5110923322584625,0.49790940531131567,0.4889894726333151,0.5044770588341612,0.16122011813035322,0.0,4
1982.0,2,57607336.0,1340362.1875,393.76094818115234,0.0,41121524.0,0.0,166734416.0,22395856.0,421.88677978515625,54764464.0,1489850.625,421.88677978515625,22396280.0,1490272.5,0.0,10931226.0,13766726.0,171286.0,0.0,0.0,0.0,0.08637589254518395,0.05178107822891876,1.4384170646666332,709894.7503000001,705057.0625,-4218.867375000001,1.4346632063934663,0.0,0.0,0.0,0.0,0.0,0.0,0.0,0.0,0.0,1686449.90234375,379051.1484375,108031.1201171875,108031.1201171875,0.0,0.0,18887699.087402344,15021585.505371094,176826.77899169922,176826.77899169922,0.0,0.0,0.0,54764464.0,0.01287435338543622,0.012962689643050283,0.40894869344471263,0.09982846042436347,0.05442371940934189,45607558.0,11999780.0,168.75468826293945,140.62891387939453,0.0,0.0,0.9379897478772711,0.9765631392819369,1.0,1.0,0.5117030299028447,0.4963250084709175,0.5185593922386077,0.5361496820225212,0.9782661901198378,3.250341460355508,4
1983.0,3,52787171.0,1533586.25,703.1445465087891,0.0,41813812.0,0.0,168410704.0,22961100.0,1125.03125,54503344.0,2049919.25,1125.03125,22962226.0,2051044.5,0.0,10929397.0,13877569.0,275267.03125,0.0,0.0,0.0,0.07836077183075014,0.0611779349323785,2.5930571295282903,711301.0394250001,681122.0,-23344.399475000002,2.375683622272962,0.0,0.0,0.0,0.0,0.0,0.0,0.0,0.0,0.0,1512604.47265625,413898.984375,107974.8671875,107974.8671875,0.0,0.0,20400303.560058594,15435484.489746094,284801.6461791992,284801.6461791992,0.0,0.0,0.0,54503344.0,0.012496884594824127,0.013050594463066341,0.42127873842016006,0.10075942131363165,0.0755938053562054,41996096.0,10791075.25,534.3898620605469,140.62891006469727,0.0,0.0,0.9461797071163096,0.973889577937924,1.0,1.0,0.5100268471457869,0.49808180356019344,0.5329887920068669,0.5475942212960554,3.1194231100913297,3.273665413241838,4
1984.0,4,48395637.0,1520507.75,1687.5469360351562,0.0,40068578.0,0.0,172140752.0,23029978.0,2812.578125,54380108.0,2373872.25,2812.578125,23032794.0,2376684.75,0.0,10742276.0,14066097.0,412745.8125,28.125782012939453,0.0,0.0,0.0702849796427054,0.06199093756636256,6.273650436145786,716926.195925,687675.375,62157.97932500001,5.718435854661135,0.0,0.0,0.0,0.0,0.0,0.0,0.0,0.0,0.0,1505573.041015625,447818.6640625,147547.84843826294,141641.43046951294,28.125782012939453,0.0,21905876.60107422,15883303.153808594,432349.49461746216,426443.07664871216,28.125782012939453,28.125782012939453,0.0,54380108.0,0.012645715506854087,0.013183611108771613,0.42350004159609245,0.09982868789034598,0.08824221307916623,38499076.0,9896562.75,1096.905517578125,393.7609519958496,0.0,0.0,0.9520201215695632,0.9852438849151858,1.0,1.0,0.5069418936897591,0.49415103921240344,0.5352295875815153,0.5470230186561763,6.443022488956837,9.238424257933858,4
1985.0,5,43914075.0,1492719.5,2559.446258544922,28.125782012939453,37427286.0,0.0,178236176.0,22600554.0,5343.8984375,54360664.0,2012371.375,5034.5146484375,22605900.0,2017406.0,309.38360595703125,10340190.0,14291835.0,1353862.5,450.01251220703125,0.0,0.0,0.06159534498765279,0.060176809650316056,9.54557880192993,734645.4389000001,698531.875,125440.98995000002,7.975550257427657,0.12205931453223956,0.0,0.0,0.0,0.0,0.0,0.0,0.0,0.0,9770755.62890625,443262.3046875,974333.2890701294,960889.1484451294,421.88672637939453,0.0,31676632.22998047,16326565.458496094,1406682.7836875916,1387332.2250938416,450.012508392334,450.012508392334,0.1048767742902005,54360664.0,0.012849951115387406,0.013514283764083531,0.41575198566375127,0.09639249961555574,0.07503827569553088,34838674.5,9075401.75,1771.9242858886719,675.0187683105469,0.0,0.0,0.9567047460178492,0.9986402923272373,1.0,1.0,0.5041152548624186,0.488118895865109,0.5237620411026607,0.5366728988383741,10.427063083008617,15.811943703649716,4
1986.0,6,39826021.0,1387894.71875,3065.7103881835938,56.251564025878906,34447248.0,28.125782012939453,183828704.0,21966598.0,8297.1044921875,54392136.0,2126590.25,7790.8408203125,21974872.0,2134381.0,506.26409912109375,9835220.0,14569238.0,1743207.75,759.3961791992188,0.0,0.0,0.0541618639165296,0.05627778603344786,11.44763223520635,741114.368875,697885.0,133316.20905,9.410451170909113,0.1518220796816533,0.0,0.0,0.0,0.0,0.0,0.0,0.0,0.0,4757925.7734375,469025.5078125,420649.16485214233,406192.50860214233,309.383602142334,0.0,36434558.00341797,16795590.966308594,1827331.948539734,1793524.733695984,759.396110534668,759.396110534668,0.20998719888627718,54392136.0,0.01283062316214241,0.013625395569591164,0.403856138321172,0.09178723889704425,0.0793856557607761,31569895.5,8256126.125,2221.9368286132812,590.6414260864258,0.0,0.0,0.9571951939034282,0.999400710557461,1.0,1.0,0.5030532201134645,0.48909552796052386,0.5076993185332955,0.5206820182308576,13.07873461384751,13.856264804270664,4
1987.0,7,36425109.0,1278963.625,4303.2445068359375,56.251564025878906,31732069.0,28.125782012939453,188468608.0,21362402.0,12459.72265625,54427496.0,2196735.75,11531.5712890625,21374834.0,2208267.5,928.1508178710938,9324821.0,14837530.0,2010290.0,1237.5341796875,0.0,0.0,0.04831720967557632,0.052048736094893036,16.082309081691843,760521.1588000001,682247.125,77627.1597,13.6655755203394,0.16477527626898392,0.0,0.0,0.0,0.0,0.0,0.0,0.0,0.0,3119092.876953125,451221.8984375,303927.1781311035,284886.02031707764,506.2640686035156,0.0,39553650.880371094,17246812.864746094,2131259.1266708374,2078410.7540130615,1265.6601791381836,1265.6601791381836,0.2101357085014207,54427496.0,0.012534971753982582,0.013973105777271108,0.3924928311969377,0.08708548381794573,0.0820621846184191,28950880.5,7474229.5,3009.458740234375,1068.7797088623047,0.0,0.0,0.9665519923513364,0.9965256925646158,1.0,1.0,0.49907170565076964,0.48848770175602707,0.4930778347238909,0.5052098386526901,17.726913613699836,25.013329948719072,4
1988.0,8,33713165.0,1151103.78125,5034.51513671875,140.62891006469727,29514378.5,28.125782012939453,193129888.0,20565964.0,17269.23046875,54491228.0,2055178.875,15328.5498046875,20583208.0,2070507.25,1940.6785888671875,8813973.0,15117972.0,2355618.5,2334.439697265625,0.0,0.0,0.0436405329971506,0.046638805109715874,18.840975835374863,769802.6670250001,687000.3125,79314.70665000001,15.73240666161811,0.2897607520366434,0.0,0.0,0.0,0.0,0.0,0.0,0.0,0.0,3720506.5126953125,437693.3984375,463315.969619751,365297.62504577637,1153.1571197509766,0.0,43274157.393066406,17684506.263183594,2594575.0962905884,2443708.379058838,2418.81729888916,2418.81729888916,0.5259824951335947,54491228.0,0.012607539556642034,0.014127093392444745,0.3774178845813495,0.08241540641336328,0.07686812847522166,26811746.5,6901420.0,3993.8610229492188,928.1508178710938,0.0,0.0,0.970327962352359,0.9982874666851607,1.0,1.0,0.4955826845364455,0.48849947700149793,0.4738880525100383,0.4828859920595494,23.52952921119928,21.688980861683152,4
1989.0,9,30429115.5,1074742.265625,6750.1881103515625,393.7609405517578,26529811.0,56.251564025878906,197941376.0,19610250.0,23569.40625,54562840.0,2004046.25,21094.3359375,19633736.0,2025140.625,2475.06884765625,8310071.5,15486815.0,2580202.75,2925.08154296875,0.0,0.0,0.03843197935029006,0.04294713559675125,24.99354701015998,767271.3466,696675.625,94221.371375,20.3329718996774,1.4152434239003928,0.0,0.0,0.0,0.0,0.0,0.0,0.0,0.0,3303822.87890625,584481.8444824219,314193.09295654297,252428.87812805176,675.0187377929688,0.0,46577980.271972656,18268988.107666016,2908768.1892471313,2696137.2571868896,3093.836036682129,3093.836036682129,1.4568189424774616,54562840.0,0.012768316770168122,0.014062159275433611,0.35940669510604656,0.0768630679669381,0.07414479797081766,24260763.0,6168349.5,5090.7666015625,1546.9180603027344,0.0,0.0,0.9650532753187373,0.988567307911159,1.0,1.0,0.4973095641754567,0.490515877844795,0.45286622511209135,0.45678700930026783,29.690725465820048,35.83365575095182,4
1990.0,10,28499292.0,1000377.765625,8268.980712890625,731.2703247070312,24889009.0,168.75469589233398,201785600.0,18892988.0,30769.6015625,54676804.0,1850732.75,27507.015625,18923670.0,1878239.625,3262.5908203125,7910797.5,15764781.0,2915911.75,3656.351318359375,0.0,0.0,0.035308877343080976,0.03967880064966556,30.58606883124251,784146.8161,653980.625,64408.041925000005,24.51116843968423,2.1249881880805552,0.0,0.0,0.0,0.0,0.0,0.0,0.0,0.0,6295393.62109375,448803.078125,414770.8765716553,362766.31562042236,900.0250091552734,0.0,52873373.893066406,18717791.185791016,3323539.0658187866,3058903.572807312,3993.8610458374023,3993.8610458374023,2.70214084421894,54676804.0,0.011960842206504974,0.014341489603159688,0.345539362542112,0.07307861509237018,0.0683870298922928,22777046.0,5722246.5,6525.1812744140625,1490.6664733886719,0.0,0.0,0.9767751329307593,0.9916791667950173,1.0,1.0,0.4936456350242012,0.48653602444163446,0.4362028287641958,0.4376583999181736,38.0512512039615,34.55718061334611,4
1991.0,11,26544408.5,935463.484375,8943.99853515625,703.1445770263672,23203544.0,196.88047409057617,157590080.0,18123100.0,38588.5703125,54822716.0,1762867.625,34032.1953125,18161462.0,1796899.75,4556.37646484375,7486210.5,16060523.0,3160240.75,5175.14404296875,0.0,0.0,0.042109897558272706,0.036897746319068246,33.025988989538746,779927.948725,689531.625,139503.8812,25.864329686751717,1.9787513634493725,0.0,0.0,0.0,0.0,0.0,0.0,0.0,0.0,4150718.21875,465003.53125,337340.61029052734,268094.94692993164,1575.0438842773438,0.0,57024092.111816406,19182794.717041016,3660879.676109314,3326998.5197372437,5568.904930114746,5568.904930114746,2.5931242751951253,54822716.0,0.012577480199995928,0.014226364646454218,0.33057647125691475,0.0690209197760857,0.0650127296960104,21227792.5,5316616.75,7115.8228759765625,1743.7984924316406,0.0,0.0,0.9819198365952377,0.99080239870192,1.0,1.0,0.4904281005559923,0.48791747590400114,0.41763165137294805,0.4176838797616108,41.47391529493704,40.27255548252392,4
1992.0,12,24840352.5,880927.59375,9253.3818359375,1350.037612915039,21728910.0,253.1320343017578,159989664.0,17443918.0,46070.03515625,54950040.0,1732604.25,40951.140625,17489594.0,1773555.5,5118.89208984375,7117313.0,16328168.0,3349049.25,5934.5400390625,0.0,0.0,0.038815558266314006,0.03464011633154335,34.11699091309721,769802.6670250001,676650.0625,106315.45785,26.148695134810698,3.68861384076306,0.0,0.0,0.0,0.0,0.0,0.0,0.0,0.0,3238430.5625,430211.9453125,262779.15312194824,210408.96406555176,871.8992156982422,0.0,60262522.674316406,19613006.662353516,3923658.829231262,3537407.4838027954,6440.804145812988,6440.804145812988,4.970051352508555,54950040.0,0.012313913920717802,0.014009137518826193,0.3174505059504961,0.06550449180726428,0.06378438655113595,19865182.5,4975169.25,7200.2001953125,1856.3016662597656,0.0,0.0,0.9892647459015746,0.9914115016798946,1.0,1.0,0.4881442590594459,0.48826324310166025,0.4022127473868455,0.3991559580792371,42.00274440118849,42.92124837213903,4
1993.0,13,23518553.0,787634.375,9675.268798828125,1968.8048706054688,20520008.5,337.50937271118164,162224528.0,16762149.0,53045.23046875,55070816.0,1600863.25,47166.9375,16814746.0,1648030.125,5878.2890625,6761944.0,16588249.0,3541513.75,6750.1884765625,0.0,0.0,0.03624383021783241,0.030845451675670352,35.71717778160473,749552.1036250001,706632.125,151035.452025,28.305636444259278,5.002245292317223,0.0,0.0,0.0,0.0,0.0,0.0,0.0,0.0,3745819.6015625,449534.34375,290398.6836242676,222953.05703735352,984.4023742675781,0.0,64008342.275878906,20062541.006103516,4214057.51285553,3760360.540840149,7425.206520080566,7425.206520080566,7.2553978124833245,55070816.0,0.01283133565698391,0.013610695429408565,0.3043744439886273,0.06229743033224908,0.05899467182119984,18757084.5,4761469.75,7425.206298828125,2165.6851806640625,0.0,0.0,0.9916001675207461,1.0012470035626209,1.0,1.0,0.48639110311075956,0.483326155386795,0.38535237088816005,0.3865645069007406,43.4433461688719,50.27520830827274,4
1994.0,14,22146943.5,731692.171875,9787.772216796875,2503.19482421875,19355882.0,225.00626373291016,164255808.0,16118435.0,59626.65625,55159016.0,1519382.75,53185.859375,16177583.0,1572568.75,6440.8046875,6446091.0,16855246.0,3708102.75,7453.33251953125,0.0,0.0,0.03370800669039356,0.0285347910271688,36.10617678635507,738020.5328,678787.625,94783.887025,27.64245110366011,6.445504259619265,0.0,0.0,0.0,0.0,0.0,0.0,0.0,0.0,3455167.7734375,440702.859375,260360.33755493164,198286.76095581055,900.0250549316406,0.0,67463510.0493164,20503243.865478516,4474417.850410461,3958647.3017959595,8325.231575012207,8325.231575012207,9.215970199789298,55159016.0,0.012306014034042956,0.013379871258036946,0.29221759503469025,0.059331161508444495,0.055938858656134106,17577741.0,4569201.875,7818.9674072265625,1631.2953491210938,0.0,0.0,0.9978871698728593,1.0005654533178676,1.0,1.0,0.48480228245085594,0.48376732885792745,0.37025980221939975,0.3720743443915082,45.73587165115752,37.93899752210848,4
1995.0,15,21056984.5,696759.90625,11840.954345703125,3853.2322998046875,18338120.5,393.76094818115234,166207392.0,15508668.0,66601.84375,55292788.0,1431152.125,59289.1484375,15574596.0,1490441.25,7312.703125,6168406.0,17105650.0,3897389.25,8381.482421875,0.0,0.0,0.03167275571594313,0.027020657241141603,43.60015302428338,721988.8367750001,667256.0,135566.27165,32.296245960880384,10.817234202292283,0.0,0.0,0.0,0.0,0.0,0.0,0.0,0.0,5223941.8671875,415389.6484375,268854.32972717285,215049.7070465088,1181.2828521728516,0.0,72687451.9165039,20918633.513916016,4743272.180137634,4173697.0088424683,9506.514427185059,9506.514427185059,14.157266839333593,55292788.0,0.012067685934013674,0.013057558913017735,0.28048265535100164,0.05665877562051789,0.05258235409874276,16783862.5,4273121.75,9000.250244140625,2700.0750732421875,0.0,0.0,1.0037136480030084,1.0024324885535598,1.0,1.0,0.483196856269546,0.4822527986248795,0.3557860165151768,0.35655390053312114,52.58988899446868,62.798047049319784,4
1996.0,16,19870105.0,623942.28125,12037.83447265625,4162.615417480469,17274883.5,590.6414031982422,167946752.0,14930571.0,73380.15625,55404724.0,1324836.75,65223.68359375,15003219.0,1390060.5,8156.47607421875,5926214.0,17342946.0,4050815.5,9084.626953125,0.0,0.0,0.029577983443228484,0.02407125918692592,44.28890868950699,721988.8367750001,676171.875,124878.47430000002,32.16187267434925,11.287003788033488,0.0,0.0,0.0,0.0,0.0,0.0,0.0,0.0,3960953.7890625,434402.671875,238084.73905944824,181186.28204345703,1012.5281219482422,0.0,76648405.7055664,21353036.185791016,4981356.9191970825,4354883.290885925,10519.0425491333,10519.0425491333,15.278192732518356,55404724.0,0.012204227838045001,0.013031178294020562,0.26948191276974864,0.054377975494641864,0.048625945891188516,15870872.0,3999232.9375,9478.388671875,2418.8171997070312,0.0,0.0,1.0058261187654305,1.0085705859673395,1.0,1.0,0.48260472556199985,0.48099523980991954,0.3418962673773307,0.34249624735527084,55.39456106663305,56.25363872433372,4
1997.0,17,18724514.0,617445.234375,12037.833740234375,4865.759765625,16278584.25,618.767204284668,169671280.0,14298527.0,79595.96875,55535128.0,1281607.5,70736.34375,14377309.0,1352343.75,8859.62109375,5653000.5,17553470.0,4175300.0,9619.017578125,0.0,0.0,0.027589398158604096,0.02373859312292897,44.22250557729695,717207.4537500001,659858.9375,124597.21647500001,32.36832666750843,11.987757890226078,0.0,0.0,0.0,0.0,0.0,0.0,0.0,0.0,3343367.84375,400257.99377441406,206471.35319519043,156435.5898513794,1040.6539764404297,0.0,79991773.5493164,21753294.17956543,5187828.272392273,4511318.880737305,11559.69652557373,11559.69652557373,17.82865489027581,55535128.0,0.01188182977628142,0.012914482771157025,0.25746815601109263,0.05178296908587248,0.04695944502585649,14925396.25,3799118.125,9759.646240234375,2137.5594482421875,0.0,0.0,1.0080887727508274,1.016119841213175,1.0,1.0,0.4827375723152773,0.48150140210131775,0.326859420574906,0.3258000693445097,56.890842517702794,49.75189680774585,4
1998.0,18,17939044.5,568000.125,11615.9482421875,5147.0172119140625,15554147.5,393.7609558105469,171060368.0,13798873.0,84236.71875,55670820.0,1215680.75,74702.078125,13882351.0,1290382.75,9534.640625,5440932.0,17737778.0,4288534.5,10434.666015625,0.0,0.0,0.026217417730563984,0.02174079003353411,42.600772125817166,707363.429875,652349.375,142035.20162500002,29.58806367098167,12.872825476038413,0.0,0.0,0.0,0.0,0.0,0.0,0.0,0.0,3693786.890625,383129.390625,190636.54609680176,145747.79062652588,956.2765655517578,0.0,83685560.4399414,22136423.57019043,5378464.818489075,4657066.671363831,12515.973091125488,12515.973091125488,18.824794061443097,55670820.0,0.011717976760536309,0.012706179464843521,0.2478654526734113,0.04974940833946926,0.04446252814200379,14312872.0,3626172.75,9000.25048828125,2475.06884765625,0.0,0.0,1.0099560251970268,1.017298130432936,1.0,1.0,0.48227548379946383,0.48139803896034644,0.3138927825669786,0.3170610118047455,52.37847654485153,57.65728210221019,4
1999.0,19,17094315.5,537849.265625,11559.69677734375,5372.0230712890625,14722553.25,365.6351623535156,172615776.0,13370996.0,88539.9609375,55867024.0,1152960.125,78442.8125,13458748.0,1231403.0,10097.1552734375,5263205.0,17932548.0,4379324.5,10969.0546875,0.0,0.0,0.024757753746679562,0.02046739893704948,42.261386801764985,691612.991675,653783.8125,209537.079625,30.919325523956655,13.468197481863587,0.0,0.0,0.0,0.0,0.0,0.0,0.0,0.0,3474715.1484375,398204.8125,172636.0429840088,127831.66444778442,843.7734527587891,0.0,87160275.5883789,22534628.38269043,5551100.8614730835,4784898.335811615,13359.746543884277,13359.746543884277,19.583552625245844,55867024.0,0.011702499358118665,0.012379628305867878,0.2393361063943553,0.0479671488409226,0.042030823366008906,13672814.0,3421501.25,9112.753295898438,2390.6914672851562,0.0,0.0,1.0109187690935657,1.0040034574768661,1.0,1.0,0.48170055287097896,0.48587669334610506,0.3032799464714022,0.30428497006021393,52.86257456177174,55.26370675342747,4
2000.0,20,16563328.0,517064.328125,12403.468994140625,6890.81591796875,14223602.25,843.7734527587891,174050688.0,12959348.0,92477.578125,56081036.0,1108240.125,81564.765625,13050757.0,1189804.875,10912.8037109375,5104379.0,18123352.0,4493712.0,11840.955078125,0.0,0.0,0.023790954506310254,0.019575063131070842,45.2003094196515,672768.7174000001,634461.375,220506.13480000003,31.12191573635922,17.272745428870387,0.0,0.0,0.0,0.0,0.0,0.0,0.0,0.0,4734497.1953125,400567.375,188077.09538269043,146985.32734680176,1181.2828826904297,0.0,91894772.7836914,22935195.75769043,5739177.956855774,4931883.663158417,14541.029426574707,14541.029426574707,25.036863844541116,56081036.0,0.011313296262929236,0.011996367495778789,0.2310825356364672,0.04636520680398856,0.040266432084375504,13283862.75,3279466.125,9759.646484375,2531.3204040527344,0.0,0.0,1.0125581289518089,1.0178170418301054,1.0,1.0,0.4815666259481284,0.4790892176898314,0.2928600388042843,0.2912348749574313,56.351388004239325,58.145171149883694,4
2001.0,21,16024184.75,494985.6015625,10828.4267578125,7481.4571533203125,13632257.25,421.88672637939453,175361776.0,12602628.0,94080.75,56296960.0,1043607.0625,82492.921875,12695809.0,1126100.0,11587.822265625,5012464.0,18305496.0,4598284.0,12431.5966796875,0.0,0.0,0.022844466330564535,0.018631381795291672,39.3354472230377,663205.9513500001,638202.125,237100.34647500003,26.264276653011773,17.802533741986775,0.0,0.0,0.0,0.0,0.0,0.0,0.0,0.0,3908667.8046875,395814.109375,184561.37581634521,141894.55782699585,871.8992538452148,0.0,95803440.5883789,23331009.86706543,5923739.332672119,5073778.220985413,15412.928680419922,15412.928680419922,27.096016072632125,56296960.0,0.0113363514655143,0.011780493144745295,0.22385983186303487,0.04538481017939574,0.037796906617934244,12804824.0,3219361.375,8522.112060546875,2278.1883239746094,0.0,0.0,1.014142156204953,1.0282649455063657,1.0,1.0,0.4810803768430657,0.4788240575310478,0.2814048218400923,0.28723100273858043,48.89525955631906,52.090703055881825,4
2002.0,22,15545231.25,483904.0625,11559.6962890625,6693.93505859375,13143234.5,562.5156402587891,176704736.0,12253136.0,96527.6953125,56539460.0,1023440.875,84433.6015625,12348738.0,1107874.5,12094.0869140625,4871947.5,18482264.0,4674111.0,12853.4833984375,0.0,0.0,0.02199322949951947,0.01813232545454216,41.84296964011646,664893.4983000001,621270.375,242444.24515000003,28.237816820272947,15.40719210873225,0.0,0.0,0.0,0.0,0.0,0.0,0.0,0.0,3416382.35546875,402592.4296875,148504.12344360352,115484.45314025879,646.8929748535156,0.0,99219822.94384766,23733602.29675293,6072243.456115723,5189262.674125671,16059.821655273438,16059.821655273438,24.15640343459376,56539460.0,0.010988261561040732,0.011759813381663002,0.2167183061175328,0.04395349233746686,0.036932910838766535,12363559.5,3181672.625,8775.243896484375,2700.0750732421875,0.0,0.0,1.016374256651563,1.0263356427651802,1.0,1.0,0.48177212829245836,0.4810930786170253,0.27207590818094574,0.27648995283731104,50.048605681194665,61.38814090430952,4
2003.0,23,15123711.0,483791.546875,11728.450439453125,8353.356079101562,12706496.5,731.2703094482422,177973152.0,11998739.0,98327.7421875,56807748.0,996777.6875,85446.1328125,12095970.0,1082223.75,12881.609375,4809452.0,18568246.0,4747322.0,13584.75390625,0.0,0.0,0.021244371454409033,0.01803124779833553,42.27677991492476,688800.413425,620651.625,248631.91730000003,27.578420661695784,19.810671750045955,0.0,0.0,0.0,0.0,0.0,0.0,0.0,0.0,3627635.11328125,314530.6015625,150979.18209838867,111096.83554840088,1068.7797546386719,0.0,102847458.0571289,24048132.89831543,6223222.638214111,5300359.509674072,17128.60140991211,17128.60140991211,30.01834041014942,56807748.0,0.010925474901768682,0.012125113873991273,0.21121659320133584,0.0432077137485685,0.035819868868602965,12049731.0,3073979.25,9619.01708984375,2053.18212890625,0.0,0.0,1.0158323130788343,1.0280053590534726,1.0,1.0,0.4811756068943999,0.4793347679041102,0.26495884346647175,0.26811773988021254,54.528060617647846,46.411089961530756,4
2004.0,24,14970679.25,466803.5703125,10322.162841796875,8690.865478515625,12474122.0,506.26407623291016,179166832.0,11849701.0,97933.9765625,57096544.0,964939.25,84602.359375,11946566.0,1049541.625,13331.6220703125,4718212.0,18606918.0,4818284.0,14006.640625,0.0,0.0,0.020889300607268648,0.017295476338942097,37.03647893811081,706800.9142250001,625770.5,256225.878575,24.711991274640493,19.07795211639063,0.0,0.0,0.0,0.0,0.0,0.0,0.0,0.0,3511672.453125,292930.0087890625,158741.90547180176,121025.23164367676,675.0187530517578,0.0,106359130.5102539,24341062.907104492,6381964.543685913,5421384.741317749,17803.620162963867,17803.620162963867,31.088922844675906,57096544.0,0.010959866502603029,0.01237904897054715,0.20753797287625675,0.042194914072550244,0.03451776116798573,11890680.0,3079997.875,8240.854125976562,2053.18212890625,0.0,0.0,1.0186553566383059,1.0199765240658647,1.0,1.0,0.4796546478048123,0.47897135058775525,0.2601827379650045,0.262060934092855,46.4333495287898,46.16455030734047,4
2005.0,25,14825437.0,447762.4140625,9984.65283203125,8522.111206054688,12276960.25,731.2703247070312,180808928.0,11634960.0,97230.84375,57497584.0,921203.625,83421.0703125,11731291.0,1004624.8125,13809.759765625,4658248.0,18823206.0,4897261.0,14428.52734375,0.0,0.0,0.02049876237306158,0.016448503335833434,35.58340352690593,713551.102025,603016.75,343134.54650000005,23.355737073134996,18.687314822574564,0.0,0.0,0.0,0.0,0.0,0.0,0.0,0.0,4454308.08203125,468884.888671875,162651.38789367676,127522.29181671143,675.0187530517578,0.0,110813438.59228516,24809947.795776367,6544615.93157959,5548907.03313446,18478.638916015625,18478.638916015625,30.28115843659548,57497584.0,0.010487688491398178,0.012410105823315986,0.2023556328905924,0.04137975388796189,0.03273263191070835,11813812.75,3011624.25,7678.33837890625,2250.0625,0.0,0.0,1.0164995382444901,1.0253504866740177,1.0,1.0,0.4809686166024579,0.4808007794712529,0.2540997807634127,0.25082561703114403,42.82829981236715,50.307820930867166,4
2006.0,26,14637669.0,446665.5,10322.161865234375,8325.230224609375,11996490.75,618.767204284668,182379792.0,11549262.0,97174.5859375,57940768.0,899799.875,82802.3046875,11645620.0,982602.3125,14372.275390625,4639994.5,19043178.0,4950728.5,14962.916015625,0.0,0.0,0.020064817542943574,0.01627306505218009,36.519047085422265,738020.5328,588588.25,342853.288675,23.616294239981897,17.637109493538873,0.0,0.0,0.0,0.0,0.0,0.0,0.0,0.0,3945259.5390625,471556.84375,138603.84533691406,111631.22930526733,759.3961181640625,0.0,114758698.13134766,25281504.639526367,6683219.776916504,5660538.262439728,19238.035034179688,19238.035034179688,29.368017129879647,57940768.0,0.010158447502801482,0.012737500006903603,0.1993287696842403,0.04092002091297755,0.03174127012650087,11747099.0,2890570.8125,8268.979736328125,2025.0562438964844,0.0,0.0,1.0144409954241067,1.0230184606264245,1.0,1.0,0.4807390144327471,0.48064542474753164,0.249318749522342,0.2484722463241969,45.68636797385489,44.85813596636184,4
2007.0,27,14749694.25,433615.140625,10040.90380859375,7818.966552734375,11967520.5,646.8929901123047,183914528.0,11463083.0,97118.3359375,58406872.0,893134.25,82380.421875,11559050.0,975514.625,14737.91015625,4598537.0,19257216.0,5002732.5,15300.423828125,0.0,0.0,0.02004965895081437,0.015670613210684227,35.254316833631734,761364.932275,580375.5,331040.46002500004,22.48993761047007,16.45294914220589,0.0,0.0,0.0,0.0,0.0,0.0,0.0,0.0,3649966.8125,461994.0625,136185.02774047852,104459.1503944397,506.2640686035156,0.0,118408664.94384766,25743498.702026367,6819404.804656982,5764997.4128341675,19744.299102783203,19744.299102783203,27.373762627236985,58406872.0,0.009936767372168124,0.01303553685044116,0.19626257334924563,0.04024804922158965,0.03126812832471506,11700269.0,3049425.5,8212.728637695312,1828.1758117675781,0.0,0.0,1.0158786724212314,1.0298999935367097,1.0,1.0,0.48048656889768676,0.4783518524129312,0.24417310938324932,0.24826091277469972,44.96174678769136,40.18075219824407,4
2008.0,28,14779057.5,425374.296875,9337.760009765625,8072.0985107421875,11878052.0,506.2640838623047,185495920.0,11385823.0,95880.796875,58908184.0,865795.875,80495.984375,11480718.0,946291.875,15384.80078125,4627169.0,19449146.0,5053161.5,15975.443359375,281539.0625,0.0,0.019918305346015158,0.015230735052019223,32.519910702322015,781334.23785,607488.75,378010.51680000004,21.44312937104518,16.62451411949202,281539.0703125,281539.0703125,726488.9296875,726488.9296875,0.0,0.0,0.0,0.0,3782664.453125,470375.572265625,144735.265625,115118.81717681885,843.7734375,0.0,122191329.39697266,26213874.274291992,6964140.070281982,5880116.230010986,20588.072540283203,20588.072540283203,28.03349875653984,58908184.0,0.010312467788855958,0.013263594033895189,0.19328083513828911,0.04017410597602859,0.030068126092527337,11711856.5,3067200.625,7509.5838623046875,1687.5469665527344,38251.0625,3093.8359375,1.01389121644689,1.031010717908118,1.0,1.0,0.4809887529763863,0.47840192625809713,0.24038267505616268,0.24305024241341994,40.73730076499745,36.64368488812505,4
2009.0,29,14965812.0,437637.1171875,8831.495849609375,8690.865600585938,11957423.5,871.8992462158203,187017072.0,11414651.0,93996.375,59377628.0,865345.875,78049.046875,11507354.0,943394.9375,15947.31640625,4674336.0,19664954.0,5102438.5,16509.83203125,565609.5,0.0,0.020005943628504674,0.015551616798996333,30.52898060783944,780490.4643750001,562121.875,311914.927925,18.972888631988205,17.98025310547704,284070.390625,565609.4609375,747020.75,1473509.6796875,0.0,0.0,0.0,0.0,3727537.8359375,467394.2333984375,136156.90351867676,103305.99375152588,815.6476593017578,0.0,125918867.23291016,26681268.50769043,7100296.973800659,5983422.223762512,21403.72019958496,21403.72019958496,29.96200754755689,59377628.0,0.009466896774657283,0.013144520767569228,0.19223824501713002,0.04028726738748973,0.02983304636105429,11845172.75,3120639.875,7340.8291015625,1462.5407104492188,99565.265625,7875.21875,1.0200781572110333,1.032187452604502,1.0,1.0,0.4791787408459293,0.4769509595787815,0.23847785508825495,0.24355368314890152,39.51952835546916,31.543064159380144,4
2010.0,30,15148405.0,448296.796875,9084.6279296875,8381.482055664062,12115152.5,478.1383056640625,188425392.0,11451581.0,92843.21875,59849884.0,846192.25,76305.2421875,11543017.0,922497.5,16537.958984375,4721109.0,19893814.0,5168590.5,17128.6015625,862899.0,0.0,0.020098677836371436,0.015800257966695104,31.172976493942613,794553.3556250001,561700.0,296164.48972500005,19.452877406216473,16.255425343454213,297852.0234375,863461.484375,791740.7421875,2265250.421875,0.0,0.0,0.0,0.0,4401459.609375,486266.630859375,151794.8422088623,122740.9091835022,787.5218963623047,0.0,130320326.84228516,27167535.138549805,7252091.8160095215,6106163.132946014,22191.242095947266,22191.242095947266,28.68509572304893,59849884.0,0.009385147680486733,0.013275771021126792,0.19133839925236948,0.04039424730750023,0.02896039808967771,11968166.75,3180238.25,7172.0745849609375,1884.4273986816406,194349.1484375,14906.6640625,1.0208642487757487,1.0373284670164582,1.0,1.0,0.4769560139744182,0.4742062160067167,0.2368223295391628,0.24421808186192168,38.325925576556685,40.27386339994899,4
2011.0,31,15174111.75,436877.7421875,8550.23828125,7622.0853271484375,12144910.0,731.2703399658203,190129824.0,11429333.0,91521.296875,60364556.0,836995.125,74308.3125,11519222.0,911303.4375,17212.9765625,4732022.0,20095872.0,5226585.5,17747.3671875,1143903.625,0.0,0.01995230341926788,0.015269043810901887,29.107513526483523,797084.6760500001,559618.625,329071.65525,18.46508632243266,14.577839479376134,281257.8125,1144719.296875,757708.546875,3022958.96875,0.0,0.0,0.0,0.0,4041674.61328125,472709.9912109375,142878.96446228027,117509.50938034058,759.3961029052734,0.0,134362001.4555664,27640245.129760742,7394970.780471802,6223672.642326355,22950.63819885254,22950.63819885254,25.882335395685395,60364556.0,0.009270649236614944,0.013204514848912333,0.18933847537949255,0.040171349193483266,0.028421865696835878,12020930.25,3153181.4375,6637.684814453125,1912.5531616210938,326568.44609451294,24469.4296875,1.0189893628966769,1.0331822647100994,1.0,1.0,0.4785740199035922,0.4756076437467546,0.2345973559738691,0.23961376375573162,35.16389434279453,40.57908818752945,4
2012.0,32,15139517.75,431140.0859375,8353.357666015625,8072.0982666015625,12099571.0,787.521858215332,191630128.0,11436196.0,89833.7578125,60840428.0,818094.5625,72227.0078125,11524398.0,890321.625,17606.73828125,4729631.0,20266790.0,5279518.0,18113.00390625,1414923.625,0.0,0.01975096231997507,0.014945819918631156,28.227731124618646,799897.2543,599022.875,331884.23350000003,17.788957633779237,16.192484931242127,271723.171875,1416442.46875,748230.15625,3771189.125,0.0,0.0,0.0,0.0,3888079.79296875,446862.408203125,136438.15702819824,115653.20938873291,590.6414031982422,0.0,138250081.24853516,28087107.537963867,7531408.9375,6339325.851715088,23541.27960205078,23541.27960205078,27.21088355549406,60840428.0,0.009845803106447575,0.013147462642767734,0.1879703410370486,0.0398587313208087,0.027577805847180926,11892395.75,3247121.5,6300.1751708984375,1968.8047485351562,467366.10704421997,34594.7109375,1.0200454695629453,1.048851808377032,1.0,1.0,0.47796777668888485,0.47322220490630945,0.2327895093618809,0.23863968011668216,33.180123014193875,41.408358635528714,4
2013.0,33,15251036.5,438649.65625,8297.1064453125,7481.4566650390625,12204565.25,731.2703094482422,192977600.0,11453353.0,88089.953125,61254856.0,819782.125,69892.5625,11539868.0,889674.75,18197.37890625,4731234.5,20411132.0,5326235.5,18703.64453125,1681528.0,0.0,0.01975752172791039,0.015107234000832775,27.856075954230164,769802.6670250001,572894.0,276757.6998,17.664964358362347,14.010954241054101,267476.1796875,1683918.6484375,725926.4140625,4497115.5390625,0.0,0.0,0.0,0.0,3949759.59765625,413645.8671875,140319.51333236694,113206.26680374146,759.3961448669434,0.0,142199840.8461914,28500753.405151367,7671728.450832367,6452532.118518829,24300.675746917725,24300.675746917725,25.058874091680682,61254856.0,0.009352629936800439,0.012567210459608298,0.18697869439118428,0.03961775592036286,0.027458311893968815,11991399.5,3259637.125,6440.8040771484375,1743.7984924316406,643630.3781509399,49838.88437652588,1.021659763969746,1.045431277589905,1.0,1.0,0.47800993258190877,0.47645536486375306,0.2319877126702969,0.23618007575697925,33.719265165735024,36.45386346060542,4
2014.0,34,15141514.5,422196.0625,7622.0872802734375,6497.054931640625,12182008.0,787.5219039916992,194333856.0,11477653.0,86993.046875,61687432.0,815113.1875,68598.78125,11562903.0,883712.0,18394.26171875,4753229.0,20589336.0,5375764.5,18928.65234375,1938710.125,0.0,0.01947873984963279,0.014439775611848712,25.419732525802296,763333.7370500001,585185.0,308821.09185,15.746281849740017,11.745121388298095,258475.9296875,1942394.578125,480950.859375,4978066.3984375,0.0,0.0,0.0,0.0,3949534.609375,445877.9990234375,141388.2988357544,114162.54375076294,562.5156326293945,0.0,146149375.4555664,28946631.404174805,7813116.749668121,6566694.662269592,24863.19137954712,24863.19137954712,21.618281317047053,61687432.0,0.00948629211862799,0.012374218091134027,0.1860614492754375,0.03953970020552001,0.02712205203436722,11910845.75,3230667.875,6243.9234619140625,1378.163330078125,856373.7875366211,65589.32187652588,1.0249918646949943,1.0506300124745724,1.0,1.0,0.4763318737360421,0.47144868836362536,0.23056705458877738,0.23626584937673414,32.47498923614276,28.65664757677134,4
2015.0,35,15246226.75,471894.3515625,6468.93017578125,7931.4691162109375,12295438.75,871.8992309570312,195925216.0,11534805.0,83196.0625,62193864.0,838992.0,64520.5390625,11616229.0,903512.5625,18675.51953125,4796120.5,20783096.0,5422144.0,19266.16015625,2207255.0,0.0,0.019454140540541755,0.01602504866873006,21.404870460149382,761927.4479250001,603973.0,406980.072775,12.943075603278254,14.720825406280978,270851.2734375,2213245.8515625,503451.484375,5481517.8828125,0.0,0.0,0.0,0.0,4317307.28125,484550.9736328125,136916.3031387329,118043.90898132324,506.26407623291016,0.0,150466682.7368164,29431182.377807617,7950033.052806854,6684738.5712509155,25369.45545578003,25369.45545578003,26.188317023898527,62193864.0,0.009711134847643492,0.012250845966492773,0.18546532178801434,0.03958986736836155,0.02770204126699185,12008836.5,3237390.0625,5034.5150146484375,1406.2890930175781,1088552.1117744446,82267.9101600647,1.0276584416382808,1.0428251043055972,1.0,1.0,0.4746833568846714,0.4737230639936597,0.22956034227342062,0.23645733639626645,25.971991734759634,29.018142745888827,4
2016.0,36,14827574.0,456565.7734375,8381.4833984375,7340.8280029296875,12088349.5,646.8929901123047,197851536.0,11368836.0,82380.421875,62715748.0,833563.75,63395.5078125,11449527.0,896959.25,18984.90234375,4737534.5,20985712.0,5471055.0,19434.916015625,2489441.0,0.0,0.01873573273648985,0.015381568292111208,27.52284587278477,758833.6118500001,618176.5625,437355.91787500004,17.04977531797565,12.65498184194431,285195.4296875,2498441.28125,529327.2109375,6010845.09375,0.0,0.0,0.0,0.0,4174062.71875,499767.005859375,150501.0507965088,126312.87852478027,421.88673400878906,0.0,154640745.4555664,29930949.383666992,8100534.103603363,6811051.449775696,25791.34218978882,25791.34218978882,24.055497319260493,62715748.0,0.009856799643049781,0.012099570459559856,0.1812756183662196,0.03881161240229703,0.027315434370012694,11675686.75,3151887.5625,6693.93603515625,1659.421142578125,1314655.2672653198,101505.94453811646,1.0232185405572585,1.0384734480748845,1.0,1.0,0.4759472355305163,0.4746444022075237,0.22404787367074108,0.23296074279036788,34.28579707424072,34.036957028398014,4
2017.0,37,14488461.75,417527.2109375,7509.583984375,6581.43212890625,11859602.5,815.6476745605469,199694672.0,11310727.0,81199.1328125,63220232.0,798997.1875,61904.8359375,11390014.0,860902.0,19294.28515625,4702490.0,21171628.0,5512062.5,19688.046875,2768645.5,0.0,0.01813826779264296,0.013941977357487994,24.473477230219313,741114.368875,609682.5,425543.08922500006,16.79726462100145,11.016087509923143,282664.1015625,2781105.3828125,529608.4609375,6540453.5546875,0.0,0.0,0.0,0.0,4137049.15625,489022.94140625,146422.81522750854,120772.10429763794,450.0124931335449,0.0,158777794.6118164,30419972.325073242,8246956.918830872,6931823.554073334,26241.354682922363,26241.354682922363,21.40547745490737,63220232.0,0.009643787767181873,0.011722740417577083,0.1789099255440885,0.03823599548904548,0.025986618031732148,11396117.0,3092345.3125,6328.3009033203125,1181.2828369140625,1559771.4508857727,124062.82110214233,1.0263520042499006,1.04648634931096,1.0,1.0,0.4755028481725208,0.47053633399906325,0.22195069035765017,0.2267229434513196,32.19031545673198,24.009741569587238,4
2018.0,38,14392890.25,421042.90625,5934.5404052734375,6300.174072265625,11762596.0,843.7734375,201160016.0,11327293.0,78667.8125,63646788.0,786678.125,58839.140625,11403908.0,845517.1875,19828.67578125,4686908.0,21335148.0,5545278.5,20194.3125,3063038.25,0.0,0.017887364666445443,0.013956168043861556,19.207629687462866,718895.0007000001,618879.6875,374635.4229,12.623929179019129,10.836040511715634,299848.9453125,3080954.328125,566790.734375,7107244.2890625,0.0,0.0,0.0,0.0,4109204.7265625,463287.86328125,143947.74297332764,121053.35606002808,731.2703170776367,0.0,162886999.3383789,30883260.188354492,8390904.6618042,7052876.910133362,26972.625,26972.625,20.352274808674924,63646788.0,0.00972365938560796,0.011295071177825975,0.17797116486066822,0.0378518269990728,0.025413090499284363,11328136.0,3064753.9375,4809.508544921875,1068.7796783447266,1804268.8673324585,142457.0820426941,1.0298287727277065,1.0556653974986776,1.0,1.0,0.4728525583570996,0.47041289119870994,0.2209920925136768,0.22531795255288745,24.307968907687272,21.549646211757132,4
2019.0,39,14022530.5,421577.2890625,6553.3072509765625,6018.9163818359375,11601323.75,703.1445465087891,202602560.0,11251382.0,77570.90625,64028284.0,778521.625,57629.734375,11327208.0,836151.375,19941.1796875,4675320.5,21497914.0,5590308.0,20391.19140625,3666954.75,0.0,0.017303002612602723,0.013886956581121499,21.086182537245435,701457.01555,604226.125,334978.06957500003,13.711052800178841,9.806599562886477,608641.890625,3689596.21875,776834.0625,7884078.3515625,0.0,0.0,0.0,0.0,4117192.421875,450434.3864746094,146141.55702972412,122262.76680374146,365.6351547241211,0.0,167004191.7602539,31333694.5748291,8537046.218833923,7175139.676937103,27338.26015472412,27338.26015472412,19.33085963569844,64028284.0,0.009436862699615689,0.010955424255161985,0.17572518420140698,0.037539134373983304,0.025003657305570248,10999149.5,3023380.75,5259.5211181640625,1293.7859802246094,2125127.7798690796,170414.10860824585,1.0311297787008997,1.0404450047229103,1.0,1.0,0.473386091900086,0.4736273975255305,0.21849615129102373,0.22041161000014345,26.39025123029097,25.961419907828947,4
2020.0,40,13598646.5,415642.78125,6918.94287109375,6693.9346923828125,11324622.0,534.3898620605469,204070464.0,11118064.0,76052.109375,64367968.0,759817.9375,55998.4375,11192486.0,815816.375,20053.68359375,4609168.5,21626814.0,5614074.0,20503.6953125,4306563.0,0.0,0.01665925366347969,0.013612998839974431,22.15011121246811,674737.522175,722129.375,443824.84785,14.452681376141278,12.00599165717996,645767.9140625,4335364.1328125,1055279.2890625,8939357.640625,0.0,0.0,0.0,0.0,4238526.98828125,453612.599609375,152835.4873008728,124203.44473266602,421.88671493530273,0.0,171242718.74853516,31787307.174438477,8689881.706134796,7299343.121669769,27760.146869659424,27760.146869659424,21.39142748357667,64367968.0,0.011218769171026184,0.010482504623650695,0.17272665807937265,0.0368231459740455,0.0242810709361228,10572987.5,3025658.9375,5597.030517578125,1265.6601867675781,2473718.7127304077,207174.50470733643,1.0301354020311633,1.0462035185018597,1.0,1.0,0.47354970944784086,0.47119985213975574,0.2139084065230364,0.21872199693525327,27.890875418130033,25.225347013915815,4
2021.0,41,13339017.25,397332.8828125,6862.6912841796875,5906.4130859375,11059310.5,731.2703018188477,204732192.0,11079025.0,75264.59375,64564452.0,738386.0625,54817.15625,11152519.0,793203.25,20447.443359375,4635016.5,21713808.0,5611881.0,20981.833984375,4935878.0,0.0,0.0162883730200085,0.01296057387732933,21.8971189823056,681487.709975,655696.3125,187036.45362500002,14.259615886280862,9.743644589551488,657018.2578125,4992382.390625,1063998.3125,10003355.953125,0.0,0.0,0.0,0.0,4274977.939453125,489247.94140625,147294.71212768555,117678.25430679321,815.6476745605469,0.0,175517696.68798828,32276555.115844727,8837176.418262482,7417021.3759765625,28575.79454421997,28575.79454421997,18.812970823898574,64564452.0,0.010155686173871654,0.010555153631211801,0.17159636079618548,0.03690836930725268,0.023518902671503465,10354704.0,2984314.375,5625.1563720703125,1237.534423828125,2829762.9776268005,235469.04064941406,1.0244497688661258,1.0331327747159427,1.0,1.0,0.47383510541822105,0.47539503616053325,0.21119777201629578,0.22142034682608994,27.927071828364348,24.514720920750932,4
2022.0,42,13201650.25,379051.1328125,6103.295166015625,5990.7906494140625,10919638.5,506.26407623291016,206356512.0,11075286.0,73661.421875,65055948.0,728345.1875,53017.10546875,11147007.0,781362.3125,20644.32421875,4631050.5,21949502.0,5626816.0,21150.58984375,5578271.0,0.0,0.015993740786333897,0.012262183662137962,19.321848231687284,673331.23305,678225.0625,543390.1179000001,12.737778133278761,9.904629218988456,650549.3203125,5642931.7109375,1121937.4140625,11125293.3671875,0.0,0.0,0.0,0.0,4333310.8359375,554556.025390625,138041.33165359497,114584.42656707764,337.5093879699707,0.0,179851007.52392578,32831111.14123535,8975217.749916077,7531605.80254364,28913.30393218994,28913.30393218994,18.93390174764365,65055948.0,0.010425258309970365,0.010350033375118906,0.1702424811333162,0.03659110303076274,0.02301935925576515,10208562.0,2993089.3125,5062.6407470703125,1040.6539459228516,3249540.2628326416,269079.34924697876,1.0253926403431683,1.0218162828839499,1.0,1.0,0.4740205101346038,0.47899931684358765,0.20899152962016165,0.21907618967559456,24.84677877936753,20.431604586653354,4
2023.0,43,13159377.75,402451.78125,6300.1756591796875,5343.8978271484375,10924982.0,478.1383056640625,208074016.0,11115646.0,73127.03125,65585216.0,739567.375,52482.71484375,11186861.0,792050.125,20644.32421875,4631697.5,22184632.0,5650272.0,21234.966796875,6225923.0,0.0,0.01581093353578565,0.012912289833470819,19.77754027429301,673331.23305,669562.375,572640.9317000001,12.853177229104226,8.845185856510268,653361.9140625,6296293.625,653361.9140625,11778655.28125,0.0,0.0,0.0,0.0,4275653.04296875,533855.484375,132500.55352783203,109521.78829193115,450.01251220703125,0.0,184126660.56689453,33364966.62561035,9107718.303443909,7641127.590835571,29363.316444396973,29363.316444396973,16.74799553671312,65585216.0,0.010209044291323216,0.010266509346405142,0.16948401908137345,0.03628982606259821,0.023178345650010472,10198942.75,2960435.4375,4697.005554199219,1603.1695861816406,3722812.783969879,305361.60705947876,1.023735685312297,1.027222922682296,1.0,1.0,0.4764962445974974,0.47779531723396956,0.2077831630481018,0.21657093595232715,22.773949180054025,31.21782477684681,4
2024.0,44,13022292.25,364397.59375,6159.546630859375,5090.765930175781,10763541.0,646.8930053710938,209655104.0,11132268.0,72677.015625,66072496.0,702919.5,51638.9375,11203145.0,754558.375,21038.0859375,4676670.5,22417938.0,5673504.5,21572.4765625,6893010.5,0.0,0.015528231845478944,0.011587026360674938,19.188595437116142,669393.6235000001,683512.75,554359.173075,12.614704206486527,8.421438237043244,677550.0546875,6973843.6796875,677550.0546875,12456205.3359375,0.0,0.0,0.0,0.0,4252280.6484375,526542.7451171875,138266.3418121338,113206.2626876831,703.1445465087891,0.0,188378941.21533203,33891509.37072754,9245984.645256042,7754333.853523254,30066.46099090576,30066.46099090576,15.833593289208052,66072496.0,0.01034489070913864,0.010131199273900597,0.16848565854088515,0.03636412460338773,0.02186260698430732,9969210.75,3053081.75,4865.7601318359375,1293.7859497070312,4197294.713733673,354525.4726905823,1.020167122413559,1.0181247971184166,1.0,1.0,0.47748169833858056,0.47916382578911804,0.2055060778453033,0.21662436157817366,23.346072325715582,24.907274761956586,4
2025.0,45,13031602.5,375001.03125,5737.6597900390625,4978.262878417969,10817907.5,590.6414184570312,210996704.0,11205761.0,71692.6171875,66527428.0,715716.6875,50570.16015625,11275569.0,766286.9375,21122.4609375,4702996.0,22579660.0,5671029.0,21684.978515625,7577226.5,0.0,0.015440528516502324,0.01184232307560248,17.74644577886093,666581.0452500001,689109.75,517514.39800000004,11.477791334767433,8.343274350487167,691331.7109375,7665175.390625,691331.7109375,13147537.046875,0.0,0.0,0.0,0.0,4235236.3046875,467253.6103515625,117143.87950134277,95683.90293884277,337.50938415527344,0.0,192614177.52001953,34358762.9810791,9363128.524757385,7850017.756462097,30403.970375061035,30403.970375061035,15.373602917834713,66527428.0,0.010358280347167487,0.010019642503690359,0.16843821168015094,0.03630884647615358,0.02210237672059146,10019584.5,3012018.125,4415.7479248046875,1321.9117431640625,4710337.089576721,391539.0008201599,1.0170770396779019,1.0198184847609628,1.0,1.0,0.47965810820150756,0.47618973305214474,0.2052708083555963,0.21452124625079907,20.979685708587834,25.241947189287828,4
2026.0,46,13191497.5,387516.9765625,6272.0498046875,5456.4013671875,10897813.0,618.7672119140625,212086640.0,11367316.0,71017.6015625,66933540.0,712116.625,49557.6328125,11436365.0,761674.25,21459.97265625,4796486.0,22732522.0,5681267.0,21881.859375,8245945.0,0.0,0.015549656380995994,0.012157694613133672,19.27680271530758,665174.7561250001,682612.6875,472794.40382500004,13.671546706859209,9.322484944059504,678112.6015625,8343287.9921875,678112.6015625,13825649.6484375,0.0,0.0,0.0,0.0,4297338.0234375,461375.3359375,127494.16212463379,104515.39472961426,562.5156402587891,0.0,196911515.54345703,34820138.3170166,9490622.686882019,7954533.151191711,30966.486015319824,30966.486015319824,16.744447847605247,66933540.0,0.01019836523662128,0.009937839177862102,0.16982989395152265,0.0367982962918318,0.02185323052008431,10101431.0,3090067.0,5147.0181884765625,1125.031265258789,5228160.848239899,435274.5906677246,1.019402146651834,1.0287078134916339,1.0,1.0,0.4795506042499268,0.47612625028536254,0.2063306704968318,0.21658513195459408,24.26183794246736,21.28202972472585,4
2027.0,47,13244373.75,390948.3046875,6075.169189453125,5484.5263671875,11008909.5,731.2703094482422,213107136.0,11509548.0,70061.3203125,67303056.0,698222.4375,48432.6015625,11577865.0,746655.125,21628.7265625,4835215.0,22873768.0,5701827.0,22163.1171875,8891347.0,0.0,0.015537224607532617,0.012190991868034084,18.568044503967727,663768.4670000001,703116.4375,460981.57517500006,12.53420181378532,9.26783595647872,654768.171875,8998056.1640625,654768.171875,14480417.8203125,0.0,0.0,0.0,0.0,4370493.171875,453275.1181640625,140966.41738128662,115821.96152114868,646.8929672241211,0.0,201282008.71533203,35273413.435180664,9631589.104263306,8070355.11271286,31613.378982543945,31613.378982543945,16.738036678746052,67303056.0,0.010447020971826301,0.009862382281719867,0.17101077847044568,0.03689106433320218,0.021308809524042047,10102696.0,3141677.9375,4865.76025390625,1209.408676147461,5772507.218624115,485704.1164512634,1.0185676463757511,1.030539934716383,1.0,1.0,0.47863407351653575,0.4746297587818101,0.20758785495570387,0.21581008066718896,22.750047122365306,22.679326420262246,4
2028.0,48,13417826.0,375732.265625,6328.30126953125,4753.256652832031,11084455.5,843.7734680175781,214045680.0,11698918.0,70342.578125,67667224.0,696647.375,48432.6015625,11767546.0,745080.0,21909.984375,4902239.0,23014792.0,5713780.0,22500.626953125,9538042.0,0.0,0.015671685128146477,0.011651779646229304,19.23789049571015,664049.724825,709613.4375,461262.83300000004,13.216274438772624,8.130202638354803,658705.796875,9656761.9609375,658705.796875,15139123.6171875,0.0,0.0,0.0,0.0,4246824.1015625,459462.740234375,137563.18516159058,112418.74004364014,478.1382865905762,0.0,205528832.81689453,35732876.17541504,9769152.289424896,8182773.8527565,32091.51726913452,32091.51726913452,14.428547313554503,67667224.0,0.01048681171699906,0.009813461903284226,0.17288898980102982,0.037201960950135775,0.02114678492073895,10242762.75,3175063.25,5034.5150146484375,1209.4086303710938,6331450.869476318,539143.1008338928,1.0239893919048602,1.0317532830149827,1.0,1.0,0.4762895104930909,0.4780249619221932,0.20967296189774154,0.21611113657433267,23.339779711269344,22.516390499793708,4
2029.0,49,13524254.0,390920.171875,5372.0244140625,5006.388427734375,11231750.5,703.1445465087891,214955440.0,11808046.0,69301.921875,68002120.0,704944.5,47448.1953125,11875408.0,752392.75,21853.734375,4966647.5,23172690.0,5713583.5,22556.87890625,10180521.0,0.0,0.01572913669921543,0.012067071113655558,16.252704952139343,665456.01395,690741.0625,419917.932725,10.691825575724492,8.15293369915486,661799.625,10318561.5859375,661799.625,15800923.2421875,0.0,0.0,0.0,0.0,4271771.7890625,482216.5146484375,120378.333984375,96555.80156707764,421.88671875,0.0,209800604.60595703,36215092.69006348,9889530.623409271,8279329.654323578,32513.40398788452,32513.40398788452,15.124785593446415,68002120.0,0.010157640122102076,0.00978581276510203,0.17364232173938107,0.03751181097913818,0.021297057892498368,10370088.25,3154165.6875,4303.24462890625,1040.6539611816406,6932780.0727005005,587885.079750061,1.0247958515265483,1.0291019540633608,1.0,1.0,0.47567786065002765,0.4760490793731202,0.2100200613154703,0.21579482439141673,19.802852044814028,19.182415388190897,4
2030.0,50,13703021.25,372413.421875,6131.4207763671875,4387.621643066406,11355138.75,900.0250091552734,215650592.0,12070798.0,69723.8125,68329000.0,689109.75,48010.7109375,12138637.0,737120.4375,21713.10546875,5114983.0,23334358.0,5725959.0,22416.248046875,10806460.0,0.0,0.015885675437886115,0.01143291713621918,18.45985724114209,666581.0452500001,713438.5625,425261.8314,12.421717793390462,6.932836852797111,642392.8359375,10960954.421875,642392.8359375,16443316.078125,0.0,0.0,0.0,0.0,4323438.7109375,491469.8837890625,135031.86993789673,112362.48457336426,309.3836097717285,0.0,214124043.31689453,36706562.57385254,10024562.493347168,8391692.138896942,32822.78759765625,32822.78759765625,13.190737749508195,68329000.0,0.010441226455824027,0.009755463203764142,0.17665702703098246,0.03844360614640372,0.020717068909630182,10508551.25,3194469.875,5006.38916015625,1096.9054870605469,7510399.242328644,638455.2344436646,1.0218366088347783,1.030835255048323,1.0,1.0,0.4759918966267371,0.475440958496275,0.21351399078105787,0.21718071256141114,22.862222148461285,20.057189019878983,4
2031.0,51,13909098.0,383832.4921875,6047.043212890625,5203.26904296875,11488060.5,646.8929901123047,216368592.0,12306660.0,69330.046875,68645424.0,703285.125,47588.828125,12374050.0,750873.875,21741.23046875,5207938.0,23495238.0,5712486.5,22444.375,11414398.0,0.0,0.01607106866970785,0.011733973107455435,18.122874917008147,668268.5922000001,739961.125,442418.55872500007,12.603093702057759,8.562021113843526,625798.6484375,11586753.0703125,625798.6484375,17069114.7265625,0.0,0.0,0.0,0.0,4354686.48046875,501848.3056640625,127241.02577209473,104740.40195465088,506.26405334472656,0.0,218478729.79736328,37208410.8795166,10151803.519119263,8496432.540851593,33329.05165100098,33329.05165100098,15.57189050982825,68645424.0,0.010779467616078823,0.009735078513026595,0.1792786653921753,0.038964658394688434,0.021047304825587983,10566631.25,3342467.875,4922.011901855469,1125.0312805175781,8097609.303371429,685622.1696128845,1.0223915074035124,1.0302979216388142,1.0,1.0,0.47596690305398404,0.4754120714295031,0.2152823274929304,0.22287815384114038,22.313630998684634,20.425462918110856,4
2032.0,52,14112391.75,387320.0859375,5990.7918701171875,5006.3885498046875,11698892.0,703.1445465087891,217053744.0,12484079.0,69161.296875,68938656.0,703932.0,47195.06640625,12551354.0,751127.0,21966.236328125,5302216.0,23676086.0,5709815.0,22781.884765625,11998233.0,0.0,0.01625449012065878,0.0117908845127229,17.87983907523286,671081.1704500001,739004.875,415980.323175,12.711928110139958,8.321158693054496,604141.7890625,12190894.859375,604141.7890625,17673256.515625,0.0,0.0,0.0,0.0,4444070.19140625,512873.6123046875,127325.40118789673,101140.30137634277,590.6414222717285,0.0,222922799.98876953,37721284.49182129,10279128.92030716,8597572.842227936,33919.693073272705,33919.693073272705,14.920817764864157,68938656.0,0.010719745899891057,0.00973446843016493,0.18108967775641,0.039506221849797,0.020979676240403106,10684337.5,3428054.5625,4275.1187744140625,1715.6726684570312,8683413.075374603,734842.2868080139,1.0216030762458392,1.0288879961900599,1.0,1.0,0.47494474971786216,0.4744934059472247,0.21709978004644143,0.22411680452277505,19.252716058468415,31.02825625386962,4
2033.0,53,14237833.75,400567.328125,5625.1566162109375,4922.011535644531,11845820.5,787.5218963623047,217649936.0,12698116.0,68739.40625,69222520.0,713185.375,46745.0546875,12764801.0,759930.375,21994.36328125,5353011.0,23864104.0,5704245.5,22725.6328125,12571605.0,0.0,0.01635405230489018,0.012147004467864191,16.720102503575383,674456.2643500001,744798.8125,405292.525825,11.476912470343398,8.615519008995422,592610.203125,12783505.0625,592610.203125,18265866.71875,0.0,0.0,0.0,0.0,4326026.259765625,522970.7734375,127184.77460479736,101534.0634803772,393.7609329223633,0.0,227248826.24853516,38244255.26525879,10406313.694911957,8699106.905708313,34313.45400619507,34313.45400619507,14.609788760060255,69222520.0,0.010759487122109973,0.00974330700977081,0.1834390888976593,0.039722763434176855,0.02116916549272154,10831575.5,3406257.125,4471.999267578125,1096.9054870605469,9262494.785644531,786790.6047821045,1.0225066414900952,1.0344024569261432,1.0,1.0,0.4763154901691272,0.4726695266719204,0.21940445212304757,0.22657038198187499,20.002088471927806,19.698462316856368,4
2034.0,54,14514253.75,406558.1484375,5709.5340576171875,5090.765625,12054570.25,731.2703399658203,218179472.0,12901212.0,68261.2734375,69496976.0,723957.5625,46154.4140625,12967419.0,770112.0,22106.865234375,5467539.0,24043690.0,5702558.0,22866.26171875,13147790.0,0.0,0.016631094594912212,0.012284927219355675,16.90618495175647,679237.6473750001,736023.5625,381666.86852500006,11.643460759701913,8.392900228228273,596547.8359375,13380052.8984375,596547.8359375,18862414.5546875,0.0,0.0,0.0,0.0,4373024.53515625,514673.67578125,125384.7314491272,103812.25528335571,421.88672256469727,0.0,231621850.7836914,38758928.94104004,10531698.426361084,8802919.160991669,34735.340728759766,34735.340728759766,15.053411243473153,69496976.0,0.010590727897282898,0.009773628817676903,0.1856370268542332,0.040418828482566393,0.02140744971172174,11045360.0,3468893.25,4500.1248779296875,1209.4085998535156,9827569.856868744,834463.8040122986,1.0215205501400328,1.0306753847870649,1.0,1.0,0.47498654460526873,0.47469773884388855,0.22168347114587986,0.2283157395643037,19.992102562267707,21.583311673390273,4
2035.0,55,14742493.5,418483.484375,5709.533935546875,5062.6400146484375,12221441.0,703.1445465087891,218629776.0,13166437.0,67811.2578125,69746904.0,743617.5,45676.2734375,13232140.0,789293.75,22134.9921875,5568398.5,24214330.0,5702024.0,22950.640625,13705861.0,0.0,0.016857828985746205,0.01261015421365798,16.850150511635654,685144.0617000001,747808.25,371541.586825,11.52009455413592,8.486691620829795,581922.421875,13961975.3203125,581922.421875,19444336.9765625,0.0,0.0,0.0,0.0,4454954.9765625,519736.310546875,133934.96524047852,110253.0595741272,506.2640686035156,0.0,236076805.7602539,39278665.251586914,10665633.391601562,8913172.220565796,35241.60479736328,35241.60479736328,14.920903903396319,69746904.0,0.010721741139936477,0.009823289958504827,0.18877450101584436,0.04102876101891172,0.021916322761009716,11241255.25,3501237.8125,4556.376708984375,1153.1571044921875,10365953.56168747,883683.9212150574,1.0282075964131308,1.0281780280836577,1.0,1.0,0.47282320197523586,0.4732982641918577,0.22584093187604456,0.22924949101050798,20.149429794746375,20.497234158013335,4
2036.0,56,15122417.0,423152.3671875,5456.40185546875,4753.256530761719,12590365.5,787.5218811035156,218992800.0,13422466.0,67220.609375,69995320.0,738386.125,44888.75,13487886.0,783274.875,22331.87109375,5717099.5,24387946.0,5708746.0,23260.0234375,14274846.0,0.0,0.017263600675455997,0.012706818148743691,16.050741244428277,690769.2182000001,748652.0,361416.305125,11.223973304162252,8.10123692597039,593453.9765625,14555429.296875,593453.9765625,20037790.953125,0.0,0.0,0.0,0.0,4498240.36328125,516670.61328125,140150.76289367676,119787.70039749146,534.3898468017578,0.0,240575046.12353516,39795335.864868164,10805784.15449524,9032959.920963287,35775.99464416504,35775.99464416504,13.963905709450685,69995320.0,0.010695743658290298,0.009868791487773755,0.19176233496753783,0.04198860183165533,0.0216919792986943,11588328.25,3534088.6875,4134.489929199219,1321.9118041992188,10890330.62745285,934197.8243522644,1.0314830584229657,1.0410363212951923,1.0,1.0,0.47202746069396995,0.47051683308180736,0.22984708234690335,0.22978409183541845,18.207175724145795,23.411156161421513,4
2037.0,57,15315444.0,417667.828125,5118.892578125,4415.747375488281,12824851.0,787.5219116210938,219464048.0,13657992.0,66573.71875,70233768.0,760408.5625,44326.234375,13722681.0,804734.8125,22247.494140625,5805077.5,24555046.0,5702333.0,23231.8984375,14841525.0,0.0,0.017446415642529293,0.012509107318297673,15.009134428025215,696956.8903500001,773768.375,370135.29770000005,10.575598224919531,6.963665669801573,592047.6953125,15147476.9921875,592047.6953125,20629838.6484375,0.0,0.0,0.0,0.0,4559301.578125,526711.5017089844,129491.08594894409,112671.8711013794,281.2578239440918,0.0,245134347.70166016,40322047.36657715,10935275.240444183,9145631.792064667,36057.25246810913,36057.25246810913,12.930632486676767,70233768.0,0.01101704204450486,0.009923387427398173,0.1944647480681942,0.042497519290761086,0.022267042983459676,11733907.0,3581536.9375,3937.6094360351562,1181.2828826904297,11431639.413547516,977849.0368690491,1.026684493376938,1.0342588971092355,1.0,1.0,0.47293753440446085,0.47386990540560164,0.23284119054439656,0.23270302799158854,17.269666087121806,20.776549440775753,4
2038.0,58,15325991.25,413870.8671875,5822.037109375,4753.2567138671875,12859191.75,731.2703552246094,219809376.0,13912418.0,66742.46875,70456872.0,770871.375,44269.98046875,13977190.0,815141.3125,22472.5,5936031.0,24691258.0,5707058.0,23400.65234375,15402775.0,0.0,0.01743100263612049,0.012363302830670862,17.02232865623906,703425.8203250001,796522.125,372104.102475,12.220417520073575,8.407488780395541,586985.046875,15734462.0390625,586985.046875,21216823.6953125,0.0,0.0,0.0,0.0,4479227.328125,507276.6005859375,142907.09609222412,120856.4804763794,506.2640609741211,0.0,249613575.02978516,40829323.967163086,11078182.336536407,9266488.272541046,36563.51652908325,36563.51652908325,13.879489884512958,70456872.0,0.011305102006231556,0.009983778733818897,0.19746005755123502,0.04333296473252371,0.02250941216862719,11766308.5,3559683.0625,4387.622009277344,1434.4148712158203,11973707.595726013,1018968.9290657043,1.0279305215213925,1.0338199586624495,1.0,1.0,0.47245457706944827,0.4735439490833162,0.23670515667559755,0.23395045801779218,19.172227390160756,25.131943159095346,4
2039.0,59,15549450.5,435443.34375,5878.2886962890625,4443.873291015625,13084592.75,646.8929977416992,220369728.0,14071020.0,66545.59375,70674320.0,775877.6875,44044.9765625,14135568.0,819922.75,22500.626953125,5980778.5,24831858.0,5723652.5,23288.1484375,15943464.0,0.0,0.017640184340564236,0.012974116374392414,17.14071686454856,710738.523775,781362.3125,347634.6717,12.119233559165492,7.4469553680878136,570109.59375,16304571.6328125,570109.59375,21786933.2890625,0.0,0.0,0.0,0.0,4464292.68359375,496166.9296875,137900.70272827148,115737.5849647522,478.1382751464844,0.0,254077867.7133789,41325490.896850586,11216083.039264679,9382225.857505798,37041.654804229736,37041.654804229736,12.94143156995464,70674320.0,0.01105581649034614,0.01005653147812388,0.19909664500486174,0.043543003267717276,0.022595081681865612,12037328.0,3512122.4375,4753.2572021484375,1125.0313110351562,12492881.391994476,1059329.4251708984,1.0264552217349507,1.0326893478987642,1.0,1.0,0.4730874448157556,0.47477113392711134,0.23897481193609507,0.233972235928945,20.70279315637232,19.688140915979126,4
2040.0,60,15579376.75,429030.640625,5203.269775390625,5006.388610839844,13145822.0,843.7734680175781,220865968.0,14167631.0,65673.6953125,70882960.0,761814.875,42891.8203125,14231420.0,804706.625,22781.884765625,6036918.0,24965116.0,5737799.5,23485.029296875,16488767.0,0.0,0.017634424274454087,0.012745579271850493,15.134558676099058,716926.195925,760521.125,315571.27965000004,10.9069826990841,8.488035099797855,575734.7421875,16880306.375,575734.7421875,22362668.03125,0.0,0.0,0.0,0.0,4548838.6484375,495069.9775390625,150810.43125915527,126791.02188873291,478.13829040527344,0.0,258626706.3618164,41820560.87438965,11366893.470523834,9509016.879394531,37519.79309463501,37519.79309463501,14.54375322775912,70882960.0,0.010729251783503398,0.010114224856368864,0.1998735803358099,0.04384370275317501,0.02213101780242645,12102973.75,3476402.8125,4021.98681640625,1181.2828063964844,13001536.146064758,1104696.3103370667,1.028519918389891,1.0382726421968274,1.0,1.0,0.4715387550207537,0.47164963116093445,0.24069111112296235,0.23157190452432766,17.477539329868726,20.595100203719888,4
2041.0,61,15716855.5,448184.3203125,5175.1439208984375,4668.8792724609375,13333168.5,675.0187606811523,221320544.0,14346988.0,65026.8046875,71077976.0,779646.6875,42301.1796875,14410075.0,821947.8125,22725.6328125,6126920.0,25083526.0,5739431.0,23513.15625,17023858.0,0.0,0.01775349817954541,0.013291273752762239,15.01890180806449,723395.1259000001,801050.375,336384.35870000004,10.722783353685932,8.607512881506866,573765.9375,17454072.3125,573765.9375,22936433.96875,0.0,0.0,0.0,0.0,4598199.5390625,498754.482421875,141950.8086013794,120800.22715377808,421.88672637939453,0.0,263224905.9008789,42319315.35681152,11508844.279125214,9629817.10654831,37941.679821014404,37941.679821014404,13.533046160390708,71077976.0,0.011270022306206356,0.010177486284921789,0.20184857261551736,0.044398176919081364,0.02259855951505862,12184679.5,3532176.4375,3965.7352294921875,1209.4086303710938,13491065.368930817,1145197.4353523254,1.0358213158602365,1.0431046109945727,1.0,1.0,0.4714780385661888,0.47019082683026964,0.24349803813015208,0.23237742444176154,17.19529001534013,21.049025266461257,4
2042.0,62,15808124.25,474931.9140625,5175.14404296875,4078.2379760742188,13460858.75,646.8930053710938,221787808.0,14469054.0,65083.0546875,71285432.0,805212.875,42498.05859375,14532310.0,847711.0,22585.00390625,6171021.5,25205622.0,5744353.0,23428.77734375,17557546.0,0.0,0.01781897345096625,0.014058497604434544,14.980761913214216,727895.2511000001,811906.9375,349040.960825,10.71212596672165,7.6193558933941015,565328.1796875,18019400.4921875,565328.1796875,23501762.1484375,0.0,0.0,0.0,0.0,4664773.16796875,489135.4541015625,149685.40000534058,127775.41640853882,337.5093803405762,0.0,267889679.06884766,42808450.810913086,11658529.679130554,9757592.522956848,38279.18920135498,38279.18920135498,11.790984742680154,71285432.0,0.011389521178745188,0.010210995860977599,0.20297350516161564,0.04460407949470223,0.02328028128675794,12240368.25,3567755.6875,4078.2384643554688,1096.905502319336,14007820.348007202,1186598.58536911,1.0383418513799414,1.0551380105539374,1.0,1.0,0.47108952057922804,0.46715340510922504,0.24504831627885357,0.23262926149331642,17.625837094267403,19.06382037013932,4
2043.0,63,15951283.0,444246.703125,4893.8861083984375,4556.376220703125,13627055.25,703.1445693969727,222205744.0,14653925.0,64183.03125,71468928.0,808306.75,41738.6640625,14716168.0,850045.4375,22444.375,6226794.5,25283728.0,5732512.0,23288.1484375,18093512.0,0.0,0.01794652414565845,0.013125987572618661,14.139525174498111,731551.6028250001,831988.75,350165.99212500005,9.649374713467685,7.692548456508497,573484.6875,18592885.1796875,573484.6875,24075246.8359375,0.0,0.0,0.0,0.0,4632681.63671875,477997.650390625,144538.38437652588,121081.48613739014,337.5093765258789,0.0,272522360.7055664,43286448.46130371,11803068.06350708,9878674.009094238,38616.69857788086,38616.69857788086,13.14852795021311,71468928.0,0.011641265278247912,0.0102359392157806,0.20503910454624422,0.04492231191943192,0.023325650429017547,12395481.75,3555802.125,3740.7288818359375,1153.1570434570312,14518387.655231476,1233371.7596054077,1.0357419652908562,1.0533670588744157,1.0,1.0,0.4711424277615489,0.47144005474206013,0.24806847439426855,0.23296787234476493,16.137975938225267,20.029409229664783,4
2044.0,64,15886172.25,466297.3046875,5203.269775390625,4781.3826904296875,13627027.25,984.4023590087891,222595120.0,14871592.0,63648.63671875,71666512.0,837923.1875,41176.1484375,14933244.0,879099.375,22472.5,6307319.0,25349174.0,5737631.0,23400.65234375,18635636.0,0.0,0.01784200418454816,0.01375804829870362,14.999578539335383,732676.6341250001,806619.25,327946.62395000004,10.108279650514477,8.570565009507959,573765.9140625,19166651.09375,573765.9140625,24649012.75,0.0,0.0,0.0,0.0,4594318.13671875,454034.4931640625,144538.38165283203,119281.43341827393,450.01251220703125,0.0,277116678.84228516,43740482.95446777,11947606.445159912,9997955.442512512,39066.71109008789,39066.71109008789,13.767054089768196,71666512.0,0.011255176615823021,0.010223416958327763,0.20751103388427777,0.0454017213515591,0.024126355475526263,12360212.5,3525960.25,4106.3641357421875,1096.9054565429688,15025439.239772797,1274632.2807121277,1.0367708072771182,1.0530757286776653,1.0,1.0,0.4702152419224502,0.4703699344436626,0.2515727693464068,0.2339930343826379,17.68083222218035,19.003347285054815,4
2045.0,65,16056529.5,464694.1484375,5934.5401611328125,4865.759521484375,13833976.75,1068.7796936035156,222931344.0,15021784.0,63592.38671875,71847952.0,835841.9375,41429.28125,15083351.0,877271.125,22163.1171875,6389868.0,25404384.0,5754956.5,23175.646484375,19167438.0,0.0,0.018006137239274887,0.013681173002169604,17.072718266297656,732395.3763000001,824282.25,335540.58522500005,12.256458454707118,8.077188561470756,572640.921875,19739292.015625,572640.921875,25221653.671875,0.0,0.0,0.0,0.0,4661594.9375,452600.07861328125,165829.60314178467,138378.8363380432,337.50939178466797,0.0,281778273.77978516,44193083.033081055,12113436.048301697,10136334.278850555,39404.22048187256,39404.22048187256,13.981344417485232,71847952.0,0.011472592148486014,0.010193684801203522,0.2090774139254519,0.04590184990431529,0.024017204210701745,12557261.0,3499269.0625,4725.13134765625,1209.4085845947266,15495027.28370285,1316877.204158783,1.0388703618689548,1.0553946827539236,1.0,1.0,0.4705670767054254,0.4683069458237023,0.25452658993005667,0.23247292324307514,20.31338269232585,20.945162465222932,4
2046.0,66,16087187.0,454343.84375,5737.6597900390625,4556.376403808594,13901956.0,590.6414031982422,223297168.0,15160303.0,63704.890625,72015992.0,836348.125,41485.53125,15222291.0,877833.6875,22219.3671875,6417459.5,25443256.0,5771297.5,23203.7734375,19696710.0,0.0,0.018010961742246548,0.013354042654840666,16.47909610615126,732114.118475,836207.5625,332446.74915000005,10.714323073170123,7.874929654492862,570390.859375,20309682.875,570390.859375,25792044.53125,0.0,0.0,0.0,0.0,4667782.72265625,440815.353515625,153594.89101028442,134328.7236404419,506.2640571594238,0.0,286446056.5024414,44633898.38659668,12267030.939311981,10270663.002490997,39910.48453903198,39910.48453903198,13.070765762565097,72015992.0,0.011611414899346246,0.010165993665337554,0.21051300661108716,0.04602402352291033,0.023992114498481494,12626957.0,3460230.375,4584.50244140625,1153.1570587158203,15973221.8167305,1360359.66198349,1.0405583040139832,1.060429522296394,1.0,1.0,0.4706012882017785,0.46848710412240463,0.25688288229336137,0.23245172751747173,19.693696972723178,19.948135307525977,4
2047.0,67,16164758.75,457353.3125,5878.288818359375,4246.9927978515625,13988611.5,731.2703323364258,223646512.0,15296095.0,64154.90625,72182144.0,833816.8125,42301.1796875,15358448.0,876118.0625,21853.734375,6473711.0,25467306.0,5784657.5,22894.38671875,20225560.0,0.0,0.018069540416083038,0.013417119486432998,16.853466847373177,729301.5402250001,854180.0,353822.34385,11.733492774895785,7.186740576584624,571234.609375,20880917.484375,571234.609375,26363279.140625,0.0,0.0,0.0,0.0,4708424.296875,441771.634765625,155901.20469665527,130672.37364196777,478.13829040527344,0.0,291154480.7993164,45075670.021362305,12422932.144008636,10401335.376132965,40388.622829437256,40388.622829437256,12.161676861411408,72182144.0,0.011833674544219689,0.01010362812477557,0.21190967949081702,0.046345252407769835,0.02387715524351,12671507.75,3493250.1875,4471.999328613281,1406.2891540527344,16459010.310688019,1398357.5924682617,1.042948231257143,1.0651440165956558,1.0,1.0,0.47103109302101615,0.4679608647353403,0.2594407338701186,0.23081950017893155,19.181424153581794,24.284577940189912,4
2048.0,68,16223991.25,469728.6484375,6018.9176025390625,4106.3641357421875,14133347.0,618.7671813964844,223947664.0,15375014.0,65167.4296875,72324008.0,833957.4375,43116.828125,15438269.0,877074.3125,22050.61328125,6527178.0,25491972.0,5786766.5,23035.017578125,20753930.0,0.0,0.018111364682509033,0.013762463196990645,17.23532390329293,725363.9306750001,855051.875,340884.48390000005,11.715421049883563,7.1112130776994755,576578.515625,21457496.0,576578.515625,26939857.65625,0.0,0.0,0.0,0.0,4697146.00390625,444331.10205078125,160541.96015930176,135566.25898742676,534.3898468017578,0.0,295851626.80322266,45520001.123413086,12583474.104167938,10536901.635120392,40923.012676239014,40923.012676239014,11.744178240517137,72324008.0,0.01182251784220808,0.010029365776783278,0.21258520407220793,0.04666923055627119,0.02385113562081783,12738476.25,3485515.5625,4640.754089355469,1378.163345336914,16946739.483589172,1431405.3854484558,1.0389466266843692,1.0670432108585484,1.0,1.0,0.4730223651185727,0.46546528264985026,0.26044276782270676,0.23135218867441246,19.891381775081673,23.79518766000495,4
2049.0,69,16413305.75,486126.0,5203.27001953125,4781.3826904296875,14334811.25,815.6476898193359,224193664.0,15540760.0,64548.6640625,72463344.0,851564.1875,42554.3125,15603396.0,894118.5625,21994.36328125,6600811.0,25523924.0,5796695.0,22866.26171875,21297994.0,0.0,0.018302597692948182,0.014231533126590824,14.880353542144947,720863.8054750001,875077.375,356072.40645,9.989934957945966,7.612295466120285,588672.6015625,22046168.6015625,588672.6015625,27528530.2578125,0.0,0.0,0.0,0.0,4696499.16796875,443290.44140625,163635.7949256897,135566.26641464233,421.88672256469727,0.0,300548125.9711914,45963291.564819336,12747109.899093628,10672467.901535034,41344.89939880371,41344.89939880371,13.657216312619616,72463344.0,0.012076138454223145,0.009947978739084965,0.21446374321339629,0.04713526897050026,0.024323500262896796,12924161.5,3489143.8125,3993.861083984375,1209.4086303710938,17447912.779880524,1475984.74874115,1.0407585841342706,1.0657612233934401,1.0,1.0,0.4727460493924148,0.47025254030578767,0.26319681933688927,0.23114921876556022,17.09017051750593,20.84222016442393,4
2050.0,70,16464325.75,471247.4453125,5203.2701416015625,3993.8609619140625,14404451.0,703.1445465087891,224380608.0,15685524.0,64661.16796875,72578552.0,855473.6875,42751.19140625,15748243.0,898224.875,21909.984375,6644857.0,25565014.0,5802236.0,22753.7578125,21831006.0,0.0,0.018344194153801383,0.013785211893375605,14.86745428383408,716363.680275,871392.9375,336946.87435000006,10.073469998687603,6.2524366564795235,588391.3515625,22634559.953125,588391.3515625,28116921.609375,0.0,0.0,0.0,0.0,4696189.71484375,440618.486328125,154804.2968788147,127550.41212463379,421.88672256469727,0.0,305244315.68603516,46403910.05114746,12901914.195972443,10800018.313659668,41766.78612136841,41766.78612136841,11.397851495590762,72578552.0,0.012006204498265548,0.00987018424224005,0.21611789664803452,0.04740844387027663,0.024413874547694447,12980779.25,3483546.9375,3965.7351684570312,1237.534423828125,17926191.69026947,1513842.0503234863,1.0450388866240206,1.0632752069707923,1.0,1.0,0.47200029212430394,0.4714022631604477,0.2655946767498877,0.2313828490921622,16.96767241252228,21.278448655558734,4
2051.0,71,16435413.5,478082.015625,5765.7855224609375,4471.9989013671875,14434320.0,759.3961181640625,224397664.0,15928839.0,64661.16796875,72697840.0,871871.0,43173.078125,15991786.0,915044.125,21488.09765625,6693458.0,25585294.0,5818099.0,22359.998046875,22372342.0,0.0,0.018310588897217754,0.013975274252785068,16.455886025927512,710457.26595,865402.125,332728.006975,10.395772500565462,6.887416126264484,586422.5546875,23220982.5078125,586422.5546875,28703344.1640625,0.0,0.0,0.0,0.0,4696470.890625,434458.958984375,163354.5351753235,135566.2617225647,281.2578315734863,0.0,309940786.57666016,46838369.010131836,13065268.731147766,10935584.575382233,42048.043952941895,42048.043952941895,12.74763658807253,72697840.0,0.011904096806727682,0.009772742435676218,0.21911021015204854,0.04770001736552352,0.024853080031574923,13002716.5,3432695.5,4443.873596191406,1321.9117736816406,18434115.17406082,1554849.4394073486,1.0412681239103967,1.0689302396016962,1.0,1.0,0.47350938755760136,0.4685275100197276,0.2698388082003082,0.23208887885509702,18.977566299105042,22.732000325685906,4
2052.0,72,16705954.75,469672.4140625,5343.89892578125,4584.5020751953125,14624901.0,900.0250244140625,224451760.0,16109013.0,64408.0390625,72785696.0,868861.5625,43229.328125,16171566.0,912090.9375,21178.71484375,6770635.0,25587008.0,5822036.5,22078.73828125,22902852.0,0.0,0.018607511420271332,0.013721874656069064,15.244919295835851,703988.335975,901121.875,354947.37515000004,9.32091816791547,6.69008913857426,593172.7265625,23814155.234375,593172.7265625,29296516.890625,0.0,0.0,0.0,0.0,4703361.671875,428215.0302734375,162060.74727630615,137563.18437957764,253.13204193115234,0.0,314644148.24853516,47266584.04040527,13227329.478424072,11073147.75976181,42301.17599487305,42301.17599487305,13.06242504372559,72785696.0,0.012380480293820368,0.009672069852502338,0.22132113705418163,0.04822819945073162,0.024756099675332852,13262487.0,3443467.5,4050.1126708984375,1293.7859954833984,18939366.708690643,1598669.406616211,1.0485397574689372,1.0720846357479914,1.0,1.0,0.47325179904933773,0.47097086532838633,0.27292917533070554,0.23248557410854273,17.305509037302613,22.172629347345367,4
2053.0,73,16985749.0,468237.9921875,5625.15673828125,4725.130859375,14931107.25,618.7671966552734,224402240.0,16339813.0,64492.4140625,72876296.0,868805.375,43369.95703125,16402338.0,912175.25,21122.4609375,6862296.5,25591140.0,5835199.5,21994.36328125,23450912.0,0.0,0.018923328260894365,0.013671059862737799,16.03717102090179,698925.6951250001,891952.875,343697.06215,10.419526191002074,7.39862705661037,602454.234375,24416609.46875,602454.234375,29898971.125,0.0,0.0,0.0,0.0,4696414.6640625,432602.640625,165688.97383880615,139475.74689483643,393.76094818115234,0.0,319340562.91259766,47699186.68103027,13393018.452262878,11212623.506656647,42694.9369430542,42694.9369430542,13.454585239441704,72876296.0,0.012239272904319944,0.0095905765452871,0.22421300061682609,0.04885015671808558,0.02473881956354705,13506815.75,3478934.125,4387.6219482421875,1237.5343780517578,19437755.552654266,1639620.544128418,1.04864267582723,1.065889408960717,1.0,1.0,0.4725325553203558,0.4717385262380695,0.27678992143940273,0.23394618633241807,18.730301965430364,21.225072633928654,4
2054.0,74,17078761.0,484832.1953125,4978.263427734375,4725.1309814453125,15028251.75,421.88673400878906,224431264.0,16474817.0,63479.8828125,72948128.0,863602.0625,42554.3125,16536327.0,906156.3125,20925.58203125,6912867.0,25595362.0,5853621.5,21853.734375,23988622.0,0.0,0.01902448960943338,0.014147549616192133,14.186828742658717,692456.7651500001,897156.125,335259.3274,9.547193329960452,7.363238868301299,599079.1328125,25015688.6015625,599079.1328125,30498050.2578125,0.0,0.0,0.0,0.0,4697624.16796875,424671.1669921875,171032.86798095703,141613.30392074585,309.38360595703125,0.0,324038187.0805664,48123857.84802246,13564051.320243835,11354236.810577393,43004.32054901123,43004.32054901123,13.449153707199326,72948128.0,0.012298548977158125,0.009492454215548892,0.22584290305571653,0.04919028234641008,0.02458072998616469,13629894.5,3448867.5,3881.35791015625,1096.905517578125,19930097.353660583,1682456.1089897156,1.0481338546787633,1.0713032857532034,1.0,1.0,0.47210196617678374,0.47057993201731074,0.27954236335176297,0.23211401498081524,16.559311537701774,18.78820953350262,4
2055.0,75,17325424.5,499232.609375,5343.89892578125,4415.747497558594,15318735.0,421.88673400878906,224259680.0,16682920.0,62692.36328125,72997696.0,884162.0,42413.6796875,16743728.0,926575.6875,20278.6875,6980284.0,25589228.0,5852665.5,21122.4609375,24530154.0,0.0,0.01931402080391803,0.01457826705088832,15.23053775188772,687112.866475,870155.375,303477.193175,9.790489505155248,7.3074899514050715,603016.7421875,25618705.34375,603016.7421875,31101067.0,0.0,0.0,0.0,0.0,4693152.078125,426527.4775390625,161413.85468673706,131825.5293045044,253.13203048706055,0.0,328731339.1586914,48550385.32556152,13725465.174930573,11486062.339881897,43257.45257949829,43257.45257949829,12.570037265797346,72997696.0,0.01192031286850478,0.009412802103712972,0.22854036379449566,0.04967586464939432,0.02516889676129956,13938518.75,3386906.625,4162.6158447265625,1181.2828369140625,20415154.577316284,1728244.8808860779,1.0513353711195732,1.0719060727774388,1.0,1.0,0.47197214028713214,0.46736636312998986,0.28363449575915084,0.23124880136668122,17.7540213706373,20.192502251431346,4
2056.0,76,17540025.0,477378.8671875,5343.89892578125,4893.885681152344,15530944.25,843.7734680175781,224030816.0,16919148.0,61792.3359375,73018048.0,876286.8125,41879.2890625,16979114.0,918166.125,19913.0546875,7081115.0,25575926.0,5863100.5,20813.078125,25071292.0,0.0,0.01957322804198508,0.01394488269152342,15.238818298068876,681487.709975,903400.125,306289.77142500004,10.747068902357858,7.384525050378917,609204.4375,26227909.78125,609204.4375,31710271.4375,0.0,0.0,0.0,0.0,4714415.30859375,423489.8935546875,163973.29804992676,135678.76524734497,393.7609405517578,0.0,333445754.46728516,48973875.21911621,13889438.4729805,11621741.105129242,43651.21352005005,43651.21352005005,13.938900961061377,73018048.0,0.012372285342385488,0.009333140622644419,0.23171186389425255,0.050421570460369304,0.024958644089221077,14152105.75,3387918.8125,4050.1126708984375,1293.7859497070312,20895880.43068695,1774033.6527748108,1.0508441069742158,1.0748219189212609,1.0,1.0,0.4728175471031891,0.4667419642607581,0.2878319212775062,0.232686142515159,17.279385570925417,22.130067254064986,4
2057.0,77,17673762.5,492623.0234375,5681.4083251953125,4359.495910644531,15661702.25,646.8929748535156,223787408.0,17122470.0,61876.7109375,73029152.0,888830.875,42273.05078125,17182490.0,931103.9375,19603.671875,7159952.0,25546366.0,5863184.5,20475.5703125,25610492.0,0.0,0.01974391975173152,0.01440570125734569,16.21269947678871,677831.35825,924156.875,329915.428725,10.675043749800308,6.286474096167219,610610.703125,26838520.484375,610610.703125,32320882.140625,0.0,0.0,0.0,0.0,4717874.71875,419974.1787109375,168670.3066482544,136972.55938339233,281.25782012939453,0.0,338163629.18603516,49393849.39782715,14058108.779628754,11758713.664512634,43932.47134017944,43932.47134017944,12.425446993425298,73029152.0,0.012654629688155217,0.009281654513118269,0.2344607534262482,0.05101828621644257,0.02533348155337415,14333095.25,3340667.875,4415.747863769531,1265.6602020263672,21354977.5582695,1814478.5262260437,1.0553308942874275,1.0706377522676118,1.0,1.0,0.4709820837699717,0.46846776152632463,0.29215458765163355,0.2311510363774535,18.840302317068286,21.671812480997524,4
2058.0,78,17999066.0,514083.0,5400.1502685546875,4640.7537841796875,15979494.75,675.0187530517578,223352512.0,17447800.0,61454.828125,73036296.0,911556.5625,42160.546875,17507370.0,953717.0,19294.28515625,7267730.0,25532134.0,5872269.0,20166.185546875,26158384.0,0.0,0.020146478137662495,0.015053978495023938,15.420758392591068,673612.490875,912034.6875,310789.89662500005,9.916106616355657,6.175851132682077,618485.9375,27457006.421875,618485.9375,32939368.078125,0.0,0.0,0.0,0.0,4678836.30078125,425346.1962890625,166307.73749923706,136803.79219436646,393.76093673706055,0.0,342842465.4868164,49819195.59411621,14224416.51712799,11895517.456707,44326.232276916504,44326.232276916504,13.236277505108223,73036296.0,0.012487417043985911,0.009222982650639895,0.23889218040301496,0.051822233836310044,0.025999258275636532,14642957.0,3356109.0625,4078.2384033203125,1321.9117431640625,21845659.93820572,1853123.3496818542,1.0589666566997027,1.076600309449571,1.0,1.0,0.46887094783396205,0.4671241723197757,0.2982652917770418,0.23176397322073586,17.394163027571437,22.658246554865144,4
2059.0,79,18321584.0,507107.8203125,5737.65966796875,4190.741271972656,16233245.5,478.13829040527344,223002672.0,17686756.0,61707.9609375,73035504.0,912259.625,42694.9375,17746468.0,954954.5625,19013.02734375,7306206.0,25522092.0,5887485.5,19828.67578125,26692944.0,0.0,0.02053964626935053,0.014863225691124665,16.39900469948634,670799.9126250001,931610.25,330477.944375,10.86132869192361,6.480061510952811,607516.875,28064523.296875,607516.875,33546884.953125,0.0,0.0,0.0,0.0,4688511.3359375,432377.65625,178542.45391845703,144819.63360214233,450.01251220703125,0.0,347530976.8227539,50251573.25036621,14402958.971046448,12040337.090309143,44776.244789123535,44776.244789123535,11.96310509322508,73035504.0,0.012755580491373073,0.009184572925313148,0.242166549572931,0.052141676459072236,0.026041831403836445,14915833.0,3405750.8125,4640.754089355469,1096.905517578125,22339801.789245605,1895227.6442337036,1.0595310970130065,1.0763048976476794,1.0,1.0,0.46989314230001467,0.466491866849174,0.30228937986568105,0.23348189011932788,19.788895239415123,18.773919514548137,4
2060.0,80,18522908.0,516136.1953125,5765.78564453125,4781.3826904296875,16484521.0,590.6414337158203,222602928.0,17897644.0,61257.9453125,73017536.0,937713.5,42554.3125,17956904.0,980267.75,18703.64453125,7355454.0,25498778.0,5893448.0,19631.796875,27216052.0,0.0,0.020802632928530032,0.015155507856402281,16.496686766754664,667987.3343750001,942663.625,331602.97567500005,10.512214857807582,6.860507348153705,603016.7421875,28667540.0390625,603016.7421875,34149901.6953125,0.0,0.0,0.0,0.0,4674729.7265625,424699.283203125,173929.82968139648,143047.7148513794,478.1382751464844,0.0,352205706.5493164,50676272.533569336,14576888.800727844,12183384.805160522,45254.38306427002,45254.38306427002,13.663541907937581,73017536.0,0.012910099089073616,0.009148313829365593,0.24511432431792823,0.05254837381144415,0.026796616239344376,15038658.25,3484250.0,4415.7476806640625,1350.0375366210938,22824071.491027832,1936881.9262886047,1.0544666479103788,1.0701037622948002,1.0,1.0,0.4724884052755728,0.4679438192655751,0.3056198111083805,0.23610676347151147,18.830494457484857,23.133757096559357,4
2061.0,81,18628547.5,521114.453125,6018.9176025390625,5006.38818359375,16644979.25,618.7671966552734,222240640.0,18112890.0,61201.6953125,72997120.0,943282.375,42498.05859375,18172124.0,985780.4375,18703.64453125,7449591.0,25474080.0,5900676.0,19603.671875,27738348.0,0.0,0.020955379155675576,0.015321854958856643,17.240269204633204,665174.7561250001,953520.1875,340321.96825000003,11.175473673124582,7.683473477090368,604985.5546875,29272525.59375,604985.5546875,34754887.25,0.0,0.0,0.0,0.0,4688933.41015625,425318.0693359375,166476.49766540527,136213.15352630615,478.13829040527344,0.0,356894639.95947266,51101590.60290527,14743365.29839325,12319597.958686829,45732.52135467529,45732.52135467529,14.322598712112425,72997120.0,0.013062435716641972,0.009112342461250526,0.2481315701222185,0.053280677880721855,0.02698603151391118,15244116.75,3384431.6875,4781.3829345703125,1237.534408569336,23295375.207691193,1979154.9755325317,1.0569999671330903,1.05894482319565,1.0,1.0,0.47085841630405373,0.470581609323365,0.310255758719852,0.23428739573857585,20.400424835493748,21.2064550311998,4
2062.0,82,18778458.5,534108.5625,5793.911376953125,4275.118835449219,16805885.75,590.6414337158203,221920272.0,18396764.0,61595.45703125,72991160.0,978130.25,43285.578125,18456474.0,1021415.8125,18309.8828125,7553938.5,25466742.0,5905682.0,19181.783203125,28254120.0,0.0,0.021154510053051846,0.01573267356822944,16.60915286371595,663487.2091750001,953660.875,348197.18735,10.429256636902679,6.416031532127178,592047.6875,29864573.28125,592047.6875,35346934.9375,0.0,0.0,0.0,0.0,4697708.54296875,430015.0654296875,171707.89180374146,138969.4804725647,253.13203811645508,0.0,361592348.5024414,51531605.66833496,14915073.190196991,12458567.439159393,45985.65339279175,45985.65339279175,12.240108450499797,72991160.0,0.01306542977259164,0.009089966636713269,0.25204098688115106,0.05406927270753293,0.028004883137842523,15400806.0,3377653.125,3965.7352294921875,1828.17578125,23794860.95715332,2019909.232585907,1.0610270711272034,1.0617605668107462,1.0,1.0,0.46998334939090325,0.4692356611994685,0.3151794046644736,0.23618939608067444,16.923804772050293,31.32318780709341,4
2063.0,83,19005321.5,527555.25,5400.150390625,4134.489990234375,16997591.5,562.5156402587891,221590064.0,18619634.0,61820.4609375,72985496.0,981364.75,43594.96484375,18679428.0,1024959.625,18225.505859375,7596295.5,25469948.0,5931220.5,19069.28125,28758556.0,0.0,0.021441982953712222,0.015553505934452552,15.492518211961904,662924.693525,937291.625,340884.48390000005,10.165389639132739,6.254896080778386,592047.703125,30456620.984375,592047.703125,35938982.640625,0.0,0.0,0.0,0.0,4665279.37890625,435612.09765625,181833.16876220703,147435.3457107544,309.38360595703125,0.0,366257627.88134766,51967217.76599121,15096906.358959198,12606002.784870148,46295.03699874878,46295.03699874878,11.846642245249656,72985496.0,0.012842162845615243,0.009082964833519799,0.25511416679281046,0.054414568296365914,0.028119253239962064,15510103.25,3495218.875,4190.7415771484375,1209.4085998535156,24280002.558200836,2062547.9169883728,1.0600825433302883,1.0713360434936032,1.0,1.0,0.4701590283054315,0.46871595566992974,0.31865743635704125,0.23894335967840477,17.890527503094148,20.66363929046773,4
2064.0,84,19261183.5,536668.0390625,5512.653259277344,4443.873352050781,17230529.0,618.7671813964844,221274432.0,18812352.0,61595.45703125,72965648.0,994218.1875,43876.21875,18871808.0,1038094.4375,17719.2421875,7705676.5,25455180.0,5951950.0,18619.265625,29251966.0,0.0,0.021761646076669174,0.01584467859703084,15.831451591333677,662924.693525,955460.875,340321.96825000003,10.215131265993731,6.60730905546504,583047.4375,31039668.421875,583047.4375,36522030.078125,0.0,0.0,0.0,0.0,4670314.0390625,439184.0732421875,180623.7578277588,151654.20820617676,281.25782775878906,0.0,370927941.92041016,52406401.8392334,15277530.116786957,12757656.993076324,46576.29482650757,46576.29482650757,12.74602728522298,72965648.0,0.013094667164471697,0.009085435567227471,0.2578247780380159,0.055254029052592114,0.02851641156580631,15726334.25,3534848.0,4134.4898681640625,1378.1632995605469,24743881.068611145,2103892.815448761,1.0610744877914877,1.0699814115165591,1.0,1.0,0.46930227580387285,0.4663262901714835,0.321459309149187,0.2423455331448036,17.648626740640182,23.518570364072147,4
2065.0,85,19458653.5,531492.8828125,6356.427001953125,4865.7593994140625,17447491.0,618.7671966552734,220914704.0,18966310.0,62157.96875,72958344.0,1017843.8125,44607.4921875,19026278.0,1062451.375,17550.48828125,7762378.0,25451386.0,5951302.5,18422.38671875,29745318.0,0.0,0.022020550406640204,0.015714849855858026,18.26858893533281,663205.9513500001,951185.75,347353.413875,11.615030070559941,7.313265622072122,574328.453125,31613996.875,574328.453125,37096358.53125,0.0,0.0,0.0,0.0,4672170.3984375,438143.447265625,166982.7578201294,137928.82344436646,421.88672637939453,0.0,375600112.31884766,52844545.28649902,15444512.874607086,12895585.81652069,46998.18155288696,46998.18155288696,13.966453707654127,72958344.0,0.013037381303501077,0.009090200174362512,0.25996080722446224,0.055701938844000376,0.029215724251830655,15848540.25,3610112.75,5175.143798828125,1181.2828369140625,25211275.301635742,2141384.4818725586,1.0583923696272146,1.0660335758224475,1.0,1.0,0.47003306154811986,0.4661948947744704,0.32375365336390227,0.24463887074238577,22.090055586290056,20.17174842643925,4
2066.0,86,19657080.5,558099.875,5793.9112548828125,5034.51416015625,17636834.5,590.6414108276367,220680768.0,19108092.0,61932.96484375,72942096.0,1027294.0,44523.11328125,19168000.0,1071817.125,17409.859375,7792472.5,25460356.0,5970118.5,18366.134765625,30224782.0,0.0,0.022268683263781282,0.01652330405165954,16.668664521663665,664612.2404750001,919938.0,312477.44357500004,10.618255748356757,7.762277568051927,577422.2890625,32191419.1640625,577422.2890625,37673780.8203125,0.0,0.0,0.0,0.0,4735959.578125,445456.126953125,183239.4609413147,146675.9375076294,421.88672256469727,0.0,380336071.89697266,53290001.41345215,15627752.3355484,13042261.75402832,47420.06827545166,47420.06827545166,14.46540518121299,72942096.0,0.012611894234572036,0.009111504562125554,0.2619624750020893,0.05597425515655981,0.029516699084560363,16040920.75,3616159.875,4500.125061035156,1293.7859954833984,25676250.71749878,2188776.423297882,1.0634631168684574,1.059048432440576,1.0,1.0,0.4694611193983502,0.46776292049509993,0.32594688584071674,0.24604997062392578,19.21005863375532,22.080884206883272,4
2067.0,87,19721798.5,546118.265625,5990.7918701171875,4528.250671386719,17703604.5,534.3898544311523,220459536.0,19285256.0,62326.7265625,72921824.0,1044310.25,44916.875,19345702.0,1089227.125,17409.859375,7836911.0,25458978.0,5984913.0,18422.38671875,30703708.0,0.0,0.02236441985888966,0.01619440937259905,17.253573555093244,664893.4983000001,963786.125,352134.7969,11.275692820552539,7.132743456240909,571234.59375,32762653.7578125,571234.59375,38245015.4140625,0.0,0.0,0.0,0.0,4702124.21875,442531.033203125,182142.55624771118,146422.80312728882,478.13827896118164,0.0,385038196.11572266,53732532.44665527,15809894.891796112,13188684.55715561,47898.20655441284,47898.20655441284,13.024583435978855,72921824.0,0.013216703479605777,0.009117894504394186,0.2644648054881348,0.056353164062239336,0.030037440440565513,16177949.5,3543848.6875,4556.376647949219,1434.4148406982422,26111328.427906036,2236562.125656128,1.0599412065111788,1.060613109483095,1.0,1.0,0.4704647905944213,0.4704151928287163,0.3296407075271532,0.24543064275517154,19.47024153013021,24.478276657264153,4
2068.0,88,19777064.5,553852.875,5147.0185546875,5034.51416015625,17810988.5,646.8929748535156,220322208.0,19380604.0,61004.8125,72922640.0,1044900.8125,43791.84375,19439892.0,1088692.75,17212.9765625,7844111.5,25479288.0,6004460.0,18056.751953125,31173994.0,0.0,0.02244107014849815,0.01643243012704721,14.830352362126552,666862.3030750001,943957.4375,349040.960825,9.683581489215795,7.435452561463645,568140.78125,33330794.5390625,568140.78125,38813156.1953125,0.0,0.0,0.0,0.0,4624581.54296875,444162.34375,175589.2461090088,142288.31954193115,421.88673400878906,0.0,389662777.6586914,54176694.79040527,15985484.13790512,13330972.87669754,48320.09328842163,48320.09328842163,14.487907257844858,72922640.0,0.012944641574962178,0.00914479101517718,0.265769368744741,0.05643283359474515,0.030069288879856694,16105244.75,3671820.625,4106.3642578125,1040.6539459228516,26551581.282066345,2273913.1631774902,1.059989523682668,1.0642361035631287,1.0,1.0,0.4718711470215425,0.470109079187859,0.3312134877318779,0.24593400594560663,17.555547293202636,17.72115588888882,4
2069.0,89,20051488.0,520664.46875,5287.647216796875,4781.3824462890625,18017825.0,534.3898620605469,220041072.0,19574108.0,60414.17578125,72912784.0,1022822.0625,43173.078125,19632668.0,1065995.25,17241.1015625,7950174.0,25486934.0,6015851.0,17887.99609375,31620380.0,0.0,0.022781528713875746,0.015448217575221919,15.245424398762037,668549.850025,971183.1875,367041.46162500005,9.71629054061028,6.916467731034609,554921.671875,33885716.2109375,554921.671875,39368077.8671875,0.0,0.0,0.0,0.0,4717396.59765625,447481.205078125,178598.70156860352,142035.18477249146,506.2640686035156,0.0,394380174.25634766,54624175.9954834,16164082.839473724,13473008.061470032,48826.35735702515,48826.35735702515,13.768615361542414,72912784.0,0.013319792966621601,0.009169171897550916,0.2684592046300138,0.05723391147485581,0.02945349743522818,16423065.5,3628422.5625,4134.490051269531,1153.1570739746094,26979543.169799805,2303304.6046028137,1.0630384317851567,1.0719212991828955,1.0,1.0,0.47048663534042284,0.4656000872378631,0.3350443852208304,0.24569318561319622,17.69440763761219,19.607281228554626,4
2070.0,90,20110045.5,565834.46875,6497.055908203125,4162.615539550781,18104369.0,590.6414108276367,219713568.0,19738786.0,61482.953125,72897752.0,1048079.125,44438.734375,19798244.0,1092517.75,17044.22265625,7986231.0,25487386.0,6026961.0,17747.3671875,32078492.0,0.0,0.02288211611492286,0.016817359440485347,18.75079415552938,671362.4282750001,932454.0,322602.72527500003,11.96118679021742,6.054471531382157,563359.4140625,34449075.625,563359.4140625,39931437.28125,0.0,0.0,0.0,0.0,4709380.79296875,443824.8388671875,173845.45078277588,139588.24570465088,337.5093765258789,0.0,399089555.0493164,55068000.834350586,16337928.2902565,13612596.307174683,49163.866733551025,49163.866733551025,11.998106930129753,72897752.0,0.01279125863853799,0.009209645151677655,0.2707735898358018,0.0575477440783888,0.030209288591527925,16511324.25,3598721.8125,4922.011962890625,1575.0437927246094,27427783.745830536,2343271.3397750854,1.0645241420874474,1.0748424916710302,1.0,1.0,0.46913229267195,0.46436358745610795,0.33790202259103524,0.2471277827627195,21.083779533227236,26.80246653213003,4
