arm,seed,year,hpv_prevalence,infections,n_infectious,n_vaccinated,cancers,n_cancerous,cancer_incidence,cancer_deaths
observed,0,1980.0,0.3288167528546574,40504753.0,18293966.0,0.0,28.125782012939453,28.125782012939453,0.09954270781248294,0.0
observed,0,1981.0,0.3767234955988615,58698674.0,20784108.0,0.0,56.251564025878906,56.251564025878906,0.20259338443682004,0.0
observed,0,1982.0,0.4018387675848042,56161079.0,22011572.0,0.0,196.88047409057617,225.00625610351562,0.718878411202025,0.0
observed,0,1983.0,0.4131239456482281,51194404.0,22519302.0,0.0,1125.0313415527344,1293.78564453125,4.147631103749606,0.0
observed,0,1984.0,0.414531393014573,46941028.0,22545094.0,0.0,1096.9054870605469,2250.0625,4.077092643498446,0.0
observed,0,1985.0,0.4074525044207172,42979739.0,22151866.0,0.0,1856.3016967773438,3712.602783203125,6.920822916484547,0.0
observed,0,1986.0,0.39908740586406766,39347462.0,21704442.0,0.0,3431.345458984375,6918.94287109375,12.816122514362954,0.0
observed,0,1987.0,0.38833697618498747,36084082.0,21137848.0,0.0,4443.873779296875,10856.552734375,16.604838434063712,168.75469589233398
observed,0,1988.0,0.37590042759089526,33375007.5,20476636.0,0.0,5709.533935546875,15666.05859375,21.381542979417528,84.37734603881836
observed,0,1989.0,0.35852428329887287,30077991.5,19560778.0,0.0,6075.169189453125,20869.33203125,22.49636842502924,281.25782775878906
observed,0,1990.0,0.34313387545860125,28246272.5,18758208.0,0.0,7678.3382568359375,27169.5078125,28.411544588241924,534.389835357666
observed,0,1991.0,0.3297762184505649,26274485.5,18079534.0,0.0,7368.9549560546875,32400.8984375,27.20893554596347,956.2765808105469
observed,0,1992.0,0.3173583869369293,24494544.5,17440910.0,0.0,9956.52685546875,40079.2421875,36.70067127177421,1209.4086608886719
observed,0,1993.0,0.3042325742806558,22981070.0,16758324.0,0.0,10856.55224609375,47391.9453125,40.05645482760468,1743.7986450195312
observed,0,1994.0,0.2919038284447989,21592724.0,16106736.0,0.0,10969.05419921875,53973.3828125,40.43591817561185,2503.1948852539062
observed,0,1995.0,0.2789404702712965,20625000.5,15427779.0,0.0,11475.31884765625,60189.171875,42.23034546789225,3600.1002197265625
observed,0,1996.0,0.26735178000818954,19457190.5,14818490.0,0.0,12037.833740234375,66095.578125,44.25460311783198,4134.489685058594
observed,0,1997.0,0.25787395920212725,18686965.5,14327668.0,0.0,12965.985107421875,72817.6484375,47.588620016202505,4078.2384033203125
observed,0,1998.0,0.2502326430577976,17936063.5,13938799.0,0.0,12122.21142578125,77599.03125,44.40414894865998,5512.652099609375
observed,0,1999.0,0.24097077292068836,17335240.5,13468537.0,0.0,10350.28759765625,78920.9453125,37.80722153747955,6328.2998046875
observed,0,2000.0,0.23319087652823015,16674903.75,13082510.0,0.0,12122.211669921875,81452.265625,44.13894687217906,6918.941650390625
observed,0,2001.0,0.22600662229127386,16029727.5,12729531.0,0.0,12094.085693359375,84039.8359375,43.893811630994115,7200.199462890625
observed,0,2002.0,0.21991438556246426,15849130.5,12436630.0,0.0,12234.71484375,85614.890625,44.26881605250734,8043.9725341796875
observed,0,2003.0,0.21372177712011703,15299019.25,12143868.0,0.0,11053.431884765625,85896.140625,39.822908077586646,8184.6014404296875
observed,0,2004.0,0.20859819172941338,15115300.75,11911943.0,0.0,11390.94140625,85193.0,40.86100255950247,9253.380615234375
observed,0,2005.0,0.20505156374611808,14837726.75,11791199.0,0.0,10744.048828125,84686.734375,38.281767590743584,8465.859375
observed,0,2006.0,0.19975932821085804,14509443.5,11573787.0,0.0,9675.26904296875,82999.1875,34.23250127312948,8943.99755859375
observed,0,2007.0,0.19736260380949236,14607461.75,11526310.0,0.0,10012.77880859375,82774.1796875,35.161397192920006,7650.2117919921875
observed,0,2008.0,0.19406899302765368,14587043.75,11431020.0,313883.71875,9984.65283203125,80833.4921875,34.78158652540591,9028.374877929688
observed,0,2009.0,0.19197354886212145,14800096.25,11399182.0,629455.0,9534.640502929688,79652.21875,32.9612651817064,8212.727294921875
observed,0,2010.0,0.19039645870642857,14850496.25,11395356.0,948401.375,9056.502075195312,77711.5390625,31.075623402834115,8043.972900390625
observed,0,2011.0,0.18954758045592313,14979256.5,11441258.0,1268866.5,10350.287353515625,77289.6484375,35.24441726764212,8015.846435546875
observed,0,2012.0,0.18733806107194081,14971971.0,11399829.0,1586462.75,8690.866577148438,75855.234375,29.363495158831476,7172.0728759765625
observed,0,2013.0,0.18599348518251185,14797648.75,11394597.0,1899868.375,8268.980102539062,74617.6953125,27.758343109132817,7059.5699462890625
observed,0,2014.0,0.18406608439562983,14874515.75,11356122.0,2201658.0,9225.256958007812,73267.65625,30.763579990877584,7987.7205810546875
observed,0,2015.0,0.1812463412723516,14618402.0,11272390.0,2496472.25,7818.9678955078125,70708.21875,25.877847955438437,7903.3433837890625
observed,0,2016.0,0.17844780176322278,14374187.0,11190573.0,2789318.25,7678.3389892578125,68233.1484375,25.22305643857525,7340.82763671875
observed,0,2017.0,0.17485236655586603,13948503.25,11050985.0,3089223.0,6750.1878662109375,65336.1875,22.013502763730582,7368.9541015625
observed,0,2018.0,0.17253446970839997,13746982.0,10977830.0,3393460.0,6159.5462646484375,62636.109375,19.951190760745874,6412.6773681640625
observed,0,2019.0,0.17099669240077203,13563236.0,10943460.0,3980079.25,6862.6907958984375,60189.171875,22.104772690795173,6975.193115234375
observed,0,2020.0,0.16856478854072815,13112661.25,10845977.0,4480999.0,6497.0562744140625,57967.2421875,20.81852102636027,6243.922607421875
observed,0,2021.0,0.16661741873471303,12762945.0,10750799.0,5073384.5,5962.6661376953125,55295.2890625,19.049640919119735,6553.3060302734375
observed,0,2022.0,0.16461637637420387,12506831.5,10703688.0,5714765.0,7200.2005615234375,54901.53125,22.82030899788366,5568.9039306640625
observed,0,2023.0,0.1642111488208107,12361843.75,10762668.0,6373330.0,6187.67236328125,53270.23828125,19.451455046591406,5765.784423828125
observed,0,2024.0,0.16343467942874065,12283344.0,10790878.0,7046492.5,6806.439697265625,52313.9609375,21.235282238699956,5906.4130859375
observed,0,2025.0,0.1638318376758849,12271475.25,10890302.0,7731523.5,6018.91748046875,51582.6875,18.648993769931852,5400.149169921875
observed,0,2026.0,0.16362331588636195,12258087.5,10942251.0,8406937.0,5822.037170410156,50288.90625,17.926100027567706,5400.1495361328125
observed,0,2027.0,0.16551157677116063,12501712.75,11131256.0,9069073.0,5850.162841796875,48910.7421875,17.90903533331428,5765.7847900390625
observed,0,2028.0,0.1672226578181342,12727618.75,11306958.0,9719567.0,5934.540283203125,47898.2109375,18.068767478561448,5343.897705078125
observed,0,2029.0,0.1699965727087796,13003982.75,11553031.0,10381844.0,6525.1817626953125,47954.4609375,19.76592901307269,4922.01123046875
observed,0,2030.0,0.1722858290311468,13105798.75,11762877.0,11017825.0,5597.031005859375,47166.9375,16.877796759555608,4837.633850097656
observed,0,2031.0,0.17461055052959648,13403566.0,11978179.0,11638786.0,5090.7666015625,46379.421875,15.277703874683453,4753.2564697265625
observed,0,2032.0,0.1779921982920554,13723890.5,12261434.0,12249143.0,5681.4080810546875,46295.0390625,16.981940110778673,4303.244445800781
observed,0,2033.0,0.1818214181027971,14012630.0,12574586.0,12830615.0,6525.181884765625,46632.55078125,19.431464001575453,4837.6336669921875
observed,0,2034.0,0.18484437809069876,14299287.25,12835706.0,13400725.0,5456.4019775390625,46070.03515625,16.183889730900106,4668.8790283203125
observed,0,2035.0,0.18751617486470495,14636909.25,13071175.0,13976685.0,5568.905029296875,45395.015625,16.454670515436842,4978.26318359375
observed,0,2036.0,0.190060470583311,14750932.5,13295367.0,14551773.0,5625.1566162109375,44129.3515625,16.56709850108497,5456.400634765625
observed,0,2037.0,0.19235485038369365,14925621.25,13500656.0,15118113.0,5625.15673828125,44157.4765625,16.516505186706677,4500.125061035156
observed,0,2038.0,0.19461559110005197,14984432.0,13702767.0,15681559.0,5175.14404296875,42835.5703125,15.151979281987115,5400.149169921875
observed,0,2039.0,0.19790413426007877,15092632.0,13979329.0,16234397.0,5822.037109375,43285.578125,16.99613633066129,4275.118591308594
observed,0,2040.0,0.20047418462995928,15387249.5,14203604.0,16781978.0,5175.14404296875,42919.9453125,15.067555023224878,4134.4896240234375
observed,0,2041.0,0.20247962307945955,15464426.25,14388560.0,17329222.0,5484.52783203125,42610.5625,15.924671595738126,4500.1243896484375
observed,0,2042.0,0.2045750483617842,15431519.5,14577761.0,17867410.0,5259.521484375,42554.3125,15.23693689541136,4331.3704833984375
observed,0,2043.0,0.2057068672597123,15674835.5,14700053.0,18411924.0,6075.16943359375,43060.57421875,17.55797882932432,4584.5020751953125
observed,0,2044.0,0.20630018549781312,15684145.75,14783501.0,18943106.0,5203.2698974609375,42976.1953125,15.002146054106886,4162.615661621094
observed,0,2045.0,0.2075209748046225,15681641.75,14908604.0,19478848.0,5175.14404296875,42019.91796875,14.891827140230658,4865.759765625
observed,0,2046.0,0.2096483143914677,15864122.0,15100423.0,20020128.0,5765.7857666015625,42610.5625,16.55484845584439,4218.867126464844
observed,0,2047.0,0.21077549862973716,15931652.0,15216610.0,20551678.0,5850.1629638671875,42835.5703125,16.766839462017185,4668.879089355469
observed,0,2048.0,0.21197433132148694,16064995.75,15335807.0,21092622.0,4950.1378173828125,42582.4375,14.164772634701068,4443.873291015625
observed,0,2049.0,0.21430818724216608,16220616.25,15533222.0,21635476.0,4753.25732421875,42076.171875,13.586017522383324,4190.7413330078125
observed,0,2050.0,0.21676183865268295,16389455.0,15735954.0,22183028.0,6187.67236328125,42498.05859375,17.67091409908979,4556.376159667969
observed,0,2051.0,0.21932259637226506,16520043.25,15946474.0,22720596.0,6468.9300537109375,43848.09375,18.45852203711639,4078.2381591796875
observed,0,2052.0,0.2212027204558073,16583664.5,16102291.0,23271552.0,4922.011962890625,43004.3203125,14.038185848290217,4837.634033203125
observed,0,2053.0,0.22414993392594898,16727920.25,16336465.0,23814270.0,4893.885986328125,42723.06640625,13.949975759690025,4387.621643066406
observed,0,2054.0,0.22628548211240213,16755202.75,16508737.0,24375096.0,5765.78564453125,42723.06640625,16.42882308363666,4556.37646484375
observed,0,2055.0,0.22985394212822394,17152310.5,16781754.0,24927712.0,5878.2886962890625,44157.4765625,16.748178087195594,3543.8486328125
observed,0,2056.0,0.23280271401891514,17347897.0,17003778.0,25483084.0,5934.540283203125,44298.109375,16.91422334359321,4781.382568359375
observed,0,2057.0,0.23625283535168215,17499804.0,17260566.0,26032662.0,5175.1441650390625,43369.95703125,14.755119338358885,4865.7596435546875
observed,0,2058.0,0.23947906082477838,17702929.0,17497528.0,26564124.0,5512.6533203125,43173.078125,15.729860289915743,4303.244384765625
observed,0,2059.0,0.24237023634203625,18055344.5,17708442.0,27106954.0,5681.4080810546875,43623.08984375,16.225890484599024,3965.7352905273438
observed,0,2060.0,0.2457335685957528,18211696.0,17948832.0,27631188.0,5372.024658203125,43538.7109375,15.359958532314208,4443.8731689453125
observed,0,2061.0,0.2502023635980615,18602616.5,18271520.0,28152894.0,5737.659912109375,43707.46875,16.421577666445746,4500.124755859375
observed,0,2062.0,0.25305637976994255,18681593.5,18478272.0,28671198.0,5709.5340576171875,43679.34375,16.353758172091926,4922.010986328125
observed,0,2063.0,0.2579564109663517,19151125.5,18834514.0,29189724.0,5484.5277099609375,43932.47265625,15.720851445446856,4331.370178222656
observed,0,2064.0,0.26048546234255726,19254994.0,19016066.0,29697142.0,6525.181640625,44157.4765625,18.719809352548143,5315.772216796875
observed,0,2065.0,0.2632144710829909,19377791.5,19209908.0,30188892.0,6440.8040771484375,44101.2265625,18.498864196830706,5456.4010009765625
observed,0,2066.0,0.26545667784972193,19528180.5,19368454.0,30682106.0,6328.3009033203125,45170.0078125,18.19499014286067,4387.6217041015625
observed,0,2067.0,0.2682780987112141,19798526.5,19569694.0,31173970.0,6750.1878662109375,46491.921875,19.428872247903815,4528.250671386719
observed,0,2068.0,0.2700180734772352,19841614.0,19693334.0,31645330.0,5681.4080810546875,46407.546875,16.366945416431978,4528.25048828125
observed,0,2069.0,0.26958443163359275,19825919.5,19657756.0,32120344.0,5962.6658935546875,46745.0546875,17.191299495347202,4668.8795166015625
observed,0,2070.0,0.2718275034530974,20223702.5,19820098.0,32578376.0,6103.294677734375,46801.3046875,17.607047312034076,4753.256530761719
observed,1,1980.0,0.32904475860187965,40644819.5,18303782.0,0.0,0.0,0.0,0.0,0.0
observed,1,1981.0,0.37713679380348464,58734954.0,20810182.0,0.0,28.125782012939453,28.125782012939453,0.10127105826850508,0.0
observed,1,1982.0,0.4013059946130341,56046552.0,21986374.0,0.0,225.00626373291016,253.1320343017578,0.8213291444669577,0.0
observed,1,1983.0,0.4136768228914947,51513156.0,22545458.0,0.0,843.7734680175781,1096.9053955078125,3.1117397339645585,0.0
observed,1,1984.0,0.415789080632505,46869618.0,22604548.0,0.0,1575.0438232421875,2615.697509765625,5.858745467019619,0.0
observed,1,1985.0,0.40826218566719785,42937523.0,22185364.0,0.0,2025.0562438964844,4162.615234375,7.556896965335713,0.0
observed,1,1986.0,0.3991297654597523,39635892.0,21701854.0,0.0,3009.4586791992188,6834.5654296875,11.24572143958966,0.0
observed,1,1987.0,0.3888517872139051,36296656.0,21157054.0,0.0,4331.370544433594,10800.30078125,16.19848871852012,140.62891006469727
observed,1,1988.0,0.37640340666372474,33391236.0,20498520.0,0.0,4978.263671875,14681.6591796875,18.653354598207777,140.62891387939453
observed,1,1989.0,0.3585282688179663,30386926.0,19549752.0,0.0,6525.181884765625,20025.556640625,24.189849019204615,365.6351623535156
observed,1,1990.0,0.343734760620374,28287644.5,18777614.0,0.0,7481.45849609375,26269.484375,27.721678332898122,506.2640571594238
observed,1,1991.0,0.3297284635853929,26429769.5,18063248.0,0.0,8522.112182617188,32625.904296875,31.51205104685106,871.8992614746094
observed,1,1992.0,0.31804608681822816,24976706.5,17462398.0,0.0,8915.873168945312,39038.5859375,32.924324020205965,1181.2828674316406
observed,1,1993.0,0.30592655679774694,23701202.0,16838090.0,0.0,10012.77880859375,45535.64453125,37.00347040229008,2025.0564575195312
observed,1,1994.0,0.29422976353337277,22232557.5,16219238.0,0.0,11194.060546875,52763.97265625,41.34686379628205,2193.8112182617188
observed,1,1995.0,0.2819545893961775,21029956.0,15581767.0,0.0,11615.947265625,58501.6328125,42.81718573920856,3571.9744873046875
observed,1,1996.0,0.2704066188864214,20072385.5,14975628.0,0.0,11390.94140625,64689.296875,41.9389692664174,3262.5908203125
observed,1,1997.0,0.26020664638941615,18956720.5,14445908.0,0.0,12319.092041015625,70230.078125,45.283111530426346,4584.501953125
observed,1,1998.0,0.2500160085367364,17806938.0,13915342.0,0.0,11644.0732421875,75067.7109375,42.72005245060497,4725.130859375
observed,1,1999.0,0.24139036159679136,17188818.0,13481531.0,0.0,13022.236572265625,79624.09375,47.642369756646175,6412.677001953125
observed,1,2000.0,0.23363158139591966,16678222.25,13097136.0,0.0,11109.68408203125,81142.875,40.515481097046376,7003.3184814453125
observed,1,2001.0,0.2274411586515198,16034535.25,12799959.0,0.0,12853.48193359375,84292.96875,46.725289695539054,7059.5703125
observed,1,2002.0,0.22083109451285626,15647806.25,12480900.0,0.0,11447.19287109375,86711.7890625,41.47073232021063,6750.1868896484375
observed,1,2003.0,0.21463884441485379,15178330.75,12186056.0,0.0,11925.331298828125,87836.8203125,43.03751623694556,8128.3499755859375
observed,1,2004.0,0.20997274030226423,14902388.75,11983214.0,0.0,11137.80908203125,87921.1953125,40.007879439271015,8522.110717773438
observed,1,2005.0,0.20479339097228563,14737459.25,11769178.0,0.0,10828.426513671875,86486.78125,38.63545995832689,8775.242797851562
observed,1,2006.0,0.2001712311735847,14684133.0,11592153.0,0.0,10378.4130859375,86289.90625,36.75961370674307,8268.979125976562
observed,1,2007.0,0.1982369931659873,14486802.5,11571171.0,0.0,9590.89208984375,84658.609375,33.718514690011354,8493.984741210938
observed,1,2008.0,0.19388802046548625,14727980.75,11414764.0,315571.25,10519.04248046875,83589.828125,36.683534552300955,8831.49462890625
observed,1,2009.0,0.19246622625961263,14749047.0,11422976.0,629764.375,9900.275390625,81733.5234375,34.25967498284896,9309.633056640625
observed,1,2010.0,0.19118342061331103,14977343.75,11436983.0,949554.5,8887.747314453125,80102.2265625,30.52759763516098,8015.8468017578125
observed,1,2011.0,0.19058858102262383,15115863.25,11500070.0,1276460.5,8803.370361328125,78105.3046875,29.998171332573932,8353.35595703125
observed,1,2012.0,0.18916638129652286,15159402.5,11503191.0,1599682.0,8381.48388671875,74870.828125,28.355355549180615,9253.381591796875
observed,1,2013.0,0.18665071722819634,14921205.0,11427561.0,1910190.5,7818.9678955078125,72536.390625,26.279102479644806,7931.4691162109375
observed,1,2014.0,0.18440088103411933,14855362.5,11369538.0,2208211.25,8184.603515625,70089.4453125,27.326949470992822,7959.5953369140625
observed,1,2015.0,0.18085521107973546,14581502.25,11241706.0,2503644.5,7565.8358154296875,68261.2734375,25.066044576085773,7172.0733642578125
observed,1,2016.0,0.17833295596233625,14362627.25,11177777.0,2801074.75,7875.219482421875,66967.4765625,25.89373083673771,6778.3118896484375
observed,1,2017.0,0.17510062592346576,14001098.75,11066258.0,3100726.75,6722.0621337890625,64379.9140625,21.922606267072286,6637.6832275390625
observed,1,2018.0,0.171919861336017,13559495.5,10938679.0,3417648.25,6750.1878662109375,62242.34765625,21.86501344847471,6975.1927490234375
observed,1,2019.0,0.17053595090705442,13437036.0,10913646.0,4006939.5,7312.70361328125,60442.30078125,23.555272365872664,7003.3184814453125
observed,1,2020.0,0.16735838890731547,12897892.5,10769756.0,4525804.0,6862.69140625,58501.6328125,21.984203226357376,6637.68359375
observed,1,2021.0,0.1647995211405575,12467568.75,10637817.0,5115995.5,6187.6722412109375,55829.68359375,19.75230730444867,6665.8089599609375
observed,1,2022.0,0.1635354122756783,12381334.75,10636720.0,5759654.0,6356.4267578125,54535.8984375,20.1323411041157,5793.91015625
observed,1,2023.0,0.16173660205008675,12159450.25,10606064.0,6418331.5,6384.552978515625,53607.75,20.04882687589318,5259.5201416015625
observed,1,2024.0,0.16148443304824056,12214521.0,10669458.0,7073464.5,5793.9114990234375,51779.5703125,18.050717688882617,5962.6649169921875
observed,1,2025.0,0.16127554900281513,12213845.0,10727736.0,7761478.0,6412.6787109375,50879.546875,19.840028761400294,5315.772216796875
observed,1,2026.0,0.16263910772166335,12225770.75,10885576.0,8434472.0,5681.408203125,49276.375,17.46278005249715,5653.2813720703125
observed,1,2027.0,0.16378913844692014,12286634.75,11023731.0,9099281.0,6131.4208984375,48516.9765625,18.739890159706448,5400.1494140625
observed,1,2028.0,0.16523024852153823,12416856.75,11182080.0,9753008.0,6047.043212890625,47870.08203125,18.37811213177836,5175.1434326171875
observed,1,2029.0,0.16824609808978058,12691618.25,11443930.0,10410702.0,5625.1566162109375,47026.3125,17.00905984447364,5259.520751953125
observed,1,2030.0,0.17061865729898518,12857447.5,11662495.0,11053798.0,4837.634765625,45535.64453125,14.55229896125236,4781.3824462890625
observed,1,2031.0,0.17371898665169414,13221311.5,11930478.0,11679230.0,5990.7919921875,45760.6484375,17.936541984446087,4556.3760986328125
observed,1,2032.0,0.17760436969577542,13563066.75,12250466.0,12282866.0,5343.898681640625,45198.1328125,15.930644525428944,4640.753845214844
observed,1,2033.0,0.18014759693612026,13861987.5,12475358.0,12862089.0,5372.0242919921875,44129.3515625,15.952800438991792,5175.1435546875
observed,1,2034.0,0.18330040588689012,14136326.75,12745367.0,13437036.0,5540.7791748046875,44044.9765625,16.38828833689063,4275.118591308594
observed,1,2035.0,0.18641639873649368,14366143.25,13010339.0,14000817.0,5090.7667236328125,42976.1953125,15.002571427520172,4725.1307373046875
observed,1,2036.0,0.190072208537003,14687845.5,13312326.0,14578802.0,5737.6597900390625,43004.3203125,16.854756625055124,4471.999084472656
observed,1,2037.0,0.1933881472398645,15121854.0,13588774.0,15145058.0,4697.005615234375,41907.4140625,13.757345935553856,4387.62158203125
observed,1,2038.0,0.1955346580620619,15279612.75,13783967.0,15708163.0,5343.8988037109375,41429.28125,15.606636531244318,4893.885498046875
observed,1,2039.0,0.19796002989074943,15315613.5,13997920.0,16271438.0,6187.67236328125,42104.296875,18.02280318938497,4471.9990234375
observed,1,2040.0,0.199811770360912,15410228.5,14169965.0,16814828.0,4781.383056640625,41991.79296875,13.893033397669411,4050.1126098632812
observed,1,2041.0,0.20203551253932284,15423475.5,14368562.0,17361482.0,5062.640625,41091.765625,14.674301837432743,4443.8731689453125
observed,1,2042.0,0.20370120740675018,15600303.0,14528063.0,17917276.0,4809.508972167969,40191.7421875,13.906974114986768,4725.1309814453125
observed,1,2043.0,0.2062567604450624,15778000.75,14751269.0,18454618.0,5203.2698974609375,40585.50390625,15.011323897194288,3712.6033935546875
observed,1,2044.0,0.20802045009458436,15932635.75,14921009.0,18998824.0,5793.9112548828125,41148.01953125,16.67199558539013,3909.4835815429688
observed,1,2045.0,0.21043744682990834,15973250.0,15132710.0,19542972.0,5034.51513671875,40107.3671875,14.457533388286839,4612.6278076171875
observed,1,2046.0,0.21203898912519895,16093093.75,15283465.0,20075056.0,4725.1314697265625,39601.1015625,13.545396307296919,4078.2382202148438
observed,1,2047.0,0.2150138366321778,16293771.25,15533869.0,20614848.0,5343.898681640625,39938.609375,15.290866386540571,3881.35791015625
observed,1,2048.0,0.21587194264349982,16311603.25,15629721.0,21156804.0,5343.89892578125,40613.62890625,15.266638048209408,3909.4838256835938
observed,1,2049.0,0.216765906333813,16285304.75,15722789.0,21692908.0,5512.653564453125,40726.1328125,15.732246045951074,4246.9930419921875
observed,1,2050.0,0.21923124634472055,16540744.0,15926787.0,22233430.0,5034.51513671875,39854.234375,14.354865491688704,4809.508239746094
observed,1,2051.0,0.22041594800195083,16675044.5,16038473.0,22778960.0,5653.2823486328125,40726.1328125,16.102867631410223,3768.8548583984375
observed,1,2052.0,0.22220811040195174,16664441.5,16190634.0,23327102.0,5062.6409912109375,40163.6171875,14.409846981357699,4612.6280517578125
observed,1,2053.0,0.22433396520005805,16713380.5,16362792.0,23874738.0,5540.7791748046875,40810.5078125,15.766067802161146,4050.1124267578125
observed,1,2054.0,0.22794010894959713,17088746.5,16642221.0,24432188.0,5822.0372314453125,41654.28125,16.560704657801466,4106.363830566406
observed,1,2055.0,0.23009714834159464,17301996.0,16812466.0,24977860.0,6047.04345703125,42160.546875,17.20013989581835,4668.8790283203125
observed,1,2056.0,0.2330831777420615,17314737.5,17034802.0,25530868.0,4865.7603759765625,41823.0390625,13.848243107281078,4331.370361328125
observed,1,2057.0,0.23749266614130599,17556674.5,17363788.0,26081968.0,5315.77294921875,41541.78125,15.133294881985341,4640.75341796875
observed,1,2058.0,0.240136477424492,17600805.0,17559150.0,26626592.0,5343.8990478515625,41401.15234375,15.222495966894103,4584.5023193359375
observed,1,2059.0,0.24373012306415928,17957552.0,17823980.0,27151052.0,5484.52783203125,41457.40625,15.632506748247089,4387.621765136719
observed,1,2060.0,0.24637794747420633,18137331.5,18012538.0,27689944.0,5709.533935546875,41541.78125,16.293507000829436,4668.87939453125
observed,1,2061.0,0.24970585881945756,18453887.5,18250340.0,28228466.0,5597.030517578125,41766.7890625,15.991334280712314,4415.747741699219
observed,1,2062.0,0.2532997906253674,18701085.0,18510788.0,28745758.0,5822.0369873046875,42469.93359375,16.647005986222002,4246.992858886719
observed,1,2063.0,0.2547633154819757,18702773.0,18612910.0,29259166.0,5287.647216796875,42526.1875,15.136987265986479,4331.3702392578125
observed,1,2064.0,0.2583922679453758,18969912.0,18873918.0,29762110.0,6131.4207763671875,42751.19140625,17.56837740048025,4837.6336669921875
observed,1,2065.0,0.2609391673806388,19168564.0,19053444.0,30257940.0,6384.552734375,42751.19140625,18.317248943328714,5428.27490234375
observed,1,2066.0,0.2636872416609882,19373235.0,19249426.0,30734982.0,5850.162841796875,43313.70703125,16.800914566296157,4246.992858886719
observed,1,2067.0,0.26520054394608417,19481406.5,19355318.0,31229660.0,5287.6473388671875,43285.578125,15.200826357837125,3909.4835815429688
observed,1,2068.0,0.26878650602462484,19822657.0,19610814.0,31707850.0,6018.9178466796875,44382.484375,17.324107913116055,3993.86083984375
observed,1,2069.0,0.26984436230851444,19877418.0,19681662.0,32192544.0,6187.671875,45085.6328125,17.830165322551665,4556.37646484375
observed,1,2070.0,0.27148117954073386,20084536.0,19796640.0,32649222.0,5625.1568603515625,44832.5,16.223551421395292,4753.2564697265625
observed,2,1980.0,0.3396293324125333,43646402.5,18880754.0,0.0,0.0,0.0,0.0,0.0
observed,2,1981.0,0.3894814068718089,62517732.0,21468776.0,0.0,56.251564025878906,56.251564025878906,0.20296182719469183,0.0
observed,2,1982.0,0.41394695891843414,58725588.0,22649492.0,0.0,140.62891387939453,196.88046264648438,0.5146606716177242,0.0
observed,2,1983.0,0.42469395397618065,53440502.0,23117084.0,0.0,590.6414222717285,731.2703857421875,2.183696591783498,0.0
observed,2,1984.0,0.42478296301560897,48741304.0,23070396.0,0.0,1434.4148254394531,2109.433349609375,5.346528140224787,0.0
observed,2,1985.0,0.4168897666426442,44412830.0,22632140.0,0.0,2784.4524536132812,4584.501953125,10.412328923315382,0.0
observed,2,1986.0,0.4060206007641993,40107814.0,22057532.0,0.0,3796.9807739257812,8015.84716796875,14.213863967737488,0.0
observed,2,1987.0,0.3953545379974824,36967458.0,21492314.0,0.0,5118.8924560546875,12656.603515625,19.176832356089324,112.50312805175781
observed,2,1988.0,0.38108829450337717,34208458.5,20743802.0,0.0,5934.5404052734375,17662.990234375,22.259825184761016,84.37734603881836
observed,2,1989.0,0.36409526365141326,31139036.5,19847912.0,0.0,7453.332763671875,24047.544921875,27.651117157810493,337.50938415527344
observed,2,1990.0,0.34904476315129584,29123937.5,19064300.0,0.0,7847.093505859375,30544.595703125,29.09095926341224,365.6351661682129
observed,2,1991.0,0.33648376082657816,27180670.0,18429474.0,0.0,8212.728393554688,36029.125,30.386283487898094,1378.1633911132812
observed,2,1992.0,0.3228244410620193,25453494.5,17724162.0,0.0,9647.142822265625,42666.8125,35.633400473687836,1715.6728515625
observed,2,1993.0,0.3091910624215199,23910542.0,17015734.0,0.0,10828.42626953125,50373.28125,40.034701717645305,1743.7986450195312
observed,2,1994.0,0.2958997666396413,22657257.5,16312502.0,0.0,11222.1865234375,56617.203125,41.450838736256216,3037.5846557617188
observed,2,1995.0,0.2851616726482149,21436654.5,15756428.0,0.0,11981.582275390625,62776.7421875,44.18798450389837,3909.4835815429688
observed,2,1996.0,0.2732351428911299,20319919.5,15132430.0,0.0,11700.3251953125,68598.78125,43.091842558012054,4162.615417480469
observed,2,1997.0,0.26309172310737305,19274429.0,14604733.0,0.0,12684.7275390625,74027.0546875,46.64483180001985,4922.011413574219
observed,2,1998.0,0.2528981907552601,18205648.5,14073495.0,0.0,12656.601318359375,78442.8125,46.45535170898129,5793.9105224609375
observed,2,1999.0,0.24279689350654188,17351497.0,13558201.0,0.0,11390.94091796875,81536.640625,41.69025632099414,5962.6649169921875
observed,2,2000.0,0.23457319457705883,16919401.5,13148353.0,0.0,12150.33740234375,83871.078125,44.326290064330664,7593.9599609375
observed,2,2001.0,0.22704257511488737,16334301.0,12774674.0,0.0,12544.09814453125,85389.8828125,45.62468408159373,7959.5953369140625
observed,2,2002.0,0.22135967422651165,15946671.25,12508913.0,0.0,12009.708984375,86655.5390625,43.520448198912526,7875.2176513671875
observed,2,2003.0,0.2151004627626402,15643082.0,12211144.0,0.0,11447.193115234375,86993.046875,41.31761344295162,7903.3433837890625
observed,2,2004.0,0.2097440028073308,15451348.0,11968419.0,0.0,10912.8037109375,87189.9296875,39.20634160195165,8015.8466796875
observed,2,2005.0,0.20481944460006887,15020798.5,11771905.0,0.0,9675.26953125,86205.5234375,34.51327775966607,7903.343505859375
observed,2,2006.0,0.2004821314765761,14874431.5,11610322.0,0.0,11053.432373046875,86149.2734375,39.14954658571762,8325.230590820312
observed,2,2007.0,0.19886707897223121,14973800.25,11609732.0,0.0,9984.65234375,83505.4453125,35.09416758931764,9534.638916015625
observed,2,2008.0,0.19591067373068397,14873447.5,11534074.0,308539.8125,9506.5146484375,81199.1328125,33.14934811310177,8578.36181640625
observed,2,2009.0,0.19285067688780907,14904611.25,11444465.0,623548.5625,9815.8984375,78442.8125,33.97126101859494,9225.255981445312
observed,2,2010.0,0.19157388572424772,15134369.75,11459146.0,944745.0,9112.75390625,76783.3828125,31.304198857575056,8353.356323242188
observed,2,2011.0,0.18980685872922484,15244482.75,11451271.0,1272241.625,8184.6033935546875,74758.328125,27.89545118549188,7593.9603271484375
observed,2,2012.0,0.18825674579656015,15299215.5,11447840.0,1587053.5,8718.992431640625,73661.421875,29.496732524760972,7340.8280029296875
observed,2,2013.0,0.18604682879191095,15222600.0,11390857.0,1895143.25,7987.722412109375,71298.859375,26.84513309810562,7650.2119140625
observed,2,2014.0,0.18495241326803533,15187162.0,11403008.0,2193164.0,7425.20703125,69133.1640625,24.79119988673179,7228.3250732421875
observed,2,2015.0,0.1822461669796978,14863744.25,11329965.0,2490847.25,7875.2193603515625,66995.609375,26.082156666592933,7425.20556640625
observed,2,2016.0,0.18029915526018966,14729864.75,11302711.0,2788165.0,8043.9742431640625,65308.0625,26.43923459449034,7312.7022705078125
observed,2,2017.0,0.17850255723770342,14590417.75,11278889.0,3088154.5,7481.45849609375,63648.63671875,24.409202522531107,6806.4384765625
observed,2,2018.0,0.17544774119774917,14054003.25,11160028.0,3405666.5,7143.9490966796875,61201.6953125,23.1509175338657,7003.3184814453125
observed,2,2019.0,0.1727928320066333,13544954.75,11056553.0,3983032.5,5681.4083251953125,58107.875,18.304795248513052,6525.1806640625
observed,2,2020.0,0.17127112328036756,13313169.75,11019569.0,4490843.5,7143.9488525390625,56814.0859375,22.8924117912025,6187.6707763671875
observed,2,2021.0,0.16847707425611103,12944778.5,10870839.0,5086350.5,6665.8109130859375,55407.796875,21.2965203508862,6131.4200439453125
observed,2,2022.0,0.16708535409414288,12761763.75,10862936.0,5737153.0,7003.3199462890625,55632.8046875,22.202665355061978,5118.8914794921875
observed,2,2023.0,0.16669212758403643,12641583.0,10924728.0,6396956.0,6300.175537109375,54142.13671875,19.80823136787791,6075.1678466796875
observed,2,2024.0,0.1656212987965213,12579930.5,10936401.0,7078584.5,5765.7855224609375,52201.45703125,17.984918634736196,5428.275146484375
observed,2,2025.0,0.16589598467593028,12558274.0,11028850.0,7757878.0,6103.2947998046875,51020.171875,18.905042456690957,5540.7781982421875
observed,2,2026.0,0.1675823602369607,12645576.5,11207618.0,8441897.0,6975.194091796875,51076.421875,21.4753581586572,5062.6396484375
observed,2,2027.0,0.16950646915242623,12759625.75,11400083.0,9099647.0,5765.7857666015625,50373.28125,17.65026298443155,5343.897705078125
observed,2,2028.0,0.17181719072423837,12939772.0,11617719.0,9748142.0,5990.791748046875,49445.12890625,18.240425480887346,5428.2755126953125
observed,2,2029.0,0.17235978045351205,13114376.75,11714529.0,10394951.0,5990.7919921875,47954.4609375,18.144786903944954,5850.1619873046875
observed,2,2030.0,0.1749458639520463,13343152.0,11946566.0,11035938.0,5118.8924560546875,46941.93359375,15.430884150685813,4725.1307373046875
observed,2,2031.0,0.17770327102422354,13658244.75,12192864.0,11657377.0,5625.156494140625,46632.55078125,16.874519725786385,4697.005310058594
observed,2,2032.0,0.1806351415823031,13936296.5,12445939.0,12248890.0,6356.42724609375,47026.3125,18.992031070271967,5034.5146484375
observed,2,2033.0,0.18424767390458993,14248830.0,12747420.0,12835931.0,5681.408203125,46435.671875,16.905760851739696,4584.501892089844
observed,2,2034.0,0.18766917824444215,14536331.0,13037031.0,13415800.0,5793.911376953125,45676.2734375,17.17073071705268,5118.89208984375
observed,2,2035.0,0.1908736930164346,14815845.5,13306561.0,13991564.0,5203.27001953125,44888.75,15.370890205765232,5147.0174560546875
observed,2,2036.0,0.1946110238311167,15203194.0,13615241.0,14563558.0,5034.515197753906,43369.95703125,14.823255889652472,5400.149169921875
observed,2,2037.0,0.1959469014306629,15367336.25,13756714.0,15128407.0,5737.65966796875,43341.83203125,16.835505010577428,4584.502197265625
observed,2,2038.0,0.1999515819570498,15737330.25,14083900.0,15689124.0,4640.753967285156,41823.0390625,13.57573384472433,5062.640319824219
observed,2,2039.0,0.2025171611433598,15876806.0,14307191.0,16226495.0,4950.137939453125,41035.515625,14.44543637742546,4809.50830078125
observed,2,2040.0,0.2039111212968618,15949174.0,14449452.0,16779870.0,5203.269775390625,40191.7421875,15.141696984439687,5062.6402587890625
observed,2,2041.0,0.205798149355946,16117450.75,14623353.0,17328940.0,4809.509033203125,39488.6015625,13.964896150994178,4275.118591308594
observed,2,2042.0,0.2077453830779226,16159863.75,14803582.0,17874130.0,5315.7730712890625,39404.21875,15.398063610772729,4303.244384765625
observed,2,2043.0,0.21010755561905137,16431671.5,15012558.0,18413920.0,5793.9112548828125,39376.09375,16.74664735478346,4556.376220703125
observed,2,2044.0,0.21252246853902074,16504967.75,15226565.0,18955848.0,5540.779296875,39741.73046875,15.980531798263815,4275.11865234375
observed,2,2045.0,0.21350160650004868,16501480.75,15334372.0,19498476.0,4865.760498046875,40051.11328125,14.007644456380088,3684.4775390625
observed,2,2046.0,0.21520269898613836,16688685.25,15493143.0,20028482.0,5090.7666015625,40501.125,14.629465772562536,3768.8548583984375
observed,2,2047.0,0.21684670405763354,16710623.25,15646737.0,20568382.0,5906.4144287109375,41063.640625,16.944679439300693,4612.6278076171875
observed,2,2048.0,0.21830265280217767,16687532.25,15785257.0,21114444.0,5765.7852783203125,40979.265625,16.51587702125615,4781.3822021484375
observed,2,2049.0,0.22147172756211947,16750056.5,16044576.0,21670296.0,5737.659912109375,41513.65625,16.415816674869355,4246.9927978515625
observed,2,2050.0,0.22371833002967287,17067399.5,16235241.0,22222264.0,5568.9051513671875,42244.92578125,15.9144445564362,4218.867004394531
observed,2,2051.0,0.2250907837563396,16975062.0,16359193.0,22765174.0,5343.8988037109375,42188.671875,15.259181141652656,4640.753662109375
observed,2,2052.0,0.2275118891164021,17074514.5,16558126.0,23310732.0,5006.389404296875,41598.03125,14.284077325116689,4331.370056152344
observed,2,2053.0,0.22910157937654763,17218490.0,16693186.0,23860786.0,6384.5526123046875,42863.6953125,18.20744238039677,4162.6156005859375
observed,2,2054.0,0.2313715874771672,17358584.0,16873978.0,24419396.0,5175.1441650390625,42469.93359375,14.755747025852672,4387.6217041015625
observed,2,2055.0,0.23318477613785413,17562638.0,17021638.0,24969560.0,5062.6407470703125,42357.4296875,14.429457474819374,4528.250549316406
observed,2,2056.0,0.23636995285083923,17519464.0,17259976.0,25516414.0,6159.546630859375,42863.6953125,17.564166330024513,4837.6336669921875
observed,2,2057.0,0.24021153374727722,17876887.5,17543932.0,26061374.0,5962.6658935546875,43229.328125,17.01317737526143,4640.753601074219
observed,2,2058.0,0.24285957820308895,18131256.5,17739266.0,26614442.0,5934.5400390625,43932.47265625,16.943968134161015,4275.118469238281
observed,2,2059.0,0.24749935060156417,18445590.5,18080378.0,27150716.0,5793.9112548828125,44185.60546875,16.552580072484247,4359.4959716796875
observed,2,2060.0,0.2514572411167357,18544874.0,18365938.0,27688934.0,6131.420654296875,44466.859375,17.53434950936272,4640.75341796875
observed,2,2061.0,0.2556152755172859,18941982.5,18663142.0,28209346.0,5850.1630859375,44241.85546875,16.750840573056628,5006.388610839844
observed,2,2062.0,0.2581359997571515,19034263.5,18843992.0,28733916.0,5990.7916259765625,44466.859375,17.170346052635615,4612.627624511719
observed,2,2063.0,0.26070055063847297,19347106.5,19027822.0,29254216.0,5343.899169921875,44551.2421875,15.331397555980534,4359.495849609375
observed,2,2064.0,0.2665582247406565,19736113.5,19450244.0,29765066.0,5934.5401611328125,43763.71875,17.04288981932989,5231.3944091796875
observed,2,2065.0,0.2696559576809633,19877107.5,19670550.0,30267252.0,5653.281982421875,43285.578125,16.252485873452375,4837.6339111328125
observed,2,2066.0,0.27231813030260144,20159548.0,19856632.0,30750648.0,5990.7916259765625,43791.84375,17.246306666147355,4443.873107910156
observed,2,2067.0,0.27321345800841174,20235543.5,19918284.0,31236356.0,5906.4140625,44466.859375,17.01948415262079,4275.118591308594
observed,2,2068.0,0.27507485186015185,20461112.5,20051852.0,31714094.0,6131.420654296875,44269.98046875,17.68087234698726,5147.017272949219
observed,2,2069.0,0.2773669369817972,20641933.5,20213100.0,32182166.0,5962.6661376953125,43651.21484375,17.211215825207777,5512.6527099609375
observed,2,2070.0,0.2792420243883343,20664067.5,20343856.0,32653444.0,6159.5465087890625,43904.34375,17.79885926912227,5062.639892578125
observed,3,1980.0,0.3308883961938711,40568429.5,18416454.0,0.0,0.0,0.0,0.0,0.0
observed,3,1981.0,0.3784053333310148,59215599.0,20890708.0,0.0,28.125782012939453,28.125782012939453,0.10115845833178175,0.0
observed,3,1982.0,0.4037260410378818,56530711.0,22127454.0,0.0,168.75469589233398,196.88046264648438,0.615522858192528,0.0
observed,3,1983.0,0.4150830854236283,51615787.0,22631942.0,0.0,590.6414070129395,759.3961791992188,2.176152199840922,0.0
observed,3,1984.0,0.41620969349567033,47222201.0,22640890.0,0.0,1800.0501098632812,2475.06884765625,6.687691866739562,0.0
observed,3,1985.0,0.40840715320842436,43101298.0,22207384.0,0.0,2081.307830810547,4078.238037109375,7.757496241940038,0.0
observed,3,1986.0,0.39817497672784924,38982248.0,21665766.0,0.0,3346.9681396484375,7115.82275390625,12.488509929758614,0.0
observed,3,1987.0,0.3870445578824569,35660368.0,21071582.0,0.0,4893.886047363281,11644.07421875,18.27756241753117,28.125782012939453
observed,3,1988.0,0.37235356205408804,33127191.5,20288926.0,0.0,5568.9051513671875,16087.9453125,20.84217418594232,168.75469589233398
observed,3,1989.0,0.3558040166471497,29967092.0,19415478.0,0.0,6553.3076171875,21516.224609375,24.26039683628857,281.2578125
observed,3,1990.0,0.34148490898923195,27814877.5,18670936.0,0.0,7875.2196044921875,28041.40625,29.131621586685426,562.515625
observed,3,1991.0,0.32826969776035764,25996322.0,18001374.0,0.0,7818.9676513671875,33525.9296875,28.85676412539571,1096.9054870605469
observed,3,1992.0,0.3148854041153709,24260764.5,17309592.0,0.0,9647.142333984375,40782.3828125,35.54134848980826,1265.6602325439453
observed,3,1993.0,0.302134349608015,22930189.5,16647622.0,0.0,10294.0361328125,47673.203125,37.961533345246636,2025.0564575195312
observed,3,1994.0,0.29022387392342663,21711641.0,16019320.0,0.0,11531.570556640625,54648.3984375,42.48167467840097,2756.3268432617188
observed,3,1995.0,0.27854897121293454,20641202.0,15410060.0,0.0,10012.778564453125,59598.53125,36.82963293992797,3431.3455810546875
observed,3,1996.0,0.2655389091932417,19566065.0,14719937.0,0.0,11897.205322265625,65758.078125,43.728115117479526,3628.225830078125
observed,3,1997.0,0.2569327407734197,18592801.5,14275662.0,0.0,13106.613525390625,70398.828125,48.099995756560375,5793.91015625
observed,3,1998.0,0.2470713969003732,17801959.5,13761270.0,0.0,12459.7216796875,75067.7109375,45.6464362991972,5709.532958984375
observed,3,1999.0,0.23799654777704107,17172729.5,13302679.0,0.0,12712.8525390625,79933.4765625,46.435175136037614,5681.406494140625
observed,3,2000.0,0.22996568916661939,16344060.75,12903235.0,0.0,11756.576904296875,82717.9296875,42.798752832890145,6131.4193115234375
observed,3,2001.0,0.221859633753512,15702454.5,12496369.0,0.0,11840.954345703125,85221.125,42.97229486409054,7115.82177734375
observed,3,2002.0,0.21710670639987203,15411718.75,12279828.0,0.0,11250.3125,85389.8828125,40.69279145705566,8015.8463134765625
observed,3,2003.0,0.2110723957133791,15150655.5,11994660.0,0.0,11925.330810546875,86458.65625,42.95393518235583,8437.733642578125
observed,3,2004.0,0.20683159989788025,14980775.0,11815275.0,0.0,11700.3251953125,86739.9140625,41.94250322703879,8493.985107421875
observed,3,2005.0,0.202243995809189,14605718.0,11631557.0,0.0,10969.0546875,85924.265625,39.07631307297048,9281.50732421875
observed,3,2006.0,0.19900584459561574,14697492.5,11535170.0,0.0,9619.01708984375,83871.078125,34.0060963266694,8634.61376953125
observed,3,2007.0,0.19609927866463023,14672263.0,11456334.0,0.0,9703.39453125,81874.15625,34.05167736189908,8550.236938476562
observed,3,2008.0,0.19465315221691926,14866246.25,11466937.0,307414.78125,10012.778076171875,81846.03125,34.87068198740812,7537.7081298828125
observed,3,2009.0,0.1918565625066729,14960412.75,11392798.0,618767.1875,9084.6279296875,80552.234375,31.40032376764153,8100.2244873046875
observed,3,2010.0,0.19071489603054392,15060568.25,11413751.0,936026.0,8493.986938476562,77036.515625,29.14855776455347,9197.129638671875
observed,3,2011.0,0.189396308526691,15126805.25,11431893.0,1254213.0,9000.25048828125,74280.1875,30.64400584773077,9084.626708984375
observed,3,2012.0,0.18754320114003667,15254522.75,11408577.0,1573665.625,7397.0811767578125,70398.828125,25.003971398982497,8915.871337890625
observed,3,2013.0,0.1852690643833973,15016523.75,11346812.0,1878521.0,8606.48974609375,68542.53125,28.901900121696382,7622.085693359375
observed,3,2014.0,0.183423137708876,15055589.75,11314355.0,2181998.0,7537.7100830078125,66770.59375,25.140480024455087,7228.3251953125
observed,3,2015.0,0.18206343128613944,14877497.75,11322342.0,2478247.0,8184.603271484375,65195.55859375,27.087534648467848,7340.828369140625
observed,3,2016.0,0.1792980515854527,14639497.5,11244602.0,2772442.75,7256.4521484375,62720.48828125,23.828879198230027,7256.450439453125
observed,3,2017.0,0.17665095584335178,14315207.75,11166244.0,3075835.5,7593.9617919921875,61032.94140625,24.75379733438011,6834.5640869140625
observed,3,2018.0,0.17325262088404378,13790773.0,11025925.0,3383587.75,7481.4583740234375,60639.1796875,24.22028685391104,6103.2939453125
observed,3,2019.0,0.1706732364125162,13439707.5,10927597.0,3975551.0,6834.5654296875,59120.3984375,21.992147056895103,6018.9163818359375
observed,3,2020.0,0.16893216277186807,13129283.25,10875283.0,4490534.0,7818.9678955078125,58023.49609375,25.026108908287068,6834.5640869140625
observed,3,2021.0,0.16772214708691122,12864592.75,10829972.0,5084438.0,6215.7979736328125,55914.0625,19.828933478866876,6018.916748046875
observed,3,2022.0,0.16609088225287635,12480253.25,10806488.0,5739769.0,5990.7919921875,54170.26171875,18.961381695617803,5962.665283203125
observed,3,2023.0,0.16439844194878608,12435308.0,10783508.0,6391444.0,5737.6595458984375,52763.97265625,18.007188178544858,5625.15576171875
observed,3,2024.0,0.16330204741075363,12307813.75,10791693.0,7065224.5,5822.0372314453125,51245.1796875,18.130144092688834,5681.4068603515625
observed,3,2025.0,0.16280194264958076,12288632.0,10830704.0,7748990.0,5822.0372314453125,50260.77734375,18.006941230512435,5118.891540527344
observed,3,2026.0,0.16359899869787697,12473109.0,10950800.0,8419594.0,6553.3076171875,49304.5,20.13938800857769,6159.54541015625
observed,3,2027.0,0.1654035022705404,12578158.5,11133450.0,9087384.0,5315.77294921875,48151.34375,16.243451594404764,4922.011474609375
observed,3,2028.0,0.1662865236914169,12687764.75,11253801.0,9739789.0,6272.0496826171875,47926.3359375,19.061980933348664,4865.759704589844
observed,3,2029.0,0.1681016531750247,12948378.5,11434339.0,10383419.0,6300.1754150390625,48207.59375,19.050358607416964,4668.879455566406
observed,3,2030.0,0.17130957368246028,13178447.25,11708172.0,11025081.0,5990.7919921875,48629.484375,18.02775009544391,4331.370056152344
observed,3,2031.0,0.17372941027451103,13396112.75,11926991.0,11650711.0,5990.7918701171875,48066.9609375,17.950024756989716,4950.1370849609375
observed,3,2032.0,0.17739853823208487,13820868.25,12231229.0,12256568.0,5484.52783203125,47616.953125,16.364358933363864,4697.0052490234375
observed,3,2033.0,0.1810341117041258,14031896.25,12533749.0,12836720.0,5906.41455078125,46604.421875,17.550239977547385,5512.65283203125
observed,3,2034.0,0.1837329081263886,14405210.0,12771101.0,13415209.0,5822.036865234375,46688.8046875,17.23342938420638,4471.9990234375
observed,3,2035.0,0.18668560997617137,14545500.5,13024713.0,13973788.0,5090.7667236328125,46098.16015625,15.014917824966766,4471.9990234375
observed,3,2036.0,0.18973894297274874,14868103.5,13284988.0,14540157.0,5231.395751953125,44719.99609375,15.378242492312086,5090.765869140625
observed,3,2037.0,0.1914911707124672,14990057.0,13450228.0,15104388.0,5175.143798828125,43538.7109375,15.170704541587922,4893.885498046875
observed,3,2038.0,0.19423098844303335,15270611.75,13685921.0,15648369.0,5737.6595458984375,43341.83203125,16.772343919887106,4893.885498046875
observed,3,2039.0,0.19691885358060826,15439843.75,13919028.0,16197918.0,5372.024658203125,42807.4453125,15.659718814712273,4697.00537109375
observed,3,2040.0,0.19813183855520702,15405361.75,14048603.0,16753318.0,5878.2886962890625,43454.3359375,17.085731201943485,4078.2384033203125
observed,3,2041.0,0.2013316803348489,15640325.0,14317907.0,17291000.0,5568.905029296875,42751.19140625,16.14324880288497,5006.38818359375
observed,3,2042.0,0.20275293090847085,15667466.0,14458790.0,17826850.0,5484.527587890625,42019.91796875,15.863383632962666,4668.879333496094
observed,3,2043.0,0.20388903860989693,15767847.75,14580265.0,18358852.0,5147.018310546875,41457.40625,14.8525579995381,4443.873107910156
observed,3,2044.0,0.2046072177930728,15615292.75,14672544.0,18905024.0,5512.653564453125,40951.140625,15.87057407721587,4753.2567138671875
observed,3,2045.0,0.20656899411784607,15900404.0,14849541.0,19441834.0,5034.5152587890625,41204.2734375,14.467546752775567,3937.609375
observed,3,2046.0,0.20861069431864182,16038501.75,15031008.0,19975972.0,5203.269775390625,41513.65625,14.92773384440324,3937.6093139648438
observed,3,2047.0,0.21088156000297326,16200028.25,15229210.0,20527656.0,4556.3768310546875,39910.484375,13.049350975256575,4978.262939453125
observed,3,2048.0,0.21304132857237612,16347322.5,15417034.0,21062752.0,4893.88623046875,39601.1015625,13.994924833531435,4303.2442626953125
observed,3,2049.0,0.21414993208860927,16376798.25,15528469.0,21608754.0,5653.2823486328125,40304.2421875,16.143088258474098,4246.992980957031
observed,3,2050.0,0.21704706049237613,16481229.5,15766104.0,22162074.0,5231.3956298828125,40444.875,14.921015473105294,4218.8670654296875
observed,3,2051.0,0.21913662546181142,16562878.5,15939921.0,22712160.0,5456.4017333984375,40388.625,15.553335376382904,4528.250732421875
observed,3,2052.0,0.22146236675943773,16587769.5,16130417.0,23260724.0,5850.1629638671875,40979.265625,16.664625686140003,4050.1124877929688
observed,3,2053.0,0.2233417184102118,16760125.5,16282887.0,23804370.0,5428.276123046875,41654.28125,15.460904234969034,3909.4838256835938
observed,3,2054.0,0.2250532154730874,16883427.75,16423262.0,24360442.0,5934.540283203125,41710.5390625,16.898087427693156,5259.5203857421875
observed,3,2055.0,0.2268662967214228,17009516.0,16570641.0,24928048.0,6187.6724853515625,42694.9375,17.613402955909724,4387.6217041015625
observed,3,2056.0,0.23025402108812998,17253114.0,16823464.0,25468792.0,5315.773193359375,42694.9375,15.13805904857593,4528.250793457031
observed,3,2057.0,0.23425337895524936,17392195.5,17121036.0,26005576.0,4809.508850097656,42469.93359375,13.702462886033281,4106.3641357421875
observed,3,2058.0,0.23686242694218856,17504810.5,17312938.0,26543792.0,5597.03076171875,42863.6953125,15.957929896052299,4162.61572265625
observed,3,2059.0,0.24012100895996233,17731308.0,17552062.0,27084820.0,5484.5277099609375,42301.1796875,15.648459786712568,4809.5081787109375
observed,3,2060.0,0.24305978408338766,17896322.0,17764806.0,27611162.0,5428.2762451171875,42019.91796875,15.4996941690268,4865.759521484375
observed,3,2061.0,0.24600920964253514,18167848.0,17976198.0,28143220.0,5990.7918701171875,42329.3046875,17.12382499652307,4697.0052490234375
observed,3,2062.0,0.24875588963935855,18308871.5,18176764.0,28668892.0,5231.3955078125,41794.9140625,14.961377753650083,4697.0048828125
observed,3,2063.0,0.25130303105626245,18476388.5,18359920.0,29180752.0,5400.150390625,42132.421875,15.459448465316171,4078.2384033203125
observed,3,2064.0,0.2550007316968444,18765127.5,18624160.0,29680996.0,5597.030517578125,41879.2890625,16.040704488147945,4809.5079345703125
observed,3,2065.0,0.25867862074465137,19011396.5,18892144.0,30170694.0,6075.1689453125,42469.93359375,17.422643845070215,4668.879455566406
observed,3,2066.0,0.26239792504428466,19347443.5,19158720.0,30672290.0,5428.276062011719,41626.15625,15.582348859216903,4922.0113525390625
observed,3,2067.0,0.26464334980519,19560497.0,19321232.0,31156784.0,6440.8040771484375,42357.4296875,18.503823842426677,4556.3760986328125
observed,3,2068.0,0.2670634000019068,19680200.0,19496032.0,31639736.0,6103.294677734375,42948.0703125,17.5452777110325,4415.747314453125
observed,3,2069.0,0.2697319561211165,19862819.5,19687934.0,32116740.0,5681.408203125,42751.19140625,16.344576317687252,4753.2564697265625
observed,3,2070.0,0.2710724784850889,19911562.0,19783648.0,32585404.0,6187.67236328125,43032.44921875,17.812970841779553,5147.0172119140625
observed,4,1980.0,0.3358266682045889,42022845.0,18680302.0,0.0,0.0,0.0,0.0,0.0
observed,4,1981.0,0.3836966788286183,60788138.0,21166394.0,0.0,28.125782012939453,28.125782012939453,0.10132483496629432,0.0
observed,4,1982.0,0.40847936770359045,57463445.0,22377070.0,0.0,196.88047790527344,225.00625610351562,0.7187810555440697,0.0
observed,4,1983.0,0.41914791705612525,52567422.0,22843030.0,0.0,759.3961181640625,984.4024047851562,2.8008474780471553,0.0
observed,4,1984.0,0.4224035371241489,48142167.0,22967628.0,0.0,1434.4148254394531,2334.439697265625,5.333617000033692,0.0
observed,4,1985.0,0.41347303849190425,43924818.0,22475450.0,0.0,2446.943084716797,4443.873046875,9.125552144668852,0.0
observed,4,1986.0,0.4025228958923984,39564478.0,21895724.0,0.0,3403.2196044921875,7622.0869140625,12.705372340210454,0.0
observed,4,1987.0,0.3901808782682592,36196361.0,21247114.0,0.0,4303.24462890625,11419.068359375,16.067530121508177,56.251564025878906
observed,4,1988.0,0.3750885559417836,33070687.0,20447414.0,0.0,4612.6282958984375,15272.298828125,17.247491218658645,112.50312805175781
observed,4,1989.0,0.3568965339108158,30134439.5,19482672.0,0.0,6075.1690673828125,20138.060546875,22.4715147946065,309.383602142334
observed,4,1990.0,0.343253222518288,28060586.0,18776830.0,0.0,8831.495849609375,27197.6328125,32.63459965339723,703.1445465087891
observed,4,1991.0,0.3286867656704365,26290488.5,18032508.0,0.0,8465.860595703125,33385.30078125,31.21247833030626,1153.1570892333984
observed,4,1992.0,0.31536651788552233,24455450.5,17343400.0,0.0,8775.243774414062,39544.8515625,32.29857365904139,1434.4149475097656
observed,4,1993.0,0.3025464505805352,22824157.0,16679122.0,0.0,10265.909423828125,46266.9140625,37.812978332164036,1996.9306640625
observed,4,1994.0,0.2902867602872652,21765221.0,16029895.0,0.0,11700.324951171875,53776.5,43.06404758589332,2250.0628051757812
observed,4,1995.0,0.2788329949723513,20736604.5,15434274.0,0.0,10237.78466796875,58445.3828125,37.61348278066056,3600.1002197265625
observed,4,1996.0,0.2681723278598884,19630557.0,14877806.0,0.0,11981.5830078125,64858.046875,43.96107481714445,3403.2197875976562
observed,4,1997.0,0.25763619210222616,18536717.0,14326992.0,0.0,11362.81591796875,69555.0546875,41.62652689359074,4556.3763427734375
observed,4,1998.0,0.24816417010494268,17515527.0,13835353.0,0.0,12150.337158203125,75039.5859375,44.42579578380018,4471.9989013671875
observed,4,1999.0,0.23959638853554605,17020794.5,13402722.0,0.0,12628.475341796875,79680.34375,46.05056349682766,5709.532958984375
observed,4,2000.0,0.23099484854326796,16405852.75,12969361.0,0.0,11953.457275390625,82914.8125,43.45616769472998,6440.8031005859375
observed,4,2001.0,0.2243690204209601,15977609.0,12646786.0,0.0,12206.5888671875,86064.8984375,44.239711210661525,6665.809326171875
observed,4,2002.0,0.2174426415573044,15566072.5,12307110.0,0.0,11419.0673828125,86458.65625,41.24713062868575,8240.852905273438
observed,4,2003.0,0.21168704580408526,15208932.0,12038003.0,0.0,11447.192626953125,87189.9296875,41.176785899282336,7622.085693359375
observed,4,2004.0,0.2061797043526325,14828249.25,11784281.0,0.0,10237.78466796875,86458.65625,36.66062366679574,8578.362426757812
observed,4,2005.0,0.20126654636422173,14652800.75,11583884.0,0.0,10575.294189453125,85924.265625,37.61482709742801,8015.8466796875
observed,4,2006.0,0.19694161525690146,14291300.0,11422104.0,0.0,10097.156005859375,84264.84375,35.65232255794144,9309.633056640625
observed,4,2007.0,0.19539842550980963,14686017.0,11421317.0,0.0,10181.53271484375,82267.9140625,35.69209984266589,9478.387451171875
observed,4,2008.0,0.1926879491932486,14794020.0,11358765.0,311914.90625,10519.042236328125,80833.4921875,36.583704462969784,9225.255981445312
observed,4,2009.0,0.19206926998861534,15136930.0,11411473.0,622142.25,8353.357788085938,78836.5625,28.841338934561964,7762.7147216796875
observed,4,2010.0,0.19038632813240994,15178555.75,11401433.0,944520.0,8831.496215820312,76361.5,30.264832617208036,8353.356323242188
observed,4,2011.0,0.18791101913074715,15049149.0,11349343.0,1263607.0,8353.357666015625,73970.796875,28.40515313427791,8100.2242431640625
observed,4,2012.0,0.18756762457608353,15235258.0,11417774.0,1584494.0,8325.232177734375,71973.875,28.104052996467832,8043.972900390625
observed,4,2013.0,0.18648752535286447,15055955.5,11428518.0,1901612.25,8072.099853515625,69442.546875,27.073634616495127,7818.9661865234375
observed,4,2014.0,0.18470151805018975,15146239.0,11399576.0,2201967.5,7818.9676513671875,67558.125,26.049063605514856,7228.32470703125
observed,4,2015.0,0.18309223710582442,14992448.0,11392601.0,2487922.25,7903.3453369140625,66264.3359375,26.12699493411821,6834.5640869140625
observed,4,2016.0,0.1795191847724367,14692766.75,11264263.0,2789121.0,7453.33251953125,65083.0546875,24.45026198765524,6581.4317626953125
observed,4,2017.0,0.17673618215275172,14287474.75,11177747.0,3099123.75,7622.0872802734375,63283.00390625,24.81885255586457,6834.5640869140625
observed,4,2018.0,0.17463191805411052,14103475.75,11119584.0,3418435.5,6862.6912841796875,60357.921875,22.193522598216813,7172.0728759765625
observed,4,2019.0,0.17223142485478923,13765347.75,11031719.0,4000611.0,7481.458251953125,59542.28125,24.054896977999793,6300.1744384765625
observed,4,2020.0,0.17004272385144012,13495593.75,10950210.0,4508816.0,6468.93017578125,57010.96875,20.692313521633718,6637.68359375
observed,4,2021.0,0.1673147168261227,12983394.75,10805250.0,5086885.0,6553.307373046875,55182.7890625,20.898813916265347,6412.6773681640625
observed,4,2022.0,0.16470418495965922,12700984.0,10717076.0,5745872.0,6665.8109130859375,54310.890625,21.094496468260957,5653.2811279296875
observed,4,2023.0,0.1636759302271835,12484414.75,10736595.0,6415012.0,6497.0560302734375,53017.10546875,20.38860161093681,6047.0421142578125
observed,4,2024.0,0.16289312622390187,12352590.0,10764918.0,7089581.0,6328.3011474609375,52735.84765625,19.7070058854083,5175.1429443359375
observed,4,2025.0,0.16372854364176692,12332114.5,10894718.0,7780182.0,5793.9112548828125,51273.3046875,17.9124838705875,5568.9039306640625
observed,4,2026.0,0.16477477068909815,12481265.25,11030762.0,8449998.0,6103.2950439453125,50092.0234375,18.75149715413838,5597.0299072265625
observed,4,2027.0,0.1659452292410806,12647769.5,11171701.0,9108225.0,6215.79833984375,49782.640625,18.98803348981202,5034.514404296875
observed,4,2028.0,0.1681930571361165,12881495.5,11383882.0,9765355.0,6075.1693115234375,49473.25390625,18.46018221863021,4725.131042480469
observed,4,2029.0,0.17128544968100431,13098204.0,11651864.0,10414217.0,5822.0369873046875,48488.8515625,17.601430505242693,5484.527099609375
observed,4,2030.0,0.174880660427774,13482121.0,11950954.0,11059957.0,5906.4144287109375,47785.70703125,17.77776540024869,5062.6402587890625
observed,4,2031.0,0.1768244794317396,13729599.5,12140831.0,11676221.0,5231.3956298828125,46970.05859375,15.671353754775032,4809.50830078125
observed,4,2032.0,0.1796565776688469,14036564.5,12387860.0,12272881.0,5512.653564453125,46576.296875,16.445051560920415,4697.0050048828125
observed,4,2033.0,0.18248473382911365,14207260.5,12633932.0,12848363.0,5793.911376953125,46154.4140625,17.215848284035935,5034.5145263671875
observed,4,2034.0,0.1854538438937115,14395674.5,12891367.0,13418809.0,5287.6470947265625,45535.64453125,15.649726736278685,4781.3822021484375
observed,4,2035.0,0.18895331835816911,14688014.25,13181710.0,13985573.0,5765.7855224609375,45479.390625,17.009045452044056,4303.244079589844
observed,4,2036.0,0.192598436278128,15005300.25,13482909.0,14555430.0,4893.886047363281,44691.8671875,14.391119232435209,4584.502258300781
observed,4,2037.0,0.19497721509558008,15203307.0,13694415.0,15121911.0,4978.263427734375,43791.84375,14.595734227820204,4809.5081787109375
observed,4,2038.0,0.19727163264344508,15403393.75,13899704.0,15678800.0,5315.77294921875,43482.4609375,15.540859385563722,4331.370422363281
observed,4,2039.0,0.1996243096924025,15564104.0,14110620.0,16231838.0,5118.892395019531,42582.4375,14.92180089224394,4781.382385253906
observed,4,2040.0,0.20139093102544758,15788435.75,14277660.0,16779504.0,5147.01806640625,41963.66796875,14.964943185511387,4640.7535400390625
observed,4,2041.0,0.20361852020072863,15947711.5,14478448.0,17325508.0,5597.03076171875,41598.03125,16.229992567912365,4556.3763427734375
observed,4,2042.0,0.20519629375529053,15881868.75,14633815.0,17880460.0,6075.1693115234375,42413.6796875,17.570578847077858,4050.1124877929688
observed,4,2043.0,0.20786939689241596,16034901.25,14864250.0,18427226.0,5681.4083251953125,42469.93359375,16.39779784341061,4303.2445068359375
observed,4,2044.0,0.20976995655094385,16068934.25,15040036.0,18968084.0,5006.3895263671875,42469.93359375,14.41864274964965,3853.2318725585938
observed,4,2045.0,0.2101167279444502,16055686.5,15101886.0,19508772.0,5484.5277099609375,42188.671875,15.767107550924786,4443.873291015625
observed,4,2046.0,0.21022991269236663,15984387.0,15144862.0,20047466.0,5850.162841796875,42723.06640625,16.791054838796683,4218.867004394531
observed,4,2047.0,0.21189338931151536,16099647.0,15296994.0,20584358.0,5512.6534423828125,42723.06640625,15.799648020509725,4387.621643066406
observed,4,2048.0,0.21368282606135694,16199522.0,15460320.0,21127608.0,5625.156494140625,42329.3046875,16.0951710685394,4978.2626953125
observed,4,2049.0,0.2153544226332965,16362173.5,15613268.0,21676542.0,4584.502685546875,41598.03125,13.096693937711455,4359.4959716796875
observed,4,2050.0,0.21812683627061363,16547915.75,15842156.0,22222852.0,5653.282470703125,41373.02734375,16.12977055959692,5090.7657470703125
observed,4,2051.0,0.2204989646559828,16661769.0,16038472.0,22774908.0,5118.892578125,41457.40625,14.592513924418338,4106.36376953125
observed,4,2052.0,0.22318972779527474,16860647.25,16254424.0,23321222.0,5709.533935546875,41401.15234375,16.268112282872647,4697.0048828125
observed,4,2053.0,0.22639212727456473,17003103.0,16505502.0,23876848.0,5568.9049072265625,41851.1640625,15.862362060395501,4134.4898681640625
observed,4,2054.0,0.22943544244788136,17017898.5,16741561.0,24425500.0,4865.760498046875,41148.01953125,13.857616267743921,4443.873046875
observed,4,2055.0,0.2315789663946591,17258345.0,16912060.0,24977720.0,6356.4271240234375,41485.53125,18.09923076370745,5147.017578125
observed,4,2056.0,0.23531011045960218,17560331.0,17188820.0,25524624.0,6581.433349609375,43482.4609375,18.752600889520647,3656.351806640625
observed,4,2057.0,0.2383426691327572,17611661.0,17414162.0,26069420.0,5147.018310546875,42891.8203125,14.674304816698665,4640.753723144531
observed,4,2058.0,0.24258299959053098,18046823.0,17725598.0,26618606.0,4753.25732421875,42132.421875,13.560976645083409,4500.124694824219
observed,4,2059.0,0.2458513600103521,18171224.0,17965596.0,27156790.0,5512.653564453125,43257.453125,15.739017379275387,3543.8487548828125
observed,4,2060.0,0.25002876962890735,18544790.5,18267892.0,27694866.0,5400.150390625,43313.70703125,15.430996435187598,4387.621276855469
observed,4,2061.0,0.2525096759382177,18697512.5,18443032.0,28235640.0,5484.5277099609375,43144.953125,15.691856308486003,4359.4959716796875
observed,4,2062.0,0.25540101217216066,18813868.5,18650994.0,28757374.0,6075.169189453125,43482.4609375,17.39840735736212,5090.76611328125
observed,4,2063.0,0.2586831626512097,19009399.5,18885394.0,29271990.0,6525.1815185546875,43988.7265625,18.71029700772239,5062.6402587890625
observed,4,2064.0,0.26134583882969775,19300416.5,19075016.0,29778284.0,5231.395751953125,44129.3515625,15.01580502648137,4106.364074707031
observed,4,2065.0,0.2642559334382359,19498703.5,19284582.0,30278054.0,6018.917724609375,44438.734375,17.290513056904405,4443.873474121094
observed,4,2066.0,0.2676225621167921,19763058.0,19524100.0,30772078.0,6300.1749267578125,45648.14453125,18.11945877168578,4275.118835449219
observed,4,2067.0,0.2703393165368445,19943570.5,19719324.0,31257190.0,6075.1690673828125,45535.64453125,17.487289483994992,4781.382507324219
observed,4,2068.0,0.2720553780056968,20038662.5,19841952.0,31740758.0,6834.565185546875,46688.8046875,19.688407730702117,4612.6278076171875
observed,4,2069.0,0.2736967195145795,20261194.0,19955946.0,32205282.0,5793.9112548828125,46463.796875,16.70836965727401,4893.8856201171875
observed,4,2070.0,0.27462989684713307,20231943.5,20017314.0,32652202.0,5709.5341796875,45901.28125,16.48287786130982,5118.891845703125
observed,5,1980.0,0.33266702808914594,41022885.0,18494670.0,0.0,0.0,0.0,0.0,0.0
observed,5,1981.0,0.3819810993220658,60235159.0,21062612.0,0.0,28.125782012939453,0.0,0.10140907283618869,0.0
observed,5,1982.0,0.4071289999425843,57252672.0,22293788.0,0.0,168.75469207763672,168.7546844482422,0.6166241359416247,0.0
observed,5,1983.0,0.41693246943213136,51901290.0,22716152.0,0.0,759.3961181640625,900.0250244140625,2.802245611940314,0.0
observed,5,1984.0,0.4185263125526309,47392754.0,22756938.0,0.0,1125.03125,1996.9300537109375,4.183172842428739,0.0
observed,5,1985.0,0.4096633244032624,43189921.0,22265690.0,0.0,2165.6852111816406,3768.854248046875,8.078823773885832,0.0
observed,5,1986.0,0.3990441592301553,39307746.0,21701766.0,0.0,2953.2071533203125,6637.68505859375,11.030143602852677,0.0
observed,5,1987.0,0.3888368425931105,36042907.0,21159476.0,0.0,4668.880065917969,10969.0546875,17.455936183825653,56.251564025878906
observed,5,1988.0,0.3737184518189291,33413118.0,20355444.0,0.0,5034.51513671875,15019.16796875,18.858224629245402,281.2578239440918
observed,5,1989.0,0.35723957353972646,30198425.5,19484698.0,0.0,6553.3077392578125,20306.814453125,24.28148427268504,450.0124931335449
observed,5,1990.0,0.3427964632010718,28207120.0,18730758.0,0.0,8184.6029052734375,26832.0,30.31329020331163,534.3898620605469
observed,5,1991.0,0.32968292119018383,26486160.0,18063922.0,0.0,8972.12451171875,33919.69140625,33.166531047682284,675.0187530517578
observed,5,1992.0,0.3174509666540619,24881979.0,17434722.0,0.0,9928.40087890625,41035.515625,36.64589301456152,1209.40869140625
observed,5,1993.0,0.3043328636586219,23337087.0,16752924.0,0.0,9872.149658203125,47757.578125,36.47583148569114,1743.7986450195312
observed,5,1994.0,0.2939577922779845,22183984.5,16207678.0,0.0,11025.305419921875,53748.375,40.70705802266927,3150.087890625
observed,5,1995.0,0.28276724535865977,21028774.5,15628005.0,0.0,11475.318603515625,60329.796875,42.293901980553294,3262.5907592773438
observed,5,1996.0,0.27142922134707886,19861639.5,15034888.0,0.0,10575.2939453125,64745.546875,38.926984094396154,4331.3702392578125
observed,5,1997.0,0.2603900483076613,18955427.0,14457495.0,0.0,12740.97900390625,70483.2109375,46.8279535470201,4950.136962890625
observed,5,1998.0,0.2516163675394994,18093344.0,14005120.0,0.0,11981.58349609375,74477.0703125,43.9532793892138,5400.149169921875
observed,5,1999.0,0.241633311052485,17385333.0,13493933.0,0.0,11419.0673828125,77655.2890625,41.78235354771437,5737.65869140625
observed,5,2000.0,0.23370499483514387,16682131.5,13099609.0,0.0,12853.481689453125,81424.140625,46.887374842389825,6497.0545654296875
observed,5,2001.0,0.22689578567859622,16194684.5,12767670.0,0.0,11869.079833984375,84489.8515625,43.16208561518215,6356.42578125
observed,5,2002.0,0.2210439084604849,15816645.25,12490491.0,0.0,11137.809326171875,84686.734375,40.362238703062296,8212.727172851562
observed,5,2003.0,0.2157617878065867,15573892.5,12248215.0,0.0,11165.93505859375,85305.5078125,40.30563028906906,7987.7205810546875
observed,5,2004.0,0.21072991635459462,15304700.0,12025038.0,0.0,11559.696533203125,86458.65625,41.53013386901652,7875.2178955078125
observed,5,2005.0,0.20685727459019246,15139911.25,11885645.0,0.0,9759.646240234375,84546.109375,34.83183813319314,8915.87158203125
observed,5,2006.0,0.20401778808891238,14960638.0,11812603.0,0.0,9984.65283203125,83364.8203125,35.37403727624444,8662.739868164062
observed,5,2007.0,0.20080643409397683,15134819.0,11721082.0,0.0,9928.40087890625,81930.40625,34.903872755573474,8690.865112304688
observed,5,2008.0,0.19957095622565138,15346241.75,11748925.0,312196.1875,9703.3955078125,80636.6171875,33.837037168974994,8297.104858398438
observed,5,2009.0,0.19719096271942776,15254889.25,11700015.0,626361.125,9422.136962890625,79005.3203125,32.62102474221246,8831.494750976562
observed,5,2010.0,0.19550140212823872,15455623.0,11692759.0,941651.125,8493.986572265625,77345.90625,29.18732030183913,7818.9661865234375
observed,5,2011.0,0.1947281342122235,15638609.5,11747717.0,1258713.0,8156.4776611328125,75208.34375,27.80305138240769,7706.4632568359375
observed,5,2012.0,0.19214737710313384,15545176.25,11683562.0,1571584.25,8240.854858398438,72452.015625,27.88306858812679,8212.727294921875
observed,5,2013.0,0.18990254165106332,15453063.5,11624976.0,1885636.75,7875.2196044921875,70145.703125,26.474138180381814,7565.834228515625
observed,5,2014.0,0.18750394982428717,15176756.0,11559302.0,2184810.5,7397.080810546875,67108.109375,24.70033131395064,8156.475830078125
observed,5,2015.0,0.18432367521274015,14848555.75,11456756.0,2481622.0,6947.0684814453125,63986.1484375,23.015669370395948,7368.9537353515625
observed,5,2016.0,0.1819403635339782,14598771.25,11403907.0,2780514.75,8859.62158203125,64464.2890625,29.127401350147704,6384.5516357421875
observed,5,2017.0,0.1779276782445235,14208947.75,11241312.0,3096620.5,7818.9678955078125,63198.625,25.516082099343905,6468.9288330078125
observed,5,2018.0,0.17327200674449283,13843341.0,11019541.0,3406819.5,6243.924072265625,60386.05078125,20.24201392768888,7143.947509765625
observed,5,2019.0,0.170629291231617,13369224.25,10916544.0,4000948.75,7397.0811767578125,59261.0234375,23.840216745205616,6272.0487060546875
observed,5,2020.0,0.1690522411844812,13016892.5,10875508.0,4510925.0,6187.67236328125,56926.59375,19.832846795068534,6215.796875
observed,5,2021.0,0.16744217467532282,12685992.25,10804209.0,5109920.0,7650.2130126953125,56701.5859375,24.44058624177057,5962.66455078125
observed,5,2022.0,0.16589610044460357,12611178.75,10786518.0,5764913.0,6075.1693115234375,55717.1796875,19.256022382526094,5287.646240234375
observed,5,2023.0,0.1648086768436908,12395257.0,10805110.0,6429891.0,6272.0498046875,53832.75390625,19.704904915304173,5934.538818359375
observed,5,2024.0,0.16466506870653333,12476315.5,10877646.0,7090003.5,5822.0372314453125,52145.20703125,18.144957300286507,5259.520202636719
observed,5,2025.0,0.16534256302438624,12446755.0,10996168.0,7777650.0,6075.1693115234375,51020.171875,18.803114513195798,5343.89794921875
observed,5,2026.0,0.166093406481064,12529556.5,11112777.0,8435203.0,5906.4144287109375,49360.75,18.16802442037772,5568.9036865234375
observed,5,2027.0,0.1678888357439952,12788033.0,11296861.0,9086681.0,6750.1878662109375,49220.12109375,20.642554218400402,5006.388427734375
observed,5,2028.0,0.1694763606014715,12940503.0,11465812.0,9749352.0,5681.408203125,48573.23046875,17.278336687874013,5090.765380859375
observed,5,2029.0,0.1717456535444131,13077757.25,11679456.0,10418774.0,5709.5340576171875,47476.3203125,17.272364372871046,5034.5142822265625
observed,5,2030.0,0.1741990399273565,13388209.0,11903281.0,11064486.0,5343.898681640625,46632.55078125,16.08671351441753,4612.6278076171875
observed,5,2031.0,0.17827204130308386,13574121.5,12240030.0,11677374.0,5287.6470947265625,46182.5390625,15.840263352110497,4331.370300292969
observed,5,2032.0,0.1789408039989639,13801405.25,12340664.0,12272460.0,5625.1566162109375,46013.78125,16.77448432351552,4359.496032714844
observed,5,2033.0,0.18174111657359346,13965800.0,12586119.0,12862004.0,6328.30126953125,46210.6640625,18.79372873617705,4893.88525390625
observed,5,2034.0,0.1851317255367641,14227454.5,12872551.0,13444461.0,5400.150390625,45676.2734375,15.973897350523762,4668.879577636719
observed,5,2035.0,0.18860080680748834,14644335.25,13163597.0,14020224.0,4922.0120849609375,44382.484375,14.50511640112063,4893.88525390625
observed,5,2036.0,0.1914633091257339,14840794.25,13410879.0,14586705.0,5597.0306396484375,44157.4765625,16.439785607792135,4500.1246337890625
observed,5,2037.0,0.19429141288193486,15084250.75,13655573.0,15154396.0,5400.150390625,43707.46875,15.810122396902793,4556.376159667969
observed,5,2038.0,0.1969914350588023,15324303.5,13889636.0,15717389.0,5315.773193359375,43201.203125,15.517563092427947,4697.0050048828125
observed,5,2039.0,0.2000533748525109,15526809.75,14151262.0,16270004.0,5681.408203125,43538.7109375,16.536220045462137,4021.9867553710938
observed,5,2040.0,0.2006748493892189,15529031.25,14238367.0,16814492.0,5456.402099609375,44016.8515625,15.839735047981973,4162.615539550781
observed,5,2041.0,0.20220786299080734,15626486.75,14389008.0,17365588.0,5400.150390625,43032.44921875,15.635372146991864,5090.76611328125
observed,5,2042.0,0.20425319190889474,15705268.5,14576748.0,17909570.0,5568.905029296875,43173.078125,16.08337482339686,4528.250305175781
observed,5,2043.0,0.2063874166129515,15894751.75,14769635.0,18452820.0,5737.659912109375,43285.578125,16.5333360756805,4893.885498046875
observed,5,2044.0,0.20879482007423847,16035605.5,14983589.0,18997476.0,5737.6597900390625,43454.3359375,16.494967142514913,4415.747619628906
observed,5,2045.0,0.21021064010147408,16146477.0,15124780.0,19541398.0,5372.024658203125,43426.2109375,15.410211492158412,4331.3702392578125
observed,5,2046.0,0.21374912918806332,16295402.5,15417316.0,20082510.0,4922.0120849609375,43060.57421875,14.091517814408915,4387.621520996094
observed,5,2047.0,0.21457413530053795,16171339.75,15512129.0,20623566.0,4978.2637939453125,42610.5625,14.226832836405316,4584.502136230469
observed,5,2048.0,0.21573356147228143,16183012.0,15627753.0,21156860.0,5343.898681640625,42441.80859375,15.25068257644925,4303.2445068359375
observed,5,2049.0,0.2165297285066028,16246492.0,15716405.0,21700754.0,5597.03076171875,42807.4453125,15.95190444013862,4387.62158203125
observed,5,2050.0,0.21816603172901952,16336268.5,15861140.0,22243866.0,5428.276123046875,42835.5703125,15.454824941837876,4612.627990722656
observed,5,2051.0,0.22030102902130316,16509243.5,16042721.0,22784384.0,5681.407958984375,42554.3125,16.15773782171257,4668.87939453125
observed,5,2052.0,0.2247617872310451,16787998.5,16388049.0,23338380.0,4809.5087890625,41879.2890625,13.670595972308066,4528.25048828125
observed,5,2053.0,0.226716090055892,16949805.0,16547213.0,23885200.0,5681.4083251953125,42498.05859375,16.146284585638206,3965.7352294921875
observed,5,2054.0,0.22898906196903393,17030301.5,16727836.0,24426312.0,5765.7855224609375,42666.8125,16.383970594540582,4500.124755859375
observed,5,2055.0,0.23148558401554786,17250188.5,16919148.0,24967958.0,4809.509033203125,42160.546875,13.670660881514355,4443.873291015625
observed,5,2056.0,0.23474228012182521,17387555.5,17163702.0,25522208.0,5568.905029296875,42216.80078125,15.835694622170635,4584.5020751953125
observed,5,2057.0,0.2370764814229684,17530012.5,17341202.0,26073864.0,5484.5277099609375,42779.3203125,15.59970015257942,4106.364196777344
observed,5,2058.0,0.23999476428741,17712435.5,17557800.0,26620156.0,5934.540283203125,42723.06640625,16.8883642576114,4612.6278076171875
observed,5,2059.0,0.243881780257647,18141691.0,17844346.0,27153614.0,6047.043273925781,43679.34375,17.219232440963452,4190.741394042969
observed,5,2060.0,0.24765224857037998,18326478.5,18117026.0,27696468.0,5653.282470703125,44016.8515625,16.112316148110207,4303.244079589844
observed,5,2061.0,0.24939111410531511,18340568.0,18239682.0,28227906.0,5147.0184326171875,42835.5703125,14.684453334930806,5231.39501953125
observed,5,2062.0,0.25206772358887036,18645199.0,18431442.0,28750510.0,5568.905029296875,43988.7265625,15.905264429049723,3403.2197875976562
observed,5,2063.0,0.25666081830964355,19054007.0,18763300.0,29265240.0,5709.5338134765625,43285.578125,16.32498086906413,5287.646240234375
observed,5,2064.0,0.2597588891770656,19226052.5,18981220.0,29768018.0,5118.8924560546875,43594.96484375,14.656038541874116,3881.35791015625
observed,5,2065.0,0.2630991581554912,19353041.0,19221412.0,30276562.0,5118.8924560546875,43116.828125,14.66960058398019,4725.130615234375
observed,5,2066.0,0.2657299459082735,19675333.0,19411766.0,30762856.0,5850.1630859375,43257.453125,16.776915155363227,4837.633850097656
observed,5,2067.0,0.26935099342390767,20018188.0,19672832.0,31253622.0,6018.9176025390625,43904.34375,17.27617861064996,4528.250305175781
observed,5,2068.0,0.27070191164693486,20102199.0,19764776.0,31721918.0,6272.0494384765625,44326.234375,18.024687651818212,4922.01123046875
observed,5,2069.0,0.27341357057649934,20281473.5,19958786.0,32193134.0,5962.6658935546875,44748.12109375,17.15071788052058,4528.250793457031
observed,5,2070.0,0.27387543502931877,20223955.5,19987782.0,32654818.0,6440.803955078125,44973.12890625,18.543277382278543,4978.262878417969
observed,6,1980.0,0.33763753112851874,42703713.0,18772694.0,0.0,0.0,0.0,0.0,0.0
observed,6,1981.0,0.38484690247788417,61449264.0,21213728.0,0.0,28.125782012939453,28.125782012939453,0.10147483533961048,0.0
observed,6,1982.0,0.4090075002336584,57835015.0,22388264.0,0.0,225.0062599182129,253.1320343017578,0.8227169335570772,0.0
observed,6,1983.0,0.42037440111168306,52992402.0,22889408.0,0.0,703.14453125,871.8993530273438,2.5978423373800497,0.0
observed,6,1984.0,0.42170814039532684,48464883.0,22918714.0,0.0,1575.043716430664,2362.5654296875,5.862511325793163,0.0
observed,6,1985.0,0.4132942456412928,44093346.0,22451094.0,0.0,1800.0500183105469,3853.23193359375,6.7219191841674215,28.125782012939453
observed,6,1986.0,0.4036218502167116,40187408.0,21941176.0,0.0,3515.7227172851562,7031.4453125,13.143341405564277,0.0
observed,6,1987.0,0.39251682798270454,36951399.0,21353096.0,0.0,4359.496337890625,11081.55859375,16.309077259344438,28.125782012939453
observed,6,1988.0,0.3798381471285174,34016304.0,20685358.0,0.0,5568.9052734375,15750.4365234375,20.866864387006068,28.125782012939453
observed,6,1989.0,0.36199120878314817,30711495.0,19739996.0,0.0,6581.43310546875,21403.72265625,24.39761770141254,253.1320457458496
observed,6,1990.0,0.3474928770548928,28867262.0,18987122.0,0.0,7284.57763671875,27057.005859375,26.98195081851437,562.515625
observed,6,1991.0,0.33246233945745696,26693616.5,18218250.0,0.0,7115.8232421875,31950.88671875,26.29743893462656,956.2765655517578
observed,6,1992.0,0.3198937634053979,25221597.5,17567982.0,0.0,9309.634033203125,38729.203125,34.36301841337016,1800.0501861572266
observed,6,1993.0,0.3078432454044787,23795703.0,16944798.0,0.0,10490.91650390625,46126.2890625,38.7660961908063,1856.3016967773438
observed,6,1994.0,0.2943666744590226,22237648.5,16228715.0,0.0,10997.18017578125,52595.21875,40.60999692878544,2868.8300170898438
observed,6,1995.0,0.28303476502838965,21086630.0,15639789.0,0.0,12965.985107421875,60611.0546875,47.80566239867083,3290.7166137695312
observed,6,1996.0,0.27092245304642243,19847690.0,15002825.0,0.0,12234.714599609375,67333.1171875,45.063938518089586,3487.59716796875
observed,6,1997.0,0.2597560276920893,18892508.5,14417670.0,0.0,11756.57666015625,71748.8671875,43.238415406457875,4781.3824462890625
observed,6,1998.0,0.2503792421310942,17866172.0,13931740.0,0.0,12459.720458984375,76867.765625,45.74253829858059,5034.5142822265625
observed,6,1999.0,0.24228044028660703,17287652.0,13529906.0,0.0,10912.803955078125,79455.3359375,39.932320908030974,5484.5267333984375
observed,6,2000.0,0.23483452769998858,16679994.75,13162557.0,0.0,11925.3310546875,82521.046875,43.50448651075589,6581.43212890625
observed,6,2001.0,0.22754648364455343,16180959.25,12805780.0,0.0,10687.796875,82802.3046875,38.85468759149139,7509.582763671875
observed,6,2002.0,0.22142216516395644,15944926.25,12513919.0,0.0,11869.0791015625,84349.21875,43.00036259916453,7875.2177734375
observed,6,2003.0,0.21522304769463943,15614112.25,12219527.0,0.0,11081.558349609375,83842.953125,39.985019744757516,8634.61376953125
observed,6,2004.0,0.21044904543779996,15406065.5,12009960.0,0.0,10069.030029296875,82436.671875,36.16285912878006,8606.48828125
observed,6,2005.0,0.20681707266316826,15216750.5,11886209.0,0.0,10631.54541015625,82633.5546875,37.924506319215304,7818.9661865234375
observed,6,2006.0,0.20400779076814696,15241079.0,11815050.0,0.0,10153.407470703125,82239.7890625,35.95517372121924,8015.846923828125
observed,6,2007.0,0.19947203149707518,15165393.5,11644270.0,0.0,10490.916748046875,82492.921875,36.875161558103954,7734.589111328125
observed,6,2008.0,0.1970806827738786,15096176.25,11602504.0,313602.46875,8831.495849609375,79567.8359375,30.79446228406978,8718.991821289062
observed,6,2009.0,0.19639239821217508,15226314.25,11654987.0,627204.9375,9169.005249023438,78302.1796875,31.731016464197502,7931.4696044921875
observed,6,2010.0,0.1939686682868367,15405362.5,11602419.0,942494.9375,8606.4892578125,76417.75,29.566844526797592,7875.2181396484375
observed,6,2011.0,0.1910858371107748,15406599.75,11527886.0,1259556.875,8550.238159179688,74758.328125,29.143648670893338,7453.3309326171875
observed,6,2012.0,0.19064483736612312,15403027.75,11590972.0,1579628.25,8437.734741210938,72677.015625,28.55484086156511,7453.331298828125
observed,6,2013.0,0.18941853715714027,15546863.25,11593898.0,1886874.25,7565.835693359375,70201.953125,25.4416374838098,7762.71484375
observed,6,2014.0,0.1875257650492217,15346691.5,11561580.0,2183573.25,7622.0875244140625,67867.5078125,25.449285248411364,7622.085693359375
observed,6,2015.0,0.18524173271980982,15131698.25,11513794.0,2475912.5,8297.10595703125,66236.2109375,27.48975952455636,7818.9661865234375
observed,6,2016.0,0.18265751136679967,14946996.25,11448796.0,2769236.25,7397.0810546875,64126.78125,24.320190397970173,6778.312255859375
observed,6,2017.0,0.17955781331510814,14573597.5,11343409.0,3071926.0,7143.9486083984375,62354.8515625,23.317255953692868,6806.4383544921875
observed,6,2018.0,0.175610650169941,13985769.0,11167960.0,3382069.0,6947.0687255859375,60048.54296875,22.522975015530076,6778.312255859375
observed,6,2019.0,0.17312890998632616,13682686.0,11076636.0,3970770.0,7087.697509765625,59204.7734375,22.84212679853229,5568.9039306640625
observed,6,2020.0,0.17113087947046682,13464515.0,11009189.0,4459568.0,6693.9364013671875,57376.6015625,21.45659729130819,6722.060791015625
observed,6,2021.0,0.1698027281186669,13178391.0,10956032.0,5051109.0,7678.3388671875,56757.8359375,24.534080183652634,6075.168212890625
observed,6,2022.0,0.1680237779169019,12929309.0,10923209.0,5699239.5,6778.3140869140625,55970.3125,21.491015992447632,5737.65869140625
observed,6,2023.0,0.16655494516125036,12671423.25,10915672.0,6362980.0,6665.81103515625,54789.03125,20.957762440158724,5737.65869140625
observed,6,2024.0,0.1672915086010416,12792646.5,11046710.0,7050683.0,6468.93017578125,53185.859375,20.17892699418281,6159.54541015625
observed,6,2025.0,0.16705584907145243,12723400.5,11106225.0,7741030.5,6412.6788330078125,52088.953125,19.862341853931472,5428.2752685546875
observed,6,2026.0,0.1687953266485049,12888948.25,11289604.0,8408484.0,6187.6724853515625,50935.796875,19.04813524848862,5512.652099609375
observed,6,2027.0,0.16960022750308407,12941262.75,11406523.0,9070762.0,5878.2884521484375,49473.25390625,17.993416526000683,5259.52099609375
observed,6,2028.0,0.17116219453639514,13060825.5,11575361.0,9726373.0,5850.1629638671875,48741.984375,17.80575033954784,5118.891906738281
observed,6,2029.0,0.17353635008454987,13374455.5,11796797.0,10382605.0,6553.3076171875,49051.3671875,19.8417106404308,4865.759521484375
observed,6,2030.0,0.17664824002357535,13565542.25,12065397.0,11025954.0,5147.0184326171875,47757.578125,15.5085551573806,5006.3885498046875
observed,6,2031.0,0.17846572424808968,13688789.25,12248244.0,11654368.0,5709.533935546875,47391.9453125,17.118479279388133,4556.3760986328125
observed,6,2032.0,0.18089112036236996,13913514.0,12467427.0,12259606.0,5681.408203125,46407.546875,16.963786176035452,5147.0174560546875
observed,6,2033.0,0.1842728511744409,14256311.0,12751413.0,12842146.0,5765.7855224609375,45535.64453125,17.149145239751608,5259.520690917969
observed,6,2034.0,0.18679082118656432,14551547.75,12978162.0,13421680.0,5540.779357910156,44719.99609375,16.414219555784015,4893.885498046875
observed,6,2035.0,0.1894476080724172,14905285.25,13212058.0,14006751.0,4809.5087890625,43707.46875,14.196314749171181,4500.124816894531
observed,6,2036.0,0.19160869264558134,15070271.25,13410907.0,14563389.0,5400.150390625,43088.703125,15.885598936049353,4471.9989013671875
observed,6,2037.0,0.19328992073447737,15011123.25,13574513.0,15124864.0,5006.389404296875,41963.66796875,14.680024847820519,4978.2628173828125
observed,6,2038.0,0.19638111139346118,15223332.25,13836281.0,15684287.0,4640.7540283203125,41063.640625,13.566714176260438,4556.3763427734375
observed,6,2039.0,0.19979636734186215,15512549.5,14123220.0,16240418.0,5906.4146728515625,41907.4140625,17.215035301409316,4021.9868774414062
observed,6,2040.0,0.2024499041134744,15498485.5,14355483.0,16786422.0,5259.5213623046875,41091.765625,15.28563585162103,4640.753601074219
observed,6,2041.0,0.20326984070911153,15740537.5,14454346.0,17336676.0,6103.295166015625,41851.1640625,17.695119102995893,4443.873046875
observed,6,2042.0,0.20577902760664346,15942733.25,14675133.0,17884058.0,5090.7667236328125,41766.7890625,14.723121321494762,4078.23828125
observed,6,2043.0,0.20844845358806607,15965403.0,14907508.0,18429868.0,5034.515075683594,41682.41015625,14.526307426535109,3993.8611450195312
observed,6,2044.0,0.2099704997161686,16045560.5,15058797.0,18967548.0,5287.6470947265625,41935.54296875,15.220528824228893,3993.8610229492188
observed,6,2045.0,0.21126240371214208,16164420.75,15188457.0,19518478.0,5034.5150146484375,41541.78125,14.464460809220837,4387.6219482421875
observed,6,2046.0,0.2123960343417462,16298074.5,15307372.0,20062344.0,5231.3955078125,41485.53125,15.001199023061272,4359.495910644531
observed,6,2047.0,0.21347625186622543,16305669.0,15419680.0,20603090.0,4640.7542724609375,40022.98828125,13.284684189229774,5231.394775390625
observed,6,2048.0,0.2157070075647473,16380623.75,15613774.0,21132924.0,5287.64697265625,39854.234375,15.113256691729477,4640.753845214844
observed,6,2049.0,0.21780360664680806,16639409.25,15797604.0,21692880.0,5625.1566162109375,39826.109375,16.053979120562047,4668.87939453125
observed,6,2050.0,0.2191800342540872,16734135.75,15923945.0,22236300.0,5372.024658203125,39854.234375,15.315706213316561,4359.495849609375
observed,6,2051.0,0.22319135977735854,16949833.0,16237125.0,22781828.0,5372.024658203125,40473.0,15.30745912989327,3909.4837646484375
observed,6,2052.0,0.22563712415004444,16968086.0,16436002.0,23331854.0,5343.89892578125,40388.625,15.219823000438444,4668.879211425781
observed,6,2053.0,0.2290498053325734,17073249.0,16705196.0,23875950.0,5287.647216796875,40191.7421875,15.048936150226513,4753.2568359375
observed,6,2054.0,0.2301639577269739,17182575.0,16802258.0,24429268.0,5625.1566162109375,40810.5078125,16.005032859299266,4275.118713378906
observed,6,2055.0,0.23202794722981962,17296061.5,16949300.0,24988212.0,5990.791748046875,41344.90234375,17.048333524799933,4387.6217041015625
observed,6,2056.0,0.2352858980063573,17490523.5,17191742.0,25528734.0,5231.3956298828125,41513.65625,14.896016747761637,4162.615478515625
observed,6,2057.0,0.2398462904900772,17947680.0,17528886.0,26073474.0,5456.40185546875,41148.01953125,15.547350843630536,5147.0174560546875
observed,6,2058.0,0.2452658800091947,18211050.0,17925404.0,26617368.0,5400.150390625,41204.2734375,15.39915327756731,4303.244445800781
observed,6,2059.0,0.24827786512411718,18455068.5,18146220.0,27157942.0,5287.647216796875,41344.90234375,15.088829574771351,4387.621643066406
observed,6,2060.0,0.2503626782732474,18586782.0,18291998.0,27684208.0,5540.7791748046875,41654.28125,15.831469928496668,4697.0050048828125
observed,6,2061.0,0.25419182921450795,18957788.5,18567796.0,28209568.0,5343.898681640625,42329.3046875,15.285132847776655,3796.9805908203125
observed,6,2062.0,0.25808976932594035,19266582.5,18851108.0,28723344.0,6103.294677734375,42441.80859375,17.471004897238007,4697.005187988281
observed,6,2063.0,0.2620737254542809,19525845.5,19138242.0,29243754.0,6215.7979736328125,42891.8203125,17.810674687851066,4725.1307373046875
observed,6,2064.0,0.26523905010012355,19862230.0,19365050.0,29759466.0,5962.66650390625,43229.328125,17.10208548412513,4528.250244140625
observed,6,2065.0,0.2674505020887167,19992649.0,19523846.0,30268346.0,5428.2762451171875,43032.44921875,15.583016029132377,4443.873474121094
observed,6,2066.0,0.26935370516999035,20115530.5,19659752.0,30771460.0,5822.0367431640625,43173.078125,16.726286383160698,4584.5023193359375
observed,6,2067.0,0.27164608981322436,20203958.0,19825188.0,31258600.0,6159.54638671875,43398.08203125,17.70828998530242,4865.7596435546875
observed,6,2068.0,0.2757720394613846,20627252.0,20120114.0,31728182.0,5400.150390625,43257.453125,15.542837503250542,4303.244323730469
observed,6,2069.0,0.2780948836123862,20704935.0,20286648.0,32200842.0,5597.03076171875,42694.9375,16.12197499429027,5118.891357421875
observed,6,2070.0,0.27932287209197987,20813866.0,20371026.0,32659096.0,5878.28857421875,43341.83203125,16.9482614000323,4500.124755859375
observed,7,1980.0,0.3230997716103359,39048484.5,17977270.0,0.0,0.0,0.0,0.0,0.0
observed,7,1981.0,0.3739475267040596,57895769.0,20641006.0,0.0,56.251564025878906,56.251564025878906,0.20240354645427425,0.0
observed,7,1982.0,0.40055086947382107,56187153.0,21958588.0,0.0,309.38360595703125,365.63519287109375,1.1279356110852772,0.0
observed,7,1983.0,0.412372703159094,51420345.0,22487180.0,0.0,646.8929901123047,984.4024047851562,2.382881347289333,0.0
observed,7,1984.0,0.4130448128294988,46653780.0,22472164.0,0.0,1434.4148712158203,2334.439697265625,5.327411000366649,0.0
observed,7,1985.0,0.40408519581325447,42364600.0,21973070.0,0.0,2025.0562744140625,3909.4833984375,7.546196477638739,0.0
observed,7,1986.0,0.3942163631251757,38456550.0,21452742.0,0.0,3403.2196655273438,6975.19482421875,12.695481436234491,0.0
observed,7,1987.0,0.38453876393587344,35503652.0,20939700.0,0.0,5118.892578125,11728.4521484375,19.111344769977492,84.37734985351562
observed,7,1988.0,0.3717065817840711,32811845.5,20261418.0,0.0,5259.5211181640625,15750.4365234375,19.670750491856538,140.62891006469727
observed,7,1989.0,0.35412288260131736,29589757.0,19330850.0,0.0,6272.049560546875,21066.2109375,23.202027651362446,421.88672637939453
observed,7,1990.0,0.34031539600186717,27716269.5,18611280.0,0.0,7650.212890625,27394.513671875,28.283954999490614,618.7671813964844
observed,7,1991.0,0.3270280735283456,25962403.5,17935614.0,0.0,8747.118896484375,33919.69140625,32.2728658538912,928.1508483886719
observed,7,1992.0,0.3142848712102419,24410842.0,17275866.0,0.0,8578.363647460938,40360.5,31.605990033485483,1181.2828674316406
observed,7,1993.0,0.30163741015341294,23018391.0,16620903.0,0.0,10125.28076171875,47588.828125,37.33606812929059,1856.3017578125
observed,7,1994.0,0.29060467702438064,21692907.5,16039008.0,0.0,10969.05419921875,54001.5078125,40.41693386501471,2278.1884765625
observed,7,1995.0,0.2795434239695004,20483951.0,15462514.0,0.0,10659.670776367188,59317.2734375,39.222707350443734,3571.974365234375
observed,7,1996.0,0.2679458929845436,19387551.0,14852915.0,0.0,11644.073486328125,65054.9296875,42.798395563680614,3853.2322387695312
observed,7,1997.0,0.2584418829074666,18602504.0,14362092.0,0.0,11137.809326171875,69780.0625,40.858774396673844,4443.8734130859375
observed,7,1998.0,0.2483329763930489,17710100.5,13835690.0,0.0,11672.198486328125,73577.0390625,42.73587748449533,5315.771789550781
observed,7,1999.0,0.23989292598376877,17093780.0,13410289.0,0.0,12122.211669921875,77374.03125,44.264148884711986,5850.16162109375
observed,7,2000.0,0.23151946238902704,16455241.0,12989217.0,0.0,12206.58837890625,80439.734375,44.43893923424585,6750.1861572265625
observed,7,2001.0,0.2246081691935539,15788913.0,12650499.0,0.0,10715.9228515625,81986.65625,38.88953929492099,6806.4383544921875
observed,7,2002.0,0.21876526530395454,15432841.75,12372925.0,0.0,11053.4326171875,83449.1953125,39.98096084914788,6778.312255859375
observed,7,2003.0,0.21419426277604087,14980662.75,12171882.0,0.0,11953.457275390625,84489.8515625,43.05528317240876,8268.978759765625
observed,7,2004.0,0.20869541085800108,14644559.75,11919509.0,0.0,11025.306396484375,85277.375,39.53705155157659,8128.349609375
observed,7,2005.0,0.20385630353731382,14650944.0,11724991.0,0.0,11250.3125,84967.9921875,40.07156581747965,8100.2242431640625
observed,7,2006.0,0.19922905870973304,14569098.0,11548361.0,0.0,9534.639892578125,83364.8203125,33.70434671709428,8381.482055664062
observed,7,2007.0,0.1961234858982107,14456145.5,11458528.0,0.0,10069.030517578125,82155.4140625,35.33021851463888,8409.607299804688
observed,7,2008.0,0.19435071718997063,14657048.0,11453520.0,313039.9375,10040.90380859375,81283.5078125,34.939713667063565,8043.97216796875
observed,7,2009.0,0.1911573984344727,14591206.0,11354124.0,626079.875,8859.62158203125,79258.453125,30.60787387222159,8522.11083984375
observed,7,2010.0,0.1892982396239428,14638343.75,11332327.0,945616.875,9140.879638671875,77627.1640625,31.349111885578424,8325.230712890625
observed,7,2011.0,0.18791584854964744,14726912.0,11346840.0,1263269.5,9028.37646484375,74927.0859375,30.718826603513357,8859.619995117188
observed,7,2012.0,0.18589563821211816,14768650.75,11313932.0,1585309.75,7650.2130126953125,72367.6328125,25.833170575963514,7678.337158203125
observed,7,2013.0,0.18395671557539603,14716900.25,11271688.0,1891121.25,7734.5904541015625,69245.671875,25.950396348969434,8465.859252929688
observed,7,2014.0,0.1822686663763218,14675217.5,11244547.0,2193698.5,7650.212890625,66967.4765625,25.50908127080942,7706.4632568359375
observed,7,2015.0,0.1810674459600587,14633759.25,11262012.0,2488484.75,7397.0809326171875,65308.0625,24.473834683068578,6947.0670166015625
observed,7,2016.0,0.17925918116014686,14444500.5,11241762.0,2779980.5,7312.7037353515625,62720.48828125,24.015370500988578,7087.696044921875
observed,7,2017.0,0.17714042387876308,14123247.75,11198644.0,3078788.5,7706.46435546875,61229.8203125,25.113929127659187,6581.43212890625
observed,7,2018.0,0.17337236282974744,13781407.25,11032956.0,3391378.5,7790.8419189453125,60132.921875,25.224701085560014,6553.306396484375
observed,7,2019.0,0.16989002298524233,13287406.25,10876099.0,3969588.5,8015.8482666015625,60104.796875,25.80138363245395,6131.419677734375
observed,7,2020.0,0.168100960906496,13013939.25,10818918.0,4485612.0,6131.420654296875,57629.734375,19.635926669661263,6131.4193115234375
observed,7,2021.0,0.16603989372482872,12607015.5,10715528.0,5077322.5,6047.0435791015625,54817.15625,19.31133414257743,6834.5640869140625
observed,7,2022.0,0.16271463988745963,12404369.25,10581650.0,5735213.0,6243.9237060546875,53523.37109375,19.781339333604674,5878.287353515625
observed,7,2023.0,0.16129223513224017,12178180.75,10574337.0,6400359.0,5540.779052734375,51835.8203125,17.40747147242835,5090.7657470703125
observed,7,2024.0,0.161069725930888,12170306.5,10639252.0,7075153.0,5709.5341796875,51442.05859375,17.79699764815909,4387.621643066406
observed,7,2025.0,0.1607707939605155,12185016.25,10691425.0,7778888.0,5765.785400390625,49867.015625,17.847612929678668,5681.4072265625
observed,7,2026.0,0.16191541089123562,12168591.25,10833038.0,8447466.0,5850.162841796875,48629.484375,17.995743245374403,5287.6466064453125
observed,7,2027.0,0.16440575991400913,12389069.75,11061476.0,9101981.0,5850.162841796875,48263.84375,17.892150506417536,4922.01123046875
observed,7,2028.0,0.16611024126270454,12654098.75,11237205.0,9752840.0,6075.1693115234375,47785.70703125,18.47915037267317,4950.136962890625
observed,7,2029.0,0.16796931344019694,12711699.5,11421486.0,10404092.0,5850.162841796875,46773.1796875,17.701723829402194,5372.0233154296875
observed,7,2030.0,0.17052876837500267,12938590.75,11651359.0,11047920.0,5878.2886962890625,46520.046875,17.698398408490487,4387.621826171875
observed,7,2031.0,0.17341220739059865,13142727.25,11904490.0,11649643.0,5484.5277099609375,46463.796875,16.434671653062853,4078.2384033203125
observed,7,2032.0,0.17597024706015713,13488758.25,12133378.0,12250661.0,5597.0308837890625,45366.890625,16.697699192431745,5203.269287109375
observed,7,2033.0,0.1786196899874997,13681730.5,12365331.0,12832810.0,6047.04345703125,45338.765625,17.970746185708464,4697.00537109375
observed,7,2034.0,0.1803953635650937,13928055.25,12537967.0,13401737.0,5343.8988037109375,45085.6328125,15.820599134894286,4668.8795166015625
observed,7,2035.0,0.18406579496200856,14269951.75,12839645.0,13977585.0,4922.011962890625,44044.9765625,14.521749126822476,4837.633972167969
observed,7,2036.0,0.18698689709051022,14515378.0,13089373.0,14544544.0,5568.905029296875,44269.98046875,16.377430140344114,4162.6156005859375
observed,7,2037.0,0.18967213861639876,14755459.5,13322002.0,15110324.0,4303.24462890625,42132.421875,12.615768474230887,4837.6337890625
observed,7,2038.0,0.19327130423862737,15075503.25,13617491.0,15682064.0,4668.8800048828125,40051.11328125,13.648667318659008,5315.77197265625
observed,7,2039.0,0.19578946537390574,15047658.0,13838307.0,16244860.0,5822.0369873046875,39769.85546875,16.972416886480442,4697.0048828125
observed,7,2040.0,0.19687454543341207,15129841.75,13956772.0,16799276.0,4556.376892089844,38476.0703125,13.247459818987865,4753.2568359375
observed,7,2041.0,0.1986367878237027,15249967.0,14121504.0,17344410.0,5034.5152587890625,38026.0546875,14.60263878345517,4134.489990234375
observed,7,2042.0,0.20071445201175864,15405530.5,14311101.0,17895788.0,5259.5213623046875,38138.5625,15.216079153651926,3993.86083984375
observed,7,2043.0,0.20188899848917938,15402831.5,14435107.0,18445816.0,5034.51513671875,38391.69140625,14.531535782526957,3965.7353515625
observed,7,2044.0,0.20337160166350088,15618808.25,14582598.0,18994156.0,4303.2447509765625,38026.0546875,12.389768164581746,3684.4775390625
observed,7,2045.0,0.20567033843274052,15678126.5,14784711.0,19536280.0,5934.540283203125,39263.59375,17.053388205887483,3881.357666015625
observed,7,2046.0,0.20797392952676713,15800163.75,14986232.0,20076604.0,5597.031005859375,39685.4765625,16.054239456982092,3965.7352905273438
observed,7,2047.0,0.20979329675091596,15908308.0,15151527.0,20607930.0,5709.533935546875,39910.484375,16.348754363014443,4275.118591308594
observed,7,2048.0,0.21155964527399565,16077878.0,15309903.0,21154750.0,5315.773193359375,40669.87890625,15.202264739205637,3768.8549194335938
observed,7,2049.0,0.21454858166522017,16204810.0,15556032.0,21692878.0,5653.2825927734375,40782.3828125,16.145682853928285,4556.376159667969
observed,7,2050.0,0.21614443150922508,16269161.25,15698264.0,22237592.0,4781.382995605469,40247.9921875,13.640737612771096,4331.370056152344
observed,7,2051.0,0.2185592151852821,16452372.5,15898069.0,22785170.0,5343.89892578125,40304.2421875,15.231707504045263,4190.741516113281
observed,7,2052.0,0.22035701634671623,16445060.25,16049527.0,23330254.0,5428.2760009765625,40894.88671875,15.463208460769833,4106.3641357421875
observed,7,2053.0,0.22317570571042983,16559138.5,16274983.0,23887028.0,5737.659729003906,41316.7734375,16.33397022513906,4387.621643066406
observed,7,2054.0,0.2253712324091779,16637243.5,16450178.0,24443470.0,5034.5152587890625,41316.7734375,14.329504125867969,4275.11865234375
observed,7,2055.0,0.22793640347466113,16733434.5,16646976.0,24989474.0,5709.53369140625,42301.1796875,16.255631949200588,3881.3578491210938
observed,7,2056.0,0.23066708434179317,16966315.0,16850690.0,25523050.0,5681.4080810546875,42554.3125,16.185393430171047,4331.370056152344
observed,7,2057.0,0.23377820094678714,17352734.0,17081152.0,26063794.0,6187.67236328125,43088.703125,17.639445047907248,4556.376281738281
observed,7,2058.0,0.23733349288907643,17549756.0,17341852.0,26595598.0,5709.5341796875,43510.5859375,16.29031897545162,4471.998779296875
observed,7,2059.0,0.2409264639673177,17710439.0,17603560.0,27139802.0,5906.41455078125,43594.96484375,16.866739421915625,4725.130615234375
observed,7,2060.0,0.24351678912932417,18008741.0,17789106.0,27670990.0,5568.905029296875,43848.09375,15.919830392802902,4218.8670654296875
observed,7,2061.0,0.24614705878809168,18077086.0,17977634.0,28201890.0,5400.1505126953125,44213.73046875,15.451511991466022,4331.3702392578125
observed,7,2062.0,0.2480615980928759,18272194.5,18114212.0,28711726.0,5934.5404052734375,44804.375,16.99653028850236,3993.8609008789062
observed,7,2063.0,0.25178523513169626,18545549.5,18384248.0,29235624.0,6103.295166015625,44888.75,17.4940474882394,4837.634216308594
observed,7,2064.0,0.2564583053450606,18951320.5,18723192.0,29744672.0,5850.1629638671875,44438.734375,16.781583614984356,5118.891357421875
observed,7,2065.0,0.2600591147612988,19204874.0,18984590.0,30246946.0,5765.78564453125,44438.734375,16.550932424151686,4612.6279296875
observed,7,2066.0,0.26190181254045064,19374557.5,19113016.0,30749410.0,6300.1754150390625,45085.6328125,18.106117601063843,4500.124572753906
observed,7,2067.0,0.2655726483844092,19587919.0,19377708.0,31239728.0,6440.80419921875,45845.02734375,18.527120228973402,4500.1246337890625
observed,7,2068.0,0.26602424607280184,19589409.5,19407884.0,31721578.0,6553.30712890625,45620.01953125,18.866961857850033,5709.532958984375
observed,7,2069.0,0.26875866725336744,19879527.0,19603584.0,32188550.0,5400.1502685546875,45366.890625,15.558780059446347,4640.7537841796875
observed,7,2070.0,0.26962601006107145,19896431.0,19666560.0,32653242.0,6075.1688232421875,45648.14453125,17.5125381922803,4640.753662109375
observed,8,1980.0,0.3265217286012232,40079689.5,18175162.0,0.0,0.0,0.0,0.0,0.0
observed,8,1981.0,0.37622874561543973,58739373.0,20769738.0,0.0,28.125782012939453,0.0,0.10117330436076456,0.0
observed,8,1982.0,0.40112819548326395,56055213.0,21993376.0,0.0,196.88047409057617,196.88046264648438,0.717516740709453,0.0
observed,8,1983.0,0.4142060736071954,51328481.0,22598810.0,0.0,675.0187377929688,871.8993530273438,2.484052769726033,0.0
observed,8,1984.0,0.4159265084147865,46922522.0,22638048.0,0.0,1378.163330078125,2165.684814453125,5.114251432669557,0.0
observed,8,1985.0,0.40768648494043785,42891454.0,22178952.0,0.0,1800.0500793457031,3740.728515625,6.702300046814285,0.0
observed,8,1986.0,0.3976164624650496,39197833.0,21640004.0,0.0,3037.58447265625,6412.6787109375,11.329126945453547,56.251564025878906
observed,8,1987.0,0.3865751077109463,35844253.0,21054538.0,0.0,4050.1127319335938,10012.7783203125,15.114969275208042,168.75469207763672
observed,8,1988.0,0.3726780887185884,32825710.0,20314942.0,0.0,5372.024658203125,14259.7724609375,20.088835521854012,0.0
observed,8,1989.0,0.35514935414552296,29959302.0,19385076.0,0.0,7509.584228515625,20897.45703125,27.785063260774464,309.383602142334
observed,8,1990.0,0.34243492370322326,27989510.5,18725384.0,0.0,7875.2191162109375,27310.13671875,29.121438440047722,450.0125045776367
observed,8,1991.0,0.3280543729141865,25995506.5,17987590.0,0.0,8578.363647460938,33582.1796875,31.66419753619411,1012.5281524658203
observed,8,1992.0,0.3155477652777576,24505824.5,17345282.0,0.0,9590.89111328125,40641.75390625,35.338360173557334,1153.1571044921875
observed,8,1993.0,0.30172499973138367,22670587.5,16624193.0,0.0,9619.017211914062,46998.18359375,35.47184504166949,1771.9244384765625
observed,8,1994.0,0.2902272408199966,21475356.0,16017155.0,0.0,11053.431640625,53748.375,40.73400072147737,2475.0689697265625
observed,8,1995.0,0.27819713743557395,20415266.5,15389218.0,0.0,11334.689697265625,60189.171875,41.69960302781183,3487.5971069335938
observed,8,1996.0,0.2665283630954077,19321877.5,14778099.0,0.0,11278.438720703125,65842.453125,41.43247371500234,3571.9744873046875
observed,8,1997.0,0.25685044696292797,18360819.5,14274254.0,0.0,12178.462890625,71214.484375,44.67583593250229,4697.005187988281
observed,8,1998.0,0.24772011919383774,17695560.5,13801883.0,0.0,12572.22412109375,75433.3515625,46.02634065124611,5793.91015625
observed,8,1999.0,0.23972037985215414,17100278.0,13403313.0,0.0,12572.223876953125,79033.4453125,45.889125866435236,5850.16162109375
observed,8,2000.0,0.23099313201010774,16354606.5,12962272.0,0.0,12515.972412109375,82549.171875,45.55253954474949,6975.1927490234375
observed,8,2001.0,0.22327375958923826,15659309.75,12577202.0,0.0,11840.9541015625,85446.1328125,42.96747094260884,6918.9412841796875
observed,8,2002.0,0.21778954383043023,15203222.75,12317207.0,0.0,11784.702392578125,86711.7890625,42.635244882789024,7678.337158203125
observed,8,2003.0,0.21149450457543137,14813089.5,12016655.0,0.0,12206.588134765625,88258.703125,43.98521757160653,7931.4691162109375
observed,8,2004.0,0.20677882452436738,14669423.0,11808496.0,0.0,10687.797119140625,88539.9609375,38.341897778313616,7172.0736083984375
observed,8,2005.0,0.20302245613219957,14622733.75,11675603.0,0.0,9647.1435546875,86233.6484375,34.371525742597065,8465.858764648438
observed,8,2006.0,0.19901432499479985,14511018.25,11534805.0,0.0,10969.054931640625,86374.28125,38.78552121278702,8493.985107421875
observed,8,2007.0,0.19519723166237543,14559873.25,11403092.0,0.0,10125.28125,84433.6015625,35.53709291558816,9197.129638671875
observed,8,2008.0,0.19278102979039358,14572332.0,11359862.0,310789.875,9928.40087890625,83167.9375,34.55871251753556,8325.229858398438
observed,8,2009.0,0.1907482460494869,14610724.75,11330809.0,625264.25,9703.39501953125,81536.640625,33.519227066513835,8690.866088867188
observed,8,2010.0,0.1881746496829757,14612018.0,11264684.0,937741.6875,9225.256591796875,79539.7109375,31.64093127298854,8353.35595703125
observed,8,2011.0,0.18748709014566226,14721483.25,11320514.0,1258713.0,8381.483520507812,76699.0,28.520679227726653,8747.117553710938
observed,8,2012.0,0.18537542103828375,14608812.25,11282657.0,1576731.25,7425.2069091796875,72986.40625,25.07308477545676,8493.985229492188
observed,8,2013.0,0.18378631399878556,14635362.75,11262998.0,1887633.75,8015.8480224609375,70764.46875,26.88707559307017,7875.21728515625
observed,8,2014.0,0.18199796335583113,14716112.5,11231692.0,2185682.5,7172.0748291015625,67558.125,23.89952168457734,7959.595703125
observed,8,2015.0,0.17979723787878896,14412465.5,11185371.0,2480469.0,7875.2191162109375,65336.1875,26.043049384718767,7959.5948486328125
observed,8,2016.0,0.17773246286365238,14222926.25,11151057.0,2767830.25,7762.716552734375,63479.8828125,25.46992805716839,7397.0794677734375
observed,8,2017.0,0.17395841608230084,13909238.75,11001737.0,3072151.0,7987.7225341796875,62636.109375,26.01118768260867,6440.8031005859375
observed,8,2018.0,0.172806665924149,13803176.25,11003508.0,3386119.0,6778.31396484375,60751.68359375,21.91953560252315,5850.16162109375
observed,8,2019.0,0.1706785888918101,13512188.0,10932462.0,3973807.25,6778.313720703125,59570.40625,21.79524227594527,6018.9163818359375
observed,8,2020.0,0.1683973876754607,13261587.0,10845301.0,4485837.5,6778.31396484375,57601.609375,21.677069601110812,6356.4259033203125
observed,8,2021.0,0.16655874150174482,12881101.75,10757690.0,5087813.0,6215.7982177734375,55464.046875,19.818051333426226,6187.671142578125
observed,8,2022.0,0.1639722507458606,12635788.5,10671400.0,5740612.5,6103.294921875,54001.5078125,19.30656749307676,5625.15576171875
observed,8,2023.0,0.16340427704627447,12537939.5,10721069.0,6400330.5,6187.6724853515625,52623.34375,19.40961397031681,5765.784423828125
observed,8,2024.0,0.16287577511839907,12369803.25,10765705.0,7084209.5,5625.1568603515625,50879.546875,17.509702224484887,5681.4072265625
observed,8,2025.0,0.1629919246537516,12158606.5,10843191.0,7767863.0,5737.659912109375,49557.6328125,17.745628053553677,5147.0174560546875
observed,8,2026.0,0.16433165284646842,12365640.5,10999599.0,8439759.0,5906.4144287109375,48376.3515625,18.151991678718076,5315.7723388671875
observed,8,2027.0,0.1665513512363498,12585752.5,11210261.0,9097144.0,5456.40185546875,46773.1796875,16.67355760721956,5400.1488037109375
observed,8,2028.0,0.1682389589515653,12730768.75,11384978.0,9759420.0,5428.2760009765625,46098.16015625,16.49895515193394,4725.130615234375
observed,8,2029.0,0.17101741101430484,12925371.5,11632514.0,10427183.0,6018.917724609375,45704.3984375,18.199942164350016,5147.01708984375
observed,8,2030.0,0.17284623056770726,13051768.75,11813531.0,11065104.0,6300.17529296875,45957.53125,18.95708939652173,4781.3822021484375
observed,8,2031.0,0.17555044641796075,13329228.75,12053979.0,11680580.0,6018.91748046875,46238.7890625,18.02802089014984,4809.508056640625
observed,8,2032.0,0.17837233451722534,13575752.25,12299573.0,12287113.0,5793.9114990234375,45704.3984375,17.282868400626185,5034.5142822265625
observed,8,2033.0,0.18157464992771627,13869835.5,12571915.0,12860992.0,5484.5277099609375,45057.5078125,16.29270319841067,4753.256896972656
observed,8,2034.0,0.18379570504651682,14188388.75,12776332.0,13434899.0,4668.8800048828125,44551.2421875,13.81735192760478,3796.9806518554688
observed,8,2035.0,0.18726463829835532,14527809.0,13067295.0,13997554.0,5597.03076171875,43763.71875,16.501020702991006,4640.75341796875
observed,8,2036.0,0.19095558125588966,14807268.0,13374147.0,14556583.0,5484.5277099609375,43566.8359375,16.111549831404407,4556.3763427734375
observed,8,2037.0,0.19410379806891126,15131979.75,13641764.0,15124498.0,5343.898681640625,43004.3203125,15.645933806363924,4528.250305175781
observed,8,2038.0,0.19573700023855584,15248673.25,13797664.0,15685467.0,5709.5340576171875,43229.328125,16.67551118871694,4725.130859375
observed,8,2039.0,0.19839143452038976,15328888.5,14030939.0,16239236.0,5793.911376953125,43623.08984375,16.870548623869674,4162.615661621094
observed,8,2040.0,0.19974779524558256,15417709.25,14168362.0,16791992.0,5822.037109375,43369.95703125,16.910548711302837,5118.8914794921875
observed,8,2041.0,0.2012260584443591,15333416.5,14313942.0,17341372.0,5597.0308837890625,43763.71875,16.217230879993327,4443.873229980469
observed,8,2042.0,0.20321510749548566,15489655.75,14495914.0,17882402.0,4500.125244140625,42666.8125,13.008531537366556,4471.999267578125
observed,8,2043.0,0.20481196340603633,15569250.5,14650747.0,18423482.0,5568.9051513671875,42469.93359375,16.061351371598878,4837.634033203125
observed,8,2044.0,0.20694586550088365,15700064.0,14844366.0,18973990.0,5793.911376953125,42244.92578125,16.670564958610935,4922.011047363281
observed,8,2045.0,0.20797368641465652,15743968.5,14957965.0,19510996.0,5878.2886962890625,43144.953125,16.876141573074772,4134.489990234375
observed,8,2046.0,0.21067075484720588,15893597.75,15188512.0,20049940.0,5822.037109375,43398.08203125,16.683484123885314,4500.124816894531
observed,8,2047.0,0.2118926704121426,16003316.75,15309398.0,20588576.0,5878.288818359375,44101.2265625,16.81991270060756,4528.2503662109375
observed,8,2048.0,0.21273754637392508,16041624.25,15402326.0,21127354.0,5287.647216796875,43313.70703125,15.10778176546151,4950.136962890625
observed,8,2049.0,0.21483102600249832,16215637.5,15582808.0,21661942.0,4865.760498046875,42441.80859375,13.886013423430898,4725.130798339844
observed,8,2050.0,0.21686721368063436,16305555.25,15756765.0,22192704.0,6440.8045654296875,43313.70703125,18.36211704625342,4837.6339111328125
observed,8,2051.0,0.2181949443202352,16200759.75,15876414.0,22735700.0,5681.408203125,43623.08984375,16.18461400094954,4415.747497558594
observed,8,2052.0,0.21978248288805438,16246603.75,16014426.0,23289892.0,4950.1378173828125,43538.7109375,14.09034797509232,3881.3577270507812
observed,8,2053.0,0.22273466822767812,16493998.0,16248715.0,23841550.0,5090.7666015625,42329.3046875,14.481203243986338,4978.2628173828125
observed,8,2054.0,0.2241727670270454,16540911.5,16367320.0,24389750.0,6075.1693115234375,42723.06640625,17.28105035307156,4668.8792724609375
observed,8,2055.0,0.22711682492736882,16715771.0,16596800.0,24947820.0,4725.131591796875,41823.0390625,13.436561919982973,4443.8731689453125
observed,8,2056.0,0.23020032002003024,16886522.75,16828892.0,25506286.0,5456.40185546875,42554.3125,15.520884160925357,4021.9866943359375
observed,8,2057.0,0.23245663324317445,17080899.5,16994778.0,26048806.0,5540.779296875,42413.6796875,15.77518356384482,4697.0052490234375
observed,8,2058.0,0.23613252862440395,17456576.0,17266700.0,26594724.0,5456.4019775390625,42807.4453125,15.543478285688971,4078.2384033203125
observed,8,2059.0,0.23960794038259345,17721238.5,17524020.0,27146836.0,4837.6346435546875,41794.9140625,13.786239614639909,4809.5084228515625
observed,8,2060.0,0.24382177819834444,18002047.0,17828344.0,27672506.0,6075.169189453125,42666.8125,17.330789682496206,4246.992858886719
observed,8,2061.0,0.24706516713766322,18173333.0,18062292.0,28213084.0,4865.760437011719,42076.171875,13.893620626467467,4359.4962158203125
observed,8,2062.0,0.24963559061026616,18282854.0,18246768.0,28731724.0,6131.4207763671875,42329.3046875,17.524159744091982,4443.8731689453125
observed,8,2063.0,0.25325458796179245,18701478.5,18510702.0,29252838.0,5315.7730712890625,41626.15625,15.202960159404773,4978.262878417969
observed,8,2064.0,0.25594929902656294,18755816.5,18701730.0,29761830.0,5765.7855224609375,41654.28125,16.509574302559407,4612.6275634765625
observed,8,2065.0,0.25940194154898627,19029256.5,18951910.0,30258588.0,6187.67236328125,41991.79296875,17.73058380085391,4584.501770019531
observed,8,2066.0,0.26177484231214626,19253756.5,19122158.0,30750058.0,5456.4019775390625,41991.79296875,15.648807953658219,4443.873291015625
observed,8,2067.0,0.2637289646305364,19461494.5,19263348.0,31228648.0,6384.5521240234375,42919.9453125,18.323473973741116,4246.992858886719
observed,8,2068.0,0.26622961698879494,19498930.0,19442340.0,31718260.0,6890.8165283203125,44354.359375,19.795132305898317,4415.747497558594
observed,8,2069.0,0.26673550232775745,19667712.0,19475554.0,32182278.0,6215.7977294921875,45057.5078125,17.871062873323016,4359.49609375
observed,8,2070.0,0.2691168906507028,19719126.0,19647574.0,32640814.0,5737.6597900390625,45085.6328125,16.506991978493986,4668.8795166015625
observed,9,1980.0,0.32744382619935447,40578136.0,18215184.0,0.0,0.0,0.0,0.0,0.0
observed,9,1981.0,0.3753689838377973,58954169.0,20708254.0,0.0,56.251564025878906,56.251564025878906,0.20261926120983237,0.0
observed,9,1982.0,0.40034745732706434,56059799.0,21935974.0,0.0,112.50312805175781,168.7546844482422,0.4105671688909703,0.0
observed,9,1983.0,0.41271794881580115,51529411.0,22494718.0,0.0,506.26407623291016,675.018798828125,1.8667998430782984,0.0
observed,9,1984.0,0.4143622328379871,47292092.0,22529342.0,0.0,1434.4148864746094,2081.3076171875,5.334181483983578,0.0
observed,9,1985.0,0.40794312176319825,43200184.0,22176728.0,0.0,1771.92431640625,3487.59716796875,6.606931376522042,0.0
observed,9,1986.0,0.3981734932179338,39249360.0,21660732.0,0.0,2559.4461669921875,5681.408203125,9.553555010541224,28.125782012939453
observed,9,1987.0,0.3873781438250107,36314742.0,21084574.0,0.0,4134.490051269531,9619.017578125,15.44904653047727,56.251564025878906
observed,9,1988.0,0.37340371864641053,33149187.0,20343290.0,0.0,5231.395751953125,13837.8857421875,19.586474462322673,281.2578315734863
observed,9,1989.0,0.3552372107033854,30121220.5,19378214.0,0.0,5934.5400390625,18872.3984375,21.98184779710158,337.50937271118164
observed,9,1990.0,0.3418721667490914,27970639.0,18683958.0,0.0,7200.200439453125,24750.69140625,26.65323217233573,421.88671875
observed,9,1991.0,0.33019928973549273,26432975.0,18098968.0,0.0,8325.23193359375,30769.6015625,30.75095020956026,1040.6539459228516
observed,9,1992.0,0.3170625450316874,24784239.5,17417368.0,0.0,9675.26904296875,37941.6796875,35.69134981798064,928.1508331298828
observed,9,1993.0,0.30350894356915203,23355085.0,16715040.0,0.0,9731.521118164062,44607.4921875,35.91827317968983,1659.4212188720703
observed,9,1994.0,0.29192887829006653,22057193.5,16106961.0,0.0,11222.1865234375,52201.45703125,41.37326239899301,2221.9369506835938
observed,9,1995.0,0.28075900428847284,20952526.0,15525937.0,0.0,11475.318115234375,59036.01953125,42.24503252127694,2925.08154296875
observed,9,1996.0,0.2703826873714178,19855817.0,14985079.0,0.0,12319.091796875,66236.2109375,45.29982898947285,3656.3518676757812
observed,9,1997.0,0.2596032088797478,18831223.5,14421438.0,0.0,12740.978271484375,72395.765625,46.778281805716645,4246.9927978515625
observed,9,1998.0,0.2507765811164953,18022860.5,13964197.0,0.0,11278.438232421875,76614.625,41.34319201027808,5062.6402587890625
observed,9,1999.0,0.24075932038308065,17008981.5,13451125.0,0.0,12937.859375,81536.640625,47.30076931678842,6018.9163818359375
observed,9,2000.0,0.233302318002287,16493379.75,13086053.0,0.0,11700.324462890625,84686.734375,42.62583279611976,6159.5450439453125
observed,9,2001.0,0.22422177004746674,15758566.0,12623413.0,0.0,11840.953369140625,86430.53125,43.01686705802469,7425.2052001953125
observed,9,2002.0,0.2179163529178183,15370992.75,12319120.0,0.0,12065.96044921875,88118.078125,43.69271688386001,7425.20556640625
observed,9,2003.0,0.2129368810477608,14963112.25,12091723.0,0.0,10828.426025390625,86852.421875,39.062695937763515,9112.752563476562
observed,9,2004.0,0.20817560370755156,14950287.25,11883930.0,0.0,10715.9228515625,86318.03125,38.466513515941045,8409.607788085938
observed,9,2005.0,0.20237502551039402,14695748.5,11633806.0,0.0,10772.174560546875,85108.625,38.40688734482194,8972.123413085938
observed,9,2006.0,0.19796880286537633,14446891.5,11470706.0,0.0,9984.652587890625,84349.21875,35.32538773452411,8072.0982666015625
observed,9,2007.0,0.1958937926788217,14673613.75,11441032.0,0.0,9900.275634765625,82914.8125,34.766806972853956,8465.85888671875
observed,9,2008.0,0.19324821469418865,14603130.25,11384754.0,303477.1875,9675.268798828125,81902.28125,33.692792859503264,8297.104125976562
observed,9,2009.0,0.19101007970375902,14600599.25,11341102.0,618204.6875,7790.8414306640625,77655.2890625,26.933239050160548,9000.249633789062
observed,9,2010.0,0.18959278780581565,14706492.0,11347459.0,940807.375,9337.760498046875,75855.234375,32.036874479282965,8409.607788085938
observed,9,2011.0,0.18785549213608757,14800854.5,11340540.0,1255956.75,8072.099853515625,72986.40625,27.475212930718246,8184.6015625
observed,9,2012.0,0.1859497419715347,14772812.75,11314298.0,1576815.75,7678.3388671875,70595.7109375,25.94162207447464,7368.953369140625
observed,9,2013.0,0.184677625093481,14629990.25,11313061.0,1883639.875,8437.735107421875,68486.28125,28.322681349494314,7987.720947265625
observed,9,2014.0,0.18327641246283086,14681011.25,11307239.0,2179495.0,8100.225830078125,66995.609375,27.007336803981865,7031.444580078125
observed,9,2015.0,0.18016602677795657,14512734.75,11205648.0,2474450.0,6975.194091796875,64211.15625,23.07841976964145,7284.576171875
observed,9,2016.0,0.1777487344400669,14328792.5,11148412.0,2777336.5,6693.9364013671875,62270.47265625,21.976988047355952,6581.4317626953125
observed,9,2017.0,0.17558380500629056,14082297.75,11101836.0,3089673.25,7228.326171875,60554.8046875,23.54846879433369,6890.8155517578125
observed,9,2018.0,0.172907592232651,13743466.5,11007390.0,3410419.75,7200.200927734375,58782.890625,23.29405462134032,6862.690185546875
observed,9,2019.0,0.17076608684626546,13478015.0,10935949.0,4010314.5,6947.06884765625,57404.7265625,22.344814632852945,6272.04833984375
observed,9,2020.0,0.16797508017677124,13082988.75,10816162.0,4526254.0,6243.923828125,55379.671875,19.975490894982087,6018.9163818359375
observed,9,2021.0,0.1658024051447248,12810168.0,10707006.0,5106292.0,6918.942626953125,54592.1484375,22.067275479667376,5709.5325927734375
observed,9,2022.0,0.16549614064399737,12637532.25,10767449.0,5747869.0,6131.420654296875,53270.23828125,19.407727007320652,5990.7906494140625
observed,9,2023.0,0.16431382237901548,12379000.75,10776618.0,6407531.0,6159.546630859375,52117.078125,19.33665751372537,5625.155029296875
observed,9,2024.0,0.16228499145498648,12119146.25,10723517.0,7092900.0,5400.150390625,50907.671875,16.819886381201112,4753.2564697265625
observed,9,2025.0,0.16251882093045616,12134417.5,10810594.0,7775175.5,5934.5404052734375,49670.13671875,18.359339401080007,5428.2752685546875
observed,9,2026.0,0.16397652066680188,12353799.25,10973274.0,8448367.0,5568.9046630859375,48545.10546875,17.122725557629018,5090.7657470703125
observed,9,2027.0,0.16618150618776498,12506747.25,11183570.0,9112079.0,6300.1754150390625,48151.34375,19.259624649065092,5090.765380859375
observed,9,2028.0,0.16755906061977474,12637926.5,11338290.0,9768618.0,6187.6724853515625,47757.578125,18.809401569152527,5118.891357421875
observed,9,2029.0,0.17010259675802575,12837759.0,11567740.0,10427942.0,6047.04345703125,47532.57421875,18.293358872079448,4865.759765625
observed,9,2030.0,0.17324929261953403,13112464.25,11837804.0,11075398.0,5737.6597900390625,47223.19140625,17.27424447751554,4668.879577636719
observed,9,2031.0,0.17500179751550146,13223730.25,12013928.0,11703728.0,5343.8988037109375,46238.7890625,16.012298211137104,4753.256591796875
observed,9,2032.0,0.17761590807855065,13457651.5,12246246.0,12303483.0,5400.1502685546875,45085.6328125,16.110628397267003,4950.136901855469
observed,9,2033.0,0.1809898239214747,13788496.0,12530176.0,12878850.0,5259.521484375,44663.7421875,15.628083392633878,4246.9927978515625
observed,9,2034.0,0.18496539777452298,14099847.75,12855872.0,13446008.0,5990.7919921875,44073.1015625,17.73396678798637,5147.0174560546875
observed,9,2035.0,0.18716666643731528,14387630.75,13057112.0,14015808.0,6047.04345703125,44494.98828125,17.838565636646496,4415.747375488281
observed,9,2036.0,0.18976408872651632,14687030.0,13285522.0,14600627.0,5203.2696533203125,44073.1015625,15.298563855544929,4415.747375488281
observed,9,2037.0,0.19277653348409116,14905426.75,13541438.0,15167109.0,4584.5025634765625,42948.0703125,13.437692384808573,4697.005187988281
observed,9,2038.0,0.19447641928366877,15146070.0,13705833.0,15720260.0,5850.1629638671875,43341.83203125,17.0950436775051,4443.8731689453125
observed,9,2039.0,0.19791150971717802,15303153.5,13991845.0,16281452.0,4978.263488769531,42413.6796875,14.506654560466393,4837.633972167969
observed,9,2040.0,0.2009011946198104,15347282.5,14244274.0,16834264.0,5090.766784667969,41682.41015625,14.798900003769175,4837.633850097656
observed,9,2041.0,0.20185919286254628,15426991.25,14353881.0,17392928.0,5372.0245361328125,41766.7890625,15.575780372981557,4387.6217041015625
observed,9,2042.0,0.20445442723772625,15535697.25,14580517.0,17950380.0,5090.7667236328125,41823.0390625,14.72357791119228,3825.1064453125
observed,9,2043.0,0.20627347661662424,15598839.25,14751382.0,18488004.0,5175.14404296875,41794.9140625,14.93260656451444,4190.7413330078125
observed,9,2044.0,0.2070871719455045,15789898.5,14849850.0,19033054.0,5625.156494140625,41935.54296875,16.196260918909264,4753.2568359375
observed,9,2045.0,0.2090134119873115,15847190.0,15023048.0,19570986.0,5962.666015625,42582.4375,17.14092576363766,4359.496032714844
observed,9,2046.0,0.21113212654380717,15996453.5,15213122.0,20106080.0,5540.779296875,42498.05859375,15.895520033682235,4246.992980957031
observed,9,2047.0,0.21103952206920798,15953505.5,15241980.0,20646488.0,5259.521423339844,42188.671875,15.06060619852524,4275.118469238281
observed,9,2048.0,0.21328243223170198,16090590.75,15438297.0,21193450.0,5400.150329589844,41626.15625,15.436293115465036,4612.627685546875
observed,9,2049.0,0.21459311646349966,16120263.0,15563625.0,21739962.0,5428.276123046875,41682.41015625,15.49546154686987,4331.3702392578125
observed,9,2050.0,0.2160729707900296,16110053.5,15693793.0,22285574.0,5231.395751953125,41457.40625,14.924034857528518,4443.87353515625
observed,9,2051.0,0.21786485296839833,16237042.0,15846543.0,22831692.0,5512.653564453125,41907.4140625,15.716399465468696,3909.4837036132812
observed,9,2052.0,0.21965257355162537,16598682.75,15995610.0,23367178.0,5540.779357910156,41991.79296875,15.790153315128396,4556.376159667969
observed,9,2053.0,0.22279308551647886,16647312.5,16242639.0,23923562.0,5625.156494140625,41654.28125,16.022302821365983,4865.7596435546875
observed,9,2054.0,0.22517555533144495,16866187.0,16433276.0,24479924.0,5315.7730712890625,41569.90625,15.134424128230316,4218.8670654296875
observed,9,2055.0,0.22902653777638635,17031313.0,16725896.0,25022664.0,5793.911376953125,42385.5546875,16.497331438878177,4021.9867553710938
observed,9,2056.0,0.23219488856796064,17245828.5,16962940.0,25590440.0,5597.031005859375,42807.4453125,15.943495099682046,4078.2383422851562
observed,9,2057.0,0.23449387386418882,17423022.5,17135970.0,26140328.0,5597.031005859375,42807.4453125,15.951165016783989,4612.627258300781
observed,9,2058.0,0.23780942249453046,17559404.5,17381114.0,26682674.0,5512.6534423828125,42919.9453125,15.718971695593428,4415.747253417969
observed,9,2059.0,0.24203805323490263,17851067.5,17688838.0,27229078.0,6300.1756591796875,43932.47265625,17.983043160319394,4640.753479003906
observed,9,2060.0,0.24502490394256138,18099587.5,17906222.0,27776712.0,5597.031005859375,43763.71875,15.986852524333049,4697.005126953125
observed,9,2061.0,0.2490394578915838,18416453.0,18194510.0,28314560.0,6553.3074951171875,44551.2421875,18.73897489978963,4500.124816894531
observed,9,2062.0,0.2521850419031505,18519196.0,18421966.0,28839556.0,5625.1566162109375,44326.234375,16.098993298434607,4697.005126953125
observed,9,2063.0,0.2560088868169681,18897824.0,18697820.0,29349194.0,5597.0308837890625,44494.98828125,16.03474418510241,4415.7474365234375
observed,9,2064.0,0.2589204453187988,18927019.0,18903732.0,29858500.0,5231.395751953125,44213.73046875,15.00532535890902,4218.867004394531
observed,9,2065.0,0.26086723879618057,19191008.0,19043010.0,30353204.0,5709.5335693359375,44551.2421875,16.390808102223225,4556.3763427734375
observed,9,2066.0,0.2635015559091937,19383979.5,19229962.0,30849652.0,5625.1566162109375,44016.8515625,16.16493473590325,4753.2567138671875
observed,9,2067.0,0.2656552566639416,19565391.5,19385270.0,31330912.0,6018.9173583984375,44691.8671875,17.30996746696232,4387.62158203125
observed,9,2068.0,0.26912378150691046,19888529.0,19634552.0,31820160.0,6356.4267578125,45113.7578125,18.29808572583404,4950.136962890625
observed,9,2069.0,0.2714676622098998,19960613.5,19801872.0,32292926.0,6018.9173583984375,45338.765625,17.341106843847882,4556.376037597656
observed,9,2070.0,0.273817664192664,20210371.5,19970738.0,32766874.0,5906.4144287109375,45170.0078125,17.028910010114917,4725.1307373046875
